NodeLabel,X_mm,Y_mm,Z_mm,U1_mm,U2_mm,U3_mm
1,-12.0,0.0,8.0,-0.02987281,0.050738223,2.1688313e-05
2,-12.0,0.5714286,8.0,-0.025780879,0.05402789,-0.00019324469
3,-12.0,1.1428572,8.0,-0.011089275,0.051226307,-0.0002998461
4,-12.0,1.7142857,8.0,-0.006901755,0.053359315,-0.00021453957
5,-12.0,2.2857144,8.0,0.007967156,0.052025836,-0.00039900854
6,-12.0,2.857143,8.0,0.012372706,0.05277423,-0.00030146324
7,-12.0,3.4285715,8.0,0.027522944,0.052713506,-0.0003758795
8,-12.0,4.0,8.0,0.031977072,0.052122775,-0.0005608963
9,-12.0,0.0,7.3846154,-0.0296757,0.05052553,-0.00022312337
10,-12.0,0.5714286,7.3846154,-0.025673078,0.05408368,-0.00015566619
11,-12.0,1.1428572,7.3846154,-0.010704377,0.051092423,-0.00017474261
12,-12.0,1.7142857,7.3846154,-0.0068489173,0.0533412,-0.00026672744
13,-12.0,2.2857144,7.3846154,0.008319105,0.051951732,-0.0002412934
14,-12.0,2.857143,7.3846154,0.01243543,0.052719086,-0.00031714884
15,-12.0,3.4285715,7.3846154,0.02774755,0.052655008,-0.0002967582
16,-12.0,4.0,7.3846154,0.032090988,0.05210083,-0.0002100368
17,-12.0,0.0,6.769231,-0.029258749,0.050457496,-4.4817567e-05
18,-12.0,0.5714286,6.769231,-0.025606442,0.05406782,-0.00012415498
19,-12.0,1.1428572,6.769231,-0.010465843,0.051011063,-0.00015327132
20,-12.0,1.7142857,6.769231,-0.006757226,0.05329462,-0.00016632435
21,-12.0,2.2857144,6.769231,0.008551541,0.051879432,-0.0002207419
22,-12.0,2.857143,6.769231,0.012465376,0.052611403,-0.00022768942
23,-12.0,3.4285715,6.769231,0.02800785,0.052615374,-0.00031583544
24,-12.0,4.0,6.769231,0.032034926,0.05195037,-0.00047579312
25,-12.0,0.0,6.1538463,-0.029265014,0.05046236,-7.3589865e-05
26,-12.0,0.5714286,6.1538463,-0.025511015,0.053971257,-8.215668e-05
27,-12.0,1.1428572,6.1538463,-0.010349755,0.051018853,-0.00011017616
28,-12.0,1.7142857,6.1538463,-0.0066986214,0.05320139,-0.00013799462
29,-12.0,2.2857144,6.1538463,0.008653295,0.05184951,-0.00016182456
30,-12.0,2.857143,6.1538463,0.012545424,0.052527,-0.00021440389
31,-12.0,3.4285715,6.1538463,0.028070334,0.052558687,-0.0001978349
32,-12.0,4.0,6.1538463,0.03217349,0.05188666,-0.00016863391
33,-12.0,0.0,5.5384617,-0.029160809,0.05043682,-8.425167e-05
34,-12.0,0.5714286,5.5384617,-0.025461715,0.053989217,-9.2658454e-05
35,-12.0,1.1428572,5.5384617,-0.010338501,0.05095466,-9.816955e-05
36,-12.0,1.7142857,5.5384617,-0.0066290535,0.05318926,-0.00013346487
37,-12.0,2.2857144,5.5384617,0.008674017,0.051790673,-0.00015230416
38,-12.0,2.857143,5.5384617,0.012601236,0.05249155,-0.00016830479
39,-12.0,3.4285715,5.5384617,0.02811086,0.05249333,-0.00024132447
40,-12.0,4.0,5.5384617,0.03216852,0.051827587,-0.0003424916
41,-12.0,0.0,4.923077,-0.029191714,0.0504275,-9.415045e-05
42,-12.0,0.5714286,4.923077,-0.025428291,0.053961437,-0.000115619405
43,-12.0,1.1428572,4.923077,-0.010311759,0.05094587,-0.00013852921
44,-12.0,1.7142857,4.923077,-0.006610008,0.053166542,-0.00013740758
45,-12.0,2.2857144,4.923077,0.008695412,0.051759362,-0.00015825142
46,-12.0,2.857143,4.923077,0.012626001,0.05246718,-0.0001820208
47,-12.0,3.4285715,4.923077,0.028110607,0.052448362,-0.00014763625
48,-12.0,4.0,4.923077,0.03221185,0.051798217,-0.000114662354
49,-12.0,0.0,4.3076925,-0.029164296,0.050426982,-0.00018102166
50,-12.0,0.5714286,4.3076925,-0.025412662,0.053963795,-0.00016581953
51,-12.0,1.1428572,4.3076925,-0.010315929,0.050932508,-0.00015465768
52,-12.0,1.7142857,4.3076925,-0.006590973,0.053157806,-0.0001765366
53,-12.0,2.2857144,4.3076925,0.008690802,0.051745843,-0.00017236658
54,-12.0,2.857143,4.3076925,0.012638284,0.052452117,-0.00017177257
55,-12.0,3.4285715,4.3076925,0.02810772,0.05242843,-0.00022375309
56,-12.0,4.0,4.3076925,0.032199662,0.05177585,-0.00028289572
57,-12.0,0.0,3.6923077,-0.029170621,0.05042696,-0.00018815899
58,-12.0,0.5714286,3.6923077,-0.02541894,0.053963754,-0.00020367646
59,-12.0,1.1428572,3.6923077,-0.010322165,0.05093249,-0.00021501191
60,-12.0,1.7142857,3.6923077,-0.00659721,0.053157765,-0.00019342906
61,-12.0,2.2857144,3.6923077,0.008684559,0.051745817,-0.000197763
62,-12.0,2.857143,3.6923077,0.01263204,0.052452084,-0.00019865687
63,-12.0,3.4285715,3.6923077,0.02810148,0.0524284,-0.00014684835
64,-12.0,4.0,3.6923077,0.032193437,0.05177582,-8.8027155e-05
65,-12.0,0.0,3.0769231,-0.029210297,0.050427426,-0.00027511484
66,-12.0,0.5714286,3.0769231,-0.025446977,0.05396132,-0.00025384486
67,-12.0,1.1428572,3.0769231,-0.010330449,0.050945777,-0.00023118533
68,-12.0,1.7142857,3.0769231,-0.00662875,0.053166438,-0.00023251025
69,-12.0,2.2857144,3.0769231,0.008676712,0.05175926,-0.00021192907
70,-12.0,2.857143,3.0769231,0.012607245,0.052467074,-0.00018836191
71,-12.0,3.4285715,3.0769231,0.028091874,0.05244825,-0.00022301327
72,-12.0,4.0,3.0769231,0.03219305,0.05179812,-0.00025620783
73,-12.0,0.0,2.4615386,-0.029192021,0.0504367,-0.00028497019
74,-12.0,0.5714286,2.4615386,-0.02549298,0.053989016,-0.00027673334
75,-12.0,1.1428572,2.4615386,-0.010369637,0.050954532,-0.0002715904
76,-12.0,1.7142857,2.4615386,-0.0066602947,0.05318906,-0.00023641693
77,-12.0,2.2857144,2.4615386,0.008642857,0.05179053,-0.00021791492
78,-12.0,2.857143,2.4615386,0.012569969,0.052491356,-0.00020204329
79,-12.0,3.4285715,2.4615386,0.028079677,0.05249317,-0.00012937002
80,-12.0,4.0,2.4615386,0.03213725,0.051827405,-2.8359998e-05
81,-12.0,0.0,1.8461539,-0.029308442,0.050462183,-0.00029575935
82,-12.0,0.5714286,1.8461539,-0.025554737,0.053970978,-0.0002872742
83,-12.0,1.1428572,1.8461539,-0.010393298,0.051018666,-0.00025957962
84,-12.0,1.7142857,1.8461539,-0.006742407,0.053201113,-0.0002318849
85,-12.0,2.2857144,1.8461539,0.008609726,0.051849313,-0.00020840461
86,-12.0,2.857143,1.8461539,0.012501603,0.052526712,-0.0001559434
87,-12.0,3.4285715,1.8461539,0.028026711,0.05255848,-0.00017286536
88,-12.0,4.0,1.8461539,0.032129597,0.05188637,-0.00020219249
89,-12.0,0.0,1.2307693,-0.029314581,0.050456885,-0.0003243664
90,-12.0,0.5714286,1.2307693,-0.025662964,0.05406781,-0.00024520856
91,-12.0,1.1428572,1.2307693,-0.010521598,0.051010545,-0.00021651069
92,-12.0,1.7142857,1.2307693,-0.0068137366,0.05329448,-0.00020353997
93,-12.0,2.2857144,1.2307693,0.008495749,0.051879026,-0.00014950144
94,-12.0,2.857143,1.2307693,0.012408822,0.052611142,-0.00014264949
95,-12.0,3.4285715,1.2307693,0.027952014,0.052615058,-5.4883407e-05
96,-12.0,4.0,1.2307693,0.03197835,0.051950023,0.00010493831
97,-12.0,0.0,0.61538464,-0.029743738,0.050524615,-0.00014625049
98,-12.0,0.5714286,0.61538464,-0.025742076,0.0540838,-0.00021377465
99,-12.0,1.1428572,0.61538464,-0.010772513,0.051091675,-0.00019500259
100,-12.0,1.7142857,0.61538464,-0.0069179866,0.053341128,-0.00010316204
101,-12.0,2.2857144,0.61538464,0.008250922,0.051951155,-0.00012892777
102,-12.0,2.857143,0.61538464,0.012366322,0.052718844,-5.3210973e-05
103,-12.0,3.4285715,0.61538464,0.02767929,0.05265457,-7.3943644e-05
104,-12.0,4.0,0.61538464,0.032021802,0.05210046,-0.0001607867
105,-12.0,0.0,0.0,-0.02995358,0.050737377,-0.0003908251
106,-12.0,0.5714286,0.0,-0.025862334,0.05402786,-0.00017613046
107,-12.0,1.1428572,0.0,-0.011169972,0.051225573,-6.989535e-05
108,-12.0,1.7142857,0.0,-0.0069832033,0.053359147,-0.00015535376
109,-12.0,2.2857144,0.0,0.007886415,0.052025225,2.8794857e-05
110,-12.0,2.857143,0.0,0.0122911995,0.052773934,-6.889605e-05
111,-12.0,3.4285715,0.0,0.027442154,0.05271301,5.178609e-06
112,-12.0,4.0,0.0,0.031895537,0.052122362,0.00019001793
113,-11.4,0.0,8.0,-0.03505329,0.044425502,-9.614889e-05
114,-11.4,0.5714286,8.0,-0.020851066,0.041007552,3.855982e-05
115,-11.4,1.1428572,8.0,-0.016189992,0.043752205,4.792371e-05
116,-11.4,1.7142857,8.0,-0.0019660734,0.041596707,-0.00014237179
117,-11.4,2.2857144,8.0,0.002824326,0.04294468,-4.1299998e-05
118,-11.4,2.857143,8.0,0.017326448,0.042240426,-0.00019465703
119,-11.4,3.4285715,8.0,0.022367818,0.042230606,-0.0001867491
120,-11.4,4.0,8.0,0.03700424,0.04268689,-5.87425e-05
121,-11.4,0.0,7.3846154,-0.034866694,0.044563852,0.0001669853
122,-11.4,0.5714286,7.3846154,-0.020523263,0.040837824,2.6503572e-05
123,-11.4,1.1428572,7.3846154,-0.016080948,0.043776896,-2.502231e-05
124,-11.4,1.7142857,7.3846154,-0.0016267254,0.041496173,-1.5726893e-05
125,-11.4,2.2857144,7.3846154,0.0029241564,0.04289951,-0.0001153974
126,-11.4,2.857143,7.3846154,0.017607052,0.042180143,-0.00011572296
127,-11.4,3.4285715,7.3846154,0.022428019,0.04216042,-0.00021542201
128,-11.4,4.0,7.3846154,0.037204817,0.042604543,-0.00041383767
129,-11.4,0.0,6.769231,-0.034829456,0.044518966,1.9086116e-05
130,-11.4,0.5714286,6.769231,-0.020249512,0.040765252,3.143538e-05
131,-11.4,1.1428572,6.769231,-0.015989223,0.043754045,5.0414583e-06
132,-11.4,1.7142857,6.769231,-0.0013817247,0.041421864,-4.759201e-05
133,-11.4,2.2857144,6.769231,0.0029817678,0.042828076,-6.87017e-05
134,-11.4,2.857143,6.769231,0.017842758,0.04212894,-0.0001415921
135,-11.4,3.4285715,6.769231,0.022444539,0.04204376,-0.0001399139
136,-11.4,4.0,6.769231,0.037470873,0.042597342,-9.778022e-05
137,-11.4,0.0,6.1538463,-0.0346957,0.04446982,3.1126896e-05
138,-11.4,0.5714286,6.1538463,-0.020158421,0.040784344,7.021621e-06
139,-11.4,1.1428572,6.1538463,-0.015924284,0.043659113,-1.7335053e-05
140,-11.4,1.7142857,6.1538463,-0.0012871084,0.041412644,-4.802921e-05
141,-11.4,2.2857144,6.1538463,0.0030553034,0.042742483,-9.149613e-05
142,-11.4,2.857143,6.1538463,0.017924277,0.04208799,-0.00010888979
143,-11.4,3.4285715,6.1538463,0.02253222,0.04196237,-0.0002059683
144,-11.4,4.0,6.1538463,0.03751807,0.042530093,-0.00032884322
145,-11.4,0.0,5.5384617,-0.034685623,0.044462487,-5.3955564e-06
146,-11.4,0.5714286,5.5384617,-0.020131206,0.040724717,-2.8886383e-05
147,-11.4,1.1428572,5.5384617,-0.01586438,0.043663073,-5.991743e-05
148,-11.4,1.7142857,5.5384617,-0.0012657993,0.041354667,-7.140469e-05
149,-11.4,2.2857144,5.5384617,0.0031106414,0.04272031,-0.00010235484
150,-11.4,2.857143,5.5384617,0.01795742,0.04202997,-0.0001437047
151,-11.4,3.4285715,5.5384617,0.022571942,0.041929156,-0.00012337028
152,-11.4,4.0,5.5384617,0.037561655,0.042475596,-9.907595e-05
153,-11.4,0.0,4.923077,-0.034626726,0.04446345,-0.00010560355
154,-11.4,0.5714286,4.923077,-0.020114513,0.040727545,-9.005757e-05
155,-11.4,1.1428572,4.923077,-0.015842298,0.043638997,-9.200737e-05
156,-11.4,1.7142857,4.923077,-0.0012472864,0.041334335,-0.000120463774
157,-11.4,2.2857144,4.923077,0.0031364877,0.042701278,-0.00013373002
158,-11.4,2.857143,4.923077,0.017967336,0.0419972,-0.00014015539
159,-11.4,3.4285715,4.923077,0.022598132,0.041905846,-0.00021220038
160,-11.4,4.0,4.923077,0.03754241,0.04243222,-0.00028331293
161,-11.4,0.0,4.3076925,-0.034623988,0.044456888,-0.00012675344
162,-11.4,0.5714286,4.3076925,-0.020112092,0.040715884,-0.00015284751
163,-11.4,1.1428572,4.3076925,-0.015825009,0.04363674,-0.00016928303
164,-11.4,1.7142857,4.3076925,-0.0012495642,0.041323766,-0.00015898613
165,-11.4,2.2857144,4.3076925,0.003149083,0.04269129,-0.0001716515
166,-11.4,2.857143,4.3076925,0.017965317,0.04198377,-0.00018671938
167,-11.4,3.4285715,4.3076925,0.022601929,0.04189398,-0.00014196742
168,-11.4,4.0,4.3076925,0.037539694,0.04241569,-0.0001026469
169,-11.4,0.0,3.6923077,-0.034630146,0.044456847,-0.000254679
170,-11.4,0.5714286,3.6923077,-0.02011829,0.040715862,-0.00022874077
171,-11.4,1.1428572,3.6923077,-0.015831249,0.043636695,-0.00021261962
172,-11.4,1.7142857,3.6923077,-0.0012558036,0.041323747,-0.00022306893
173,-11.4,2.2857144,3.6923077,0.003142841,0.042691253,-0.00021072029
174,-11.4,2.857143,3.6923077,0.017959073,0.04198374,-0.00019580564
175,-11.4,3.4285715,3.6923077,0.02259567,0.04189395,-0.00024088388
176,-11.4,4.0,3.6923077,0.03753342,0.04241565,-0.00028037277
177,-11.4,0.0,3.0769231,-0.03464553,0.044463333,-0.00027573836
178,-11.4,0.5714286,3.0769231,-0.020133227,0.040727474,-0.00029156226
179,-11.4,1.1428572,3.0769231,-0.015861036,0.0436389,-0.00028984903
180,-11.4,1.7142857,3.0769231,-0.0012659756,0.04133425,-0.00026164204
181,-11.4,2.2857144,3.0769231,0.0031177346,0.04270118,-0.00024859153
182,-11.4,2.857143,3.0769231,0.017948627,0.04199711,-0.00024242059
183,-11.4,3.4285715,3.0769231,0.022579372,0.041905757,-0.00017060453
184,-11.4,4.0,3.0769231,0.037523706,0.042432114,-9.976525e-05
185,-11.4,0.0,2.4615386,-0.03471677,0.044462293,-0.000375985
186,-11.4,0.5714286,2.4615386,-0.020162296,0.0407246,-0.0003528043
187,-11.4,1.1428572,2.4615386,-0.015895622,0.043662887,-0.00032189264
188,-11.4,1.7142857,2.4615386,-0.0012969421,0.041354544,-0.0003107408
189,-11.4,2.2857144,2.4615386,0.0030793813,0.042720128,-0.0002799311
190,-11.4,2.857143,2.4615386,0.01792625,0.042029835,-0.00023891195
191,-11.4,3.4285715,2.4615386,0.02254064,0.04192898,-0.00025939426
192,-11.4,4.0,2.4615386,0.03753043,0.04247544,-0.00028402806
193,-11.4,0.0,1.8461539,-0.03473953,0.04446955,-0.0004123723
194,-11.4,0.5714286,1.8461539,-0.020201987,0.04078418,-0.00038866943
195,-11.4,1.1428572,1.8461539,-0.015968058,0.043658853,-0.00036448034
196,-11.4,1.7142857,1.8461539,-0.0013306619,0.04141247,-0.00033412082
197,-11.4,2.2857144,1.8461539,0.0030115002,0.042742223,-0.00029078496
198,-11.4,2.857143,1.8461539,0.017880686,0.042087812,-0.00027373325
199,-11.4,3.4285715,1.8461539,0.022488387,0.041962106,-0.0001767975
200,-11.4,4.0,1.8461539,0.037474457,0.04252991,-5.4292293e-05
201,-11.4,0.0,1.2307693,-0.034885813,0.044519007,-0.00040049778
202,-11.4,0.5714286,1.2307693,-0.020305274,0.040764686,-0.0004131473
203,-11.4,1.1428572,1.2307693,-0.016045677,0.043753985,-0.00038682803
204,-11.4,1.7142857,1.2307693,-0.0014375442,0.04142142,-0.00033457534
205,-11.4,2.2857144,1.2307693,0.0029252789,0.04282789,-0.0003135676
206,-11.4,2.857143,1.2307693,0.017786898,0.042128604,-0.00024104383
207,-11.4,3.4285715,1.2307693,0.022387989,0.042043474,-0.0002428395
208,-11.4,4.0,1.2307693,0.03741494,0.04259709,-0.000285327
209,-11.4,0.0,0.61538464,-0.03493573,0.044564076,-0.00054819486
210,-11.4,0.5714286,0.61538464,-0.020591501,0.040836997,-0.0004081317
211,-11.4,1.1428572,0.61538464,-0.016149927,0.043776944,-0.0003567983
212,-11.4,1.7142857,0.61538464,-0.0016949547,0.041495536,-0.00036641076
213,-11.4,2.2857144,0.61538464,0.0028551326,0.04289937,-0.00026689286
214,-11.4,2.857143,0.61538464,0.017538771,0.04217967,-0.00026689167
215,-11.4,3.4285715,0.61538464,0.022358948,0.04216014,-0.00016734889
216,-11.4,4.0,0.61538464,0.037136506,0.042604193,3.0700896e-05
217,-11.4,0.0,0.0,-0.035134573,0.044425532,-0.00028529653
218,-11.4,0.5714286,0.0,-0.020931782,0.04100677,-0.00042024316
219,-11.4,1.1428572,0.0,-0.016271368,0.043752123,-0.00042973956
220,-11.4,1.7142857,0.0,-0.0020468517,0.04159606,-0.00023975648
221,-11.4,2.2857144,0.0,0.002742903,0.042944472,-0.00034098976
222,-11.4,2.857143,0.0,0.017245619,0.0422399,-0.00018795497
223,-11.4,3.4285715,0.0,0.022286328,0.04223028,-0.00019601874
224,-11.4,4.0,0.0,0.03692333,0.042686477,-0.00032433373
225,-10.8,0.0,8.0,-0.030558592,0.030856322,0.0004362384
226,-10.8,0.5714286,8.0,-0.025495328,0.03419163,0.00025630204
227,-10.8,1.1428572,8.0,-0.011741697,0.031244297,0.00016134046
228,-10.8,1.7142857,8.0,-0.006642638,0.03332987,0.000265216
229,-10.8,2.2857144,8.0,0.0073212613,0.03186032,5.7762776e-05
230,-10.8,2.857143,8.0,0.012593839,0.032428835,7.8878176e-05
231,-10.8,3.4285715,8.0,0.026904523,0.032382544,-6.5542125e-05
232,-10.8,4.0,8.0,0.032312028,0.031744055,-0.00037299984
233,-10.8,0.0,7.3846154,-0.030248221,0.030626303,0.00017584022
234,-10.8,0.5714286,7.3846154,-0.025343124,0.034290064,0.0002515883
235,-10.8,1.1428572,7.3846154,-0.011377484,0.031111421,0.00024015315
236,-10.8,1.7142857,7.3846154,-0.0064959787,0.03330108,0.00014364671
237,-10.8,2.2857144,7.3846154,0.007633224,0.031763468,0.00013087118
238,-10.8,2.857143,7.3846154,0.012699309,0.032332253,1.290135e-05
239,-10.8,3.4285715,7.3846154,0.027141321,0.03228231,-2.3504868e-05
240,-10.8,4.0,7.3846154,0.0323809,0.03164293,3.0241355e-05
241,-10.8,0.0,6.769231,-0.029936846,0.030620128,0.00028167345
242,-10.8,0.5714286,6.769231,-0.025246184,0.034274947,0.0002219939
243,-10.8,1.1428572,6.769231,-0.0111298915,0.031022057,0.00018349293
244,-10.8,1.7142857,6.769231,-0.006429942,0.03325099,0.0001498078
245,-10.8,2.2857144,6.769231,0.007875047,0.031696618,7.2455885e-05
246,-10.8,2.857143,6.769231,0.012736563,0.03222708,3.163397e-05
247,-10.8,3.4285715,6.769231,0.027365725,0.032243524,-8.9093264e-05
248,-10.8,4.0,6.769231,0.03240754,0.03148761,-0.0002611961
249,-10.8,0.0,6.1538463,-0.02988623,0.030603543,0.00018978467
250,-10.8,0.5714286,6.1538463,-0.025187045,0.03417789,0.00015980756
251,-10.8,1.1428572,6.1538463,-0.011048268,0.03103673,0.00012702258
252,-10.8,1.7142857,6.1538463,-0.0063631684,0.033161856,8.746353e-05
253,-10.8,2.2857144,6.1538463,0.007949148,0.031673696,4.384326e-05
254,-10.8,2.857143,6.1538463,0.012813812,0.032150395,-3.1738226e-05
255,-10.8,3.4285715,6.1538463,0.027440172,0.032198336,-2.9748935e-05
256,-10.8,4.0,6.1538463,0.032488644,0.031425707,-3.7845298e-06
257,-10.8,0.0,5.5384617,-0.02984083,0.030583097,6.5120556e-05
258,-10.8,0.5714286,5.5384617,-0.025134329,0.03419944,6.89485e-05
259,-10.8,1.1428572,5.5384617,-0.0110259475,0.0309749,5.6260702e-05
260,-10.8,1.7142857,5.5384617,-0.0063144825,0.033157345,1.0303775e-05
261,-10.8,2.2857144,5.5384617,0.007983359,0.031624228,-2.2352502e-05
262,-10.8,2.857143,5.5384617,0.01286235,0.032132432,-4.888537e-05
263,-10.8,3.4285715,5.5384617,0.027471133,0.0321488,-0.0001379366
264,-10.8,4.0,5.5384617,0.03251451,0.03139173,-0.00022997257
265,-10.8,0.0,4.923077,-0.0298344,0.030569553,4.03811e-06
266,-10.8,0.5714286,4.923077,-0.025105951,0.034173254,-2.9404322e-05
267,-10.8,1.1428572,4.923077,-0.011010064,0.030972114,-5.4620516e-05
268,-10.8,1.7142857,4.923077,-0.0062857447,0.03314208,-6.065089e-05
269,-10.8,2.2857144,4.923077,0.0079921875,0.03160437,-8.7681714e-05
270,-10.8,2.857143,4.923077,0.01289015,0.03212103,-0.0001227645
271,-10.8,3.4285715,4.923077,0.027471825,0.032123134,-9.118469e-05
272,-10.8,4.0,4.923077,0.032532576,0.031381384,-5.6915742e-05
273,-10.8,0.0,4.3076925,-0.029824145,0.030574061,-0.00016815639
274,-10.8,0.5714286,4.3076925,-0.025090642,0.03417939,-0.00014246759
275,-10.8,1.1428572,4.3076925,-0.011009778,0.030962814,-0.00013578222
276,-10.8,1.7142857,4.3076925,-0.0062748035,0.033138942,-0.00015878418
277,-10.8,2.2857144,4.3076925,0.007992898,0.031597164,-0.0001596221
278,-10.8,2.857143,4.3076925,0.012897973,0.032115646,-0.00015846237
279,-10.8,3.4285715,4.3076925,0.02746781,0.032112915,-0.00021687761
280,-10.8,4.0,4.3076925,0.032528214,0.03137241,-0.00027008704
281,-10.8,0.0,3.6923077,-0.02983044,0.030574037,-0.00022533131
282,-10.8,0.5714286,3.6923077,-0.02509691,0.034179356,-0.0002513695
283,-10.8,1.1428572,3.6923077,-0.011016012,0.030962802,-0.0002581931
284,-10.8,1.7142857,3.6923077,-0.006281045,0.033138905,-0.00023552973
285,-10.8,2.2857144,3.6923077,0.007986658,0.03159714,-0.0002348209
286,-10.8,2.857143,3.6923077,0.012891725,0.032115616,-0.00023632239
287,-10.8,3.4285715,3.6923077,0.027461573,0.032112885,-0.00017804564
288,-10.8,4.0,3.6923077,0.032521978,0.031372387,-0.00012519103
289,-10.8,0.0,3.0769231,-0.029853003,0.030569501,-0.0003976163
290,-10.8,0.5714286,3.0769231,-0.025124663,0.034173153,-0.00036439474
291,-10.8,1.1428572,3.0769231,-0.011028745,0.030972041,-0.00033940465
292,-10.8,1.7142857,3.0769231,-0.006304497,0.033141993,-0.00033360938
293,-10.8,2.2857144,3.0769231,0.007973495,0.03160429,-0.00030681698
294,-10.8,2.857143,3.0769231,0.012871384,0.032120943,-0.00027196735
295,-10.8,3.4285715,3.0769231,0.027453104,0.03212304,-0.00030379093
296,-10.8,4.0,3.0769231,0.032513767,0.031381305,-0.00033830336
297,-10.8,0.0,2.4615386,-0.029872,0.030582994,-0.0004586526
298,-10.8,0.5714286,2.4615386,-0.0251656,0.034199268,-0.0004626688
299,-10.8,1.1428572,2.4615386,-0.01105707,0.030974796,-0.00045033626
300,-10.8,1.7142857,2.4615386,-0.006345743,0.033157174,-0.00040452104
301,-10.8,2.2857144,2.4615386,0.007952213,0.031624112,-0.0003721894
302,-10.8,2.857143,2.4615386,0.012831063,0.032132268,-0.00034580426
303,-10.8,3.4285715,2.4615386,0.027439965,0.032148674,-0.00025708703
304,-10.8,4.0,2.4615386,0.03248321,0.031391583,-0.00016522223
305,-10.8,0.0,1.8461539,-0.029929686,0.030603403,-0.0005834444
306,-10.8,0.5714286,1.8461539,-0.025230786,0.034177627,-0.00055356853
307,-10.8,1.1428572,1.8461539,-0.011091812,0.031036578,-0.00052108814
308,-10.8,1.7142857,1.8461539,-0.006406959,0.033161607,-0.0004816813
309,-10.8,2.2857144,1.8461539,0.007905576,0.03167354,-0.00043838887
310,-10.8,2.857143,1.8461539,0.012769988,0.032150146,-0.00036295134
311,-10.8,3.4285715,1.8461539,0.027396547,0.032198172,-0.000365274
312,-10.8,4.0,1.8461539,0.032444756,0.031425457,-0.00039138348
313,-10.8,0.0,1.2307693,-0.029992737,0.030619526,-0.0006751547
314,-10.8,0.5714286,1.2307693,-0.025302624,0.034274977,-0.0006156804
315,-10.8,1.1428572,1.2307693,-0.011185728,0.031021561,-0.0005775893
316,-10.8,1.7142857,1.2307693,-0.0064863837,0.033250883,-0.0005440049
317,-10.8,2.2857144,1.2307693,0.007819175,0.031696256,-0.00046701575
318,-10.8,2.857143,1.2307693,0.012680077,0.032226853,-0.00042631
319,-10.8,3.4285715,1.2307693,0.02730981,0.03224326,-0.00030594494
320,-10.8,4.0,1.2307693,0.03235103,0.03148731,-0.00013399856
321,-10.8,0.0,0.61538464,-0.03031642,0.030625384,-0.0005695261
322,-10.8,0.5714286,0.61538464,-0.025412017,0.03429023,-0.00064535264
323,-10.8,1.1428572,0.61538464,-0.011445748,0.031110683,-0.0006342047
324,-10.8,1.7142857,0.61538464,-0.0065649324,0.033301048,-0.000537871
325,-10.8,2.2857144,0.61538464,0.0075649163,0.031762935,-0.00052540423
326,-10.8,2.857143,0.61538464,0.012630307,0.032332055,-0.00040759626
327,-10.8,3.4285715,0.61538464,0.02707295,0.032281924,-0.00037151307
328,-10.8,4.0,0.61538464,0.032311823,0.03164261,-0.00042539785
329,-10.8,0.0,0.0,-0.030639464,0.030855488,-0.0008296627
330,-10.8,0.5714286,0.0,-0.025576668,0.034191623,-0.0006500085
331,-10.8,1.1428572,0.0,-0.0118225105,0.031243589,-0.0005553833
332,-10.8,1.7142857,0.0,-0.006723986,0.03332973,-0.00065943494
333,-10.8,2.2857144,0.0,0.007240399,0.031859756,-0.00045229087
334,-10.8,2.857143,0.0,0.012512441,0.032428585,-0.00047356528
335,-10.8,3.4285715,0.0,0.026823614,0.032382097,-0.00032947588
336,-10.8,4.0,0.0,0.032230597,0.031743687,-2.221126e-05
337,-10.2,0.0,8.0,-0.034820188,0.024621328,0.00038210105
338,-10.2,0.5714286,8.0,-0.021438515,0.02097471,0.00056215294
339,-10.2,1.1428572,8.0,-0.016100442,0.023926789,0.00064073503
340,-10.2,1.7142857,8.0,-0.002453084,0.021507626,0.00041726822
341,-10.2,2.2857144,8.0,0.002911717,0.022731137,0.00045779534
342,-10.2,2.857143,8.0,0.016732952,0.0220502,0.00025057528
343,-10.2,3.4285715,8.0,0.022534238,0.02183257,0.00012462295
344,-10.2,4.0,8.0,0.03659412,0.022350144,0.0001949295
345,-10.2,0.0,7.3846154,-0.034561247,0.024895323,0.00064581033
346,-10.2,0.5714286,7.3846154,-0.02100251,0.020797987,0.0005530324
347,-10.2,1.1428572,7.3846154,-0.015885292,0.023943229,0.0004936308
348,-10.2,1.7142857,7.3846154,-0.0020759988,0.021377452,0.00047281935
349,-10.2,2.2857144,7.3846154,0.0030871262,0.022627335,0.00033925162
350,-10.2,2.857143,7.3846154,0.01702733,0.021910945,0.00025482787
351,-10.2,3.4285715,7.3846154,0.022618422,0.021677379,8.372731e-05
352,-10.2,4.0,7.3846154,0.036825333,0.022193573,-0.00018809734
353,-10.2,0.0,6.769231,-0.034492362,0.024817023,0.000503942
354,-10.2,0.5714286,6.769231,-0.02077397,0.02070611,0.0004811928
355,-10.2,1.1428572,6.769231,-0.015818605,0.023919057,0.0004450006
356,-10.2,1.7142857,6.769231,-0.0018448258,0.021284,0.0003726275
357,-10.2,2.2857144,6.769231,0.0031158477,0.022526685,0.00029319146
358,-10.2,2.857143,6.769231,0.017249817,0.021854464,0.00016746862
359,-10.2,3.4285715,6.769231,0.022646273,0.021531874,0.000119097516
360,-10.2,4.0,6.769231,0.037053436,0.022162346,0.00014571984
361,-10.2,0.0,6.1538463,-0.034449615,0.024782384,0.00037301486
362,-10.2,0.5714286,6.1538463,-0.020705225,0.020741133,0.00036881355
363,-10.2,1.1428572,6.1538463,-0.015777456,0.023808906,0.00032862124
364,-10.2,1.7142857,6.1538463,-0.0017929458,0.021279572,0.0002607288
365,-10.2,2.2857144,6.1538463,0.003188037,0.022455545,0.0001830051
366,-10.2,2.857143,6.1538463,0.017319828,0.021829357,0.00012716182
367,-10.2,3.4285715,6.1538463,0.02271979,0.02147311,2.6563148e-06
368,-10.2,4.0,6.1538463,0.03711379,0.02210876,-0.00012009556
369,-10.2,0.0,5.5384617,-0.034403533,0.024773516,0.00025904176
370,-10.2,0.5714286,5.5384617,-0.02069411,0.020669704,0.00021696757
371,-10.2,1.1428572,5.5384617,-0.015730608,0.02382986,0.00016935605
372,-10.2,1.7142857,5.5384617,-0.0017576531,0.021235727,0.00014045686
373,-10.2,2.2857144,5.5384617,0.0032301887,0.022457764,8.285339e-05
374,-10.2,2.857143,5.5384617,0.017355055,0.021796938,1.7704448e-05
375,-10.2,3.4285715,5.5384617,0.022758985,0.021467702,2.6471776e-05
376,-10.2,4.0,5.5384617,0.037128825,0.022079583,6.642428e-05
377,-10.2,0.0,4.923077,-0.034365397,0.024781356,2.4193809e-05
378,-10.2,0.5714286,4.923077,-0.020669566,0.020690735,4.8871396e-05
379,-10.2,1.1428572,4.923077,-0.015699776,0.023813792,3.7874066e-05
380,-10.2,1.7142857,4.923077,-0.0017544746,0.021234505,-4.0350187e-06
381,-10.2,2.2857144,4.923077,0.0032626283,0.022459526,-3.1130385e-05
382,-10.2,2.857143,4.923077,0.017358705,0.021788705,-4.9261445e-05
383,-10.2,3.4285715,4.923077,0.02278152,0.02147096,-0.00012676946
384,-10.2,4.0,4.923077,0.037114855,0.02206007,-0.000191493
385,-10.2,0.0,4.3076925,-0.03435107,0.024777327,-8.4254585e-05
386,-10.2,0.5714286,4.3076925,-0.020670632,0.020681348,-0.00011717168
387,-10.2,1.1428572,4.3076925,-0.015689047,0.02382144,-0.00013520745
388,-10.2,1.7142857,4.3076925,-0.0017503628,0.021233032,-0.00012918611
389,-10.2,2.2857144,4.3076925,0.003269718,0.02246263,-0.00014580408
390,-10.2,2.857143,4.3076925,0.017358711,0.021788413,-0.00016531281
391,-10.2,3.4285715,4.3076925,0.022783868,0.021473825,-0.00012158349
392,-10.2,4.0,4.3076925,0.037103504,0.022058355,-7.3835065e-05
393,-10.2,0.0,3.6923077,-0.03435725,0.024777308,-0.00032154954
394,-10.2,0.5714286,3.6923077,-0.020676836,0.020681331,-0.00028872566
395,-10.2,1.1428572,3.6923077,-0.01569529,0.023821402,-0.000271052
396,-10.2,1.7142857,3.6923077,-0.0017565987,0.02123302,-0.00027717574
397,-10.2,2.2857144,3.6923077,0.0032634719,0.0224626,-0.00026092303
398,-10.2,2.857143,3.6923077,0.01735247,0.02178839,-0.00024151271
399,-10.2,3.4285715,3.6923077,0.022777606,0.021473803,-0.00028561623
400,-10.2,4.0,3.6923077,0.037097238,0.022058321,-0.00033347166
401,-10.2,0.0,3.0769231,-0.03438419,0.024781248,-0.000429889
402,-10.2,0.5714286,3.0769231,-0.020688264,0.02069069,-0.00045480882
403,-10.2,1.1428572,3.0769231,-0.015718527,0.023813717,-0.00044407716
404,-10.2,1.7142857,3.0769231,-0.0017731556,0.02123444,-0.000402388
405,-10.2,2.2857144,3.0769231,0.0032438638,0.022459453,-0.00037553706
406,-10.2,2.857143,3.0769231,0.017340008,0.021788632,-0.0003576246
407,-10.2,3.4285715,3.0769231,0.022762746,0.021470893,-0.0002803739
408,-10.2,4.0,3.0769231,0.037096154,0.022059988,-0.00021588342
409,-10.2,0.0,2.4615386,-0.03443472,0.024773367,-0.0006647604
410,-10.2,0.5714286,2.4615386,-0.02072519,0.020669607,-0.0006229853
411,-10.2,1.1428572,2.4615386,-0.015761878,0.023829708,-0.00057549827
412,-10.2,1.7142857,2.4615386,-0.0017887742,0.021235637,-0.00054693484
413,-10.2,2.2857144,2.4615386,0.0031989012,0.022457609,-0.0004894714
414,-10.2,2.857143,2.4615386,0.01732391,0.021796836,-0.00042464485
415,-10.2,3.4285715,2.4615386,0.022727657,0.021467559,-0.00043356116
416,-10.2,4.0,2.4615386,0.03709762,0.022079457,-0.0004738395
417,-10.2,0.0,1.8461539,-0.034493435,0.024782116,-0.00077858474
418,-10.2,0.5714286,1.8461539,-0.020748783,0.020741016,-0.0007747742
419,-10.2,1.1428572,1.8461539,-0.015821239,0.023808667,-0.000734779
420,-10.2,1.7142857,1.8461539,-0.0018365025,0.021279437,-0.0006672004
421,-10.2,2.2857144,1.8461539,0.0031442267,0.022455312,-0.00058962964
422,-10.2,2.857143,1.8461539,0.017276233,0.02182922,-0.0005340984
423,-10.2,3.4285715,1.8461539,0.022675944,0.021472882,-0.00040975478
424,-10.2,4.0,1.8461539,0.037070166,0.022108618,-0.00028734762
425,-10.2,0.0,1.2307693,-0.034548692,0.024817124,-0.0009096806
426,-10.2,0.5714286,1.2307693,-0.0208298,0.020705532,-0.00088722794
427,-10.2,1.1428572,1.2307693,-0.015875015,0.023919035,-0.0008511164
428,-10.2,1.7142857,1.2307693,-0.0019007042,0.021283591,-0.00077912334
429,-10.2,2.2857144,1.2307693,0.003059405,0.022526523,-0.00069979765
430,-10.2,2.857143,1.2307693,0.017193893,0.02185418,-0.00057442253
431,-10.2,3.4285715,1.2307693,0.022589771,0.021531617,-0.000526178
432,-10.2,4.0,1.2307693,0.036997437,0.022162141,-0.0005531377
433,-10.2,0.0,0.61538464,-0.034630194,0.024895614,-0.0010513111
434,-10.2,0.5714286,0.61538464,-0.021070834,0.020797111,-0.0009589729
435,-10.2,1.1428572,0.61538464,-0.015954189,0.023943322,-0.00089978974
436,-10.2,1.7142857,0.61538464,-0.002144328,0.021376824,-0.0008792756
437,-10.2,2.2857144,0.61538464,0.0030181853,0.022627225,-0.0007458794
438,-10.2,2.857143,0.61538464,0.016958948,0.021910511,-0.00066175574
439,-10.2,3.4285715,0.61538464,0.02254944,0.021677135,-0.00049082737
440,-10.2,4.0,0.61538464,0.036756914,0.022193272,-0.0002193555
441,-10.2,0.0,0.0,-0.0349014,0.024621371,-0.0007878888
442,-10.2,0.5714286,0.0,-0.021519348,0.020973906,-0.00096811826
443,-10.2,1.1428572,0.0,-0.016181719,0.023926703,-0.0010468826
444,-10.2,1.7142857,0.0,-0.0025339832,0.021507008,-0.0008237189
445,-10.2,2.2857144,0.0,0.002830394,0.022730945,-0.0008644047
446,-10.2,2.857143,0.0,0.016652003,0.022049716,-0.0006575071
447,-10.2,3.4285715,0.0,0.022452855,0.021832282,-0.0005317115
448,-10.2,4.0,0.0,0.036513094,0.022349779,-0.00060232374
449,-9.6,0.0,8.0,-0.030916844,0.011060515,0.0011836175
450,-9.6,0.5714286,8.0,-0.025561104,0.01483144,0.0011170364
451,-9.6,1.1428572,8.0,-0.012197784,0.011304226,0.0009487129
452,-9.6,1.7142857,8.0,-0.0065456177,0.013383265,0.0010351943
453,-9.6,2.2857144,8.0,0.00687531,0.011674407,0.00076072366
454,-9.6,2.857143,8.0,0.012509848,0.011864247,0.00057422183
455,-9.6,3.4285715,8.0,0.026454307,0.011972629,0.00033834198
456,-9.6,4.0,8.0,0.03265589,0.011051452,-0.00017902076
457,-9.6,0.0,7.3846154,-0.030382942,0.010745807,0.00095897896
458,-9.6,0.5714286,7.3846154,-0.02525107,0.014961619,0.00097244047
459,-9.6,1.1428572,7.3846154,-0.011690951,0.011135569,0.00097190303
460,-9.6,1.7142857,7.3846154,-0.0062713926,0.013267192,0.00083205744
461,-9.6,2.2857144,7.3846154,0.007226622,0.011474486,0.0006774544
462,-9.6,2.857143,7.3846154,0.012670641,0.011669008,0.0004633165
463,-9.6,3.4285715,7.3846154,0.026711036,0.011776096,0.0003171198
464,-9.6,4.0,7.3846154,0.03273652,0.01083489,0.0003161936
465,-9.6,0.0,6.769231,-0.030193795,0.0107697025,0.00089477637
466,-9.6,0.5714286,6.769231,-0.02518746,0.014942022,0.00087126397
467,-9.6,1.1428572,6.769231,-0.011510967,0.010980343,0.0007962552
468,-9.6,1.7142857,6.769231,-0.0063008275,0.0131735895,0.0006640773
469,-9.6,2.2857144,6.769231,0.0074303965,0.011409226,0.00051574095
470,-9.6,2.857143,6.769231,0.012683956,0.011539301,0.00038863934
471,-9.6,3.4285715,6.769231,0.026919989,0.011743511,0.00021153243
472,-9.6,4.0,6.769231,0.03277929,0.010652504,1.537603e-05
473,-9.6,0.0,6.1538463,-0.030174086,0.010728919,0.0007244912
474,-9.6,0.5714286,6.1538463,-0.025213838,0.014794009,0.00063601683
475,-9.6,1.1428572,6.1538463,-0.011491956,0.011009484,0.00055238267
476,-9.6,1.7142857,6.1538463,-0.006236407,0.013106605,0.00047090024
477,-9.6,2.2857144,6.1538463,0.007484508,0.011411661,0.00036475193
478,-9.6,2.857143,6.1538463,0.012757187,0.011500014,0.00024015558
479,-9.6,3.4285715,6.1538463,0.026988769,0.011727076,0.00021317803
480,-9.6,4.0,6.1538463,0.03281807,0.010621094,0.0002561649
481,-9.6,0.0,5.5384617,-0.030160472,0.010719577,0.00036410982
482,-9.6,0.5714286,5.5384617,-0.025137838,0.014856644,0.0003828346
483,-9.6,1.1428572,5.5384617,-0.011451185,0.010964257,0.00034593506
484,-9.6,1.7142857,5.5384617,-0.0062079085,0.013139975,0.0002624552
485,-9.6,2.2857144,5.5384617,0.0075202915,0.011402007,0.00019631679
486,-9.6,2.857143,5.5384617,0.0127986325,0.011527959,0.00014122976
487,-9.6,3.4285715,5.5384617,0.02701139,0.011721586,3.915325e-05
488,-9.6,4.0,5.5384617,0.032843336,0.010626395,-4.4093475e-05
489,-9.6,0.0,4.923077,-0.030121125,0.010717248,0.00018499771
490,-9.6,0.5714286,4.923077,-0.025117211,0.014835157,0.0001402784
491,-9.6,1.1428572,4.923077,-0.011454829,0.010991839,0.00010508604
492,-9.6,1.7142857,4.923077,-0.006169151,0.013152832,7.880959e-05
493,-9.6,2.2857144,4.923077,0.007521268,0.011417109,3.5053043e-05
494,-9.6,2.857143,4.923077,0.012827863,0.0115536135,-1.550061e-05
495,-9.6,3.4285715,4.923077,0.027007876,0.01173096,1.2319053e-05
496,-9.6,4.0,4.923077,0.032842938,0.010651719,6.871816e-05
497,-9.6,0.0,4.3076925,-0.030125398,0.010722033,-0.00012437244
498,-9.6,0.5714286,4.3076925,-0.025096118,0.014852823,-9.591104e-05
499,-9.6,1.1428572,4.3076925,-0.011444339,0.010992994,-9.5536714e-05
500,-9.6,1.7142857,4.3076925,-0.0061640884,0.013167761,-0.00011968184
501,-9.6,2.2857144,4.3076925,0.007524778,0.011427644,-0.00012861201
502,-9.6,2.857143,4.3076925,0.012832768,0.011568945,-0.00013026786
503,-9.6,3.4285715,4.3076925,0.027002383,0.0117407665,-0.00018954997
504,-9.6,4.0,4.3076925,0.032837473,0.010661491,-0.00024546086
505,-9.6,0.0,3.6923077,-0.030131666,0.010721994,-0.00029344394
506,-9.6,0.5714286,3.6923077,-0.02510239,0.014852809,-0.0003223027
507,-9.6,1.1428572,3.6923077,-0.011450565,0.010992991,-0.00032274565
508,-9.6,1.7142857,3.6923077,-0.0061703357,0.0131677305,-0.00029900085
509,-9.6,2.2857144,3.6923077,0.0075185425,0.011427633,-0.00029012465
510,-9.6,2.857143,3.6923077,0.012826516,0.011568925,-0.00028886725
511,-9.6,3.4285715,3.6923077,0.02699615,0.011740744,-0.00022964721
512,-9.6,4.0,3.6923077,0.03283123,0.010661485,-0.00017415057
513,-9.6,0.0,3.0769231,-0.030139739,0.010717248,-0.0006029171
514,-9.6,0.5714286,3.0769231,-0.025135942,0.0148350755,-0.0005584398
515,-9.6,1.1428572,3.0769231,-0.011473503,0.010991799,-0.00052343117
516,-9.6,1.7142857,3.0769231,-0.006187915,0.013152771,-0.0004974274
517,-9.6,2.2857144,3.0769231,0.007502583,0.011417055,-0.00045385864
518,-9.6,2.857143,3.0769231,0.012809086,0.011553555,-0.0004035698
519,-9.6,3.4285715,3.0769231,0.02698916,0.0117308935,-0.00043158175
520,-9.6,4.0,3.0769231,0.032824118,0.010651664,-0.00048825837
521,-9.6,0.0,2.4615386,-0.030191597,0.0107194735,-0.0007819887
522,-9.6,0.5714286,2.4615386,-0.025169145,0.0148565415,-0.0008008853
523,-9.6,1.1428572,2.4615386,-0.011482279,0.010964185,-0.00076436135
524,-9.6,1.7142857,2.4615386,-0.0062392047,0.013139843,-0.0006810047
525,-9.6,2.2857144,2.4615386,0.0074891737,0.011401936,-0.00061519514
526,-9.6,2.857143,2.4615386,0.012767312,0.011527826,-0.00056023285
527,-9.6,3.4285715,2.4615386,0.02698025,0.011721501,-0.00045849007
528,-9.6,4.0,2.4615386,0.032811996,0.010626287,-0.0003754034
529,-9.6,0.0,1.8461539,-0.03021755,0.010728857,-0.001142462
530,-9.6,0.5714286,1.8461539,-0.025257597,0.01479376,-0.0010541248
531,-9.6,1.1428572,1.8461539,-0.011535503,0.011009385,-0.00097077526
532,-9.6,1.7142857,1.8461539,-0.0062802117,0.01310639,-0.0008894789
533,-9.6,2.2857144,1.8461539,0.0074409363,0.0114115495,-0.0007836152
534,-9.6,2.857143,1.8461539,0.01271335,0.011499805,-0.0006591794
535,-9.6,3.4285715,1.8461539,0.026945142,0.01172696,-0.00063249737
536,-9.6,4.0,1.8461539,0.032774165,0.010620891,-0.0006756513
537,-9.6,0.0,1.2307693,-0.030249728,0.010769021,-0.0013125398
538,-9.6,0.5714286,1.2307693,-0.02524387,0.014942127,-0.001289257
539,-9.6,1.1428572,1.2307693,-0.011566848,0.010979856,-0.0012146977
540,-9.6,1.7142857,1.2307693,-0.00635724,0.013173492,-0.0010826244
541,-9.6,2.2857144,1.2307693,0.0073744697,0.01140892,-0.0009346298
542,-9.6,2.857143,1.2307693,0.012627511,0.011539101,-0.00080763974
543,-9.6,3.4285715,1.2307693,0.026864013,0.0117433155,-0.00063087785
544,-9.6,4.0,1.2307693,0.032722805,0.010652237,-0.0004348866
545,-9.6,0.0,0.61538464,-0.030451262,0.010744745,-0.0013769853
546,-9.6,0.5714286,0.61538464,-0.025319915,0.014961864,-0.0013905221
547,-9.6,1.1428572,0.61538464,-0.01175929,0.011134774,-0.0013902782
548,-9.6,1.7142857,0.61538464,-0.0063402927,0.01326717,-0.0012506349
549,-9.6,2.2857144,0.61538464,0.007158222,0.011473978,-0.0010963101
550,-9.6,2.857143,0.61538464,0.012601715,0.011668849,-0.000882337
551,-9.6,3.4285715,0.61538464,0.026642563,0.011775764,-0.00073644024
552,-9.6,4.0,0.61538464,0.032667514,0.010834614,-0.0007356665
553,-9.6,0.0,0.0,-0.030997835,0.011059562,-0.0016012514
554,-9.6,0.5714286,0.0,-0.025642326,0.014831407,-0.0015350924
555,-9.6,1.1428572,0.0,-0.012278706,0.011303498,-0.0013670668
556,-9.6,1.7142857,0.0,-0.0066268775,0.013383082,-0.0014537348
557,-9.6,2.2857144,0.0,0.0067943116,0.011673888,-0.0011795829
558,-9.6,2.857143,0.0,0.012428569,0.0118640335,-0.0009932084
559,-9.6,3.4285715,0.0,0.026373262,0.0119722355,-0.0007576785
560,-9.6,4.0,0.0,0.03257457,0.011051138,-0.00024050187
561,-9.0,0.0,8.0,-0.03451539,0.006170411,0.0016464214
562,-9.0,0.5714286,8.0,-0.022148749,0.0017016246,0.001825274
563,-9.0,1.1428572,8.0,-0.016022908,0.0050490163,0.0020236948
564,-9.0,1.7142857,8.0,-0.00245366,0.0015527261,0.0015549952
565,-9.0,2.2857144,8.0,0.0028990128,0.0019868626,0.0012174482
566,-9.0,2.857143,8.0,0.016220963,0.0012015125,0.0009190907
567,-9.0,3.4285715,8.0,0.022451634,0.00046935273,0.0005405957
568,-9.0,4.0,8.0,0.03657413,0.0013751124,0.0005386516
569,-9.0,0.0,7.3846154,-0.034035377,0.0066548632,0.0018067529
570,-9.0,0.5714286,7.3846154,-0.021369953,0.001421744,0.0017895255
571,-9.0,1.1428572,7.3846154,-0.015611025,0.0048718345,0.0015842066
572,-9.0,1.7142857,7.3846154,-0.0020830464,0.0012343721,0.0012808775
573,-9.0,2.2857144,7.3846154,0.0030979095,0.0017451728,0.0009921227
574,-9.0,2.857143,7.3846154,0.016503492,0.00096715416,0.00074154173
575,-9.0,3.4285715,7.3846154,0.02258605,0.00022410743,0.000486687
576,-9.0,4.0,7.3846154,0.036842335,0.0011424276,0.00014524671
577,-9.0,0.0,6.769231,-0.034095634,0.006424329,0.0015929171
578,-9.0,0.5714286,6.769231,-0.021376882,0.0011401544,0.0013569057
579,-9.0,1.1428572,6.769231,-0.01578953,0.004811538,0.0011639197
580,-9.0,1.7142857,6.769231,-0.0019283639,0.0011791866,0.0009803262
581,-9.0,2.2857144,6.769231,0.0030632683,0.0016391587,0.00076022197
582,-9.0,2.857143,6.769231,0.016703185,0.0009496362,0.00055563357
583,-9.0,3.4285715,6.769231,0.022605777,8.423813e-05,0.0004509526
584,-9.0,4.0,6.769231,0.037014194,0.0011390954,0.0004954673
585,-9.0,0.0,6.1538463,-0.034245025,0.00636808,0.0008953061
586,-9.0,0.5714286,6.1538463,-0.021335952,0.0012489717,0.00092439144
587,-9.0,1.1428572,6.1538463,-0.015710015,0.0047533014,0.00081503944
588,-9.0,1.7142857,6.1538463,-0.0019022631,0.0012320282,0.00066542765
589,-9.0,2.2857144,6.1538463,0.003133892,0.0016399142,0.00052299147
590,-9.0,2.857143,6.1538463,0.016768182,0.0009832764,0.00041839958
591,-9.0,3.4285715,6.1538463,0.022668544,8.495368e-05,0.0002692017
592,-9.0,4.0,6.1538463,0.037066646,0.001135226,0.00015993135
593,-9.0,0.0,5.5384617,-0.034030598,0.006388647,0.00060826313
594,-9.0,0.5714286,5.5384617,-0.02130119,0.0011955388,0.0005425826
595,-9.0,1.1428572,5.5384617,-0.015703717,0.004831374,0.00047069305
596,-9.0,1.7142857,5.5384617,-0.0018634951,0.0012494335,0.00039935877
597,-9.0,2.2857144,5.5384617,0.0031691121,0.0017099993,0.00030822778
598,-9.0,2.857143,5.5384617,0.016797606,0.0010142823,0.00021523351
599,-9.0,3.4285715,5.5384617,0.022701614,0.00014643259,0.00021970602
600,-9.0,4.0,5.5384617,0.037049532,0.0011618707,0.00029951593
601,-9.0,0.0,4.923077,-0.03409341,0.0063740048,0.00019627034
602,-9.0,0.5714286,4.923077,-0.0212882,0.0012447707,0.00021684387
603,-9.0,1.1428572,4.923077,-0.015646877,0.0048485487,0.00018794442
604,-9.0,1.7142857,4.923077,-0.0018683178,0.0012938919,0.0001388228
605,-9.0,2.2857144,4.923077,0.0032056754,0.0017606508,9.078975e-05
606,-9.0,2.857143,4.923077,0.016797528,0.0010552959,6.5350745e-05
607,-9.0,3.4285715,4.923077,0.022720238,0.00019889294,-1.3636718e-05
608,-9.0,4.0,4.923077,0.03702881,0.0011869324,-6.7736044e-05
609,-9.0,0.0,4.3076925,-0.03401545,0.0063857925,-5.148129e-05
610,-9.0,0.5714286,4.3076925,-0.021273525,0.0012451753,-7.365822e-05
611,-9.0,1.1428572,4.3076925,-0.015643978,0.004874329,-8.883631e-05
612,-9.0,1.7142857,4.3076925,-0.0018592298,0.0013137518,-9.595422e-05
613,-9.0,2.2857144,4.3076925,0.0032108724,0.0017899685,-0.00011165695
614,-9.0,2.857143,4.3076925,0.0167972,0.0010801099,-0.00013738993
615,-9.0,3.4285715,4.3076925,0.022719515,0.00022824721,-9.1478345e-05
616,-9.0,4.0,4.3076925,0.03700928,0.0012088384,-2.6785434e-05
617,-9.0,0.0,3.6923077,-0.034021683,0.006385829,-0.0003787436
618,-9.0,0.5714286,3.6923077,-0.021279715,0.0012451443,-0.00035655574
619,-9.0,1.1428572,3.6923077,-0.015650237,0.004874308,-0.00034181346
620,-9.0,1.7142857,3.6923077,-0.0018654568,0.0013137544,-0.00033470767
621,-9.0,2.2857144,3.6923077,0.0032046179,0.0017899451,-0.00031943512
622,-9.0,2.857143,3.6923077,0.016790966,0.0010801015,-0.0002937013
623,-9.0,3.4285715,3.6923077,0.022713244,0.00022823481,-0.00034005847
624,-9.0,4.0,3.6923077,0.03700302,0.0012088069,-0.0004047625
625,-9.0,0.0,3.0769231,-0.03411219,0.006373889,-0.0006263709
626,-9.0,0.5714286,3.0769231,-0.021306893,0.0012447834,-0.0006471017
627,-9.0,1.1428572,3.0769231,-0.015665634,0.004848489,-0.00061852875
628,-9.0,1.7142857,3.0769231,-0.0018869953,0.0012938642,-0.0005695546
629,-9.0,2.2857144,3.0769231,0.003186903,0.0017606114,-0.0005218149
630,-9.0,2.857143,3.0769231,0.016778836,0.0010552512,-0.00049651286
631,-9.0,3.4285715,3.0769231,0.022701457,0.0001988597,-0.00041783386
632,-9.0,4.0,3.0769231,0.037010103,0.0011868846,-0.00036389657
633,-9.0,0.0,2.4615386,-0.034061864,0.006388623,-0.0010383315
634,-9.0,0.5714286,2.4615386,-0.021332236,0.0011954521,-0.0009729796
635,-9.0,1.1428572,2.4615386,-0.015735034,0.004831295,-0.00090115773
636,-9.0,1.7142857,2.4615386,-0.0018945821,0.001249396,-0.0008302074
637,-9.0,2.2857144,2.4615386,0.0031377838,0.0017098841,-0.0007391535
638,-9.0,2.857143,2.4615386,0.016766492,0.0010142421,-0.00064650143
639,-9.0,3.4285715,2.4615386,0.022670245,0.00014632205,-0.0006510761
640,-9.0,4.0,2.4615386,0.03701835,0.0011617979,-0.00073123246
641,-9.0,0.0,1.8461539,-0.034288827,0.0063677863,-0.0013252371
642,-9.0,0.5714286,1.8461539,-0.021379514,0.0012489625,-0.0013546684
643,-9.0,1.1428572,1.8461539,-0.015753819,0.0047530998,-0.0012455953
644,-9.0,1.7142857,1.8461539,-0.0019458164,0.0012319563,-0.0010962249
645,-9.0,2.2857144,1.8461539,0.0030900596,0.0016397409,-0.000953973
646,-9.0,2.857143,1.8461539,0.016724598,0.0009831962,-0.00084962556
647,-9.0,3.4285715,1.8461539,0.022624679,8.478677e-05,-0.0007006205
648,-9.0,4.0,1.8461539,0.037023015,0.0011351432,-0.00059164915
649,-9.0,0.0,1.2307693,-0.034151964,0.0064245933,-0.0020229043
650,-9.0,0.5714286,1.2307693,-0.021432739,0.0011394789,-0.0017873067
651,-9.0,1.1428572,1.2307693,-0.01584593,0.004811527,-0.0015944063
652,-9.0,1.7142857,1.2307693,-0.0019843027,0.0011788544,-0.0014111841
653,-9.0,2.2857144,1.2307693,0.0030068688,0.0016390104,-0.0011911631
654,-9.0,2.857143,1.2307693,0.016647192,0.0009494509,-0.0009869017
655,-9.0,3.4285715,1.2307693,0.022549327,8.4019186e-05,-0.0008823291
656,-9.0,4.0,1.2307693,0.036958102,0.0011389932,-0.000927183
657,-9.0,0.0,0.61538464,-0.034104344,0.006655243,-0.0022364112
658,-9.0,0.5714286,0.61538464,-0.02143831,0.0014206081,-0.0022197557
659,-9.0,1.1428572,0.61538464,-0.01567989,0.0048718853,-0.0020147522
660,-9.0,1.7142857,0.61538464,-0.0021514785,0.0012337423,-0.0017116861
661,-9.0,2.2857144,0.61538464,0.0030290403,0.0017451089,-0.0014230886
662,-9.0,2.857143,0.61538464,0.016435003,0.0009667856,-0.0011727683
663,-9.0,3.4285715,0.61538464,0.022517152,0.00022393656,-0.00091810117
664,-9.0,4.0,0.61538464,0.036773782,0.0011422235,-0.0005769846
665,-9.0,0.0,0.0,-0.03459657,0.0061704055,-0.002076566
666,-9.0,0.5714286,0.0,-0.022229638,0.001700558,-0.0022554288
667,-9.0,1.1428572,0.0,-0.016104106,0.0050487095,-0.0024541682
668,-9.0,1.7142857,0.0,-0.0025347532,0.0015521598,-0.0019858016
669,-9.0,2.2857144,0.0,0.002817834,0.0019866843,-0.0016483472
670,-9.0,2.857143,0.0,0.01613984,0.0012011119,-0.0013503575
671,-9.0,3.4285715,0.0,0.022370405,0.00046915084,-0.0009719523
672,-9.0,4.0,0.0,0.036492925,0.0013748263,-0.00097036344
673,-8.4,0.0,8.0,-0.031032529,-0.0050552157,0.003926464
674,-8.4,0.5714286,8.0,-0.026153596,-0.00083607313,0.003959979
675,-8.4,1.1428572,8.0,-0.011219645,-0.00792026,0.002732986
676,-8.4,1.7142857,8.0,-0.0060642376,-0.0075839288,0.0020305954
677,-8.4,2.2857144,8.0,0.0066315006,-0.009764747,0.0016453275
678,-8.4,2.857143,8.0,0.012491751,-0.010469915,0.0011010675
679,-8.4,3.4285715,8.0,0.025670264,-0.0100679165,0.0009091705
680,-8.4,4.0,8.0,0.033323474,-0.011672202,0.00023221955
681,-8.4,0.0,7.3846154,-0.029843282,-0.0058168974,0.0033524334
682,-8.4,0.5714286,7.3846154,-0.025645047,-0.0012165168,0.002591822
683,-8.4,1.1428572,7.3846154,-0.011030254,-0.0084763225,0.00209115
684,-8.4,1.7142857,7.3846154,-0.0059253373,-0.00790086,0.0016248199
685,-8.4,2.2857144,7.3846154,0.0068299687,-0.010046849,0.0012389246
686,-8.4,2.857143,7.3846154,0.012619925,-0.010735948,0.00095935113
687,-8.4,3.4285715,7.3846154,0.025918687,-0.010265136,0.0007189807
688,-8.4,4.0,7.3846154,0.033447474,-0.01191605,0.0007656316
689,-8.4,0.0,6.769231,-0.03055515,-0.006023828,0.0017208672
690,-8.4,0.5714286,6.769231,-0.026043823,-0.0010894414,0.00174844
691,-8.4,1.1428572,6.769231,-0.010919581,-0.008439885,0.0014846249
692,-8.4,1.7142857,6.769231,-0.006040676,-0.007944467,0.0011714393
693,-8.4,2.2857144,6.769231,0.006998483,-0.010017902,0.0009361272
694,-8.4,2.857143,6.769231,0.012629677,-0.010811667,0.0007464564
695,-8.4,3.4285715,6.769231,0.026119642,-0.010228494,0.0005681374
696,-8.4,4.0,6.769231,0.03346156,-0.012053164,0.0003746989
697,-8.4,0.0,6.1538463,-0.030002758,-0.005948821,0.001193478
698,-8.4,0.5714286,6.1538463,-0.025896013,-0.0011392647,0.001077281
699,-8.4,1.1428572,6.1538463,-0.010919523,-0.008311303,0.0009551548
700,-8.4,1.7142857,6.1538463,-0.005968902,-0.007876143,0.000811079
701,-8.4,2.2857144,6.1538463,0.0070527163,-0.009919834,0.0006539858
702,-8.4,2.857143,6.1538463,0.012695771,-0.010757615,0.0005100371
703,-8.4,3.4285715,6.1538463,0.026179798,-0.010150479,0.00048482607
704,-8.4,4.0,6.1538463,0.03346847,-0.01200891,0.0006016792
705,-8.4,0.0,5.5384617,-0.03025633,-0.0060427757,0.00062778
706,-8.4,0.5714286,5.5384617,-0.025884997,-0.0010494906,0.0006071409
707,-8.4,1.1428572,5.5384617,-0.010870997,-0.008270869,0.00056589604
708,-8.4,1.7142857,5.5384617,-0.005941742,-0.007757507,0.00046405723
709,-8.4,2.2857144,5.5384617,0.0070841643,-0.009841456,0.00038693607
710,-8.4,2.857143,5.5384617,0.012739634,-0.010640833,0.00032301707
711,-8.4,3.4285715,5.5384617,0.026191942,-0.010084229,0.00024019567
712,-8.4,4.0,5.5384617,0.033475272,-0.011919834,0.00017585162
713,-8.4,0.0,4.923077,-0.030032672,-0.0059887194,0.00024290843
714,-8.4,0.5714286,4.923077,-0.025803182,-0.0010431256,0.00024879366
715,-8.4,1.1428572,4.923077,-0.010871924,-0.008203643,0.00021021134
716,-8.4,1.7142857,4.923077,-0.0058945417,-0.007685287,0.00018621689
717,-8.4,2.2857144,4.923077,0.0070878845,-0.009769102,0.00013289077
718,-8.4,2.857143,4.923077,0.012765908,-0.010555186,9.1963215e-05
719,-8.4,3.4285715,4.923077,0.02618212,-0.010015758,0.00012185757
720,-8.4,4.0,4.923077,0.03346369,-0.011839631,0.0002300626
721,-8.4,0.0,4.3076925,-0.030095503,-0.0060044257,-5.780152e-05
722,-8.4,0.5714286,4.3076925,-0.025790133,-0.001016825,-8.033667e-05
723,-8.4,1.1428572,4.3076925,-0.010856032,-0.008178961,-6.985006e-05
724,-8.4,1.7142857,4.3076925,-0.0058881454,-0.007642974,-9.855008e-05
725,-8.4,2.2857144,4.3076925,0.0070916004,-0.009729331,-9.905667e-05
726,-8.4,2.857143,4.3076925,0.012770305,-0.010508609,-0.00010925275
727,-8.4,3.4285715,4.3076925,0.026174193,-0.009977791,-0.00015283629
728,-8.4,4.0,4.3076925,0.033451017,-0.011799442,-0.00022252189
729,-8.4,0.0,3.6923077,-0.030101696,-0.0060047754,-0.00038435325
730,-8.4,0.5714286,3.6923077,-0.02579645,-0.001016611,-0.000362309
731,-8.4,1.1428572,3.6923077,-0.010862213,-0.008179135,-0.0003727454
732,-8.4,1.7142857,3.6923077,-0.005894433,-0.007642861,-0.00034453446
733,-8.4,2.2857144,3.6923077,0.007085397,-0.009729413,-0.00034393807
734,-8.4,2.857143,3.6923077,0.012764025,-0.010508565,-0.00033424707
735,-8.4,3.4285715,3.6923077,0.026167985,-0.009977823,-0.00029057296
736,-8.4,4.0,3.6923077,0.033444747,-0.011799423,-0.00022142929
737,-8.4,0.0,3.0769231,-0.030051371,-0.005988449,-0.0006852354
738,-8.4,0.5714286,3.0769231,-0.025821874,-0.0010434396,-0.00069132267
739,-8.4,1.1428572,3.0769231,-0.010890634,-0.008203449,-0.00065289886
740,-8.4,1.7142857,3.0769231,-0.0059132846,-0.0076854406,-0.00062920264
741,-8.4,2.2857144,3.0769231,0.0070691863,-0.009769031,-0.00057599554
742,-8.4,2.857143,3.0769231,0.012747138,-0.010555254,-0.00053535285
743,-8.4,3.4285715,3.0769231,0.026163397,-0.010015765,-0.00056538155
744,-8.4,4.0,3.0769231,0.03344487,-0.011839651,-0.0006738893
745,-8.4,0.0,2.4615386,-0.030287335,-0.006043136,-0.0010700573
746,-8.4,0.5714286,2.4615386,-0.025916398,-0.0010492328,-0.0010495208
747,-8.4,1.1428572,2.4615386,-0.010902014,-0.008271059,-0.0010087
748,-8.4,1.7142857,2.4615386,-0.0059731063,-0.007757451,-0.0009069568
749,-8.4,2.2857144,2.4615386,0.0070530972,-0.009841529,-0.0008301196
750,-8.4,2.857143,2.4615386,0.012708265,-0.010640871,-0.00076634815
751,-8.4,3.4285715,2.4615386,0.02616084,-0.010084255,-0.0006837819
752,-8.4,4.0,2.4615386,0.03344388,-0.011919899,-0.00061966013
753,-8.4,0.0,1.8461539,-0.03004632,-0.0059484416,-0.0016358577
754,-8.4,0.5714286,1.8461539,-0.025939768,-0.0011396811,-0.0015197532
755,-8.4,1.1428572,1.8461539,-0.010963077,-0.008311113,-0.0013979365
756,-8.4,1.7142857,1.8461539,-0.006012733,-0.007876384,-0.0012539804
757,-8.4,2.2857144,1.8461539,0.007009163,-0.009919785,-0.0010972199
758,-8.4,2.857143,1.8461539,0.012651903,-0.010757791,-0.00095331715
759,-8.4,3.4285715,1.8461539,0.02613619,-0.010150492,-0.00092847296
760,-8.4,4.0,1.8461539,0.033424515,-0.012009026,-0.0010453912
761,-8.4,0.0,1.2307693,-0.030610966,-0.0060251597,-0.0021628763
762,-8.4,0.5714286,1.2307693,-0.026100244,-0.0010890111,-0.0021908998
763,-8.4,1.1428572,1.2307693,-0.010975547,-0.008440394,-0.0019273764
764,-8.4,1.7142857,1.2307693,-0.006097024,-0.007944427,-0.001614461
765,-8.4,2.2857144,1.2307693,0.0069424557,-0.01001814,-0.001379238
766,-8.4,2.857143,1.2307693,0.012573313,-0.010811766,-0.0011898658
767,-8.4,3.4285715,1.2307693,0.026063567,-0.010228579,-0.0010116624
768,-8.4,4.0,1.2307693,0.033405133,-0.012053377,-0.0008185923
769,-8.4,0.0,0.61538464,-0.029911797,-0.0058186287,-0.0037946634
770,-8.4,0.5714286,0.61538464,-0.02571381,-0.0012165721,-0.0030341963
771,-8.4,1.1428572,0.61538464,-0.011098758,-0.0084769875,-0.0025341038
772,-8.4,1.7142857,0.61538464,-0.00599415,-0.007900936,-0.0020676095
773,-8.4,2.2857144,0.61538464,0.0067614326,-0.010047178,-0.0016822409
774,-8.4,2.857143,0.61538464,0.012551108,-0.010736053,-0.0014025551
775,-8.4,3.4285715,0.61538464,0.025850078,-0.010265334,-0.0011626945
776,-8.4,4.0,0.61538464,0.033378556,-0.011916229,-0.0012092752
777,-8.4,0.0,0.0,-0.031113716,-0.005057842,-0.0043674335
778,-8.4,0.5714286,0.0,-0.02623462,-0.0008366071,-0.0044025183
779,-8.4,1.1428572,0.0,-0.011300951,-0.007921073,-0.0031755741
780,-8.4,1.7142857,0.0,-0.0061452887,-0.0075839916,-0.0024736114
781,-8.4,2.2857144,0.0,0.0065502627,-0.009765218,-0.0020883842
782,-8.4,2.857143,0.0,0.012410652,-0.010469957,-0.0015444771
783,-8.4,3.4285715,0.0,0.02558904,-0.01006822,-0.0013526671
784,-8.4,4.0,0.0,0.033242293,-0.01167235,-0.00067614875
785,-7.8,0.0,8.0,-0.03505109,-0.0028137069,0.0070400657
786,-7.8,0.5714286,8.0,-0.020454241,-0.017365498,0.0040443786
787,-7.8,1.1428572,8.0,-0.01397053,-0.017178293,0.0026247506
788,-7.8,1.7142857,8.0,-0.0023902457,-0.021110408,0.0023442144
789,-7.8,2.2857144,8.0,0.0036930242,-0.021867795,0.0015128738
790,-7.8,2.857143,8.0,0.015104923,-0.022297777,0.0015170866
791,-7.8,3.4285715,8.0,0.02251906,-0.023609733,0.0008982082
792,-7.8,4.0,8.0,0.036081787,-0.022056798,0.0011820233
793,-7.8,0.0,7.3846154,-0.035806343,-0.00256816,0.002662684
794,-7.8,0.5714286,7.3846154,-0.020920986,-0.018418182,0.0028623613
795,-7.8,1.1428572,7.3846154,-0.014218371,-0.017450565,0.0021249314
796,-7.8,1.7142857,7.3846154,-0.0024618795,-0.021425825,0.0015761342
797,-7.8,2.2857144,7.3846154,0.0036624696,-0.022115063,0.0013981236
798,-7.8,2.857143,7.3846154,0.015263043,-0.022393905,0.0010337586
799,-7.8,3.4285715,7.3846154,0.022680487,-0.023849402,0.00097225356
800,-7.8,4.0,7.3846154,0.03633691,-0.022109188,0.0005535846
801,-7.8,0.0,6.769231,-0.03553987,-0.0025698775,0.0018041515
802,-7.8,0.5714286,6.769231,-0.02072291,-0.017881894,0.0016187679
803,-7.8,1.1428572,6.769231,-0.014326795,-0.01744443,0.0014530148
804,-7.8,1.7142857,6.769231,-0.002329302,-0.021303492,0.0012105982
805,-7.8,2.2857144,6.769231,0.0036521556,-0.02209369,0.0009733648
806,-7.8,2.857143,6.769231,0.015450873,-0.022306267,0.00086148677
807,-7.8,3.4285715,6.769231,0.022719463,-0.023830904,0.000754998
808,-7.8,4.0,6.769231,0.03647247,-0.022066658,0.0009895945
809,-7.8,0.0,6.1538463,-0.035620216,-0.0025682917,0.0010287232
810,-7.8,0.5714286,6.1538463,-0.02071453,-0.017990684,0.0010201467
811,-7.8,1.1428572,6.1538463,-0.014275788,-0.017199477,0.00091725227
812,-7.8,1.7142857,6.1538463,-0.0022878603,-0.02114894,0.00081541424
813,-7.8,2.2857144,6.1538463,0.0037059719,-0.02197514,0.0006855307
814,-7.8,2.857143,6.1538463,0.015529018,-0.022129687,0.0006235216
815,-7.8,3.4285715,6.1538463,0.02276523,-0.023767106,0.0005456244
816,-7.8,4.0,6.1538463,0.036485665,-0.0218849,0.00046589875
817,-7.8,0.0,5.5384617,-0.03538146,-0.002553203,0.0004956005
818,-7.8,0.5714286,5.5384617,-0.020634586,-0.017792903,0.0005421524
819,-7.8,1.1428572,5.5384617,-0.014224651,-0.017142234,0.0005264368
820,-7.8,1.7142857,5.5384617,-0.002253409,-0.020995859,0.00045857814
821,-7.8,2.2857144,5.5384617,0.0037611425,-0.021804068,0.00042616442
822,-7.8,2.857143,5.5384617,0.01554789,-0.022029677,0.00035062828
823,-7.8,3.4285715,5.5384617,0.022795927,-0.023572486,0.00041018514
824,-7.8,4.0,5.5384617,0.036460057,-0.021837104,0.0005661717
825,-7.8,0.0,4.923077,-0.035358746,-0.0025586383,0.0002235007
826,-7.8,0.5714286,4.923077,-0.02060921,-0.017807117,0.00019466854
827,-7.8,1.1428572,4.923077,-0.014171622,-0.01699485,0.0001869963
828,-7.8,1.7142857,4.923077,-0.002240242,-0.02092261,0.00018700829
829,-7.8,2.2857144,4.923077,0.0037911457,-0.021684032,0.00013172509
830,-7.8,2.857143,4.923077,0.015553739,-0.021915404,0.00015876861
831,-7.8,3.4285715,4.923077,0.02280417,-0.02348093,8.642367e-05
832,-7.8,4.0,4.923077,0.036419682,-0.021712217,7.116397e-05
833,-7.8,0.0,4.3076925,-0.035285622,-0.0025517943,-0.00013971614
834,-7.8,0.5714286,4.3076925,-0.02058286,-0.017741565,-8.945132e-05
835,-7.8,1.1428572,4.3076925,-0.01415596,-0.01697585,-8.543315e-05
836,-7.8,1.7142857,4.3076925,-0.0022317418,-0.020856738,-0.00010958007
837,-7.8,2.2857144,4.3076925,0.0038011684,-0.02162518,-8.567531e-05
838,-7.8,2.857143,4.3076925,0.015550473,-0.021865116,-0.0001338929
839,-7.8,3.4285715,4.3076925,0.02280036,-0.023407105,-5.1024803e-05
840,-7.8,4.0,4.3076925,0.036400076,-0.021680888,1.6571988e-05
841,-7.8,0.0,3.6923077,-0.03529186,-0.0025516667,-0.0003149742
842,-7.8,0.5714286,3.6923077,-0.020589067,-0.01774152,-0.0003650859
843,-7.8,1.1428572,3.6923077,-0.014162223,-0.01697597,-0.0003696987
844,-7.8,1.7142857,3.6923077,-0.0022379616,-0.02085662,-0.00034532504
845,-7.8,2.2857144,3.6923077,0.0037949097,-0.021625254,-0.00036983573
846,-7.8,2.857143,3.6923077,0.015544243,-0.021865072,-0.00032138973
847,-7.8,3.4285715,3.6923077,0.022794086,-0.023407118,-0.00040487177
848,-7.8,4.0,3.6923077,0.036393814,-0.021680895,-0.0004722786
849,-7.8,0.0,3.0769231,-0.03537754,-0.0025588423,-0.0006779887
850,-7.8,0.5714286,3.0769231,-0.020627866,-0.017807148,-0.000649333
851,-7.8,1.1428572,3.0769231,-0.014190395,-0.016994739,-0.0006419478
852,-7.8,1.7142857,3.0769231,-0.002258899,-0.020922685,-0.00064208865
853,-7.8,2.2857144,3.0769231,0.0037723526,-0.021683961,-0.0005870754
854,-7.8,2.857143,3.0769231,0.0155350715,-0.02191543,-0.00061420206
855,-7.8,3.4285715,3.0769231,0.022785364,-0.023480901,-0.000542183
856,-7.8,4.0,3.0769231,0.036401,-0.021712227,-0.0005270228
857,-7.8,0.0,2.4615386,-0.03541281,-0.0025530937,-0.0009500951
858,-7.8,0.5714286,2.4615386,-0.020665599,-0.017792722,-0.0009968593
859,-7.8,1.1428572,2.4615386,-0.014255996,-0.017142382,-0.0009813638
860,-7.8,1.7142857,2.4615386,-0.0022844733,-0.0209957,-0.000913693
861,-7.8,2.2857144,2.4615386,0.0037297981,-0.021804169,-0.00088146346
862,-7.8,2.857143,2.4615386,0.015516792,-0.0220296,-0.0008061461
863,-7.8,3.4285715,2.4615386,0.022764545,-0.023572542,-0.00086584804
864,-7.8,4.0,2.4615386,0.036428876,-0.02183709,-0.001022118
865,-7.8,0.0,1.8461539,-0.03566409,-0.0025680517,-0.0014830129
866,-7.8,0.5714286,1.8461539,-0.020757988,-0.017990801,-0.0014748909
867,-7.8,1.1428572,1.8461539,-0.014319666,-0.017199354,-0.0013720825
868,-7.8,1.7142857,1.8461539,-0.0023313498,-0.021148961,-0.0012706184
869,-7.8,2.2857144,1.8461539,0.0036620751,-0.021975173,-0.0011408074
870,-7.8,2.857143,1.8461539,0.015485492,-0.022129655,-0.0010790391
871,-7.8,3.4285715,1.8461539,0.022721304,-0.023767188,-0.0010013178
872,-7.8,4.0,1.8461539,0.036442075,-0.021884836,-0.0009218583
873,-7.8,0.0,1.2307693,-0.035596054,-0.0025698456,-0.002258514
874,-7.8,0.5714286,1.2307693,-0.020778973,-0.017881732,-0.002073425
875,-7.8,1.1428572,1.2307693,-0.014383047,-0.01744449,-0.0019079918
876,-7.8,1.7142857,1.2307693,-0.0023853956,-0.021303559,-0.0016657731
877,-7.8,2.2857144,1.2307693,0.0035958767,-0.022093756,-0.0014286366
878,-7.8,2.857143,1.2307693,0.0153947575,-0.022306282,-0.0013170484
879,-7.8,3.4285715,1.2307693,0.02266312,-0.023831,-0.001210629
880,-7.8,4.0,1.2307693,0.03641624,-0.02206665,-0.0014455782
881,-7.8,0.0,0.61538464,-0.03587473,-0.0025656645,-0.0031168812
882,-7.8,0.5714286,0.61538464,-0.020989686,-0.018419627,-0.0033169866
883,-7.8,1.1428572,0.61538464,-0.014287056,-0.01745021,-0.00258002
884,-7.8,1.7142857,0.61538464,-0.0025305168,-0.021426296,-0.002031183
885,-7.8,2.2857144,0.61538464,0.0035937529,-0.022114975,-0.0018535175
886,-7.8,2.857143,0.61538464,0.015194395,-0.022394089,-0.0014891836
887,-7.8,3.4285715,0.61538464,0.022611728,-0.023849443,-0.001428018
888,-7.8,4.0,0.61538464,0.036268175,-0.022109168,-0.0010094973
889,-7.8,0.0,0.0,-0.03513209,-0.0028170426,-0.007492998
890,-7.8,0.5714286,0.0,-0.020535711,-0.017365672,-0.0044999137
891,-7.8,1.1428572,0.0,-0.014051537,-0.017178642,-0.0030791685
892,-7.8,1.7142857,0.0,-0.002471567,-0.021110704,-0.0027996718
893,-7.8,2.2857144,0.0,0.003611984,-0.021867793,-0.0019679202
894,-7.8,2.857143,0.0,0.015023658,-0.022298014,-0.0019727827
895,-7.8,3.4285715,0.0,0.022437956,-0.023609694,-0.0013537069
896,-7.8,4.0,0.0,0.03600043,-0.022057038,-0.0016381133
897,-7.2,0.0,8.0,-0.034061037,-0.03615977,0.0007770295
898,-7.2,0.5714286,8.0,-0.020780282,-0.02881866,0.0023230775
899,-7.2,1.1428572,8.0,-0.011436553,-0.034153517,0.0020461474
900,-7.2,1.7142857,8.0,-0.003868213,-0.034088966,0.001575118
901,-7.2,2.2857144,8.0,0.005541724,-0.03531997,0.0016346222
902,-7.2,2.857143,8.0,0.01285299,-0.03649195,0.0012728757
903,-7.2,3.4285715,8.0,0.023853645,-0.03538419,0.0014418056
904,-7.2,4.0,8.0,0.033999626,-0.03743345,0.00084947736
905,-7.2,0.0,7.3846154,-0.035633653,-0.036392137,0.0021028665
906,-7.2,0.5714286,7.3846154,-0.02197428,-0.028586173,0.001542442
907,-7.2,1.1428572,7.3846154,-0.011927481,-0.034350432,0.001501213
908,-7.2,1.7142857,7.3846154,-0.00426646,-0.03413663,0.0013627947
909,-7.2,2.2857144,7.3846154,0.0055093495,-0.03530089,0.0011888893
910,-7.2,2.857143,7.3846154,0.012853456,-0.036564123,0.0011666605
911,-7.2,3.4285715,7.3846154,0.024116052,-0.035297234,0.0010827151
912,-7.2,4.0,7.3846154,0.034217257,-0.037515406,0.00142231
913,-7.2,0.0,6.769231,-0.034793735,-0.036478564,0.00092374696
914,-7.2,0.5714286,6.769231,-0.02180462,-0.028560625,0.001131138
915,-7.2,1.1428572,6.769231,-0.01185207,-0.034099717,0.0010580649
916,-7.2,1.7142857,6.769231,-0.0042615556,-0.034035794,0.000972299
917,-7.2,2.2857144,6.769231,0.005639387,-0.03508017,0.0009276565
918,-7.2,2.857143,6.769231,0.012918129,-0.036478814,0.0009010494
919,-7.2,3.4285715,6.769231,0.024310192,-0.03508729,0.0009029467
920,-7.2,4.0,6.769231,0.034158364,-0.037459143,0.0007920592
921,-7.2,0.0,6.1538463,-0.03498485,-0.036218915,0.00057954685
922,-7.2,0.5714286,6.1538463,-0.021829711,-0.02834157,0.00063978863
923,-7.2,1.1428572,6.1538463,-0.011782295,-0.033901654,0.00067682576
924,-7.2,1.7142857,6.1538463,-0.0042529306,-0.03382604,0.00066194544
925,-7.2,2.2857144,6.1538463,0.005730373,-0.034851268,0.0006561369
926,-7.2,2.857143,6.1538463,0.012965603,-0.03629986,0.0006349253
927,-7.2,3.4285715,6.1538463,0.0243712,-0.034862574,0.00072908215
928,-7.2,4.0,6.1538463,0.034178574,-0.037317302,0.0009893737
929,-7.2,0.0,5.5384617,-0.03464513,-0.036196966,0.0002759663
930,-7.2,0.5714286,5.5384617,-0.021696502,-0.02820664,0.0003257256
931,-7.2,1.1428572,5.5384617,-0.011749994,-0.033726126,0.00036804806
932,-7.2,1.7142857,5.5384617,-0.0041708783,-0.033620164,0.00037795297
933,-7.2,2.2857144,5.5384617,0.005744544,-0.03468322,0.0003818238
934,-7.2,2.857143,5.5384617,0.013026151,-0.03607495,0.00041845988
935,-7.2,3.4285715,5.5384617,0.024369825,-0.034719627,0.0004135252
936,-7.2,4.0,5.5384617,0.034140866,-0.037098285,0.00041237363
937,-7.2,0.0,4.923077,-0.03466421,-0.03605064,-1.0855033e-05
938,-7.2,0.5714286,4.923077,-0.021647977,-0.028087536,7.88036e-05
939,-7.2,1.1428572,4.923077,-0.011707978,-0.03361756,0.00010343139
940,-7.2,1.7142857,4.923077,-0.004144721,-0.03347165,0.00012196506
941,-7.2,2.2857144,4.923077,0.005767597,-0.034549702,0.00013757205
942,-7.2,2.857143,4.923077,0.013040038,-0.035928477,0.00013683068
943,-7.2,3.4285715,4.923077,0.024356999,-0.034580752,0.00022700119
944,-7.2,4.0,4.923077,0.034134287,-0.03697199,0.00038449714
945,-7.2,0.0,4.3076925,-0.034563933,-0.036026247,-0.00011497764
946,-7.2,0.5714286,4.3076925,-0.02161135,-0.028039685,-0.00014050292
947,-7.2,1.1428572,4.3076925,-0.011695718,-0.033548415,-0.00012089989
948,-7.2,1.7142857,4.3076925,-0.0041246824,-0.033401124,-0.000117988384
949,-7.2,2.2857144,4.3076925,0.0057669003,-0.034478772,-0.000114097376
950,-7.2,2.857143,4.3076925,0.0130467005,-0.035847273,-9.368771e-05
951,-7.2,3.4285715,4.3076925,0.024345113,-0.03451691,-0.0001326529
952,-7.2,4.0,4.3076925,0.03410618,-0.03688985,-0.00018582768
953,-7.2,0.0,3.6923077,-0.034570187,-0.03602643,-0.00035141048
954,-7.2,0.5714286,3.6923077,-0.021617582,-0.028039584,-0.00032672434
955,-7.2,1.1428572,3.6923077,-0.011701948,-0.033548433,-0.00034594117
956,-7.2,1.7142857,3.6923077,-0.0041309344,-0.033401094,-0.00034958002
957,-7.2,2.2857144,3.6923077,0.005760677,-0.03447877,-0.00035308665
958,-7.2,2.857143,3.6923077,0.013040435,-0.03584725,-0.00037421143
959,-7.2,3.4285715,3.6923077,0.024338895,-0.034516905,-0.00033489006
960,-7.2,4.0,3.6923077,0.03409992,-0.03688982,-0.00028247182
961,-7.2,0.0,3.0769231,-0.034682762,-0.036050312,-0.00045579608
962,-7.2,0.5714286,3.0769231,-0.021666799,-0.02808764,-0.00054583343
963,-7.2,1.1428572,3.0769231,-0.011726593,-0.033617444,-0.0005704625
964,-7.2,1.7142857,3.0769231,-0.004163527,-0.033471655,-0.00058933784
965,-7.2,2.2857144,3.0769231,0.0057489537,-0.034549635,-0.0006049485
966,-7.2,2.857143,3.0769231,0.013021229,-0.035928458,-0.00060454407
967,-7.2,3.4285715,3.0769231,0.024338316,-0.034580722,-0.0006947266
968,-7.2,4.0,3.0769231,0.034115423,-0.036971953,-0.0008526041
969,-7.2,0.0,2.4615386,-0.034676198,-0.036197044,-0.00074255187
970,-7.2,0.5714286,2.4615386,-0.021727787,-0.028206501,-0.00079264113
971,-7.2,1.1428572,2.4615386,-0.011781051,-0.03372606,-0.0008351531
972,-7.2,1.7142857,2.4615386,-0.004202217,-0.03362012,-0.00084524817
973,-7.2,2.2857144,2.4615386,0.005713479,-0.034683127,-0.0008492863
974,-7.2,2.857143,2.4615386,0.012994782,-0.036074944,-0.0008860866
975,-7.2,3.4285715,2.4615386,0.024338732,-0.03471953,-0.0008813487
976,-7.2,4.0,2.4615386,0.03410946,-0.03709828,-0.00088042376
977,-7.2,0.0,1.8461539,-0.0350282,-0.036218695,-0.0010463153
978,-7.2,0.5714286,1.8461539,-0.021873599,-0.028341569,-0.001106655
979,-7.2,1.1428572,1.8461539,-0.01182574,-0.03390144,-0.001143979
980,-7.2,1.7142857,1.8461539,-0.0042968206,-0.03382606,-0.0011291982
981,-7.2,2.2857144,1.8461539,0.0056868736,-0.034851108,-0.0011236557
982,-7.2,2.857143,1.8461539,0.012921697,-0.0362999,-0.0011025114
983,-7.2,3.4285715,1.8461539,0.02432763,-0.034862444,-0.0011969415
984,-7.2,4.0,1.8461539,0.034134563,-0.037317324,-0.0014573503
985,-7.2,0.0,1.2307693,-0.034849774,-0.03647842,-0.0013902214
986,-7.2,0.5714286,1.2307693,-0.021860756,-0.028560257,-0.0015979902
987,-7.2,1.1428572,1.2307693,-0.011908159,-0.034099765,-0.001525186
988,-7.2,1.7142857,1.2307693,-0.0043178187,-0.03403567,-0.0014396476
989,-7.2,2.2857144,1.2307693,0.0055832984,-0.03508014,-0.001395096
990,-7.2,2.857143,1.2307693,0.012861823,-0.036478795,-0.0013687097
991,-7.2,3.4285715,1.2307693,0.024254056,-0.035087176,-0.0013707457
992,-7.2,4.0,1.2307693,0.034101978,-0.03745918,-0.0012601617
993,-7.2,0.0,0.61538464,-0.03570219,-0.036393315,-0.002569417
994,-7.2,0.5714286,0.61538464,-0.022042766,-0.028585369,-0.0020094188
995,-7.2,1.1428572,0.61538464,-0.011996288,-0.034350865,-0.0019683975
996,-7.2,1.7142857,0.61538464,-0.004335007,-0.03413638,-0.0018300642
997,-7.2,2.2857144,0.61538464,0.005440577,-0.03530101,-0.0016564076
998,-7.2,2.857143,0.61538464,0.012784853,-0.036564007,-0.001634241
999,-7.2,3.4285715,0.61538464,0.024047242,-0.03529723,-0.0015505829
1000,-7.2,4.0,0.61538464,0.034148492,-0.03751539,-0.0018902685
1001,-7.2,0.0,0.0,-0.034141954,-0.036158834,-0.0012437288
1002,-7.2,0.5714286,0.0,-0.020861534,-0.028818907,-0.0027898212
1003,-7.2,1.1428572,0.0,-0.011517715,-0.03415369,-0.0025134361
1004,-7.2,1.7142857,0.0,-0.003949367,-0.034088787,-0.0020423492
1005,-7.2,2.2857144,0.0,0.0054605436,-0.03532014,-0.0021021317
1006,-7.2,2.857143,0.0,0.012771865,-0.03649174,-0.0017404691
1007,-7.2,3.4285715,0.0,0.023772433,-0.035384294,-0.0019096417
1008,-7.2,4.0,0.0,0.033918418,-0.03743325,-0.0013175422
1009,-6.6,0.0,8.0,-0.03421194,-0.04569934,-0.0003267165
1010,-6.6,0.5714286,8.0,-0.020661682,-0.050821643,-0.00010293846
1011,-6.6,1.1428572,8.0,-0.01136762,-0.047776684,0.0007167296
1012,-6.6,1.7142857,8.0,-0.0029388599,-0.04959962,0.0010101747
1013,-6.6,2.2857144,8.0,0.004368809,-0.05008219,0.0011611623
1014,-6.6,2.857143,8.0,0.013374348,-0.049357112,0.0014248384
1015,-6.6,3.4285715,8.0,0.022004109,-0.051023412,0.0014237681
1016,-6.6,4.0,8.0,0.03457014,-0.048870444,0.0021191358
1017,-6.6,0.0,7.3846154,-0.034829646,-0.04465672,-0.00035065366
1018,-6.6,0.5714286,7.3846154,-0.021486158,-0.050498538,0.00030895855
1019,-6.6,1.1428572,7.3846154,-0.0121203875,-0.04736909,0.0006206162
1020,-6.6,1.7142857,7.3846154,-0.0032245792,-0.04934212,0.0008230792
1021,-6.6,2.2857144,7.3846154,0.0041521955,-0.04989177,0.0009815881
1022,-6.6,2.857143,7.3846154,0.013498496,-0.04905698,0.0011524587
1023,-6.6,3.4285715,7.3846154,0.022196792,-0.050903767,0.0013148909
1024,-6.6,4.0,7.3846154,0.034833416,-0.048577942,0.0012043727
1025,-6.6,0.0,6.769231,-0.035167456,-0.04440663,0.00014308107
1026,-6.6,0.5714286,6.769231,-0.021506688,-0.050282564,0.00024349416
1027,-6.6,1.1428572,6.769231,-0.012148473,-0.047159165,0.00045506348
1028,-6.6,1.7142857,6.769231,-0.0031727594,-0.048978187,0.00063696114
1029,-6.6,2.2857144,6.769231,0.0041838833,-0.04969988,0.00078066357
1030,-6.6,2.857143,6.769231,0.013678767,-0.048675332,0.00089192047
1031,-6.6,3.4285715,6.769231,0.022269275,-0.050738536,0.0010958414
1032,-6.6,4.0,6.769231,0.03498638,-0.04822964,0.0015170521
1033,-6.6,0.0,6.1538463,-0.034678906,-0.044201925,-0.00012437644
1034,-6.6,0.5714286,6.1538463,-0.02136256,-0.049957767,0.00013887316
1035,-6.6,1.1428572,6.1538463,-0.012165743,-0.046908043,0.0002906515
1036,-6.6,1.7142857,6.1538463,-0.0030786633,-0.04867861,0.00042975077
1037,-6.6,2.2857144,6.1538463,0.0042117285,-0.049420014,0.00053606124
1038,-6.6,2.857143,6.1538463,0.013782695,-0.04838476,0.0006967195
1039,-6.6,3.4285715,6.1538463,0.02230393,-0.05047353,0.0007763306
1040,-6.6,4.0,6.1538463,0.0349478,-0.047947057,0.0008381886
1041,-6.6,0.0,5.5384617,-0.03473671,-0.043910276,-0.00014319575
1042,-6.6,0.5714286,5.5384617,-0.021326618,-0.04976716,2.4170224e-06
1043,-6.6,1.1428572,5.5384617,-0.012050894,-0.046641562,0.00012480169
1044,-6.6,1.7142857,5.5384617,-0.0030767391,-0.04846415,0.00022969228
1045,-6.6,2.2857144,5.5384617,0.004294441,-0.049149152,0.00032986896
1046,-6.6,2.857143,5.5384617,0.01378261,-0.04816968,0.00040258386
1047,-6.6,3.4285715,5.5384617,0.022336302,-0.050203618,0.0005786619
1048,-6.6,4.0,5.5384617,0.03492779,-0.047758143,0.00084048347
1049,-6.6,0.0,4.923077,-0.034465842,-0.04380042,-0.00019519536
1050,-6.6,0.5714286,4.923077,-0.02124579,-0.0495971,-0.0001031286
1051,-6.6,1.1428572,4.923077,-0.012023348,-0.046474826,-2.8096176e-05
1052,-6.6,1.7142857,4.923077,-0.0030341453,-0.048297625,3.9483915e-05
1053,-6.6,2.2857144,4.923077,0.004308663,-0.048964873,9.2953815e-05
1054,-6.6,2.857143,4.923077,0.01379665,-0.048005063,0.0001765409
1055,-6.6,3.4285715,4.923077,0.022332268,-0.050022352,0.00019075618
1056,-6.6,4.0,4.923077,0.034858998,-0.047595438,0.00021165723
1057,-6.6,0.0,4.3076925,-0.03448112,-0.043704245,-0.00024049217
1058,-6.6,0.5714286,4.3076925,-0.021225296,-0.049519368,-0.00019606268
1059,-6.6,1.1428572,4.3076925,-0.011989701,-0.046385873,-0.00017014846
1060,-6.6,1.7142857,4.3076925,-0.0030338136,-0.048212424,-0.00014798295
1061,-6.6,2.2857144,4.3076925,0.004325078,-0.048870344,-0.00012408389
1062,-6.6,2.857143,4.3076925,0.013787549,-0.047918957,-0.00011908662
1063,-6.6,3.4285715,4.3076925,0.02232575,-0.049926654,-3.6752128e-05
1064,-6.6,4.0,4.3076925,0.034843035,-0.0475193,6.960384e-05
1065,-6.6,0.0,3.6923077,-0.034487326,-0.04370412,-0.00023881992
1066,-6.6,0.5714286,3.6923077,-0.021231536,-0.0495194,-0.00028273228
1067,-6.6,1.1428572,3.6923077,-0.011995953,-0.04638582,-0.0003095259
1068,-6.6,1.7142857,3.6923077,-0.0030400301,-0.048212413,-0.0003311353
1069,-6.6,2.2857144,3.6923077,0.0043188147,-0.04887031,-0.00035587425
1070,-6.6,2.857143,3.6923077,0.0137813315,-0.047918946,-0.00036033348
1071,-6.6,3.4285715,3.6923077,0.022319468,-0.049926624,-0.00044351575
1072,-6.6,4.0,3.6923077,0.034836777,-0.04751931,-0.00054938596
1073,-6.6,0.0,3.0769231,-0.034484666,-0.043800548,-0.00028378243
1074,-6.6,0.5714286,3.0769231,-0.02126436,-0.049596895,-0.00037589105
1075,-6.6,1.1428572,3.0769231,-0.012042163,-0.046474833,-0.00045134703
1076,-6.6,1.7142857,3.0769231,-0.0030527592,-0.048297506,-0.000518827
1077,-6.6,2.2857144,3.0769231,0.0042898455,-0.048964836,-0.0005726888
1078,-6.6,2.857143,3.0769231,0.013778015,-0.04800498,-0.0006561801
1079,-6.6,3.4285715,3.0769231,0.02231344,-0.05002229,-0.0006708103
1080,-6.6,4.0,3.0769231,0.034840345,-0.047595378,-0.00069167535
1081,-6.6,0.0,2.4615386,-0.034767944,-0.043910094,-0.00033578853
1082,-6.6,0.5714286,2.4615386,-0.021357672,-0.049767103,-0.00048159028
1083,-6.6,1.1428572,2.4615386,-0.012082211,-0.04664143,-0.00060408417
1084,-6.6,1.7142857,2.4615386,-0.0031077887,-0.04846401,-0.00070918334
1085,-6.6,2.2857144,2.4615386,0.004263092,-0.04914909,-0.0008094605
1086,-6.6,2.857143,2.4615386,0.013751539,-0.04816952,-0.00088236865
1087,-6.6,3.4285715,2.4615386,0.022304904,-0.050203584,-0.0010585675
1088,-6.6,4.0,2.4615386,0.034896616,-0.047757998,-0.0013206181
1089,-6.6,0.0,1.8461539,-0.034722775,-0.04420189,-0.0003543859
1090,-6.6,0.5714286,1.8461539,-0.02140593,-0.04995745,-0.00061797287
1091,-6.6,1.1428572,1.8461539,-0.012209633,-0.04690801,-0.00076996663
1092,-6.6,1.7142857,1.8461539,-0.0031221109,-0.048678353,-0.0009092318
1093,-6.6,2.2857144,1.8461539,0.0041678143,-0.049419984,-0.0010156597
1094,-6.6,2.857143,1.8461539,0.013739206,-0.048384525,-0.0011765009
1095,-6.6,3.4285715,1.8461539,0.022259979,-0.050473496,-0.0012562464
1096,-6.6,4.0,1.8461539,0.034904238,-0.04794684,-0.0013183772
1097,-6.6,0.0,1.2307693,-0.03522355,-0.044406403,-0.0006220518
1098,-6.6,0.5714286,1.2307693,-0.021562712,-0.05028257,-0.0007226847
1099,-6.6,1.1428572,1.2307693,-0.012204692,-0.047158863,-0.0009343534
1100,-6.6,1.7142857,1.2307693,-0.0032288411,-0.04897807,-0.0011164412
1101,-6.6,2.2857144,1.2307693,0.0041276203,-0.049699746,-0.0012602881
1102,-6.6,2.857143,1.2307693,0.013622652,-0.04867512,-0.0013716775
1103,-6.6,3.4285715,1.2307693,0.022212943,-0.05073849,-0.0015757751
1104,-6.6,4.0,1.2307693,0.034930114,-0.048229396,-0.001997152
1105,-6.6,0.0,0.61538464,-0.03489804,-0.044655774,-0.0001280703
1106,-6.6,0.5714286,0.61538464,-0.02155484,-0.05049886,-0.0007880207
1107,-6.6,1.1428572,0.61538464,-0.012188907,-0.04736856,-0.0010999484
1108,-6.6,1.7142857,0.61538464,-0.0032933592,-0.04934219,-0.0013025857
1109,-6.6,2.2857144,0.61538464,0.0040836483,-0.04989146,-0.001461175
1110,-6.6,2.857143,0.61538464,0.013429704,-0.049056906,-0.0016322493
1111,-6.6,3.4285715,0.61538464,0.022128178,-0.05090355,-0.0017947879
1112,-6.6,4.0,0.61538464,0.03476453,-0.04857779,-0.0016846003
1113,-6.6,0.0,0.0,-0.03429292,-0.04569949,-0.00015230729
1114,-6.6,0.5714286,0.0,-0.020742752,-0.05082142,-0.00037628168
1115,-6.6,1.1428572,0.0,-0.011448787,-0.047776394,-0.0011960436
1116,-6.6,1.7142857,0.0,-0.0030200025,-0.049599618,-0.0014896886
1117,-6.6,2.2857144,0.0,0.004287685,-0.05008183,-0.0016407587
1118,-6.6,2.857143,0.0,0.0132931685,-0.0493571,-0.0019046119
1119,-6.6,3.4285715,0.0,0.021922953,-0.05102308,-0.0019036791
1120,-6.6,4.0,0.0,0.0344888,-0.04887042,-0.0025992373
1121,-6.0,0.0,8.0,-0.032196376,-0.06476369,-0.0015079672
1122,-6.0,0.5714286,8.0,-0.020880973,-0.062433578,-0.0008100133
1123,-6.0,1.1428572,8.0,-0.010653344,-0.064840615,-0.0003883889
1124,-6.0,1.7142857,8.0,-0.0035145788,-0.06421527,0.00041936006
1125,-6.0,2.2857144,8.0,0.004684073,-0.063889146,0.00084408186
1126,-6.0,2.857143,8.0,0.0118831135,-0.065230206,0.0013818417
1127,-6.0,3.4285715,8.0,0.021796158,-0.06309599,0.0018820396
1128,-6.0,4.0,8.0,0.032752223,-0.06526151,0.0017091497
1129,-6.0,0.0,7.3846154,-0.03293796,-0.06440954,-0.0012719142
1130,-6.0,0.5714286,7.3846154,-0.021551728,-0.0616409,-0.00074822386
1131,-6.0,1.1428572,7.3846154,-0.011059916,-0.06424422,-0.00015825589
1132,-6.0,1.7142857,7.3846154,-0.0039203716,-0.06367785,0.00030810887
1133,-6.0,2.2857144,7.3846154,0.004683306,-0.06332024,0.0007993641
1134,-6.0,2.857143,7.3846154,0.011895947,-0.06486134,0.0011195398
1135,-6.0,3.4285715,7.3846154,0.022147106,-0.06254252,0.0015389326
1136,-6.0,4.0,7.3846154,0.03306704,-0.06497285,0.002252439
1137,-6.0,0.0,6.769231,-0.03273827,-0.06373634,-0.0010168063
1138,-6.0,0.5714286,6.769231,-0.021821884,-0.061112627,-0.0005244633
1139,-6.0,1.1428572,6.769231,-0.011126306,-0.063737884,-9.8748955e-05
1140,-6.0,1.7142857,6.769231,-0.003976752,-0.06331457,0.00027894185
1141,-6.0,2.2857144,6.769231,0.004797611,-0.06276277,0.00059276616
1142,-6.0,2.857143,6.769231,0.01197664,-0.06456428,0.0009689982
1143,-6.0,3.4285715,6.769231,0.02237803,-0.061984085,0.0012259169
1144,-6.0,4.0,6.769231,0.032973383,-0.06468149,0.0013498854
1145,-6.0,0.0,6.1538463,-0.03268732,-0.063317284,-0.0007078109
1146,-6.0,0.5714286,6.1538463,-0.021720944,-0.06081119,-0.00041827635
1147,-6.0,1.1428572,6.1538463,-0.011025484,-0.063306294,-0.00011196089
1148,-6.0,1.7142857,6.1538463,-0.00397359,-0.06294658,0.00017364035
1149,-6.0,2.2857144,6.1538463,0.004905875,-0.06237675,0.00045842063
1150,-6.0,2.857143,6.1538463,0.012021995,-0.06417854,0.0006675211
1151,-6.0,3.4285715,6.1538463,0.022444878,-0.061621137,0.0010006641
1152,-6.0,4.0,6.1538463,0.033007357,-0.064330764,0.0014296618
1153,-6.0,0.0,5.5384617,-0.032434102,-0.06304339,-0.00060881366
1154,-6.0,0.5714286,5.5384617,-0.021622742,-0.060430415,-0.00035109048
1155,-6.0,1.1428572,5.5384617,-0.011028671,-0.06305002,-0.00013065695
1156,-6.0,1.7142857,5.5384617,-0.0038802256,-0.06260446,6.448645e-05
1157,-6.0,2.2857144,5.5384617,0.004899108,-0.06209832,0.000250811
1158,-6.0,2.857143,5.5384617,0.012092119,-0.06384848,0.00046055386
1159,-6.0,3.4285715,5.5384617,0.022428883,-0.0613449,0.0005907341
1160,-6.0,4.0,5.5384617,0.032938436,-0.06400128,0.00070211
1161,-6.0,0.0,4.923077,-0.03241546,-0.062815234,-0.0004381271
1162,-6.0,0.5714286,4.923077,-0.021541335,-0.06024051,-0.00030739076
1163,-6.0,1.1428572,4.923077,-0.010970496,-0.06282783,-0.000177823
1164,-6.0,1.7142857,4.923077,-0.0038609577,-0.062389545,-5.4326516e-05
1165,-6.0,2.2857144,4.923077,0.0049259323,-0.061896056,6.278439e-05
1166,-6.0,2.857143,4.923077,0.012096249,-0.06361988,0.0001573201
1167,-6.0,3.4285715,4.923077,0.022410048,-0.061153613,0.00033558955
1168,-6.0,4.0,4.923077,0.03293291,-0.0637905,0.00054839096
1169,-6.0,0.0,4.3076925,-0.03231811,-0.06271919,-0.0003198602
1170,-6.0,0.5714286,4.3076925,-0.021506123,-0.06012028,-0.0002644025
1171,-6.0,1.1428572,4.3076925,-0.010965011,-0.062728845,-0.00022011818
1172,-6.0,1.7142857,4.3076925,-0.0038371573,-0.06227466,-0.00018398532
1173,-6.0,2.2857144,4.3076925,0.004919819,-0.06179174,-0.00014428754
1174,-6.0,2.857143,4.3076925,0.0121029755,-0.06350751,-9.3673705e-05
1175,-6.0,3.4285715,4.3076925,0.022393683,-0.06104966,-0.00010921907
1176,-6.0,4.0,4.3076925,0.03289209,-0.06367679,-0.00013363623
1177,-6.0,0.0,3.6923077,-0.03232432,-0.06271919,-0.00017084704
1178,-6.0,0.5714286,3.6923077,-0.021512358,-0.06012022,-0.00022741558
1179,-6.0,1.1428572,3.6923077,-0.010971213,-0.06272882,-0.00027095794
1180,-6.0,1.7142857,3.6923077,-0.0038434314,-0.062274616,-0.00030809807
1181,-6.0,2.2857144,3.6923077,0.004913619,-0.061791714,-0.00034704647
1182,-6.0,2.857143,3.6923077,0.012096696,-0.06350747,-0.00039864858
1183,-6.0,3.4285715,3.6923077,0.022387484,-0.061049636,-0.00038239436
1184,-6.0,4.0,3.6923077,0.032885823,-0.063676715,-0.00035901213
1185,-6.0,0.0,3.0769231,-0.032434,-0.062814996,-5.2993266e-05
1186,-6.0,0.5714286,3.0769231,-0.021560168,-0.060240522,-0.00018412035
1187,-6.0,1.1428572,3.0769231,-0.010989089,-0.06282766,-0.0003135462
1188,-6.0,1.7142857,3.0769231,-0.0038797748,-0.06238949,-0.00043746477
1189,-6.0,2.2857144,3.0769231,0.004907323,-0.061895926,-0.0005544031
1190,-6.0,2.857143,3.0769231,0.012077418,-0.06361981,-0.00064936205
1191,-6.0,3.4285715,3.0769231,0.022391403,-0.061153512,-0.00082747627
1192,-6.0,4.0,3.0769231,0.032914013,-0.06379042,-0.0010407486
1193,-6.0,0.0,2.4615386,-0.032465078,-0.06304325,0.00011772765
1194,-6.0,0.5714286,2.4615386,-0.02165403,-0.06043022,-0.00014021121
1195,-6.0,1.1428572,2.4615386,-0.011059687,-0.06304985,-0.00036090825
1196,-6.0,1.7142857,2.4615386,-0.0039115744,-0.06260432,-0.0005560864
1197,-6.0,2.2857144,2.4615386,0.0048680725,-0.062098105,-0.0007426133
1198,-6.0,2.857143,2.4615386,0.0120607475,-0.06384839,-0.0009524101
1199,-6.0,3.4285715,2.4615386,0.022397812,-0.06134466,-0.001082809
1200,-6.0,4.0,2.4615386,0.032907028,-0.06400119,-0.0011943269
1201,-6.0,0.0,1.8461539,-0.032730628,-0.063316956,0.00021650935
1202,-6.0,0.5714286,1.8461539,-0.021764839,-0.06081112,-7.310908e-05
1203,-6.0,1.1428572,1.8461539,-0.0110688815,-0.06330596,-0.00037953522
1204,-6.0,1.7142857,1.8461539,-0.0040175053,-0.062946476,-0.0006652837
1205,-6.0,2.2857144,1.8461539,0.004862439,-0.06237642,-0.000950192
1206,-6.0,2.857143,1.8461539,0.011978049,-0.06417845,-0.0011594032
1207,-6.0,3.4285715,1.8461539,0.022401372,-0.061620817,-0.0014927067
1208,-6.0,4.0,1.8461539,0.032963287,-0.06433068,-0.0019218493
1209,-6.0,0.0,1.2307693,-0.032794155,-0.06373612,0.0005258138
1210,-6.0,0.5714286,1.2307693,-0.021878064,-0.06111225,3.31978e-05
1211,-6.0,1.1428572,1.2307693,-0.011182323,-0.0637377,-0.00039281696
1212,-6.0,1.7142857,1.2307693,-0.004033015,-0.063314304,-0.0007705588
1213,-6.0,2.2857144,1.2307693,0.004741546,-0.06276246,-0.001084544
1214,-6.0,2.857143,1.2307693,0.011920347,-0.06456413,-0.0014608765
1215,-6.0,3.4285715,1.2307693,0.022321895,-0.06198371,-0.0017179634
1216,-6.0,4.0,1.2307693,0.032917008,-0.06468135,-0.0018421584
1217,-6.0,0.0,0.61538464,-0.03300651,-0.064409755,0.00078056956
1218,-6.0,0.5714286,0.61538464,-0.021620205,-0.06164023,0.00025681447
1219,-6.0,1.1428572,0.61538464,-0.011128651,-0.0642442,-0.00033324154
1220,-6.0,1.7142857,0.61538464,-0.0039889007,-0.06367735,-0.0007997524
1221,-6.0,2.2857144,0.61538464,0.0046145422,-0.06332009,-0.0012911413
1222,-6.0,2.857143,0.61538464,0.011827377,-0.06486097,-0.0016114083
1223,-6.0,3.4285715,0.61538464,0.022078272,-0.0625423,-0.002030985
1224,-6.0,4.0,0.61538464,0.032998286,-0.06497253,-0.002744586
1225,-6.0,0.0,0.0,-0.032277364,-0.0647633,0.0010170751
1226,-6.0,0.5714286,0.0,-0.020962007,-0.06243319,0.0003186951
1227,-6.0,1.1428572,0.0,-0.010734483,-0.06484041,-0.00010316112
1228,-6.0,1.7142857,0.0,-0.0035956725,-0.06421477,-0.0009110012
1229,-6.0,2.2857144,0.0,0.004602903,-0.063889,-0.0013358598
1230,-6.0,2.857143,0.0,0.011802021,-0.0652297,-0.0018737114
1231,-6.0,3.4285715,0.0,0.021714935,-0.06309582,-0.0023740712
1232,-6.0,4.0,0.0,0.03267103,-0.06526102,-0.0022014321
1233,-5.4,0.0,8.0,-0.032207645,-0.07722878,-0.0029510676
1234,-5.4,0.5714286,8.0,-0.018980592,-0.07902519,-0.0018054416
1235,-5.4,1.1428572,8.0,-0.011299617,-0.07826614,-0.0007588949
1236,-5.4,1.7142857,8.0,-0.0026097863,-0.07850158,-0.00020091537
1237,-5.4,2.2857144,8.0,0.0032393304,-0.079446524,0.0008434808
1238,-5.4,2.857143,8.0,0.011906816,-0.07741598,0.0013873788
1239,-5.4,3.4285715,8.0,0.019651886,-0.07968227,0.0020981575
1240,-5.4,4.0,8.0,0.0322202,-0.07679154,0.0034125373
1241,-5.4,0.0,7.3846154,-0.032777134,-0.07605308,-0.002079954
1242,-5.4,0.5714286,7.3846154,-0.019475657,-0.07824001,-0.00143501
1243,-5.4,1.1428572,7.3846154,-0.011753352,-0.07743249,-0.00074879953
1244,-5.4,1.7142857,7.3846154,-0.002705302,-0.077661164,1.7141343e-05
1245,-5.4,2.2857144,7.3846154,0.003122519,-0.07879442,0.0005596488
1246,-5.4,2.857143,7.3846154,0.012177216,-0.07657777,0.0012962439
1247,-5.4,3.4285715,7.3846154,0.019926328,-0.079165466,0.0018068017
1248,-5.4,4.0,7.3846154,0.032602336,-0.075942144,0.0020126796
1249,-5.4,0.0,6.769231,-0.032997645,-0.07549954,-0.0017435256
1250,-5.4,0.5714286,6.769231,-0.019471422,-0.077524535,-0.0011407565
1251,-5.4,1.1428572,6.769231,-0.011966397,-0.07681024,-0.00055615196
1252,-5.4,1.7142857,6.769231,-0.0026479925,-0.07692468,-2.7975308e-05
1253,-5.4,2.2857144,6.769231,0.0031145725,-0.07832121,0.00054668495
1254,-5.4,2.857143,6.769231,0.012407125,-0.075816736,0.0009603458
1255,-5.4,3.4285715,6.769231,0.02001,-0.078761734,0.0015207678
1256,-5.4,4.0,6.769231,0.03282513,-0.07525247,0.0022315464
1257,-5.4,0.0,6.1538463,-0.032784726,-0.074949056,-0.0013374762
1258,-5.4,0.5714286,6.1538463,-0.019428415,-0.07691083,-0.00088393607
1259,-5.4,1.1428572,6.1538463,-0.0119536035,-0.07634295,-0.000445897
1260,-5.4,1.7142857,6.1538463,-0.0025724403,-0.076398686,-1.8020788e-05
1261,-5.4,2.2857144,6.1538463,0.0031506936,-0.07781764,0.00035281724
1262,-5.4,2.857143,6.1538463,0.012518447,-0.075346395,0.00079097063
1263,-5.4,3.4285715,6.1538463,0.020056425,-0.078255095,0.0010842768
1264,-5.4,4.0,6.1538463,0.03276997,-0.07477106,0.0013226513
1265,-5.4,0.0,5.5384617,-0.032658514,-0.074509814,-0.0009772035
1266,-5.4,0.5714286,5.5384617,-0.019352976,-0.07659319,-0.0006770901
1267,-5.4,1.1428572,5.5384617,-0.011860118,-0.07589579,-0.00037367464
1268,-5.4,1.7142857,5.5384617,-0.0025831598,-0.07605486,-7.1828e-05
1269,-5.4,2.2857144,5.5384617,0.0032327967,-0.07740723,0.0002184943
1270,-5.4,2.857143,5.5384617,0.012499654,-0.074992746,0.00046501987
1271,-5.4,3.4285715,5.5384617,0.020091103,-0.077863835,0.000803296
1272,-5.4,4.0,5.5384617,0.032736633,-0.07445009,0.0011816036
1273,-5.4,0.0,4.923077,-0.032500815,-0.074238494,-0.0006955031
1274,-5.4,0.5714286,4.923077,-0.019309143,-0.07630109,-0.0004924995
1275,-5.4,1.1428572,4.923077,-0.011822788,-0.075646944,-0.00030999648
1276,-5.4,1.7142857,4.923077,-0.0025524148,-0.07579891,-0.00013903897
1277,-5.4,2.2857144,4.923077,0.0032433104,-0.07713675,3.0147521e-05
1278,-5.4,2.857143,4.923077,0.012507016,-0.074759424,0.00021284736
1279,-5.4,3.4285715,4.923077,0.020081414,-0.07758504,0.00031492798
1280,-5.4,4.0,4.923077,0.032648455,-0.0742103,0.0004109907
1281,-5.4,0.0,4.3076925,-0.03246364,-0.07409675,-0.00038108884
1282,-5.4,0.5714286,4.3076925,-0.019275628,-0.07618426,-0.00033425068
1283,-5.4,1.1428572,4.3076925,-0.011793762,-0.07550356,-0.00027439566
1284,-5.4,1.7142857,4.3076925,-0.0025542078,-0.07567633,-0.000209019
1285,-5.4,2.2857144,4.3076925,0.0032575615,-0.07700235,-0.00015626418
1286,-5.4,2.857143,4.3076925,0.012492349,-0.07463336,-0.000112333
1287,-5.4,3.4285715,4.3076925,0.020072615,-0.07745655,-6.276667e-07
1288,-5.4,4.0,4.3076925,0.032629568,-0.074095726,0.00011777465
1289,-5.4,0.0,3.6923077,-0.032469917,-0.074096724,-0.00012295292
1290,-5.4,0.5714286,3.6923077,-0.019281847,-0.07618422,-0.00016877778
1291,-5.4,1.1428572,3.6923077,-0.011800042,-0.075503506,-0.00022988368
1292,-5.4,1.7142857,3.6923077,-0.0025603902,-0.075676285,-0.00029425454
1293,-5.4,2.2857144,3.6923077,0.003251272,-0.077002294,-0.00034819753
1294,-5.4,2.857143,3.6923077,0.012486163,-0.07463332,-0.00039115894
1295,-5.4,3.4285715,3.6923077,0.020066308,-0.0774565,-0.0005040468
1296,-5.4,4.0,3.6923077,0.032623336,-0.07409573,-0.00062154204
1297,-5.4,0.0,3.0769231,-0.03251959,-0.07423848,0.00019202236
1298,-5.4,0.5714286,3.0769231,-0.01932767,-0.07630086,-1.0936893e-05
1299,-5.4,1.1428572,3.0769231,-0.011841613,-0.07564687,-0.0001938858
1300,-5.4,1.7142857,3.0769231,-0.002571001,-0.07579873,-0.0003646169
1301,-5.4,2.2857144,3.0769231,0.0032244776,-0.07713665,-0.0005342339
1302,-5.4,2.857143,3.0769231,0.012488418,-0.07475926,-0.0007167008
1303,-5.4,3.4285715,3.0769231,0.02006257,-0.07758492,-0.0008192475
1304,-5.4,4.0,3.0769231,0.032629844,-0.07421015,-0.0009151355
1305,-5.4,0.0,2.4615386,-0.032689817,-0.07450961,0.00047368783
1306,-5.4,0.5714286,2.4615386,-0.019383982,-0.07659298,0.000173434
1307,-5.4,1.1428572,2.4615386,-0.0118914675,-0.075895585,-0.00012997081
1308,-5.4,1.7142857,2.4615386,-0.00261416,-0.0760546,-0.00043205172
1309,-5.4,2.2857144,2.4615386,0.003201427,-0.077407084,-0.00072235655
1310,-5.4,2.857143,2.4615386,0.012468629,-0.07499245,-0.0009690914
1311,-5.4,3.4285715,2.4615386,0.02005969,-0.07786372,-0.0013073882
1312,-5.4,4.0,2.4615386,0.032705493,-0.07444981,-0.0016859288
1313,-5.4,0.0,1.8461539,-0.032828532,-0.07494889,0.00083426404
1314,-5.4,0.5714286,1.8461539,-0.019471724,-0.076910414,0.00038038267
1315,-5.4,1.1428572,1.8461539,-0.011997523,-0.07634277,-5.7833266e-05
1316,-5.4,1.7142857,1.8461539,-0.002615828,-0.076398276,-0.0004857937
1317,-5.4,2.2857144,1.8461539,0.0031067436,-0.077817485,-0.0008567235
1318,-5.4,2.857143,1.8461539,0.012475029,-0.075345956,-0.0012949959
1319,-5.4,3.4285715,1.8461539,0.020012433,-0.07825495,-0.001588413
1320,-5.4,4.0,1.8461539,0.032726474,-0.07477063,-0.0018270068
1321,-5.4,0.0,1.2307693,-0.033053834,-0.0754992,0.0012399452
1322,-5.4,0.5714286,1.2307693,-0.019527378,-0.07752424,0.00063709094
1323,-5.4,1.1428572,1.2307693,-0.012022668,-0.07680986,5.2509946e-05
1324,-5.4,1.7142857,1.2307693,-0.0027039936,-0.076924294,-0.0004758855
1325,-5.4,2.2857144,1.2307693,0.0030582712,-0.07832094,-0.0010505662
1326,-5.4,2.857143,1.2307693,0.012351074,-0.07581625,-0.0014643805
1327,-5.4,3.4285715,1.2307693,0.019953635,-0.078761555,-0.0020248853
1328,-5.4,4.0,1.2307693,0.0327689,-0.075252,-0.0027358162
1329,-5.4,0.0,0.61538464,-0.032845482,-0.07605233,0.0015768328
1330,-5.4,0.5714286,0.61538464,-0.019544272,-0.07823987,0.00093147904
1331,-5.4,1.1428572,0.61538464,-0.011821869,-0.07743185,0.0002450522
1332,-5.4,1.7142857,0.61538464,-0.0027740295,-0.077660926,-0.0005209499
1333,-5.4,2.2857144,0.61538464,0.0030539664,-0.07879389,-0.0010635527
1334,-5.4,2.857143,0.61538464,0.012108457,-0.07657743,-0.0018002617
1335,-5.4,3.4285715,0.61538464,0.019857705,-0.07916499,-0.002310916
1336,-5.4,4.0,0.61538464,0.032533467,-0.07594177,-0.002517085
1337,-5.4,0.0,0.0,-0.032288555,-0.07722824,0.0024473418
1338,-5.4,0.5714286,0.0,-0.01906175,-0.07902483,0.0013017891
1339,-5.4,1.1428572,0.0,-0.011380645,-0.07826552,0.0002552088
1340,-5.4,1.7142857,0.0,-0.0026909746,-0.078501284,-0.00030292728
1341,-5.4,2.2857144,0.0,0.0031582918,-0.07944586,-0.0013473727
1342,-5.4,2.857143,0.0,0.011825598,-0.077415705,-0.0018913938
1343,-5.4,3.4285715,0.0,0.019570783,-0.07968162,-0.002602278
1344,-5.4,4.0,0.0,0.0321388,-0.07679126,-0.0039167553
1345,-4.8,0.0,8.0,-0.02863433,-0.09170163,-0.0031860024
1346,-4.8,0.5714286,8.0,-0.019611752,-0.09203363,-0.0024477409
1347,-4.8,1.1428572,8.0,-0.009208397,-0.09247123,-0.0014774395
1348,-4.8,1.7142857,8.0,-0.0041602817,-0.09317605,-0.0001336412
1349,-4.8,2.2857144,8.0,0.0041547157,-0.09152271,0.00052170537
1350,-4.8,2.857143,8.0,0.009418156,-0.09381881,0.0017812492
1351,-4.8,3.4285715,8.0,0.019536255,-0.090373136,0.0026265592
1352,-4.8,4.0,8.0,0.028987918,-0.09321289,0.0028124223
1353,-4.8,0.0,7.3846154,-0.028975962,-0.09076701,-0.0031136647
1354,-4.8,0.5714286,7.3846154,-0.020124791,-0.090896584,-0.0020063815
1355,-4.8,1.1428572,7.3846154,-0.0093693165,-0.09140881,-0.0010844513
1356,-4.8,1.7142857,7.3846154,-0.004387517,-0.09224923,-0.0003078105
1357,-4.8,2.2857144,7.3846154,0.0043782936,-0.09042954,0.0006780422
1358,-4.8,2.857143,7.3846154,0.009530439,-0.09307167,0.0013238573
1359,-4.8,3.4285715,7.3846154,0.020069398,-0.089270145,0.0021948805
1360,-4.8,4.0,7.3846154,0.029381761,-0.09261738,0.0033561501
1361,-4.8,0.0,6.769231,-0.028817711,-0.089712024,-0.0022791482
1362,-4.8,0.5714286,6.769231,-0.020411933,-0.090095334,-0.0016262832
1363,-4.8,1.1428572,6.769231,-0.009319925,-0.09050515,-0.00090745115
1364,-4.8,1.7142857,6.769231,-0.004507107,-0.09155478,-0.00015991309
1365,-4.8,2.2857144,6.769231,0.004574476,-0.089476176,0.00045089328
1366,-4.8,2.857143,6.769231,0.009610735,-0.092515536,0.0011989974
1367,-4.8,3.4285715,6.769231,0.020394899,-0.08831054,0.0017343079
1368,-4.8,4.0,6.769231,0.029310979,-0.092027806,0.002099626
1369,-4.8,0.0,6.1538463,-0.028718503,-0.0890398,-0.0018322439
1370,-4.8,0.5714286,6.1538463,-0.020339798,-0.08949546,-0.0012577812
1371,-4.8,1.1428572,6.1538463,-0.009296301,-0.089807145,-0.0007028458
1372,-4.8,1.7142857,6.1538463,-0.0044877836,-0.09093662,-0.00017024482
1373,-4.8,2.2857144,6.1538463,0.004664397,-0.08886927,0.00038640926
1374,-4.8,2.857143,6.1538463,0.009666733,-0.091871254,0.00083331513
1375,-4.8,3.4285715,6.1538463,0.02047001,-0.087757796,0.0014050197
1376,-4.8,4.0,6.1538463,0.029356657,-0.0914503,0.002034549
1377,-4.8,0.0,5.5384617,-0.028578954,-0.08857622,-0.0013275924
1378,-4.8,0.5714286,5.5384617,-0.02024407,-0.08893531,-0.00094043376
1379,-4.8,1.1428572,5.5384617,-0.009285399,-0.08939278,-0.0005471218
1380,-4.8,1.7142857,5.5384617,-0.004409365,-0.090425655,-0.00016618552
1381,-4.8,2.2857144,5.5384617,0.004642925,-0.08844037,0.0002015699
1382,-4.8,2.857143,5.5384617,0.009738374,-0.09139566,0.00058658747
1383,-4.8,3.4285715,5.5384617,0.020433819,-0.08732429,0.0008674748
1384,-4.8,4.0,5.5384617,0.029286796,-0.09095329,0.0011117916
1385,-4.8,0.0,4.923077,-0.028510613,-0.08825547,-0.000877837
1386,-4.8,0.5714286,4.923077,-0.020162959,-0.088640384,-0.0006566448
1387,-4.8,1.1428572,4.923077,-0.009259253,-0.08906983,-0.00042775366
1388,-4.8,1.7142857,4.923077,-0.0043868017,-0.09011444,-0.00018940578
1389,-4.8,2.2857144,4.923077,0.0046536755,-0.088152654,2.9634048e-05
1390,-4.8,2.857143,4.923077,0.009736015,-0.0910654,0.00023197621
1391,-4.8,3.4285715,4.923077,0.020408064,-0.08706264,0.0005003381
1392,-4.8,4.0,4.923077,0.02927486,-0.090651244,0.00077394117
1393,-4.8,0.0,4.3076925,-0.028456457,-0.088098995,-0.00047305168
1394,-4.8,0.5714286,4.3076925,-0.0201331,-0.088465154,-0.00038500334
1395,-4.8,1.1428572,4.3076925,-0.009249416,-0.088928,-0.0003061562
1396,-4.8,1.7142857,4.3076925,-0.004369568,-0.08995334,-0.00024072792
1397,-4.8,2.2857144,4.3076925,0.004643438,-0.088006504,-0.00015779067
1398,-4.8,2.857143,4.3076925,0.0097406395,-0.0909135,-8.0228434e-05
1399,-4.8,3.4285715,4.3076925,0.02038575,-0.086913005,-6.512335e-05
1400,-4.8,4.0,4.3076925,0.029232232,-0.09049183,-5.357091e-05
1401,-4.8,0.0,3.6923077,-0.028462566,-0.08809889,-4.187139e-05
1402,-4.8,0.5714286,3.6923077,-0.020139338,-0.0884651,-0.00013154745
1403,-4.8,1.1428572,3.6923077,-0.009255588,-0.08892795,-0.0002090577
1404,-4.8,1.7142857,3.6923077,-0.0043758727,-0.08995327,-0.00027596703
1405,-4.8,2.2857144,3.6923077,0.0046372754,-0.08800647,-0.00035761023
1406,-4.8,2.857143,3.6923077,0.009734331,-0.09091343,-0.00043659014
1407,-4.8,3.4285715,3.6923077,0.02037959,-0.08691296,-0.00045047572
1408,-4.8,4.0,3.6923077,0.02922594,-0.09049171,-0.00046346762
1409,-4.8,0.0,3.0769231,-0.02852918,-0.08825521,0.00036217718
1410,-4.8,0.5714286,3.0769231,-0.020181833,-0.08864031,0.0001406637
1411,-4.8,1.1428572,3.0769231,-0.009277805,-0.0890696,-8.79887e-05
1412,-4.8,1.7142857,3.0769231,-0.0044056447,-0.09011431,-0.00032677787
1413,-4.8,2.2857144,3.0769231,0.0046351086,-0.088152446,-0.000545521
1414,-4.8,2.857143,3.0769231,0.009717165,-0.09106527,-0.00074832066
1415,-4.8,3.4285715,3.0769231,0.020389467,-0.08706245,-0.0010163925
1416,-4.8,4.0,3.0769231,0.029255932,-0.09065112,-0.0012905009
1417,-4.8,0.0,2.4615386,-0.028609801,-0.08857595,0.0008120322
1418,-4.8,0.5714286,2.4615386,-0.020275367,-0.08893504,0.0004247001
1419,-4.8,1.1428572,2.4615386,-0.009316372,-0.08939249,3.1115025e-05
1420,-4.8,1.7142857,2.4615386,-0.0044407435,-0.09042543,-0.0003497269
1421,-4.8,2.2857144,2.4615386,0.0046119415,-0.08844002,-0.0007177151
1422,-4.8,2.857143,2.4615386,0.009706985,-0.09139549,-0.0011026632
1423,-4.8,3.4285715,2.4615386,0.020402804,-0.08732389,-0.0013837947
1424,-4.8,4.0,2.4615386,0.029255372,-0.09095312,-0.0016281393
1425,-4.8,0.0,1.8461539,-0.028761817,-0.089039326,0.0013163354
1426,-4.8,0.5714286,1.8461539,-0.020383755,-0.089495204,0.0007419543
1427,-4.8,1.1428572,1.8461539,-0.009339633,-0.08980668,0.00018695279
1428,-4.8,1.7142857,1.8461539,-0.0045317463,-0.09093637,-0.00034574987
1429,-4.8,2.2857144,1.8461539,0.0046210373,-0.08886876,-0.0009024813
1430,-4.8,2.857143,1.8461539,0.009622744,-0.09187107,-0.0013494449
1431,-4.8,3.4285715,1.8461539,0.020426586,-0.087757245,-0.0019212706
1432,-4.8,4.0,1.8461539,0.029312538,-0.09145013,-0.0025508795
1433,-4.8,0.0,1.2307693,-0.028873434,-0.08971155,0.0017637127
1434,-4.8,0.5714286,1.2307693,-0.02046817,-0.09009488,0.0011105704
1435,-4.8,1.1428572,1.2307693,-0.009375852,-0.09050468,0.00039145356
1436,-4.8,1.7142857,1.2307693,-0.004563443,-0.091554396,-0.00035601418
1437,-4.8,2.2857144,1.2307693,0.0045185094,-0.089475594,-0.00096699427
1438,-4.8,2.857143,1.2307693,0.009554378,-0.09251526,-0.0017150987
1439,-4.8,3.4285715,1.2307693,0.020338858,-0.08830986,-0.002250574
1440,-4.8,4.0,1.2307693,0.029254545,-0.09202753,-0.0026160525
1441,-4.8,0.0,0.61538464,-0.029044556,-0.09076672,0.00259767
1442,-4.8,0.5714286,0.61538464,-0.020193318,-0.09089585,0.001490527
1443,-4.8,1.1428572,0.61538464,-0.0094379885,-0.09140846,0.0005685751
1444,-4.8,1.7142857,0.61538464,-0.0044560665,-0.09224856,-0.00020819205
1445,-4.8,2.2857144,0.61538464,0.0043095774,-0.090429105,-0.0011940977
1446,-4.8,2.857143,0.61538464,0.009461852,-0.09307107,-0.0018399747
1447,-4.8,3.4285715,0.61538464,0.020000601,-0.089269675,-0.0027111322
1448,-4.8,4.0,0.61538464,0.029312981,-0.09261683,-0.0038724118
1449,-4.8,0.0,0.0,-0.028715318,-0.09170117,0.0026706934
1450,-4.8,0.5714286,0.0,-0.019692646,-0.09203287,0.0019319906
1451,-4.8,1.1428572,0.0,-0.0092896065,-0.09247078,0.0009614563
1452,-4.8,1.7142857,0.0,-0.0042412747,-0.09317526,-0.0003823105
1453,-4.8,2.2857144,0.0,0.004073487,-0.091522306,-0.0010377816
1454,-4.8,2.857143,0.0,0.009337144,-0.09381799,-0.0022973523
1455,-4.8,3.4285715,0.0,0.01945497,-0.09037274,-0.0031427804
1456,-4.8,4.0,0.0,0.028906787,-0.09321207,-0.0033288954
1457,-4.2,0.0,8.0,-0.029014535,-0.10518791,-0.0046681953
1458,-4.2,0.5714286,8.0,-0.015839392,-0.10527769,-0.002918
1459,-4.2,1.1428572,8.0,-0.01083839,-0.10623004,-0.001564814
1460,-4.2,1.7142857,8.0,-0.0019235723,-0.10506741,-0.00061539345
1461,-4.2,2.2857144,8.0,0.0013922065,-0.10723085,0.0010165168
1462,-4.2,2.857143,8.0,0.010278024,-0.103726186,0.0018018169
1463,-4.2,3.4285715,8.0,0.015802378,-0.107308105,0.0030749966
1464,-4.2,4.0,8.0,0.028628604,-0.10282951,0.004930203
1465,-4.2,0.0,7.3846154,-0.029514104,-0.103777625,-0.0033570074
1466,-4.2,0.5714286,7.3846154,-0.016049312,-0.104022466,-0.0025058333
1467,-4.2,1.1428572,7.3846154,-0.011141375,-0.105021216,-0.0014388586
1468,-4.2,1.7142857,7.3846154,-0.0017748461,-0.10374827,-0.00026533945
1469,-4.2,2.2857144,7.3846154,0.0014060162,-0.10622775,0.0005875609
1470,-4.2,2.857143,7.3846154,0.010794746,-0.10236632,0.0017684645
1471,-4.2,3.4285715,7.3846154,0.016150514,-0.106505655,0.0025882637
1472,-4.2,4.0,7.3846154,0.029212417,-0.10137881,0.003077017
1473,-4.2,0.0,6.769231,-0.029674113,-0.10289296,-0.002962197
1474,-4.2,0.5714286,6.769231,-0.015945006,-0.102906466,-0.0019896752
1475,-4.2,1.1428572,6.769231,-0.011381791,-0.10410522,-0.0011026589
1476,-4.2,1.7142857,6.769231,-0.0015785794,-0.10263379,-0.00029892687
1477,-4.2,2.2857144,6.769231,0.0013821139,-0.10547931,0.000621987
1478,-4.2,2.857143,6.769231,0.011140037,-0.10119013,0.0013092889
1479,-4.2,3.4285715,6.769231,0.016260907,-0.105869524,0.0021859608
1480,-4.2,4.0,6.769231,0.029571993,-0.10033027,0.003181322
1481,-4.2,0.0,6.1538463,-0.029537892,-0.102084816,-0.002163219
1482,-4.2,0.5714286,6.1538463,-0.015925515,-0.10206743,-0.0015515921
1483,-4.2,1.1428572,6.1538463,-0.011348309,-0.10337571,-0.0008857691
1484,-4.2,1.7142857,6.1538463,-0.001552945,-0.10186726,-0.0002026004
1485,-4.2,2.2857144,6.1538463,0.0014361336,-0.10471769,0.00040576127
1486,-4.2,2.857143,6.1538463,0.01123803,-0.10051987,0.001086672
1487,-4.2,3.4285715,6.1538463,0.016319599,-0.10508557,0.001588075
1488,-4.2,4.0,6.1538463,0.029520787,-0.099616766,0.0020192699
1489,-4.2,0.0,5.5384617,-0.02937808,-0.10146972,-0.0016106165
1490,-4.2,0.5714286,5.5384617,-0.015882388,-0.10156991,-0.0011495097
1491,-4.2,1.1428572,5.5384617,-0.011277117,-0.10275828,-0.000674193
1492,-4.2,1.7142857,5.5384617,-0.0015671273,-0.101367004,-0.00020664245
1493,-4.2,2.2857144,5.5384617,0.001503596,-0.10414476,0.0002622013
1494,-4.2,2.857143,5.5384617,0.0111978855,-0.10000672,0.0006752747
1495,-4.2,3.4285715,5.5384617,0.01636009,-0.104549795,0.0011690498
1496,-4.2,4.0,5.5384617,0.02946886,-0.09916412,0.0016569385
1497,-4.2,0.0,4.923077,-0.029268669,-0.10108918,-0.0010462048
1498,-4.2,0.5714286,4.923077,-0.015848404,-0.10118429,-0.0007750535
1499,-4.2,1.1428572,4.923077,-0.011231149,-0.102407455,-0.0004961811
1500,-4.2,1.7142857,4.923077,-0.0015625586,-0.101017594,-0.0002215149
1501,-4.2,2.2857144,4.923077,0.0015138694,-0.10377468,5.697254e-05
1502,-4.2,2.857143,4.923077,0.011190347,-0.099695615,0.0003327506
1503,-4.2,3.4285715,4.923077,0.016343063,-0.10415723,0.0005239072
1504,-4.2,4.0,4.923077,0.029377336,-0.09883368,0.0007071028
1505,-4.2,0.0,4.3076925,-0.029222492,-0.10089861,-0.0005153675
1506,-4.2,0.5714286,4.3076925,-0.01582558,-0.10102124,-0.00043769932
1507,-4.2,1.1428572,4.3076925,-0.011212381,-0.102217816,-0.00034338
1508,-4.2,1.7142857,4.3076925,-0.0015653182,-0.10085288,-0.00024213173
1509,-4.2,2.2857144,4.3076925,0.0015210563,-0.103596546,-0.00015913016
1510,-4.2,2.857143,4.3076925,0.011169613,-0.099525705,-7.595695e-05
1511,-4.2,3.4285715,4.3076925,0.016335297,-0.103991926,6.407622e-05
1512,-4.2,4.0,4.3076925,0.029353991,-0.09868187,0.00018670115
1513,-4.2,0.0,3.6923077,-0.029228883,-0.100898616,-1.3590985e-05
1514,-4.2,0.5714286,3.6923077,-0.015831795,-0.10102116,-8.941875e-05
1515,-4.2,1.1428572,3.6923077,-0.011218682,-0.102217734,-0.0001856533
1516,-4.2,1.7142857,3.6923077,-0.0015714621,-0.100852825,-0.00028517717
1517,-4.2,2.2857144,3.6923077,0.0015147283,-0.10359646,-0.00036995148
1518,-4.2,2.857143,3.6923077,0.011163475,-0.099525645,-0.00045151214
1519,-4.2,3.4285715,3.6923077,0.016328955,-0.10399185,-0.0005932429
1520,-4.2,4.0,3.6923077,0.029347807,-0.09868188,-0.0007143425
1521,-4.2,0.0,3.0769231,-0.02928739,-0.101089075,0.0005182637
1522,-4.2,0.5714286,3.0769231,-0.015866857,-0.10118402,0.0002471573
1523,-4.2,1.1428572,3.0769231,-0.011250022,-0.10240731,-3.2130276e-05
1524,-4.2,1.7142857,3.0769231,-0.0015810948,-0.10101734,-0.0003064647
1525,-4.2,2.2857144,3.0769231,0.0014950029,-0.103774525,-0.00058541127
1526,-4.2,2.857143,3.0769231,0.01117181,-0.099695355,-0.00086082343
1527,-4.2,3.4285715,3.0769231,0.016324192,-0.10415707,-0.0010524854
1528,-4.2,4.0,3.0769231,0.029358778,-0.09883341,-0.0012353557
1529,-4.2,0.0,2.4615386,-0.029409504,-0.1014694,0.0010825305
1530,-4.2,0.5714286,2.4615386,-0.015913382,-0.101569586,0.0006213725
1531,-4.2,1.1428572,2.4615386,-0.011308485,-0.10275798,0.00014619317
1532,-4.2,1.7142857,2.4615386,-0.0015980882,-0.10136662,-0.00032164532
1533,-4.2,2.2857144,2.4615386,0.0014722042,-0.10414451,-0.00079031853
1534,-4.2,2.857143,2.4615386,0.011166918,-0.10000627,-0.0012036545
1535,-4.2,3.4285715,2.4615386,0.016328668,-0.10454962,-0.0016973002
1536,-4.2,4.0,2.4615386,0.029437775,-0.09916367,-0.0021854534
1537,-4.2,0.0,1.8461539,-0.029581659,-0.102084495,0.00163559
1538,-4.2,0.5714286,1.8461539,-0.015968734,-0.102066904,0.0010235647
1539,-4.2,1.1428572,1.8461539,-0.011392302,-0.10337535,0.00035763267
1540,-4.2,1.7142857,1.8461539,-0.0015962551,-0.1018667,-0.00032555877
1541,-4.2,2.2857144,1.8461539,0.0013921268,-0.104717396,-0.0009339685
1542,-4.2,2.857143,1.8461539,0.011194709,-0.10051921,-0.0016149523
1543,-4.2,3.4285715,1.8461539,0.016275564,-0.10508535,-0.00211641
1544,-4.2,4.0,1.8461539,0.02947738,-0.099616066,-0.0025477875
1545,-4.2,0.0,1.2307693,-0.029730506,-0.10289248,0.0024340204
1546,-4.2,0.5714286,1.2307693,-0.016000891,-0.10290589,0.0014615387
1547,-4.2,1.1428572,1.2307693,-0.011438151,-0.10410473,0.00057465676
1548,-4.2,1.7142857,1.2307693,-0.0016344737,-0.102633126,-0.00022931711
1549,-4.2,2.2857144,1.2307693,0.0013257199,-0.10547893,-0.0011501319
1550,-4.2,2.857143,1.2307693,0.011084108,-0.10118932,-0.0018375935
1551,-4.2,3.4285715,1.2307693,0.016204461,-0.10586927,-0.0027142551
1552,-4.2,4.0,1.2307693,0.029515874,-0.10032948,-0.003709738
1553,-4.2,0.0,0.61538464,-0.029582398,-0.10377684,0.0028294888
1554,-4.2,0.5714286,0.61538464,-0.016117867,-0.10402199,0.001977831
1555,-4.2,1.1428572,0.61538464,-0.011209937,-0.105020426,0.00091070455
1556,-4.2,1.7142857,0.61538464,-0.001843526,-0.10374774,-0.00026280116
1557,-4.2,2.2857144,0.61538464,0.001337437,-0.10622702,-0.0011157591
1558,-4.2,2.857143,0.61538464,0.010726031,-0.102365725,-0.0022967237
1559,-4.2,3.4285715,0.61538464,0.016081871,-0.106504954,-0.00311656
1560,-4.2,4.0,0.61538464,0.029143587,-0.10137819,-0.0036056133
1561,-4.2,0.0,0.0,-0.029095465,-0.105186984,0.004139854
1562,-4.2,0.5714286,0.0,-0.015920648,-0.10527712,0.0023898617
1563,-4.2,1.1428572,0.0,-0.010919313,-0.10622914,0.001036788
1564,-4.2,1.7142857,0.0,-0.00200483,-0.105066866,8.717289e-05
1565,-4.2,2.2857144,0.0,0.0013112493,-0.10722989,-0.0015446685
1566,-4.2,2.857143,0.0,0.0101967435,-0.103725694,-0.0023300818
1567,-4.2,3.4285715,0.0,0.015721345,-0.10730713,-0.0036033008
1568,-4.2,4.0,0.0,0.028547134,-0.10282904,-0.005458516
1569,-3.6,0.0,8.0,-0.023350073,-0.11664204,-0.0045036264
1570,-3.6,0.5714286,8.0,-0.017254978,-0.11840357,-0.003471327
1571,-3.6,1.1428572,8.0,-0.0069708726,-0.11766264,-0.0019761466
1572,-3.6,1.7142857,8.0,-0.004826503,-0.119652495,-0.00021214443
1573,-3.6,2.2857144,8.0,0.0036343497,-0.11661401,0.0007872477
1574,-3.6,2.857143,8.0,0.0061250404,-0.1204357,0.0026063877
1575,-3.6,3.4285715,8.0,0.016473478,-0.115006045,0.00373491
1576,-3.6,4.0,8.0,0.023355184,-0.119602874,0.0041942215
1577,-3.6,0.0,7.3846154,-0.02342091,-0.11517749,-0.0043260567
1578,-3.6,0.5714286,7.3846154,-0.017682381,-0.116905846,-0.0027868296
1579,-3.6,1.1428572,7.3846154,-0.0068701673,-0.11613216,-0.0015279618
1580,-3.6,1.7142857,7.3846154,-0.004908238,-0.11836207,-0.00038534153
1581,-3.6,2.2857144,7.3846154,0.0041242596,-0.115034044,0.0009940073
1582,-3.6,2.857143,7.3846154,0.0063506626,-0.11940507,0.0019459937
1583,-3.6,3.4285715,7.3846154,0.017280849,-0.113350295,0.0031944108
1584,-3.6,4.0,7.3846154,0.023852816,-0.11889659,0.004719606
1585,-3.6,0.0,6.769231,-0.023175035,-0.11380125,-0.0031671259
1586,-3.6,0.5714286,6.769231,-0.017952284,-0.11580634,-0.0022843033
1587,-3.6,1.1428572,6.769231,-0.0066806977,-0.11485704,-0.0012678101
1588,-3.6,1.7142857,6.769231,-0.0050508003,-0.117386036,-0.0001972902
1589,-3.6,2.2857144,6.769231,0.0044658748,-0.11368768,0.00070609734
1590,-3.6,2.857143,6.769231,0.006438022,-0.11864069,0.0017593459
1591,-3.6,3.4285715,6.769231,0.017723806,-0.1119589,0.0025416529
1592,-3.6,4.0,6.769231,0.023831794,-0.1180568,0.0031610236
1593,-3.6,0.0,6.1538463,-0.023075486,-0.112880565,-0.002566519
1594,-3.6,0.5714286,6.1538463,-0.01788302,-0.11494544,-0.0017531798
1595,-3.6,1.1428572,6.1538463,-0.006696272,-0.113937974,-0.00097067765
1596,-3.6,1.7142857,6.1538463,-0.0050031533,-0.11652525,-0.00019833646
1597,-3.6,2.2857144,6.1538463,0.004506724,-0.11287179,0.000595953
1598,-3.6,2.857143,6.1538463,0.006502908,-0.11772176,0.0012765232
1599,-3.6,3.4285715,6.1538463,0.017797878,-0.11124035,0.002056826
1600,-3.6,4.0,6.1538463,0.023894167,-0.11725162,0.0028528317
1601,-3.6,0.0,5.5384617,-0.023008842,-0.11226219,-0.0017901802
1602,-3.6,0.5714286,5.5384617,-0.017792419,-0.11424261,-0.0012893095
1603,-3.6,1.1428572,5.5384617,-0.006696382,-0.11336883,-0.0007433572
1604,-3.6,1.7142857,5.5384617,-0.004951056,-0.115859166,-0.00018229273
1605,-3.6,2.2857144,5.5384617,0.0044726594,-0.11229693,0.0003576
1606,-3.6,2.857143,5.5384617,0.0065599093,-0.11710293,0.0009006363
1607,-3.6,3.4285715,5.5384617,0.017727533,-0.110644616,0.0013245778
1608,-3.6,4.0,5.5384617,0.023840468,-0.11657744,0.001714394
1609,-3.6,0.0,4.923077,-0.022943119,-0.11184744,-0.0011769884
1610,-3.6,0.5714286,4.923077,-0.017725231,-0.11384905,-0.0008671399
1611,-3.6,1.1428572,4.923077,-0.006692415,-0.112963535,-0.00054376654
1612,-3.6,1.7142857,4.923077,-0.0049230577,-0.11545761,-0.00020164752
1613,-3.6,2.2857144,4.923077,0.004457071,-0.11193035,0.00011495419
1614,-3.6,2.857143,4.923077,0.006552624,-0.116670735,0.00042412753
1615,-3.6,3.4285715,4.923077,0.017699124,-0.11032597,0.0007736076
1616,-3.6,4.0,4.923077,0.023825172,-0.11618622,0.001092721
1617,-3.6,0.0,4.3076925,-0.022916723,-0.111650705,-0.0005633209
1618,-3.6,0.5714286,4.3076925,-0.017699277,-0.11363625,-0.00046205032
1619,-3.6,1.1428572,4.3076925,-0.006686056,-0.11278264,-0.0003543831
1620,-3.6,1.7142857,4.3076925,-0.004916613,-0.11525685,-0.00025390385
1621,-3.6,2.2857144,4.3076925,0.004443443,-0.11174675,-0.00013214615
1622,-3.6,2.857143,4.3076925,0.0065513435,-0.11648275,-2.9924995e-05
1623,-3.6,3.4285715,4.3076925,0.017668175,-0.11013251,1.5752885e-05
1624,-3.6,4.0,4.3076925,0.023792218,-0.11598185,6.9534326e-05
1625,-3.6,0.0,3.6923077,-0.022922684,-0.11165053,2.4412571e-05
1626,-3.6,0.5714286,3.6923077,-0.017705519,-0.11363618,-7.9457466e-05
1627,-3.6,1.1428572,3.6923077,-0.0066922023,-0.11278259,-0.00018478266
1628,-3.6,1.7142857,3.6923077,-0.0049229595,-0.115256734,-0.00028757946
1629,-3.6,2.2857144,3.6923077,0.0044373367,-0.1117467,-0.0004071938
1630,-3.6,2.857143,3.6923077,0.006544985,-0.116482645,-0.0005115262
1631,-3.6,3.4285715,3.6923077,0.017662084,-0.11013243,-0.0005552333
1632,-3.6,4.0,3.6923077,0.023785869,-0.11598166,-0.00061105855
1633,-3.6,0.0,3.0769231,-0.02296175,-0.111847125,0.00063669856
1634,-3.6,0.5714286,3.0769231,-0.017744185,-0.11384889,0.00032673017
1635,-3.6,1.1428572,3.0769231,-0.0067108944,-0.112963244,3.6281776e-06
1636,-3.6,1.7142857,3.0769231,-0.004941954,-0.115457416,-0.00033893195
1637,-3.6,2.2857144,3.0769231,0.004438565,-0.11193004,-0.00065512006
1638,-3.6,2.857143,3.0769231,0.0065337396,-0.11667055,-0.0009647901
1639,-3.6,3.4285715,3.0769231,0.0176806,-0.11032565,-0.0013138271
1640,-3.6,4.0,3.0769231,0.02380622,-0.116186075,-0.0016334777
1641,-3.6,0.0,2.4615386,-0.02303955,-0.112261854,0.0012501791
1642,-3.6,0.5714286,2.4615386,-0.017823711,-0.114242226,0.00074914395
1643,-3.6,1.1428572,2.4615386,-0.006727348,-0.11336842,0.0002028864
1644,-3.6,1.7142857,2.4615386,-0.0049824496,-0.11585883,-0.0003579096
1645,-3.6,2.2857144,2.4615386,0.0044417134,-0.11229644,-0.00089812523
1646,-3.6,2.857143,2.4615386,0.0065285205,-0.11710266,-0.0014409097
1647,-3.6,3.4285715,2.4615386,0.017696584,-0.11064401,-0.0018651737
1648,-3.6,4.0,2.4615386,0.023809036,-0.1165772,-0.002254837
1649,-3.6,0.0,1.8461539,-0.02311888,-0.112879954,0.0020259845
1650,-3.6,0.5714286,1.8461539,-0.01792708,-0.114944994,0.0012129131
1651,-3.6,1.1428572,1.8461539,-0.0067395167,-0.113937385,0.00043040025
1652,-3.6,1.7142857,1.8461539,-0.005047195,-0.11652483,-0.00034202554
1653,-3.6,2.2857144,1.8461539,0.0044634566,-0.11287108,-0.0011363176
1654,-3.6,2.857143,1.8461539,0.0064588655,-0.11772147,-0.0018169115
1655,-3.6,3.4285715,1.8461539,0.017754572,-0.11123951,-0.0025972752
1656,-3.6,4.0,1.8461539,0.023850005,-0.11725144,-0.0033933036
1657,-3.6,0.0,1.2307693,-0.023230547,-0.113800585,0.0026272573
1658,-3.6,0.5714286,1.2307693,-0.018008616,-0.11580577,0.0017441557
1659,-3.6,1.1428572,1.2307693,-0.006736541,-0.11485631,0.0007273708
1660,-3.6,1.7142857,1.2307693,-0.0051072408,-0.11738554,-0.0003429339
1661,-3.6,2.2857144,1.2307693,0.0044100275,-0.1136868,-0.0012465314
1662,-3.6,2.857143,1.2307693,0.0063815713,-0.11864035,-0.0022996606
1663,-3.6,3.4285715,1.2307693,0.017667908,-0.11195784,-0.0030821394
1664,-3.6,4.0,1.2307693,0.02377527,-0.11805649,-0.0037015912
1665,-3.6,0.0,0.61538464,-0.023489635,-0.11517684,0.0037854232
1666,-3.6,0.5714286,0.61538464,-0.017750988,-0.11690499,0.0022465445
1667,-3.6,1.1428572,0.61538464,-0.006938792,-0.11613153,0.0009877001
1668,-3.6,1.7142857,0.61538464,-0.0049768332,-0.11836123,-0.00015500483
1669,-3.6,2.2857144,0.61538464,0.0040555806,-0.11503334,-0.0015343487
1670,-3.6,2.857143,0.61538464,0.006282051,-0.11940427,-0.0024863433
1671,-3.6,3.4285715,0.61538464,0.017212095,-0.113349564,-0.003734864
1672,-3.6,4.0,0.61538464,0.023784019,-0.11889582,-0.005259953
1673,-3.6,0.0,0.0,-0.023431016,-0.11664143,0.003963913
1674,-3.6,0.5714286,0.0,-0.017335774,-0.11840253,0.002931155
1675,-3.6,1.1428572,0.0,-0.007052174,-0.11766196,0.0014357198
1676,-3.6,1.7142857,0.0,-0.004907411,-0.11965143,-0.00032809298
1677,-3.6,2.2857144,0.0,0.003553048,-0.11661339,-0.0013276371
1678,-3.6,2.857143,0.0,0.006044101,-0.12043455,-0.0031466982
1679,-3.6,3.4285715,0.0,0.016392127,-0.11500547,-0.0042753224
1680,-3.6,4.0,0.0,0.023274112,-0.1196017,-0.0047348784
1681,-3.0,0.0,8.0,-0.02415062,-0.12943196,-0.0059123505
1682,-3.0,0.5714286,8.0,-0.011525164,-0.12893917,-0.0036133106
1683,-3.0,1.1428572,8.0,-0.009719375,-0.1308927,-0.001885064
1684,-3.0,1.7142857,8.0,-0.0009878989,-0.1287103,-0.00041087327
1685,-3.0,2.2857144,8.0,-0.0006871474,-0.13227427,0.001667145
1686,-3.0,2.857143,8.0,0.008132355,-0.12691195,0.0027413033
1687,-3.0,3.4285715,8.0,0.010832925,-0.13269079,0.0045080367
1688,-3.0,4.0,8.0,0.02357073,-0.12538794,0.006780358
1689,-3.0,0.0,7.3846154,-0.024589038,-0.12765035,-0.0043165293
1690,-3.0,0.5714286,7.3846154,-0.01148413,-0.12718678,-0.0031101694
1691,-3.0,1.1428572,7.3846154,-0.009889811,-0.12929322,-0.0016293598
1692,-3.0,1.7142857,7.3846154,-0.00056904,-0.12690498,-8.334528e-05
1693,-3.0,2.2857144,7.3846154,-0.0005005009,-0.13094541,0.0011555834
1694,-3.0,2.857143,7.3846154,0.008966792,-0.12505007,0.0026958743
1695,-3.0,3.4285715,7.3846154,0.011284371,-0.13174671,0.0037712546
1696,-3.0,4.0,7.3846154,0.024470158,-0.12324621,0.0045566238
1697,-3.0,0.0,6.769231,-0.024709469,-0.12640744,-0.0037069474
1698,-3.0,0.5714286,6.769231,-0.011277576,-0.1257325,-0.0024471916
1699,-3.0,1.1428572,6.769231,-0.010141321,-0.12808369,-0.0012474718
1700,-3.0,1.7142857,6.769231,-0.00023211338,-0.12543254,-0.000119415694
1701,-3.0,2.2857144,6.769231,-0.0005605839,-0.12996233,0.0011119207
1702,-3.0,2.857143,6.769231,0.009437608,-0.123439446,0.002091132
1703,-3.0,3.4285715,6.769231,0.01144008,-0.1309803,0.003238362
1704,-3.0,4.0,6.769231,0.024959927,-0.12184427,0.0044202264
1705,-3.0,0.0,6.1538463,-0.02461286,-0.1253891,-0.0026739624
1706,-3.0,0.5714286,6.1538463,-0.01127243,-0.124693386,-0.0018948925
1707,-3.0,1.1428572,6.1538463,-0.010087304,-0.1271284,-0.000991465
1708,-3.0,1.7142857,6.1538463,-0.00026601346,-0.12446417,-6.0585222e-05
1709,-3.0,2.2857144,6.1538463,-0.00048670804,-0.12896995,0.00080976187
1710,-3.0,2.857143,6.1538463,0.009471757,-0.12261294,0.0017012907
1711,-3.0,3.4285715,6.1538463,0.011475076,-0.12990014,0.0024033485
1712,-3.0,4.0,6.1538463,0.024918202,-0.12094075,0.00304356
1713,-3.0,0.0,5.5384617,-0.024457056,-0.12463557,-0.001975647
1714,-3.0,0.5714286,5.5384617,-0.011262989,-0.12405524,-0.0013875925
1715,-3.0,1.1428572,5.5384617,-0.010034615,-0.1263896,-0.0007416585
1716,-3.0,1.7142857,5.5384617,-0.0002862334,-0.12384122,-0.000104090475
1717,-3.0,2.2857144,5.5384617,-0.00045791923,-0.12826611,0.00054355955
1718,-3.0,2.857143,5.5384617,0.00940927,-0.121967286,0.0011259593
1719,-3.0,3.4285715,5.5384617,0.011518266,-0.1292545,0.0017602305
1720,-3.0,4.0,5.5384617,0.024829552,-0.12039173,0.0023118418
1721,-3.0,0.0,4.923077,-0.024397317,-0.12418601,-0.0012359911
1722,-3.0,0.5714286,4.923077,-0.011242392,-0.12361137,-0.0009144417
1723,-3.0,1.1428572,4.923077,-0.009992627,-0.12596706,-0.0005444012
1724,-3.0,1.7142857,4.923077,-0.00031004334,-0.123429514,-0.00016177176
1725,-3.0,2.2857144,4.923077,-0.0004435463,-0.12782276,0.00022757865
1726,-3.0,2.857143,4.923077,0.009375572,-0.121606745,0.00059260544
1727,-3.0,3.4285715,4.923077,0.011487824,-0.12876058,0.000869245
1728,-3.0,4.0,4.923077,0.024769833,-0.120003104,0.0011359319
1729,-3.0,0.0,4.3076925,-0.024354924,-0.12396194,-0.0006001238
1730,-3.0,0.5714286,4.3076925,-0.011232102,-0.12341683,-0.00049292366
1731,-3.0,1.1428572,4.3076925,-0.009981894,-0.12575139,-0.0003632013
1732,-3.0,1.7142857,4.3076925,-0.00031540927,-0.12323864,-0.00023116611
1733,-3.0,2.2857144,4.3076925,-0.00045041053,-0.12761688,-0.00011285372
1734,-3.0,2.857143,4.3076925,0.009349401,-0.12140843,7.792901e-06
1735,-3.0,3.4285715,4.3076925,0.011482557,-0.12857378,0.00017364953
1736,-3.0,4.0,4.3076925,0.024737027,-0.119828925,0.00028909944
1737,-3.0,0.0,3.6923077,-0.024361508,-0.12396199,4.5905133e-05
1738,-3.0,0.5714286,3.6923077,-0.011238301,-0.12341674,-5.796936e-05
1739,-3.0,1.1428572,3.6923077,-0.009988225,-0.12575126,-0.00019085951
1740,-3.0,1.7142857,3.6923077,-0.00032149727,-0.12323859,-0.00031997444
1741,-3.0,2.2857144,3.6923077,-0.00045680697,-0.12761675,-0.00044105813
1742,-3.0,2.857143,3.6923077,0.009343349,-0.12140834,-0.000559123
1743,-3.0,3.4285715,3.6923077,0.011476142,-0.12857369,-0.00072745513
1744,-3.0,4.0,3.6923077,0.024730941,-0.11982894,-0.000840494
1745,-3.0,0.0,3.0769231,-0.024415938,-0.12418583,0.00068373705
1746,-3.0,0.5714286,3.0769231,-0.011260759,-0.12361104,0.00036201466
1747,-3.0,1.1428572,3.0769231,-0.010011579,-0.12596683,-8.308255e-06
1748,-3.0,1.7142857,3.0769231,-0.00032851202,-0.12342918,-0.00039055862
1749,-3.0,2.2857144,3.0769231,-0.00046246676,-0.12782253,-0.000780393
1750,-3.0,2.857143,3.0769231,0.009357118,-0.12160635,-0.0011449202
1751,-3.0,3.4285715,3.0769231,0.011468932,-0.12876037,-0.0014221084
1752,-3.0,4.0,3.0769231,0.024751337,-0.12000262,-0.0016882857
1753,-3.0,0.0,2.4615386,-0.024488673,-0.12463509,0.001422934
1754,-3.0,0.5714286,2.4615386,-0.011294014,-0.12405483,0.0008349886
1755,-3.0,1.1428572,2.4615386,-0.010065962,-0.12638918,0.00018932518
1756,-3.0,1.7142857,2.4615386,-0.0003172012,-0.12384072,-0.00044864367
1757,-3.0,2.2857144,2.4615386,-0.0004893086,-0.12826572,-0.0010959161
1758,-3.0,2.857143,2.4615386,0.0093783485,-0.12196663,-0.0016786981
1759,-3.0,3.4285715,2.4615386,0.011486879,-0.12925427,-0.0023126162
1760,-3.0,4.0,2.4615386,0.024798525,-0.12039103,-0.0028645801
1761,-3.0,0.0,1.8461539,-0.024656542,-0.12538864,0.0021219528
1762,-3.0,0.5714286,1.8461539,-0.011315578,-0.12469277,0.0013424103
1763,-3.0,1.1428572,1.8461539,-0.010131397,-0.12712787,0.00043890157
1764,-3.0,1.7142857,1.8461539,-0.00030923862,-0.12446347,-0.0004918899
1765,-3.0,2.2857144,1.8461539,-0.0005307968,-0.12896949,-0.0013623049
1766,-3.0,2.857143,1.8461539,0.009428565,-0.122612,-0.0022538074
1767,-3.0,3.4285715,1.8461539,0.011431003,-0.12989989,-0.00295591
1768,-3.0,4.0,1.8461539,0.024874907,-0.12093963,-0.0035962185
1769,-3.0,0.0,1.2307693,-0.024766183,-0.12640676,0.0031541837
1770,-3.0,0.5714286,1.2307693,-0.011333417,-0.12573172,0.0018945902
1771,-3.0,1.1428572,1.2307693,-0.010197767,-0.1280831,0.00069513626
1772,-3.0,1.7142857,1.2307693,-0.000287925,-0.12543163,-0.00043322807
1773,-3.0,2.2857144,1.2307693,-0.00061708223,-0.12996185,-0.0016643035
1774,-3.0,2.857143,1.2307693,0.009381811,-0.12343827,-0.00264372
1775,-3.0,3.4285715,1.2307693,0.01138356,-0.13098006,-0.0037908163
1776,-3.0,4.0,1.2307693,0.02490395,-0.12184301,-0.004972802
1777,-3.0,0.0,0.61538464,-0.024657229,-0.12764952,0.0037646398
1778,-3.0,0.5714286,0.61538464,-0.011552657,-0.12718603,0.0025576951
1779,-3.0,1.1428572,0.61538464,-0.009958452,-0.1292923,0.001076821
1780,-3.0,1.7142857,0.61538464,-0.00063768565,-0.12690419,-0.0004691222
1781,-3.0,2.2857144,0.61538464,-0.0005691312,-0.1309445,-0.0017080606
1782,-3.0,2.857143,0.61538464,0.008898118,-0.12504922,-0.0032483647
1783,-3.0,3.4285715,0.61538464,0.011215714,-0.1317458,-0.004323725
1784,-3.0,4.0,0.61538464,0.024401357,-0.12324531,-0.005109423
1785,-3.0,0.0,0.0,-0.024231702,-0.12943076,0.0053593814
1786,-3.0,0.5714286,0.0,-0.011606539,-0.1289384,0.0030607197
1787,-3.0,1.1428572,0.0,-0.009800202,-0.13089156,0.0013327114
1788,-3.0,1.7142857,0.0,-0.0010692573,-0.12870954,-0.00014171726
1789,-3.0,2.2857144,0.0,-0.0007680317,-0.13227302,-0.002219531
1790,-3.0,2.857143,0.0,0.008050997,-0.12691128,-0.0032938127
1791,-3.0,3.4285715,0.0,0.010751961,-0.13268945,-0.005060505
1792,-3.0,4.0,0.0,0.0234892,-0.12538733,-0.007332755
1793,-2.4,0.0,8.0,-0.016432665,-0.13853619,-0.005560823
1794,-2.4,0.5714286,8.0,-0.013575373,-0.1406866,-0.004010526
1795,-2.4,1.1428572,8.0,-0.0042510857,-0.13953063,-0.0018853063
1796,-2.4,1.7142857,8.0,-0.005089974,-0.14253269,0.00023952071
1797,-2.4,2.2857144,8.0,0.0029154182,-0.13831653,0.0017944574
1798,-2.4,2.857143,8.0,0.0022991959,-0.14418976,0.0040775333
1799,-2.4,3.4285715,8.0,0.012239991,-0.13580456,0.005367812
1800,-2.4,4.0,8.0,0.0164141,-0.14365901,0.0060862456
1801,-2.4,0.0,7.3846154,-0.016270507,-0.1365406,-0.0050621675
1802,-2.4,0.5714286,7.3846154,-0.013903957,-0.13875712,-0.0031621314
1803,-2.4,1.1428572,7.3846154,-0.0038990325,-0.13747917,-0.0014908133
1804,-2.4,1.7142857,7.3846154,-0.004970556,-0.14084767,0.00013620008
1805,-2.4,2.2857144,7.3846154,0.0037030228,-0.13623743,0.0018713819
1806,-2.4,2.857143,7.3846154,0.0027562587,-0.14291772,0.0032077832
1807,-2.4,3.4285715,7.3846154,0.013467852,-0.13358428,0.004789253
1808,-2.4,4.0,7.3846154,0.017056106,-0.14316076,0.0064802803
1809,-2.4,0.0,6.769231,-0.015984153,-0.1349001,-0.0037230859
1810,-2.4,0.5714286,6.769231,-0.014166475,-0.13733967,-0.0025540283
1811,-2.4,1.1428572,6.769231,-0.0036191307,-0.1358759,-0.0011961309
1812,-2.4,1.7142857,6.769231,-0.0051694764,-0.13959686,0.00022187608
1813,-2.4,2.2857144,6.769231,0.0041575646,-0.13452435,0.0015000274
1814,-2.4,2.857143,6.769231,0.0027781455,-0.14201999,0.002824622
1815,-2.4,3.4285715,6.769231,0.013964575,-0.13168837,0.0038431892
1816,-2.4,4.0,6.769231,0.017151669,-0.14217341,0.0047825216
1817,-2.4,0.0,6.1538463,-0.015894255,-0.13377304,-0.0029342808
1818,-2.4,0.5714286,6.1538463,-0.014095755,-0.13629271,-0.0019381653
1819,-2.4,1.1428572,6.1538463,-0.0036731365,-0.13479552,-0.0009163131
1820,-2.4,1.7142857,6.1538463,-0.005103371,-0.1385526,0.00014743084
1821,-2.4,2.2857144,6.1538463,0.004089634,-0.1335463,0.0011885365
1822,-2.4,2.857143,6.1538463,0.0028338598,-0.1408637,0.0021420396
1823,-2.4,3.4285715,6.1538463,0.013988344,-0.1309056,0.0031044183
1824,-2.4,4.0,6.1538463,0.017116463,-0.14114526,0.003975042
1825,-2.4,0.0,5.5384617,-0.015905231,-0.13305931,-0.0020047103
1826,-2.4,0.5714286,5.5384617,-0.014018693,-0.1355171,-0.0014081529
1827,-2.4,1.1428572,5.5384617,-0.0036858665,-0.13413605,-0.0007037907
1828,-2.4,1.7142857,5.5384617,-0.0050856797,-0.13780177,5.7840916e-05
1829,-2.4,2.2857144,5.5384617,0.0040600635,-0.13289002,0.00079060474
1830,-2.4,2.857143,5.5384617,0.0028361639,-0.14015734,0.0014998468
1831,-2.4,3.4285715,5.5384617,0.013867874,-0.13019818,0.00206008
1832,-2.4,4.0,5.5384617,0.017152298,-0.14035147,0.0025849952
1833,-2.4,0.0,4.923077,-0.015854934,-0.13259427,-0.0013134319
1834,-2.4,0.5714286,4.923077,-0.0139716845,-0.1350793,-0.0009377721
1835,-2.4,1.1428572,4.923077,-0.0037030876,-0.13370526,-0.00051821227
1836,-2.4,1.7142857,4.923077,-0.0050597503,-0.13736415,-6.2499705e-05
1837,-2.4,2.2857144,4.923077,0.0040030777,-0.13249882,0.00036641353
1838,-2.4,2.857143,4.923077,0.0028324914,-0.13967632,0.00078583887
1839,-2.4,3.4285715,4.923077,0.013842793,-0.12988201,0.0012102708
1840,-2.4,4.0,4.923077,0.017104268,-0.13989966,0.0015454831
1841,-2.4,0.0,4.3076925,-0.015859494,-0.13238388,-0.00059729395
1842,-2.4,0.5714286,4.3076925,-0.013951876,-0.13485979,-0.000492042
1843,-2.4,1.1428572,4.3076925,-0.0037030217,-0.13351308,-0.00035719745
1844,-2.4,1.7142857,4.3076925,-0.0050651957,-0.13715509,-0.00021372395
1845,-2.4,2.2857144,4.3076925,0.0039899996,-0.13230786,-5.632469e-05
1846,-2.4,2.857143,4.3076925,0.0028125548,-0.13948144,7.9991114e-05
1847,-2.4,3.4285715,4.3076925,0.0137964925,-0.12967646,0.00015223275
1848,-2.4,4.0,4.3076925,0.017107708,-0.13968022,0.00023805647
1849,-2.4,0.0,3.6923077,-0.015865183,-0.1323836,3.4953173e-05
1850,-2.4,0.5714286,3.6923077,-0.013958158,-0.1348597,-7.485439e-05
1851,-2.4,1.1428572,3.6923077,-0.0037091153,-0.13351303,-0.00020554801
1852,-2.4,1.7142857,3.6923077,-0.005071622,-0.1371549,-0.00035287582
1853,-2.4,2.2857144,3.6923077,0.0039839935,-0.13230778,-0.00050678523
1854,-2.4,2.857143,3.6923077,0.0028060926,-0.13948129,-0.0006463029
1855,-2.4,3.4285715,3.6923077,0.013790539,-0.12967631,-0.0007155094
1856,-2.4,4.0,3.6923077,0.017101228,-0.13967994,-0.0008042033
1857,-2.4,0.0,3.0769231,-0.015873756,-0.13259394,0.0007482979
1858,-2.4,0.5714286,3.0769231,-0.013990703,-0.13507906,0.00037308977
1859,-2.4,1.1428572,3.0769231,-0.0037214886,-0.13370493,-4.638643e-05
1860,-2.4,1.7142857,3.0769231,-0.005078716,-0.13736388,-0.00050247466
1861,-2.4,2.2857144,3.0769231,0.0039846348,-0.13249838,-0.0009309128
1862,-2.4,2.857143,3.0769231,0.0028135716,-0.13967605,-0.0013508694
1863,-2.4,3.4285715,3.0769231,0.013824374,-0.12988146,-0.0017746916
1864,-2.4,4.0,3.0769231,0.017085308,-0.13989954,-0.0021104598
1865,-2.4,0.0,2.4615386,-0.01593576,-0.13305898,0.0014404091
1866,-2.4,0.5714286,2.4615386,-0.014049958,-0.13551661,0.00084355345
1867,-2.4,1.1428572,2.4615386,-0.0037168951,-0.13413556,0.00013884653
1868,-2.4,1.7142857,2.4615386,-0.0051170345,-0.13780127,-0.0006223215
1869,-2.4,2.2857144,2.4615386,0.0040290905,-0.13288938,-0.0013555702
1870,-2.4,2.857143,2.4615386,0.0028048228,-0.14015692,-0.0020643168
1871,-2.4,3.4285715,2.4615386,0.0138369985,-0.13019724,-0.0026250223
1872,-2.4,4.0,2.4615386,0.017120892,-0.14035113,-0.0031495136
1873,-2.4,0.0,1.8461539,-0.01593792,-0.13377236,0.0023691105
1874,-2.4,0.5714286,1.8461539,-0.014139899,-0.1362921,0.0013734627
1875,-2.4,1.1428572,1.8461539,-0.0037163112,-0.13479485,0.00035169994
1876,-2.4,1.7142857,1.8461539,-0.005147506,-0.138552,-0.00071221055
1877,-2.4,2.2857144,1.8461539,0.0040464536,-0.13354541,-0.0017531574
1878,-2.4,2.857143,1.8461539,0.0027897495,-0.14086325,-0.0027067447
1879,-2.4,3.4285715,1.8461539,0.01394523,-0.1309043,-0.0036690333
1880,-2.4,4.0,1.8461539,0.01707227,-0.14114514,-0.0045397147
1881,-2.4,0.0,1.2307693,-0.016039416,-0.13489941,0.0031588094
1882,-2.4,0.5714286,1.2307693,-0.014222893,-0.13733897,0.0019894687
1883,-2.4,1.1428572,1.2307693,-0.0036749586,-0.13587499,0.0006312441
1884,-2.4,1.7142857,1.2307693,-0.0052259834,-0.13959624,-0.00078635575
1885,-2.4,2.2857144,1.2307693,0.0041017802,-0.13452317,-0.002064825
1886,-2.4,2.857143,1.2307693,0.0027216256,-0.14201958,-0.0033891068
1887,-2.4,3.4285715,1.2307693,0.013908834,-0.13168675,-0.004407916
1888,-2.4,4.0,1.2307693,0.017095065,-0.14217319,-0.005347215
1889,-2.4,0.0,0.61538464,-0.016339533,-0.13653967,0.0044969153
1890,-2.4,0.5714286,0.61538464,-0.013972658,-0.13875619,0.00259745
1891,-2.4,1.1428572,0.61538464,-0.003967612,-0.13747832,0.00092617644
1892,-2.4,1.7142857,0.61538464,-0.005039244,-0.14084668,-0.0007008665
1893,-2.4,2.2857144,0.61538464,0.0036343692,-0.13623649,-0.002435986
1894,-2.4,2.857143,0.61538464,0.0026875925,-0.14291672,-0.003772352
1895,-2.4,3.4285715,0.61538464,0.01339915,-0.13358326,-0.0053538783
1896,-2.4,4.0,0.61538464,0.016987307,-0.14315978,-0.0070447186
1897,-2.4,0.0,0.0,-0.016513498,-0.1385355,0.0049967496
1898,-2.4,0.5714286,0.0,-0.013656109,-0.1406854,0.0034459191
1899,-2.4,1.1428572,0.0,-0.0043325312,-0.13952976,0.0013204706
1900,-2.4,1.7142857,0.0,-0.0051708007,-0.14253141,-0.00080401497
1901,-2.4,2.2857144,0.0,0.0028339918,-0.13831574,-0.0023591323
1902,-2.4,2.857143,0.0,0.0022183342,-0.14418827,-0.0046420186
1903,-2.4,3.4285715,0.0,0.012158563,-0.13580386,-0.005932401
1904,-2.4,4.0,0.0,0.01633308,-0.14365743,-0.006651106
1905,-1.8,0.0,8.0,-0.016940169,-0.14847195,-0.0066635427
1906,-1.8,0.5714286,8.0,-0.006450534,-0.14850605,-0.00384817
1907,-1.8,1.1428572,8.0,-0.007572579,-0.15096648,-0.0016460964
1908,-1.8,1.7142857,8.0,-4.522911e-05,-0.14849362,0.0006987537
1909,-1.8,2.2857144,8.0,-0.0024567347,-0.15353693,0.0030783222
1910,-1.8,2.857143,8.0,0.005215354,-0.14632992,0.004627899
1911,-1.8,3.4285715,8.0,0.0049399356,-0.15557316,0.0069626914
1912,-1.8,4.0,8.0,0.016876824,-0.14359346,0.009268893
1913,-1.8,0.0,7.3846154,-0.01731283,-0.14623211,-0.004965534
1914,-1.8,0.5714286,7.3846154,-0.0062389695,-0.14620781,-0.0032765907
1915,-1.8,1.1428572,7.3846154,-0.007580773,-0.14887834,-0.0012842042
1916,-1.8,1.7142857,7.3846154,0.0006138079,-0.14611009,0.00072720775
1917,-1.8,2.2857144,7.3846154,-0.0019523532,-0.15182684,0.0025662903
1918,-1.8,2.857143,7.3846154,0.006412518,-0.14396204,0.0044120695
1919,-1.8,3.4285715,7.3846154,0.005649093,-0.15460426,0.005722101
1920,-1.8,4.0,7.3846154,0.018441593,-0.14059392,0.0069903233
1921,-1.8,0.0,6.769231,-0.017385002,-0.14461322,-0.0040332465
1922,-1.8,0.5714286,6.769231,-0.0060006063,-0.14449105,-0.0025468504
1923,-1.8,1.1428572,6.769231,-0.007858728,-0.14741148,-0.0009877159
1924,-1.8,1.7142857,6.769231,0.0009625398,-0.14433864,0.0005922472
1925,-1.8,2.2857144,6.769231,-0.0021815063,-0.15059309,0.0021987238
1926,-1.8,2.857143,6.769231,0.006922314,-0.14191933,0.0035930176
1927,-1.8,3.4285715,6.769231,0.005771757,-0.153872,0.004979572
1928,-1.8,4.0,6.769231,0.018766465,-0.13876295,0.0061648344
1929,-1.8,0.0,6.1538463,-0.017364992,-0.14348733,-0.0028682877
1930,-1.8,0.5714286,6.1538463,-0.0060080476,-0.14334416,-0.0019515161
1931,-1.8,1.1428572,6.1538463,-0.007801583,-0.14633122,-0.000771698
1932,-1.8,1.7142857,6.1538463,0.00087153376,-0.1432697,0.0004477985
1933,-1.8,2.2857144,6.1538463,-0.0020916397,-0.14948896,0.0016740985
1934,-1.8,2.857143,6.1538463,0.006760141,-0.14100078,0.0027987733
1935,-1.8,3.4285715,6.1538463,0.0056953337,-0.15251061,0.0037339584
1936,-1.8,4.0,6.1538463,0.018826265,-0.13782743,0.0045769922
1937,-1.8,0.0,5.5384617,-0.01723241,-0.14268535,-0.002086699
1938,-1.8,0.5714286,5.5384617,-0.006020774,-0.14265555,-0.0014116629
1939,-1.8,1.1428572,5.5384617,-0.0077764443,-0.14557818,-0.00058991363
1940,-1.8,1.7142857,5.5384617,0.0008473197,-0.14262791,0.00026057323
1941,-1.8,2.2857144,5.5384617,-0.002120843,-0.14877105,0.0011309821
1942,-1.8,2.857143,5.5384617,0.0067257327,-0.14035518,0.0019092418
1943,-1.8,3.4285715,5.5384617,0.0057358863,-0.15185009,0.002679845
1944,-1.8,4.0,5.5384617,0.018604575,-0.13726686,0.0032340793
1945,-1.8,0.0,4.923077,-0.017232884,-0.14223523,-0.0012689779
1946,-1.8,0.5714286,4.923077,-0.0060126684,-0.14222442,-0.0009287704
1947,-1.8,1.1428572,4.923077,-0.0077493894,-0.145157,-0.0004579372
1948,-1.8,1.7142857,4.923077,0.00079985533,-0.14223865,4.87635e-05
1949,-1.8,2.2857144,4.923077,-0.0021041394,-0.14834799,0.0005713706
1950,-1.8,2.857143,4.923077,0.0066237235,-0.1400318,0.0010474303
1951,-1.8,3.4285715,4.923077,0.005684179,-0.15135239,0.0014031045
1952,-1.8,4.0,4.923077,0.018691653,-0.1369359,0.0016948975
1953,-1.8,0.0,4.3076925,-0.017199865,-0.14201307,-0.0006365367
1954,-1.8,0.5714286,4.3076925,-0.0060134833,-0.14203317,-0.00050237856
1955,-1.8,1.1428572,4.3076925,-0.007747695,-0.14495711,-0.00034051578
1956,-1.8,1.7142857,4.3076925,0.0007916091,-0.14206259,-0.00017132353
1957,-1.8,2.2857144,4.3076925,-0.0021269924,-0.1481621,-4.9620185e-06
1958,-1.8,2.857143,4.3076925,0.0066070314,-0.1398574,0.00014607114
1959,-1.8,3.4285715,4.3076925,0.005676484,-0.15117745,0.00033426692
1960,-1.8,4.0,4.3076925,0.018602517,-0.13676731,0.00045755802
1961,-1.8,0.0,3.6923077,-0.017206836,-0.14201327,5.6330937e-05
1962,-1.8,0.5714286,3.6923077,-0.00601956,-0.1420331,-7.154835e-05
1963,-1.8,1.1428572,3.6923077,-0.007754124,-0.14495693,-0.00023908544
1964,-1.8,1.7142857,3.6923077,0.0007856334,-0.14206254,-0.00040330488
1965,-1.8,2.2857144,3.6923077,-0.0021335287,-0.1481619,-0.00057413924
1966,-1.8,2.857143,3.6923077,0.0066011404,-0.13985723,-0.0007212038
1967,-1.8,3.4285715,3.6923077,0.0056699207,-0.15117733,-0.000912927
1968,-1.8,4.0,3.6923077,0.018596645,-0.13676728,-0.0010326332
1969,-1.8,0.0,3.0769231,-0.017251207,-0.14223498,0.00069291657
1970,-1.8,0.5714286,3.0769231,-0.0060310317,-0.14222412,0.0003516407
1971,-1.8,1.1428572,3.0769231,-0.007768393,-0.14515674,-0.00011903503
1972,-1.8,1.7142857,3.0769231,0.0007814312,-0.14223824,-0.00062553765
1973,-1.8,2.2857144,3.0769231,-0.0021231272,-0.14834763,-0.0011486192
1974,-1.8,2.857143,3.0769231,0.006605355,-0.14003119,-0.0016240976
1975,-1.8,3.4285715,3.0769231,0.005665302,-0.15135208,-0.0019803222
1976,-1.8,4.0,3.0769231,0.01867322,-0.13693492,-0.0022713784
1977,-1.8,0.0,2.4615386,-0.017264342,-0.14268473,0.0015092177
1978,-1.8,0.5714286,2.4615386,-0.006051887,-0.14265513,0.0008347
1979,-1.8,1.1428572,2.4615386,-0.0078076883,-0.14557768,1.3260679e-05
1980,-1.8,1.7142857,2.4615386,0.0008162352,-0.14262734,-0.0008377945
1981,-1.8,2.2857144,2.4615386,-0.0021521773,-0.1487704,-0.0017076152
1982,-1.8,2.857143,2.4615386,0.006694802,-0.14035426,-0.0024864285
1983,-1.8,3.4285715,2.4615386,0.005704639,-0.15184967,-0.003256372
1984,-1.8,4.0,2.4615386,0.018573608,-0.13726567,-0.0038111126
1985,-1.8,0.0,1.8461539,-0.017408358,-0.1434868,0.002291971
1986,-1.8,0.5714286,1.8461539,-0.00605127,-0.14334352,0.0013746297
1987,-1.8,1.1428572,1.8461539,-0.007845732,-0.14633057,0.00019467261
1988,-1.8,1.7142857,1.8461539,0.0008283524,-0.14326893,-0.0010245342
1989,-1.8,2.2857144,1.8461539,-0.0021358514,-0.14948818,-0.0022510695
1990,-1.8,2.857143,1.8461539,0.0067171147,-0.14099951,-0.0033754767
1991,-1.8,3.4285715,1.8461539,0.005651236,-0.15251029,-0.0043108384
1992,-1.8,4.0,1.8461539,0.018783154,-0.13782541,-0.0051537547
1993,-1.8,0.0,1.2307693,-0.017442137,-0.1446123,0.0034559192
1994,-1.8,0.5714286,1.2307693,-0.0060564983,-0.14449024,0.001969806
1995,-1.8,1.1428572,1.2307693,-0.007915149,-0.1474108,0.00041107478
1996,-1.8,1.7142857,1.2307693,0.00090666773,-0.14433755,-0.001169324
1997,-1.8,2.2857144,1.2307693,-0.0022380364,-0.15059243,-0.0027752768
1998,-1.8,2.857143,1.2307693,0.00686658,-0.14191769,-0.0041699377
1999,-1.8,3.4285715,1.2307693,0.005715262,-0.15387182,-0.0055561163
2000,-1.8,4.0,1.2307693,0.01871062,-0.13876082,-0.006741644
2001,-1.8,0.0,0.61538464,-0.017380819,-0.14623137,0.0043892595
2002,-1.8,0.5714286,0.61538464,-0.0063075065,-0.14620689,0.0026996497
2003,-1.8,1.1428572,0.61538464,-0.007649556,-0.14887737,0.0007072983
2004,-1.8,1.7142857,0.61538464,0.000545221,-0.14610912,-0.0013039929
2005,-1.8,2.2857144,0.61538464,-0.0020211267,-0.15182577,-0.0031430149
2006,-1.8,2.857143,0.61538464,0.0063438974,-0.1439609,-0.004988716
2007,-1.8,3.4285715,0.61538464,0.0055803824,-0.15460308,-0.0062987446
2008,-1.8,4.0,0.61538464,0.01837283,-0.1405927,-0.0075673163
2009,-1.8,0.0,0.0,-0.017021611,-0.14847057,0.0060859593
2010,-1.8,0.5714286,0.0,-0.0065320516,-0.14850521,0.0032711786
2011,-1.8,1.1428572,0.0,-0.0076533062,-0.15096524,0.0010694154
2012,-1.8,1.7142857,0.0,-0.0001268028,-0.14849272,-0.0012756911
2013,-1.8,2.2857144,0.0,-0.0025375427,-0.1535354,-0.0036548951
2014,-1.8,2.857143,0.0,0.0051338347,-0.14632916,-0.0052045695
2015,-1.8,3.4285715,0.0,0.0048590726,-0.15557142,-0.007539281
2016,-1.8,4.0,0.0,0.016795224,-0.14359276,-0.009845351
2017,-1.2,0.0,8.0,-0.008212458,-0.1551937,-0.0064227106
2018,-1.2,0.5714286,8.0,-0.008055287,-0.15682015,-0.004079442
2019,-1.2,1.1428572,8.0,-0.0015145957,-0.15609981,-0.0011103301
2020,-1.2,1.7142857,8.0,-0.0041835518,-0.16020331,0.0014474686
2021,-1.2,2.2857144,8.0,0.0021098263,-0.15628037,0.004260934
2022,-1.2,2.857143,8.0,-0.0015745456,-0.16484909,0.006937714
2023,-1.2,3.4285715,8.0,0.0063658217,-0.15258381,0.008127008
2024,-1.2,4.0,8.0,0.008807834,-0.16637318,0.0095869005
2025,-1.2,0.0,7.3846154,-0.007964205,-0.15264976,-0.0053519374
2026,-1.2,0.5714286,7.3846154,-0.008234634,-0.1544098,-0.0031699606
2027,-1.2,1.1428572,7.3846154,-0.0011085849,-0.15348534,-0.0009869544
2028,-1.2,1.7142857,7.3846154,-0.0039124405,-0.15793799,0.0013172304
2029,-1.2,2.2857144,7.3846154,0.0030360422,-0.15348136,0.0036641688
2030,-1.2,2.857143,7.3846154,-0.0005758813,-0.16319871,0.005760911
2031,-1.2,3.4285715,7.3846154,0.008214132,-0.1497884,0.00770987
2032,-1.2,4.0,7.3846154,0.009562874,-0.16649039,0.00907386
2033,-1.2,0.0,6.769231,-0.007773989,-0.15089285,-0.003946985
2034,-1.2,0.5714286,6.769231,-0.008452413,-0.15276569,-0.0025123241
2035,-1.2,1.1428572,6.769231,-0.00088291394,-0.15165824,-0.0007748975
2036,-1.2,1.7142857,6.769231,-0.0041867327,-0.15650724,0.0010827439
2037,-1.2,2.2857144,6.769231,0.0033651027,-0.15157457,0.0029306149
2038,-1.2,2.857143,6.769231,-0.0010212634,-0.16210501,0.00472567
2039,-1.2,3.4285715,6.769231,0.008492808,-0.14719923,0.006113088
2040,-1.2,4.0,6.769231,0.009896616,-0.16560404,0.0075673796
2041,-1.2,0.0,6.1538463,-0.0077036927,-0.1496579,-0.0030014822
2042,-1.2,0.5714286,6.1538463,-0.008403641,-0.15164655,-0.0018882672
2043,-1.2,1.1428572,6.1538463,-0.00094030943,-0.15055738,-0.00060795905
2044,-1.2,1.7142857,6.1538463,-0.0041273055,-0.1554501,0.0008052777
2045,-1.2,2.2857144,6.1538463,0.00324218,-0.15061817,0.0022007546
2046,-1.2,2.857143,6.1538463,-0.00090249383,-0.1610327,0.0035418961
2047,-1.2,3.4285715,6.1538463,0.008291093,-0.14654548,0.00473678
2048,-1.2,4.0,6.1538463,0.009363632,-0.16429482,0.0055566216
2049,-1.2,0.0,5.5384617,-0.0077587366,-0.14894395,-0.0020100533
2050,-1.2,0.5714286,5.5384617,-0.008364181,-0.15090884,-0.0013561711
2051,-1.2,1.1428572,5.5384617,-0.0009548527,-0.14991793,-0.0004931544
2052,-1.2,1.7142857,5.5384617,-0.004153041,-0.15476571,0.0005082776
2053,-1.2,2.2857144,5.5384617,0.0032265584,-0.15006685,0.0014782865
2054,-1.2,2.857143,5.5384617,-0.0010140671,-0.16044548,0.0024523144
2055,-1.2,3.4285715,5.5384617,0.008212186,-0.14603849,0.0031218145
2056,-1.2,4.0,5.5384617,0.009869245,-0.16362432,0.0036405872
2057,-1.2,0.0,4.923077,-0.007728001,-0.14849389,-0.0013186435
2058,-1.2,0.5714286,4.923077,-0.008341505,-0.15049689,-0.0009098098
2059,-1.2,1.1428572,4.923077,-0.0009794398,-0.14954545,-0.00038874097
2060,-1.2,1.7142857,4.923077,-0.004137685,-0.15438874,0.00018599207
2061,-1.2,2.2857144,4.923077,0.0031526585,-0.14976928,0.00077284104
2062,-1.2,2.857143,4.923077,-0.0009985024,-0.16009311,0.0013044853
2063,-1.2,3.4285715,4.923077,0.008105756,-0.14583734,0.001803262
2064,-1.2,4.0,4.923077,0.009589691,-0.16316272,0.0021459488
2065,-1.2,0.0,4.3076925,-0.0077499333,-0.14830242,-0.0005902894
2066,-1.2,0.5714286,4.3076925,-0.008333937,-0.15030776,-0.00048585198
2067,-1.2,1.1428572,4.3076925,-0.0009835137,-0.14937945,-0.00033053954
2068,-1.2,1.7142857,4.3076925,-0.0041533,-0.1542217,-0.00012971078
2069,-1.2,2.2857144,4.3076925,0.003144655,-0.14963032,5.481144e-05
2070,-1.2,2.857143,4.3076925,-0.0010417092,-0.1599522,0.0002583758
2071,-1.2,3.4285715,4.3076925,0.00808056,-0.14570497,0.00033234476
2072,-1.2,4.0,4.3076925,0.009743338,-0.16299254,0.0003772429
2073,-1.2,0.0,3.6923077,-0.00775498,-0.14830194,6.0713874e-06
2074,-1.2,0.5714286,3.6923077,-0.008340486,-0.1503077,-0.00010736198
2075,-1.2,1.1428572,3.6923077,-0.0009893989,-0.14937945,-0.00025498238
2076,-1.2,1.7142857,3.6923077,-0.004159931,-0.15422155,-0.00046248877
2077,-1.2,2.2857144,3.6923077,0.0031388334,-0.1496302,-0.00064151606
2078,-1.2,2.857143,3.6923077,-0.0010483834,-0.15995198,-0.00084988686
2079,-1.2,3.4285715,3.6923077,0.0080748815,-0.14570464,-0.0009194977
2080,-1.2,4.0,3.6923077,0.009736613,-0.16299221,-0.00096818345
2081,-1.2,0.0,3.0769231,-0.0077473987,-0.14849372,0.00072808296
2082,-1.2,0.5714286,3.0769231,-0.008360333,-0.15049668,0.00032136624
2083,-1.2,1.1428572,3.0769231,-0.0009979199,-0.1495452,-0.00020047539
2084,-1.2,1.7142857,3.0769231,-0.0041566594,-0.15438846,-0.00077525707
2085,-1.2,2.2857144,3.0769231,0.0031341969,-0.14976877,-0.001361825
2086,-1.2,2.857143,3.0769231,-0.0010174867,-0.16009252,-0.0018940294
2087,-1.2,3.4285715,3.0769231,0.008087511,-0.14583625,-0.0023921141
2088,-1.2,4.0,3.0769231,0.009570794,-0.16316265,-0.0027351642
2089,-1.2,0.0,2.4615386,-0.0077889934,-0.14894381,0.0014218823
2090,-1.2,0.5714286,2.4615386,-0.0083953785,-0.15090843,0.00076710194
2091,-1.2,1.1428572,2.4615386,-0.0009861155,-0.14991753,-9.6177864e-05
2092,-1.2,1.7142857,2.4615386,-0.0041842037,-0.15476514,-0.0010970648
2093,-1.2,2.2857144,2.4615386,0.0031953498,-0.15006617,-0.0020677575
2094,-1.2,2.857143,2.4615386,-0.0010453456,-0.16044445,-0.0030411214
2095,-1.2,3.4285715,2.4615386,0.008181529,-0.14603667,-0.0037112518
2096,-1.2,4.0,2.4615386,0.009837902,-0.16362359,-0.004229177
2097,-1.2,0.0,1.8461539,-0.007748123,-0.14965725,0.0024116943
2098,-1.2,0.5714286,1.8461539,-0.0084476,-0.151646,0.0012991773
2099,-1.2,1.1428572,1.8461539,-0.0009836314,-0.15055679,1.9070707e-05
2100,-1.2,1.7142857,1.8461539,-0.004171423,-0.15544936,-0.0013945792
2101,-1.2,2.2857144,1.8461539,0.0031989433,-0.15061726,-0.0027895826
2102,-1.2,2.857143,1.8461539,-0.0009467812,-0.16103148,-0.004131063
2103,-1.2,3.4285715,1.8461539,0.008248467,-0.14654309,-0.0053254454
2104,-1.2,4.0,1.8461539,0.009319358,-0.16429499,-0.006145671
2105,-1.2,0.0,1.2307693,-0.007829038,-0.15089239,0.0033583066
2106,-1.2,0.5714286,1.2307693,-0.008508756,-0.15276496,0.0019233552
2107,-1.2,1.1428572,1.2307693,-0.0009390097,-0.15165736,0.00018554486
2108,-1.2,1.7142857,1.2307693,-0.0042430605,-0.15650657,-0.0016714843
2109,-1.2,2.2857144,1.2307693,0.0033090871,-0.15157324,-0.0035198939
2110,-1.2,2.857143,1.2307693,-0.0010777599,-0.1621042,-0.0053141317
2111,-1.2,3.4285715,1.2307693,0.0084372675,-0.14719649,-0.006702131
2112,-1.2,4.0,1.2307693,0.0098400265,-0.16560407,-0.008156133
2113,-1.2,0.0,0.61538464,-0.008033757,-0.1526487,0.004762166
2114,-1.2,0.5714286,0.61538464,-0.008303431,-0.15440899,0.0025808536
2115,-1.2,1.1428572,0.61538464,-0.0011770651,-0.15348445,0.00039793065
2116,-1.2,1.7142857,0.61538464,-0.0039813607,-0.15793702,-0.0019062737
2117,-1.2,2.2857144,0.61538464,0.0029674883,-0.15348025,-0.00425306
2118,-1.2,2.857143,0.61538464,-0.0006447768,-0.1631975,-0.0063496404
2119,-1.2,3.4285715,0.61538464,0.008145599,-0.14978695,-0.008298447
2120,-1.2,4.0,0.61538464,0.009493996,-0.16648895,-0.009662464
2121,-1.2,0.0,0.0,-0.00829306,-0.15519309,0.005834169
2122,-1.2,0.5714286,0.0,-0.008136016,-0.15681897,0.0034903886
2123,-1.2,1.1428572,0.0,-0.0015963202,-0.15609895,0.0005210598
2124,-1.2,1.7142857,0.0,-0.0042642495,-0.16020197,-0.0020362386
2125,-1.2,2.2857144,0.0,0.002028022,-0.15627952,-0.0048499256
2126,-1.2,2.857143,0.0,-0.0016552975,-0.16484715,-0.0075263022
2127,-1.2,3.4285715,0.0,0.006284171,-0.15258315,-0.008715564
2128,-1.2,4.0,0.0,0.008726926,-0.1663713,-0.010176007
2129,-0.6,0.0,8.0,-0.006354073,-0.1592815,-0.006895382
2130,-0.6,0.5714286,8.0,-0.0018050127,-0.16049117,-0.0036670705
2131,-0.6,1.1428572,8.0,-0.003192278,-0.16330644,-0.0011099755
2132,-0.6,1.7142857,8.0,0.0004417104,-0.16177568,0.002483243
2133,-0.6,2.2857144,8.0,-0.002158803,-0.16870086,0.0053022937
2134,-0.6,2.857143,8.0,0.0026095812,-0.16358793,0.009045888
2135,-0.6,3.4285715,8.0,-0.002507925,-0.17927979,0.012764612
2136,-0.6,4.0,8.0,0.008470184,-0.15894055,0.01356092
2137,-0.6,0.0,7.3846154,-0.00654445,-0.15667623,-0.0052458225
2138,-0.6,0.5714286,7.3846154,-0.0016624279,-0.15778244,-0.00319997
2139,-0.6,1.1428572,7.3846154,-0.0031700511,-0.16070399,-0.0006679001
2140,-0.6,1.7142857,7.3846154,0.00084930245,-0.15881906,0.0018220599
2141,-0.6,2.2857144,7.3846154,-0.0017515516,-0.16625415,0.0045623514
2142,-0.6,2.857143,7.3846154,0.003526632,-0.16012263,0.007411609
2143,-0.6,3.4285715,7.3846154,-0.0009892401,-0.17777991,0.009673563
2144,-0.6,4.0,7.3846154,0.0117531875,-0.1547595,0.012525747
2145,-0.6,0.0,6.769231,-0.0065563316,-0.15480411,-0.004102313
2146,-0.6,0.5714286,6.769231,-0.0015602452,-0.15590565,-0.0024330409
2147,-0.6,1.1428572,6.769231,-0.0033175983,-0.1591428,-0.00059255154
2148,-0.6,1.7142857,6.769231,0.0009909533,-0.15693077,0.0014816006
2149,-0.6,2.2857144,6.769231,-0.0020157034,-0.1650027,0.0035756873
2150,-0.6,2.857143,6.769231,0.003699989,-0.15831895,0.0056796498
2151,-0.6,3.4285715,6.769231,-0.0018636811,-0.17723262,0.007699008
2152,-0.6,4.0,6.769231,0.010454629,-0.15186183,0.00875904
2153,-0.6,0.0,6.1538463,-0.0065888027,-0.15365908,-0.0028413904
2154,-0.6,0.5714286,6.1538463,-0.0015566747,-0.1547861,-0.0018789358
2155,-0.6,1.1428572,6.1538463,-0.0033072322,-0.1580524,-0.00043853032
2156,-0.6,1.7142857,6.1538463,0.0009475781,-0.15595241,0.0010497245
2157,-0.6,2.2857144,6.1538463,-0.0019675626,-0.16408917,0.0026938776
2158,-0.6,2.857143,6.1538463,0.0036057297,-0.15761784,0.0041991593
2159,-0.6,3.4285715,6.1538463,-0.0017332754,-0.17650518,0.005516205
2160,-0.6,4.0,6.1538463,0.011387999,-0.15189631,0.006086426
2161,-0.6,0.0,5.5384617,-0.006528033,-0.15289587,-0.0020715632
2162,-0.6,0.5714286,5.5384617,-0.0015747172,-0.15411492,-0.0013279238
2163,-0.6,1.1428572,5.5384617,-0.0033039392,-0.15739018,-0.00038520645
2164,-0.6,1.7142857,5.5384617,0.0009308131,-0.15541421,0.000687004
2165,-0.6,2.2857144,5.5384617,-0.0020268296,-0.1635299,0.0017805772
2166,-0.6,2.857143,5.5384617,0.0035993399,-0.15730733,0.0028291272
2167,-0.6,3.4285715,5.5384617,-0.0019352767,-0.17614427,0.003748925
2168,-0.6,4.0,5.5384617,0.010838097,-0.15180849,0.0042691664
2169,-0.6,0.0,4.923077,-0.0065513756,-0.15248305,-0.0012125124
2170,-0.6,0.5714286,4.923077,-0.0015721789,-0.15374899,-0.0008998971
2171,-0.6,1.1428572,4.923077,-0.0033027017,-0.15702,-0.00032520344
2172,-0.6,1.7142857,4.923077,0.00090342126,-0.15512295,0.0002757562
2173,-0.6,2.2857144,4.923077,-0.0020203993,-0.16323979,0.00094756426
2174,-0.6,2.857143,4.923077,0.003535222,-0.15714945,0.001548782
2175,-0.6,3.4285715,4.923077,-0.0019327316,-0.17595589,0.0019925514
2176,-0.6,4.0,4.923077,0.011179893,-0.15182236,0.0020835109
2177,-0.6,0.0,4.3076925,-0.006539054,-0.15228666,-0.00065658527
2178,-0.6,0.5714286,4.3076925,-0.0015793617,-0.15357989,-0.0004828295
2179,-0.6,1.1428572,4.3076925,-0.0033067768,-0.1568633,-0.0003175586
2180,-0.6,1.7142857,4.3076925,0.00089597027,-0.15499273,-9.6077594e-05
2181,-0.6,2.2857144,4.3076925,-0.0020447064,-0.16311961,0.00010488318
2182,-0.6,2.857143,4.3076925,0.003530571,-0.1570763,0.00029615805
2183,-0.6,3.4285715,4.3076925,-0.0019840028,-0.17586482,0.0005037194
2184,-0.6,4.0,4.3076925,0.01102748,-0.15179929,0.0007055528
2185,-0.6,0.0,3.6923077,-0.0065471134,-0.15228724,4.839976e-05
2186,-0.6,0.5714286,3.6923077,-0.001584648,-0.15357983,-0.0001120514
2187,-0.6,1.1428572,3.6923077,-0.0033137635,-0.15686345,-0.0002885091
2188,-0.6,1.7142857,3.6923077,0.00089034345,-0.15499252,-0.0005015893
2189,-0.6,2.2857144,3.6923077,-0.0020515027,-0.16311969,-0.00070934097
2190,-0.6,2.857143,3.6923077,0.003524827,-0.15707591,-0.00089498854
2191,-0.6,3.4285715,3.6923077,-0.0019907225,-0.17586471,-0.001107543
2192,-0.6,4.0,3.6923077,0.011021875,-0.15179844,-0.0013043939
2193,-0.6,0.0,3.0769231,-0.006568609,-0.15248297,0.0006144359
2194,-0.6,0.5714286,3.0769231,-0.0015909985,-0.15374912,0.00029766408
2195,-0.6,1.1428572,3.0769231,-0.0033215152,-0.15701988,-0.0002755313
2196,-0.6,1.7142857,3.0769231,0.00088481436,-0.15512283,-0.00087729126
2197,-0.6,2.2857144,3.0769231,-0.0020392993,-0.16323933,-0.0015490055
2198,-0.6,2.857143,3.0769231,0.0035166182,-0.15714905,-0.0021499984
2199,-0.6,3.4285715,3.0769231,-0.001951517,-0.17595483,-0.0025942514
2200,-0.6,4.0,3.0769231,0.011161725,-0.1518199,-0.0026844016
2201,-0.6,0.0,2.4615386,-0.0065606525,-0.15289535,0.0014689775
2202,-0.6,0.5714286,2.4615386,-0.0016059165,-0.15411468,0.0007271626
2203,-0.6,1.1428572,2.4615386,-0.0033349514,-0.15738994,-0.00021600186
2204,-0.6,1.7142857,2.4615386,0.00089928694,-0.15541382,-0.0012885594
2205,-0.6,2.2857144,2.4615386,-0.0020577747,-0.16352943,-0.0023816181
2206,-0.6,2.857143,2.4615386,0.0035677846,-0.15730631,-0.0034306808
2207,-0.6,3.4285715,2.4615386,-0.0019662285,-0.17614277,-0.004350172
2208,-0.6,4.0,2.4615386,0.010807546,-0.15180434,-0.004870379
2209,-0.6,0.0,1.8461539,-0.0066313376,-0.1536587,0.0022409456
2210,-0.6,0.5714286,1.8461539,-0.0016003442,-0.15478559,0.0012775058
2211,-0.6,1.1428572,1.8461539,-0.0033511939,-0.15805186,-0.0001628674
2212,-0.6,1.7142857,1.8461539,0.00090410485,-0.15595196,-0.0016508248
2213,-0.6,2.2857144,1.8461539,-0.0020115378,-0.16408828,-0.0032953934
2214,-0.6,2.857143,1.8461539,0.0035621123,-0.1576171,-0.004800035
2215,-0.6,3.4285715,1.8461539,-0.0017770724,-0.17650278,-0.0061175367
2216,-0.6,4.0,1.8461539,0.011345428,-0.15188944,-0.0066873445
2217,-0.6,0.0,1.2307693,-0.0066138147,-0.15480325,0.0035002881
2218,-0.6,0.5714286,1.2307693,-0.0016164692,-0.15590504,0.0018316843
2219,-0.6,1.1428572,1.2307693,-0.0033735945,-0.1591423,-8.635405e-06
2220,-0.6,1.7142857,1.2307693,0.00093444687,-0.15692984,-0.0020830622
2221,-0.6,2.2857144,1.2307693,-0.0020717024,-0.1650022,-0.004176656
2222,-0.6,2.857143,1.2307693,0.0036435022,-0.15831724,-0.006281182
2223,-0.6,3.4285715,1.2307693,-0.0019198623,-0.177232,-0.008298929
2224,-0.6,4.0,1.2307693,0.010399181,-0.15185612,-0.00936043
2225,-0.6,0.0,0.61538464,-0.0066121644,-0.15667571,0.0046450444
2226,-0.6,0.5714286,0.61538464,-0.001730936,-0.15778163,0.002598458
2227,-0.6,1.1428572,0.61538464,-0.0032391471,-0.16070321,6.662137e-05
2228,-0.6,1.7142857,0.61538464,0.0007809933,-0.15881824,-0.0024233984
2229,-0.6,2.2857144,0.61538464,-0.0018207772,-0.16625318,-0.0051633883
2230,-0.6,2.857143,0.61538464,0.0034582792,-0.16012141,-0.008012803
2231,-0.6,3.4285715,0.61538464,-0.0010583175,-0.17777835,-0.010274206
2232,-0.6,4.0,0.61538464,0.011684621,-0.15475832,-0.0131266825
2233,-0.6,0.0,0.0,-0.0064360686,-0.15928046,0.006293293
2234,-0.6,0.5714286,0.0,-0.0018866763,-0.16049045,0.0030656813
2235,-0.6,1.1428572,0.0,-0.0032728577,-0.16330546,0.00050874753
2236,-0.6,1.7142857,0.0,0.00035964526,-0.16177489,-0.0030845627
2237,-0.6,2.2857144,0.0,-0.00223935,-0.16869946,-0.0059033735
2238,-0.6,2.857143,0.0,0.0025272674,-0.16358718,-0.009646709
2239,-0.6,3.4285715,0.0,-0.002588423,-0.17927736,-0.013365777
2240,-0.6,4.0,0.0,0.008388217,-0.15893893,-0.014160501
2241,0.0,0.0,8.0,3.9701452e-05,-0.16180402,-0.006643704
2242,0.0,0.5714286,8.0,4.0357223e-05,-0.16307034,-0.0042299754
2243,0.0,1.1428572,8.0,4.013061e-05,-0.1627657,-0.00031449928
2244,0.0,1.7142857,8.0,4.0336832e-05,-0.16755116,0.0020596664
2245,0.0,2.2857144,8.0,4.0255734e-05,-0.16515943,0.0066130958
2246,0.0,2.857143,8.0,4.0326886e-05,-0.17615815,0.00932718
2247,0.0,3.4285715,8.0,4.0339783e-05,-0.16998658,0.01495792
2248,0.0,4.0,8.0,4.0312774e-05,-0.2035899,0.02209629
2249,0.0,0.0,7.3846154,3.4639244e-05,-0.15918352,-0.005561895
2250,0.0,0.5714286,7.3846154,3.375739e-05,-0.16028418,-0.002944608
2251,0.0,1.1428572,7.3846154,3.4130357e-05,-0.15994792,-0.00080385804
2252,0.0,1.7142857,7.3846154,3.381883e-05,-0.16483021,0.002269622
2253,0.0,2.2857144,7.3846154,3.4095876e-05,-0.1618244,0.00475189
2254,0.0,2.857143,7.3846154,3.386152e-05,-0.17390245,0.008031197
2255,0.0,3.4285715,7.3846154,3.4089502e-05,-0.16488789,0.011521601
2256,0.0,4.0,7.3846154,3.3634893e-05,-0.20465723,0.0129335895
2257,0.0,0.0,6.769231,2.7121727e-05,-0.15722571,-0.0038798952
2258,0.0,0.5714286,6.769231,2.7915718e-05,-0.15870026,-0.0025397493
2259,0.0,1.1428572,6.769231,2.7567507e-05,-0.15797363,-0.00040836833
2260,0.0,1.7142857,6.769231,2.7817998e-05,-0.16344523,0.0015252591
2261,0.0,2.2857144,6.769231,2.7676486e-05,-0.16000734,0.0039001734
2262,0.0,2.857143,6.769231,2.7698705e-05,-0.17285721,0.00614004
2263,0.0,3.4285715,6.769231,2.7871487e-05,-0.16424784,0.008088359
2264,0.0,4.0,6.769231,2.7121561e-05,-0.2049387,0.009180975
2265,0.0,0.0,6.1538463,2.2408223e-05,-0.15614948,-0.0030383137
2266,0.0,0.5714286,6.1538463,2.106492e-05,-0.15747102,-0.001779868
2267,0.0,1.1428572,6.1538463,2.1835991e-05,-0.15698947,-0.0004526647
2268,0.0,1.7142857,6.1538463,2.1092555e-05,-0.16242382,0.0012136508
2269,0.0,2.2857144,6.1538463,2.189664e-05,-0.15915895,0.0028337848
2270,0.0,2.857143,6.1538463,2.0907068e-05,-0.17242569,0.004451486
2271,0.0,3.4285715,6.1538463,2.2302911e-05,-0.16334675,0.0059912116
2272,0.0,4.0,6.1538463,1.9963289e-05,-0.20497617,0.0067300675
2273,0.0,0.0,5.5384617,1.4233712e-05,-0.15532337,-0.0019569441
2274,0.0,0.5714286,5.5384617,1.573761e-05,-0.15686688,-0.0013189621
2275,0.0,1.1428572,5.5384617,1.4843136e-05,-0.15634674,-0.00036393647
2276,0.0,1.7142857,5.5384617,1.553177e-05,-0.16183665,0.000772855
2277,0.0,2.2857144,5.5384617,1.49775515e-05,-0.15884449,0.001861624
2278,0.0,2.857143,5.5384617,1.5375997e-05,-0.17177922,0.00304676
2279,0.0,3.4285715,5.5384617,1.5157131e-05,-0.16375706,0.0038638192
2280,0.0,4.0,5.5384617,1.4770572e-05,-0.20489241,0.0040114974
2281,0.0,0.0,4.923077,1.0342277e-05,-0.1549917,-0.001302502
2282,0.0,0.5714286,4.923077,8.3719515e-06,-0.15642807,-0.0008964342
2283,0.0,1.1428572,4.923077,9.451435e-06,-0.15605427,-0.00029735855
2284,0.0,1.7142857,4.923077,8.615516e-06,-0.16152872,0.00029975598
2285,0.0,2.2857144,4.923077,9.267631e-06,-0.15857032,0.0010233086
2286,0.0,2.857143,4.923077,8.658368e-06,-0.1717606,0.0016034241
2287,0.0,3.4285715,4.923077,9.265261e-06,-0.16352615,0.0021659408
2288,0.0,4.0,4.923077,8.326694e-06,-0.20490345,0.0025683963
2289,0.0,0.0,4.3076925,8.908975e-07,-0.1547697,-0.0005983314
2290,0.0,0.5714286,4.3076925,3.813436e-06,-0.15628953,-0.00046146227
2291,0.0,1.1428572,4.3076925,2.0347422e-06,-0.15589897,-0.00034523633
2292,0.0,1.7142857,4.3076925,3.2467951e-06,-0.16138951,-6.014562e-05
2293,0.0,2.2857144,4.3076925,2.3090295e-06,-0.15852323,9.0544956e-05
2294,0.0,2.857143,4.3076925,3.0195135e-06,-0.17159458,0.00035905564
2295,0.0,3.4285715,4.3076925,2.4095827e-06,-0.16362625,0.00046440127
2296,0.0,4.0,4.3076925,2.8319807e-06,-0.20489495,0.00032401187
2297,0.0,0.0,3.6923077,2.6908538e-35,-0.15477005,-1.1214613e-36
2298,0.0,0.5714286,3.6923077,-5.4879615e-06,-0.15629025,-0.00016031432
2299,0.0,1.1428572,3.6923077,-2.028563e-06,-0.15589869,-0.0002623298
2300,0.0,1.7142857,3.6923077,-4.707498e-06,-0.16138966,-0.00055798626
2301,0.0,2.2857144,3.6923077,-2.5516854e-06,-0.1585232,-0.0007004342
2302,0.0,2.857143,3.6923077,-4.438405e-06,-0.1715945,-0.0009755177
2303,0.0,3.4285715,3.6923077,-2.7378999e-06,-0.16362604,-0.0010751489
2304,0.0,4.0,3.6923077,-4.342645e-06,-0.20489493,-0.00093980704
2305,0.0,0.0,3.0769231,-1.2019975e-05,-0.15499163,0.00068500126
2306,0.0,0.5714286,3.0769231,-8.56906e-06,-0.15642856,0.0002863404
2307,0.0,1.1428572,3.0769231,-1.0529055e-05,-0.15605424,-0.00031792067
2308,0.0,1.7142857,3.0769231,-9.257764e-06,-0.16152881,-0.0009123776
2309,0.0,2.2857144,3.0769231,-1.0204331e-05,-0.15857005,-0.001637309
2310,0.0,2.857143,3.0769231,-9.465146e-06,-0.17176075,-0.0022166227
2311,0.0,3.4285715,3.0769231,-1.0211604e-05,-0.1635258,-0.0027792573
2312,0.0,4.0,3.0769231,-9.207473e-06,-0.20490305,-0.0031817143
2313,0.0,0.0,2.4615386,-1.4266498e-05,-0.15532324,0.0013458489
2314,0.0,0.5714286,2.4615386,-1.6773938e-05,-0.15686643,0.00070424867
2315,0.0,1.1428572,2.4615386,-1.5608939e-05,-0.15634693,-0.00024871653
2316,0.0,1.7142857,2.4615386,-1.6245247e-05,-0.16183625,-0.0013869528
2317,0.0,2.2857144,2.4615386,-1.5997817e-05,-0.15884463,-0.0024747339
2318,0.0,2.857143,2.4615386,-1.5997623e-05,-0.17177862,-0.0036605014
2319,0.0,3.4285715,2.4615386,-1.6358274e-05,-0.16375746,-0.00447688
2320,0.0,4.0,2.4615386,-1.5389494e-05,-0.20489222,-0.0046249083
2321,0.0,0.0,1.8461539,-2.3857745e-05,-0.15614904,0.002423305
2322,0.0,0.5714286,1.8461539,-2.1623173e-05,-0.15747096,0.0011669399
2323,0.0,1.1428572,1.8461539,-2.2655244e-05,-0.15698892,-0.000161324
2324,0.0,1.7142857,1.8461539,-2.2013792e-05,-0.16242376,-0.001826825
2325,0.0,2.2857144,1.8461539,-2.2574486e-05,-0.15915844,-0.0034477105
2326,0.0,2.857143,1.8461539,-2.2013906e-05,-0.17242575,-0.0050644437
2327,0.0,3.4285715,1.8461539,-2.2858932e-05,-0.16334605,-0.0066050263
2328,0.0,4.0,1.8461539,-2.1401753e-05,-0.20497632,-0.007342863
2329,0.0,0.0,1.2307693,-2.7106527e-05,-0.15722533,0.003267079
2330,0.0,0.5714286,1.2307693,-2.9018378e-05,-0.1586997,0.0019257421
2331,0.0,1.1428572,1.2307693,-2.8245506e-05,-0.15797327,-0.00020497815
2332,0.0,1.7142857,1.2307693,-2.870667e-05,-0.16344479,-0.002139111
2333,0.0,2.2857144,1.2307693,-2.8465649e-05,-0.16000679,-0.0045133526
2334,0.0,2.857143,1.2307693,-2.8648556e-05,-0.17285682,-0.006754025
2335,0.0,3.4285715,1.2307693,-2.8614328e-05,-0.16424763,-0.008701047
2336,0.0,4.0,1.2307693,-2.8378972e-05,-0.20493774,-0.009794451
2337,0.0,0.0,0.61538464,-3.6089164e-05,-0.15918294,0.0049474738
2338,0.0,0.5714286,0.61538464,-3.4328586e-05,-0.16028379,0.0023311123
2339,0.0,1.1428572,0.61538464,-3.4988978e-05,-0.15994717,0.00019011393
2340,0.0,1.7142857,0.61538464,-3.4664252e-05,-0.16482979,-0.0028830792
2341,0.0,2.2857144,0.61538464,-3.492973e-05,-0.16182353,-0.0053655296
2342,0.0,2.857143,0.61538464,-3.47539e-05,-0.17390214,-0.008644602
2343,0.0,3.4285715,0.61538464,-3.499933e-05,-0.16488568,-0.012135081
2344,0.0,4.0,0.61538464,-3.4605695e-05,-0.20466074,-0.013546578
2345,0.0,0.0,0.0,-3.9824536e-05,-0.1618033,0.006030282
2346,0.0,0.5714286,0.0,-4.1341227e-05,-0.16306953,0.0036163556
2347,0.0,1.1428572,0.0,-4.0934756e-05,-0.16276528,-0.00029925726
2348,0.0,1.7142857,0.0,-4.111786e-05,-0.1675501,-0.0026730327
2349,0.0,2.2857144,0.0,-4.115897e-05,-0.16515918,-0.007226975
2350,0.0,2.857143,0.0,-4.113455e-05,-0.17615612,-0.009939778
2351,0.0,3.4285715,0.0,-4.1318974e-05,-0.16998772,-0.015572934
2352,0.0,4.0,0.0,-4.1174964e-05,-0.20357972,-0.02270609
2353,0.6,0.0,8.0,0.0064349878,-0.15928102,-0.0069075697
2354,0.6,0.5714286,8.0,0.001885788,-0.16049106,-0.0036793414
2355,0.6,1.1428572,8.0,0.0032723793,-0.1633061,-0.001122339
2356,0.6,1.7142857,8.0,-0.00036088878,-0.16177543,0.0024709587
2357,0.6,2.2857144,8.0,0.0022390364,-0.16870044,0.0052898824
2358,0.6,2.857143,8.0,-0.0025287257,-0.16358747,0.009033182
2359,0.6,3.4285715,8.0,0.0025882637,-0.17927985,0.012752603
2360,0.6,4.0,8.0,-0.008389734,-0.15893774,0.01354766
2361,0.6,0.0,7.3846154,0.006611946,-0.1566762,-0.0052582
2362,0.6,0.5714286,7.3846154,0.0017300879,-0.15778211,-0.0032123101
2363,0.6,1.1428572,7.3846154,0.0032382272,-0.16070378,-0.0006801369
2364,0.6,1.7142857,7.3846154,-0.0007816045,-0.15881875,0.0018096666
2365,0.6,2.2857144,7.3846154,0.0018196933,-0.16625379,0.00455005
2366,0.6,2.857143,7.3846154,-0.0034588848,-0.16012211,0.0073990473
2367,0.6,3.4285715,7.3846154,0.0010572223,-0.17777883,0.009660943
2368,0.6,4.0,7.3846154,-0.011685621,-0.15476006,0.012513695
2369,0.6,0.0,6.769231,0.006612345,-0.15480365,-0.0041146767
2370,0.6,0.5714286,6.769231,0.0016159865,-0.15590554,-0.0024451676
2371,0.6,1.1428572,6.769231,0.003372689,-0.15914252,-0.00060506066
2372,0.6,1.7142857,6.769231,-0.00093522086,-0.15693048,0.0014695853
2373,0.6,2.2857144,6.769231,0.002070801,-0.16500224,0.0035629545
2374,0.6,2.857143,6.769231,-0.003644261,-0.15831813,0.005667892
2375,0.6,3.4285715,6.769231,0.0019187075,-0.17723133,0.0076853703
2376,0.6,4.0,6.769231,-0.010399905,-0.15185712,0.008747536
2377,0.6,0.0,6.1538463,0.0066312086,-0.15365897,-0.0028538269
2378,0.6,0.5714286,6.1538463,0.0015994254,-0.1547858,-0.0018913029
2379,0.6,1.1428572,6.1538463,0.003350372,-0.15805218,-0.0004506763
2380,0.6,1.7142857,6.1538463,-0.00090481236,-0.15595214,0.0010372706
2381,0.6,2.2857144,6.1538463,0.0020105804,-0.16408859,0.002681867
2382,0.6,2.857143,6.1538463,-0.0035628942,-0.15761706,0.004186591
2383,0.6,3.4285715,6.1538463,0.0017761483,-0.1765033,0.005504268
2384,0.6,4.0,6.1538463,-0.011346595,-0.1518881,0.0060740737
2385,0.6,0.0,5.5384617,0.006559424,-0.15289545,-0.0020836482
2386,0.6,0.5714286,5.5384617,0.001605261,-0.15411487,-0.0013402276
2387,0.6,1.1428572,5.5384617,0.0033342654,-0.15738998,-0.00039762625
2388,0.6,1.7142857,5.5384617,-0.0009002551,-0.15541393,0.0006749703
2389,0.6,2.2857144,5.5384617,0.0020571104,-0.16352955,0.0017682136
2390,0.6,2.857143,5.5384617,-0.0035688202,-0.15730648,0.0028171109
2391,0.6,3.4285715,5.5384617,0.0019654285,-0.17614265,0.0037371349
2392,0.6,4.0,5.5384617,-0.010808566,-0.15180475,0.004256999
2393,0.6,0.0,4.923077,0.0065685874,-0.15248321,-0.0012256196
2394,0.6,0.5714286,4.923077,0.0015900405,-0.1537488,-0.000912029
2395,0.6,1.1428572,4.923077,0.0033209247,-0.15701994,-0.0003374309
2396,0.6,1.7142857,4.923077,-0.00088573276,-0.15512277,0.00026344255
2397,0.6,2.2857144,4.923077,0.0020385622,-0.1632395,0.00093555235
2398,0.6,2.857143,4.923077,-0.0035175877,-0.15714896,0.0015366739
2399,0.6,3.4285715,4.923077,0.0019507564,-0.17595519,0.001980737
2400,0.6,4.0,4.923077,-0.011162807,-0.15182012,0.002071213
2401,0.6,0.0,4.3076925,0.006546068,-0.15228641,-0.00066730264
2402,0.6,0.5714286,4.3076925,0.0015847201,-0.15357988,-0.0004957767
2403,0.6,1.1428572,4.3076925,0.0033123328,-0.15686317,-0.00032963714
2404,0.6,1.7142857,4.3076925,-0.0008905298,-0.15499271,-0.000108253866
2405,0.6,2.2857144,4.3076925,0.0020500887,-0.16311948,9.270716e-05
2406,0.6,2.857143,4.3076925,-0.0035251293,-0.15707614,0.00028425606
2407,0.6,3.4285715,4.3076925,0.0019892913,-0.1758645,0.0004916273
2408,0.6,4.0,4.3076925,-0.0110222995,-0.15179847,0.00069361366
2409,0.6,0.0,3.6923077,0.006537511,-0.15228698,3.256003e-05
2410,0.6,0.5714286,3.6923077,0.0015793324,-0.15357971,-0.00012218596
2411,0.6,1.1428572,3.6923077,0.0033054217,-0.15686353,-0.0003021918
2412,0.6,1.7142857,3.6923077,-0.00089626573,-0.15499248,-0.00051288767
2413,0.6,2.2857144,3.6923077,0.0020433997,-0.16311978,-0.0007219977
2414,0.6,2.857143,3.6923077,-0.003530989,-0.15707602,-0.0009066265
2415,0.6,3.4285715,3.6923077,0.001982683,-0.17586483,-0.0011197123
2416,0.6,4.0,3.6923077,-0.01102803,-0.1517988,-0.001316354
2417,0.6,0.0,3.0769231,0.0065511805,-0.15248308,0.00060345413
2418,0.6,0.5714286,3.0769231,0.0015710271,-0.15374912,0.00028465563
2419,0.6,1.1428572,3.0769231,0.003302087,-0.15701996,-0.00028758319
2420,0.6,1.7142857,3.0769231,-0.0009043236,-0.15512289,-0.0008895324
2421,0.6,2.2857144,3.0769231,0.002019589,-0.1632396,-0.00156118
2422,0.6,2.857143,3.0769231,-0.0035360819,-0.15714937,-0.0021619827
2423,0.6,3.4285715,3.0769231,0.0019317997,-0.1759558,-0.0026061009
2424,0.6,4.0,3.0769231,-0.01118077,-0.15182164,-0.0026964855
2425,0.6,0.0,2.4615386,0.0065267445,-0.15289551,0.0014560804
2426,0.6,0.5714286,2.4615386,0.0015740428,-0.15411478,0.0007149249
2427,0.6,1.1428572,2.4615386,0.0033031455,-0.15739,-0.00022825223
2428,0.6,1.7142857,2.4615386,-0.00093174906,-0.15541402,-0.001300926
2429,0.6,2.2857144,2.4615386,0.002026144,-0.16352971,-0.002393637
2430,0.6,2.857143,2.4615386,-0.00360041,-0.15730706,-0.003443052
2431,0.6,3.4285715,2.4615386,0.0019346157,-0.17614396,-0.00436184
2432,0.6,4.0,2.4615386,-0.010839242,-0.15180978,-0.0048828246
2433,0.6,0.0,1.8461539,0.0065885326,-0.15365882,0.002228587
2434,0.6,0.5714286,1.8461539,0.0015557496,-0.15478563,0.0012652881
2435,0.6,1.1428572,1.8461539,0.0033063814,-0.15805209,-0.00017537511
2436,0.6,1.7142857,1.8461539,-0.0009483014,-0.15595211,-0.0016628632
2437,0.6,2.2857144,1.8461539,0.0019665658,-0.16408874,-0.0033079071
2438,0.6,2.857143,1.8461539,-0.0036063993,-0.15761764,-0.004812007
2439,0.6,3.4285715,1.8461539,0.0017321436,-0.17650452,-0.006130303
2440,0.6,4.0,1.8461539,-0.011388795,-0.1518948,-0.0066990843
2441,0.6,0.0,1.2307693,0.0065550013,-0.15480356,0.0034880168
2442,0.6,0.5714286,1.2307693,0.0015595702,-0.1559052,0.0018192282
2443,0.6,1.1428572,1.2307693,0.003316787,-0.15914243,-2.081019e-05
2444,0.6,1.7142857,1.2307693,-0.0009918567,-0.15693007,-0.0020954893
2445,0.6,2.2857144,1.2307693,0.0020149304,-0.1650025,-0.0041888887
2446,0.6,2.857143,1.2307693,-0.0037009874,-0.15831794,-0.0062935296
2447,0.6,3.4285715,1.2307693,0.0018630082,-0.17723274,-0.008311697
2448,0.6,4.0,1.2307693,-0.010456069,-0.1518594,-0.009372519
2449,0.6,0.0,0.61538464,0.0065442747,-0.15667571,0.0046323943
2450,0.6,0.5714286,0.61538464,0.0016614064,-0.15778175,0.0025863932
2451,0.6,1.1428572,0.61538464,0.0031693222,-0.16070344,5.4066837e-05
2452,0.6,1.7142857,0.61538464,-0.00085021043,-0.15881841,-0.0024354772
2453,0.6,2.2857144,0.61538464,0.0017507832,-0.1662535,-0.0051759966
2454,0.6,2.857143,0.61538464,-0.0035276345,-0.16012171,-0.0080249505
2455,0.6,3.4285715,0.61538464,0.0009883754,-0.1777793,-0.010287002
2456,0.6,4.0,0.61538464,-0.011753935,-0.15475835,-0.013138499
2457,0.6,0.0,0.0,0.006352525,-0.15928091,0.0062814276
2458,0.6,0.5714286,0.0,0.0018045251,-0.16049057,0.0030530782
2459,0.6,1.1428572,0.0,0.003191207,-0.16330566,0.0004966331
2460,0.6,1.7142857,0.0,-0.0004423284,-0.16177511,-0.0030971114
2461,0.6,2.2857144,0.0,0.002157623,-0.16869973,-0.005915499
2462,0.6,2.857143,0.0,-0.0026100758,-0.16358764,-0.009659547
2463,0.6,3.4285715,0.0,0.0025064617,-0.17927743,-0.013377682
2464,0.6,4.0,0.0,-0.00847073,-0.15894166,-0.014173924
2465,1.2,0.0,8.0,0.008292491,-0.15519363,-0.0064472607
2466,1.2,0.5714286,8.0,0.008135476,-0.15681943,-0.004104313
2467,1.2,1.1428572,8.0,0.0015951763,-0.1560995,-0.0011346188
2468,1.2,1.7142857,8.0,0.0042639226,-0.16020268,0.001422557
2469,1.2,2.2857144,8.0,-0.0020293642,-0.15627977,0.004236484
2470,1.2,2.857143,8.0,0.0016550365,-0.16484854,0.0069126855
2471,1.2,3.4285715,8.0,-0.006285545,-0.15258276,0.008102417
2472,1.2,4.0,8.0,-0.008727462,-0.16637361,0.00956244
2473,1.2,0.0,7.3846154,0.008032646,-0.15264912,-0.005376658
2474,1.2,0.5714286,7.3846154,0.008302717,-0.15440957,-0.003194267
2475,1.2,1.1428572,7.3846154,0.0011763674,-0.15348479,-0.0010118111
2476,1.2,1.7142857,7.3846154,0.00398037,-0.15793754,0.0012929104
2477,1.2,2.2857144,7.3846154,-0.0029681209,-0.15348078,0.0036392333
2478,1.2,2.857143,7.3846154,0.0006436964,-0.16319786,0.005736404
2479,1.2,3.4285715,7.3846154,-0.008146315,-0.14978775,0.007684891
2480,1.2,4.0,7.3846154,-0.009495194,-0.16648884,0.009049658
2481,1.2,0.0,6.769231,0.007828966,-0.15089284,-0.0039713993
2482,1.2,0.5714286,6.769231,0.008507681,-0.15276508,-0.0025373485
2483,1.2,1.1428572,6.769231,0.000938401,-0.15165795,-0.0007989711
2484,1.2,1.7142857,6.769231,0.004242138,-0.15650666,0.001057653
2485,1.2,2.2857144,6.769231,-0.0033098257,-0.15157387,0.002906605
2486,1.2,2.857143,6.769231,0.0010767871,-0.1621041,0.004700375
2487,1.2,3.4285715,6.769231,-0.008438098,-0.14719734,0.00608901
2488,1.2,4.0,6.769231,-0.00984117,-0.16560392,0.007542659
2489,1.2,0.0,6.1538463,0.0077469,-0.14965746,-0.003026099
2490,1.2,0.5714286,6.1538463,0.008447044,-0.15164644,-0.0019126042
2491,1.2,1.1428572,6.1538463,0.0009827942,-0.15055682,-0.0006328474
2492,1.2,1.7142857,6.1538463,0.004170603,-0.1554497,0.00078113866
2493,1.2,2.2857144,6.1538463,-0.0031997794,-0.15061735,0.0021758687
2494,1.2,2.857143,6.1538463,0.0009459129,-0.1610318,0.003517821
2495,1.2,3.4285715,6.1538463,-0.008249514,-0.1465428,0.004711904
2496,1.2,4.0,6.1538463,-0.0093201855,-0.16429564,0.0055326703
2497,1.2,0.0,5.5384617,0.0077886498,-0.148944,-0.0020350635
2498,1.2,0.5714286,5.5384617,0.008394588,-0.15090829,-0.0013809231
2499,1.2,1.1428572,5.5384617,0.0009852729,-0.1499178,-0.000517387
2500,1.2,1.7142857,5.5384617,0.0041835518,-0.15476519,0.00048341556
2501,1.2,2.2857144,5.5384617,-0.00319636,-0.15006629,0.0014543164
2502,1.2,2.857143,5.5384617,0.0010446477,-0.16044454,0.0024276015
2503,1.2,3.4285715,5.5384617,-0.008182595,-0.14603679,0.0030980133
2504,1.2,4.0,5.5384617,-0.009838751,-0.16362363,0.0036157172
2505,1.2,0.0,4.923077,0.007746334,-0.14849344,-0.0013420957
2506,1.2,0.5714286,4.923077,0.00835987,-0.15049708,-0.000934948
2507,1.2,1.1428572,4.923077,0.0009970812,-0.14954501,-0.00041328702
2508,1.2,1.7142857,4.923077,0.0041558906,-0.15438865,0.00016180676
2509,1.2,2.2857144,4.923077,-0.0031350525,-0.14976873,0.0007482038
2510,1.2,2.857143,4.923077,0.0010166279,-0.16009264,0.0012806661
2511,1.2,3.4285715,4.923077,-0.008088436,-0.14583626,0.0017786993
2512,1.2,4.0,4.923077,-0.0095716715,-0.16316262,0.0021219675
2513,1.2,0.0,4.3076925,0.007754958,-0.14830264,-0.0006186351
2514,1.2,0.5714286,4.3076925,0.008339448,-0.15030755,-0.0005090816
2515,1.2,1.1428572,4.3076925,0.0009890462,-0.14937963,-0.0003556665
2516,1.2,1.7142857,4.3076925,0.0041587115,-0.1542214,-0.0001539679
2517,1.2,2.2857144,4.3076925,-0.0031392453,-0.14963028,3.069059e-05
2518,1.2,2.857143,4.3076925,0.0010470991,-0.1599519,0.00023389606
2519,1.2,3.4285715,4.3076925,-0.008075335,-0.14570466,0.00030853052
2520,1.2,4.0,4.3076925,-0.009738014,-0.16299231,0.00035248534
2521,1.2,0.0,3.6923077,0.007749962,-0.14830208,-1.0953599e-05
2522,1.2,0.5714286,3.6923077,0.008332697,-0.15030766,-0.00013713808
2523,1.2,1.1428572,3.6923077,0.0009831719,-0.14937936,-0.00027645708
2524,1.2,1.7142857,3.6923077,0.0041520894,-0.15422165,-0.0004886214
2525,1.2,2.2857144,3.6923077,-0.0031451194,-0.14963019,-0.0006647967
2526,1.2,2.857143,3.6923077,0.0010405,-0.15995218,-0.0008746106
2527,1.2,3.4285715,3.6923077,-0.008081167,-0.1457047,-0.00094332936
2528,1.2,4.0,3.6923077,-0.00974451,-0.16299249,-0.0009927811
2529,1.2,0.0,3.0769231,0.0077266535,-0.14849353,0.0006998462
2530,1.2,0.5714286,3.0769231,0.008340827,-0.15049675,0.00029807098
2531,1.2,1.1428572,3.0769231,0.0009785794,-0.14954503,-0.00022566781
2532,1.2,1.7142857,3.0769231,0.004136882,-0.15438876,-0.00079948874
2533,1.2,2.2857144,3.0769231,-0.0031535162,-0.14976896,-0.0013860706
2534,1.2,2.857143,3.0769231,0.0009976358,-0.16009304,-0.0019184505
2535,1.2,3.4285715,3.0769231,-0.008106623,-0.14583704,-0.0024159946
2536,1.2,4.0,3.0769231,-0.009590654,-0.16316305,-0.0027599107
2537,1.2,0.0,2.4615386,0.007758345,-0.14894384,0.0013981464
2538,1.2,0.5714286,2.4615386,0.008363283,-0.15090832,0.0007419765
2539,1.2,1.1428572,2.4615386,0.0009539803,-0.14991784,-0.00012079231
2540,1.2,1.7142857,2.4615386,0.0041523064,-0.15476525,-0.0011213056
2541,1.2,2.2857144,2.4615386,-0.003227502,-0.15006673,-0.0020924886
2542,1.2,2.857143,2.4615386,0.0010132885,-0.16044506,-0.0030650645
2543,1.2,3.4285715,2.4615386,-0.008213157,-0.14603852,-0.0037359295
2544,1.2,4.0,2.4615386,-0.009870042,-0.16362317,-0.0042531416
2545,1.2,0.0,1.8461539,0.007702483,-0.14965738,0.002386877
2546,1.2,0.5714286,1.8461539,0.008402902,-0.15164647,0.0012742768
2547,1.2,1.1428572,1.8461539,0.0009395142,-0.1505568,-5.153335e-06
2548,1.2,1.7142857,1.8461539,0.004126377,-0.15544984,-0.0014195698
2549,1.2,2.2857144,1.8461539,-0.0032429453,-0.15061772,-0.0028135728
2550,1.2,2.857143,1.8461539,0.00090153894,-0.16103227,-0.0041560926
2551,1.2,3.4285715,1.8461539,-0.008291946,-0.14654495,-0.0053494186
2552,1.2,4.0,1.8461539,-0.009364688,-0.16429491,-0.006170452
2553,1.2,0.0,1.2307693,0.0077734324,-0.1508925,0.003333418
2554,1.2,0.5714286,1.2307693,0.008451647,-0.15276507,0.0018989986
2555,1.2,1.1428572,1.2307693,0.00088191655,-0.15165776,0.00016064006
2556,1.2,1.7142857,1.2307693,0.0041861334,-0.15650684,-0.0016957516
2557,1.2,2.2857144,1.2307693,-0.0033662452,-0.15157378,-0.0035447543
2558,1.2,2.857143,1.2307693,0.0010207258,-0.16210489,-0.005338489
2559,1.2,3.4285715,1.2307693,-0.008494135,-0.14719778,-0.006727047
2560,1.2,4.0,1.2307693,-0.0098970765,-0.16560423,-0.0081800455
2561,1.2,0.0,0.61538464,0.007962938,-0.15264903,0.0047380035
2562,1.2,0.5714286,0.61538464,0.008233957,-0.15440945,0.0025557496
2563,1.2,1.1428572,0.61538464,0.0011076973,-0.15348455,0.00037377677
2564,1.2,1.7142857,0.61538464,0.00391159,-0.1579375,-0.0019313104
2565,1.2,2.2857144,0.61538464,-0.0030369104,-0.15348059,-0.004277246
2566,1.2,2.857143,0.61538464,0.00057495484,-0.16319813,-0.006374785
2567,1.2,3.4285715,0.61538464,-0.008215019,-0.14978753,-0.008322603
2568,1.2,4.0,0.61538464,-0.009563839,-0.16648994,-0.009687419
2569,1.2,0.0,0.0,0.008212283,-0.15519308,0.005808721
2570,1.2,0.5714286,0.0,0.008054074,-0.15681925,0.0034662324
2571,1.2,1.1428572,0.0,0.0015140361,-0.15609932,0.00049610046
2572,1.2,1.7142857,0.0,0.0041824225,-0.16020232,-0.002060534
2573,1.2,2.2857144,0.0,-0.0021104186,-0.15627997,-0.0048749456
2574,1.2,2.857143,0.0,0.00157331,-0.16484763,-0.0075506293
2575,1.2,3.4285715,0.0,-0.0063664503,-0.152584,-0.008740715
2576,1.2,4.0,0.0,-0.0088089155,-0.16637106,-0.010199868
2577,1.8,0.0,8.0,0.017021058,-0.14847143,-0.006699744
2578,1.8,0.5714286,8.0,0.006531002,-0.14850561,-0.0038854477
2579,1.8,1.1428572,8.0,0.0076528946,-0.15096565,-0.0016824217
2580,1.8,1.7142857,8.0,0.00012560851,-0.14849328,0.0006613316
2581,1.8,2.2857144,8.0,0.002537123,-0.15353595,0.0030420753
2582,1.8,2.857143,8.0,-0.005135086,-0.14632946,0.0045903744
2583,1.8,3.4285715,8.0,-0.00485957,-0.15557228,0.0069265408
2584,1.8,4.0,8.0,-0.016796537,-0.1435929,0.009231681
2585,1.8,0.0,7.3846154,0.017380225,-0.14623144,-0.0050033857
2586,1.8,0.5714286,7.3846154,0.006306795,-0.14620724,-0.0033127277
2587,1.8,1.1428572,7.3846154,0.007648687,-0.14887796,-0.0013217335
2588,1.8,1.7142857,7.3846154,-0.00054591015,-0.14610927,0.00069115247
2589,1.8,2.2857144,7.3846154,0.002020184,-0.15182643,0.0025286626
2590,1.8,2.857143,7.3846154,-0.006344628,-0.14396106,0.004376029
2591,1.8,3.4285715,7.3846154,-0.0055813976,-0.15460375,0.0056845606
2592,1.8,4.0,7.3846154,-0.018373765,-0.14059286,0.0069546765
2593,1.8,0.0,6.769231,0.017441088,-0.14461283,-0.0040691355
2594,1.8,0.5714286,6.769231,0.0060559534,-0.14449069,-0.0025844497
2595,1.8,1.1428572,6.769231,0.007914204,-0.14741072,-0.0010237768
2596,1.8,1.7142857,6.769231,-0.00090734364,-0.14433834,0.00055469864
2597,1.8,2.2857144,6.769231,0.002237049,-0.15059215,0.002162708
2598,1.8,2.857143,6.769231,-0.0068673287,-0.14191867,0.0035554655
2599,1.8,3.4285715,6.769231,-0.0057163713,-0.15387122,0.0049437354
2600,1.8,4.0,6.769231,-0.018711444,-0.13876206,0.0061274855
2601,1.8,0.0,6.1538463,0.017407874,-0.14348663,-0.0029068503
2602,1.8,0.5714286,6.1538463,0.0060504046,-0.14334355,-0.001987111
2603,1.8,1.1428572,6.1538463,0.007845043,-0.14633116,-0.0008097093
2604,1.8,1.7142857,6.1538463,-0.00082923204,-0.14326869,0.00041227645
2605,1.8,2.2857144,6.1538463,0.0021350977,-0.14948882,0.0016361873
2606,1.8,2.857143,6.1538463,-0.0067181005,-0.14099915,0.0027633007
2607,1.8,3.4285715,6.1538463,-0.0056520374,-0.1525112,0.0036961758
2608,1.8,4.0,6.1538463,-0.01878426,-0.13782467,0.0045416607
2609,1.8,0.0,5.5384617,0.017263621,-0.14268523,-0.0021212685
2610,1.8,0.5714286,5.5384617,0.006051111,-0.1426555,-0.0014504044
2611,1.8,1.1428572,5.5384617,0.0078069996,-0.14557736,-0.00062504114
2612,1.8,1.7142857,5.5384617,-0.0008171451,-0.14262788,0.00022228454
2613,1.8,2.2857144,5.5384617,0.0021514352,-0.14877017,0.0010958775
2614,1.8,2.857143,5.5384617,-0.006695786,-0.14035468,0.0018712393
2615,1.8,3.4285715,5.5384617,-0.0057054916,-0.15184936,0.002644633
2616,1.8,4.0,5.5384617,-0.018574595,-0.13726632,0.0031962246
2617,1.8,0.0,4.923077,0.017250592,-0.14223471,-0.0013103067
2618,1.8,0.5714286,4.923077,0.0060302624,-0.14222372,-0.00096256146
2619,1.8,1.1428572,4.923077,0.0077676987,-0.14515749,-0.0004974598
2620,1.8,1.7142857,4.923077,-0.0007822811,-0.14223781,1.4460736e-05
2621,1.8,2.2857144,4.923077,0.002122335,-0.14834806,0.00053277466
2622,1.8,2.857143,4.923077,-0.0066062636,-0.1400309,0.0010127857
2623,1.8,3.4285715,4.923077,-0.0056661395,-0.15135245,0.0013648772
2624,1.8,4.0,4.923077,-0.018674236,-0.13693455,0.001659995
2625,1.8,0.0,4.3076925,0.017205976,-0.14201342,-0.0006660873
2626,1.8,0.5714286,4.3076925,0.0060191536,-0.14203392,-0.00054545415
2627,1.8,1.1428572,4.3076925,0.0077530383,-0.14495651,-0.0003728676
2628,1.8,1.7142857,4.3076925,-0.00078610366,-0.14206286,-0.00021124932
2629,1.8,2.2857144,4.3076925,0.0021323422,-0.14816165,-3.8863956e-05
2630,1.8,2.857143,4.3076925,-0.0066016526,-0.13985738,0.00010740378
2631,1.8,3.4285715,4.3076925,-0.0056711948,-0.15117711,0.00029976628
2632,1.8,4.0,4.3076925,-0.018597167,-0.13676739,0.00041917292
2633,1.8,0.0,3.6923077,0.01719865,-0.142013,-1.0578109e-36
2634,1.8,0.5714286,3.6923077,0.0060131303,-0.14203317,-9.6938034e-05
2635,1.8,1.1428572,3.6923077,0.007746574,-0.1449569,-0.00028360583
2636,1.8,1.7142857,3.6923077,-0.00079211406,-0.14206252,-0.0004343701
2637,1.8,2.2857144,3.6923077,0.0021258595,-0.148162,-0.00061485206
2638,1.8,2.857143,3.6923077,-0.0066076186,-0.1398572,-0.0007542539
2639,1.8,3.4285715,3.6923077,-0.0056776293,-0.15117754,-0.00095239026
2640,1.8,4.0,3.6923077,-0.01860319,-0.13676707,-0.0010663888
2641,1.8,0.0,3.0769231,0.01723232,-0.14223467,0.00066325034
2642,1.8,0.5714286,3.0769231,0.006011793,-0.14222321,0.00030851018
2643,1.8,1.1428572,3.0769231,0.007748652,-0.14515738,-0.00015135283
2644,1.8,1.7142857,3.0769231,-0.0008007382,-0.14223793,-0.00066558114
2645,1.8,2.2857144,3.0769231,0.0021033622,-0.14834812,-0.0011824582
2646,1.8,2.857143,3.0769231,-0.0066246567,-0.14003137,-0.0016629122
2647,1.8,3.4285715,3.0769231,-0.0056850035,-0.1513524,-0.0020147562
2648,1.8,4.0,3.0769231,-0.018692585,-0.13693519,-0.0023098453
2649,1.8,0.0,2.4615386,0.017231489,-0.14268534,0.0014679283
2650,1.8,0.5714286,2.4615386,0.0060199522,-0.14265577,0.00080088445
2651,1.8,1.1428572,2.4615386,0.0077756215,-0.14557709,-2.6373009e-05
2652,1.8,1.7142857,2.4615386,-0.00084815524,-0.14262818,-0.00087207794
2653,1.8,2.2857144,2.4615386,0.0021199696,-0.14877029,-0.0017463671
2654,1.8,2.857143,2.4615386,-0.006726571,-0.14035529,-0.0025210592
2655,1.8,3.4285715,2.4615386,-0.0057368055,-0.15184933,-0.0032947585
2656,1.8,4.0,2.4615386,-0.018605473,-0.13726744,-0.0038458703
2657,1.8,0.0,1.8461539,0.017364291,-0.14348681,0.0022572363
2658,1.8,0.5714286,1.8461539,0.006007222,-0.14334333,0.0013357898
2659,1.8,1.1428572,1.8461539,0.0078007644,-0.14633143,0.0001595563
2660,1.8,1.7142857,1.8461539,-0.0008723887,-0.14326875,-0.0010629559
2661,1.8,2.2857144,1.8461539,0.0020908287,-0.14948897,-0.0022862032
2662,1.8,2.857143,1.8461539,-0.0067610666,-0.14100002,-0.0034136465
2663,1.8,3.4285715,1.8461539,-0.0056961733,-0.15251057,-0.0043459767
2664,1.8,4.0,1.8461539,-0.018827189,-0.13782623,-0.005191645
2665,1.8,0.0,1.2307693,0.017384274,-0.14461292,0.0034173152
2666,1.8,0.5714286,1.2307693,0.00599953,-0.14449078,0.0019343279
2667,1.8,1.1428572,1.2307693,0.007858135,-0.14741069,0.0003728054
2668,1.8,1.7142857,1.2307693,-0.0009636507,-0.14433838,-0.0012046838
2669,1.8,2.2857144,1.2307693,0.0021808948,-0.1505925,-0.0028134878
2670,1.8,2.857143,1.2307693,-0.0069234725,-0.14191867,-0.0042052655
2671,1.8,3.4285715,1.2307693,-0.005772392,-0.15387182,-0.0055941157
2672,1.8,4.0,1.2307693,-0.018767621,-0.1387623,-0.0067767957
2673,1.8,0.0,0.61538464,0.017312134,-0.1462315,0.0043532224
2674,1.8,0.5714286,0.61538464,0.006238122,-0.14620692,0.0026617676
2675,1.8,1.1428572,0.61538464,0.007579962,-0.1488782,0.0006714818
2676,1.8,1.7142857,0.61538464,-0.0006146848,-0.14610901,-0.001341899
2677,1.8,2.2857144,0.61538464,0.0019515312,-0.15182666,-0.003178739
2678,1.8,2.857143,0.61538464,-0.0064134574,-0.14396101,-0.0050266106
2679,1.8,3.4285715,0.61538464,-0.005649943,-0.15460403,-0.0063343765
2680,1.8,4.0,0.61538464,-0.018442446,-0.1405926,-0.0076048407
2681,1.8,0.0,0.0,0.016938912,-0.14847137,0.006048469
2682,1.8,0.5714286,0.0,0.006449934,-0.14850561,0.0032351285
2683,1.8,1.1428572,0.0,0.0075714425,-0.15096538,0.0010315605
2684,1.8,1.7142857,0.0,4.462879e-05,-0.14849347,-0.0013114389
2685,1.8,2.2857144,0.0,0.0024555211,-0.15353554,-0.0036928763
2686,1.8,2.857143,0.0,-0.005215973,-0.14633001,-0.005240282
2687,1.8,3.4285715,0.0,-0.004941177,-0.15557137,-0.0075770747
2688,1.8,4.0,0.0,-0.016877469,-0.14359404,-0.009880851
2689,2.4,0.0,8.0,0.016512474,-0.13853589,-0.005609936
2690,2.4,0.5714286,8.0,0.013655705,-0.14068572,-0.004059945
2691,2.4,1.1428572,8.0,0.004331459,-0.13953015,-0.0019339913
2692,2.4,1.7142857,8.0,0.005170301,-0.14253195,0.00019020544
2693,2.4,2.2857144,8.0,-0.0028350763,-0.13831584,0.0017457645
2694,2.4,2.857143,8.0,-0.002218905,-0.14418918,0.0040282854
2695,2.4,3.4285715,8.0,-0.012159679,-0.13580367,0.0053192656
2696,2.4,4.0,8.0,-0.01633383,-0.14365861,0.0060372553
2697,2.4,0.0,7.3846154,0.016338956,-0.13653989,-0.005111326
2698,2.4,0.5714286,7.3846154,0.013971817,-0.13875668,-0.003210922
2699,2.4,1.1428572,7.3846154,0.003966897,-0.13747855,-0.0015401224
2700,2.4,1.7142857,7.3846154,0.0050383895,-0.14084704,8.746087e-05
2701,2.4,2.2857144,7.3846154,-0.0036351795,-0.13623688,0.0018221588
2702,2.4,2.857143,7.3846154,-0.0026884817,-0.14291693,0.0031590988
2703,2.4,3.4285715,7.3846154,-0.013400078,-0.13358378,0.0047401795
2704,2.4,4.0,7.3846154,-0.01698829,-0.14315982,0.006431835
2705,2.4,0.0,6.769231,0.01603877,-0.13489984,-0.0037721705
2706,2.4,0.5714286,6.769231,0.01422205,-0.13733897,-0.0026035348
2707,2.4,1.1428572,6.769231,0.0036743162,-0.13587546,-0.0012446815
2708,2.4,1.7142857,6.769231,0.0052250195,-0.1395963,0.00017244286
2709,2.4,2.2857144,6.769231,-0.004102443,-0.13452362,0.001451544
2710,2.4,2.857143,6.769231,-0.0027226866,-0.1420196,0.0027753157
2711,2.4,3.4285715,6.769231,-0.013909575,-0.13168727,0.0037947802
2712,2.4,4.0,6.769231,-0.01709623,-0.14217326,0.004733465
2713,2.4,0.0,6.1538463,0.015937245,-0.13377234,-0.002983289
2714,2.4,0.5714286,6.1538463,0.014139205,-0.13629253,-0.0019870107
2715,2.4,1.1428572,6.1538463,0.0037154322,-0.13479482,-0.0009656782
2716,2.4,1.7142857,6.1538463,0.0051468234,-0.13855232,9.884558e-05
2717,2.4,2.2857144,6.1538463,-0.004047456,-0.13354547,0.0011392751
2718,2.4,2.857143,6.1538463,-0.0027904734,-0.14086355,0.0020935584
2719,2.4,3.4285715,6.1538463,-0.013946354,-0.13090427,0.003055304
2720,2.4,4.0,6.1538463,-0.017073046,-0.14114544,0.003926727
2721,2.4,0.0,5.5384617,0.015934777,-0.13305922,-0.0020544317
2722,2.4,0.5714286,5.5384617,0.014049353,-0.13551652,-0.0014574535
2723,2.4,1.1428572,5.5384617,0.003716054,-0.13413581,-0.0007524108
2724,2.4,1.7142857,5.5384617,0.005116272,-0.13780133,8.44755e-06
2725,2.4,2.2857144,5.5384617,-0.0040299613,-0.13288948,0.000742276
2726,2.4,2.857143,5.5384617,-0.0028056803,-0.14015704,0.0014505436
2727,2.4,3.4285715,5.5384617,-0.013837911,-0.13019732,0.0020118763
2728,2.4,4.0,5.5384617,-0.017121837,-0.14035133,0.0025358545
2729,2.4,0.0,4.923077,0.015873289,-0.13259368,-0.0013612031
2730,2.4,0.5714286,4.923077,0.013989957,-0.13507944,-0.0009873871
2731,2.4,1.1428572,4.923077,0.0037206523,-0.1337048,-0.000567368
2732,2.4,1.7142857,4.923077,0.0050779977,-0.13736409,-0.000111032336
2733,2.4,2.2857144,4.923077,-0.003985575,-0.13249834,0.00031716193
2734,2.4,2.857143,4.923077,-0.0028143444,-0.13967612,0.00073756796
2735,2.4,3.4285715,4.923077,-0.013825399,-0.12988146,0.0011610735
2736,2.4,4.0,4.923077,-0.017086105,-0.13989949,0.0014973028
2737,2.4,0.0,4.3076925,0.015864354,-0.13238414,-0.0006505545
2738,2.4,0.5714286,4.3076925,0.013957199,-0.13485959,-0.0005397763
2739,2.4,1.1428572,4.3076925,0.0037086275,-0.13351318,-0.00040668566
2740,2.4,1.7142857,4.3076925,0.0050705043,-0.13715483,-0.000262599
2741,2.4,2.2857144,4.3076925,-0.0039845174,-0.13230777,-0.000104783874
2742,2.4,2.857143,4.3076925,-0.0028072773,-0.13948126,3.0814124e-05
2743,2.4,3.4285715,4.3076925,-0.013791096,-0.12967622,0.0001040708
2744,2.4,4.0,4.3076925,-0.017102476,-0.13968007,0.00018885959
2745,2.4,0.0,3.6923077,0.015859129,-0.13238369,-5.6972053e-06
2746,2.4,0.5714286,3.6923077,0.01395086,-0.1348596,-0.00012964806
2747,2.4,1.1428572,3.6923077,0.0037024776,-0.13351299,-0.00025120704
2748,2.4,1.7142857,3.6923077,0.0050641536,-0.13715494,-0.00040371157
2749,2.4,2.2857144,3.6923077,-0.0039906213,-0.13230772,-0.00055440556
2750,2.4,2.857143,3.6923077,-0.002813631,-0.13948138,-0.0006957242
2751,2.4,3.4285715,3.6923077,-0.013797184,-0.12967621,-0.00076374464
2752,2.4,4.0,3.6923077,-0.017108794,-0.13968018,-0.0008532408
2753,2.4,0.0,3.0769231,0.015854297,-0.13259374,0.0006950947
2754,2.4,0.5714286,3.0769231,0.013970947,-0.13507916,0.0003253042
2755,2.4,1.1428572,3.0769231,0.0037021989,-0.13370477,-9.5905714e-05
2756,2.4,1.7142857,3.0769231,0.0050590266,-0.1373641,-0.000551347
2757,2.4,2.2857144,3.0769231,-0.0040040347,-0.13249846,-0.0009794352
2758,2.4,2.857143,3.0769231,-0.00283324,-0.13967623,-0.0014000292
2759,2.4,3.4285715,3.0769231,-0.013843779,-0.12988171,-0.0018229017
2760,2.4,4.0,3.0769231,-0.017105054,-0.1398997,-0.0021596013
2761,2.4,0.0,2.4615386,0.015904259,-0.13305917,0.0013924144
2762,2.4,0.5714286,2.4615386,0.014017962,-0.13551651,0.00079395185
2763,2.4,1.1428572,2.4615386,0.003685076,-0.13413587,8.961751e-05
2764,2.4,1.7142857,2.4615386,0.005084779,-0.13780127,-0.0006708778
2765,2.4,2.2857144,2.4615386,-0.004060813,-0.13288984,-0.0014048751
2766,2.4,2.857143,2.4615386,-0.0028371387,-0.14015691,-0.0021126294
2767,2.4,3.4285715,2.4615386,-0.013868644,-0.13019806,-0.002674225
2768,2.4,4.0,2.4615386,-0.017153267,-0.14035082,-0.0031976611
2769,2.4,0.0,1.8461539,0.015893558,-0.13377248,0.0023195494
2770,2.4,0.5714286,1.8461539,0.01409486,-0.1362926,0.0013240221
2771,2.4,1.1428572,1.8461539,0.0036722638,-0.13479492,0.0003031077
2772,2.4,1.7142857,1.8461539,0.0051026237,-0.13855234,-0.00076172635
2773,2.4,2.2857144,1.8461539,-0.004090628,-0.13354582,-0.001801469
2774,2.4,2.857143,1.8461539,-0.002834577,-0.14086339,-0.002756139
2775,2.4,3.4285715,1.8461539,-0.013989386,-0.13090515,-0.0037172278
2776,2.4,4.0,1.8461539,-0.01711718,-0.1411451,-0.0045888997
2777,2.4,0.0,1.2307693,0.0159829,-0.13489968,0.0031094945
2778,2.4,0.5714286,1.2307693,0.014166009,-0.13733913,0.0019406105
2779,2.4,1.1428572,1.2307693,0.0036180196,-0.13587539,0.0005818108
2780,2.4,1.7142857,1.2307693,0.005168856,-0.13959655,-0.0008349725
2781,2.4,2.2857144,1.2307693,-0.0041586165,-0.13452359,-0.0021141518
2782,2.4,2.857143,1.2307693,-0.0027788412,-0.14201994,-0.0034375878
2783,2.4,3.4285715,1.2307693,-0.013965628,-0.13168733,-0.0044571073
2784,2.4,4.0,1.2307693,-0.017152352,-0.14217342,-0.0053954516
2785,2.4,0.0,0.61538464,0.01626976,-0.13653988,0.00444809
2786,2.4,0.5714286,0.61538464,0.013903018,-0.13875683,0.0025478601
2787,2.4,1.1428572,0.61538464,0.003898177,-0.13747846,0.00087758224
2788,2.4,1.7142857,0.61538464,0.004969757,-0.14084722,-0.00075033796
2789,2.4,2.2857144,0.61538464,-0.0037040054,-0.1362368,-0.0024844815
2790,2.4,2.857143,0.61538464,-0.0027570357,-0.1429172,-0.0038217253
2791,2.4,3.4285715,0.61538464,-0.013468855,-0.1335837,-0.0054021967
2792,2.4,4.0,0.61538464,-0.017056843,-0.14316033,-0.007093842
2793,2.4,0.0,0.0,0.016431889,-0.13853571,0.004946953
2794,2.4,0.5714286,0.0,0.013574409,-0.14068578,0.0033971588
2795,2.4,1.1428572,0.0,0.004250439,-0.13953014,0.001271079
2796,2.4,1.7142857,0.0,0.005088844,-0.14253187,-0.0008527259
2797,2.4,2.2857144,0.0,-0.0029160061,-0.13831612,-0.0024084598
2798,2.4,2.857143,0.0,-0.0023004275,-0.14418875,-0.004690606
2799,2.4,3.4285715,0.0,-0.012240602,-0.13580436,-0.0059815967
2800,2.4,4.0,0.0,-0.016415238,-0.14365779,-0.006699416
2801,3.0,0.0,8.0,0.024231397,-0.12943108,-0.0059735063
2802,3.0,0.5714286,8.0,0.011605532,-0.12893875,-0.003674471
2803,3.0,1.1428572,8.0,0.009799656,-0.13089196,-0.0019464062
2804,3.0,1.7142857,8.0,0.0010682514,-0.12870969,-0.00047194902
2805,3.0,2.2857144,8.0,0.0007674111,-0.13227366,0.0016059176
2806,3.0,2.857143,8.0,-0.00805204,-0.12691121,0.0026803229
2807,3.0,3.4285715,8.0,-0.010752678,-0.13269027,0.004446952
2808,3.0,4.0,8.0,-0.023490319,-0.12538712,0.0067196414
2809,3.0,0.0,7.3846154,0.024656342,-0.12764987,-0.0043782326
2810,3.0,0.5714286,7.3846154,0.011551995,-0.12718622,-0.003171515
2811,3.0,1.1428572,7.3846154,0.009957649,-0.12929258,-0.0016905136
2812,3.0,1.7142857,7.3846154,0.0006368916,-0.1269045,-0.00014454724
2813,3.0,2.2857144,7.3846154,0.0005682986,-0.13094468,0.0010945051
2814,3.0,2.857143,7.3846154,-0.008898985,-0.1250496,0.0026347975
2815,3.0,3.4285715,7.3846154,-0.011216621,-0.13174592,0.0037103293
2816,3.0,4.0,7.3846154,-0.024402346,-0.12324579,0.0044957874
2817,3.0,0.0,6.769231,0.024765562,-0.12640677,-0.0037681824
2818,3.0,0.5714286,6.769231,0.011332736,-0.12573206,-0.0025083
2819,3.0,1.1428572,6.769231,0.01019688,-0.12808321,-0.0013089204
2820,3.0,1.7142857,6.769231,0.00028724066,-0.12543191,-0.00018035235
2821,3.0,2.2857144,6.769231,0.00061610364,-0.12996195,0.0010506243
2822,3.0,2.857143,6.769231,-0.009382567,-0.123438604,0.0020302748
2823,3.0,3.4285715,6.769231,-0.011384627,-0.13098009,0.003177267
2824,3.0,4.0,6.769231,-0.02490482,-0.121843286,0.004359608
2825,3.0,0.0,6.1538463,0.024655702,-0.12538897,-0.0027357906
2826,3.0,0.5714286,6.1538463,0.0113147935,-0.12469277,-0.0019562803
2827,3.0,1.1428572,6.1538463,0.010130721,-0.12712808,-0.0010524988
2828,3.0,1.7142857,6.1538463,0.00030830264,-0.12446357,-0.000121905694
2829,3.0,2.2857144,6.1538463,0.00053009123,-0.12896967,0.0007488712
2830,3.0,2.857143,6.1538463,-0.0094295945,-0.12261207,0.0016401408
2831,3.0,3.4285715,6.1538463,-0.011431774,-0.12990013,0.0023425797
2832,3.0,4.0,6.1538463,-0.024876006,-0.12093972,0.0029826309
2833,3.0,0.0,5.5384617,0.024488294,-0.12463501,-0.0020365056
2834,3.0,0.5714286,5.5384617,0.011293128,-0.12405494,-0.0014487826
2835,3.0,1.1428572,5.5384617,0.010065264,-0.12638931,-0.00080322195
2836,3.0,1.7142857,5.5384617,0.00031633463,-0.12384073,-0.00016482548
2837,3.0,2.2857144,5.5384617,0.0004885064,-0.12826589,0.0004821359
2838,3.0,2.857143,5.5384617,-0.009379271,-0.121966615,0.0010653473
2839,3.0,3.4285715,5.5384617,-0.011487768,-0.1292544,0.0016990042
2840,3.0,4.0,5.5384617,-0.024799505,-0.12039096,0.002251351
2841,3.0,0.0,4.923077,0.02441494,-0.12418619,-0.0012986874
2842,3.0,0.5714286,4.923077,0.011260051,-0.12361099,-0.0009756841
2843,3.0,1.1428572,4.923077,0.0100108255,-0.1259669,-0.00060531276
2844,3.0,1.7142857,4.923077,0.00032764484,-0.123429194,-0.00022328402
2845,3.0,2.2857144,4.923077,0.00046169458,-0.12782255,0.00016699576
2846,3.0,2.857143,4.923077,-0.009358064,-0.121606365,0.0005312593
2847,3.0,3.4285715,4.923077,-0.011469744,-0.12876037,0.00080875965
2848,3.0,4.0,4.923077,-0.02475234,-0.120002724,0.0010747763
2849,3.0,0.0,4.3076925,0.02436085,-0.12396156,-0.00065916526
2850,3.0,0.5714286,4.3076925,0.011237634,-0.12341672,-0.0005549394
2851,3.0,1.1428572,4.3076925,0.009987267,-0.12575127,-0.00042448216
2852,3.0,1.7142857,4.3076925,0.00032089584,-0.123238504,-0.0002919071
2853,3.0,2.2857144,4.3076925,0.00045573802,-0.12761675,-0.0001743175
2854,3.0,2.857143,4.3076925,-0.009343983,-0.121408224,-5.26481e-05
2855,3.0,3.4285715,4.3076925,-0.01147728,-0.12857369,0.00011229006
2856,3.0,4.0,4.3076925,-0.024731612,-0.11982868,0.00022877689
2857,3.0,0.0,3.6923077,0.024353905,-0.12396183,-2.1087722e-05
2858,3.0,0.5714286,3.6923077,0.011231516,-0.12341675,-0.000116007766
2859,3.0,1.1428572,3.6923077,0.009980936,-0.12575121,-0.00025416797
2860,3.0,1.7142857,3.6923077,0.0003147523,-0.12323852,-0.00037972312
2861,3.0,2.2857144,3.6923077,0.00044941372,-0.12761678,-0.00050291495
2862,3.0,2.857143,3.6923077,-0.009350114,-0.12140823,-0.0006194607
2863,3.0,3.4285715,3.6923077,-0.011483575,-0.12857379,-0.0007887589
2864,3.0,4.0,3.6923077,-0.024737772,-0.11982868,-0.00090087176
2865,3.0,0.0,3.0769231,0.02439648,-0.12418605,0.00062460365
2866,3.0,0.5714286,3.0769231,0.011241671,-0.123611026,0.0002999838
2867,3.0,1.1428572,3.0769231,0.009991857,-0.12596689,-6.9594564e-05
2868,3.0,1.7142857,3.0769231,0.00030915078,-0.123429224,-0.00045134223
2869,3.0,2.2857144,3.0769231,0.00044279417,-0.12782261,-0.0008418389
2870,3.0,2.857143,3.0769231,-0.009376532,-0.12160649,-0.0012054086
2871,3.0,3.4285715,3.0769231,-0.011488606,-0.1287604,-0.0014834362
2872,3.0,4.0,3.0769231,-0.024770807,-0.120002784,-0.0017486297
2873,3.0,0.0,2.4615386,0.024456432,-0.124635026,0.0013603028
2874,3.0,0.5714286,2.4615386,0.0112620955,-0.124055,0.00077368814
2875,3.0,1.1428572,2.4615386,0.010033797,-0.12638927,0.00012838755
2876,3.0,1.7142857,2.4615386,0.00028545054,-0.12384091,-0.00051017955
2877,3.0,2.2857144,2.4615386,0.00045699353,-0.1282658,-0.0011565376
2878,3.0,2.857143,2.4615386,-0.009410045,-0.121967055,-0.0017400458
2879,3.0,3.4285715,2.4615386,-0.011519218,-0.12925416,-0.002373135
2880,3.0,4.0,2.4615386,-0.02483033,-0.1203916,-0.0029257084
2881,3.0,0.0,1.8461539,0.024611868,-0.12538901,0.002060866
2882,3.0,0.5714286,1.8461539,0.011271648,-0.12469285,0.0012812094
2883,3.0,1.1428572,1.8461539,0.010086535,-0.1271281,0.00037727298
2884,3.0,1.7142857,1.8461539,0.00026506168,-0.12446378,-0.00055263477
2885,3.0,2.2857144,1.8461539,0.00048599852,-0.12896958,-0.0014237781
2886,3.0,2.857143,1.8461539,-0.009472778,-0.12261257,-0.002314438
2887,3.0,3.4285715,1.8461539,-0.011475793,-0.12989978,-0.0030171524
2888,3.0,4.0,1.8461539,-0.024919212,-0.12094031,-0.003656661
2889,3.0,0.0,1.2307693,0.024709057,-0.126407,0.003092463
2890,3.0,0.5714286,1.2307693,0.011276374,-0.12573202,0.0018331723
2891,3.0,1.1428572,1.2307693,0.010140736,-0.12808344,0.000634043
2892,3.0,1.7142857,1.2307693,0.0002310517,-0.12543184,-0.00049456605
2893,3.0,2.2857144,1.2307693,0.00055990904,-0.12996225,-0.0017252278
2894,3.0,2.857143,1.2307693,-0.009438659,-0.123438574,-0.0027048967
2895,3.0,3.4285715,1.2307693,-0.011440771,-0.1309804,-0.0038515755
2896,3.0,4.0,1.2307693,-0.02496092,-0.12184336,-0.0050337086
2897,3.0,0.0,0.61538464,0.02458798,-0.12765007,0.0037031209
2898,3.0,0.5714286,0.61538464,0.011483357,-0.1271861,0.0024964896
2899,3.0,1.1428572,0.61538464,0.009888991,-0.12929279,0.0010153834
2900,3.0,1.7142857,0.61538464,0.0005681098,-0.12690446,-0.0005301184
2901,3.0,2.2857144,0.61538464,0.0004997292,-0.13094491,-0.0017693704
2902,3.0,2.857143,0.61538464,-0.008967781,-0.12504959,-0.0033092191
2903,3.0,3.4285715,0.61538464,-0.011285145,-0.13174616,-0.004384849
2904,3.0,4.0,0.61538464,-0.024471097,-0.12324567,-0.0051700263
2905,3.0,0.0,0.0,0.024149755,-0.12943122,0.005297959
2906,3.0,0.5714286,0.0,0.011524379,-0.12893869,0.0029993958
2907,3.0,1.1428572,0.0,0.009718357,-0.13089208,0.0012714855
2908,3.0,1.7142857,0.0,0.0009872371,-0.12870976,-0.00020294082
2909,3.0,2.2857144,0.0,0.0006860259,-0.13227357,-0.00228059
2910,3.0,2.857143,0.0,-0.008133038,-0.12691157,-0.003354932
2911,3.0,3.4285715,0.0,-0.010834043,-0.13268997,-0.005121386
2912,3.0,4.0,0.0,-0.02357139,-0.12538765,-0.007393586
2913,3.6,0.0,8.0,0.023429988,-0.116641715,-0.0045775827
2914,3.6,0.5714286,8.0,0.01733522,-0.11840281,-0.0035449036
2915,3.6,1.1428572,8.0,0.0070512574,-0.11766214,-0.0020494608
2916,3.6,1.7142857,8.0,0.0049067438,-0.119651854,-0.0002855362
2917,3.6,2.2857144,8.0,-0.003553998,-0.11661341,0.0007140256
2918,3.6,2.857143,8.0,-0.0060448227,-0.12043512,0.0025331415
2919,3.6,3.4285715,8.0,-0.01639313,-0.11500539,0.0036618656
2920,3.6,4.0,8.0,-0.023274947,-0.11960232,0.004121211
2921,3.6,0.0,7.3846154,0.023489155,-0.115176946,-0.004399338
2922,3.6,0.5714286,7.3846154,0.01775022,-0.11690523,-0.0028603193
2923,3.6,1.1428572,7.3846154,0.0069380095,-0.116131745,-0.0016013863
2924,3.6,1.7142857,7.3846154,0.004976048,-0.11836139,-0.000458684
2925,3.6,2.2857144,7.3846154,-0.0040564383,-0.11503361,0.0009207576
2926,3.6,2.857143,7.3846154,-0.006282906,-0.1194044,0.0018727758
2927,3.6,3.4285715,7.3846154,-0.017213041,-0.11334985,0.0031213502
2928,3.6,4.0,7.3846154,-0.023784993,-0.1188959,0.004646671
2929,3.6,0.0,6.769231,0.023229726,-0.113800876,-0.003241061
2930,3.6,0.5714286,6.769231,0.018007837,-0.11580587,-0.0023579246
2931,3.6,1.1428572,6.769231,0.0067358473,-0.11485648,-0.0013410687
2932,3.6,1.7142857,6.769231,0.0051063406,-0.11738567,-0.00027073844
2933,3.6,2.2857144,6.769231,-0.004410782,-0.11368701,0.00063294754
2934,3.6,2.857143,6.769231,-0.0063825357,-0.1186404,0.001686096
2935,3.6,3.4285715,6.769231,-0.017668758,-0.111958124,0.0024686619
2936,3.6,4.0,6.769231,-0.023776298,-0.11805657,0.0030880142
2937,3.6,0.0,6.1538463,0.02311831,-0.112879865,-0.002639683
2938,3.6,0.5714286,6.1538463,0.01792639,-0.114945166,-0.0018266587
2939,3.6,1.1428572,6.1538463,0.006738639,-0.11393746,-0.0010441947
2940,3.6,1.7142857,6.1538463,0.0050465013,-0.11652495,-0.00027155373
2941,3.6,2.2857144,6.1538463,-0.004464427,-0.11287115,0.00052263244
2942,3.6,2.857143,6.1538463,-0.006459631,-0.117721625,0.001203424
2943,3.6,3.4285715,6.1538463,-0.017755624,-0.11123951,0.0019837273
2944,3.6,4.0,6.1538463,-0.02385087,-0.11725158,0.0027799667
2945,3.6,0.0,5.5384617,0.023038503,-0.11226197,-0.0018644002
2946,3.6,0.5714286,5.5384617,0.017823096,-0.11424236,-0.0013629384
2947,3.6,1.1428572,5.5384617,0.0067264866,-0.113368355,-0.00081647706
2948,3.6,1.7142857,5.5384617,0.0049817027,-0.115859,-0.00025588542
2949,3.6,2.2857144,5.5384617,-0.004442618,-0.11229638,0.00028464678
2950,3.6,2.857143,5.5384617,-0.0065293415,-0.117102794,0.00082727143
2951,3.6,3.4285715,5.5384617,-0.017697547,-0.11064399,0.0012517467
2952,3.6,4.0,5.5384617,-0.023809906,-0.116577365,0.0016413005
2953,3.6,0.0,4.923077,0.022961257,-0.11184689,-0.0012496297
2954,3.6,0.5714286,4.923077,0.017743383,-0.11384891,-0.0009406409
2955,3.6,1.1428572,4.923077,0.006710098,-0.11296326,-0.0006174665
2956,3.6,1.7142857,4.923077,0.0049411776,-0.1154574,-0.00027459365
2957,3.6,2.2857144,4.923077,-0.004439455,-0.11193005,4.1411677e-05
2958,3.6,2.857143,4.923077,-0.006534564,-0.116670534,0.0003512997
2959,3.6,3.4285715,4.923077,-0.017681561,-0.11032564,0.00070031243
2960,3.6,4.0,4.923077,-0.023807101,-0.116186,0.0010200553
2961,3.6,0.0,4.3076925,0.022921842,-0.11165072,-0.00063856866
2962,3.6,0.5714286,4.3076925,0.017704682,-0.11363614,-0.000535313
2963,3.6,1.1428572,4.3076925,0.006691526,-0.11278243,-0.0004275364
2964,3.6,1.7142857,4.3076925,0.004922007,-0.11525677,-0.00032759187
2965,3.6,2.2857144,4.3076925,-0.0044380273,-0.11174654,-0.00020490585
2966,3.6,2.857143,4.3076925,-0.0065460103,-0.11648266,-0.00010345627
2967,3.6,3.4285715,4.3076925,-0.0176628,-0.11013228,-5.6863606e-05
2968,3.6,4.0,4.3076925,-0.023786921,-0.11598179,-3.753446e-06
2969,3.6,0.0,3.6923077,0.022916159,-0.11165056,-4.56048e-05
2970,3.6,0.5714286,3.6923077,0.017698396,-0.11363607,-0.00015506273
2971,3.6,1.1428572,3.6923077,0.0066853683,-0.11278253,-0.00025684122
2972,3.6,1.7142857,3.6923077,0.004915693,-0.11525673,-0.0003618134
2973,3.6,2.2857144,3.6923077,-0.004444185,-0.11174659,-0.00047971014
2974,3.6,2.857143,3.6923077,-0.006552301,-0.11648269,-0.00058517366
2975,3.6,3.4285715,3.6923077,-0.01766897,-0.110132255,-0.0006278027
2976,3.6,4.0,3.6923077,-0.023793207,-0.115981825,-0.0006844034
2977,3.6,0.0,3.0769231,0.022942377,-0.11184703,0.0005614755
2978,3.6,0.5714286,3.0769231,0.0177244,-0.113848925,0.00025344884
2979,3.6,1.1428572,3.0769231,0.0066916007,-0.112963304,-6.954779e-05
2980,3.6,1.7142857,3.0769231,0.0049222764,-0.11545743,-0.00041261336
2981,3.6,2.2857144,3.0769231,-0.004457975,-0.111930124,-0.0007279112
2982,3.6,2.857143,3.0769231,-0.0065534143,-0.11667057,-0.0010383051
2983,3.6,3.4285715,3.0769231,-0.017700056,-0.11032575,-0.0013864699
2984,3.6,4.0,3.0769231,-0.023825958,-0.1161861,-0.0017067349
2985,3.6,0.0,2.4615386,0.02300788,-0.11226208,0.0011774054
2986,3.6,0.5714286,2.4615386,0.017791705,-0.11424233,0.00067562005
2987,3.6,1.1428572,2.4615386,0.006695552,-0.1133685,0.00012916388
2988,3.6,1.7142857,2.4615386,0.0049502007,-0.11585895,-0.0004308818
2989,3.6,2.2857144,2.4615386,-0.004473462,-0.112296656,-0.0009716741
2990,3.6,2.857143,2.4615386,-0.0065608174,-0.117102645,-0.0015137657
2991,3.6,3.4285715,2.4615386,-0.017728357,-0.11064439,-0.0019384577
2992,3.6,4.0,2.4615386,-0.023841375,-0.1165771,-0.0023274955
2993,3.6,0.0,1.8461539,0.023074726,-0.112880014,0.0019518536
2994,3.6,0.5714286,1.8461539,0.01788217,-0.11494522,0.0011392371
2995,3.6,1.1428572,1.8461539,0.006695365,-0.11393761,0.0003572638
2996,3.6,1.7142857,1.8461539,0.005002429,-0.11652492,-0.00041565343
2997,3.6,2.2857144,1.8461539,-0.004507711,-0.11287145,-0.0012092822
2998,3.6,2.857143,1.8461539,-0.006503628,-0.11772145,-0.0018902944
2999,3.6,3.4285715,1.8461539,-0.01779887,-0.111240014,-0.0026701048
3000,3.6,4.0,1.8461539,-0.02389485,-0.11725138,-0.0034663968
3001,3.6,0.0,1.2307693,0.023173757,-0.11380081,0.0025538977
3002,3.6,0.5714286,1.2307693,0.017951753,-0.115806095,0.0016706071
3003,3.6,1.1428572,1.2307693,0.006679624,-0.11485642,0.00065384613
3004,3.6,1.7142857,1.2307693,0.00505015,-0.11738594,-0.00041618626
3005,3.6,2.2857144,1.2307693,-0.0044669164,-0.113686964,-0.0013198701
3006,3.6,2.857143,1.2307693,-0.0064387084,-0.118640676,-0.0023727668
3007,3.6,3.4285715,1.2307693,-0.017724846,-0.111958094,-0.0031552452
3008,3.6,4.0,1.2307693,-0.023832468,-0.11805679,-0.003774455
3009,3.6,0.0,0.61538464,0.02342015,-0.11517687,0.0037116092
3010,3.6,0.5714286,0.61538464,0.017681474,-0.11690551,0.0021729586
3011,3.6,1.1428572,0.61538464,0.0068692756,-0.116131686,0.0009143714
3012,3.6,1.7142857,0.61538464,0.00490746,-0.11836163,-0.00022845354
3013,3.6,2.2857144,0.61538464,-0.004125221,-0.1150336,-0.0016075101
3014,3.6,2.857143,0.61538464,-0.006351448,-0.11940463,-0.0025596118
3015,3.6,3.4285715,0.61538464,-0.017281799,-0.11334987,-0.0038078423
3016,3.6,4.0,0.61538464,-0.023853533,-0.118896194,-0.0053329146
3017,3.6,0.0,0.0,0.023349134,-0.11664163,0.0038903886
3018,3.6,0.5714286,0.0,0.01725411,-0.118403055,0.0028575298
3019,3.6,1.1428572,0.0,0.0069701355,-0.11766207,0.0013623182
3020,3.6,1.7142857,0.0,0.0048255045,-0.119652,-0.00040145556
3021,3.6,2.2857144,0.0,-0.003635089,-0.11661355,-0.0014009189
3022,3.6,2.857143,0.0,-0.0061260792,-0.12043506,-0.0032198976
3023,3.6,3.4285715,0.0,-0.016474254,-0.11500571,-0.0043483945
3024,3.6,4.0,0.0,-0.023356158,-0.11960217,-0.0048078373
3025,4.2,0.0,8.0,0.029095057,-0.10518709,-0.0047537186
3026,4.2,0.5714286,8.0,0.0159198,-0.10527731,-0.0030036024
3027,4.2,1.1428572,8.0,0.010918609,-0.10622937,-0.0016504881
3028,4.2,1.7142857,8.0,0.0020039605,-0.10506694,-0.00070084736
3029,4.2,2.2857144,8.0,-0.0013120061,-0.10723024,0.00093104935
3030,4.2,2.857143,8.0,-0.010197668,-0.10372566,0.0017165045
3031,4.2,3.4285715,8.0,-0.01572218,-0.10730754,0.0029897338
3032,4.2,4.0,8.0,-0.028548164,-0.10282898,0.0048452015
3033,4.2,0.0,7.3846154,0.029581552,-0.103777096,-0.00344325
3034,4.2,0.5714286,7.3846154,0.016117133,-0.1040221,-0.00259156
3035,4.2,1.1428572,7.3846154,0.0112092,-0.10502056,-0.0015244306
3036,4.2,1.7142857,7.3846154,0.0018426803,-0.103747904,-0.00035083003
3037,4.2,2.2857144,7.3846154,-0.0013382381,-0.10622712,0.000502117
3038,4.2,2.857143,7.3846154,-0.010726936,-0.1023659,0.0016831716
3039,4.2,3.4285715,7.3846154,-0.016082756,-0.106505066,0.002503024
3040,4.2,4.0,7.3846154,-0.029144576,-0.10137838,0.0029919874
3041,4.2,0.0,6.769231,0.029729972,-0.10289247,-0.0030477422
3042,4.2,0.5714286,6.769231,0.01600018,-0.10290597,-0.0020752924
3043,4.2,1.1428572,6.769231,0.0114373285,-0.10410486,-0.0011883652
3044,4.2,1.7142857,6.769231,0.0016337143,-0.10263322,-0.0003843478
3045,4.2,2.2857144,6.769231,-0.0013266087,-0.10547899,0.0005365147
3046,4.2,2.857143,6.769231,-0.011084958,-0.1011895,0.001224006
3047,4.2,3.4285715,6.769231,-0.016205423,-0.10586926,0.0021007257
3048,4.2,4.0,6.769231,-0.029516855,-0.10032963,0.003096336
3049,4.2,0.0,6.1538463,0.029580828,-0.10208472,-0.0022495629
3050,4.2,0.5714286,6.1538463,0.015967933,-0.10206692,-0.0016373232
3051,4.2,1.1428572,6.1538463,0.011391623,-0.103375435,-0.000971279
3052,4.2,1.7142857,6.1538463,0.0015953381,-0.10186673,-0.00028815106
3053,4.2,2.2857144,6.1538463,-0.0013928687,-0.10471749,0.00032039438
3054,4.2,2.857143,6.1538463,-0.011195694,-0.1005192,0.0010013575
3055,4.2,3.4285715,6.1538463,-0.016276386,-0.1050855,0.0015028906
3056,4.2,4.0,6.1538463,-0.029478414,-0.099616066,0.0019342283
3057,4.2,0.0,5.5384617,0.029409086,-0.10146942,-0.0016959194
3058,4.2,0.5714286,5.5384617,0.015912516,-0.10156946,-0.001235114
3059,4.2,1.1428572,5.5384617,0.011307787,-0.10275815,-0.0007600002
3060,4.2,1.7142857,5.5384617,0.0015972027,-0.101366505,-0.00029192315
3061,4.2,2.2857144,5.5384617,-0.0014729785,-0.10414463,0.00017663103
3062,4.2,2.857143,5.5384617,-0.011167872,-0.1000062,0.0005901212
3063,4.2,3.4285715,5.5384617,-0.016329514,-0.10454968,0.0010837523
3064,4.2,4.0,5.5384617,-0.029438814,-0.09916359,0.001572008
3065,4.2,0.0,4.923077,0.029286448,-0.1010892,-0.0011328616
3066,4.2,0.5714286,4.923077,0.015866125,-0.101184,-0.00086080824
3067,4.2,1.1428572,4.923077,0.011249247,-0.102407254,-0.00058150885
3068,4.2,1.7142857,4.923077,0.0015802557,-0.10101733,-0.0003072628
3069,4.2,2.2857144,4.923077,-0.0014958157,-0.10377449,-2.8168026e-05
3070,4.2,2.857143,4.923077,-0.0111727165,-0.09969533,0.00024726876
3071,4.2,3.4285715,4.923077,-0.016325051,-0.104157045,0.00043891242
3072,4.2,4.0,4.923077,-0.029359711,-0.09883341,0.00062191184
3073,4.2,0.0,4.3076925,0.029228223,-0.100898385,-0.000600117
3074,4.2,0.5714286,4.3076925,0.015831068,-0.10102102,-0.00052344764
3075,4.2,1.1428572,4.3076925,0.011217821,-0.10221776,-0.00042924684
3076,4.2,1.7142857,4.3076925,0.0015707308,-0.100852646,-0.0003272493
3077,4.2,2.2857144,4.3076925,-0.0015156633,-0.10359648,-0.00024487375
3078,4.2,2.857143,4.3076925,-0.011164244,-0.09952548,-0.00016090072
3079,4.2,3.4285715,4.3076925,-0.01632995,-0.10399186,-2.1404703e-05
3080,4.2,4.0,4.3076925,-0.029348629,-0.09868162,0.00010196386
3081,4.2,0.0,3.6923077,0.029221565,-0.1008985,-0.000101960075
3082,4.2,0.5714286,3.6923077,0.015824858,-0.101021126,-0.00017377432
3083,4.2,1.1428572,3.6923077,0.011211524,-0.10221769,-0.00027212963
3084,4.2,1.7142857,3.6923077,0.0015645572,-0.10085272,-0.00036997668
3085,4.2,2.2857144,3.6923077,-0.0015219537,-0.10359646,-0.00045587713
3086,4.2,2.857143,3.6923077,-0.01117042,-0.099525504,-0.0005363131
3087,4.2,3.4285715,3.6923077,-0.016336218,-0.10399191,-0.0006788376
3088,4.2,4.0,3.6923077,-0.0293548,-0.098681636,-0.0007989429
3089,4.2,0.0,3.0769231,0.029267868,-0.10108916,0.00043345717
3090,4.2,0.5714286,3.0769231,0.015847646,-0.10118402,0.00016139499
3091,4.2,1.1428572,3.0769231,0.011230352,-0.10240729,-0.00011800099
3092,4.2,1.7142857,3.0769231,0.0015616998,-0.10101739,-0.00039160042
3093,4.2,2.2857144,3.0769231,-0.0015146644,-0.10377452,-0.0006711485
3094,4.2,2.857143,3.0769231,-0.011191257,-0.09969541,-0.00094578566
3095,4.2,3.4285715,3.0769231,-0.016343882,-0.10415707,-0.0011379533
3096,4.2,4.0,3.0769231,-0.02937827,-0.09883344,-0.0013201028
3097,4.2,0.0,2.4615386,0.029377341,-0.10146941,0.0009959189
3098,4.2,0.5714286,2.4615386,0.015881494,-0.10156964,0.00053559785
3099,4.2,1.1428572,2.4615386,0.011276317,-0.10275812,6.0846e-05
3100,4.2,1.7142857,2.4615386,0.0015663035,-0.101366706,-0.0004074019
3101,4.2,2.2857144,2.4615386,-0.0015044619,-0.10414455,-0.0008754767
3102,4.2,2.857143,2.4615386,-0.011198718,-0.100006506,-0.0012891353
3103,4.2,3.4285715,2.4615386,-0.016360963,-0.10454954,-0.0017823041
3104,4.2,4.0,2.4615386,-0.029469665,-0.09916395,-0.002270632
3105,4.2,0.0,1.8461539,0.029537005,-0.10208471,0.001550132
3106,4.2,0.5714286,1.8461539,0.01592466,-0.10206704,0.0009379308
3107,4.2,1.1428572,1.8461539,0.011347567,-0.103375465,0.00027180053
3108,4.2,1.7142857,1.8461539,0.001551984,-0.10186694,-0.00041084923
3109,4.2,2.2857144,1.8461539,-0.0014368503,-0.10471744,-0.001019558
3110,4.2,2.857143,1.8461539,-0.011239022,-0.100519545,-0.0017001112
3111,4.2,3.4285715,1.8461539,-0.016320325,-0.10508532,-0.0022017155
3112,4.2,4.0,1.8461539,-0.02952177,-0.09961641,-0.0026326976
3113,4.2,0.0,1.2307693,0.029673545,-0.102892764,0.00234776
3114,4.2,0.5714286,1.2307693,0.01594388,-0.102905944,0.0013758187
3115,4.2,1.1428572,1.2307693,0.011381149,-0.10410513,0.0004891092
3116,4.2,1.7142857,1.2307693,0.001577554,-0.10263319,-0.000314878
3117,4.2,2.2857144,1.2307693,-0.0013828002,-0.105479255,-0.0012355065
3118,4.2,2.857143,1.2307693,-0.0111410655,-0.101189494,-0.0019229212
3119,4.2,3.4285715,1.2307693,-0.016261587,-0.10586953,-0.002799436
3120,4.2,4.0,1.2307693,-0.029572943,-0.10032966,-0.0037947453
3121,4.2,0.0,0.61538464,0.029513123,-0.103777386,0.0027437755
3122,4.2,0.5714286,0.61538464,0.01604847,-0.104021996,0.0018921166
3123,4.2,1.1428572,0.61538464,0.011140583,-0.10502087,0.0008250134
3124,4.2,1.7142857,0.61538464,0.0017739114,-0.10374787,-0.0003482428
3125,4.2,2.2857144,0.61538464,-0.0014067931,-0.1062274,-0.0012012478
3126,4.2,2.857143,0.61538464,-0.010795704,-0.10236592,-0.0023820007
3127,4.2,3.4285715,0.61538464,-0.016151296,-0.1065053,-0.003201797
3128,4.2,4.0,0.61538464,-0.029213335,-0.101378374,-0.0036906255
3129,4.2,0.0,0.0,0.029013712,-0.10518749,0.0040537175
3130,4.2,0.5714286,0.0,0.015838528,-0.105277166,0.0023042364
3131,4.2,1.1428572,0.0,0.010837505,-0.10622973,0.0009511638
3132,4.2,1.7142857,0.0,0.0019227823,-0.10506692,1.6737877e-06
3133,4.2,2.2857144,0.0,-0.0013931508,-0.107230395,-0.0016301003
3134,4.2,2.857143,0.0,-0.010278858,-0.10372586,-0.0024153902
3135,4.2,3.4285715,0.0,-0.01580331,-0.10730756,-0.0036885403
3136,4.2,4.0,0.0,-0.028629389,-0.10282923,-0.005543485
3137,4.8,0.0,8.0,0.02871443,-0.09170144,-0.0032844027
3138,4.8,0.5714286,8.0,0.019691935,-0.09203291,-0.0025457446
3139,4.8,1.1428572,8.0,0.009288819,-0.09247089,-0.001575127
3140,4.8,1.7142857,8.0,0.0042404775,-0.09317542,-0.00023135862
3141,4.8,2.2857144,8.0,-0.004074328,-0.0915223,0.00042415468
3142,4.8,2.857143,8.0,-0.009337984,-0.09381824,0.0016837522
3143,4.8,3.4285715,8.0,-0.019455872,-0.09037268,0.0025292325
3144,4.8,4.0,8.0,-0.02890771,-0.09321234,0.0027152079
3145,4.8,0.0,7.3846154,0.02904402,-0.09076663,-0.003211394
3146,4.8,0.5714286,7.3846154,0.020192629,-0.090895966,-0.002104255
3147,4.8,1.1428572,7.3846154,0.009437157,-0.09140851,-0.0011822603
3148,4.8,1.7142857,7.3846154,0.0044553173,-0.09224863,-0.00040549325
3149,4.8,2.2857144,7.3846154,-0.004310469,-0.09042919,0.0005804833
3150,4.8,2.857143,7.3846154,-0.0094626825,-0.09307113,0.0012263515
3151,4.8,3.4285715,7.3846154,-0.020001572,-0.08926975,0.0020975673
3152,4.8,4.0,7.3846154,-0.029313946,-0.09261687,0.0032589803
3153,4.8,0.0,6.769231,0.028872585,-0.08971165,-0.0023775678
3154,4.8,0.5714286,6.769231,0.020467438,-0.09009499,-0.0017242841
3155,4.8,1.1428572,6.769231,0.009375099,-0.09050466,-0.0010051398
3156,4.8,1.7142857,6.769231,0.004562619,-0.09155447,-0.0002576422
3157,4.8,2.2857144,6.769231,-0.0045193494,-0.089475654,0.00035335546
3158,4.8,2.857143,6.769231,-0.009555258,-0.09251525,0.0011015194
3159,4.8,3.4285715,6.769231,-0.020339793,-0.088309996,0.0016369935
3160,4.8,4.0,6.769231,-0.02925548,-0.09202753,0.002002443
3161,4.8,0.0,6.1538463,0.028761227,-0.08903918,-0.0019298702
3162,4.8,0.5714286,6.1538463,0.020383086,-0.08949525,-0.0013556647
3163,4.8,1.1428572,6.1538463,0.009338765,-0.08980667,-0.00080069195
3164,4.8,1.7142857,6.1538463,0.0045310324,-0.09093643,-0.00026787855
3165,4.8,2.2857144,6.1538463,-0.004621978,-0.08886872,0.00028883034
3166,4.8,2.857143,6.1538463,-0.0096235415,-0.09187114,0.0007358492
3167,4.8,3.4285715,6.1538463,-0.0204276,-0.08775718,0.0013077117
3168,4.8,4.0,6.1538463,-0.029313449,-0.0914502,0.001937387
3169,4.8,0.0,5.5384617,0.028608808,-0.08857586,-0.0014261684
3170,4.8,0.5714286,5.5384617,0.020274717,-0.088935204,-0.0010384329
3171,4.8,1.1428572,5.5384617,0.009315513,-0.08939231,-0.0006447266
3172,4.8,1.7142857,5.5384617,0.0044400063,-0.09042555,-0.0002639935
3173,4.8,2.2857144,5.5384617,-0.004612864,-0.088439904,0.000104128405
3174,4.8,2.857143,5.5384617,-0.009707786,-0.09139555,0.00048906007
3175,4.8,3.4285715,5.5384617,-0.02040379,-0.08732383,0.00077022443
3176,4.8,4.0,5.5384617,-0.029256208,-0.09095317,0.0010145885
3177,4.8,0.0,4.923077,0.02852861,-0.088255055,-0.0009752491
3178,4.8,0.5714286,4.923077,0.020181064,-0.08864024,-0.00075448136
3179,4.8,1.1428572,4.923077,0.009277003,-0.08906957,-0.0005257336
3180,4.8,1.7142857,4.923077,0.004404854,-0.09011426,-0.00028686554
3181,4.8,2.2857144,4.923077,-0.0046359785,-0.08815239,-6.8087604e-05
3182,4.8,2.857143,4.923077,-0.00971801,-0.09106523,0.00013466796
3183,4.8,3.4285715,4.923077,-0.0203904,-0.08706238,0.00040291483
3184,4.8,4.0,4.923077,-0.029256854,-0.09065106,0.00067689497
3185,4.8,0.0,4.3076925,0.0284617,-0.088098876,-0.0005718993
3186,4.8,0.5714286,4.3076925,0.02013854,-0.088465095,-0.00048296934
3187,4.8,1.1428572,4.3076925,0.009254835,-0.08892775,-0.00040364978
3188,4.8,1.7142857,4.3076925,0.0043750093,-0.08995329,-0.00033868873
3189,4.8,2.2857144,4.3076925,-0.004638066,-0.08800628,-0.00025504472
3190,4.8,2.857143,4.3076925,-0.009735252,-0.09091344,-0.0001779255
3191,4.8,3.4285715,4.3076925,-0.020380413,-0.08691278,-0.00016218613
3192,4.8,4.0,4.3076925,-0.029226871,-0.09049178,-0.0001509444
3193,4.8,0.0,3.6923077,0.028455798,-0.08809883,-0.0001381527
3194,4.8,0.5714286,3.6923077,0.020132296,-0.08846502,-0.00023034694
3195,4.8,1.1428572,3.6923077,0.009248639,-0.08892784,-0.00030622777
3196,4.8,1.7142857,3.6923077,0.0043687248,-0.08995325,-0.00037412124
3197,4.8,2.2857144,3.6923077,-0.004644257,-0.088006325,-0.00045472404
3198,4.8,2.857143,3.6923077,-0.00974152,-0.090913445,-0.0005344322
3199,4.8,3.4285715,3.6923077,-0.020386612,-0.08691278,-0.00054739835
3200,4.8,4.0,3.6923077,-0.029233156,-0.090491794,-0.00056099746
3201,4.8,0.0,3.0769231,0.028509773,-0.08825516,0.0002633511
3202,4.8,0.5714286,3.0769231,0.020162137,-0.088640325,4.2690543e-05
3203,4.8,1.1428572,3.0769231,0.00925843,-0.089069605,-0.00018549121
3204,4.8,1.7142857,3.0769231,0.0043860083,-0.090114295,-0.00042473967
3205,4.8,2.2857144,3.0769231,-0.004654557,-0.08815246,-0.00064278446
3206,4.8,2.857143,3.0769231,-0.0097368285,-0.09106526,-0.0008460143
3207,4.8,3.4285715,3.0769231,-0.020408964,-0.08706246,-0.0011134624
3208,4.8,4.0,3.0769231,-0.02927565,-0.090651125,-0.0013878616
3209,4.8,0.0,2.4615386,0.028578077,-0.088576026,0.0007145318
3210,4.8,0.5714286,2.4615386,0.020243317,-0.08893514,0.00032684163
3211,4.8,1.1428572,2.4615386,0.009284556,-0.089392506,-6.687517e-05
3212,4.8,1.7142857,2.4615386,0.0044085346,-0.090425506,-0.0004471969
3213,4.8,2.2857144,2.4615386,-0.004643765,-0.088440135,-0.0008154425
3214,4.8,2.857143,2.4615386,-0.009739233,-0.09139545,-0.0011999789
3215,4.8,3.4285715,2.4615386,-0.020434676,-0.0873241,-0.001481218
3216,4.8,4.0,2.4615386,-0.029287664,-0.090953045,-0.0017251794
3217,4.8,0.0,1.8461539,0.028717596,-0.08903939,0.0012178338
3218,4.8,0.5714286,1.8461539,0.020339005,-0.08949534,0.0006439462
3219,4.8,1.1428572,1.8461539,0.009295364,-0.089806825,8.933791e-05
3220,4.8,1.7142857,1.8461539,0.004487068,-0.090936445,-0.00044357465
3221,4.8,2.2857144,1.8461539,-0.004665376,-0.08886897,-0.0009999232
3222,4.8,2.857143,1.8461539,-0.009667455,-0.091871075,-0.0014469838
3223,4.8,3.4285715,1.8461539,-0.020470982,-0.087757505,-0.0020185127
3224,4.8,4.0,1.8461539,-0.029357325,-0.09145014,-0.0026480793
3225,4.8,0.0,1.2307693,0.028816571,-0.08971155,0.0016659499
3226,4.8,0.5714286,1.2307693,0.020411307,-0.09009527,0.0010126327
3227,4.8,1.1428572,1.2307693,0.009318903,-0.09050464,0.0002936061
3228,4.8,1.7142857,1.2307693,0.0045064213,-0.09155475,-0.00045365532
3229,4.8,2.2857144,1.2307693,-0.004575485,-0.08947566,-0.0010645885
3230,4.8,2.857143,1.2307693,-0.009611436,-0.09251551,-0.0018125604
3231,4.8,3.4285715,1.2307693,-0.020395903,-0.08831,-0.0023478856
3232,4.8,4.0,1.2307693,-0.02931167,-0.09202775,-0.002713222
3233,4.8,0.0,0.61538464,0.028975073,-0.090766594,0.0024993427
3234,4.8,0.5714286,0.61538464,0.020123927,-0.09089637,0.0013925825
3235,4.8,1.1428572,0.61538464,0.009368413,-0.09140845,0.00047086054
3236,4.8,1.7142857,0.61538464,0.004386744,-0.09224897,-0.00030592817
3237,4.8,2.2857144,0.61538464,-0.004379235,-0.09042918,-0.0012916258
3238,4.8,2.857143,0.61538464,-0.009531228,-0.093071416,-0.0019374662
3239,4.8,3.4285715,0.61538464,-0.020070322,-0.0892698,-0.0028084426
3240,4.8,4.0,0.61538464,-0.02938247,-0.09261715,-0.0039695483
3241,4.8,0.0,0.0,0.028633358,-0.09170112,0.0025728664
3242,4.8,0.5714286,0.0,0.019610984,-0.092033476,0.0018340033
3243,4.8,1.1428572,0.0,0.009207543,-0.092470706,0.0008636728
3244,4.8,1.7142857,0.0,0.0041594408,-0.093175806,-0.0004799859
3245,4.8,2.2857144,0.0,-0.0041555963,-0.09152236,-0.0011353585
3246,4.8,2.857143,0.0,-0.009419026,-0.09381841,-0.0023948469
3247,4.8,3.4285715,0.0,-0.019537166,-0.09037288,-0.0032400894
3248,4.8,4.0,0.0,-0.028988745,-0.09321245,-0.0034261171
3249,5.4,0.0,8.0,0.032288015,-0.07722796,-0.0030610687
3250,5.4,0.5714286,8.0,0.019061038,-0.07902499,-0.0019154286
3251,5.4,1.1428572,8.0,0.011379816,-0.078265466,-0.0008689385
3252,5.4,1.7142857,8.0,0.0026902098,-0.0785013,-0.00031071962
3253,5.4,2.2857144,8.0,-0.0031591577,-0.07944595,0.0007337168
3254,5.4,2.857143,8.0,-0.0118264295,-0.07741562,0.0012777696
3255,5.4,3.4285715,8.0,-0.019571716,-0.079681754,0.00198866
3256,5.4,4.0,8.0,-0.032139756,-0.07679116,0.0033032892
3257,5.4,0.0,7.3846154,0.032844715,-0.076052554,-0.0021906036
3258,5.4,0.5714286,7.3846154,0.019543482,-0.0782398,-0.001545181
3259,5.4,1.1428572,7.3846154,0.011821171,-0.077431895,-0.00085872825
3260,5.4,1.7142857,7.3846154,0.002773147,-0.077660896,-9.2709866e-05
3261,5.4,2.2857144,7.3846154,-0.003054744,-0.078793906,0.0004499007
3262,5.4,2.857143,7.3846154,-0.012109392,-0.07657743,0.001186652
3263,5.4,3.4285715,7.3846154,-0.019858567,-0.079165004,0.0016973127
3264,5.4,4.0,7.3846154,-0.032534476,-0.07594178,0.0019034084
3265,5.4,0.0,6.769231,0.03305334,-0.07549917,-0.0018535145
3266,5.4,0.5714286,6.769231,0.01952663,-0.0775241,-0.0012507889
3267,5.4,1.1428572,6.769231,0.0120219095,-0.07680995,-0.0006662037
3268,5.4,1.7142857,6.769231,0.0027031645,-0.076924235,-0.00013778175
3269,5.4,2.2857144,6.769231,-0.0030590903,-0.07832093,0.00043692897
3270,5.4,2.857143,6.769231,-0.012351994,-0.07581627,0.0008507401
3271,5.4,3.4285715,6.769231,-0.019954529,-0.07876147,0.0014112988
3272,5.4,4.0,6.769231,-0.032769956,-0.07525203,0.00212229
3273,5.4,0.0,6.1538463,0.032827727,-0.074949026,-0.0014482003
3274,5.4,0.5714286,6.1538463,0.019470919,-0.07691036,-0.0009940901
3275,5.4,1.1428572,6.1538463,0.011996835,-0.076342784,-0.0005558053
3276,5.4,1.7142857,6.1538463,0.0026149326,-0.0763982,-0.00012788916
3277,5.4,2.2857144,6.1538463,-0.00310751,-0.077817515,0.00024309319
3278,5.4,2.857143,6.1538463,-0.012475989,-0.07534587,0.00068138586
3279,5.4,3.4285715,6.1538463,-0.020013278,-0.078255,0.0009748003
3280,5.4,4.0,6.1538463,-0.032727476,-0.07477055,0.0012133963
3281,5.4,0.0,5.5384617,0.032689348,-0.0745097,-0.0010870525
3282,5.4,0.5714286,5.5384617,0.019383142,-0.07659271,-0.0007871176
3283,5.4,1.1428572,5.5384617,0.011890767,-0.07589573,-0.00048376946
3284,5.4,1.7142857,5.5384617,0.0026132697,-0.076054424,-0.0001815677
3285,5.4,2.2857144,5.5384617,-0.0032021932,-0.07740713,0.00010869975
3286,5.4,2.857143,5.5384617,-0.012469589,-0.07499234,0.0003554672
3287,5.4,3.4285715,5.5384617,-0.020060528,-0.077863716,0.0006938134
3288,5.4,4.0,5.5384617,-0.032706548,-0.07444971,0.0010723576
3289,5.4,0.0,4.923077,0.032518692,-0.07423849,-0.00080633693
3290,5.4,0.5714286,4.923077,0.019326907,-0.076300815,-0.0006026795
3291,5.4,1.1428572,4.923077,0.011840843,-0.075646795,-0.00041979094
3292,5.4,1.7142857,4.923077,0.0025701656,-0.07579865,-0.000249017
3293,5.4,2.2857144,4.923077,-0.0032252998,-0.07713659,-7.9452664e-05
3294,5.4,2.857143,4.923077,-0.012489313,-0.07475917,0.00010317327
3295,5.4,3.4285715,4.923077,-0.020063441,-0.07758488,0.0002055514
3296,5.4,4.0,4.923077,-0.032630756,-0.07421008,0.0003016599
3297,5.4,0.0,4.3076925,0.032469276,-0.074096635,-0.00049080275
3298,5.4,0.5714286,4.3076925,0.01928108,-0.07618401,-0.00044424296
3299,5.4,1.1428572,4.3076925,0.011799237,-0.07550353,-0.0003846015
3300,5.4,1.7142857,4.3076925,0.0025595883,-0.07567608,-0.00031860315
3301,5.4,2.2857144,4.3076925,-0.0032521328,-0.077002294,-0.00026620916
3302,5.4,2.857143,4.3076925,-0.012487008,-0.07463314,-0.00022171886
3303,5.4,3.4285715,4.3076925,-0.020067224,-0.07745649,-0.0001102603
3304,5.4,4.0,4.3076925,-0.03262424,-0.074095495,8.683846e-06
3305,5.4,0.0,3.6923077,0.032462746,-0.074096665,-0.00023455617
3306,5.4,0.5714286,3.6923077,0.019274836,-0.076184124,-0.000278285
3307,5.4,1.1428572,3.6923077,0.01179296,-0.075503476,-0.000340258
3308,5.4,1.7142857,3.6923077,0.0025533887,-0.07567615,-0.0004037167
3309,5.4,2.2857144,3.6923077,-0.0032584036,-0.07700228,-0.0004582567
3310,5.4,2.857143,3.6923077,-0.012493209,-0.074633166,-0.00050040655
3311,5.4,3.4285715,3.6923077,-0.02007348,-0.07745651,-0.00061381905
3312,5.4,4.0,3.6923077,-0.032630417,-0.074095525,-0.00073047436
3313,5.4,0.0,3.0769231,0.03250007,-0.0742385,8.226994e-05
3314,5.4,0.5714286,3.0769231,0.019308342,-0.07630079,-0.00012093745
3315,5.4,1.1428572,3.0769231,0.011822001,-0.07564687,-0.0003040964
3316,5.4,1.7142857,3.0769231,0.0025515533,-0.075798705,-0.00047420443
3317,5.4,2.2857144,3.0769231,-0.0032441115,-0.07713663,-0.0006441813
3318,5.4,2.857143,3.0769231,-0.012507912,-0.074759245,-0.0008260895
3319,5.4,3.4285715,3.0769231,-0.020082243,-0.0775849,-0.0009288786
3320,5.4,4.0,3.0769231,-0.032649383,-0.074210115,-0.0010242288
3321,5.4,0.0,2.4615386,0.03265767,-0.074509665,0.00036289808
3322,5.4,0.5714286,2.4615386,0.019352105,-0.076592974,6.3253065e-05
3323,5.4,1.1428572,2.4615386,0.011859312,-0.07589567,-0.00023977256
3324,5.4,1.7142857,2.4615386,0.0025823228,-0.07605463,-0.00054203614
3325,5.4,2.2857144,2.4615386,-0.0032336398,-0.07740708,-0.00083195954
3326,5.4,2.857143,2.4615386,-0.012500507,-0.07499257,-0.0010787693
3327,5.4,3.4285715,2.4615386,-0.020091945,-0.077863656,-0.0014167622
3328,5.4,4.0,2.4615386,-0.032737445,-0.07444995,-0.0017952544
3329,5.4,0.0,1.8461539,0.032783955,-0.07494903,0.0007243105
3330,5.4,0.5714286,1.8461539,0.019427504,-0.07691045,0.0002703306
3331,5.4,1.1428572,1.8461539,0.011952881,-0.07634287,-0.00016793679
3332,5.4,1.7142857,1.8461539,0.0025714727,-0.07639838,-0.0005955331
3333,5.4,2.2857144,1.8461539,-0.003151409,-0.07781753,-0.0009665285
3334,5.4,2.857143,1.8461539,-0.012519428,-0.07534613,-0.0014045459
3335,5.4,3.4285715,1.8461539,-0.02005715,-0.078254946,-0.0016979022
3336,5.4,4.0,1.8461539,-0.032770947,-0.074770786,-0.0019362437
3337,5.4,0.0,1.2307693,0.032996923,-0.07549959,0.0011293086
3338,5.4,0.5714286,1.2307693,0.019470368,-0.077524096,0.0005269669
3339,5.4,1.1428572,1.2307693,0.011965709,-0.07681025,-5.74106e-05
3340,5.4,1.7142857,1.2307693,0.002647005,-0.07692424,-0.0005857579
3341,5.4,2.2857144,1.2307693,-0.0031152838,-0.07832121,-0.001160285
3342,5.4,2.857143,1.2307693,-0.012408118,-0.0758163,-0.0015739728
3343,5.4,3.4285715,1.2307693,-0.0200107,-0.078761734,-0.0021343578
3344,5.4,4.0,1.2307693,-0.03282604,-0.075252086,-0.0028450454
3345,5.4,0.0,0.61538464,0.032776233,-0.07605291,0.0014667413
3346,5.4,0.5714286,0.61538464,0.019474793,-0.07823968,0.000821385
3347,5.4,1.1428572,0.61538464,0.0117525635,-0.077432334,0.00013501853
3348,5.4,1.7142857,0.61538464,0.002704389,-0.07766086,-0.0006307519
3349,5.4,2.2857144,0.61538464,-0.0031233076,-0.078794256,-0.0011733156
3350,5.4,2.857143,0.61538464,-0.012178145,-0.07657747,-0.0019098601
3351,5.4,3.4285715,0.61538464,-0.01992712,-0.07916527,-0.0024203816
3352,5.4,4.0,0.61538464,-0.032603234,-0.07594184,-0.0026263697
3353,5.4,0.0,0.0,0.032206852,-0.07722888,0.0023367621
3354,5.4,0.5714286,0.0,0.018979635,-0.07902462,0.0011917363
3355,5.4,1.1428572,0.0,0.011298876,-0.07826613,0.00014527055
3356,5.4,1.7142857,0.0,0.0026088662,-0.07850119,-0.00041277322
3357,5.4,2.2857144,0.0,-0.0032401218,-0.079446316,-0.0014571047
3358,5.4,2.857143,0.0,-0.011907773,-0.07741576,-0.002000984
3359,5.4,3.4285715,0.0,-0.019652674,-0.07968195,-0.002711778
3360,5.4,4.0,0.0,-0.03222109,-0.07679137,-0.004025967
3361,6.0,0.0,8.0,0.032276616,-0.06476374,-0.0016307607
3362,6.0,0.5714286,8.0,0.020961162,-0.062432833,-0.0009324283
3363,6.0,1.1428572,8.0,0.010733798,-0.06484048,-0.0005104608
3364,6.0,1.7142857,8.0,0.0035947713,-0.06421466,0.00029730977
3365,6.0,2.2857144,8.0,-0.0046036593,-0.0638889,0.0007222058
3366,6.0,2.857143,8.0,-0.011802953,-0.06522971,0.001260071
3367,6.0,3.4285715,8.0,-0.021715768,-0.06309567,0.0017604409
3368,6.0,4.0,8.0,-0.03267203,-0.065261066,0.001587719
3369,6.0,0.0,7.3846154,0.033005934,-0.06440932,-0.0013941224
3370,6.0,0.5714286,7.3846154,0.021619571,-0.061640304,-0.0008704761
3371,6.0,1.1428572,7.3846154,0.011127775,-0.064244054,-0.00028045633
3372,6.0,1.7142857,7.3846154,0.0039881784,-0.063677326,0.00018609085
3373,6.0,2.2857144,7.3846154,-0.0046154684,-0.06331999,0.0006774721
3374,6.0,2.857143,7.3846154,-0.011828183,-0.06486091,0.0009977602
3375,6.0,3.4285715,7.3846154,-0.022079272,-0.06254221,0.0014173451
3376,6.0,4.0,7.3846154,-0.032999232,-0.06497246,0.0021310386
3377,6.0,0.0,6.769231,0.03279329,-0.06373604,-0.0011396452
3378,6.0,0.5714286,6.769231,0.021877378,-0.061112367,-0.00064686727
3379,6.0,1.1428572,6.769231,0.01118152,-0.063737504,-0.00022083653
3380,6.0,1.7142857,6.769231,0.004032243,-0.06331431,0.00015688555
3381,6.0,2.2857144,6.769231,-0.0047424394,-0.06276237,0.00047088592
3382,6.0,2.857143,6.769231,-0.01192118,-0.064564034,0.000847244
3383,6.0,3.4285715,6.769231,-0.022322875,-0.06198369,0.0011043211
3384,6.0,4.0,6.769231,-0.032917902,-0.06468124,0.0012284826
3385,6.0,0.0,6.1538463,0.032730028,-0.06331671,-0.0008299503
3386,6.0,0.5714286,6.1538463,0.02176417,-0.060811102,-0.00054054527
3387,6.0,1.1428572,6.1538463,0.011068036,-0.06330585,-0.00023416929
3388,6.0,1.7142857,6.1538463,0.004016771,-0.062946476,5.163659e-05
3389,6.0,2.2857144,6.1538463,-0.00486336,-0.062376287,0.00033653356
3390,6.0,2.857143,6.1538463,-0.011978864,-0.064178444,0.0005457505
3391,6.0,3.4285715,6.1538463,-0.022402368,-0.061620675,0.0008790937
3392,6.0,4.0,6.1538463,-0.03296422,-0.06433065,0.0013082504
3393,6.0,0.0,5.5384617,0.032464113,-0.06304299,-0.00073172414
3394,6.0,0.5714286,5.5384617,0.02165337,-0.060430426,-0.0004734781
3395,6.0,1.1428572,5.5384617,0.011058831,-0.063049585,-0.00025270574
3396,6.0,1.7142857,5.5384617,0.003910838,-0.0626044,-5.7596055e-05
3397,6.0,2.2857144,5.5384617,-0.0048689945,-0.062097937,0.00012897265
3398,6.0,2.857143,5.5384617,-0.01206155,-0.063848376,0.0003387884
3399,6.0,3.4285715,5.5384617,-0.022398796,-0.06134455,0.00046915916
3400,6.0,4.0,5.5384617,-0.03290787,-0.064001136,0.0005807107
3401,6.0,0.0,4.923077,0.0324334,-0.06281486,-0.0005601817
3402,6.0,0.5714286,4.923077,0.021559412,-0.060240418,-0.0004296218
3403,6.0,1.1428572,4.923077,0.010988289,-0.06282758,-0.0003000987
3404,6.0,1.7142857,4.923077,0.0038789778,-0.062389422,-0.00017623579
3405,6.0,2.2857144,4.923077,-0.004908187,-0.061895814,-5.9171365e-05
3406,6.0,2.857143,4.923077,-0.012078271,-0.06361974,3.5629757e-05
3407,6.0,3.4285715,4.923077,-0.02239233,-0.06115339,0.00021396414
3408,6.0,4.0,4.923077,-0.032914948,-0.063790336,0.00042703608
3409,6.0,0.0,4.3076925,0.032323416,-0.062718995,-0.0004428007
3410,6.0,0.5714286,4.3076925,0.021511594,-0.060120277,-0.00038683906
3411,6.0,1.1428572,4.3076925,0.010970409,-0.06272859,-0.0003420456
3412,6.0,1.7142857,4.3076925,0.0038426206,-0.062274624,-0.00030619392
3413,6.0,2.2857144,4.3076925,-0.0049144654,-0.061791517,-0.00026598113
3414,6.0,2.857143,4.3076925,-0.01209756,-0.063507445,-0.00021556919
3415,6.0,3.4285715,4.3076925,-0.022388363,-0.061049446,-0.00023065289
3416,6.0,4.0,4.3076925,-0.0328867,-0.06367672,-0.00025516486
3417,6.0,0.0,3.6923077,0.032317426,-0.062719025,-0.0002923677
3418,6.0,0.5714286,3.6923077,0.021505347,-0.060120188,-0.00035012251
3419,6.0,1.1428572,3.6923077,0.010964201,-0.06272867,-0.00039281146
3420,6.0,1.7142857,3.6923077,0.0038363459,-0.062274598,-0.00043038558
3421,6.0,2.2857144,3.6923077,-0.004920672,-0.061791558,-0.00046864874
3422,6.0,2.857143,3.6923077,-0.012103822,-0.06350745,-0.0005206645
3423,6.0,3.4285715,3.6923077,-0.022394575,-0.061049454,-0.00050370157
3424,6.0,4.0,3.6923077,-0.032892987,-0.06367673,-0.00048067918
3425,6.0,0.0,3.0769231,0.032414548,-0.06281489,-0.0001759098
3426,6.0,0.5714286,3.0769231,0.021540547,-0.060240563,-0.00030655938
3427,6.0,1.1428572,3.0769231,0.01096965,-0.06282758,-0.00043547282
3428,6.0,1.7142857,3.0769231,0.0038601714,-0.062389474,-0.0005596797
3429,6.0,2.2857144,3.0769231,-0.0049268156,-0.061895877,-0.0006760939
3430,6.0,2.857143,3.0769231,-0.012097062,-0.06361977,-0.0007712619
3431,6.0,3.4285715,3.0769231,-0.022410944,-0.061153464,-0.0009489073
3432,6.0,4.0,3.0769231,-0.032933705,-0.06379038,-0.0011622731
3433,6.0,0.0,2.4615386,0.032433305,-0.0630432,-4.3877812e-06
3434,6.0,0.5714286,2.4615386,0.02162195,-0.060430285,-0.00026245465
3435,6.0,1.1428572,2.4615386,0.011027838,-0.06304981,-0.000483191
3436,6.0,1.7142857,2.4615386,0.003879395,-0.062604345,-0.0006779938
3437,6.0,2.2857144,2.4615386,-0.0048999535,-0.062098138,-0.00086457655
3438,6.0,2.857143,2.4615386,-0.012092966,-0.06384834,-0.0010740968
3439,6.0,3.4285715,2.4615386,-0.022429748,-0.061344743,-0.0012044396
3440,6.0,4.0,2.4615386,-0.0329393,-0.064001106,-0.0013156751
3441,6.0,0.0,1.8461539,0.03268632,-0.06331693,9.367779e-05
3442,6.0,0.5714286,1.8461539,0.021720191,-0.060811266,-0.00019548534
3443,6.0,1.1428572,1.8461539,0.011024528,-0.06330596,-0.0005015812
3444,6.0,1.7142857,1.8461539,0.0039728764,-0.06294654,-0.00078737387
3445,6.0,2.2857144,1.8461539,-0.0049068453,-0.06237649,-0.001072025
3446,6.0,2.857143,1.8461539,-0.0120227225,-0.06417845,-0.0012811751
3447,6.0,3.4285715,1.8461539,-0.022445835,-0.061620925,-0.0016142728
3448,6.0,4.0,1.8461539,-0.03300803,-0.06433067,-0.0020432433
3449,6.0,0.0,1.2307693,0.03273725,-0.06373584,0.0004035731
3450,6.0,0.5714286,1.2307693,0.021821195,-0.061112702,-8.9098365e-05
3451,6.0,1.1428572,1.2307693,0.011125326,-0.063737504,-0.0005150153
3452,6.0,1.7142857,1.2307693,0.0039760387,-0.063314624,-0.0008925557
3453,6.0,2.2857144,1.2307693,-0.004798589,-0.06276241,-0.0012064368
3454,6.0,2.857143,1.2307693,-0.011977363,-0.0645643,-0.0015826394
3455,6.0,3.4285715,1.2307693,-0.022379002,-0.061983738,-0.0018395351
3456,6.0,4.0,1.2307693,-0.032974105,-0.06468147,-0.0019635758
3457,6.0,0.0,0.61538464,0.032937,-0.06440941,0.00065784255
3458,6.0,0.5714286,0.61538464,0.02155087,-0.061640836,0.00013447752
3459,6.0,1.1428572,0.61538464,0.011059047,-0.06424397,-0.00045532538
3460,6.0,1.7142857,0.61538464,0.0039195726,-0.06367778,-0.0009217978
3461,6.0,2.2857144,0.61538464,-0.0046842075,-0.06332,-0.0014130078
3462,6.0,2.857143,0.61538464,-0.011896759,-0.064861245,-0.0017331629
3463,6.0,3.4285715,0.61538464,-0.022147994,-0.062542304,-0.00215258
3464,6.0,4.0,0.61538464,-0.033067774,-0.064972736,-0.002865955
3465,6.0,0.0,0.0,0.03219536,-0.0647629,0.00089483766
3466,6.0,0.5714286,0.0,0.020880328,-0.062433925,0.0001963861
3467,6.0,1.1428572,0.0,0.010652378,-0.06484013,-0.00022532295
3468,6.0,1.7142857,0.0,0.0035138733,-0.0642153,-0.0010329933
3469,6.0,2.2857144,0.0,-0.004685064,-0.06388891,-0.0014577396
3470,6.0,2.857143,0.0,-0.011883861,-0.06523003,-0.0019954855
3471,6.0,3.4285715,0.0,-0.021797163,-0.06309586,-0.002495646
3472,6.0,4.0,0.0,-0.032752957,-0.06526125,-0.0023228833
3473,6.6,0.0,8.0,0.034292277,-0.045698397,-0.00046117304
3474,6.6,0.5714286,8.0,0.020742144,-0.05082169,-0.00023732767
3475,6.6,1.1428572,8.0,0.011447847,-0.047775995,0.00058233214
3476,6.6,1.7142857,8.0,0.0030193115,-0.04959951,0.0008760146
3477,6.6,2.2857144,8.0,-0.0042886194,-0.050081685,0.001027084
3478,6.6,2.857143,8.0,-0.01329396,-0.04935689,0.0012909406
3479,6.6,3.4285715,8.0,-0.021923933,-0.051023006,0.0012900109
3480,6.6,4.0,8.0,-0.03448973,-0.04887015,0.0019856328
3481,6.6,0.0,7.3846154,0.034897342,-0.044656202,-0.00048569666
3482,6.6,0.5714286,7.3846154,0.021554008,-0.050498486,0.0001743705
3483,6.6,1.1428572,7.3846154,0.012188232,-0.04736853,0.00048631663
3484,6.6,1.7142857,7.3846154,0.003292441,-0.04934197,0.00068885967
3485,6.6,2.2857144,7.3846154,-0.0040844018,-0.04989134,0.00084753335
3486,6.6,2.857143,7.3846154,-0.013430669,-0.049056746,0.0010185608
3487,6.6,3.4285715,7.3846154,-0.02212902,-0.050903417,0.0011811461
3488,6.6,4.0,7.3846154,-0.03476556,-0.048577655,0.0010708518
3489,6.6,0.0,6.769231,0.03522308,-0.044406317,8.64082e-06
3490,6.6,0.5714286,6.769231,0.021561941,-0.05028223,0.00010905972
3491,6.6,1.1428572,6.769231,0.01220398,-0.047158934,0.00032064362
3492,6.6,1.7142857,6.769231,0.0032279745,-0.04897786,0.0005027891
3493,6.6,2.2857144,6.769231,-0.0041284156,-0.049699653,0.00064659433
3494,6.6,2.857143,6.769231,-0.013623592,-0.048674993,0.0007580188
3495,6.6,3.4285715,6.769231,-0.022213822,-0.050738316,0.0009621056
3496,6.6,4.0,6.769231,-0.03493118,-0.048229307,0.0013835402
3497,6.6,0.0,6.1538463,0.034721956,-0.04420201,-0.00025946097
3498,6.6,0.5714286,6.1538463,0.021405159,-0.049957328,4.300647e-06
3499,6.6,1.1428572,6.1538463,0.012208925,-0.046907987,0.00015635516
3500,6.6,1.7142857,6.1538463,0.003121235,-0.048678197,0.00029554238
3501,6.6,2.2857144,6.1538463,-0.0041685984,-0.049419932,0.00040200725
3502,6.6,2.857143,6.1538463,-0.013740151,-0.048384346,0.0005628416
3503,6.6,3.4285715,6.1538463,-0.022260837,-0.050473433,0.00064258167
3504,6.6,4.0,6.1538463,-0.034905232,-0.04794668,0.00070468656
3505,6.6,0.0,5.5384617,0.034767456,-0.043910302,-0.00027757947
3506,6.6,0.5714286,5.5384617,0.02135684,-0.049766693,-0.00013201847
3507,6.6,1.1428572,5.5384617,0.012081515,-0.04664158,-9.616314e-06
3508,6.6,1.7142857,5.5384617,0.0031069003,-0.048463766,9.555028e-05
3509,6.6,2.2857144,5.5384617,-0.0042638686,-0.04914908,0.00019579392
3510,6.6,2.857143,5.5384617,-0.013752487,-0.048169345,0.0002687017
3511,6.6,3.4285715,5.5384617,-0.022305759,-0.0502035,0.00044493083
3512,6.6,4.0,5.5384617,-0.03489766,-0.04775786,0.0007069667
3513,6.6,0.0,4.923077,0.03448378,-0.04380045,-0.0003303096
3514,6.6,0.5714286,4.923077,0.021263607,-0.049596842,-0.0002377031
3515,6.6,1.1428572,4.923077,0.012041379,-0.046474744,-0.00016232727
3516,6.6,1.7142857,4.923077,0.0030519348,-0.04829739,-9.476871e-05
3517,6.6,2.2857144,4.923077,-0.00429068,-0.048964757,-4.1040472e-05
3518,6.6,2.857143,4.923077,-0.013778901,-0.04800484,4.2626565e-05
3519,6.6,3.4285715,4.923077,-0.022314323,-0.050022207,5.7053145e-05
3520,6.6,4.0,4.923077,-0.034841258,-0.047595244,7.812323e-05
3521,6.6,0.0,4.3076925,0.034486715,-0.043704234,-0.00037487014
3522,6.6,0.5714286,4.3076925,0.02123073,-0.049519077,-0.00033042382
3523,6.6,1.1428572,4.3076925,0.0119951945,-0.046385884,-0.00030466128
3524,6.6,1.7142857,4.3076925,0.0030391808,-0.048212186,-0.00028200407
3525,6.6,2.2857144,4.3076925,-0.0043196343,-0.048870295,-0.00025826765
3526,6.6,2.857143,4.3076925,-0.013782218,-0.04791874,-0.0002528484
3527,6.6,3.4285715,4.3076925,-0.022320345,-0.04992658,-0.00017059229
3528,6.6,4.0,4.3076925,-0.034837727,-0.047519095,-6.380007e-05
3529,6.6,0.0,3.6923077,0.03448022,-0.043704156,-0.0003743029
3530,6.6,0.5714286,3.6923077,0.021224502,-0.049519237,-0.00041695774
3531,6.6,1.1428572,3.6923077,0.011988903,-0.046385814,-0.00044406188
3532,6.6,1.7142857,3.6923077,0.0030329833,-0.048212253,-0.00046510025
3533,6.6,2.2857144,3.6923077,-0.004325911,-0.04887028,-0.0004901326
3534,6.6,2.857143,3.6923077,-0.01378842,-0.04791877,-0.0004939899
3535,6.6,3.4285715,3.6923077,-0.022326607,-0.049926598,-0.00057746365
3536,6.6,4.0,3.6923077,-0.0348439,-0.04751912,-0.00068266864
3537,6.6,0.0,3.0769231,0.034465156,-0.04380061,-0.00041819172
3538,6.6,0.5714286,3.0769231,0.02124495,-0.04959672,-0.00051025563
3539,6.6,1.1428572,3.0769231,0.0120225875,-0.046474867,-0.0005858668
3540,6.6,1.7142857,3.0769231,0.0030332678,-0.048297405,-0.0006528421
3541,6.6,2.2857144,3.0769231,-0.004309461,-0.048964802,-0.00070687965
3542,6.6,2.857143,3.0769231,-0.013797545,-0.048004903,-0.0007899363
3543,6.6,3.4285715,3.0769231,-0.0223331,-0.05002223,-0.00080465444
3544,6.6,4.0,3.0769231,-0.034859926,-0.047595296,-0.0008250765
3545,6.6,0.0,2.4615386,0.03473579,-0.043910183,-0.00047085658
3546,6.6,0.5714286,2.4615386,0.021325795,-0.04976703,-0.00061616197
3547,6.6,1.1428572,2.4615386,0.012050062,-0.046641465,-0.0007383139
3548,6.6,1.7142857,2.4615386,0.0030759114,-0.04846398,-0.0008434423
3549,6.6,2.2857144,2.4615386,-0.0042952886,-0.049149044,-0.0009434494
3550,6.6,2.857143,2.4615386,-0.0137834605,-0.04816953,-0.001016288
3551,6.6,3.4285715,2.4615386,-0.022337148,-0.05020349,-0.0011922637
3552,6.6,4.0,2.4615386,-0.034928605,-0.047758024,-0.0014541483
3553,6.6,0.0,1.8461539,0.03467823,-0.044202056,-0.00048883876
3554,6.6,0.5714286,1.8461539,0.02136162,-0.04995733,-0.000752422
3555,6.6,1.1428572,1.8461539,0.012165029,-0.046908136,-0.0009043872
3556,6.6,1.7142857,1.8461539,0.0030777021,-0.048678327,-0.0010433715
3557,6.6,2.2857144,1.8461539,-0.00421246,-0.04942,-0.0011497337
3558,6.6,2.857143,1.8461539,-0.013783651,-0.048384547,-0.0013103823
3559,6.6,3.4285715,1.8461539,-0.022304678,-0.05047345,-0.0013899773
3560,6.6,4.0,1.8461539,-0.03494876,-0.04794688,-0.0014518924
3561,6.6,0.0,1.2307693,0.03516663,-0.04440699,-0.00075700646
3562,6.6,0.5714286,1.2307693,0.021505702,-0.050282214,-0.00085720845
3563,6.6,1.1428572,1.2307693,0.012147749,-0.04715928,-0.0010686498
3564,6.6,1.7142857,1.2307693,0.0031717997,-0.048977885,-0.001250639
3565,6.6,2.2857144,1.2307693,-0.0041846135,-0.049699944,-0.001394337
3566,6.6,2.857143,1.2307693,-0.013679735,-0.048675057,-0.0015055524
3567,6.6,3.4285715,1.2307693,-0.022269996,-0.05073857,-0.0017095224
3568,6.6,4.0,1.2307693,-0.03498728,-0.048229396,-0.0021306332
3569,6.6,0.0,0.61538464,0.034828763,-0.04465649,-0.00026259312
3570,6.6,0.5714286,0.61538464,0.021485325,-0.050498422,-0.0009224657
3571,6.6,1.1428572,0.61538464,0.012119574,-0.047369134,-0.0012343182
3572,6.6,1.7142857,0.61538464,0.0032237158,-0.04934194,-0.0014367518
3573,6.6,2.2857144,0.61538464,-0.0041530267,-0.049891774,-0.0015952269
3574,6.6,2.857143,0.61538464,-0.013499375,-0.0490568,-0.0017661524
3575,6.6,3.4285715,0.61538464,-0.022197625,-0.05090371,-0.0019285113
3576,6.6,4.0,0.61538464,-0.03483428,-0.048577778,-0.0018181349
3577,6.6,0.0,0.0,0.034211185,-0.045700464,-0.00028722902
3578,6.6,0.5714286,0.0,0.02066065,-0.0508209,-0.00051074725
3579,6.6,1.1428572,0.0,0.011367007,-0.047777098,-0.0013302993
3580,6.6,1.7142857,0.0,0.002937846,-0.049599353,-0.0016238567
3581,6.6,2.2857144,0.0,-0.004369519,-0.0500822,-0.0017748075
3582,6.6,2.857143,0.0,-0.013375352,-0.04935701,-0.0020384795
3583,6.6,3.4285715,0.0,-0.022004846,-0.05102327,-0.0020374437
3584,6.6,4.0,0.0,-0.034571066,-0.048870448,-0.0027327135
3585,7.2,0.0,8.0,0.034141365,-0.03616013,0.0006298607
3586,7.2,0.5714286,8.0,0.020860532,-0.028817743,0.0021763288
3587,7.2,1.1428572,8.0,0.011517064,-0.034153584,0.0018996823
3588,7.2,1.7142857,8.0,0.0039484575,-0.034088448,0.0014286976
3589,7.2,2.2857144,8.0,-0.005461328,-0.035319865,0.0014884471
3590,7.2,2.857143,8.0,-0.012772776,-0.036491558,0.0011267802
3591,7.2,3.4285715,8.0,-0.023773307,-0.035383973,0.0012959641
3592,7.2,4.0,8.0,-0.03391939,-0.037433155,0.0007037789
3593,7.2,0.0,7.3846154,0.03570162,-0.036392007,0.0019562324
3594,7.2,0.5714286,7.3846154,0.022042163,-0.028585533,0.001395798
3595,7.2,1.1428572,7.3846154,0.011995372,-0.03435044,0.001354601
3596,7.2,1.7142857,7.3846154,0.004334302,-0.034136184,0.001216444
3597,7.2,2.2857144,7.3846154,-0.005441517,-0.035300765,0.0010426552
3598,7.2,2.857143,7.3846154,-0.012785657,-0.036563776,0.0010206072
3599,7.2,3.4285715,7.3846154,-0.024048245,-0.035297018,0.0009368377
3600,7.2,4.0,7.3846154,-0.034149434,-0.037515134,0.0012766611
3601,7.2,0.0,6.769231,0.034848873,-0.03647838,0.0007765174
3602,7.2,0.5714286,6.769231,0.021860138,-0.028560435,0.0009843012
3603,7.2,1.1428572,6.769231,0.011907333,-0.034099445,0.0009116041
3604,7.2,1.7142857,6.769231,0.0043170387,-0.03403561,0.0008258813
3605,7.2,2.2857144,6.769231,-0.0055841748,-0.035079878,0.00078147295
3606,7.2,2.857143,6.769231,-0.012862684,-0.036478624,0.00075497845
3607,7.2,3.4285715,6.769231,-0.024255006,-0.035086997,0.0007570992
3608,7.2,4.0,6.769231,-0.03410291,-0.037458938,0.00064637826
3609,7.2,0.0,6.1538463,0.03502759,-0.03621839,0.00043289294
3610,7.2,0.5714286,6.1538463,0.02187293,-0.028341623,0.00049314514
3611,7.2,1.1428572,6.1538463,0.011824907,-0.033901278,0.00053024304
3612,7.2,1.7142857,6.1538463,0.0042960695,-0.033825986,0.00051559106
3613,7.2,2.2857144,6.1538463,-0.005687784,-0.0348509,0.00050992845
3614,7.2,2.857143,6.1538463,-0.012922525,-0.036299776,0.00048886344
3615,7.2,3.4285715,6.1538463,-0.024328617,-0.03486223,0.0005832306
3616,7.2,4.0,6.1538463,-0.0341355,-0.03731717,0.00084370584
3617,7.2,0.0,5.5384617,0.034675285,-0.036196545,0.00012871917
3618,7.2,0.5714286,5.5384617,0.021727124,-0.028206797,0.0001789519
3619,7.2,1.1428572,5.5384617,0.0117802005,-0.033725716,0.00022160476
3620,7.2,1.7142857,5.5384617,0.0042014536,-0.033620156,0.00023153932
3621,7.2,2.2857144,5.5384617,-0.005714369,-0.03468288,0.00023565558
3622,7.2,2.857143,5.5384617,-0.012995627,-0.036074866,0.00027239535
3623,7.2,3.4285715,5.5384617,-0.024339672,-0.034719344,0.0002676795
3624,7.2,4.0,5.5384617,-0.034110352,-0.037098132,0.0002667043
3625,7.2,0.0,4.923077,0.03468214,-0.03605031,-0.00015745859
3626,7.2,0.5714286,4.923077,0.021666043,-0.028087508,-6.781337e-05
3627,7.2,1.1428572,4.923077,0.011725803,-0.03361734,-4.3163513e-05
3628,7.2,1.7142857,4.923077,0.0041627116,-0.033471547,-2.4353172e-05
3629,7.2,2.2857144,4.923077,-0.0057498077,-0.034549482,-8.653609e-06
3630,7.2,2.857143,4.923077,-0.013022094,-0.035928342,-9.202681e-06
3631,7.2,3.4285715,4.923077,-0.024339236,-0.03458055,8.113539e-05
3632,7.2,4.0,4.923077,-0.03411637,-0.036971822,0.000238845
3633,7.2,0.0,4.3076925,0.03456929,-0.03602597,-0.0002621795
3634,7.2,0.5714286,4.3076925,0.021616852,-0.028039802,-0.00028733158
3635,7.2,1.1428572,4.3076925,0.011701103,-0.03354814,-0.0002672523
3636,7.2,1.7142857,4.3076925,0.004130148,-0.03340111,-0.00026448473
3637,7.2,2.2857144,4.3076925,-0.0057615465,-0.034478534,-0.00026017064
3638,7.2,2.857143,4.3076925,-0.013041285,-0.035847202,-0.00023983674
3639,7.2,3.4285715,4.3076925,-0.024339791,-0.0345167,-0.0002784056
3640,7.2,4.0,4.3076925,-0.034100797,-0.03688975,-0.00033158297
3641,7.2,0.0,3.6923077,0.03456323,-0.03602621,-0.0004977376
3642,7.2,0.5714286,3.6923077,0.021610582,-0.02803962,-0.00047359974
3643,7.2,1.1428572,3.6923077,0.011694913,-0.033548277,-0.0004922993
3644,7.2,1.7142857,3.6923077,0.0041238554,-0.03340105,-0.0004961137
3645,7.2,2.2857144,3.6923077,-0.005767746,-0.034478594,-0.0004990999
3646,7.2,2.857143,3.6923077,-0.013047557,-0.035847194,-0.0005204447
3647,7.2,3.4285715,3.6923077,-0.024346001,-0.034516715,-0.00048055474
3648,7.2,4.0,3.6923077,-0.03410709,-0.03688976,-0.00042832238
3649,7.2,0.0,3.0769231,0.03466327,-0.036050096,-0.0006029869
3650,7.2,0.5714286,3.0769231,0.021647226,-0.028087806,-0.0006926518
3651,7.2,1.1428572,3.0769231,0.011707109,-0.03361726,-0.0007168121
3652,7.2,1.7142857,3.0769231,0.0041439314,-0.033471648,-0.00073583657
3653,7.2,2.2857144,3.0769231,-0.005768469,-0.034549505,-0.000751018
3654,7.2,2.857143,3.0769231,-0.013040873,-0.035928387,-0.000750694
3655,7.2,3.4285715,3.0769231,-0.024357872,-0.034580614,-0.0008404779
3656,7.2,4.0,3.0769231,-0.03413512,-0.03697185,-0.0009983523
3657,7.2,0.0,2.4615386,0.034644384,-0.0361969,-0.00088919717
3658,7.2,0.5714286,2.4615386,0.021695683,-0.028206555,-0.0009392803
3659,7.2,1.1428572,2.4615386,0.011749182,-0.033725996,-0.0009817414
3660,7.2,1.7142857,2.4615386,0.004170031,-0.033620067,-0.00099157
3661,7.2,2.2857144,2.4615386,-0.0057453834,-0.03468308,-0.0009955034
3662,7.2,2.857143,2.4615386,-0.013027004,-0.036074836,-0.0010321263
3663,7.2,3.4285715,2.4615386,-0.024370689,-0.034719497,-0.0010272056
3664,7.2,4.0,2.4615386,-0.03414174,-0.037098154,-0.001026082
3665,7.2,0.0,1.8461539,0.034983832,-0.036218517,-0.0011935035
3666,7.2,0.5714286,1.8461539,0.021828983,-0.028341828,-0.0012534139
3667,7.2,1.1428572,1.8461539,0.011781345,-0.03390129,-0.001290441
3668,7.2,1.7142857,1.8461539,0.0042521805,-0.033826105,-0.0012755827
3669,7.2,2.2857144,1.8461539,-0.0057312977,-0.034851026,-0.0012698461
3670,7.2,2.857143,1.8461539,-0.012966384,-0.036299847,-0.00124855
3671,7.2,3.4285715,1.8461539,-0.024372105,-0.034862414,-0.0013428056
3672,7.2,4.0,1.8461539,-0.034179322,-0.03731722,-0.0016029875
3673,7.2,0.0,1.2307693,0.034792867,-0.036477856,-0.0015369364
3674,7.2,0.5714286,1.2307693,0.021803886,-0.028560897,-0.0017446826
3675,7.2,1.1428572,1.2307693,0.011851108,-0.03409941,-0.0016717229
3676,7.2,1.7142857,1.2307693,0.0042608306,-0.034035902,-0.0015860245
3677,7.2,2.2857144,1.2307693,-0.005640352,-0.035079952,-0.0015412724
3678,7.2,2.857143,1.2307693,-0.012918867,-0.03647886,-0.0015147941
3679,7.2,3.4285715,1.2307693,-0.02431115,-0.035087086,-0.0015165687
3680,7.2,4.0,1.2307693,-0.034159113,-0.03745914,-0.0014058589
3681,7.2,0.0,0.61538464,0.03563265,-0.036392827,-0.0027164256
3682,7.2,0.5714286,0.61538464,0.021973416,-0.028586237,-0.002156122
3683,7.2,1.1428572,0.61538464,0.011926669,-0.034350388,-0.002114887
3684,7.2,1.7142857,0.61538464,0.0042656003,-0.034136772,-0.00197642
3685,7.2,2.2857144,0.61538464,-0.005510192,-0.03530073,-0.0018026211
3686,7.2,2.857143,0.61538464,-0.012854319,-0.03656417,-0.0017802678
3687,7.2,3.4285715,0.61538464,-0.02411689,-0.035297103,-0.0016964662
3688,7.2,4.0,0.61538464,-0.03421806,-0.037515398,-0.0020358956
3689,7.2,0.0,0.0,0.03405994,-0.03615799,-0.0013903665
3690,7.2,0.5714286,0.0,0.020779803,-0.028820012,-0.0029363614
3691,7.2,1.1428572,0.0,0.011435535,-0.034153197,-0.0026599385
3692,7.2,1.7142857,0.0,0.0038674981,-0.034089215,-0.0021887196
3693,7.2,2.2857144,0.0,-0.005542678,-0.03531988,-0.002248287
3694,7.2,2.857143,0.0,-0.0128537845,-0.03649192,-0.0018865736
3695,7.2,3.4285715,0.0,-0.023854584,-0.035384193,-0.002055458
3696,7.2,4.0,0.0,-0.03400043,-0.03743326,-0.0014632579
3697,7.8,0.0,8.0,0.035131518,-0.002811928,0.006881508
3698,7.8,0.5714286,8.0,0.020534813,-0.017366039,0.0038854037
3699,7.8,1.1428572,8.0,0.014050873,-0.017177708,0.0024659974
3700,7.8,1.7142857,8.0,0.0024706325,-0.021110492,0.0021856667
3701,7.8,2.2857144,8.0,-0.0036127272,-0.02186739,0.0013544711
3702,7.8,2.857143,8.0,-0.015024627,-0.022297673,0.0013588878
3703,7.8,3.4285715,8.0,-0.02243879,-0.023609443,0.0007401735
3704,7.8,4.0,8.0,-0.036001503,-0.022056552,0.0010242346
3705,7.8,0.0,7.3846154,0.03587414,-0.0025677965,0.0025031327
3706,7.8,0.5714286,7.3846154,0.020988889,-0.018418346,0.0027033882
3707,7.8,1.1428572,7.3846154,0.014286288,-0.017450154,0.0019662008
3708,7.8,1.7142857,7.3846154,0.0025297024,-0.021425806,0.0014176065
3709,7.8,2.2857144,7.3846154,-0.003594602,-0.02211473,0.0012397163
3710,7.8,2.857143,7.3846154,-0.0151952775,-0.022393765,0.0008755853
3711,7.8,3.4285715,7.3846154,-0.022612648,-0.023849135,0.00081420963
3712,7.8,4.0,7.3846154,-0.03626914,-0.022108965,0.00039581905
3713,7.8,0.0,6.769231,0.03559546,-0.0025694952,0.0016452385
3714,7.8,0.5714286,6.769231,0.020778257,-0.017881852,0.0014599682
3715,7.8,1.1428572,6.769231,0.014382278,-0.01744425,0.0012942234
3716,7.8,1.7142857,6.769231,0.0023845676,-0.021303281,0.0010520872
3717,7.8,2.2857144,6.769231,-0.0035967128,-0.022093514,0.0008149694
3718,7.8,2.857143,6.769231,-0.015395659,-0.022306018,0.00070329785
3719,7.8,3.4285715,6.769231,-0.022664042,-0.023830729,0.0005969733
3720,7.8,4.0,6.769231,-0.03641725,-0.0220664,0.00083181704
3721,7.8,0.0,6.1538463,0.03566346,-0.0025687777,0.0008692614
3722,7.8,0.5714286,6.1538463,0.020757139,-0.01799021,0.00086120085
3723,7.8,1.1428572,6.1538463,0.014318949,-0.017199527,0.0007585721
3724,7.8,1.7142857,6.1538463,0.0023304913,-0.021148572,0.00065688393
3725,7.8,2.2857144,6.1538463,-0.0036628938,-0.021975089,0.0005271405
3726,7.8,2.857143,6.1538463,-0.015486403,-0.022129355,0.00046535756
3727,7.8,3.4285715,6.1538463,-0.022722198,-0.023767002,0.0003875839
3728,7.8,4.0,6.1538463,-0.036443044,-0.021884631,0.00030813692
3729,7.8,0.0,5.5384617,0.035412148,-0.002553362,0.0003367087
3730,7.8,0.5714286,5.5384617,0.020664888,-0.017792515,0.00038338275
3731,7.8,1.1428572,5.5384617,0.014255189,-0.017142242,0.00036762236
3732,7.8,1.7142857,5.5384617,0.002283664,-0.020995528,0.00030011078
3733,7.8,2.2857144,5.5384617,-0.0037306517,-0.021804001,0.00026775073
3734,7.8,2.857143,5.5384617,-0.0155176725,-0.022029387,0.0001924646
3735,7.8,3.4285715,5.5384617,-0.022765467,-0.023572361,0.00025215247
3736,7.8,4.0,5.5384617,-0.03642985,-0.021836877,0.0004083998
3737,7.8,0.0,4.923077,0.035376802,-0.0025588945,6.406158e-05
3738,7.8,0.5714286,4.923077,0.020627031,-0.017806819,3.573265e-05
3739,7.8,1.1428572,4.923077,0.014189634,-0.016994815,2.833214e-05
3740,7.8,1.7142857,4.923077,0.002258058,-0.020922346,2.846321e-05
3741,7.8,2.2857144,4.923077,-0.0037731887,-0.021683928,-2.6639473e-05
3742,7.8,2.857143,4.923077,-0.015535954,-0.021915175,5.9055003e-07
3743,7.8,3.4285715,4.923077,-0.022786252,-0.023480779,-7.1596114e-05
3744,7.8,4.0,4.923077,-0.036401916,-0.021712033,-8.661234e-05
3745,7.8,0.0,4.3076925,0.035291158,-0.0025519726,-0.00029862774
3746,7.8,0.5714286,4.3076925,0.02058832,-0.017741283,-0.00024817276
3747,7.8,1.1428572,4.3076925,0.014161405,-0.016975828,-0.00024430433
3748,7.8,1.7142857,4.3076925,0.002237149,-0.0208565,-0.00026797722
3749,7.8,2.2857144,4.3076925,-0.003795767,-0.021625094,-0.00024415719
3750,7.8,2.857143,4.3076925,-0.015545103,-0.021864891,-0.00029197914
3751,7.8,3.4285715,4.3076925,-0.022794994,-0.023406992,-0.0002091299
3752,7.8,4.0,4.3076925,-0.036394738,-0.021680687,-0.00014112424
3753,7.8,0.0,3.6923077,0.035284836,-0.0025520003,-0.0004746069
3754,7.8,0.5714286,3.6923077,0.020582017,-0.01774127,-0.00052381575
3755,7.8,1.1428572,3.6923077,0.014155166,-0.016975973,-0.00052854285
3756,7.8,1.7142857,3.6923077,0.002230906,-0.02085639,-0.0005036919
3757,7.8,2.2857144,3.6923077,-0.003802011,-0.021625197,-0.00052836497
3758,7.8,2.857143,3.6923077,-0.015551336,-0.021864854,-0.0004794037
3759,7.8,3.4285715,3.6923077,-0.022801232,-0.023407035,-0.0005630474
3760,7.8,4.0,3.6923077,-0.036400948,-0.021680694,-0.00062989374
3761,7.8,0.0,3.0769231,0.035357963,-0.0025591322,-0.00083692174
3762,7.8,0.5714286,3.0769231,0.020608455,-0.017806914,-0.00080806395
3763,7.8,1.1428572,3.0769231,0.014170773,-0.016994724,-0.00080080796
3764,7.8,1.7142857,3.0769231,0.0022394317,-0.020922516,-0.00080048776
3765,7.8,2.2857144,3.0769231,-0.003792011,-0.021683866,-0.00074555154
3766,7.8,2.857143,3.0769231,-0.015554577,-0.02191528,-0.0007722894
3767,7.8,3.4285715,3.0769231,-0.022805063,-0.023480775,-0.00070028496
3768,7.8,4.0,3.0769231,-0.03642056,-0.021712096,-0.0006847202
3769,7.8,0.0,2.4615386,0.035380658,-0.0025534267,-0.0011095251
3770,7.8,0.5714286,2.4615386,0.020633705,-0.01779252,-0.001155746
3771,7.8,1.1428572,2.4615386,0.014223833,-0.017142368,-0.0011400513
3772,7.8,1.7142857,2.4615386,0.0022525718,-0.020995548,-0.0010722054
3773,7.8,2.2857144,2.4615386,-0.0037619944,-0.021804057,-0.0010398439
3774,7.8,2.857143,2.4615386,-0.015548736,-0.022029493,-0.00096430804
3775,7.8,3.4285715,2.4615386,-0.022796785,-0.023572387,-0.0010238755
3776,7.8,4.0,2.4615386,-0.036460888,-0.021837005,-0.001179877
3777,7.8,0.0,1.8461539,0.035619434,-0.0025683504,-0.001641954
3778,7.8,0.5714286,1.8461539,0.020713693,-0.017990546,-0.001633731
3779,7.8,1.1428572,1.8461539,0.014274976,-0.01719936,-0.001530821
3780,7.8,1.7142857,1.8461539,0.0022869823,-0.021148775,-0.0014291296
3781,7.8,2.2857144,1.8461539,-0.0037067863,-0.021975098,-0.0012991822
3782,7.8,2.857143,1.8461539,-0.015529901,-0.02212953,-0.0012372267
3783,7.8,3.4285715,1.8461539,-0.022766057,-0.023767056,-0.0011593277
3784,7.8,4.0,1.8461539,-0.036486562,-0.021884756,-0.0010796434
3785,7.8,0.0,1.2307693,0.03553922,-0.002571185,-0.0024178578
3786,7.8,0.5714286,1.2307693,0.02072188,-0.017880905,-0.0022323146
3787,7.8,1.1428572,1.2307693,0.014326043,-0.017444804,-0.0020666972
3788,7.8,1.7142857,1.2307693,0.0023283854,-0.021303168,-0.0018242828
3789,7.8,2.2857144,1.2307693,-0.0036529466,-0.022093823,-0.0015870321
3790,7.8,2.857143,1.2307693,-0.015451781,-0.022306066,-0.0014752045
3791,7.8,3.4285715,1.2307693,-0.022720251,-0.023830937,-0.0013686697
3792,7.8,4.0,1.2307693,-0.036473338,-0.022066569,-0.0016033249
3793,7.8,0.0,0.61538464,0.035805445,-0.00256664,-0.0032759851
3794,7.8,0.5714286,0.61538464,0.020920165,-0.018418845,-0.0034757925
3795,7.8,1.1428572,0.61538464,0.014217556,-0.017450612,-0.0027388209
3796,7.8,1.7142857,0.61538464,0.0024610024,-0.021425808,-0.002189677
3797,7.8,2.2857144,0.61538464,-0.0036633026,-0.022115141,-0.0020119154
3798,7.8,2.857143,0.61538464,-0.015263916,-0.022393804,-0.0016473666
3799,7.8,3.4285715,0.61538464,-0.022681335,-0.023849439,-0.0015860439
3800,7.8,4.0,0.61538464,-0.036337774,-0.022109056,-0.001167274
3801,7.8,0.0,0.0,0.03505023,-0.002819413,-0.007651758
3802,7.8,0.5714286,0.0,0.020453507,-0.017364569,-0.0046589645
3803,7.8,1.1428572,0.0,0.013969558,-0.017179199,-0.003237811
3804,7.8,1.7142857,0.0,0.0023895146,-0.021110164,-0.002958212
3805,7.8,2.2857144,0.0,-0.0036939925,-0.02186799,-0.002126314
3806,7.8,2.857143,0.0,-0.015105696,-0.02229773,-0.0021309475
3807,7.8,3.4285715,0.0,-0.022520008,-0.023609692,-0.0015117545
3808,7.8,4.0,0.0,-0.036082532,-0.022056974,-0.0017958825
3809,8.4,0.0,8.0,0.031112766,-0.0050569614,0.0037545431
3810,8.4,0.5714286,8.0,0.026234182,-0.00083542464,0.0037886885
3811,8.4,1.1428572,8.0,0.011299892,-0.007920658,0.0025620882
3812,8.4,1.7142857,8.0,0.006144709,-0.0075834678,0.0018598409
3813,8.4,2.2857144,8.0,-0.006551306,-0.009764796,0.0014747838
3814,8.4,2.857143,8.0,-0.012411355,-0.010469584,0.0009306969
3815,8.4,3.4285715,8.0,-0.025590107,-0.010067792,0.0007390109
3816,8.4,4.0,8.0,-0.033243094,-0.011672016,6.227846e-05
3817,8.4,0.0,7.3846154,0.029911118,-0.005817716,0.0031814622
3818,8.4,0.5714286,7.3846154,0.025713047,-0.0012162004,0.0024206722
3819,8.4,1.1428572,7.3846154,0.011098069,-0.008476434,0.0019202735
3820,8.4,1.7142857,7.3846154,0.00599326,-0.007900558,0.0014540444
3821,8.4,2.2857144,7.3846154,-0.006762211,-0.010046779,0.0010684378
3822,8.4,2.857143,7.3846154,-0.012552051,-0.01073569,0.0007889346
3823,8.4,3.4285715,7.3846154,-0.025850961,-0.010264971,0.00054887624
3824,8.4,4.0,7.3846154,-0.033379596,-0.011915863,0.00059563393
3825,8.4,0.0,6.769231,0.030610451,-0.006024243,0.001549263
3826,8.4,0.5714286,6.769231,0.02609935,-0.0010892671,0.001577322
3827,8.4,1.1428572,6.769231,0.0109748375,-0.00843979,0.0013137577
3828,8.4,1.7142857,6.769231,0.0060961707,-0.007944282,0.0010007186
3829,8.4,2.2857144,6.769231,-0.006943276,-0.0100177135,0.00076560065
3830,8.4,2.857143,6.769231,-0.012574227,-0.01081149,0.0005761015
3831,8.4,3.4285715,6.769231,-0.026064461,-0.010228272,0.00039798653
3832,8.4,4.0,6.769231,-0.03340612,-0.012052994,0.00020474978
3833,8.4,0.0,6.1538463,0.030045638,-0.0059478367,0.0010224882
3834,8.4,0.5714286,6.1538463,0.025939075,-0.0011394288,0.00090620306
3835,8.4,1.1428572,6.1538463,0.010962278,-0.008310888,0.0007842951
3836,8.4,1.7142857,6.1538463,0.006011915,-0.00787615,0.00064032275
3837,8.4,2.2857144,6.1538463,-0.007010006,-0.009919485,0.0004835082
3838,8.4,2.857143,6.1538463,-0.0126528,-0.010757546,0.00033963076
3839,8.4,3.4285715,6.1538463,-0.026137108,-0.010150188,0.00031472582
3840,8.4,4.0,6.1538463,-0.033425514,-0.012008756,0.0004316855
3841,8.4,0.0,5.5384617,0.03028671,-0.0060423673,0.00045631223
3842,8.4,0.5714286,5.5384617,0.025915511,-0.0010494704,0.00043589063
3843,8.4,1.1428572,5.5384617,0.0109013,-0.008270515,0.00039511346
3844,8.4,1.7142857,5.5384617,0.0059722313,-0.007757444,0.0002932926
3845,8.4,2.2857144,5.5384617,-0.0070539056,-0.009841158,0.00021644916
3846,8.4,2.857143,5.5384617,-0.012709185,-0.010640717,0.00015264296
3847,8.4,3.4285715,5.5384617,-0.026161712,-0.010083977,7.006788e-05
3848,8.4,4.0,5.5384617,-0.033444848,-0.011919657,5.889457e-06
3849,8.4,0.0,4.923077,0.030050661,-0.005988078,7.194546e-05
3850,8.4,0.5714286,4.923077,0.02582115,-0.0010431578,7.771779e-05
3851,8.4,1.1428572,4.923077,0.010889824,-0.008203297,3.930906e-05
3852,8.4,1.7142857,4.923077,0.005912463,-0.007685214,1.5492335e-05
3853,8.4,2.2857144,4.923077,-0.007070032,-0.009768825,-3.7608956e-05
3854,8.4,2.857143,4.923077,-0.012748023,-0.010555055,-7.8419704e-05
3855,8.4,3.4285715,4.923077,-0.026164299,-0.010015531,-4.8257745e-05
3856,8.4,4.0,4.923077,-0.033445835,-0.011839443,6.0083436e-05
3857,8.4,0.0,4.3076925,0.030101005,-0.006004055,-0.00022921311
3858,8.4,0.5714286,4.3076925,0.025795564,-0.0010167707,-0.00025160995
3859,8.4,1.1428572,4.3076925,0.0108614685,-0.008178695,-0.00024057542
3860,8.4,1.7142857,4.3076925,0.0058935606,-0.007642863,-0.00026938278
3861,8.4,2.2857144,4.3076925,-0.007086207,-0.00972909,-0.00026947222
3862,8.4,2.857143,4.3076925,-0.012764929,-0.010508475,-0.00027969477
3863,8.4,3.4285715,4.3076925,-0.026168836,-0.009977564,-0.00032289122
3864,8.4,4.0,4.3076925,-0.03344568,-0.011799283,-0.00039255456
3865,8.4,0.0,3.6923077,0.030094773,-0.006004105,-0.00055517367
3866,8.4,0.5714286,3.6923077,0.025789354,-0.0010166622,-0.00053352735
3867,8.4,1.1428572,3.6923077,0.010855228,-0.0081788,-0.000543507
3868,8.4,1.7142857,3.6923077,0.0058873007,-0.007642815,-0.00051538605
3869,8.4,2.2857144,3.6923077,-0.0070924293,-0.009729139,-0.0005143121
3870,8.4,2.857143,3.6923077,-0.012771188,-0.010508468,-0.000504748
3871,8.4,3.4285715,3.6923077,-0.02617506,-0.009977579,-0.0004605688
3872,8.4,4.0,3.6923077,-0.033451956,-0.011799288,-0.0003915253
3873,8.4,0.0,3.0769231,0.030032003,-0.005987981,-0.0008566353
3874,8.4,0.5714286,3.0769231,0.025802225,-0.0010433997,-0.0008625898
3875,8.4,1.1428572,3.0769231,0.010871194,-0.008203217,-0.000823622
3876,8.4,1.7142857,3.0769231,0.005893637,-0.0076853107,-0.00080002955
3877,8.4,2.2857144,3.0769231,-0.0070886705,-0.009768834,-0.00074640533
3878,8.4,2.857143,3.0769231,-0.012766821,-0.010555095,-0.00070579816
3879,8.4,3.4285715,3.0769231,-0.026182929,-0.010015585,-0.0007354294
3880,8.4,4.0,3.0769231,-0.033464607,-0.011839466,-0.0008439214
3881,8.4,0.0,2.4615386,0.030255506,-0.0060425154,-0.0012410583
3882,8.4,0.5714286,2.4615386,0.025884217,-0.0010492548,-0.0012206313
3883,8.4,1.1428572,2.4615386,0.010870168,-0.008270761,-0.0011795581
3884,8.4,1.7142857,2.4615386,0.0059408876,-0.007757343,-0.001077687
3885,8.4,2.2857144,2.4615386,-0.0070849895,-0.009841322,-0.0010006111
3886,8.4,2.857143,2.4615386,-0.012740512,-0.010640701,-0.0009367276
3887,8.4,3.4285715,2.4615386,-0.026192784,-0.0100840945,-0.0008538993
3888,8.4,4.0,2.4615386,-0.033476185,-0.011919695,-0.00078962964
3889,8.4,0.0,1.8461539,0.030002076,-0.0059478823,-0.0018073305
3890,8.4,0.5714286,1.8461539,0.02589506,-0.001139593,-0.0016908698
3891,8.4,1.1428572,1.8461539,0.010918736,-0.008310782,-0.001568748
3892,8.4,1.7142857,1.8461539,0.0059680315,-0.007876261,-0.0014247191
3893,8.4,2.2857144,1.8461539,-0.007053548,-0.009919562,-0.0012677127
3894,8.4,2.857143,1.8461539,-0.012696638,-0.010757623,-0.0011236863
3895,8.4,3.4285715,1.8461539,-0.026180629,-0.010150327,-0.0010985959
3896,8.4,4.0,1.8461539,-0.033469323,-0.012008817,-0.0012153493
3897,8.4,0.0,1.2307693,0.030554222,-0.0060228636,-0.002334054
3898,8.4,0.5714286,1.2307693,0.026043065,-0.0010893923,-0.0023619207
3899,8.4,1.1428572,1.2307693,0.010918722,-0.008439651,-0.0020982947
3900,8.4,1.7142857,1.2307693,0.006039823,-0.007944533,-0.0017851795
3901,8.4,2.2857144,1.2307693,-0.006999331,-0.010017737,-0.0015497478
3902,8.4,2.857143,1.2307693,-0.012630533,-0.010811707,-0.0013602417
3903,8.4,3.4285715,1.2307693,-0.0261205,-0.010228345,-0.0011817905
3904,8.4,4.0,1.2307693,-0.033462428,-0.012053163,-0.0009885561
3905,8.4,0.0,0.61538464,0.029842628,-0.005816606,-0.0039659566
3906,8.4,0.5714286,0.61538464,0.025644146,-0.0012168628,-0.0032055273
3907,8.4,1.1428572,0.61538464,0.011029373,-0.008476201,-0.0027048907
3908,8.4,1.7142857,0.61538464,0.005924516,-0.007901077,-0.0022384052
3909,8.4,2.2857144,0.61538464,-0.006830847,-0.0100467075,-0.0018527181
3910,8.4,2.857143,0.61538464,-0.012620774,-0.01073604,-0.0015729557
3911,8.4,3.4285715,0.61538464,-0.025919534,-0.010265059,-0.0013328005
3912,8.4,4.0,0.61538464,-0.03344831,-0.011916041,-0.0013792596
3913,8.4,0.0,0.0,0.031032002,-0.005054948,-0.0045390935
3914,8.4,0.5714286,0.0,0.026152331,-0.00083728565,-0.0045736595
3915,8.4,1.1428572,0.0,0.011219156,-0.007920032,-0.0033465738
3916,8.4,1.7142857,0.0,0.0060630664,-0.0075842417,-0.0026443407
3917,8.4,2.2857144,0.0,-0.006632099,-0.009764679,-0.0022589243
3918,8.4,2.857143,0.0,-0.012492856,-0.010469977,-0.0017148596
3919,8.4,3.4285715,0.0,-0.025670921,-0.010067936,-0.001522812
3920,8.4,4.0,0.0,-0.03332456,-0.0116721345,-0.0008460951
3921,9.0,0.0,8.0,0.03459601,0.0061713173,0.0014630662
3922,9.0,0.5714286,8.0,0.022228839,0.0017009613,0.0016420411
3923,9.0,1.1428572,8.0,0.016103497,0.005049492,0.0018404688
3924,9.0,1.7142857,8.0,0.0025337778,0.001552555,0.0013721609
3925,9.0,2.2857144,8.0,-0.0028185183,0.0019872214,0.0010346604
3926,9.0,2.857143,8.0,-0.01614087,0.0012015523,0.00073663157
3927,9.0,3.4285715,8.0,-0.022371188,0.00046959904,0.0003582192
3928,9.0,4.0,8.0,-0.036494043,0.0013752935,0.00035661153
3929,9.0,0.0,7.3846154,0.034103516,0.00665543,0.001622908
3930,9.0,0.5714286,7.3846154,0.021437634,0.0014213145,0.0016061796
3931,9.0,1.1428572,7.3846154,0.015679065,0.0048722397,0.0014011302
3932,9.0,1.7142857,7.3846154,0.0021507328,0.0012342988,0.0010980032
3933,9.0,2.2857144,7.3846154,-0.003029942,0.0017454819,0.00080940017
3934,9.0,2.857143,7.3846154,-0.016435834,0.00096724246,0.0005590531
3935,9.0,3.4285715,7.3846154,-0.022518119,0.00022433288,0.00030435543
3936,9.0,4.0,7.3846154,-0.036774695,0.0011426288,-3.682478e-05
3937,9.0,0.0,6.769231,0.034151196,0.006424642,0.0014095857
3938,9.0,0.5714286,6.769231,0.021432146,0.0011402554,0.001173745
3939,9.0,1.1428572,6.769231,0.015845036,0.0048116734,0.000980775
3940,9.0,1.7142857,6.769231,0.0019835962,0.0011793744,0.0007974928
3941,9.0,2.2857144,6.769231,-0.0030078148,0.0016393139,0.0005774811
3942,9.0,2.857143,6.769231,-0.016647985,0.0009498528,0.00037316594
3943,9.0,3.4285715,6.769231,-0.022550354,8.440237e-05,0.00026860312
3944,9.0,4.0,6.769231,-0.036959,0.0011393148,0.00031341964
3945,9.0,0.0,6.1538463,0.03428807,0.006367794,0.00071154174
3946,9.0,0.5714286,6.1538463,0.021378798,0.0012494498,0.0007410906
3947,9.0,1.1428572,6.1538463,0.015752984,0.0047532995,0.0006319683
3948,9.0,1.7142857,6.1538463,0.001945045,0.0012323735,0.00048258327
3949,9.0,2.2857144,6.1538463,-0.0030909516,0.0016399842,0.00034026138
3950,9.0,2.857143,6.1538463,-0.016725445,0.0009835772,0.00023593692
3951,9.0,3.4285715,6.1538463,-0.02262563,8.507756e-05,8.685816e-05
3952,9.0,4.0,6.1538463,-0.037023928,0.0011354651,-2.2122944e-05
3953,9.0,0.0,5.5384617,0.034061097,0.0063886438,0.00042497017
3954,9.0,0.5714286,5.5384617,0.021331597,0.0011960571,0.0003594265
3955,9.0,1.1428572,5.5384617,0.015734168,0.004831372,0.0002875267
3956,9.0,1.7142857,5.5384617,0.0018938307,0.001249811,0.00021654477
3957,9.0,2.2857144,5.5384617,-0.0031387007,0.0017100759,0.000125482
3958,9.0,2.857143,5.5384617,-0.016767312,0.0010145818,3.2774184e-05
3959,9.0,3.4285715,5.5384617,-0.022671232,0.00014657975,3.735864e-05
3960,9.0,4.0,5.5384617,-0.037019257,0.0011620945,0.00011746449
3961,9.0,0.0,4.923077,0.0341114,0.006373959,1.2539916e-05
3962,9.0,0.5714286,4.923077,0.021306144,0.0012451467,3.3540007e-05
3963,9.0,1.1428572,4.923077,0.015664797,0.004848666,4.8694e-06
3964,9.0,1.7142857,4.923077,0.0018862125,0.001294184,-4.4026754e-05
3965,9.0,2.2857144,4.923077,-0.00318779,0.0017608011,-9.193766e-05
3966,9.0,2.857143,4.923077,-0.016779678,0.0010555475,-0.00011711019
3967,9.0,3.4285715,4.923077,-0.022702387,0.0001990762,-0.0001959789
3968,9.0,4.0,4.923077,-0.037010994,0.0011871442,-0.00024978913
3969,9.0,0.0,4.3076925,0.034020886,0.0063858395,-0.00023480623
3970,9.0,0.5714286,4.3076925,0.021279037,0.0012456145,-0.00025676787
3971,9.0,1.1428572,4.3076925,0.015649375,0.004874393,-0.0002720537
3972,9.0,1.7142857,4.3076925,0.0018646795,0.001314081,-0.00027872025
3973,9.0,2.2857144,4.3076925,-0.0032055124,0.0017900892,-0.00029445256
3974,9.0,2.857143,4.3076925,-0.016791793,0.0010803879,-0.00031979752
3975,9.0,3.4285715,4.3076925,-0.022714192,0.00022840712,-0.00027387537
3976,9.0,4.0,4.3076925,-0.037003912,0.0012090784,-0.00020878649
3977,9.0,0.0,3.6923077,0.034014627,0.0063857837,-0.0005625819
3978,9.0,0.5714286,3.6923077,0.021272762,0.0012455384,-0.00053973467
3979,9.0,1.1428572,3.6923077,0.015643109,0.004874414,-0.00052499323
3980,9.0,1.7142857,3.6923077,0.0018584583,0.001314053,-0.0005174523
3981,9.0,2.2857144,3.6923077,-0.003211774,0.0017900841,-0.0005022629
3982,9.0,2.857143,3.6923077,-0.016798014,0.0010803733,-0.00047606023
3983,9.0,3.4285715,3.6923077,-0.02272044,0.00022839347,-0.00052249886
3984,9.0,4.0,3.6923077,-0.03701012,0.0012090553,-0.0005867126
3985,9.0,0.0,3.0769231,0.03409253,0.0063739065,-0.0008097157
3986,9.0,0.5714286,3.0769231,0.021287529,0.0012452401,-0.00083022495
3987,9.0,1.1428572,3.0769231,0.015645964,0.004848566,-0.00080174016
3988,9.0,1.7142857,3.0769231,0.0018675664,0.0012941766,-0.00075231545
3989,9.0,2.2857144,3.0769231,-0.0032066004,0.0017607645,-0.00070460886
3990,9.0,2.857143,3.0769231,-0.016798312,0.001055503,-0.00067891885
3991,9.0,3.4285715,3.0769231,-0.022721196,0.00019905636,-0.0006002291
3992,9.0,4.0,3.0769231,-0.037029635,0.0011870979,-0.0005458971
3993,9.0,0.0,2.4615386,0.03402976,0.006388648,-0.0012220606
3994,9.0,0.5714286,2.4615386,0.021300394,0.0011958134,-0.001156248
3995,9.0,1.1428572,2.4615386,0.01570284,0.004831477,-0.0010842347
3996,9.0,1.7142857,2.4615386,0.0018627078,0.0012496595,-0.0010130382
3997,9.0,2.2857144,2.4615386,-0.0031700062,0.0017101001,-0.00092188874
3998,9.0,2.857143,2.4615386,-0.016798418,0.0010144598,-0.0008289497
3999,9.0,3.4285715,2.4615386,-0.022702511,0.00014655822,-0.00083342526
4000,9.0,4.0,2.4615386,-0.037050348,0.0011619973,-0.0009132678
4001,9.0,0.0,1.8461539,0.034244087,0.0063678627,-0.0015086058
4002,9.0,0.5714286,1.8461539,0.021335268,0.0012495662,-0.0015378535
4003,9.0,1.1428572,1.8461539,0.015709095,0.0047531934,-0.0014287164
4004,9.0,1.7142857,1.8461539,0.0019014959,0.0012323448,-0.0012790688
4005,9.0,2.2857144,1.8461539,-0.003134813,0.0016399047,-0.0011366874
4006,9.0,2.857143,1.8461539,-0.016768966,0.0009834688,-0.0010321107
4007,9.0,3.4285715,1.8461539,-0.02266948,8.5014886e-05,-0.00088294165
4008,9.0,4.0,1.8461539,-0.037067454,0.001135347,-0.00077371905
4009,9.0,0.0,1.2307693,0.034094766,0.0064239055,-0.0022066173
4010,9.0,0.5714286,1.2307693,0.021376105,0.0011406115,-0.0019705936
4011,9.0,1.1428572,1.2307693,0.015788632,0.0048114196,-0.0017774943
4012,9.0,1.7142857,1.2307693,0.0019275584,0.0011794427,-0.001594022
4013,9.0,2.2857144,1.2307693,-0.0030641581,0.0016390735,-0.0013739107
4014,9.0,2.857143,1.2307693,-0.016704008,0.0009498208,-0.0011693481
4015,9.0,3.4285715,1.2307693,-0.022606652,8.420866e-05,-0.001064687
4016,9.0,4.0,1.2307693,-0.037015006,0.0011392093,-0.0011092112
4017,9.0,0.0,0.61538464,0.034034505,0.0066546565,-0.0024199309
4018,9.0,0.5714286,0.61538464,0.02136921,0.0014219928,-0.0024029955
4019,9.0,1.1428572,0.61538464,0.0156101,0.0048716445,-0.0021979224
4020,9.0,1.7142857,0.61538464,0.0020822454,0.0012345011,-0.0018945517
4021,9.0,2.2857144,0.61538464,-0.0030988245,0.0017450774,-0.0016058148
4022,9.0,2.857143,0.61538464,-0.016504293,0.0009672469,-0.0013552656
4023,9.0,3.4285715,0.61538464,-0.022586977,0.00022409006,-0.0011004265
4024,9.0,4.0,0.61538464,-0.036843147,0.0011424619,-0.0007590571
4025,9.0,0.0,0.0,0.034514345,0.0061695008,-0.0022602838
4026,9.0,0.5714286,0.0,0.022148112,0.0017021254,-0.0024388505
4027,9.0,1.1428572,0.0,0.016021747,0.0050484464,-0.0026373456
4028,9.0,1.7142857,0.0,0.002453095,0.001552968,-0.0021686552
4029,9.0,2.2857144,0.0,-0.0029001557,0.0019866521,-0.0018311412
4030,9.0,2.857143,0.0,-0.01622157,0.0012015882,-0.0015328004
4031,9.0,3.4285715,0.0,-0.022452744,0.00046930852,-0.0011543352
4032,9.0,4.0,0.0,-0.036574736,0.0013750724,-0.001152391
4033,9.6,0.0,8.0,0.03099699,0.011059902,0.0009877932
4034,9.6,0.5714286,8.0,0.025641702,0.014832128,0.00092142227
4035,9.6,1.1428572,8.0,0.012277835,0.011303917,0.00075352105
4036,9.6,1.7142857,8.0,0.006626191,0.013383716,0.0008400574
4037,9.6,2.2857144,8.0,-0.0067952736,0.01167435,0.00056590256
4038,9.6,2.857143,8.0,-0.01242933,0.011864562,0.00037949273
4039,9.6,3.4285715,8.0,-0.026374292,0.011972732,0.00014392464
4040,9.6,4.0,8.0,-0.032575402,0.011051644,-0.00037332627
4041,9.6,0.0,7.3846154,0.03045064,0.010745506,0.0007635452
4042,9.6,0.5714286,7.3846154,0.025319148,0.014962206,0.0007770033
4043,9.6,1.1428572,7.3846154,0.011758592,0.011135392,0.0007766497
4044,9.6,1.7142857,7.3846154,0.006339426,0.01326757,0.000636966
4045,9.6,2.2857144,7.3846154,-0.007159009,0.01147451,0.0004826225
4046,9.6,2.857143,7.3846154,-0.012602652,0.011669283,0.00026860723
4047,9.6,3.4285715,7.3846154,-0.026643444,0.01177624,0.00012269258
4048,9.6,4.0,7.3846154,-0.03266855,0.010835074,0.000121905345
4049,9.6,0.0,6.769231,0.030249115,0.010769759,0.00069892866
4050,9.6,0.5714286,6.769231,0.025242979,0.014942224,0.00067567226
4051,9.6,1.1428572,6.769231,0.011566207,0.0109805195,0.0006010798
4052,9.6,1.7142857,6.769231,0.006356298,0.0131737655,0.00046897927
4053,9.6,2.2857144,6.769231,-0.0073751872,0.011409431,0.00032092133
4054,9.6,2.857143,6.769231,-0.012628526,0.011539476,0.00019393681
4055,9.6,3.4285715,6.769231,-0.026864802,0.011743732,1.7110673e-05
4056,9.6,4.0,6.769231,-0.032723885,0.010652679,-0.00017891463
4057,9.6,0.0,6.1538463,0.030216962,0.010729512,0.0005290797
4058,9.6,0.5714286,6.1538463,0.025256803,0.014793961,0.00044058057
4059,9.6,1.1428572,6.1538463,0.0115348,0.011009895,0.00035714876
4060,9.6,1.7142857,6.1538463,0.0062793186,0.013106652,0.00027580812
4061,9.6,2.2857144,6.1538463,-0.007441713,0.011411999,0.00016993933
4062,9.6,2.857143,6.1538463,-0.012714307,0.011500121,4.5442022e-05
4063,9.6,3.4285715,6.1538463,-0.026946004,0.011727356,1.876513e-05
4064,9.6,4.0,6.1538463,-0.032775212,0.010621267,6.186952e-05
4065,9.6,0.0,5.5384617,0.030190926,0.01072003,0.00016829361
4066,9.6,0.5714286,5.5384617,0.025168287,0.014856606,0.00018726844
4067,9.6,1.1428572,5.5384617,0.011481574,0.010964697,0.00015076523
4068,9.6,1.7142857,5.5384617,0.006238304,0.013140038,6.735252e-05
4069,9.6,2.2857144,5.5384617,-0.007489944,0.011402352,1.5055437e-06
4070,9.6,2.857143,5.5384617,-0.012768276,0.0115280915,-5.3472733e-05
4071,9.6,3.4285715,5.5384617,-0.026981076,0.011721859,-0.00015526483
4072,9.6,4.0,5.5384617,-0.032813013,0.0106265955,-0.00023838202
4073,9.6,0.0,4.923077,0.03013909,0.010717725,-1.0390465e-05
4074,9.6,0.5714286,4.923077,0.025135146,0.014835257,-5.5156564e-05
4075,9.6,1.1428572,4.923077,0.011472771,0.01099219,-9.0151196e-05
4076,9.6,1.7142857,4.923077,0.0061870306,0.0131529765,-0.00011628263
4077,9.6,2.2857144,4.923077,-0.007503375,0.011417408,-0.00015975966
4078,9.6,2.857143,4.923077,-0.012810019,0.011553794,-0.00021021315
4079,9.6,3.4285715,4.923077,-0.026990019,0.011731215,-0.00018209196
4080,9.6,4.0,4.923077,-0.032825127,0.010651941,-0.00012557989
4081,9.6,0.0,4.3076925,0.030130953,0.010722426,-0.00032013
4082,9.6,0.5714286,4.3076925,0.025101528,0.014852873,-0.00029151628
4083,9.6,1.1428572,4.3076925,0.011449823,0.010993383,-0.000290659
4084,9.6,1.7142857,4.3076925,0.0061694533,0.01316789,-0.00031483345
4085,9.6,2.2857144,4.3076925,-0.0075193355,0.011427965,-0.0003233761
4086,9.6,2.857143,4.3076925,-0.012827443,0.011569115,-0.00032501682
4087,9.6,3.4285715,4.3076925,-0.026996981,0.011741047,-0.00038391893
4088,9.6,4.0,4.3076925,-0.03283219,0.010661694,-0.00043979724
4089,9.6,0.0,3.6923077,0.03012472,0.01072248,-0.00048875477
4090,9.6,0.5714286,3.6923077,0.025095284,0.0148529,-0.0005178276
4091,9.6,1.1428572,3.6923077,0.011443607,0.010993361,-0.00051790173
4092,9.6,1.7142857,3.6923077,0.006163181,0.013167878,-0.0004941712
4093,9.6,2.2857144,3.6923077,-0.0075255507,0.011427956,-0.0004848587
4094,9.6,2.857143,3.6923077,-0.012833707,0.011569102,-0.00048365662
4095,9.6,3.4285715,3.6923077,-0.027003204,0.011741037,-0.00042397983
4096,9.6,4.0,3.6923077,-0.032838464,0.0106616905,-0.00036852557
4097,9.6,0.0,3.0769231,0.03012042,0.0107176695,-0.000798665
4098,9.6,0.5714286,3.0769231,0.025116289,0.01483513,-0.00075404363
4099,9.6,1.1428572,3.0769231,0.011454104,0.010992197,-0.00071854645
4100,9.6,1.7142857,3.0769231,0.006168227,0.01315293,-0.0006925828
4101,9.6,2.2857144,3.0769231,-0.0075220237,0.011417369,-0.00064861577
4102,9.6,2.857143,3.0769231,-0.012828814,0.011553767,-0.0005983225
4103,9.6,3.4285715,3.0769231,-0.02700865,0.011731163,-0.0006259454
4104,9.6,4.0,3.0769231,-0.032843903,0.010651909,-0.00068259303
4105,9.6,0.0,2.4615386,0.030159745,0.010719938,-0.0009774329
4106,9.6,0.5714286,2.4615386,0.025136987,0.01485672,-0.0009963327
4107,9.6,1.1428572,2.4615386,0.011450434,0.010964529,-0.00095959875
4108,9.6,1.7142857,2.4615386,0.006206999,0.013140072,-0.00087609224
4109,9.6,2.2857144,2.4615386,-0.0075210687,0.011402225,-0.00081000716
4110,9.6,2.857143,2.4615386,-0.012799556,0.011528086,-0.00075494364
4111,9.6,3.4285715,2.4615386,-0.0270122,0.011721755,-0.0006529003
4112,9.6,4.0,2.4615386,-0.032844294,0.010626565,-0.00056969695
4113,9.6,0.0,1.8461539,0.030173358,0.010729396,-0.0013382562
4114,9.6,0.5714286,1.8461539,0.025212888,0.0147938,-0.0012496874
4115,9.6,1.1428572,1.8461539,0.011491232,0.01100989,-0.0011659515
4116,9.6,1.7142857,1.8461539,0.006235463,0.013106553,-0.0010845719
4117,9.6,2.2857144,1.8461539,-0.007485255,0.01141192,-0.0009784367
4118,9.6,2.857143,1.8461539,-0.012758144,0.011500042,-0.0008538718
4119,9.6,3.4285715,1.8461539,-0.026989518,0.0117272455,-0.0008269206
4120,9.6,4.0,1.8461539,-0.03281903,0.010621184,-0.000869925
4121,9.6,0.0,1.2307693,0.030193057,0.010770225,-0.0015080549
4122,9.6,0.5714286,1.2307693,0.025186587,0.0149418125,-0.001484736
4123,9.6,1.1428572,1.2307693,0.011510216,0.010980669,-0.001409941
4124,9.6,1.7142857,1.2307693,0.0062998985,0.013173494,-0.0012777236
4125,9.6,2.2857144,1.2307693,-0.007431179,0.011409448,-0.0011294459
4126,9.6,2.857143,1.2307693,-0.012684879,0.011539264,-0.0010023566
4127,9.6,3.4285715,1.2307693,-0.026920792,0.0117436685,-0.0008252895
4128,9.6,4.0,1.2307693,-0.032780234,0.010652536,-0.0006291819
4129,9.6,0.0,0.61538464,0.030382235,0.010746059,-0.0015727713
4130,9.6,0.5714286,0.61538464,0.0252501,0.014961387,-0.0015861003
4131,9.6,1.1428572,0.61538464,0.011690196,0.0111358,-0.0015854831
4132,9.6,1.7142857,0.61538464,0.0062704314,0.01326706,-0.0014457429
4133,9.6,2.2857144,0.61538464,-0.0072273756,0.01147463,-0.001291146
4134,9.6,2.857143,0.61538464,-0.01267161,0.011668956,-0.0010770371
4135,9.6,3.4285715,0.61538464,-0.026711779,0.011776173,-0.0009308679
4136,9.6,4.0,0.61538464,-0.032737482,0.010834913,-0.0009299452
4137,9.6,0.0,0.0,0.030916281,0.011061113,-0.0017967365
4138,9.6,0.5714286,0.0,0.02556001,0.014830888,-0.0017305913
4139,9.6,1.1428572,0.0,0.012197201,0.011304597,-0.0015623431
4140,9.6,1.7142857,0.0,0.006544481,0.013382962,-0.0016488795
4141,9.6,2.2857144,0.0,-0.0068759015,0.011674576,-0.0013744052
4142,9.6,2.857143,0.0,-0.012510982,0.011864138,-0.0011879542
4143,9.6,3.4285715,0.0,-0.02645492,0.011972669,-0.0009520874
4144,9.6,4.0,0.0,-0.032657035,0.011051441,-0.00043481277
4145,10.2,0.0,8.0,0.03490083,0.024622124,0.0001743481
4146,10.2,0.5714286,8.0,0.021518558,0.020974364,0.00035465043
4147,10.2,1.1428572,8.0,0.016181055,0.023927376,0.00043321648
4148,10.2,1.7142857,8.0,0.0025330845,0.021507487,0.00021008348
4149,10.2,2.2857144,8.0,-0.0028311405,0.022731543,0.00025070607
4150,10.2,2.857143,8.0,-0.016652979,0.022050237,4.3785014e-05
4151,10.2,3.4285715,8.0,-0.022453692,0.021832837,-8.2051825e-05
4152,10.2,4.0,8.0,-0.036514163,0.022350306,-1.1433476e-05
4153,10.2,0.0,7.3846154,0.034629382,0.024895918,0.00043774518
4154,10.2,0.5714286,7.3846154,0.02107014,0.02079776,0.00034536127
4155,10.2,1.1428572,7.3846154,0.015953362,0.023943728,0.00028618236
4156,10.2,1.7142857,7.3846154,0.0021435858,0.021377414,0.0002656335
4157,10.2,2.2857144,7.3846154,-0.0030190898,0.02262768,0.00013217643
4158,10.2,2.857143,7.3846154,-0.016959772,0.021911044,4.804465e-05
4159,10.2,3.4285715,7.3846154,-0.022550413,0.021677623,-0.0001229404
4160,10.2,4.0,7.3846154,-0.036757804,0.022193769,-0.00039446747
4161,10.2,0.0,6.769231,0.03454788,0.02481731,0.0002962502
4162,10.2,0.5714286,6.769231,0.020829238,0.020706298,0.0002736882
4163,10.2,1.1428572,6.769231,0.01587409,0.023919271,0.00023749637
4164,10.2,1.7142857,6.769231,0.0019000482,0.021284206,0.00016545042
4165,10.2,2.2857144,6.769231,-0.0030604075,0.022526884,8.61217e-05
4166,10.2,2.857143,6.769231,-0.017194625,0.021854687,-3.9319384e-05
4167,10.2,3.4285715,6.769231,-0.02259086,0.021532064,-8.756551e-05
4168,10.2,4.0,6.769231,-0.036998264,0.022162577,-6.064742e-05
4169,10.2,0.0,6.1538463,0.034492586,0.024782272,0.00016493759
4170,10.2,0.5714286,6.1538463,0.020748116,0.020741597,0.00016116451
4171,10.2,1.1428572,6.1538463,0.015820356,0.023808932,0.00012117457
4172,10.2,1.7142857,6.1538463,0.0018357886,0.021279959,5.3554173e-05
4173,10.2,2.2857144,6.1538463,-0.0031451765,0.02245564,-2.4070092e-05
4174,10.2,2.857143,6.1538463,-0.017277021,0.02182968,-7.960964e-05
4175,10.2,3.4285715,6.1538463,-0.022676958,0.021473264,-0.00020401384
4176,10.2,4.0,6.1538463,-0.03707101,0.022109019,-0.00032645417
4177,10.2,0.0,5.5384617,0.034433957,0.02477353,5.1360043e-05
4178,10.2,0.5714286,5.5384617,0.020724554,0.020670202,9.454153e-06
4179,10.2,1.1428572,5.5384617,0.015761,0.0238299,-3.8142414e-05
4180,10.2,1.7142857,5.5384617,0.001788047,0.021236124,-6.6717024e-05
4181,10.2,2.2857144,5.5384617,-0.0031998458,0.022457883,-0.00012421579
4182,10.2,2.857143,5.5384617,-0.017324697,0.021797258,-0.00018908034
4183,10.2,3.4285715,5.5384617,-0.022728676,0.021467887,-0.00018018855
4184,10.2,4.0,5.5384617,-0.037098493,0.02207984,-0.00013994392
4185,10.2,0.0,4.923077,0.03438335,0.024781395,-0.00018387489
4186,10.2,0.5714286,4.923077,0.020687548,0.020691127,-0.00015876489
4187,10.2,1.1428572,4.923077,0.01571766,0.02381393,-0.0001695711
4188,10.2,1.7142857,4.923077,0.0017724077,0.021234851,-0.00021120944
4189,10.2,2.2857144,4.923077,-0.0032447868,0.022459704,-0.00023820646
4190,10.2,2.857143,4.923077,-0.017340813,0.021789003,-0.0002560302
4191,10.2,3.4285715,4.923077,-0.022763714,0.02147118,-0.00033344
4192,10.2,4.0,4.923077,-0.037097,0.022060325,-0.00039784893
4193,10.2,0.0,4.3076925,0.03435647,0.024777452,-0.00029197338
4194,10.2,0.5714286,4.3076925,0.02067615,0.020681787,-0.00032464645
4195,10.2,1.1428572,4.3076925,0.015694425,0.023821563,-0.00034275049
4196,10.2,1.7142857,4.3076925,0.0017558374,0.0212334,-0.00033631685
4197,10.2,2.2857144,4.3076925,-0.003264386,0.022462808,-0.00035291637
4198,10.2,2.857143,4.3076925,-0.017353276,0.021788735,-0.00037205443
4199,10.2,3.4285715,4.3076925,-0.022778576,0.021474037,-0.0003282864
4200,10.2,4.0,4.3076925,-0.03709811,0.022058645,-0.00028016046
4201,10.2,0.0,3.6923077,0.03435018,0.024777366,-0.00052967813
4202,10.2,0.5714286,3.6923077,0.020669905,0.02068175,-0.0004962893
4203,10.2,1.1428572,3.6923077,0.015688147,0.023821546,-0.00047856296
4204,10.2,1.7142857,3.6923077,0.0017496257,0.021233397,-0.00048428585
4205,10.2,2.2857144,3.6923077,-0.0032706554,0.022462787,-0.0004680632
4206,10.2,2.857143,3.6923077,-0.017359488,0.021788726,-0.00044821695
4207,10.2,3.4285715,3.6923077,-0.022784833,0.021474022,-0.0004923495
4208,10.2,4.0,3.6923077,-0.037104305,0.022058627,-0.0005397616
4209,10.2,0.0,3.0769231,0.03436454,0.024781393,-0.0006376362
4210,10.2,0.5714286,3.0769231,0.020668894,0.020691153,-0.0006622875
4211,10.2,1.1428572,3.0769231,0.01569886,0.023813868,-0.00065162644
4212,10.2,1.7142857,3.0769231,0.0017537432,0.021234816,-0.00060951273
4213,10.2,2.2857144,3.0769231,-0.003263577,0.022459673,-0.0005826545
4214,10.2,2.857143,3.0769231,-0.017359463,0.021788955,-0.00056436093
4215,10.2,3.4285715,3.0769231,-0.022782506,0.021471154,-0.0004870803
4216,10.2,4.0,3.0769231,-0.03711566,0.022060279,-0.0004222033
4217,10.2,0.0,2.4615386,0.034402616,0.024773514,-0.00087281066
4218,10.2,0.5714286,2.4615386,0.020693364,0.020670002,-0.0008306234
4219,10.2,1.1428572,2.4615386,0.015729694,0.023829937,-0.0007829401
4220,10.2,1.7142857,2.4615386,0.0017569091,0.021235986,-0.0007541147
4221,10.2,2.2857144,2.4615386,-0.0032311252,0.02245788,-0.0006965435
4222,10.2,2.857143,2.4615386,-0.017355824,0.021797143,-0.00063141645
4223,10.2,3.4285715,2.4615386,-0.022759931,0.021467859,-0.00064022635
4224,10.2,4.0,2.4615386,-0.037129603,0.02207974,-0.00068019243
4225,10.2,0.0,1.8461539,0.03444871,0.024782225,-0.0009863256
4226,10.2,0.5714286,1.8461539,0.020704554,0.020741591,-0.0009823096
4227,10.2,1.1428572,1.8461539,0.015776506,0.0238088,-0.0009422868
4228,10.2,1.7142857,1.8461539,0.0017922273,0.021279896,-0.00087437726
4229,10.2,2.2857144,1.8461539,-0.0031890112,0.022455543,-0.0007966982
4230,10.2,2.857143,1.8461539,-0.017320558,0.021829583,-0.00074088626
4231,10.2,3.4285715,1.8461539,-0.022720786,0.021473182,-0.00061641325
4232,10.2,4.0,1.8461539,-0.03711455,0.02210892,-0.00049371406
4233,10.2,0.0,1.2307693,0.034491424,0.02481674,-0.0011177199
4234,10.2,0.5714286,1.2307693,0.020773219,0.020706486,-0.0010948667
4235,10.2,1.1428572,1.2307693,0.015817663,0.02391892,-0.0010585708
4236,10.2,1.7142857,1.2307693,0.0018440799,0.021284273,-0.0009863077
4237,10.2,2.2857144,1.2307693,-0.0031167998,0.022526633,-0.0009068743
4238,10.2,2.857143,1.2307693,-0.017250579,0.021854658,-0.0007811987
4239,10.2,3.4285715,1.2307693,-0.02264722,0.021531884,-0.00073284376
4240,10.2,4.0,1.2307693,-0.037054196,0.022162473,-0.00075949286
4241,10.2,0.0,0.61538464,0.03456031,0.024895135,-0.0012590616
4242,10.2,0.5714286,0.61538464,0.021001844,0.020798296,-0.0011665326
4243,10.2,1.1428572,0.61538464,0.0158843,0.023943063,-0.0011073049
4244,10.2,1.7142857,0.61538464,0.0020752833,0.021377662,-0.001086465
4245,10.2,2.2857144,0.61538464,-0.0030881306,0.022627253,-0.0009529574
4246,10.2,2.857143,0.61538464,-0.017028045,0.021911077,-0.0008685497
4247,10.2,3.4285715,0.61538464,-0.022619443,0.021677375,-0.00069749163
4248,10.2,4.0,0.61538464,-0.03682607,0.022193635,-0.00042572513
4249,10.2,0.0,0.0,0.034819078,0.024620766,-0.0009960036
4250,10.2,0.5714286,0.0,0.021437911,0.020975152,-0.0011757575
4251,10.2,1.1428572,0.0,0.016099306,0.023926422,-0.0012543504
4252,10.2,1.7142857,0.0,0.0024525053,0.021507895,-0.0010309166
4253,10.2,2.2857144,0.0,-0.002912856,0.022730963,-0.0010715034
4254,10.2,2.857143,0.0,-0.016733544,0.022050312,-0.00086428726
4255,10.2,3.4285715,0.0,-0.022535369,0.021832522,-0.0007383899
4256,10.2,4.0,0.0,-0.036594708,0.02235017,-0.000808673
4257,10.8,0.0,8.0,0.030638637,0.03085593,0.00021614786
4258,10.8,0.5714286,8.0,0.025575995,0.03419231,3.6346733e-05
4259,10.8,1.1428572,8.0,0.011821669,0.03124409,-5.818859e-05
4260,10.8,1.7142857,8.0,0.006723267,0.033330385,4.576601e-05
4261,10.8,2.2857144,8.0,-0.007241323,0.031860292,-0.00016139158
4262,10.8,2.857143,8.0,-0.012513241,0.03242919,-0.00014016392
4263,10.8,3.4285715,8.0,-0.026824608,0.032382663,-0.00028428246
4264,10.8,4.0,8.0,-0.032231458,0.031744283,-0.0005916317
4265,10.8,0.0,7.3846154,0.030315833,0.03062612,-4.3959273e-05
4266,10.8,0.5714286,7.3846154,0.025411243,0.034290664,3.1820655e-05
4267,10.8,1.1428572,7.3846154,0.01144505,0.03111133,2.058083e-05
4268,10.8,1.7142857,7.3846154,0.0065640593,0.033301514,-7.580198e-05
4269,10.8,2.2857144,7.3846154,-0.007565694,0.031763528,-8.827252e-05
4270,10.8,2.857143,7.3846154,-0.012631258,0.032332566,-0.00020614603
4271,10.8,3.4285715,7.3846154,-0.027073815,0.032282475,-0.00024223982
4272,10.8,4.0,7.3846154,-0.032312874,0.03164315,-0.00018838234
4273,10.8,0.0,6.769231,0.029992148,0.03062029,6.154201e-05
4274,10.8,0.5714286,6.769231,0.025301687,0.03427519,2.069073e-06
4275,10.8,1.1428572,6.769231,0.01118513,0.031022273,-3.6024336e-05
4276,10.8,1.7142857,6.769231,0.0064853956,0.033251222,-6.963528e-05
4277,10.8,2.2857144,6.769231,-0.0078198435,0.03169685,-0.00014669057
4278,10.8,2.857143,6.769231,-0.012681142,0.032227293,-0.00018739929
4279,10.8,3.4285715,6.769231,-0.027310548,0.03224377,-0.0003078306
4280,10.8,4.0,6.769231,-0.03235215,0.031487815,-0.00047981573
4281,10.8,0.0,6.1538463,0.029929152,0.0306041,-2.9984105e-05
4282,10.8,0.5714286,6.1538463,0.02522994,0.034177907,-5.99693e-05
4283,10.8,1.1428572,6.1538463,0.011091157,0.031037174,-9.254417e-05
4284,10.8,1.7142857,6.1538463,0.006406017,0.03316194,-0.00013198145
4285,10.8,2.2857144,6.1538463,-0.007906301,0.03167407,-0.00017529425
4286,10.8,2.857143,6.1538463,-0.012770998,0.03215054,-0.0002507845
4287,10.8,3.4285715,6.1538463,-0.027397351,0.03219864,-0.0002484771
4288,10.8,4.0,6.1538463,-0.03244586,0.031425912,-0.00022240928
4289,10.8,0.0,5.5384617,0.02987133,0.030583585,-0.00015501054
4290,10.8,0.5714286,5.5384617,0.025164716,0.034199458,-0.00015096225
4291,10.8,1.1428572,5.5384617,0.01105639,0.030975355,-0.00016325779
4292,10.8,1.7142857,5.5384617,0.006344816,0.033157453,-0.00020913735
4293,10.8,2.2857144,5.5384617,-0.0079529565,0.0316246,-0.00024149759
4294,10.8,2.857143,5.5384617,-0.012832055,0.032132603,-0.00026791665
4295,10.8,3.4285715,5.5384617,-0.027440762,0.03214911,-0.00035667294
4296,10.8,4.0,5.5384617,-0.03248425,0.03139196,-0.0004485879
4297,10.8,0.0,4.923077,0.029852401,0.030570032,-0.00021572362
4298,10.8,0.5714286,4.923077,0.025123838,0.03417339,-0.00024918994
4299,10.8,1.1428572,4.923077,0.011028037,0.030972507,-0.00027418658
4300,10.8,1.7142857,4.923077,0.0063035875,0.033142254,-0.0002800967
4301,10.8,2.2857144,4.923077,-0.00797426,0.031604715,-0.00030681744
4302,10.8,2.857143,4.923077,-0.012872347,0.032121245,-0.0003418126
4303,10.8,3.4285715,4.923077,-0.027453933,0.03212343,-0.00030990972
4304,10.8,4.0,4.923077,-0.032514807,0.03138164,-0.00027554386
4305,10.8,0.0,4.3076925,0.029829714,0.030574482,-0.0003882448
4306,10.8,0.5714286,4.3076925,0.025096033,0.034179512,-0.00036241085
4307,10.8,1.1428572,4.3076925,0.011015285,0.03096323,-0.00035526056
4308,10.8,1.7142857,4.3076925,0.0062801447,0.033139125,-0.00037826638
4309,10.8,2.2857144,4.3076925,-0.007987432,0.03159753,-0.00037872794
4310,10.8,2.857143,4.3076925,-0.012892673,0.032115865,-0.00037753306
4311,10.8,3.4285715,4.3076925,-0.027462384,0.032113243,-0.00043557349
4312,10.8,4.0,4.3076925,-0.032522958,0.03137266,-0.0004887417
4313,10.8,0.0,3.6923077,0.029823525,0.030574542,-0.00044504562
4314,10.8,0.5714286,3.6923077,0.025089776,0.034179512,-0.0004712198
4315,10.8,1.1428572,3.6923077,0.011009073,0.030963227,-0.00047770413
4316,10.8,1.7142857,3.6923077,0.00627387,0.033139095,-0.00045503202
4317,10.8,2.2857144,3.6923077,-0.007993642,0.031597525,-0.00045390148
4318,10.8,2.857143,3.6923077,-0.012898942,0.032115847,-0.00045542602
4319,10.8,3.4285715,3.6923077,-0.027468601,0.03211323,-0.00039671516
4320,10.8,4.0,3.6923077,-0.032529242,0.031372648,-0.00034387375
4321,10.8,0.0,3.0769231,0.029833682,0.030569952,-0.00061769376
4322,10.8,0.5714286,3.0769231,0.025105013,0.034173302,-0.0005843403
4323,10.8,1.1428572,3.0769231,0.011009362,0.030972479,-0.00055887975
4324,10.8,1.7142857,3.0769231,0.006284799,0.033142213,-0.0005530972
4325,10.8,2.2857144,3.0769231,-0.00799292,0.031604663,-0.00052591856
4326,10.8,2.857143,3.0769231,-0.012891127,0.032121215,-0.00049104204
4327,10.8,3.4285715,3.0769231,-0.027472578,0.032123376,-0.0005224822
4328,10.8,4.0,3.0769231,-0.032533564,0.031381607,-0.00055695785
4329,10.8,0.0,2.4615386,0.02984018,0.030583471,-0.0006784534
4330,10.8,0.5714286,2.4615386,0.025133437,0.03419951,-0.0006824662
4331,10.8,1.1428572,2.4615386,0.011025234,0.0309752,-0.00066991156
4332,10.8,1.7142857,2.4615386,0.006313537,0.033157453,-0.00062396366
4333,10.8,2.2857144,2.4615386,-0.007984097,0.031624474,-0.00059133046
4334,10.8,2.857143,2.4615386,-0.012863316,0.03213258,-0.0005648489
4335,10.8,3.4285715,2.4615386,-0.027471902,0.032149002,-0.0004758153
4336,10.8,4.0,2.4615386,-0.032515515,0.031391922,-0.00038384396
4337,10.8,0.0,1.8461539,0.02988552,0.030603977,-0.0008035565
4338,10.8,0.5714286,1.8461539,0.025186058,0.034177743,-0.00077347405
4339,10.8,1.1428572,1.8461539,0.011047581,0.031037115,-0.0007406064
4340,10.8,1.7142857,1.8461539,0.006362183,0.03316182,-0.00070113
4341,10.8,2.2857144,1.8461539,-0.007949851,0.03167398,-0.00065753463
4342,10.8,2.857143,1.8461539,-0.012814817,0.032150444,-0.0005819841
4343,10.8,3.4285715,1.8461539,-0.027440878,0.032198537,-0.00058400765
4344,10.8,4.0,1.8461539,-0.032489646,0.03142581,-0.00060999364
4345,10.8,0.0,1.2307693,0.029936193,0.030620586,-0.0008949778
4346,10.8,0.5714286,1.2307693,0.025245259,0.03427479,-0.0008354915
4347,10.8,1.1428572,1.2307693,0.011129181,0.031022387,-0.0007971684
4348,10.8,1.7142857,1.2307693,0.0064289668,0.033250913,-0.0007634514
4349,10.8,2.2857144,1.2307693,-0.007875776,0.031696856,-0.00068616186
4350,10.8,2.857143,1.2307693,-0.012737545,0.032227073,-0.0006453548
4351,10.8,3.4285715,1.2307693,-0.027366474,0.032243695,-0.0005246782
4352,10.8,4.0,1.2307693,-0.032408554,0.03148767,-0.00035261913
4353,10.8,0.0,0.61538464,0.030247536,0.030626606,-0.00078965933
4354,10.8,0.5714286,0.61538464,0.025342086,0.03428986,-0.00086525327
4355,10.8,1.1428572,0.61538464,0.01137681,0.031111695,-0.00085373194
4356,10.8,1.7142857,0.61538464,0.0064949463,0.033300966,-0.00075732707
4357,10.8,2.2857144,0.61538464,-0.007633904,0.031763658,-0.00074455474
4358,10.8,2.857143,0.61538464,-0.012700353,0.03233222,-0.0006266362
4359,10.8,3.4285715,0.61538464,-0.027141996,0.03228242,-0.00059024815
4360,10.8,4.0,0.61538464,-0.03238194,0.031642966,-0.00064401346
4361,10.8,0.0,0.0,0.030558085,0.030856846,-0.0010494309
4362,10.8,0.5714286,0.0,0.025494223,0.034191243,-0.0008698571
4363,10.8,1.1428572,0.0,0.011741134,0.03124465,-0.0007749768
4364,10.8,1.7142857,0.0,0.0066414834,0.033329632,-0.0008788889
4365,10.8,2.2857144,0.0,-0.0073218304,0.031860515,-0.00067144696
4366,10.8,2.857143,0.0,-0.012594996,0.032428745,-0.0006926203
4367,10.8,3.4285715,0.0,-0.02690511,0.03238262,-0.0005482118
4368,10.8,4.0,0.0,-0.032313213,0.03174405,-0.00024084616
4369,11.4,0.0,8.0,0.035134017,0.044426292,-0.00032825713
4370,11.4,0.5714286,8.0,0.020931004,0.041007314,-0.0001932564
4371,11.4,1.1428572,8.0,0.016270682,0.043752823,-0.00018392171
4372,11.4,1.7142857,8.0,0.0020459737,0.041596618,-0.0003738906
4373,11.4,2.2857144,8.0,-0.002743669,0.04294513,-0.0002727124
4374,11.4,2.857143,8.0,-0.017246578,0.042240493,-0.000425771
4375,11.4,3.4285715,8.0,-0.022287183,0.04223091,-0.00041775237
4376,11.4,4.0,8.0,-0.036924392,0.042687085,-0.00028943134
4377,11.4,0.0,7.3846154,0.034934886,0.044564478,-6.538802e-05
4378,11.4,0.5714286,7.3846154,0.02059082,0.040837683,-0.00020549355
4379,11.4,1.1428572,7.3846154,0.016149083,0.043777425,-0.00025681808
4380,11.4,1.7142857,7.3846154,0.0016942272,0.041496184,-0.00024723026
4381,11.4,2.2857144,7.3846154,-0.0028560553,0.0428999,-0.00034681705
4382,11.4,2.857143,7.3846154,-0.01753958,0.042180274,-0.00034682042
4383,11.4,3.4285715,7.3846154,-0.022359941,0.0421607,-0.00044642732
4384,11.4,4.0,7.3846154,-0.03713737,0.042604763,-0.0006445259
4385,11.4,0.0,6.769231,0.03488497,0.044519275,-0.00021296531
4386,11.4,0.5714286,6.769231,0.020304764,0.04076549,-0.0002003977
4387,11.4,1.1428572,6.769231,0.016044695,0.043754306,-0.00022679905
4388,11.4,1.7142857,6.769231,0.0014369398,0.041422103,-0.00027909878
4389,11.4,2.2857144,6.769231,-0.0029263347,0.042828318,-0.00030011137
4390,11.4,2.857143,6.769231,-0.017787576,0.042129193,-0.00037269972
4391,11.4,3.4285715,6.769231,-0.02238913,0.042043984,-0.00037091222
4392,11.4,4.0,6.769231,-0.037415713,0.042597607,-0.00032846595
4393,11.4,0.0,6.1538463,0.0347386,0.04446979,-0.00020126911
4394,11.4,0.5714286,6.1538463,0.020201365,0.04078483,-0.00022495628
4395,11.4,1.1428572,6.1538463,0.015967127,0.043659184,-0.00024912754
4396,11.4,1.7142857,6.1538463,0.0013299972,0.041413065,-0.00027953112
4397,11.4,2.2857144,6.1538463,-0.003012502,0.042742617,-0.0003229131
4398,11.4,2.857143,6.1538463,-0.01788142,0.042088345,-0.00033998323
4399,11.4,3.4285715,6.1538463,-0.02248945,0.041962564,-0.00043697288
4400,11.4,4.0,6.1538463,-0.037475243,0.042530384,-0.00055952184
4401,11.4,0.0,5.5384617,0.034715988,0.044462543,-0.00023744017
4402,11.4,0.5714286,5.5384617,0.020161692,0.040725235,-0.00026072894
4403,11.4,1.1428572,5.5384617,0.015894707,0.043663163,-0.00029175566
4404,11.4,1.7142857,5.5384617,0.001296248,0.041355096,-0.00030291296
4405,11.4,2.2857144,5.5384617,-0.0030803597,0.04272047,-0.00033376302
4406,11.4,2.857143,5.5384617,-0.017927006,0.042030327,-0.000374813
4407,11.4,3.4285715,5.5384617,-0.022541692,0.04192938,-0.00035436658
4408,11.4,4.0,5.5384617,-0.03753127,0.04247589,-0.00032976264
4409,11.4,0.0,4.923077,0.03464463,0.044463545,-0.00033800324
4410,11.4,0.5714286,4.923077,0.020132532,0.040727973,-0.00032202568
4411,11.4,1.1428572,4.923077,0.015860144,0.043639172,-0.00032380232
4412,11.4,1.7142857,4.923077,0.0012652519,0.041334726,-0.00035196554
4413,11.4,2.2857144,4.923077,-0.0031186847,0.042701494,-0.00036515004
4414,11.4,2.857143,4.923077,-0.017949408,0.04199754,-0.0003712465
4415,11.4,3.4285715,4.923077,-0.022580368,0.041906103,-0.0004432081
4416,11.4,4.0,4.923077,-0.037524518,0.042432513,-0.0005139873
4417,11.4,0.0,4.3076925,0.03462937,0.044457063,-0.00035883734
4418,11.4,0.5714286,4.3076925,0.02011763,0.04071635,-0.0003846617
4419,11.4,1.1428572,4.3076925,0.015830358,0.043636918,-0.00040116112
4420,11.4,1.7142857,4.3076925,0.0012550647,0.041324176,-0.00039045763
4421,11.4,2.2857144,4.3076925,-0.003143778,0.042691518,-0.0004030983
4422,11.4,2.857143,4.3076925,-0.017959857,0.041984133,-0.00041779128
4423,11.4,3.4285715,4.3076925,-0.022596663,0.041894242,-0.00037300156
4424,11.4,4.0,4.3076925,-0.037534274,0.042416025,-0.0003332969
4425,11.4,0.0,3.6923077,0.03462304,0.044456974,-0.00048712624
4426,11.4,0.5714286,3.6923077,0.020111393,0.040716328,-0.00046065325
4427,11.4,1.1428572,3.6923077,0.015824081,0.04363689,-0.00044446724
4428,11.4,1.7142857,3.6923077,0.0012488542,0.041324176,-0.00045452107
4429,11.4,2.2857144,3.6923077,-0.00315005,0.042691488,-0.0004421921
4430,11.4,2.857143,3.6923077,-0.017966064,0.041984126,-0.00042684647
4431,11.4,3.4285715,3.6923077,-0.022602925,0.04189422,-0.0004719418
4432,11.4,4.0,3.6923077,-0.03754046,0.042416003,-0.0005109953
4433,11.4,0.0,3.0769231,0.034625873,0.044463534,-0.0005078426
4434,11.4,0.5714286,3.0769231,0.020113872,0.040727966,-0.0005233808
4435,11.4,1.1428572,3.0769231,0.015841348,0.04363912,-0.000521733
4436,11.4,1.7142857,3.0769231,0.0012465855,0.041334677,-0.00049311057
4437,11.4,2.2857144,3.0769231,-0.003137467,0.042701457,-0.0004800428
4438,11.4,2.857143,3.0769231,-0.017968064,0.04199749,-0.0004734893
4439,11.4,3.4285715,3.0769231,-0.022599151,0.04190607,-0.00040164148
4440,11.4,4.0,3.0769231,-0.03754319,0.04243246,-0.00033041128
4441,11.4,0.0,2.4615386,0.034684636,0.04446251,-0.0006083695
4442,11.4,0.5714286,2.4615386,0.020130496,0.040725045,-0.00058477063
4443,11.4,1.1428572,2.4615386,0.01586343,0.043663166,-0.00055368565
4444,11.4,1.7142857,2.4615386,0.001265092,0.041354954,-0.00054224965
4445,11.4,2.2857144,2.4615386,-0.003111617,0.04272045,-0.0005113486
4446,11.4,2.857143,2.4615386,-0.01795815,0.042030204,-0.00047000695
4447,11.4,3.4285715,2.4615386,-0.022572929,0.041929338,-0.0004903973
4448,11.4,4.0,2.4615386,-0.037562385,0.042475782,-0.00051470095
4449,11.4,0.0,1.8461539,0.034694783,0.044469703,-0.00064445497
4450,11.4,0.5714286,1.8461539,0.020157801,0.040784784,-0.0006205357
4451,11.4,1.1428572,1.8461539,0.015923284,0.043659043,-0.0005963299
4452,11.4,1.7142857,1.8461539,0.0012864395,0.04141298,-0.0005656278
4453,11.4,2.2857144,1.8461539,-0.0030563264,0.042742506,-0.00052219885
4454,11.4,2.857143,1.8461539,-0.01792496,0.04208824,-0.0005048411
4455,11.4,3.4285715,1.8461539,-0.02253327,0.041962463,-0.00040779557
4456,11.4,4.0,1.8461539,-0.03751879,0.04253028,-0.00028497633
4457,11.4,0.0,1.2307693,0.03482843,0.04451874,-0.0006328773
4458,11.4,0.5714286,1.2307693,0.020248812,0.04076562,-0.0006451123
4459,11.4,1.1428572,1.2307693,0.015988233,0.043753937,-0.00061862316
4460,11.4,1.7142857,1.2307693,0.0013810311,0.041422155,-0.00056608836
4461,11.4,2.2857144,1.2307693,-0.002982775,0.04282805,-0.0005449843
4462,11.4,2.857143,1.2307693,-0.017843464,0.04212915,-0.00047214376
4463,11.4,3.4285715,1.2307693,-0.022445546,0.042043794,-0.00047383906
4464,11.4,4.0,1.2307693,-0.03747157,0.042597488,-0.00051600457
4465,11.4,0.0,0.61538464,0.034865722,0.044563673,-0.000780267
4466,11.4,0.5714286,0.61538464,0.020522665,0.040838156,-0.0006400178
4467,11.4,1.1428572,0.61538464,0.01607989,0.04377675,-0.00058865396
4468,11.4,1.7142857,0.61538464,0.001626083,0.041496415,-0.00059792027
4469,11.4,2.2857144,0.61538464,-0.00292523,0.04289945,-0.0004983139
4470,11.4,2.857143,0.61538464,-0.017607698,0.042180303,-0.0004980001
4471,11.4,3.4285715,0.61538464,-0.022429112,0.042160433,-0.00039835338
4472,11.4,4.0,0.61538464,-0.03720549,0.042604625,-0.00019998687
4473,11.4,0.0,0.0,0.035052087,0.044425037,-0.00051774515
4474,11.4,0.5714286,0.0,0.020850517,0.041007966,-0.00065218774
4475,11.4,1.1428572,0.0,0.016188817,0.04375191,-0.0006615407
4476,11.4,1.7142857,0.0,0.0019655358,0.041596986,-0.00047128485
4477,11.4,2.2857144,0.0,-0.0028255107,0.04294454,-0.000572409
4478,11.4,2.857143,0.0,-0.017326992,0.042240564,-0.00041906247
4479,11.4,3.4285715,0.0,-0.022369,0.042230573,-0.0004270238
4480,11.4,4.0,0.0,-0.037004773,0.042686936,-0.00055501406
4481,12.0,0.0,8.0,0.029952714,0.050737903,-0.00022270877
4482,12.0,0.5714286,8.0,0.025861664,0.054028593,-0.00043753692
4483,12.0,1.1428572,8.0,0.011169126,0.051226154,-0.00054369465
4484,12.0,1.7142857,8.0,0.006982485,0.053359866,-0.00045832086
4485,12.0,2.2857144,8.0,-0.00788734,0.05202584,-0.00064248417
4486,12.0,2.857143,8.0,-0.012292005,0.052774616,-0.00054483785
4487,12.0,3.4285715,8.0,-0.027443144,0.05271365,-0.0006189426
4488,12.0,4.0,8.0,-0.031896397,0.05212303,-0.00080386223
4489,12.0,0.0,7.3846154,0.029743223,0.0505254,-0.00046725292
4490,12.0,0.5714286,7.3846154,0.02574127,0.054084312,-0.00039976978
4491,12.0,1.1428572,7.3846154,0.01077184,0.051092386,-0.00041863017
4492,12.0,1.7142857,7.3846154,0.006917086,0.05334167,-0.00051051966
4493,12.0,2.2857144,7.3846154,-0.008251675,0.051951822,-0.0004847526
4494,12.0,2.857143,7.3846154,-0.012367298,0.052719433,-0.0005605368
4495,12.0,3.4285715,7.3846154,-0.027680136,0.052655198,-0.00053981185
4496,12.0,4.0,7.3846154,-0.03202288,0.05210108,-0.00045300077
4497,12.0,0.0,6.769231,0.029314024,0.050457712,-0.0002892546
4498,12.0,0.5714286,6.769231,0.025661955,0.054068107,-0.000368418
4499,12.0,1.1428572,6.769231,0.010521071,0.05101132,-0.00039711158
4500,12.0,1.7142857,6.769231,0.006812677,0.053294893,-0.00041010755
4501,12.0,2.2857144,6.769231,-0.00849635,0.051879697,-0.0004642087
4502,12.0,2.857143,6.769231,-0.012409954,0.05261165,-0.00047106383
4503,12.0,3.4285715,6.769231,-0.027952686,0.05261565,-0.0005588935
4504,12.0,4.0,6.769231,-0.03197953,0.0519506,-0.00071875536
4505,12.0,0.0,6.1538463,0.029307997,0.050462946,-0.0003176908
4506,12.0,0.5714286,6.1538463,0.025553837,0.053971328,-0.00032627335
4507,12.0,1.1428572,6.1538463,0.010392694,0.051019333,-0.00035406326
4508,12.0,1.7142857,6.1538463,0.0067414115,0.05320151,-0.00038178317
4509,12.0,2.2857144,6.1538463,-0.0086103985,0.051849917,-0.00040528394
4510,12.0,2.857143,6.1538463,-0.0125026675,0.052527178,-0.00045779167
4511,12.0,3.4285715,6.1538463,-0.028027466,0.052559026,-0.00044088764
4512,12.0,4.0,6.1538463,-0.032130763,0.051886894,-0.00041159982
4513,12.0,0.0,5.5384617,0.02919136,0.050437354,-0.0003286962
4514,12.0,0.5714286,5.5384617,0.025492044,0.053989284,-0.00033691368
4515,12.0,1.1428572,5.5384617,0.010369003,0.05095515,-0.00034201329
4516,12.0,1.7142857,5.5384617,0.0066593215,0.053189408,-0.00037724877
4517,12.0,2.2857144,5.5384617,-0.008643557,0.051791083,-0.00039577344
4518,12.0,2.857143,5.5384617,-0.012571002,0.05249176,-0.00041167947
4519,12.0,3.4285715,5.5384617,-0.028080435,0.052493673,-0.0004843852
4520,12.0,4.0,5.5384617,-0.032138318,0.051827855,-0.0005854512
4521,12.0,0.0,4.923077,0.029209755,0.050428018,-0.00033824888
4522,12.0,0.5714286,4.923077,0.025446126,0.053961623,-0.00035975018
4523,12.0,1.1428572,4.923077,0.010329766,0.050946306,-0.00038241822
4524,12.0,1.7142857,4.923077,0.006627811,0.05316676,-0.0003812001
4525,12.0,2.2857144,4.923077,-0.008677448,0.051759746,-0.0004017108
4526,12.0,2.857143,4.923077,-0.012608238,0.052467436,-0.0004254132
4527,12.0,3.4285715,4.923077,-0.028092679,0.0524487,-0.00039068708
4528,12.0,4.0,4.923077,-0.032194126,0.051798515,-0.00035763407
4529,12.0,0.0,4.3076925,0.029169891,0.05042745,-0.00042543176
4530,12.0,0.5714286,4.3076925,0.025418026,0.05396397,-0.00041010667
4531,12.0,1.1428572,4.3076925,0.010321468,0.050932962,-0.00039846695
4532,12.0,1.7142857,4.3076925,0.0065962807,0.053158037,-0.00042036036
4533,12.0,2.2857144,4.3076925,-0.008685307,0.051746253,-0.00041580098
4534,12.0,2.857143,4.3076925,-0.012633015,0.05245238,-0.00041518494
4535,12.0,3.4285715,4.3076925,-0.028102266,0.052428804,-0.000466778
4536,12.0,4.0,4.3076925,-0.032194436,0.051776145,-0.000525892
4537,12.0,0.0,3.6923077,0.02916374,0.050427504,-0.00043221714
4538,12.0,0.5714286,3.6923077,0.025411766,0.053963963,-0.00044786622
4539,12.0,1.1428572,3.6923077,0.010315254,0.050932962,-0.00045885367
4540,12.0,1.7142857,3.6923077,0.0065900055,0.053158,-0.00043727283
4541,12.0,2.2857144,3.6923077,-0.008691513,0.051746245,-0.00044117428
4542,12.0,2.857143,3.6923077,-0.012639288,0.05245236,-0.00044209973
4543,12.0,3.4285715,3.6923077,-0.02810848,0.052428793,-0.00038985076
4544,12.0,4.0,3.6923077,-0.03220073,0.051776133,-0.00033104842
4545,12.0,0.0,3.0769231,0.029191004,0.050427925,-0.00051951536
4546,12.0,0.5714286,3.0769231,0.025427304,0.053961534,-0.00049813197
4547,12.0,1.1428572,3.0769231,0.0103111,0.050946258,-0.0004749921
4548,12.0,1.7142857,3.0769231,0.00660902,0.05316671,-0.0004763386
4549,12.0,2.2857144,3.0769231,-0.008696105,0.05175969,-0.00045536106
4550,12.0,2.857143,3.0769231,-0.012627017,0.052467395,-0.00043177788
4551,12.0,3.4285715,3.0769231,-0.02811132,0.052448638,-0.0004660355
4552,12.0,4.0,3.0769231,-0.032212872,0.051798474,-0.0004992039
4553,12.0,0.0,2.4615386,0.029160237,0.05043722,-0.0005290973
4554,12.0,0.5714286,2.4615386,0.025460785,0.05398931,-0.000520877
4555,12.0,1.1428572,2.4615386,0.010337825,0.050954986,-0.0005154869
4556,12.0,1.7142857,2.4615386,0.006628068,0.053189386,-0.00048020753
4557,12.0,2.2857144,2.4615386,-0.008674716,0.051790945,-0.00046137953
4558,12.0,2.857143,2.4615386,-0.012602243,0.052491724,-0.00044543427
4559,12.0,3.4285715,2.4615386,-0.02811159,0.052493554,-0.00037242429
4560,12.0,4.0,2.4615386,-0.032169577,0.051827803,-0.00027132823
4561,12.0,0.0,1.8461539,0.029264329,0.05046281,-0.00054019253
4562,12.0,0.5714286,1.8461539,0.025509963,0.053971145,-0.0005315185
4563,12.0,1.1428572,1.8461539,0.010349135,0.05101925,-0.00050342304
4564,12.0,1.7142857,1.8461539,0.0066975714,0.053201377,-0.00047567755
4565,12.0,2.2857144,1.8461539,-0.008653937,0.051849812,-0.00045187387
4566,12.0,2.857143,1.8461539,-0.012546488,0.052527063,-0.0003993213
4567,12.0,3.4285715,1.8461539,-0.028070984,0.05255891,-0.00041592456
4568,12.0,4.0,1.8461539,-0.032174543,0.051886782,-0.00044514766
4569,12.0,0.0,1.2307693,0.029258203,0.05045796,-0.0005685038
4570,12.0,0.5714286,1.2307693,0.025605453,0.054067694,-0.0004893606
4571,12.0,1.1428572,1.2307693,0.010465192,0.051011406,-0.00046041055
4572,12.0,1.7142857,1.2307693,0.0067561916,0.05329456,-0.00044732954
4573,12.0,2.2857144,1.2307693,-0.00855221,0.05187969,-0.00039296967
4574,12.0,2.857143,1.2307693,-0.012466418,0.052611414,-0.00038603664
4575,12.0,3.4285715,1.2307693,-0.028008543,0.052615564,-0.00029794063
4576,12.0,4.0,1.2307693,-0.032036006,0.051950447,-0.0001380261
4577,12.0,0.0,0.61538464,0.029675037,0.050525866,-0.00039070618
4578,12.0,0.5714286,0.61538464,0.025671972,0.0540835,-0.00045800957
4579,12.0,1.1428572,0.61538464,0.010703781,0.051092718,-0.0004388493
4580,12.0,1.7142857,0.61538464,0.0068478105,0.0533411,-0.00034696073
4581,12.0,2.2857144,0.61538464,-0.008319709,0.05195194,-0.00037239623
4582,12.0,2.857143,0.61538464,-0.012436546,0.052719068,-0.00029659335
4583,12.0,3.4285715,0.61538464,-0.02774815,0.052655138,-0.00031699872
4584,12.0,4.0,0.61538464,-0.032092087,0.052100882,-0.00040374513
4585,12.0,0.0,0.0,0.029872436,0.050738756,-0.00063491036
4586,12.0,0.5714286,0.0,0.025779689,0.05402755,-0.00042031918
4587,12.0,1.1428572,0.0,0.011088794,0.051226664,-0.0003138035
4588,12.0,1.7142857,0.0,0.006900522,0.053359106,-0.00039914253
4589,12.0,2.2857144,0.0,-0.00796765,0.052026045,-0.00021468393
4590,12.0,2.857143,0.0,-0.012373935,0.05277415,-0.00031228302
4591,12.0,3.4285715,0.0,-0.027523462,0.052713603,-0.00023788356
4592,12.0,4.0,0.0,-0.03197833,0.052122794,-5.2949417e-05
