NodeLabel,X_mm,Y_mm,Z_mm,U1_mm,U2_mm,U3_mm
1,-12.0,0.0,8.0,-0.028271057,0.047082163,0.00023175978
2,-12.0,0.5714286,8.0,-0.024640962,0.050448854,6.6889015e-06
3,-12.0,1.1428572,8.0,-0.010396632,0.04758479,-0.00011228493
4,-12.0,1.7142857,8.0,-0.006676319,0.049781196,-3.0953244e-05
5,-12.0,2.2857144,8.0,0.007728698,0.048408464,-0.00023267626
6,-12.0,2.857143,8.0,0.011668539,0.04921633,-0.00014625899
7,-12.0,3.4285715,8.0,0.026387706,0.049139638,-0.0002291608
8,-12.0,4.0,8.0,0.0303995,0.0485869,-0.00042616396
9,-12.0,0.0,7.3846154,-0.028066142,0.046830542,-1.7267941e-05
10,-12.0,0.5714286,7.3846154,-0.024535382,0.050513145,4.3431126e-05
11,-12.0,1.1428572,7.3846154,-0.010010806,0.047424607,1.5237711e-05
12,-12.0,1.7142857,7.3846154,-0.006625567,0.049766306,-8.5871914e-05
13,-12.0,2.2857144,7.3846154,0.008080915,0.048308633,-7.0408925e-05
14,-12.0,2.857143,7.3846154,0.011731105,0.049164,-0.00015585596
15,-12.0,3.4285715,7.3846154,0.026612278,0.049057536,-0.00014578701
16,-12.0,4.0,7.3846154,0.030509602,0.048568517,-6.819072e-05
17,-12.0,0.0,6.769231,-0.027657203,0.04671922,0.00016765951
18,-12.0,0.5714286,6.769231,-0.024474429,0.050525278,7.528765e-05
19,-12.0,1.1428572,6.769231,-0.009774034,0.047294516,3.7601945e-05
20,-12.0,1.7142857,6.769231,-0.0065406794,0.049742248,1.5860505e-05
21,-12.0,2.2857144,6.769231,0.00831164,0.048195027,-4.7137903e-05
22,-12.0,2.857143,6.769231,0.011753898,0.049072113,-6.341358e-05
23,-12.0,3.4285715,6.769231,0.026871536,0.048980135,-0.00016470425
24,-12.0,4.0,6.769231,0.03045113,0.048429616,-0.00033641947
25,-12.0,0.0,6.1538463,-0.027669853,0.046684325,0.00013019572
26,-12.0,0.5714286,6.1538463,-0.02439167,0.050441835,0.00011492057
27,-12.0,1.1428572,6.1538463,-0.00966593,0.047269586,7.848298e-05
28,-12.0,1.7142857,6.1538463,-0.006492518,0.04965818,4.3268526e-05
29,-12.0,2.2857144,6.1538463,0.008407344,0.0481325,1.2070235e-05
30,-12.0,2.857143,6.1538463,0.011825536,0.04899356,-4.8401853e-05
31,-12.0,3.4285715,6.1538463,0.0269306,0.04889409,-3.992171e-05
32,-12.0,4.0,6.1538463,0.030581756,0.04836849,-2.1500373e-05
33,-12.0,0.0,5.5384617,-0.027575184,0.04664647,0.0001134406
34,-12.0,0.5714286,5.5384617,-0.02435412,0.050457537,9.658589e-05
35,-12.0,1.1428572,5.5384617,-0.009660025,0.04718788,8.443214e-05
36,-12.0,1.7142857,5.5384617,-0.006433973,0.04964001,4.429484e-05
37,-12.0,2.2857144,5.5384617,0.008423527,0.048058137,1.9608719e-05
38,-12.0,2.857143,5.5384617,0.011871495,0.04895008,-2.168974e-06
39,-12.0,3.4285715,5.5384617,0.026967492,0.04881367,-8.429233e-05
40,-12.0,4.0,5.5384617,0.030569436,0.048300687,-0.0001946173
41,-12.0,0.0,4.923077,-0.027608458,0.046625458,8.9787376e-05
42,-12.0,0.5714286,4.923077,-0.024329823,0.05042213,6.42441e-05
43,-12.0,1.1428572,4.923077,-0.009637167,0.047169823,3.7962127e-05
44,-12.0,1.7142857,4.923077,-0.0064243693,0.04960922,3.5556546e-05
45,-12.0,2.2857144,4.923077,0.008441034,0.048017316,1.1296226e-05
46,-12.0,2.857143,4.923077,0.011886946,0.048916668,-1.5670012e-05
47,-12.0,3.4285715,4.923077,0.026963681,0.048760127,1.51487575e-05
48,-12.0,4.0,4.923077,0.030603243,0.048261624,4.2477168e-05
49,-12.0,0.0,4.3076925,-0.027586604,0.046620004,-7.2564035e-06
50,-12.0,0.5714286,4.3076925,-0.024321873,0.050421633,5.3565236e-06
51,-12.0,1.1428572,4.3076925,-0.009646208,0.047150243,1.4431336e-05
52,-12.0,1.7142857,4.3076925,-0.006413187,0.04959654,-8.214387e-06
53,-12.0,2.2857144,4.3076925,0.008431346,0.047998164,-5.482206e-06
54,-12.0,2.857143,4.3076925,0.011891405,0.048897263,-6.5015442e-06
55,-12.0,3.4285715,4.3076925,0.026955796,0.0487347,-6.155465e-05
56,-12.0,4.0,4.3076925,0.03058379,0.04823482,-0.00012302473
57,-12.0,0.0,3.6923077,-0.02759874,0.046619575,-2.9450854e-05
58,-12.0,0.5714286,3.6923077,-0.02433436,0.05042162,-4.2749e-05
59,-12.0,1.1428572,3.6923077,-0.009658277,0.047149885,-5.2504976e-05
60,-12.0,1.7142857,3.6923077,-0.0064256457,0.04959646,-3.0460704e-05
61,-12.0,2.2857144,3.6923077,0.008419249,0.047997873,-3.3844062e-05
62,-12.0,2.857143,3.6923077,0.011878924,0.048897117,-3.3433636e-05
63,-12.0,3.4285715,3.6923077,0.026943684,0.048734464,2.09441e-05
64,-12.0,4.0,3.6923077,0.03057131,0.048234627,8.1720376e-05
65,-12.0,0.0,3.0769231,-0.027644565,0.04662422,-0.00012659079
66,-12.0,0.5714286,3.0769231,-0.024367116,0.050422087,-0.00010159059
67,-12.0,1.1428572,3.0769231,-0.009673384,0.047168758,-7.6082084e-05
68,-12.0,1.7142857,3.0769231,-0.0064617633,0.04960898,-7.417801e-05
69,-12.0,2.2857144,3.0769231,0.008404764,0.048016448,-5.0678234e-05
70,-12.0,2.857143,3.0769231,0.011849497,0.048916228,-2.4213234e-05
71,-12.0,3.4285715,3.0769231,0.026927328,0.04875942,-5.5816578e-05
72,-12.0,4.0,3.0769231,0.030565707,0.04826103,-8.372071e-05
73,-12.0,0.0,2.4615386,-0.027635554,0.046644416,-0.00015021166
74,-12.0,0.5714286,2.4615386,-0.024416389,0.050457455,-0.00013385667
75,-12.0,1.1428572,2.4615386,-0.009720387,0.047186133,-0.00012260421
76,-12.0,1.7142857,2.4615386,-0.0064962814,0.049639586,-8.28647e-05
77,-12.0,2.2857144,2.4615386,0.008363063,0.04805672,-5.9037997e-05
78,-12.0,2.857143,2.4615386,0.011809093,0.04894934,-3.7672296e-05
79,-12.0,3.4285715,2.4615386,0.026906919,0.048812527,4.35739e-05
80,-12.0,4.0,2.4615386,0.030506954,0.048299693,0.00015340568
81,-12.0,0.0,1.8461539,-0.027754202,0.046681456,-0.00016706942
82,-12.0,0.5714286,1.8461539,-0.02447879,0.050441757,-0.000152212
83,-12.0,1.1428572,1.8461539,-0.009750401,0.047267146,-0.000116640724
84,-12.0,1.7142857,1.8461539,-0.0065798024,0.04965762,-8.183289e-05
85,-12.0,2.2857144,1.8461539,0.008322753,0.048130527,-5.151007e-05
86,-12.0,2.857143,1.8461539,0.011738137,0.04899255,8.559057e-06
87,-12.0,3.4285715,1.8461539,0.02684584,0.048892494,-8.1379477e-07
88,-12.0,4.0,1.8461539,0.030494196,0.04836711,-1.9685835e-05
89,-12.0,0.0,1.2307693,-0.027765578,0.046715178,-0.00020445116
90,-12.0,0.5714286,1.2307693,-0.024586752,0.050525535,-0.00011251603
91,-12.0,1.1428572,1.2307693,-0.00988245,0.047291134,-7.577014e-05
92,-12.0,1.7142857,1.2307693,-0.006653086,0.04974177,-5.441503e-05
93,-12.0,2.2857144,1.2307693,0.008203078,0.04819237,7.695005e-06
94,-12.0,2.857143,1.2307693,0.011641351,0.04907094,2.356546e-05
95,-12.0,3.4285715,1.2307693,0.026762795,0.04897807,0.00012395873
96,-12.0,4.0,1.2307693,0.030338444,0.04842788,0.00029520696
97,-12.0,0.0,0.61538464,-0.028198535,0.04682546,-1.951111e-05
98,-12.0,0.5714286,0.61538464,-0.024672616,0.05051367,-8.072802e-05
99,-12.0,1.1428572,0.61538464,-0.010143274,0.047420386,-5.3387415e-05
100,-12.0,1.7142857,0.61538464,-0.006763003,0.04976587,4.7325077e-05
101,-12.0,2.2857144,0.61538464,0.007948285,0.048305333,3.0962023e-05
102,-12.0,2.857143,0.61538464,0.011593548,0.04916269,0.00011600315
103,-12.0,3.4285715,0.61538464,0.026479423,0.049054988,0.00010502928
104,-12.0,4.0,0.61538464,0.030371856,0.04856651,2.7005888e-05
105,-12.0,0.0,0.0,-0.028427914,0.047076635,-0.00026870487
106,-12.0,0.5714286,0.0,-0.024802929,0.050449148,-4.3868018e-05
107,-12.0,1.1428572,0.0,-0.01055355,0.047580115,7.418066e-05
108,-12.0,1.7142857,0.0,-0.0068383785,0.04978056,-7.644035e-06
109,-12.0,2.2857144,0.0,0.007571632,0.04840474,0.00019327934
110,-12.0,2.857143,0.0,0.011506322,0.04921478,0.00010638062
111,-12.0,3.4285715,0.0,0.026230445,0.049136706,0.00018842863
112,-12.0,4.0,0.0,0.030237129,0.048584595,0.00038493372
113,-11.4,0.0,8.0,-0.033446044,0.041319963,0.00011088282
114,-11.4,0.5714286,8.0,-0.019698482,0.037837256,0.00023579843
115,-11.4,1.1428572,8.0,-0.015494161,0.040657848,0.0002401163
116,-11.4,1.7142857,8.0,-0.0017268799,0.038448963,3.449687e-05
117,-11.4,2.2857144,8.0,0.0025899934,0.039855357,0.00012903757
118,-11.4,2.857143,8.0,0.016633911,0.03912005,-3.596525e-05
119,-11.4,3.4285715,8.0,0.021236205,0.03915345,-3.86661e-05
120,-11.4,4.0,8.0,0.035437323,0.039589938,8.1492166e-05
121,-11.4,0.0,7.3846154,-0.033262845,0.041475203,0.00037802104
122,-11.4,0.5714286,7.3846154,-0.019369569,0.037638444,0.00022444437
123,-11.4,1.1428572,7.3846154,-0.015384329,0.040687375,0.00016331208
124,-11.4,1.7142857,7.3846154,-0.0013891703,0.03832234,0.00016363333
125,-11.4,2.2857144,7.3846154,0.002690045,0.039812844,5.430742e-05
126,-11.4,2.857143,7.3846154,0.016914658,0.03903408,4.3435048e-05
127,-11.4,3.4285715,7.3846154,0.021294385,0.0390851,-6.8095826e-05
128,-11.4,4.0,7.3846154,0.03563932,0.039481524,-0.00027961633
129,-11.4,0.0,6.769231,-0.033227418,0.041454755,0.0002206609
130,-11.4,0.5714286,6.769231,-0.019100774,0.037514854,0.00022701593
131,-11.4,1.1428572,6.769231,-0.015297886,0.04069005,0.00019070563
132,-11.4,1.7142857,6.769231,-0.001147974,0.038201932,0.00012999134
133,-11.4,2.2857144,6.769231,0.0027423722,0.039759353,0.000100784375
134,-11.4,2.857143,6.769231,0.01714625,0.038942106,1.8612836e-05
135,-11.4,3.4285715,6.769231,0.021307377,0.03898059,1.2172632e-05
136,-11.4,4.0,6.769231,0.03590224,0.039438497,4.2301323e-05
137,-11.4,0.0,6.1538463,-0.033108972,0.041425493,0.00023185067
138,-11.4,0.5714286,6.1538463,-0.019020328,0.0374994,0.00019657875
139,-11.4,1.1428572,6.1538463,-0.015242366,0.040604383,0.00016454706
140,-11.4,1.7142857,6.1538463,-0.0010624628,0.038158685,0.00012699518
141,-11.4,2.2857144,6.1538463,0.0028080833,0.03968045,7.666767e-05
142,-11.4,2.857143,6.1538463,0.017221263,0.03886869,5.1583094e-05
143,-11.4,3.4285715,6.1538463,0.021388834,0.03890227,-5.59419e-05
144,-11.4,4.0,6.1538463,0.03594701,0.039341897,-0.0001905737
145,-11.4,0.0,5.5384617,-0.033108752,0.041412335,0.000183818
146,-11.4,0.5714286,5.5384617,-0.01899923,0.03742073,0.00015387635
147,-11.4,1.1428572,5.5384617,-0.015193351,0.040603455,0.00011742391
148,-11.4,1.7142857,5.5384617,-0.0010462408,0.03808346,9.9881654e-05
149,-11.4,2.2857144,5.5384617,0.002853549,0.03965005,6.42113e-05
150,-11.4,2.857143,5.5384617,0.017250149,0.03879451,1.698187e-05
151,-11.4,3.4285715,5.5384617,0.021420082,0.03885942,3.2056898e-05
152,-11.4,4.0,5.5384617,0.0359865,0.039272457,4.7290196e-05
153,-11.4,0.0,4.923077,-0.033060234,0.041408807,7.541773e-05
154,-11.4,0.5714286,4.923077,-0.018986601,0.03741452,8.4585285e-05
155,-11.4,1.1428572,4.923077,-0.015179952,0.040571034,7.84249e-05
156,-11.4,1.7142857,4.923077,-0.0010321473,0.038053144,4.675203e-05
157,-11.4,2.2857144,4.923077,0.0028704077,0.039622135,3.0276271e-05
158,-11.4,2.857143,4.923077,0.017255856,0.038752254,1.9723107e-05
159,-11.4,3.4285715,4.923077,0.021437416,0.03882624,-5.7914953e-05
160,-11.4,4.0,4.923077,0.03596446,0.03922037,-0.00013556662
161,-11.4,0.0,4.3076925,-0.033064436,0.04139835,3.9111488e-05
162,-11.4,0.5714286,4.3076925,-0.018989097,0.037396055,1.1767866e-05
163,-11.4,1.1428572,4.3076925,-0.015170336,0.04056525,-5.45976e-06
164,-11.4,1.7142857,4.3076925,-0.0010395042,0.038036577,3.1194681e-06
165,-11.4,2.2857144,4.3076925,0.0028752568,0.039607763,-1.0647116e-05
166,-11.4,2.857143,4.3076925,0.017248768,0.038733073,-2.680458e-05
167,-11.4,3.4285715,4.3076925,0.021433678,0.038809698,1.7583805e-05
168,-11.4,4.0,4.3076925,0.035956535,0.039198454,5.487153e-05
169,-11.4,0.0,3.6923077,-0.03307677,0.04139839,-9.973909e-05
170,-11.4,0.5714286,3.6923077,-0.019001156,0.03739567,-7.3076124e-05
171,-11.4,1.1428572,3.6923077,-0.015182763,0.04056521,-5.651086e-05
172,-11.4,1.7142857,3.6923077,-0.001051615,0.038036264,-6.573439e-05
173,-11.4,2.2857144,3.6923077,0.0028628132,0.039607655,-5.260806e-05
174,-11.4,2.857143,3.6923077,0.017236639,0.03873282,-3.7090074e-05
175,-11.4,3.4285715,3.6923077,0.021421203,0.038809534,-8.215832e-05
176,-11.4,4.0,3.6923077,0.035944365,0.03919825,-0.00012014546
177,-11.4,0.0,3.0769231,-0.033097547,0.041408863,-0.00013594358
178,-11.4,0.5714286,3.0769231,-0.019022912,0.03741338,-0.0001459379
179,-11.4,1.1428572,3.0769231,-0.015217229,0.040570922,-0.00014034256
180,-11.4,1.7142857,3.0769231,-0.0010684695,0.03805221,-0.00010942089
181,-11.4,2.2857144,3.0769231,0.002833065,0.03962182,-9.34739e-05
182,-11.4,2.857143,3.0769231,0.01721947,0.038751505,-8.367523e-05
183,-11.4,3.4285715,3.0769231,0.021400012,0.038825758,-6.602051e-06
184,-11.4,4.0,3.0769231,0.03592803,0.039219774,7.023092e-05
185,-11.4,0.0,2.4615386,-0.03317074,0.041412447,-0.00024438484
186,-11.4,0.5714286,2.4615386,-0.019059662,0.037418857,-0.00021529432
187,-11.4,1.1428572,2.4615386,-0.015255486,0.040603254,-0.00017928088
188,-11.4,1.7142857,2.4615386,-0.0011067841,0.038081933,-0.00016259788
189,-11.4,2.2857144,2.4615386,0.0027913207,0.0396495,-0.00012736366
190,-11.4,2.857143,2.4615386,0.017189508,0.038793296,-8.098085e-05
191,-11.4,3.4285715,2.4615386,0.021357734,0.038858593,-9.6529926e-05
192,-11.4,4.0,2.4615386,0.035925735,0.03927148,-0.00011265181
193,-11.4,0.0,1.8461539,-0.033195976,0.041425668,-0.0002923028
194,-11.4,0.5714286,1.8461539,-0.01910499,0.03749677,-0.00025796742
195,-11.4,1.1428572,1.8461539,-0.015329387,0.040604126,-0.00022640605
196,-11.4,1.7142857,1.8461539,-0.001147186,0.03815654,-0.00018971162
197,-11.4,2.2857144,1.8461539,0.0027209304,0.039679714,-0.00013981017
198,-11.4,2.857143,1.8461539,0.017136408,0.038866993,-0.000115590796
199,-11.4,3.4285715,1.8461539,0.021301541,0.038901135,-8.519595e-06
200,-11.4,4.0,1.8461539,0.03586204,0.039340556,0.0001251894
201,-11.4,0.0,1.2307693,-0.033339296,0.04145539,-0.00028121856
202,-11.4,0.5714286,1.2307693,-0.019209407,0.037511166,-0.00028844745
203,-11.4,1.1428572,1.2307693,-0.015409938,0.04069002,-0.00025253973
204,-11.4,1.7142857,1.2307693,-0.0012567515,0.03819899,-0.00019271047
205,-11.4,2.2857144,1.2307693,0.0026301723,0.03975857,-0.00016392428
206,-11.4,2.857143,1.2307693,0.017037328,0.03893985,-8.262074e-05
207,-11.4,3.4285715,1.2307693,0.021194994,0.0389792,-7.66374e-05
208,-11.4,4.0,1.2307693,0.035793133,0.039436787,-0.0001076443
209,-11.4,0.0,0.61538464,-0.033399776,0.041476205,-0.0004385611
210,-11.4,0.5714286,0.61538464,-0.019502424,0.037633795,-0.00028579708
211,-11.4,1.1428572,0.61538464,-0.015521298,0.040687494,-0.0002251491
212,-11.4,1.7142857,0.61538464,-0.0015221038,0.038318668,-0.00022634526
213,-11.4,2.2857144,0.61538464,0.002552912,0.039812017,-0.00011743855
214,-11.4,2.857143,0.61538464,0.01678157,0.039031275,-0.00010743787
215,-11.4,3.4285715,0.61538464,0.021157075,0.039083514,3.6405481e-06
216,-11.4,4.0,0.61538464,0.03550608,0.03947941,0.00021425607
217,-11.4,0.0,0.0,-0.03360747,0.04132073,-0.00017125832
218,-11.4,0.5714286,0.0,-0.019855708,0.037832174,-0.00029724077
219,-11.4,1.1428572,0.0,-0.015655776,0.04065777,-0.00030198152
220,-11.4,1.7142857,0.0,-0.0018842514,0.038444843,-9.714228e-05
221,-11.4,2.2857144,0.0,0.0024282162,0.039854314,-0.00019220119
222,-11.4,2.857143,0.0,0.016476389,0.03911684,-2.8011254e-05
223,-11.4,3.4285715,0.0,0.021074234,0.039151594,-2.5800158e-05
224,-11.4,4.0,0.0,0.035279598,0.039587457,-0.00014680848
225,-10.8,0.0,8.0,-0.028942958,0.028164344,0.0006503272
226,-10.8,0.5714286,8.0,-0.024341531,0.031582937,0.00045969133
227,-10.8,1.1428572,8.0,-0.011032913,0.028566388,0.0003481395
228,-10.8,1.7142857,8.0,-0.006395618,0.03071776,0.00044697922
229,-10.8,2.2857144,8.0,0.007096782,0.029203437,0.0002275428
230,-10.8,2.857143,8.0,0.011905133,0.02982067,0.00023908957
231,-10.8,3.4285715,8.0,0.025783384,0.029751306,8.181945e-05
232,-10.8,4.0,8.0,0.030752849,0.029150125,-0.00024335973
233,-10.8,0.0,7.3846154,-0.028629377,0.027895534,0.00038302407
234,-10.8,0.5714286,7.3846154,-0.024185875,0.031687833,0.00045095058
235,-10.8,1.1428572,7.3846154,-0.010669084,0.028405285,0.0004284689
236,-10.8,1.7142857,7.3846154,-0.006247587,0.030692743,0.0003225547
237,-10.8,2.2857144,7.3846154,0.0074082008,0.029079568,0.00030077752
238,-10.8,2.857143,7.3846154,0.012010618,0.02972494,0.00017328335
239,-10.8,3.4285715,7.3846154,0.026018946,0.02962225,0.00012620603
240,-10.8,4.0,7.3846154,0.030819528,0.029047862,0.00016807452
241,-10.8,0.0,6.769231,-0.028329415,0.027841002,0.0004912017
242,-10.8,0.5714286,6.769231,-0.024093157,0.031701084,0.00041614144
243,-10.8,1.1428572,6.769231,-0.01042899,0.02826414,0.00036900808
244,-10.8,1.7142857,6.769231,-0.006185554,0.030662572,0.00032634195
245,-10.8,2.2857144,6.769231,0.0076429294,0.028966539,0.00024059389
246,-10.8,2.857143,6.769231,0.012045028,0.029632464,0.00019098652
247,-10.8,3.4285715,6.769231,0.026237262,0.029542303,5.7259567e-05
248,-10.8,4.0,6.769231,0.03084683,0.028900543,-0.00012811083
249,-10.8,0.0,6.1538463,-0.028291998,0.027781302,0.0003861401
250,-10.8,0.5714286,6.1538463,-0.024042921,0.031613138,0.00034769546
251,-10.8,1.1428572,6.1538463,-0.010358814,0.02824258,0.0003065572
252,-10.8,1.7142857,6.1538463,-0.006126011,0.030579865,0.00025971376
253,-10.8,2.2857144,6.1538463,0.007707959,0.028907752,0.00020933062
254,-10.8,2.857143,6.1538463,0.012116713,0.02955888,0.00012642617
255,-10.8,3.4285715,6.1538463,0.026305329,0.029463785,0.000121005316
256,-10.8,4.0,6.1538463,0.030924369,0.028839074,0.00013536758
257,-10.8,0.0,5.5384617,-0.028253896,0.02774427,0.00025410493
258,-10.8,0.5714286,5.5384617,-0.024000026,0.031630415,0.00024834982
259,-10.8,1.1428572,5.5384617,-0.010341796,0.028160596,0.00022868131
260,-10.8,1.7142857,5.5384617,-0.006086564,0.030566929,0.00017813379
261,-10.8,2.2857144,5.5384617,0.0077373525,0.028840186,0.00013980395
262,-10.8,2.857143,5.5384617,0.0121568665,0.02953045,0.000107912856
263,-10.8,3.4285715,5.5384617,0.026331939,0.02939737,1.0140547e-05
264,-10.8,4.0,5.5384617,0.030943708,0.028793734,-9.161347e-05
265,-10.8,0.0,4.923077,-0.028251808,0.027718559,0.0001782276
266,-10.8,0.5714286,4.923077,-0.023979904,0.03159474,0.0001400899
267,-10.8,1.1428572,4.923077,-0.010330393,0.028147154,0.00011135828
268,-10.8,1.7142857,4.923077,-0.0060668373,0.030542223,0.00010166969
269,-10.8,2.2857144,4.923077,0.0077415686,0.028809702,7.133737e-05
270,-10.8,2.857143,4.923077,0.01217581,0.02950874,3.314652e-05
271,-10.8,3.4285715,4.923077,0.026328688,0.029361784,6.146499e-05
272,-10.8,4.0,4.923077,0.030953446,0.02877274,9.007763e-05
273,-10.8,0.0,4.3076925,-0.028246947,0.027717188,-5.5003684e-06
274,-10.8,0.5714286,4.3076925,-0.023972113,0.031597797,1.757767e-05
275,-10.8,1.1428572,4.3076925,-0.010335303,0.028131075,2.193254e-05
276,-10.8,1.7142857,4.3076925,-0.006063388,0.030534733,-1.8562811e-06
277,-10.8,2.2857144,4.3076925,0.007737061,0.028796282,-4.1390786e-06
278,-10.8,2.857143,4.3076925,0.012176179,0.029498512,-4.538206e-06
279,-10.8,3.4285715,4.3076925,0.026319476,0.02934566,-6.5966786e-05
280,-10.8,4.0,4.3076925,0.030942064,0.028758738,-0.000121684265
281,-10.8,0.0,3.6923077,-0.028259153,0.027716756,-7.901915e-05
282,-10.8,0.5714286,3.6923077,-0.023984538,0.031597808,-0.00010283393
283,-10.8,1.1428572,3.6923077,-0.010347416,0.028130732,-0.00010782465
284,-10.8,1.7142857,3.6923077,-0.006075806,0.030534668,-8.4713494e-05
285,-10.8,2.2857144,3.6923077,0.0077249208,0.028796012,-8.3032886e-05
286,-10.8,2.857143,3.6923077,0.012163743,0.029498387,-8.3317536e-05
287,-10.8,3.4285715,3.6923077,0.026307318,0.029345447,-2.251558e-05
288,-10.8,4.0,3.6923077,0.030929625,0.028758569,3.2461874e-05
289,-10.8,0.0,3.0769231,-0.028288038,0.027717361,-0.00026285634
290,-10.8,0.5714286,3.0769231,-0.02401707,0.031594764,-0.00022529156
291,-10.8,1.1428572,3.0769231,-0.01036676,0.028146124,-0.00019730406
292,-10.8,1.7142857,3.0769231,-0.0061040856,0.030542033,-0.0001881774
293,-10.8,2.2857144,3.0769231,0.007705153,0.028808894,-0.00015857065
294,-10.8,2.857143,3.0769231,0.012138496,0.029508358,-0.00012093955
295,-10.8,3.4285715,3.0769231,0.026292197,0.029361144,-0.00015000849
296,-10.8,4.0,3.0769231,0.03091604,0.028772216,-0.00017922765
297,-10.8,0.0,2.4615386,-0.028314544,0.027742246,-0.0003386875
298,-10.8,0.5714286,2.4615386,-0.02406205,0.031630438,-0.0003334775
299,-10.8,1.1428572,2.4615386,-0.010402387,0.028158907,-0.00031468284
300,-10.8,1.7142857,2.4615386,-0.0061486536,0.030566584,-0.00026458426
301,-10.8,2.2857144,2.4615386,0.007676662,0.028838871,-0.00022708366
302,-10.8,2.857143,2.4615386,0.012094681,0.029529795,-0.00019565465
303,-10.8,3.4285715,2.4615386,0.026271142,0.029396337,-9.872829e-05
304,-10.8,4.0,2.4615386,0.030881433,0.028792849,2.5031536e-06
305,-10.8,0.0,1.8461539,-0.028376663,0.027778493,-0.00047085606
306,-10.8,0.5714286,1.8461539,-0.024129715,0.03161319,-0.00043284066
307,-10.8,1.1428572,1.8461539,-0.010443644,0.028240208,-0.0003925419
308,-10.8,1.7142857,1.8461539,-0.00621295,0.030579412,-0.00034615805
309,-10.8,2.2857144,1.8461539,0.0076230173,0.0289059,-0.00029661224
310,-10.8,2.857143,1.8461539,0.012029639,0.029557982,-0.00021415896
311,-10.8,3.4285715,1.8461539,0.026220236,0.029462337,-0.00020959887
312,-10.8,4.0,1.8461539,0.030837122,0.028837834,-0.00022443659
313,-10.8,0.0,1.2307693,-0.028438399,0.027836991,-0.00057578244
314,-10.8,0.5714286,1.2307693,-0.024204949,0.031701516,-0.0005012326
315,-10.8,1.1428572,1.2307693,-0.010537921,0.028260825,-0.00045500795
316,-10.8,1.7142857,1.2307693,-0.0062974687,0.030662209,-0.00041276612
317,-10.8,2.2857144,1.2307693,0.007533853,0.028964031,-0.0003278716
318,-10.8,2.857143,1.2307693,0.011932967,0.02963142,-0.0002787114
319,-10.8,3.4285715,1.2307693,0.02612802,0.029540418,-0.00014584296
320,-10.8,4.0,1.2307693,0.030734617,0.028898979,3.902202e-05
321,-10.8,0.0,0.61538464,-0.0287624,0.027890462,-0.00046766296
322,-10.8,0.5714286,0.61538464,-0.024322467,0.031688552,-0.00053609326
323,-10.8,1.1428572,0.61538464,-0.010802253,0.028401121,-0.00051443715
324,-10.8,1.7142857,0.61538464,-0.0063843564,0.03069244,-0.00040897678
325,-10.8,2.2857144,0.61538464,0.0072748917,0.029076425,-0.0003880412
326,-10.8,2.857143,0.61538464,0.011873689,0.029723777,-0.0002610058
327,-10.8,3.4285715,0.61538464,0.025885457,0.029619893,-0.00021478577
328,-10.8,4.0,0.61538464,0.030682381,0.029046029,-0.0002571195
329,-10.8,0.0,0.0,-0.029100616,0.028158844,-0.0007350674
330,-10.8,0.5714286,0.0,-0.024502805,0.031583436,-0.0005447491
331,-10.8,1.1428572,0.0,-0.011190513,0.028561763,-0.00043405275
332,-10.8,1.7142857,0.0,-0.006557034,0.030717261,-0.0005334229
333,-10.8,2.2857144,0.0,0.0069390326,0.029199876,-0.0003147706
334,-10.8,2.857143,0.0,0.011743568,0.029819269,-0.0003268063
335,-10.8,3.4285715,0.0,0.025625464,0.029748574,-0.00017038429
336,-10.8,4.0,0.0,0.03059112,0.029148014,0.00015429728
337,-10.2,0.0,8.0,-0.033208873,0.022495603,0.0006008802
338,-10.2,0.5714286,8.0,-0.02027428,0.018772818,0.0007680672
339,-10.2,1.1428572,8.0,-0.015384369,0.021807486,0.00083913223
340,-10.2,1.7142857,8.0,-0.0021897631,0.019319339,0.0005999745
341,-10.2,2.2857144,8.0,0.002690638,0.020595513,0.0006332982
342,-10.2,2.857143,8.0,0.016051583,0.019886281,0.00041475883
343,-10.2,3.4285715,8.0,0.02141773,0.019707821,0.00027331678
344,-10.2,4.0,8.0,0.03505012,0.020201284,0.00033133884
345,-10.2,0.0,7.3846154,-0.032942805,0.022785809,0.0008678645
346,-10.2,0.5714286,7.3846154,-0.019836454,0.018562837,0.00075796706
347,-10.2,1.1428572,7.3846154,-0.015165168,0.021827023,0.0006865364
348,-10.2,1.7142857,7.3846154,-0.0018125841,0.019159604,0.0006552487
349,-10.2,2.2857144,7.3846154,0.0028677369,0.020494042,0.00051249866
350,-10.2,2.857143,7.3846154,0.01634558,0.019715216,0.00041716013
351,-10.2,3.4285715,7.3846154,0.021499636,0.019548228,0.00023029333
352,-10.2,4.0,7.3846154,0.03527899,0.02001258,-6.070041e-05
353,-10.2,0.0,6.769231,-0.032881267,0.022731727,0.00071251194
354,-10.2,0.5714286,6.769231,-0.019620653,0.01841299,0.0006806726
355,-10.2,1.1428572,6.769231,-0.015101879,0.021826748,0.0006317657
356,-10.2,1.7142857,6.769231,-0.0015936429,0.019013627,0.0005509712
357,-10.2,2.2857144,6.769231,0.0028944102,0.02040604,0.00046260806
358,-10.2,2.857143,6.769231,0.016558021,0.0196103,0.00032691035
359,-10.2,3.4285715,6.769231,0.021526748,0.019409714,0.00026901174
360,-10.2,4.0,6.769231,0.035501976,0.019937482,0.00027994497
361,-10.2,0.0,6.1538463,-0.032845188,0.022712203,0.00057543436
362,-10.2,0.5714286,6.1538463,-0.019565998,0.018408688,0.00055705983
363,-10.2,1.1428572,6.1538463,-0.015066972,0.021721141,0.00050795847
364,-10.2,1.7142857,6.1538463,-0.0015523751,0.018968634,0.0004324819
365,-10.2,2.2857144,6.1538463,0.002962463,0.020336863,0.0003477412
366,-10.2,2.857143,6.1538463,0.016619164,0.019546751,0.0002839265
367,-10.2,3.4285715,6.1538463,0.02159742,0.019350342,0.00014799382
368,-10.2,4.0,6.1538463,0.035555873,0.019849239,1.1205558e-05
369,-10.2,0.0,5.5384617,-0.03280936,0.022694886,0.00044554012
370,-10.2,0.5714286,5.5384617,-0.019558419,0.018312912,0.00039420935
371,-10.2,1.1428572,5.5384617,-0.015027398,0.021733284,0.00034077794
372,-10.2,1.7142857,5.5384617,-0.0015222662,0.018903656,0.00030562727
373,-10.2,2.2857144,5.5384617,0.002996638,0.020327548,0.00024323603
374,-10.2,2.857143,5.5384617,0.016649526,0.01949519,0.00017203609
375,-10.2,3.4285715,5.5384617,0.021629367,0.019331953,0.0001754992
376,-10.2,4.0,5.5384617,0.035567936,0.019802341,0.0002050123
377,-10.2,0.0,4.923077,-0.03277846,0.02269463,0.00019741773
378,-10.2,0.5714286,4.923077,-0.019538753,0.018322939,0.00021569927
379,-10.2,1.1428572,4.923077,-0.015006118,0.021707045,0.00020001196
380,-10.2,1.7142857,4.923077,-0.0015237222,0.018890863,0.00015469198
381,-10.2,2.2857144,4.923077,0.003020076,0.020318529,0.000124334
382,-10.2,2.857143,4.923077,0.016648795,0.01947597,0.00010210368
383,-10.2,3.4285715,4.923077,0.02164347,0.019323792,1.8794215e-05
384,-10.2,4.0,4.923077,0.035550382,0.019772436,-5.306061e-05
385,-10.2,0.0,4.3076925,-0.032772273,0.022687197,7.1595656e-05
386,-10.2,0.5714286,4.3076925,-0.019544894,0.018306188,3.6732974e-05
387,-10.2,1.1428572,4.3076925,-0.01500232,0.021710753,1.795697e-05
388,-10.2,1.7142857,4.3076925,-0.0015250351,0.018882604,2.226215e-05
389,-10.2,2.2857144,4.3076925,0.0030198453,0.02031679,4.5305337e-06
390,-10.2,2.857143,4.3076925,0.016643424,0.019469313,-1.6107584e-05
391,-10.2,3.4285715,4.3076925,0.021638667,0.019321417,2.7345204e-05
392,-10.2,4.0,4.3076925,0.03553407,0.01976475,7.301339e-05
393,-10.2,0.0,3.6923077,-0.03278452,0.022687286,-0.00018017061
394,-10.2,0.5714286,3.6923077,-0.019556997,0.018305805,-0.00014590418
395,-10.2,1.1428572,3.6923077,-0.015014723,0.021710733,-0.00012785128
396,-10.2,1.7142857,3.6923077,-0.001537178,0.01888231,-0.00013272934
397,-10.2,2.2857144,3.6923077,0.0030074357,0.0203167,-0.00011569962
398,-10.2,2.857143,3.6923077,0.016631253,0.019469082,-9.561045e-05
399,-10.2,3.4285715,3.6923077,0.021626232,0.019321272,-0.00013979746
400,-10.2,4.0,3.6923077,0.03552185,0.019764565,-0.0001860622
401,-10.2,0.0,3.0769231,-0.03281571,0.022694753,-0.00030586318
402,-10.2,0.5714286,3.0769231,-0.01957517,0.018321777,-0.00032492538
403,-10.2,1.1428572,3.0769231,-0.015043277,0.021707002,-0.0003098375
404,-10.2,1.7142857,3.0769231,-0.0015601685,0.018889967,-0.0002652246
405,-10.2,2.2857144,3.0769231,0.002982847,0.020318259,-0.00023543091
406,-10.2,2.857143,3.0769231,0.016612291,0.019475285,-0.00021388949
407,-10.2,3.4285715,3.0769231,0.021606179,0.019323362,-0.00013117456
408,-10.2,4.0,3.0769231,0.03551383,0.019771904,-6.006201e-05
409,-10.2,0.0,2.4615386,-0.032871123,0.02269515,-0.00055402186
410,-10.2,0.5714286,2.4615386,-0.01961904,0.018311009,-0.0005034994
411,-10.2,1.1428572,2.4615386,-0.015089376,0.021733174,-0.00045052657
412,-10.2,1.7142857,2.4615386,-0.001582989,0.0189022,-0.0004162153
413,-10.2,2.2857144,2.4615386,0.0029345816,0.020327067,-0.00035427138
414,-10.2,2.857143,2.4615386,0.016588692,0.019494075,-0.00028387608
415,-10.2,3.4285715,2.4615386,0.021567201,0.01933121,-0.00028782044
416,-10.2,4.0,2.4615386,0.03550696,0.01980147,-0.00031816965
417,-10.2,0.0,1.8461539,-0.03293198,0.02271252,-0.0006837423
418,-10.2,0.5714286,1.8461539,-0.019650925,0.018406007,-0.0006663088
419,-10.2,1.1428572,1.8461539,-0.015153716,0.021721011,-0.0006177101
420,-10.2,1.7142857,1.8461539,-0.0016373959,0.018966574,-0.00054305163
421,-10.2,2.2857144,1.8461539,0.0028755835,0.020336213,-0.00045877005
422,-10.2,2.857143,1.8461539,0.016534017,0.019545184,-0.00039576055
423,-10.2,3.4285715,1.8461539,0.021510404,0.019349316,-0.000260304
424,-10.2,4.0,1.8461539,0.035470594,0.01984804,-0.00012438207
425,-10.2,0.0,1.2307693,-0.032992683,0.022732608,-0.0008209971
426,-10.2,0.5714286,1.2307693,-0.019729717,0.018409176,-0.0007899534
427,-10.2,1.1428572,1.2307693,-0.015213551,0.02182686,-0.0007414631
428,-10.2,1.7142857,1.2307693,-0.0017028415,0.019010786,-0.00066154666
429,-10.2,2.2857144,1.2307693,0.002782612,0.020405352,-0.0005736142
430,-10.2,2.857143,1.2307693,0.016448658,0.019608207,-0.00043874476
431,-10.2,3.4285715,1.2307693,0.021414787,0.019408448,-0.00038131457
432,-10.2,4.0,1.2307693,0.035392396,0.019935936,-0.00039307948
433,-10.2,0.0,0.61538464,-0.03307927,0.022787094,-0.0009761806
434,-10.2,0.5714286,0.61538464,-0.019969838,0.018558014,-0.0008671757
435,-10.2,1.1428572,0.61538464,-0.015301614,0.021827325,-0.0007962546
436,-10.2,1.7142857,0.61538464,-0.0019460921,0.019156013,-0.00076577434
437,-10.2,2.2857144,0.61538464,0.0027311314,0.020493329,-0.0006235056
438,-10.2,2.857143,0.61538464,0.016211921,0.019712588,-0.000528964
439,-10.2,3.4285715,0.61538464,0.021362865,0.01954678,-0.00034259423
440,-10.2,4.0,0.61538464,0.03514516,0.020010656,-5.2457763e-05
441,-10.2,0.0,0.0,-0.033369713,0.022496657,-0.0007091773
442,-10.2,0.5714286,0.0,-0.020432081,0.01876753,-0.0008772727
443,-10.2,1.1428572,0.0,-0.015545468,0.0218076,-0.0009488462
444,-10.2,1.7142857,0.0,-0.002347707,0.01931531,-0.00071047735
445,-10.2,2.2857144,0.0,0.002529401,0.020594586,-0.0007442633
446,-10.2,2.857143,0.0,0.015893476,0.01988326,-0.00052656914
447,-10.2,3.4285715,0.0,0.021256337,0.01970611,-0.0003855977
448,-10.2,4.0,0.0,0.034891784,0.020198993,-0.00044447824
449,-9.6,0.0,8.0,-0.029290218,0.009347641,0.0014254791
450,-9.6,0.5714286,8.0,-0.024404468,0.013220405,0.0013435355
451,-9.6,1.1428572,8.0,-0.011458062,0.009595256,0.001153281
452,-9.6,1.7142857,8.0,-0.006275715,0.011736946,0.00123289
453,-9.6,2.2857144,8.0,0.0066644032,0.00997882,0.0009472325
454,-9.6,2.857143,8.0,0.011824438,0.010206408,0.00074289116
455,-9.6,3.4285715,8.0,0.025355395,0.010293069,0.000486396
456,-9.6,4.0,8.0,0.031113831,0.009409695,-6.183534e-05
457,-9.6,0.0,7.3846154,-0.028758636,0.008986024,0.0011889305
458,-9.6,0.5714286,7.3846154,-0.024085594,0.013354698,0.0011901297
459,-9.6,1.1428572,7.3846154,-0.010950344,0.009392743,0.0011741706
460,-9.6,1.7142857,7.3846154,-0.0059967795,0.011624091,0.00102418
461,-9.6,2.2857144,7.3846154,0.007016212,0.009741609,0.000858068
462,-9.6,2.857143,7.3846154,0.011985351,0.010004133,0.0006289233
463,-9.6,3.4285715,7.3846154,0.025607899,0.010057549,0.00046680614
464,-9.6,4.0,7.3846154,0.031192254,0.0091789225,0.00044756572
465,-9.6,0.0,6.769231,-0.028586706,0.008951748,0.0011206026
466,-9.6,0.5714286,6.769231,-0.024027653,0.013363134,0.0010763858
467,-9.6,1.1428572,6.769231,-0.0107893385,0.00917569,0.0009904291
468,-9.6,1.7142857,6.769231,-0.006028206,0.011542442,0.0008471032
469,-9.6,2.2857144,6.769231,0.0072049997,0.009618901,0.000688991
470,-9.6,2.857143,6.769231,0.011998527,0.009880056,0.0005499419
471,-9.6,3.4285715,6.769231,0.02580485,0.009972621,0.00035585073
472,-9.6,4.0,6.769231,0.0312382,0.008999198,0.00014122133
473,-9.6,0.0,6.1538463,-0.028588537,0.008861277,0.00092975213
474,-9.6,0.5714286,6.1538463,-0.024055384,0.0132158445,0.00082768477
475,-9.6,1.1428572,6.1538463,-0.010780851,0.009158513,0.0007343635
476,-9.6,1.7142857,6.1538463,-0.005964951,0.011475659,0.0006452582
477,-9.6,2.2857144,6.1538463,0.0072491225,0.009577005,0.00053079234
478,-9.6,2.857143,6.1538463,0.012070712,0.0098385895,0.00039685436
479,-9.6,3.4285715,6.1538463,0.025864294,0.009915252,0.00036087437
480,-9.6,4.0,6.1538463,0.031278387,0.008962136,0.00038854138
481,-9.6,0.0,5.5384617,-0.028570648,0.008826859,0.00055236643
482,-9.6,0.5714286,5.5384617,-0.023984157,0.013270038,0.000561778
483,-9.6,1.1428572,5.5384617,-0.010745559,0.009089212,0.0005171535
484,-9.6,1.7142857,5.5384617,-0.005943652,0.011497192,0.00042807625
485,-9.6,2.2857144,5.5384617,0.0072792736,0.009545803,0.00035541144
486,-9.6,2.857143,5.5384617,0.012104931,0.009852481,0.0002939777
487,-9.6,3.4285715,5.5384617,0.02588212,0.009889596,0.00018150281
488,-9.6,4.0,5.5384617,0.03129824,0.008952235,8.695624e-05
489,-9.6,0.0,4.923077,-0.02854196,0.008813786,0.00035510107
490,-9.6,0.5714286,4.923077,-0.023973987,0.013239267,0.00030408625
491,-9.6,1.1428572,4.923077,-0.010753544,0.009105123,0.0002649462
492,-9.6,1.7142857,4.923077,-0.0059141945,0.011499235,0.0002350787
493,-9.6,2.2857144,4.923077,0.0072759376,0.009549376,0.00018738129
494,-9.6,2.857143,4.923077,0.012125447,0.009866293,0.00013315641
495,-9.6,3.4285715,4.923077,0.025874741,0.009887814,0.00015731272
496,-9.6,4.0,4.923077,0.0312903,0.008965092,0.00020726156
497,-9.6,0.0,4.3076925,-0.028548189,0.008810365,2.7387672e-05
498,-9.6,0.5714286,4.3076925,-0.023958858,0.013253205,5.4078402e-05
499,-9.6,1.1428572,4.3076925,-0.010748751,0.009099156,5.2422765e-05
500,-9.6,1.7142857,4.3076925,-0.0059161326,0.011509946,2.7229402e-05
501,-9.6,2.2857144,4.3076925,0.0072737457,0.009553245,1.6841645e-05
502,-9.6,2.857143,4.3076925,0.012123211,0.009876572,1.3440127e-05
503,-9.6,3.4285715,4.3076925,0.02586386,0.009891247,-4.9166938e-05
504,-9.6,4.0,4.3076925,0.0312781,0.008969327,-0.0001078286
505,-9.6,0.0,3.6923077,-0.028560475,0.008809877,-0.00015983304
506,-9.6,0.5714286,3.6923077,-0.02397125,0.013253249,-0.00018731672
507,-9.6,1.1428572,3.6923077,-0.010760888,0.009098822,-0.00018621073
508,-9.6,1.7142857,3.6923077,-0.0059285243,0.011509886,-0.00016176033
509,-9.6,2.2857144,3.6923077,0.0072615696,0.009553,-0.00015184017
510,-9.6,2.857143,3.6923077,0.012110812,0.009876464,-0.00014917282
511,-9.6,3.4285715,3.6923077,0.025851661,0.009891061,-8.706649e-05
512,-9.6,4.0,3.6923077,0.0312657,0.008969179,-2.9200524e-05
513,-9.6,0.0,3.0769231,-0.028578244,0.00881252,-0.0004876702
514,-9.6,0.5714286,3.0769231,-0.024011062,0.013239413,-0.00043724696
515,-9.6,1.1428572,3.0769231,-0.010790014,0.009104086,-0.0003988047
516,-9.6,1.7142857,3.0769231,-0.00595135,0.011499079,-0.0003695271
517,-9.6,2.2857144,3.0769231,0.0072394097,0.00954863,-0.00032245804
518,-9.6,2.857143,3.0769231,0.012088239,0.009865965,-0.00026880752
519,-9.6,3.4285715,3.0769231,0.025838135,0.009887251,-0.0002936243
520,-9.6,4.0,3.0769231,0.03125299,0.008964621,-0.00034420172
521,-9.6,0.0,2.4615386,-0.028631516,0.008824633,-0.0006848683
522,-9.6,0.5714286,2.4615386,-0.024046035,0.013270234,-0.0006948327
523,-9.6,1.1428572,2.4615386,-0.01080629,0.009087528,-0.00065108255
524,-9.6,1.7142857,2.4615386,-0.006005608,0.011496889,-0.0005624414
525,-9.6,2.2857144,2.4615386,0.0072184103,0.009544594,-0.0004905537
526,-9.6,2.857143,2.4615386,0.012042912,0.009851908,-0.00042955377
527,-9.6,3.4285715,2.4615386,0.025821138,0.009888692,-0.00031787853
528,-9.6,4.0,2.4615386,0.031236125,0.008951444,-0.00022383864
529,-9.6,0.0,1.8461539,-0.028673392,0.008858275,-0.0010623864
530,-9.6,0.5714286,1.8461539,-0.02414195,0.01321612,-0.0009607398
531,-9.6,1.1428572,1.8461539,-0.01086593,0.009156118,-0.0008682429
532,-9.6,1.7142857,1.8461539,-0.0060516684,0.01147526,-0.0007796304
533,-9.6,2.2857144,1.8461539,0.0071639065,0.00957529,-0.00066591275
534,-9.6,2.857143,1.8461539,0.011983894,0.009837802,-0.00053243345
535,-9.6,3.4285715,1.8461539,0.025778916,0.009913979,-0.0004972408
536,-9.6,4.0,1.8461539,0.031191379,0.008961014,-0.0005253957
537,-9.6,0.0,1.2307693,-0.028696142,0.008947286,-0.0012529287
538,-9.6,0.5714286,1.2307693,-0.024139097,0.013363879,-0.0012093418
539,-9.6,1.1428572,1.2307693,-0.010898611,0.00917233,-0.0011243222
540,-9.6,1.7142857,1.2307693,-0.006139795,0.0115421135,-0.0009814185
541,-9.6,2.2857144,1.2307693,0.007095516,0.009616568,-0.0008241147
542,-9.6,2.857143,1.2307693,0.011886857,0.009879136,-0.00068549236
543,-9.6,3.4285715,1.2307693,0.025695173,0.009970953,-0.0004922172
544,-9.6,4.0,1.2307693,0.031126369,0.008997776,-0.00027809336
545,-9.6,0.0,0.61538464,-0.028892128,0.008980415,-0.0013215595
546,-9.6,0.5714286,0.61538464,-0.024221756,0.013355774,-0.0013230909
547,-9.6,1.1428572,0.61538464,-0.011084011,0.009388444,-0.0013079541
548,-9.6,1.7142857,0.61538464,-0.006133119,0.011623841,-0.0011585071
549,-9.6,2.2857144,0.61538464,0.006882364,0.009738646,-0.0009931284
550,-9.6,2.857143,0.61538464,0.011848928,0.010003119,-0.0007644901
551,-9.6,3.4285715,0.61538464,0.02547385,0.01005544,-0.00060314644
552,-9.6,4.0,0.61538464,0.03105559,0.009177244,-0.0005843997
553,-9.6,0.0,0.0,-0.029448474,0.009341515,-0.0015578509
554,-9.6,0.5714286,0.0,-0.02456526,0.013221313,-0.0014765332
555,-9.6,1.1428572,0.0,-0.011616139,0.009590472,-0.0012870186
556,-9.6,1.7142857,0.0,-0.006436704,0.011736476,-0.0013670962
557,-9.6,2.2857144,0.0,0.006506093,0.0099754585,-0.0010823186
558,-9.6,2.857143,0.0,0.011663414,0.010205171,-0.00087836524
559,-9.6,3.4285715,0.0,0.025196904,0.010290611,-0.0006227636
560,-9.6,4.0,0.0,0.03095265,0.009407755,-7.501124e-05
561,-9.0,0.0,8.0,-0.03291377,0.0050800215,0.0019107718
562,-9.0,0.5714286,8.0,-0.020981384,0.000500242,0.0020721753
563,-9.0,1.1428572,8.0,-0.015264893,0.003934865,0.0022619972
564,-9.0,1.7142857,8.0,-0.0021742554,0.00033752384,0.0017788097
565,-9.0,2.2857144,8.0,0.002675285,0.0008073323,0.0014165718
566,-9.0,2.857143,8.0,0.015565598,-2.5765863e-05,0.0010941238
567,-9.0,3.4285715,8.0,0.021328386,-0.0007334612,0.00069162465
568,-9.0,4.0,8.0,0.03508659,0.00015240112,0.0006621813
569,-9.0,0.0,7.3846154,-0.03241468,0.005581762,0.002071155
570,-9.0,0.5714286,7.3846154,-0.020202117,0.00017900778,0.0020283572
571,-9.0,1.1428572,7.3846154,-0.014845139,0.0037583213,0.001806944
572,-9.0,1.7142857,7.3846154,-0.0018009299,-2.9949235e-05,0.0014888871
573,-9.0,2.2857144,7.3846154,0.0028761025,0.00055401755,0.001180161
574,-9.0,2.857143,7.3846154,0.01584354,-0.00030615923,0.00091063924
575,-9.0,3.4285715,7.3846154,0.021459008,-0.0009956107,0.0006307551
576,-9.0,4.0,7.3846154,0.03534645,-0.00012397145,0.00026162583
577,-9.0,0.0,6.769231,-0.032497067,0.005371847,0.0018290897
578,-9.0,0.5714286,6.769231,-0.02023523,-0.00018043224,0.001575319
579,-9.0,1.1428572,6.769231,-0.015025584,0.0037086895,0.001367486
580,-9.0,1.7142857,6.769231,-0.0016672085,-0.0001540511,0.001173525
581,-9.0,2.2857144,6.769231,0.002843928,0.00045117122,0.00093821227
582,-9.0,2.857143,6.769231,0.016026463,-0.00038832834,0.00071701076
583,-9.0,3.4285715,6.769231,0.021481136,-0.0011359995,0.00059812714
584,-9.0,4.0,6.769231,0.035507172,-0.0001839074,0.00062018173
585,-9.0,0.0,6.1538463,-0.032624785,0.005317172,0.0011066312
586,-9.0,0.5714286,6.1538463,-0.020199982,-0.0001229637,0.001122309
587,-9.0,1.1428572,6.1538463,-0.014941765,0.003650451,0.0010047379
588,-9.0,1.7142857,6.1538463,-0.0016500332,-0.00014955601,0.0008438457
589,-9.0,2.2857144,6.1538463,0.0029160425,0.00044829788,0.0006916101
590,-9.0,2.857143,6.1538463,0.016080342,-0.0004015225,0.0005745488
591,-9.0,3.4285715,6.1538463,0.02154536,-0.0011414535,0.00041003808
592,-9.0,4.0,6.1538463,0.03555087,-0.0002313713,0.00028248178
593,-9.0,0.0,5.5384617,-0.032425832,0.0053343684,0.00079915323
594,-9.0,0.5714286,5.5384617,-0.020172726,-0.00019879368,0.0007226916
595,-9.0,1.1428572,5.5384617,-0.014942905,0.0037198407,0.00064390094
596,-9.0,1.7142857,5.5384617,-0.0016182422,-0.00015521479,0.000566118
597,-9.0,2.2857144,5.5384617,0.0029445684,0.00050503784,0.0004670518
598,-9.0,2.857143,5.5384617,0.01610386,-0.00039269982,0.0003661826
599,-9.0,3.4285715,5.5384617,0.021572424,-0.001096873,0.00036277677
600,-9.0,4.0,5.5384617,0.03552959,-0.00022546946,0.0004305996
601,-9.0,0.0,4.923077,-0.032491527,0.0053083897,0.00036378668
602,-9.0,0.5714286,4.923077,-0.020163266,-0.00016213307,0.0003788552
603,-9.0,1.1428572,4.923077,-0.0148951225,0.0037277534,0.0003465908
604,-9.0,1.7142857,4.923077,-0.0016265544,-0.00012118449,0.00029247225
605,-9.0,2.2857144,4.923077,0.002972011,0.00054391753,0.00024111503
606,-9.0,2.857143,4.923077,0.016099641,-0.00036287415,0.00020956497
607,-9.0,3.4285715,4.923077,0.021582926,-0.0010571188,0.00012407613
608,-9.0,4.0,4.923077,0.035505954,-0.00021225131,6.117021e-05
609,-9.0,0.0,4.3076925,-0.032422334,0.005318918,9.646883e-05
610,-9.0,0.5714286,4.3076925,-0.020154754,-0.00016836742,7.1902585e-05
611,-9.0,1.1428572,4.3076925,-0.014899312,0.0037503394,5.461617e-05
612,-9.0,1.7142857,4.3076925,-0.0016236486,-0.00010816062,4.6485355e-05
613,-9.0,2.2857144,4.3076925,0.002970269,0.00056906184,2.8507102e-05
614,-9.0,2.857143,4.3076925,0.01609347,-0.00034466997,2.0963107e-06
615,-9.0,3.4285715,4.3076925,0.021575497,-0.0010331518,4.6718436e-05
616,-9.0,4.0,4.3076925,0.035480976,-0.00019658648,0.00011009244
617,-9.0,0.0,3.6923077,-0.03243456,0.005319099,-0.00025311104
618,-9.0,0.5714286,3.6923077,-0.020166876,-0.00016880032,-0.00022904114
619,-9.0,1.1428572,3.6923077,-0.014911689,0.0037503082,-0.00021255757
620,-9.0,1.7142857,3.6923077,-0.0016358322,-0.000108418644,-0.0002048179
621,-9.0,2.2857144,3.6923077,0.0029578973,0.00056898256,-0.00018758854
622,-9.0,2.857143,3.6923077,0.016081255,-0.0003448636,-0.00016156162
623,-9.0,3.4285715,3.6923077,0.021563102,-0.0010332691,-0.0002069786
624,-9.0,4.0,3.6923077,0.03546871,-0.00019674085,-0.00027080264
625,-9.0,0.0,3.0769231,-0.03252871,0.005308688,-0.0005202787
626,-9.0,0.5714286,3.0769231,-0.020199738,-0.00016345875,-0.0005360578
627,-9.0,1.1428572,3.0769231,-0.014932212,0.003727723,-0.00050444365
628,-9.0,1.7142857,3.0769231,-0.001663121,-0.00012200909,-0.00045088836
629,-9.0,2.2857144,3.0769231,0.0029348957,0.00054370804,-0.000400106
630,-9.0,2.857143,3.0769231,0.016063005,-0.00036345975,-0.00036911608
631,-9.0,3.4285715,3.0769231,0.021545762,-0.0010574694,-0.00028424652
632,-9.0,4.0,3.0769231,0.03546925,-0.00021265868,-0.00022197419
633,-9.0,0.0,2.4615386,-0.032487467,0.0053350125,-0.00095562055
634,-9.0,0.5714286,2.4615386,-0.020233434,-0.0002009567,-0.0008800042
635,-9.0,1.1428572,2.4615386,-0.015004776,0.0037197217,-0.0008016269
636,-9.0,1.7142857,2.4615386,-0.0016791527,-0.00015653619,-0.00072463515
637,-9.0,2.2857144,2.4615386,0.0028826843,0.00050463754,-0.00062593643
638,-9.0,2.857143,2.4615386,0.016042823,-0.0003936419,-0.0005258298
639,-9.0,3.4285715,2.4615386,0.02151045,-0.0010974924,-0.0005228471
640,-9.0,4.0,2.4615386,0.03546838,-0.00022615479,-0.00059148204
641,-9.0,0.0,1.8461539,-0.032711435,0.0053178086,-0.0012628902
642,-9.0,0.5714286,1.8461539,-0.02028507,-0.0001260372,-0.0012795242
643,-9.0,1.1428572,1.8461539,-0.015028342,0.0036503095,-0.0011625115
644,-9.0,1.7142857,1.8461539,-0.0017353464,-0.00015146185,-0.0010022953
645,-9.0,2.2857144,1.8461539,0.0028294288,0.00044777096,-0.00085052545
646,-9.0,2.857143,1.8461539,0.01599488,-0.00040286194,-0.00073415204
647,-9.0,3.4285715,1.8461539,0.02145864,-0.001142308,-0.0005701335
648,-9.0,4.0,1.8461539,0.035465233,-0.0002323018,-0.00044335437
649,-9.0,0.0,1.2307693,-0.03260813,0.005373415,-0.0019855108
650,-9.0,0.5714286,1.2307693,-0.02034449,-0.00018485905,-0.0017325281
651,-9.0,1.1428572,1.2307693,-0.015136992,0.003708716,-0.0015251471
652,-9.0,1.7142857,1.2307693,-0.0017768535,-0.00015666707,-0.0013320065
653,-9.0,2.2857144,1.2307693,0.0027325451,0.00045059834,-0.0010970617
654,-9.0,2.857143,1.2307693,0.015916612,-0.0003901267,-0.00087664824
655,-9.0,3.4285715,1.2307693,0.021369632,-0.001137057,-0.00075817946
656,-9.0,4.0,1.2307693,0.035397053,-0.0001851184,-0.00078104873
657,-9.0,0.0,0.61538464,-0.032550946,0.0055836644,-0.002226886
658,-9.0,0.5714286,0.61538464,-0.020335857,0.00017331362,-0.0021853868
659,-9.0,1.1428572,0.61538464,-0.0149812475,0.0037585516,-0.0019646087
660,-9.0,1.7142857,0.61538464,-0.0019350271,-3.33308e-05,-0.0016472386
661,-9.0,2.2857144,0.61538464,0.002740037,0.0005534617,-0.0013390571
662,-9.0,2.857143,0.61538464,0.015709251,-0.0003084577,-0.0010701831
663,-9.0,3.4285715,0.61538464,0.02132284,-0.0009968074,-0.0007908546
664,-9.0,4.0,0.61538464,0.03521193,-0.00012548201,-0.0004224853
665,-9.0,0.0,0.0,-0.03307421,0.005081866,-0.0020671994
666,-9.0,0.5714286,0.0,-0.021139482,0.0004938439,-0.0022288773
667,-9.0,1.1428572,0.0,-0.015425705,0.003934803,-0.0024194173
668,-9.0,1.7142857,0.0,-0.0023328604,0.00033373846,-0.0019372305
669,-9.0,2.2857144,0.0,0.0025146187,0.00080656685,-0.0015752695
670,-9.0,2.857143,0.0,0.015406807,-2.8412875e-05,-0.0012537809
671,-9.0,3.4285715,0.0,0.021167662,-0.000734882,-0.000851603
672,-9.0,4.0,0.0,0.03492753,0.0001505725,-0.0008230478
673,-8.4,0.0,8.0,-0.029423963,-0.0056282748,0.0042691776
674,-8.4,0.5714286,8.0,-0.024981746,-0.0013213581,0.004279077
675,-8.4,1.1428572,8.0,-0.010445195,-0.008633214,0.0030166158
676,-8.4,1.7142857,8.0,-0.0058174212,-0.008270935,0.0022743482
677,-8.4,2.2857144,8.0,0.0064507877,-0.010547706,0.0018528809
678,-8.4,2.857143,8.0,0.01179699,-0.0112385,0.0012800661
679,-8.4,3.4285715,8.0,0.024603533,-0.010863506,0.001046673
680,-8.4,4.0,8.0,0.031813823,-0.012461637,0.0003345291
681,-8.4,0.0,7.3846154,-0.028255172,-0.006456367,0.00364598
682,-8.4,0.5714286,7.3846154,-0.024462346,-0.0017140942,0.0028582136
683,-8.4,1.1428572,7.3846154,-0.010253723,-0.0092624435,0.0023379577
684,-8.4,1.7142857,7.3846154,-0.0056741945,-0.008608933,0.0018439562
685,-8.4,2.2857144,7.3846154,0.0066419295,-0.010887341,0.0014325136
686,-8.4,2.857143,7.3846154,0.0119238,-0.011526748,0.0011256335
687,-8.4,3.4285715,7.3846154,0.024836771,-0.011114567,0.00086173683
688,-8.4,4.0,7.3846154,0.031931695,-0.012730244,0.00087836455
689,-8.4,0.0,6.769231,-0.028980186,-0.0067525604,0.001964902
690,-8.4,0.5714286,6.769231,-0.024859916,-0.0015703774,0.0019780253
691,-8.4,1.1428572,6.769231,-0.010167326,-0.009306383,0.0017048365
692,-8.4,1.7142857,6.769231,-0.005780119,-0.00865248,0.0013705386
693,-8.4,2.2857144,6.769231,0.0067896126,-0.010934993,0.0011161453
694,-8.4,2.857143,6.769231,0.011940577,-0.011604297,0.0009058349
695,-8.4,3.4285715,6.769231,0.025018655,-0.011146017,0.00070411194
696,-8.4,4.0,6.769231,0.031955723,-0.012873618,0.00048478998
697,-8.4,0.0,6.1538463,-0.028436521,-0.00672074,0.0014129293
698,-8.4,0.5714286,6.1538463,-0.024697762,-0.0016098,0.0012829753
699,-8.4,1.1428572,6.1538463,-0.010175773,-0.009223521,0.0011482209
700,-8.4,1.7142857,6.1538463,-0.005703734,-0.00858586,0.0009953367
701,-8.4,2.2857144,6.1538463,0.006831631,-0.010888981,0.0008219792
702,-8.4,2.857143,6.1538463,0.012009734,-0.011556773,0.00066349865
703,-8.4,3.4285715,6.1538463,0.025065962,-0.011118354,0.00062435673
704,-8.4,4.0,6.1538463,0.031966314,-0.012839314,0.00072257034
705,-8.4,0.0,5.5384617,-0.028698394,-0.006841596,0.0008170223
706,-8.4,0.5714286,5.5384617,-0.024700323,-0.0015240954,0.0007894737
707,-8.4,1.1428572,5.5384617,-0.010134384,-0.0092053665,0.0007407375
708,-8.4,1.7142857,5.5384617,-0.005682756,-0.008476949,0.0006295331
709,-8.4,2.2857144,5.5384617,0.006856097,-0.010833112,0.00054497627
710,-8.4,2.857143,5.5384617,0.012048037,-0.0114571,0.00046956862
711,-8.4,3.4285715,5.5384617,0.02507182,-0.0110744545,0.00037422072
712,-8.4,4.0,5.5384617,0.031970683,-0.012770471,0.00029486537
713,-8.4,0.0,4.923077,-0.028475396,-0.0067934347,0.0004097904
714,-8.4,0.5714286,4.923077,-0.024624798,-0.0015234355,0.00041094836
715,-8.4,1.1428572,4.923077,-0.010138514,-0.009147486,0.00036557412
716,-8.4,1.7142857,4.923077,-0.005644577,-0.008415931,0.0003385483
717,-8.4,2.2857144,4.923077,0.006855699,-0.010770922,0.00027811909
718,-8.4,2.857143,4.923077,0.012065569,-0.011384037,0.00023333127
719,-8.4,3.4285715,4.923077,0.025058327,-0.01101842,0.00025669314
720,-8.4,4.0,4.923077,0.031950865,-0.012703867,0.000359087
721,-8.4,0.0,4.3076925,-0.02854567,-0.0068172435,8.431666e-05
722,-8.4,0.5714286,4.3076925,-0.024620904,-0.0014980312,5.9857728e-05
723,-8.4,1.1428572,4.3076925,-0.010129047,-0.009129254,6.988981e-05
724,-8.4,1.7142857,4.3076925,-0.0056450334,-0.008376592,3.7834096e-05
725,-8.4,2.2857144,4.3076925,0.006853144,-0.010738016,3.7305625e-05
726,-8.4,2.857143,4.3076925,0.012063376,-0.011342273,2.3104796e-05
727,-8.4,3.4285715,4.3076925,0.025044447,-0.01098676,-2.2795102e-05
728,-8.4,4.0,4.3076925,0.031932615,-0.012669934,-9.742982e-05
729,-8.4,0.0,3.6923077,-0.028557872,-0.00681817,-0.00026478115
730,-8.4,0.5714286,3.6923077,-0.024633275,-0.0014978552,-0.00024123998
731,-8.4,1.1428572,3.6923077,-0.010141237,-0.009129648,-0.00025158713
732,-8.4,1.7142857,3.6923077,-0.005657385,-0.008376544,-0.00022033537
733,-8.4,2.2857144,3.6923077,0.006840923,-0.010738265,-0.00022005942
734,-8.4,2.857143,3.6923077,0.012051018,-0.01134231,-0.00020668488
735,-8.4,3.4285715,3.6923077,0.02503221,-0.010986923,-0.00016106674
736,-8.4,4.0,3.6923077,0.03192024,-0.012670031,-8.734875e-05
737,-8.4,0.0,3.0769231,-0.028511874,-0.006795251,-0.000590426
738,-8.4,0.5714286,3.0769231,-0.02466175,-0.0015234328,-0.0005922045
739,-8.4,1.1428572,3.0769231,-0.010175182,-0.009148266,-0.0005473756
740,-8.4,1.7142857,3.0769231,-0.0056815655,-0.008416082,-0.00052093127
741,-8.4,2.2857144,3.0769231,0.006818985,-0.01077146,-0.0004609948
742,-8.4,2.857143,3.0769231,0.012028533,-0.011384295,-0.0004167843
743,-8.4,3.4285715,3.0769231,0.02502154,-0.011018831,-0.00044068167
744,-8.4,4.0,3.0769231,0.03191372,-0.012704253,-0.00054372934
745,-8.4,0.0,2.4615386,-0.028759256,-0.006845197,-0.0009976263
746,-8.4,0.5714286,2.4615386,-0.024762066,-0.0015237082,-0.0009705734
747,-8.4,1.1428572,2.4615386,-0.010195401,-0.009206919,-0.00092265935
748,-8.4,1.7142857,2.4615386,-0.0057444843,-0.008477044,-0.00081180915
749,-8.4,2.2857144,2.4615386,0.00679497,-0.010834114,-0.0007279337
750,-8.4,2.857143,2.4615386,0.011986259,-0.011457474,-0.0006529409
751,-8.4,3.4285715,2.4615386,0.025010591,-0.011075152,-0.0005582796
752,-8.4,4.0,2.4615386,0.031908773,-0.012771097,-0.00047945222
753,-8.4,0.0,1.8461539,-0.02852167,-0.00672508,-0.0015936341
754,-8.4,0.5714286,1.8461539,-0.02478408,-0.0016096688,-0.0014641432
755,-8.4,1.1428572,1.8461539,-0.010261284,-0.009225502,-0.0013300906
756,-8.4,1.7142857,1.8461539,-0.0057901004,-0.00858614,-0.0011776082
757,-8.4,2.2857144,1.8461539,0.006746009,-0.0108903,-0.001004948
758,-8.4,2.857143,1.8461539,0.011923287,-0.011557363,-0.0008468402
759,-8.4,3.4285715,1.8461539,0.024980191,-0.011119309,-0.0008084449
760,-8.4,4.0,1.8461539,0.031879645,-0.012840225,-0.0009070943
761,-8.4,0.0,1.2307693,-0.029089786,-0.0067599453,-0.002145146
762,-8.4,0.5714286,1.2307693,-0.02497099,-0.0015695934,-0.0021591922
763,-8.4,1.1428572,1.2307693,-0.010277299,-0.009309405,-0.0018866374
764,-8.4,1.7142857,1.2307693,-0.0058911396,-0.008652552,-0.0015528394
765,-8.4,2.2857144,1.2307693,0.0066794883,-0.010936917,-0.0012990448
766,-8.4,2.857143,1.2307693,0.011829492,-0.011604909,-0.0010892228
767,-8.4,3.4285715,1.2307693,0.024908375,-0.011147323,-0.00088813057
768,-8.4,4.0,1.2307693,0.031844407,-0.012874769,-0.0006694087
769,-8.4,0.0,0.61538464,-0.028389102,-0.0064651277,-0.0038267772
770,-8.4,0.5714286,0.61538464,-0.02459797,-0.0017132394,-0.0030390345
771,-8.4,1.1428572,0.61538464,-0.010388267,-0.009266181,-0.0025198052
772,-8.4,1.7142857,0.61538464,-0.0058098086,-0.008609016,-0.0020261514
773,-8.4,2.2857144,0.61538464,0.0065072584,-0.0108897295,-0.0016154522
774,-8.4,2.857143,0.61538464,0.011788136,-0.011527453,-0.0013089471
775,-8.4,3.4285715,0.61538464,0.024701932,-0.011116216,-0.0010458226
776,-8.4,4.0,0.61538464,0.031795733,-0.012731612,-0.0010628479
777,-8.4,0.0,0.0,-0.029582806,-0.0056390576,-0.004447485
778,-8.4,0.5714286,0.0,-0.025142187,-0.0013205957,-0.0044599283
779,-8.4,1.1428572,0.0,-0.010604416,-0.008637597,-0.003198279
780,-8.4,1.7142857,0.0,-0.0059776227,-0.008271057,-0.0024564902
781,-8.4,2.2857144,0.0,0.0062915226,-0.01055053,-0.002035778
782,-8.4,2.857143,0.0,0.011636813,-0.011239298,-0.0014633613
783,-8.4,3.4285715,0.0,0.024444187,-0.010865483,-0.0012307061
784,-8.4,4.0,0.0,0.03165342,-0.012463203,-0.0005191694
785,-7.8,0.0,8.0,-0.033504236,-0.002558965,0.007434418
786,-7.8,0.5714286,8.0,-0.019273268,-0.01759801,0.0043991813
787,-7.8,1.1428572,8.0,-0.01324134,-0.017394565,0.0029102168
788,-7.8,1.7142857,8.0,-0.0021147903,-0.021476202,0.002591418
789,-7.8,2.2857144,8.0,0.0034818074,-0.022227876,0.0017193953
790,-7.8,2.857143,8.0,0.014451626,-0.022712318,0.0016818957
791,-7.8,3.4285715,8.0,0.021429725,-0.024017401,0.0010294938
792,-7.8,4.0,8.0,0.034642726,-0.022457909,0.0012664577
793,-7.8,0.0,7.3846154,-0.0342418,-0.0022798427,0.0029429663
794,-7.8,0.5714286,7.3846154,-0.019749673,-0.018769523,0.0031409066
795,-7.8,1.1428572,7.3846154,-0.01348176,-0.017688103,0.00238046
796,-7.8,1.7142857,7.3846154,-0.0022000049,-0.02186491,0.0017918021
797,-7.8,2.2857144,7.3846154,0.0034526542,-0.022501487,0.0015877439
798,-7.8,2.857143,7.3846154,0.014590055,-0.022866584,0.0011915463
799,-7.8,3.4285715,7.3846154,0.021585591,-0.024288408,0.0010974294
800,-7.8,4.0,7.3846154,0.034876566,-0.022564568,0.0006410094
801,-7.8,0.0,6.769231,-0.033953875,-0.0022463833,0.0020602418
802,-7.8,0.5714286,6.769231,-0.019564187,-0.018297862,0.001853042
803,-7.8,1.1428572,6.769231,-0.013567708,-0.017688882,0.0016727457
804,-7.8,1.7142857,6.769231,-0.0020870317,-0.021825897,0.0014114769
805,-7.8,2.2857144,6.769231,0.003457942,-0.022482354,0.0011458984
806,-7.8,2.857143,6.769231,0.014754435,-0.022861317,0.0010137629
807,-7.8,3.4285715,6.769231,0.0216359,-0.024269342,0.0008840112
808,-7.8,4.0,6.769231,0.034989644,-0.022595858,0.0010935011
809,-7.8,0.0,6.1538463,-0.034030996,-0.0022281588,0.0012463237
810,-7.8,0.5714286,6.1538463,-0.019575845,-0.018460058,0.001227233
811,-7.8,1.1428572,6.1538463,-0.01350884,-0.017428104,0.0011107586
812,-7.8,1.7142857,6.1538463,-0.00206204,-0.02172947,0.0009962859
813,-7.8,2.2857144,6.1538463,0.003518435,-0.022369135,0.0008495077
814,-7.8,2.857143,6.1538463,0.0148154115,-0.022738408,0.0007686334
815,-7.8,3.4285715,6.1538463,0.02168781,-0.024217663,0.00067199813
816,-7.8,4.0,6.1538463,0.03498976,-0.022461418,0.0005671874
817,-7.8,0.0,5.5384617,-0.03379671,-0.0022036987,0.00068756065
818,-7.8,0.5714286,5.5384617,-0.019499565,-0.018283235,0.00072405336
819,-7.8,1.1428572,5.5384617,-0.013462548,-0.017386446,0.0006981002
820,-7.8,1.7142857,5.5384617,-0.0020337896,-0.02159312,0.0006205922
821,-7.8,2.2857144,5.5384617,0.00356823,-0.022215514,0.000578882
822,-7.8,2.857143,5.5384617,0.014827216,-0.022663394,0.0004904797
823,-7.8,3.4285715,5.5384617,0.02171411,-0.02404152,0.00053986657
824,-7.8,4.0,5.5384617,0.03495731,-0.022441387,0.0006820749
825,-7.8,0.0,4.923077,-0.033786308,-0.00220822,0.00038669124
826,-7.8,0.5714286,4.923077,-0.019480797,-0.018305592,0.00035372283
827,-7.8,1.1428572,4.923077,-0.013418322,-0.017245397,0.0003395022
828,-7.8,1.7142857,4.923077,-0.0020257346,-0.021534033,0.00033417792
829,-7.8,2.2857144,4.923077,0.003589895,-0.022106137,0.00027167078
830,-7.8,2.857143,4.923077,0.014828174,-0.022560969,0.000293266
831,-7.8,3.4285715,4.923077,0.021714445,-0.02396569,0.00021021781
832,-7.8,4.0,4.923077,0.034914285,-0.022326488,0.0001859205
833,-7.8,0.0,4.3076925,-0.033719476,-0.0021985134,-1.3711862e-06
834,-7.8,0.5714286,4.3076925,-0.019460423,-0.018246593,4.616474e-05
835,-7.8,1.1428572,4.3076925,-0.0134092495,-0.017230196,4.8230828e-05
836,-7.8,1.7142857,4.3076925,-0.002023641,-0.021473186,2.173771e-05
837,-7.8,2.2857144,4.3076925,0.0035933806,-0.022052819,4.482597e-05
838,-7.8,2.857143,4.3076925,0.014818591,-0.0225176,-7.389291e-06
839,-7.8,3.4285715,4.3076925,0.02170459,-0.023897057,7.666029e-05
840,-7.8,4.0,4.3076925,0.034888454,-0.022303697,0.00014074134
841,-7.8,0.0,3.6923077,-0.033731725,-0.002198073,-0.00020344926
842,-7.8,0.5714286,3.6923077,-0.019472685,-0.018246865,-0.00025119257
843,-7.8,1.1428572,3.6923077,-0.013421525,-0.017230194,-0.00025421864
844,-7.8,1.7142857,3.6923077,-0.0020359138,-0.021473331,-0.00022781994
845,-7.8,2.2857144,3.6923077,0.0035810834,-0.02205287,-0.000251824
846,-7.8,2.857143,3.6923077,0.014806307,-0.022517722,-0.0001996996
847,-7.8,3.4285715,3.6923077,0.021692257,-0.02389713,-0.00028470368
848,-7.8,4.0,3.6923077,0.034876123,-0.022303805,-0.00034896444
849,-7.8,0.0,3.0769231,-0.03382299,-0.0022073288,-0.0005912978
850,-7.8,0.5714286,3.0769231,-0.019517593,-0.018306501,-0.00055889064
851,-7.8,1.1428572,3.0769231,-0.013455184,-0.017245183,-0.0005453255
852,-7.8,1.7142857,3.0769231,-0.0020625163,-0.021534644,-0.0005404214
853,-7.8,2.2857144,3.0769231,0.0035529695,-0.02210618,-0.00047851037
854,-7.8,2.857143,3.0769231,0.01479136,-0.022561386,-0.0005005057
855,-7.8,3.4285715,3.0769231,0.02167746,-0.023965891,-0.00041811305
856,-7.8,4.0,3.0769231,0.034877386,-0.022326743,-0.00039429718
857,-7.8,0.0,2.4615386,-0.033857975,-0.0022019355,-0.00089215353
858,-7.8,0.5714286,2.4615386,-0.01956085,-0.018284604,-0.00092932815
859,-7.8,1.1428572,2.4615386,-0.013524003,-0.01738627,-0.00090381666
860,-7.8,1.7142857,2.4615386,-0.002095088,-0.021593995,-0.00082693534
861,-7.8,2.2857144,2.4615386,0.0035066775,-0.022215692,-0.0007856154
862,-7.8,2.857143,2.4615386,0.014765865,-0.02266403,-0.0006978325
863,-7.8,3.4285715,2.4615386,0.021652432,-0.024041908,-0.0007476426
864,-7.8,4.0,2.4615386,0.034895793,-0.022441823,-0.00089055864
865,-7.8,0.0,1.8461539,-0.03411664,-0.0022258332,-0.0014507271
866,-7.8,0.5714286,1.8461539,-0.019661665,-0.018462172,-0.0014324783
867,-7.8,1.1428572,1.8461539,-0.013594905,-0.017427687,-0.0013164841
868,-7.8,1.7142857,1.8461539,-0.0021478443,-0.02173083,-0.0012026178
869,-7.8,2.2857144,1.8461539,0.0034322466,-0.022369323,-0.0010562582
870,-7.8,2.857143,1.8461539,0.014729538,-0.022739336,-0.0009759546
871,-7.8,3.4285715,1.8461539,0.02160149,-0.024218198,-0.0008798033
872,-7.8,4.0,1.8461539,0.034903686,-0.022461984,-0.00077566097
873,-7.8,0.0,1.2307693,-0.03406392,-0.002242952,-0.0022648866
874,-7.8,0.5714286,1.2307693,-0.019674798,-0.018300664,-0.002058267
875,-7.8,1.1428572,1.2307693,-0.013678173,-0.017688328,-0.001878466
876,-7.8,1.7142857,1.2307693,-0.0021975583,-0.021827742,-0.001617839
877,-7.8,2.2857144,1.2307693,0.0033473035,-0.02248253,-0.0013526016
878,-7.8,2.857143,1.2307693,0.014643873,-0.022862595,-0.0012211319
879,-7.8,3.4285715,1.2307693,0.021525064,-0.02426998,-0.0010917631
880,-7.8,4.0,1.2307693,0.034878828,-0.022596665,-0.0013019926
881,-7.8,0.0,0.61538464,-0.034375865,-0.0022748127,-0.003147087
882,-7.8,0.5714286,0.61538464,-0.01988498,-0.018773722,-0.0033461486
883,-7.8,1.1428572,0.61538464,-0.013616745,-0.017687103,-0.0025862842
884,-7.8,1.7142857,0.61538464,-0.0023351565,-0.021867424,-0.0019980262
885,-7.8,2.2857144,0.61538464,0.0033174988,-0.022501547,-0.001794564
886,-7.8,2.857143,0.61538464,0.014454889,-0.02286827,-0.0013987847
887,-7.8,3.4285715,0.61538464,0.021450264,-0.024289105,-0.0013052766
888,-7.8,4.0,0.61538464,0.034741145,-0.022565551,-0.00084944983
889,-7.8,0.0,0.0,-0.033663407,-0.002554849,-0.007639657
890,-7.8,0.5714286,0.0,-0.019433606,-0.017602187,-0.0046047023
891,-7.8,1.1428572,0.0,-0.013400836,-0.017393818,-0.0031156908
892,-7.8,1.7142857,0.0,-0.0022747172,-0.02147896,-0.002797955
893,-7.8,2.2857144,0.0,0.0033222043,-0.02222805,-0.0019259284
894,-7.8,2.857143,0.0,0.014291808,-0.022714285,-0.0018893703
895,-7.8,3.4285715,0.0,0.02126998,-0.024018202,-0.0012371287
896,-7.8,4.0,0.0,0.034482684,-0.022459196,-0.0014749788
897,-7.2,0.0,8.0,-0.032602455,-0.0363185,0.0010685575
898,-7.2,0.5714286,8.0,-0.019587945,-0.028694272,0.0026051793
899,-7.2,1.1428572,8.0,-0.010752974,-0.034205053,0.0023104898
900,-7.2,1.7142857,8.0,-0.0035746302,-0.03409915,0.0017988258
901,-7.2,2.2857144,8.0,0.0053149695,-0.035401035,0.001816705
902,-7.2,2.857143,8.0,0.01222706,-0.03656854,0.0014231178
903,-7.2,3.4285715,8.0,0.022770846,-0.035472944,0.0015417102
904,-7.2,4.0,8.0,0.03261622,-0.03754263,0.000908983
905,-7.2,0.0,7.3846154,-0.034171294,-0.036633622,0.0024031952
906,-7.2,0.5714286,7.3846154,-0.020764155,-0.028452937,0.0017981336
907,-7.2,1.1428572,7.3846154,-0.011266155,-0.034478102,0.0017329253
908,-7.2,1.7142857,7.3846154,-0.0039656376,-0.034168854,0.0015677831
909,-7.2,2.2857144,7.3846154,0.0052569355,-0.035446372,0.0013615645
910,-7.2,2.857143,7.3846154,0.012225553,-0.0366677,0.0013070491
911,-7.2,3.4285715,7.3846154,0.023003936,-0.035447195,0.0011935064
912,-7.2,4.0,7.3846154,0.032825883,-0.037655868,0.0014990165
913,-7.2,0.0,6.769231,-0.033354633,-0.036827624,0.0011700186
914,-7.2,0.5714286,6.769231,-0.02055085,-0.028424492,0.0013576982
915,-7.2,1.1428572,6.769231,-0.011202848,-0.03431327,0.0012679797
916,-7.2,1.7142857,6.769231,-0.0039329906,-0.034067873,0.001156908
917,-7.2,2.2857144,6.769231,0.0053632315,-0.035313338,0.00109097
918,-7.2,2.857143,6.769231,0.012308901,-0.03658151,0.0010372759
919,-7.2,3.4285715,6.769231,0.023168778,-0.035319705,0.0010116244
920,-7.2,4.0,6.769231,0.032785125,-0.037601873,0.00086746685
921,-7.2,0.0,6.1538463,-0.033576567,-0.036624305,0.0008003271
922,-7.2,0.5714286,6.1538463,-0.020572675,-0.02819823,0.0008412677
923,-7.2,1.1428572,6.1538463,-0.0111569585,-0.03417526,0.00086208904
924,-7.2,1.7142857,6.1538463,-0.0039125457,-0.033860736,0.0008332852
925,-7.2,2.2857144,6.1538463,0.0054316046,-0.035144668,0.0008079849
926,-7.2,2.857143,6.1538463,0.012366137,-0.03641001,0.00076889445
927,-7.2,3.4285715,6.1538463,0.023209646,-0.03515287,0.00084485876
928,-7.2,4.0,6.1538463,0.032814484,-0.037473686,0.0010846468
929,-7.2,0.0,5.5384617,-0.03324455,-0.036637407,0.0004634639
930,-7.2,0.5714286,5.5384617,-0.020437447,-0.028073777,0.0005025412
931,-7.2,1.1428572,5.5384617,-0.011130068,-0.034023102,0.00053441105
932,-7.2,1.7142857,5.5384617,-0.0038349063,-0.033672094,0.0005323072
933,-7.2,2.2857144,5.5384617,0.005439035,-0.03500144,0.00052489823
934,-7.2,2.857143,5.5384617,0.012421198,-0.036206365,0.0005480857
935,-7.2,3.4285715,5.5384617,0.02320088,-0.035035286,0.00052727916
936,-7.2,4.0,5.5384617,0.032774534,-0.037276264,0.000507652
937,-7.2,0.0,4.923077,-0.033275794,-0.036503408,0.00014998083
938,-7.2,0.5714286,4.923077,-0.020400198,-0.027964612,0.00023243252
939,-7.2,1.1428572,4.923077,-0.011095018,-0.033927538,0.00024942477
940,-7.2,1.7142857,4.923077,-0.0038165522,-0.033536308,0.00026237388
941,-7.2,2.2857144,4.923077,0.0054559307,-0.034880977,0.0002700931
942,-7.2,2.857143,4.923077,0.012427578,-0.036075022,0.00026263128
943,-7.2,3.4285715,4.923077,0.02318298,-0.03491051,0.00034583657
944,-7.2,4.0,4.923077,0.032760646,-0.037167802,0.0004961397
945,-7.2,0.0,4.3076925,-0.033183023,-0.03648959,1.7450137e-05
946,-7.2,0.5714286,4.3076925,-0.0203682,-0.027918996,-1.0377405e-05
947,-7.2,1.1428572,4.3076925,-0.011089507,-0.033865828,7.680396e-06
948,-7.2,1.7142857,4.3076925,-0.003802753,-0.033470612,7.152406e-06
949,-7.2,2.2857144,4.3076925,0.0054486366,-0.03481776,9.472422e-06
950,-7.2,2.857143,4.3076925,0.012428013,-0.03599969,2.6532676e-05
951,-7.2,3.4285715,4.3076925,0.023164678,-0.03485431,-1.662788e-05
952,-7.2,4.0,4.3076925,0.032727495,-0.03709192,-7.510002e-05
953,-7.2,0.0,3.6923077,-0.033195216,-0.036489926,-0.0002458196
954,-7.2,0.5714286,3.6923077,-0.020380426,-0.027918793,-0.00021917235
955,-7.2,1.1428572,3.6923077,-0.0111018075,-0.033866003,-0.00023712627
956,-7.2,1.7142857,3.6923077,-0.0038150097,-0.033470567,-0.00023766914
957,-7.2,2.2857144,3.6923077,0.0054363413,-0.034817882,-0.0002398648
958,-7.2,2.857143,3.6923077,0.012415726,-0.0359997,-0.0002579692
959,-7.2,3.4285715,3.6923077,0.023152383,-0.034854397,-0.00021474024
960,-7.2,4.0,3.6923077,0.03271518,-0.03709196,-0.00015740069
961,-7.2,0.0,3.0769231,-0.033312593,-0.03650396,-0.00037863004
962,-7.2,0.5714286,3.0769231,-0.02043692,-0.027964095,-0.00046177855
963,-7.2,1.1428572,3.0769231,-0.011131851,-0.03392805,-0.00047907274
964,-7.2,1.7142857,3.0769231,-0.00385337,-0.03353619,-0.00049268693
965,-7.2,2.2857144,3.0769231,0.005419067,-0.034881342,-0.00050068693
966,-7.2,2.857143,3.0769231,0.0123907,-0.03607509,-0.0004938709
967,-7.2,3.4285715,3.0769231,0.023146044,-0.034910772,-0.00057739904
968,-7.2,4.0,3.0769231,0.03272365,-0.03716799,-0.0007284396
969,-7.2,0.0,2.4615386,-0.033305693,-0.03663863,-0.00069207937
970,-7.2,0.5714286,2.4615386,-0.020498658,-0.028072877,-0.00073175924
971,-7.2,1.1428572,2.4615386,-0.011191473,-0.03402394,-0.00076417957
972,-7.2,1.7142857,2.4615386,-0.0038962765,-0.03367192,-0.00076250336
973,-7.2,2.2857144,2.4615386,0.005377614,-0.03500202,-0.0007556098
974,-7.2,2.857143,2.4615386,0.012359713,-0.036206502,-0.0007792059
975,-7.2,3.4285715,2.4615386,0.02313939,-0.03503567,-0.00075896067
976,-7.2,4.0,2.4615386,0.03271288,-0.037276592,-0.0007398526
977,-7.2,0.0,1.8461539,-0.03366238,-0.036625803,-0.001029169
978,-7.2,0.5714286,1.8461539,-0.020658396,-0.02819696,-0.0010704834
979,-7.2,1.1428572,1.8461539,-0.0112429075,-0.034176454,-0.001091854
980,-7.2,1.7142857,1.8461539,-0.0039984807,-0.033860486,-0.0010634933
981,-7.2,2.2857144,1.8461539,0.0053456067,-0.035145503,-0.0010387015
982,-7.2,2.857143,1.8461539,0.01228007,-0.036410213,-0.0010000124
983,-7.2,3.4285715,1.8461539,0.023123516,-0.035153437,-0.0010765438
984,-7.2,4.0,1.8461539,0.032728165,-0.037474174,-0.0013168195
985,-7.2,0.0,1.2307693,-0.033464894,-0.036829825,-0.001398556
986,-7.2,0.5714286,1.2307693,-0.020660847,-0.028422566,-0.0015869216
987,-7.2,1.1428572,1.2307693,-0.011313612,-0.034315027,-0.0014977958
988,-7.2,1.7142857,1.2307693,-0.0040432843,-0.034067415,-0.0013871228
989,-7.2,2.2857144,1.2307693,0.0052524833,-0.03531455,-0.0013216814
990,-7.2,2.857143,1.2307693,0.012198423,-0.036581676,-0.0012684015
991,-7.2,3.4285715,1.2307693,0.023057928,-0.035320498,-0.0012432926
992,-7.2,4.0,1.2307693,0.032674354,-0.037602447,-0.0010996884
993,-7.2,0.0,0.61538464,-0.03430659,-0.036636893,-0.0026322892
994,-7.2,0.5714286,0.61538464,-0.020898508,-0.028450279,-0.0020275188
995,-7.2,1.1428572,0.61538464,-0.011401711,-0.03448055,-0.0019627279
996,-7.2,1.7142857,0.61538464,-0.004100309,-0.034168135,-0.0017980555
997,-7.2,2.2857144,0.61538464,0.005121426,-0.03544801,-0.0015922567
998,-7.2,2.857143,0.61538464,0.012090704,-0.036667798,-0.0015381919
999,-7.2,3.4285715,0.61538464,0.022868317,-0.03544829,-0.0014251663
1000,-7.2,4.0,0.61538464,0.03269067,-0.03765653,-0.0017311894
1001,-7.2,0.0,0.0,-0.03276213,-0.03632134,-0.0012975602
1002,-7.2,0.5714286,0.0,-0.019746905,-0.028691666,-0.0028348013
1003,-7.2,1.1428572,0.0,-0.010913286,-0.034207646,-0.002540496
1004,-7.2,1.7142857,0.0,-0.0037338086,-0.034098454,-0.0020290145
1005,-7.2,2.2857144,0.0,0.0051548146,-0.035402924,-0.0020475173
1006,-7.2,2.857143,0.0,0.0120677585,-0.036568664,-0.0016541687
1007,-7.2,3.4285715,0.0,0.02261068,-0.035474267,-0.0017734225
1008,-7.2,4.0,0.0,0.032456607,-0.03754332,-0.0011411557
1009,-6.6,0.0,8.0,-0.032730825,-0.045412462,-2.8981058e-05
1010,-6.6,0.5714286,8.0,-0.019530606,-0.050702255,0.00014475877
1011,-6.6,1.1428572,8.0,-0.010637619,-0.047532637,0.00093294674
1012,-6.6,1.7142857,8.0,-0.0027101892,-0.049422666,0.0012031455
1013,-6.6,2.2857144,8.0,0.0042070975,-0.04987743,0.0013199742
1014,-6.6,2.857143,8.0,0.01271078,-0.049168106,0.0015393437
1015,-6.6,3.4285715,8.0,0.021002214,-0.050842304,0.0015051562
1016,-6.6,4.0,8.0,0.033191763,-0.048681356,0.0021564297
1017,-6.6,0.0,7.3846154,-0.033338983,-0.044361897,-8.1876264e-05
1018,-6.6,0.5714286,7.3846154,-0.020366075,-0.050447028,0.0005482756
1019,-6.6,1.1428572,7.3846154,-0.011373099,-0.047128525,0.0008294803
1020,-6.6,1.7142857,7.3846154,-0.0030233755,-0.049229693,0.0010051011
1021,-6.6,2.2857144,7.3846154,0.003995189,-0.049707547,0.0011321154
1022,-6.6,2.857143,7.3846154,0.012801751,-0.04893235,0.0012725149
1023,-6.6,3.4285715,7.3846154,0.021188715,-0.050748985,0.0013952325
1024,-6.6,4.0,7.3846154,0.033421807,-0.04844872,0.0012412617
1025,-6.6,0.0,6.769231,-0.03361593,-0.044082686,0.00039371444
1026,-6.6,0.5714286,6.769231,-0.02040618,-0.050321613,0.0004613145
1027,-6.6,1.1428572,6.769231,-0.011358733,-0.046911556,0.0006454776
1028,-6.6,1.7142857,6.769231,-0.0029954712,-0.0489545,0.00080794597
1029,-6.6,2.2857144,6.769231,0.0040564523,-0.04951044,0.00092474837
1030,-6.6,2.857143,6.769231,0.012947994,-0.048640333,0.0010102119
1031,-6.6,3.4285715,6.769231,0.021284323,-0.050580345,0.0011891369
1032,-6.6,4.0,6.769231,0.03353846,-0.04818608,0.0015809872
1033,-6.6,0.0,6.1538463,-0.033123765,-0.043883245,9.129839e-05
1034,-6.6,0.5714286,6.1538463,-0.020285942,-0.050066825,0.0003322742
1035,-6.6,1.1428572,6.1538463,-0.011358728,-0.04666454,0.00046728624
1036,-6.6,1.7142857,6.1538463,-0.0029270237,-0.04871915,0.00058561587
1037,-6.6,2.2857144,6.1538463,0.0040988848,-0.04923561,0.00067480456
1038,-6.6,2.857143,6.1538463,0.013025928,-0.048413835,0.0008145529
1039,-6.6,3.4285715,6.1538463,0.021331014,-0.050320957,0.00087071164
1040,-6.6,4.0,6.1538463,0.033479214,-0.047960524,0.0009041561
1041,-6.6,0.0,5.5384617,-0.03318562,-0.043601684,4.5292592e-05
1042,-6.6,0.5714286,5.5384617,-0.020260291,-0.04990468,0.00017340244
1043,-6.6,1.1428572,5.5384617,-0.0112484805,-0.0464173,0.00028255736
1044,-6.6,1.7142857,5.5384617,-0.0029315127,-0.04853305,0.00037466758
1045,-6.6,2.2857144,5.5384617,0.004175694,-0.04898714,0.00046088747
1046,-6.6,2.857143,5.5384617,0.013017888,-0.048224945,0.0005196318
1047,-6.6,3.4285715,5.5384617,0.021359043,-0.050076894,0.0006829568
1048,-6.6,4.0,5.5384617,0.033450257,-0.047799673,0.0009294234
1049,-6.6,0.0,4.923077,-0.03292657,-0.043508258,-3.8957463e-05
1050,-6.6,0.5714286,4.923077,-0.020185253,-0.049751934,4.4082615e-05
1051,-6.6,1.1428572,4.923077,-0.011228078,-0.046264857,0.000112100315
1052,-6.6,1.7142857,4.923077,-0.0028958817,-0.048381187,0.00017094598
1053,-6.6,2.2857144,4.923077,0.004182695,-0.048819534,0.00021715823
1054,-6.6,2.857143,4.923077,0.013025633,-0.048075587,0.00029152862
1055,-6.6,3.4285715,4.923077,0.021347508,-0.049912095,0.00029527931
1056,-6.6,4.0,4.923077,0.03337795,-0.04765095,0.0003028808
1057,-6.6,0.0,4.3076925,-0.032949004,-0.043414824,-0.000112067355
1058,-6.6,0.5714286,4.3076925,-0.020173555,-0.04968364,-7.123196e-05
1059,-6.6,1.1428572,4.3076925,-0.011200675,-0.046181373,-4.8652026e-05
1060,-6.6,1.7142857,4.3076925,-0.0029024577,-0.048305087,-2.8608329e-05
1061,-6.6,2.2857144,4.3076925,0.0041928915,-0.04873107,-8.098913e-06
1062,-6.6,2.857143,4.3076925,0.013009758,-0.047998197,-5.2559076e-06
1063,-6.6,3.4285715,4.3076925,0.021335468,-0.04982387,7.5362164e-05
1064,-6.6,4.0,4.3076925,0.033355102,-0.047584113,0.00018089294
1065,-6.6,0.0,3.6923077,-0.03296128,-0.043414604,-0.00014112452
1066,-6.6,0.5714286,3.6923077,-0.020185832,-0.04968383,-0.00018171333
1067,-6.6,1.1428572,3.6923077,-0.011212902,-0.046181258,-0.00020548032
1068,-6.6,1.7142857,3.6923077,-0.002914761,-0.048305206,-0.00022518725
1069,-6.6,2.2857144,3.6923077,0.0041806316,-0.04873103,-0.0002468539
1070,-6.6,2.857143,3.6923077,0.012997447,-0.04799828,-0.0002493839
1071,-6.6,3.4285715,3.6923077,0.021323163,-0.049823884,-0.00033118884
1072,-6.6,4.0,3.6923077,0.03334275,-0.047584187,-0.0004365162
1073,-6.6,0.0,3.0769231,-0.032963216,-0.04350789,-0.00021387554
1074,-6.6,0.5714286,3.0769231,-0.020222027,-0.049752407,-0.0002972899
1075,-6.6,1.1428572,3.0769231,-0.011264847,-0.046264566,-0.00036597886
1076,-6.6,1.7142857,3.0769231,-0.0029327362,-0.048381504,-0.00042499363
1077,-6.6,2.2857144,3.0769231,0.004145883,-0.048819456,-0.00047186244
1078,-6.6,2.857143,3.0769231,0.012988727,-0.048075795,-0.00054641225
1079,-6.6,3.4285715,3.0769231,0.021310642,-0.04991213,-0.0005508647
1080,-6.6,4.0,3.0769231,0.033340953,-0.047651082,-0.00055875763
1081,-6.6,0.0,2.4615386,-0.033246864,-0.043600865,-0.00029815437
1082,-6.6,0.5714286,2.4615386,-0.020321596,-0.049905542,-0.00042677022
1083,-6.6,1.1428572,2.4615386,-0.011309735,-0.046416797,-0.0005362739
1084,-6.6,1.7142857,2.4615386,-0.0029929497,-0.048533577,-0.00062887545
1085,-6.6,2.2857144,2.4615386,0.0041143317,-0.048987035,-0.00071544154
1086,-6.6,2.857143,2.4615386,0.012956386,-0.048225272,-0.0007746667
1087,-6.6,3.4285715,2.4615386,0.021297542,-0.050077025,-0.00093839207
1088,-6.6,4.0,2.4615386,0.033388585,-0.047799885,-0.0011854317
1089,-6.6,0.0,1.8461539,-0.03320937,-0.043882214,-0.00034393885
1090,-6.6,0.5714286,1.8461539,-0.020371763,-0.050067972,-0.0005856109
1091,-6.6,1.1428572,1.8461539,-0.011444532,-0.046663858,-0.00072105444
1092,-6.6,1.7142857,1.8461539,-0.003013023,-0.048719894,-0.0008398056
1093,-6.6,2.2857144,1.8461539,0.004012971,-0.049235463,-0.0009293742
1094,-6.6,2.857143,1.8461539,0.012939827,-0.04841431,-0.0010695783
1095,-6.6,3.4285715,1.8461539,0.021244962,-0.05032111,-0.0011261513
1096,-6.6,4.0,1.8461539,0.033392902,-0.047960814,-0.0011601932
1097,-6.6,0.0,1.2307693,-0.033725966,-0.044081096,-0.00064669485
1098,-6.6,0.5714286,1.2307693,-0.020516716,-0.05032338,-0.0007147422
1099,-6.6,1.1428572,1.2307693,-0.011468835,-0.04691047,-0.000899221
1100,-6.6,1.7142857,1.2307693,-0.0031062674,-0.048955638,-0.0010621696
1101,-6.6,2.2857144,1.2307693,0.003946191,-0.049510147,-0.0011793269
1102,-6.6,2.857143,1.2307693,0.012837106,-0.048641052,-0.0012652299
1103,-6.6,3.4285715,1.2307693,0.021173852,-0.05058051,-0.0014445884
1104,-6.6,4.0,1.2307693,0.033427298,-0.048186537,-0.0018369749
1105,-6.6,0.0,0.61538464,-0.03347319,-0.044359528,-0.00017082256
1106,-6.6,0.5714286,0.61538464,-0.020501453,-0.050449435,-0.0008016919
1107,-6.6,1.1428572,0.61538464,-0.011507557,-0.047126997,-0.0010833314
1108,-6.6,1.7142857,0.61538464,-0.0031589854,-0.049231283,-0.0012593189
1109,-6.6,2.2857144,0.61538464,0.0038606129,-0.04970704,-0.0013867121
1110,-6.6,2.857143,0.61538464,0.012666063,-0.048933398,-0.0015275296
1111,-6.6,3.4285715,0.61538464,0.021053951,-0.05074904,-0.0016506694
1112,-6.6,4.0,0.61538464,0.033285845,-0.048449375,-0.0014972992
1113,-6.6,0.0,0.0,-0.03288966,-0.04541035,-0.00022393785
1114,-6.6,0.5714286,0.0,-0.019690583,-0.050704725,-0.00039825987
1115,-6.6,1.1428572,0.0,-0.010796566,-0.04753107,-0.0011868507
1116,-6.6,1.7142857,0.0,-0.0028704628,-0.049424432,-0.0014574553
1117,-6.6,2.2857144,0.0,0.004048057,-0.049876895,-0.0015745545
1118,-6.6,2.857143,0.0,0.01255048,-0.049169354,-0.0017944028
1119,-6.6,3.4285715,0.0,0.020843009,-0.050842367,-0.0017605646
1120,-6.6,4.0,0.0,0.033031184,-0.04868223,-0.0024124433
1121,-6.0,0.0,8.0,-0.03083567,-0.0644314,-0.0012199687
1122,-6.0,0.5714286,8.0,-0.01974157,-0.06196698,-0.00055549195
1123,-6.0,1.1428572,8.0,-0.009965671,-0.0644533,-0.00018340671
1124,-6.0,1.7142857,8.0,-0.003242493,-0.06378054,0.00058669655
1125,-6.0,2.2857144,8.0,0.004481168,-0.06346442,0.0009719486
1126,-6.0,2.857143,8.0,0.011297767,-0.06480947,0.0014751005
1127,-6.0,3.4285715,8.0,0.020780927,-0.06265657,0.0019218826
1128,-6.0,4.0,8.0,0.03149544,-0.06484234,0.0016925815
1129,-6.0,0.0,7.3846154,-0.031584308,-0.06415626,-0.001002714
1130,-6.0,0.5714286,7.3846154,-0.020390788,-0.061189815,-0.0005154377
1131,-6.0,1.1428572,7.3846154,-0.010391514,-0.06392536,3.7680216e-05
1132,-6.0,1.7142857,7.3846154,-0.0036336733,-0.063256964,0.00047040635
1133,-6.0,2.2857144,7.3846154,0.004448071,-0.062962756,0.0009309419
1134,-6.0,2.857143,7.3846154,0.011311831,-0.06446229,0.0012124375
1135,-6.0,3.4285715,7.3846154,0.021093601,-0.062173344,0.0015991979
1136,-6.0,4.0,7.3846154,0.03180139,-0.06458944,0.0022794795
1137,-6.0,0.0,6.769231,-0.031424373,-0.06357935,-0.0007721533
1138,-6.0,0.5714286,6.769231,-0.020610562,-0.060639698,-0.00031212828
1139,-6.0,1.1428572,6.769231,-0.010486821,-0.063508675,8.619246e-05
1140,-6.0,1.7142857,6.769231,-0.003649885,-0.062883906,0.00043274477
1141,-6.0,2.2857144,6.769231,0.0045252913,-0.06249799,0.00072117493
1142,-6.0,2.857143,6.769231,0.011422274,-0.06415567,0.0010681301
1143,-6.0,3.4285715,6.769231,0.021281369,-0.061707128,0.001290953
1144,-6.0,4.0,6.769231,0.031737804,-0.064285636,0.0013775188
1145,-6.0,0.0,6.1538463,-0.031386696,-0.063224986,-0.0004919805
1146,-6.0,0.5714286,6.1538463,-0.020486012,-0.060340423,-0.000227851
1147,-6.0,1.1428572,6.1538463,-0.010410525,-0.0631435,5.408459e-05
1148,-6.0,1.7142857,6.1538463,-0.0036250763,-0.06251928,0.0003199395
1149,-6.0,2.2857144,6.1538463,0.0046039447,-0.06218052,0.00058191875
1150,-6.0,2.857143,6.1538463,0.011483757,-0.06377073,0.00076914293
1151,-6.0,3.4285715,6.1538463,0.02131999,-0.061413772,0.0010816351
1152,-6.0,4.0,6.1538463,0.03178444,-0.063945234,0.0014875884
1153,-6.0,0.0,5.5384617,-0.03115248,-0.062985644,-0.00042477754
1154,-6.0,0.5714286,5.5384617,-0.02039601,-0.059981283,-0.00018346305
1155,-6.0,1.1428572,5.5384617,-0.010421126,-0.06291802,1.9919451e-05
1156,-6.0,1.7142857,5.5384617,-0.003538355,-0.06220081,0.00019972479
1157,-6.0,2.2857144,5.5384617,0.0045895027,-0.061929524,0.00037000462
1158,-6.0,2.857143,5.5384617,0.011547146,-0.063467994,0.00056480814
1159,-6.0,3.4285715,5.5384617,0.021295179,-0.06116147,0.00067493017
1160,-6.0,4.0,5.5384617,0.031713482,-0.063639365,0.0007652161
1161,-6.0,0.0,4.923077,-0.031135688,-0.06277186,-0.00028379972
1162,-6.0,0.5714286,4.923077,-0.020321904,-0.059806433,-0.00016423737
1163,-6.0,1.1428572,4.923077,-0.010369215,-0.06271289,-4.454625e-05
1164,-6.0,1.7142857,4.923077,-0.0035259572,-0.062003598,6.976869e-05
1165,-6.0,2.2857144,4.923077,0.0046095257,-0.061743777,0.00017728409
1166,-6.0,2.857143,4.923077,0.011543799,-0.0632567,0.00026240954
1167,-6.0,3.4285715,4.923077,0.021270877,-0.060988054,0.00043293406
1168,-6.0,4.0,4.923077,0.031699456,-0.0634491,0.0006373308
1169,-6.0,0.0,4.3076925,-0.031049844,-0.0626877,-0.00019785689
1170,-6.0,0.5714286,4.3076925,-0.02029376,-0.059692517,-0.00014530514
1171,-6.0,1.1428572,4.3076925,-0.010371318,-0.06262395,-0.000104416766
1172,-6.0,1.7142857,4.3076925,-0.0035083739,-0.061895262,-7.143265e-05
1173,-6.0,2.2857144,4.3076925,0.00459629,-0.06164917,-3.498376e-05
1174,-6.0,2.857143,4.3076925,0.011544727,-0.06315193,1.2351555e-05
1175,-6.0,3.4285715,4.3076925,0.021247463,-0.060892638,-8.794127e-06
1176,-6.0,4.0,4.3076925,0.031654455,-0.063342206,-3.9615912e-05
1177,-6.0,0.0,3.6923077,-0.031062061,-0.06268787,-7.854567e-05
1178,-6.0,0.5714286,3.6923077,-0.020305986,-0.05969238,-0.00013254792
1179,-6.0,1.1428572,3.6923077,-0.010383609,-0.06262407,-0.00017289934
1180,-6.0,1.7142857,3.6923077,-0.0035206215,-0.061895177,-0.0002071644
1181,-6.0,2.2857144,3.6923077,0.0045839925,-0.061649244,-0.00024305085
1182,-6.0,2.857143,3.6923077,0.011532457,-0.063151896,-0.00029166724
1183,-6.0,3.4285715,3.6923077,0.021235162,-0.06089267,-0.00027003058
1184,-6.0,4.0,3.6923077,0.031642172,-0.06334217,-0.00024059523
1185,-6.0,0.0,3.0769231,-0.03117245,-0.0627722,6.9428756e-06
1186,-6.0,0.5714286,3.0769231,-0.020358631,-0.059806112,-0.000113272945
1187,-6.0,1.1428572,3.0769231,-0.010406026,-0.06271318,-0.00023309921
1188,-6.0,1.7142857,3.0769231,-0.0035627405,-0.0620034,-0.00034804354
1189,-6.0,2.2857144,3.0769231,0.0045726504,-0.06174395,-0.0004556351
1190,-6.0,2.857143,3.0769231,0.011506968,-0.063256636,-0.00054141536
1191,-6.0,3.4285715,3.0769231,0.021233913,-0.060988165,-0.0007120636
1192,-6.0,4.0,3.0769231,0.031662505,-0.06344911,-0.0009172269
1193,-6.0,0.0,2.4615386,-0.031213656,-0.06298635,0.00014794357
1194,-6.0,0.5714286,2.4615386,-0.020457225,-0.05998068,-9.385964e-05
1195,-6.0,1.1428572,2.4615386,-0.010482499,-0.062918544,-0.00029776848
1196,-6.0,1.7142857,2.4615386,-0.0035996581,-0.062200494,-0.00047780853
1197,-6.0,2.2857144,2.4615386,0.004528049,-0.061929796,-0.0006485414
1198,-6.0,2.857143,2.4615386,0.011485755,-0.06346793,-0.0008436277
1199,-6.0,3.4285715,2.4615386,0.021233631,-0.061161578,-0.00095424225
1200,-6.0,4.0,2.4615386,0.031651944,-0.063639395,-0.0010449584
1201,-6.0,0.0,1.8461539,-0.031472445,-0.063225895,0.00021490506
1202,-6.0,0.5714286,1.8461539,-0.020571722,-0.060339645,-4.9541828e-05
1203,-6.0,1.1428572,1.8461539,-0.01049643,-0.063144214,-0.0003318783
1204,-6.0,1.7142857,1.8461539,-0.003710922,-0.06251885,-0.00059807
1205,-6.0,2.2857144,1.8461539,0.0045179077,-0.062180918,-0.0008604316
1206,-6.0,2.857143,1.8461539,0.011397804,-0.06377063,-0.0010479825
1207,-6.0,3.4285715,1.8461539,0.02123378,-0.061413974,-0.0013609286
1208,-6.0,4.0,1.8461539,0.03169824,-0.0639453,-0.001767316
1209,-6.0,0.0,1.2307693,-0.031534728,-0.06358075,0.00049536745
1210,-6.0,0.5714286,1.2307693,-0.020720588,-0.060638458,3.479206e-05
1211,-6.0,1.1428572,1.2307693,-0.010597501,-0.0635098,-0.00036406025
1212,-6.0,1.7142857,1.2307693,-0.0037600559,-0.062883206,-0.0007108592
1213,-6.0,2.2857144,1.2307693,0.0044144695,-0.06249863,-0.0009996921
1214,-6.0,2.857143,1.2307693,0.011311972,-0.06415547,-0.0013469723
1215,-6.0,3.4285715,1.2307693,0.021170381,-0.06170745,-0.0015702329
1216,-6.0,4.0,1.2307693,0.031627245,-0.064285636,-0.0016572976
1217,-6.0,0.0,0.61538464,-0.031719547,-0.06415832,0.00072563917
1218,-6.0,0.5714286,0.61538464,-0.02052507,-0.06118809,0.00023800516
1219,-6.0,1.1428572,0.61538464,-0.010527033,-0.06392694,-0.00031551076
1220,-6.0,1.7142857,0.61538464,-0.0037681311,-0.06325594,-0.00074856373
1221,-6.0,2.2857144,0.61538464,0.0043124068,-0.06296374,-0.0012094644
1222,-6.0,2.857143,0.61538464,0.011177251,-0.06446189,-0.0014912753
1223,-6.0,3.4285715,0.61538464,0.020957744,-0.062173955,-0.0018784828
1224,-6.0,4.0,0.61538464,0.03166645,-0.064589344,-0.0025592013
1225,-6.0,0.0,0.0,-0.030995484,-0.06443343,0.00094304763
1226,-6.0,0.5714286,0.0,-0.019900367,-0.061965253,0.00027808588
1227,-6.0,1.1428572,0.0,-0.0101258475,-0.06445501,-9.446671e-05
1228,-6.0,1.7142857,0.0,-0.0034014098,-0.06377945,-0.0008648788
1229,-6.0,2.2857144,0.0,0.0043208725,-0.063465565,-0.0012504866
1230,-6.0,2.857143,0.0,0.011138762,-0.064808995,-0.001753933
1231,-6.0,3.4285715,0.0,0.020620503,-0.06265732,-0.002201154
1232,-6.0,4.0,0.0,0.03133615,-0.06484215,-0.0019722928
1233,-5.4,0.0,8.0,-0.030862529,-0.07661353,-0.00265669
1234,-5.4,0.5714286,8.0,-0.017927537,-0.07845029,-0.0015583433
1235,-5.4,1.1428572,8.0,-0.010600472,-0.077616915,-0.0005527015
1236,-5.4,1.7142857,8.0,-0.002363398,-0.0778718,-4.749257e-05
1237,-5.4,2.2857144,8.0,0.003078813,-0.078816496,0.0009577423
1238,-5.4,2.857143,8.0,0.011324183,-0.07675804,0.0014460117
1239,-5.4,3.4285715,8.0,0.018718652,-0.07906416,0.0021184082
1240,-5.4,4.0,8.0,0.031014955,-0.076164536,0.0033945024
1241,-5.4,0.0,7.3846154,-0.031409476,-0.07544939,-0.0018040665
1242,-5.4,0.5714286,7.3846154,-0.01843592,-0.07773676,-0.0012022457
1243,-5.4,1.1428572,7.3846154,-0.011032629,-0.076807134,-0.0005563391
1244,-5.4,1.7142857,7.3846154,-0.0024837514,-0.077104315,0.00017005474
1245,-5.4,2.2857144,7.3846154,0.0029719584,-0.07818483,0.0006705117
1246,-5.4,2.857143,7.3846154,0.0115580885,-0.07599536,0.0013720425
1247,-5.4,3.4285715,7.3846154,0.018990012,-0.07857046,0.0018345838
1248,-5.4,4.0,7.3846154,0.031361468,-0.07537807,0.001987296
1249,-5.4,0.0,6.769231,-0.03157372,-0.07487699,-0.0014986611
1250,-5.4,0.5714286,6.769231,-0.018470591,-0.0771209,-0.0009265962
1251,-5.4,1.1428572,6.769231,-0.011196088,-0.07616973,-0.00037866636
1252,-5.4,1.7142857,6.769231,-0.0024684842,-0.07646386,0.000119883734
1253,-5.4,2.2857144,6.769231,0.0030032159,-0.07769836,0.0006593268
1254,-5.4,2.857143,6.769231,0.011738466,-0.075334914,0.0010408285
1255,-5.4,3.4285715,6.769231,0.019105861,-0.07815304,0.0015709403
1256,-5.4,4.0,6.769231,0.03153264,-0.07479827,0.0022507247
1257,-5.4,0.0,6.1538463,-0.03133819,-0.07432285,-0.001119891
1258,-5.4,0.5714286,6.1538463,-0.018453283,-0.07657134,-0.00069511816
1259,-5.4,1.1428572,6.1538463,-0.01115499,-0.07570484,-0.0002816994
1260,-5.4,1.7142857,6.1538463,-0.0024236876,-0.07600693,0.0001185478
1261,-5.4,2.2857144,6.1538463,0.0030612315,-0.077193335,0.0004653434
1262,-5.4,2.857143,6.1538463,0.011814734,-0.07494037,0.00087754615
1263,-5.4,3.4285715,6.1538463,0.019169923,-0.07764087,0.0011420061
1264,-5.4,4.0,6.1538463,0.031449143,-0.07438082,0.0013476788
1265,-5.4,0.0,5.5384617,-0.031214451,-0.07390464,-0.00079302513
1266,-5.4,0.5714286,5.5384617,-0.018384913,-0.07628455,-0.00051315076
1267,-5.4,1.1428572,5.5384617,-0.011068684,-0.07528066,-0.00022733507
1268,-5.4,1.7142857,5.5384617,-0.0024408132,-0.0756916,5.5331326e-05
1269,-5.4,2.2857144,5.5384617,0.0031349508,-0.076810345,0.000328363
1270,-5.4,2.857143,5.5384617,0.011787632,-0.07461015,0.0005555113
1271,-5.4,3.4285715,5.5384617,0.019197838,-0.077282,0.0008790472
1272,-5.4,4.0,5.5384617,0.03140471,-0.074089885,0.00124026
1273,-5.4,0.0,4.923077,-0.031069633,-0.07365103,-0.00054441876
1274,-5.4,0.5714286,4.923077,-0.018347843,-0.07600992,-0.00035248228
1275,-5.4,1.1428572,4.923077,-0.011038577,-0.075049646,-0.00018181177
1276,-5.4,1.7142857,4.923077,-0.0024164799,-0.07545265,-2.1836837e-05
1277,-5.4,2.2857144,4.923077,0.0031379068,-0.076557755,0.00013606709
1278,-5.4,2.857143,4.923077,0.011788511,-0.07439504,0.00030820878
1279,-5.4,3.4285715,4.923077,0.019180406,-0.077018954,0.00039637455
1280,-5.4,4.0,4.923077,0.03131336,-0.07386415,0.00047744173
1281,-5.4,0.0,4.3076925,-0.03103678,-0.0735146,-0.00026318047
1282,-5.4,0.5714286,4.3076925,-0.018322151,-0.075903356,-0.00022087085
1283,-5.4,1.1428572,4.3076925,-0.011015613,-0.07491291,-0.00016402522
1284,-5.4,1.7142857,4.3076925,-0.0024256208,-0.07534033,-0.00010296124
1285,-5.4,2.2857144,4.3076925,0.0031463236,-0.07643078,-5.3471827e-05
1286,-5.4,2.857143,4.3076925,0.011766599,-0.07427809,-1.3711724e-05
1287,-5.4,3.4285715,4.3076925,0.019166566,-0.076899536,9.700778e-05
1288,-5.4,4.0,4.3076925,0.03128651,-0.07376061,0.00021423589
1289,-5.4,0.0,3.6923077,-0.031049026,-0.07351449,-3.8454997e-05
1290,-5.4,0.5714286,3.6923077,-0.01833442,-0.07590345,-7.998022e-05
1291,-5.4,1.1428572,3.6923077,-0.011027858,-0.0749128,-0.00013834916
1292,-5.4,1.7142857,3.6923077,-0.0024379026,-0.0753404,-0.00019857245
1293,-5.4,2.2857144,3.6923077,0.0031340548,-0.07643071,-0.0002494933
1294,-5.4,2.857143,3.6923077,0.011754302,-0.074278116,-0.00028846078
1295,-5.4,3.4285715,3.6923077,0.019154254,-0.076899506,-0.00040064106
1296,-5.4,4.0,3.6923077,0.031274155,-0.07376066,-0.00051720324
1297,-5.4,0.0,3.0769231,-0.031106314,-0.07365075,0.00024337668
1298,-5.4,0.5714286,3.0769231,-0.018384598,-0.07601014,5.1174888e-05
1299,-5.4,1.1428572,3.0769231,-0.011075346,-0.07504938,-0.00012012946
1300,-5.4,1.7142857,3.0769231,-0.002453309,-0.07545279,-0.00028011555
1301,-5.4,2.2857144,3.0769231,0.0031010995,-0.07655759,-0.00043862397
1302,-5.4,2.857143,3.0769231,0.01175163,-0.07439508,-0.0006107743
1303,-5.4,3.4285715,3.0769231,0.019143552,-0.077018864,-0.00069961994
1304,-5.4,4.0,3.0769231,0.03127641,-0.073864155,-0.00078081194
1305,-5.4,0.0,2.4615386,-0.03127566,-0.073904075,0.00049195875
1306,-5.4,0.5714286,2.4615386,-0.01844619,-0.07628499,0.00021162824
1307,-5.4,1.1428572,2.4615386,-0.011129961,-0.0752802,-7.4371404e-05
1308,-5.4,1.7142857,2.4615386,-0.0025022,-0.07569184,-0.00035751317
1309,-5.4,2.2857144,2.4615386,0.0030735945,-0.07681011,-0.00063069473
1310,-5.4,2.857143,2.4615386,0.0117261605,-0.0746102,-0.0008582967
1311,-5.4,3.4285715,2.4615386,0.019136356,-0.07728193,-0.0011820695
1312,-5.4,4.0,2.4615386,0.031343043,-0.0740899,-0.0015438234
1313,-5.4,0.0,1.8461539,-0.031423822,-0.07432212,0.0008190899
1314,-5.4,0.5714286,1.8461539,-0.018539065,-0.07657192,0.00039366976
1315,-5.4,1.1428572,1.8461539,-0.011240798,-0.07570422,-2.0092288e-05
1316,-5.4,1.7142857,1.8461539,-0.0025096256,-0.07600727,-0.00042067008
1317,-5.4,2.2857144,1.8461539,0.002975324,-0.07719301,-0.0007677155
1318,-5.4,2.857143,1.8461539,0.011728681,-0.07494046,-0.0011802905
1319,-5.4,3.4285715,1.8461539,0.019083887,-0.07764075,-0.0014450579
1320,-5.4,4.0,1.8461539,0.031362895,-0.07438082,-0.0016512539
1321,-5.4,0.0,1.2307693,-0.03168372,-0.07487588,0.0011975527
1322,-5.4,0.5714286,1.2307693,-0.018581098,-0.07712185,0.00062506617
1323,-5.4,1.1428572,1.2307693,-0.011306224,-0.076168776,7.693819e-05
1324,-5.4,1.7142857,1.2307693,-0.0025791943,-0.07646445,-0.00042204437
1325,-5.4,2.2857144,1.2307693,0.0028929617,-0.07769785,-0.00096169027
1326,-5.4,2.857143,1.2307693,0.011627618,-0.07533514,-0.0013435686
1327,-5.4,3.4285715,1.2307693,0.018995412,-0.07815285,-0.0018739906
1328,-5.4,4.0,1.2307693,0.031421475,-0.074798405,-0.00255425
1329,-5.4,0.0,0.61538464,-0.03154363,-0.07544776,0.0015032478
1330,-5.4,0.5714286,0.61538464,-0.018571272,-0.07773814,0.00090079504
1331,-5.4,1.1428572,0.61538464,-0.011167008,-0.07680581,0.00025453142
1332,-5.4,1.7142857,0.61538464,-0.002619325,-0.07710525,-0.00047219245
1333,-5.4,2.2857144,0.61538464,0.002837462,-0.07818402,-0.0009728787
1334,-5.4,2.857143,0.61538464,0.011422382,-0.07599587,-0.0016747782
1335,-5.4,3.4285715,0.61538464,0.018855335,-0.07857001,-0.0021376114
1336,-5.4,4.0,0.61538464,0.031225495,-0.07537839,-0.0022908712
1337,-5.4,0.0,0.0,-0.031021204,-0.07661191,0.0023556247
1338,-5.4,0.5714286,0.0,-0.018087571,-0.078451745,0.0012567618
1339,-5.4,1.1428572,0.0,-0.010759313,-0.0776155,0.00025090104
1340,-5.4,1.7142857,0.0,-0.002523632,-0.07787286,-0.00025465357
1341,-5.4,2.2857144,0.0,0.0029198856,-0.07881558,-0.0012601312
1342,-5.4,2.857143,0.0,0.011163838,-0.076758705,-0.001748731
1343,-5.4,3.4285715,0.0,0.018559547,-0.07906361,-0.0024214326
1344,-5.4,4.0,0.0,0.030854264,-0.07616505,-0.0036980375
1345,-4.8,0.0,8.0,-0.02740165,-0.090945534,-0.0028690547
1346,-4.8,0.5714286,8.0,-0.018600872,-0.09122457,-0.0021872728
1347,-4.8,1.1428572,8.0,-0.008551981,-0.091670655,-0.0012754224
1348,-4.8,1.7142857,8.0,-0.00390928,-0.092353754,2.153862e-05
1349,-4.8,2.2857144,8.0,0.004009528,-0.090676785,0.0006120266
1350,-4.8,2.857143,8.0,0.008875428,-0.093018875,0.0018320323
1351,-4.8,3.4285715,8.0,0.018672938,-0.0895218,0.0026080532
1352,-4.8,4.0,8.0,0.027874818,-0.09241956,0.0027253053
1353,-4.8,0.0,7.3846154,-0.027754579,-0.09009371,-0.002834899
1354,-4.8,0.5714286,7.3846154,-0.019085217,-0.090117395,-0.0017675257
1355,-4.8,1.1428572,7.3846154,-0.008730622,-0.09068406,-0.00089104485
1356,-4.8,1.7142857,7.3846154,-0.0041175582,-0.09145575,-0.0001623101
1357,-4.8,2.2857144,7.3846154,0.004202537,-0.089665174,0.00078121776
1358,-4.8,2.857143,7.3846154,0.008992843,-0.09229543,0.0013748992
1359,-4.8,3.4285715,7.3846154,0.01916698,-0.088504024,0.002207681
1360,-4.8,4.0,7.3846154,0.028261332,-0.09186766,0.0033332296
1361,-4.8,0.0,6.769231,-0.027646992,-0.08913869,-0.0020233996
1362,-4.8,0.5714286,6.769231,-0.019315127,-0.08930001,-0.0014111173
1363,-4.8,1.1428572,6.769231,-0.008729631,-0.08988285,-0.0007267648
1364,-4.8,1.7142857,6.769231,-0.004187691,-0.09074647,-2.0483449e-05
1365,-4.8,2.2857144,6.769231,0.0043435423,-0.08881915,0.00055493554
1366,-4.8,2.857143,6.769231,0.009112047,-0.09172007,0.0012643235
1367,-4.8,3.4285715,6.769231,0.01943349,-0.08765669,0.0017581133
1368,-4.8,4.0,6.769231,0.028231185,-0.09124298,0.0020789437
1369,-4.8,0.0,6.1538463,-0.027577462,-0.088538244,-0.0016147251
1370,-4.8,0.5714286,6.1538463,-0.019211743,-0.08870359,-0.001065437
1371,-4.8,1.1428572,6.1538463,-0.008739488,-0.08925229,-0.00054164557
1372,-4.8,1.7142857,6.1538463,-0.004139864,-0.0901276,-3.6903122e-05
1373,-4.8,2.2857144,6.1538463,0.004393812,-0.08828957,0.0004885878
1374,-4.8,2.857143,6.1538463,0.009189739,-0.09106548,0.0009067407
1375,-4.8,3.4285715,6.1538463,0.019468917,-0.08719038,0.0014518023
1376,-4.8,4.0,6.1538463,0.028293598,-0.09066979,0.0020577798
1377,-4.8,0.0,5.5384617,-0.02744387,-0.08810027,-0.001142269
1378,-4.8,0.5714286,5.5384617,-0.01912304,-0.08816487,-0.0007752014
1379,-4.8,1.1428572,5.5384617,-0.008732204,-0.08886662,-0.00040390715
1380,-4.8,1.7142857,5.5384617,-0.0040705143,-0.089642525,-4.3513875e-05
1381,-4.8,2.2857144,5.5384617,0.004366104,-0.08788466,0.0003019553
1382,-4.8,2.857143,5.5384617,0.009250715,-0.090623066,0.0006673718
1383,-4.8,3.4285715,5.5384617,0.019424891,-0.08677413,0.0009234407
1384,-4.8,4.0,5.5384617,0.028218497,-0.090196975,0.0011435384
1385,-4.8,0.0,4.923077,-0.027380254,-0.0877963,-0.0007292425
1386,-4.8,0.5714286,4.923077,-0.01905051,-0.08788741,-0.0005201611
1387,-4.8,1.1428572,4.923077,-0.008712499,-0.08856007,-0.00030298415
1388,-4.8,1.7142857,4.923077,-0.0040552737,-0.089348964,-7.818189e-05
1389,-4.8,2.2857144,4.923077,0.0043701762,-0.08761431,0.00012861863
1390,-4.8,2.857143,4.923077,0.00924066,-0.0903084,0.00031760373
1391,-4.8,3.4285715,4.923077,0.019393465,-0.086533464,0.0005768579
1392,-4.8,4.0,4.923077,0.028197145,-0.08991688,0.0008417387
1393,-4.8,0.0,4.3076925,-0.027334604,-0.08764975,-0.00035958405
1394,-4.8,0.5714286,4.3076925,-0.01902626,-0.0877184,-0.00027503
1395,-4.8,1.1428572,4.3076925,-0.008709973,-0.088428386,-0.00020172563
1396,-4.8,1.7142857,4.3076925,-0.004043702,-0.0891948,-0.00013981819
1397,-4.8,2.2857144,4.3076925,0.004352605,-0.08747759,-6.2056344e-05
1398,-4.8,2.857143,4.3076925,0.009239794,-0.09016486,1.2108078e-05
1399,-4.8,3.4285715,4.3076925,0.01936401,-0.086391196,1.9621992e-05
1400,-4.8,4.0,4.3076925,0.028150609,-0.08976327,2.400303e-05
1401,-4.8,0.0,3.6923077,-0.02734682,-0.08764978,3.525748e-05
1402,-4.8,0.5714286,3.6923077,-0.019038495,-0.08771828,-5.1218234e-05
1403,-4.8,1.1428572,3.6923077,-0.008722233,-0.088428445,-0.00012335106
1404,-4.8,1.7142857,3.6923077,-0.0040559736,-0.089194685,-0.00018695736
1405,-4.8,2.2857144,3.6923077,0.0043403385,-0.08747762,-0.00026357296
1406,-4.8,2.857143,3.6923077,0.009227507,-0.09016479,-0.00033936973
1407,-4.8,3.4285715,3.6923077,0.019351741,-0.08639118,-0.00034585348
1408,-4.8,4.0,3.6923077,0.02813833,-0.08976317,-0.00035195533
1409,-4.8,0.0,3.0769231,-0.027416956,-0.087796405,0.00040414138
1410,-4.8,0.5714286,3.0769231,-0.019087287,-0.08788713,0.0001945327
1411,-4.8,1.1428572,3.0769231,-0.008749272,-0.08856015,-2.2666212e-05
1412,-4.8,1.7142857,3.0769231,-0.004092082,-0.089348726,-0.00024804307
1413,-4.8,2.2857144,3.0769231,0.004333349,-0.08761431,-0.00045477078
1414,-4.8,2.857143,3.0769231,0.009203807,-0.09030825,-0.0006443581
1415,-4.8,3.4285715,3.0769231,0.019356553,-0.08653343,-0.0009035793
1416,-4.8,4.0,3.0769231,0.028160159,-0.08991678,-0.0011691855
1417,-4.8,0.0,2.4615386,-0.027504997,-0.08810054,0.0008172339
1418,-4.8,0.5714286,2.4615386,-0.019184303,-0.08816434,0.00044981175
1419,-4.8,1.1428572,2.4615386,-0.008793501,-0.0888668,7.798884e-05
1420,-4.8,1.7142857,2.4615386,-0.004131866,-0.089642145,-0.0002824377
1421,-4.8,2.2857144,2.4615386,0.0043047266,-0.08788466,-0.00062836823
1422,-4.8,2.857143,2.4615386,0.009189299,-0.09062286,-0.0009938552
1423,-4.8,3.4285715,2.4615386,0.019363422,-0.08677398,-0.001250423
1424,-4.8,4.0,2.4615386,0.028156972,-0.0901968,-0.0014707614
1425,-4.8,0.0,1.8461539,-0.027663104,-0.08853857,0.0012894021
1426,-4.8,0.5714286,1.8461539,-0.019297553,-0.08870289,0.00073996326
1427,-4.8,1.1428572,1.8461539,-0.008825302,-0.08925255,0.00021583521
1428,-4.8,1.7142857,1.8461539,-0.0042257733,-0.09012708,-0.0002891313
1429,-4.8,2.2857144,1.8461539,0.004307882,-0.088289574,-0.00081493036
1430,-4.8,2.857143,1.8461539,0.009103731,-0.09106521,-0.0012332743
1431,-4.8,3.4285715,1.8461539,0.019382816,-0.087190226,-0.0017787262
1432,-4.8,4.0,1.8461539,0.02820734,-0.09066962,-0.0023850072
1433,-4.8,0.0,1.2307693,-0.027757246,-0.08913927,0.0016984354
1434,-4.8,0.5714286,1.2307693,-0.019425258,-0.08929897,0.0010857265
1435,-4.8,1.1428572,1.2307693,-0.008840177,-0.08988333,0.0004008677
1436,-4.8,1.7142857,1.2307693,-0.004297956,-0.0907457,-0.0003055023
1437,-4.8,2.2857144,1.2307693,0.004232854,-0.08881929,-0.00088128913
1438,-4.8,2.857143,1.2307693,0.009001673,-0.09171965,-0.0015908409
1439,-4.8,3.4285715,1.2307693,0.019322628,-0.087656565,-0.0020850287
1440,-4.8,4.0,1.2307693,0.028120603,-0.09124262,-0.0024062248
1441,-4.8,0.0,0.61538464,-0.027889721,-0.090094686,0.002509585
1442,-4.8,0.5714286,0.61538464,-0.019219572,-0.09011596,0.0014420209
1443,-4.8,1.1428572,0.61538464,-0.00886605,-0.090684846,0.0005652203
1444,-4.8,1.7142857,0.61538464,-0.004252035,-0.09145465,-0.00016371475
1445,-4.8,2.2857144,0.61538464,0.004066952,-0.089665584,-0.0011075602
1446,-4.8,2.857143,0.61538464,0.00885824,-0.0922947,-0.0017014035
1447,-4.8,3.4285715,0.61538464,0.019031184,-0.088504195,-0.0025345967
1448,-4.8,4.0,0.61538464,0.028126363,-0.091867074,-0.0036604295
1449,-4.8,0.0,0.0,-0.027561424,-0.09094654,0.0025440112
1450,-4.8,0.5714286,0.0,-0.018759657,-0.091223046,0.0018618657
1451,-4.8,1.1428572,0.0,-0.00871209,-0.09167152,0.000949528
1452,-4.8,1.7142857,0.0,-0.004068188,-0.09235251,-0.00034756862
1453,-4.8,2.2857144,0.0,0.0038492898,-0.09067732,-0.00093834044
1454,-4.8,2.857143,0.0,0.008716428,-0.09301797,-0.0021585466
1455,-4.8,3.4285715,0.0,0.018512532,-0.089522086,-0.0029349187
1456,-4.8,4.0,0.0,0.027715571,-0.09241874,-0.0030525376
1457,-4.2,0.0,8.0,-0.027885953,-0.104280114,-0.004347389
1458,-4.2,0.5714286,8.0,-0.014892938,-0.10433769,-0.0026444464
1459,-4.2,1.1428572,8.0,-0.010239264,-0.1052566,-0.0013493132
1460,-4.2,1.7142857,8.0,-0.0016605611,-0.10407082,-0.0004700037
1461,-4.2,2.2857144,8.0,0.0012452448,-0.10626716,0.0011123457
1462,-4.2,2.857143,8.0,0.009813204,-0.102699816,0.0018171354
1463,-4.2,3.4285715,8.0,0.014982805,-0.10638036,0.0030486954
1464,-4.2,4.0,8.0,0.027664566,-0.10185665,0.0048554903
1465,-4.2,0.0,7.3846154,-0.028352525,-0.102897905,-0.0030538654
1466,-4.2,0.5714286,7.3846154,-0.015112687,-0.103161976,-0.0022568284
1467,-4.2,1.1428572,7.3846154,-0.010516093,-0.10408634,-0.001240989
1468,-4.2,1.7142857,7.3846154,-0.0015329897,-0.10283691,-0.00011787358
1469,-4.2,2.2857144,7.3846154,0.0012721156,-0.10529572,0.00067690376
1470,-4.2,2.857143,7.3846154,0.010296359,-0.10143346,0.001812684
1471,-4.2,3.4285715,7.3846154,0.015329528,-0.10560402,0.002571225
1472,-4.2,4.0,7.3846154,0.028215334,-0.10047485,0.0029953746
1473,-4.2,0.0,6.769231,-0.02845289,-0.10200346,-0.002702156
1474,-4.2,0.5714286,6.769231,-0.015064371,-0.102151565,-0.0017639489
1475,-4.2,1.1428572,6.769231,-0.0106969485,-0.103156574,-0.0009215479
1476,-4.2,1.7142857,6.769231,-0.0013981473,-0.10183443,-0.00015785512
1477,-4.2,2.2857144,6.769231,0.0012977002,-0.104526274,0.00071648747
1478,-4.2,2.857143,6.769231,0.010573447,-0.1003808,0.0013617519
1479,-4.2,3.4285715,6.769231,0.015481437,-0.10493889,0.0021996188
1480,-4.2,4.0,6.769231,0.028508816,-0.09957773,0.0031612567
1481,-4.2,0.0,6.1538463,-0.028281666,-0.10119152,-0.0019344604
1482,-4.2,0.5714286,6.1538463,-0.01508243,-0.10137868,-0.0013559557
1483,-4.2,1.1428572,6.1538463,-0.01062998,-0.10242967,-0.00072077865
1484,-4.2,1.7142857,6.1538463,-0.0014150689,-0.10114283,-7.354618e-05
1485,-4.2,2.2857144,6.1538463,0.0013784615,-0.1037556,0.0005024428
1486,-4.2,2.857143,6.1538463,0.01062338,-0.0998027,0.0011485709
1487,-4.2,3.4285715,6.1538463,0.015562377,-0.10413217,0.0016152054
1488,-4.2,4.0,6.1538463,0.028416172,-0.09894001,0.0020081196
1489,-4.2,0.0,5.5384617,-0.028130913,-0.10060248,-0.0014246387
1490,-4.2,0.5714286,5.5384617,-0.015040505,-0.10090915,-0.0009831077
1491,-4.2,1.1428572,5.5384617,-0.010568658,-0.101835735,-0.0005305361
1492,-4.2,1.7142857,5.5384617,-0.0014317303,-0.100667365,-8.8074696e-05
1493,-4.2,2.2857144,5.5384617,0.0014331967,-0.10321375,0.0003569656
1494,-4.2,2.857143,5.5384617,0.010577626,-0.09930537,0.0007447379
1495,-4.2,3.4285715,5.5384617,0.015590611,-0.10363815,0.001219597
1496,-4.2,4.0,5.5384617,0.028355833,-0.09851619,0.001690463
1497,-4.2,0.0,4.923077,-0.02802862,-0.1002361,-0.0008974705
1498,-4.2,0.5714286,4.923077,-0.015012674,-0.10053825,-0.00063828606
1499,-4.2,1.1428572,4.923077,-0.0105295805,-0.10150182,-0.00037468818
1500,-4.2,1.7142857,4.923077,-0.0014336817,-0.10033392,-0.00011399662
1501,-4.2,2.2857144,4.923077,0.0014362992,-0.10285927,0.00014878131
1502,-4.2,2.857143,4.923077,0.010563292,-0.09901396,0.000411144
1503,-4.2,3.4285715,4.923077,0.015566731,-0.103256136,0.00058459863
1504,-4.2,4.0,4.923077,0.028259898,-0.098197825,0.000751716
1505,-4.2,0.0,4.3076925,-0.027987849,-0.10005198,-0.00040680383
1506,-4.2,0.5714286,4.3076925,-0.014997369,-0.10038475,-0.00033368028
1507,-4.2,1.1428572,4.3076925,-0.010516424,-0.10131827,-0.00024261985
1508,-4.2,1.7142857,4.3076925,-0.0014435812,-0.10017836,-0.00014754171
1509,-4.2,2.2857144,4.3076925,0.0014378829,-0.102688335,-6.847797e-05
1510,-4.2,2.857143,4.3076925,0.010535434,-0.09885136,8.596815e-06
1511,-4.2,3.4285715,4.3076925,0.015553828,-0.10310098,0.00014811703
1512,-4.2,4.0,4.3076925,0.02822875,-0.098057345,0.0002695909
1513,-4.2,0.0,3.6923077,-0.028000114,-0.10005191,5.6552944e-05
1514,-4.2,0.5714286,3.6923077,-0.015009629,-0.10038478,-1.4919392e-05
1515,-4.2,1.1428572,3.6923077,-0.010528696,-0.101318136,-0.0001081164
1516,-4.2,1.7142857,3.6923077,-0.0014558266,-0.10017839,-0.00020160191
1517,-4.2,2.2857144,3.6923077,0.0014255822,-0.10268823,-0.00028261082
1518,-4.2,2.857143,3.6923077,0.010523177,-0.098851345,-0.00035822557
1519,-4.2,3.4285715,3.6923077,0.015541487,-0.103100926,-0.0004996381
1520,-4.2,4.0,3.6923077,0.028216405,-0.098057374,-0.0006198134
1521,-4.2,0.0,3.0769231,-0.028065354,-0.100235835,0.0005482777
1522,-4.2,0.5714286,3.0769231,-0.01504936,-0.10053825,0.0002888492
1523,-4.2,1.1428572,3.0769231,-0.010566402,-0.10150154,2.4725474e-05
1524,-4.2,1.7142857,3.0769231,-0.0014704501,-0.100333884,-0.0002358636
1525,-4.2,2.2857144,3.0769231,0.0013994472,-0.10285906,-0.0004991865
1526,-4.2,2.857143,3.0769231,0.010526488,-0.099013835,-0.0007614118
1527,-4.2,3.4285715,3.0769231,0.015529847,-0.103255965,-0.00093549554
1528,-4.2,4.0,3.0769231,0.028223043,-0.09819765,-0.0011025794
1529,-4.2,0.0,2.4615386,-0.028192198,-0.10060195,0.0010753429
1530,-4.2,0.5714286,2.4615386,-0.015101723,-0.10090923,0.0006334336
1531,-4.2,1.1428572,2.4615386,-0.010630016,-0.10183524,0.00018088432
1532,-4.2,1.7142857,2.4615386,-0.0014930249,-0.100667305,-0.00026209475
1533,-4.2,2.2857144,2.4615386,0.0013717754,-0.10321341,-0.00070704834
1534,-4.2,2.857143,2.4615386,0.010516256,-0.09930514,-0.0010953122
1535,-4.2,3.4285715,2.4615386,0.015529086,-0.10363796,-0.0015701728
1536,-4.2,4.0,2.4615386,0.02829424,-0.09851596,-0.0020415967
1537,-4.2,0.0,1.8461539,-0.028367417,-0.10119084,0.0015855372
1538,-4.2,0.5714286,1.8461539,-0.015168088,-0.10137878,0.0010063868
1539,-4.2,1.1428572,1.8461539,-0.010715915,-0.102429,0.00037099034
1540,-4.2,1.7142857,1.8461539,-0.0015008708,-0.10114277,-0.00027649367
1541,-4.2,2.2857144,1.8461539,0.001292445,-0.10375514,-0.0008526138
1542,-4.2,2.857143,1.8461539,0.010537486,-0.09980239,-0.0014990447
1543,-4.2,3.4285715,1.8461539,0.015476259,-0.10413189,-0.0019658532
1544,-4.2,4.0,1.8461539,0.028330103,-0.09893962,-0.0023592364
1545,-4.2,0.0,1.2307693,-0.028563058,-0.102002494,0.0023528254
1546,-4.2,0.5714286,1.2307693,-0.015174747,-0.102151826,0.0014142867
1547,-4.2,1.1428572,1.2307693,-0.010807249,-0.103155635,0.00057187135
1548,-4.2,1.7142857,1.2307693,-0.0015086778,-0.10183447,-0.00019225091
1549,-4.2,2.2857144,1.2307693,0.0011872967,-0.10452562,-0.0010666118
1550,-4.2,2.857143,1.2307693,0.010462782,-0.10038052,-0.001712232
1551,-4.2,3.4285715,1.2307693,0.015370865,-0.10493851,-0.0025502439
1552,-4.2,4.0,1.2307693,0.0283978,-0.09957743,-0.0035123103
1553,-4.2,0.0,0.61538464,-0.028486772,-0.10289654,0.002704954
1554,-4.2,0.5714286,0.61538464,-0.015247919,-0.103162505,0.0019072691
1555,-4.2,1.1428572,0.61538464,-0.010650584,-0.104085036,0.0008912061
1556,-4.2,1.7142857,0.61538464,-0.0016684345,-0.10283719,-0.00023217518
1557,-4.2,2.2857144,0.61538464,0.0011375268,-0.10529471,-0.0010270355
1558,-4.2,2.857143,0.61538464,0.010160779,-0.10143346,-0.0021631431
1559,-4.2,3.4285715,0.61538464,0.015194774,-0.10560322,-0.0029218167
1560,-4.2,4.0,0.61538464,0.028079506,-0.10047475,-0.0033465165
1561,-4.2,0.0,0.0,-0.02804469,-0.10427861,0.003998061
1562,-4.2,0.5714286,0.0,-0.0150529025,-0.10433824,0.0022947364
1563,-4.2,1.1428572,0.0,-0.010398166,-0.105255164,0.0009996027
1564,-4.2,1.7142857,0.0,-0.0018206865,-0.10407118,0.0001199358
1565,-4.2,2.2857144,0.0,0.0010862483,-0.10626597,-0.0014624867
1566,-4.2,2.857143,0.0,0.009652947,-0.102699935,-0.0021675501
1567,-4.2,3.4285715,0.0,0.01482363,-0.10637937,-0.0033993027
1568,-4.2,4.0,0.0,0.027503911,-0.10185675,-0.0052065034
1569,-3.6,0.0,8.0,-0.022299914,-0.11559133,-0.004137035
1570,-3.6,0.5714286,8.0,-0.01643606,-0.117338985,-0.0031817986
1571,-3.6,1.1428572,8.0,-0.006381472,-0.11656064,-0.0017515668
1572,-3.6,1.7142857,8.0,-0.0046244357,-0.11855505,-5.2072846e-05
1573,-3.6,2.2857144,8.0,0.0035675846,-0.11546048,0.0008608091
1574,-3.6,2.857143,8.0,0.005657784,-0.11938409,0.0026328769
1575,-3.6,3.4285715,8.0,0.015811097,-0.11384972,0.003667537
1576,-3.6,4.0,8.0,0.02244453,-0.11857801,0.004045961
1577,-3.6,0.0,7.3846154,-0.02237847,-0.11421372,-0.0040145577
1578,-3.6,0.5714286,7.3846154,-0.016831161,-0.1158843,-0.0025215792
1579,-3.6,1.1428572,7.3846154,-0.006291728,-0.115116045,-0.0013173238
1580,-3.6,1.7142857,7.3846154,-0.0046849693,-0.117308825,-0.0002381334
1581,-3.6,2.2857144,7.3846154,0.0040326477,-0.11397851,0.001086364
1582,-3.6,2.857143,7.3846154,0.0058894,-0.118384495,0.0019694027
1583,-3.6,3.4285715,7.3846154,0.016584208,-0.112297736,0.0031717187
1584,-3.6,4.0,7.3846154,0.022936825,-0.117938794,0.0046551353
1585,-3.6,0.0,6.769231,-0.022194592,-0.1129393,-0.0028862127
1586,-3.6,0.5714286,6.769231,-0.017034596,-0.11477648,-0.0020488107
1587,-3.6,1.1428572,6.769231,-0.006169303,-0.11395319,-0.0010760573
1588,-3.6,1.7142857,6.769231,-0.004767374,-0.1163139,-5.6843222e-05
1589,-3.6,2.2857144,6.769231,0.004298688,-0.11276222,0.00079904933
1590,-3.6,2.857143,6.769231,0.0060256454,-0.117587276,0.0018018726
1591,-3.6,3.4285715,6.769231,0.01694924,-0.1110543,0.0025341527
1592,-3.6,4.0,6.769231,0.022963637,-0.11702333,0.0031002471
1593,-3.6,0.0,6.1538463,-0.02214011,-0.11209064,-0.0023338406
1594,-3.6,0.5714286,6.1538463,-0.016927686,-0.113920204,-0.0015471523
1595,-3.6,1.1428572,6.1538463,-0.00623043,-0.11310381,-0.000802726
1596,-3.6,1.7142857,6.1538463,-0.0046866974,-0.115449004,-6.651982e-05
1597,-3.6,2.2857144,6.1538463,0.0042867623,-0.11203534,0.00068630726
1598,-3.6,2.857143,6.1538463,0.0061156573,-0.11664254,0.0013303333
1599,-3.6,3.4285715,6.1538463,0.016969064,-0.11044852,0.0020760803
1600,-3.6,4.0,6.1538463,0.023049125,-0.11621327,0.002848063
1601,-3.6,0.0,5.5384617,-0.022068838,-0.11149291,-0.0015963723
1602,-3.6,0.5714286,5.5384617,-0.016849345,-0.11323887,-0.0011178963
1603,-3.6,1.1428572,5.5384617,-0.006228664,-0.11256001,-0.0005978293
1604,-3.6,1.7142857,5.5384617,-0.0046487986,-0.11481027,-6.475913e-05
1605,-3.6,2.2857144,5.5384617,0.0042516314,-0.11147784,0.0004468383
1606,-3.6,2.857143,5.5384617,0.0061560255,-0.116065145,0.00096301205
1607,-3.6,3.4285715,5.5384617,0.016896194,-0.10985597,0.0013574067
1608,-3.6,4.0,5.5384617,0.022981623,-0.115566,0.0017202406
1609,-3.6,0.0,4.923077,-0.022010267,-0.11109406,-0.0010290891
1610,-3.6,0.5714286,4.923077,-0.01678789,-0.112860896,-0.00073123403
1611,-3.6,1.1428572,4.923077,-0.006231544,-0.112168714,-0.00042241428
1612,-3.6,1.7142857,4.923077,-0.0046264874,-0.11442375,-9.794783e-05
1613,-3.6,2.2857144,4.923077,0.0042287144,-0.1111283,0.00020221283
1614,-3.6,2.857143,4.923077,0.006142788,-0.11564294,0.00049385126
1615,-3.6,3.4285715,4.923077,0.01686079,-0.10956242,0.00083249155
1616,-3.6,4.0,4.923077,0.022960499,-0.11519544,0.0011426616
1617,-3.6,0.0,4.3076925,-0.021989735,-0.11090462,-0.00045766082
1618,-3.6,0.5714286,4.3076925,-0.016767737,-0.11265321,-0.0003601064
1619,-3.6,1.1428572,4.3076925,-0.0062319036,-0.11199634,-0.00025905075
1620,-3.6,1.7142857,4.3076925,-0.0046258844,-0.11422901,-0.00016330615
1621,-3.6,2.2857144,4.3076925,0.004208387,-0.11095196,-4.8239086e-05
1622,-3.6,2.857143,4.3076925,0.00613569,-0.11546363,4.966745e-05
1623,-3.6,3.4285715,4.3076925,0.016823476,-0.10937248,8.553066e-05
1624,-3.6,4.0,4.3076925,0.022921754,-0.11499528,0.00013247246
1625,-3.6,0.0,3.6923077,-0.022001911,-0.11090453,8.564426e-05
1626,-3.6,0.5714286,3.6923077,-0.016779982,-0.112653084,-1.4750468e-05
1627,-3.6,1.1428572,3.6923077,-0.006244134,-0.11199635,-0.00011359146
1628,-3.6,1.7142857,3.6923077,-0.004638194,-0.11422886,-0.00021181205
1629,-3.6,2.2857144,3.6923077,0.0041961675,-0.11095194,-0.00032486158
1630,-3.6,2.857143,3.6923077,0.0061233677,-0.115463525,-0.00042500778
1631,-3.6,3.4285715,3.6923077,0.016811267,-0.1093724,-0.0004590806
1632,-3.6,4.0,3.6923077,0.022909462,-0.114995115,-0.0005082536
1633,-3.6,0.0,3.0769231,-0.022046933,-0.11109397,0.0006556444
1634,-3.6,0.5714286,3.0769231,-0.016824754,-0.112860605,0.00035754222
1635,-3.6,1.1428572,3.0769231,-0.0062682447,-0.11216862,4.8739963e-05
1636,-3.6,1.7142857,3.0769231,-0.0046633617,-0.11442347,-0.0002762141
1637,-3.6,2.2857144,3.0769231,0.0041919635,-0.111128114,-0.0005761826
1638,-3.6,2.857143,3.0769231,0.0061058835,-0.115642734,-0.0008683657
1639,-3.6,3.4285715,3.0769231,0.016823968,-0.10956218,-0.0012068162
1640,-3.6,4.0,3.0769231,0.022923443,-0.11519532,-0.0015176455
1641,-3.6,0.0,2.4615386,-0.022129878,-0.11149286,0.0012231693
1642,-3.6,0.5714286,2.4615386,-0.016910687,-0.1132383,0.0007444474
1643,-3.6,1.1428572,2.4615386,-0.0062898817,-0.11255989,0.00022382513
1644,-3.6,1.7142857,2.4615386,-0.004710235,-0.114809796,-0.00030902628
1645,-3.6,2.2857144,2.4615386,0.0041903555,-0.111477554,-0.0008211627
1646,-3.6,2.857143,2.4615386,0.0060945526,-0.116064824,-0.0013371387
1647,-3.6,3.4285715,2.4615386,0.016834855,-0.109855495,-0.001732095
1648,-3.6,4.0,2.4615386,0.022920072,-0.1155657,-0.002094911
1649,-3.6,0.0,1.8461539,-0.022225682,-0.11209052,0.0019602075
1650,-3.6,0.5714286,1.8461539,-0.01701367,-0.11391945,0.0011735957
1651,-3.6,1.1428572,1.8461539,-0.0063161002,-0.11310367,0.00042892052
1652,-3.6,1.7142857,1.8461539,-0.004772757,-0.11544836,-0.00030742737
1653,-3.6,2.2857144,1.8461539,0.0042009978,-0.112034954,-0.0010604649
1654,-3.6,2.857143,1.8461539,0.0060295234,-0.11664215,-0.0017045735
1655,-3.6,3.4285715,1.8461539,0.016883159,-0.110447906,-0.0024506298
1656,-3.6,4.0,1.8461539,0.022962734,-0.11621302,-0.0032227754
1657,-3.6,0.0,1.2307693,-0.022304673,-0.11293928,0.0025130892
1658,-3.6,0.5714286,1.2307693,-0.017144922,-0.11477547,0.0016753682
1659,-3.6,1.1428572,1.2307693,-0.0062796734,-0.11395309,0.00070210634
1660,-3.6,1.7142857,1.2307693,-0.004877834,-0.11631304,-0.00031697808
1661,-3.6,2.2857144,1.2307693,0.0041882033,-0.11276184,-0.0011732584
1662,-3.6,2.857143,1.2307693,0.0059151025,-0.11758671,-0.0021760443
1663,-3.6,3.4285715,1.2307693,0.016838612,-0.11105361,-0.0029087127
1664,-3.6,4.0,1.2307693,0.022852931,-0.11702283,-0.0034750197
1665,-3.6,0.0,0.61538464,-0.022513565,-0.11421387,0.0036409188
1666,-3.6,0.5714286,0.61538464,-0.016965687,-0.11588293,0.0021480126
1667,-3.6,1.1428572,0.61538464,-0.006427019,-0.115116164,0.0009435053
1668,-3.6,1.7142857,0.61538464,-0.0048195915,-0.1173076,-0.00013576151
1669,-3.6,2.2857144,0.61538464,0.0038972038,-0.11397837,-0.0014605158
1670,-3.6,2.857143,0.61538464,0.0057546697,-0.1183835,-0.0023435699
1671,-3.6,3.4285715,0.61538464,0.016448563,-0.11229742,-0.0035462661
1672,-3.6,4.0,0.61538464,0.02280172,-0.117937885,-0.00502976
1673,-3.6,0.0,0.0,-0.022459563,-0.11559153,0.0037638885
1674,-3.6,0.5714286,0.0,-0.016594937,-0.117337465,0.0028083506
1675,-3.6,1.1428572,0.0,-0.0065414673,-0.116560765,0.0013776304
1676,-3.6,1.7142857,0.0,-0.00478345,-0.118553646,-0.00032176732
1677,-3.6,2.2857144,0.0,0.0034074644,-0.115460426,-0.0012349392
1678,-3.6,2.857143,0.0,0.0054986766,-0.11938284,-0.003007038
1679,-3.6,3.4285715,0.0,0.015650807,-0.1138495,-0.0040419973
1680,-3.6,4.0,0.0,0.022285206,-0.11857675,-0.004420724
1681,-3.0,0.0,8.0,-0.023308732,-0.12834011,-0.005543495
1682,-3.0,0.5714286,8.0,-0.010734342,-0.12777846,-0.0032920935
1683,-3.0,1.1428572,8.0,-0.009269694,-0.12971796,-0.0016401282
1684,-3.0,1.7142857,8.0,-0.0007248798,-0.12748216,-0.00024793312
1685,-3.0,2.2857144,8.0,-0.0008056908,-0.13111612,0.0017605425
1686,-3.0,2.857143,8.0,0.007821393,-0.12564845,0.002730905
1687,-3.0,3.4285715,8.0,0.01017317,-0.13161528,0.0044525997
1688,-3.0,4.0,8.0,0.022908874,-0.12419453,0.0066627893
1689,-3.0,0.0,7.3846154,-0.02371222,-0.12659912,-0.003969277
1690,-3.0,0.5714286,7.3846154,-0.01069407,-0.12611146,-0.002823997
1691,-3.0,1.1428572,7.3846154,-0.009414394,-0.12817031,-0.0014052506
1692,-3.0,1.7142857,7.3846154,-0.00031672572,-0.1257745,7.85534e-05
1693,-3.0,2.2857144,7.3846154,-0.0006071747,-0.12983382,0.0012412667
1694,-3.0,2.857143,7.3846154,0.008631108,-0.12389969,0.0027244
1695,-3.0,3.4285715,7.3846154,0.010620759,-0.13070792,0.003722706
1696,-3.0,4.0,7.3846154,0.02378046,-0.12211117,0.004428963
1697,-3.0,0.0,6.769231,-0.023766046,-0.12535717,-0.0034131117
1698,-3.0,0.5714286,6.769231,-0.010559463,-0.12476327,-0.0021937909
1699,-3.0,1.1428572,6.769231,-0.009596852,-0.12694858,-0.0010444286
1700,-3.0,1.7142857,6.769231,-6.133279e-05,-0.12442947,2.9848718e-05
1701,-3.0,2.2857144,6.769231,-0.00060756464,-0.1288185,0.0012036329
1702,-3.0,2.857143,6.769231,0.009010123,-0.12244762,0.0021280206
1703,-3.0,3.4285715,6.769231,0.010825922,-0.12988453,0.0032258173
1704,-3.0,4.0,6.769231,0.024190374,-0.12093788,0.0043689026
1705,-3.0,0.0,6.1538463,-0.023625193,-0.12433873,-0.002423034
1706,-3.0,0.5714286,6.1538463,-0.010603113,-0.12378816,-0.0016782333
1707,-3.0,1.1428572,6.1538463,-0.009504761,-0.1259946,-0.0008126629
1708,-3.0,1.7142857,6.1538463,-0.0001486713,-0.12354098,7.280416e-05
1709,-3.0,2.2857144,6.1538463,-0.00050360715,-0.12780754,0.00090117997
1710,-3.0,2.857143,6.1538463,0.008983459,-0.121735446,0.0017469063
1711,-3.0,3.4285715,6.1538463,0.010886761,-0.12875485,0.0024073143
1712,-3.0,4.0,6.1538463,0.024089567,-0.12012816,0.0030037574
1713,-3.0,0.0,5.5384617,-0.023486674,-0.123609476,-0.0017775631
1714,-3.0,0.5714286,5.5384617,-0.010587451,-0.123174265,-0.0012083502
1715,-3.0,1.1428572,5.5384617,-0.009468247,-0.12527835,-0.0005918142
1716,-3.0,1.7142857,5.5384617,-0.0001642523,-0.12293735,1.5330541e-05
1717,-3.0,2.2857144,5.5384617,-0.0004932097,-0.12713923,0.0006296627
1718,-3.0,2.857143,5.5384617,0.0089227315,-0.12109228,0.0011809671
1719,-3.0,3.4285715,5.5384617,0.010910387,-0.12816687,0.0017902864
1720,-3.0,4.0,5.5384617,0.024004906,-0.11960037,0.0023247637
1721,-3.0,0.0,4.923077,-0.023428086,-0.12317128,-0.0010843048
1722,-3.0,0.5714286,4.923077,-0.010574685,-0.12274239,-0.0007749725
1723,-3.0,1.1428572,4.923077,-0.009430236,-0.124870144,-0.00042302656
1724,-3.0,1.7142857,4.923077,-0.0001963502,-0.122539826,-5.9255934e-05
1725,-3.0,2.2857144,4.923077,-0.00048303063,-0.12670632,0.00031031223
1726,-3.0,2.857143,4.923077,0.008880801,-0.12075399,0.00065713644
1727,-3.0,3.4285715,4.923077,0.010877288,-0.12767303,0.00091167015
1728,-3.0,4.0,4.923077,0.023934977,-0.11922351,0.0011630385
1729,-3.0,0.0,4.3076925,-0.023392476,-0.122952685,-0.00049856614
1730,-3.0,0.5714286,4.3076925,-0.010570283,-0.12255544,-0.00039555965
1731,-3.0,1.1428572,4.3076925,-0.009425693,-0.124659315,-0.00027066824
1732,-3.0,1.7142857,4.3076925,-0.00020754598,-0.12235589,-0.00014568993
1733,-3.0,2.2857144,4.3076925,-0.00049607764,-0.12650725,-3.3466815e-05
1734,-3.0,2.857143,4.3076925,0.008848725,-0.12055902,7.9794016e-05
1735,-3.0,3.4285715,4.3076925,0.010865254,-0.12749818,0.00024528627
1736,-3.0,4.0,4.3076925,0.0238972,-0.119058155,0.0003583938
1737,-3.0,0.0,3.6923077,-0.023404812,-0.12295268,9.935436e-05
1738,-3.0,0.5714286,3.6923077,-0.010582533,-0.12255541,-4.68883e-07
1739,-3.0,1.1428572,3.6923077,-0.009437995,-0.124659136,-0.00012869753
1740,-3.0,1.7142857,3.6923077,-0.00021974967,-0.122355886,-0.00025086437
1741,-3.0,2.2857144,3.6923077,-0.0005084276,-0.12650709,-0.0003659568
1742,-3.0,2.857143,3.6923077,0.008836526,-0.12055894,-0.00047678113
1743,-3.0,3.4285715,3.6923077,0.010852864,-0.1274981,-0.0006448379
1744,-3.0,4.0,3.6923077,0.023884896,-0.119058155,-0.00075576355
1745,-3.0,0.0,3.0769231,-0.023464859,-0.12317097,0.0006871151
1746,-3.0,0.5714286,3.0769231,-0.010611292,-0.12274223,0.00037733495
1747,-3.0,1.1428572,3.0769231,-0.00946714,-0.124869816,2.5081214e-05
1748,-3.0,1.7142857,3.0769231,-0.00023304283,-0.12253961,-0.00033854408
1749,-3.0,2.2857144,3.0769231,-0.00051995675,-0.12670602,-0.0007085898
1750,-3.0,2.857143,3.0769231,0.008844101,-0.12075364,-0.0010551433
1751,-3.0,3.4285715,3.0769231,0.010840364,-0.1276728,-0.0013102442
1752,-3.0,4.0,3.0769231,0.023898236,-0.11922302,-0.0015613959
1753,-3.0,0.0,2.4615386,-0.023548124,-0.12360888,0.0013799676
1754,-3.0,0.5714286,2.4615386,-0.01064863,-0.12317408,0.00081053906
1755,-3.0,1.1428572,2.4615386,-0.009529679,-0.1252778,0.00019424141
1756,-3.0,1.7142857,2.4615386,-0.00022547839,-0.12293703,-0.00041352265
1757,-3.0,2.2857144,2.4615386,-0.000554708,-0.12713875,-0.0010274888
1758,-3.0,2.857143,2.4615386,0.008861477,-0.12109172,-0.0015793836
1759,-3.0,3.4285715,2.4615386,0.010848828,-0.1281666,-0.0021884
1760,-3.0,4.0,2.4615386,0.023943402,-0.11959976,-0.0027234892
1761,-3.0,0.0,1.8461539,-0.023711065,-0.12433801,0.0020260361
1762,-3.0,0.5714286,1.8461539,-0.0106886495,-0.123787925,0.0012805626
1763,-3.0,1.1428572,1.8461539,-0.009590864,-0.1259938,0.00041485563
1764,-3.0,1.7142857,1.8461539,-0.00023432217,-0.12354057,-0.0004707268
1765,-3.0,2.2857144,1.8461539,-0.0005897886,-0.12780693,-0.0012991895
1766,-3.0,2.857143,1.8461539,0.0088977795,-0.12173467,-0.0021450925
1767,-3.0,3.4285715,1.8461539,0.010800538,-0.12875451,-0.0028055839
1768,-3.0,4.0,1.8461539,0.024003722,-0.12012716,-0.0034023998
1769,-3.0,0.0,1.2307693,-0.023876527,-0.12535614,0.0030155256
1770,-3.0,0.5714286,1.2307693,-0.010669707,-0.12476303,0.0017959983
1771,-3.0,1.1428572,1.2307693,-0.00970735,-0.1269476,0.00064684177
1772,-3.0,1.7142857,1.2307693,-0.0001716886,-0.124429025,-0.00042792122
1773,-3.0,2.2857144,1.2307693,-0.00071817794,-0.12881769,-0.0016014851
1774,-3.0,2.857143,1.2307693,0.008899687,-0.12244677,-0.0025262595
1775,-3.0,3.4285715,1.2307693,0.010715187,-0.1298841,-0.003623996
1776,-3.0,4.0,1.2307693,0.024079558,-0.120936885,-0.004767469
1777,-3.0,0.0,0.61538464,-0.023846598,-0.12659785,0.0035723166
1778,-3.0,0.5714286,0.61538464,-0.010829193,-0.12611133,0.0024263225
1779,-3.0,1.1428572,0.61538464,-0.009549063,-0.12816897,0.0010075067
1780,-3.0,1.7142857,0.61538464,-0.00045203973,-0.12577423,-0.00047648765
1781,-3.0,2.2857144,0.61538464,-0.0007419374,-0.12983261,-0.0016391607
1782,-3.0,2.857143,0.61538464,0.008495687,-0.123899154,-0.00312256
1783,-3.0,3.4285715,0.61538464,0.010485882,-0.13070682,-0.0041208467
1784,-3.0,4.0,0.61538464,0.023644803,-0.12211053,-0.0048276945
1785,-3.0,0.0,0.0,-0.023467693,-0.12833855,0.0051458557
1786,-3.0,0.5714286,0.0,-0.010894219,-0.12777832,0.0028942863
1787,-3.0,1.1428572,0.0,-0.009428707,-0.12971646,0.0012425283
1788,-3.0,1.7142857,0.0,-0.00088490115,-0.12748191,-0.00015005692
1789,-3.0,2.2857144,0.0,-0.000964829,-0.13111468,-0.0021583901
1790,-3.0,2.857143,0.0,0.007661259,-0.12564804,-0.0031290096
1791,-3.0,3.4285715,0.0,0.010013868,-0.13161395,-0.0048507745
1792,-3.0,4.0,0.0,0.022748303,-0.124194115,-0.007061226
1793,-2.4,0.0,8.0,-0.015631033,-0.13735825,-0.005130775
1794,-2.4,0.5714286,8.0,-0.013004248,-0.1395024,-0.0036681
1795,-2.4,1.1428572,8.0,-0.0037728772,-0.13828732,-0.0016116532
1796,-2.4,1.7142857,8.0,-0.004954455,-0.14131123,0.0004260248
1797,-2.4,2.2857144,8.0,0.002939477,-0.1370131,0.0018824221
1798,-2.4,2.857143,8.0,0.0019534617,-0.1430573,0.004097512
1799,-2.4,3.4285715,8.0,0.01181486,-0.13448729,0.0052700317
1800,-2.4,4.0,8.0,0.015763907,-0.14258511,0.0058874064
1801,-2.4,0.0,7.3846154,-0.015466342,-0.13544932,-0.004699269
1802,-2.4,0.5714286,7.3846154,-0.013306794,-0.13762307,-0.0028506534
1803,-2.4,1.1428572,7.3846154,-0.0034173315,-0.13632846,-0.001239722
1804,-2.4,1.7142857,7.3846154,-0.0048188213,-0.13968576,0.00030919941
1805,-2.4,2.2857144,7.3846154,0.0037175515,-0.13504611,0.0019756905
1806,-2.4,2.857143,7.3846154,0.0024105033,-0.141832,0.0032235994
1807,-2.4,3.4285715,7.3846154,0.013019081,-0.1323848,0.004747512
1808,-2.4,4.0,7.3846154,0.016401913,-0.14221945,0.0063878326
1809,-2.4,0.0,6.769231,-0.015250083,-0.13390025,-0.0034050317
1810,-2.4,0.5714286,6.769231,-0.01349735,-0.13620336,-0.0022780816
1811,-2.4,1.1428572,6.769231,-0.0032210483,-0.13483965,-0.00097621256
1812,-2.4,1.7142857,6.769231,-0.004949912,-0.1384103,0.00038527593
1813,-2.4,2.2857144,6.769231,0.00407319,-0.13348895,0.0015978838
1814,-2.4,2.857143,6.769231,0.0024885347,-0.14087838,0.0028603277
1815,-2.4,3.4285715,6.769231,0.013412877,-0.1307007,0.0038166
1816,-2.4,4.0,6.769231,0.016543537,-0.14106971,0.004692207
1817,-2.4,0.0,6.1538463,-0.015213226,-0.13283356,-0.0026712436
1818,-2.4,0.5714286,6.1538463,-0.013385122,-0.13516158,-0.0017044635
1819,-2.4,1.1428572,6.1538463,-0.0033275022,-0.13382739,-0.0007261338
1820,-2.4,1.7142857,6.1538463,-0.0048472625,-0.13735598,0.00029213759
1821,-2.4,2.2857144,6.1538463,0.0039460836,-0.13261127,0.0012800833
1822,-2.4,2.857143,6.1538463,0.0025709,-0.13967647,0.0021861838
1823,-2.4,3.4285715,6.1538463,0.013371008,-0.1300676,0.0031036015
1824,-2.4,4.0,6.1538463,0.016544675,-0.14002378,0.003946796
1825,-2.4,0.0,5.5384617,-0.015210733,-0.13213968,-0.0017919785
1826,-2.4,0.5714286,5.5384617,-0.013327161,-0.13440417,-0.0012198538
1827,-2.4,1.1428572,5.5384617,-0.0033312645,-0.13318922,-0.000543901
1828,-2.4,1.7142857,5.5384617,-0.0048499294,-0.13663282,0.000179697
1829,-2.4,2.2857144,5.5384617,0.003925399,-0.13196212,0.0008790436
1830,-2.4,2.857143,5.5384617,0.0025516034,-0.139023,0.0015496751
1831,-2.4,3.4285715,5.5384617,0.013261237,-0.12934002,0.0020739653
1832,-2.4,4.0,5.5384617,0.016552633,-0.13926749,0.002570056
1833,-2.4,0.0,4.923077,-0.015170968,-0.1316865,-0.0011590794
1834,-2.4,0.5714286,4.923077,-0.013281479,-0.1339797,-0.00079451175
1835,-2.4,1.1428572,4.923077,-0.003358193,-0.1327699,-0.00039455068
1836,-2.4,1.7142857,4.923077,-0.004825906,-0.13620639,4.125206e-05
1837,-2.4,2.2857144,4.923077,0.003858116,-0.13158883,0.00044628105
1838,-2.4,2.857143,4.923077,0.0025460368,-0.13854255,0.0008446198
1839,-2.4,3.4285715,4.923077,0.013224741,-0.12905562,0.0012541468
1840,-2.4,4.0,4.923077,0.016510094,-0.1388272,0.0015783684
1841,-2.4,0.0,4.3076925,-0.015178827,-0.1314821,-0.00049666624
1842,-2.4,0.5714286,4.3076925,-0.01326846,-0.1337641,-0.00039676728
1843,-2.4,1.1428572,4.3076925,-0.0033630242,-0.13258453,-0.00026740093
1844,-2.4,1.7142857,4.3076925,-0.00483822,-0.13600266,-0.00013260853
1845,-2.4,2.2857144,4.3076925,0.003840778,-0.1314018,1.8728057e-05
1846,-2.4,2.857143,4.3076925,0.002519423,-0.13835794,0.0001470558
1847,-2.4,3.4285715,4.3076925,0.013174552,-0.12884812,0.00020827296
1848,-2.4,4.0,4.3076925,0.016501926,-0.13861416,0.0002883173
1849,-2.4,0.0,3.6923077,-0.0151909115,-0.13148186,7.752252e-05
1850,-2.4,0.5714286,3.6923077,-0.013280725,-0.13376397,-2.7123526e-05
1851,-2.4,1.1428572,3.6923077,-0.0033752213,-0.13258453,-0.0001524357
1852,-2.4,1.7142857,3.6923077,-0.004850582,-0.13600247,-0.00029118537
1853,-2.4,2.2857144,3.6923077,0.0038286187,-0.13140175,-0.00043916036
1854,-2.4,2.857143,3.6923077,0.002507041,-0.13835779,-0.0005707139
1855,-2.4,3.4285715,3.6923077,0.0131624425,-0.12884791,-0.000629086
1856,-2.4,4.0,3.6923077,0.01648958,-0.1386139,-0.00071206054
1857,-2.4,0.0,3.0769231,-0.015207692,-0.13168631,0.0007370807
1858,-2.4,0.5714286,3.0769231,-0.01331842,-0.13397937,0.00037291658
1859,-2.4,1.1428572,3.0769231,-0.0033948247,-0.13276966,-2.7208416e-05
1860,-2.4,1.7142857,3.0769231,-0.004862861,-0.13620605,-0.00046336072
1861,-2.4,2.2857144,3.0769231,0.003821437,-0.13158846,-0.0008681421
1862,-2.4,2.857143,3.0769231,0.0025090708,-0.13854225,-0.0012669635
1863,-2.4,3.4285715,3.0769231,0.013188039,-0.12905504,-0.0016761244
1864,-2.4,4.0,3.0769231,0.016472965,-0.13882713,-0.0020009156
1865,-2.4,0.0,2.4615386,-0.015271691,-0.13213949,0.0013707608
1866,-2.4,0.5714286,2.4615386,-0.013388572,-0.13440356,0.000798349
1867,-2.4,1.1428572,2.4615386,-0.0033924584,-0.13318886,0.00012180628
1868,-2.4,1.7142857,2.4615386,-0.0049114213,-0.13663222,-0.0006013175
1869,-2.4,2.2857144,2.4615386,0.003864166,-0.13196155,-0.0013013487
1870,-2.4,2.857143,2.4615386,0.0024900998,-0.13902251,-0.001971465
1871,-2.4,3.4285715,2.4615386,0.013200056,-0.12933905,-0.0024964353
1872,-2.4,4.0,2.4615386,0.016491063,-0.13926709,-0.0029921622
1873,-2.4,0.0,1.8461539,-0.015298896,-0.13283318,0.0022492835
1874,-2.4,0.5714286,1.8461539,-0.013471264,-0.13516074,0.0012828283
1875,-2.4,1.1428572,1.8461539,-0.003413061,-0.13382696,0.0003043945
1876,-2.4,1.7142857,1.8461539,-0.0049334858,-0.13735518,-0.0007140606
1877,-2.4,2.2857144,1.8461539,0.0038604594,-0.13261051,-0.0017020209
1878,-2.4,2.857143,1.8461539,0.0024846217,-0.1396759,-0.0026082043
1879,-2.4,3.4285715,1.8461539,0.013285373,-0.13006628,-0.0035257426
1880,-2.4,4.0,1.8461539,0.01645814,-0.1400236,-0.0043690335
1881,-2.4,0.0,1.2307693,-0.01536001,-0.13389996,0.0029838001
1882,-2.4,0.5714286,1.2307693,-0.013607874,-0.13620232,0.0018566184
1883,-2.4,1.1428572,1.2307693,-0.0033313052,-0.13483913,0.0005542036
1884,-2.4,1.7142857,1.2307693,-0.005060554,-0.13840932,-0.0008068854
1885,-2.4,2.2857144,1.2307693,0.003962852,-0.1334881,-0.0020199807
1886,-2.4,2.857143,1.2307693,0.0023778148,-0.14087766,-0.0032821088
1887,-2.4,3.4285715,1.2307693,0.013302531,-0.13069917,-0.0042388164
1888,-2.4,4.0,1.2307693,0.016432675,-0.14106926,-0.005114467
1889,-2.4,0.0,0.61538464,-0.015601552,-0.1354489,0.0042773117
1890,-2.4,0.5714286,0.61538464,-0.013441509,-0.13762176,0.0024290567
1891,-2.4,1.1428572,0.61538464,-0.0035525148,-0.13632806,0.0008179483
1892,-2.4,1.7142857,0.61538464,-0.0049536414,-0.13968442,-0.0007309468
1893,-2.4,2.2857144,0.61538464,0.0035822024,-0.13504545,-0.0023976048
1894,-2.4,2.857143,0.61538464,0.0022755968,-0.14183071,-0.0036454191
1895,-2.4,3.4285715,0.61538464,0.0128836045,-0.1323839,-0.005169651
1896,-2.4,4.0,0.61538464,0.016266637,-0.14221828,-0.0068098283
1897,-2.4,0.0,0.0,-0.015790554,-0.13735797,0.0047095865
1898,-2.4,0.5714286,0.0,-0.013163255,-0.13950087,0.0032466147
1899,-2.4,1.1428572,0.0,-0.003932808,-0.13828687,0.0011897206
1900,-2.4,1.7142857,0.0,-0.0051136063,-0.14130966,-0.00084761606
1901,-2.4,2.2857144,0.0,0.0027794216,-0.1370125,-0.0023043389
1902,-2.4,2.857143,0.0,0.001794211,-0.1430557,-0.0045192726
1903,-2.4,3.4285715,0.0,0.011654718,-0.13448644,-0.005692016
1904,-2.4,4.0,0.0,0.01560445,-0.14258355,-0.006309744
1905,-1.8,0.0,8.0,-0.016447796,-0.1473371,-0.0062304507
1906,-1.8,0.5714286,8.0,-0.0058706533,-0.14730212,-0.003463859
1907,-1.8,1.1428572,8.0,-0.0073117553,-0.14975707,-0.0013428042
1908,-1.8,1.7142857,8.0,0.00018524767,-0.14721219,0.00092121813
1909,-1.8,2.2857144,8.0,-0.0025165186,-0.15235704,0.003194912
1910,-1.8,2.857143,8.0,0.0050851847,-0.1450075,0.0046367585
1911,-1.8,3.4285715,8.0,0.004499697,-0.15455689,0.0068971193
1912,-1.8,4.0,8.0,0.016548904,-0.14235336,0.00913573
1913,-1.8,0.0,7.3846154,-0.016798928,-0.14514008,-0.004566585
1914,-1.8,0.5714286,7.3846154,-0.0056462353,-0.14508636,-0.0029347553
1915,-1.8,1.1428572,7.3846154,-0.007306346,-0.14772089,-0.0010084586
1916,-1.8,1.7142857,7.3846154,0.0008561104,-0.14493263,0.0009350631
1917,-1.8,2.2857144,7.3846154,-0.002011908,-0.15071699,0.0026826775
1918,-1.8,2.857143,7.3846154,0.0062771104,-0.14276667,0.0044521587
1919,-1.8,3.4285715,7.3846154,0.005190548,-0.15366843,0.0056645824
1920,-1.8,4.0,7.3846154,0.018093303,-0.13933937,0.0068275155
1921,-1.8,0.0,6.769231,-0.01680453,-0.14353341,-0.003689901
1922,-1.8,0.5714286,6.769231,-0.0054872287,-0.14346343,-0.0022526209
1923,-1.8,1.1428572,6.769231,-0.0075146863,-0.1462406,-0.00073940674
1924,-1.8,1.7142857,6.769231,0.0011062642,-0.14329267,0.00077107584
1925,-1.8,2.2857144,6.769231,-0.0021738308,-0.1494382,0.0023177052
1926,-1.8,2.857143,6.769231,0.006662558,-0.14093776,0.003631887
1927,-1.8,3.4285715,6.769231,0.005365391,-0.15281692,0.0049550063
1928,-1.8,4.0,6.769231,0.018328419,-0.13790995,0.0060874955
1929,-1.8,0.0,6.1538463,-0.016743219,-0.1424163,-0.0025849747
1930,-1.8,0.5714286,6.1538463,-0.0055421474,-0.14237206,-0.0016988585
1931,-1.8,1.1428572,6.1538463,-0.0074211997,-0.14515774,-0.00056408707
1932,-1.8,1.7142857,6.1538463,0.0009653411,-0.14230518,0.00060581026
1933,-1.8,2.2857144,6.1538463,-0.0020507982,-0.14830545,0.0017782028
1934,-1.8,2.857143,6.1538463,0.0064418186,-0.14015421,0.0028432722
1935,-1.8,3.4285715,6.1538463,0.0053181043,-0.1513768,0.003719466
1936,-1.8,4.0,6.1538463,0.018315328,-0.13708904,0.0045146225
1937,-1.8,0.0,5.5384617,-0.016630782,-0.14162841,-0.0018660645
1938,-1.8,0.5714286,5.5384617,-0.005544945,-0.14170577,-0.0012081772
1939,-1.8,1.1428572,5.5384617,-0.0074162227,-0.14442499,-0.00042300846
1940,-1.8,1.7142857,5.5384617,0.0009506385,-0.14167814,0.00039570825
1941,-1.8,2.2857144,5.5384617,-0.0021021191,-0.14762801,0.0012202965
1942,-1.8,2.857143,5.5384617,0.006421325,-0.13949631,0.001960469
1943,-1.8,3.4285715,5.5384617,0.0053354297,-0.15079328,0.0026947795
1944,-1.8,4.0,5.5384617,0.018127833,-0.13652876,0.003226813
1945,-1.8,0.0,4.923077,-0.016629472,-0.1411909,-0.0011062918
1946,-1.8,0.5714286,4.923077,-0.005546839,-0.14128372,-0.00078138214
1947,-1.8,1.1428572,4.923077,-0.007389958,-0.14401677,-0.00032769624
1948,-1.8,1.7142857,4.923077,0.00089255074,-0.1413028,0.0001524704
1949,-1.8,2.2857144,4.923077,-0.0020854087,-0.14720991,0.000654072
1950,-1.8,2.857143,4.923077,0.0063073663,-0.13920042,0.0011013636
1951,-1.8,3.4285715,4.923077,0.0052840766,-0.15028581,0.0014305495
1952,-1.8,4.0,4.923077,0.018188028,-0.13622127,0.0017071752
1953,-1.8,0.0,4.3076925,-0.016604168,-0.14097199,-0.0005408311
1954,-1.8,0.5714286,4.3076925,-0.0055518565,-0.14109947,-0.00040737912
1955,-1.8,1.1428572,4.3076925,-0.0073954863,-0.14382112,-0.00025590896
1956,-1.8,1.7142857,4.3076925,0.0008801988,-0.14113219,-9.010285e-05
1957,-1.8,2.2857144,4.3076925,-0.0021153486,-0.14703183,6.3493106e-05
1958,-1.8,2.857143,4.3076925,0.006288573,-0.13902472,0.00020877598
1959,-1.8,3.4285715,4.3076925,0.0052691386,-0.15012448,0.00039161142
1960,-1.8,4.0,4.3076925,0.018101986,-0.13605198,0.0005125699
1961,-1.8,0.0,3.6923077,-0.016616654,-0.14097215,9.19467e-05
1962,-1.8,0.5714286,3.6923077,-0.0055640647,-0.14109942,-3.5320318e-05
1963,-1.8,1.1428572,3.6923077,-0.0074078375,-0.14382093,-0.00019258472
1964,-1.8,1.7142857,3.6923077,0.00086804986,-0.14113215,-0.00035354515
1965,-1.8,2.2857144,3.6923077,-0.0021277785,-0.14703162,-0.00051163696
1966,-1.8,2.857143,3.6923077,0.0062764594,-0.13902453,-0.0006531232
1967,-1.8,3.4285715,3.6923077,0.005256656,-0.15012437,-0.000839426
1968,-1.8,4.0,3.6923077,0.018089795,-0.13605192,-0.00095705263
1969,-1.8,0.0,3.0769231,-0.016666165,-0.14119054,0.00066161825
1970,-1.8,0.5714286,3.0769231,-0.005583435,-0.14128351,0.00033540092
1971,-1.8,1.1428572,3.0769231,-0.0074269166,-0.14401644,-0.0001181001
1972,-1.8,1.7142857,3.0769231,0.0008558974,-0.14130244,-0.00059830624
1973,-1.8,2.2857144,3.0769231,-0.0021224231,-0.1472095,-0.0011003313
1974,-1.8,2.857143,3.0769231,0.00627077,-0.13919976,-0.0015472524
1975,-1.8,3.4285715,3.0769231,0.0052471585,-0.15028548,-0.0018769179
1976,-1.8,4.0,3.0769231,0.018151391,-0.13622011,-0.0021530606
1977,-1.8,0.0,2.4615386,-0.016692456,-0.14162776,0.0014200375
1978,-1.8,0.5714286,2.4615386,-0.005606166,-0.14170545,0.00076235493
1979,-1.8,1.1428572,2.4615386,-0.0074776495,-0.14442441,-2.2467182e-05
1980,-1.8,1.7142857,2.4615386,0.00088937115,-0.14167763,-0.00084196957
1981,-1.8,2.2857144,2.4615386,-0.0021636593,-0.14762725,-0.0016659442
1982,-1.8,2.857143,2.4615386,0.0063601225,-0.13949531,-0.002406855
1983,-1.8,3.4285715,2.4615386,0.00527392,-0.15079284,-0.0031404577
1984,-1.8,4.0,2.4615386,0.018066412,-0.13652742,-0.0036732107
1985,-1.8,0.0,1.8461539,-0.01682904,-0.14241557,0.0021399923
1986,-1.8,0.5714286,1.8461539,-0.0056277257,-0.14237164,0.001253166
1987,-1.8,1.1428572,1.8461539,-0.0075073987,-0.14515692,0.000118221
1988,-1.8,1.7142857,1.8461539,0.000879753,-0.14230452,-0.0010515507
1989,-1.8,2.2857144,1.8461539,-0.002137176,-0.14830449,-0.00222419
1990,-1.8,2.857143,1.8461539,0.006356349,-0.14015287,-0.0032891287
1991,-1.8,3.4285715,1.8461539,0.00523183,-0.15137637,-0.004165477
1992,-1.8,4.0,1.8461539,0.018229747,-0.1370868,-0.004960738
1993,-1.8,0.0,1.2307693,-0.016915357,-0.14353229,0.0032440817
1994,-1.8,0.5714286,1.2307693,-0.005597484,-0.14346297,0.0018067375
1995,-1.8,1.1428572,1.2307693,-0.0076252683,-0.14623962,0.00029395378
1996,-1.8,1.7142857,1.2307693,0.0009959262,-0.14329188,-0.0012171465
1997,-1.8,2.2857144,1.2307693,-0.0022846104,-0.14943711,-0.0027632318
1998,-1.8,2.857143,1.2307693,0.0065522827,-0.14093623,-0.004077931
1999,-1.8,3.4285715,1.2307693,0.0052545704,-0.15281649,-0.0054006563
2000,-1.8,4.0,1.2307693,0.018217802,-0.1379076,-0.0065335785
2001,-1.8,0.0,0.61538464,-0.016933369,-0.14513902,0.004121587
2002,-1.8,0.5714286,0.61538464,-0.005781346,-0.14508586,0.0024890143
2003,-1.8,1.1428572,0.61538464,-0.007441197,-0.14771962,0.00056276214
2004,-1.8,1.7142857,0.61538464,0.0007208644,-0.14493193,-0.0013808366
2005,-1.8,2.2857144,0.61538464,-0.0021469293,-0.15071553,-0.0031282988
2006,-1.8,2.857143,0.61538464,0.0061417897,-0.14276552,-0.0048979125
2007,-1.8,3.4285715,0.61538464,0.005055542,-0.15366696,-0.0061102286
2008,-1.8,4.0,0.61538464,0.017957775,-0.13933794,-0.0072738547
2009,-1.8,0.0,0.0,-0.016607111,-0.14733556,0.00578451
2010,-1.8,0.5714286,0.0,-0.006030532,-0.14730164,0.0030180188
2011,-1.8,1.1428572,0.0,-0.0074708615,-0.1497556,0.00089734467
2012,-1.8,1.7142857,0.0,2.517301e-05,-0.14721149,-0.0013670733
2013,-1.8,2.2857144,0.0,-0.0026758378,-0.15235525,-0.0036403637
2014,-1.8,2.857143,0.0,0.0049250918,-0.14500648,-0.005082414
2015,-1.8,3.4285715,0.0,0.0043402775,-0.15455523,-0.007342848
2016,-1.8,4.0,0.0,0.0163884,-0.14235201,-0.009581396
2017,-1.2,0.0,8.0,-0.00771499,-0.15406834,-0.005945869
2018,-1.2,0.5714286,8.0,-0.0077895615,-0.15565483,-0.003664286
2019,-1.2,1.1428572,8.0,-0.0011841112,-0.15488116,-0.00076347776
2020,-1.2,1.7142857,8.0,-0.0041351253,-0.15905981,0.0017028889
2021,-1.2,2.2857144,8.0,0.002197361,-0.15503386,0.0044438527
2022,-1.2,2.857143,8.0,-0.0017066329,-0.16382805,0.006972004
2023,-1.2,3.4285715,8.0,0.0061824,-0.15130465,0.008068113
2024,-1.2,4.0,8.0,0.008487819,-0.16544904,0.009322792
2025,-1.2,0.0,7.3846154,-0.0074527045,-0.15159553,-0.0049301866
2026,-1.2,0.5714286,7.3846154,-0.007962537,-0.15328513,-0.0028032076
2027,-1.2,1.1428572,7.3846154,-0.00075924845,-0.15235606,-0.0006778628
2028,-1.2,1.7142857,7.3846154,-0.0038663093,-0.15684214,0.0015538395
2029,-1.2,2.2857144,7.3846154,0.0031467539,-0.15234688,0.003826808
2030,-1.2,2.857143,7.3846154,-0.00072765106,-0.16228494,0.005823823
2031,-1.2,3.4285715,7.3846154,0.008015762,-0.14861502,0.0076784682
2032,-1.2,4.0,7.3846154,0.009229576,-0.16595508,0.008967588
2033,-1.2,0.0,6.769231,-0.007324416,-0.14990667,-0.0035914176
2034,-1.2,0.5714286,6.769231,-0.008123865,-0.15164185,-0.0021838502
2035,-1.2,1.1428572,6.769231,-0.0006120011,-0.15062606,-0.00051560055
2036,-1.2,1.7142857,6.769231,-0.004080019,-0.1553837,0.0013007225
2037,-1.2,2.2857144,6.769231,0.0033649814,-0.15060547,0.003062942
2038,-1.2,2.857143,6.769231,-0.0011098147,-0.16110593,0.004800463
2039,-1.2,3.4285715,6.769231,0.008147835,-0.146402,0.0060796277
2040,-1.2,4.0,6.769231,0.009609107,-0.16466908,0.0074545527
2041,-1.2,0.0,6.1538463,-0.0072898143,-0.14870857,-0.0027002317
2042,-1.2,0.5714286,6.1538463,-0.008049065,-0.15052558,-0.0016210639
2043,-1.2,1.1428572,6.1538463,-0.00070478406,-0.14959107,-0.00038033846
2044,-1.2,1.7142857,6.1538463,-0.0039953943,-0.1543108,0.0009799734
2045,-1.2,2.2857144,6.1538463,0.003205118,-0.1497578,0.002325451
2046,-1.2,2.857143,6.1538463,-0.0009584478,-0.15999128,0.003596103
2047,-1.2,3.4285715,6.1538463,0.007896907,-0.1459225,0.004735123
2048,-1.2,4.0,6.1538463,0.0091405185,-0.1633538,0.0054967254
2049,-1.2,0.0,5.5384617,-0.007336875,-0.14802067,-0.0017729152
2050,-1.2,0.5714286,5.5384617,-0.008025875,-0.14980175,-0.0011445853
2051,-1.2,1.1428572,5.5384617,-0.00071408256,-0.1489713,-0.00031017058
2052,-1.2,1.7142857,5.5384617,-0.0040389644,-0.15365663,0.000649166
2053,-1.2,2.2857144,5.5384617,0.0031962786,-0.14921345,0.0015827805
2054,-1.2,2.857143,5.5384617,-0.0010939041,-0.15946561,0.0025040882
2055,-1.2,3.4285715,5.5384617,0.007836219,-0.14539452,0.0031192112
2056,-1.2,4.0,5.5384617,0.0096080415,-0.1627541,0.003606839
2057,-1.2,0.0,4.923077,-0.0073152166,-0.14757596,-0.0011541863
2058,-1.2,0.5714286,4.923077,-0.008004753,-0.14940417,-0.00075439125
2059,-1.2,1.1428572,4.923077,-0.000747763,-0.14861014,-0.0002580867
2060,-1.2,1.7142857,4.923077,-0.004024687,-0.15329114,0.00029838074
2061,-1.2,2.2857144,4.923077,0.0031123175,-0.14893608,0.00085384113
2062,-1.2,2.857143,4.923077,-0.0010740326,-0.1591102,0.0013574078
2063,-1.2,3.4285715,4.923077,0.0077174655,-0.14522249,0.0018295553
2064,-1.2,4.0,4.923077,0.009334795,-0.16228041,0.0021608141
2065,-1.2,0.0,4.3076925,-0.0073408354,-0.1473924,-0.0004919015
2066,-1.2,0.5714286,4.3076925,-0.008004044,-0.14921828,-0.00039729584
2067,-1.2,1.1428572,4.3076925,-0.0007565038,-0.1484513,-0.00024299984
2068,-1.2,1.7142857,4.3076925,-0.0040475344,-0.15313022,-5.680545e-05
2069,-1.2,2.2857144,4.3076925,0.003100899,-0.14880006,0.00012494787
2070,-1.2,2.857143,4.3076925,-0.0011250678,-0.15897872,0.00031269764
2071,-1.2,3.4285715,4.3076925,0.007691266,-0.14508422,0.0003781119
2072,-1.2,4.0,4.3076925,0.0094765695,-0.16212375,0.00041398915
2073,-1.2,0.0,3.6923077,-0.0073526883,-0.14739197,2.7220061e-05
2074,-1.2,0.5714286,3.6923077,-0.008016405,-0.1492182,-7.6514094e-05
2075,-1.2,1.1428572,3.6923077,-0.0007686149,-0.14845131,-0.00022322642
2076,-1.2,1.7142857,3.6923077,-0.0040600034,-0.15313004,-0.00041611042
2077,-1.2,2.2857144,3.6923077,0.0030888272,-0.14879993,-0.0005926041
2078,-1.2,2.857143,3.6923077,-0.001137576,-0.15897846,-0.0007850714
2079,-1.2,3.4285715,3.6923077,0.007679372,-0.1450838,-0.00084635825
2080,-1.2,4.0,3.6923077,0.009464041,-0.1621233,-0.0008858827
2081,-1.2,0.0,3.0769231,-0.0073522767,-0.14757591,0.0006831187
2082,-1.2,0.5714286,3.0769231,-0.008041577,-0.14940393,0.00028539883
2083,-1.2,1.1428572,3.0769231,-0.00078448077,-0.14860995,-0.00021185842
2084,-1.2,1.7142857,3.0769231,-0.004061647,-0.15329084,-0.0007683583
2085,-1.2,2.2857144,3.0769231,0.0030755976,-0.14893554,-0.0013237428
2086,-1.2,2.857143,3.0769231,-0.0011110903,-0.15910952,-0.0018278643
2087,-1.2,3.4285715,3.0769231,0.0076809344,-0.14522117,-0.002299431
2088,-1.2,4.0,3.0769231,0.009297711,-0.1622805,-0.002631038
2089,-1.2,0.0,2.4615386,-0.007397825,-0.14802063,0.0013041454
2090,-1.2,0.5714286,2.4615386,-0.0080872215,-0.14980131,0.00067501806
2091,-1.2,1.1428572,2.4615386,-0.0007754687,-0.148971,-0.00015991351
2092,-1.2,1.7142857,2.4615386,-0.004100354,-0.15365599,-0.0011186282
2093,-1.2,2.2857144,2.4615386,0.0031348667,-0.14921272,-0.002053191
2094,-1.2,2.857143,2.4615386,-0.0011554539,-0.15946437,-0.0029737432
2095,-1.2,3.4285715,2.4615386,0.007775381,-0.14539236,-0.0035897428
2096,-1.2,4.0,2.4615386,0.009546414,-0.16275325,-0.0040763817
2097,-1.2,0.0,1.8461539,-0.007376061,-0.1487082,0.0022300184
2098,-1.2,0.5714286,1.8461539,-0.008135051,-0.15052497,0.0011513922
2099,-1.2,1.1428572,1.8461539,-0.0007905395,-0.14959063,-8.921763e-05
2100,-1.2,1.7142857,1.8461539,-0.004081596,-0.15430999,-0.0014500079
2101,-1.2,2.2857144,1.8461539,0.003119393,-0.14975683,-0.0027951002
2102,-1.2,2.857143,1.8461539,-0.0010449836,-0.15998977,-0.004066205
2103,-1.2,3.4285715,1.8461539,0.0078117996,-0.14591959,-0.00520475
2104,-1.2,4.0,1.8461539,0.009053842,-0.16335385,-0.005966757
2105,-1.2,0.0,1.2307693,-0.0074344254,-0.1499065,0.0031221223
2106,-1.2,0.5714286,1.2307693,-0.008234304,-0.15164097,0.0017144091
2107,-1.2,1.1428572,1.2307693,-0.000722517,-0.15062553,4.55156e-05
2108,-1.2,1.7142857,1.2307693,-0.0041905646,-0.15538271,-0.0017701067
2109,-1.2,2.2857144,1.2307693,0.0032544334,-0.1506044,-0.0035330702
2110,-1.2,2.857143,1.2307693,-0.0012206802,-0.16110441,-0.0052697114
2111,-1.2,3.4285715,1.2307693,0.008037974,-0.14639878,-0.0065496084
2112,-1.2,4.0,1.2307693,0.009498112,-0.16466899,-0.007924195
2113,-1.2,0.0,0.61538464,-0.0075883353,-0.15159494,0.0044600638
2114,-1.2,0.5714286,0.61538464,-0.008097323,-0.1532842,0.0023335249
2115,-1.2,1.1428572,0.61538464,-0.0008944419,-0.15235546,0.00020819386
2116,-1.2,1.7142857,0.61538464,-0.0040013287,-0.15684097,-0.0020235411
2117,-1.2,2.2857144,0.61538464,0.0030113936,-0.15234587,-0.0042964793
2118,-1.2,2.857143,0.61538464,-0.00086291344,-0.1622831,-0.006293201
2119,-1.2,3.4285715,0.61538464,0.007880531,-0.14861298,-0.0081479
2120,-1.2,4.0,0.61538464,0.009094031,-0.1659532,-0.009436798
2121,-1.2,0.0,0.0,-0.007874497,-0.15406804,0.0054765893
2122,-1.2,0.5714286,0.0,-0.007948601,-0.1556536,0.003194808
2123,-1.2,1.1428572,0.0,-0.0013442574,-0.15488063,0.00029351955
2124,-1.2,1.7142857,0.0,-0.0042943307,-0.1590583,-0.0021722368
2125,-1.2,2.2857144,0.0,0.002036974,-0.15503295,-0.004913533
2126,-1.2,2.857143,0.0,-0.0018661203,-0.16382574,-0.0074411486
2127,-1.2,3.4285715,0.0,0.0060224216,-0.15130273,-0.008537114
2128,-1.2,4.0,0.0,0.008328201,-0.16544749,-0.009792907
2129,-0.6,0.0,8.0,-0.006197411,-0.15815821,-0.006406847
2130,-0.6,0.5714286,8.0,-0.0015324123,-0.15934145,-0.0032177905
2131,-0.6,1.1428572,8.0,-0.0031172796,-0.16218723,-0.0007522577
2132,-0.6,1.7142857,8.0,0.00060164667,-0.16059779,0.0028100011
2133,-0.6,2.2857144,8.0,-0.0021972395,-0.16771764,0.0054833875
2134,-0.6,2.857143,8.0,0.002668669,-0.16249323,0.009252498
2135,-0.6,3.4285715,8.0,-0.0026229748,-0.17855453,0.012643446
2136,-0.6,4.0,8.0,0.008436765,-0.15801391,0.013557672
2137,-0.6,0.0,7.3846154,-0.006388241,-0.1555729,-0.0048036412
2138,-0.6,0.5714286,7.3846154,-0.0013819552,-0.15672229,-0.002820795
2139,-0.6,1.1428572,7.3846154,-0.0030981265,-0.15960687,-0.00032761565
2140,-0.6,1.7142857,7.3846154,0.0010241886,-0.15773638,0.0020733746
2141,-0.6,2.2857144,7.3846154,-0.0018027528,-0.16532283,0.0047802487
2142,-0.6,2.857143,7.3846154,0.0036130503,-0.15909867,0.0075047165
2143,-0.6,3.4285715,7.3846154,-0.0011564911,-0.17736709,0.009695314
2144,-0.6,4.0,7.3846154,0.011717251,-0.15341954,0.012327616
2145,-0.6,0.0,6.769231,-0.0063696,-0.15374288,-0.003723923
2146,-0.6,0.5714286,6.769231,-0.0013231485,-0.15490305,-0.0021028197
2147,-0.6,1.1428572,6.769231,-0.0032133437,-0.1580408,-0.0003026028
2148,-0.6,1.7142857,6.769231,0.0011052467,-0.15595569,0.0017035858
2149,-0.6,2.2857144,6.769231,-0.0020264196,-0.16401789,0.0037597988
2150,-0.6,2.857143,6.769231,0.0036845189,-0.15757354,0.005752385
2151,-0.6,3.4285715,6.769231,-0.0019729408,-0.17655018,0.0077443407
2152,-0.6,4.0,6.769231,0.010301972,-0.15163611,0.00861836
2153,-0.6,0.0,6.1538463,-0.006391167,-0.15259406,-0.0025340433
2154,-0.6,0.5714286,6.1538463,-0.001340336,-0.15384555,-0.0015928946
2155,-0.6,1.1428572,6.1538463,-0.0031942972,-0.15693404,-0.00020700911
2156,-0.6,1.7142857,6.1538463,0.0010456063,-0.15506545,0.0012514216
2157,-0.6,2.2857144,6.1538463,-0.0019734325,-0.16309062,0.0028206266
2158,-0.6,2.857143,6.1538463,0.0035872697,-0.15699653,0.004297435
2159,-0.6,3.4285715,6.1538463,-0.0018331386,-0.17589186,0.0054778424
2160,-0.6,4.0,6.1538463,0.011241504,-0.15181784,0.0059970454
2161,-0.6,0.0,5.5384617,-0.006340305,-0.15185249,-0.0018260494
2162,-0.6,0.5714286,5.5384617,-0.0013593019,-0.15318651,-0.0011122522
2163,-0.6,1.1428572,5.5384617,-0.0032005054,-0.15629868,-0.00019139309
2164,-0.6,1.7142857,5.5384617,0.0010246818,-0.1545462,0.00083214097
2165,-0.6,2.2857144,5.5384617,-0.0020396407,-0.16256756,0.0019009352
2166,-0.6,2.857143,5.5384617,0.0035689024,-0.15672109,0.0028762883
2167,-0.6,3.4285715,5.5384617,-0.002042168,-0.17555033,0.0037481734
2168,-0.6,4.0,5.5384617,0.01067682,-0.15169936,0.0042378805
2169,-0.6,0.0,4.923077,-0.006367828,-0.15144442,-0.0010498668
2170,-0.6,0.5714286,4.923077,-0.001362758,-0.15283585,-0.0007365843
2171,-0.6,1.1428572,4.923077,-0.0032052114,-0.15594079,-0.00019773087
2172,-0.6,1.7142857,4.923077,0.0009931014,-0.15426882,0.0003961937
2173,-0.6,2.2857144,4.923077,-0.0020406607,-0.162298,0.0010244393
2174,-0.6,2.857143,4.923077,0.0035063836,-0.15656212,0.0016044438
2175,-0.6,3.4285715,4.923077,-0.0020397708,-0.1753663,0.0020009894
2176,-0.6,4.0,4.923077,0.011017734,-0.15172543,0.002076424
2177,-0.6,0.0,4.3076925,-0.0063618375,-0.15125558,-0.0005574565
2178,-0.6,0.5714286,4.3076925,-0.0013758333,-0.15267153,-0.00040229768
2179,-0.6,1.1428572,4.3076925,-0.0032147523,-0.15579009,-0.00022891347
2180,-0.6,1.7142857,4.3076925,0.0009788716,-0.15414746,-3.0219115e-05
2181,-0.6,2.2857144,4.3076925,-0.0020692989,-0.16217855,0.00017429881
2182,-0.6,2.857143,4.3076925,0.0034939626,-0.15649849,0.00034393684
2183,-0.6,3.4285715,4.3076925,-0.0020975138,-0.17527774,0.0005501143
2184,-0.6,4.0,4.3076925,0.010855934,-0.1517005,0.0007452794
2185,-0.6,0.0,3.6923077,-0.006374763,-0.15125614,5.6955996e-05
2186,-0.6,0.5714286,3.6923077,-0.0013876599,-0.15267143,-8.49565e-05
2187,-0.6,1.1428572,3.6923077,-0.003227412,-0.15579036,-0.00026954003
2188,-0.6,1.7142857,3.6923077,0.0009669163,-0.15414712,-0.00046007236
2189,-0.6,2.2857144,3.6923077,-0.002081909,-0.1621788,-0.000671275
2190,-0.6,2.857143,3.6923077,0.0034819408,-0.15649784,-0.000835615
2191,-0.6,3.4285715,3.6923077,-0.0021101655,-0.17527783,-0.0010465842
2192,-0.6,4.0,3.6923077,0.01084407,-0.15169941,-0.0012370405
2193,-0.6,0.0,3.0769231,-0.0064039477,-0.1514443,0.0005595104
2194,-0.6,0.5714286,3.0769231,-0.0013996641,-0.15283611,0.0002419342
2195,-0.6,1.1428572,3.0769231,-0.0032419977,-0.15594062,-0.0002954009
2196,-0.6,1.7142857,3.0769231,0.0009561935,-0.15426886,-0.000890282
2197,-0.6,2.2857144,3.0769231,-0.0020775,-0.16229734,-0.001518496
2198,-0.6,2.857143,3.0769231,0.0034693987,-0.15656188,-0.0020983706
2199,-0.6,3.4285715,3.0769231,-0.002076479,-0.17536479,-0.0024954758
2200,-0.6,4.0,3.0769231,0.010981208,-0.15172227,-0.002570123
2201,-0.6,0.0,2.4615386,-0.0064022825,-0.15185212,0.0013312128
2202,-0.6,0.5714286,2.4615386,-0.0014207223,-0.15318638,0.0006190871
2203,-0.6,1.1428572,2.4615386,-0.0032617194,-0.15629856,-0.0003022177
2204,-0.6,1.7142857,2.4615386,0.0009630083,-0.15454578,-0.0013262673
2205,-0.6,2.2857144,2.4615386,-0.0021009005,-0.16256721,-0.0023944832
2206,-0.6,2.857143,2.4615386,0.0035071133,-0.15671971,-0.0033706967
2207,-0.6,3.4285715,2.4615386,-0.0021035483,-0.17554885,-0.004242043
2208,-0.6,4.0,2.4615386,0.01061604,-0.15169394,-0.0047319983
2209,-0.6,0.0,1.8461539,-0.006476449,-0.15259367,0.0020413438
2210,-0.6,0.5714286,1.8461539,-0.0014263783,-0.15384531,0.0010990505
2211,-0.6,1.1428572,1.8461539,-0.0032802145,-0.15693353,-0.00028677133
2212,-0.6,1.7142857,1.8461539,0.00095954165,-0.15506522,-0.0017450707
2213,-0.6,2.2857144,1.8461539,-0.0020594408,-0.16308956,-0.0033147018
2214,-0.6,2.857143,1.8461539,0.0035009475,-0.15699586,-0.0047909436
2215,-0.6,3.4285715,1.8461539,-0.0019190075,-0.17588863,-0.0059720906
2216,-0.6,4.0,1.8461539,0.011156343,-0.15180969,-0.006490739
2217,-0.6,0.0,1.2307693,-0.0064804913,-0.15374215,0.0032296393
2218,-0.6,0.5714286,1.2307693,-0.001433842,-0.15490277,0.0016091161
2219,-0.6,1.1428572,1.2307693,-0.0033234954,-0.15804031,-0.00019103813
2220,-0.6,1.7142857,1.2307693,0.0009942041,-0.15595509,-0.0021975073
2221,-0.6,2.2857144,1.2307693,-0.0021366712,-0.16401719,-0.0042533586
2222,-0.6,2.857143,1.2307693,0.0035732624,-0.15757188,-0.0062464713
2223,-0.6,3.4285715,1.2307693,-0.0020835293,-0.17654866,-0.008237069
2224,-0.6,4.0,1.2307693,0.010192199,-0.15162721,-0.009112436
2225,-0.6,0.0,0.61538464,-0.0065225884,-0.15557244,0.004310647
2226,-0.6,0.5714286,0.61538464,-0.001517147,-0.15672192,0.0023268287
2227,-0.6,1.1428572,0.61538464,-0.0032331203,-0.15960613,-0.00016595783
2228,-0.6,1.7142857,0.61538464,0.0008889207,-0.15773599,-0.00256734
2229,-0.6,2.2857144,0.61538464,-0.0019379894,-0.16532159,-0.0052736066
2230,-0.6,2.857143,0.61538464,0.003477519,-0.15909784,-0.007998712
2231,-0.6,3.4285715,0.61538464,-0.0012916363,-0.17736396,-0.010188018
2232,-0.6,4.0,0.61538464,0.011581914,-0.15341628,-0.012821527
2233,-0.6,0.0,0.0,-0.006357038,-0.15815736,0.0059125037
2234,-0.6,0.5714286,0.0,-0.0016925171,-0.15934114,0.0027241218
2235,-0.6,1.1428572,0.0,-0.0032762624,-0.16218644,0.00025850834
2236,-0.6,1.7142857,0.0,0.00044098846,-0.1605972,-0.0033035905
2237,-0.6,2.2857144,0.0,-0.002356426,-0.16771641,-0.0059771533
2238,-0.6,2.857143,0.0,0.0025074575,-0.16249195,-0.009745415
2239,-0.6,3.4285715,0.0,-0.0027824524,-0.17855203,-0.013137144
2240,-0.6,4.0,0.0,0.008276288,-0.15800788,-0.014048203
2241,0.0,0.0,8.0,8.448201e-05,-0.16077717,-0.006180813
2242,0.0,0.5714286,8.0,8.41258e-05,-0.16194692,-0.0037712168
2243,0.0,1.1428572,8.0,8.462299e-05,-0.16161118,5.3429983e-05
2244,0.0,1.7142857,8.0,8.425213e-05,-0.16650717,0.0023859655
2245,0.0,2.2857144,8.0,8.4949716e-05,-0.16405948,0.0068466878
2246,0.0,2.857143,8.0,8.43615e-05,-0.17540306,0.009513336
2247,0.0,3.4285715,8.0,8.5400876e-05,-0.16904163,0.014981602
2248,0.0,4.0,8.0,8.430374e-05,-0.20388116,0.022045461
2249,0.0,0.0,7.3846154,7.2383e-05,-0.15819858,-0.005110717
2250,0.0,0.5714286,7.3846154,7.1892806e-05,-0.15919544,-0.0025657052
2251,0.0,1.1428572,7.3846154,7.228427e-05,-0.15886956,-0.000460509
2252,0.0,1.7142857,7.3846154,7.1957526e-05,-0.1638192,0.002535409
2253,0.0,2.2857144,7.3846154,7.244256e-05,-0.1608066,0.00496904
2254,0.0,2.857143,7.3846154,7.200608e-05,-0.17322643,0.008164831
2255,0.0,3.4285715,7.3846154,7.2770985e-05,-0.16403666,0.011552251
2256,0.0,4.0,7.3846154,7.13258e-05,-0.2050515,0.012744682
2257,0.0,0.0,6.769231,5.9916765e-05,-0.15630728,-0.0035155332
2258,0.0,0.5714286,6.769231,5.9603593e-05,-0.15760836,-0.002189453
2259,0.0,1.1428572,6.769231,6.0015933e-05,-0.15698376,-0.00013405198
2260,0.0,1.7142857,6.769231,5.960893e-05,-0.1623968,0.0017719604
2261,0.0,2.2857144,6.769231,6.0270548e-05,-0.15915386,0.00406857
2262,0.0,2.857143,6.769231,5.9491045e-05,-0.17209284,0.0062588705
2263,0.0,3.4285715,6.769231,6.0770282e-05,-0.16381244,0.008104213
2264,0.0,4.0,6.769231,5.8667818e-05,-0.20511182,0.008999379
2265,0.0,0.0,6.1538463,4.7939673e-05,-0.15524617,-0.002727002
2266,0.0,0.5714286,6.1538463,4.7262514e-05,-0.1563843,-0.001498836
2267,0.0,1.1428572,6.1538463,4.7816087e-05,-0.15606116,-0.00021430681
2268,0.0,1.7142857,6.1538463,4.7248093e-05,-0.16136387,0.0014110764
2269,0.0,2.2857144,6.1538463,4.8025267e-05,-0.15842097,0.0029750392
2270,0.0,2.857143,6.1538463,4.709859e-05,-0.17163536,0.0045446996
2271,0.0,3.4285715,6.1538463,4.8612914e-05,-0.16321288,0.00596585
2272,0.0,4.0,6.1538463,4.60489e-05,-0.20512186,0.0066447295
2273,0.0,0.0,5.5384617,3.501728e-05,-0.15445621,-0.0017090841
2274,0.0,0.5714286,5.5384617,3.5366393e-05,-0.15578978,-0.0011066742
2275,0.0,1.1428572,5.5384617,3.5166035e-05,-0.15544148,-0.00016822475
2276,0.0,1.7142857,5.5384617,3.534294e-05,-0.16080862,0.00091564097
2277,0.0,2.2857144,5.5384617,3.529723e-05,-0.15812053,0.0019839082
2278,0.0,2.857143,5.5384617,3.529222e-05,-0.17108196,0.0030919807
2279,0.0,3.4285715,5.5384617,3.550703e-05,-0.1635339,0.0038447
2280,0.0,4.0,5.5384617,3.473462e-05,-0.20505404,0.003954854
2281,0.0,0.0,4.923077,2.3527584e-05,-0.15412453,-0.0011436228
2282,0.0,0.5714286,4.923077,2.2697115e-05,-0.15536888,-0.0007358221
2283,0.0,1.1428572,4.923077,2.323214e-05,-0.15516022,-0.00017341565
2284,0.0,1.7142857,4.923077,2.2764174e-05,-0.1605161,0.00041846902
2285,0.0,2.2857144,4.923077,2.3246626e-05,-0.15787272,0.0010968872
2286,0.0,2.857143,4.923077,2.2753524e-05,-0.17103955,0.0016543532
2287,0.0,3.4285715,4.923077,2.3425036e-05,-0.16335095,0.0021787519
2288,0.0,4.0,4.923077,2.2380627e-05,-0.20506068,0.0025631704
2289,0.0,0.0,4.3076925,9.979138e-06,-0.15391304,-0.0005024091
2290,0.0,0.5714286,4.3076925,1.1135835e-05,-0.1552328,-0.0003868049
2291,0.0,1.1428572,4.3076925,1.0411656e-05,-0.15501387,-0.0002596931
2292,0.0,1.7142857,4.3076925,1.0917413e-05,-0.16038361,-1.222542e-06
2293,0.0,2.2857144,4.3076925,1.0532155e-05,-0.15782617,0.00015695118
2294,0.0,2.857143,4.3076925,1.0842114e-05,-0.17089142,0.00040027156
2295,0.0,3.4285715,4.3076925,1.05734525e-05,-0.16343342,0.0004953695
2296,0.0,4.0,4.3076925,1.0706636e-05,-0.2050542,0.00034707616
2297,0.0,0.0,3.6923077,2.827677e-35,-0.15391345,-1.1562799e-36
2298,0.0,0.5714286,3.6923077,-2.4805909e-06,-0.15523359,-0.00013901197
2299,0.0,1.1428572,3.6923077,-9.130429e-07,-0.15501353,-0.00025218457
2300,0.0,1.7142857,3.6923077,-2.1326975e-06,-0.16038392,-0.00052108546
2301,0.0,2.2857144,3.6923077,-1.1370171e-06,-0.15782596,-0.00067130313
2302,0.0,2.857143,3.6923077,-2.0261846e-06,-0.17089163,-0.0009210483
2303,0.0,3.4285715,3.6923077,-1.1624959e-06,-0.16343297,-0.0010106991
2304,0.0,4.0,3.6923077,-1.9772892e-06,-0.20505418,-0.00086728646
2305,0.0,0.0,3.0769231,-1.5002116e-05,-0.15412456,0.00062191265
2306,0.0,0.5714286,3.0769231,-1.3275512e-05,-0.15536949,0.00022161806
2307,0.0,1.1428572,3.0769231,-1.4255096e-05,-0.15516035,-0.00034603884
2308,0.0,1.7142857,3.0769231,-1.362366e-05,-0.16051614,-0.0009354108
2309,0.0,2.2857144,3.0769231,-1.4138811e-05,-0.1578727,-0.0016151749
2310,0.0,2.857143,3.0769231,-1.3696034e-05,-0.17103949,-0.0021720352
2311,0.0,3.4285715,3.0769231,-1.42804965e-05,-0.16335091,-0.0026965188
2312,0.0,4.0,3.0769231,-1.3372736e-05,-0.20506041,-0.0030810398
2313,0.0,0.0,2.4615386,-2.5343588e-05,-0.15445627,0.0011939631
2314,0.0,0.5714286,2.4615386,-2.643414e-05,-0.15578952,0.00058776286
2315,0.0,1.1428572,2.4615386,-2.6078837e-05,-0.1554418,-0.0003486049
2316,0.0,1.7142857,2.4615386,-2.6140724e-05,-0.1608085,-0.001433997
2317,0.0,2.2857144,2.4615386,-2.6358197e-05,-0.15812065,-0.002501385
2318,0.0,2.857143,2.4615386,-2.5990932e-05,-0.17108175,-0.0036100335
2319,0.0,3.4285715,2.4615386,-2.666839e-05,-0.16353397,-0.0043623443
2320,0.0,4.0,2.4615386,-2.540947e-05,-0.20505372,-0.0044727395
2321,0.0,0.0,1.8461539,-3.9307688e-05,-0.15524599,0.0022078124
2322,0.0,0.5714286,1.8461539,-3.8068018e-05,-0.15638447,0.000981828
2323,0.0,1.1428572,1.8461539,-3.8643997e-05,-0.15606092,-0.00030394935
2324,0.0,1.7142857,1.8461539,-3.8326423e-05,-0.16136396,-0.0019284702
2325,0.0,2.2857144,1.8461539,-3.870476e-05,-0.15842085,-0.0034932974
2326,0.0,2.857143,1.8461539,-3.829841e-05,-0.17163548,-0.0050620567
2327,0.0,3.4285715,1.8461539,-3.913512e-05,-0.1632126,-0.0064840037
2328,0.0,4.0,1.8461539,-3.7565795e-05,-0.2051221,-0.0071621924
2329,0.0,0.0,1.2307693,-5.0071118e-05,-0.15630727,0.0029987397
2330,0.0,0.5714286,1.2307693,-5.0815397e-05,-0.15760808,0.0016712084
2331,0.0,1.1428572,1.2307693,-5.0764043e-05,-0.15698384,-0.00038342172
2332,0.0,1.7142857,1.2307693,-5.0636238e-05,-0.16239658,-0.0022901471
2333,0.0,2.2857144,1.2307693,-5.1042356e-05,-0.15915383,-0.004586032
2334,0.0,2.857143,1.2307693,-5.0582777e-05,-0.1720926,-0.0067772577
2335,0.0,3.4285715,1.2307693,-5.1388102e-05,-0.16381308,-0.008621327
2336,0.0,4.0,1.2307693,-5.0108163e-05,-0.20511055,-0.00951754
2337,0.0,0.0,0.61538464,-6.378669e-05,-0.15819839,0.0045920783
2338,0.0,0.5714286,0.61538464,-6.2673964e-05,-0.15919542,0.0020481918
2339,0.0,1.1428572,0.61538464,-6.316539e-05,-0.15886934,-5.7578152e-05
2340,0.0,1.7142857,0.61538464,-6.2953666e-05,-0.16381904,-0.0030529955
2341,0.0,2.2857144,0.61538464,-6.32644e-05,-0.16080643,-0.005487169
2342,0.0,2.857143,0.61538464,-6.302614e-05,-0.1732262,-0.008682502
2343,0.0,3.4285715,0.61538464,-6.359089e-05,-0.16403575,-0.012070442
2344,0.0,4.0,0.61538464,-6.2536186e-05,-0.20505431,-0.013261965
2345,0.0,0.0,0.0,-7.476203e-05,-0.16077706,0.0056635337
2346,0.0,0.5714286,0.0,-7.522022e-05,-0.16194658,0.0032532446
2347,0.0,1.1428572,0.0,-7.5498465e-05,-0.16161127,-0.00057118415
2348,0.0,1.7142857,0.0,-7.515271e-05,-0.16650671,-0.0029038596
2349,0.0,2.2857144,0.0,-7.5844175e-05,-0.16405964,-0.0073646083
2350,0.0,2.857143,0.0,-7.526227e-05,-0.17540197,-0.010030804
2351,0.0,3.4285715,0.0,-7.626116e-05,-0.16904269,-0.015500588
2352,0.0,4.0,0.0,-7.530332e-05,-0.2038728,-0.022560488
2353,0.6,0.0,8.0,0.006365839,-0.15815736,-0.0064306553
2354,0.6,0.5714286,8.0,0.0017015559,-0.15934122,-0.0032421215
2355,0.6,1.1428572,8.0,0.0032856187,-0.16218658,-0.0007761163
2356,0.6,1.7142857,8.0,-0.00043224372,-0.16059712,0.0027854668
2357,0.6,2.2857144,8.0,0.0023659803,-0.16771688,0.005459575
2358,0.6,2.857143,8.0,-0.0024988884,-0.16249135,0.009227044
2359,0.6,3.4285715,8.0,0.0027922313,-0.178554,0.012619743
2360,0.6,4.0,8.0,-0.008267873,-0.1580051,0.0135302385
2361,0.6,0.0,7.3846154,0.0065321913,-0.15557256,-0.0048280447
2362,0.6,0.5714286,7.3846154,0.0015262006,-0.15672189,-0.002844654
2363,0.6,1.1428572,7.3846154,0.0032420899,-0.1596063,-0.00035195606
2364,0.6,1.7142857,7.3846154,-0.0008796127,-0.15773597,0.0020495339
2365,0.6,2.2857144,7.3846154,0.0019468287,-0.16532172,0.0047556814
2366,0.6,2.857143,7.3846154,-0.003468144,-0.15909798,0.0074807936
2367,0.6,3.4285715,7.3846154,0.0013004494,-0.17736356,0.0096698515
2368,0.6,4.0,7.3846154,-0.011572892,-0.15341727,0.012304226
2369,0.6,0.0,6.769231,0.0064890184,-0.15374213,-0.0037480034
2370,0.6,0.5714286,6.769231,0.0014431642,-0.15490288,-0.0021268586
2371,0.6,1.1428572,6.769231,0.0033325485,-0.1580403,-0.00032676107
2372,0.6,1.7142857,6.769231,-0.0009851318,-0.15595512,0.0016796521
2373,0.6,2.2857144,6.769231,0.0021457956,-0.16401722,0.0037354322
2374,0.6,2.857143,6.769231,-0.0035641901,-0.15757169,0.0057286657
2375,0.6,3.4285715,6.769231,0.002092546,-0.1765485,0.007719201
2376,0.6,4.0,6.769231,-0.010183286,-0.15162456,0.008594764
2377,0.6,0.0,6.1538463,0.0064860624,-0.15259372,-0.0025583403
2378,0.6,0.5714286,6.1538463,0.0014354293,-0.15384522,-0.0016169796
2379,0.6,1.1428572,6.1538463,0.003289206,-0.15693356,-0.00023099617
2380,0.6,1.7142857,6.1538463,-0.0009502549,-0.15506518,0.0012272443
2381,0.6,2.2857144,6.1538463,0.002068329,-0.16308947,0.002796884
2382,0.6,2.857143,6.1538463,-0.003491659,-0.15699576,0.0042730505
2383,0.6,3.4285715,6.1538463,0.0019279186,-0.17588834,0.005454541
2384,0.6,4.0,6.1538463,-0.011147346,-0.15180907,0.0059728
2385,0.6,0.0,5.5384617,0.006410987,-0.151852,-0.0018500003
2386,0.6,0.5714286,5.5384617,0.0014299181,-0.1531864,-0.0011362955
2387,0.6,1.1428572,5.5384617,0.0032709234,-0.15629841,-0.0002156439
2388,0.6,1.7142857,5.5384617,-0.00095405756,-0.15454566,0.000808454
2389,0.6,2.2857144,5.5384617,0.0021101711,-0.16256723,0.0018766699
2390,0.6,2.857143,5.5384617,-0.0034981961,-0.15671955,0.0028528562
2391,0.6,3.4285715,5.5384617,0.0021127842,-0.17554884,0.0037243816
2392,0.6,4.0,5.5384617,-0.010607145,-0.15169364,0.0042141136
2393,0.6,0.0,4.923077,0.006413601,-0.15144439,-0.0010747538
2394,0.6,0.5714286,4.923077,0.0014086965,-0.15283571,-0.0007605038
2395,0.6,1.1428572,4.923077,0.0032511707,-0.15594052,-0.00022172673
2396,0.6,1.7142857,4.923077,-0.0009470894,-0.15426879,0.00037210615
2397,0.6,2.2857144,4.923077,0.0020865882,-0.16229725,0.001000764
2398,0.6,2.857143,4.923077,-0.0034602897,-0.15656188,0.0015805512
2399,0.6,3.4285715,4.923077,0.0020855782,-0.17536482,0.001977534
2400,0.6,4.0,4.923077,-0.010972197,-0.1517224,0.002052395
2401,0.6,0.0,4.3076925,0.006383806,-0.15125537,-0.0005800676
2402,0.6,0.5714286,4.3076925,0.0013972246,-0.15267146,-0.00042699653
2403,0.6,1.1428572,4.3076925,0.0032361953,-0.15579006,-0.00025280323
2404,0.6,1.7142857,4.3076925,-0.00095750723,-0.15414722,-5.4086617e-05
2405,0.6,2.2857144,4.3076925,0.0020907314,-0.16217864,0.00015032632
2406,0.6,2.857143,4.3076925,-0.0034725757,-0.15649787,0.0003204224
2407,0.6,3.4285715,4.3076925,0.002119011,-0.17527758,0.00052623474
2408,0.6,4.0,4.3076925,-0.010834797,-0.15169907,0.00072167837
2409,0.6,0.0,3.6923077,0.006370395,-0.151256,2.9263267e-05
2410,0.6,0.5714286,3.6923077,0.0013853117,-0.15267144,-0.00010686384
2411,0.6,1.1428572,3.6923077,0.0032235885,-0.15579027,-0.00029498443
2412,0.6,1.7142857,3.6923077,-0.0009695357,-0.15414733,-0.00048311905
2413,0.6,2.2857144,3.6923077,0.0020781786,-0.16217856,-0.00069566973
2414,0.6,2.857143,3.6923077,-0.003484654,-0.15649833,-0.0008589125
2415,0.6,3.4285715,3.6923077,0.0021063949,-0.17527758,-0.0010704962
2416,0.6,4.0,3.6923077,-0.010846735,-0.15169978,-0.0012606836
2417,0.6,0.0,3.0769231,0.006377376,-0.15144452,0.0005367811
2418,0.6,0.5714286,3.0769231,0.0013715657,-0.15283607,0.00021718357
2419,0.6,1.1428572,3.0769231,0.0032143993,-0.15594088,-0.00031925272
2420,0.6,1.7142857,3.0769231,-0.0009840274,-0.15426876,-0.00091425655
2421,0.6,2.2857144,3.0769231,0.0020497364,-0.16229796,-0.0015423757
2422,0.6,2.857143,3.0769231,-0.0034972532,-0.15656191,-0.0021220935
2423,0.6,3.4285715,3.0769231,0.0020487995,-0.17536628,-0.0025189738
2424,0.6,4.0,3.0769231,-0.011008607,-0.1517243,-0.0025939303
2425,0.6,0.0,2.4615386,0.006348941,-0.1518523,0.0013064281
2426,0.6,0.5714286,2.4615386,0.0013685169,-0.15318657,0.0005951007
2427,0.6,1.1428572,2.4615386,0.0032095707,-0.15629861,-0.00032626366
2428,0.6,1.7142857,2.4615386,-0.0010156545,-0.15454622,-0.0013503232
2429,0.6,2.2857144,2.4615386,0.002048822,-0.16256739,-0.0024183544
2430,0.6,2.857143,2.4615386,-0.0035599282,-0.15672103,-0.0033945455
2431,0.6,3.4285715,2.4615386,0.0020513535,-0.1755498,-0.0042656404
2432,0.6,4.0,2.4615386,-0.010667859,-0.15170069,-0.0047560446
2433,0.6,0.0,1.8461539,0.00640071,-0.15259397,0.0020171453
2434,0.6,0.5714286,1.8461539,0.0013493416,-0.15384534,0.0010751153
2435,0.6,1.1428572,1.8461539,0.0032033233,-0.15693396,-0.00031112938
2436,0.6,1.7142857,1.8461539,-0.0010364067,-0.15506534,-0.0017688123
2437,0.6,2.2857144,1.8461539,0.0019823778,-0.16309047,-0.0033389674
2438,0.6,2.857143,1.8461539,-0.0035780068,-0.15699635,-0.004814694
2439,0.6,3.4285715,1.8461539,0.0018420259,-0.17589165,-0.0059963134
2440,0.6,4.0,1.8461539,-0.011232411,-0.15181538,-0.0065142703
2441,0.6,0.0,1.2307693,0.006378077,-0.15374263,0.003205612
2442,0.6,0.5714286,1.2307693,0.0013325089,-0.15490302,0.0015847684
2443,0.6,1.1428572,1.2307693,0.0032222653,-0.15804058,-0.00021487818
2444,0.6,1.7142857,1.2307693,-0.001096038,-0.15595555,-0.0022218295
2445,0.6,2.2857144,1.2307693,0.0020353633,-0.16401762,-0.0042772414
2446,0.6,2.857143,1.2307693,-0.0036752985,-0.1575734,-0.0062707243
2447,0.6,3.4285715,1.2307693,0.0019819268,-0.17654963,-0.008261406
2448,0.6,4.0,1.2307693,-0.01029312,-0.15163577,-0.009136515
2449,0.6,0.0,0.61538464,0.0063978513,-0.15557271,0.004286011
2450,0.6,0.5714286,0.61538464,0.0013909152,-0.15672205,0.0023032068
2451,0.6,1.1428572,0.61538464,0.0031072255,-0.15960665,-0.00019057668
2452,0.6,1.7142857,0.61538464,-0.0010151026,-0.1577362,-0.0025908938
2453,0.6,2.2857144,0.61538464,0.001811852,-0.16532251,-0.005298412
2454,0.6,2.857143,0.61538464,-0.003604025,-0.15909821,-0.008022244
2455,0.6,3.4285715,0.61538464,0.0011655561,-0.17736682,-0.010213448
2456,0.6,4.0,0.61538464,-0.011708114,-0.15341814,-0.012844668
2457,0.6,0.0,0.0,0.006205794,-0.158158,0.005888925
2458,0.6,0.5714286,0.0,0.0015418333,-0.1593414,0.0026995097
2459,0.6,1.1428572,0.0,0.0031260832,-0.16218683,0.00023486116
2460,0.6,1.7142857,0.0,-0.00059230084,-0.16059774,-0.0033283203
2461,0.6,2.2857144,0.0,0.0022059714,-0.1677169,-0.0060007027
2462,0.6,2.857143,0.0,-0.0026591343,-0.1624935,-0.009770837
2463,0.6,3.4285715,0.0,0.0026314443,-0.17855243,-0.013160632
2464,0.6,4.0,0.0,-0.008427309,-0.15801531,-0.01407531
2465,1.2,0.0,8.0,0.007883847,-0.15406805,-0.0059937267
2466,1.2,0.5714286,8.0,0.007957855,-0.15565354,-0.0037129228
2467,1.2,1.1428572,8.0,0.0013530998,-0.15488066,-0.00081126066
2468,1.2,1.7142857,8.0,0.004303811,-0.15905839,0.0016542239
2469,1.2,2.2857144,8.0,-0.002028281,-0.15503266,0.0043957406
2470,1.2,2.857143,8.0,0.0018756859,-0.1638263,0.0069230516
2471,1.2,3.4285715,8.0,-0.006013779,-0.15130174,0.008019336
2472,1.2,4.0,8.0,-0.008318789,-0.16544929,0.009274825
2473,1.2,0.0,7.3846154,0.0075970558,-0.15159492,-0.004978648
2474,1.2,0.5714286,7.3846154,0.008106539,-0.15328439,-0.0028510753
2475,1.2,1.1428572,7.3846154,0.0009035656,-0.15235528,-0.0007263081
2476,1.2,1.7142857,7.3846154,0.004010323,-0.15684111,0.0015059054
2477,1.2,2.2857144,7.3846154,-0.003002183,-0.15234572,0.003778291
2478,1.2,2.857143,7.3846154,0.0008718861,-0.16228311,0.005775515
2479,1.2,3.4285715,7.3846154,-0.007871401,-0.1486128,0.007629798
2480,1.2,4.0,7.3846154,-0.009085152,-0.16595253,0.008919342
2481,1.2,0.0,6.769231,0.0074440707,-0.14990658,-0.003639283
2482,1.2,0.5714286,6.769231,0.008243228,-0.15164077,-0.0022325737
2483,1.2,1.1428572,6.769231,0.00073167443,-0.15062568,-0.0005631408
2484,1.2,1.7142857,6.769231,0.0041996883,-0.15538256,0.0012519778
2485,1.2,2.2857144,6.769231,-0.0032454012,-0.1506044,0.0030154611
2486,1.2,2.857143,6.769231,0.0012298609,-0.16110422,0.0047515244
2487,1.2,3.4285715,6.769231,-0.008029131,-0.14639835,0.006032036
2488,1.2,4.0,6.769231,-0.009488976,-0.16466974,0.00740609
2489,1.2,0.0,6.1538463,0.0073847636,-0.14870816,-0.002748542
2490,1.2,0.5714286,6.1538463,0.008144321,-0.15052514,-0.0016689482
2491,1.2,1.1428572,6.1538463,0.0007996298,-0.14959036,-0.00042881293
2492,1.2,1.7142857,6.1538463,0.0040906477,-0.15431006,0.0009323367
2493,1.2,2.2857144,6.1538463,-0.003110251,-0.14975661,0.0022769938
2494,1.2,2.857143,6.1538463,0.00105402,-0.15998977,0.0035486468
2495,1.2,3.4285715,6.1538463,-0.007802794,-0.14591902,0.004686675
2496,1.2,4.0,6.1538463,-0.009044786,-0.1633537,0.005449208
2497,1.2,0.0,5.5384617,0.0074073733,-0.14802061,-0.0018214122
2498,1.2,0.5714286,5.5384617,0.008096241,-0.14980093,-0.0011930177
2499,1.2,1.1428572,5.5384617,0.0007845773,-0.14897116,-0.00035785444
2500,1.2,1.7142857,5.5384617,0.0041095396,-0.15365577,0.0006006657
2501,1.2,2.2857144,5.5384617,-0.0031258669,-0.14921273,0.0015354601
2502,1.2,2.857143,5.5384617,0.0011646405,-0.15946417,0.0024557733
2503,1.2,3.4285715,5.5384617,-0.0077664033,-0.14539236,0.003072096
2504,1.2,4.0,5.5384617,-0.009537316,-0.16275321,0.0035583226
2505,1.2,0.0,4.923077,0.007361092,-0.1475756,-0.001201247
2506,1.2,0.5714286,4.923077,0.008050931,-0.1494042,-0.0008031486
2507,1.2,1.1428572,4.923077,0.00079355243,-0.14860967,-0.00030615137
2508,1.2,1.7142857,4.923077,0.004070765,-0.15329093,0.00025064842
2509,1.2,2.2857144,4.923077,-0.0030665053,-0.14893533,0.0008057529
2510,1.2,2.857143,4.923077,0.0011201861,-0.15910955,0.0013101223
2511,1.2,3.4285715,4.923077,-0.0076718703,-0.1452209,0.0017814997
2512,1.2,4.0,4.923077,-0.009288631,-0.16228035,0.0021133404
2513,1.2,0.0,4.3076925,0.0073622717,-0.1473926,-0.0005438508
2514,1.2,0.5714286,4.3076925,0.008025392,-0.14921801,-0.0004441419
2515,1.2,1.1428572,4.3076925,0.0007779511,-0.1484515,-0.0002916454
2516,1.2,1.7142857,4.3076925,0.0040688775,-0.15312977,-0.000104614075
2517,1.2,2.2857144,4.3076925,-0.0030794884,-0.14880003,7.740403e-05
2518,1.2,2.857143,4.3076925,0.0011464279,-0.15897818,0.0002647037
2519,1.2,3.4285715,4.3076925,-0.007670053,-0.14508387,0.0003308834
2520,1.2,4.0,4.3076925,-0.009455237,-0.16212317,0.0003657143
2521,1.2,0.0,3.6923077,0.0073503987,-0.14739202,-1.3303169e-05
2522,1.2,0.5714286,3.6923077,0.00801291,-0.1492182,-0.00012990642
2523,1.2,1.1428572,3.6923077,0.0007657745,-0.14845124,-0.000268254
2524,1.2,1.7142857,3.6923077,0.0040565017,-0.15313016,-0.00046573946
2525,1.2,2.2857144,3.6923077,-0.0030917036,-0.1487999,-0.00063936133
2526,1.2,2.857143,3.6923077,0.0011340876,-0.15897872,-0.0008332568
2527,1.2,3.4285715,3.6923077,-0.007682169,-0.14508376,-0.00089364004
2528,1.2,4.0,3.6923077,-0.009467505,-0.16212374,-0.000933955
2529,1.2,0.0,3.0769231,0.007323835,-0.14757575,0.0006311535
2530,1.2,0.5714286,3.0769231,0.008013849,-0.14940408,0.0002385574
2531,1.2,1.1428572,3.0769231,0.00075687096,-0.14860985,-0.00026059427
2532,1.2,1.7142857,3.0769231,0.0040337117,-0.15329118,-0.0008161178
2533,1.2,2.2857144,3.0769231,-0.0031031645,-0.14893587,-0.0013714414
2534,1.2,2.857143,3.0769231,0.001083041,-0.15911007,-0.001875744
2535,1.2,3.4285715,3.0769231,-0.0077083167,-0.14522226,-0.0023467836
2536,1.2,4.0,3.0769231,-0.009325794,-0.16228075,-0.0026792604
2537,1.2,0.0,2.4615386,0.0073463586,-0.1480207,0.001257009
2538,1.2,0.5714286,2.4615386,0.008034863,-0.14980134,0.00062617386
2539,1.2,1.1428572,2.4615386,0.00072310725,-0.14897135,-0.00020795778
2540,1.2,1.7142857,2.4615386,0.004048132,-0.15365632,-0.0011665077
2541,1.2,2.2857144,2.4615386,-0.0031872801,-0.14921337,-0.002101271
2542,1.2,2.857143,2.4615386,0.001103065,-0.15946531,-0.0030212742
2543,1.2,3.4285715,2.4615386,-0.007827224,-0.14539447,-0.0036377278
2544,1.2,4.0,2.4615386,-0.009598878,-0.162753,-0.0041239513
2545,1.2,0.0,1.8461539,0.00729856,-0.14870833,0.0021814574
2546,1.2,0.5714286,1.8461539,0.0080581745,-0.15052563,0.0011029607
2547,1.2,1.1428572,1.8461539,0.0007139247,-0.14959078,-0.00013703159
2548,1.2,1.7142857,1.8461539,0.004004348,-0.15431066,-0.0014984976
2549,1.2,2.2857144,1.8461539,-0.0031959245,-0.14975761,-0.0028426382
2550,1.2,2.857143,1.8461539,0.00096742867,-0.15999097,-0.0041146376
2551,1.2,3.4285715,1.8461539,-0.007887815,-0.14592208,-0.0052522467
2552,1.2,4.0,1.8461539,-0.009131556,-0.16335441,-0.006015059
2553,1.2,0.0,1.2307693,0.0073339315,-0.14990667,0.0030737973
2554,1.2,0.5714286,1.2307693,0.008132809,-0.15164138,0.0016663446
2555,1.2,1.1428572,1.2307693,0.0006211071,-0.150626,-2.8514166e-06
2556,1.2,1.7142857,1.2307693,0.0040891264,-0.15538341,-0.0018180201
2557,1.2,2.2857144,1.2307693,-0.0033559627,-0.1506052,-0.0035813868
2558,1.2,2.857143,1.2307693,0.0011189859,-0.16110569,-0.005317689
2559,1.2,3.4285715,1.2307693,-0.008138935,-0.14640138,-0.006598003
2560,1.2,4.0,1.2307693,-0.0095999185,-0.16466856,-0.007971746
2561,1.2,0.0,0.61538464,0.0074614813,-0.15159523,0.0044121337
2562,1.2,0.5714286,0.61538464,0.007971644,-0.15328503,0.0022848507
2563,1.2,1.1428572,0.61538464,0.00076837844,-0.15235576,0.00016046614
2564,1.2,1.7142857,0.61538464,0.0038752668,-0.15684183,-0.0020721855
2565,1.2,2.2857144,0.61538464,-0.0031375657,-0.15234666,-0.0043442105
2566,1.2,2.857143,0.61538464,0.0007365711,-0.16228442,-0.0063420846
2567,1.2,3.4285715,0.61538464,-0.008006605,-0.14861473,-0.008195658
2568,1.2,4.0,0.61538464,-0.009220629,-0.16595499,-0.009485639
2569,1.2,0.0,0.0,0.0077246875,-0.15406822,0.005427841
2570,1.2,0.5714286,0.0,0.007798261,-0.15565431,0.003146896
2571,1.2,1.1428572,0.0,0.0011934406,-0.15488113,0.00024505833
2572,1.2,1.7142857,0.0,0.004143941,-0.15905926,-0.0022202383
2573,1.2,2.2857144,0.0,-0.0021880423,-0.15503381,-0.00496218
2574,1.2,2.857143,0.0,0.0017154199,-0.1638271,-0.007489283
2575,1.2,3.4285715,0.0,-0.006173144,-0.15130496,-0.008586284
2576,1.2,4.0,0.0,-0.008478955,-0.1654473,-0.009840203
2577,1.8,0.0,8.0,0.016616352,-0.14733593,-0.0063023623
2578,1.8,0.5714286,8.0,0.006039423,-0.14730154,-0.0035364456
2579,1.8,1.1428572,8.0,0.0074802544,-0.14975548,-0.0014145806
2580,1.8,1.7142857,8.0,-1.6378544e-05,-0.14721155,0.00084842206
2581,1.8,2.2857144,8.0,0.0026852477,-0.15235515,0.003123177
2582,1.8,2.857143,8.0,-0.0049163275,-0.14500634,0.004563766
2583,1.8,3.4285715,8.0,-0.004330907,-0.15455535,0.0068256385
2584,1.8,4.0,8.0,-0.016379654,-0.14235145,0.009063059
2585,1.8,0.0,7.3846154,0.01694268,-0.14513865,-0.004639831
2586,1.8,0.5714286,7.3846154,0.005790425,-0.14508578,-0.003006228
2587,1.8,1.1428572,7.3846154,0.0074502956,-0.14771985,-0.0010814408
2588,1.8,1.7142857,7.3846154,-0.0007117364,-0.14493152,0.0008637268
2589,1.8,2.2857144,7.3846154,0.0021560078,-0.15071589,0.002609574
2590,1.8,2.857143,7.3846154,-0.0061326725,-0.14276494,0.0043808096
2591,1.8,3.4285715,7.3846154,-0.0050465097,-0.15366746,0.005591533
2592,1.8,4.0,7.3846154,-0.017948734,-0.13933748,0.006756681
2593,1.8,0.0,6.769231,0.01692434,-0.14353254,-0.0037613523
2594,1.8,0.5714286,6.769231,0.0056066313,-0.143463,-0.0023255756
2595,1.8,1.1428572,6.769231,0.007634379,-0.14623928,-0.00081084773
2596,1.8,1.7142857,6.769231,-0.0009868757,-0.14329217,0.0006982072
2597,1.8,2.2857144,6.769231,0.002293746,-0.14943665,0.0022463435
2598,1.8,2.857143,6.769231,-0.006543291,-0.14093648,0.0035590227
2599,1.8,3.4285715,6.769231,-0.005245496,-0.15281604,0.004883793
2600,1.8,4.0,6.769231,-0.01820883,-0.13790755,0.006014799
2601,1.8,0.0,6.1538463,0.016838351,-0.14241508,-0.0026590074
2602,1.8,0.5714286,6.1538463,0.0056367693,-0.14237145,-0.0017697756
2603,1.8,1.1428572,6.1538463,0.007516552,-0.14515723,-0.00063751766
2604,1.8,1.7142857,6.1538463,-0.0008706815,-0.14230399,0.00053503754
2605,1.8,2.2857144,6.1538463,0.0021463071,-0.14830488,0.0017049435
2606,1.8,2.857143,6.1538463,-0.0063473275,-0.1401522,0.0027725687
2607,1.8,3.4285715,6.1538463,-0.005222727,-0.15137698,0.0036463155
2608,1.8,4.0,6.1538463,-0.018220754,-0.13708599,0.0044440883
2609,1.8,0.0,5.5384617,0.016701521,-0.1416281,-0.0019361296
2610,1.8,0.5714286,5.5384617,0.0056153224,-0.14170568,-0.0012822882
2611,1.8,1.1428572,5.5384617,0.007486765,-0.14442383,-0.0004934942
2612,1.8,1.7142857,5.5384617,-0.0008802918,-0.14167808,0.0003221296
2613,1.8,2.2857144,5.5384617,0.0021727649,-0.14762673,0.001149895
2614,1.8,2.857143,5.5384617,-0.0063510607,-0.13949564,0.0018872458
2615,1.8,3.4285715,5.5384617,-0.005264865,-0.1507922,0.002624257
2616,1.8,4.0,5.5384617,-0.018057348,-0.1365278,0.0031537723
2617,1.8,0.0,4.923077,0.016675374,-0.14119005,-0.0011831813
2618,1.8,0.5714286,4.923077,0.0055925325,-0.14128307,-0.00085043896
2619,1.8,1.1428572,4.923077,0.0074360864,-0.14401707,-0.0004026844
2620,1.8,1.7142857,4.923077,-0.0008468296,-0.14130187,8.296649e-05
2621,1.8,2.2857144,4.923077,0.0021315552,-0.14720982,0.0005801377
2622,1.8,2.857143,4.923077,-0.0062617166,-0.13919929,0.0010315332
2623,1.8,3.4285715,4.923077,-0.005238033,-0.15028583,0.0013570277
2624,1.8,4.0,4.923077,-0.01814237,-0.13621962,0.0016371332
2625,1.8,0.0,4.3076925,0.016625756,-0.14097235,-0.00060575776
2626,1.8,0.5714286,4.3076925,0.0055733626,-0.14110026,-0.0004858833
2627,1.8,1.1428572,4.3076925,0.0074167657,-0.14382039,-0.0003236273
2628,1.8,1.7142857,4.3076925,-0.0008587511,-0.14113247,-0.00016527028
2629,1.8,2.2857144,4.3076925,0.002136658,-0.14703122,-5.7281677e-06
2630,1.8,2.857143,4.3076925,-0.00626715,-0.13902472,0.0001349327
2631,1.8,3.4285715,4.3076925,-0.0052478146,-0.15012392,0.00032179838
2632,1.8,4.0,4.3076925,-0.018080479,-0.13605204,0.00043908946
2633,1.8,0.0,3.6923077,0.016612992,-0.14097199,-1.0827839e-36
2634,1.8,0.5714286,3.6923077,0.0055611487,-0.1410995,-9.6129406e-05
2635,1.8,1.1428572,3.6923077,0.007404442,-0.1438209,-0.0002723728
2636,1.8,1.7142857,3.6923077,-0.0008709979,-0.14113215,-0.0004199815
2637,1.8,2.2857144,3.6923077,0.0021243491,-0.14703172,-0.0005875301
2638,1.8,2.857143,3.6923077,-0.006279416,-0.13902447,-0.00072148035
2639,1.8,3.4285715,3.6923077,-0.0052601183,-0.15012462,-0.00091406546
2640,1.8,4.0,3.6923077,-0.018092835,-0.13605174,-0.0010260285
2641,1.8,0.0,3.0769231,0.016638713,-0.14119026,0.00059665536
2642,1.8,0.5714286,3.0769231,0.005555877,-0.1412826,0.00025682876
2643,1.8,1.1428572,3.0769231,0.0073990542,-0.14401719,-0.00018578878
2644,1.8,1.7142857,3.0769231,-0.0008834722,-0.14130218,-0.0006735731
2645,1.8,2.2857144,3.0769231,0.002094504,-0.14721006,-0.001169512
2646,1.8,2.857143,3.0769231,-0.006298293,-0.13920008,-0.0016212147
2647,1.8,3.4285715,3.0769231,-0.0052749855,-0.15028578,-0.0019466769
2648,1.8,4.0,3.0769231,-0.018178936,-0.13622057,-0.0022266
2649,1.8,0.0,2.4615386,0.016639732,-0.14162855,0.0013430605
2650,1.8,0.5714286,2.4615386,0.005554026,-0.14170614,0.00069331145
2651,1.8,1.1428572,2.4615386,0.00742527,-0.14442399,-9.75767e-05
2652,1.8,1.7142857,2.4615386,-0.00094154314,-0.14167854,-0.00091145525
2653,1.8,2.2857144,2.4615386,0.0021111586,-0.14762735,-0.001740033
2654,1.8,2.857143,2.4615386,-0.006412205,-0.13949648,-0.0024766705
2655,1.8,3.4285715,2.4615386,-0.0053264117,-0.15079273,-0.0032141365
2656,1.8,4.0,2.4615386,-0.018118689,-0.13652946,-0.0037431133
2657,1.8,0.0,1.8461539,0.016752383,-0.14241587,0.0020699112
2658,1.8,0.5714286,1.8461539,0.005551245,-0.14237149,0.0011788976
2659,1.8,1.1428572,1.8461539,0.0074302508,-0.14515807,4.777964e-05
2660,1.8,1.7142857,1.8461539,-0.00095625315,-0.14230445,-0.0011253027
2661,1.8,2.2857144,1.8461539,0.0020598914,-0.14830561,-0.0022945956
2662,1.8,2.857143,1.8461539,-0.006432771,-0.14015366,-0.0033625574
2663,1.8,3.4285715,1.8461539,-0.0053090006,-0.15137693,-0.004235907
2664,1.8,4.0,1.8461539,-0.018306293,-0.13708784,-0.005033809
2665,1.8,0.0,1.2307693,0.016813505,-0.14353327,0.0031697976
2666,1.8,0.5714286,1.2307693,0.005496269,-0.14346355,0.0017359818
2667,1.8,1.1428572,1.2307693,0.0075237704,-0.14623989,0.00022022364
2668,1.8,1.7142857,1.2307693,-0.0010972241,-0.14329287,-0.0012877358
2669,1.8,2.2857144,1.2307693,0.0021829125,-0.14943758,-0.0028368519
2670,1.8,2.857143,1.2307693,-0.006653521,-0.1409377,-0.0041484684
2671,1.8,3.4285715,1.2307693,-0.0053563262,-0.15281653,-0.0054740417
2672,1.8,4.0,1.2307693,-0.01831935,-0.13791023,-0.006603929
2673,1.8,0.0,0.61538464,0.016808027,-0.14513968,0.004050216
2674,1.8,0.5714286,0.61538464,0.005655405,-0.14508595,0.0024157306
2675,1.8,1.1428572,0.61538464,0.0073153246,-0.14772093,0.00049155793
2676,1.8,1.7142857,0.61538464,-0.0008469486,-0.14493202,-0.0014540778
2677,1.8,2.2857144,0.61538464,0.0020209078,-0.15071696,-0.0031993957
2678,1.8,2.857143,0.61538464,-0.0062679797,-0.14276616,-0.0049711447
2679,1.8,3.4285715,0.61538464,-0.005181546,-0.15366828,-0.006181234
2680,1.8,4.0,0.61538464,-0.01808414,-0.13933842,-0.007346562
2681,1.8,0.0,0.0,0.016456475,-0.14733684,0.0057112155
2682,1.8,0.5714286,0.0,0.005879929,-0.14730215,0.002946691
2683,1.8,1.1428572,0.0,0.0073205396,-0.14975631,0.00082400953
2684,1.8,1.7142857,0.0,-0.00017595057,-0.14721245,-0.0014381271
2685,1.8,2.2857144,0.0,0.0025252746,-0.15235604,-0.003713845
2686,1.8,2.857143,0.0,-0.0050758836,-0.1450079,-0.0051534674
2687,1.8,3.4285715,0.0,-0.004490966,-0.15455563,-0.0074159997
2688,1.8,4.0,0.0,-0.016539577,-0.14235434,-0.009652174
2689,2.4,0.0,8.0,0.015799416,-0.1373579,-0.0052268705
2690,2.4,0.5714286,8.0,0.013172646,-0.13950072,-0.0037648147
2691,2.4,1.1428572,8.0,0.00394169,-0.13828684,-0.0017074515
2692,2.4,1.7142857,8.0,0.005122929,-0.1413097,0.00032949154
2693,2.4,2.2857144,8.0,-0.0027705084,-0.13701218,0.0017866441
2694,2.4,2.857143,8.0,-0.00178493,-0.14305602,0.0040010973
2695,2.4,3.4285715,8.0,-0.0116458,-0.13448584,0.005174412
2696,2.4,4.0,8.0,-0.015595235,-0.1425843,0.0057913545
2697,2.4,0.0,7.3846154,0.01561073,-0.13544874,-0.0047958163
2698,2.4,0.5714286,7.3846154,0.013450606,-0.13762188,-0.0029466872
2699,2.4,1.1428572,7.3846154,0.0035615955,-0.13632783,-0.0013361363
2700,2.4,1.7142857,7.3846154,0.0049627763,-0.13968447,0.00021327162
2701,2.4,2.2857144,7.3846154,-0.0035731753,-0.1350453,0.0018793995
2702,2.4,2.857143,7.3846154,-0.00226645,-0.1418307,0.0031277866
2703,2.4,3.4285715,7.3846154,-0.012874637,-0.13238372,0.004651439
2704,2.4,4.0,7.3846154,-0.016257534,-0.142218,0.0062923753
2705,2.4,0.0,6.769231,0.0153690195,-0.13390003,-0.003501272
2706,2.4,0.5714286,6.769231,0.013617058,-0.13620205,-0.0023748518
2707,2.4,1.1428572,6.769231,0.0033403756,-0.1348392,-0.0010718671
2708,2.4,1.7142857,6.769231,0.0050696624,-0.13840918,0.00028867662
2709,2.4,2.2857144,6.769231,-0.0039537554,-0.13348801,0.0015023655
2710,2.4,2.857143,6.769231,-0.0023687542,-0.14087765,0.0027638911
2711,2.4,3.4285715,6.769231,-0.013293462,-0.13069893,0.0037212218
2712,2.4,4.0,6.769231,-0.016423644,-0.1410696,0.0045961756
2713,2.4,0.0,6.1538463,0.015308097,-0.13283297,-0.002767558
2714,2.4,0.5714286,6.1538463,0.013480391,-0.1351609,-0.0018005572
2715,2.4,1.1428572,6.1538463,0.0034221006,-0.13382672,-0.0008226006
2716,2.4,1.7142857,6.1538463,0.004942669,-0.13735522,0.00019640637
2717,2.4,2.2857144,6.1538463,-0.0038514887,-0.13261034,0.001183793
2718,2.4,2.857143,6.1538463,-0.0024754321,-0.13967593,0.002090611
2719,2.4,3.4285715,6.1538463,-0.013276463,-0.13006599,0.003007544
2720,2.4,4.0,6.1538463,-0.016448965,-0.14002347,0.003851512
2721,2.4,0.0,5.5384617,0.015280627,-0.13213961,-0.0018889232
2722,2.4,0.5714286,5.5384617,0.0133977365,-0.13440321,-0.001316403
2723,2.4,1.1428572,5.5384617,0.0034015875,-0.13318902,-0.00063962507
2724,2.4,1.7142857,5.5384617,0.0049204696,-0.13663203,8.3165e-05
2725,2.4,2.2857144,5.5384617,-0.0038550082,-0.13196157,0.00078369887
2726,2.4,2.857143,5.5384617,-0.0024810948,-0.13902237,0.0014533049
2727,2.4,3.4285715,5.5384617,-0.013190895,-0.12933904,0.0019788174
2728,2.4,4.0,5.5384617,-0.016482072,-0.1392671,0.0024739772
2729,2.4,0.0,4.923077,0.015217065,-0.13168602,-0.0012540714
2730,2.4,0.5714286,4.923077,0.01332752,-0.13397959,-0.000891413
2731,2.4,1.1428572,4.923077,0.003403874,-0.13276947,-0.0004907791
2732,2.4,1.7142857,4.923077,0.0048720352,-0.13620612,-5.4446304e-05
2733,2.4,2.2857144,4.923077,-0.0038124335,-0.13158831,0.00035005814
2734,2.4,2.857143,4.923077,-0.0024998954,-0.13854222,0.0007492556
2735,2.4,3.4285715,4.923077,-0.01317906,-0.12905487,0.0011580563
2736,2.4,4.0,4.923077,-0.016463801,-0.13882692,0.0014832419
2737,2.4,0.0,4.3076925,0.015199841,-0.13148236,-0.000597249
2738,2.4,0.5714286,4.3076925,0.013289699,-0.1337638,-0.0004917277
2739,2.4,1.1428572,4.3076925,0.0033845205,-0.13258469,-0.00036401046
2740,2.4,1.7142857,4.3076925,0.004859458,-0.13600226,-0.00022859877
2741,2.4,2.2857144,4.3076925,-0.0038192996,-0.13140176,-7.67447e-05
2742,2.4,2.857143,4.3076925,-0.0024981853,-0.13835761,5.0836534e-05
2743,2.4,3.4285715,4.3076925,-0.0131531125,-0.12884793,0.000113186055
2744,2.4,4.0,4.3076925,-0.016480723,-0.1386139,0.00019222597
2745,2.4,0.0,3.6923077,0.015188153,-0.13148187,-1.0287055e-05
2746,2.4,0.5714286,3.6923077,0.013277439,-0.13376392,-0.00012916596
2747,2.4,1.1428572,3.6923077,0.0033722166,-0.13258451,-0.00024524936
2748,2.4,1.7142857,3.6923077,0.0048472243,-0.13600248,-0.00038907956
2749,2.4,2.2857144,3.6923077,-0.0038316126,-0.1314017,-0.00053384807
2750,2.4,2.857143,3.6923077,-0.0025104021,-0.1383579,-0.0006671232
2751,2.4,3.4285715,3.6923077,-0.013165405,-0.12884782,-0.00072428933
2752,2.4,4.0,3.6923077,-0.016492901,-0.13861404,-0.0008079367
2753,2.4,0.0,3.0769231,0.015180213,-0.1316861,0.00063650357
2754,2.4,0.5714286,3.0769231,0.013290574,-0.13397956,0.00027791027
2755,2.4,1.1428572,3.0769231,0.0033672298,-0.13276951,-0.0001238343
2756,2.4,1.7142857,3.0769231,0.0048350412,-0.13620636,-0.0005593725
2757,2.4,2.2857144,3.0769231,-0.0038490908,-0.1315886,-0.00096364575
2758,2.4,2.857143,3.0769231,-0.0025368948,-0.13854244,-0.0013631977
2759,2.4,3.4285715,3.0769231,-0.013215705,-0.12905546,-0.0017712205
2760,2.4,4.0,3.0769231,-0.016500928,-0.13882732,-0.0020969731
2761,2.4,0.0,2.4615386,0.015219665,-0.13213971,0.0012756236
2762,2.4,0.5714286,2.4615386,0.013336281,-0.13440363,0.00070145243
2763,2.4,1.1428572,2.4615386,0.0033403963,-0.1331892,2.5493307e-05
2764,2.4,1.7142857,2.4615386,0.0048589115,-0.13663243,-0.00069702003
2765,2.4,2.2857144,2.4615386,-0.0039161947,-0.13196206,-0.001397651
2766,2.4,2.857143,2.4615386,-0.0025426522,-0.13902272,-0.0020668376
2767,2.4,3.4285715,2.4615386,-0.013252014,-0.12933995,-0.0025925539
2768,2.4,4.0,2.4615386,-0.016543673,-0.13926692,-0.0030872184
2769,2.4,0.0,1.8461539,0.0152224675,-0.13283326,0.0021523593
2770,2.4,0.5714286,1.8461539,0.013394075,-0.13516156,0.0011861471
2771,2.4,1.1428572,1.8461539,0.0033365746,-0.13382705,0.0002086956
2772,2.4,1.7142857,1.8461539,0.004856381,-0.1373558,-0.00081072317
2773,2.4,2.2857144,1.8461539,-0.003937096,-0.13261104,-0.0017973419
2774,2.4,2.857143,1.8461539,-0.0025617236,-0.13967626,-0.0027046776
2775,2.4,3.4285715,1.8461539,-0.0133620445,-0.13006736,-0.003620842
2776,2.4,4.0,1.8461539,-0.016535461,-0.14002389,-0.004465144
2777,2.4,0.0,1.2307693,0.015258945,-0.13390024,0.0028873289
2778,2.4,0.5714286,1.2307693,0.013506565,-0.13620289,0.0017604891
2779,2.4,1.1428572,1.2307693,0.003230063,-0.13483956,0.00045765983
2780,2.4,1.7142857,1.2307693,0.0049589826,-0.13841,-0.00090265425
2781,2.4,2.2857144,1.2307693,-0.004064079,-0.13348868,-0.0021163388
2782,2.4,2.857143,1.2307693,-0.0024795106,-0.14087826,-0.0033776786
2783,2.4,3.4285715,1.2307693,-0.013403744,-0.13070025,-0.0043349518
2784,2.4,4.0,1.2307693,-0.01653451,-0.14106944,-0.005209612
2785,2.4,0.0,0.61538464,0.0154756345,-0.13544902,0.0041810675
2786,2.4,0.5714286,0.61538464,0.013315626,-0.13762294,0.002332199
2787,2.4,1.1428572,0.61538464,0.0034265115,-0.13632819,0.0007222643
2788,2.4,1.7142857,0.61538464,0.0048278095,-0.13968545,-0.0008276134
2789,2.4,2.2857144,0.61538464,-0.0037084639,-0.13504596,-0.0024931298
2790,2.4,2.857143,0.61538464,-0.0024014625,-0.14183155,-0.00374191
2791,2.4,3.4285715,0.61538464,-0.013010009,-0.13238476,-0.0052649006
2792,2.4,4.0,0.61538464,-0.016392805,-0.14221923,-0.006905914
2793,2.4,0.0,0.0,0.015640141,-0.1373582,0.0046127792
2794,2.4,0.5714286,0.0,0.013013191,-0.13950185,0.0031505674
2795,2.4,1.1428572,0.0,0.0037821191,-0.13828726,0.0010931926
2796,2.4,1.7142857,0.0,0.004963253,-0.14131072,-0.00094350945
2797,2.4,2.2857144,0.0,-0.0029301378,-0.13701303,-0.002400749
2798,2.4,2.857143,0.0,-0.0019447295,-0.14305669,-0.0046149744
2799,2.4,3.4285715,0.0,-0.011805508,-0.1344873,-0.0057882466
2800,2.4,4.0,0.0,-0.015755126,-0.1425842,-0.0064050187
2801,3.0,0.0,8.0,0.023477156,-0.12833843,-0.005664078
2802,3.0,0.5714286,8.0,0.0109031275,-0.12777828,-0.0034122076
2803,3.0,1.1428572,8.0,0.009437978,-0.1297164,-0.0017604638
2804,3.0,1.7142857,8.0,0.00089385855,-0.12748168,-0.00036788464
2805,3.0,2.2857144,8.0,0.0009740627,-0.13111483,0.0016404098
2806,3.0,2.857143,8.0,-0.007652296,-0.1256476,0.0026111363
2807,3.0,3.4285715,8.0,-0.010004671,-0.13161425,0.004332733
2808,3.0,4.0,8.0,-0.02273936,-0.12419344,0.0065435707
2809,3.0,0.0,7.3846154,0.023855595,-0.12659787,-0.0040900297
2810,3.0,0.5714286,7.3846154,0.01083831,-0.12611116,-0.002944323
2811,3.0,1.1428572,7.3846154,0.009558206,-0.12816893,-0.0015254183
2812,3.0,1.7142857,7.3846154,0.00046107703,-0.12577413,-4.1491905e-05
2813,3.0,2.2857144,7.3846154,0.0007511002,-0.12983254,0.0011212878
2814,3.0,2.857143,7.3846154,-0.008486673,-0.12389903,0.002604558
2815,3.0,3.4285715,7.3846154,-0.010476744,-0.13070679,0.0036030132
2816,3.0,4.0,7.3846154,-0.0236358,-0.12211058,0.004309545
2817,3.0,0.0,6.769231,0.023885876,-0.12535591,-0.0035336341
2818,3.0,0.5714286,6.769231,0.010678731,-0.12476305,-0.0023138842
2819,3.0,1.1428572,6.769231,0.009716486,-0.12694749,-0.0011648664
2820,3.0,1.7142857,6.769231,0.00018076292,-0.1244289,-8.993814e-05
2821,3.0,2.2857144,6.769231,0.0007272739,-0.12881769,0.0010834468
2822,3.0,2.857143,6.769231,-0.008890627,-0.12244656,0.0020084297
2823,3.0,3.4285715,6.769231,-0.010706126,-0.12988414,0.0031059727
2824,3.0,4.0,6.769231,-0.024070533,-0.12093644,0.004249743
2825,3.0,0.0,6.1538463,0.023720019,-0.12433807,-0.0025440028
2826,3.0,0.5714286,6.1538463,0.010697755,-0.12378775,-0.001798609
2827,3.0,1.1428572,6.1538463,0.009600024,-0.12599377,-0.0009326919
2828,3.0,1.7142857,6.1538463,0.00024333423,-0.123540506,-4.7358884e-05
2829,3.0,2.2857144,6.1538463,0.0005989688,-0.12780686,0.00078141043
2830,3.0,2.857143,6.1538463,-0.0088888025,-0.12173454,0.0016270331
2831,3.0,3.4285715,6.1538463,-0.010791371,-0.12875453,0.0022877967
2832,3.0,4.0,6.1538463,-0.023994735,-0.12012715,0.002884294
2833,3.0,0.0,5.5384617,0.023557482,-0.12360857,-0.001897649
2834,3.0,0.5714286,5.5384617,0.01065769,-0.12317414,-0.001328529
2835,3.0,1.1428572,5.5384617,0.009538763,-0.1252777,-0.00071237
2836,3.0,1.7142857,5.5384617,0.00023461146,-0.12293697,-0.00010424703
2837,3.0,2.2857144,5.5384617,0.00056374236,-0.12713869,0.0005093777
2838,3.0,2.857143,5.5384617,-0.008852338,-0.12109164,0.0010616236
2839,3.0,3.4285715,5.5384617,-0.010839819,-0.12816648,0.0016703506
2840,3.0,4.0,5.5384617,-0.023934284,-0.119599536,0.002205747
2841,3.0,0.0,4.923077,0.023473691,-0.123171166,-0.0012062123
2842,3.0,0.5714286,4.923077,0.0106204515,-0.12274216,-0.00089519337
2843,3.0,1.1428572,4.923077,0.00947624,-0.12486975,-0.0005429437
2844,3.0,1.7142857,4.923077,0.00024210555,-0.12253959,-0.0001795868
2845,3.0,2.2857144,4.923077,0.0005290894,-0.12670591,0.00019084135
2846,3.0,2.857143,4.923077,-0.00883506,-0.12075357,0.000537104
2847,3.0,3.4285715,4.923077,-0.010831224,-0.12767275,0.00079243805
2848,3.0,4.0,4.923077,-0.023889178,-0.1192231,0.0010433967
2849,3.0,0.0,4.3076925,0.023414034,-0.122952186,-0.0006167697
2850,3.0,0.5714286,4.3076925,0.010591666,-0.12255541,-0.0005165811
2851,3.0,1.1428572,4.3076925,0.009446966,-0.124659054,-0.00039092702
2852,3.0,1.7142857,4.3076925,0.00022899789,-0.12235583,-0.00026528625
2853,3.0,2.2857144,4.3076925,0.0005173437,-0.12650698,-0.00015376584
2854,3.0,2.857143,4.3076925,-0.008827254,-0.12055888,-3.938352e-05
2855,3.0,3.4285715,4.3076925,-0.010843964,-0.12749794,0.00012524343
2856,3.0,4.0,4.3076925,-0.023875633,-0.119057946,0.00023954631
2857,3.0,0.0,3.6923077,0.023401393,-0.122952595,-2.6936019e-05
2858,3.0,0.5714286,3.6923077,0.010579464,-0.12255543,-0.000117481846
2859,3.0,1.1428572,3.6923077,0.009434698,-0.124659106,-0.00025098183
2860,3.0,1.7142857,3.6923077,0.00021670965,-0.12235585,-0.0003694804
2861,3.0,2.2857144,3.6923077,0.0005050951,-0.12650712,-0.00048663418
2862,3.0,2.857143,3.6923077,-0.008839569,-0.120558865,-0.00059586443
2863,3.0,3.4285715,3.6923077,-0.010856218,-0.12749821,-0.00076480984
2864,3.0,4.0,3.6923077,-0.023888012,-0.11905805,-0.000874672
2865,3.0,0.0,3.0769231,0.023437079,-0.12317131,0.00056885194
2866,3.0,0.5714286,3.0769231,0.010583864,-0.12274221,0.0002562997
2867,3.0,1.1428572,3.0769231,0.009439311,-0.12486998,-9.5196e-05
2868,3.0,1.7142857,3.0769231,0.00020540945,-0.12253967,-0.00045816178
2869,3.0,2.2857144,3.0769231,0.0004921584,-0.12670617,-0.000828896
2870,3.0,2.857143,3.0769231,-0.008871755,-0.12075387,-0.0011743356
2871,3.0,3.4285715,3.0769231,-0.010868147,-0.12767285,-0.0014302802
2872,3.0,4.0,3.0769231,-0.023925925,-0.11922325,-0.0016802354
2873,3.0,0.0,2.4615386,0.023495879,-0.123608984,0.0012580496
2874,3.0,0.5714286,2.4615386,0.010596482,-0.12317422,0.0006902518
2875,3.0,1.1428572,2.4615386,0.009477281,-0.1252781,7.431311e-05
2876,3.0,1.7142857,2.4615386,0.00017341894,-0.12293722,-0.00053389906
2877,3.0,2.2857144,2.4615386,0.000502176,-0.12713902,-0.0011469695
2878,3.0,2.857143,2.4615386,-0.008913521,-0.121092156,-0.0016994415
2879,3.0,3.4285715,2.4615386,-0.010901416,-0.12816669,-0.00230762
2880,3.0,4.0,2.4615386,-0.02399565,-0.11960041,-0.0028431013
2881,3.0,0.0,1.8461539,0.023634044,-0.12433872,0.0019058088
2882,3.0,0.5714286,1.8461539,0.010612277,-0.1237879,0.0011603711
2883,3.0,1.1428572,1.8461539,0.009513829,-0.12599435,0.00029421554
2884,3.0,1.7142857,1.8461539,0.00015769864,-0.123540856,-0.00059029745
2885,3.0,2.2857144,1.8461539,0.0005127612,-0.12780727,-0.0014195434
2886,3.0,2.857143,1.8461539,-0.008974461,-0.12173533,-0.0022644224
2887,3.0,3.4285715,1.8461539,-0.010877584,-0.1287546,-0.0029255536
2888,3.0,4.0,1.8461539,-0.024080556,-0.12012787,-0.0035213332
2889,3.0,0.0,1.2307693,0.023775324,-0.12535675,0.0028944844
2890,3.0,0.5714286,1.2307693,0.010568373,-0.12476323,0.0016755726
2891,3.0,1.1428572,1.2307693,0.0096059535,-0.12694834,0.00052676775
2892,3.0,1.7142857,1.2307693,7.040546e-05,-0.12442921,-0.00054812094
2893,3.0,2.2857144,1.2307693,0.0006166055,-0.1288184,-0.0017212721
2894,3.0,2.857143,1.2307693,-0.009001012,-0.12244725,-0.0026461645
2895,3.0,3.4285715,1.2307693,-0.010816873,-0.12988456,-0.0037434583
2896,3.0,4.0,1.2307693,-0.024181193,-0.1209376,-0.0048868796
2897,3.0,0.0,0.61538464,0.023720946,-0.12659897,0.0034517222
2898,3.0,0.5714286,0.61538464,0.010703327,-0.12611122,0.002306134
2899,3.0,1.1428572,0.61538464,0.0094233425,-0.12816998,0.0008870355
2900,3.0,1.7142857,0.61538464,0.00032585073,-0.12577444,-0.0005963072
2901,3.0,2.2857144,0.61538464,0.0006162003,-0.1298334,-0.0017593753
2902,3.0,2.857143,0.61538464,-0.008622009,-0.123899676,-0.0032421367
2903,3.0,3.4285715,0.61538464,-0.010611707,-0.13070743,-0.00424072
2904,3.0,4.0,0.61538464,-0.023771334,-0.12211102,-0.004946808
2905,3.0,0.0,0.0,0.023317758,-0.12833959,0.0050249724
2906,3.0,0.5714286,0.0,0.01074346,-0.12777841,0.0027739748
2907,3.0,1.1428572,0.0,0.009278561,-0.12971759,0.0011223186
2908,3.0,1.7142857,0.0,0.00073414866,-0.12748201,-0.00027016606
2909,3.0,2.2857144,0.0,0.0008144902,-0.13111573,-0.0022783235
2910,3.0,2.857143,0.0,-0.007812105,-0.12564838,-0.0032489034
2911,3.0,3.4285715,0.0,-0.010164355,-0.13161485,-0.004970378
2912,3.0,4.0,0.0,-0.022899535,-0.12419464,-0.0071805343
2913,3.6,0.0,8.0,0.0224684,-0.11559151,-0.0042817025
2914,3.6,0.5714286,8.0,0.016604178,-0.11733732,-0.0033262768
2915,3.6,1.1428572,8.0,0.00655048,-0.11656063,-0.0018956066
2916,3.6,1.7142857,8.0,0.004792627,-0.118553646,-0.00019615698
2917,3.6,2.2857144,8.0,-0.0033984368,-0.115460135,0.0007169974
2918,3.6,2.857143,8.0,-0.0054895086,-0.11938298,0.0024890716
2919,3.6,3.4285715,8.0,-0.015641782,-0.11384913,0.003524106
2920,3.6,4.0,8.0,-0.022276051,-0.118577026,0.0039025676
2921,3.6,0.0,7.3846154,0.022522824,-0.11421368,-0.0041589555
2922,3.6,0.5714286,7.3846154,0.016974822,-0.115882866,-0.002665967
2923,3.6,1.1428572,7.3846154,0.006436057,-0.11511606,-0.0014614409
2924,3.6,1.7142857,7.3846154,0.0048287595,-0.11730749,-0.00038219927
2925,3.6,2.2857144,7.3846154,-0.0038881847,-0.11397826,0.00094256154
2926,3.6,2.857143,7.3846154,-0.005745518,-0.11838343,0.0018256333
2927,3.6,3.4285715,7.3846154,-0.016439559,-0.112297244,0.0030282873
2928,3.6,4.0,7.3846154,-0.02279262,-0.11793772,0.0045119612
2929,3.6,0.0,6.769231,0.02231355,-0.112939306,-0.0030310329
2930,3.6,0.5714286,6.769231,0.017154101,-0.114775345,-0.0021933264
2931,3.6,1.1428572,6.769231,0.0062887403,-0.11395298,-0.0012200378
2932,3.6,1.7142857,6.769231,0.0048869476,-0.11631301,-0.00020099347
2933,3.6,2.2857144,6.769231,-0.004179136,-0.11276167,0.0006553461
2934,3.6,2.857143,6.769231,-0.0059060017,-0.11758671,0.0016580768
2935,3.6,3.4285715,6.769231,-0.016829565,-0.11105342,0.0023907998
2936,3.6,4.0,6.769231,-0.022843823,-0.11702298,0.002956955
2937,3.6,0.0,6.1538463,0.022234956,-0.11209033,-0.0024780375
2938,3.6,0.5714286,6.1538463,0.017022789,-0.11391938,-0.001691535
2939,3.6,1.1428572,6.1538463,0.0063251406,-0.11310362,-0.0009469548
2940,3.6,1.7142857,6.1538463,0.0047819195,-0.115448244,-0.00021044523
2941,3.6,2.2857144,6.1538463,-0.0041919868,-0.11203488,0.0005424443
2942,3.6,2.857143,6.1538463,-0.006020373,-0.11664209,0.001186691
2943,3.6,3.4285715,6.1538463,-0.016874162,-0.110447735,0.0019326438
2944,3.6,4.0,6.1538463,-0.022953624,-0.116212875,0.002704943
2945,3.6,0.0,5.5384617,0.02213876,-0.11149298,-0.0017415428
2946,3.6,0.5714286,5.5384617,0.01691982,-0.113238186,-0.0012624329
2947,3.6,1.1428572,5.5384617,0.0062989937,-0.11255981,-0.00074166385
2948,3.6,1.7142857,5.5384617,0.0047192913,-0.114809744,-0.00020905389
2949,3.6,2.2857144,5.5384617,-0.0041812253,-0.11147746,0.00030333508
2950,3.6,2.857143,5.5384617,-0.0060855127,-0.11606475,0.00081912597
2951,3.6,3.4285715,5.5384617,-0.016825724,-0.10985545,0.001214221
2952,3.6,4.0,5.5384617,-0.02291101,-0.115565725,0.0015768914
2953,3.6,0.0,4.923077,0.022056283,-0.111093745,-0.0011727192
2954,3.6,0.5714286,4.923077,0.016833773,-0.112860456,-0.0008756416
2955,3.6,1.1428572,4.923077,0.0062773586,-0.11216865,-0.0005668291
2956,3.6,1.7142857,4.923077,0.0046724495,-0.114423305,-0.00024160508
2957,3.6,2.2857144,4.923077,-0.0041828793,-0.11112811,5.814278e-05
2958,3.6,2.857143,4.923077,-0.006096786,-0.115642615,0.0003504791
2959,3.6,3.4285715,4.923077,-0.016814893,-0.10956209,0.0006888803
2960,3.6,4.0,4.923077,-0.022914365,-0.11519509,0.0009997337
2961,3.6,0.0,4.3076925,0.022010883,-0.11090477,-0.0006039288
2962,3.6,0.5714286,4.3076925,0.016789017,-0.112652965,-0.0005042711
2963,3.6,1.1428572,4.3076925,0.0062533123,-0.111996256,-0.00040292926
2964,3.6,1.7142857,4.3076925,0.004647166,-0.11422879,-0.00030768238
2965,3.6,2.2857144,4.3076925,-0.004186945,-0.11095185,-0.00019155962
2966,3.6,2.857143,4.3076925,-0.006114416,-0.11546343,-9.436347e-05
2967,3.6,3.4285715,4.3076925,-0.016802019,-0.109372355,-5.7443518e-05
2968,3.6,4.0,4.3076925,-0.022900479,-0.11499513,-1.1035213e-05
2969,3.6,0.0,3.6923077,0.02199896,-0.11090454,-5.5289896e-05
2970,3.6,0.5714286,3.6923077,0.016776755,-0.11265301,-0.0001612893
2971,3.6,1.1428572,3.6923077,0.006241054,-0.11199633,-0.0002563657
2972,3.6,1.7142857,3.6923077,0.004634908,-0.11422884,-0.00035673776
2973,3.6,2.2857144,3.6923077,-0.0041992366,-0.110951886,-0.0004679348
2974,3.6,2.857143,3.6923077,-0.006126652,-0.11546355,-0.0005691547
2975,3.6,3.4285715,3.6923077,-0.016814325,-0.10937229,-0.00060200377
2976,3.6,4.0,3.6923077,-0.02291272,-0.11499516,-0.00065181236
2977,3.6,0.0,3.0769231,0.022019418,-0.11109382,0.0005093675
2978,3.6,0.5714286,3.0769231,0.016796887,-0.112860754,0.00021335337
2979,3.6,1.1428572,3.0769231,0.0062406613,-0.11216866,-9.515255e-05
2980,3.6,1.7142857,3.0769231,0.0046355613,-0.114423566,-0.00042059764
2981,3.6,2.2857144,3.0769231,-0.004219632,-0.11112822,-0.0007195151
2982,3.6,2.857143,3.0769231,-0.006133684,-0.115642786,-0.0010123971
2983,3.6,3.4285715,3.0769231,-0.016851692,-0.10956236,-0.0013497891
2984,3.6,4.0,3.0769231,-0.022951346,-0.11519539,-0.0016611245
2985,3.6,0.0,2.4615386,0.022077803,-0.11149302,0.0010794494
2986,3.6,0.5714286,2.4615386,0.016858459,-0.113238625,0.00060001994
2987,3.6,1.1428572,2.4615386,0.0062377746,-0.112559885,7.9372425e-05
2988,3.6,1.7142857,2.4615386,0.0046578045,-0.11481012,-0.00045269344
2989,3.6,2.2857144,2.4615386,-0.004242455,-0.11147772,-0.000965256
2990,3.6,2.857143,2.4615386,-0.00614703,-0.11606498,-0.001480512
2991,3.6,3.4285715,2.4615386,-0.016886994,-0.10985585,-0.0018757086
2992,3.6,4.0,2.4615386,-0.022972615,-0.115565725,-0.0022378098
2993,3.6,0.0,1.8461539,0.0221493,-0.11209037,0.0018150149
2994,3.6,0.5714286,1.8461539,0.016936654,-0.11392003,0.0010289887
2995,3.6,1.1428572,1.8461539,0.0062395004,-0.11310374,0.00028508325
2996,3.6,1.7142857,1.8461539,0.004695803,-0.11544875,-0.00045177643
2997,3.6,2.2857144,1.8461539,-0.0042777318,-0.11203527,-0.001203957
2998,3.6,2.857143,1.8461539,-0.0061065173,-0.11664233,-0.001848491
2999,3.6,3.4285715,1.8461539,-0.01696001,-0.110448435,-0.002593773
3000,3.6,4.0,1.8461539,-0.023039924,-0.11621319,-0.0033660932
3001,3.6,0.0,1.2307693,0.022203421,-0.112939306,0.0023688208
3002,3.6,0.5714286,1.2307693,0.017043758,-0.11477623,0.0015309199
3003,3.6,1.1428572,1.2307693,0.006178334,-0.113953,0.0005578399
3004,3.6,1.7142857,1.2307693,0.004776437,-0.116313785,-0.00046092126
3005,3.6,2.2857144,1.2307693,-0.004289593,-0.11276196,-0.0013171536
3006,3.6,2.857143,1.2307693,-0.006016583,-0.11758723,-0.0023196712
3007,3.6,3.4285715,1.2307693,-0.016940122,-0.11105396,-0.0030521615
3008,3.6,4.0,1.2307693,-0.022954553,-0.11702321,-0.0036181204
3009,3.6,0.0,0.61538464,0.022387743,-0.11421353,0.0034959544
3010,3.6,0.5714286,0.61538464,0.016840016,-0.11588405,0.0020034981
3011,3.6,1.1428572,0.61538464,0.006300878,-0.11511601,0.0007994838
3012,3.6,1.7142857,0.61538464,0.0046939645,-0.117308475,-0.00027994346
3013,3.6,2.2857144,0.61538464,-0.0040235305,-0.113978505,-0.0016042117
3014,3.6,2.857143,0.61538464,-0.00588038,-0.11838413,-0.002487381
3015,3.6,3.4285715,0.61538464,-0.01657506,-0.112297766,-0.0036895738
3016,3.6,4.0,0.61538464,-0.022927722,-0.11793854,-0.005172931
3017,3.6,0.0,0.0,0.022308908,-0.115591355,0.0036196145
3018,3.6,0.5714286,0.0,0.01644504,-0.11733865,0.002663811
3019,3.6,1.1428572,0.0,0.0063906685,-0.1165605,0.0012334851
3020,3.6,1.7142857,0.0,0.004633312,-0.11855478,-0.00046581772
3021,3.6,2.2857144,0.0,-0.0035583465,-0.11546038,-0.0013788056
3022,3.6,2.857143,0.0,-0.005648912,-0.11938374,-0.0031507697
3023,3.6,3.4285715,0.0,-0.015801856,-0.11384967,-0.0041854335
3024,3.6,4.0,0.0,-0.022435611,-0.11857753,-0.0045639942
3025,4.2,0.0,8.0,0.028054029,-0.10427834,-0.0045160525
3026,4.2,0.5714286,8.0,0.015061945,-0.1043382,-0.0028126778
3027,4.2,1.1428572,8.0,0.010407291,-0.10525503,-0.0015175401
3028,4.2,1.7142857,8.0,0.0018297627,-0.104071,-0.00063789857
3029,4.2,2.2857144,8.0,-0.0010771278,-0.10626596,0.0009445267
3030,4.2,2.857143,8.0,-0.009643872,-0.102699645,0.0016495975
3031,4.2,3.4285715,8.0,-0.014814519,-0.106379405,0.0028812946
3032,4.2,4.0,8.0,-0.027494868,-0.10185638,0.004688692
3033,4.2,0.0,7.3846154,0.02849577,-0.10289651,-0.0032228685
3034,4.2,0.5714286,7.3846154,0.015256985,-0.10316239,-0.0024251984
3035,4.2,1.1428572,7.3846154,0.01065975,-0.10408491,-0.001409165
3036,4.2,1.7142857,7.3846154,0.0016774593,-0.102837086,-0.0002857591
3037,4.2,2.2857144,7.3846154,-0.0011283696,-0.10529461,0.00050907483
3038,4.2,2.857143,7.3846154,-0.0101517495,-0.1014333,0.0016451911
3039,4.2,3.4285715,7.3846154,-0.0151856365,-0.10560319,0.0024038625
3040,4.2,4.0,7.3846154,-0.028070461,-0.100474656,0.0028284262
3041,4.2,0.0,6.769231,0.0285724,-0.1020023,-0.0028706926
3042,4.2,0.5714286,6.769231,0.015183791,-0.10215172,-0.0019322358
3043,4.2,1.1428572,6.769231,0.010816378,-0.103155576,-0.00108983
3044,4.2,1.7142857,6.769231,0.0015177422,-0.10183431,-0.0003256963
3045,4.2,2.2857144,6.769231,-0.0011781772,-0.10452558,0.0005486503
3046,4.2,2.857143,6.769231,-0.010453736,-0.100380346,0.0011942714
3047,4.2,3.4285715,6.769231,-0.015361755,-0.104938455,0.0020322802
3048,4.2,4.0,6.769231,-0.028388798,-0.09957716,0.002994421
3049,4.2,0.0,6.1538463,0.028376363,-0.10119083,-0.0021036693
3050,4.2,0.5714286,6.1538463,0.01517717,-0.10137875,-0.0015243462
3051,4.2,1.1428572,6.1538463,0.010725057,-0.10242885,-0.00088888506
3052,4.2,1.7142857,6.1538463,0.0015099093,-0.10114273,-0.0002415042
3053,4.2,2.2857144,6.1538463,-0.001283307,-0.10375504,0.0003346997
3054,4.2,2.857143,6.1538463,-0.01052845,-0.09980227,0.000981075
3055,4.2,3.4285715,6.1538463,-0.015467133,-0.10413188,0.0014479056
3056,4.2,4.0,6.1538463,-0.028321037,-0.09893955,0.0018412072
3057,4.2,0.0,5.5384617,0.028201487,-0.100601725,-0.0015928851
3058,4.2,0.5714286,5.5384617,0.015110801,-0.10090916,-0.0011513793
3059,4.2,1.1428572,5.5384617,0.010639089,-0.10183518,-0.0006989387
3060,4.2,1.7142857,5.5384617,0.0015021448,-0.100667216,-0.00025577107
3061,4.2,2.2857144,5.5384617,-0.0013627184,-0.10321334,0.00018903357
3062,4.2,2.857143,5.5384617,-0.0105071375,-0.09930506,0.0005773904
3063,4.2,3.4285715,5.5384617,-0.015520033,-0.10363784,0.0010522093
3064,4.2,4.0,5.5384617,-0.02828515,-0.098515816,0.0015236785
3065,4.2,0.0,4.923077,0.028074201,-0.100235805,-0.0010670429
3066,4.2,0.5714286,4.923077,0.0150585165,-0.1005383,-0.00080671924
3067,4.2,1.1428572,4.923077,0.010575449,-0.10150133,-0.00054260914
3068,4.2,1.7142857,4.923077,0.0014795681,-0.100333914,-0.00028215747
3069,4.2,2.2857144,4.923077,-0.0013903818,-0.1028589,-1.87328e-05
3070,4.2,2.857143,4.923077,-0.010517372,-0.099013805,0.00024348813
3071,4.2,3.4285715,4.923077,-0.015520769,-0.103255875,0.00041749442
3072,4.2,4.0,4.923077,-0.02821389,-0.09819768,0.0005846775
3073,4.2,0.0,4.3076925,0.028009277,-0.10005159,-0.00057445717
3074,4.2,0.5714286,4.3076925,0.015018755,-0.10038474,-0.0005021081
3075,4.2,1.1428572,4.3076925,0.010537704,-0.10131807,-0.00041108145
3076,4.2,1.7142857,4.3076925,0.0014650059,-0.100178294,-0.00031508363
3077,4.2,2.2857144,4.3076925,-0.0014165924,-0.102688156,-0.00023657287
3078,4.2,2.857143,4.3076925,-0.010513973,-0.09885126,-0.00015854699
3079,4.2,3.4285715,4.3076925,-0.0155325,-0.103100814,-1.9438605e-05
3080,4.2,4.0,4.3076925,-0.02820721,-0.0980572,0.000102987826
3081,4.2,0.0,3.6923077,0.027996777,-0.100051835,-0.00011480751
3082,4.2,0.5714286,3.6923077,0.015006496,-0.10038478,-0.00018193077
3083,4.2,1.1428572,3.6923077,0.010525447,-0.10131809,-0.0002772014
3084,4.2,1.7142857,3.6923077,0.0014527243,-0.100178346,-0.00036881628
3085,4.2,2.2857144,3.6923077,-0.001428849,-0.102688216,-0.00045089584
3086,4.2,2.857143,3.6923077,-0.010526282,-0.09885127,-0.00052521843
3087,4.2,3.4285715,3.6923077,-0.015544769,-0.103100955,-0.00066730916
3088,4.2,4.0,3.6923077,-0.028219543,-0.098057285,-0.00078627176
3089,4.2,0.0,3.0769231,0.028037626,-0.10023605,0.0003805823
3090,4.2,0.5714286,3.0769231,0.015021833,-0.10053819,0.000120409
3091,4.2,1.1428572,3.0769231,0.0105386125,-0.10150163,-0.00014374791
3092,4.2,1.7142857,3.0769231,0.0014427894,-0.10033391,-0.0004034145
3093,4.2,2.2857144,3.0769231,-0.0014272252,-0.10285912,-0.0006672861
3094,4.2,2.857143,3.0769231,-0.0105541805,-0.09901391,-0.00092855777
3095,4.2,3.4285715,3.0769231,-0.015557636,-0.10325598,-0.0011030479
3096,4.2,4.0,3.0769231,-0.02825078,-0.0981977,-0.0012691781
3097,4.2,0.0,2.4615386,0.028139986,-0.10060217,0.00090575963
3098,4.2,0.5714286,2.4615386,0.015049547,-0.10090913,0.00046496151
3099,4.2,1.1428572,2.4615386,0.010577689,-0.1018356,1.295192e-05
3100,4.2,1.7142857,2.4615386,0.0014408764,-0.100667275,-0.00043027737
3101,4.2,2.2857144,2.4615386,-0.0014241916,-0.103213616,-0.000874564
3102,4.2,2.857143,2.4615386,-0.010568445,-0.0993053,-0.0012629771
3103,4.2,3.4285715,2.4615386,-0.015581578,-0.10363803,-0.0017372585
3104,4.2,4.0,2.4615386,-0.028346585,-0.0985162,-0.002208604
3105,4.2,0.0,1.8461539,0.028290588,-0.10119145,0.00141719
3106,4.2,0.5714286,1.8461539,0.015091547,-0.10137861,0.000838095
3107,4.2,1.1428572,1.8461539,0.010639041,-0.10242946,0.00020253747
3108,4.2,1.7142857,1.8461539,0.001424118,-0.10114281,-0.0004441839
3109,4.2,2.2857144,1.8461539,-0.001369345,-0.103755414,-0.0010205824
3110,4.2,2.857143,1.8461539,-0.01061432,-0.09980263,-0.0016663725
3111,4.2,3.4285715,1.8461539,-0.015553236,-0.104132004,-0.0021332577
3112,4.2,4.0,1.8461539,-0.028407088,-0.09893985,-0.002525987
3113,4.2,0.0,1.2307693,0.028462024,-0.102003224,0.00218354
3114,4.2,0.5714286,1.2307693,0.015073329,-0.10215149,0.0012458655
3115,4.2,1.1428572,1.2307693,0.010706015,-0.10315646,0.0004037454
3116,4.2,1.7142857,1.2307693,0.0014072292,-0.10183427,-0.00036024358
3117,4.2,2.2857144,1.2307693,-0.001288645,-0.1045262,-0.0012343425
3118,4.2,2.857143,1.2307693,-0.010564337,-0.1003806,-0.0018797492
3119,4.2,3.4285715,1.2307693,-0.015472344,-0.10493888,-0.0027175033
3120,4.2,4.0,1.2307693,-0.02849962,-0.099577606,-0.0036791384
3121,4.2,0.0,0.61538464,0.028361319,-0.10289771,0.0025364426
3122,4.2,0.5714286,0.61538464,0.015121873,-0.10316195,0.0017388951
3123,4.2,1.1428572,0.61538464,0.01052506,-0.10408605,0.0007228913
3124,4.2,1.7142857,0.61538464,0.0015421133,-0.10283693,-0.00040001326
3125,4.2,2.2857144,0.61538464,-0.0012631025,-0.105295435,-0.0011949084
3126,4.2,2.857143,0.61538464,-0.0102872215,-0.10143347,-0.0023306028
3127,4.2,3.4285715,0.61538464,-0.015320488,-0.10560373,-0.0030891558
3128,4.2,4.0,0.61538464,-0.02820616,-0.10047477,-0.0035134
3129,4.2,0.0,0.0,0.027894959,-0.10427982,0.0038287528
3130,4.2,0.5714286,0.0,0.014902021,-0.104337625,0.0021264458
3131,4.2,1.1428572,0.0,0.0102482075,-0.10525642,0.0008314099
3132,4.2,1.7142857,0.0,0.0016697495,-0.10407073,-4.8008573e-05
3133,4.2,2.2857144,0.0,-0.0012363225,-0.106266916,-0.0016302676
3134,4.2,2.857143,0.0,-0.009804013,-0.10269981,-0.0023350676
3135,4.2,3.4285715,0.0,-0.014973843,-0.10638008,-0.003566646
3136,4.2,4.0,0.0,-0.027655303,-0.10185674,-0.005373247
3137,4.8,0.0,8.0,0.027570376,-0.09094664,-0.0030618976
3138,4.8,0.5714286,8.0,0.018768746,-0.09122276,-0.002379814
3139,4.8,1.1428572,8.0,0.008721211,-0.09167145,-0.0014674524
3140,4.8,1.7142857,8.0,0.004077251,-0.09235236,-0.00017038448
3141,4.8,2.2857144,8.0,-0.0038401624,-0.09067712,0.00042038324
3142,4.8,2.857143,8.0,-0.008707353,-0.09301793,0.0016405688
3143,4.8,3.4285715,8.0,-0.018503403,-0.08952184,0.002416959
3144,4.8,4.0,8.0,-0.027706483,-0.09241876,0.002534404
3145,4.8,0.0,7.3846154,0.027898941,-0.09009447,-0.003027469
3146,4.8,0.5714286,7.3846154,0.01922873,-0.09011582,-0.0019599504
3147,4.8,1.1428572,7.3846154,0.008875075,-0.09068474,-0.0010831608
3148,4.8,1.7142857,7.3846154,0.0042611966,-0.09145451,-0.00035424877
3149,4.8,2.2857144,7.3846154,-0.0040579196,-0.089665435,0.0005896034
3150,4.8,2.857143,7.3846154,-0.0088490965,-0.09229461,0.0011834198
3151,4.8,3.4285715,7.3846154,-0.01902215,-0.08850399,0.0020166088
3152,4.8,4.0,7.3846154,-0.02811727,-0.091866955,0.003142526
3153,4.8,0.0,6.769231,0.027766144,-0.089139245,-0.0022164613
3154,4.8,0.5714286,6.769231,0.019434407,-0.08929889,-0.0016036532
3155,4.8,1.1428572,6.769231,0.008849242,-0.08988318,-0.000918798
3156,4.8,1.7142857,6.769231,0.0043070796,-0.090745635,-0.00021245018
3157,4.8,2.2857144,6.769231,-0.004223802,-0.088819124,0.00036332643
3158,4.8,2.857143,6.769231,-0.008992544,-0.09171958,0.001072884
3159,4.8,3.4285715,6.769231,-0.019313585,-0.08765642,0.0015670385
3160,4.8,4.0,6.769231,-0.028111452,-0.09124263,0.0018881707
3161,4.8,0.0,6.1538463,0.027672347,-0.088538446,-0.0018071043
3162,4.8,0.5714286,6.1538463,0.019306669,-0.088702716,-0.0012578851
3163,4.8,1.1428572,6.1538463,0.008834357,-0.089252524,-0.00073382515
3164,4.8,1.7142857,6.1538463,0.0042349035,-0.09012694,-0.00022879158
3165,4.8,2.2857144,6.1538463,-0.0042988276,-0.08828949,0.00029695267
3166,4.8,2.857143,6.1538463,-0.009094615,-0.09106514,0.00071530347
3167,4.8,3.4285715,6.1538463,-0.019373761,-0.08719006,0.0012607574
3168,4.8,4.0,6.1538463,-0.02819826,-0.090669505,0.001867059
3169,4.8,0.0,5.5384617,0.027513921,-0.08810057,-0.0013355513
3170,4.8,0.5714286,5.5384617,0.019193389,-0.08816426,-0.0009677631
3171,4.8,1.1428572,5.5384617,0.008802616,-0.08886672,-0.0005958555
3172,4.8,1.7142857,5.5384617,0.004140926,-0.08964206,-0.00023557189
3173,4.8,2.2857144,5.5384617,-0.0042956076,-0.08788458,0.000110444016
3174,4.8,2.857143,5.5384617,-0.009180237,-0.09062276,0.00047588896
3175,4.8,3.4285715,5.5384617,-0.019354297,-0.08677395,0.00073243823
3176,4.8,4.0,5.5384617,-0.02814787,-0.09019676,0.00095276494
3177,4.8,0.0,4.923077,0.027426247,-0.08779637,-0.00092139066
3178,4.8,0.5714286,4.923077,0.019096302,-0.0878869,-0.0007125602
3179,4.8,1.1428572,4.923077,0.008758403,-0.08856022,-0.0004953187
3180,4.8,1.7142857,4.923077,0.004101129,-0.08934855,-0.00026989402
3181,4.8,2.2857144,4.923077,-0.004324217,-0.08761432,-6.316569e-05
3182,4.8,2.857143,4.923077,-0.009194753,-0.09030813,0.00012633004
3183,4.8,3.4285715,4.923077,-0.019347416,-0.08653337,0.00038570035
3184,4.8,4.0,4.923077,-0.028151121,-0.08991662,0.0006511293
3185,4.8,0.0,4.3076925,0.027355807,-0.08764991,-0.00055318506
3186,4.8,0.5714286,4.3076925,0.019047514,-0.08771816,-0.0004675677
3187,4.8,1.1428572,4.3076925,0.008731382,-0.08842839,-0.00039357186
3188,4.8,1.7142857,4.3076925,0.0040649823,-0.08919461,-0.00033202948
3189,4.8,2.2857144,4.3076925,-0.004331162,-0.08747755,-0.0002533854
3190,4.8,2.857143,4.3076925,-0.009218496,-0.09016472,-0.00017953671
3191,4.8,3.4285715,4.3076925,-0.01934254,-0.086391136,-0.00017119323
3192,4.8,4.0,4.3076925,-0.02812927,-0.08976318,-0.00016691827
3193,4.8,0.0,3.6923077,0.027343791,-0.08764976,-0.0001557142
3194,4.8,0.5714286,3.6923077,0.019035289,-0.0877182,-0.00024461266
3195,4.8,1.1428572,3.6923077,0.008719099,-0.088428415,-0.00031486238
3196,4.8,1.7142857,3.6923077,0.004052735,-0.089194655,-0.00037937408
3197,4.8,2.2857144,3.6923077,-0.0043434617,-0.087477565,-0.00045475137
3198,4.8,2.857143,3.6923077,-0.009230742,-0.09016479,-0.00053116656
3199,4.8,3.4285715,3.6923077,-0.019354852,-0.08639109,-0.00053652027
3200,4.8,4.0,3.6923077,-0.028141556,-0.08976318,-0.00054303464
3201,4.8,0.0,3.0769231,0.027389325,-0.08779624,0.00021054047
3202,4.8,0.5714286,3.0769231,0.019059492,-0.08788728,1.9784434e-06
3203,4.8,1.1428572,3.0769231,0.008721625,-0.08856009,-0.00021451933
3204,4.8,1.7142857,3.0769231,0.0040643173,-0.0893488,-0.00044026185
3205,4.8,2.2857144,3.0769231,-0.0043610544,-0.087614305,-0.00064610085
3206,4.8,2.857143,3.0769231,-0.009231588,-0.09030828,-0.000836006
3207,4.8,3.4285715,3.0769231,-0.019384313,-0.086533464,-0.0010943868
3208,4.8,4.0,3.0769231,-0.028188007,-0.089916825,-0.0013600887
3209,4.8,0.0,2.4615386,0.02745292,-0.088100374,0.0006250128
3210,4.8,0.5714286,2.4615386,0.019132094,-0.088164695,0.00025739658
3211,4.8,1.1428572,2.4615386,0.008741317,-0.0888666,-0.00011436947
3212,4.8,1.7142857,2.4615386,0.0040795254,-0.08964241,-0.0004741533
3213,4.8,2.2857144,2.4615386,-0.004356941,-0.08788463,-0.00082016806
3214,4.8,2.857143,2.4615386,-0.009241689,-0.09062295,-0.0011851217
3215,4.8,3.4285715,2.4615386,-0.0194157,-0.08677408,-0.0014415856
3216,4.8,4.0,2.4615386,-0.02820945,-0.09019681,-0.0016613556
3217,4.8,0.0,1.8461539,0.027586527,-0.088538185,0.0010961165
3218,4.8,0.5714286,1.8461539,0.019220734,-0.088703446,0.00054735364
3219,4.8,1.1428572,1.8461539,0.008748549,-0.08925231,2.3886507e-05
3220,4.8,1.7142857,1.8461539,0.004148953,-0.090127446,-0.00048122488
3221,4.8,2.2857144,1.8461539,-0.004384749,-0.088289544,-0.0010064254
3222,4.8,2.857143,1.8461539,-0.009180619,-0.09106538,-0.0014247787
3223,4.8,3.4285715,1.8461539,-0.01945981,-0.08719035,-0.001969691
3224,4.8,4.0,1.8461539,-0.028284397,-0.09066976,-0.0025757442
3225,4.8,0.0,1.2307693,0.027655922,-0.089138694,0.0015059963
3226,4.8,0.5714286,1.2307693,0.019324213,-0.08929987,0.0008932377
3227,4.8,1.1428572,1.2307693,0.008738686,-0.08988278,0.00020865176
3228,4.8,1.7142857,1.2307693,0.0041967398,-0.0907464,-0.00049738574
3229,4.8,2.2857144,1.2307693,-0.0043344386,-0.08881906,-0.0010729571
3230,4.8,2.857143,1.2307693,-0.009102974,-0.09172004,-0.0017822552
3231,4.8,3.4285715,1.2307693,-0.019424353,-0.08765655,-0.002276083
3232,4.8,4.0,1.2307693,-0.028222078,-0.091242895,-0.0025969537
3233,4.8,0.0,0.61538464,0.027763713,-0.09009376,0.0023163785
3234,4.8,0.5714286,0.61538464,0.019094111,-0.09011718,0.001249488
3235,4.8,1.1428572,0.61538464,0.008739754,-0.09068414,0.00037318075
3236,4.8,1.7142857,0.61538464,0.004126557,-0.09145553,-0.0003557177
3237,4.8,2.2857144,0.61538464,-0.004193402,-0.08966522,-0.0012991453
3238,4.8,2.857143,0.61538464,-0.008983822,-0.092295244,-0.0018928584
3239,4.8,3.4285715,0.61538464,-0.0191578,-0.088504076,-0.002725644
3240,4.8,4.0,0.61538464,-0.028252212,-0.09186756,-0.0038510729
3241,4.8,0.0,0.0,0.027410645,-0.09094552,0.0023516805
3242,4.8,0.5714286,0.0,0.018609896,-0.09122448,0.0016693136
3243,4.8,1.1428572,0.0,0.008561104,-0.09167058,0.0007573825
3244,4.8,1.7142857,0.0,0.0039182594,-0.09235363,-0.0005394677
3245,4.8,2.2857144,0.0,-0.004000382,-0.0906768,-0.0011300049
3246,4.8,2.857143,0.0,-0.008866433,-0.093018666,-0.0023499995
3247,4.8,3.4285715,0.0,-0.01866378,-0.089521855,-0.0031259737
3248,4.8,4.0,0.0,-0.027865773,-0.09241929,-0.0032433912
3249,5.4,0.0,8.0,0.031030407,-0.07661137,-0.002873517
3250,5.4,0.5714286,8.0,0.018096723,-0.07845181,-0.0017746266
3251,5.4,1.1428572,8.0,0.010768321,-0.07761519,-0.00076886953
3252,5.4,1.7142857,8.0,0.0025328007,-0.07787275,-0.00026328678
3253,5.4,2.2857144,8.0,-0.002910855,-0.07881543,0.00074215303
3254,5.4,2.857143,8.0,-0.011154671,-0.07675848,0.0012307457
3255,5.4,3.4285715,8.0,-0.01855051,-0.07906352,0.0019034096
3256,5.4,4.0,8.0,-0.03084513,-0.076164775,0.0031801204
3257,5.4,0.0,7.3846154,0.031552657,-0.07544772,-0.0020212012
3258,5.4,0.5714286,7.3846154,0.01858031,-0.07773802,-0.0014187178
3259,5.4,1.1428572,7.3846154,0.011176169,-0.07680564,-0.000772453
3260,5.4,1.7142857,7.3846154,0.0026283537,-0.077105105,-4.576202e-05
3261,5.4,2.2857144,7.3846154,-0.0028283128,-0.078183904,0.0004549102
3262,5.4,2.857143,7.3846154,-0.011413337,-0.07599569,0.0011567986
3263,5.4,3.4285715,7.3846154,-0.018846195,-0.07856994,0.0016196123
3264,5.4,4.0,7.3846154,-0.031216422,-0.07537823,0.0017727707
3265,5.4,0.0,6.769231,0.031693026,-0.074875675,-0.001715305
3266,5.4,0.5714286,6.769231,0.018590152,-0.07712169,-0.001142978
3267,5.4,1.1428572,6.769231,0.011315353,-0.0761687,-0.000594891
3268,5.4,1.7142857,6.769231,0.0025882476,-0.0764643,-9.5906886e-05
3269,5.4,2.2857144,6.769231,-0.002883827,-0.07769776,0.00044372273
3270,5.4,2.857143,6.769231,-0.011618577,-0.07533498,0.00082557026
3271,5.4,3.4285715,6.769231,-0.018986277,-0.07815275,0.0013560024
3272,5.4,4.0,6.769231,-0.03141247,-0.074798204,0.002036279
3273,5.4,0.0,6.1538463,0.031432774,-0.07432201,-0.0013372176
3274,5.4,0.5714286,6.1538463,0.018548142,-0.07657194,-0.0009116023
3275,5.4,1.1428572,6.1538463,0.011249916,-0.07570403,-0.0004978036
3276,5.4,1.7142857,6.1538463,0.002518693,-0.076007225,-9.730182e-05
3277,5.4,2.2857144,6.1538463,-0.0029662147,-0.077192895,0.00024975554
3278,5.4,2.857143,6.1538463,-0.011719605,-0.074940346,0.00066232134
3279,5.4,3.4285715,6.1538463,-0.01907478,-0.07764071,0.000927047
3280,5.4,4.0,6.1538463,-0.03135378,-0.07438073,0.001133214
3281,5.4,0.0,5.5384617,0.031284884,-0.0739039,-0.0010095113
3282,5.4,0.5714286,5.5384617,0.018455286,-0.076284915,-0.0007295349
3283,5.4,1.1428572,5.5384617,0.011139025,-0.075280115,-0.00044362943
3284,5.4,1.7142857,5.5384617,0.002511317,-0.075691774,-0.00016040211
3285,5.4,2.2857144,5.5384617,-0.0030645286,-0.07681001,0.00011271489
3286,5.4,2.857143,5.5384617,-0.011717042,-0.07461015,0.00034030608
3287,5.4,3.4285715,5.5384617,-0.019127285,-0.07728181,0.00066410156
3288,5.4,4.0,5.5384617,-0.031333946,-0.07408981,0.001025819
3289,5.4,0.0,4.923077,0.031115178,-0.073650576,-0.000761893
3290,5.4,0.5714286,4.923077,0.018393736,-0.07601027,-0.00056902913
3291,5.4,1.1428572,4.923077,0.011084373,-0.075049154,-0.00039780597
3292,5.4,1.7142857,4.923077,0.0024624495,-0.07545285,-0.0002378137
3293,5.4,2.2857144,4.923077,-0.0030920594,-0.07655745,-7.939386e-05
3294,5.4,2.857143,4.923077,-0.01174248,-0.074395075,9.289044e-05
3295,5.4,3.4285715,4.923077,-0.019134494,-0.07701879,0.00018152485
3296,5.4,4.0,4.923077,-0.03126721,-0.07386416,0.00026291254
3297,5.4,0.0,4.3076925,0.031058157,-0.07351427,-0.00047952993
3298,5.4,0.5714286,4.3076925,0.01834354,-0.07590346,-0.000437231
3299,5.4,1.1428572,4.3076925,0.011036876,-0.07491271,-0.00038044213
3300,5.4,1.7142857,4.3076925,0.0024470538,-0.07534037,-0.00031854652
3301,5.4,2.2857144,4.3076925,-0.0031250303,-0.07643064,-0.00026927225
3302,5.4,2.857143,4.3076925,-0.011745129,-0.07427807,-0.00022875106
3303,5.4,3.4285715,4.3076925,-0.01914522,-0.07689944,-0.00011808353
3304,5.4,4.0,4.3076925,-0.031264983,-0.07376055,-5.5770826e-08
3305,5.4,0.0,3.6923077,0.03104569,-0.07351443,-0.00025675245
3306,5.4,0.5714286,3.6923077,0.018331252,-0.07590345,-0.00029584294
3307,5.4,1.1428572,3.6923077,0.011024639,-0.07491276,-0.0003549483
3308,5.4,1.7142857,3.6923077,0.0024347557,-0.07534036,-0.00041402617
3309,5.4,2.2857144,3.6923077,-0.0031372819,-0.076430686,-0.00046541824
3310,5.4,2.857143,3.6923077,-0.011757445,-0.07427806,-0.00050335313
3311,5.4,3.4285715,3.6923077,-0.019157492,-0.07689951,-0.00061587663
3312,5.4,4.0,3.6923077,-0.031277295,-0.07376059,-0.0007313274
3313,5.4,0.0,3.0769231,0.031078668,-0.07365095,2.698966e-05
3314,5.4,0.5714286,3.0769231,0.018356971,-0.07600994,-0.00016519096
3315,5.4,1.1428572,3.0769231,0.011047596,-0.075049505,-0.0003365565
3316,5.4,1.7142857,3.0769231,0.002425602,-0.07545269,-0.0004957017
3317,5.4,2.2857144,3.0769231,-0.0031288515,-0.076557636,-0.0006544325
3318,5.4,2.857143,3.0769231,-0.011779369,-0.074395046,-0.00082580873
3319,5.4,3.4285715,3.0769231,-0.019171324,-0.07701886,-0.00091471424
3320,5.4,4.0,3.0769231,-0.031304203,-0.07386411,-0.0009950988
3321,5.4,0.0,2.4615386,0.03122341,-0.073904425,0.00027450055
3322,5.4,0.5714286,2.4615386,0.018393978,-0.076284654,-4.945306e-06
3323,5.4,1.1428572,2.4615386,0.01107769,-0.07528053,-0.00029037092
3324,5.4,1.7142857,2.4615386,0.0024499602,-0.075691625,-0.00057350635
3325,5.4,2.2857144,2.4615386,-0.0031259358,-0.07681025,-0.0008461501
3326,5.4,2.857143,2.4615386,-0.011778452,-0.074610166,-0.0010736249
3327,5.4,3.4285715,2.4615386,-0.01918878,-0.07728194,-0.0013968982
3328,5.4,4.0,2.4615386,-0.031395454,-0.07408993,-0.0017583302
3329,5.4,0.0,1.8461539,0.031347185,-0.07432277,0.0006025043
3330,5.4,0.5714286,1.8461539,0.018462354,-0.07657137,0.0001772766
3331,5.4,1.1428572,1.8461539,0.011164048,-0.07570472,-0.00023641966
3332,5.4,1.7142857,1.8461539,0.0024327447,-0.07600696,-0.0006363959
3333,5.4,2.2857144,1.8461539,-0.0030521268,-0.07719325,-0.0009833893
3334,5.4,2.857143,1.8461539,-0.011805646,-0.07494037,-0.0013954765
3335,5.4,3.4285715,1.8461539,-0.019160785,-0.07764081,-0.0016600178
3336,5.4,4.0,1.8461539,-0.03144002,-0.07438077,-0.0018656793
3337,5.4,0.0,1.2307693,0.031582724,-0.0748769,0.0009802134
3338,5.4,0.5714286,1.2307693,0.018479586,-0.077120945,0.0004085519
3339,5.4,1.1428572,1.2307693,0.011205127,-0.07616967,-0.000139173
3340,5.4,1.7142857,1.2307693,0.0024775777,-0.076463856,-0.00063791784
3341,5.4,2.2857144,1.2307693,-0.0029941597,-0.07769833,-0.0011772617
3342,5.4,2.857143,1.2307693,-0.011729342,-0.07533488,-0.001558808
3343,5.4,3.4285715,1.2307693,-0.019096753,-0.07815306,-0.0020889181
3344,5.4,4.0,1.2307693,-0.031523418,-0.07479827,-0.0027686441
3345,5.4,0.0,0.61538464,0.031418342,-0.07544917,0.0012866189
3346,5.4,0.5714286,0.61538464,0.018445067,-0.077736914,0.0006843666
3347,5.4,1.1428572,0.61538464,0.011041599,-0.076806955,3.8284303e-05
3348,5.4,1.7142857,0.61538464,0.0024928863,-0.077104434,-0.0006879778
3349,5.4,2.2857144,0.61538464,-0.0029629478,-0.0781847,-0.0011885
3350,5.4,2.857143,0.61538464,-0.011548928,-0.075995445,-0.001890025
3351,5.4,3.4285715,0.61538464,-0.018980967,-0.07857035,-0.002352542
3352,5.4,4.0,0.61538464,-0.031352263,-0.07537808,-0.0025053748
3353,5.4,0.0,0.0,0.03087152,-0.0766136,0.0021381858
3354,5.4,0.5714286,0.0,0.017936556,-0.07845024,0.0010403659
3355,5.4,1.1428572,0.0,0.010609508,-0.07761693,3.480037e-05
3356,5.4,1.7142857,0.0,0.0023724958,-0.07787182,-0.00047050146
3357,5.4,2.2857144,0.0,-0.0030697796,-0.07881641,-0.0014757016
3358,5.4,2.857143,0.0,-0.011315073,-0.076758154,-0.0019639693
3359,5.4,3.4285715,0.0,-0.018709574,-0.07906404,-0.0026364103
3360,5.4,4.0,0.0,-0.031005755,-0.0761647,-0.0039123637
3361,6.0,0.0,8.0,0.031004542,-0.06443382,-0.001460936
3362,6.0,0.5714286,8.0,0.01990933,-0.061964676,-0.00079602865
3363,6.0,1.1428572,8.0,0.010135051,-0.06445505,-0.00042341975
3364,6.0,1.7142857,8.0,0.0034103873,-0.06377914,0.00034691163
3365,6.0,2.2857144,8.0,-0.0043116673,-0.06346542,0.0007325131
3366,6.0,2.857143,8.0,-0.011129754,-0.06480884,0.0012359376
3367,6.0,3.4285715,8.0,-0.020611295,-0.062657095,0.0016831397
3368,6.0,4.0,8.0,-0.03132711,-0.064842075,0.0014541664
3369,6.0,0.0,7.3846154,0.031728737,-0.064158,-0.0012433915
3370,6.0,0.5714286,7.3846154,0.020534238,-0.06118792,-0.0007558869
3371,6.0,1.1428572,7.3846154,0.010536045,-0.0639268,-0.000202444
3372,6.0,1.7142857,7.3846154,0.0037772907,-0.06325578,0.00023062082
3373,6.0,2.2857144,7.3846154,-0.0043033715,-0.06296357,0.000691473
3374,6.0,2.857143,7.3846154,-0.011168102,-0.06446176,0.00097327743
3375,6.0,3.4285715,7.3846154,-0.020948697,-0.06217374,0.0013604553
3376,6.0,4.0,7.3846154,-0.031657342,-0.06458922,0.002041223
3377,6.0,0.0,6.769231,0.03154364,-0.063580744,-0.0010133978
3378,6.0,0.5714286,6.769231,0.020729728,-0.060638368,-0.0005526967
3379,6.0,1.1428572,6.769231,0.010606558,-0.06350964,-0.00015384571
3380,6.0,1.7142857,6.769231,0.0037691863,-0.06288311,0.0001928947
3381,6.0,2.2857144,6.769231,-0.0044054217,-0.062498484,0.00048171656
3382,6.0,2.857143,6.769231,-0.01130283,-0.06415537,0.0008289844
3383,6.0,3.4285715,6.769231,-0.021161335,-0.061707318,0.0010522064
3384,6.0,4.0,6.769231,-0.03161807,-0.06428557,0.0011392153
3385,6.0,0.0,6.1538463,0.031481665,-0.06322585,-0.00073254836
3386,6.0,0.5714286,6.1538463,0.02058082,-0.060339402,-0.00046834224
3387,6.0,1.1428572,6.1538463,0.010505505,-0.06314423,-0.00018608817
3388,6.0,1.7142857,6.1538463,0.003720029,-0.0625187,8.0130085e-05
3389,6.0,2.2857144,6.1538463,-0.0045088273,-0.062180843,0.00034245348
3390,6.0,2.857143,6.1538463,-0.011388701,-0.06377055,0.0005299743
3391,6.0,3.4285715,6.1538463,-0.021224694,-0.061413836,0.00084293104
3392,6.0,4.0,6.1538463,-0.031689163,-0.06394522,0.0012492996
3393,6.0,0.0,5.5384617,0.031222593,-0.062986374,-0.000666153
3394,6.0,0.5714286,5.5384617,0.020466292,-0.059980612,-0.00042407116
3395,6.0,1.1428572,5.5384617,0.010491609,-0.0629185,-0.00022010983
3396,6.0,1.7142857,5.5384617,0.003608723,-0.062200397,-4.016659e-05
3397,6.0,2.2857144,5.5384617,-0.0045189313,-0.061929762,0.0001305744
3398,6.0,2.857143,5.5384617,-0.011476682,-0.06346782,0.00032565533
3399,6.0,3.4285715,5.5384617,-0.0212245,-0.061161555,0.0004362075
3400,6.0,4.0,5.5384617,-0.031642824,-0.06363933,0.00052693195
3401,6.0,0.0,4.923077,0.031181706,-0.06277233,-0.00052432576
3402,6.0,0.5714286,4.923077,0.020367641,-0.059805825,-0.0004047057
3403,6.0,1.1428572,4.923077,0.010415165,-0.06271332,-0.0002848168
3404,6.0,1.7142857,4.923077,0.003571772,-0.062003225,-0.00016995406
3405,6.0,2.2857144,4.923077,-0.0045635006,-0.061743986,-6.2260944e-05
3406,6.0,2.857143,4.923077,-0.011497923,-0.06325654,2.332532e-05
3407,6.0,3.4285715,4.923077,-0.021224754,-0.060988132,0.00019417283
3408,6.0,4.0,4.923077,-0.031653464,-0.063449,0.00039909975
3409,6.0,0.0,4.3076925,0.031071033,-0.06268798,-0.00043929447
3410,6.0,0.5714286,4.3076925,0.020315,-0.059692267,-0.00038599188
3411,6.0,1.1428572,4.3076925,0.010392734,-0.06262409,-0.0003443381
3412,6.0,1.7142857,4.3076925,0.0035296534,-0.061895102,-0.00031145985
3413,6.0,2.2857144,4.3076925,-0.004574842,-0.061649233,-0.0002742716
3414,6.0,2.857143,4.3076925,-0.011523412,-0.06315185,-0.00022693201
3415,6.0,3.4285715,4.3076925,-0.021225981,-0.06089265,-0.00024737057
3416,6.0,4.0,4.3076925,-0.031633064,-0.0633422,-0.00027801667
3417,6.0,0.0,3.6923077,0.031059021,-0.062687844,-0.00031852527
3418,6.0,0.5714286,3.6923077,0.020302774,-0.059692305,-0.00037352066
3419,6.0,1.1428572,3.6923077,0.0103804385,-0.06262405,-0.00041273958
3420,6.0,1.7142857,3.6923077,0.0035174075,-0.061895147,-0.00044728196
3421,6.0,2.2857144,3.6923077,-0.0045871465,-0.061649203,-0.00048223883
3422,6.0,2.857143,3.6923077,-0.011535667,-0.06315188,-0.00053107843
3423,6.0,3.4285715,3.6923077,-0.0212383,-0.060892604,-0.0005084727
3424,6.0,4.0,3.6923077,-0.031645384,-0.06334216,-0.0004791378
3425,6.0,0.0,3.0769231,0.031144692,-0.0627719,-0.00023447687
3426,6.0,0.5714286,3.0769231,0.020330891,-0.059806343,-0.0003539729
3427,6.0,1.1428572,3.0769231,0.010378326,-0.06271297,-0.00047302005
3428,6.0,1.7142857,3.0769231,0.0035349985,-0.06200349,-0.00058808207
3429,6.0,2.2857144,3.0769231,-0.004600395,-0.061743837,-0.00069491594
3430,6.0,2.857143,3.0769231,-0.011534729,-0.063256636,-0.0007807075
3431,6.0,3.4285715,3.0769231,-0.021261705,-0.060988106,-0.00095062726
3432,6.0,4.0,3.0769231,-0.03169031,-0.063449085,-0.0011556193
3433,6.0,0.0,2.4615386,0.031161591,-0.06298585,-9.2656046e-05
3434,6.0,0.5714286,2.4615386,0.020405011,-0.059981074,-0.00033432932
3435,6.0,1.1428572,2.4615386,0.010430251,-0.06291814,-0.00053805823
3436,6.0,1.7142857,2.4615386,0.0035473586,-0.062200714,-0.00071752747
3437,6.0,2.2857144,2.4615386,-0.004580338,-0.061929587,-0.00088810344
3438,6.0,2.857143,2.4615386,-0.011538109,-0.06346794,-0.0010826988
3439,6.0,3.4285715,2.4615386,-0.021285983,-0.061161496,-0.0011930143
3440,6.0,4.0,2.4615386,-0.03170441,-0.06363931,-0.0012831768
3441,6.0,0.0,1.8461539,0.03139567,-0.063225076,-2.6404814e-05
3442,6.0,0.5714286,1.8461539,0.020495022,-0.060340375,-0.00029018353
3443,6.0,1.1428572,1.8461539,0.01041957,-0.063143566,-0.000571903
3444,6.0,1.7142857,1.8461539,0.0036341622,-0.06251923,-0.00083798356
3445,6.0,2.2857144,1.8461539,-0.0045948694,-0.062180575,-0.0010998483
3446,6.0,2.857143,1.8461539,-0.011474638,-0.06377072,-0.00128715
3447,6.0,3.4285715,1.8461539,-0.02131086,-0.061413825,-0.0015996197
3448,6.0,4.0,1.8461539,-0.031775232,-0.06394528,-0.0020055706
3449,6.0,0.0,1.2307693,0.031433374,-0.06357942,0.00025467854
3450,6.0,0.5714286,1.2307693,0.020619601,-0.060639627,-0.00020570366
3451,6.0,1.1428572,1.2307693,0.010495884,-0.063508764,-0.00060424476
3452,6.0,1.7142857,1.2307693,0.0036589322,-0.06288389,-0.0009506677
3453,6.0,2.2857144,1.2307693,-0.004516183,-0.06249804,-0.0012391717
3454,6.0,2.857143,1.2307693,-0.01141319,-0.0641557,-0.0015861263
3455,6.0,3.4285715,1.2307693,-0.021272222,-0.061707135,-0.0018089422
3456,6.0,4.0,1.2307693,-0.031728677,-0.06428565,-0.0018955938
3457,6.0,0.0,0.61538464,0.031593356,-0.06415663,0.00048437982
3458,6.0,0.5714286,0.61538464,0.02039969,-0.061189648,-2.5796896e-06
3459,6.0,1.1428572,0.61538464,0.010400656,-0.06392559,-0.0005555564
3460,6.0,1.7142857,0.61538464,0.0036426638,-0.06325688,-0.0009884026
3461,6.0,2.2857144,0.61538464,-0.004438914,-0.06296291,-0.0014489212
3462,6.0,2.857143,0.61538464,-0.011302809,-0.06446226,-0.0017304083
3463,6.0,3.4285715,0.61538464,-0.021084394,-0.062173482,-0.0021172187
3464,6.0,4.0,0.61538464,-0.03179226,-0.06458947,-0.002797403
3465,6.0,0.0,0.0,0.030844627,-0.06443122,0.0007025511
3466,6.0,0.5714286,0.0,0.01975067,-0.0619672,3.7597918e-05
3467,6.0,1.1428572,0.0,0.009974707,-0.064453304,-0.00033460328
3468,6.0,1.7142857,0.0,0.0032515735,-0.06378059,-0.0011046424
3469,6.0,2.2857144,0.0,-0.004472104,-0.06346455,-0.001489939
3470,6.0,2.857143,0.0,-0.01128867,-0.064809434,-0.001993099
3471,6.0,3.4285715,0.0,-0.020771831,-0.06265673,-0.0024398603
3472,6.0,4.0,0.0,-0.031486295,-0.06484226,-0.002210681
3473,6.6,0.0,8.0,0.032898773,-0.04540915,-0.0002937567
3474,6.6,0.5714286,8.0,0.019699799,-0.050705034,-0.00011958581
3475,6.6,1.1428572,8.0,0.010805487,-0.047530502,0.0006689027
3476,6.6,1.7142857,8.0,0.002879696,-0.049424358,0.0009394994
3477,6.6,2.2857144,8.0,-0.004039072,-0.049876638,0.0010565651
3478,6.6,2.857143,8.0,-0.012541273,-0.049169146,0.0012763904
3479,6.6,3.4285715,8.0,-0.02083399,-0.050842218,0.0012425174
3480,6.6,4.0,8.0,-0.03302201,-0.048681922,0.0018944315
3481,6.6,0.0,7.3846154,0.03348225,-0.04435961,-0.00034714735
3482,6.6,0.5714286,7.3846154,0.020510463,-0.05044923,0.0002838059
3483,6.6,1.1428572,7.3846154,0.011516718,-0.047126785,0.0005654482
3484,6.6,1.7142857,7.3846154,0.0031680032,-0.049231116,0.0007413124
3485,6.6,2.2857144,7.3846154,-0.0038514514,-0.04970687,0.000868754
3486,6.6,2.857143,7.3846154,-0.012657023,-0.048933215,0.001009498
3487,6.6,3.4285715,7.3846154,-0.02104479,-0.050748933,0.0011326512
3488,6.6,4.0,7.3846154,-0.03327677,-0.0484492,0.000979165
3489,6.6,0.0,6.769231,0.03373526,-0.044080798,0.0001290634
3490,6.6,0.5714286,6.769231,0.020525761,-0.050323226,0.0001968863
3491,6.6,1.1428572,6.769231,0.011477973,-0.046910375,0.00038124947
3492,6.6,1.7142857,6.769231,0.003115315,-0.04895549,0.00054423057
3493,6.6,2.2857144,6.769231,-0.003937051,-0.049510043,0.0006613177
3494,6.6,2.857143,6.769231,-0.012828057,-0.048640907,0.00074722443
3495,6.6,3.4285715,6.769231,-0.021164708,-0.050580397,0.00092654757
3496,6.6,4.0,6.769231,-0.033418268,-0.048186373,0.0013189544
3497,6.6,0.0,6.1538463,0.0332183,-0.043882046,-0.00017413251
3498,6.6,0.5714286,6.1538463,0.02038085,-0.050068088,6.769208e-05
3499,6.6,1.1428572,6.1538463,0.01145363,-0.04666365,0.00020317588
3500,6.6,1.7142857,6.1538463,0.0030221061,-0.048719883,0.00032182728
3501,6.6,2.2857144,6.1538463,-0.0040038675,-0.049235355,0.00041139993
3502,6.6,2.857143,6.1538463,-0.012930738,-0.048414223,0.00055157556
3503,6.6,3.4285715,6.1538463,-0.021235846,-0.05032106,0.000608113
3504,6.6,4.0,6.1538463,-0.033383776,-0.047960717,0.00064211
3505,6.6,0.0,5.5384617,0.033256065,-0.043600745,-0.00021943433
3506,6.6,0.5714286,5.5384617,0.020330677,-0.04990549,-9.108479e-05
3507,6.6,1.1428572,5.5384617,0.011318806,-0.04641672,1.8301862e-05
3508,6.6,1.7142857,5.5384617,0.0030020594,-0.04853356,0.00011094572
3509,6.6,2.2857144,5.5384617,-0.004105256,-0.04898695,0.00019745724
3510,6.6,2.857143,5.5384617,-0.012947267,-0.04822525,0.00025665076
3511,6.6,3.4285715,5.5384617,-0.021288458,-0.050076928,0.0004203845
3512,6.6,4.0,5.5384617,-0.033379473,-0.047799833,0.00066738157
3513,6.6,0.0,4.923077,0.032972082,-0.043507554,-0.00030445377
3514,6.6,0.5714286,4.923077,0.02023116,-0.049752668,-0.00022055928
3515,6.6,1.1428572,4.923077,0.011273861,-0.046264317,-0.00015197005
3516,6.6,1.7142857,4.923077,0.0029418862,-0.048381615,-9.2897026e-05
3517,6.6,2.2857144,4.923077,-0.0041368445,-0.048819337,-4.619231e-05
3518,6.6,2.857143,4.923077,-0.012979568,-0.048075825,2.8516672e-05
3519,6.6,3.4285715,4.923077,-0.021301575,-0.049912088,3.2732572e-05
3520,6.6,4.0,4.923077,-0.033331744,-0.047651086,4.081541e-05
3521,6.6,0.0,4.3076925,0.03297041,-0.043414466,-0.0003768256
3522,6.6,0.5714286,4.3076925,0.02019492,-0.049683884,-0.00033566286
3523,6.6,1.1428572,4.3076925,0.011221945,-0.04618117,-0.00031301827
3524,6.6,1.7142857,4.3076925,0.0029238835,-0.048305236,-0.00029221934
3525,6.6,2.2857144,4.3076925,-0.0041715736,-0.04873099,-0.00027164014
3526,6.6,2.857143,4.3076925,-0.012988299,-0.047998283,-0.0002681159
3527,6.6,3.4285715,4.3076925,-0.021314086,-0.04982387,-0.00018731666
3528,6.6,4.0,4.3076925,-0.033333592,-0.047584128,-8.1035636e-05
3529,6.6,0.0,3.6923077,0.032957893,-0.043414548,-0.00040702728
3530,6.6,0.5714286,3.6923077,0.020182652,-0.049683876,-0.00044600412
3531,6.6,1.1428572,3.6923077,0.01120969,-0.0461812,-0.0004698812
3532,6.6,1.7142857,3.6923077,0.0029115956,-0.048305195,-0.0004887353
3533,6.6,2.2857144,3.6923077,-0.0041838456,-0.048731007,-0.0005104786
3534,6.6,2.857143,3.6923077,-0.013000602,-0.04799824,-0.00051213155
3535,6.6,3.4285715,3.6923077,-0.02132638,-0.049823888,-0.00059397996
3536,6.6,4.0,3.6923077,-0.033345878,-0.047584143,-0.00069831585
3537,6.6,0.0,3.0769231,0.032935638,-0.043508217,-0.00047867047
3538,6.6,0.5714286,3.0769231,0.020194333,-0.049751997,-0.0005617231
3539,6.6,1.1428572,3.0769231,0.011237115,-0.046264775,-0.00063035486
3540,6.6,1.7142857,3.0769231,0.002904991,-0.04838128,-0.0006886001
3541,6.6,2.2857144,3.0769231,-0.0041736285,-0.048819486,-0.00073541433
3542,6.6,2.857143,3.0769231,-0.01301649,-0.04807566,-0.000809264
3543,6.6,3.4285715,3.0769231,-0.021338413,-0.049912065,-0.0008135498
3544,6.6,4.0,3.0769231,-0.03336878,-0.047650985,-0.00082068157
3545,6.6,0.0,2.4615386,0.033194505,-0.043601412,-0.0005636044
3546,6.6,0.5714286,2.4615386,0.020269383,-0.049904965,-0.00069142866
3547,6.6,1.1428572,2.4615386,0.011257461,-0.046417136,-0.0008003484
3548,6.6,1.7142857,2.4615386,0.0029406657,-0.048533194,-0.0008927298
3549,6.6,2.2857144,2.4615386,-0.0041666725,-0.048987094,-0.0009787874
3550,6.6,2.857143,2.4615386,-0.013008709,-0.048225045,-0.0010376854
3551,6.6,3.4285715,2.4615386,-0.021349965,-0.05007692,-0.0012009221
3552,6.6,4.0,2.4615386,-0.033441,-0.047799762,-0.0014474783
3553,6.6,0.0,1.8461539,0.03313284,-0.043883167,-0.0006087692
3554,6.6,0.5714286,1.8461539,0.020294966,-0.0500669,-0.0008500955
3555,6.6,1.1428572,1.8461539,0.011367793,-0.04666452,-0.0009853205
3556,6.6,1.7142857,1.8461539,0.0029360803,-0.048719242,-0.0011035386
3557,6.6,2.2857144,1.8461539,-0.0040897797,-0.04923563,-0.0011928062
3558,6.6,2.857143,1.8461539,-0.013016827,-0.048413925,-0.0013325589
3559,6.6,3.4285715,1.8461539,-0.02132187,-0.050320994,-0.0013887229
3560,6.6,4.0,1.8461539,-0.03347007,-0.04796058,-0.0014222368
3561,6.6,0.0,1.2307693,0.03362486,-0.04408276,-0.00091194786
3562,6.6,0.5714286,1.2307693,0.020415189,-0.050321806,-0.0009793175
3563,6.6,1.1428572,1.2307693,0.0113677615,-0.046911538,-0.0011633576
3564,6.6,1.7142857,1.2307693,0.00300456,-0.04895464,-0.0013259363
3565,6.6,2.2857144,1.2307693,-0.004047377,-0.049510494,-0.0014427473
3566,6.6,2.857143,1.2307693,-0.012938877,-0.048640445,-0.00152819
3567,6.6,3.4285715,1.2307693,-0.021275189,-0.050580453,-0.0017071797
3568,6.6,4.0,1.2307693,-0.033529248,-0.048186187,-0.0020989573
3569,6.6,0.0,0.61538464,0.033347875,-0.044361502,-0.00043564258
3570,6.6,0.5714286,0.61538464,0.020375215,-0.050447434,-0.0010660894
3571,6.6,1.1428572,0.61538464,0.011382066,-0.047128454,-0.0013474888
3572,6.6,1.7142857,0.61538464,0.0030325325,-0.049229946,-0.0015230841
3573,6.6,2.2857144,0.61538464,-0.003986186,-0.049707577,-0.0016500879
3574,6.6,2.857143,0.61538464,-0.012792568,-0.04893254,-0.001790552
3575,6.6,3.4285715,0.61538464,-0.021179665,-0.050749037,-0.0019132182
3576,6.6,4.0,0.61538464,-0.033412576,-0.04844885,-0.0017593831
3577,6.6,0.0,0.0,0.032739833,-0.045413222,-0.0004892547
3578,6.6,0.5714286,0.0,0.019539548,-0.050702132,-0.00066274754
3579,6.6,1.1428572,0.0,0.010646752,-0.04753291,-0.0014508294
3580,6.6,1.7142857,0.0,0.0027192086,-0.049422827,-0.0017211535
3581,6.6,2.2857144,0.0,-0.0041979826,-0.04987751,-0.0018379518
3582,6.6,2.857143,0.0,-0.0127017135,-0.04916834,-0.002057335
3583,6.6,3.4285715,0.0,-0.020993067,-0.05084235,-0.0020231898
3584,6.6,4.0,0.0,-0.03318259,-0.04868165,-0.0026743955
3585,7.2,0.0,8.0,0.032771286,-0.03632257,0.0007795156
3586,7.2,0.5714286,8.0,0.019755736,-0.028690387,0.002317087
3587,7.2,1.1428572,8.0,0.010922528,-0.03420769,0.002022504
3588,7.2,1.7142857,8.0,0.0037428,-0.03409805,0.0015110704
3589,7.2,2.2857144,8.0,-0.0051456406,-0.035402756,0.0015295256
3590,7.2,2.857143,8.0,-0.012058699,-0.036568474,0.0011361354
3591,7.2,3.4285715,8.0,-0.022601519,-0.035474017,0.001255385
3592,7.2,4.0,8.0,-0.0324475,-0.037543274,0.00062301283
3593,7.2,0.0,7.3846154,0.034315787,-0.036636032,0.0021148536
3594,7.2,0.5714286,7.3846154,0.020907678,-0.02845013,0.0015096692
3595,7.2,1.1428572,7.3846154,0.011410701,-0.034480333,0.001444688
3596,7.2,1.7142857,7.3846154,0.004109488,-0.0341679,0.0012801398
3597,7.2,2.2857144,7.3846154,-0.0051124045,-0.035447866,0.0010742001
3598,7.2,2.857143,7.3846154,-0.012081534,-0.036667626,0.0010202104
3599,7.2,3.4285715,7.3846154,-0.022859279,-0.035448108,0.0009070668
3600,7.2,4.0,7.3846154,-0.03268152,-0.03765638,0.0012131796
3601,7.2,0.0,6.769231,0.033473767,-0.03683003,0.0008806061
3602,7.2,0.5714286,6.769231,0.020670006,-0.028422447,0.001068985
3603,7.2,1.1428572,6.769231,0.011322663,-0.03431491,0.000979942
3604,7.2,1.7142857,6.769231,0.0040524118,-0.03406732,0.00086907775
3605,7.2,2.2857144,6.769231,-0.005243422,-0.0353144,0.0008037339
3606,7.2,2.857143,6.769231,-0.012189286,-0.03658159,0.0007503402
3607,7.2,3.4285715,6.769231,-0.023048857,-0.035320364,0.00072527427
3608,7.2,4.0,6.769231,-0.03266518,-0.037602376,0.0005815384
3609,7.2,0.0,6.1538463,0.03367157,-0.03662587,0.0005115139
3610,7.2,0.5714286,6.1538463,0.020667488,-0.02819671,0.0005527081
3611,7.2,1.1428572,6.1538463,0.011251988,-0.034176543,0.0005738526
3612,7.2,1.7142857,6.1538463,0.004007596,-0.033860344,0.00054558314
3613,7.2,2.2857144,6.1538463,-0.0053365366,-0.035145476,0.00052066694
3614,7.2,2.857143,6.1538463,-0.012270942,-0.036410127,0.00048201598
3615,7.2,3.4285715,6.1538463,-0.023114443,-0.035153344,0.000558477
3616,7.2,4.0,6.1538463,-0.032719042,-0.037474114,0.00079878356
3617,7.2,0.0,5.5384617,0.033314634,-0.036638606,0.00017399652
3618,7.2,0.5714286,5.5384617,0.020507718,-0.0280728,0.0002138116
3619,7.2,1.1428572,5.5384617,0.011200578,-0.034023948,0.00024634716
3620,7.2,1.7142857,5.5384617,0.0039053494,-0.03367186,0.00024450442
3621,7.2,2.2857144,5.5384617,-0.005368497,-0.035002027,0.00023765366
3622,7.2,2.857143,5.5384617,-0.012350629,-0.036206447,0.00026118045
3623,7.2,3.4285715,5.5384617,-0.023130251,-0.03503567,0.00024092478
3624,7.2,4.0,5.5384617,-0.032703746,-0.03727656,0.00022175851
3625,7.2,0.0,4.923077,0.0333218,-0.036504354,-0.00013886229
3626,7.2,0.5714286,4.923077,0.020445922,-0.027963687,-5.613413e-05
3627,7.2,1.1428572,4.923077,0.011140994,-0.033928275,-3.882798e-05
3628,7.2,1.7142857,4.923077,0.00386241,-0.03353603,-2.530928e-05
3629,7.2,2.2857144,4.923077,-0.0054099294,-0.03488144,-1.7227168e-05
3630,7.2,2.857143,4.923077,-0.012381627,-0.036075026,-2.4223356e-05
3631,7.2,3.4285715,4.923077,-0.023136903,-0.034910783,5.9453407e-05
3632,7.2,4.0,4.923077,-0.032714564,-0.037167974,0.0002102931
3633,7.2,0.0,4.3076925,0.033204176,-0.036489964,-0.00027199803
3634,7.2,0.5714286,4.3076925,0.020389453,-0.027918698,-0.00029918048
3635,7.2,1.1428572,4.3076925,0.011110904,-0.033866074,-0.000280318
3636,7.2,1.7142857,4.3076925,0.0038240792,-0.033470538,-0.00028072475
3637,7.2,2.2857144,4.3076925,-0.0054272236,-0.034817934,-0.00027768454
3638,7.2,2.857143,4.3076925,-0.012406638,-0.03599971,-0.00026044575
3639,7.2,3.4285715,4.3076925,-0.02314323,-0.034854427,-0.0003028887
3640,7.2,4.0,4.3076925,-0.03270603,-0.037092026,-0.00036105872
3641,7.2,0.0,3.6923077,0.033192165,-0.036489993,-0.0005343728
3642,7.2,0.5714286,3.6923077,0.020377204,-0.02791868,-0.0005080311
3643,7.2,1.1428572,3.6923077,0.011098635,-0.03386605,-0.0005251263
3644,7.2,1.7142857,3.6923077,0.0038117901,-0.03347052,-0.000525592
3645,7.2,2.2857144,3.6923077,-0.0054394994,-0.03481788,-0.00052695593
3646,7.2,2.857143,3.6923077,-0.012418932,-0.03599969,-0.00054503675
3647,7.2,3.4285715,3.6923077,-0.023155525,-0.034854356,-0.0005009073
3648,7.2,4.0,3.6923077,-0.032718387,-0.03709196,-0.00044345658
3649,7.2,0.0,3.0769231,0.033284754,-0.03650342,-0.00066808105
3650,7.2,0.5714286,3.0769231,0.020409206,-0.027964571,-0.00075056846
3651,7.2,1.1428572,3.0769231,0.011104104,-0.033927653,-0.0007670812
3652,7.2,1.7142857,3.0769231,0.003825616,-0.033536285,-0.0007805602
3653,7.2,2.2857144,3.0769231,-0.005446813,-0.034881096,-0.0007878494
3654,7.2,2.857143,3.0769231,-0.012418486,-0.036075037,-0.0007808441
3655,7.2,3.4285715,3.0769231,-0.023173815,-0.03491063,-0.0008636612
3656,7.2,4.0,3.0769231,-0.032751482,-0.037167855,-0.0010143799
3657,7.2,0.0,2.4615386,0.033253677,-0.03663784,-0.0009809628
3658,7.2,0.5714286,2.4615386,0.020446412,-0.028073458,-0.0010203635
3659,7.2,1.1428572,2.4615386,0.011139204,-0.034023363,-0.0010524099
3660,7.2,1.7142857,2.4615386,0.0038439212,-0.03367202,-0.0010502181
3661,7.2,2.2857144,2.4615386,-0.005429888,-0.035001613,-0.0010429091
3662,7.2,2.857143,2.4615386,-0.012412125,-0.036206387,-0.001066083
3663,7.2,3.4285715,2.4615386,-0.02319171,-0.035035398,-0.0010453222
3664,7.2,4.0,2.4615386,-0.03276542,-0.03727633,-0.0010257218
3665,7.2,0.0,1.8461539,0.0335855,-0.03662448,-0.0013185715
3666,7.2,0.5714286,1.8461539,0.020581698,-0.02819819,-0.0013591968
3667,7.2,1.1428572,1.8461539,0.011165993,-0.034175374,-0.0013799877
3668,7.2,1.7142857,1.8461539,0.0039216327,-0.033860788,-0.0013512408
3669,7.2,2.2857144,1.8461539,-0.0054225195,-0.035144802,-0.0013260065
3670,7.2,2.857143,1.8461539,-0.012357017,-0.036410112,-0.0012868659
3671,7.2,3.4285715,1.8461539,-0.023200503,-0.035153013,-0.0013629303
3672,7.2,4.0,1.8461539,-0.032805275,-0.03747382,-0.0016026385
3673,7.2,0.0,1.2307693,0.033363696,-0.036827605,-0.001687491
3674,7.2,0.5714286,1.2307693,0.020559857,-0.028424455,-0.0018755378
3675,7.2,1.1428572,1.2307693,0.011211896,-0.034313474,-0.0017859482
3676,7.2,1.7142857,1.2307693,0.0039420733,-0.034067936,-0.001674929
3677,7.2,2.2857144,1.2307693,-0.0053541567,-0.035313547,-0.0016089206
3678,7.2,2.857143,1.2307693,-0.01229977,-0.03658162,-0.001555349
3679,7.2,3.4285715,1.2307693,-0.02315966,-0.03531986,-0.0015296084
3680,7.2,4.0,1.2307693,-0.032775942,-0.037602015,-0.001385615
3681,7.2,0.0,0.61538464,0.034180276,-0.03663475,-0.0029211717
3682,7.2,0.5714286,0.61538464,0.020773057,-0.028452722,-0.002316125
3683,7.2,1.1428572,0.61538464,0.011275318,-0.034478534,-0.0022508912
3684,7.2,1.7142857,0.61538464,0.003974619,-0.034168955,-0.0020857383
3685,7.2,2.2857144,0.61538464,-0.005247768,-0.03544663,-0.0018796098
3686,7.2,2.857143,0.61538464,-0.012216519,-0.036667842,-0.0018250082
3687,7.2,3.4285715,0.61538464,-0.022994725,-0.035447426,-0.0017115972
3688,7.2,4.0,0.61538464,-0.03281674,-0.037656058,-0.0020169835
3689,7.2,0.0,0.0,0.032611325,-0.036317594,-0.0015862093
3690,7.2,0.5714286,0.0,0.019597162,-0.028695129,-0.0031228533
3691,7.2,1.1428572,0.0,0.010761963,-0.03420523,-0.0028285952
3692,7.2,1.7142857,0.0,0.003583739,-0.034099378,-0.0023167522
3693,7.2,2.2857144,0.0,-0.0053059016,-0.03540134,-0.0023347088
3694,7.2,2.857143,0.0,-0.012217954,-0.036568657,-0.0019411499
3695,7.2,3.4285715,0.0,-0.022761729,-0.035473257,-0.0020597207
3696,7.2,4.0,0.0,-0.032607064,-0.037542682,-0.0014271094
3697,7.8,0.0,8.0,0.033672567,-0.0025502073,0.00712367
3698,7.8,0.5714286,8.0,0.019442614,-0.017602814,0.0040860977
3699,7.8,1.1428572,8.0,0.013410032,-0.017392952,0.002598141
3700,7.8,1.7142857,8.0,0.002283714,-0.02147897,0.0022797256
3701,7.8,2.2857144,8.0,-0.003313001,-0.022227718,0.0014081046
3702,7.8,2.857143,8.0,-0.01428279,-0.022714114,0.0013711862
3703,7.8,3.4285715,8.0,-0.021260777,-0.024018051,0.000719195
3704,7.8,4.0,8.0,-0.034473665,-0.02245883,0.00095676107
3705,7.8,0.0,7.3846154,0.034384962,-0.002276031,0.0026290722
3706,7.8,0.5714286,7.3846154,0.019894004,-0.01877301,0.0028282902
3707,7.8,1.1428572,7.3846154,0.0136258695,-0.017686984,0.0020682202
3708,7.8,1.7142857,7.3846154,0.0023442213,-0.021867208,0.0014801299
3709,7.8,2.2857144,7.3846154,-0.0033083658,-0.022501389,0.0012764711
3710,7.8,2.857143,7.3846154,-0.014445818,-0.022868106,0.0008808283
3711,7.8,3.4285715,7.3846154,-0.021441111,-0.024288973,0.00078713393
3712,7.8,4.0,7.3846154,-0.034732044,-0.022565426,0.00033138963
3713,7.8,0.0,6.769231,0.03407309,-0.0022421796,0.001747333
3714,7.8,0.5714286,6.769231,0.019683888,-0.018301087,0.0015405223
3715,7.8,1.1428572,6.769231,0.013687306,-0.01768808,0.0013604346
3716,7.8,1.7142857,6.769231,0.0022066005,-0.021827707,0.0010998562
3717,7.8,2.2857144,6.769231,-0.003338147,-0.022482403,0.00083461544
3718,7.8,2.857143,6.769231,-0.014634829,-0.022862488,0.0007030522
3719,7.8,3.4285715,6.769231,-0.021515902,-0.024269892,0.0005737455
3720,7.8,4.0,6.769231,-0.034869786,-0.022596495,0.0007838643
3721,7.8,0.0,6.1538463,0.03412571,-0.0022258942,0.00093271345
3722,7.8,0.5714286,6.1538463,0.01967067,-0.018462114,0.0009145226
3723,7.8,1.1428572,6.1538463,0.013604052,-0.017427744,0.00079867314
3724,7.8,1.7142857,6.1538463,0.002156891,-0.021730777,0.00068459805
3725,7.8,2.2857144,6.1538463,-0.0034231062,-0.022369292,0.00053826696
3726,7.8,2.857143,6.1538463,-0.014720473,-0.022739273,0.00045794083
3727,7.8,3.4285715,6.1538463,-0.021592334,-0.024218164,0.00036171556
3728,7.8,4.0,6.1538463,-0.034894582,-0.022461932,0.00025757254
3729,7.8,0.0,5.5384617,0.03386702,-0.0022016051,0.00037451138
3730,7.8,0.5714286,5.5384617,0.01957001,-0.018284906,0.0004115669
3731,7.8,1.1428572,5.5384617,0.013533049,-0.01738606,0.00038580294
3732,7.8,1.7142857,5.5384617,0.002104203,-0.021594176,0.0003090406
3733,7.8,2.2857144,5.5384617,-0.0034975915,-0.02221558,0.00026759482
3734,7.8,2.857143,5.5384617,-0.014756752,-0.02266409,0.00017980798
3735,7.8,3.4285715,5.5384617,-0.021643328,-0.024041856,0.00022959868
3736,7.8,4.0,5.5384617,-0.034886677,-0.022441793,0.00037246657
3737,7.8,0.0,4.923077,0.03383196,-0.0022068173,7.310119e-05
3738,7.8,0.5714286,4.923077,0.019526642,-0.01830674,4.1026087e-05
3739,7.8,1.1428572,4.923077,0.013464277,-0.017245155,2.7412198e-05
3740,7.8,1.7142857,4.923077,0.0020715985,-0.021534707,2.250707e-05
3741,7.8,2.2857144,4.923077,-0.0035438638,-0.022106199,-3.953361e-05
3742,7.8,2.857143,4.923077,-0.014782257,-0.022561425,-1.7430748e-05
3743,7.8,3.4285715,4.923077,-0.021668328,-0.023965921,-0.00010002736
3744,7.8,4.0,4.923077,-0.034868233,-0.022326762,-0.00012369649
3745,7.8,0.0,4.3076925,0.033740755,-0.0021977779,-0.0003144423
3746,7.8,0.5714286,4.3076925,0.019481808,-0.01824716,-0.0002663071
3747,7.8,1.1428572,4.3076925,0.013430579,-0.017230023,-0.00026409602
3748,7.8,1.7142857,4.3076925,0.0020450142,-0.02147358,-0.00028975957
3749,7.8,2.2857144,4.3076925,-0.0035719902,-0.022052804,-0.00026651003
3750,7.8,2.857143,4.3076925,-0.014797192,-0.022517847,-0.00031798048
3751,7.8,3.4285715,4.3076925,-0.021683136,-0.023897158,-0.00023367236
3752,7.8,4.0,4.3076925,-0.034866992,-0.022303822,-0.00016878106
3753,7.8,0.0,3.6923077,0.033728436,-0.0021981287,-0.00051726156
3754,7.8,0.5714286,3.6923077,0.019469464,-0.018246867,-0.0005636717
3755,7.8,1.1428572,3.6923077,0.013418325,-0.017230237,-0.0005665282
3756,7.8,1.7142857,3.6923077,0.0020327244,-0.021473268,-0.00053927914
3757,7.8,2.2857144,3.6923077,-0.0035842774,-0.02205291,-0.0005632156
3758,7.8,2.857143,3.6923077,-0.014809481,-0.022517672,-0.00051021087
3759,7.8,3.4285715,3.6923077,-0.021695444,-0.02389716,-0.00059511187
3760,7.8,4.0,3.6923077,-0.03487928,-0.022303764,-0.00065839844
3761,7.8,0.0,3.0769231,0.033795282,-0.0022080715,-0.0009043881
3762,7.8,0.5714286,3.0769231,0.019489922,-0.018305946,-0.0008713839
3763,7.8,1.1428572,3.0769231,0.013427355,-0.017245244,-0.0008576204
3764,7.8,1.7142857,3.0769231,0.0020348395,-0.02153434,-0.0008519466
3765,7.8,2.2857144,3.0769231,-0.0035808112,-0.02210609,-0.00078982767
3766,7.8,2.857143,3.0769231,-0.014819046,-0.022561172,-0.0008111087
3767,7.8,3.4285715,3.0769231,-0.021705324,-0.02396573,-0.00072843826
3768,7.8,4.0,3.0769231,-0.034905124,-0.022326605,-0.00070382596
3769,7.8,0.0,2.4615386,0.033805672,-0.0022033069,-0.0012057632
3770,7.8,0.5714286,2.4615386,0.019508585,-0.018283466,-0.0012419529
3771,7.8,1.1428572,2.4615386,0.013471607,-0.01738652,-0.0012159911
3772,7.8,1.7142857,2.4615386,0.0020428752,-0.021593254,-0.0011385379
3773,7.8,2.2857144,2.4615386,-0.0035591377,-0.022215618,-0.0010968692
3774,7.8,2.857143,2.4615386,-0.014818096,-0.022663552,-0.0010085003
3775,7.8,3.4285715,2.4615386,-0.021704962,-0.024041645,-0.001057898
3776,7.8,4.0,2.4615386,-0.03494811,-0.022441544,-0.0012001465
3777,7.8,0.0,1.8461539,0.03403997,-0.0022276612,-0.0017638352
3778,7.8,0.5714286,1.8461539,0.01958492,-0.018460507,-0.0017450963
3779,7.8,1.1428572,1.8461539,0.013517898,-0.017427962,-0.0016286427
3780,7.8,1.7142857,1.8461539,0.0020711008,-0.021729762,-0.0015142916
3781,7.8,2.2857144,1.8461539,-0.0035093213,-0.02236921,-0.0013674855
3782,7.8,2.857143,1.8461539,-0.0148063125,-0.022738623,-0.0012866664
3783,7.8,3.4285715,1.8461539,-0.021678653,-0.024217809,-0.0011900476
3784,7.8,4.0,1.8461539,-0.034980614,-0.022461552,-0.0010852837
3785,7.8,0.0,1.2307693,0.033962954,-0.0022468895,-0.0025782904
3786,7.8,0.5714286,1.2307693,0.019573119,-0.018297646,-0.002370906
3787,7.8,1.1428572,1.2307693,0.013576797,-0.017689137,-0.0021907054
3788,7.8,1.7142857,1.2307693,0.0020960807,-0.021826105,-0.0019294728
3789,7.8,2.2857144,1.2307693,-0.0034488281,-0.022482546,-0.0016638826
3790,7.8,2.857143,1.2307693,-0.014745342,-0.022861548,-0.0015318096
3791,7.8,3.4285715,1.2307693,-0.021626726,-0.024269538,-0.0014020309
3792,7.8,4.0,1.2307693,-0.03498046,-0.022596113,-0.0016115846
3793,7.8,0.0,0.61538464,0.034250654,-0.0022780292,-0.0034605374
3794,7.8,0.5714286,0.61538464,0.019758772,-0.018770695,-0.0036586549
3795,7.8,1.1428572,0.61538464,0.0134908,-0.017688079,-0.0028986288
3796,7.8,1.7142857,0.61538464,0.0022090797,-0.021865375,-0.0023096676
3797,7.8,2.2857144,0.61538464,-0.0034435696,-0.022501647,-0.002105843
3798,7.8,2.857143,0.61538464,-0.014580937,-0.0228669,-0.0017094981
3799,7.8,3.4285715,0.61538464,-0.021576464,-0.024288623,-0.00161555
3800,7.8,4.0,0.61538464,-0.034867387,-0.022564765,-0.0011590549
3801,7.8,0.0,0.0,0.033513166,-0.0025629865,-0.007950959
3802,7.8,0.5714286,0.0,0.019282434,-0.017597815,-0.0049179313
3803,7.8,1.1428572,0.0,0.013250273,-0.017395275,-0.0034276748
3804,7.8,1.7142857,0.0,0.0021239782,-0.021476464,-0.0031096877
3805,7.8,2.2857144,0.0,-0.0034728185,-0.022228163,-0.0022371921
3806,7.8,2.857143,0.0,-0.014442435,-0.02271267,-0.0022000656
3807,7.8,3.4285715,0.0,-0.021420667,-0.024017593,-0.0015474065
3808,7.8,4.0,0.0,-0.034633454,-0.02245837,-0.0017846389
3809,8.4,0.0,8.0,0.029591573,-0.0056392546,0.003930013
3810,8.4,0.5714286,8.0,0.025151609,-0.0013196003,0.003941817
3811,8.4,1.1428572,8.0,0.010613218,-0.008637624,0.002680473
3812,8.4,1.7142857,8.0,0.005986983,-0.008270669,0.0019384123
3813,8.4,2.2857144,8.0,-0.006282644,-0.010550411,0.0015178489
3814,8.4,2.857143,8.0,-0.0116274925,-0.011239094,0.0009452478
3815,8.4,3.4285715,8.0,-0.024435254,-0.010865287,0.0007126967
3816,8.4,4.0,8.0,-0.031644084,-0.01246311,9.562307e-07
3817,8.4,0.0,7.3846154,0.028398052,-0.0064653144,0.0033092543
3818,8.4,0.5714286,7.3846154,0.024607144,-0.0017128706,0.0025212106
3819,8.4,1.1428572,7.3846154,0.0103973355,-0.009266099,0.002001699
3820,8.4,1.7142857,7.3846154,0.0058189295,-0.008608777,0.001508266
3821,8.4,2.2857144,7.3846154,-0.0064981827,-0.010889626,0.0010973426
3822,8.4,2.857143,7.3846154,-0.011778994,-0.011527298,0.0007909798
3823,8.4,3.4285715,7.3846154,-0.024692863,-0.011116057,0.0005276687
3824,8.4,4.0,7.3846154,-0.031786583,-0.012731517,0.0005448271
3825,8.4,0.0,6.769231,0.029098855,-0.006760108,0.0016272294
3826,8.4,0.5714286,6.769231,0.024980064,-0.0015697778,0.001641318
3827,8.4,1.1428572,6.769231,0.010286342,-0.009309283,0.0013687263
3828,8.4,1.7142857,6.769231,0.005900302,-0.008652521,0.0010348004
3829,8.4,2.2857144,6.769231,-0.006670458,-0.010936801,0.0007810818
3830,8.4,2.857143,6.769231,-0.011820316,-0.011604849,0.0005711337
3831,8.4,3.4285715,6.769231,-0.024899324,-0.011147228,0.00037009918
3832,8.4,4.0,6.769231,-0.0318352,-0.012874701,0.00015122158
3833,8.4,0.0,6.1538463,0.02853064,-0.0067255893,0.0010759921
3834,8.4,0.5714286,6.1538463,0.0247933,-0.0016094001,0.0009463005
3835,8.4,1.1428572,6.1538463,0.010270279,-0.009225766,0.00081215595
3836,8.4,1.7142857,6.1538463,0.005799267,-0.008586009,0.0006596442
3837,8.4,2.2857144,6.1538463,-0.0067369738,-0.010890352,0.00048692222
3838,8.4,2.857143,6.1538463,-0.011914122,-0.0115573015,0.00032881746
3839,8.4,3.4285715,6.1538463,-0.024971142,-0.011119265,0.00029035393
3840,8.4,4.0,6.1538463,-0.031870473,-0.012840214,0.0003890236
3841,8.4,0.0,5.5384617,0.028768282,-0.006845673,0.0004796043
3842,8.4,0.5714286,5.5384617,0.024771107,-0.0015238195,0.00045265458
3843,8.4,1.1428572,5.5384617,0.010204487,-0.009206975,0.00040477933
3844,8.4,1.7142857,5.5384617,0.0057535856,-0.008477086,0.0002938419
3845,8.4,2.2857144,5.5384617,-0.0067858878,-0.010834156,0.00020994365
3846,8.4,2.857143,5.5384617,-0.0119771315,-0.011457478,0.00013490523
3847,8.4,3.4285715,5.5384617,-0.025001487,-0.0110751875,4.021851e-05
3848,8.4,4.0,5.5384617,-0.031899597,-0.012771118,-3.867324e-05
3849,8.4,0.0,4.923077,0.028520847,-0.0067960485,7.286741e-05
3850,8.4,0.5714286,4.923077,0.024670934,-0.0015231358,7.431706e-05
3851,8.4,1.1428572,4.923077,0.010184186,-0.00914866,2.9496881e-05
3852,8.4,1.7142857,4.923077,0.005690715,-0.008415957,2.9126406e-06
3853,8.4,2.2857144,4.923077,-0.0068099373,-0.010771656,-5.6921326e-05
3854,8.4,2.857143,4.923077,-0.012019375,-0.011384277,-0.00010132506
3855,8.4,3.4285715,4.923077,-0.025012469,-0.011018908,-7.729755e-05
3856,8.4,4.0,4.923077,-0.031904545,-0.012704305,2.5560308e-05
3857,8.4,0.0,4.3076925,0.028566843,-0.006818687,-0.0002530384
3858,8.4,0.5714286,4.3076925,0.024642332,-0.0014979288,-0.0002769868
3859,8.4,1.1428572,4.3076925,0.01015029,-0.009129814,-0.00026599757
3860,8.4,1.7142857,4.3076925,0.0056665,-0.008376627,-0.00029791077
3861,8.4,2.2857144,4.3076925,-0.0068318527,-0.010738374,-0.00029764257
3862,8.4,2.857143,4.3076925,-0.012041873,-0.011342399,-0.00031161157
3863,8.4,3.4285715,4.3076925,-0.025023105,-0.010987007,-0.00035671674
3864,8.4,4.0,4.3076925,-0.031911038,-0.012670166,-0.00043101452
3865,8.4,0.0,3.6923077,0.028554626,-0.006818096,-0.0006015357
3866,8.4,0.5714286,3.6923077,0.024630059,-0.0014978489,-0.0005780308
3867,8.4,1.1428572,3.6923077,0.010138054,-0.009129659,-0.0005875086
3868,8.4,1.7142857,3.6923077,0.0056541697,-0.00837655,-0.0005561032
3869,8.4,2.2857144,3.6923077,-0.006844089,-0.010738253,-0.00055496086
3870,8.4,2.857143,3.6923077,-0.012054217,-0.011342327,-0.0005414634
3871,8.4,3.4285715,3.6923077,-0.025035359,-0.010986893,-0.0004949241
3872,8.4,4.0,3.6923077,-0.031923424,-0.012670051,-0.00042099785
3873,8.4,0.0,3.0769231,0.028484393,-0.0067939525,-0.0009277885
3874,8.4,0.5714286,3.0769231,0.024633808,-0.001523606,-0.0009290433
3875,8.4,1.1428572,3.0769231,0.010147583,-0.009147692,-0.0008832683
3876,8.4,1.7142857,3.0769231,0.0056536673,-0.008416046,-0.0008566729
3877,8.4,2.2857144,3.0769231,-0.0068466114,-0.010771108,-0.00079594046
3878,8.4,2.857143,3.0769231,-0.012056435,-0.011384151,-0.00075150357
3879,8.4,3.4285715,3.0769231,-0.025049195,-0.011018603,-0.000774597
3880,8.4,4.0,3.0769231,-0.03194166,-0.012704014,-0.0008773077
3881,8.4,0.0,2.4615386,0.028707283,-0.006842547,-0.0013345844
3882,8.4,0.5714286,2.4615386,0.024709491,-0.0015238576,-0.0013072491
3883,8.4,1.1428572,2.4615386,0.010143373,-0.009205836,-0.001258697
3884,8.4,1.7142857,2.4615386,0.005691889,-0.008476928,-0.001147463
3885,8.4,2.2857144,2.4615386,-0.006847042,-0.010833414,-0.0010629694
3886,8.4,2.857143,2.4615386,-0.012038876,-0.011457198,-0.0009876034
3887,8.4,3.4285715,2.4615386,-0.025062723,-0.011074664,-0.00089226646
3888,8.4,4.0,2.4615386,-0.031961482,-0.012770647,-0.0008129853
3889,8.4,0.0,1.8461539,0.028445527,-0.006721095,-0.0019310783
3890,8.4,0.5714286,1.8461539,0.02470677,-0.0016100096,-0.0018008583
3891,8.4,1.1428572,1.8461539,0.01018481,-0.009223683,-0.001666107
3892,8.4,1.7142857,1.8461539,0.005712843,-0.008586063,-0.0015132813
3893,8.4,2.2857144,1.8461539,-0.006822571,-0.0108892005,-0.0013400154
3894,8.4,2.857143,1.8461539,-0.012000578,-0.011556982,-0.0011814788
3895,8.4,3.4285715,1.8461539,-0.025056845,-0.011118588,-0.0011424599
3896,8.4,4.0,1.8461539,-0.03195708,-0.012839537,-0.0012405938
3897,8.4,0.0,1.2307693,0.028989037,-0.006752916,-0.0024823737
3898,8.4,0.5714286,1.2307693,0.024869075,-0.0015702832,-0.0024958062
3899,8.4,1.1428572,1.2307693,0.010176322,-0.009306814,-0.0022227955
3900,8.4,1.7142857,1.2307693,0.005789225,-0.008652619,-0.0018885691
3901,8.4,2.2857144,1.2307693,-0.00678055,-0.010935347,-0.0016340899
3902,8.4,2.857143,1.2307693,-0.011931429,-0.011604505,-0.0014239333
3903,8.4,3.4285715,1.2307693,-0.025009546,-0.011146294,-0.0012221119
3904,8.4,4.0,1.2307693,-0.031946514,-0.012873873,-0.0010029733
3905,8.4,0.0,0.61538464,0.0282642,-0.0064573227,-0.0041638743
3906,8.4,0.5714286,0.61538464,0.024471384,-0.0017142897,-0.003376187
3907,8.4,1.1428572,0.61538464,0.010262695,-0.009262978,-0.002855963
3908,8.4,1.7142857,0.61538464,0.005683333,-0.008609202,-0.0023618652
3909,8.4,2.2857144,0.61538464,-0.0066328985,-0.010887714,-0.001950597
3910,8.4,2.857143,0.61538464,-0.01191464,-0.011527019,-0.0016435838
3911,8.4,3.4285715,0.61538464,-0.024827661,-0.01111491,-0.0013798716
3912,8.4,4.0,0.61538464,-0.03192246,-0.012730534,-0.0013963566
3913,8.4,0.0,0.0,0.02943312,-0.005629226,-0.0047860653
3914,8.4,0.5714286,0.0,0.024990544,-0.0013222982,-0.0047969967
3915,8.4,1.1428572,0.0,0.010454478,-0.008633646,-0.0035345303
3916,8.4,1.7142857,0.0,0.0058262954,-0.00827131,-0.0027923654
3917,8.4,2.2857144,0.0,-0.0064415354,-0.010548136,-0.0023708213
3918,8.4,2.857143,0.0,-0.011788024,-0.011238772,-0.0017981584
3919,8.4,3.4285715,0.0,-0.024594275,-0.010863917,-0.0015646695
3920,8.4,4.0,0.0,-0.03180478,-0.0124618905,-0.00085272326
3921,9.0,0.0,8.0,0.033083525,0.005082705,0.0015494137
3922,9.0,0.5714286,8.0,0.021148365,0.000493571,0.001711123
3923,9.0,1.1428572,8.0,0.015435061,0.003935374,0.0019014021
3924,9.0,1.7142857,8.0,0.0023417068,0.0003336962,0.0014192705
3925,9.0,2.2857144,8.0,-0.0025052687,0.0008068715,0.0010572479
3926,9.0,2.857143,8.0,-0.015397927,-2.8307917e-05,0.0007357274
3927,9.0,3.4285715,8.0,-0.02115832,-0.0007347074,0.00033351846
3928,9.0,4.0,8.0,-0.034918632,0.00015078443,0.00030494307
3929,9.0,0.0,7.3846154,0.032560065,0.0055839326,0.0017090166
3930,9.0,0.5714286,7.3846154,0.02034482,0.0001732723,0.0016674887
3931,9.0,1.1428572,7.3846154,0.014990442,0.0037587644,0.0014466835
3932,9.0,1.7142857,7.3846154,0.0019440418,-3.324118e-05,0.0011292378
3933,9.0,2.2857144,7.3846154,-0.0027308504,0.0005536019,0.0008210489
3934,9.0,2.857143,7.3846154,-0.015700223,-0.0003083356,0.0005521319
3935,9.0,3.4285715,7.3846154,-0.021313636,-0.0009967188,0.00027276902
3936,9.0,4.0,7.3846154,-0.03520287,-0.00012532868,-9.566916e-05
3937,9.0,0.0,6.769231,0.032617297,0.0053735473,0.0014678885
3938,9.0,0.5714286,6.769231,0.020353513,-0.00018484367,0.001214668
3939,9.0,1.1428572,6.769231,0.015146142,0.003708739,0.0010072067
3940,9.0,1.7142857,6.769231,0.0017858885,-0.00015661797,0.0008140108
3941,9.0,2.2857144,6.769231,-0.0027233842,0.00045066353,0.0005790556
3942,9.0,2.857143,6.769231,-0.015907561,-0.00039005897,0.0003585851
3943,9.0,3.4285715,6.769231,-0.021360466,-0.0011369919,0.00024010822
3944,9.0,4.0,6.769231,-0.035387993,-0.00018502968,0.00026293233
3945,9.0,0.0,6.1538463,0.032720596,0.005317945,0.00074489915
3946,9.0,0.5714286,6.1538463,0.020294009,-0.00012632902,0.00076164294
3947,9.0,1.1428572,6.1538463,0.015037521,0.003650404,0.0006445862
3948,9.0,1.7142857,6.1538463,0.0017443479,-0.00015155536,0.00048434208
3949,9.0,2.2857144,6.1538463,-0.002820242,0.00044781106,0.00033249788
3950,9.0,2.857143,6.1538463,-0.015985858,-0.00040286692,0.00021612988
3951,9.0,3.4285715,6.1538463,-0.021449432,-0.0011423061,5.203408e-05
3952,9.0,4.0,6.1538463,-0.035456173,-0.00023227412,-7.476844e-05
3953,9.0,0.0,5.5384617,0.032496613,0.005335203,0.00043797566
3954,9.0,0.5714286,5.5384617,0.020242449,-0.00020121588,0.000362163
3955,9.0,1.1428572,5.5384617,0.015013919,0.0037197364,0.0002836926
3956,9.0,1.7142857,5.5384617,0.0016881814,-0.00015668328,0.00020666735
3957,9.0,2.2857144,5.5384617,-0.0028735301,0.0005046502,0.00010794502
3958,9.0,2.857143,5.5384617,-0.016033765,-0.00039372442,7.775281e-06
3959,9.0,3.4285715,5.5384617,-0.021501284,-0.0010974994,4.7866843e-06
3960,9.0,4.0,5.5384617,-0.035459306,-0.00022617228,7.336504e-05
3961,9.0,0.0,4.923077,0.032537837,0.0053088963,2.157954e-06
3962,9.0,0.5714286,4.923077,0.02020866,-0.0001639284,1.8206478e-05
3963,9.0,1.1428572,4.923077,0.014941382,0.0037278042,-1.3515667e-05
3964,9.0,1.7142857,4.923077,0.001672124,-0.00012224913,-6.6995846e-05
3965,9.0,2.2857144,4.923077,-0.0029257168,0.00054370385,-0.00011796772
3966,9.0,2.857143,4.923077,-0.01605397,-0.00036359436,-0.00014883102
3967,9.0,3.4285715,4.923077,-0.021536551,-0.0010575342,-0.00023390904
3968,9.0,4.0,4.923077,-0.035460167,-0.00021273433,-0.00029605505
3969,9.0,0.0,4.3076925,0.032443702,0.0053192424,-0.00026474218
3970,9.0,0.5714286,4.3076925,0.020175861,-0.00016919017,-0.0002885449
3971,9.0,1.1428572,4.3076925,0.014920845,0.0037502982,-0.00030562954
3972,9.0,1.7142857,4.3076925,0.0016448351,-0.00010866213,-0.0003128917
3973,9.0,2.2857144,4.3076925,-0.0029487205,0.0005689248,-0.0003306381
3974,9.0,2.857143,4.3076925,-0.016072216,-0.00034501884,-0.0003562411
3975,9.0,3.4285715,4.3076925,-0.021553904,-0.0010333741,-0.00031131585
3976,9.0,4.0,4.3076925,-0.035459638,-0.00019681246,-0.00024707054
3977,9.0,0.0,3.6923077,0.03243144,0.0053190403,-0.00061484816
3978,9.0,0.5714286,3.6923077,0.020163668,-0.00016885473,-0.00058955763
3979,9.0,1.1428572,3.6923077,0.014908462,0.003750321,-0.0005727688
3980,9.0,1.7142857,3.6923077,0.0016326584,-0.00010843979,-0.0005641685
3981,9.0,2.2857144,3.6923077,-0.0029610996,0.0005689735,-0.000546769
3982,9.0,2.857143,3.6923077,-0.016084421,-0.00034486287,-0.00051984563
3983,9.0,3.4285715,3.6923077,-0.021566285,-0.0010332948,-0.00056505814
3984,9.0,4.0,3.6923077,-0.035471864,-0.00019673418,-0.00062790967
3985,9.0,0.0,3.0769231,0.032500613,0.005308428,-0.00088151905
3986,9.0,0.5714286,3.0769231,0.020172264,-0.00016255266,-0.0008965165
3987,9.0,1.1428572,3.0769231,0.014904244,0.0037276775,-0.00086468976
3988,9.0,1.7142857,3.0769231,0.0016355786,-0.00012149044,-0.00081026106
3989,9.0,2.2857144,3.0769231,-0.0029628582,0.0005438158,-0.00075925526
3990,9.0,2.857143,3.0769231,-0.016090572,-0.00036312098,-0.0007274503
3991,9.0,3.4285715,3.0769231,-0.021573741,-0.0010572568,-0.0006422838
3992,9.0,4.0,3.0769231,-0.035496846,-0.00021243538,-0.0005791367
3993,9.0,0.0,2.4615386,0.032434937,0.0053345026,-0.0013172422
3994,9.0,0.5714286,2.4615386,0.020181617,-0.0001993832,-0.0012406477
3995,9.0,1.1428572,2.4615386,0.014952062,0.0037198241,-0.0011617384
3996,9.0,1.7142857,2.4615386,0.0016272353,-0.0001555756,-0.0010840988
3997,9.0,2.2857144,2.4615386,-0.0029353888,0.0005049099,-0.0009850265
3998,9.0,2.857143,2.4615386,-0.016094819,-0.0003929776,-0.00088422094
3999,9.0,3.4285715,2.4615386,-0.021563193,-0.0010970699,-0.0008808307
4000,9.0,4.0,2.4615386,-0.03552048,-0.00022570009,-0.00094869244
4001,9.0,0.0,1.8461539,0.032633826,0.0053171036,-0.0016242068
4002,9.0,0.5714286,1.8461539,0.020208994,-0.00012330695,-0.0016400657
4003,9.0,1.1428572,1.8461539,0.014950872,0.0036502676,-0.0015227037
4004,9.0,1.7142857,1.8461539,0.001659058,-0.00014986935,-0.0013617899
4005,9.0,2.2857144,1.8461539,-0.0029068987,0.00044808543,-0.001209614
4006,9.0,2.857143,1.8461539,-0.016071267,-0.00040181482,-0.0010925849
4007,9.0,3.4285715,1.8461539,-0.021536177,-0.0011416884,-0.00092810515
4008,9.0,4.0,1.8461539,-0.035541743,-0.0002316233,-0.0008006074
4009,9.0,0.0,1.2307693,0.032506112,0.0053716223,-0.0023471038
4010,9.0,0.5714286,1.2307693,0.020244172,-0.00018091062,-0.002093285
4011,9.0,1.1428572,1.2307693,0.015034697,0.0037085102,-0.0018853516
4012,9.0,1.7142857,1.2307693,0.0016762178,-0.00015444985,-0.001691515
4013,9.0,2.2857144,1.2307693,-0.0028347736,0.00045091784,-0.0014562118
4014,9.0,2.857143,1.2307693,-0.016017407,-0.00038867,-0.0012350437
4015,9.0,3.4285715,1.2307693,-0.021471918,-0.0011362944,-0.0011161934
4016,9.0,4.0,1.2307693,-0.035498038,-0.00018422074,-0.0011382635
4017,9.0,0.0,0.61538464,0.032423772,0.00558173,-0.0025885922
4018,9.0,0.5714286,0.61538464,0.020211097,0.00017833475,-0.0025461097
4019,9.0,1.1428572,0.61538464,0.014854238,0.0037580868,-0.0023249378
4020,9.0,1.7142857,0.61538464,0.0018099367,-3.045983e-05,-0.0020068532
4021,9.0,2.2857144,0.61538464,-0.0028669604,0.0005537432,-0.001698164
4022,9.0,2.857143,0.61538464,-0.015834473,-0.0003065787,-0.0014286793
4023,9.0,3.4285715,0.61538464,-0.021449827,-0.0009959057,-0.0011488243
4024,9.0,4.0,0.61538464,-0.035337325,-0.00012433868,-0.00077976374
4025,9.0,0.0,0.0,0.032922696,0.00507935,-0.0024289035
4026,9.0,0.5714286,0.0,0.020990422,0.0004997757,-0.0025900179
4027,9.0,1.1428572,0.0,0.015273824,0.0039342884,-0.002779909
4028,9.0,1.7142857,0.0,0.002183443,0.0003371065,-0.002296777
4029,9.0,2.2857144,0.0,-0.0026663134,0.00080693676,-0.0019345618
4030,9.0,2.857143,0.0,-0.01555638,-2.6199321e-05,-0.0016121597
4031,9.0,3.4285715,0.0,-0.021319343,-0.0007338133,-0.0012096866
4032,9.0,4.0,0.0,-0.035077304,0.00015196235,-0.0011802602
4033,9.6,0.0,8.0,0.029457275,0.009341176,0.0010400588
4034,9.6,0.5714286,8.0,0.024574568,0.013221884,0.00095857214
4035,9.6,1.1428572,8.0,0.011624992,0.009590317,0.0007691447
4036,9.6,1.7142857,8.0,0.0064460495,0.011736848,0.00084909936
4037,9.6,2.2857144,8.0,-0.0064972304,0.009975472,0.0005643126
4038,9.6,2.857143,8.0,-0.011654059,0.010205384,0.00036031334
4039,9.6,3.4285715,8.0,-0.025188014,0.010290736,0.00010467441
4040,9.6,4.0,8.0,-0.030943265,0.00940788,-0.00044315628
4041,9.6,0.0,7.3846154,0.028901106,0.008980384,0.0008038277
4042,9.6,0.5714286,7.3846154,0.024230978,0.013356031,0.00080526096
4043,9.6,1.1428572,7.3846154,0.0110929925,0.00938844,0.0007900084
4044,9.6,1.7142857,7.3846154,0.0061423336,0.011624002,0.0006405262
4045,9.6,2.2857144,7.3846154,-0.006873372,0.009738717,0.00047511386
4046,9.6,2.857143,7.3846154,-0.011839704,0.010003227,0.0002464325
4047,9.6,3.4285715,7.3846154,-0.025464851,0.010055559,8.505847e-05
4048,9.6,4.0,7.3846154,-0.031046357,0.009177312,6.628918e-05
4049,9.6,0.0,6.769231,0.02870511,0.008947234,0.00073499855
4050,9.6,0.5714286,6.769231,0.024148215,0.013363921,0.0006914455
4051,9.6,1.1428572,6.769231,0.010907626,0.009172354,0.00060640083
4052,9.6,1.7142857,6.769231,0.0061489576,0.011542155,0.00046345603
4053,9.6,2.2857144,6.769231,-0.007086478,0.009616611,0.00030608888
4054,9.6,2.857143,6.769231,-0.011877686,0.009879177,0.00016745715
4055,9.6,3.4285715,6.769231,-0.025686108,0.009971007,-2.5884456e-05
4056,9.6,4.0,6.769231,-0.031117164,0.008997799,-0.00024004887
4057,9.6,0.0,6.1538463,0.0286824,0.008858091,0.0005447144
4058,9.6,0.5714286,6.1538463,0.02415114,0.013216278,0.0004428973
4059,9.6,1.1428572,6.1538463,0.010874908,0.009155963,0.00035030895
4060,9.6,1.7142857,6.1538463,0.0060608564,0.011475315,0.0002616504
4061,9.6,2.2857144,6.1538463,-0.0071549034,0.009575232,0.00014791585
4062,9.6,2.857143,6.1538463,-0.011974689,0.0098378165,1.4370139e-05
4063,9.6,3.4285715,6.1538463,-0.025769899,0.009913977,-2.0830877e-05
4064,9.6,4.0,6.1538463,-0.031182162,0.00896101,7.2698303e-06
4065,9.6,0.0,5.5384617,0.02864046,0.008824304,0.00016687586
4066,9.6,0.5714286,5.5384617,0.024055162,0.013270309,0.00017691495
4067,9.6,1.1428572,5.5384617,0.010815275,0.0090873195,0.00013318539
4068,9.6,1.7142857,5.5384617,0.006014784,0.011496911,4.4478158e-05
4069,9.6,2.2857144,5.5384617,-0.007209396,0.009544462,-2.7453085e-05
4070,9.6,2.857143,5.5384617,-0.0120337205,0.009851893,-8.8479945e-05
4071,9.6,3.4285715,5.5384617,-0.025812088,0.009888613,-0.0002002105
4072,9.6,4.0,5.5384617,-0.031226892,0.00895138,-0.00029428877
4073,9.6,0.0,4.923077,0.02858722,0.008812115,-2.9916671e-05
4074,9.6,0.5714286,4.923077,0.024020247,0.013239569,-8.06466e-05
4075,9.6,1.1428572,4.923077,0.010798978,0.009103766,-0.00011907452
4076,9.6,1.7142857,4.923077,0.0059605394,0.011499095,-0.00014849607
4077,9.6,2.2857144,4.923077,-0.007230414,0.009548432,-0.00019547174
4078,9.6,2.857143,4.923077,-0.012079025,0.009865916,-0.00024930658
4079,9.6,3.4285715,4.923077,-0.025829114,0.009887135,-0.00022437879
4080,9.6,4.0,4.923077,-0.031243758,0.008964528,-0.00017398437
4081,9.6,0.0,4.3076925,0.028569384,0.008809429,-0.00035801224
4082,9.6,0.5714286,4.3076925,0.023980383,0.013253293,-0.00033081922
4083,9.6,1.1428572,4.3076925,0.010769843,0.009098494,-0.00033147132
4084,9.6,1.7142857,4.3076925,0.0059377193,0.011509848,-0.00035640236
4085,9.6,2.2857144,4.3076925,-0.007252578,0.009552776,-0.00036595488
4086,9.6,2.857143,4.3076925,-0.012101592,0.009876361,-0.00036905706
4087,9.6,3.4285715,4.3076925,-0.025842624,0.009890908,-0.00043081146
4088,9.6,4.0,4.3076925,-0.031256426,0.008969011,-0.0004891079
4089,9.6,0.0,3.6923077,0.028557148,0.008809915,-0.00054477114
4090,9.6,0.5714286,3.6923077,0.023968022,0.013253252,-0.0005721333
4091,9.6,1.1428572,3.6923077,0.010757717,0.009098794,-0.0005701346
4092,9.6,1.7142857,3.6923077,0.005925307,0.011509865,-0.00054541294
4093,9.6,2.2857144,3.6923077,-0.0072647375,0.009552989,-0.000534602
4094,9.6,2.857143,3.6923077,-0.012114002,0.009876436,-0.0005317121
4095,9.6,3.4285715,3.6923077,-0.025854817,0.009891058,-0.00046867025
4096,9.6,4.0,3.6923077,-0.03126886,0.008969152,-0.00041051957
4097,9.6,0.0,3.0769231,0.028550878,0.008813305,-0.0008730524
4098,9.6,0.5714286,3.0769231,0.023983078,0.0132392235,-0.00082215335
4099,9.6,1.1428572,3.0769231,0.010762516,0.00910474,-0.00078269513
4100,9.6,1.7142857,3.0769231,0.00592336,0.011499132,-0.00075316493
4101,9.6,2.2857144,3.0769231,-0.0072669205,0.009549066,-0.0007052484
4102,9.6,2.857143,3.0769231,-0.012116248,0.009866139,-0.00065131014
4103,9.6,3.4285715,3.0769231,-0.02586567,0.009887556,-0.0006752607
4104,9.6,4.0,3.0769231,-0.03128104,0.008964883,-0.00072548236
4105,9.6,0.0,2.4615386,0.028579574,0.008826304,-0.0010699709
4106,9.6,0.5714286,2.4615386,0.02399332,0.013270075,-0.0010795663
4107,9.6,1.1428572,2.4615386,0.010754507,0.009088747,-0.0010351135
4108,9.6,1.7142857,2.4615386,0.0059528337,0.011497077,-0.00094601593
4109,9.6,2.2857144,2.4615386,-0.0072702775,0.009545452,-0.00087341305
4110,9.6,2.857143,2.4615386,-0.012095708,0.00985229,-0.0008120125
4111,9.6,3.4285715,2.4615386,-0.02587308,0.009889313,-0.0006995774
4112,9.6,4.0,2.4615386,-0.031288978,0.008951999,-0.0006050791
4113,9.6,0.0,1.8461539,0.028597455,0.008860809,-0.001447812
4114,9.6,0.5714286,1.8461539,0.024064451,0.013215644,-0.0013456445
4115,9.6,1.1428572,1.8461539,0.01078984,0.009158138,-0.0012522275
4116,9.6,1.7142857,1.8461539,0.005974091,0.011475425,-0.0011632285
4117,9.6,2.2857144,1.8461539,-0.007240088,0.009576662,-0.0010487889
4118,9.6,2.857143,1.8461539,-0.012061532,0.009838324,-0.0009148868
4119,9.6,3.4285715,1.8461539,-0.025855197,0.009914936,-0.00087894755
4120,9.6,4.0,1.8461539,-0.031269137,0.008961832,-0.00090663263
4121,9.6,0.0,1.2307693,0.028595658,0.008951287,-0.0016381585
4122,9.6,0.5714286,1.2307693,0.024036778,0.013362944,-0.0015941474
4123,9.6,1.1428572,1.2307693,0.010798316,0.009175218,-0.0015084022
4124,9.6,1.7142857,1.2307693,0.006037346,0.011542189,-0.0013650496
4125,9.6,2.2857144,1.2307693,-0.007195981,0.009618492,-0.0012070009
4126,9.6,2.857143,1.2307693,-0.011989332,0.009879756,-0.0010679789
4127,9.6,3.4285715,1.2307693,-0.025795786,0.009972263,-0.00087393034
4128,9.6,4.0,1.2307693,-0.031228956,0.008998875,-0.0006593559
4129,9.6,0.0,0.61538464,0.028767584,0.008985309,-0.0017070094
4130,9.6,0.5714286,0.61538464,0.024094645,0.013354486,-0.0017080709
4131,9.6,1.1428572,0.61538464,0.010959319,0.009392179,-0.001692039
4132,9.6,1.7142857,0.61538464,0.0060059023,0.0116238,-0.0015421584
4133,9.6,2.2857144,0.61538464,-0.0070071765,0.009741128,-0.001376066
4134,9.6,2.857143,0.61538464,-0.011976187,0.010003805,-0.0011469594
4135,9.6,3.4285715,0.61538464,-0.025598794,0.010057111,-0.0009848791
4136,9.6,4.0,0.61538464,-0.031183016,0.009178565,-0.0009656517
4137,9.6,0.0,0.0,0.02929929,0.009347243,-0.0019429188
4138,9.6,0.5714286,0.0,0.02441343,0.013219901,-0.0018613708
4139,9.6,1.1428572,0.0,0.011467161,0.009594805,-0.0016711991
4140,9.6,1.7142857,0.0,0.006284708,0.011736488,-0.001750861
4141,9.6,2.2857144,0.0,-0.0066552456,0.009978359,-0.0014652251
4142,9.6,2.857143,0.0,-0.011815396,0.010206009,-0.0012609332
4143,9.6,3.4285715,0.0,-0.025346193,0.010292609,-0.0010044676
4144,9.6,4.0,0.0,-0.031104736,0.009409295,-0.00045631803
4145,10.2,0.0,8.0,0.033379063,0.02249723,0.00019134567
4146,10.2,0.5714286,8.0,0.020440947,0.018767321,0.0003594857
4147,10.2,1.1428572,8.0,0.015554813,0.021808023,0.00043087962
4148,10.2,1.7142857,8.0,0.0023565567,0.019315237,0.00019252017
4149,10.2,2.2857144,8.0,-0.002520047,0.020594848,0.00022624285
4150,10.2,2.857143,8.0,-0.01588461,0.01988332,8.51779e-06
4151,10.2,3.4285715,8.0,-0.021246975,0.019706266,-0.0001325012
4152,10.2,4.0,8.0,-0.03488291,0.020199131,-7.362235e-05
4153,10.2,0.0,7.3846154,0.033088427,0.022787306,0.0004583015
4154,10.2,0.5714286,7.3846154,0.01997876,0.01855794,0.00034925857
4155,10.2,1.1428572,7.3846154,0.015310843,0.021827513,0.0002783407
4156,10.2,1.7142857,7.3846154,0.0019550575,0.019156026,0.000247813
4157,10.2,2.2857144,7.3846154,-0.0027218906,0.02049345,0.00010548443
4158,10.2,2.857143,7.3846154,-0.016202943,0.019712655,1.09215325e-05
4159,10.2,3.4285715,7.3846154,-0.0213536,0.01954685,-0.00017550519
4160,10.2,4.0,7.3846154,-0.03513615,0.020010764,-0.0004657001
4161,10.2,0.0,6.769231,0.033001862,0.022732703,0.00030327679
4162,10.2,0.5714286,6.769231,0.019738743,0.018409187,0.0002721128
4163,10.2,1.1428572,6.769231,0.015222708,0.021826899,0.00022353133
4164,10.2,1.7142857,6.769231,0.0017118657,0.019010805,0.00014356399
4165,10.2,2.2857144,6.769231,-0.002773441,0.020405382,5.5615154e-05
4166,10.2,2.857143,6.769231,-0.016439615,0.019608246,-7.932164e-05
4167,10.2,3.4285715,6.769231,-0.021405606,0.01940847,-0.00013676527
4168,10.2,4.0,6.769231,-0.035383344,0.019935995,-0.00012504766
4169,10.2,0.0,6.1538463,0.032941103,0.022712622,0.00016578735
4170,10.2,0.5714286,6.1538463,0.01965987,0.018405812,0.00014839544
4171,10.2,1.1428572,6.1538463,0.015162897,0.021721095,9.980152e-05
4172,10.2,1.7142857,6.1538463,0.0016463833,0.018966472,2.5092148e-05
4173,10.2,2.2857144,6.1538463,-0.00286638,0.020336237,-5.924719e-05
4174,10.2,2.857143,6.1538463,-0.016525012,0.019545138,-0.00012227536
4175,10.2,3.4285715,6.1538463,-0.02150117,0.0193493,-0.0002577956
4176,10.2,4.0,6.1538463,-0.03546155,0.01984802,-0.000393757
4177,10.2,0.0,5.5384617,0.032880325,0.022695294,3.6334422e-05
4178,10.2,0.5714286,5.5384617,0.019628022,0.018310769,-1.4328487e-05
4179,10.2,1.1428572,5.5384617,0.015098557,0.021733226,-6.7419554e-05
4180,10.2,1.7142857,5.5384617,0.0015919688,0.018902019,-0.000101746125
4181,10.2,2.2857144,5.5384617,-0.002925378,0.020327063,-0.0001637339
4182,10.2,2.857143,5.5384617,-0.016579686,0.019493958,-0.00023417384
4183,10.2,3.4285715,5.5384617,-0.021557981,0.019331165,-0.00023026246
4184,10.2,4.0,5.5384617,-0.035497937,0.019801412,-0.0001999527
4185,10.2,0.0,4.923077,0.032824837,0.02269487,-0.00021220505
4186,10.2,0.5714286,4.923077,0.019584082,0.018321395,-0.00019294207
4187,10.2,1.1428572,4.923077,0.0150524685,0.021707058,-0.00020811804
4188,10.2,1.7142857,4.923077,0.0015691316,0.018889712,-0.0002526764
4189,10.2,2.2857144,4.923077,-0.0029736264,0.020318225,-0.000282635
4190,10.2,2.857143,4.923077,-0.0166033,0.019475112,-0.0003040836
4191,10.2,3.4285715,4.923077,-0.02159692,0.019323265,-0.00038697603
4192,10.2,4.0,4.923077,-0.035504792,0.019771786,-0.00045799973
4193,10.2,0.0,4.3076925,0.03279372,0.022687381,-0.00033765755
4194,10.2,0.5714286,4.3076925,0.019565944,0.018305434,-0.0003717416
4195,10.2,1.1428572,4.3076925,0.01502392,0.021710731,-0.0003902728
4196,10.2,1.7142857,4.3076925,0.0015461291,0.01888202,-0.0003850509
4197,10.2,2.2857144,4.3076925,-0.002998207,0.020316618,-0.0004024748
4198,10.2,2.857143,4.3076925,-0.016622266,0.019468877,-0.00042225988
4199,10.2,3.4285715,4.3076925,-0.021616977,0.019321129,-0.00037845463
4200,10.2,4.0,4.3076925,-0.03551284,0.01976443,-0.00033188553
4201,10.2,0.0,3.6923077,0.032781374,0.0226872,-0.0005898486
4202,10.2,0.5714286,3.6923077,0.019553803,0.018305762,-0.0005544663
4203,10.2,1.1428572,3.6923077,0.015011491,0.021710701,-0.00053605
4204,10.2,1.7142857,3.6923077,0.0015340075,0.01888229,-0.0005400177
4205,10.2,2.2857144,3.6923077,-0.0030106367,0.02031666,-0.00052273454
4206,10.2,2.857143,3.6923077,-0.016634416,0.019469066,-0.00050172134
4207,10.2,3.4285715,3.6923077,-0.021629412,0.019321231,-0.00054562907
4208,10.2,4.0,3.6923077,-0.035525005,0.019764546,-0.0005909209
4209,10.2,0.0,3.0769231,0.032787614,0.022694625,-0.0007151532
4210,10.2,0.5714286,3.0769231,0.019547712,0.018322509,-0.0007333987
4211,10.2,1.1428572,3.0769231,0.015015281,0.021706961,-0.00071807223
4212,10.2,1.7142857,3.0769231,0.001532696,0.018890493,-0.0006725356
4213,10.2,2.2857144,3.0769231,-0.0030108728,0.02031838,-0.00064244063
4214,10.2,2.857143,3.0769231,-0.016639777,0.019475663,-0.0006200373
4215,10.2,3.4285715,3.0769231,-0.02163423,0.019323593,-0.0005369797
4216,10.2,4.0,3.0769231,-0.035541333,0.019772185,-0.0004649569
4217,10.2,0.0,2.4615386,0.03281845,0.022694848,-0.00096360233
4218,10.2,0.5714286,2.4615386,0.019567309,0.01831237,-0.0009121592
4219,10.2,1.1428572,2.4615386,0.01503657,0.021733193,-0.0008586584
4220,10.2,1.7142857,2.4615386,0.001531227,0.018903233,-0.00082358904
4221,10.2,2.2857144,2.4615386,-0.0029874214,0.020327361,-0.00076123705
4222,10.2,2.857143,2.4615386,-0.016640522,0.01949484,-0.00069006695
4223,10.2,3.4285715,2.4615386,-0.021620095,0.019331703,-0.00069358
4224,10.2,4.0,2.4615386,-0.035558864,0.019802036,-0.00072311144
4225,10.2,0.0,1.8461539,0.0328543,0.022712033,-0.0010930307
4226,10.2,0.5714286,1.8461539,0.019574976,0.018408263,-0.0010748461
4227,10.2,1.1428572,1.8461539,0.015076104,0.0217209,-0.0010259189
4228,10.2,1.7142857,1.8461539,0.0015613715,0.018968241,-0.00095043343
4229,10.2,2.2857144,1.8461539,-0.002953291,0.020336583,-0.000865742
4230,10.2,2.857143,1.8461539,-0.016610118,0.019546393,-0.00080197066
4231,10.2,3.4285715,1.8461539,-0.021588206,0.019350035,-0.0006660718
4232,10.2,4.0,1.8461539,-0.035546783,0.01984892,-0.00052934367
4233,10.2,0.0,1.2307693,0.032890324,0.02273146,-0.0012305776
4234,10.2,0.5714286,1.2307693,0.019629573,0.018412467,-0.0011986357
4235,10.2,1.1428572,1.2307693,0.015111008,0.021826494,-0.001149632
4236,10.2,1.7142857,1.2307693,0.0016026291,0.019013159,-0.0010689482
4237,10.2,2.2857144,1.2307693,-0.002885231,0.020405734,-0.0009806014
4238,10.2,2.857143,1.2307693,-0.01654899,0.019609882,-0.0008449537
4239,10.2,3.4285715,1.2307693,-0.021517504,0.019409366,-0.0007870841
4240,10.2,4.0,1.2307693,-0.03549287,0.01993709,-0.0007980467
4241,10.2,0.0,0.61538464,0.03295189,0.022785632,-0.0013854154
4242,10.2,0.5714286,0.61538464,0.019845443,0.018562239,-0.0012757566
4243,10.2,1.1428572,0.61538464,0.015174266,0.021826737,-0.0012044988
4244,10.2,1.7142857,0.61538464,0.0018215904,0.019159075,-0.0011731961
4245,10.2,2.2857144,0.61538464,-0.0028585924,0.0204937,-0.0010305077
4246,10.2,2.857143,0.61538464,-0.016336514,0.01971474,-0.0009351991
4247,10.2,3.4285715,0.61538464,-0.021490445,0.019547861,-0.0007483774
4248,10.2,4.0,0.61538464,-0.035269883,0.020012135,-0.00045744542
4249,10.2,0.0,0.0,0.033217806,0.022495067,-0.0011190263
4250,10.2,0.5714286,0.0,0.020283306,0.018772338,-0.0012859697
4251,10.2,1.1428572,0.0,0.015393355,0.021807011,-0.00135704
4252,10.2,1.7142857,0.0,0.0021988705,0.019318853,-0.0011179213
4253,10.2,2.2857144,0.0,-0.0026815943,0.020595074,-0.0011513092
4254,10.2,2.857143,0.0,-0.016042428,0.019885786,-0.00093278737
4255,10.2,3.4285715,0.0,-0.02140862,0.019707387,-0.0007914031
4256,10.2,4.0,0.0,-0.035040893,0.020200802,-0.0008494203
4257,10.8,0.0,8.0,0.02910938,0.028158566,0.00021724783
4258,10.8,0.5714286,8.0,0.024512121,0.031583868,2.6791977e-05
4259,10.8,1.1428572,8.0,0.011199348,0.028561616,-8.383612e-05
4260,10.8,1.7142857,8.0,0.0065663974,0.030717574,1.5446452e-05
4261,10.8,2.2857144,8.0,-0.006930189,0.029199861,-0.00020323557
4262,10.8,2.857143,8.0,-0.011734192,0.029819455,-0.00019124788
4263,10.8,3.4285715,8.0,-0.025616594,0.029748656,-0.0003477059
4264,10.8,4.0,8.0,-0.030581707,0.029148122,-0.00067247136
4265,10.8,0.0,7.3846154,0.028771365,0.027890397,-5.011358e-05
4266,10.8,0.5714286,7.3846154,0.024331724,0.031688772,1.8259861e-05
4267,10.8,1.1428572,7.3846154,0.01081119,0.02840108,-3.4956663e-06
4268,10.8,1.7142857,7.3846154,0.00639361,0.030692581,-0.00010900609
4269,10.8,2.2857144,7.3846154,-0.007265941,0.02907645,-0.0001299582
4270,10.8,2.857143,7.3846154,-0.01186442,0.029723862,-0.0002570597
4271,10.8,3.4285715,7.3846154,-0.025876498,0.029619968,-0.00030330132
4272,10.8,4.0,7.3846154,-0.030673107,0.029046075,-0.00026100074
4273,10.8,0.0,6.769231,0.028447336,0.02783694,5.786319e-05
4274,10.8,0.5714286,6.769231,0.024214074,0.031701546,-1.6682623e-05
4275,10.8,1.1428572,6.769231,0.010546931,0.028260821,-6.290914e-05
4276,10.8,1.7142857,6.769231,0.0063066394,0.030662235,-0.00010518934
4277,10.8,2.2857144,6.769231,-0.0075248247,0.028964045,-0.00019015108
4278,10.8,2.857143,6.769231,-0.011923782,0.02963143,-0.0002393257
4279,10.8,3.4285715,6.769231,-0.026118966,0.029540448,-0.0003722618
4280,10.8,4.0,6.769231,-0.030725393,0.02889897,-0.00055716943
4281,10.8,0.0,6.1538463,0.028385667,0.02777833,-4.6859077e-05
4282,10.8,0.5714286,6.1538463,0.02413892,0.031613298,-8.499589e-05
4283,10.8,1.1428572,6.1538463,0.010452612,0.028240062,-0.00012539705
4284,10.8,1.7142857,6.1538463,0.0062221503,0.03057945,-0.00017181468
4285,10.8,2.2857144,6.1538463,-0.007614028,0.028905816,-0.00022138996
4286,10.8,2.857143,6.1538463,-0.0120204175,0.029557977,-0.0003039005
4287,10.8,3.4285715,6.1538463,-0.026211234,0.029462298,-0.00030848503
4288,10.8,4.0,6.1538463,-0.030827891,0.028837804,-0.0002936928
4289,10.8,0.0,5.5384617,0.028323429,0.02774194,-0.00017927877
4290,10.8,0.5714286,5.5384617,0.024071213,0.0316305,-0.00018445436
4291,10.8,1.1428572,5.5384617,0.010411337,0.028158681,-0.00020321399
4292,10.8,1.7142857,5.5384617,0.0061578657,0.030566601,-0.00025338493
4293,10.8,2.2857144,5.5384617,-0.0076676877,0.02883871,-0.00029092032
4294,10.8,2.857143,5.5384617,-0.012085445,0.029529756,-0.0003223908
4295,10.8,3.4285715,5.5384617,-0.026262134,0.029396228,-0.00041936108
4296,10.8,4.0,5.5384617,-0.030872153,0.02879276,-0.0005206459
4297,10.8,0.0,4.923077,0.028296996,0.027716992,-0.000254765
4298,10.8,0.5714286,4.923077,0.024026293,0.031594858,-0.00029259452
4299,10.8,1.1428572,4.923077,0.010375688,0.02814581,-0.00032058472
4300,10.8,1.7142857,4.923077,0.006113312,0.030542023,-0.0003298434
4301,10.8,2.2857144,4.923077,-0.0076961974,0.02880867,-0.00035937384
4302,10.8,2.857143,4.923077,-0.012129239,0.029508281,-0.00039716985
4303,10.8,3.4285715,4.923077,-0.02628322,0.029360991,-0.0003680154
4304,10.8,4.0,4.923077,-0.030906767,0.02877209,-0.00033895977
4305,10.8,0.0,4.3076925,0.028267995,0.027716313,-0.00043883722
4306,10.8,0.5714286,4.3076925,0.023993714,0.03159782,-0.0004152634
4307,10.8,1.1428572,4.3076925,0.01035633,0.028130382,-0.0004099107
4308,10.8,1.7142857,4.3076925,0.0060850414,0.030534612,-0.0004334096
4309,10.8,2.2857144,4.3076925,-0.0077159735,0.028795747,-0.00043481227
4310,10.8,2.857143,4.3076925,-0.012154476,0.029498253,-0.0004348789
4311,10.8,3.4285715,4.3076925,-0.026298327,0.029345252,-0.0004954128
4312,10.8,4.0,4.3076925,-0.030920304,0.028758371,-0.0005507442
4313,10.8,0.0,3.6923077,0.028255895,0.027716765,-0.00051196554
4314,10.8,0.5714286,3.6923077,0.023981309,0.03159777,-0.0005355809
4315,10.8,1.1428572,3.6923077,0.010344238,0.0281307,-0.0005396976
4316,10.8,1.7142857,3.6923077,0.006072596,0.030534616,-0.0005162879
4317,10.8,2.2857144,3.6923077,-0.0077280896,0.028795984,-0.0005136769
4318,10.8,2.857143,3.6923077,-0.012166932,0.029498337,-0.00051369244
4319,10.8,3.4285715,3.6923077,-0.026310472,0.029345423,-0.00045193115
4320,10.8,4.0,3.6923077,-0.03093279,0.02875852,-0.00039662773
4321,10.8,0.0,3.0769231,0.028260661,0.027718054,-0.00069617055
4322,10.8,0.5714286,3.0769231,0.02398904,0.03159465,-0.000658139
4323,10.8,1.1428572,3.0769231,0.010339326,0.028146727,-0.00062914786
4324,10.8,1.7142857,3.0769231,0.0060760416,0.030542085,-0.0006197325
4325,10.8,2.2857144,3.0769231,-0.0077325935,0.02880934,-0.0005892409
4326,10.8,2.857143,3.0769231,-0.012166564,0.029508539,-0.000551282
4327,10.8,3.4285715,3.0769231,-0.02631966,0.029361475,-0.0005794483
4328,10.8,4.0,3.0769231,-0.030944139,0.028772486,-0.0006082898
4329,10.8,0.0,2.4615386,0.02826282,0.027743733,-0.00077172555
4330,10.8,0.5714286,2.4615386,0.024009217,0.03163034,-0.00076615886
4331,10.8,1.1428572,2.4615386,0.01035072,0.028160105,-0.0007466306
4332,10.8,1.7142857,2.4615386,0.0060957735,0.030566756,-0.00069609727
4333,10.8,2.2857144,2.4615386,-0.0077283867,0.02883978,-0.0006577983
4334,10.8,2.857143,2.4615386,-0.012147611,0.029530207,-0.0006259655
4335,10.8,3.4285715,2.4615386,-0.026322933,0.029397026,-0.0005282158
4336,10.8,4.0,2.4615386,-0.030934416,0.028793449,-0.00042652898
4337,10.8,0.0,1.8461539,0.028300874,0.027780792,-0.0009042014
4338,10.8,0.5714286,1.8461539,0.024052016,0.03161288,-0.0008656555
4339,10.8,1.1428572,1.8461539,0.010367775,0.028242141,-0.00082443823
4340,10.8,1.7142857,1.8461539,0.0061351764,0.03057958,-0.0007776816
4341,10.8,2.2857144,1.8461539,-0.0076989518,0.02890735,-0.00072733354
4342,10.8,2.857143,1.8461539,-0.012107503,0.029558558,-0.0006444634
4343,10.8,3.4285715,1.8461539,-0.026296262,0.029463412,-0.00063908787
4344,10.8,4.0,1.8461539,-0.030915089,0.028838713,-0.0006534718
4345,10.8,0.0,1.2307693,0.028338367,0.027840486,-0.0010088003
4346,10.8,0.5714286,1.2307693,0.0241023,0.03170083,-0.0009339299
4347,10.8,1.1428572,1.2307693,0.010437944,0.028263625,-0.00088697596
4348,10.8,1.7142857,1.2307693,0.0061947186,0.030662267,-0.0008442901
4349,10.8,2.2857144,1.2307693,-0.0076339324,0.02896607,-0.00075860537
4350,10.8,2.857143,1.2307693,-0.012035809,0.029632114,-0.0007090259
4351,10.8,3.4285715,1.2307693,-0.02622822,0.029541878,-0.0005753499
4352,10.8,4.0,1.2307693,-0.030837571,0.028900165,-0.00039002902
4353,10.8,0.0,0.61538464,0.028638285,0.027894868,-0.0009011129
4354,10.8,0.5714286,0.61538464,0.02419493,0.031687535,-0.00096890755
4355,10.8,1.1428572,0.61538464,0.010678062,0.02840471,-0.0009463475
4356,10.8,1.7142857,0.61538464,0.0062567135,0.030692395,-0.00084053027
4357,10.8,2.2857144,0.61538464,-0.00739917,0.029079048,-0.000818773
4358,10.8,2.857143,0.61538464,-0.012001443,0.029724553,-0.0006913296
4359,10.8,3.4285715,0.61538464,-0.02600985,0.02962176,-0.00064428337
4360,10.8,4.0,0.61538464,-0.03081028,0.029047446,-0.00068617606
4361,10.8,0.0,0.0,0.028952014,0.02816388,-0.0011678524
4362,10.8,0.5714286,0.0,0.024350544,0.031582456,-0.0009775254
4363,10.8,1.1428572,0.0,0.011041975,0.028565878,-0.00086606876
4364,10.8,1.7142857,0.0,0.006404651,0.030717291,-0.0009649552
4365,10.8,2.2857144,0.0,-0.007087669,0.029202918,-0.00074553327
4366,10.8,2.857143,0.0,-0.011896043,0.029820215,-0.0007571457
4367,10.8,3.4285715,0.0,-0.025774226,0.029750794,-0.0005998949
4368,10.8,4.0,0.0,-0.030743716,0.02914966,-0.0002748034
4369,11.4,0.0,8.0,0.033616897,0.04132121,-0.0003465863
4370,11.4,0.5714286,8.0,0.019864533,0.037831984,-0.00022056336
4371,11.4,1.1428572,8.0,0.015665155,0.040658124,-0.00021597708
4372,11.4,1.7142857,8.0,0.0018930665,0.038444754,-0.00042082276
4373,11.4,2.2857144,8.0,-0.0024188228,0.039854545,-0.00032581473
4374,11.4,2.857143,8.0,-0.016467562,0.039116867,-0.0004900414
4375,11.4,3.4285715,8.0,-0.021064831,0.039151732,-0.0004923008
4376,11.4,4.0,8.0,-0.03527077,0.039587565,-0.00037129756
4377,11.4,0.0,7.3846154,0.03340895,0.041476395,-7.93222e-05
4378,11.4,0.5714286,7.3846154,0.019511305,0.0376337,-0.0002321295
4379,11.4,1.1428572,7.3846154,0.015530565,0.040687658,-0.00029277086
4380,11.4,1.7142857,7.3846154,0.0015310273,0.038318645,-0.00029160967
4381,11.4,2.2857144,7.3846154,-0.0025436305,0.039812118,-0.00040058664
4382,11.4,2.857143,7.3846154,-0.016772635,0.03903131,-0.0004106015
4383,11.4,3.4285715,7.3846154,-0.021147769,0.039083563,-0.0005217446
4384,11.4,4.0,7.3846154,-0.035497103,0.039479487,-0.00073241285
4385,11.4,0.0,6.769231,0.03334851,0.04145546,-0.00023653213
4386,11.4,0.5714286,6.769231,0.019218426,0.037511155,-0.00022939492
4387,11.4,1.1428572,6.769231,0.015419104,0.040690042,-0.00026539442
4388,11.4,1.7142857,6.769231,0.0012657646,0.03819898,-0.00032527192
4389,11.4,2.2857144,6.769231,-0.0026209876,0.039758578,-0.00035407481
4390,11.4,2.857143,6.769231,-0.017028296,0.038939863,-0.0004354453
4391,11.4,3.4285715,6.769231,-0.021185799,0.038979195,-0.00044144675
4392,11.4,4.0,6.769231,-0.0357841,0.03943682,-0.00041048584
4393,11.4,0.0,6.1538463,0.033205096,0.04142574,-0.00022564318
4394,11.4,0.5714286,6.1538463,0.019113911,0.03749658,-0.0002599583
4395,11.4,1.1428572,6.1538463,0.01533859,0.040604178,-0.0002915045
4396,11.4,1.7142857,6.1538463,0.0011561539,0.03815642,-0.0003282519
4397,11.4,2.2857144,6.1538463,-0.0027117068,0.039679714,-0.00037820454
4398,11.4,2.857143,6.1538463,-0.01712742,0.038866915,-0.00040245138
4399,11.4,3.4285715,6.1538463,-0.021292288,0.038901098,-0.00050957943
4400,11.4,4.0,6.1538463,-0.035853006,0.03934051,-0.0006433357
4401,11.4,0.0,5.5384617,0.033180002,0.04141256,-0.00027332685
4402,11.4,0.5714286,5.5384617,0.01906861,0.037418604,-0.00030253458
4403,11.4,1.1428572,5.5384617,0.015264704,0.040603288,-0.0003386713
4404,11.4,1.7142857,5.5384617,0.0011157261,0.038081724,-0.00035536493
4405,11.4,2.2857144,5.5384617,-0.0027820761,0.03964948,-0.0003906476
4406,11.4,2.857143,5.5384617,-0.01718054,0.03879315,-0.00043706803
4407,11.4,3.4285715,5.5384617,-0.021348469,0.03885852,-0.00042156165
4408,11.4,4.0,5.5384617,-0.03591676,0.039271392,-0.00040547337
4409,11.4,0.0,4.923077,0.033106696,0.041408937,-0.0003821043
4410,11.4,0.5714286,4.923077,0.019031776,0.03741301,-0.00037194227
4411,11.4,1.1428572,4.923077,0.0152264675,0.04057094,-0.0003776156
4412,11.4,1.7142857,4.923077,0.0010773867,0.038051933,-0.0004084895
4413,11.4,2.2857144,4.923077,-0.002823798,0.03962176,-0.00042459014
4414,11.4,2.857143,4.923077,-0.017210525,0.038751304,-0.00043430924
4415,11.4,3.4285715,4.923077,-0.021390706,0.03882563,-0.000511546
4416,11.4,4.0,4.923077,-0.035919033,0.039219625,-0.000588308
4417,11.4,0.0,4.3076925,0.03308604,0.04139845,-0.0004180823
4418,11.4,0.5714286,4.3076925,0.019010061,0.03739528,-0.00044460135
4419,11.4,1.1428572,4.3076925,0.015192005,0.040565178,-0.00046158925
4420,11.4,1.7142857,4.3076925,0.0010605215,0.038035944,-0.00045208103
4421,11.4,2.2857144,4.3076925,-0.0028535372,0.039607543,-0.0004655439
4422,11.4,2.857143,4.3076925,-0.017227698,0.038732577,-0.00048081132
4423,11.4,3.4285715,4.3076925,-0.021411898,0.03880936,-0.00043607366
4424,11.4,4.0,4.3076925,-0.035935406,0.039198074,-0.00039783723
4425,11.4,0.0,3.6923077,0.033073552,0.041398298,-0.00055731024
4426,11.4,0.5714286,3.6923077,0.018997965,0.03739562,-0.0005295427
4427,11.4,1.1428572,3.6923077,0.015179548,0.040565148,-0.00051261013
4428,11.4,1.7142857,3.6923077,0.0010484358,0.038036227,-0.0005209123
4429,11.4,2.2857144,3.6923077,-0.0028660067,0.039607596,-0.0005075311
4430,11.4,2.857143,3.6923077,-0.0172398,0.038732782,-0.0004910621
4431,11.4,3.4285715,3.6923077,-0.02142438,0.03880947,-0.000535841
4432,11.4,4.0,3.6923077,-0.03594751,0.039198212,-0.00057282223
4433,11.4,0.0,3.0769231,0.033069454,0.04140875,-0.00059315946
4434,11.4,0.5714286,3.0769231,0.018995523,0.037414055,-0.0006023062
4435,11.4,1.1428572,3.0769231,0.015189155,0.040570904,-0.00059647294
4436,11.4,1.7142857,3.0769231,0.001041081,0.03805273,-0.0005646218
4437,11.4,2.2857144,3.0769231,-0.002861162,0.03962194,-0.00054837106
4438,11.4,2.857143,3.0769231,-0.01724688,0.0387519,-0.0005376785
4439,11.4,3.4285715,3.0769231,-0.021428132,0.038825996,-0.00046026162
4440,11.4,4.0,3.0769231,-0.035955455,0.039220072,-0.0003824751
4441,11.4,0.0,2.4615386,0.03311786,0.04141222,-0.0007018753
4442,11.4,0.5714286,2.4615386,0.019008085,0.037420176,-0.0006718274
4443,11.4,1.1428572,2.4615386,0.0152025595,0.0406033,-0.0006353234
4444,11.4,1.7142857,2.4615386,0.0010551661,0.03808299,-0.0006178401
4445,11.4,2.2857144,2.4615386,-0.0028442962,0.039649814,-0.0005822258
4446,11.4,2.857143,2.4615386,-0.01724118,0.038794108,-0.00053501216
4447,11.4,3.4285715,2.4615386,-0.021410773,0.03885912,-0.00055014936
4448,11.4,4.0,2.4615386,-0.035977468,0.0392721,-0.0005653948
4449,11.4,0.0,1.8461539,0.03311814,0.04142527,-0.00074947014
4450,11.4,0.5714286,1.8461539,0.01902928,0.037498925,-0.0007143827
4451,11.4,1.1428572,1.8461539,0.015251523,0.040604092,-0.0006825077
4452,11.4,1.7142857,1.8461539,0.0010714321,0.038158238,-0.000644956
4453,11.4,2.2857144,1.8461539,-0.0027988814,0.039680123,-0.0005946712
4454,11.4,2.857143,1.8461539,-0.017212244,0.03886828,-0.00056963303
4455,11.4,3.4285715,1.8461539,-0.021379588,0.03890191,-0.00046214214
4456,11.4,4.0,1.8461539,-0.035937957,0.039341524,-0.00032757153
4457,11.4,0.0,1.2307693,0.033236478,0.041454446,-0.00073873193
4458,11.4,0.5714286,1.2307693,0.019109666,0.03751429,-0.000744985
4459,11.4,1.1428572,1.2307693,0.015307042,0.040689744,-0.00070858584
4460,11.4,1.7142857,1.2307693,0.0011569357,0.038201414,-0.0006479702
4461,11.4,2.2857144,1.2307693,-0.0027331675,0.039759,-0.00061878224
4462,11.4,2.857143,1.2307693,-0.01713724,0.03894163,-0.000536662
4463,11.4,3.4285715,1.2307693,-0.021298109,0.038980193,-0.0005302504
4464,11.4,4.0,1.2307693,-0.03589316,0.03943805,-0.0005604134
4465,11.4,0.0,0.61538464,0.03327197,0.041474942,-0.00089561124
4466,11.4,0.5714286,0.61538464,0.019378547,0.03763783,-0.00074224704
4467,11.4,1.1428572,0.61538464,0.01539344,0.040687025,-0.00068127806
4468,11.4,1.7142857,0.61538464,0.0013981655,0.038321774,-0.0006815875
4469,11.4,2.2857144,0.61538464,-0.0026808858,0.039812446,-0.00057232205
4470,11.4,2.857143,0.61538464,-0.016905608,0.039033554,-0.0005614773
4471,11.4,3.4285715,0.61538464,-0.02128518,0.039084677,-0.00044999734
4472,11.4,4.0,0.61538464,-0.03563023,0.039481025,-0.00023853127
4473,11.4,0.0,0.0,0.03345497,0.04131942,-0.00062901824
4474,11.4,0.5714286,0.0,0.019707486,0.03783672,-0.00075372995
4475,11.4,1.1428572,0.0,0.01550318,0.040657353,-0.0007580304
4476,11.4,1.7142857,0.0,0.0017359565,0.03844842,-0.0005524501
4477,11.4,2.2857144,0.0,-0.0025809202,0.039854873,-0.000647057
4478,11.4,2.857143,0.0,-0.016624784,0.0391195,-0.00048206822
4479,11.4,3.4285715,0.0,-0.021227065,0.03915296,-0.0004794278
4480,11.4,4.0,0.0,-0.03542812,0.039589398,-0.00059958216
4481,12.0,0.0,8.0,0.028436571,0.04707635,-0.00024912614
4482,12.0,0.5714286,8.0,0.024812315,0.05044953,-0.00047409337
4483,12.0,1.1428572,8.0,0.010562319,0.04757996,-0.0005920814
4484,12.0,1.7142857,8.0,0.0068478077,0.049780842,-0.0005103335
4485,12.0,2.2857144,8.0,-0.007562852,0.048404697,-0.0007112894
4486,12.0,2.857143,8.0,-0.011496885,0.049214948,-0.0006244347
4487,12.0,3.4285715,8.0,-0.026221635,0.04913676,-0.00070652267
4488,12.0,4.0,8.0,-0.030227652,0.048584677,-0.0009031053
4489,12.0,0.0,7.3846154,0.028207494,0.046825368,-0.0004982813
4490,12.0,0.5714286,7.3846154,0.02468192,0.050513864,-0.00043711285
4491,12.0,1.1428572,7.3846154,0.010152162,0.04742032,-0.00046454984
4492,12.0,1.7142857,7.3846154,0.006772305,0.04976599,-0.0005653142
4493,12.0,2.2857144,7.3846154,-0.0079393815,0.04830533,-0.0005489616
4494,12.0,2.857143,7.3846154,-0.011584233,0.049162757,-0.0006340722
4495,12.0,3.4285715,7.3846154,-0.026470508,0.049055036,-0.00062311674
4496,12.0,4.0,7.3846154,-0.030362545,0.04856653,-0.000545131
4497,12.0,0.0,6.769231,0.027774464,0.046715107,-0.00031347063
4498,12.0,0.5714286,6.769231,0.02459589,0.050525542,-0.00040541033
4499,12.0,1.1428572,6.769231,0.009891449,0.047291104,-0.00044215325
4500,12.0,1.7142857,6.769231,0.006662268,0.049741775,-0.00046354486
4501,12.0,2.2857144,6.769231,-0.008194062,0.04819236,-0.0005257203
4502,12.0,2.857143,6.769231,-0.011632151,0.049070925,-0.0005416053
4503,12.0,3.4285715,6.769231,-0.026753753,0.04897808,-0.0006420644
4504,12.0,4.0,6.769231,-0.030329198,0.048427846,-0.00081335625
4505,12.0,0.0,6.1538463,0.027763212,0.046681277,-0.00035066466
4506,12.0,0.5714286,6.1538463,0.024488028,0.050441835,-0.000365631
4507,12.0,1.1428572,6.1538463,0.009759336,0.047266986,-0.0004013058
4508,12.0,1.7142857,6.1538463,0.0065890355,0.049657635,-0.00043614378
4509,12.0,2.2857144,6.1538463,-0.008313794,0.04813042,-0.0004664969
4510,12.0,2.857143,6.1538463,-0.011728886,0.04899252,-0.00052661827
4511,12.0,3.4285715,6.1538463,-0.026836863,0.048892427,-0.00051727303
4512,12.0,4.0,6.1538463,-0.030484945,0.048367057,-0.0004984434
4513,12.0,0.0,5.5384617,0.02764436,0.04664409,-0.00036775405
4514,12.0,0.5714286,5.5384617,0.024425592,0.050457496,-0.00038408695
4515,12.0,1.1428572,5.5384617,0.009729295,0.047185887,-0.00039529966
4516,12.0,1.7142857,5.5384617,0.0065055373,0.049639583,-0.00043511044
4517,12.0,2.2857144,5.5384617,-0.008354133,0.048056535,-0.00045896755
4518,12.0,2.857143,5.5384617,-0.011799812,0.04894927,-0.00048037653
4519,12.0,3.4285715,5.5384617,-0.026897952,0.04881239,-0.0005616611
4520,12.0,4.0,5.5384617,-0.030497624,0.048299577,-0.00067155104
4521,12.0,0.0,4.923077,0.027653491,0.046623833,-0.00039105077
4522,12.0,0.5714286,4.923077,0.024376404,0.050422143,-0.00041630154
4523,12.0,1.1428572,4.923077,0.009682252,0.047168426,-0.00044181576
4524,12.0,1.7142857,4.923077,0.0064710486,0.049608942,-0.00044384593
4525,12.0,2.2857144,4.923077,-0.008395864,0.048016194,-0.0004672722
4526,12.0,2.857143,4.923077,-0.011840184,0.04891612,-0.0004938935
4527,12.0,3.4285715,4.923077,-0.026918402,0.048759233,-0.0004622106
4528,12.0,4.0,4.923077,-0.030556384,0.04826087,-0.00043446376
4529,12.0,0.0,4.3076925,0.027607497,0.046619106,-0.0004884164
4530,12.0,0.5714286,4.3076925,0.024343586,0.050421596,-0.0004753452
4531,12.0,1.1428572,4.3076925,0.0096671395,0.047149505,-0.0004652531
4532,12.0,1.7142857,4.3076925,0.0064349365,0.049596373,-0.00048765363
4533,12.0,2.2857144,4.3076925,-0.008410357,0.047997575,-0.00048401763
4534,12.0,2.857143,4.3076925,-0.011869602,0.048896953,-0.00048475104
4535,12.0,3.4285715,4.3076925,-0.026934745,0.04873423,-0.00053888443
4536,12.0,4.0,4.3076925,-0.03056193,0.048234396,-0.0005999913
4537,12.0,0.0,3.6923077,0.027595527,0.04661955,-0.00051024393
4538,12.0,0.5714286,3.6923077,0.024331126,0.050421562,-0.0005233518
4539,12.0,1.1428572,3.6923077,0.009655091,0.047149837,-0.00053221907
4540,12.0,1.7142857,3.6923077,0.006422446,0.049596384,-0.0005099204
4541,12.0,2.2857144,3.6923077,-0.008422423,0.047997825,-0.00051235285
4542,12.0,2.857143,3.6923077,-0.011882109,0.048897047,-0.00051171443
4543,12.0,3.4285715,3.6923077,-0.02694684,0.04873442,-0.00045635944
4544,12.0,4.0,3.6923077,-0.030574474,0.04823456,-0.00039527248
4545,12.0,0.0,3.0769231,0.027617238,0.046624914,-0.0006077351
4546,12.0,0.5714286,3.0769231,0.024339002,0.050421994,-0.0005822951
4547,12.0,1.1428572,3.0769231,0.009646057,0.047169354,-0.0005557693
4548,12.0,1.7142857,3.0769231,0.0064336206,0.049609043,-0.00055361603
4549,12.0,2.2857144,3.0769231,-0.008432104,0.04801691,-0.00052921224
4550,12.0,2.857143,3.0769231,-0.011877655,0.04891642,-0.00050245994
4551,12.0,3.4285715,3.0769231,-0.026954697,0.04875977,-0.0005331402
4552,12.0,4.0,3.0769231,-0.030593885,0.048261326,-0.00056068477
4553,12.0,0.0,2.4615386,0.027584087,0.04664589,-0.00063107506
4554,12.0,0.5714286,2.4615386,0.024363365,0.050457403,-0.00061440794
4555,12.0,1.1428572,2.4615386,0.009668898,0.047187347,-0.00060238387
4556,12.0,1.7142857,2.4615386,0.006443233,0.049639788,-0.0005622693
4557,12.0,2.2857144,2.4615386,-0.008414608,0.04805768,-0.000537604
4558,12.0,2.857143,2.4615386,-0.011862192,0.04894979,-0.0005158897
4559,12.0,3.4285715,2.4615386,-0.02695853,0.048813276,-0.00043378264
4560,12.0,4.0,2.4615386,-0.030560108,0.04830035,-0.0003235301
4561,12.0,0.0,1.8461539,0.02767867,0.04668377,-0.0006482613
4562,12.0,0.5714286,1.8461539,0.024400793,0.05044153,-0.00063288613
4563,12.0,1.1428572,1.8461539,0.009674862,0.047269095,-0.00059637683
4564,12.0,1.7142857,1.8461539,0.0065017147,0.049657848,-0.0005612408
4565,12.0,2.2857144,1.8461539,-0.008398367,0.048132047,-0.0005300797
4566,12.0,2.857143,1.8461539,-0.011816295,0.04899319,-0.00046963932
4567,12.0,3.4285715,1.8461539,-0.026921563,0.048893664,-0.00047816473
4568,12.0,4.0,1.8461539,-0.030572439,0.048368078,-0.0004966088
4569,12.0,0.0,1.2307693,0.027666153,0.046718657,-0.0006852769
4570,12.0,0.5714286,1.2307693,0.024483606,0.050524972,-0.0005930907
4571,12.0,1.1428572,1.2307693,0.009782957,0.04729395,-0.00055557484
4572,12.0,1.7142857,1.2307693,0.006549877,0.049741894,-0.0005338183
4573,12.0,2.2857144,1.2307693,-0.008302674,0.048194505,-0.00047087902
4574,12.0,2.857143,1.2307693,-0.011744647,0.04907171,-0.0004546311
4575,12.0,3.4285715,1.2307693,-0.026862523,0.04897965,-0.0003533914
4576,12.0,4.0,1.2307693,-0.030441847,0.048429184,-0.00018172432
4577,12.0,0.0,0.61538464,0.028074987,0.046829846,-0.0005008262
4578,12.0,0.5714286,0.61538464,0.024544464,0.05051279,-0.0005613994
4579,12.0,1.1428572,0.61538464,0.010019761,0.047423992,-0.00053312915
4580,12.0,1.7142857,0.61538464,0.0066347187,0.049765904,-0.00043211036
4581,12.0,2.2857144,0.61538464,-0.008071906,0.04830806,-0.00044759377
4582,12.0,2.857143,0.61538464,-0.011721908,0.049163558,-0.00036219726
4583,12.0,3.4285715,0.61538464,-0.0266032,0.049056992,-0.0003722951
4584,12.0,4.0,0.61538464,-0.03050033,0.04856804,-0.0004499197
4585,12.0,0.0,0.0,0.028280135,0.047081646,-0.000749314
4586,12.0,0.5714286,0.0,0.024649989,0.05044834,-0.00052452995
4587,12.0,1.1428572,0.0,0.010405683,0.047584224,-0.0004056568
4588,12.0,1.7142857,0.0,0.0066853664,0.049780685,-0.00048703313
4589,12.0,2.2857144,0.0,-0.0077196006,0.04840789,-0.0002853213
4590,12.0,2.857143,0.0,-0.011659429,0.04921582,-0.00037180446
4591,12.0,3.4285715,0.0,-0.026378566,0.04913907,-0.0002889219
4592,12.0,4.0,0.0,-0.030390352,0.048586383,-9.200309e-05
