ElementLabel,IntegrationPoint,LE11,LE22,LE33,LE12,LE13,LE23
1,1,6.729781e-06,-2.151597e-06,-1.7484606e-05,-2.5745194e-05,-5.036049e-05,4.2526763e-06
2,1,-1.7952356e-05,9.443246e-05,-3.077443e-05,-0.00014523232,-1.6912611e-07,1.2374136e-05
3,1,-3.5199864e-06,0.00010066855,-5.0698593e-05,6.965283e-05,-2.106574e-05,6.621742e-06
4,1,-5.4797547e-06,0.00016370528,-6.5639346e-05,-0.00018704505,-9.521326e-06,2.1761514e-05
5,1,-3.793391e-05,0.0001882796,-6.3864274e-05,0.00015328969,6.724554e-06,3.2428732e-05
6,1,6.6743573e-06,9.925259e-05,-5.0240884e-05,0.00013455369,-1.5546562e-05,3.1168922e-05
7,1,-5.263502e-08,3.587879e-05,-2.0547559e-05,9.7493474e-05,-8.246394e-06,1.6559949e-05
8,1,2.0851634e-05,-1.0644042e-05,-2.5243897e-05,-1.404067e-05,9.464837e-06,1.5755631e-05
9,1,-1.5504505e-05,8.9472065e-05,-3.414925e-05,-0.00015300921,-2.687545e-06,2.1289079e-05
10,1,2.7780986e-06,8.774592e-05,-4.786771e-05,7.198271e-05,1.15723915e-05,2.6269363e-05
11,1,4.1918491e-07,0.00015359145,-5.5946883e-05,-0.00021546017,1.557231e-05,4.1107334e-05
12,1,-3.9998286e-05,0.0001817716,-5.577879e-05,0.0001280428,1.0291808e-05,5.3958567e-05
13,1,1.2971675e-05,9.448051e-05,-5.2365336e-05,9.6436954e-05,6.8627123e-06,5.3462794e-05
14,1,1.6352318e-07,4.586865e-05,-4.6733952e-05,7.7383294e-05,-2.0211031e-05,2.418294e-05
15,1,5.3513463e-06,-1.724535e-05,6.9244957e-06,-2.720009e-05,5.1408675e-05,4.8283655e-06
16,1,-1.4436972e-05,7.735364e-05,-9.669806e-06,-0.00015367386,6.275277e-05,2.0629648e-05
17,1,-1.1948382e-06,7.280314e-05,-1.5909707e-05,6.7186484e-05,5.9865477e-05,2.6901489e-05
18,1,-5.6550543e-06,0.00013741599,-2.4143774e-05,-0.00022688933,4.9312548e-05,3.1206637e-05
19,1,-3.8756094e-05,0.00016952689,-3.374412e-05,0.00012958996,3.7405447e-05,3.673667e-05
20,1,8.186987e-06,9.000129e-05,-4.2497166e-05,9.5601776e-05,2.4050749e-05,3.6071346e-05
21,1,4.798583e-06,4.8589274e-05,-5.6313274e-05,8.0099584e-05,2.3969887e-05,1.6015161e-05
22,1,1.2773912e-05,-3.752685e-05,5.1098817e-05,-1.5869255e-05,6.6506545e-05,2.761838e-06
23,1,-2.618069e-05,6.3599946e-05,4.1551426e-05,-0.00015772619,6.0409995e-05,7.178986e-06
24,1,-7.2474786e-06,6.0715505e-05,2.7306218e-05,6.445064e-05,5.389464e-05,1.3632327e-05
25,1,-8.112408e-06,0.00012637206,1.2614236e-05,-0.00021561234,4.68008e-05,1.752199e-05
26,1,-4.478518e-05,0.00015926396,-2.7353221e-06,0.00012982248,3.830099e-05,2.1872502e-05
27,1,9.323175e-06,8.203865e-05,-2.2430284e-05,9.836827e-05,3.172065e-05,2.4225343e-05
28,1,-2.5271047e-06,4.527871e-05,-4.4054977e-05,8.078946e-05,3.175762e-05,1.2767868e-05
29,1,-4.105648e-06,-5.0355146e-05,9.488164e-05,-3.1878044e-05,3.4084984e-05,-1.0893687e-06
30,1,-2.3901228e-05,5.107799e-05,7.602209e-05,-0.00015888903,3.2617896e-05,1.4712748e-06
31,1,-9.050967e-06,5.1411298e-05,5.983812e-05,7.185322e-05,3.3394368e-05,4.8078587e-06
32,1,-1.1948257e-05,0.000118043274,4.2313775e-05,-0.0002164869,2.9859064e-05,8.130073e-06
33,1,-4.4143588e-05,0.00015058847,2.1522192e-05,0.00013718999,2.5759487e-05,1.1704222e-05
34,1,4.4727694e-06,7.46398e-05,5.3486764e-07,9.980537e-05,2.5568625e-05,1.5911428e-05
35,1,2.0013129e-06,3.6970447e-05,-2.5871223e-05,8.033379e-05,3.3231674e-05,8.470914e-06
36,1,9.813388e-06,-5.903731e-05,0.000107686334,-1.7504291e-05,1.4878932e-05,4.12029e-07
37,1,-2.9342025e-05,4.437638e-05,9.716641e-05,-0.00015685597,1.6976417e-05,2.0701455e-07
38,1,-1.1051111e-05,4.5000885e-05,7.912256e-05,6.618884e-05,1.5836098e-05,1.0935537e-06
39,1,-1.2116177e-05,0.00011284812,5.896268e-05,-0.00020957713,1.5131529e-05,2.857903e-06
40,1,-4.7286165e-05,0.00014526535,3.8604743e-05,0.00013619284,1.46242455e-05,5.4099546e-06
41,1,6.0014386e-06,6.8206966e-05,1.5681551e-05,0.00010126202,1.4058856e-05,7.669897e-06
42,1,-6.105294e-06,3.1920215e-05,-9.672303e-06,8.142419e-05,1.7727636e-05,4.4952026e-06
43,1,-5.224505e-06,-6.0529554e-05,0.00011937048,-3.2614058e-05,-2.8760564e-08,2.299827e-08
44,1,-2.5881322e-05,4.1524356e-05,0.00010194942,-0.000160629,-8.787572e-09,5.585103e-08
45,1,-1.1066878e-05,4.3326425e-05,8.492146e-05,7.177253e-05,-7.411206e-09,7.775665e-08
46,1,-1.3788583e-05,0.00011091472,6.55918e-05,-0.00021299793,-3.8921772e-09,8.3913626e-08
47,1,-4.6071415e-05,0.00014306653,4.3674085e-05,0.0001392987,4.8183675e-09,8.749477e-08
48,1,2.8445604e-06,6.66521e-05,2.2133263e-05,0.00010109121,1.0360652e-08,6.66768e-08
49,1,3.4850888e-07,2.889429e-05,-5.067421e-06,8.041935e-05,2.4213087e-08,3.1496874e-08
50,1,9.817031e-06,-5.904336e-05,0.000107684595,-1.74971e-05,-1.4901613e-05,-3.6305713e-07
51,1,-2.9343146e-05,4.4381406e-05,9.7163924e-05,-0.00015687077,-1.7002527e-05,-9.919349e-08
52,1,-1.10513965e-05,4.4996996e-05,7.912084e-05,6.620596e-05,-1.585038e-05,-9.436191e-07
53,1,-1.2113245e-05,0.000112845766,5.896284e-05,-0.00020959767,-1.5137488e-05,-2.6926987e-06
54,1,-4.7289468e-05,0.00014526381,3.8606915e-05,0.00013619829,-1.4615212e-05,-5.241829e-06
55,1,6.003999e-06,6.820358e-05,1.5684247e-05,0.00010125555,-1.4037748e-05,-7.537607e-06
56,1,-6.106627e-06,3.192006e-05,-9.67187e-06,8.1421305e-05,-1.7682089e-05,-4.435466e-06
57,1,-4.1077783e-06,-5.0366016e-05,9.488246e-05,-3.1873555e-05,-3.413722e-05,1.1264804e-06
58,1,-2.3901664e-05,5.108709e-05,7.6016375e-05,-0.00015892128,-3.263302e-05,-1.3699467e-06
59,1,-9.050909e-06,5.1403957e-05,5.9834656e-05,7.189078e-05,-3.340802e-05,-4.673928e-06
60,1,-1.194332e-05,0.000118038515,4.2314576e-05,-0.00021653112,-2.9866113e-05,-7.977053e-06
61,1,-4.4149914e-05,0.00015058574,2.1526646e-05,0.00013720256,-2.5749368e-05,-1.155113e-05
62,1,4.477634e-06,7.4633004e-05,5.4087354e-07,9.979117e-05,-2.5549356e-05,-1.5788015e-05
63,1,1.999074e-06,3.6969424e-05,-2.5869815e-05,8.0329e-05,-3.318584e-05,-8.416879e-06
64,1,1.2784629e-05,-3.7544345e-05,5.1093713e-05,-1.5846897e-05,-6.651988e-05,-2.7295303e-06
65,1,-2.61838e-05,6.3613144e-05,4.15455e-05,-0.00015777147,-6.0430437e-05,-7.096913e-06
66,1,-7.248338e-06,6.0704504e-05,2.7301894e-05,6.449874e-05,-5.390457e-05,-1.3520326e-05
67,1,-8.104051e-06,0.00012636554,1.26153345e-05,-0.00021567337,-4.6805166e-05,-1.7392347e-05
68,1,-4.4795055e-05,0.00015926025,-2.7279195e-06,0.00012983843,-3.829261e-05,-2.1743335e-05
69,1,9.330378e-06,8.202841e-05,-2.2420802e-05,9.834847e-05,-3.170234e-05,-2.4118837e-05
70,1,-2.531285e-06,4.5277684e-05,-4.4051547e-05,8.078246e-05,-3.171937e-05,-1.2723074e-05
71,1,5.3477643e-06,-1.7268783e-05,6.9308126e-06,-2.7187796e-05,-5.1431816e-05,-4.807023e-06
72,1,-1.4437758e-05,7.737194e-05,-9.677774e-06,-0.00015373764,-6.2755855e-05,-2.057005e-05
73,1,-1.1951863e-06,7.278752e-05,-1.5912918e-05,6.726451e-05,-5.9872447e-05,-2.682062e-05
74,1,-5.645267e-06,0.00013740787,-2.4140958e-05,-0.00022698074,-4.9317652e-05,-3.1106094e-05
75,1,-3.8769518e-05,0.00016952469,-3.3735967e-05,0.00012961825,-3.73974e-05,-3.6638867e-05
76,1,8.1966045e-06,8.998812e-05,-4.2484127e-05,9.557422e-05,-2.403948e-05,-3.5993646e-05
77,1,4.793563e-06,4.8586426e-05,-5.6308163e-05,8.0091064e-05,-2.3940243e-05,-1.5980124e-05
78,1,2.086611e-05,-1.0683827e-05,-2.5247144e-05,-1.4002144e-05,-9.491374e-06,-1.575146e-05
79,1,-1.5511927e-05,8.949766e-05,-3.4148456e-05,-0.00015310703,2.690136e-06,-2.125666e-05
80,1,2.7746764e-06,8.772477e-05,-4.7868874e-05,7.2091076e-05,-1.1575768e-05,-2.6216747e-05
81,1,4.3573303e-07,0.00015358452,-5.5944245e-05,-0.00021557453,-1.5575926e-05,-4.1043124e-05
82,1,-4.0018935e-05,0.00018177052,-5.5771474e-05,0.00012808492,-1.0291602e-05,-5.3893367e-05
83,1,1.2986824e-05,9.446736e-05,-5.235514e-05,9.6404314e-05,-6.8605054e-06,-5.341882e-05
84,1,1.5526479e-07,4.5867942e-05,-4.6728605e-05,7.7370896e-05,2.022241e-05,-2.4166302e-05
85,1,6.7343058e-06,-2.1910591e-06,-1.7481163e-05,-2.5713854e-05,5.0392115e-05,-4.2497327e-06
86,1,-1.795767e-05,9.4466595e-05,-3.0776893e-05,-0.00014533092,1.4559149e-07,-1.2369142e-05
87,1,-3.5226717e-06,0.000100647405,-5.069707e-05,6.9774054e-05,2.1072357e-05,-6.6005064e-06
88,1,-5.4646152e-06,0.0001637026,-6.563861e-05,-0.0001871745,9.519834e-06,-2.173793e-05
89,1,-3.795378e-05,0.00018827664,-6.385805e-05,0.00015334571,-6.7283086e-06,-3.2406955e-05
90,1,6.691714e-06,9.923711e-05,-5.0236227e-05,0.00013451756,1.5545978e-05,-3.1151467e-05
91,1,-5.9398246e-08,3.5873898e-05,-2.054253e-05,9.7482894e-05,8.2451525e-06,-1.6559758e-05
92,1,-2.644592e-06,8.143031e-05,8.45594e-06,-0.00017648656,1.4538123e-05,1.1662466e-05
93,1,-1.6219805e-06,-7.055846e-05,6.839712e-06,7.903766e-05,-4.7470803e-05,2.1308715e-06
94,1,-9.004057e-06,7.062217e-05,-3.247161e-06,-0.00044808962,1.9745548e-06,1.5857262e-05
95,1,-8.653199e-06,2.0009036e-05,-1.2415603e-06,0.00023931287,1.5399244e-05,1.1513846e-05
96,1,-3.10433e-05,2.58671e-05,-4.8476218e-06,-0.00018037691,-1.3920048e-05,8.376881e-06
97,1,-2.856219e-05,9.168668e-05,-1.1549274e-05,0.000514132,2.1263164e-05,1.0166202e-05
98,1,4.0252828e-05,-9.3447925e-06,-2.6430676e-05,0.0002064028,-4.886459e-05,-1.9804777e-06
99,1,1.6216285e-05,7.445629e-05,3.3057677e-05,-0.00017729997,3.6932092e-06,3.2023431e-06
100,1,2.1943346e-05,-9.9710844e-05,2.6134949e-05,0.00010397656,7.692899e-05,2.3685061e-05
101,1,8.102624e-06,5.6446395e-05,2.5203512e-05,-0.00051191275,7.5056414e-05,2.1885058e-05
102,1,1.3779975e-06,5.96906e-06,1.7718301e-05,0.00022135054,6.7237015e-05,1.7426688e-05
103,1,-2.112436e-05,1.098017e-05,8.500622e-06,-0.000263209,5.9854017e-05,2.0682684e-05
104,1,-2.3993258e-05,8.3927254e-05,-1.6827378e-06,0.000439358,2.1323169e-05,1.5895426e-05
105,1,4.6011537e-05,-1.755936e-05,-1.5050329e-05,0.0001654903,8.9213347e-07,6.5458994e-06
106,1,6.8335207e-06,5.278828e-05,7.834803e-05,-0.00017676585,0.0002011273,1.3974798e-05
107,1,6.194995e-06,-0.00011395066,7.614519e-05,8.007209e-05,0.00016979476,1.5428752e-05
108,1,-7.050008e-06,4.29417e-05,6.431018e-05,-0.0005257241,0.00015903538,1.0834996e-05
109,1,-8.466475e-06,-6.3442767e-06,5.077511e-05,0.00021279199,0.00013698342,1.0980916e-05
110,1,-2.8685758e-05,-9.686465e-07,3.5355737e-05,-0.0002820678,0.000101918464,8.894558e-06
111,1,-2.7729786e-05,7.9390935e-05,1.4611377e-05,0.00043531222,7.32721e-05,1.0739152e-05
112,1,4.1839256e-05,-2.0367637e-05,-1.0600054e-05,0.00016068447,4.476564e-05,5.518392e-06
113,1,-1.44548085e-05,4.158535e-05,0.00013090379,-0.00018956297,0.00015361486,-3.2014186e-06
114,1,-4.597689e-06,-0.00012506622,0.00010845064,8.150858e-05,0.0001541569,1.2235759e-06
115,1,-1.5476982e-05,3.2513664e-05,9.495355e-05,-0.0005193014,0.00014285116,2.0142038e-06
116,1,-1.6651562e-05,-1.5744317e-05,7.74363e-05,0.00021736734,0.00012050873,-1.6714193e-06
117,1,-3.256635e-05,-7.001073e-06,5.4897646e-05,-0.0002656967,9.604008e-05,-1.3418555e-06
118,1,-3.2087522e-05,7.211225e-05,3.0858562e-05,0.00044080775,8.0785394e-05,-3.718627e-07
119,1,3.9271115e-05,-2.3578179e-05,4.8522115e-06,0.00016400007,9.361288e-05,-2.7039314e-07
120,1,-6.0096777e-06,3.115614e-05,0.00014698505,-0.0001773231,0.00010029204,6.145253e-08
121,1,-6.6048474e-06,-0.00013627109,0.00013558725,8.090557e-05,9.865413e-05,-4.5443635e-06
122,1,-1.7657756e-05,2.620827e-05,0.00011617468,-0.00051739236,9.107631e-05,-7.269777e-06
123,1,-1.6774326e-05,-2.146445e-05,9.422595e-05,0.00023201878,8.109578e-05,-7.143646e-06
124,1,-3.4507146e-05,-1.1480048e-05,7.087598e-05,-0.00025556103,7.268611e-05,-6.5370555e-06
125,1,-3.2657197e-05,6.69445e-05,4.4947727e-05,0.00044817867,6.752054e-05,-4.108145e-06
126,1,3.3455883e-05,-2.8009737e-05,1.6211457e-05,0.00016504173,7.507092e-05,-1.7121544e-06
127,1,-1.39690355e-05,2.4027027e-05,0.00016879613,-0.00019188675,4.719833e-05,-3.5133e-06
128,1,-6.073387e-06,-0.00014087773,0.00014972605,7.75636e-05,4.6392044e-05,-5.8256574e-06
129,1,-1.7862709e-05,2.1242411e-05,0.00013020377,-0.00050739344,4.5310375e-05,-6.091906e-06
130,1,-1.9183268e-05,-2.4642368e-05,0.000107041364,0.00023376303,4.1758187e-05,-6.423537e-06
131,1,-3.5251454e-05,-1.4651031e-05,8.150883e-05,-0.00024542134,3.6893045e-05,-5.2889027e-06
132,1,-3.507489e-05,6.329941e-05,5.5294917e-05,0.0004523184,3.7396745e-05,-3.6968115e-06
133,1,3.408792e-05,-3.161304e-05,2.974407e-05,0.00016621403,4.8019876e-05,-1.444683e-06
134,1,-6.288177e-06,2.242616e-05,0.00016963946,-0.00017695967,-2.802774e-08,1.081191e-08
135,1,-7.948593e-06,-0.00014372497,0.00015678791,8.201475e-05,-3.9278206e-08,4.2406175e-08
136,1,-1.9395626e-05,2.0227842e-05,0.00013510535,-0.00051169645,-2.4829719e-08,5.0127902e-08
137,1,-1.864106e-05,-2.6242653e-05,0.00011070601,0.00023984662,-3.978434e-09,7.1692355e-08
138,1,-3.61083e-05,-1.5405394e-05,8.5294145e-05,-0.00024439022,8.013424e-09,5.5567217e-08
139,1,-3.4304627e-05,6.183066e-05,5.9037146e-05,0.00045353585,3.2889822e-08,5.46133e-08
140,1,3.0380526e-05,-3.303149e-05,3.1381096e-05,0.00016687282,5.7609878e-08,1.0168883e-08
141,1,-1.3971423e-05,2.4047089e-05,0.00016879594,-0.00019190424,-4.7325062e-05,3.525339e-06
142,1,-6.070864e-06,-0.00014089336,0.00014972311,7.7603654e-05,-4.6455523e-05,5.90412e-06
143,1,-1.7861677e-05,2.1250504e-05,0.00013020156,-0.0005074539,-4.5353325e-05,6.195384e-06
144,1,-1.9184537e-05,-2.464231e-05,0.000107040316,0.00023379634,-4.1771105e-05,6.5582103e-06
145,1,-3.524998e-05,-1.4652742e-05,8.1508915e-05,-0.0002454567,-3.6874408e-05,5.4020175e-06
146,1,-3.507606e-05,6.330071e-05,5.5294717e-05,0.0004523201,-3.733305e-05,3.7999243e-06
147,1,3.408741e-05,-3.1612017e-05,2.9741503e-05,0.00016620646,-4.7900183e-05,1.4691351e-06
148,1,-6.012234e-06,3.1195334e-05,0.00014698149,-0.00017735187,-0.000100335434,-3.2302157e-08
149,1,-6.599822e-06,-0.00013630243,0.00013558344,8.098762e-05,-9.8724544e-05,4.609264e-06
150,1,-1.7656514e-05,2.622484e-05,0.00011617039,-0.00051751855,-9.112055e-05,7.3709284e-06
151,1,-1.6776896e-05,-2.1464004e-05,9.4224066e-05,0.0002320886,-8.110118e-05,7.262055e-06
152,1,-3.4504286e-05,-1.148345e-05,7.0876195e-05,-0.00025563472,-7.267081e-05,6.64854e-06
153,1,-3.2659864e-05,6.69476e-05,4.4947457e-05,0.000448184,-6.745717e-05,4.1973485e-06
154,1,3.345456e-05,-2.8007738e-05,1.6206766e-05,0.00016502505,-7.496368e-05,1.7406999e-06
155,1,-1.4461219e-05,4.1639945e-05,0.00013090913,-0.00018961745,-0.0001537046,3.2197208e-06
156,1,-4.5897555e-06,-0.00012511006,0.000108442655,8.1623984e-05,-0.00015420193,-1.1686762e-06
157,1,-1.5474152e-05,3.253749e-05,9.494782e-05,-0.00051948364,-0.00014288422,-1.925385e-06
158,1,-1.6655717e-05,-1.5741945e-05,7.743349e-05,0.00021746477,-0.00012051712,1.7728139e-06
159,1,-3.256227e-05,-7.0057326e-06,5.4897388e-05,-0.00026580275,-9.602319e-05,1.4393466e-06
160,1,-3.20917e-05,7.2117495e-05,3.085892e-05,0.00044081436,-8.0731574e-05,4.481666e-07
161,1,3.9269104e-05,-2.3575385e-05,4.844991e-06,0.0001639744,-9.351161e-05,2.979852e-07
162,1,6.8282393e-06,5.286899e-05,7.833673e-05,-0.00017682943,-0.0002011423,-1.3960594e-05
163,1,6.206205e-06,-0.00011401847,7.614157e-05,8.0237536e-05,-0.00016983514,-1.5397873e-05
164,1,-7.047455e-06,4.2975724e-05,6.430432e-05,-0.00052598945,-0.00015906016,-1.07627e-05
165,1,-8.472694e-06,-6.3392795e-06,5.0770595e-05,0.00021294056,-0.00013698019,-1.090047e-05
166,1,-2.8680328e-05,-9.733416e-07,3.5355206e-05,-0.0002822154,-0.000101910664,-8.818525e-06
167,1,-2.773614e-05,7.9399615e-05,1.4610972e-05,0.0004353274,-7.322795e-05,-1.0680977e-05
168,1,4.1835283e-05,-2.0363876e-05,-1.0606454e-05,0.00016064967,-4.4694614e-05,-5.5003024e-06
169,1,1.6199512e-05,7.4576514e-05,3.3075106e-05,-0.00017740573,-3.6715003e-06,-3.189419e-06
170,1,2.195672e-05,-9.980804e-05,2.6124033e-05,0.00010422863,-7.6952616e-05,-2.366855e-05
171,1,8.106081e-06,5.649622e-05,2.5199006e-05,-0.00051227456,-7.5072196e-05,-2.1841755e-05
172,1,1.3680168e-06,5.971718e-06,1.7715514e-05,0.00022156317,-6.723563e-05,-1.7368342e-05
173,1,-2.111778e-05,1.0980062e-05,8.4979965e-06,-0.00026339554,-5.9853548e-05,-2.0634523e-05
174,1,-2.4001718e-05,8.393835e-05,-1.6823601e-06,0.00043938993,-2.1305917e-05,-1.5858099e-05
175,1,4.6006877e-05,-1.7554865e-05,-1.5057254e-05,0.0001654483,-8.5761155e-07,-6.536567e-06
176,1,-2.6594614e-06,8.156853e-05,8.449046e-06,-0.00017659321,-1.4609158e-05,-1.1669298e-05
177,1,-1.6074233e-06,-7.0671034e-05,6.8470904e-06,7.930195e-05,4.7495123e-05,-2.1195556e-06
178,1,-9.002384e-06,7.069042e-05,-3.2599582e-06,-0.00044848368,-1.9806675e-06,-1.5840593e-05
179,1,-8.663196e-06,2.0011526e-05,-1.2459109e-06,0.00023956007,-1.540829e-05,-1.1497332e-05
180,1,-3.103461e-05,2.586791e-05,-4.848361e-06,-0.0001805818,1.3922803e-05,-8.353569e-06
181,1,-2.8567392e-05,9.169588e-05,-1.1552153e-05,0.00051418185,-2.1266429e-05,-1.0159059e-05
182,1,4.0250903e-05,-9.341834e-06,-2.6433225e-05,0.00020635535,4.8874706e-05,1.9854626e-06
183,1,4.9481077e-05,-0.00020352069,8.060348e-06,5.6628454e-05,-3.923833e-05,-1.9485876e-06
184,1,-4.5484074e-05,0.00012657988,3.716752e-05,-0.00044715157,8.903938e-05,3.3805514e-05
185,1,2.813669e-05,-0.00019228851,5.7547157e-05,0.00046907144,6.2315296e-05,4.07531e-06
186,1,1.2375731e-05,-9.724458e-05,4.752068e-05,-0.00065698934,4.511375e-05,6.5515583e-06
187,1,-7.4042364e-05,2.7106495e-05,4.5163753e-05,0.00038359576,6.833943e-05,6.118351e-06
188,1,-2.8755869e-05,-8.517448e-05,2.5293215e-05,0.00011153564,3.0008607e-06,-1.2339866e-05
189,1,7.261833e-05,3.706689e-05,-8.338025e-06,0.0003919061,1.45275235e-05,5.5222936e-06
190,1,9.846074e-05,-0.0002716031,6.465604e-05,7.5218806e-05,0.00025865238,3.0265099e-05
191,1,-9.608346e-06,0.000108357905,9.198013e-05,-0.00051830505,0.0002047816,2.5921723e-05
192,1,5.4557997e-05,-0.00022693875,8.722751e-05,0.0004644874,0.00020990828,1.1181062e-05
193,1,3.1923944e-05,-0.00012632406,8.557316e-05,-0.0007654417,0.00019006323,1.5635221e-06
194,1,-6.375777e-05,9.84039e-06,7.41992e-05,0.00032191075,0.00013005249,-2.0015992e-05
195,1,-1.8496117e-05,-0.00010457933,4.1798063e-05,1.8254789e-06,8.7070344e-05,-2.0650177e-05
196,1,7.862109e-05,3.4102606e-05,-5.8079922e-06,0.000341553,2.0740374e-06,-9.493293e-06
197,1,5.189242e-05,-0.00028965945,0.00017631592,4.9171453e-05,0.0002950107,-3.1239215e-06
198,1,-4.4706936e-05,9.095978e-05,0.00015369638,-0.0005301925,0.00030413267,6.3473003e-06
199,1,2.4058701e-05,-0.00024254178,0.00015082733,0.0004437442,0.0002737894,-5.403821e-06
200,1,4.681188e-06,-0.000137226,0.00013458717,-0.00078658795,0.00021900369,-3.2911954e-05
201,1,-7.949929e-05,7.313714e-06,0.00010303784,0.00032035037,0.00016279433,-3.9322287e-05
202,1,-2.7014563e-05,-0.000114099814,6.697913e-05,-1.36018725e-05,0.00010956355,-3.5838384e-05
203,1,7.176322e-05,2.7255774e-05,2.5432173e-05,0.00034300666,0.00010614987,-1.4856604e-05
204,1,3.7331658e-05,-0.00030584997,0.00021287035,6.538282e-05,0.00025528896,3.317927e-06
205,1,-6.2758605e-05,7.952839e-05,0.00020608515,-0.00053558487,0.00023417667,-1.1842468e-05
206,1,7.244322e-06,-0.0002462681,0.00018416667,0.00044560205,0.0002036003,-3.18637e-05
207,1,-3.823974e-06,-0.00013670544,0.00015538208,-0.00076124363,0.00017073902,-4.1130737e-05
208,1,-8.4969106e-05,1.9741674e-06,0.00012364553,0.00033778464,0.00013769137,-4.646251e-05
209,1,-3.2564334e-05,-0.00011658477,8.685391e-05,6.250444e-06,0.000118948774,-3.706152e-05
210,1,6.185872e-05,1.8519779e-05,4.7295533e-05,0.00034411406,0.00011431493,-1.3868633e-05
211,1,3.353582e-05,-0.0003164622,0.0002479989,4.8965103e-05,0.00015015865,-1.3166936e-05
212,1,-6.427069e-05,7.715947e-05,0.00022135455,-0.0005301643,0.00014606226,-2.5308129e-05
213,1,7.772594e-06,-0.00024885236,0.00019717556,0.00046219825,0.00013770018,-3.0584324e-05
214,1,-6.81427e-06,-0.000137095,0.00016851074,-0.00074329163,0.000121202844,-3.9609728e-05
215,1,-8.7634384e-05,-3.037734e-08,0.0001348737,0.000361315,0.00010151302,-3.9182203e-05
216,1,-3.5782297e-05,-0.000120071774,0.000101599944,2.0653033e-05,9.419362e-05,-3.1133975e-05
217,1,5.654112e-05,1.1875767e-05,7.38564e-05,0.00035117342,0.00011322425,-1.2120973e-05
218,1,3.9887895e-05,-0.00031839267,0.00024819592,6.682956e-05,7.430364e-05,-4.79359e-06
219,1,-6.273935e-05,7.154868e-05,0.00023278607,-0.00052065763,7.437562e-05,-1.5141332e-05
220,1,4.5788233e-06,-0.0002494595,0.00020608687,0.00046483657,6.684126e-05,-2.120089e-05
221,1,-8.147255e-06,-0.00013769646,0.00017519621,-0.0007237411,5.8674632e-05,-2.272297e-05
222,1,-8.869416e-05,-1.4842221e-06,0.00014263373,0.00037342217,5.3369236e-05,-2.2571981e-05
223,1,-3.763533e-05,-0.00012213129,0.00011163429,3.3181354e-05,5.249674e-05,-1.7427552e-05
224,1,5.187108e-05,7.0666883e-06,8.306831e-05,0.00035310292,5.9265163e-05,-6.7282913e-06
225,1,3.4833196e-05,-0.00032068958,0.0002551434,5.191496e-05,-9.891422e-08,1.3649704e-08
226,1,-6.492298e-05,7.20918e-05,0.0002350648,-0.0005219436,-5.473421e-08,2.209425e-08
227,1,6.0996185e-06,-0.00025091096,0.00020852196,0.00047425012,-3.16031e-08,5.6117546e-08
228,1,-8.4186795e-06,-0.00013748273,0.0001775316,-0.00072222407,-1.611496e-08,4.235813e-08
229,1,-8.940185e-05,-2.2371894e-06,0.00014516938,0.00037967172,1.7087288e-08,6.7847985e-08
230,1,-3.8318587e-05,-0.0001229068,0.00011455606,3.6448466e-05,4.715086e-08,2.9131776e-08
231,1,5.155195e-05,5.630683e-06,9.289556e-05,0.00035549153,8.505008e-08,2.8567554e-08
232,1,3.9894654e-05,-0.00031843345,0.00024818888,6.686128e-05,-7.440324e-05,4.8341285e-06
233,1,-6.273853e-05,7.158078e-05,0.00023278088,-0.0005207425,-7.4489544e-05,1.51908125e-05
234,1,4.577848e-06,-0.00024946372,0.0002060829,0.00046489915,-6.69096e-05,2.1301023e-05
235,1,-8.144665e-06,-0.00013769465,0.00017519391,-0.0007238069,-5.8701553e-05,2.2815268e-05
236,1,-8.869652e-05,-1.477837e-06,0.00014263201,0.00037344827,-5.333733e-05,2.2697688e-05
237,1,-3.763384e-05,-0.00012213332,0.00011163246,3.3147575e-05,-5.2402997e-05,1.7491626e-05
238,1,5.1867897e-05,7.072739e-06,8.306464e-05,0.00035310464,-5.9105118e-05,6.7767437e-06
239,1,3.3548175e-05,-0.00031654423,0.00024799266,4.9023456e-05,-0.0001503305,1.3172993e-05
240,1,-6.427153e-05,7.722371e-05,0.00022134387,-0.00053033896,-0.00014615574,2.5367637e-05
241,1,7.770781e-06,-0.00024886042,0.00019716783,0.00046232756,-0.00013775608,3.0668434e-05
242,1,-6.8089466e-06,-0.0001370905,0.00016850539,-0.00074342906,-0.000121232595,3.9707993e-05
243,1,-8.763957e-05,-1.668012e-08,0.00013487026,0.00036137179,-0.00010147925,3.9289753e-05
244,1,-3.5779103e-05,-0.000120076416,0.000101596386,2.0581816e-05,-9.4105715e-05,3.1207517e-05
245,1,5.6534078e-05,1.1888457e-05,7.384918e-05,0.00035117907,-0.00011306356,1.2157031e-05
246,1,3.735255e-05,-0.00030596543,0.0002128472,6.5477274e-05,-0.0002553469,-3.2995742e-06
247,1,-6.275549e-05,7.9620004e-05,0.00020607241,-0.0005358408,-0.00023426511,1.1895637e-05
248,1,7.2411217e-06,-0.0002462765,0.00018415383,0.0004457821,-0.00020365285,3.1936142e-05
249,1,-3.8170388e-06,-0.00013669791,0.00015537316,-0.00076144247,-0.00017076013,4.1220883e-05
250,1,-8.497691e-05,1.9966835e-06,0.0001236405,0.00033786544,-0.00013766409,4.6557197e-05
251,1,-3.2560692e-05,-0.000116591385,8.6848544e-05,6.1466258e-06,-0.000118867494,3.7129535e-05
252,1,6.1847706e-05,1.853879e-05,4.7286612e-05,0.00034412273,-0.000114179755,1.3896606e-05
253,1,5.191585e-05,-0.00028983565,0.0001763274,4.9288064e-05,-0.00029509614,3.1295522e-06
254,1,-4.4706754e-05,9.109533e-05,0.00015367565,-0.0005305675,-0.0003041759,-6.288721e-06
255,1,2.4054627e-05,-0.00024255214,0.00015080969,0.00044401,-0.0002738131,5.459496e-06
256,1,4.6916657e-06,-0.00013721427,0.00013457508,-0.00078687,-0.00021902456,3.2985645e-05
257,1,-7.951138e-05,7.3476767e-06,0.000103028986,0.00032047296,-0.00016276815,3.940123e-05
258,1,-2.7009364e-05,-0.00011410815,6.6974106e-05,-1.374395e-05,-0.00010950231,3.5892128e-05
259,1,7.174687e-05,2.7281687e-05,2.542114e-05,0.0003430216,-0.000106031956,1.4881901e-05
260,1,9.849792e-05,-0.00027185836,6.461419e-05,7.541544e-05,-0.00025870145,-3.0277108e-05
261,1,-9.610592e-06,0.00010854516,9.197796e-05,-0.0005188331,-0.00020481061,-2.5892035e-05
262,1,5.4546148e-05,-0.00022696173,8.7212145e-05,0.00046485703,-0.00020991453,-1.1134543e-05
263,1,3.193494e-05,-0.00012629862,8.555618e-05,-0.0007658158,-0.00019007064,-1.515125e-06
264,1,-6.377478e-05,9.882836e-06,7.418935e-05,0.0003220918,-0.00013003549,2.0074875e-05
265,1,-1.8490136e-05,-0.00010458616,4.1791078e-05,1.6480536e-06,-8.703163e-05,2.0678004e-05
266,1,7.8598816e-05,3.413282e-05,-5.809714e-06,0.00034158147,-2.0065254e-06,9.506415e-06
267,1,4.9512975e-05,-0.00020381401,8.077995e-06,5.682481e-05,3.931416e-05,1.9602403e-06
268,1,-4.5486962e-05,0.00012681016,3.7127596e-05,-0.00044772477,-8.907194e-05,-3.3808603e-05
269,1,2.8124825e-05,-0.0001923192,5.7541332e-05,0.00046948213,-6.2329e-05,-4.062851e-06
270,1,1.2386139e-05,-9.7205586e-05,4.75058e-05,-0.0006574045,-4.5105367e-05,-6.5208214e-06
271,1,-7.405855e-05,2.7152324e-05,4.514757e-05,0.00038381811,-6.833791e-05,-6.106787e-06
272,1,-2.8743414e-05,-8.518369e-05,2.5291687e-05,0.00011134611,-2.987265e-06,1.2355567e-05
273,1,7.2601724e-05,3.709556e-05,-8.342159e-06,0.00039194673,-1.4512701e-05,-5.523103e-06
274,1,8.750684e-06,0.0002507316,5.438452e-05,-0.00014072555,0.0002649219,3.96761e-05
275,1,9.676992e-06,-0.0004422404,0.00012010156,0.0008478564,0.00014978244,5.17354e-06
276,1,8.3711144e-05,-0.00021360855,0.00011600639,-0.00051503774,0.00018667661,2.6914318e-05
277,1,5.412687e-05,-0.00032993397,0.00014774725,0.00034017192,0.00020713029,-4.8581037e-06
278,1,-4.957615e-05,-0.00030588373,0.00013076623,-0.0008060687,9.527888e-05,-4.4314856e-05
279,1,-9.827351e-05,4.595482e-05,7.084243e-05,0.00052301283,8.6753236e-05,-1.995027e-05
280,1,0.00015225468,-0.00020790519,-2.2043732e-05,7.333737e-05,-3.09983e-05,-2.379852e-05
281,1,5.0504903e-05,0.00022550451,0.00016843624,-0.00019395714,0.00044126587,9.339693e-06
282,1,5.474854e-05,-0.00052299007,0.00017442748,0.00084164314,0.00049309974,4.5052006e-05
283,1,0.000101488076,-0.0002581111,0.00021117672,-0.0006976225,0.00045941322,7.777598e-07
284,1,4.9440703e-05,-0.0003521555,0.00020318873,0.00027237405,0.0003490397,-6.761257e-05
285,1,-4.6259163e-05,-0.00032958624,0.00015772965,-0.0009255343,0.00023727409,-8.6454624e-05
286,1,-9.445422e-05,3.7963895e-05,9.80898e-05,0.00043955442,0.00013036293,-8.2186496e-05
287,1,0.00015872766,-0.00023232418,1.5432457e-05,1.1218225e-05,8.511937e-05,-3.403135e-05
288,1,-1.9165225e-05,0.0001843862,0.00028440382,-0.00019493929,0.00056880864,1.9943462e-05
289,1,-1.506561e-05,-0.00054384593,0.00030540323,0.00077941176,0.0004912307,-1.0596564e-05
290,1,3.6594167e-05,-0.00025760525,0.00028444664,-0.00072376494,0.00039411965,-7.5670185e-05
291,1,1.1599433e-05,-0.00034420722,0.00024099188,0.00030194336,0.00029327534,-0.000105963634
292,1,-6.709655e-05,-0.0003347139,0.00019059397,-0.000913931,0.00020934481,-0.00012054634
293,1,-0.000107202366,3.5209407e-05,0.00012674309,0.0004617331,0.00015648076,-9.717955e-05
294,1,0.00014539434,-0.0002496647,5.589843e-05,1.6081383e-05,0.00013154202,-4.0127772e-05
295,1,-4.966181e-05,0.00017085015,0.00038031413,-0.00022118136,0.0003203288,-3.3934484e-05
296,1,-3.5775887e-05,-0.0005379633,0.00033020845,0.0007903527,0.0002874497,-6.625631e-05
297,1,2.8755383e-05,-0.00024653648,0.00029590484,-0.0006776708,0.00025550512,-8.6268636e-05
298,1,4.9543964e-06,-0.00034250293,0.0002533819,0.0003400711,0.00021518893,-0.00011295897
299,1,-7.320138e-05,-0.00033066265,0.00020094821,-0.00086597144,0.00016794952,-0.00011361319
300,1,-0.000112116075,2.7155842e-05,0.00014891035,0.00048821574,0.0001421364,-9.051137e-05
301,1,0.00013167532,-0.00025949944,0.00010543976,2.699281e-05,0.00016533885,-3.5819223e-05
302,1,-3.617614e-05,0.00017188427,0.00035808692,-0.00018998144,0.00018033758,-1.936797e-05
303,1,-2.7667093e-05,-0.0005403826,0.0003367159,0.0008106814,0.0001895228,-5.4654007e-05
304,1,2.3548795e-05,-0.00024077375,0.00029936174,-0.00065580336,0.0001681187,-7.891992e-05
305,1,7.39191e-07,-0.00033886777,0.00025621927,0.00038052408,0.00013790642,-8.70206e-05
306,1,-7.620154e-05,-0.00032938903,0.00021030653,-0.0008288856,0.00012045786,-8.7311e-05
307,1,-0.00011715133,2.2172346e-05,0.0001671971,0.00051670935,0.00011313133,-6.754202e-05
308,1,0.00012360263,-0.00026848764,0.00012948895,3.7965507e-05,0.00012691796,-2.6957454e-05
309,1,-3.7167385e-05,0.00017210344,0.0003585549,-0.00020694612,8.7617555e-05,-1.2391753e-05
310,1,-3.465917e-05,-0.0005356691,0.00033446946,0.00081241876,7.831853e-05,-3.1027408e-05
311,1,2.3922004e-05,-0.00023887701,0.00029852855,-0.0006269463,7.479849e-05,-4.2133193e-05
312,1,1.0458092e-06,-0.00033674255,0.00025612317,0.00039907763,6.9305395e-05,-4.8307327e-05
313,1,-7.849768e-05,-0.00032875573,0.00021460492,-0.00080292806,6.0748498e-05,-4.6227728e-05
314,1,-0.00011888945,1.8916622e-05,0.0001770392,0.0005333949,6.059175e-05,-3.602119e-05
315,1,0.00011728502,-0.00027398553,0.0001571463,4.610153e-05,7.688048e-05,-1.3999444e-05
316,1,-3.3941604e-05,0.00017561177,0.00035054315,-0.00018858313,-7.008255e-08,3.6550367e-09
317,1,-2.554485e-05,-0.00053545646,0.00032833117,0.0008211627,-7.580193e-08,3.4760003e-08
318,1,2.401696e-05,-0.00023689946,0.00029591695,-0.0006283151,-5.8387993e-08,3.1182882e-08
319,1,-1.9261788e-07,-0.00033686863,0.0002570513,0.00040967757,-1.1988349e-08,7.854895e-08
320,1,-7.816215e-05,-0.00032813745,0.00021572768,-0.00079581124,2.120126e-08,3.565597e-08
321,1,-0.000120267374,1.7736402e-05,0.00018162884,0.0005393433,6.1332706e-08,5.93587e-08
322,1,0.00011643624,-0.00027598243,0.00015662872,4.7897214e-05,1.0078042e-07,-2.0384512e-09
323,1,-3.7169702e-05,0.0001721853,0.00035854435,-0.00020700884,-8.783557e-05,1.23802865e-05
324,1,-3.465447e-05,-0.0005357041,0.000334462,0.00081251725,-7.846983e-05,3.1090978e-05
325,1,2.392697e-05,-0.00023886366,0.00029852323,-0.0006270726,-7.490992e-05,4.2206662e-05
326,1,1.0371625e-06,-0.0003367219,0.00025611938,0.00039912906,-6.933127e-05,4.845191e-05
327,1,-7.849286e-05,-0.0003287543,0.00021460243,-0.00080296496,-6.070613e-05,4.6309287e-05
328,1,-0.00011889304,1.8927161e-05,0.00017703656,0.00053341116,-6.046962e-05,3.612968e-05
329,1,0.00011728273,-0.00027398972,0.00015714279,4.609161e-05,-7.667505e-05,1.4007714e-05
330,1,-3.6187135e-05,0.00017205116,0.00035805945,-0.00019010885,-0.00018044731,1.9406487e-05
331,1,-2.7654609e-05,-0.0005404502,0.00033669773,0.0008108798,-0.00018966396,5.469278e-05
332,1,2.355891e-05,-0.00024074507,0.00029934937,-0.0006560631,-0.00016822918,7.90103e-05
333,1,7.21631e-07,-0.00033882548,0.00025621112,0.0003806333,-0.0001379281,8.7142835e-05
334,1,-7.619186e-05,-0.00032938624,0.0002103011,-0.00082896656,-0.000120418954,8.740905e-05
335,1,-0.00011715936,2.2195452e-05,0.0001671919,0.00051674765,-0.00011301379,6.762882e-05
336,1,0.00012359858,-0.00026849745,0.00012948214,3.7941918e-05,-0.00012672892,2.698131e-05
337,1,-4.96684e-05,0.00017108515,0.00038028372,-0.0002213808,-0.00032051015,3.3940203e-05
338,1,-3.5761008e-05,-0.00053805695,0.00033017603,0.0007906226,-0.00028757242,6.629112e-05
339,1,2.8768518e-05,-0.0002464914,0.00029588403,-0.00067805237,-0.00025560183,8.635654e-05
340,1,4.9286655e-06,-0.00034243596,0.00025336837,0.00034022634,-0.00021521148,0.000113072114
341,1,-7.318864e-05,-0.00033065624,0.00020093833,-0.0008660884,-0.00016791171,0.00011370814
342,1,-0.000112128175,2.7191572e-05,0.00014890348,0.0004882724,-0.00014203081,9.0588765e-05
343,1,0.00013166692,-0.00025951353,0.000105429965,2.6957534e-05,-0.00016515728,3.584864e-05
344,1,-1.9175519e-05,0.0001847357,0.00028432498,-0.00019520689,-0.0005687854,-1.9907035e-05
345,1,-1.5034549e-05,-0.00054398185,0.0003053613,0.0007798145,-0.0004913069,1.0606467e-05
346,1,3.6615846e-05,-0.00025754079,0.00028441258,-0.00072431826,-0.00039420679,7.574838e-05
347,1,1.1561056e-05,-0.00034410672,0.00024096746,0.00030216874,-0.0002932862,0.00010606709
348,1,-6.707733e-05,-0.0003347036,0.00019057936,-0.00091408956,-0.00020931744,0.000120622615
349,1,-0.00010722129,3.525919e-05,0.00012673366,0.00046181493,-0.00015639176,9.72464e-05
350,1,0.00014538347,-0.00024968566,5.589e-05,1.6035845e-05,-0.00013139915,4.0148847e-05
351,1,5.0458995e-05,0.00022598622,0.00016847251,-0.00019437911,-0.0004412422,-9.301339e-06
352,1,5.477135e-05,-0.00052318524,0.0001743729,0.000842196,-0.0004930913,-4.5026503e-05
353,1,0.0001015114,-0.00025800627,0.00021113252,-0.0006983706,-0.00045944453,-7.217606e-07
354,1,4.9387152e-05,-0.00035202544,0.00020315501,0.00027269596,-0.00034903217,6.769685e-05
355,1,-4.6234032e-05,-0.00032956456,0.00015770634,-0.0009257333,-0.00023724935,8.650267e-05
356,1,-9.447884e-05,3.802563e-05,9.808056e-05,0.00043967477,-0.00013030393,8.2232975e-05
357,1,0.00015871254,-0.00023235384,1.5423919e-05,1.1161235e-05,-8.500587e-05,3.4042547e-05
358,1,8.711674e-06,0.00025129362,5.431193e-05,-0.00014116341,-0.00026502044,-3.9700077e-05
359,1,9.70504e-06,-0.00044248655,0.00012011957,0.0008484353,-0.00014978825,-5.150318e-06
360,1,8.372809e-05,-0.00021346075,0.00011595086,-0.00051590486,-0.00018664978,-2.6875465e-05
361,1,5.406082e-05,-0.00032977926,0.00014770225,0.00034054875,-0.00020712784,4.8742613e-06
362,1,-4.954683e-05,-0.00030585003,0.0001307413,-0.0008062703,-9.526338e-05,4.4348308e-05
363,1,-9.82951e-05,4.601988e-05,7.082381e-05,0.0005231758,-8.672854e-05,1.995298e-05
364,1,0.00015224634,-0.00020794719,-2.2032233e-05,7.328834e-05,3.104317e-05,2.3803577e-05
365,1,0.000109816145,-0.00065308844,0.00011161252,0.0007700915,0.0003576011,2.2693228e-05
366,1,-4.3774366e-05,-0.00011873644,0.0002567847,0.0007604245,0.0005523419,0.00011221056
367,1,0.0003503912,-0.0011933036,0.00037897888,0.00158039,0.00049989595,-4.3430024e-05
368,1,0.00021846592,-0.0010121922,0.00033503142,-0.0017139552,0.0002545527,-0.000104848514
369,1,-8.9302615e-05,-0.0004024353,0.0002532066,-0.00046011675,0.00018448927,-5.990693e-05
370,1,-8.256669e-05,-0.00040791873,0.00015370744,-0.0008964945,7.664864e-05,-8.9333764e-05
371,1,0.00012303826,0.00014358739,-1.139427e-05,0.00012366401,7.803206e-05,-1.9435198e-05
372,1,0.0001443626,-0.00084331725,0.00035585556,0.0007178077,0.0011699011,9.1886424e-05
373,1,-6.5096014e-05,-0.00016716102,0.00048327263,0.00040421402,0.00097183185,1.812824e-05
374,1,0.0002798667,-0.001212003,0.00045287397,0.0014694766,0.00071391335,-0.00016200177
375,1,0.0001734447,-0.0010258507,0.00036696842,-0.00185639,0.00045922413,-0.00020632712
376,1,-0.00012471531,-0.0003911434,0.00027763404,-0.00050678087,0.00027896688,-0.00020275507
377,1,-8.590894e-05,-0.00042318925,0.00016911732,-0.0009598416,0.00018447691,-0.0001579267
378,1,0.00012272708,0.00013255325,3.7027225e-05,9.559483e-05,0.00011519303,-6.821776e-05
379,1,-2.4440707e-05,-0.0008655844,0.0006554029,0.0006213503,0.00074777764,-7.242784e-05
380,1,-0.00018761869,-0.0001237335,0.000536359,0.00040414222,0.0005589711,-0.00015451206
381,1,0.0002175808,-0.0011788699,0.0004670814,0.0015809616,0.00041763714,-0.00020277388
382,1,0.0001420554,-0.0010261885,0.00038033625,-0.0017808148,0.00030872074,-0.000246599
383,1,-0.00014289234,-0.00038669014,0.0002844203,-0.00043169683,0.00021544879,-0.00022865101
384,1,-9.417214e-05,-0.0004349787,0.00019443822,-0.00092295033,0.00016275926,-0.00017866287
385,1,0.000100563,0.00011652614,0.000111108835,0.00011679936,0.00019147583,-6.95387e-05
386,1,5.7513657e-06,-0.0008428921,0.0005484074,0.00069727557,0.00023811094,-5.33888e-05
387,1,-0.00016470824,-0.00010782052,0.0005051599,0.00048509712,0.0003013791,-0.000138472
388,1,0.00021803002,-0.0011662147,0.00043569095,0.0016429557,0.00027048704,-0.00018985385
389,1,0.000137008,-0.0010139645,0.00036348705,-0.0016916429,0.00020848267,-0.00020935497
390,1,-0.00014500736,-0.00039219338,0.00028882577,-0.00036512953,0.00017068571,-0.00020119832
391,1,-0.00010148405,-0.00044031197,0.00021850418,-0.00086905423,0.0001587166,-0.00015601613
392,1,8.9713896e-05,9.6257776e-05,0.00015432626,0.00013246406,0.00017744613,-6.17603e-05
393,1,2.3254739e-05,-0.0008256416,0.0005011053,0.0006603017,0.00021151763,-3.159937e-05
394,1,-0.00017580185,-9.084482e-05,0.0004675514,0.0004937283,0.00016114827,-9.7735145e-05
395,1,0.00021387273,-0.0011539693,0.00041266382,0.0016992956,0.00014393938,-0.00013470704
396,1,0.00013689818,-0.0010068441,0.00034958957,-0.00163464,0.00013236809,-0.00015065174
397,1,-0.00014851929,-0.0003929595,0.0002889329,-0.00031305826,0.00011497963,-0.00014377643
398,1,-0.00010586562,-0.00044464626,0.000235735,-0.0008292914,0.00011627092,-0.00011079153
399,1,7.6551885e-05,8.0542675e-05,0.00020802759,0.00015038053,0.00015597863,-4.318532e-05
400,1,1.2129051e-05,-0.00080547656,0.00046787746,0.00068756053,3.59102e-05,-2.1354777e-05
401,1,-0.00015981587,-7.912554e-05,0.0004311817,0.0005208031,6.38482e-05,-4.958144e-05
402,1,0.00021931424,-0.0011456172,0.00038920064,0.0017140901,6.6506575e-05,-6.783432e-05
403,1,0.00013555755,-0.00100173,0.0003399955,-0.0015977176,6.0689697e-05,-7.715451e-05
404,1,-0.00014798822,-0.00039275104,0.00028850592,-0.00028486463,5.9742786e-05,-7.385071e-05
405,1,-0.00010954278,-0.00044775414,0.00024821033,-0.00080355594,6.444639e-05,-5.7202113e-05
406,1,7.296414e-05,7.1569324e-05,0.00022337075,0.00015781008,7.888789e-05,-2.2440516e-05
407,1,4.0896855e-05,-0.00080557354,0.0004382199,0.0006682341,-1.3590645e-07,1.220955e-08
408,1,-0.0001663758,-7.539618e-05,0.00042575752,0.0005139811,-1.2310458e-07,3.6472432e-08
409,1,0.00021738441,-0.0011424876,0.0003842363,0.0017270499,-4.7516792e-08,9.680331e-08
410,1,0.00013760304,-0.0009994501,0.0003351576,-0.0015900375,-6.8800414e-09,3.8722323e-08
411,1,-0.00014963617,-0.0003930006,0.0002888014,-0.0002746702,3.374846e-08,7.9007876e-08
412,1,-0.000109965775,-0.00044830987,0.00025098075,-0.00079602643,7.652966e-08,1.5004652e-08
413,1,6.8925954e-05,6.824583e-05,0.00024128218,0.00016285334,1.2392472e-07,3.9053987e-08
414,1,1.2144228e-05,-0.0008056065,0.00046786343,0.00068764575,-3.6160265e-05,2.1397587e-05
415,1,-0.00015980308,-7.9065365e-05,0.00043117005,0.00052052987,-6.407916e-05,4.964996e-05
416,1,0.00021928849,-0.0011455602,0.00038919458,0.0017141734,-6.660054e-05,6.8019406e-05
417,1,0.00013556788,-0.0010017211,0.0003399917,-0.0015977417,-6.0704373e-05,7.724178e-05
418,1,-0.00014799877,-0.00039272482,0.00028850327,-0.00028483476,-5.967451e-05,7.399791e-05
419,1,-0.000109538334,-0.00044775405,0.0002482077,-0.0008035417,-6.429726e-05,5.7243913e-05
420,1,7.295799e-05,7.15831e-05,0.00022336791,0.00015781139,-7.8645804e-05,2.2501723e-05
421,1,2.3305836e-05,-0.0008259047,0.00050107,0.00066048314,-0.00021178495,3.1574356e-05
422,1,-0.00017577961,-9.072356e-05,0.00046753197,0.0004931864,-0.00016138097,9.784418e-05
423,1,0.00021382218,-0.0011538562,0.00041264994,0.0016994702,-0.00014403315,0.00013485714
424,1,0.00013691848,-0.0010068255,0.0003495818,-0.0016347001,-0.0001323848,0.000150772
425,1,-0.00014854116,-0.00039290357,0.00028892633,-0.00031298838,-0.00011491362,0.00014389449
426,1,-0.00010585661,-0.00044464873,0.00023573011,-0.0008292712,-0.00011612653,0.00011086141
427,1,7.6537566e-05,8.057444e-05,0.00020802178,0.00015038875,-0.0001557403,4.322455e-05
428,1,5.799551e-06,-0.00084325153,0.00054834306,0.00069751166,-0.00023830852,5.3418404e-05
429,1,-0.00016467545,-0.00010763386,0.0005051225,0.00048429205,-0.00030160608,0.0001385831
430,1,0.00021795619,-0.0011660403,0.00043566755,0.001643203,-0.00027057508,0.00019001124
431,1,0.00013703562,-0.0010139287,0.00036346857,-0.0016917306,-0.00020849689,0.0002094769
432,1,-0.00014503949,-0.00039210735,0.00028881532,-0.00036502327,-0.00017062681,0.00020130703
433,1,-0.0001014725,-0.00044031424,0.0002184964,-0.00086902524,-0.00015858297,0.00015608854
434,1,8.969285e-05,9.630485e-05,0.00015431875,0.00013247828,-0.00017723016,6.178826e-05
435,1,-2.4318884e-05,-0.0008661213,0.00065529917,0.00062167854,-0.00074804085,7.2366325e-05
436,1,-0.00018756338,-0.00012346635,0.00053627853,0.00040293785,-0.00055920315,0.00015462593
437,1,0.00021747035,-0.0011786056,0.00046703473,0.0015813078,-0.00041771505,0.00020293445
438,1,0.00014209891,-0.0010261402,0.00038030467,-0.00178093,-0.00030873722,0.00024670214
439,1,-0.00014294092,-0.00038656546,0.00028440185,-0.00043156164,-0.00021540094,0.00022875458
440,1,-9.415601e-05,-0.000434979,0.00019442786,-0.0009228964,-0.00016264556,0.00017871957
441,1,0.00010053054,0.00011658969,0.00011110041,0.00011681429,-0.00019128255,6.956579e-05
442,1,0.00014448748,-0.0008440633,0.00035563027,0.0007183307,-0.0011697254,-9.1919974e-05
443,1,-6.501706e-05,-0.00016676677,0.00048315956,0.0004025873,-0.00097192574,-1.8050743e-05
444,1,0.00027971962,-0.0012116509,0.0004527847,0.0014699635,-0.0007139326,0.00016212743
445,1,0.0001735059,-0.0010257782,0.00036691848,-0.001856536,-0.0004592291,0.00020639953
446,1,-0.00012477975,-0.00039098124,0.00027760226,-0.00050660066,-0.00027893108,0.0002028361
447,1,-8.588704e-05,-0.00042318416,0.00016910193,-0.00095975364,-0.00018439215,0.00015795628
448,1,0.00012268763,0.00013263195,3.7024864e-05,9.5612944e-05,-0.000115056435,6.823285e-05
449,1,0.000109921915,-0.0006540187,0.00011170798,0.00077054696,-0.00035738456,-2.2627146e-05
450,1,-4.371092e-05,-0.00011821229,0.0002565819,0.00075845834,-0.00055223715,-0.000112169364
451,1,0.00035019207,-0.0011928645,0.00037886604,0.0015809358,-0.0004999048,4.3449916e-05
452,1,0.00021852911,-0.0010120791,0.00033496058,-0.0017140765,-0.0002545388,0.00010490216
453,1,-8.937964e-05,-0.0004022503,0.00025316147,-0.00045989355,-0.00018447243,5.99183e-05
454,1,-8.253703e-05,-0.00040790648,0.00015369162,-0.0008963425,-7.6622564e-05,8.935709e-05
455,1,0.00012300184,0.00014367199,-1.1412171e-05,0.00012369953,-7.7962955e-05,1.9436593e-05
456,1,-0.00019237821,-0.00030992253,0.00078334706,0.003142316,0.0016957367,0.00011401447
457,1,0.0005473928,-0.0032933105,0.0010544998,0.0052742055,0.0010179688,-0.00019595542
458,1,0.0009469224,-0.0026712515,0.00075333595,-0.0023040692,0.00042025934,-0.00028700117
459,1,0.00014853179,-0.0014219282,0.00055941986,-0.0017133104,0.00026354185,-0.00013703808
460,1,0.00011445557,-0.0011976821,0.00040425733,-0.0028625813,0.0001213276,-0.0001779751
461,1,-0.00027381798,-0.00013562907,0.00023723047,-0.0015571165,9.134255e-05,-8.183293e-05
462,1,0.0001651807,-0.0004685146,4.1967924e-05,-0.00058057444,5.5206718e-05,-5.4605192e-05
463,1,-0.00043916126,-0.00035134415,0.001322376,0.0027336283,0.0017260287,-0.0001712302
464,1,0.0003030569,-0.0032820678,0.0009761964,0.005111743,0.0010875779,-0.0004102647
465,1,0.00076948595,-0.0026600244,0.0007558971,-0.0024352649,0.00061579945,-0.00048075305
466,1,2.3030154e-05,-0.0013655075,0.00054695335,-0.0016992659,0.00034864375,-0.0004014527
467,1,5.339028e-05,-0.0011905323,0.0003947152,-0.002835518,0.00021671868,-0.0003172707
468,1,-0.0002976127,-0.00011702557,0.00024516223,-0.0015250552,0.0001422336,-0.00024611913
469,1,0.00015779054,-0.0004965514,9.147241e-05,-0.00056398107,0.00018011048,-9.112681e-05
470,1,-0.00052924396,-0.00020669172,0.0009837416,0.0029696098,0.00017047241,-0.00015715735
471,1,0.0002732695,-0.003224772,0.0008392106,0.0054351497,0.00032538548,-0.00034200418
472,1,0.00076502387,-0.0026710841,0.0006596866,-0.00225307,0.0002769532,-0.0004089942
473,1,8.678067e-06,-0.0013694608,0.0005058118,-0.0015490853,0.00018979894,-0.00040468457
474,1,5.173489e-05,-0.0011976684,0.0003759581,-0.0027239837,0.00014801299,-0.00034250796
475,1,-0.0003024232,-0.00012764566,0.0002650499,-0.0014416024,0.0001542428,-0.000253786
476,1,0.00014561038,-0.0005262616,0.00014950318,-0.00053860655,0.00019307615,-0.00010405175
477,1,-0.00040096958,-0.00013977136,0.00072971056,0.0029183014,0.0002451035,-5.758244e-05
478,1,0.00029229058,-0.0031885095,0.0006746075,0.005452443,0.00016951597,-0.00020717901
479,1,0.00076255243,-0.0026435289,0.00057344104,-0.0021290206,0.00015282737,-0.0002984238
480,1,1.3129002e-05,-0.0013774238,0.0004650032,-0.0014460998,0.0001346066,-0.00031127778
481,1,4.8560836e-05,-0.0012031179,0.0003671352,-0.0026329826,0.000121603916,-0.00028827685
482,1,-0.00030709218,-0.00014194947,0.00028417772,-0.0013824003,0.00013704793,-0.00021283857
483,1,0.00012503166,-0.0005488069,0.00023428208,-0.0005116239,0.00021557625,-8.4239866e-05
484,1,-0.0004580735,-8.3551626e-05,0.0006356084,0.002949255,-3.015342e-05,-6.3915206e-05
485,1,0.00030278534,-0.0031422023,0.0005664201,0.0054922225,3.806316e-05,-0.00013291292
486,1,0.0007725042,-0.0026237718,0.0005024931,-0.0020712754,6.492241e-05,-0.00018419202
487,1,1.3652091e-05,-0.0013706299,0.00042944952,-0.001378978,7.1558476e-05,-0.00020934569
488,1,4.9349852e-05,-0.0012040766,0.0003597531,-0.0025698603,8.577097e-05,-0.0001936226
489,1,-0.00031176707,-0.00015409608,0.000304251,-0.0013396598,0.00011016198,-0.00015106745
490,1,0.000117591626,-0.00056237244,0.00026874096,-0.00049607427,0.00014776796,-5.869286e-05
491,1,-0.0003704355,-6.310124e-05,0.0005080445,0.0029389844,1.7918566e-05,-1.683279e-05
492,1,0.00031227153,-0.0031205444,0.0005058913,0.005487876,1.5896852e-05,-6.177819e-05
493,1,0.0007738091,-0.0026059838,0.00046075,-0.0020376241,2.7280665e-05,-9.107384e-05
494,1,1.9117353e-05,-0.0013655503,0.00040617798,-0.0013479927,3.609086e-05,-0.000101877245
495,1,4.739174e-05,-0.0012025408,0.00035383756,-0.002536932,4.3645046e-05,-9.901048e-05
496,1,-0.0003143772,-0.0001592851,0.00031459925,-0.0013145831,5.778315e-05,-7.4450625e-05
497,1,0.00010839666,-0.00057265296,0.0003104172,-0.00048352988,9.094965e-05,-2.9870873e-05
498,1,-0.00043056643,-4.860424e-05,0.00052830833,0.002942646,-1.7621308e-07,7.006765e-08
499,1,0.0003158699,-0.0031111792,0.00048357234,0.0054960637,-7.715051e-08,1.3160432e-07
500,1,0.000777963,-0.0026008226,0.00044605037,-0.0020297377,-2.149942e-08,4.4061647e-08
501,1,1.7166554e-05,-0.0013631262,0.00039922076,-0.0013367843,1.0797504e-08,7.839902e-08
502,1,4.849879e-05,-0.001201657,0.0003521441,-0.002525652,4.8496723e-08,1.7339609e-08
503,1,-0.00031562065,-0.00016128787,0.00031902187,-0.0013071904,8.90474e-08,5.91455e-08
504,1,0.00010847824,-0.0005753071,0.00030989113,-0.0004822616,1.4277113e-07,-1.832162e-08
505,1,-0.0003704268,-6.280039e-05,0.00050802884,0.00293852,-1.819692e-05,1.694287e-05
506,1,0.00031222004,-0.0031203968,0.0005058735,0.005488037,-1.6053353e-05,6.204364e-05
507,1,0.0007738207,-0.0026059598,0.00046074318,-0.002037579,-2.7318074e-05,9.1136295e-05
508,1,1.910035e-05,-0.0013655048,0.00040617742,-0.0013479398,-3.607468e-05,0.00010204972
509,1,4.739859e-05,-0.0012025387,0.00035383424,-0.0025368622,-4.3545548e-05,9.904342e-05
510,1,-0.0003143804,-0.00015927364,0.00031459783,-0.001314575,-5.7606252e-05,7.456531e-05
511,1,0.0001083949,-0.000572653,0.00031041476,-0.00048350036,-9.066421e-05,2.9853993e-05
512,1,-0.00045807383,-8.2946586e-05,0.0006355713,0.0029483335,2.9803628e-05,6.407865e-05
513,1,0.00030268202,-0.0031419387,0.00056640146,0.0054925815,-3.8201335e-05,0.00013307128
514,1,0.0007725274,-0.0026237287,0.00050249015,-0.0020712,-6.497363e-05,0.00018433771
515,1,1.3616404e-05,-0.0013705284,0.00042943886,-0.0013788639,-7.153548e-05,0.000209461
516,1,4.9363913e-05,-0.0012040788,0.0003597508,-0.0025697248,-8.56807e-05,0.00019370798
517,1,-0.00031177496,-0.00015406564,0.00030424612,-0.0013396401,-0.00010998918,0.00015114082
518,1,0.00011758855,-0.0005623819,0.00026873828,-0.0004960184,-0.00014749367,5.8708647e-05
519,1,-0.0004009393,-0.00013891693,0.0007296553,0.0029170325,-0.00024537693,5.771671e-05
520,1,0.00029214026,-0.0031881144,0.0006745955,0.0054529696,-0.00016967944,0.00020743288
521,1,0.00076258485,-0.0026434404,0.0005734121,-0.0021289168,-0.00015287087,0.00029856604
522,1,1.3076317e-05,-0.0013772751,0.00046499344,-0.0014459109,-0.00013459528,0.00031139984
523,1,4.8580332e-05,-0.001203113,0.00036712468,-0.0026327942,-0.00012151845,0.00028836797
524,1,-0.000307105,-0.0001419041,0.0002841719,-0.001382356,-0.00013688745,0.00021290635
525,1,0.00012502472,-0.0005488165,0.00023427574,-0.00051154796,-0.00021531538,8.4268344e-05
526,1,-0.0005292317,-0.00020540072,0.0009836276,0.0029676028,-0.0001708948,0.00015749551
527,1,0.0002730406,-0.0032241438,0.000839139,0.005435833,-0.00032557806,0.0003423075
528,1,0.000765073,-0.0026709696,0.0006596414,-0.0022528914,-0.00027698796,0.00040912174
529,1,8.601398e-06,-0.001369238,0.0005057859,-0.0015488719,-0.00018980847,0.00040481624
530,1,5.176106e-05,-0.00119766,0.00037594055,-0.0027236897,-0.00014793775,0.00034258442
531,1,-0.0003024426,-0.00012758293,0.0002650414,-0.001441574,-0.00015410663,0.00025385388
532,1,0.00014559974,-0.0005262715,0.0001494971,-0.00053848815,-0.00019284316,0.000104070474
533,1,-0.00043902575,-0.00034949713,0.001322089,0.0027308199,-0.0017263355,0.00017137406
534,1,0.00030277445,-0.0032812199,0.00097599544,0.005112654,-0.0010877121,0.00041044352
535,1,0.0007695631,-0.0026598603,0.00075582153,-0.0024350516,-0.00061586726,0.00048086274
536,1,2.2929053e-05,-0.0013652078,0.00054689555,-0.0016990033,-0.0003486524,0.0004015579
537,1,5.3427008e-05,-0.0011905102,0.00039468776,-0.00283511,-0.00021667372,0.00031732625
538,1,-0.00029763818,-0.00011695048,0.00024514782,-0.0015250354,-0.00014213992,0.00024616517
539,1,0.00015777446,-0.00049655803,9.1468035e-05,-0.0005638175,-0.00017991764,9.114032e-05
540,1,-0.00019233518,-0.00030757947,0.00078254676,0.0031389727,-0.0016954057,-0.000114096976
541,1,0.0005469877,-0.0032922293,0.0010542354,0.005275186,-0.001018117,0.00019595583
542,1,0.0009469862,-0.0026709836,0.00075318717,-0.0023037102,-0.00042025823,0.0002870785
543,1,0.0001484044,-0.0014215747,0.00055934413,-0.001713007,-0.00026356132,0.00013705825
544,1,0.00011449309,-0.0011976326,0.00040421187,-0.0028620285,-0.00012131057,0.00017801118
545,1,-0.00027384158,-0.00013555595,0.00023721126,-0.0015570668,-9.130249e-05,8.183807e-05
546,1,0.0001651685,-0.0004685182,4.1976364e-05,-0.0005803523,-5.515393e-05,5.4608845e-05
547,1,0.00019583166,-0.009760393,0.0031573556,0.0054595037,0.0009942066,-0.00074729265
548,1,0.0020492796,-0.0057941866,0.0015787816,-0.002945709,0.000121021105,-0.000765482
549,1,0.00064069824,-0.0030816805,0.0009902886,-0.004301222,6.727657e-05,-0.00027130463
550,1,0.0006329177,-0.0024858913,0.0007239901,-0.0050030807,1.8068622e-05,-0.00029472107
551,1,-0.00017023688,-0.0008571306,0.00048620556,-0.0048817666,2.1941289e-05,-0.00014888162
552,1,-0.0002526304,-0.0007001329,0.0003096406,-0.0031035654,1.205538e-05,-0.00015746492
553,1,-8.665565e-05,0.00018948028,8.090831e-05,-0.0013840736,7.256931e-05,-4.1092648e-05
554,1,-0.0003501085,-0.009820166,0.0019206626,0.0057950686,7.855067e-05,-0.00048524616
555,1,0.00162711,-0.005802715,0.0014246627,-0.002931106,0.00015919702,-0.0009927859
556,1,0.00038239206,-0.0029772443,0.00089089846,-0.0040863836,-5.197744e-06,-0.00071647286
557,1,0.00047679804,-0.0024449066,0.0006546137,-0.0048287036,5.9697504e-06,-0.00048557814
558,1,-0.0002574385,-0.00080043415,0.0004693179,-0.004680918,1.2136867e-05,-0.0004187777
559,1,-0.00027530149,-0.00070735114,0.00031220584,-0.00292411,7.6733035e-05,-0.00027030238
560,1,-9.1029055e-05,0.00018133687,0.00012658615,-0.0013149218,0.00017641322,-0.0001232607
561,1,-1.9340554e-05,-0.009545016,0.0010907197,0.0059709414,-0.0003557387,-9.304539e-05
562,1,0.0017498634,-0.005852417,0.0009905472,-0.0027008206,-0.0001849183,-0.0003694803
563,1,0.00040627486,-0.0030382972,0.0007750696,-0.0039209602,-7.060229e-05,-0.00058533635
564,1,0.0004932543,-0.002455709,0.0005608578,-0.0046610613,-3.9941213e-05,-0.0005006931
565,1,-0.0002529045,-0.0008140091,0.00043780293,-0.0045343596,1.9871211e-05,-0.00038991414
566,1,-0.0002719179,-0.0007207005,0.00031653215,-0.0028179388,9.213314e-05,-0.00030748994
567,1,-0.00011312873,0.00014837967,0.00023583398,-0.001275503,0.00024093184,-0.00010856993
568,1,-0.000110930436,-0.009498887,0.0008735577,0.005916099,-0.00019152215,-0.00012903349
569,1,0.0017389902,-0.005702362,0.00073786057,-0.0026710513,-0.0001468653,-0.00027561907
570,1,0.00041634685,-0.003035792,0.00063417206,-0.0038075703,-9.068144e-05,-0.0003249293
571,1,0.0004914603,-0.0024726703,0.00052360335,-0.0045567756,-2.4963441e-05,-0.00038126085
572,1,-0.00025059204,-0.0008241152,0.00041414172,-0.0044427286,2.984381e-05,-0.00033318356
573,1,-0.00027760692,-0.0007410225,0.00034703943,-0.002752786,0.00011093294,-0.000240279
574,1,-0.00012427544,0.00012874194,0.00028222735,-0.0012539222,0.00018613985,-0.000100746285
575,1,1.5730324e-05,-0.009369508,0.0005918208,0.005965585,-0.0002475571,-2.0406895e-05
576,1,0.0017688217,-0.005694788,0.0006021239,-0.0026155629,-0.00013282239,-0.00013219118
577,1,0.00042809694,-0.0029891445,0.0005324751,-0.0037671314,-6.734123e-05,-0.00022714576
578,1,0.0005003411,-0.002465665,0.0004676718,-0.0044856714,-1.9608968e-05,-0.00022819606
579,1,-0.00024987137,-0.0008377062,0.00040918658,-0.0043919254,3.1155476e-05,-0.00022296452
580,1,-0.00028257698,-0.000740618,0.00035767365,-0.0027092684,8.347917e-05,-0.00017097776
581,1,-0.00013598592,9.245555e-05,0.00035717554,-0.0012384445,0.00017207372,-6.4930646e-05
582,1,-3.245216e-05,-0.009355646,0.00055725535,0.005912095,-8.2950304e-05,-3.2287033e-05
583,1,0.0017712598,-0.005620607,0.0005059048,-0.0026054836,-6.582841e-05,-6.9135305e-05
584,1,0.00043596432,-0.0029943872,0.00048743037,-0.0037301031,-3.5812176e-05,-9.431863e-05
585,1,0.0004999118,-0.002449306,0.00043902075,-0.0044608866,-7.84572e-06,-0.00011974249
586,1,-0.00024880128,-0.00083643914,0.0003974629,-0.004357616,1.8188428e-05,-0.00010871291
587,1,-0.00028579368,-0.0007533414,0.00037530216,-0.002691633,5.0169652e-05,-8.440041e-05
588,1,-0.00014226353,9.442145e-05,0.00037149104,-0.0012301045,7.7882054e-05,-3.3674853e-05
589,1,3.1341584e-05,-0.009311719,0.00046707527,0.005952542,-7.191447e-08,5.987193e-08
590,1,0.0017776861,-0.005643212,0.0004964534,-0.0025946926,-9.391705e-09,-2.9293776e-09
591,1,0.0004366909,-0.0029651017,0.00045960353,-0.0037302044,-1.0569029e-08,8.14146e-08
592,1,0.00050312566,-0.0024555284,0.00043122977,-0.0044435207,3.1140427e-08,-3.4494626e-08
593,1,-0.00024957012,-0.0008369665,0.00039643838,-0.004354017,5.450407e-08,7.281763e-08
594,1,-0.0002875713,-0.0007468713,0.00037435378,-0.0026809056,1.0097727e-07,-3.2545394e-08
595,1,-0.00014382022,7.536936e-05,0.00039783763,-0.0012279619,1.5404727e-07,5.041938e-08
596,1,-3.246162e-05,-0.0093554715,0.0005572449,0.0059128827,8.2709645e-05,3.2413245e-05
597,1,0.0017712516,-0.0056205844,0.00050588744,-0.0026053002,6.5801316e-05,6.916667e-05
598,1,0.0004359615,-0.0029943453,0.00048742443,-0.0037299744,3.5798003e-05,9.438132e-05
599,1,0.0004999115,-0.0024493148,0.00043902424,-0.0044607674,7.899251e-06,0.000119771015
600,1,-0.0002488006,-0.00083642115,0.00039745835,-0.0043575773,-1.8073873e-05,0.00010878168
601,1,-0.00028579117,-0.0007533456,0.00037530335,-0.0026915448,-4.9975824e-05,8.4395055e-05
602,1,-0.00014226313,9.44197e-05,0.00037148912,-0.0012301031,-7.757661e-05,3.3732027e-05
603,1,1.570104e-05,-0.009369138,0.00059178827,0.0059671723,0.00024742054,2.040875e-05
604,1,0.0017688109,-0.0056948056,0.0006021123,-0.0026152,0.00013279571,0.00013218906
605,1,0.00042808754,-0.0029890551,0.0005324799,-0.003766869,6.7323555e-05,0.00022724537
606,1,0.0005003417,-0.002465676,0.00046766087,-0.0044854335,1.966654e-05,0.00022821143
607,1,-0.00024987178,-0.0008376758,0.00040919127,-0.0043918435,-3.1048367e-05,0.00022303862
608,1,-0.00028257194,-0.0007406219,0.00035766786,-0.0027090958,-8.3285115e-05,0.00017099545
609,1,-0.00013598628,9.244796e-05,0.00035717626,-0.0012384371,-0.00017177364,6.4961445e-05
610,1,-0.00011095325,-0.009498517,0.0008735393,0.005918444,0.00019122325,0.00012905471
611,1,0.0017389735,-0.005702343,0.0007378621,-0.0026705132,0.00014682721,0.0002757474
612,1,0.00041633067,-0.0030356525,0.000634151,-0.003807142,9.066705e-05,0.00032496176
613,1,0.0004914619,-0.0024726992,0.00052361126,-0.0045564324,2.500132e-05,0.0003813408
614,1,-0.00025059562,-0.0008240506,0.00041413077,-0.0044425908,-2.973903e-05,0.0003332318
615,1,-0.00027759987,-0.00074103975,0.00034704,-0.0027525355,-0.00011075576,0.0002403209
616,1,-0.0001242791,0.00012874845,0.0002822223,-0.0012539056,-0.00018585524,0.0001007609
617,1,-1.939438e-05,-0.009544182,0.0010906322,0.00597428,0.00035555774,9.325303e-05
618,1,0.0017498267,-0.005852416,0.0009905125,-0.002699978,0.00018494684,0.00036956952
619,1,0.00040625897,-0.0030380988,0.000775067,-0.0039204275,7.052535e-05,0.0005854278
620,1,0.00049324764,-0.002455721,0.00056083885,-0.0046605617,3.999138e-05,0.00050077867
621,1,-0.00025290682,-0.00081393047,0.00043779842,-0.004534199,-1.9797753e-05,0.00038996234
622,1,-0.00027191374,-0.0007207049,0.00031652505,-0.002817577,-9.197145e-05,0.00030754003
623,1,-0.000113133574,0.00014836507,0.00023583254,-0.0012754893,-0.00024067762,0.000108587985
624,1,-0.00035011224,-0.009819188,0.0019205321,0.0057994975,-7.908249e-05,0.00048516822
625,1,0.001627056,-0.005802626,0.0014245877,-0.0029301096,-0.00015941802,0.00099295
626,1,0.00038237422,-0.0029769558,0.00089086144,-0.0040857354,5.1084235e-06,0.0007165848
627,1,0.000476787,-0.0024449073,0.00065458135,-0.00482802,-5.9729578e-06,0.0004856284
628,1,-0.00025744108,-0.0008003289,0.0004693041,-0.0046807514,-1.209609e-05,0.00041884498
629,1,-0.00027529921,-0.0007073454,0.00031219603,-0.0029236074,-7.661504e-05,0.0002703187
630,1,-9.1035734e-05,0.0001813108,0.00012658314,-0.0013149264,-0.00017621637,0.00012327582
631,1,0.00019575763,-0.009758848,0.0031569267,0.005464685,-0.0009951724,0.0007474183
632,1,0.0020491665,-0.0057939906,0.0015786908,-0.002944313,-0.00012115128,0.0007655563
633,1,0.0006406768,-0.0030813029,0.0009901777,-0.0043004286,-6.735948e-05,0.00027133364
634,1,0.0006328911,-0.00248586,0.0007239665,-0.005002186,-1.8086304e-05,0.00029476878
635,1,-0.00017023507,-0.00085701665,0.00048616825,-0.004881544,-2.1928427e-05,0.00014889314
636,1,-0.0002526293,-0.00070010667,0.0003096328,-0.003102908,-1.2021459e-05,0.00015748604
637,1,-8.665595e-05,0.00018942534,8.0909864e-05,-0.0013840498,-7.245139e-05,4.1094965e-05
638,1,0.0004979869,-0.006654079,0.0021132035,-0.012736297,-0.0025954463,-0.00042530656
639,1,0.0016417296,-0.004424759,0.0012885015,-0.009159479,-0.0008637905,-0.0005302109
640,1,0.00089640694,-0.0033228444,0.00086824223,-0.008173732,-0.00045463745,-0.00027319812
641,1,0.00038015374,-0.0016721145,0.0006568776,-0.008394461,-0.00025611365,-0.00023666502
642,1,-0.00015646331,-0.0013044949,0.0004846376,-0.0066457936,-0.00013932244,-0.0001546848
643,1,-0.0005505826,-6.807647e-05,0.00036015737,-0.0055160536,-2.4240824e-05,-0.00012528541
644,1,-0.00030763733,-0.00023189397,0.00012846007,-0.0017986153,0.0001198831,-5.7044064e-05
645,1,8.8338216e-05,-0.006752389,0.0015592398,-0.0127133,-0.0019680772,-0.00035293514
646,1,0.0013020308,-0.004407242,0.0011774758,-0.008478286,-0.0013525885,-0.00075876806
647,1,0.0006800534,-0.0032811332,0.00079732237,-0.0077483603,-0.00068675756,-0.00062118535
648,1,0.00024482506,-0.001601905,0.0006105791,-0.007941598,-0.00042014648,-0.00044668795
649,1,-0.00022173388,-0.0012987485,0.00047115414,-0.006290224,-0.00020408281,-0.00038072706
650,1,-0.00056657655,-3.8074853e-05,0.0003423567,-0.0051951115,-3.5395176e-05,-0.00025850817
651,1,-0.00030652864,-0.00027594357,0.0002331601,-0.0016345058,0.00024131568,-0.000108339635
652,1,0.00025574883,-0.0065371194,0.0009437585,-0.012946693,-0.00078529405,-0.000116705756
653,1,0.0013653003,-0.004410221,0.00085679366,-0.008606333,-0.00066486583,-0.00035179916
654,1,0.00069973833,-0.003332264,0.0006930105,-0.0076095914,-0.00050198805,-0.00051434175
655,1,0.00025248062,-0.0016051859,0.00053531036,-0.0077772713,-0.00028171515,-0.00046038665
656,1,-0.00021391864,-0.0013184845,0.00044389162,-0.00611017,-0.00012655545,-0.00036993503
657,1,-0.0005615253,-4.7287675e-05,0.0003624097,-0.005072987,5.3073018e-05,-0.00028650244
658,1,-0.00031778755,-0.0003123393,0.00027957,-0.001598059,0.00020121134,-0.00010854308
659,1,0.00024989573,-0.0064785625,0.000705128,-0.012786047,-0.000843673,-9.697587e-05
660,1,0.0013696434,-0.004309788,0.00064257445,-0.008472902,-0.0005365048,-0.0002442558
661,1,0.00070357154,-0.0033164737,0.00057544746,-0.0075586615,-0.0003451273,-0.00031095295
662,1,0.0002553884,-0.0016264141,0.00049969566,-0.0076750177,-0.00020678717,-0.00035106536
663,1,-0.00021358147,-0.0013206925,0.00042757133,-0.006017904,-6.187423e-05,-0.00031578683
664,1,-0.0005660873,-7.420614e-05,0.00038534464,-0.0050078705,6.0864426e-05,-0.00022933491
665,1,-0.00033026192,-0.00032800823,0.0003702221,-0.0015701433,0.00023646247,-9.4200084e-05
666,1,0.00030275263,-0.0063726814,0.00050951587,-0.012833947,-0.00034599897,-3.5302077e-05
667,1,0.0013886691,-0.004291821,0.0005215298,-0.008463261,-0.0003008064,-0.0001295077
668,1,0.00071486586,-0.0032770745,0.0004873455,-0.0074870777,-0.00021180681,-0.00020827829
669,1,0.00025966333,-0.0016234524,0.00045423507,-0.0076369243,-0.00011347458,-0.00021875683
670,1,-0.00021421572,-0.001326909,0.00042433123,-0.0059613064,-2.7048747e-05,-0.00021099157
671,1,-0.00056921464,-8.255378e-05,0.000403639,-0.0049786028,6.988418e-05,-0.00016355868
672,1,-0.00034466397,-0.00035230676,0.00041389326,-0.001559313,0.0001417742,-6.2620304e-05
673,1,0.00030511085,-0.0063557066,0.00043465794,-0.012738935,-0.00024910382,-2.5202908e-05
674,1,0.0013949608,-0.004238099,0.00044005318,-0.008420624,-0.00015418323,-6.466533e-05
675,1,0.00071792194,-0.0032739516,0.00044702447,-0.0074752853,-0.0001011005,-9.170113e-05
676,1,0.0002616056,-0.0016124144,0.00042854424,-0.0075976085,-5.4662887e-05,-0.000111848494
677,1,-0.00021497354,-0.0013244518,0.00041599758,-0.005943252,-6.9802372e-06,-0.00010466251
678,1,-0.0005746639,-9.460737e-05,0.00041949147,-0.004957136,3.5980294e-05,-8.060153e-05
679,1,-0.00034766836,-0.00035464027,0.00045169579,-0.0015553902,9.428265e-05,-3.2359396e-05
680,1,0.0003208897,-0.006321263,0.0003945643,-0.012790409,-1.6509944e-07,-1.5367333e-07
681,1,0.0013980187,-0.004250535,0.00042790073,-0.008423114,-4.5887212e-08,-9.292502e-09
682,1,0.000720899,-0.0032520222,0.00042307196,-0.0074535804,-8.5388585e-09,-7.3089915e-08
683,1,0.00026188037,-0.0016169319,0.00042256812,-0.0076000094,1.7701149e-08,2.5795277e-08
684,1,-0.00021561218,-0.0013234585,0.00041543558,-0.0059281434,6.0016646e-08,-5.1396242e-08
685,1,-0.0005741678,-9.207126e-05,0.00042090824,-0.004957325,9.770845e-08,4.0232084e-08
686,1,-0.0003543592,-0.000366129,0.00045964573,-0.0015518365,1.5889754e-07,-5.2049007e-08
687,1,0.00030512817,-0.0063561075,0.0004346632,-0.012739091,0.0002487906,2.5022415e-05
688,1,0.0013949962,-0.004238105,0.00044004447,-0.008420323,0.00015408827,6.458646e-05
689,1,0.0007179121,-0.0032740023,0.0004470238,-0.007475217,0.0001010729,9.15752e-05
690,1,0.00026161855,-0.0016124116,0.0004285455,-0.007597501,5.4708908e-05,0.00011188877
691,1,-0.00021497461,-0.0013244664,0.00041599694,-0.0059431707,7.0921797e-06,0.00010457704
692,1,-0.0005746572,-9.461017e-05,0.00041949173,-0.0049570976,-3.5777906e-05,8.066631e-05
693,1,-0.00034766644,-0.00035462627,0.00045169482,-0.0015553562,-9.39606e-05,3.2292246e-05
694,1,0.00030281206,-0.006373452,0.00050948927,-0.0128342835,0.0003456618,3.508251e-05
695,1,0.001388739,-0.0042918655,0.00052152993,-0.0084626805,0.0003006984,0.00012936864
696,1,0.00071484735,-0.0032771735,0.00048734664,-0.0074869357,0.00021179066,0.00020822731
697,1,0.0002596879,-0.0016234426,0.00045423472,-0.007636701,0.000113513204,0.00021872598
698,1,-0.00021421784,-0.001326947,0.00042433498,-0.005961151,2.7162841e-05,0.00021098401
699,1,-0.0005692027,-8.254873e-05,0.00040363704,-0.0049785175,-6.968909e-05,0.0001635634
700,1,-0.00034466144,-0.0003522932,0.000413896,-0.0015592511,-0.00014146412,6.260624e-05
701,1,0.00024994297,-0.006479749,0.0007051438,-0.012786573,0.0008433202,9.686583e-05
702,1,0.001369744,-0.0043098414,0.00064256904,-0.008472008,0.00053641037,0.00024410489
703,1,0.00070354587,-0.0033166353,0.00057545345,-0.0075584436,0.00034509457,0.00031089614
704,1,0.0002554204,-0.0016264027,0.00049970835,-0.00767468,0.00020682767,0.0003510558
705,1,-0.00021358444,-0.0013207424,0.00042756938,-0.0060176654,6.1979605e-05,0.00031579798
706,1,-0.00056607276,-7.420034e-05,0.0003853464,-0.005007741,-6.067536e-05,0.00022933942
707,1,-0.0003302579,-0.0003279821,0.0003702199,-0.0015700499,-0.00023615755,9.4208575e-05
708,1,0.0002558653,-0.0065387916,0.0009437228,-0.0129473815,0.0007848973,0.000116416435
709,1,0.0013654623,-0.004410334,0.0008568093,-0.008605072,0.0006647557,0.0003515945
710,1,0.00069968787,-0.0033324875,0.0006930474,-0.0076093012,0.00050195964,0.0005143668
711,1,0.0002525316,-0.0016051492,0.0005353077,-0.0077767945,0.00028174097,0.0004603947
712,1,-0.00021393124,-0.0013185529,0.00044389765,-0.0061098505,0.00012664474,0.00036995273
713,1,-0.0005615052,-4.7276208e-05,0.00036240794,-0.0050728093,-5.290425e-05,0.0002865201
714,1,-0.00031779046,-0.00031229403,0.0002795714,-0.001597934,-0.00020093874,0.00010853837
715,1,8.836441e-05,-0.006754781,0.001559352,-0.012714493,0.0019674266,0.00035277085
716,1,0.0013022273,-0.0044073476,0.0011775924,-0.008476537,0.0013524469,0.0007587619
717,1,0.0006799667,-0.003281359,0.0007973292,-0.007747978,0.0006866871,0.0006212653
718,1,0.0002448942,-0.0016018683,0.000610591,-0.007941012,0.00042013536,0.0004466892
719,1,-0.00022176073,-0.0012988024,0.00047115432,-0.0062897652,0.00020414662,0.0003807733
720,1,-0.00056654896,-3.808097e-05,0.00034235432,-0.005194913,3.5507328e-05,0.00025851428
721,1,-0.0003065366,-0.00027585236,0.00023316049,-0.0016343297,-0.00024107771,0.000108350556
722,1,0.00049808476,-0.006656805,0.00211376,-0.012737265,0.002595212,0.0004254752
723,1,0.0016419959,-0.0044248393,0.0012886127,-0.009157279,0.0008636573,0.00053033844
724,1,0.0008963072,-0.0033230807,0.0008682562,-0.008173177,0.0004545687,0.0002731866
725,1,0.0003802432,-0.0016720777,0.0006568944,-0.008393724,0.00025611557,0.00023671467
726,1,-0.00015649684,-0.0013045317,0.00048462985,-0.0066451863,0.00013932723,0.00015468444
727,1,-0.00055054604,-6.81063e-05,0.00036016016,-0.005515771,2.4294337e-05,0.0001253054
728,1,-0.00030764937,-0.00023176087,0.0001284419,-0.0017983792,-0.000119806245,5.7043868e-05
729,1,0.0008063614,0.0021986577,-0.0003558183,-0.0023662427,-0.0013215168,0.0002945634
730,1,0.0005762879,-0.0021293832,0.0004404991,-0.01326603,-0.0011635766,6.952164e-05
731,1,0.0010073679,-0.0014998636,0.00045114936,-0.009986305,-0.00063737755,-0.00019697296
732,1,4.1116095e-05,-0.001467211,0.00043546205,-0.010593497,-0.0003876312,-7.280583e-05
733,1,-0.00031511823,-0.0003214527,0.0004166621,-0.008692074,-0.00019360583,-0.00014453573
734,1,-0.000794629,-0.00038640105,0.00034163345,-0.006527739,-0.000101550104,-6.662687e-05
735,1,-0.0007664756,0.00026443426,0.00031842684,-0.0026508798,0.00013475181,-2.8989001e-05
736,1,0.00076590775,0.002124092,0.00052149914,-0.0016394677,-0.0025384414,1.6653885e-05
737,1,0.00049181934,-0.0021805365,0.0004769059,-0.012624479,-0.0016254382,-9.3287614e-05
738,1,0.00091636204,-0.0014991818,0.00051030883,-0.009272041,-0.001065083,-0.00028634255
739,1,-1.6038204e-05,-0.0014806881,0.0004410162,-0.010059106,-0.0006318626,-0.00030370377
740,1,-0.00033864527,-0.00029039153,0.00041025362,-0.008166752,-0.0003464801,-0.0002397808
741,1,-0.0007830016,-0.00042599058,0.00037376102,-0.006097903,-6.086191e-05,-0.00020623657
742,1,-0.0007468669,0.00027203583,0.00027597698,-0.0024458747,0.00021690279,-7.656312e-05
743,1,0.0005539768,0.0021819838,0.0005350055,-0.0016333717,-0.001344829,-0.00012874042
744,1,0.00040261008,-0.0021234383,0.0004989244,-0.0125734145,-0.0010590713,-0.00024950632
745,1,0.0008920259,-0.0014755824,0.00045891025,-0.009110157,-0.0007201785,-0.00027828454
746,1,-3.0333285e-05,-0.001498559,0.00043819196,-0.009847384,-0.00044725992,-0.0003128285
747,1,-0.00033645137,-0.00028788656,0.0004049558,-0.007949202,-0.00021058472,-0.00028595692
748,1,-0.0007778938,-0.0004492268,0.0003855883,-0.0059401607,9.107462e-06,-0.0002112377
749,1,-0.00074815785,0.00024722543,0.0003839899,-0.0023941353,0.00029034264,-8.8933324e-05
750,1,0.000697062,0.002221329,0.0003576984,-0.0016046456,-0.0009879067,-3.4037705e-05
751,1,0.00042894605,-0.0021160033,0.00041001692,-0.01249349,-0.0007323609,-0.00015491487
752,1,0.0008915566,-0.0014609449,0.00041604319,-0.009023848,-0.0005172267,-0.0002391833
753,1,-2.829809e-05,-0.0014899177,0.0004098018,-0.009734151,-0.0003086659,-0.0002511042
754,1,-0.00033789157,-0.0003070934,0.00041137455,-0.007849663,-0.00012233497,-0.00023974811
755,1,-0.0007800159,-0.00045070203,0.00041476722,-0.0058650314,6.2339765e-05,-0.00018627763
756,1,-0.0007655588,0.00021204923,0.00042924058,-0.002367117,0.00020261627,-7.293313e-05
757,1,0.00062060537,0.002242052,0.00032394868,-0.0015653288,-0.00060164987,-5.7024787e-05
758,1,0.0004252631,-0.0020728114,0.00034710762,-0.012432369,-0.00044050047,-0.00011179849
759,1,0.0008917582,-0.001454589,0.0003773893,-0.008983645,-0.0003058629,-0.0001486024
760,1,-3.190816e-05,-0.0014821237,0.0003948815,-0.009673491,-0.00017936662,-0.00017693143
761,1,-0.00034006816,-0.00031006045,0.0004110927,-0.0078053335,-5.964248e-05,-0.00016625502
762,1,-0.00078927533,-0.0004607733,0.00043974,-0.0058254907,5.507479e-05,-0.00013083548
763,1,-0.00076856214,0.00019549365,0.00049046514,-0.0023593057,0.00019072741,-5.2567288e-05
764,1,0.00069959054,0.002258493,0.00022909931,-0.001581949,-0.0002805219,-1.3141444e-05
765,1,0.00043403474,-0.0020654579,0.0003088701,-0.0124014625,-0.00021287375,-5.1951683e-05
766,1,0.00089262275,-0.0014387319,0.00034822192,-0.008951936,-0.00014757074,-7.7418365e-05
767,1,-3.0900443e-05,-0.0014776939,0.00038206542,-0.009647382,-8.40423e-05,-8.60035e-05
768,1,-0.00034385265,-0.00031288614,0.00041379695,-0.0077791293,-2.3163779e-05,-8.563225e-05
769,1,-0.0007910424,-0.00046088384,0.00045298517,-0.0058127013,3.7182133e-05,-6.577064e-05
770,1,-0.00078451703,0.00017964825,0.00051799126,-0.0023523546,8.093281e-05,-2.6156531e-05
771,1,0.00064220786,0.0022612978,0.0002486277,-0.0015523406,-1.9395111e-07,7.686376e-08
772,1,0.00043426713,-0.0020517604,0.00029275645,-0.012387921,-1.2081462e-07,-1.3771245e-07
773,1,0.0008929668,-0.0014403715,0.0003424396,-0.008949715,-3.8331535e-08,6.080073e-09
774,1,-3.2402364e-05,-0.0014733291,0.00037752936,-0.009634509,4.6260364e-09,-1.0047779e-07
775,1,-0.0003435961,-0.0003125399,0.00041295696,-0.0077757523,4.60895e-08,2.9796377e-08
776,1,-0.0007955752,-0.00046463692,0.00046026765,-0.005805053,9.581501e-08,-7.750818e-08
777,1,-0.0007775973,0.00017891423,0.00052990264,-0.0023538554,1.5868439e-07,5.757266e-08
778,1,0.000699568,0.0022586463,0.00022909364,-0.0015819503,0.00028022117,1.317179e-05
779,1,0.0004340447,-0.0020656085,0.00030887485,-0.012401634,0.00021262927,5.173899e-05
780,1,0.0008926368,-0.0014387282,0.00034822206,-0.008951773,0.00014749727,7.7390265e-05
781,1,-3.0901494e-05,-0.0014777363,0.00038206694,-0.00964738,8.404984e-05,8.584081e-05
782,1,-0.00034384208,-0.00031288672,0.00041379745,-0.0077790315,2.3259456e-05,8.565757e-05
783,1,-0.00079103844,-0.00046089385,0.00045298523,-0.0058126724,-3.6995705e-05,6.565376e-05
784,1,-0.0007845075,0.00017962733,0.00051799306,-0.0023523325,-8.0632126e-05,2.6221138e-05
785,1,0.0006205467,0.002242342,0.00032396612,-0.0015653229,0.00060125923,5.7056597e-05
786,1,0.00042528205,-0.0020730945,0.00034710756,-0.012432722,0.0004402508,0.000111662855
787,1,0.0008917867,-0.0014545873,0.00037739272,-0.008983318,0.00030579322,0.0001484889
788,1,-3.191059e-05,-0.0014822138,0.00039488805,-0.009673484,0.00017937191,0.00017685661
789,1,-0.00034004846,-0.00031005542,0.00041109393,-0.007805138,5.9742597e-05,0.00016621279
790,1,-0.00078926777,-0.0004608015,0.00043974092,-0.0058254325,-5.488814e-05,0.00013080117
791,1,-0.00076854357,0.00019546482,0.0004904646,-0.0023592564,-0.00019041238,5.2574545e-05
792,1,0.0006969919,0.002221776,0.00035769504,-0.0016045948,0.0009876115,3.397591e-05
793,1,0.00042897195,-0.0021164462,0.0004100284,-0.012494033,0.0007321133,0.00015476631
794,1,0.0008915961,-0.0014609498,0.00041606434,-0.009023354,0.00051715836,0.00023907554
795,1,-2.8301962e-05,-0.0014900543,0.00040981092,-0.009734139,0.0003086798,0.0002510552
796,1,-0.00033786535,-0.00030708523,0.00041138107,-0.00784936,0.00012243143,0.00023970875
797,1,-0.00078000606,-0.000450743,0.0004147676,-0.0058649466,-6.215905e-05,0.00018626508
798,1,-0.00076553616,0.0002120065,0.0004292442,-0.0023670387,-0.00020232493,7.292091e-05
799,1,0.00055383996,0.0021825728,0.0005350669,-0.0016334449,0.0013443424,0.00012872046
800,1,0.00040265077,-0.0021240842,0.00049897836,-0.012574216,0.0010587983,0.00024936843
801,1,0.0008920825,-0.0014755821,0.00045894057,-0.009109443,0.0007201372,0.00027820776
802,1,-3.0344403e-05,-0.0014987472,0.00043821405,-0.009847378,0.0004472624,0.0003128046
803,1,-0.00033641641,-0.0002878687,0.00040496225,-0.007948776,0.00021067515,0.00028594144
804,1,-0.0007778865,-0.00044927764,0.0003855908,-0.005940051,-8.942163e-06,0.00021123396
805,1,-0.00074812723,0.00024716064,0.00038398942,-0.002394025,-0.0002900588,8.8943634e-05
806,1,0.0007657069,0.0021249272,0.00052168564,-0.001639406,0.0025382957,-1.6596705e-05
807,1,0.0004918565,-0.0021814243,0.00047700995,-0.012625538,0.0016252858,9.3225855e-05
808,1,0.00091643207,-0.0014991637,0.00051037123,-0.009271039,0.0010650645,0.00028631804
809,1,-1.6065247e-05,-0.0014809057,0.00044104116,-0.010059086,0.00063186476,0.0003037172
810,1,-0.0003385984,-0.00029038414,0.00041026602,-0.008166203,0.00034654324,0.00023977054
811,1,-0.00078300305,-0.0004260226,0.0003737661,-0.0060977414,6.098952e-05,0.00020624972
812,1,-0.00074683066,0.0002719196,0.00027597454,-0.0024457362,-0.00021668649,7.6560944e-05
813,1,0.0008061867,0.0021995322,-0.00035570288,-0.0023663356,0.0013216882,-0.00029463213
814,1,0.00057638163,-0.0021304202,0.00044068095,-0.013267102,0.0011636199,-6.951442e-05
815,1,0.0010074636,-0.0014998574,0.00045122617,-0.009985108,0.0006373636,0.0001970112
816,1,4.1094067e-05,-0.0014674447,0.00043549255,-0.010593377,0.00038763572,7.279147e-05
817,1,-0.00031506058,-0.00032146665,0.00041668283,-0.008691408,0.00019363378,0.00014456463
818,1,-0.0007946337,-0.00038640725,0.00034163284,-0.0065274755,0.00010159468,6.6622495e-05
819,1,-0.0007664331,0.00026426953,0.00031844137,-0.0026506928,-0.00013465117,2.8997762e-05
820,1,0.0017388626,-0.0023817339,-0.00024587545,-0.004048347,-0.00043374748,-7.6706616e-05
821,1,0.0008495372,0.0006784386,-0.00022716679,-0.006736105,-0.00043501557,9.014403e-05
822,1,0.0005069666,-0.0011161362,8.030284e-05,-0.0128324935,-0.00049869536,5.910405e-05
823,1,6.681393e-05,-8.12323e-05,0.00022085496,-0.009998937,-0.00031036403,-8.3536754e-05
824,1,-0.00064267096,-0.00053128286,0.00030815168,-0.010624225,-0.0002117034,-8.848088e-06
825,1,-0.0010968167,0.00052745827,0.00039095368,-0.0069799568,-2.7820217e-05,-7.155967e-05
826,1,-0.0012485163,0.00013748341,0.00030947517,-0.003116832,8.8222696e-05,-2.47296e-05
827,1,0.0018595259,-0.0025921008,-0.0003345922,-0.0039642267,-0.0014629647,9.960552e-05
828,1,0.00092532503,0.0006222544,7.722345e-06,-0.005984338,-0.0011764618,8.64713e-05
829,1,0.0005343217,-0.0011975913,0.00015031426,-0.012276283,-0.00090034975,-3.6390782e-05
830,1,9.046854e-05,-8.829057e-05,0.00026487763,-0.009313378,-0.0005971446,-0.00010126954
831,1,-0.0006131179,-0.0005923482,0.00033471826,-0.010115091,-0.00031857478,-0.00014171147
832,1,-0.0010586991,0.00054512825,0.0003742163,-0.006455967,-8.1766295e-05,-0.000106168096
833,1,-0.0012083509,6.5929424e-05,0.0004371015,-0.0028866085,0.00035028683,-5.040379e-05
834,1,0.0017692974,-0.0026751359,2.6455304e-05,-0.003768439,-0.0015856643,-6.521886e-06
835,1,0.0008316244,0.0006302561,0.000103538696,-0.0056539397,-0.0010799826,-4.193545e-05
836,1,0.00047964108,-0.0011942792,0.00022151374,-0.012002497,-0.0007289128,-0.000106357606
837,1,7.190426e-05,-8.350694e-05,0.0002942739,-0.009022133,-0.00046743313,-0.0001565021
838,1,-0.0006166498,-0.00060955423,0.00035909962,-0.009853562,-0.00021335132,-0.00015888475
839,1,-0.0010494734,0.00053571333,0.00041537182,-0.006257081,5.4465814e-05,-0.00013710994
840,1,-0.0012084584,3.942976e-05,0.0004448022,-0.0028263526,0.0002696777,-5.285812e-05
841,1,0.001728429,-0.0026778597,3.7652735e-05,-0.0037717293,-0.0009262015,-4.3829572e-05
842,1,0.0008386031,0.00063321495,0.00013546465,-0.0055936095,-0.00074183394,-8.828425e-05
843,1,0.00047796263,-0.0011848279,0.00022341193,-0.011853576,-0.0005294873,-0.00011364863
844,1,6.653042e-05,-8.847556e-05,0.0003075389,-0.008890772,-0.00031042812,-0.00014401792
845,1,-0.0006191126,-0.00060388073,0.00037582318,-0.009716334,-0.00011575321,-0.00014953977
846,1,-0.0010545589,0.0005116586,0.0004443262,-0.0061720842,6.921346e-05,-0.00012053305
847,1,-0.0012103913,3.0166677e-05,0.0005244227,-0.0027881707,0.000307523,-5.021327e-05
848,1,0.0017741007,-0.002670403,2.145586e-05,-0.0037273709,-0.0006987401,-1.1785515e-05
849,1,0.0008256019,0.0006245407,0.00014020351,-0.0055300966,-0.000493811,-6.241184e-05
850,1,0.00046727137,-0.0011744512,0.0002309548,-0.011785238,-0.00033182936,-9.4651165e-05
851,1,6.070689e-05,-8.88085e-05,0.0003128448,-0.008826054,-0.00019414688,-0.00010702446
852,1,-0.00062817434,-0.00060398906,0.0003927768,-0.009647584,-5.4300654e-05,-0.000109550056
853,1,-0.0010584343,0.00050335145,0.0004712405,-0.006132079,7.9485355e-05,-8.7522676e-05
854,1,-0.001232554,1.6518843e-05,0.00056227803,-0.0027708109,0.0001808171,-3.3607885e-05
855,1,0.001723064,-0.0026607788,3.3815788e-05,-0.0037202486,-0.00029338902,-1.7704497e-05
856,1,0.0008317516,0.00063272123,0.00012883675,-0.005517557,-0.00022937176,-3.528202e-05
857,1,0.00046729852,-0.0011729159,0.00022801335,-0.011745557,-0.00015982239,-4.6994286e-05
858,1,5.5934746e-05,-8.762827e-05,0.00031613672,-0.00879903,-8.79999e-05,-5.748847e-05
859,1,-0.0006310822,-0.0006012514,0.0003998273,-0.009615427,-2.2128552e-05,-5.652198e-05
860,1,-0.0010669866,0.000493851,0.0004908723,-0.0061148377,4.1085128e-05,-4.585296e-05
861,1,-0.0012287252,1.1527609e-05,0.00059303956,-0.0027662748,0.00011500681,-1.865061e-05
862,1,0.001774606,-0.0026590137,2.920228e-06,-0.00371424,-1.155606e-07,-1.1791854e-07
863,1,0.00082586985,0.000628393,0.00013128313,-0.0055026435,-1.14276396e-07,6.836582e-08
864,1,0.00046472895,-0.0011677028,0.00022648569,-0.011736258,-6.15965e-08,-1.3255953e-07
865,1,5.5933022e-05,-8.8263674e-05,0.00031647447,-0.00878913,-1.1269928e-08,3.3429608e-08
866,1,-0.0006341373,-0.00060169894,0.00040411486,-0.009606729,3.6599822e-08,-1.1585745e-07
867,1,-0.0010650445,0.00049432804,0.0004938434,-0.006109318,8.15046e-08,4.8330538e-08
868,1,-0.0012428621,7.164157e-06,0.0006036729,-0.002760951,1.3619109e-07,-9.108639e-08
869,1,0.0017230717,-0.0026609087,3.3824334e-05,-0.0037202758,0.00029303797,1.7598972e-05
870,1,0.00083173875,0.00063280936,0.00012883653,-0.0055174707,0.00022916029,3.534407e-05
871,1,0.00046730327,-0.001172983,0.00022801697,-0.011745636,0.00015970021,4.6794677e-05
872,1,5.5940334e-05,-8.7614404e-05,0.00031613675,-0.008798903,8.798095e-05,5.7498244e-05
873,1,-0.0006310764,-0.00060128036,0.0003998285,-0.009615442,2.2200844e-05,5.6350418e-05
874,1,-0.001066978,0.0004938519,0.0004908712,-0.00611476,-4.0915904e-05,4.5899316e-05
875,1,-0.0012287158,1.1531642e-05,0.00059303956,-0.0027662748,-0.00011470943,1.8537943e-05
876,1,0.0017741165,-0.0026706492,2.1454796e-05,-0.0037274288,0.00069851475,1.1728353e-05
877,1,0.0008255711,0.0006247105,0.00014021384,-0.005529902,0.00049360085,6.238334e-05
878,1,0.00046728094,-0.0011745879,0.0002309619,-0.011785409,0.0003316984,9.455424e-05
879,1,6.0716324e-05,-8.877741e-05,0.00031284872,-0.008825798,0.00019414417,0.000106949716
880,1,-0.0006281628,-0.00060405314,0.00039277843,-0.0096476115,5.436917e-05,0.000109476954
881,1,-0.0010584189,0.0005033608,0.00047123985,-0.0061319233,-7.931266e-05,8.748638e-05
882,1,-0.0012325364,1.651714e-05,0.00056228106,-0.002770815,-0.00018054624,3.3571352e-05
883,1,0.0017284489,-0.0026782379,3.7682596e-05,-0.0037718606,0.0009258707,4.3819182e-05
884,1,0.0008385614,0.00063346396,0.00013548342,-0.005593325,0.00074163143,8.824853e-05
885,1,0.00047797605,-0.0011850354,0.00022342574,-0.011853837,0.00052938395,0.00011357577
886,1,6.654246e-05,-8.8430534e-05,0.00030755022,-0.008890379,0.00031042437,0.00014394287
887,1,-0.00061909686,-0.00060397864,0.0003758267,-0.00971638,0.00011583201,0.0001494994
888,1,-0.0010545396,0.00051167567,0.0004443264,-0.006171842,-6.9040965e-05,0.00012049495
889,1,-0.0012103654,3.0163368e-05,0.00052442186,-0.0027881807,-0.00030723267,5.020964e-05
890,1,0.0017693123,-0.002675665,2.6502776e-05,-0.0037685658,0.001585479,6.510249e-06
891,1,0.0008315506,0.0006306142,0.00010357882,-0.005653556,0.0010798089,4.1933185e-05
892,1,0.00047966078,-0.001194581,0.00022154461,-0.012002869,0.00072880933,0.00010629308
893,1,7.191719e-05,-8.34384e-05,0.00029429092,-0.009021576,0.00046744835,0.00015646024
894,1,-0.0006166329,-0.0006096877,0.00035910812,-0.009853635,0.00021342144,0.00015885427
895,1,-0.0010494514,0.0005357353,0.00041537362,-0.0062567405,-5.4304528e-05,0.00013709195
896,1,-0.0012084326,3.943789e-05,0.0004448043,-0.0028263652,-0.00026942673,5.2840078e-05
897,1,0.0018595718,-0.0025928495,-0.00033455962,-0.0039644726,0.001462867,-9.96557e-05
898,1,0.00092524284,0.0006227419,7.780963e-06,-0.005983802,0.0011764048,-8.6471315e-05
899,1,0.00053434854,-0.0011979988,0.00015035753,-0.0122767445,0.000900311,3.6356283e-05
900,1,9.048531e-05,-8.820558e-05,0.00026490542,-0.009312646,0.00059717067,0.00010124692
901,1,-0.0006131054,-0.000592496,0.00033473183,-0.010115155,0.00031863555,0.0001417061
902,1,-0.0010586724,0.00054512784,0.00037421877,-0.006455531,8.188973e-05,0.00010616292
903,1,-0.0012083277,6.598325e-05,0.000437101,-0.0028866234,-0.00035006145,5.040825e-05
904,1,0.0017389135,-0.0023825264,-0.00024587015,-0.004048547,0.00043363016,7.673331e-05
905,1,0.0008494545,0.0006789725,-0.00022714629,-0.0067355647,0.00043502,-9.016745e-05
906,1,0.00050701475,-0.0011165991,8.0359765e-05,-0.012832909,0.0004987198,-5.9118367e-05
907,1,6.6837536e-05,-8.115806e-05,0.00022088761,-0.009998104,0.00031037448,8.3554325e-05
908,1,-0.0006426566,-0.0005314234,0.00030816573,-0.0106242,0.00021173495,8.837061e-06
909,1,-0.001096787,0.00052742247,0.00039096305,-0.0069794315,2.7868167e-05,7.1574956e-05
910,1,-0.0012485005,0.00013758805,0.0003094616,-0.003116804,-8.8117995e-05,2.4724726e-05
911,1,0.0019068798,0.00079306244,-0.00059440493,-0.0024326371,-0.0006084303,7.6241864e-05
912,1,0.0013186327,-0.0014219569,-0.00024835137,-0.009467828,-0.00025692247,-9.128491e-06
913,1,0.0005454299,0.00041196795,-0.00012876089,-0.009247001,-0.00020999712,3.013157e-06
914,1,-9.6872034e-05,-0.0005906839,9.268583e-05,-0.0126955565,-0.00021498711,4.6318375e-05
915,1,-0.00085339067,0.0006819735,0.00027049202,-0.00920413,-8.364799e-05,-4.872535e-05
916,1,-0.0013659754,-9.893162e-05,0.00038351392,-0.0085696215,-8.31811e-05,8.547634e-06
917,1,-0.0018599198,0.0008535723,0.00058035576,-0.0027768791,0.00028563358,-6.4946644e-06
918,1,0.0019822072,0.0008216074,-0.0004121919,-0.0021107867,-0.0010495873,-1.2407944e-05
919,1,0.0014194117,-0.0015346585,-0.00028627334,-0.009123871,-0.0007513412,3.7670616e-05
920,1,0.00063383026,0.00038025883,-5.590106e-05,-0.008557792,-0.000572086,3.5540674e-05
921,1,-2.4514042e-05,-0.0006816479,0.00012571213,-0.012205608,-0.00041432775,-1.7938013e-05
922,1,-0.0007882566,0.00068472466,0.00028322436,-0.008569216,-0.00022423109,-3.3938053e-05
923,1,-0.0012975783,-0.00018957238,0.0004256951,-0.0081089465,4.6090463e-05,-5.3799144e-05
924,1,-0.0018001577,0.0008792777,0.0004915882,-0.002510106,0.00030691878,-2.1319216e-05
925,1,0.0019570168,0.0007992693,-0.00039603934,-0.0020646683,-0.001165318,3.356628e-05
926,1,0.0014032926,-0.0015911447,-0.00015465413,-0.008870771,-0.0008719364,3.1775893e-05
927,1,0.00060748326,0.00036143645,2.0178246e-05,-0.008182743,-0.00060892955,-1.3522542e-05
928,1,-3.464997e-05,-0.0007058082,0.00018190948,-0.01189104,-0.00035668982,-4.1899573e-05
929,1,-0.00078463653,0.0006751446,0.00032333226,-0.008249914,-0.00013804084,-7.207758e-05
930,1,-0.0012859268,-0.00021405095,0.00044716368,-0.00789553,9.275169e-05,-6.271219e-05
931,1,-0.0017801718,0.00085608417,0.0005817212,-0.002437572,0.0004356019,-3.227571e-05
932,1,0.0019344701,0.0007650655,-0.00025204438,-0.0019773177,-0.00094343233,-5.824327e-06
933,1,0.0013712104,-0.0015978938,-0.000100187215,-0.0087198885,-0.0006567438,-1.1575266e-05
934,1,0.0005952898,0.00035092293,6.642184e-05,-0.008044838,-0.00043463963,-3.0299247e-05
935,1,-4.4350913e-05,-0.00070395274,0.00021634348,-0.011696016,-0.00025046195,-5.638362e-05
936,1,-0.0007907002,0.0006562829,0.00035566295,-0.008110606,-5.2526804e-05,-6.865328e-05
937,1,-0.0012878672,-0.000212206,0.00048588507,-0.007774245,0.00014697648,-6.256704e-05
938,1,-0.001794842,0.000826247,0.0006089036,-0.0023884964,0.00030673758,-2.4349689e-05
939,1,0.0019149978,0.0007497944,-0.00023131682,-0.0019841674,-0.0005793314,-1.13209e-05
940,1,0.0013757494,-0.0016026811,-6.542883e-05,-0.008663655,-0.00044549594,-2.1292044e-05
941,1,0.0005862601,0.00034396668,9.189632e-05,-0.007957692,-0.00029913697,-3.3938442e-05
942,1,-5.485765e-05,-0.00070259324,0.00024057183,-0.011607804,-0.0001489916,-4.6034904e-05
943,1,-0.0007988237,0.0006505571,0.00037972,-0.008035887,-2.0265381e-05,-5.4371878e-05
944,1,-0.0013009572,-0.0002176661,0.0005175855,-0.0077112685,0.000110855086,-4.6656773e-05
945,1,-0.0017927988,0.0008097809,0.00065628,-0.0023773222,0.00026883293,-2.2356859e-05
946,1,0.0019280611,0.00074086944,-0.00021027238,-0.001957213,-0.0003113157,-3.281031e-06
947,1,0.0013592116,-0.0016065162,-4.4106004e-05,-0.008621989,-0.00021777969,-1.2575926e-05
948,1,0.000580482,0.000341496,0.00010744009,-0.00793323,-0.00014135214,-2.0916219e-05
949,1,-6.025124e-05,-0.0007011332,0.00025352382,-0.01155934,-7.358103e-05,-2.6220527e-05
950,1,-0.000805577,0.00064525753,0.00039555586,-0.0080061,-2.415128e-06,-2.9309935e-05
951,1,-0.0013029253,-0.00021651495,0.00053330814,-0.007681561,6.468548e-05,-2.4238036e-05
952,1,-0.0018122761,0.0007977325,0.0006826745,-0.0023596713,0.00011620582,-9.039887e-06
953,1,0.0019045259,0.00074023654,-0.00020214051,-0.0019673554,-1.6933977e-07,1.228717e-07
954,1,0.0013682197,-0.0016044889,-4.508376e-05,-0.008619408,-8.226025e-08,-1.4428906e-07
955,1,0.0005793948,0.0003392888,0.000111385474,-0.007917033,-6.008787e-08,7.314494e-08
956,1,-6.267153e-05,-0.0007007637,0.00025809737,-0.011550063,-1.1484081e-08,-1.4776155e-07
957,1,-0.0008064401,0.0006452458,0.00039921043,-0.007994574,2.0593403e-08,5.667704e-08
958,1,-0.0013088401,-0.00021967242,0.0005432186,-0.0076736966,7.596188e-08,-1.2497894e-07
959,1,-0.0018006448,0.00079577405,0.0006870368,-0.0023659184,1.3755762e-07,8.7332246e-08
960,1,0.0019280441,0.0007409764,-0.00021027906,-0.0019571856,0.00031110222,3.3815923e-06
961,1,0.0013592124,-0.0016065937,-4.4099987e-05,-0.00862203,0.00021758862,1.23916225e-05
962,1,0.00058047875,0.0003415427,0.000107438434,-0.00793311,0.00014124034,2.097582e-05
963,1,-6.024682e-05,-0.000701171,0.0002535266,-0.011559386,7.355521e-05,2.601008e-05
964,1,-0.0008055706,0.00064527406,0.0003955527,-0.008005983,2.4638477e-06,2.9350536e-05
965,1,-0.0013029146,-0.00021653465,0.0005333081,-0.007681585,-6.4539156e-05,2.4060148e-05
966,1,-0.0018122636,0.0007977283,0.0006826755,-0.0023596445,-0.00011596116,9.1274e-06
967,1,0.0019149609,0.0007499927,-0.00023129984,-0.001984093,0.0005790269,1.1332399e-05
968,1,0.001375755,-0.0016028377,-6.542638e-05,-0.008663763,0.00044532618,2.1231695e-05
969,1,0.0005862489,0.00034406452,9.190197e-05,-0.00795744,0.0002990508,3.3888013e-05
970,1,-5.4847027e-05,-0.00070267596,0.00024057318,-0.0116078975,0.00014895853,4.5948975e-05
971,1,-0.00079881377,0.00065059616,0.0003797188,-0.008035657,2.0332309e-05,5.4312397e-05
972,1,-0.001300936,-0.00021771187,0.00051758287,-0.0077113137,-0.00011070753,4.659732e-05
973,1,-0.001792775,0.0008097825,0.0006562781,-0.002377263,-0.00026855295,2.2357375e-05
974,1,0.0019344148,0.0007653621,-0.00025204624,-0.001977186,0.0009432312,5.8157466e-06
975,1,0.0013712117,-0.0015981232,-0.00010017207,-0.00872006,0.0006565835,1.15403245e-05
976,1,0.00059527403,0.00035106472,6.643193e-05,-0.008044453,0.00043455107,3.0246629e-05
977,1,-4.4336804e-05,-0.0007040782,0.00021634779,-0.0116961645,0.00025045287,5.6331934e-05
978,1,-0.0007906885,0.00065634324,0.00035566336,-0.008110253,5.259531e-05,6.859074e-05
979,1,-0.001287838,-0.00021227729,0.00048588228,-0.007774319,-0.00014682459,6.253474e-05
980,1,-0.0017948113,0.0008262545,0.0006089057,-0.0023884024,-0.00030648627,2.4322855e-05
981,1,0.001956935,0.0007996921,-0.0003960144,-0.0020645214,0.001165099,-3.357137e-05
982,1,0.0014032989,-0.001591484,-0.00015463465,-0.008871008,0.00087181496,-3.1817613e-05
983,1,0.00060745614,0.00036164257,2.0195495e-05,-0.008182213,0.00060888065,1.3503401e-05
984,1,-3.4632612e-05,-0.00070598867,0.00018192097,-0.0118912505,0.00035668263,4.18532e-05
985,1,-0.00078462606,0.00067522936,0.00032333512,-0.008249424,0.00013811652,7.204779e-05
986,1,-0.0012858944,-0.00021414305,0.00044716167,-0.007895636,-9.2604e-05,6.268695e-05
987,1,-0.0017801352,0.0008560892,0.00058171764,-0.0024374435,-0.00043533838,3.227872e-05
988,1,0.0019821033,0.0008222019,-0.00041218838,-0.0021105695,0.0010494222,1.2429582e-05
989,1,0.0014194293,-0.0015351255,-0.00028625678,-0.009124194,0.0007512622,-3.7701502e-05
990,1,0.00063380203,0.00038053398,-5.587915e-05,-0.008557116,0.00057206827,-3.5550416e-05
991,1,-2.4493653e-05,-0.00068187626,0.00012572638,-0.012205842,0.00041433697,1.7913959e-05
992,1,-0.00078824465,0.000684811,0.00028323164,-0.00856861,0.00022429528,3.39255e-05
993,1,-0.00129755,-0.00018965005,0.00042569468,-0.00810905,-4.5972774e-05,5.378943e-05
994,1,-0.0018001153,0.00087924325,0.00049158564,-0.0025099427,-0.0003067211,2.1310714e-05
995,1,0.0019067685,0.0007937004,-0.0005943637,-0.0024324127,0.0006084178,-7.625684e-05
996,1,0.0013186582,-0.0014224703,-0.00024832634,-0.009468078,0.00025687317,9.144164e-06
997,1,0.0005454014,0.00041226434,-0.00012875421,-0.009246272,0.00020998692,-3.0134463e-06
998,1,-9.684687e-05,-0.0005909232,9.270492e-05,-0.0126957055,0.00021500413,-4.6328758e-05
999,1,-0.0008533771,0.00068203796,0.00027050095,-0.009203458,8.367238e-05,4.8738508e-05
1000,1,-0.001365955,-9.897222e-05,0.00038351255,-0.00856964,8.3234845e-05,-8.550305e-06
1001,1,-0.0018598754,0.0008534894,0.00058034895,-0.0027766877,-0.00028556076,6.5071126e-06
1002,1,0.002661481,-0.001759744,-0.00067413226,-0.003485393,-0.00020866205,-3.3428e-05
1003,1,0.0014939557,0.0004361131,-0.00046863218,-0.006724174,-0.0002525772,4.3476728e-05
1004,1,0.00072979525,-0.0008498561,-0.00016736476,-0.012234055,-0.0001349101,2.3227747e-05
1005,1,-0.00021237908,0.0006777036,3.5174475e-05,-0.009881091,-8.004738e-05,-1.43311745e-05
1006,1,-0.00095191435,-0.00028333155,0.00026446415,-0.011724446,-8.358795e-05,4.090547e-05
1007,1,-0.0018038631,0.0011572414,0.00049457385,-0.006897215,9.59281e-05,-2.4613842e-05
1008,1,-0.002304621,0.000100811565,0.0006037883,-0.0033961073,6.0383838e-05,5.287214e-07
1009,1,0.0027776689,-0.0018893405,-0.0007103761,-0.0033353965,-0.00092517247,4.828256e-05
1010,1,0.0015897523,0.00043259742,-0.0003951017,-0.00612038,-0.0005218101,3.872782e-05
1011,1,0.0008286791,-0.0009420515,-0.00017559009,-0.011834901,-0.00036607732,3.0757474e-05
1012,1,-0.000119119475,0.00066682295,5.985988e-05,-0.009206902,-0.00021864986,2.763324e-05
1013,1,-0.0008586577,-0.00039023318,0.00027644384,-0.01129264,-7.051853e-05,-1.3710907e-06
1014,1,-0.0017281293,0.0011858303,0.00046968274,-0.006332765,7.355259e-05,-5.8495816e-06
1015,1,-0.0022237506,-4.307765e-06,0.00069200393,-0.0031928874,0.00053376704,-8.368856e-06
1016,1,0.0027700444,-0.0019376923,-0.0005543371,-0.0032245463,-0.0009313364,6.4394794e-06
1017,1,0.0015870014,0.00041340615,-0.00034877018,-0.0058738673,-0.00065064966,3.5094556e-05
1018,1,0.0008379378,-0.0009871693,-0.00010708419,-0.011526658,-0.00040593158,3.8892947e-05
1019,1,-0.00011477399,0.000643929,0.00011333928,-0.008844024,-0.00022055148,9.630021e-06
1020,1,-0.0008446896,-0.00042378664,0.0003176242,-0.010983053,-1.5664866e-05,-6.6621383e-06
1021,1,-0.0017064185,0.0011683916,0.00051053887,-0.0060863667,0.00022764939,-2.2915181e-05
1022,1,-0.0022005138,-2.761344e-05,0.000674453,-0.0031064793,0.00041777358,-6.3286384e-06
1023,1,0.0027460388,-0.001957415,-0.000516666,-0.0031975477,-0.00076696876,2.2798658e-05
1024,1,0.0015736811,0.00038354623,-0.00026971046,-0.00576308,-0.00053227844,2.9663874e-05
1025,1,0.0008178148,-0.0009988548,-4.9523827e-05,-0.011327008,-0.00033166696,2.1202117e-05
1026,1,-0.00012555443,0.000621058,0.00016005468,-0.008682162,-0.00013364828,5.6399545e-06
1027,1,-0.0008558096,-0.00042304178,0.0003596473,-0.010794007,3.9362207e-05,-1.109333e-05
1028,1,-0.0017141235,0.0011381411,0.0005496515,-0.0059716343,0.00021285545,-2.0789817e-05
1029,1,-0.0021980465,-2.9700768e-05,0.0007360802,-0.0030586778,0.00047248916,-1.3432034e-05
1030,1,0.0027367042,-0.0019749384,-0.0004377875,-0.0031494414,-0.0005199385,5.24826e-06
1031,1,0.0015572924,0.0003695661,-0.00022829283,-0.0056955484,-0.00035799906,1.2247429e-05
1032,1,0.00081078673,-0.0010051118,-1.4013179e-05,-0.011240738,-0.00021484848,1.3787299e-05
1033,1,-0.00013701057,0.00061146874,0.00019406309,-0.008589144,-8.877272e-05,6.0614656e-07
1034,1,-0.0008673644,-0.00042650162,0.00039106407,-0.010701782,4.6904122e-05,-9.803266e-06
1035,1,-0.0017198612,0.0011272595,0.0005793724,-0.005907838,0.00017690727,-1.356492e-05
1036,1,-0.0022194537,-3.468877e-05,0.00076928467,-0.0030191184,0.0002799648,-2.4277404e-06
1037,1,0.0027212768,-0.0019817015,-0.0004176182,-0.003153105,-0.00025632387,3.064995e-06
1038,1,0.0015574697,0.00035948688,-0.00020137563,-0.005675641,-0.0001843488,4.531941e-06
1039,1,0.0008015025,-0.0010081045,9.6181e-06,-0.011185917,-0.00011130555,4.3177147e-06
1040,1,-0.00014346484,0.0006058966,0.00021248181,-0.008556813,-3.8318216e-05,-3.5910162e-07
1041,1,-0.0008746723,-0.00042484296,0.00040925713,-0.01065095,2.5723772e-05,-4.6374066e-06
1042,1,-0.0017289739,0.0011160736,0.00060280616,-0.0058813635,8.902228e-05,-7.812785e-06
1043,1,-0.0022121102,-3.6921578e-05,0.00078659557,-0.0030162677,0.00016757609,-4.890999e-06
1044,1,0.0027253912,-0.0019852072,-0.0004000039,-0.0031352537,-8.5612506e-08,-1.7590017e-07
1045,1,0.0015479032,0.0003562079,-0.0001904103,-0.005662554,-1.0020577e-07,1.2169427e-07
1046,1,0.00080129434,-0.0010090614,1.5687192e-05,-0.011180685,-3.570714e-08,-1.8286161e-07
1047,1,-0.00014603614,0.0006046616,0.0002194901,-0.00854036,-2.8449811e-08,8.3552266e-08
1048,1,-0.0008770359,-0.00042631105,0.00041577048,-0.010641813,2.7063757e-08,-1.6629679e-07
1049,1,-0.0017271638,0.001116404,0.00060487527,-0.005869632,5.2901935e-08,8.341342e-08
1050,1,-0.0022270866,-3.8810645e-05,0.00080030126,-0.0029992573,1.0395933e-07,-1.3358677e-07
1051,1,0.002721277,-0.0019817834,-0.000417608,-0.0031530976,0.0002560372,-3.2333733e-06
1052,1,0.0015574599,0.00035955186,-0.00020138289,-0.005675558,0.00018419662,-4.4253825e-06
1053,1,0.0008015031,-0.0010081491,9.622899e-06,-0.011185959,0.00011122025,-4.559665e-06
1054,1,-0.00014346227,0.0006059274,0.00021247548,-0.008556673,3.8278642e-05,4.2330683e-07
1055,1,-0.00087466347,-0.00042487186,0.00040925757,-0.010650989,-2.5677322e-05,4.406329e-06
1056,1,-0.0017289632,0.0011160919,0.0006028009,-0.0058812727,-8.890265e-05,7.894139e-06
1057,1,-0.002212094,-3.694183e-05,0.0007865943,-0.003016278,-0.00016733196,4.7370686e-06
1058,1,0.0027367084,-0.001975086,-0.00043780814,-0.0031494675,0.0005197646,-5.279351e-06
1059,1,0.0015572654,0.0003696989,-0.00022828556,-0.0056953533,0.00035784818,-1.2287021e-05
1060,1,0.0008107932,-0.001005211,-1.401532e-05,-0.0112408325,0.0002147562,-1.3867539e-05
1061,1,-0.0001370107,0.00061153865,0.00019406126,-0.008588871,8.876353e-05,-6.743941e-07
1062,1,-0.000867345,-0.00042656614,0.00039105854,-0.010701851,-4.686482e-05,9.721901e-06
1063,1,-0.0017198427,0.0011273017,0.00057936687,-0.005907663,-0.00017677384,1.3518519e-05
1064,1,-0.0022194218,-3.4737455e-05,0.00076928583,-0.0030191438,-0.00027975562,2.3869597e-06
1065,1,0.0027460353,-0.001957634,-0.00051664514,-0.0031975943,0.00076674175,-2.281547e-05
1066,1,0.0015736425,0.00038373578,-0.00026971078,-0.00576278,0.0005321463,-2.9701008e-05
1067,1,0.0008178201,-0.0009989999,-4.9520462e-05,-0.011327163,0.00033160584,-2.1252634e-05
1068,1,-0.0001255559,0.00062116026,0.00016005432,-0.008681742,0.00013363994,-5.7067095e-06
1069,1,-0.0008557835,-0.00042314077,0.0003596409,-0.0107941255,-3.9301598e-05,1.10489e-05
1070,1,-0.0017141005,0.0011382091,0.0005496444,-0.0059713647,-0.00021271233,2.0742207e-05
1071,1,-0.002198001,-2.9775505e-05,0.0007360735,-0.0030587204,-0.0004722426,1.34324e-05
1072,1,0.002770046,-0.0019380142,-0.00055435085,-0.0032246017,0.00093117397,-6.447972e-06
1073,1,0.0015869429,0.00041368668,-0.00034875798,-0.0058734706,0.00065054395,-3.5106146e-05
1074,1,0.0008379475,-0.0009873867,-0.000107076194,-0.01152688,0.00040588024,-3.8942093e-05
1075,1,-0.00011478076,0.0006440767,0.00011334003,-0.008843451,0.00022056774,-9.656783e-06
1076,1,-0.0008446605,-0.00042392546,0.00031762183,-0.010983226,1.5727175e-05,6.621949e-06
1077,1,-0.0017063958,0.0011684841,0.0005105315,-0.0060859993,-0.00022750696,2.2895809e-05
1078,1,-0.0022004624,-2.770594e-05,0.0006744527,-0.0031065359,-0.00041756057,6.3062034e-06
1079,1,0.0027776787,-0.0018898017,-0.0007103421,-0.003335477,0.0009250501,-4.8299837e-05
1080,1,0.0015896794,0.00043298374,-0.00039509084,-0.0061198794,0.000521731,-3.872148e-05
1081,1,0.00082869537,-0.00094234385,-0.00017558341,-0.011835151,0.0003660454,-3.0781717e-05
1082,1,-0.00011912849,0.0006670042,5.9866048e-05,-0.009206219,0.00021866916,-2.7643608e-05
1083,1,-0.00085863046,-0.00039038327,0.00027644212,-0.011292804,7.057199e-05,1.3525146e-06
1084,1,-0.0017281055,0.0011859041,0.00046967826,-0.0063323346,-7.344177e-05,5.8491187e-06
1085,1,-0.0022237028,-4.362398e-06,0.00069199153,-0.003192945,-0.000533571,8.376312e-06
1086,1,0.0026615034,-0.001760247,-0.0006741583,-0.0034854312,0.0002085578,3.3440385e-05
1087,1,0.0014938798,0.00043653214,-0.0004686185,-0.0067236386,0.0002525671,-4.3484415e-05
1088,1,0.0007298183,-0.00085017603,-0.00016734823,-0.012234212,0.00013489273,-2.3222958e-05
1089,1,-0.00021238824,0.0006778838,3.5174162e-05,-0.009880366,8.005127e-05,1.4337575e-05
1090,1,-0.0009518919,-0.0002834603,0.00026446662,-0.011724509,8.361504e-05,-4.091032e-05
1091,1,-0.0018038396,0.0011572728,0.0004945684,-0.0068967505,-9.5891475e-05,2.4623638e-05
1092,1,-0.0023045877,0.00010081703,0.00060378824,-0.003396123,-6.0288312e-05,-5.392417e-07
1093,1,0.002980485,-9.0227266e-05,-0.00086581754,-0.0026060964,-0.0004389957,3.4175162e-05
1094,1,0.0019753124,-0.0011851978,-0.00052662217,-0.009113868,-5.8750084e-05,-3.0625747e-06
1095,1,0.0007634595,0.00047835393,-0.00026699612,-0.0091281235,-0.000108337605,2.0822348e-05
1096,1,-0.00014526678,-0.00051463733,4.110811e-05,-0.013029869,-3.9720617e-05,3.957054e-05
1097,1,-0.0012420375,0.0011266306,0.0002970588,-0.008968693,4.207821e-05,-2.0251126e-05
1098,1,-0.0019815967,-0.00017720167,0.0005453858,-0.008831097,-3.8809496e-05,3.063018e-05
1099,1,-0.0030125561,0.0016666083,0.0008671849,-0.0025736177,0.00039647924,-8.920642e-06
1100,1,0.0030657237,-7.925229e-05,-0.0008168302,-0.0023317626,-0.0006198123,-7.29095e-08
1101,1,0.002080845,-0.0012803006,-0.00054073933,-0.008761831,-0.00039791566,5.1502844e-05
1102,1,0.0008668503,0.0004647276,-0.00023687353,-0.008462755,-0.00018982793,5.3517913e-05
1103,1,-3.9501047e-05,-0.0006181601,3.5341393e-05,-0.012636744,-7.82411e-05,4.2601958e-05
1104,1,-0.0011460873,0.0011407124,0.0003048902,-0.008323373,4.56965e-05,2.7975146e-05
1105,1,-0.0018763997,-0.0003108756,0.00056227186,-0.008463211,0.00025655003,8.5922915e-07
1106,1,-0.0029256805,0.0017297252,0.00077574217,-0.0023156838,0.0003972519,6.025916e-07
1107,1,0.0030821094,-0.00011077157,-0.00078381685,-0.0022649546,-0.0007905131,3.7726437e-05
1108,1,0.002097917,-0.0013274641,-0.00046257293,-0.008524884,-0.00045661384,6.567177e-05
1109,1,0.00087788043,0.00043792263,-0.00018374562,-0.00812058,-0.0002416974,6.1203136e-05
1110,1,-1.9495139e-05,-0.00066235784,8.680732e-05,-0.012326346,-4.1301682e-05,5.549875e-05
1111,1,-0.0011307205,0.0011188617,0.00034630203,-0.007988144,0.00013061453,2.77407e-05
1112,1,-0.0018550436,-0.000342992,0.0005939437,-0.008224469,0.00031704348,8.280558e-06
1113,1,-0.002887475,0.0017049977,0.0008395017,-0.0022393318,0.0006707331,-1.1594017e-05
1114,1,0.0030574694,-0.00014066602,-0.0006683301,-0.002204587,-0.00060841057,1.6215165e-05
1115,1,0.0020792447,-0.001345457,-0.0004024839,-0.008393087,-0.00039776522,5.8092985e-05
1116,1,0.00086706283,0.00040907634,-0.0001243044,-0.007985641,-0.0001942925,6.52762e-05
1117,1,-3.7973503e-05,-0.00067147845,0.00014373755,-0.01211022,-2.013575e-05,5.3140255e-05
1118,1,-0.0011421245,0.0010865447,0.00039651277,-0.007846012,0.00016024202,2.8655615e-05
1119,1,-0.001864963,-0.0003380779,0.00063664967,-0.008077817,0.00034142798,1.2998549e-05
1120,1,-0.0029014898,0.0016688135,0.0008754472,-0.0021743632,0.000476656,6.4743385e-06
1121,1,0.0030406024,-0.00016048695,-0.00062567665,-0.0022015518,-0.00041959548,2.0256786e-05
1122,1,0.0020696737,-0.0013620032,-0.00034802072,-0.008330228,-0.00027132567,4.584262e-05
1123,1,0.0008527712,0.00039464323,-7.952595e-05,-0.007901832,-0.00013484297,4.7619273e-05
1124,1,-4.8790527e-05,-0.00067826296,0.00017964946,-0.012019555,9.22012e-07,4.312802e-05
1125,1,-0.0011562563,0.0010751862,0.00043268883,-0.0077597485,0.000119745084,2.7163065e-05
1126,1,-0.0018800071,-0.00034400346,0.00067612034,-0.0080006085,0.00024121409,1.1853426e-05
1127,1,-0.002894419,0.0016512036,0.00090276793,-0.002166267,0.0003983448,-3.3235874e-06
1128,1,0.0030308326,-0.00017469408,-0.0005729206,-0.0021766408,-0.00020858791,7.2516223e-06
1129,1,0.0020586085,-0.0013689903,-0.0003182093,-0.008293604,-0.00013716014,2.2630897e-05
1130,1,0.0008482632,0.00038601493,-5.604253e-05,-0.0078776255,-6.6892855e-05,2.674e-05
1131,1,-5.8435136e-05,-0.00067999656,0.00020433686,-0.0119636385,-9.843465e-07,2.3527717e-05
1132,1,-0.0011625305,0.0010661192,0.00045337228,-0.0077315406,6.647091e-05,1.4600915e-05
1133,1,-0.0018840664,-0.00034063595,0.0006910812,-0.007957669,0.00012854108,9.607804e-06
1134,1,-0.002911087,0.0016378575,0.0009312448,-0.0021340295,0.00017567129,4.729658e-06
1135,1,0.003024856,-0.00017867581,-0.0005691682,-0.0021880236,-1.4924309e-07,2.0028713e-07
1136,1,0.002058987,-0.0013723465,-0.00030701875,-0.008288856,-4.344954e-08,-2.3377767e-07
1137,1,0.00084337563,0.0003835648,-4.53224e-05,-0.007861594,-6.88173e-08,1.2781987e-07
1138,1,-5.968877e-05,-0.0006809782,0.00020987984,-0.011956564,3.2018093e-09,-2.201875e-07
1139,1,-0.001166205,0.0010653925,0.00046061538,-0.0077149067,-1.0310132e-08,9.9154036e-08
1140,1,-0.0018888001,-0.00034464407,0.000703036,-0.007950397,5.665264e-08,-1.782474e-07
1141,1,-0.0028974016,0.001636473,0.000925552,-0.002149326,1.0488018e-07,1.3246505e-07
1142,1,0.0030308198,-0.00017461847,-0.0005729446,-0.0021766345,0.00020843362,-7.096064e-06
1143,1,0.002058605,-0.0013690366,-0.00031820041,-0.00829361,0.00013701755,-2.2902825e-05
1144,1,0.00084826193,0.0003860543,-5.6055167e-05,-0.007877501,6.679639e-05,-2.6641406e-05
1145,1,-5.843215e-05,-0.0006800249,0.00020433958,-0.011963682,9.67425e-07,-2.3823075e-05
1146,1,-0.0011625219,0.0010661492,0.00045336058,-0.0077313916,-6.6466724e-05,-1.45217555e-05
1147,1,-0.0018840492,-0.0003406714,0.0006910798,-0.007957705,-0.00012844276,-9.849043e-06
1148,1,-0.0029110732,0.0016378815,0.0009312441,-0.0021339965,-0.00017549789,-4.605368e-06
1149,1,0.0030405652,-0.00016035704,-0.00062565715,-0.0022014666,0.00041936155,-2.0279938e-05
1150,1,0.0020696747,-0.0013621028,-0.00034803545,-0.008330276,0.0002712039,-4.5904388e-05
1151,1,0.00085275853,0.0003947346,-7.9526915e-05,-0.007901581,0.00013478257,-4.7701426e-05
1152,1,-4.877889e-05,-0.0006783316,0.00017964006,-0.012019629,-9.545774e-07,-4.322486e-05
1153,1,-0.0011562442,0.0010752517,0.00043267864,-0.0077594747,-0.00011970311,-2.7241571e-05
1154,1,-0.0018799719,-0.00034407692,0.0006761098,-0.008000667,-0.00024111594,-1.1917056e-05
1155,1,-0.002894393,0.001651259,0.0009027604,-0.002166196,-0.0003981209,3.3211124e-06
1156,1,0.003057421,-0.00014047581,-0.00066836557,-0.0022044692,0.000608252,-1.6226446e-05
1157,1,0.0020792375,-0.0013455979,-0.00040247684,-0.008393174,0.0003976652,-5.8140646e-05
1158,1,0.0008670448,0.00040920477,-0.00012430907,-0.007985249,0.00019423106,-6.534453e-05
1159,1,-3.795948e-05,-0.0006715802,0.00014372783,-0.012110353,2.013734e-05,-5.3200558e-05
1160,1,-0.0011421102,0.0010866432,0.00039650104,-0.007845593,-0.00016019282,-2.8727947e-05
1161,1,-0.0018649148,-0.00033819108,0.0006366354,-0.00807792,-0.00034131206,-1.3032093e-05
1162,1,-0.002901456,0.0016689015,0.0008754458,-0.0021742557,-0.00047645625,-6.510517e-06
1163,1,0.0030820316,-0.00011049395,-0.00078378676,-0.0022647951,0.0007903622,-3.7737984e-05
1164,1,0.0020979121,-0.0013276815,-0.0004625759,-0.008525004,0.0004565258,-6.570834e-05
1165,1,0.0008778514,0.0004381133,-0.00018374654,-0.008120054,0.00024166916,-6.122929e-05
1166,1,-1.94786e-05,-0.00066251156,8.6803295e-05,-0.012326543,4.1310817e-05,-5.5551787e-05
1167,1,-0.0011307093,0.0011190017,0.0003462884,-0.007987581,-0.00013054462,-2.7767275e-05
1168,1,-0.0018549897,-0.0003431455,0.00059393165,-0.008224622,-0.00031691644,-8.309437e-06
1169,1,-0.0028874397,0.0017051194,0.00083948724,-0.002239187,-0.0006705034,1.1603267e-05
1170,1,0.0030656308,-7.885736e-05,-0.0008168561,-0.0023315733,0.0006196713,8.1719676e-08
1171,1,0.0020808456,-0.0012806132,-0.00054072624,-0.00876196,0.000397861,-5.152231e-05
1172,1,0.0008668114,0.00046498165,-0.00023686833,-0.008462138,0.00018980885,-5.352735e-05
1173,1,-3.9482595e-05,-0.0006183523,3.5336918e-05,-0.012636927,7.825136e-05,-4.2625506e-05
1174,1,-0.0011460801,0.001140857,0.00030488466,-0.008322749,-4.563838e-05,-2.7978816e-05
1175,1,-0.0018763532,-0.00031100807,0.0005622586,-0.008463343,-0.00025644465,-8.73128e-07
1176,1,-0.0029256437,0.0017298078,0.0007757435,-0.002315527,-0.00039708955,-6.1439573e-07
1177,1,0.0029803826,-8.9797904e-05,-0.00086576055,-0.0026058904,0.00043897025,-3.4181154e-05
1178,1,0.0019753233,-0.0011855473,-0.0005266198,-0.009113909,5.870367e-05,3.0756212e-06
1179,1,0.00076341984,0.00047862425,-0.00026699525,-0.009127487,0.00010833629,-2.0823847e-05
1180,1,-0.00014524667,-0.0005148317,4.11131e-05,-0.013029935,3.972306e-05,-3.9570303e-05
1181,1,-0.0012420311,0.0011267489,0.0002970508,-0.008968066,-4.2057283e-05,2.0261132e-05
1182,1,-0.001981564,-0.00017727996,0.0005453817,-0.008831127,3.885911e-05,-3.0628456e-05
1183,1,-0.0030125177,0.001666626,0.0008671609,-0.0025734552,-0.000396417,8.938419e-06
1184,1,0.0036500853,-0.0015025205,-0.0009990889,-0.0035806173,-0.00012890287,-1.6042937e-05
1185,1,0.00219442,-5.414976e-05,-0.00064392557,-0.0069244583,-0.00016378974,3.533846e-05
1186,1,0.0010096714,-0.00075992726,-0.00028590357,-0.012188762,1.7812396e-05,2.3457931e-05
1187,1,-0.00026312837,0.00080175395,1.9878522e-05,-0.009630605,2.012443e-06,1.0828991e-05
1188,1,-0.0012563012,-0.00038392097,0.00035839388,-0.012063473,2.3099492e-05,4.6594625e-05
1189,1,-0.002513596,0.0017317869,0.0006688494,-0.0064040087,0.00020802418,-2.8312617e-05
1190,1,-0.0033098566,-0.0001714414,0.00090604316,-0.0033408403,2.3170789e-05,1.10559195e-05
1191,1,0.0037459428,-0.0015840079,-0.0009927404,-0.0034002163,-0.00063971506,3.778683e-05
1192,1,0.0022899741,-6.788492e-05,-0.00061871315,-0.0063248435,-0.00020391184,5.4465912e-05
1193,1,0.0011174915,-0.0008575144,-0.00028395432,-0.011812566,-6.6039094e-05,8.262396e-05
1194,1,-0.00015370225,0.00079055654,4.4668053e-05,-0.008937094,8.84876e-05,6.3773805e-05
1195,1,-0.0011388158,-0.0005226561,0.00035295598,-0.011727479,0.00020142838,4.5894165e-05
1196,1,-0.0024159867,0.0017886712,0.0006623005,-0.0058339178,0.00029218185,1.1969371e-05
1197,1,-0.003185343,-0.00035202695,0.00097388035,-0.0031916439,0.0007494811,-1.1065078e-05
1198,1,0.0037579588,-0.0016231821,-0.0009055379,-0.0033151994,-0.00054151926,3.585574e-05
1199,1,0.002306423,-0.00010201843,-0.00056139217,-0.006094912,-0.0003091326,9.3556286e-05
1200,1,0.0011377162,-0.0009060587,-0.00022225842,-0.011520669,-5.4443655e-05,0.000112994625
1201,1,-0.00014501449,0.0007617421,0.00010328952,-0.00859291,0.00012603293,9.6768366e-05
1202,1,-0.0011221104,-0.0005690078,0.0004114182,-0.011427991,0.00031198698,6.0665727e-05
1203,1,-0.0023979205,0.0017667776,0.0007022151,-0.0056013167,0.00051745,2.3766303e-05
1204,1,-0.003162341,-0.00037976445,0.0009948646,-0.0030873928,0.00064297323,1.8156132e-05
1205,1,0.0037408199,-0.0016547424,-0.00083262514,-0.0032779637,-0.00049305044,4.8042195e-05
1206,1,0.0022928147,-0.00013188575,-0.00048599188,-0.006003106,-0.00025388165,9.7366414e-05
1207,1,0.0011204194,-0.00092436926,-0.0001550471,-0.011343594,-6.4092244e-05,0.000117335054
1208,1,-0.00015953339,0.0007296701,0.00016206014,-0.008462887,0.00012741546,0.000100445715
1209,1,-0.0011481787,-0.00056776253,0.0004697973,-0.011233945,0.00029419447,7.9267236e-05
1210,1,-0.0024154524,0.0017233291,0.00076619285,-0.005491837,0.00045443693,3.3396318e-05
1211,1,-0.003162021,-0.0003736759,0.001039053,-0.0030487343,0.00070090475,1.4158968e-06
1212,1,0.0037167242,-0.0016790876,-0.0007419923,-0.0032458298,-0.00031023842,2.9676516e-05
1213,1,0.002278062,-0.00014878772,-0.0004315758,-0.0059573078,-0.0001817856,7.57887e-05
1214,1,0.0011094374,-0.00093712326,-0.00011050596,-0.01127587,-4.1795058e-05,9.583171e-05
1215,1,-0.00017643331,0.0007160578,0.000208208,-0.008386776,8.705505e-05,8.635151e-05
1216,1,-0.0011616686,-0.00057432835,0.00050994416,-0.011156198,0.00021691114,6.40046e-05
1217,1,-0.0024277999,0.0017112846,0.00079723354,-0.005430819,0.00033298708,4.0838822e-05
1218,1,-0.0031824277,-0.0003750631,0.0010868594,-0.002991727,0.00041943925,2.1927366e-05
1219,1,0.0037053504,-0.0016925236,-0.00070630625,-0.0032473174,-0.00015886241,1.9362993e-05
1220,1,0.0022701668,-0.00016202245,-0.00039449398,-0.005945687,-9.021381e-05,4.259149e-05
1221,1,0.001099859,-0.00094198587,-7.991293e-05,-0.011234982,-2.1799946e-05,5.2746895e-05
1222,1,-0.0001825704,0.0007074485,0.00023029698,-0.008369889,4.7682257e-05,4.7978407e-05
1223,1,-0.0011735233,-0.00057242287,0.00053375907,-0.0111053055,0.00011019733,4.0100607e-05
1224,1,-0.0024342611,0.001695819,0.0008246656,-0.005412183,0.00016906175,2.2351365e-05
1225,1,-0.003170401,-0.00037240912,0.0010860296,-0.0030012475,0.00023770357,5.5187074e-06
1226,1,0.0036985595,-0.0016981695,-0.00067907677,-0.0032338928,-3.9354433e-08,-3.0704115e-07
1227,1,0.002266274,-0.00016447362,-0.00038352108,-0.0059377328,-1.0641167e-07,2.061194e-07
1228,1,0.0010983722,-0.00094457436,-7.217433e-05,-0.011233008,-1.3281318e-10,-2.9839376e-07
1229,1,-0.00018760082,0.00070609216,0.00024110722,-0.008355476,-6.658627e-08,1.3415153e-07
1230,1,-0.001174201,-0.0005749051,0.0005409306,-0.01110322,2.5157634e-08,-2.4887137e-07
1231,1,-0.0024362716,0.0016969756,0.00082599104,-0.00539737,1.5535047e-09,1.2337298e-07
1232,1,-0.0031839262,-0.00037399298,0.0011054713,-0.0029706021,6.717743e-08,-1.913925e-07
1233,1,0.0037053411,-0.0016925721,-0.0007062866,-0.003247273,0.00015862765,-1.962679e-05
1234,1,0.0022701637,-0.0001619794,-0.00039452052,-0.005945615,9.010172e-05,-4.2442854e-05
1235,1,0.0010998549,-0.00094200764,-7.990435e-05,-0.011235012,2.1741836e-05,-5.3119104e-05
1236,1,-0.000182565,0.00070748257,0.00023027533,-0.008369722,-4.7758072e-05,-4.7886246e-05
1237,1,-0.0011735128,-0.00057245285,0.00053375843,-0.011105349,-0.0001101783,-4.0434203e-05
1238,1,-0.002434245,0.001695861,0.0008246502,-0.0054120487,-0.00016902258,-2.2239228e-05
1239,1,-0.0031703764,-0.00037246413,0.0010860262,-0.0030012617,-0.0002375293,-5.7208617e-06
1240,1,0.0037167172,-0.0016791581,-0.0007420463,-0.0032458536,0.0003101214,-2.9691628e-05
1241,1,0.0022780371,-0.00014869224,-0.00043156763,-0.0059571173,0.00018169027,-7.5888835e-05
1242,1,0.0011094413,-0.00093718653,-0.00011052394,-0.011275922,4.171725e-05,-9.593513e-05
1243,1,-0.00017643321,0.0007161363,0.00020819447,-0.008386482,-8.707188e-05,-8.6470114e-05
1244,1,-0.0011616431,-0.0005743922,0.00050992414,-0.01115625,-0.00021691275,-6.410577e-05
1245,1,-0.0024277717,0.0017113666,0.0007972172,-0.0054305824,-0.00033291342,-4.091363e-05
1246,1,-0.0031823788,-0.00037517562,0.0010868569,-0.0029917588,-0.000419308,-2.1972546e-05
1247,1,0.0037407882,-0.0016548489,-0.0008325945,-0.0032779735,0.0004929151,-4.8078444e-05
1248,1,0.002292783,-0.00013175496,-0.00048601237,-0.0060028103,0.00025379128,-9.7425545e-05
1249,1,0.0011204189,-0.0009244578,-0.00015505725,-0.011343697,6.406079e-05,-0.00011741367
1250,1,-0.00015953368,0.0007297793,0.00016204262,-0.008462432,-0.00012742856,-0.00010053875
1251,1,-0.0011481451,-0.0005678594,0.00046977162,-0.011234058,-0.00029415273,-7.932845e-05
1252,1,-0.0024154163,0.0017234563,0.0007661708,-0.0054914756,-0.00045433728,-3.3459295e-05
1253,1,-0.0031619503,-0.0003738443,0.0010390339,-0.0030487822,-0.000700715,-1.408394e-06
1254,1,0.0037579313,-0.0016233518,-0.00090558216,-0.0033152306,0.00054139504,-3.5862875e-05
1255,1,0.0023063722,-0.00010182191,-0.0005613848,-0.00609452,0.00030908154,-9.3585986e-05
1256,1,0.0011377162,-0.00090620323,-0.00022226723,-0.011520823,5.442019e-05,-0.00011305688
1257,1,-0.00014502068,0.00076190167,0.000103269995,-0.008592304,-0.00012601072,-9.6806274e-05
1258,1,-0.0011220743,-0.0005691534,0.00041139885,-0.011428174,-0.00031192822,-6.0717066e-05
1259,1,-0.0023978872,0.0017669576,0.0007021894,-0.005600841,-0.00051732594,-2.3785151e-05
1260,1,-0.0031622606,-0.00037999306,0.0009948604,-0.0030874682,-0.00064279925,-1.8186824e-05
1261,1,0.0037459084,-0.0015842824,-0.0009926932,-0.0034002373,0.0006396443,-3.7799935e-05
1262,1,0.002289908,-6.76041e-05,-0.000618718,-0.0063243965,0.00020386296,-5.4472937e-05
1263,1,0.0011174954,-0.0008577216,-0.0002839578,-0.011812698,6.603215e-05,-8.2647246e-05
1264,1,-0.00015371878,0.00079074845,4.4660603e-05,-0.00893644,-8.8457644e-05,-6.379018e-05
1265,1,-0.0011387845,-0.0005228073,0.00035293747,-0.011727612,-0.00020137339,-4.5915218e-05
1266,1,-0.0024159586,0.0017888241,0.0006622874,-0.0058334367,-0.00029207827,-1.1960839e-05
1267,1,-0.0031852722,-0.0003522017,0.0009738519,-0.003191699,-0.00074929424,1.107849e-05
1268,1,0.00365007,-0.0015028397,-0.0009991248,-0.0035806,0.00012882602,1.6053624e-05
1269,1,0.0021943513,-5.3841468e-05,-0.0006439065,-0.006923996,0.00016378915,-3.534443e-05
1270,1,0.0010096828,-0.0007601585,-0.00028590084,-0.012188784,-1.7826927e-05,-2.3452369e-05
1271,1,-0.00026314633,0.0008019425,1.9868676e-05,-0.0096299695,-1.9965482e-06,-1.082699e-05
1272,1,-0.0012562763,-0.0003840424,0.00035838853,-0.012063472,-2.3077153e-05,-4.6594632e-05
1273,1,-0.0025135693,0.001731878,0.00066883,-0.0064035617,-0.00020798753,2.8324332e-05
1274,1,-0.00330981,-0.00017152661,0.0009060534,-0.0033408473,-2.3087405e-05,-1.1070212e-05
1275,1,0.004127916,-0.00090429705,-0.0011450279,-0.0028035336,-0.0003474917,2.6785228e-05
1276,1,0.002593582,-0.0010395574,-0.0007275692,-0.009262163,5.331464e-05,1.50506885e-05
1277,1,0.0010846677,0.00021967544,-0.00032592486,-0.008961171,-1.4735503e-05,5.5872053e-05
1278,1,-0.00014613432,-0.00056944386,6.485356e-05,-0.013139825,0.00012675553,4.2568532e-05
1279,1,-0.0015676424,0.0013730369,0.00039429037,-0.008535177,0.00014424538,-1.2600639e-05
1280,1,-0.0026130748,-0.0004620477,0.0007725209,-0.009007163,3.8981925e-05,4.581077e-05
1281,1,-0.004111614,0.0026145927,0.001161698,-0.0022616992,0.00055101095,-3.4548055e-05
1282,1,0.0042095897,-0.00093049125,-0.0011308381,-0.002506693,-0.0003725412,3.3044755e-05
1283,1,0.0026877378,-0.0011252535,-0.00069113425,-0.008868855,-0.000118609445,0.000110559
1284,1,0.0011916056,0.00018801415,-0.0002965077,-0.008275605,0.00013309477,0.00011707978
1285,1,-3.3378357e-05,-0.0006970829,7.971122e-05,-0.01278686,0.0002613422,0.000120778175
1286,1,-0.0014521886,0.0013786412,0.0004441217,-0.007840814,0.00039984682,5.472112e-05
1287,1,-0.0024750263,-0.0006672898,0.00077218894,-0.008758065,0.0005649832,1.0182134e-05
1288,1,-0.0040038647,0.002736081,0.001116922,-0.001992425,0.00057940703,8.649592e-06
1289,1,0.004220716,-0.0009757932,-0.0010392083,-0.0024444615,-0.0004474451,6.5265995e-05
1290,1,0.0026993146,-0.0011688663,-0.00061773724,-0.008660994,-0.00011523579,0.00015633275
1291,1,0.0011964323,0.00014791952,-0.00021756753,-0.00796622,0.00011924913,0.00018032455
1292,1,-2.753578e-05,-0.0007497175,0.00015591123,-0.01251246,0.00034702435,0.00016475664
1293,1,-0.0014650456,0.0013524494,0.00051597925,-0.007533802,0.0005297875,0.00011591933
1294,1,-0.002475519,-0.0007119104,0.0008651632,-0.008506831,0.00070630806,4.231617e-05
1295,1,-0.0039724014,0.0026947695,0.0011765765,-0.0019403313,0.0010228225,-1.78899e-05
1296,1,0.004193347,-0.0010075797,-0.0009268281,-0.0024063182,-0.0003080025,6.105183e-05
1297,1,0.0026866754,-0.0011971218,-0.000538011,-0.008562945,-0.00012714768,0.00016337255
1298,1,0.0011809055,0.00011786757,-0.00014968214,-0.007879192,8.351769e-05,0.00019155689
1299,1,-5.462831e-05,-0.0007630037,0.00023048378,-0.012330777,0.00027916065,0.00018451762
1300,1,-0.0014899031,0.0013145615,0.00058720616,-0.007449666,0.0004667295,0.00012600796
1301,1,-0.0025113018,-0.00069485704,0.00092153216,-0.008365956,0.00063184515,8.350216e-05
1302,1,-0.0040043737,0.002638977,0.001275966,-0.0018604065,0.0007372359,3.5094374e-05
1303,1,0.004173819,-0.0010349149,-0.0008452692,-0.0024103606,-0.00021927909,5.373123e-05
1304,1,0.0026705873,-0.0012177745,-0.00047304033,-0.008531434,-8.5095526e-05,0.00013240206
1305,1,0.0011664438,0.00010287319,-9.571453e-05,-0.0078372145,5.3155818e-05,0.00015661202
1306,1,-6.794005e-05,-0.0007712057,0.00027285755,-0.012282152,0.00019338082,0.0001512376
1307,1,-0.0015123804,0.0013023253,0.0006326591,-0.0073933583,0.00031931695,0.00012042223
1308,1,-0.002525673,-0.00070105813,0.0009729165,-0.008310805,0.00043585006,7.3299656e-05
1309,1,-0.003990526,0.0026187338,0.0012766965,-0.0018803509,0.0005519528,1.5541185e-05
1310,1,0.0041525937,-0.0010533945,-0.000775142,-0.0024008267,-9.95689e-05,2.6823758e-05
1311,1,0.0026622058,-0.0012277485,-0.0004333679,-0.00852072,-4.3431777e-05,7.1979e-05
1312,1,0.0011575363,9.3631286e-05,-6.6413726e-05,-0.007840302,2.6654043e-05,8.823424e-05
1313,1,-7.937553e-05,-0.0007734416,0.00030288327,-0.01224943,9.90954e-05,8.723186e-05
1314,1,-0.0015181927,0.0012918472,0.00065643725,-0.007398787,0.00016693398,6.778953e-05
1315,1,-0.0025371837,-0.00069338526,0.0009885567,-0.008272738,0.00022254106,4.9230657e-05
1316,1,-0.0040008784,0.0026004624,0.0013105585,-0.0018366132,0.00025955992,1.9707932e-05
1317,1,0.004152162,-0.0010595325,-0.000764617,-0.0024111245,-1.4567932e-07,3.647861e-07
1318,1,0.0026575206,-0.0012329288,-0.0004178156,-0.008522284,1.9933793e-08,-4.1474962e-07
1319,1,0.0011544991,9.152636e-05,-5.420052e-05,-0.0078352755,-1.17078024e-07,2.0805174e-07
1320,1,-8.1400845e-05,-0.0007750511,0.00030964756,-0.012254524,2.9973094e-08,-3.5515188e-07
1321,1,-0.0015258467,0.0012912808,0.0006663492,-0.007385405,-8.777976e-08,1.3698309e-07
1322,1,-0.0025373052,-0.000697882,0.0010009528,-0.00827701,2.9871995e-08,-2.5645124e-07
1323,1,-0.0039890283,0.0026011053,0.0012954817,-0.0018692751,5.135105e-08,1.8265402e-07
1324,1,0.004152587,-0.0010533383,-0.0007752008,-0.002400862,9.951257e-05,-2.6598178e-05
1325,1,0.002662195,-0.001227765,-0.0004333439,-0.008520703,4.3336815e-05,-7.242313e-05
1326,1,0.0011575426,9.366395e-05,-6.645313e-05,-0.007840175,-2.6770611e-05,-8.810708e-05
1327,1,-7.937948e-05,-0.00077344826,0.00030288845,-0.012249475,-9.911393e-05,-8.769279e-05
1328,1,-0.0015181784,0.0012918959,0.0006564031,-0.007398567,-0.0001670355,-6.770356e-05
1329,1,-0.0025371572,-0.000693442,0.0009885522,-0.00827278,-0.00022252477,-4.956698e-05
1330,1,-0.004000862,0.0026005295,0.0013105524,-0.0018365525,-0.00025949138,-1.9563164e-05
1331,1,0.004173774,-0.0010348405,-0.00084522675,-0.0024102537,0.00021914656,-5.3823343e-05
1332,1,0.0026705868,-0.001217824,-0.00047308338,-0.008531452,8.5008855e-05,-0.00013248072
1333,1,0.0011664341,0.00010295713,-9.572446e-05,-0.007836987,-5.3189913e-05,-0.0001567827
1334,1,-6.793552e-05,-0.00077123154,0.00027282484,-0.012282186,-0.00019344516,-0.00015137905
1335,1,-0.0015123617,0.0013024173,0.0006326283,-0.0073929923,-0.00031933165,-0.00012057006
1336,1,-0.0025256178,-0.00070116116,0.00097288477,-0.008310846,-0.0004358414,-7.337783e-05
1337,1,-0.0039904932,0.0026188653,0.0012766775,-0.0018802296,-0.0005518127,-1.555624e-05
1338,1,0.004193299,-0.0010074655,-0.00092690403,-0.0024062102,0.00030790034,-6.106169e-05
1339,1,0.0026866575,-0.00119719,-0.00053800707,-0.00856298,0.00012711747,-0.00016346666
1340,1,0.0011808946,0.00011797779,-0.0001497098,-0.007878832,-8.356395e-05,-0.00019166591
1341,1,-5.462629e-05,-0.0007630394,0.00023044733,-0.012330868,-0.00027916304,-0.00018462498
1342,1,-0.0014898774,0.0013146905,0.00058716524,-0.0074491077,-0.00046672556,-0.00012611388
1343,1,-0.0025112256,-0.00069501577,0.00092149107,-0.0083660595,-0.0006317862,-8.3546765e-05
1344,1,-0.0040043294,0.0026391766,0.0012759534,-0.0018602379,-0.0007371059,-3.5147867e-05
1345,1,0.00422063,-0.0009756294,-0.0010391683,-0.002444293,0.00044741042,-6.5299355e-05
1346,1,0.0026992962,-0.0011689825,-0.00061776245,-0.008661058,0.00011519327,-0.0001563886
1347,1,0.0011964124,0.00014808173,-0.00021758731,-0.007965735,-0.000119244745,-0.00018037748
1348,1,-2.753554e-05,-0.0007497977,0.00015587982,-0.012512621,-0.00034700232,-0.0001648335
1349,1,-0.0014650228,0.0013526342,0.00051593274,-0.007533083,-0.00052972196,-0.000115958035
1350,1,-0.0024754351,-0.00071213924,0.00086512713,-0.008507011,-0.0007061998,-4.2352465e-05
1351,1,-0.0039723604,0.0026950596,0.001176539,-0.0019400988,-0.0010226157,1.7908456e-05
1352,1,0.0042094896,-0.00093023013,-0.0011308792,-0.0025065213,0.00037245697,-3.3037897e-05
1353,1,0.0026877194,-0.0011254493,-0.00069112336,-0.008868894,0.00011861375,-0.00011057848
1354,1,0.0011915684,0.00018823471,-0.00029652158,-0.008275082,-0.00013307774,-0.00011711385
1355,1,-3.337794e-05,-0.00069720176,7.968638e-05,-0.012786967,-0.00026130932,-0.00012080149
1356,1,-0.0014521809,0.0013788282,0.00044409488,-0.007840116,-0.0003997668,-5.4725766e-05
1357,1,-0.0024749583,-0.0006674792,0.00077215274,-0.008758171,-0.0005648654,-1.020115e-05
1358,1,-0.0040038307,0.0027362986,0.0011169254,-0.0019922226,-0.00057927077,-8.6615355e-06
1359,1,0.0041278023,-0.0009039993,-0.0011449591,-0.0028033524,0.00034749333,-2.6791797e-05
1360,1,0.0025935762,-0.0010397924,-0.0007275801,-0.009262117,-5.333358e-05,-1.5039789e-05
1361,1,0.0010846268,0.000219912,-0.00032592984,-0.008960666,1.4754721e-05,-5.5879627e-05
1362,1,-0.00014613157,-0.00056956784,6.484323e-05,-0.013139795,-0.00012674737,-4.256696e-05
1363,1,-0.0015676392,0.0013731893,0.00039426578,-0.008534563,-0.00014420383,1.2612558e-05
1364,1,-0.0026130276,-0.00046216004,0.00077251135,-0.009007132,-3.8928105e-05,-4.5809116e-05
1365,1,-0.0041115764,0.0026147028,0.0011616548,-0.0022615264,-0.0005509489,3.4571705e-05
1366,1,0.00473134,-0.0013420333,-0.0013340381,-0.0037384005,-4.4826553e-05,1.4175797e-05
1367,1,0.0028765723,-0.00061357865,-0.0007648053,-0.007032339,-1.7886177e-05,8.254529e-05
1368,1,0.0012859518,-0.00077573775,-0.0003280597,-0.011910346,0.00020225604,4.921777e-05
1369,1,-0.00016532555,0.00055190653,9.178023e-05,-0.009166562,0.00015993122,7.469687e-05
1370,1,-0.0015271032,-0.0006382072,0.0005338944,-0.012564671,0.00027454706,5.8704365e-05
1371,1,-0.0032270453,0.002344253,0.0008702048,-0.0058418014,0.0004058002,-7.623823e-05
1372,1,-0.004215822,-0.0007309253,0.0012173541,-0.0034623377,2.3440492e-05,3.198443e-05
1373,1,0.0047971797,-0.0013999554,-0.0012387857,-0.0035276762,-0.00035070072,7.748343e-05
1374,1,0.0029598717,-0.00065307214,-0.00073985057,-0.006392794,0.00010477525,0.00017278675
1375,1,0.0013757866,-0.0008885259,-0.0002627159,-0.011495192,0.0003259192,0.00022975297
1376,1,-5.3964006e-05,0.00049849093,0.00016003489,-0.008426711,0.00055367127,0.00017229351
1377,1,-0.0014097658,-0.0008299573,0.0005601697,-0.012304974,0.0006948434,0.00013404585
1378,1,-0.003111281,0.00240762,0.00097164535,-0.0051796795,0.00079383294,6.9195784e-07
1379,1,-0.0040359274,-0.0010625805,0.0012924619,-0.003405434,0.001198858,-5.2557196e-05
1380,1,0.0047924235,-0.0014430165,-0.0011423622,-0.0034654539,-0.0002178015,0.00010796931
1381,1,0.0029618703,-0.00070096203,-0.00063694007,-0.0062055527,2.3067782e-05,0.00026117434
1382,1,0.0013671324,-0.0009375292,-0.00017441629,-0.011258458,0.00033368007,0.00031384357
1383,1,-8.592643e-05,0.00045473134,0.00027368616,-0.008132977,0.0005901787,0.00028419195
1384,1,-0.0014396964,-0.0008907018,0.0006811144,-0.012059923,0.00082889467,0.00018577705
1385,1,-0.003157789,0.0023862713,0.0010514561,-0.0049865097,0.0010216226,9.52984e-05
1386,1,-0.004072294,-0.0011021425,0.0014795848,-0.003238452,0.0011269518,4.932085e-05
1387,1,0.0047736615,-0.0014973083,-0.0010072642,-0.0034498074,-0.00019295515,0.00011226473
1388,1,0.0029437926,-0.00073182135,-0.0005508823,-0.0061806347,1.5412057e-05,0.00026490784
1389,1,0.0013507426,-0.0009601951,-9.443069e-05,-0.011157685,0.00023114108,0.00032834132
1390,1,-0.00011135033,0.00042626355,0.00034293716,-0.008091549,0.00045110914,0.00029684528
1391,1,-0.001488236,-0.00088839524,0.0007615521,-0.01191244,0.0006575853,0.00024516537
1392,1,-0.003194423,0.002328009,0.001157635,-0.0049461066,0.00083208614,0.00012638213
1393,1,-0.0040918593,-0.0010778129,0.001502315,-0.0032425262,0.0009918009,3.001943e-05
1394,1,0.0047398647,-0.0015364295,-0.0008879501,-0.003448775,-0.0001018186,8.379142e-05
1395,1,0.0029308372,-0.0007527804,-0.00047780716,-0.0061905785,2.1158737e-06,0.00021044846
1396,1,0.0013351131,-0.0009745881,-4.2732074e-05,-0.011154848,0.0001542957,0.00026281804
1397,1,-0.0001282362,0.00041382582,0.00039243733,-0.008080969,0.0003086705,0.0002527012
1398,1,-0.0015016953,-0.00089268223,0.00080427056,-0.011908665,0.0004490643,0.00020472615
1399,1,-0.0032198743,0.0023178826,0.0011888789,-0.00492467,0.00055244594,0.00013855996
1400,1,-0.0040995325,-0.0010740171,0.0015637082,-0.0031650446,0.0006236081,5.8434565e-05
1401,1,0.004731105,-0.0015612755,-0.0008232468,-0.0034614492,-5.1607636e-05,4.8254504e-05
1402,1,0.0029170767,-0.0007688435,-0.00042914905,-0.006216295,3.1273528e-06,0.00011586574
1403,1,0.0013267845,-0.0009803675,-8.004147e-06,-0.011159324,7.6670134e-05,0.00014596454
1404,1,-0.00013939687,0.0004047389,0.00041928067,-0.008115262,0.00015305684,0.00014058677
1405,1,-0.0015187169,-0.0008902266,0.0008306652,-0.0118923215,0.00022758606,0.00012289488
1406,1,-0.0032193384,0.0023012203,0.001213292,-0.004954745,0.0002883787,8.093355e-05
1407,1,-0.004093458,-0.001059904,0.0015446387,-0.003204545,0.00032156525,2.9281615e-05
1408,1,0.0047166636,-0.0015703845,-0.00078732363,-0.0034599954,7.4378455e-08,-5.912155e-07
1409,1,0.002916768,-0.0007717992,-0.00041496602,-0.0062227324,-1.5893788e-07,3.6776467e-07
1410,1,0.0013223838,-0.0009843159,2.5417257e-06,-0.01117195,7.685069e-08,-5.206601e-07
1411,1,-0.00014168142,0.00040394798,0.0004283876,-0.00811504,-1.7656467e-07,1.8913047e-07
1412,1,-0.0015182173,-0.00089342025,0.00083810114,-0.0119141415,2.7450936e-08,-3.8547802e-07
1413,1,-0.003233351,0.0023021284,0.0012189646,-0.0049471734,-1.2080751e-07,1.4077143e-07
1414,1,-0.0040967236,-0.0010607823,0.0015595858,-0.0031638402,7.2083344e-09,-2.6002513e-07
1415,1,0.0047310814,-0.0015612999,-0.00082318543,-0.003461341,5.1451847e-05,-4.8680587e-05
1416,1,0.002917089,-0.00076881086,-0.00042922277,-0.0062162573,-3.1953077e-06,-0.00011566487
1417,1,0.0013267688,-0.0009803548,-7.978228e-06,-0.011159359,-7.6689794e-05,-0.00014658681
1418,1,-0.00013938542,0.0004047923,0.0004192169,-0.008115062,-0.00015325175,-0.00014050747
1419,1,-0.001518714,-0.00089023117,0.00083065964,-0.011892357,-0.00022762918,-0.00012340811
1420,1,-0.0032193086,0.0023013058,0.0012132471,-0.0049544764,-0.00028851884,-8.0844104e-05
1421,1,-0.004093417,-0.0010600156,0.0015446291,-0.003204564,-0.0003215157,-2.9522651e-05
1422,1,0.0047398517,-0.0015364257,-0.00088806567,-0.0034488228,0.0001018005,-8.37625e-05
1423,1,0.0029308132,-0.0007526991,-0.00047778658,-0.006190432,-2.1102253e-06,-0.00021068439
1424,1,0.001335111,-0.00097458775,-4.2785417e-05,-0.011154854,-0.00015439447,-0.0002629871
1425,1,-0.0001282337,0.0004139266,0.0003923948,-0.008080678,-0.00030871583,-0.00025294104
1426,1,-0.0015016799,-0.0008926802,0.000804208,-0.011908645,-0.00044916084,-0.00020488695
1427,1,-0.0032198231,0.0023180272,0.0011888321,-0.004924223,-0.0005525036,-0.00013871507
1428,1,-0.004099452,-0.0010742258,0.0015636891,-0.0031650814,-0.0006236126,-5.8492446e-05
1429,1,0.0047735954,-0.001497323,-0.0010072052,-0.003449792,0.00019298783,-0.00011235855
1430,1,0.0029437693,-0.0007317091,-0.00055093324,-0.006180404,-1.5455782e-05,-0.00026501264
1431,1,0.0013507281,-0.00096019346,-9.446573e-05,-0.011157718,-0.00023114527,-0.00032850303
1432,1,-0.000111343004,0.00042638642,0.00034287575,-0.008091101,-0.00045115303,-0.0002969891
1433,1,-0.001488221,-0.00088839285,0.0007614762,-0.011912488,-0.0006575924,-0.00024528406
1434,1,-0.0031943494,0.0023282247,0.0011575625,-0.004945424,-0.00083208265,-0.00012648357
1435,1,-0.0040917387,-0.0010781236,0.001502262,-0.0032425774,-0.0009917078,-3.0002202e-05
1436,1,0.004792363,-0.0014430503,-0.0011424349,-0.0034654753,0.00021772932,-0.00010797091
1437,1,0.0029618281,-0.0007008081,-0.00063693896,-0.0062052347,-2.303463e-05,-0.0002612402
1438,1,0.0013671144,-0.0009375625,-0.00017446224,-0.011258538,-0.00033367504,-0.0003139426
1439,1,-8.591879e-05,0.00045490405,0.00027362086,-0.00813239,-0.0005901506,-0.00028425935
1440,1,-0.0014396834,-0.00089074404,0.00068104034,-0.012060069,-0.0008288415,-0.00018584711
1441,1,-0.0031577165,0.0023865774,0.0010513756,-0.00498565,-0.0010215098,-9.531998e-05
1442,1,-0.0040721563,-0.0011025915,0.001479556,-0.0032385816,-0.0011268163,-4.936046e-05
1443,1,0.0047971015,-0.0014000852,-0.001238737,-0.003527677,0.0003507561,-7.750873e-05
1444,1,0.0029598114,-0.0006528414,-0.00073987636,-0.006392462,-0.000104768485,-0.00017281395
1445,1,0.0013757716,-0.00088861794,-0.00026274513,-0.011495246,-0.0003258664,-0.00022977077
1446,1,-5.398262e-05,0.000498707,0.00015998575,-0.008426133,-0.00055358716,-0.0001723393
1447,1,-0.0014097601,-0.000830015,0.00056010985,-0.012305021,-0.00069475453,-0.00013405914
1448,1,-0.0031112328,0.0024078751,0.00097159995,-0.0051789396,-0.00079368654,-6.627583e-07
1449,1,-0.004035818,-0.0010629053,0.0012923944,-0.0034054813,-0.0011986267,5.256987e-05
1450,1,0.004731279,-0.0013422206,-0.001334073,-0.0037383717,4.479389e-05,-1.416457e-05
1451,1,0.0028765027,-0.0006133163,-0.00076479086,-0.007032016,1.7915012e-05,-8.2553604e-05
1452,1,0.0012859394,-0.00077585835,-0.00032808175,-0.011910301,-0.00020223473,-4.921163e-05
1453,1,-0.000165358,0.00055212504,9.174656e-05,-0.009166052,-0.00015987395,-7.4702584e-05
1454,1,-0.0015271042,-0.0006382456,0.00053386664,-0.012564543,-0.00027451463,-5.870247e-05
1455,1,-0.0032270066,0.0023444127,0.0008701565,-0.0058412263,-0.00040572663,7.6265074e-05
1456,1,-0.0042157564,-0.0007311057,0.0012173748,-0.0034623223,-2.3343053e-05,-3.200252e-05
1457,1,0.00535783,-0.0017806485,-0.001393534,-0.0028572932,-0.00019498086,4.388741e-05
1458,1,0.0031702868,-0.001118777,-0.00082921906,-0.008818349,0.00019511663,8.9703164e-05
1459,1,0.0014930159,-0.0004539507,-0.00023961824,-0.008424204,0.0002463844,0.0001996353
1460,1,-4.0698425e-05,-0.00089677656,0.00021665548,-0.012809292,0.000514232,7.6453834e-05
1461,1,-0.0016615499,0.0010852257,0.0006049883,-0.008201575,0.00043127683,3.9813676e-05
1462,1,-0.003253722,-0.0010544424,0.0011464804,-0.010255797,0.00041340725,7.199624e-05
1463,1,-0.0051583922,0.0038597195,0.001453956,-0.0019402303,0.0009975495,-0.00013995825
1464,1,0.0054106694,-0.0018372382,-0.0013891082,-0.0025467086,-0.00012448367,0.00012697806
1465,1,0.003218824,-0.0011932739,-0.00072369684,-0.008363918,0.00022726935,0.0003395093
1466,1,0.0015567518,-0.0005144492,-0.0001776322,-0.007718826,0.0006063922,0.0003969322
1467,1,1.0595001e-05,-0.0010596554,0.00033950803,-0.012395663,0.0009319257,0.00037306757
1468,1,-0.0015612103,0.0010041816,0.0007849762,-0.007386384,0.0011950068,0.00016697161
1469,1,-0.003123171,-0.0013703273,0.0011481865,-0.010163188,0.0013165909,4.2557876e-05
1470,1,-0.0050580893,0.0040441616,0.0016555104,-0.0015335705,0.0012783149,1.7791259e-05
1471,1,0.0054022605,-0.0019121697,-0.001203953,-0.0025204218,-0.00010792146,0.00017955409
1472,1,0.0032079709,-0.0012434515,-0.00062992965,-0.008255284,0.00018890575,0.0004406027
1473,1,0.0015275263,-0.00056171435,-6.6268694e-05,-0.007523687,0.00050253293,0.0005363375
1474,1,-4.462363e-05,-0.0011083513,0.00045386504,-0.012235464,0.0008477129,0.0005144468
1475,1,-0.0016729994,0.0009700941,0.00094344874,-0.0071489187,0.0011854983,0.00037053443
1476,1,-0.0032182392,-0.0014394192,0.0013849479,-0.009917831,0.0014537353,0.00014593887
1477,1,-0.005117116,0.0039738645,0.0017339723,-0.0015722531,0.0016228183,-6.879962e-06
1478,1,0.00536293,-0.0019612673,-0.0010450941,-0.0025217372,-4.0295414e-05,0.0001690872
1479,1,0.0031992174,-0.0012846995,-0.0005273974,-0.008258366,0.000121043595,0.00043016035
1480,1,0.0015078813,-0.00059545285,4.7049068e-07,-0.0075424775,0.00036160974,0.00052900787
1481,1,-6.0355545e-05,-0.0011332469,0.0005205002,-0.012195156,0.00062870875,0.0005307979
1482,1,-0.0017081265,0.00095100055,0.0010070852,-0.0072493833,0.00085733656,0.0004110082
1483,1,-0.0032958235,-0.001400992,0.0014505783,-0.00981811,0.0010378292,0.00027893606
1484,1,-0.0051571582,0.0038844126,0.0019155694,-0.0014759353,0.001157708,9.9121746e-05
1485,1,0.005347653,-0.0020070192,-0.00091195037,-0.0025527743,-2.3041282e-05,0.00013468895
1486,1,0.003179833,-0.0013173119,-0.00044574947,-0.008305834,8.262063e-05,0.00033387888
1487,1,0.0014946313,-0.00061686186,5.6094148e-05,-0.0075920923,0.00023891564,0.00041528582
1488,1,-7.7221375e-05,-0.0011493689,0.0005604902,-0.012257877,0.0004132346,0.0004204215
1489,1,-0.0017313771,0.0009367897,0.0010412033,-0.007310955,0.000586705,0.0003526055
1490,1,-0.0032946188,-0.0013954351,0.0014803312,-0.009870303,0.000709276,0.00024309228
1491,1,-0.005146579,0.0038681438,0.0018662724,-0.0015728585,0.00070117944,8.661208e-05
1492,1,0.005318442,-0.0020370125,-0.00081245427,-0.002570278,-9.723852e-07,6.9790985e-05
1493,1,0.0031744442,-0.0013346021,-0.00039464142,-0.008347748,4.0186547e-05,0.00017983018
1494,1,0.0014825397,-0.0006318253,8.864037e-05,-0.0076485765,0.00011581847,0.00022627875
1495,1,-8.1594146e-05,-0.0011586583,0.0005822832,-0.012295427,0.00020511252,0.00023183998
1496,1,-0.001743007,0.0009272856,0.0010594892,-0.0074064787,0.00028067725,0.00019609551
1497,1,-0.0033277143,-0.0013847903,0.0014914837,-0.009873048,0.00033444806,0.00013681279
1498,1,-0.0051287175,0.00385408,0.0018546827,-0.0015392638,0.00036792553,4.6086017e-05
1499,1,0.005324641,-0.002047408,-0.0007918066,-0.0025813468,-1.8152619e-07,7.4948366e-07
1500,1,0.0031666975,-0.0013430759,-0.00037407197,-0.008364597,2.0519056e-07,-7.770404e-07
1501,1,0.0014823291,-0.0006349559,9.926806e-05,-0.0076643345,-2.5226538e-07,3.3017568e-07
1502,1,-8.6753986e-05,-0.0011630284,0.0005905735,-0.012323042,1.1218672e-07,-6.022823e-07
1503,1,-0.0017450025,0.00092501595,0.0010611949,-0.007413094,-2.80485e-07,1.2432821e-07
1504,1,-0.0033097856,-0.0013816745,0.0014802751,-0.00990457,-2.488667e-08,-3.6132064e-07
1505,1,-0.0051452066,0.0038606073,0.0018429775,-0.001590147,-7.1513185e-08,2.0461361e-07
1506,1,0.0053184605,-0.0020369613,-0.00081260287,-0.0025704522,1.1565114e-06,-6.943038e-05
1507,1,0.003174414,-0.0013345811,-0.00039455437,-0.0083477525,-4.0145213e-05,-0.00018059555
1508,1,0.0014825586,-0.00063175027,8.8530185e-05,-0.007648487,-0.0001160065,-0.00022616514
1509,1,-8.1624545e-05,-0.0011585975,0.00058230176,-0.012295463,-0.00020511818,-0.00023262402
1510,1,-0.0017429853,0.0009273827,0.0010593956,-0.0074061095,-0.00028104743,-0.00019611913
1511,1,-0.003327682,-0.0013848379,0.0014914605,-0.009873074,-0.00033463194,-0.00013729517
1512,1,-0.0051286845,0.003854242,0.0018546506,-0.001539066,-0.00036806086,-4.6001038e-05
1513,1,0.0053475904,-0.0020069932,-0.0009118172,-0.0025527051,2.3151093e-05,-0.000134955
1514,1,0.0031798282,-0.0013172894,-0.0004458435,-0.008305855,-8.266339e-05,-0.00033399244
1515,1,0.0014946258,-0.00061672635,5.6074747e-05,-0.0075920145,-0.0002388834,-0.0004156634
1516,1,-7.725511e-05,-0.0011492313,0.00056039594,-0.012257806,-0.00041339913,-0.00042070035
1517,1,-0.0017313486,0.0009369385,0.0010411103,-0.007310364,-0.00058686174,-0.0003529312
1518,1,-0.0032945408,-0.0013954983,0.0014802254,-0.009870248,-0.0007094575,-0.00024322605
1519,1,-0.0051465197,0.0038684343,0.0018662204,-0.001572498,-0.0007012029,-8.6664055e-05
1520,1,0.005362883,-0.0019611884,-0.0010452132,-0.0025217414,4.02565e-05,-0.00016907298
1521,1,0.0031991745,-0.001284689,-0.0005273815,-0.008258358,-0.00012094222,-0.00043036518
1522,1,0.0015078883,-0.0005952826,3.960927e-07,-0.007542335,-0.000361646,-0.00052920193
1523,1,-6.0416944e-05,-0.0011330455,0.00052039884,-0.01219511,-0.00062874367,-0.00053104595
1524,1,-0.0017080798,0.000951177,0.0010069504,-0.00724848,-0.0008574475,-0.0004111663
1525,1,-0.0032957245,-0.0014011002,0.0014504564,-0.0098181665,-0.0010378964,-0.0002790156
1526,1,-0.00515707,0.003884852,0.0019155053,-0.001475438,-0.0011577208,-9.922086e-05
1527,1,0.0054021673,-0.00191208,-0.0012038981,-0.0025203761,0.00010809121,-0.00017963447
1528,1,0.003207925,-0.0012434545,-0.000629979,-0.008255295,-0.00018890481,-0.00044069745
1529,1,0.0015275327,-0.00056150416,-6.6320536e-05,-0.007523468,-0.0005024924,-0.00053644064
1530,1,-4.469853e-05,-0.0011081609,0.00045374938,-0.012235479,-0.00084770506,-0.00051455246
1531,1,-0.0016729379,0.0009703249,0.0009433034,-0.0071478323,-0.0011854651,-0.0003705806
1532,1,-0.003218125,-0.0014396162,0.0013848078,-0.009918062,-0.0014536539,-0.0001459613
1533,1,-0.0051170294,0.0039745234,0.0017338515,-0.0015715683,-0.0016226111,6.9133484e-06
1534,1,0.0054105595,-0.0018370532,-0.0013891477,-0.002546651,0.00012446259,-0.00012696387
1535,1,0.003218782,-0.0011933492,-0.00072369754,-0.008363942,-0.00022717346,-0.00033953128
1536,1,0.0015567278,-0.00051417254,-0.00017769156,-0.00771859,-0.00060633547,-0.00039699333
1537,1,1.0536562e-05,-0.0010595354,0.00033941312,-0.012395665,-0.0009318329,-0.00037303354
1538,1,-0.0015611938,0.0010044518,0.00078484963,-0.0073854574,-0.0011948122,-0.00016696966
1539,1,-0.0031230922,-0.0013704664,0.0011480687,-0.010163226,-0.0013163676,-4.2576343e-05
1540,1,-0.0050580357,0.00404462,0.0016554905,-0.0015330805,-0.001278139,-1.7767603e-05
1541,1,0.0053576957,-0.0017804069,-0.0013934718,-0.002857242,0.00019504156,-4.3890297e-05
1542,1,0.0031702516,-0.0011188922,-0.00082925055,-0.008818352,-0.0001950988,-8.968791e-05
1543,1,0.0014929625,-0.00045364018,-0.00023966108,-0.008424009,-0.0002463283,-0.00019964165
1544,1,-4.076718e-05,-0.00089668646,0.00021659142,-0.012809166,-0.00051416847,-7.6427204e-05
1545,1,-0.0016615716,0.0010854634,0.0006049041,-0.008200843,-0.00043111705,-3.9786708e-05
1546,1,-0.0032536804,-0.0010545015,0.0011464446,-0.010255614,-0.0004133097,-7.200879e-05
1547,1,-0.0051583406,0.0038599835,0.0014538576,-0.0019398647,-0.0009974558,0.00013999076
1548,1,0.005824687,-0.0013480242,-0.0016481683,-0.0030556268,4.9045207e-07,9.239192e-05
1549,1,0.0035606592,-0.001473334,-0.00072842406,-0.0062310915,0.00019477487,0.000256627
1550,1,0.0015858184,-0.0014662493,-0.000109162596,-0.009732803,0.00045694443,0.00022132171
1551,1,0.0003984884,-0.0010571309,0.0005207883,-0.008277106,0.00065153354,0.00037345767
1552,1,-0.0015265213,-0.0015421824,0.0010050933,-0.014233504,0.0011338077,0.00010085786
1553,1,-0.0038039188,0.0025254304,0.001205927,-0.0060248654,0.0010144828,-0.00019336757
1554,1,-0.0050372267,-0.0020905316,0.0017472489,-0.0048518213,0.00040081594,0.000115195304
1555,1,0.0058347657,-0.001400503,-0.0014266049,-0.002827684,-4.3194603e-05,0.00022322373
1556,1,0.0035819104,-0.0015091228,-0.0007005131,-0.00571191,0.00036841232,0.00053752796
1557,1,0.0015470048,-0.0015423716,-3.1915354e-06,-0.009262727,0.00075698714,0.00072781293
1558,1,0.0003776682,-0.0011648707,0.0006308853,-0.007518187,0.0012580713,0.0007308227
1559,1,-0.001592228,-0.0017833246,0.0012080917,-0.013878862,0.0018715862,0.0005550906
1560,1,-0.0037617118,0.002465311,0.0016883784,-0.004980394,0.0022783487,1.6299682e-05
1561,1,-0.004854341,-0.0027189166,0.0018505842,-0.005019651,0.002449519,-0.00016647123
1562,1,0.0057991277,-0.001463298,-0.0012640551,-0.0028291205,2.914728e-05,0.00026746394
1563,1,0.0035721427,-0.0015750829,-0.00057823583,-0.0056437147,0.0002419579,0.0006774057
1564,1,0.0015179464,-0.0016183683,7.2014736e-05,-0.009201981,0.0005953949,0.00087212346
1565,1,0.00031847443,-0.0012358996,0.0007173266,-0.007469179,0.000974298,0.00091569754
1566,1,-0.0017167904,-0.0018273672,0.0013273169,-0.013979802,0.0014180277,0.00079769205
1567,1,-0.0040319297,0.0024981203,0.0018571069,-0.004919709,0.0018676227,0.0004726324
1568,1,-0.0050931205,-0.0027751985,0.0024785325,-0.004656775,0.0022247913,0.00014868459
1569,1,0.005786266,-0.001549554,-0.0010618761,-0.0028552942,2.8874412e-05,0.0002589954
1570,1,0.0035537018,-0.0016325867,-0.00047805827,-0.0056956667,0.00018879399,0.0006364788
1571,1,0.0015162913,-0.0016767965,0.00013388746,-0.009271076,0.0004283879,0.0008203034
1572,1,0.00030108893,-0.0012989,0.0007484527,-0.007589757,0.0007031364,0.00085996435
1573,1,-0.0017092663,-0.0018824779,0.001329193,-0.014128659,0.0010314352,0.0007837382
1574,1,-0.0040391153,0.0024739811,0.0018742868,-0.005313954,0.0012383566,0.0005416153
1575,1,-0.0051251706,-0.0026601276,0.0023592876,-0.0048014317,0.001094229,0.00021104456
1576,1,0.0057491814,-0.0016153675,-0.0008923464,-0.0029012563,4.7703576e-05,0.00018915012
1577,1,0.0035435339,-0.0016722977,-0.00039147044,-0.0057709697,0.00011674078,0.000480604
1578,1,0.0015038679,-0.0017221252,0.00018113067,-0.009370386,0.00027421597,0.000621498
1579,1,0.00029563278,-0.0013462573,0.00076757994,-0.0077081677,0.00045477046,0.0006522001
1580,1,-0.0017246498,-0.0019210757,0.0013394012,-0.014327968,0.0006480431,0.0006035506
1581,1,-0.0040909033,0.0024533228,0.0018511199,-0.0054933736,0.0007939265,0.00040192326
1582,1,-0.0050486582,-0.0025913543,0.0022396983,-0.004756354,0.00085989863,0.0001258835
1583,1,0.005748689,-0.0016572803,-0.00079626276,-0.002925431,2.1598356e-05,0.00010346005
1584,1,0.003529525,-0.0017018758,-0.00033210075,-0.005831398,6.106165e-05,0.00025605838
1585,1,0.0015036177,-0.0017456141,0.00020718579,-0.009438603,0.00013438542,0.00033066224
1586,1,0.00028774302,-0.0013747009,0.0007789411,-0.007805685,0.00021889445,0.00034889326
1587,1,-0.001715835,-0.001944499,0.0013216696,-0.014422255,0.00031118648,0.000313116
1588,1,-0.0040798043,0.0024616679,0.0017978754,-0.0056579313,0.00036054375,0.00021332336
1589,1,-0.005125772,-0.0025365264,0.0022028727,-0.0048209447,0.00030889653,8.252803e-05
1590,1,0.0057303067,-0.0016716399,-0.00074991916,-0.0029410915,4.486165e-07,-1.2653039e-06
1591,1,0.0035306963,-0.0017089199,-0.00031505336,-0.005850366,-3.514633e-07,7.538372e-07
1592,1,0.0014980133,-0.0017560067,0.0002188615,-0.0094672935,3.7686118e-07,-8.802265e-07
1593,1,0.00029122483,-0.0013825614,0.00077819236,-0.007829869,-3.7773515e-07,1.852775e-07
1594,1,-0.0017213721,-0.0019481062,0.0013198043,-0.014470996,8.6771074e-08,-6.468586e-07
1595,1,-0.004097985,0.0024579866,0.0017924652,-0.0056736027,-4.007641e-07,3.3081022e-08
1596,1,-0.005033219,-0.002522946,0.0021204988,-0.0047919056,-1.2849871e-07,-3.0212573e-07
1597,1,0.005748642,-0.0016573244,-0.00079600065,-0.0029252302,-2.1547512e-05,-0.00010423894
1598,1,0.0035295708,-0.0017018077,-0.0003323086,-0.0058315583,-6.1068225e-05,-0.0002556976
1599,1,0.0015035636,-0.0017455512,0.00020729599,-0.009438732,-0.0001341442,-0.000331649
1600,1,0.00028776156,-0.001374508,0.00077878236,-0.007805615,-0.0002192412,-0.00034900737
1601,1,-0.0017159095,-0.0019442849,0.0013216621,-0.0144222025,-0.00031128302,-0.00031407815
1602,1,-0.004079746,0.0024618309,0.0017977959,-0.0056571285,-0.0003611393,-0.00021354677
1603,1,-0.005125683,-0.0025367758,0.0022028398,-0.004821001,-0.00030921024,-8.2785526e-05
1604,1,0.0057491893,-0.0016153352,-0.00089256035,-0.0029013588,-4.75745e-05,-0.00018895738
1605,1,0.0035435096,-0.0016722023,-0.0003913746,-0.0057712477,-0.0001164548,-0.0004810833
1606,1,0.0015038191,-0.0017219511,0.0001810201,-0.009370386,-0.00027431862,-0.00062176655
1607,1,0.00029564608,-0.0013459799,0.0007675005,-0.007708243,-0.00045476513,-0.00065275724
1608,1,-0.0017247875,-0.0019205733,0.001339234,-0.014327667,-0.0006483235,-0.0006040424
1609,1,-0.004090782,0.002453623,0.0018509786,-0.005491825,-0.00079443,-0.00040243487
1610,1,-0.0050484673,-0.0025917955,0.0022396098,-0.0047563426,-0.0008602129,-0.0001260402
1611,1,0.005786176,-0.0015495763,-0.001061722,-0.0028552585,-2.8484437e-05,-0.00025923684
1612,1,0.00355369,-0.0016324207,-0.00047812387,-0.005696006,-0.00018877312,-0.00063666404
1613,1,0.0015162049,-0.0016765887,0.00013385167,-0.009271012,-0.0004283234,-0.0008206428
1614,1,0.00030113262,-0.0012985651,0.00074830034,-0.0075898464,-0.00070319226,-0.0008602152
1615,1,-0.0017094931,-0.001881735,0.0013289844,-0.0141283255,-0.0010315543,-0.00078414875
1616,1,-0.0040389076,0.0024743783,0.0018740175,-0.0053115366,-0.001238651,-0.00054182525
1617,1,-0.005124908,-0.0026608226,0.0023591435,-0.004801481,-0.0010944199,-0.00021096329
1618,1,0.005799052,-0.0014633054,-0.0012641018,-0.002829054,-2.9196248e-05,-0.0002674701
1619,1,0.0035721182,-0.0015749065,-0.000578204,-0.0056440514,-0.00024181016,-0.00067755894
1620,1,0.0015178423,-0.0016181567,7.1931354e-05,-0.0092019,-0.0005953999,-0.00087228575
1621,1,0.0003185364,-0.0012355418,0.00071720313,-0.007469261,-0.0009743179,-0.00091580424
1622,1,-0.001717057,-0.0018265669,0.0013270531,-0.013979536,-0.0014180723,-0.00079770567
1623,1,-0.0040316833,0.0024986125,0.0018568281,-0.004916905,-0.0018676127,-0.0004725678
1624,1,-0.005092778,-0.0027762288,0.0024783465,-0.0046571977,-0.0022247767,-0.00014866548
1625,1,0.0058346717,-0.0014005762,-0.00142656,-0.00282769,4.343059e-05,-0.00022326146
1626,1,0.0035818678,-0.00150887,-0.0007005437,-0.0057121613,-0.00036841264,-0.0005375766
1627,1,0.0015469289,-0.0015422404,-3.2535336e-06,-0.009262779,-0.00075691624,-0.0007278195
1628,1,0.00037768163,-0.0011644391,0.0006307483,-0.007518209,-0.0012580472,-0.00073084945
1629,1,-0.0015924205,-0.0017827072,0.0012078815,-0.013878657,-0.0018714678,-0.00055481197
1630,1,-0.0037615458,0.0024658018,0.0016880955,-0.0049782614,-0.0022779065,-1.6067654e-05
1631,1,-0.0048540984,-0.0027195304,0.0018503054,-0.005019696,-0.0024489532,0.00016643197
1632,1,0.005824598,-0.0013481642,-0.0016481708,-0.0030556694,-4.908176e-07,-9.238382e-05
1633,1,0.003560585,-0.001473026,-0.0007284375,-0.00623134,-0.0001947194,-0.00025663944
1634,1,0.0015857397,-0.0014661568,-0.00010922938,-0.009732893,-0.00045692935,-0.00022130599
1635,1,0.0003984224,-0.0010566545,0.00052065146,-0.008277204,-0.00065146235,-0.00037342185
1636,1,-0.0015267312,-0.0015416663,0.0010049524,-0.01423313,-0.0011337108,-0.00010071539
1637,1,-0.0038038653,0.0025257654,0.0012057266,-0.006023345,-0.0010140386,0.00019351831
1638,1,-0.0050371117,-0.002090925,0.0017472791,-0.004851769,-0.0004005175,-0.00011522466
1639,1,0.006423075,-0.0024411385,-0.0015676416,-0.0023036296,4.504132e-05,0.00011371056
1640,1,0.003598165,-0.00174858,-0.0007104977,-0.00439458,0.00019432209,0.0002719438
1641,1,0.0022447251,-0.0022779694,0.00016149702,-0.0062771835,0.0003962557,0.00053901016
1642,1,0.00016977066,-0.0027113205,0.0009039309,-0.008309805,0.00073194597,0.00043588504
1643,1,-0.00023400079,-0.003193399,0.0017209783,-0.007699566,0.0011953108,0.00077580306
1644,1,-0.003717084,-0.0036455214,0.002532523,-0.018629406,0.0023759375,0.00019024983
1645,1,-0.0063648988,0.0057498007,0.0020097685,-0.0031508391,0.0030285327,-0.0006107041
1646,1,0.006413517,-0.002500637,-0.0015227188,-0.0021730547,2.3111517e-05,0.00029036193
1647,1,0.00354591,-0.0017719307,-0.00061637186,-0.0040006395,0.0003148081,0.000797763
1648,1,0.0021517503,-0.002317699,0.00018038569,-0.005886974,0.0006794539,0.0010553139
1649,1,-5.8984326e-05,-0.0027952085,0.0009793165,-0.007874579,0.001162818,0.0013138033
1650,1,-0.000479435,-0.0034092127,0.0018531058,-0.006975038,0.0019375967,0.0013852688
1651,1,-0.0040895147,-0.003965598,0.0025647485,-0.018498577,0.0031039466,0.00091989455
1652,1,-0.006632915,0.005862894,0.0035611494,-0.0018702393,0.0041725812,0.0002271872
1653,1,0.006397383,-0.0026041416,-0.0012801735,-0.0021760184,4.1715073e-05,0.00037576107
1654,1,0.0035365932,-0.0018615667,-0.00052870845,-0.0039888597,0.00022966013,0.0009179656
1655,1,0.0021515382,-0.0024237442,0.00022146665,-0.005897054,0.00047559748,0.0012467561
1656,1,-9.102816e-05,-0.0029658203,0.0009945829,-0.007968614,0.00083441456,0.0014408265
1657,1,-0.00048926077,-0.00360036,0.0017607013,-0.007269656,0.001224581,0.0014427798
1658,1,-0.004232528,-0.0040770103,0.0025414377,-0.019331753,0.0017606327,0.0013261872
1659,1,-0.0070191394,0.0058741737,0.003324508,-0.0027124083,0.0015772901,0.0006159581
1660,1,0.0063593294,-0.0027019216,-0.0010529549,-0.00220551,7.578671e-05,0.00033141265
1661,1,0.00352858,-0.0019337636,-0.0004236892,-0.004070078,0.00016222634,0.00084900414
1662,1,0.002149093,-0.0025401332,0.00027025247,-0.0059714234,0.000352904,0.0011207899
1663,1,-7.637372e-05,-0.0030977149,0.0009790291,-0.008139451,0.00060071284,0.0012510868
1664,1,-0.0004779043,-0.0037567087,0.001695189,-0.007538889,0.0008908297,0.0012850951
1665,1,-0.0041825403,-0.00429551,0.0023758723,-0.01978834,0.0012200285,0.0010078527
1666,1,-0.006751343,0.0058062254,0.0028374689,-0.0032137996,0.0012092602,0.00034289501
1667,1,0.0063520637,-0.0027689033,-0.00087787287,-0.0022340564,4.134518e-05,0.0002506892
1668,1,0.003514448,-0.0020038316,-0.00032995144,-0.0041444954,0.0001102282,0.0006272457
1669,1,0.0021530588,-0.0026108362,0.0003012241,-0.006071476,0.00022012628,0.0008219478
1670,1,-7.469358e-05,-0.003188156,0.00097078976,-0.008278999,0.00037171232,0.0009171679
1671,1,-0.00045208362,-0.0038899728,0.0016337055,-0.0077534956,0.00052087836,0.00088055356
1672,1,-0.004177028,-0.004339484,0.0022125244,-0.020132042,0.0006734362,0.000689148
1673,1,-0.00692901,0.0057833586,0.0026976913,-0.003546627,0.00059066503,0.000277712
1674,1,0.0063290936,-0.0028248124,-0.0007501097,-0.0022618428,3.6281748e-05,0.00012874712
1675,1,0.0035103932,-0.0020352048,-0.0002746161,-0.0042047994,5.1769373e-05,0.00032952748
1676,1,0.0021494832,-0.002657007,0.00032423472,-0.0061284397,0.00010814412,0.0004334666
1677,1,-6.2444604e-05,-0.0032431,0.0009581093,-0.008373257,0.00017937332,0.00047169952
1678,1,-0.0004423186,-0.003931712,0.001577163,-0.00786568,0.00025309165,0.00045117814
1679,1,-0.004156187,-0.00439675,0.0021126862,-0.02029949,0.00032718675,0.0003334681
1680,1,-0.0067596356,0.0058017243,0.002425942,-0.0037172143,0.00029270843,0.000112980844
1681,1,0.006336292,-0.0028344851,-0.0007198913,-0.002265472,-4.882819e-07,1.8665869e-06
1682,1,0.0035044288,-0.0020534084,-0.0002510311,-0.0042200666,9.27039e-07,-1.4494148e-06
1683,1,0.0021527752,-0.0026688874,0.00032926176,-0.006156408,-6.4243414e-07,5.607742e-07
1684,1,-6.585815e-05,-0.0032554362,0.0009547655,-0.008398217,4.7034263e-07,-7.099865e-07
1685,1,-0.00043337108,-0.0039581917,0.0015593601,-0.0079110395,-3.0551382e-07,-3.973065e-08
1686,1,-0.0041530873,-0.004384075,0.002068232,-0.020357776,1.0801475e-08,-7.3235475e-07
1687,1,-0.0068966234,0.0057852673,0.0024782915,-0.0037675458,-3.3537407e-07,-4.33676e-08
1688,1,0.0063292324,-0.0028247533,-0.0007505876,-0.002262389,-3.5468092e-05,-0.00012780206
1689,1,0.0035103296,-0.0020352323,-0.0002742187,-0.004205249,-5.1080347e-05,-0.00033085202
1690,1,0.0021494667,-0.0026567087,0.0003239324,-0.00612861,-0.00010856042,-0.00043337658
1691,1,-6.2474945e-05,-0.0032429707,0.0009581831,-0.008373394,-0.00017903892,-0.00047256358
1692,1,-0.00044235057,-0.003931378,0.0015770227,-0.007865933,-0.00025330324,-0.00045160568
1693,1,-0.0041563283,-0.0043961667,0.0021126745,-0.020299286,-0.0003273724,-0.00033466629
1694,1,-0.0067595257,0.005802361,0.0024259062,-0.0037158183,-0.0002933517,-0.0001134511
1695,1,0.0063519655,-0.002768917,-0.00087735546,-0.0022343714,-4.035001e-05,-0.0002514764
1696,1,0.0035144335,-0.002003728,-0.00033007018,-0.0041446993,-0.00011019541,-0.00062749564
1697,1,0.002153014,-0.0026106082,0.00030128058,-0.006072108,-0.00021990947,-0.00082265097
1698,1,-7.475873e-05,-0.0031877449,0.0009705951,-0.008278986,-0.00037184506,-0.0009174038
1699,1,-0.00045212082,-0.0038894096,0.001633574,-0.0077541885,-0.0005207807,-0.00088136445
1700,1,-0.0041773613,-0.0043381825,0.0022124078,-0.020131502,-0.0006738337,-0.0006901865
1701,1,-0.006928744,0.005784597,0.0026976,-0.0035437862,-0.0005913069,-0.0002783225
1702,1,0.0063592535,-0.0027018134,-0.0010529173,-0.002205742,-7.586777e-05,-0.00033139452
1703,1,0.0035285396,-0.0019337824,-0.00042351606,-0.004070105,-0.000161921,-0.00084948656
1704,1,0.0021490494,-0.002539823,0.00027014464,-0.0059721936,-0.0003529172,-0.0011210734
1705,1,-7.646236e-05,-0.0030972834,0.0009789704,-0.008139418,-0.0006007686,-0.0012515088
1706,1,-0.00047793836,-0.0037559695,0.0016949069,-0.0075399973,-0.000890754,-0.0012852531
1707,1,-0.0041830363,-0.0042932937,0.0023754681,-0.019787416,-0.0012204133,-0.0010088263
1708,1,-0.0067509296,0.005808222,0.0028372756,-0.0032090421,-0.0012098111,-0.00034376065
1709,1,0.006397292,-0.002603987,-0.0012800521,-0.0021764098,-4.1364696e-05,-0.00037586698
1710,1,0.003536561,-0.0018615774,-0.00052870106,-0.0039887885,-0.00022973504,-0.00091809966
1711,1,0.0021514904,-0.0024234604,0.0002214706,-0.0058980077,-0.0004755516,-0.0012469476
1712,1,-9.113423e-05,-0.0029653136,0.0009944136,-0.007968449,-0.00083449367,-0.0014409842
1713,1,-0.0004892824,-0.0035996828,0.0017605739,-0.007271027,-0.001224767,-0.0014428395
1714,1,-0.004233129,-0.004074575,0.0025408543,-0.01933099,-0.0017606376,-0.001325738
1715,1,-0.0070186364,0.005876892,0.003324039,-0.0027063377,-0.0015775011,-0.00061562425
1716,1,0.0064134127,-0.0025004249,-0.0015227001,-0.0021733178,-2.3182745e-05,-0.0002903733
1717,1,0.0035458845,-0.0017719702,-0.0006163638,-0.004000805,-0.0003146854,-0.00079782325
1718,1,0.0021517011,-0.002317347,0.00018033502,-0.005887717,-0.00067958387,-0.0010553931
1719,1,-5.9070106e-05,-0.002794834,0.0009791943,-0.007874782,-0.0011628128,-0.0013137268
1720,1,-0.00047946212,-0.0034084017,0.0018528501,-0.006975993,-0.0019379283,-0.0013852139
1721,1,-0.004089936,-0.0039638346,0.0025645175,-0.01849817,-0.0031039375,-0.0009189171
1722,1,-0.0066324966,0.0058647543,0.0035606546,-0.0018664874,-0.004172005,-0.00022617403
1723,1,0.0064229523,-0.0024408523,-0.0015676392,-0.0023038944,-4.494983e-05,-0.000113710186
1724,1,0.0035981366,-0.0017486657,-0.0007105057,-0.0043949247,-0.0001943659,-0.00027193394
1725,1,0.0022446197,-0.0022775412,0.00016140756,-0.006277911,-0.00039623433,-0.00053902913
1726,1,0.00016967882,-0.0027110009,0.00090383686,-0.008310128,-0.00073205534,-0.00043584369
1727,1,-0.00023417862,-0.003192563,0.0017206672,-0.0077005834,-0.0011952866,-0.00077561394
1728,1,-0.0037174853,-0.003644073,0.002532303,-0.0186287,-0.0023761296,-0.0001899341
1729,1,-0.00636474,0.0057511665,0.0020091056,-0.0031481024,-0.0030276978,0.0006109683
1730,1,0.0065760403,-0.0019517239,-0.0017295745,-3.472626e-05,-0.00011238157,0.00015208863
1731,1,0.0039258404,-0.00220978,-0.0006054055,-0.0030089628,0.00010388761,0.00042800588
1732,1,0.0020502582,-0.0027798708,0.0002843732,-0.0009991433,0.00014604628,0.00053815445
1733,1,0.0011169707,-0.004039713,0.0012966663,-0.0040562563,0.00034930257,0.00085046823
1734,1,-0.00079233607,-0.0053809425,0.002313236,-0.0033383903,0.0005359151,0.0008863051
1735,1,-0.00091714313,-0.008228791,0.003852985,-0.0061738305,0.0011813502,0.0016158059
1736,1,-0.0063409703,-0.013877365,0.0068290266,-0.020665452,0.003723797,0.0013735474
1737,1,0.006540343,-0.0020030711,-0.0015285098,0.00011459794,1.9868285e-05,0.00037678157
1738,1,0.0038581882,-0.0022156758,-0.0005837591,-0.0029852567,0.0001229154,0.00091920054
1739,1,0.0018603095,-0.00279271,0.0003204423,-0.000758639,0.00027187465,0.0013816465
1740,1,0.00081526104,-0.004110182,0.0012425572,-0.003924526,0.00050232396,0.0016715485
1741,1,-0.001306414,-0.0055496567,0.002264879,-0.0031415708,0.00078769436,0.0021698286
1742,1,-0.0016327335,-0.008677739,0.0036735106,-0.005673366,0.0017326256,0.0026609928
1743,1,-0.0073666186,-0.014805335,0.005202628,-0.022014577,0.002229135,0.0014011464
1744,1,0.006504326,-0.002112394,-0.001290806,9.6179894e-05,4.3009884e-05,0.00041630722
1745,1,0.0038603917,-0.0023090856,-0.00049276487,-0.0030168118,8.330946e-05,0.0011096642
1746,1,0.0018711969,-0.0029518465,0.0003246035,-0.00074022886,0.00019611476,0.0014647787
1747,1,0.0008567151,-0.0043370267,0.0011557832,-0.004035936,0.00030607588,0.0018358853
1748,1,-0.0012441656,-0.005961245,0.002109888,-0.0032259321,0.0005479195,0.0020903854
1749,1,-0.001363588,-0.009299599,0.003072019,-0.0064503327,0.00066856225,0.0019170704
1750,1,-0.006874419,-0.015151325,0.003804503,-0.022881722,0.00038547724,0.00088602916
1751,1,0.0064866995,-0.0022043488,-0.0010558441,9.40588e-05,1.1766291e-05,0.00039564483
1752,1,0.0038497027,-0.0024211535,-0.00037936424,-0.0030364774,7.105669e-05,0.0009671343
1753,1,0.0018789454,-0.00307988,0.0003463119,-0.00078944635,0.00013350123,0.0013322585
1754,1,0.0008752484,-0.00456561,0.0011470807,-0.0041068415,0.00024967163,0.0015464845
1755,1,-0.0012100509,-0.0062365383,0.0019411835,-0.0033775647,0.0003446322,0.001589205
1756,1,-0.0013072586,-0.009560453,0.0027282452,-0.0066671954,0.00054491445,0.001523901
1757,1,-0.007020013,-0.015725177,0.003362171,-0.022934962,0.0007323769,0.00072736427
1758,1,0.006466135,-0.0023130751,-0.0008486181,6.5085755e-05,3.7293663e-05,0.00027897998
1759,1,0.0038431324,-0.002479673,-0.00029854904,-0.0030675323,3.7596426e-05,0.0007252166
1760,1,0.0018849808,-0.003190919,0.00038341925,-0.00082445616,9.1040165e-05,0.00095452083
1761,1,0.0009044686,-0.004700458,0.0010948415,-0.0041943807,0.00013486732,0.0010727221
1762,1,-0.0011685974,-0.0063746893,0.0018148898,-0.0034172493,0.00021571314,0.0011272317
1763,1,-0.0012089032,-0.0098461695,0.002484271,-0.0069341194,0.0002631135,0.00089510443
1764,1,-0.0068472633,-0.015826764,0.0028282183,-0.023226531,7.996892e-05,0.00033499475
1765,1,0.0064615435,-0.0023431971,-0.0007384492,6.2876665e-05,5.018713e-06,0.0001501346
1766,1,0.003835583,-0.002539798,-0.0002298448,-0.0030830689,2.4089128e-05,0.00037207242
1767,1,0.0018896264,-0.003240926,0.00039120702,-0.0008607636,3.9534687e-05,0.0004975212
1768,1,0.00091542146,-0.0047628735,0.0010704537,-0.004216126,7.309149e-05,0.00056352926
1769,1,-0.0011450644,-0.006494307,0.0017469717,-0.003489231,9.614568e-05,0.0005298253
1770,1,-0.0011751248,-0.00986439,0.0022925339,-0.0070109786,0.0001358727,0.0004519922
1771,1,-0.006922134,-0.015996948,0.0027075359,-0.023194332,0.0001905663,0.00021340238
1772,1,0.0064545544,-0.0023870359,-0.00068363,5.1811367e-05,2.8970042e-06,-3.687276e-06
1773,1,0.0038346471,-0.002541125,-0.0002161104,-0.0030950862,-1.4921931e-06,1.418617e-06
1774,1,0.0018893139,-0.0032601398,0.00039904172,-0.0008599877,9.958775e-07,-9.648892e-07
1775,1,0.00092292135,-0.004801787,0.0010653613,-0.0042484202,-5.5946015e-07,5.111061e-07
1776,1,-0.0011382404,-0.006474096,0.0016942719,-0.0034773902,5.545922e-07,-5.61007e-07
1777,1,-0.0011564658,-0.009955687,0.0022740732,-0.007067846,-3.1667007e-08,-1.347519e-07
1778,1,-0.0068336227,-0.01598202,0.0025580938,-0.023317082,-1.2129234e-08,-4.3897413e-07
1779,1,0.0064614164,-0.0023434802,-0.00073643844,6.2037085e-05,-2.5251657e-06,-0.00015336143
1780,1,0.0038354916,-0.0025390692,-0.00023064231,-0.0030834123,-2.5000554e-05,-0.00037247688
1781,1,0.0018896528,-0.003240997,0.00039148505,-0.0008609115,-3.8852686e-05,-0.0004976119
1782,1,0.0009153482,-0.004762574,0.001070228,-0.0042165364,-7.3388204e-05,-0.00056389265
1783,1,-0.0011450232,-0.0064942543,0.0017470396,-0.003489637,-9.5607465e-05,-0.00053002394
1784,1,-0.0011752865,-0.009863874,0.0022923732,-0.007011983,-0.00013554878,-0.00045260703
1785,1,-0.0069221267,-0.015995791,0.002707553,-0.023195501,-0.00019069493,-0.0002141453
1786,1,0.006466037,-0.0023134572,-0.00084816694,6.518e-05,-3.75629e-05,-0.00027893955
1787,1,0.0038430595,-0.0024795397,-0.00029811208,-0.0030681696,-3.692534e-05,-0.0007266208
1788,1,0.0018849769,-0.0031906473,0.00038313714,-0.0008247228,-9.1408496e-05,-0.00095475005
1789,1,0.00090437644,-0.0047002635,0.0010948954,-0.004195209,-0.00013452406,-0.0010728368
1790,1,-0.0011685408,-0.006374249,0.0018146996,-0.0034179385,-0.00021570268,-0.001127689
1791,1,-0.0012092115,-0.00984569,0.002484316,-0.006936537,-0.00026248957,-0.000895633
1792,1,-0.0068472857,-0.015824018,0.0028281,-0.023229036,-8.0200676e-05,-0.0003353388
1793,1,0.006486696,-0.0022045306,-0.0010555548,9.385957e-05,-1.1384381e-05,-0.00039592033
1794,1,0.0038496049,-0.002421127,-0.0003792133,-0.0030369288,-7.12982e-05,-0.00096725585
1795,1,0.0018789974,-0.0030798228,0.00034637516,-0.00078990246,-0.00013332759,-0.001332785
1796,1,0.0008750742,-0.0045652865,0.0011470261,-0.004107969,-0.00024978354,-0.0015467458
1797,1,-0.0012098972,-0.0062362147,0.0019410661,-0.0033784965,-0.00034459255,-0.0015889597
1798,1,-0.0013077656,-0.009559228,0.0027279549,-0.006670858,-0.0005446366,-0.001524773
1799,1,-0.0070199925,-0.015721308,0.0033621744,-0.0229392,-0.0007326583,-0.00072829396
1800,1,0.0065042977,-0.002112681,-0.0012906917,9.61203e-05,-4.3142023e-05,-0.00041632933
1801,1,0.003860318,-0.0023088655,-0.00049269415,-0.0030175778,-8.321086e-05,-0.0011099572
1802,1,0.0018712552,-0.002951935,0.00032466094,-0.0007405835,-0.00019629164,-0.0014647869
1803,1,0.0008565193,-0.0043366123,0.0011556827,-0.0040373714,-0.00030612547,-0.0018361759
1804,1,-0.0012439981,-0.0059610056,0.0021100063,-0.0032268455,-0.0005481624,-0.0020905435
1805,1,-0.0013641295,-0.00929875,0.0030716353,-0.0064547244,-0.00066881534,-0.0019162697
1806,1,-0.0068745236,-0.015145258,0.0038039186,-0.022886593,-0.00038581563,-0.0008859376
1807,1,0.0065403394,-0.0020032588,-0.0015284718,0.0001143974,-1.9721454e-05,-0.00037682158
1808,1,0.0038581158,-0.002215498,-0.00058372825,-0.0029859338,-0.00012304338,-0.0009191274
1809,1,0.001860352,-0.0027927181,0.0003204376,-0.00075923325,-0.0002719361,-0.0013819884
1810,1,0.0008151207,-0.0041098543,0.0012425181,-0.0039258003,-0.00050265476,-0.0016713061
1811,1,-0.0013063117,-0.0055492725,0.0022647379,-0.003142693,-0.0007880545,-0.0021702938
1812,1,-0.0016331436,-0.008676897,0.0036735975,-0.0056769014,-0.0017338056,-0.0026606228
1813,1,-0.0073664975,-0.01480282,0.0052026,-0.022019206,-0.0022299082,-0.0013992504
1814,1,0.006576014,-0.0019519657,-0.001729514,-3.50259e-05,0.00011236399,-0.00015208566
1815,1,0.0039257603,-0.0022095148,-0.0006054007,-0.00300964,-0.000103907034,-0.0004280869
1816,1,0.00205028,-0.002779918,0.00028428866,-0.0009999783,-0.00014612978,-0.0005380606
1817,1,0.0011168027,-0.0040393197,0.0012967327,-0.0040575047,-0.00034948386,-0.00085069536
1818,1,-0.0007922811,-0.0053805104,0.0023128183,-0.003339736,-0.0005361802,-0.0008860197
1819,1,-0.0009176066,-0.008227906,0.0038532321,-0.0061768554,-0.0011822267,-0.0016161329
1820,1,-0.006341082,-0.0138732325,0.006827536,-0.020667814,-0.0037245003,-0.0013746468
1821,1,0.006576038,-0.0019519585,-0.0017295248,3.501291e-05,0.000112372356,0.00015206692
1822,1,0.0039257808,-0.0022095277,-0.0006053982,0.0030098564,-0.00010388926,0.0004280244
1823,1,0.0020502945,-0.0027799455,0.00028429434,0.0010000217,-0.00014621502,0.0005380759
1824,1,0.0011168269,-0.0040393597,0.001296705,0.0040577883,-0.00034937268,0.0008505292
1825,1,-0.00079228816,-0.0053806426,0.0023129422,0.0033399416,-0.00053645304,0.00088602136
1826,1,-0.0009175519,-0.008228138,0.0038531204,0.0061772694,-0.0011819368,0.0016153472
1827,1,-0.0063410625,-0.013874283,0.0068281735,0.020669375,-0.003724953,0.0013738048
1828,1,0.0065403637,-0.0020032988,-0.0015285664,-0.00011434558,-1.978426e-05,0.0003767919
1829,1,0.0038581241,-0.0022154527,-0.0005837609,0.0029860286,-0.00012305006,0.0009191195
1830,1,0.0018603754,-0.002792763,0.00032040602,0.0007593576,-0.00027193333,0.001381774
1831,1,0.0008151041,-0.0041098325,0.0012425114,0.003925964,-0.0005027445,0.0016712552
1832,1,-0.001306262,-0.005549317,0.0022647132,0.0031429087,-0.0007880097,0.002169909
1833,1,-0.0016332174,-0.008676574,0.0036732857,0.005677495,-0.0017339846,0.002660146
1834,1,-0.007366546,-0.014801522,0.005202549,0.02201912,-0.0022300566,0.0013992996
1835,1,0.0065043205,-0.00211265,-0.0012906995,-9.613089e-05,-4.3061904e-05,0.0004163512
1836,1,0.0038603225,-0.002308871,-0.0004928153,0.003017728,-8.3314524e-05,0.0011096728
1837,1,0.0018712913,-0.0029519142,0.0003246324,0.0007406042,-0.00019627497,0.0014647819
1838,1,0.0008564894,-0.0043365997,0.001155629,0.004037646,-0.00030618557,0.00183592
1839,1,-0.0012439471,-0.005960882,0.0021099036,0.0032268905,-0.00054814015,0.00209043
1840,1,-0.001364247,-0.0092984745,0.0030715456,0.00645526,-0.0006689006,0.0019168116
1841,1,-0.0068745003,-0.015144623,0.0038040355,0.022887627,-0.00038585815,0.0008862276
1842,1,0.0064867507,-0.002204516,-0.001056001,-9.3822055e-05,-1.1676989e-05,0.0003955416
1843,1,0.0038496281,-0.0024210208,-0.00037927428,0.0030370366,-7.1203795e-05,0.0009673187
1844,1,0.0018790183,-0.0030798572,0.00034621992,0.00078994205,-0.0001335381,0.0013322488
1845,1,0.0008750793,-0.0045653176,0.0011470924,0.0041080965,-0.00024967242,0.001546753
1846,1,-0.0012098948,-0.0062361644,0.0019410085,0.0033786278,-0.00034473703,0.0015891172
1847,1,-0.0013077935,-0.009559274,0.002728055,0.006671294,-0.00054445246,0.0015249194
1848,1,-0.0070200097,-0.015720977,0.0033621632,0.022939503,-0.00073277566,0.0007285562
1849,1,0.006466052,-0.0023131848,-0.0008482879,-6.517593e-05,-3.7559115e-05,0.00027937055
1850,1,0.0038431375,-0.0024795514,-0.00029870265,0.0030680306,-3.7566446e-05,0.00072514755
1851,1,0.0018849875,-0.0031909028,0.00038347792,0.00082472217,-9.113719e-05,0.00095478166
1852,1,0.0009043862,-0.0047002453,0.0010947644,0.004195309,-0.00013475218,0.0010727863
1853,1,-0.0011685485,-0.0063743703,0.0018148362,0.003418097,-0.00021555334,0.0011276614
1854,1,-0.001209204,-0.009845655,0.00248432,0.0069366745,-0.0002625867,0.00089586806
1855,1,-0.0068473094,-0.015824204,0.0028281936,0.023229307,-8.0201826e-05,0.0003354004
1856,1,0.0064617065,-0.0023432053,-0.00073905796,-6.2597224e-05,-4.7361664e-06,0.00014941684
1857,1,0.0038354923,-0.0025397635,-0.00022957147,0.003083129,-2.4394418e-05,0.00037258072
1858,1,0.0018896821,-0.0032409315,0.00039107454,0.0008610035,-3.939403e-05,0.0004973558
1859,1,0.000915347,-0.0047627157,0.0010704845,0.004216567,-7.3012845e-05,0.0005640241
1860,1,-0.0011450178,-0.0064942064,0.0017469387,0.0034897346,-9.587034e-05,0.00052991696
1861,1,-0.0011752906,-0.00986406,0.0022925516,0.0070122825,-0.00013545483,0.00045259445
1862,1,-0.006922139,-0.015995696,0.0027075314,0.023195803,-0.00019078652,0.00021399095
1863,1,0.0064542983,-0.0023871658,-0.0006826975,-5.216004e-05,-3.4746702e-06,-2.1758187e-06
1864,1,0.0038347945,-0.0025411006,-0.00021661256,0.0030952776,1.8539711e-06,3.0356574e-07
1865,1,0.0018892308,-0.0032601715,0.00039934032,0.0008599237,-1.2271765e-06,1.13036364e-07
1866,1,0.00092295784,-0.0048017413,0.0010651998,0.0042485786,9.043231e-07,2.9324355e-08
1867,1,-0.0011382584,-0.0064740987,0.0016943555,0.0034774293,-3.7558848e-07,2.4987847e-07
1868,1,-0.0011564887,-0.009955566,0.0022739987,0.0070681865,5.2437866e-07,4.4362054e-08
1869,1,-0.006833639,-0.015981738,0.002558124,0.023317432,-1.837772e-07,4.4931312e-08
1870,1,0.0064614685,-0.0023434442,-0.00073730195,-6.2477695e-05,2.8069526e-06,-0.00015176192
1871,1,0.0038354816,-0.002539151,-0.0002301348,0.0030834686,2.4914229e-05,-0.00037345747
1872,1,0.0018896394,-0.003240966,0.00039121474,0.00086074526,3.8858332e-05,-0.00049675466
1873,1,0.00091539416,-0.0047627036,0.0010703956,0.004216334,7.358341e-05,-0.0005641174
1874,1,-0.0011450567,-0.0064943125,0.0017470035,0.0034893032,9.5807816e-05,-0.00052950595
1875,1,-0.0011751595,-0.00986419,0.0022923786,0.0070111305,0.00013613077,-0.00045206252
1876,1,-0.0069221454,-0.01599631,0.0027074544,0.023194673,0.00019048531,-0.00021323781
1877,1,0.0064659915,-0.0023133538,-0.0008476413,-6.497691e-05,3.7513033e-05,-0.00027957326
1878,1,0.0038430737,-0.002479605,-0.00029834366,0.003067735,3.689161e-05,-0.0007261758
1879,1,0.0018849598,-0.0031906571,0.00038324934,0.00082470424,9.132906e-05,-0.000954815
1880,1,0.00090445566,-0.00470047,0.0010949252,0.004194447,0.00013466268,-0.0010725715
1881,1,-0.001168615,-0.00637449,0.001814748,0.0034174584,0.00021580266,-0.0011274732
1882,1,-0.0012089129,-0.009846178,0.002484408,0.0069342423,0.00026304906,-0.0008949281
1883,1,-0.006847273,-0.015826827,0.0028282322,0.023226527,8.000785e-05,-0.00033443866
1884,1,0.006486687,-0.0022044228,-0.001055815,-9.402507e-05,1.129498e-05,-0.00039564108
1885,1,0.003849672,-0.0024212347,-0.00037910722,0.0030366154,7.11328e-05,-0.0009673126
1886,1,0.0018789193,-0.0030798553,0.00034637455,0.00078958937,0.00013330471,-0.0013326441
1887,1,0.00087523606,-0.0045655174,0.0011470598,0.0041070273,0.00024972015,-0.0015466159
1888,1,-0.0012100479,-0.0062365313,0.0019411875,0.0033777503,0.00034460422,-0.0015889521
1889,1,-0.0013073038,-0.009560189,0.002728172,0.0066674985,0.0005447607,-0.0015241707
1890,1,-0.007019993,-0.015725054,0.0033622326,0.022935383,0.0007324147,-0.0007282291
1891,1,0.006504295,-0.0021124687,-0.0012905932,-9.6131e-05,4.3051583e-05,-0.00041636926
1892,1,0.0038603528,-0.0023090406,-0.00049273734,0.0030169357,8.3146886e-05,-0.0011098298
1893,1,0.0018712126,-0.0029518872,0.00032468658,0.0007403171,0.00019612405,-0.0014647983
1894,1,0.0008566538,-0.0043369397,0.0011557626,0.004036166,0.0003060419,-0.0018361622
1895,1,-0.0012441169,-0.0059613064,0.0021100554,0.0032260246,0.0005479646,-0.0020904555
1896,1,-0.0013636788,-0.009299616,0.0030718828,0.0064511187,0.00066848315,-0.0019167388
1897,1,-0.00687442,-0.015149805,0.00380417,0.022882177,0.00038554508,-0.0008856447
1898,1,0.006540327,-0.002003105,-0.0015285213,-0.00011459769,1.9741914e-05,-0.00037682214
1899,1,0.003858173,-0.0022156683,-0.00058370596,0.0029853985,0.00012288782,-0.0009192209
1900,1,0.0018602969,-0.0027926664,0.0003204423,0.0007586993,0.0002718513,-0.0013818836
1901,1,0.0008152421,-0.004110148,0.0012425829,0.0039247517,0.0005023169,-0.0016714595
1902,1,-0.0013064144,-0.0055495147,0.0022648214,0.0031416523,0.00078777544,-0.0021703544
1903,1,-0.0016327981,-0.008677734,0.00367376,0.0056738616,0.00173285,-0.0026610112
1904,1,-0.0073665213,-0.014805747,0.0052026967,0.02201562,0.0022291397,-0.0014004986
1905,1,0.0065760124,-0.0019517379,-0.0017295405,3.482751e-05,-0.00011240654,-0.00015206753
1906,1,0.0039258054,-0.0022097428,-0.0006053964,0.0030089838,0.00010389202,-0.0004280526
1907,1,0.0020502526,-0.0027798421,0.00028436413,0.0009993559,0.00014597595,-0.00053812214
1908,1,0.0011169191,-0.004039612,0.0012966862,0.0040563433,0.00034942722,-0.0008506715
1909,1,-0.00079232507,-0.0053807315,0.002313054,0.003338589,0.00053577253,-0.00088616693
1910,1,-0.00091726845,-0.008228489,0.0038531688,0.0061740647,0.0011818302,-0.0016164553
1911,1,-0.0063409884,-0.013875897,0.0068282834,0.020664454,0.0037235182,-0.0013744136
1912,1,0.006422971,-0.00244088,-0.0015676586,0.0023039582,-4.5014724e-05,0.000113704344
1913,1,0.0035981454,-0.0017486579,-0.0007105305,0.004394965,-0.00019438652,0.0002719584
1914,1,0.002244645,-0.0022775424,0.00016140094,0.0062780567,-0.00039624455,0.00053892226
1915,1,0.00016965257,-0.002711008,0.0009038558,0.008310299,-0.00073208986,0.00043586933
1916,1,-0.00023413618,-0.0031925612,0.0017206179,0.0077006584,-0.0011952792,0.0007753598
1917,1,-0.0037175717,-0.0036441882,0.002532396,0.018629363,-0.002375953,0.00018965476
1918,1,-0.0063647246,0.0057516107,0.0020090255,0.0031477557,-0.0030277795,-0.0006107961
1919,1,0.006413413,-0.0025003827,-0.0015226695,0.002173389,-2.3166313e-05,0.0002903567
1920,1,0.0035458957,-0.0017719956,-0.00061639276,0.0040008286,-0.00031479562,0.00079771766
1921,1,0.0021517,-0.0023173045,0.0001803106,0.005887884,-0.0006796426,0.0010553589
1922,1,-5.9061178e-05,-0.0027948332,0.0009791807,0.007874781,-0.001162834,0.0013135339
1923,1,-0.00047946768,-0.0034083023,0.0018527741,0.0069763353,-0.0019379742,0.0013850273
1924,1,-0.0040899934,-0.003963404,0.002564341,0.018497888,-0.00310378,0.00091862987
1925,1,-0.006632411,0.005864922,0.003560735,0.0018658394,-0.004172139,0.00022576365
1926,1,0.006397303,-0.0026039598,-0.0012802258,0.0021764648,-4.1607553e-05,0.00037576674
1927,1,0.0035365713,-0.0018615342,-0.00052872085,0.003988736,-0.00022977138,0.0009180921
1928,1,0.0021514983,-0.0024234697,0.00022142469,0.005898186,-0.00047564378,0.0012467505
1929,1,-9.114226e-05,-0.002965222,0.0009943739,0.007968393,-0.00083453854,0.0014409226
1930,1,-0.00048927567,-0.003599591,0.0017605118,0.0072712204,-0.0012247529,0.0014428123
1931,1,-0.004233217,-0.004074156,0.0025407092,0.019330813,-0.0017608077,0.0013259123
1932,1,-0.0070185703,0.0058774203,0.0033239962,0.0027050795,-0.0015776341,0.00061589916
1933,1,0.006359244,-0.0027017465,-0.0010528129,0.0022057726,-7.5976925e-05,0.00033154504
1934,1,0.0035285596,-0.0019338,-0.00042369694,0.0040700934,-0.00016221625,0.0008490831
1935,1,0.0021490508,-0.002539794,0.00027018948,0.005972214,-0.00035299742,0.0011210828
1936,1,-7.646846e-05,-0.0030972813,0.0009789296,0.008139397,-0.0006008674,0.0012514008
1937,1,-0.00047793784,-0.0037558866,0.0016948989,0.007540093,-0.0008907623,0.0012853758
1938,1,-0.0041830945,-0.0042931302,0.0023754858,0.019787366,-0.0012205706,0.0010092072
1939,1,-0.0067508905,0.0058083297,0.0028373324,0.0032088037,-0.0012100241,0.00034405015
1940,1,0.0063520293,-0.002768859,-0.00087799353,0.002234312,-4.1058207e-05,0.00025060616
1941,1,0.0035144116,-0.0020037726,-0.0003298181,0.0041445065,-0.00011055336,0.0006277614
1942,1,0.0021530355,-0.0026106287,0.0003011256,0.00607194,-0.00022011154,0.0008222389
1943,1,-7.476639e-05,-0.0031877714,0.0009707115,0.008279051,-0.00037178493,0.0009175929
1944,1,-0.00045212475,-0.0038893793,0.0016335448,0.0077541787,-0.0005208795,0.00088135333
1945,1,-0.004177376,-0.004338238,0.002212535,0.020131648,-0.0006738653,0.00069035037
1946,1,-0.006928751,0.005784656,0.0026976187,0.0035437813,-0.0005913748,0.00027829412
1947,1,0.006328998,-0.0028247875,-0.00074950844,0.0022617131,-3.7376984e-05,0.00012965672
1948,1,0.0035104074,-0.0020351547,-0.0002748838,0.004204672,-5.1629933e-05,0.0003294567
1949,1,0.0021494369,-0.0026568442,0.00032436842,0.0061286204,-0.00010833279,0.00043411856
1950,1,-6.2474784e-05,-0.0032428873,0.00095794967,0.0083733415,-0.00017930768,0.00047209839
1951,1,-0.00044235267,-0.0039314297,0.0015771956,0.007866022,-0.0002531382,0.00045190696
1952,1,-0.0041563623,-0.0043960945,0.002112655,0.020299345,-0.000327466,0.0003343031
1953,1,-0.006759509,0.0058023897,0.002425929,0.0037157533,-0.000293305,0.00011360006
1954,1,0.006336441,-0.00283439,-0.00072094187,0.0022653656,9.286883e-07,3.9654175e-08
1955,1,0.0035043482,-0.002053562,-0.00025034114,0.004219746,-1.7319635e-06,5.9119134e-08
1956,1,0.002152811,-0.0026687102,0.00032883123,0.0061565726,1.158627e-06,2.1497611e-07
1957,1,-6.588529e-05,-0.0032554993,0.00095502456,0.008398151,-7.786265e-07,1.6173955e-07
1958,1,-0.0004333583,-0.0039580967,0.0015592024,0.00791121,4.946502e-07,4.0882534e-07
1959,1,-0.004153131,-0.004383906,0.002068257,0.020357661,-3.8871363e-07,3.2081803e-07
1960,1,-0.006896592,0.0057854275,0.0024782615,0.0037672387,-1.8843765e-07,1.226691e-07
1961,1,0.006328993,-0.0028248392,-0.0007494638,0.0022624072,3.58512e-05,-0.00012960208
1962,1,0.0035104065,-0.0020351768,-0.00027486816,0.0042052455,5.0406707e-05,-0.00032920143
1963,1,0.002149456,-0.0026569513,0.00032440765,0.0061286124,0.00010901028,-0.000433921
1964,1,-6.2455736e-05,-0.0032430256,0.00095797365,0.008373288,0.00017873217,-0.00047150912
1965,1,-0.0004423269,-0.0039316607,0.0015772446,0.007865809,0.00025353272,-0.00045137506
1966,1,-0.004156216,-0.0043965983,0.002112586,0.020299472,0.00032690578,-0.00033320548
1967,1,-0.0067596138,0.0058020013,0.0024258955,0.0037166297,0.00029272988,-0.000112929854
1968,1,0.0063520567,-0.0027689347,-0.00087797927,0.002234336,3.9616123e-05,-0.00025053252
1969,1,0.0035144258,-0.0020038185,-0.00032976852,0.004145045,0.00011024795,-0.0006276499
1970,1,0.0021530474,-0.002610799,0.00030116137,0.0060716355,0.00021975393,-0.0008219233
1971,1,-7.469879e-05,-0.0031880932,0.0009708293,0.008279173,0.00037187256,-0.0009173247
1972,1,-0.00045210015,-0.0038898701,0.0016336365,0.007753529,0.0005207538,-0.0008805468
1973,1,-0.004177032,-0.0043394393,0.0022126161,0.020132028,0.00067347195,-0.00068918813
1974,1,-0.0069290036,0.005783244,0.0026977295,0.003546871,0.00059059355,-0.00027745758
1975,1,0.006359299,-0.0027019198,-0.001052766,0.0022055244,7.585924e-05,-0.00033150884
1976,1,0.00352856,-0.0019338037,-0.0004236718,0.0040701753,0.0001616956,-0.0008490053
1977,1,0.0021490802,-0.0025400745,0.00027029862,0.0059716534,0.00035289113,-0.001120979
1978,1,-7.638941e-05,-0.0030977004,0.0009790328,0.008139562,0.00060065824,-0.0012511162
1979,1,-0.00047791604,-0.0037565937,0.0016951762,0.007539031,0.000890751,-0.0012851035
1980,1,-0.004182573,-0.0042953533,0.0023758567,0.019788284,0.0012201059,-0.0010080728
1981,1,-0.006751313,0.0058064135,0.0028374253,0.0032134438,0.0012094575,-0.00034343448
1982,1,0.006397353,-0.002604121,-0.0012802011,0.0021761109,4.1358977e-05,-0.00037579413
1983,1,0.0035365883,-0.0018615549,-0.0005286687,0.003988852,0.00022964763,-0.0009180566
1984,1,0.0021515177,-0.0024237358,0.00022148715,0.0058972756,0.00047542603,-0.0012467965
1985,1,-9.1037095e-05,-0.002965731,0.0009945765,0.0079685515,0.000834404,-0.0014409602
1986,1,-0.0004892644,-0.0036003762,0.001760754,0.0072700023,0.0012245884,-0.0014427877
1987,1,-0.004232611,-0.004076592,0.0025412827,0.01933164,0.0017605553,-0.0013262237
1988,1,-0.0070190197,0.0058745677,0.0033243594,0.002711429,0.0015772888,-0.0006157226
1989,1,0.00641349,-0.0025006128,-0.0015226615,0.0021731039,2.3065062e-05,-0.00029034202
1990,1,0.003545888,-0.0017719328,-0.00061635365,0.004000664,0.0003146569,-0.00079780637
1991,1,0.0021517447,-0.002317643,0.00018037736,0.0058870977,0.00067945896,-0.0010553843
1992,1,-5.901056e-05,-0.0027951468,0.0009793177,0.007874614,0.0011627459,-0.0013138443
1993,1,-0.00047943072,-0.0034090872,0.0018530654,0.0069750994,0.001937702,-0.0013854706
1994,1,-0.0040895753,-0.0039654355,0.0025647916,0.018498573,0.0031039943,-0.00091963005
1995,1,-0.006632856,0.0058631683,0.0035610034,0.0018698133,0.004172256,-0.00022705307
1996,1,0.0064230375,-0.002441092,-0.0015676448,0.0023036457,4.4976256e-05,-0.00011374476
1997,1,0.0035981575,-0.0017485652,-0.0007105172,0.0043946677,0.00019429505,-0.00027192401
1998,1,0.0022446837,-0.0022779126,0.00016150915,0.0062772688,0.00039621236,-0.00053907034
1999,1,0.0001697773,-0.002711222,0.00090388145,0.00830981,0.00073194684,-0.00043588137
2000,1,-0.00023407335,-0.0031932443,0.0017209398,0.007699731,0.0011952865,-0.0007758664
2001,1,-0.0037170774,-0.0036452187,0.0025324656,0.01862879,0.0023760954,-0.00019030973
2002,1,-0.0063648648,0.005749574,0.0020097592,0.0031508075,0.003028296,0.00061090547
2003,1,0.005824593,-0.0013481424,-0.0016481443,0.0030557094,-4.7186035e-07,9.239467e-05
2004,1,0.0035605961,-0.0014730251,-0.0007284215,0.006231369,-0.00019478763,0.0002565906
2005,1,0.0015857315,-0.001466139,-0.00010926919,0.009733015,-0.0004569359,0.00022134706
2006,1,0.00039843709,-0.001056626,0.0005206588,0.0082771685,-0.0006514924,0.000373293
2007,1,-0.0015267571,-0.0015416848,0.0010049458,0.014233398,-0.0011336501,0.00010071783
2008,1,-0.0038038772,0.0025259487,0.0012056689,0.0060230317,-0.0010139962,-0.00019354507
2009,1,-0.005037054,-0.0020912092,0.0017472914,0.0048518777,-0.0004004877,0.00011506882
2010,1,0.005834677,-0.0014005782,-0.0014266268,0.0028276409,4.3237287e-05,0.00022323076
2011,1,0.0035818724,-0.0015088336,-0.0007005591,0.0057122596,-0.00036841288,0.000537584
2012,1,0.0015469234,-0.0015422576,-3.2357639e-06,0.00926278,-0.00075700344,0.0007276739
2013,1,0.00037769295,-0.0011643915,0.00063070894,0.0075183124,-0.001258062,0.0007309092
2014,1,-0.0015924523,-0.0017825938,0.001207835,0.013878625,-0.0018714315,0.00055457937
2015,1,-0.0037615125,0.0024658248,0.0016880716,0.0049779695,-0.0022778518,1.610941e-05
2016,1,-0.004854046,-0.0027195888,0.0018502591,0.005019636,-0.0024490415,-0.00016630052
2017,1,0.0057990327,-0.0014633037,-0.0012639888,0.0028291075,-2.9184755e-05,0.00026752264
2018,1,0.0035721262,-0.0015749381,-0.0005782141,0.0056441263,-0.00024200555,0.000677414
2019,1,0.0015178304,-0.0016180708,7.190321e-05,0.009201835,-0.0005954497,0.0008724074
2020,1,0.0003185548,-0.0012355429,0.000717194,0.007469327,-0.00097436894,0.00091555313
2021,1,-0.0017170993,-0.0018264282,0.0013270067,0.013979473,-0.0014181307,0.0007979335
2022,1,-0.0040316326,0.0024987105,0.001856759,0.0049164263,-0.0018676834,0.0004724488
2023,1,-0.005092731,-0.002776489,0.0024783956,0.00465737,-0.002224898,0.00014863453
2024,1,0.005786186,-0.0015495797,-0.0010618938,0.0028551463,-2.879501e-05,0.00025901696
2025,1,0.003553679,-0.0016323457,-0.0004780574,0.0056959633,-0.00018889808,0.0006368728
2026,1,0.0015161955,-0.0016766568,0.00013385681,0.009271011,-0.00042844476,0.00082031265
2027,1,0.00030113288,-0.0012984957,0.00074831594,0.0075897845,-0.00070325704,0.0008605847
2028,1,-0.0017095149,-0.0018816644,0.0013289358,0.01412831,-0.0010316026,0.0007839458
2029,1,-0.004038897,0.0024743918,0.0018740441,0.005311291,-0.0012388154,0.00054213475
2030,1,-0.0051248805,-0.0026608214,0.002359104,0.0048013823,-0.0010944821,0.0002109352
2031,1,0.005749107,-0.0016153855,-0.0008920723,0.0029013427,-4.8066682e-05,0.00018949974
2032,1,0.0035435068,-0.0016723141,-0.00039140374,0.0057711555,-0.00011664792,0.0004805982
2033,1,0.0015038014,-0.0017218722,0.00018115097,0.00937029,-0.00027449432,0.0006225291
2034,1,0.0002956454,-0.0013459041,0.0007673624,0.0077081798,-0.00045479168,0.0006522525
2035,1,-0.0017247928,-0.0019206116,0.0013393537,0.01432768,-0.0006483916,0.0006044885
2036,1,-0.0040907897,0.0024537311,0.0018509234,0.005491753,-0.0007945058,0.00040222975
2037,1,-0.005048445,-0.0025919077,0.0022396545,0.00475634,-0.0008603033,0.00012617804
2038,1,0.0057486217,-0.001657524,-0.00079608144,0.0029253752,-2.1094984e-05,0.00010325159
2039,1,0.0035294576,-0.0017016262,-0.00033176172,0.0058312626,-6.1825405e-05,0.00025784285
2040,1,0.0015035837,-0.0017453657,0.0002067942,0.00943861,-0.00013407502,0.0003303993
2041,1,0.000287738,-0.0013746148,0.0007791314,0.007805657,-0.0002192737,0.00034985231
2042,1,-0.0017159162,-0.0019441375,0.0013214456,0.0144221345,-0.00031135225,0.00031348216
2043,1,-0.0040797503,0.0024617265,0.0017979456,0.005657117,-0.00036109771,0.00021396791
2044,1,-0.0051256716,-0.0025366386,0.0022027495,0.0048209564,-0.00030926283,8.248831e-05
2045,1,0.005730115,-0.0016716908,-0.0007480992,0.0029403812,-3.3904005e-06,2.219787e-06
2046,1,0.0035307088,-0.0017083879,-0.00031614152,0.0058503016,1.6946725e-06,-1.5877917e-07
2047,1,0.0014979959,-0.0017562502,0.00021949565,0.0094673475,-1.2665032e-06,1.6580186e-07
2048,1,0.00029123167,-0.001382316,0.0007777822,0.007829825,7.061638e-07,2.6823983e-07
2049,1,-0.0017213892,-0.0019482007,0.0013200506,0.014471041,-6.416007e-07,2.468576e-07
2050,1,-0.004097965,0.0024581417,0.0017923015,0.0056734295,8.420594e-09,2.5407684e-07
2051,1,-0.005033197,-0.0025231433,0.0021205733,0.004791874,-3.0372541e-07,2.0923306e-08
2052,1,0.0057487856,-0.0016572924,-0.00079777447,0.002925858,1.8805282e-05,-0.00010078759
2053,1,0.0035295363,-0.0017023565,-0.00033117074,0.0058316146,6.238401e-05,-0.00025663813
2054,1,0.0015035943,-0.0017454035,0.00020670728,0.009438574,0.00013328143,-0.00033058762
2055,1,0.00028775178,-0.0013748447,0.00077925983,0.007805849,0.00021957846,-0.00034902003
2056,1,-0.001715862,-0.0019443413,0.0013214657,0.014422185,0.00031073476,-0.0003131016
2057,1,-0.004079782,0.0024615934,0.0017979912,0.0056578172,0.0003607474,-0.0002133402
2058,1,-0.005125756,-0.002536514,0.0022027956,0.004821114,0.00030877278,-8.2530634e-05
2059,1,0.005749242,-0.0016151319,-0.00089269265,0.0029014512,4.797374e-05,-0.00018916912
2060,1,0.0035435604,-0.0016724649,-0.00039169335,0.00577124,0.00011580767,-0.0004793323
2061,1,0.001503872,-0.0017222754,0.00018146001,0.009370531,0.00027460838,-0.00062212214
2062,1,0.00029562355,-0.001346117,0.00076735596,0.007708203,0.00045443315,-0.00065189577
2063,1,-0.0017246418,-0.0019211523,0.0013395634,0.014327993,0.0006482075,-0.000603807
2064,1,-0.0040909033,0.0024534399,0.0018510094,0.005493352,0.00079382496,-0.00040177576
2065,1,-0.0050486415,-0.0025913962,0.002239726,0.004756235,0.00085994054,-0.00012606694
2066,1,0.005786247,-0.0015495564,-0.0010619973,0.002855231,2.8320717e-05,-0.0002589171
2067,1,0.003553705,-0.0016324158,-0.00047816295,0.0056957626,0.00018881347,-0.000636743
2068,1,0.0015162858,-0.0016768685,0.0001338392,0.009271211,0.00042810725,-0.0008197357
2069,1,0.00030108655,-0.0012989149,0.00074856234,0.007589808,0.0007031982,-0.00086039136
2070,1,-0.0017092851,-0.0018823785,0.001329101,0.014128667,0.0010313436,-0.0007834963
2071,1,-0.004039094,0.0024739373,0.0018743327,0.0053138016,0.0012384153,-0.0005418844
2072,1,-0.0051251356,-0.0026600861,0.0023592024,0.004801452,0.001094198,-0.00021077618
2073,1,0.0057991175,-0.0014632754,-0.0012640647,0.0028291796,2.9103792e-05,-0.00026745995
2074,1,0.0035721343,-0.0015751335,-0.0005782178,0.0056438255,0.00024177284,-0.00067726354
2075,1,0.0015179324,-0.0016182673,7.1977025e-05,0.009201937,0.0005953545,-0.0008724123
2076,1,0.00031848988,-0.0012359073,0.0007173105,0.007469299,0.00097423024,-0.0009153744
2077,1,-0.0017168296,-0.001827267,0.00132732,0.0139797665,0.0014180248,-0.0007980106
2078,1,-0.0040318836,0.0024981909,0.0018570423,0.0049193706,0.0018676067,-0.00047241253
2079,1,-0.0050930614,-0.002775399,0.002478516,0.004656905,0.0022247476,-0.0001489109
2080,1,0.0058347373,-0.0014004932,-0.0014266351,0.002827644,-4.3315726e-05,-0.00022325291
2081,1,0.0035819025,-0.0015090585,-0.000700556,0.005711965,0.00036831308,-0.0005375734
2082,1,0.001546987,-0.0015423845,-3.168168e-06,0.00926275,0.0007569187,-0.0007276753
2083,1,0.00037767025,-0.0011648042,0.0006308551,0.007518175,0.0012580268,-0.0007310714
2084,1,-0.001592252,-0.0017832553,0.0012080761,0.013878845,0.0018715715,-0.00055483996
2085,1,-0.0037616806,0.0024653636,0.0016883233,0.004980103,0.0022782485,-1.6444475e-05
2086,1,-0.0048543015,-0.0027189818,0.0018505416,0.005019631,0.0024493483,0.00016661073
2087,1,0.005824665,-0.0013480431,-0.0016481582,0.00305564,4.2314488e-07,-9.236625e-05
2088,1,0.0035606374,-0.0014733186,-0.00072838506,0.0062311543,0.00019475845,-0.00025665367
2089,1,0.0015858152,-0.0014661787,-0.00010923545,0.00973275,0.00045690042,-0.00022134252
2090,1,0.00039846366,-0.0010570957,0.0005208051,0.008277218,0.0006515192,-0.00037342153
2091,1,-0.0015265318,-0.0015420492,0.0010050467,0.014233212,0.0011338043,-0.00010091869
2092,1,-0.0038038974,0.0025253398,0.001205909,0.0060249064,0.0010144016,0.00019349768
2093,1,-0.0050372295,-0.0020903382,0.0017472373,0.0048517045,0.00040076804,-0.00011530482
2094,1,0.005357699,-0.0017804,-0.0013935419,0.0028572155,0.00019497328,4.3842254e-05
2095,1,0.0031702472,-0.0011189239,-0.0008292053,0.008818438,-0.00019509485,8.971256e-05
2096,1,0.0014929636,-0.0004535829,-0.00023969905,0.008423951,-0.00024636812,0.00019963768
2097,1,-4.077293e-05,-0.00089672825,0.0002166131,0.012809319,-0.0005141496,7.638123e-05
2098,1,-0.0016615746,0.0010855513,0.0006048869,0.008200672,-0.0004311371,3.9834475e-05
2099,1,-0.0032536676,-0.0010546257,0.0011464454,0.010255764,-0.00041326787,7.195121e-05
2100,1,-0.005158336,0.0038601737,0.0014538552,0.0019397474,-0.0009975156,-0.00013987804
2101,1,0.0054105413,-0.0018370504,-0.0013890566,0.0025467018,0.00012449092,0.00012701878
2102,1,0.003218784,-0.0011933234,-0.00072372827,0.008363938,-0.0002272786,0.00033953175
2103,1,0.001556732,-0.00051418884,-0.00017766813,0.0077186204,-0.00060633913,0.0003968834
2104,1,1.0528806e-05,-0.0010594813,0.00033938966,0.012395685,-0.0009318621,0.00037316442
2105,1,-0.0015611891,0.0010044618,0.0007848367,0.0073853848,-0.0011947963,0.00016681083
2106,1,-0.0031230764,-0.0013704686,0.0011480469,0.0101632215,-0.0013163788,4.2712458e-05
2107,1,-0.0050580143,0.0040446566,0.0016554897,0.0015330376,-0.0012781555,1.7635477e-05
2108,1,0.0054021804,-0.0019121083,-0.0012039749,0.0025203158,0.00010795152,0.00017957024
2109,1,0.0032079087,-0.0012435067,-0.00062989554,0.008255287,-0.00018892072,0.00044062533
2110,1,0.0015275365,-0.0005614444,-6.6337045e-05,0.0075234887,-0.000502576,0.0005366452
2111,1,-4.4713153e-05,-0.0011081567,0.00045374274,0.0122354645,-0.00084773876,0.0005143099
2112,1,-0.0016729253,0.0009703509,0.00094330066,0.007147702,-0.0011855,0.0003708405
2113,1,-0.0032181095,-0.0014396406,0.0013847767,0.00991812,-0.0014537104,0.00014578702
2114,1,-0.005117016,0.003974636,0.0017338508,0.001571419,-0.0016226905,-6.753667e-06
2115,1,0.0053628255,-0.001961211,-0.0010449621,0.0025217975,4.0172556e-05,0.00016916657
2116,1,0.0031991743,-0.0012846165,-0.0005274081,0.00825835,-0.000121031706,0.0004305971
2117,1,0.0015078826,-0.0005953302,4.4042113e-07,0.0075422646,-0.00036170462,0.0005289217
2118,1,-6.042464e-05,-0.0011329969,0.00052042224,0.012195137,-0.0006287751,0.00053148135
2119,1,-0.0017080766,0.0009512356,0.0010068887,0.0072483597,-0.000857522,0.00041087318
2120,1,-0.0032957105,-0.0014011554,0.0014504901,0.009818163,-0.001037939,0.00027927768
2121,1,-0.0051570586,0.0038849413,0.0019154716,0.0014754211,-0.0011577872,9.909907e-05
2122,1,0.005347606,-0.0020069892,-0.00091188215,0.0025526385,2.3341021e-05,0.00013497277
2123,1,0.003179784,-0.0013174622,-0.0004456287,0.008305807,-8.286332e-05,0.00033384885
2124,1,0.00149461,-0.0006166152,5.6130477e-05,0.007592008,-0.00023885493,0.0004163271
2125,1,-7.725965e-05,-0.0011491827,0.00056028354,0.012257795,-0.00041350443,0.00042032
2126,1,-0.001731356,0.00093692157,0.0010412028,0.0073103076,-0.0005868896,0.0003532847
2127,1,-0.0032945347,-0.0013954301,0.0014801396,0.009870224,-0.00070953206,0.00024302794
2128,1,-0.0051465095,0.0038683552,0.0018662654,0.0015724533,-0.00070124795,8.678164e-05
2129,1,0.005318325,-0.0020371915,-0.00081198814,0.002570303,3.4652072e-07,6.9732145e-05
2130,1,0.0031743913,-0.0013344224,-0.00039438414,0.008347919,-3.95771e-05,0.00018156733
2131,1,0.0014825354,-0.0006315543,8.826552e-05,0.0076484825,-0.00011634595,0.0002259458
2132,1,-8.162254e-05,-0.0011586591,0.00058248686,0.012295405,-0.00020506085,0.00023272616
2133,1,-0.0017429907,0.000927506,0.0010592501,0.007406135,-0.0002810917,0.0001961165
2134,1,-0.0033276745,-0.0013849266,0.0014915494,0.009873015,-0.00033468666,0.00013725818
2135,1,-0.005128671,0.0038543846,0.0018545584,0.0015390674,-0.00036811086,4.6126737e-05
2136,1,0.0053245113,-0.0020474382,-0.00079033634,0.0025819652,3.0260717e-06,3.7270593e-06
2137,1,0.00316668,-0.0013425901,-0.00037502949,0.008364652,-1.7003651e-06,-1.2937938e-06
2138,1,0.001482319,-0.00063519424,9.985149e-05,0.0076642367,9.364619e-07,9.807491e-07
2139,1,-8.6763175e-05,-0.0011628069,0.0005901875,0.01232314,-7.969553e-07,-3.584573e-07
2140,1,-0.0017450004,0.000924876,0.0010614316,0.0074129845,2.7831427e-07,5.105484e-07
2141,1,-0.0033097784,-0.0013815549,0.0014801282,0.009904634,-3.9557312e-07,-1.4711358e-07
2142,1,-0.0051451987,0.0038604632,0.001843065,0.0015901547,-1.6484156e-08,2.137334e-07
2143,1,0.00531855,-0.002036938,-0.0008140156,0.0025698333,1.6117574e-06,-6.643357e-05
2144,1,0.0031744184,-0.0013351083,-0.0003935567,0.0083476165,3.869526e-05,-0.00018111711
2145,1,0.0014825605,-0.0006315426,8.799042e-05,0.0076487013,0.00011669521,-0.00022555127
2146,1,-8.160819e-05,-0.0011588916,0.0005827336,0.012295344,0.00020444949,-0.00023239214
2147,1,-0.0017429929,0.000927473,0.0010592103,0.0074065053,0.00028105592,-0.00019577437
2148,1,-0.003327708,-0.0013849682,0.0014916447,0.009873061,0.0003341985,-0.00013709828
2149,1,-0.0051287087,0.0038543507,0.0018545571,0.0015391769,0.00036796898,-4.5950605e-05
2150,1,0.0053476817,-0.0020067913,-0.0009122556,0.0025526693,-2.3587289e-05,-0.00013502523
2151,1,0.0031798766,-0.0013174992,-0.00044606606,0.008305717,8.327159e-05,-0.00033230602
2152,1,0.0014946144,-0.0006170224,5.648362e-05,0.0075920997,0.00023840566,-0.0004160655
2153,1,-7.720989e-05,-0.0011492957,0.0005602365,0.012257907,0.00041349186,-0.00041989362
2154,1,-0.0017313827,0.0009366838,0.0010413923,0.007310921,0.00058651186,-0.0003530077
2155,1,-0.0032946023,-0.001395327,0.0014801973,0.009870285,0.00070934236,-0.00024286521
2156,1,-0.005146565,0.0038679747,0.0018663412,0.0015728914,0.0007011055,-8.665728e-05
2157,1,0.0053629167,-0.0019612024,-0.0010452543,0.0025218595,-4.0065865e-05,-0.00016883519
2158,1,0.0031992225,-0.0012845589,-0.00052748906,0.008258413,0.000120781166,-0.000430444
2159,1,0.0015078944,-0.000595517,3.7714327e-07,0.007542436,0.00036173486,-0.0005282792
2160,1,-6.0361403e-05,-0.0011332863,0.00052063196,0.012195184,0.0006285543,-0.0005312885
2161,1,-0.0017081156,0.000951053,0.0010069755,0.0072493264,0.0008573783,-0.00041063534
2162,1,-0.003295809,-0.0014010604,0.001450643,0.009818112,0.0010377548,-0.00027918295
2163,1,-0.0051571317,0.003884521,0.001915494,0.0014758963,0.0011576923,-9.912681e-05
2164,1,0.005402256,-0.0019121504,-0.001204031,0.0025203538,-0.00010807139,-0.00017956708
2165,1,0.0032079609,-0.0012435067,-0.000629956,0.008255276,0.00018890754,-0.00044038185
2166,1,0.0015275285,-0.00056164374,-6.629192e-05,0.0075237253,0.0005024536,-0.0005365959
2167,1,-4.463355e-05,-0.0011083552,0.00045382523,0.012235437,0.00084770995,-0.0005140669
2168,1,-0.0016729865,0.00097007514,0.0009434875,0.007148818,0.0011854548,-0.00037083257
2169,1,-0.0032182229,-0.0014394174,0.0013848873,0.009917888,0.0014537068,-0.00014573026
2170,1,-0.005117093,0.0039739236,0.0017339737,0.0015721532,0.0016227246,6.8865124e-06
2171,1,0.005410639,-0.0018372055,-0.0013891022,0.0025467465,-0.00012453405,-0.00012699417
2172,1,0.0032188147,-0.0011932248,-0.0007237463,0.008363907,0.0002272215,-0.00033953707
2173,1,0.0015567496,-0.0005144634,-0.00017762459,0.0077187917,0.00060633104,-0.00039677284
2174,1,1.0587267e-05,-0.0010596104,0.0003394892,0.012395663,0.0009318914,-0.0003732488
2175,1,-0.0015612023,0.0010042036,0.00078494643,0.00738626,0.0011949518,-0.00016676537
2176,1,-0.0031231532,-0.0013703558,0.0011481965,0.0101631945,0.0013165341,-4.2694704e-05
2177,1,-0.0050580697,0.004044219,0.0016554892,0.001533527,0.0012782667,-1.7811008e-05
2178,1,0.00535781,-0.0017806028,-0.0013935826,0.0028572972,-0.00019498188,-4.3878306e-05
2179,1,0.00317028,-0.0011187996,-0.00082917383,0.008818288,0.00019507144,-8.9680616e-05
2180,1,0.0014930088,-0.00045390538,-0.00023967636,0.008424267,0.000246379,-0.000199695
2181,1,-4.0702893e-05,-0.00089674804,0.00021667985,0.012809123,0.00051421154,-7.635548e-05
2182,1,-0.0016615466,0.0010851952,0.0006049764,0.008201628,0.00043124883,-3.9887393e-05
2183,1,-0.0032537142,-0.0010543284,0.0011464488,0.010255592,0.00041339407,-7.197093e-05
2184,1,-0.0051583587,0.0038595751,0.0014539467,0.0019402434,0.0009974986,0.00014003241
2185,1,0.0047312602,-0.0013422472,-0.001333983,0.0037384026,4.479056e-05,1.4213714e-05
2186,1,0.0028764987,-0.00061327516,-0.000764814,0.007031957,1.7911834e-05,8.253302e-05
2187,1,0.0012859365,-0.00077589677,-0.00032807258,0.011910424,-0.00020224121,4.9217648e-05
2188,1,-0.0001653609,0.0005521831,9.174348e-05,0.009165934,-0.00015987817,7.4712065e-05
2189,1,-0.0015271002,-0.0006383111,0.0005338627,0.012564701,-0.00027450768,5.869327e-05
2190,1,-0.003227008,0.0023445264,0.0008701511,0.0058410764,-0.00040574148,-7.624246e-05
2191,1,-0.004215723,-0.00073125237,0.0012173592,0.0034623677,-2.3329218e-05,3.193924e-05
2192,1,0.004797109,-0.0014000784,-0.0012387978,0.0035276758,0.00035073856,7.745163e-05
2193,1,0.0029598058,-0.00065285456,-0.00073984533,0.0063924603,-0.00010480243,0.00017281352
2194,1,0.0013757711,-0.0008886022,-0.0002627447,0.011495262,-0.00032587972,0.00022981403
2195,1,-5.3981672e-05,0.0004987082,0.00015998093,0.008426127,-0.0005536116,0.00017231426
2196,1,-0.0014097588,-0.0008300024,0.00056010473,0.012305035,-0.0006947699,0.00013410256
2197,1,-0.0031112218,0.002407895,0.00097159384,0.005178872,-0.00079369446,6.404003e-07
2198,1,-0.0040357932,-0.0010629378,0.0012923882,0.003405473,-0.0011986902,-5.2493502e-05
2199,1,0.0047923257,-0.0014430571,-0.0011423059,0.0034654692,0.00021768008,0.000108038665
2200,1,0.0029618298,-0.0007007891,-0.0006369345,0.0062052202,-2.3025816e-05,0.00026130123
2201,1,0.001367107,-0.0009375783,-0.00017445136,0.011258562,-0.00033370775,0.0003138995
2202,1,-8.591731e-05,0.00045493213,0.00027363133,0.008132341,-0.00059016224,0.00028435633
2203,1,-0.0014396837,-0.00089075277,0.000681024,0.012060113,-0.00082886557,0.00018581527
2204,1,-0.0031577027,0.0023866375,0.001051365,0.0049855234,-0.0010215463,9.538297e-05
2205,1,-0.0040721307,-0.0011026892,0.0014795477,0.003238626,-0.0011268537,4.930037e-05
2206,1,0.004773616,-0.0014973398,-0.0010072582,0.0034498263,0.000193154,0.000112346286
2207,1,0.0029437486,-0.0007317397,-0.00055086304,0.006180379,-1.5538644e-05,0.00026497454
2208,1,0.0013507237,-0.000960177,-9.4430565e-05,0.011157727,-0.00023114114,0.00032869648
2209,1,-0.000111343616,0.00042640392,0.0003428497,0.008091069,-0.00045118955,0.0002969303
2210,1,-0.0014882182,-0.0008883842,0.0007614849,0.011912501,-0.00065763213,0.0002453968
2211,1,-0.0031943403,0.0023282531,0.0011575419,0.004945362,-0.00083214615,0.00012645303
2212,1,-0.004091721,-0.0010781471,0.0015022544,0.0032425649,-0.0009917911,3.0072415e-05
2213,1,0.0047397837,-0.0015365037,-0.00088783994,0.0034487427,0.00010144344,8.378158e-05
2214,1,0.0029307979,-0.0007526616,-0.00047769985,0.0061904048,-1.8830294e-06,0.00021100037
2215,1,0.0013351027,-0.0009745901,-4.2818534e-05,0.011154931,-0.00015444323,0.00026295372
2216,1,-0.00012824248,0.00041397705,0.00039243026,0.008080638,-0.00030874353,0.00025310108
2217,1,-0.0015016783,-0.00089267443,0.0008041669,0.011908661,-0.00044919222,0.00020483037
2218,1,-0.00321982,0.0023180451,0.001188846,0.004924185,-0.0005525548,0.00013878194
2219,1,-0.0040994408,-0.0010742323,0.0015636701,0.003165085,-0.0006236593,5.845021e-05
2220,1,0.0047310735,-0.00156134,-0.00082294137,0.0034616073,5.2630116e-05,4.9008122e-05
2221,1,0.002917066,-0.0007687361,-0.00042931753,0.006216395,-3.438137e-06,0.000115814255
2222,1,0.0013267624,-0.0009803415,-7.889902e-06,0.011159369,-7.65865e-05,0.00014661886
2223,1,-0.00013939092,0.0004048518,0.00041913238,0.008115082,-0.0001533193,0.00014062718
2224,1,-0.0015187104,-0.00089023414,0.000830696,0.011892343,-0.00022767429,0.00012326981
2225,1,-0.003219303,0.002301327,0.0012132124,0.004954471,-0.00028855042,8.100234e-05
2226,1,-0.004093405,-0.0010600267,0.0015446284,0.003204551,-0.00032157835,2.9370323e-05
2227,1,0.004716766,-0.0015703579,-0.00078798144,0.003460155,-6.236332e-07,-1.857096e-06
2228,1,0.0029167035,-0.0007718969,-0.0004144373,0.0062228614,8.857079e-07,1.4619877e-06
2229,1,0.0013223916,-0.0009841722,2.1973765e-06,0.011171938,-7.5015123e-07,-6.4639994e-07
2230,1,-0.00014169009,0.0004038825,0.0004285977,0.00811504,3.8668392e-07,6.15801e-07
2231,1,-0.0015182153,-0.000893366,0.00083797524,0.011914145,-4.2287706e-07,-2.4079569e-07
2232,1,-0.0032333464,0.0023021125,0.0012190223,0.0049471566,8.8416826e-08,3.2570196e-07
2233,1,-0.0040967097,-0.0010607654,0.0015595418,0.0031638218,-1.13767335e-07,-1.93184e-07
2234,1,0.0047309482,-0.0015613333,-0.0008224829,0.0034611572,-5.19011e-05,-4.9966042e-05
2235,1,0.002917134,-0.0007687236,-0.00042971413,0.0062161777,3.9332635e-06,-0.00011458065
2236,1,0.0013267574,-0.0009805313,-7.6026295e-06,0.011159325,7.602308e-05,-0.00014672994
2237,1,-0.00013938155,0.00040483498,0.0004190399,0.008115213,0.00015348053,-0.00014010028
2238,1,-0.0015187194,-0.00089031097,0.00083081383,0.011892356,0.00022725116,-0.00012328714
2239,1,-0.0032193256,0.002301295,0.0012132036,0.0049546747,0.00028851468,-8.06694e-05
2240,1,-0.0040934384,-0.0010600092,0.0015446581,0.0032046044,0.00032144252,-2.9479306e-05
2241,1,0.004739868,-0.0015364006,-0.00088833075,0.0034486568,-0.00010082107,-8.302423e-05
2242,1,0.0029308074,-0.00075280585,-0.00047759333,0.0061903414,1.8542015e-06,-0.00021077086
2243,1,0.0013351322,-0.0009746394,-4.2872478e-05,0.011154829,0.00015450883,-0.00026237074
2244,1,-0.00012824778,0.00041379774,0.00039256693,0.0080809295,0.0003084897,-0.0002529756
2245,1,-0.0015016842,-0.0008926837,0.00080419984,0.011908639,0.00044912827,-0.00020455723
2246,1,-0.003219868,0.0023178624,0.001188919,0.0049246675,0.00055235904,-0.00013868867
2247,1,-0.0040995185,-0.0010739893,0.0015636825,0.0031650278,0.0006235798,-5.8428803e-05
2248,1,0.004773662,-0.001497274,-0.0010072967,0.0034498214,-0.00019322788,-0.00011237653
2249,1,0.0029437994,-0.0007318203,-0.0005510223,0.0061806077,1.5706577e-05,-0.00026452023
2250,1,0.0013507379,-0.00096021063,-9.436424e-05,0.011157612,0.00023104607,-0.00032844552
2251,1,-0.00011134184,0.00042623715,0.00034289432,0.008091511,0.00045113903,-0.0002966594
2252,1,-0.0014882324,-0.0008884007,0.00076158444,0.011912424,0.0006575333,-0.0002452744
2253,1,-0.003194406,0.002328007,0.0011576063,0.004946055,0.00083206885,-0.00012633181
2254,1,-0.0040918365,-0.0010778245,0.0015023072,0.003242531,0.000991758,-2.9984423e-05
2255,1,0.004792395,-0.0014429876,-0.0011424215,0.0034654376,-0.00021759313,-0.00010792288
2256,1,0.0029618647,-0.0007009168,-0.0006369558,0.006205509,2.2954666e-05,-0.00026121372
2257,1,0.0013671301,-0.00093754864,-0.00017445671,0.011258456,0.0003337239,-0.00031368138
2258,1,-8.592417e-05,0.0004547432,0.0002737042,0.008132893,0.00059013674,-0.00028424035
2259,1,-0.0014396937,-0.00089072436,0.0006810973,0.012059943,0.00082886167,-0.00018570018
2260,1,-0.0031577742,0.0023863143,0.0010514556,0.004986388,0.0010215781,-9.532947e-05
2261,1,-0.004072262,-0.0011022249,0.0014795732,0.0032384712,0.0011269031,-4.9370137e-05
2262,1,0.0047971653,-0.0013999469,-0.0012388139,0.0035276713,-0.00035076612,-7.7453646e-05
2263,1,0.0029598596,-0.0006530661,-0.0007398648,0.0063927555,0.00010482554,-0.00017273758
2264,1,0.0013757834,-0.0008885117,-0.0002627259,0.011495162,0.00032588432,-0.00022976848
2265,1,-5.3962616e-05,0.0004984915,0.00016002276,0.008426643,0.00055366213,-0.00017222897
2266,1,-0.0014097614,-0.0008299541,0.0005601717,0.012304946,0.0006948261,-0.00013406733
2267,1,-0.0031112658,0.0024076318,0.00097162963,0.0051795933,0.00079379854,-6.603325e-07
2268,1,-0.0040359017,-0.0010626056,0.001292443,0.003405437,0.0011987685,5.2615484e-05
2269,1,0.00473132,-0.0013420493,-0.0013339979,0.0037383633,-4.481162e-05,-1.4179737e-05
2270,1,0.0028765688,-0.00061355566,-0.0007648328,0.007032353,-1.790844e-05,-8.255648e-05
2271,1,0.0012859511,-0.00077572704,-0.0003280539,0.011910221,0.00020225634,-4.9178336e-05
2272,1,-0.00016532323,0.00055189524,9.177045e-05,0.009166595,0.00015990641,-7.47166e-05
2273,1,-0.0015270996,-0.0006381514,0.0005338836,0.012564485,0.00027454807,-5.8684214e-05
2274,1,-0.0032270215,0.0023441731,0.00087020634,0.0058418317,0.00040576735,7.624759e-05
2275,1,-0.004215816,-0.0007308276,0.0012173622,0.003462278,2.3431088e-05,-3.2054075e-05
2276,1,0.004127797,-0.0009039521,-0.0011450318,0.0028033277,0.00034752,2.6748774e-05
2277,1,0.0025935706,-0.0010398367,-0.00072756264,0.0092622,-5.3343887e-05,1.505529e-05
2278,1,0.0010846206,0.00021995904,-0.00032592582,0.008960577,1.4755887e-05,5.5881508e-05
2279,1,-0.00014613025,-0.00056961476,6.483502e-05,0.013139945,-0.00012674736,4.25751e-05
2280,1,-0.0015676423,0.0013732597,0.00039426735,0.008534438,-0.0001442143,-1.26061805e-05
2281,1,-0.0026130101,-0.000462247,0.00077250274,0.009007238,-3.891932e-05,4.5805868e-05
2282,1,-0.004111574,0.0026148057,0.0011616619,0.0022614822,-0.00055097876,-3.452534e-05
2283,1,0.004209473,-0.0009302458,-0.0011308014,0.002506505,0.00037241442,3.3080825e-05
2284,1,0.0026877187,-0.0011254423,-0.00069112424,0.008868909,0.000118643664,0.00011059691
2285,1,0.001191566,0.0001882352,-0.00029652182,0.00827508,-0.0001330894,0.00011711738
2286,1,-3.3378124e-05,-0.0006971983,7.969193e-05,0.012786996,-0.00026131494,0.00012082433
2287,1,-0.0014521785,0.0013788416,0.00044408764,0.007840083,-0.0003997693,5.4739638e-05
2288,1,-0.002474944,-0.00066749717,0.0007721457,0.008758185,-0.00056489505,1.0217412e-05
2289,1,-0.0040038186,0.0027363242,0.0011169115,0.0019922087,-0.0005792799,8.623003e-06
2290,1,0.004220637,-0.0009756247,-0.0010392145,0.0024443087,0.00044754005,6.5277054e-05
2291,1,0.0026992876,-0.0011690005,-0.00061773957,0.008661077,0.00011515723,0.00015638571
2292,1,0.001196413,0.00014809603,-0.00021757031,0.007965704,-0.00011923929,0.00018043086
2293,1,-2.7537748e-05,-0.0007498048,0.00015587042,0.01251267,-0.00034701472,0.00016484871
2294,1,-0.0014650165,0.0013526662,0.0005159303,0.0075330096,-0.0005297515,0.00011598385
2295,1,-0.0024754207,-0.0007121824,0.0008651197,0.008507062,-0.0007062291,4.236703e-05
2296,1,-0.003972351,0.0026951246,0.0011765328,0.0019400622,-0.0010226875,-1.7863336e-05
2297,1,0.0041932683,-0.0010074778,-0.00092680356,0.002406151,0.00030772467,6.107399e-05
2298,1,0.0026866538,-0.0011971997,-0.0005379722,0.008562995,0.00012721543,0.0001635623
2299,1,0.001180887,0.000117989,-0.00014971466,0.007878824,-8.357106e-05,0.00019167417
2300,1,-5.462577e-05,-0.00076303596,0.00023045964,0.012330896,-0.0002791809,0.00018468259
2301,1,-0.0014898765,0.0013147088,0.0005871531,0.0074490667,-0.00046674893,0.00012613102
2302,1,-0.002511213,-0.00069502625,0.00092148344,0.0083660735,-0.00063183764,8.356355e-05
2303,1,-0.004004321,0.002639192,0.001275943,0.001860232,-0.0007371411,3.51183e-05
2304,1,0.0041737636,-0.0010348173,-0.0008451863,0.002410334,0.00021962922,5.3951808e-05
2305,1,0.0026705754,-0.0012178412,-0.00047309682,0.008531518,8.493603e-05,0.00013248007
2306,1,0.0011664298,0.00010298848,-9.569006e-05,0.007836957,-5.3154174e-05,0.00015686217
2307,1,-6.793695e-05,-0.0007712405,0.00027280452,0.012282235,-0.00019345402,0.00015139996
2308,1,-0.001512359,0.0013024483,0.0006326294,0.007392959,-0.00031938223,0.00012059137
2309,1,-0.0025256104,-0.00070117385,0.0009728734,0.00831086,-0.0004358793,7.339e-05
2310,1,-0.0039904825,0.0026188851,0.0012766646,0.0018802168,-0.0005518849,1.5585438e-05
2311,1,0.004152598,-0.0010533143,-0.00077534665,0.0024008006,9.9071716e-05,2.6473514e-05
2312,1,0.0026621872,-0.0012278147,-0.0004332192,0.008520754,4.3642925e-05,7.237299e-05
2313,1,0.00115753,9.370166e-05,-6.64986e-05,0.007840204,-2.6838568e-05,8.829645e-05
2314,1,-7.9376725e-05,-0.00077344716,0.0003029088,0.012249484,-9.9118486e-05,8.7537686e-05
2315,1,-0.0015181815,0.0012919086,0.000656389,0.0073985625,-0.00016705727,6.788906e-05
2316,1,-0.0025371492,-0.0006934346,0.0009885466,0.008272777,-0.00022257843,4.9382204e-05
2317,1,-0.0040008524,0.002600523,0.0013105405,0.0018365533,-0.0002595278,1.9716983e-05
2318,1,0.0041520754,-0.0010595686,-0.00076416286,0.0024109622,4.2274922e-07,1.2249499e-06
2319,1,0.0026575592,-0.0012329059,-0.00041810595,0.008522307,-4.0243268e-07,-8.2180446e-07
2320,1,0.0011544715,9.149948e-05,-5.400136e-05,0.007835299,3.5542288e-07,7.685019e-07
2321,1,-8.1390834e-05,-0.0007750227,0.00030952587,0.012254505,-3.7708483e-07,-3.635326e-07
2322,1,-0.0015258475,0.0012912767,0.00066641136,0.007385406,1.6208524e-07,4.0597757e-07
2323,1,-0.0025372943,-0.0006978858,0.0010009124,0.008276998,-1.8360544e-07,-2.0804421e-07
2324,1,-0.003989018,0.0026011192,0.0012954777,0.001869286,3.8254427e-08,2.5278894e-07
2325,1,0.004152648,-0.0010533185,-0.0007756137,0.00240104,-9.926346e-05,-2.5729227e-05
2326,1,0.0026621409,-0.0012277962,-0.00043302617,0.008520645,-4.371309e-05,-7.284229e-05
2327,1,0.0011575611,9.367959e-05,-6.662806e-05,0.007840226,2.7026837e-05,-8.7554305e-05
2328,1,-7.93914e-05,-0.0007734945,0.00030302955,0.012249469,9.877174e-05,-8.771984e-05
2329,1,-0.0015181823,0.0012918841,0.00065635535,0.0073987,0.00016711914,-6.7440655e-05
2330,1,-0.0025371776,-0.0006934306,0.0009885964,0.008272793,0.00022237218,-4.95359e-05
2331,1,-0.0040008705,0.0026005157,0.0013105393,0.0018365721,0.0002595592,-1.9496501e-05
2332,1,0.004173744,-0.001034902,-0.00084499136,0.0024102908,-0.00021955308,-5.4183998e-05
2333,1,0.0026705957,-0.0012177777,-0.00047320698,0.008531408,-8.4769716e-05,-0.0001321089
2334,1,0.0011664313,0.00010288325,-9.562247e-05,0.007837121,5.3029347e-05,-0.00015676404
2335,1,-6.7933026e-05,-0.0007712386,0.00027281555,0.0122821275,0.00019345692,-0.00015109943
2336,1,-0.0015123775,0.0013023316,0.0006326867,0.0073933243,0.00031923686,-0.000120518205
2337,1,-0.0025256614,-0.0007010703,0.00097289926,0.008310785,0.00043584272,-7.325553e-05
2338,1,-0.00399051,0.0026187333,0.0012766863,0.0018803464,0.0005518935,-1.554548e-05
2339,1,0.0041933404,-0.0010075499,-0.00092696433,0.002406248,-0.00030756753,-6.0861134e-05
2340,1,0.002686661,-0.0011971367,-0.0005379368,0.008562867,-0.0001272359,-0.00016342412
2341,1,0.0011809028,0.00011786215,-0.00014972263,0.00787914,8.360295e-05,-0.00019145802
2342,1,-5.462753e-05,-0.0007630076,0.00023050679,0.012330734,0.00027912378,-0.00018452718
2343,1,-0.0014898983,0.0013145441,0.0005872011,0.0074496106,0.00046671228,-0.0001259921
2344,1,-0.0025112897,-0.00069485337,0.00092153007,0.008365939,0.0006318097,-8.3498635e-05
2345,1,-0.0040043546,0.0026389628,0.001275964,0.0018603877,0.0007371852,-3.514401e-05
2346,1,0.0042206943,-0.00097576855,-0.001039187,0.0024444656,-0.00044758746,-6.5288645e-05
2347,1,0.002699309,-0.0011688714,-0.0006177892,0.0086609805,-0.00011509526,-0.00015624927
2348,1,0.0011964306,0.00014793324,-0.00021755314,0.007966125,0.00011922975,-0.00018030373
2349,1,-2.7536678e-05,-0.00074973976,0.0001559022,0.01251246,0.00034702366,-0.00016473094
2350,1,-0.0014650373,0.0013524721,0.00051597884,0.0075336867,0.00052977225,-0.000115900664
2351,1,-0.0024755024,-0.0007119591,0.00086515804,0.008506852,0.0007062704,-4.232332e-05
2352,1,-0.0039723855,0.002694825,0.001176561,0.0019402963,0.0010227556,1.794716e-05
2353,1,0.0042095655,-0.00093047175,-0.0011308491,0.0025066533,-0.00037239204,-3.3037955e-05
2354,1,0.0026877294,-0.0011252547,-0.0006911296,0.008868827,-0.00011864296,-0.00011055883
2355,1,0.0011916006,0.00018802256,-0.00029651957,0.008275537,0.00013311609,-0.00011705002
2356,1,-3.3376957e-05,-0.0006970854,7.97138e-05,0.012786818,0.0002613361,-0.00012075418
2357,1,-0.0014521828,0.0013786437,0.00044411572,0.007840725,0.00039982406,-5.4713477e-05
2358,1,-0.0024750116,-0.0006673011,0.00077218533,0.008758044,0.0005649484,-1.0168721e-05
2359,1,-0.004003847,0.002736089,0.0011169256,0.0019923947,0.0005793848,-8.699706e-06
2360,1,0.0041279034,-0.0009042821,-0.0011450488,0.0028035326,-0.0003475087,-2.678903e-05
2361,1,0.0025935783,-0.001039553,-0.0007275696,0.009262058,5.3341195e-05,-1.5025695e-05
2362,1,0.0010846707,0.00021966576,-0.00032592684,0.008961174,-1.4737244e-05,-5.5878772e-05
2363,1,-0.00014613243,-0.0005694141,6.484551e-05,0.013139663,0.0001267586,-4.2554402e-05
2364,1,-0.0015676284,0.001372992,0.0003942891,0.008535185,0.00014423246,1.2608579e-05
2365,1,-0.0026130662,-0.00046198824,0.00077251333,0.009007035,3.8981838e-05,-4.5815683e-05
2366,1,-0.0041115843,0.0026145102,0.0011616746,0.0022617066,0.0005509718,3.4603454e-05
2367,1,0.0036500597,-0.0015028968,-0.000999059,0.0035806333,0.00012880907,-1.6016542e-05
2368,1,0.0021943399,-5.3786178e-05,-0.00064390776,0.0069239293,0.0001638071,3.533837e-05
2369,1,0.0010096822,-0.0007602068,-0.00028590538,0.012188918,-1.7827984e-05,2.3462617e-05
2370,1,-0.00026315195,0.0008019954,1.9877229e-05,0.00962987,-1.9982147e-06,1.0829585e-05
2371,1,-0.0012562685,-0.00038409905,0.00035838148,0.0120636085,-2.3074448e-05,4.6602257e-05
2372,1,-0.0025135681,0.0017319476,0.00066883134,0.006403482,-0.00020800323,-2.8318385e-05
2373,1,-0.0033097877,-0.00017160637,0.0009060353,0.0033408855,-2.308444e-05,1.1037738e-05
2374,1,0.0037459095,-0.001584271,-0.0009927409,0.0034002513,0.0006397476,3.778023e-05
2375,1,0.0022899027,-6.760751e-05,-0.0006187102,0.0063243886,0.00020385037,5.4475502e-05
2376,1,0.0011174949,-0.00085772295,-0.00028395004,0.011812728,6.604209e-05,8.266549e-05
2377,1,-0.0001537198,0.0007907587,4.4653552e-05,0.0089364275,-8.8457986e-05,6.380941e-05
2378,1,-0.0011387783,-0.0005228181,0.00035293688,0.011727644,-0.00020139028,4.5922945e-05
2379,1,-0.0024159513,0.0017888438,0.00066228054,0.005833415,-0.00029208552,1.1974058e-05
2380,1,-0.0031852564,-0.00035223077,0.0009738552,0.003191707,-0.0007493459,-1.1045159e-05
2381,1,0.003757918,-0.001623371,-0.00090552407,0.0033152164,0.00054130564,3.5877503e-05
2382,1,0.00230637,-0.00010181167,-0.00056137244,0.006094497,0.00030913937,9.3618364e-05
2383,1,0.0011377129,-0.0009062128,-0.00022227103,0.011520867,5.442088e-05,0.00011307187
2384,1,-0.00014501867,0.00076191925,0.0001032751,0.008592263,-0.00012602255,9.682321e-05
2385,1,-0.0011220697,-0.0005691723,0.0004113928,0.011428222,-0.0003119387,6.0744344e-05
2386,1,-0.0023978786,0.0017669922,0.0007021818,0.0056007938,-0.00051736675,2.3790304e-05
2387,1,-0.0031622425,-0.00038003892,0.0009948461,0.0030874885,-0.0006428265,1.8166955e-05
2388,1,0.0037407854,-0.001654859,-0.00083260046,0.0032780208,0.0004931592,4.8116734e-05
2389,1,0.0022927725,-0.0001317401,-0.00048601392,0.0060027987,0.0002537623,9.7424374e-05
2390,1,0.0011204203,-0.00092446967,-0.00015504127,0.011343725,6.407568e-05,0.00011744561
2391,1,-0.00015953649,0.0007297955,0.00016203574,0.008462404,-0.00012743009,0.000100565296
2392,1,-0.0011481375,-0.00056786736,0.00046976746,0.011234087,-0.00029418865,7.933572e-05
2393,1,-0.0024154107,0.0017234712,0.0007661652,0.005491451,-0.00045436964,3.3482414e-05
2394,1,-0.0031619363,-0.0003738581,0.0010390258,0.0030487892,-0.0007007903,1.4363193e-06
2395,1,0.0037167126,-0.0016791933,-0.0007420614,0.003245826,0.00030987978,2.9607956e-05
2396,1,0.0022780283,-0.00014867546,-0.0004315197,0.005957098,0.00018182248,7.592751e-05
2397,1,0.0011094369,-0.00093720364,-0.00011053445,0.0112759685,4.171561e-05,9.5962794e-05
2398,1,-0.0001764325,0.000716161,0.00020819895,0.008386449,-8.709122e-05,8.647334e-05
2399,1,-0.0011616414,-0.00057440525,0.0005099211,0.011156277,-0.00021692514,6.413559e-05
2400,1,-0.002427764,0.001711383,0.0007972071,0.005430563,-0.0003329653,4.090405e-05
2401,1,-0.0031823684,-0.0003751863,0.001086847,0.0029917662,-0.00041934583,2.1958022e-05
2402,1,0.0037053076,-0.0016926108,-0.0007061126,0.0032473113,0.00015903838,1.9672496e-05
2403,1,0.0022701605,-0.00016193805,-0.0003945916,0.0059455936,8.999278e-05,4.2563595e-05
2404,1,0.0010998554,-0.0009420325,-7.9869795e-05,0.011235033,2.1810669e-05,5.2967138e-05
2405,1,-0.00018257106,0.0007074982,0.0002302693,0.0083697075,-4.7776637e-05,4.8076385e-05
2406,1,-0.0011735052,-0.00057245244,0.00053374993,0.0111053595,-0.00011021253,4.025503e-05
2407,1,-0.0024342411,0.0016958592,0.0008246491,0.0054120393,-0.0001690563,2.2418337e-05
2408,1,-0.0031703652,-0.0003724539,0.0010860116,0.003001263,-0.00023760046,5.572619e-06
2409,1,0.0036985995,-0.0016981565,-0.0006793492,0.003234028,-2.482212e-07,-7.6700223e-07
2410,1,0.0022662322,-0.00016446444,-0.00038332748,0.0059376894,1.9122727e-07,6.936158e-07
2411,1,0.0010983852,-0.0009445805,-7.22796e-05,0.011232999,-2.421168e-07,-4.3252788e-07
2412,1,-0.00018761048,0.00070609717,0.00024117414,0.008355471,1.5729309e-07,4.6389215e-07
2413,1,-0.0011741937,-0.0005749108,0.0005408933,0.011103207,-1.8312433e-07,-2.4222277e-07
2414,1,-0.0024362674,0.001696987,0.00082600303,0.0053973673,7.56526e-08,2.84624e-07
2415,1,-0.0031839134,-0.00037400963,0.0011054595,0.0029705951,-1.1064945e-08,-2.2375691e-07
2416,1,0.0037052755,-0.0016925766,-0.0007059809,0.0032471265,-0.00015888416,-2.0099187e-05
2417,1,0.0022701907,-0.00016199976,-0.00039469032,0.005945692,-8.999594e-05,-4.195914e-05
2418,1,0.001099835,-0.0009420076,-7.978276e-05,0.011234989,-2.1982481e-05,-5.326441e-05
2419,1,-0.00018255944,0.0007074675,0.0002302215,0.008369806,4.7859474e-05,-4.756187e-05
2420,1,-0.0011735247,-0.0005724486,0.0005338038,0.011105349,0.00011003094,-4.044343e-05
2421,1,-0.0024342525,0.0016958446,0.0008246381,0.0054121152,0.00016911092,-2.2078499e-05
2422,1,-0.0031703857,-0.00037244422,0.001086024,0.003001269,0.00023760936,-5.749945e-06
2423,1,0.0037167445,-0.001679094,-0.00074221304,0.003245851,-0.00030993694,-2.9385823e-05
2424,1,0.002278029,-0.00014876945,-0.00043145262,0.005957233,-0.00018189287,-7.593392e-05
2425,1,0.0011094408,-0.00093715114,-0.00011055209,0.011275852,-4.168177e-05,-9.573346e-05
2426,1,-0.00017643631,0.00071607734,0.00020823121,0.008386721,8.6994696e-05,-8.640556e-05
2427,1,-0.0011616639,-0.0005743505,0.0005099395,0.011156177,0.00021692009,-6.397141e-05
2428,1,-0.0024277908,0.0017112916,0.000797232,0.005430792,0.00033293726,-4.0867937e-05
2429,1,-0.003182415,-0.00037507355,0.0010868601,0.0029917234,0.00041939525,-2.1940397e-05
2430,1,0.0037407833,-0.0016547556,-0.000832505,0.003277964,-0.00049320515,-4.8157013e-05
2431,1,0.0022928077,-0.00013186451,-0.00048605504,0.0060030515,-0.00025372108,-9.7315504e-05
2432,1,0.0011204162,-0.00092437945,-0.00015502096,0.011343552,-6.4114356e-05,-0.0001173202
2433,1,-0.00015953527,0.0007296642,0.00016205797,0.008462825,0.00012742638,-0.000100451616
2434,1,-0.0011481714,-0.00056776206,0.00046979453,0.011233918,0.0002941756,-7.9241116e-05
2435,1,-0.0024154426,0.0017233174,0.0007661934,0.0054917946,0.00045439907,-3.3421835e-05
2436,1,-0.0031620045,-0.00037367147,0.0010390404,0.0030487308,0.00070085307,-1.3684923e-06
2437,1,0.00375795,-0.001623189,-0.0009055939,0.0033151624,-0.0005412898,-3.5801695e-05
2438,1,0.00230641,-0.000102005106,-0.00056135724,0.006094837,-0.00030916475,-9.3552306e-05
2439,1,0.0011377113,-0.0009060736,-0.00022226942,0.011520657,-5.4406162e-05,-0.000112989306
2440,1,-0.00014501216,0.00076175656,0.00010329228,0.008592803,0.00012603156,-9.6731135e-05
2441,1,-0.0011221053,-0.0005690358,0.0004114208,0.011427993,0.0003119622,-6.0681523e-05
2442,1,-0.0023979105,0.0017668076,0.000702209,0.0056012324,0.0005174213,-2.3739602e-05
2443,1,-0.0031623193,-0.00037981113,0.0009948667,0.0030873925,0.000642935,-1.8203833e-05
2444,1,0.0037459226,-0.0015840183,-0.0009927169,0.0034002196,-0.00063976215,-3.780185e-05
2445,1,0.002289964,-6.786546e-05,-0.00061873026,0.006324776,-0.00020384091,-5.444436e-05
2446,1,0.0011174908,-0.0008575272,-0.000283947,0.011812525,-6.603181e-05,-8.260307e-05
2447,1,-0.00015370204,0.0007905632,4.4665445e-05,0.008937001,8.848408e-05,-6.3774394e-05
2448,1,-0.001138808,-0.00052266475,0.0003529537,0.011727441,0.00020142221,-4.587161e-05
2449,1,-0.0024159753,0.0017886747,0.000662298,0.0058338484,0.0002921606,-1.1974087e-05
2450,1,-0.0031853227,-0.00035204148,0.0009738636,0.0031916397,0.0007494136,1.1110863e-05
2451,1,0.0036500709,-0.0015025078,-0.0009990868,0.0035805684,-0.00012884435,1.6061864e-05
2452,1,0.0021944165,-5.416013e-05,-0.00064391695,0.006924438,-0.00016378563,-3.5355686e-05
2453,1,0.0010096716,-0.00075990806,-0.00028590902,0.012188617,1.7820254e-05,-2.3442806e-05
2454,1,-0.00026312086,0.000801726,1.9880572e-05,0.009630593,2.015543e-06,-1.082288e-05
2455,1,-0.001256296,-0.0003838849,0.00035839126,0.012063317,2.3098622e-05,-4.659598e-05
2456,1,-0.0025135763,0.0017317324,0.00066884473,0.006404005,0.00020800887,2.832292e-05
2457,1,-0.0033098462,-0.00017138802,0.00090605486,0.0033407938,2.3166866e-05,-1.1095618e-05
2458,1,0.0029803726,-8.97211e-05,-0.0008658054,0.0026058627,0.0004390155,3.414836e-05
2459,1,0.001975322,-0.0011856108,-0.00052661705,0.009114016,5.8698148e-05,-3.062644e-06
2460,1,0.00076341047,0.00047867984,-0.0002669874,0.009127403,0.00010834519,2.082263e-05
2461,1,-0.0001452432,-0.0005148812,4.1105875e-05,0.013030084,3.9722283e-05,3.957957e-05
2462,1,-0.0012420326,0.0011268005,0.00029705316,0.008967983,-4.2063413e-05,-2.0257605e-05
2463,1,-0.0019815504,-0.00017733521,0.00054537354,0.008831224,3.886107e-05,3.0630854e-05
2464,1,-0.003012513,0.0016666775,0.0008671705,0.002573434,-0.00039644193,-8.91132e-06
2465,1,0.0030656212,-7.886558e-05,-0.00081681064,0.0023315654,0.0006196322,-6.539083e-08
2466,1,0.0020808433,-0.0012806117,-0.0005407237,0.008761974,0.00039790163,5.1532774e-05
2467,1,0.0008668077,0.0004649882,-0.00023687184,0.008462135,0.0001898123,5.353953e-05
2468,1,-3.9480423e-05,-0.0006183604,3.53404e-05,0.012636964,7.824537e-05,4.2633175e-05
2469,1,-0.0011460781,0.0011408718,0.0003048801,0.008322736,-4.56413e-05,2.7998049e-05
2470,1,-0.0018763418,-0.0003110284,0.0005622561,0.008463369,-0.0002564737,8.7640205e-07
2471,1,-0.0029256332,0.0017298284,0.0007757278,0.0023155233,-0.0003971038,5.9583175e-07
2472,1,0.0030820284,-0.00011047356,-0.00078380853,0.0022647986,0.00079051894,3.7744605e-05
2473,1,0.0020979077,-0.0013276951,-0.00046257538,0.0085250335,0.00045651963,6.5709384e-05
2474,1,0.0008778512,0.00043812662,-0.00018373976,0.008120023,0.00024167744,6.124277e-05
2475,1,-1.947822e-05,-0.0006625236,8.6798645e-05,0.012326588,4.1312644e-05,5.557433e-05
2476,1,-0.0011307047,0.0011190216,0.00034628456,0.007987543,-0.00013056985,2.7771232e-05
2477,1,-0.001854979,-0.00034317112,0.00059392577,0.008224659,-0.00031693839,8.329244e-06
2478,1,-0.0028874306,0.0017051483,0.00083948585,0.002239175,-0.0006705655,-1.158068e-05
2479,1,0.0030574086,-0.00014046143,-0.000668349,0.0022044424,0.00060812634,1.619825e-05
2480,1,0.0020792359,-0.0013456203,-0.00040245577,0.008393195,0.00039773583,5.816242e-05
2481,1,0.0008670389,0.00040922375,-0.00012431275,0.007985222,0.0001942403,6.535965e-05
2482,1,-3.7955044e-05,-0.00067159283,0.00014372857,0.012110386,2.0122188e-05,5.3205145e-05
2483,1,-0.0011421092,0.0010866581,0.0003964988,0.007845559,-0.00016020512,2.8752282e-05
2484,1,-0.0018649038,-0.00033820354,0.00063662697,0.008077945,-0.00034135784,1.3029822e-05
2485,1,-0.0029014463,0.001668913,0.00087543327,0.0021742492,-0.0004764894,6.4960936e-06
2486,1,0.003040542,-0.00016032466,-0.0006255941,0.0022014747,0.00041962924,2.0351968e-05
2487,1,0.002069672,-0.0013621253,-0.00034805658,0.008330299,0.0002711717,4.5902478e-05
2488,1,0.000852756,0.0003947557,-7.9514604e-05,0.007901547,0.00013480379,4.7699126e-05
2489,1,-4.8779646e-05,-0.0006783474,0.00017963989,0.012019658,-9.513188e-07,4.325132e-05
2490,1,-0.0011562393,0.0010752667,0.00043267076,0.0077594453,-0.00011973875,2.7230739e-05
2491,1,-0.0018799661,-0.00034408542,0.000676108,0.008000684,-0.00024114635,1.1936966e-05
2492,1,-0.002894382,0.001651264,0.00090275035,0.0021661909,-0.0003981903,-3.307243e-06
2493,1,0.003030827,-0.00017458349,-0.00057305297,0.0021766152,0.0002082623,7.114855e-06
2494,1,0.0020585961,-0.0013690742,-0.00031813222,0.008293644,0.00013714521,2.279314e-05
2495,1,0.0008482542,0.00038608233,-5.6068922e-05,0.007877465,6.677696e-05,2.6797257e-05
2496,1,-5.8427526e-05,-0.00068003935,0.00020433968,0.0119637,9.680082e-07,2.3660812e-05
2497,1,-0.0011625229,0.0010661556,0.00045336605,0.007731366,-6.648441e-05,1.4688285e-05
2498,1,-0.0018840408,-0.00034067,0.0006910679,0.007957714,-0.00012848621,9.684768e-06
2499,1,-0.0029110631,0.0016378748,0.0009312377,0.002133989,-0.00017553549,4.738661e-06
2500,1,0.0030248028,-0.00017867122,-0.00056895794,0.0021879151,6.890276e-08,5.5271784e-07
2501,1,0.002059003,-0.0013723702,-0.0003071291,0.008288889,-1.5943732e-07,-4.2424867e-07
2502,1,0.000843359,0.00038358598,-4.5254816e-05,0.007861566,9.1392614e-08,4.3303606e-07
2503,1,-5.9682487e-05,-0.00068099424,0.00020984629,0.011956558,-1.372492e-07,-2.6283575e-07
2504,1,-0.001166205,0.0010654039,0.00046063183,0.007714888,7.92082e-08,3.0978754e-07
2505,1,-0.0018887917,-0.00034465615,0.00070302305,0.007950394,-5.171449e-08,-1.9220344e-07
2506,1,-0.0028973918,0.0016364858,0.00092554395,0.0021493225,6.127958e-08,2.3227115e-07
2507,1,0.0030308538,-0.00017464328,-0.0005731288,0.0021767518,-0.00020849964,-6.7349706e-06
2508,1,0.002058575,-0.0013690069,-0.00031807236,0.008293556,-0.0001372265,-2.3096818e-05
2509,1,0.00084827136,0.00038602354,-5.6109508e-05,0.007877569,-6.676324e-05,-2.6341555e-05
2510,1,-5.8442187e-05,-0.00068001024,0.00020438165,0.011963667,-1.095868e-06,-2.38739e-05
2511,1,-0.0011625245,0.0010661323,0.00045334856,0.0077314656,6.653858e-05,-1.4313249e-05
2512,1,-0.0018840597,-0.000340657,0.0006910909,0.007957698,0.00012844954,-9.872453e-06
2513,1,-0.002911078,0.0016378768,0.0009312397,0.0021340097,0.00017564798,-4.515314e-06
2514,1,0.0030405489,-0.0001604562,-0.00062549947,0.002201501,-0.00041966152,-2.0426407e-05
2515,1,0.0020696777,-0.0013620311,-0.00034809686,0.008330216,-0.0002711884,-4.5756937e-05
2516,1,0.0008527605,0.00039466756,-7.949113e-05,0.007901771,-0.00013488437,-4.766057e-05
2517,1,-4.8788796e-05,-0.0006782881,0.00017964482,0.012019543,9.558895e-07,-4.310915e-05
2518,1,-0.0011562523,0.0010751982,0.00043268767,0.007759701,0.00011970862,-2.7175236e-05
2519,1,-0.0018799999,-0.0003440145,0.0006761209,0.008000598,0.00024118817,-1.1853013e-05
2520,1,-0.002894406,0.0016512042,0.0009027576,0.002166255,0.0003982867,3.3380907e-06
2521,1,0.0030574694,-0.00014063466,-0.0006684369,0.0022045537,-0.00060819206,-1.6134869e-05
2522,1,0.0020792305,-0.0013454778,-0.00040243004,0.008393068,-0.00039779925,-5.809544e-05
2523,1,0.0008670561,0.00040908626,-0.00012431323,0.007985574,-0.00019424412,-6.529098e-05
2524,1,-3.797093e-05,-0.00067148585,0.00014373947,0.012110196,-2.0143738e-05,-5.310687e-05
2525,1,-0.0011421222,0.0010865403,0.0003965194,0.007845952,0.00016022348,-2.8685079e-05
2526,1,-0.0018649531,-0.00033807737,0.0006366433,0.0080778,0.0003414011,-1.2970485e-05
2527,1,-0.0029014759,0.0016688032,0.0008754503,0.0021743432,0.00047661064,-6.518391e-06
2528,1,0.0030820817,-0.00011075105,-0.0007837522,0.0022649448,-0.0007905795,-3.7768146e-05
2529,1,0.0020979107,-0.0013274752,-0.00046259962,0.008524862,-0.00045652426,-6.566643e-05
2530,1,0.0008778766,0.0004379351,-0.00018373542,0.008120489,-0.00024169356,-6.11754e-05
2531,1,-1.9495454e-05,-0.0006623764,8.681109e-05,0.012326334,-4.130427e-05,-5.5516026e-05
2532,1,-0.001130715,0.001118878,0.0003462975,0.007988046,0.00013060609,-2.7711298e-05
2533,1,-0.0018550318,-0.00034302037,0.00059394486,0.008224465,0.00031701114,-8.296082e-06
2534,1,-0.0028874623,0.0017050197,0.00083949073,0.0022393076,0.00067067216,1.1635321e-05
2535,1,0.0030657083,-7.9218524e-05,-0.0008168578,0.0023317183,-0.0006196819,1.0487174e-07
2536,1,0.0020808384,-0.0012803252,-0.00054071733,0.0087618055,-0.0003979119,-5.1505383e-05
2537,1,0.0008668463,0.00046474408,-0.00023687638,0.008462657,-0.00018981053,-5.351776e-05
2538,1,-3.9497372e-05,-0.0006181733,3.5342317e-05,0.012636704,-7.823397e-05,-4.258202e-05
2539,1,-0.0011460817,0.0011407172,0.00030489208,0.008323277,4.568414e-05,-2.797823e-05
2540,1,-0.0018763881,-0.0003108852,0.00056226715,0.008463186,0.00025652463,-8.4715117e-07
2541,1,-0.002925666,0.0017297268,0.0007757489,0.0023156547,0.00039723233,-6.3453973e-07
2542,1,0.0029804723,-9.024769e-05,-0.00086579483,0.002606088,-0.0004389952,-3.4206205e-05
2543,1,0.001975308,-0.001185175,-0.00052663416,0.009113756,-5.8733403e-05,3.0862832e-06
2544,1,0.00076346245,0.00047833173,-0.0002669928,0.009128096,-0.000108326676,-2.0826436e-05
2545,1,-0.00014526396,-0.00051461323,4.1105977e-05,0.013029708,-3.9722792e-05,-3.956896e-05
2546,1,-0.0012420253,0.0011265954,0.00029705433,0.00896867,4.2075935e-05,2.0260444e-05
2547,1,-0.0019815885,-0.00017716599,0.0005453852,0.008830983,-3.8812563e-05,-3.0634088e-05
2548,1,-0.0030125326,0.0016665595,0.0008671648,0.0025736114,0.0003964517,8.951853e-06
2549,1,0.0026615034,-0.0017603424,-0.00067411864,0.0034854803,0.00020854567,-3.340383e-05
2550,1,0.001493865,0.00043661124,-0.00046861512,0.0067235637,0.00025258877,4.3471424e-05
2551,1,0.00072981854,-0.0008502361,-0.00016735088,0.012234368,0.00013488597,2.3234445e-05
2552,1,-0.00021239191,0.0006779302,3.5180008e-05,0.009880285,8.005457e-05,-1.4333545e-05
2553,1,-0.00095188513,-0.00028350562,0.0002644626,0.011724637,8.361269e-05,4.0914136e-05
2554,1,-0.0018038366,0.0011573124,0.0004945702,0.006896703,-9.590447e-05,-2.4618677e-05
2555,1,-0.0023045712,0.00010077907,0.0006037712,0.003396161,-6.0290975e-05,5.1936814e-07
2556,1,0.0027776787,-0.0018897931,-0.0007103717,0.0033354764,0.00092515803,4.828754e-05
2557,1,0.0015896737,0.0004329847,-0.00039508796,0.0061198864,0.0005217327,3.8726317e-05
2558,1,0.00082869496,-0.0009423486,-0.0001755807,0.011835178,0.00036605098,3.078871e-05
2559,1,-0.00011913009,0.00066701457,5.9862195e-05,0.009206217,0.00021867036,2.7662285e-05
2560,1,-0.00085862406,-0.0003903979,0.00027644084,0.011292838,7.0556125e-05,-1.3479678e-06
2561,1,-0.0017280998,0.0011859201,0.00046967168,0.0063323313,-7.345393e-05,-5.8353744e-06
2562,1,-0.0022236896,-4.3843247e-06,0.0006919965,0.0031929545,-0.0005336188,-8.356338e-06
2563,1,0.0027700402,-0.001938043,-0.00055432343,0.0032246122,0.00093112193,6.44452e-06
2564,1,0.0015869396,0.00041370463,-0.00034875047,0.0058734408,0.00065058947,3.511748e-05
2565,1,0.0008379457,-0.0009873998,-0.00010707876,0.011526919,0.00040589078,3.895392e-05
2566,1,-0.00011477897,0.00064409175,0.0001133394,0.008843417,0.00022055508,9.661855e-06
2567,1,-0.00084465597,-0.00042394086,0.00031761863,0.010983264,1.5716945e-05,-6.6006637e-06
2568,1,-0.0017063885,0.0011685026,0.0005105258,0.0060859765,-0.00022754307,-2.289389e-05
2569,1,-0.0022004477,-2.7728087e-05,0.00067443826,0.0031065494,-0.00041758936,-6.316337e-06
2570,1,0.0027460277,-0.001957659,-0.00051662745,0.0031976062,0.0007669218,2.2845685e-05
2571,1,0.0015736346,0.00038376192,-0.00026971675,0.005762756,0.0005321474,2.9696685e-05
2572,1,0.0008178226,-0.00099902,-4.9515693e-05,0.011327191,0.00033161527,2.1255863e-05
2573,1,-0.00012555791,0.0006211773,0.00016005289,0.008681703,0.00013364307,5.7234392e-06
2574,1,-0.0008557766,-0.00042315267,0.00035963408,0.010794153,-3.9330214e-05,-1.1049304e-05
2575,1,-0.0017140952,0.00113822,0.0005496404,0.0059713423,-0.00021273976,-2.072615e-05
2576,1,-0.0021979888,-2.9784169e-05,0.0007360678,0.0030587292,-0.00047230846,-1.3415163e-05
2577,1,0.0027367112,-0.0019751277,-0.00043784108,0.0031494738,0.00051965436,5.2276982e-06
2578,1,0.001557255,0.0003697261,-0.00022825452,0.0056953267,0.00035792176,1.22964375e-05
2579,1,0.0008107914,-0.001005232,-1.4017645e-05,0.011240859,0.00021476678,1.3878009e-05
2580,1,-0.0001370091,0.0006115553,0.00019405788,0.008588832,8.87506e-05,6.6427333e-07
2581,1,-0.0008673428,-0.0004265762,0.0003910607,0.010701871,-4.6876197e-05,-9.705675e-06
2582,1,-0.0017198351,0.001127307,0.00057935726,0.005907642,-0.00017681632,-1.3527633e-05
2583,1,-0.0022194118,-3.473731e-05,0.0007692761,0.003019149,-0.00027979258,-2.396991e-06
2584,1,0.002721253,-0.0019818249,-0.00041750117,0.0031531064,0.00025623458,3.1864279e-06
2585,1,0.0015574545,0.00035958912,-0.00020141974,0.00567551,0.00018416982,4.5276292e-06
2586,1,0.0008015042,-0.0010081775,9.63636e-06,0.0111859925,0.00011125288,4.42325e-06
2587,1,-0.00014346631,0.00060594396,0.00021247912,0.008556629,3.8272592e-05,-2.834199e-07
2588,1,-0.0008746573,-0.0004248799,0.00040924776,0.010651003,-2.5699872e-05,-4.552253e-06
2589,1,-0.0017289589,0.0011160919,0.0006028024,0.00588125,-8.893461e-05,-7.753885e-06
2590,1,-0.0022120837,-3.6936442e-05,0.00078658375,0.0030162851,-0.00016739735,-4.858166e-06
2591,1,0.0027254089,-0.001985227,-0.00040013526,0.0031353238,-1.5060128e-07,-3.7374133e-07
2592,1,0.0015478777,0.00035623877,-0.00019032646,0.0056624985,1.2878161e-08,3.613589e-07
2593,1,0.00080129993,-0.0010090901,1.5655176e-05,0.011180696,-1.0582593e-07,-2.5700638e-07
2594,1,-0.00014604075,0.00060467975,0.00021950951,0.008540325,4.905902e-08,2.9492853e-07
2595,1,-0.0008770309,-0.0004263261,0.00041576193,0.010641812,-5.7525106e-08,-1.8258697e-07
2596,1,-0.001727159,0.0011164132,0.0006048756,0.005869611,6.192325e-08,2.2391063e-07
2597,1,-0.0022270759,-3.8821567e-05,0.0008002957,0.0029992585,5.1289494e-08,-1.8657695e-07
2598,1,0.0027212375,-0.0019817448,-0.00041745527,0.0031530212,-0.00025628653,-3.4418338e-06
2599,1,0.0015574744,0.00035950678,-0.0002014528,0.0056756316,-0.0001842606,-4.1934672e-06
2600,1,0.0008014909,-0.0010081164,9.663983e-06,0.0111859245,-0.00011135808,-4.6337545e-06
2601,1,-0.000143461,0.0006059026,0.0002124625,0.008556743,-3.825469e-05,6.279395e-07
2602,1,-0.000874671,-0.00042485597,0.00040926886,0.010650974,2.565425e-05,4.384463e-06
2603,1,-0.0017289676,0.0011160842,0.0006027982,0.005881314,8.9023386e-05,8.033894e-06
2604,1,-0.0022120983,-3.6936588e-05,0.0007865897,0.0030162726,0.00016750356,4.69075e-06
2605,1,0.0027367177,-0.001974973,-0.0004379119,0.0031494556,-0.0005198111,-5.1544857e-06
2606,1,0.0015572687,0.00036960313,-0.00022822955,0.005695499,-0.00035802505,-1.2291146e-05
2607,1,0.00081078656,-0.0010051423,-1.4025012e-05,0.011240733,-0.00021479241,-1.37789975e-05
2608,1,-0.0001370116,0.00061148463,0.00019406802,0.008589085,-8.879476e-05,-6.093134e-07
2609,1,-0.00086736167,-0.00042651664,0.00039106957,0.010701774,4.689943e-05,9.793708e-06
2610,1,-0.0017198534,0.001127261,0.00057936786,0.005907802,0.00017687249,1.3568086e-05
2611,1,-0.002219444,-3.4691475e-05,0.00076928776,0.0030191157,0.00027992326,2.4050123e-06
2612,1,0.0027460132,-0.0019574463,-0.0005165687,0.0031975517,-0.00076700724,-2.2846993e-05
2613,1,0.0015736728,0.0003835734,-0.0002697431,0.005763016,-0.0005321871,-2.9671804e-05
2614,1,0.0008178119,-0.0009988734,-4.9511884e-05,0.0113269985,-0.00033166914,-2.1174397e-05
2615,1,-0.00012555656,0.00062106195,0.00016006181,0.008682092,-0.00013364373,-5.6705576e-06
2616,1,-0.00085580413,-0.00042304798,0.00035964258,0.0107939895,3.9349296e-05,1.1125101e-05
2617,1,-0.0017141162,0.0011381357,0.00054965506,0.005971589,0.00021282113,2.0765425e-05
2618,1,-0.0021980347,-2.9700115e-05,0.0007360727,0.0030586764,0.0004724346,1.3470285e-05
2619,1,0.0027700425,-0.001937704,-0.00055439625,0.003224521,-0.0009311844,-6.40022e-06
2620,1,0.0015869881,0.0004134211,-0.00034874043,0.005873809,-0.0006506508,-3.5087276e-05
2621,1,0.00083793426,-0.0009871849,-0.00010708357,0.01152664,-0.0004059076,-3.890803e-05
2622,1,-0.00011477289,0.00064393895,0.000113339316,0.008843931,-0.00022054958,-9.603211e-06
2623,1,-0.0008446848,-0.0004238057,0.00031763062,0.010983036,-1.5683465e-05,6.649635e-06
2624,1,-0.0017064112,0.0011684049,0.000510535,0.006086302,0.00022762387,2.2934139e-05
2625,1,-0.0022004999,-2.763385e-05,0.0006744579,0.0031064718,0.000417739,6.2996505e-06
2626,1,0.0027776551,-0.0018893835,-0.00071033125,0.0033354058,-0.00092517503,-4.8321388e-05
2627,1,0.001589744,0.00043263345,-0.0003951181,0.0061202915,-0.0005217655,-3.8719336e-05
2628,1,0.0008286795,-0.0009420756,-0.00017558434,0.011834874,-0.00036606815,-3.0746847e-05
2629,1,-0.000119117714,0.0006668333,5.9862734e-05,0.0092067905,-0.0002186546,-2.7633403e-05
2630,1,-0.0008586511,-0.00039024345,0.0002764397,0.011292603,-7.05252e-05,1.3837769e-06
2631,1,-0.0017281199,0.0011858311,0.00046968425,0.0063326904,7.353441e-05,5.850708e-06
2632,1,-0.002223736,-4.3138593e-06,0.00069199037,0.0031928804,0.0005337129,8.3962605e-06
2633,1,0.0026614687,-0.0017597015,-0.0006741607,0.003485342,-0.00020862086,3.347349e-05
2634,1,0.0014939533,0.00043608333,-0.0004686152,0.0067241476,-0.00025256403,-4.3500953e-05
2635,1,0.00072979607,-0.000849833,-0.00016736703,0.012233902,-0.00013491462,-2.3218754e-05
2636,1,-0.00021237337,0.00067768025,3.5172e-05,0.009881052,-8.003957e-05,1.4338734e-05
2637,1,-0.000951909,-0.00028330696,0.000264466,0.011724304,-8.359356e-05,-4.0909857e-05
2638,1,-0.0018038481,0.0011572068,0.0004945675,0.0068971873,9.591768e-05,2.4622006e-05
2639,1,-0.002304611,0.00010083824,0.0006037987,0.0033960643,6.0376122e-05,-5.5164674e-07
2640,1,0.0019067543,0.0007938284,-0.00059439545,0.0024323678,0.0006084682,7.620677e-05
2641,1,0.0013186567,-0.0014225655,-0.00024831897,0.009468234,0.00025685725,-9.119446e-06
2642,1,0.0005453946,0.00041232113,-0.00012874971,0.009246191,0.00021000035,3.0146834e-06
2643,1,-9.684482e-05,-0.00059097307,9.270402e-05,0.012695858,0.00021499532,4.633147e-05
2644,1,-0.00085337536,0.00068206957,0.00027050287,0.009203402,8.36674e-05,-4.8725095e-05
2645,1,-0.0013659458,-9.9005876e-05,0.0003835068,0.008569729,8.3232655e-05,8.55021e-06
2646,1,-0.0018598674,0.00085350394,0.000580359,0.0027766745,-0.00028558302,-6.4894657e-06
2647,1,0.0019820982,0.0008221849,-0.00041215232,0.0021105874,0.0010494171,-1.2408271e-05
2648,1,0.0014194276,-0.001535122,-0.00028625916,0.0091241915,0.0007512893,3.770221e-05
2649,1,0.0006337967,0.00038053936,-5.5878856e-05,0.008557132,0.0005720709,3.5567078e-05
2650,1,-2.4490135e-05,-0.0006818882,0.00012572702,0.012205873,0.00041432667,-1.790547e-05
2651,1,-0.00078824355,0.00068482215,0.00028322835,0.008568612,0.00022428534,-3.3904416e-05
2652,1,-0.0012975401,-0.00018966844,0.0004256935,0.008109072,-4.5997793e-05,-5.3783e-05
2653,1,-0.0018001047,0.0008792569,0.0004915704,0.0025099455,-0.00030674224,-2.1321051e-05
2654,1,0.001956926,0.00079973077,-0.00039601934,0.0020644937,0.0011652339,3.357206e-05
2655,1,0.0014032967,-0.0015915083,-0.00015463318,0.008871044,0.00087183306,3.1816453e-05
2656,1,0.00060745614,0.00036166073,2.0195304e-05,0.008182174,0.0006088807,-1.3498309e-05
2657,1,-3.463193e-05,-0.00070600124,0.00018191728,0.011891288,0.0003566816,-4.183304e-05
2658,1,-0.0007846215,0.00067524274,0.00032332944,0.008249396,0.0001380935,-7.204132e-05
2659,1,-0.0012858862,-0.00021415796,0.00044715553,0.0078956615,-9.262786e-05,-6.266851e-05
2660,1,-0.0017801252,0.00085610105,0.0005817164,0.0024374363,-0.00043539362,-3.226231e-05
2661,1,0.0019344046,0.0007653881,-0.0002520412,0.0019771869,0.00094318145,-5.8395303e-06
2662,1,0.0013712113,-0.0015981531,-0.0001001568,0.008720078,0.00065663113,-1.1534375e-05
2663,1,0.00059526967,0.0003510877,6.6430046e-05,0.008044411,0.00043456713,-3.0242134e-05
2664,1,-4.433255e-05,-0.0007040918,0.00021634268,0.01169619,0.0002504394,-5.6332367e-05
2665,1,-0.00079068664,0.0006563556,0.00035566112,0.008110219,5.258252e-05,-6.857598e-05
2666,1,-0.0012878292,-0.00021228578,0.00048587416,0.007774335,-0.00014686298,-6.253377e-05
2667,1,-0.0017948007,0.000826258,0.0006088931,0.0023883944,-0.0003065202,-2.4331668e-05
2668,1,0.001914937,0.00075004116,-0.00023124636,0.0019840677,0.00057918654,-1.1293068e-05
2669,1,0.0013757546,-0.0016028727,-6.543953e-05,0.008663783,0.00044533136,-2.1246567e-05
2670,1,0.0005862465,0.00034408827,9.190553e-05,0.007957395,0.0002990635,-3.389686e-05
2671,1,-5.484673e-05,-0.00070269057,0.0002405746,0.011607917,0.00014896305,-4.5943194e-05
2672,1,-0.0007988092,0.00065060466,0.00037970985,0.00803562,2.0306392e-05,-5.4319553e-05
2673,1,-0.0013009309,-0.00021771419,0.00051758037,0.007711325,-0.00011073637,-4.6588844e-05
2674,1,-0.0017927638,0.0008097777,0.00065626943,0.002377254,-0.0002686151,-2.2346667e-05
2675,1,0.0019280427,0.00074102386,-0.00021034194,0.0019571714,0.00031104052,-3.3325587e-06
2676,1,0.0013592064,-0.0016066353,-4.4061188e-05,0.008622069,0.00021765349,-1.2494371e-05
2677,1,0.0005804732,0.00034156945,0.000107435815,0.0079330485,0.00014124463,-2.087094e-05
2678,1,-6.0243063e-05,-0.00070118916,0.00025352268,0.011559409,7.355408e-05,-2.613757e-05
2679,1,-0.0008055699,0.000645281,0.0003955573,0.008005941,2.4484468e-06,-2.9234528e-05
2680,1,-0.001302908,-0.00021653651,0.00053329876,0.007681593,-6.457444e-05,-2.4185654e-05
2681,1,-0.0018122537,0.00079772127,0.0006826691,0.0023596298,-0.000115997165,-9.0245285e-06
2682,1,0.0019044896,0.00074027164,-0.00020202792,0.0019672937,-4.9317965e-08,2.8268553e-07
2683,1,0.0013682257,-0.0016045279,-4.51287e-05,0.008619444,-1.02554175e-07,-2.332297e-07
2684,1,0.0005793856,0.00033931615,0.00011140981,0.007916981,1.7998606e-09,2.5276324e-07
2685,1,-6.26683e-05,-0.0007007868,0.00025809067,0.011550072,-5.836215e-08,-1.691625e-07
2686,1,-0.00080643856,0.0006452564,0.0003992126,0.007994534,4.3331575e-08,2.1603469e-07
2687,1,-0.0013088341,-0.00021968286,0.0005432147,0.0076736985,1.8693198e-08,-1.4307946e-07
2688,1,-0.0018006357,0.00079577736,0.0006870303,0.0023659063,8.561334e-08,1.7750142e-07
2689,1,0.0019280657,0.00074092014,-0.00021037957,0.0019572517,-0.00031127207,3.5495382e-06
2690,1,0.0013591952,-0.0016065413,-4.4045475e-05,0.008621979,-0.00021778366,1.2307818e-05
2691,1,0.0005804825,0.00034150554,0.00010742166,0.007933178,-0.00014129543,2.1144928e-05
2692,1,-6.0253264e-05,-0.0007011459,0.00025353787,0.011559357,-7.361958e-05,2.5990534e-05
2693,1,-0.00080557336,0.0006452616,0.00039555217,0.008006038,-2.3984642e-06,2.950543e-05
2694,1,-0.0013029197,-0.00021652611,0.00053330965,0.0076815723,6.463442e-05,2.4038896e-05
2695,1,-0.0018122677,0.0007977353,0.0006826736,0.002359658,0.000116175856,9.210035e-06
2696,1,0.001914961,0.0007498447,-0.00023121282,0.0019841455,-0.0005793223,1.1271375e-05
2697,1,0.0013757509,-0.0016027245,-6.546335e-05,0.0086636655,-0.00044542036,2.1296652e-05
2698,1,0.0005862529,0.00034399127,9.191097e-05,0.0079576345,-0.0002991462,3.393466e-05
2699,1,-5.4857413e-05,-0.0007026158,0.00024057772,0.011607803,-0.00014897567,4.6017318e-05
2700,1,-0.0007988198,0.0006505603,0.000379718,0.008035835,-2.0286652e-05,5.4380973e-05
2701,1,-0.0013009523,-0.00021767146,0.00051758904,0.0077112624,0.00011082744,4.6642577e-05
2702,1,-0.0017927882,0.0008097711,0.000656275,0.0023773091,0.0002687779,2.2379285e-05
2703,1,0.0019344684,0.00076511834,-0.00025212442,0.001977276,-0.00094331085,5.851097e-06
2704,1,0.0013712005,-0.0015979265,-0.00010015452,0.0087199025,-0.00065674586,1.1587935e-05
2705,1,0.00059528387,0.00035093835,6.6424735e-05,0.008044766,-0.00043460616,3.0269968e-05
2706,1,-4.434911e-05,-0.0007039697,0.00021634508,0.011696009,-0.00025046626,5.6412042e-05
2707,1,-0.0007906977,0.000656281,0.0003556721,0.008110544,-5.254289e-05,6.863093e-05
2708,1,-0.0012878607,-0.00021220978,0.00048588257,0.0077742334,0.00014695132,6.259051e-05
2709,1,-0.0017948318,0.0008262374,0.00060890865,0.002388475,0.00030669867,2.4319574e-05
2710,1,0.0019569958,0.00079928467,-0.00039597854,0.002064669,-0.001165316,-3.3603515e-05
2711,1,0.0014032883,-0.001591159,-0.00015467264,0.008870748,-0.0008718721,-3.178321e-05
2712,1,0.0006074786,0.0003614445,2.0186037e-05,0.008182671,-0.000608927,1.3541773e-05
2713,1,-3.4648863e-05,-0.00070582493,0.00018191806,0.011891017,-0.00035669468,4.189351e-05
2714,1,-0.00078463287,0.00067515124,0.00032333005,0.008249835,-0.00013805125,7.2098424e-05
2715,1,-0.0012859186,-0.00021406746,0.00044716743,0.007895511,9.2723436e-05,6.27116e-05
2716,1,-0.0017801623,0.000856089,0.0005817142,0.0024375522,0.00043554814,3.2302454e-05
2717,1,0.001982195,0.00082168233,-0.00041224033,0.0021107278,-0.001049486,1.2453908e-05
2718,1,0.0014194074,-0.0015347062,-0.00028624912,0.00912388,-0.0007513335,-3.7678717e-05
2719,1,0.0006338295,0.00038028214,-5.590038e-05,0.008557669,-0.0005720819,-3.5534904e-05
2720,1,-2.4511826e-05,-0.00068166386,0.0001257114,0.012205576,-0.00041432888,1.7951363e-05
2721,1,-0.0007882506,0.0006847275,0.00028322978,0.008569112,-0.0002242455,3.3947497e-05
2722,1,-0.0012975706,-0.00018957724,0.00042569079,0.008108918,4.6069174e-05,5.3808908e-05
2723,1,-0.0018001471,0.000879271,0.0004915963,0.0025100745,0.00030689468,2.1302852e-05
2724,1,0.0019068696,0.0007930074,-0.00059435866,0.0024326413,-0.0006084138,-7.630782e-05
2725,1,0.0013186317,-0.001421917,-0.00024836956,0.009467692,-0.0002569268,9.159221e-06
2726,1,0.00054543134,0.0004119474,-0.00012876063,0.00924696,-0.0002099831,-3.0131455e-06
2727,1,-9.686778e-05,-0.0005906641,9.2686896e-05,0.012695402,-0.0002149991,-4.632227e-05
2728,1,-0.0008533824,0.00068195135,0.00027048585,0.009204079,-8.3650186e-05,4.8742004e-05
2729,1,-0.0013659676,-9.8910765e-05,0.0003835152,0.00856952,-8.3186256e-05,-8.551567e-06
2730,1,-0.0018599037,0.00085354835,0.0005803388,0.0027768635,0.0002856118,6.5138092e-06
2731,1,0.0017389241,-0.002382707,-0.00024582224,0.0040486525,0.00043363005,-7.665351e-05
2732,1,0.0008494375,0.00067907845,-0.00022715332,0.0067354655,0.00043504403,9.014525e-05
2733,1,0.00050701,-0.0011166742,8.03718e-05,0.01283313,0.0004986977,5.912497e-05
2734,1,6.684495e-05,-8.1142745e-05,0.00022089275,0.009998047,0.00031037198,-8.352296e-05
2735,1,-0.0006426563,-0.0005314627,0.00030816896,0.010624297,0.00021173037,-8.839568e-06
2736,1,-0.0010967803,0.00052743807,0.00039096535,0.0069794124,2.7856471e-05,-7.156078e-05
2737,1,-0.0012484887,0.00013758017,0.0003094449,0.0031168305,-8.812486e-05,-2.473579e-05
2738,1,0.0018595725,-0.0025928167,-0.00033458704,0.0039644246,0.0014629789,9.961752e-05
2739,1,0.0009252345,0.0006227332,7.794043e-06,0.005983848,0.0011764173,8.648446e-05
2740,1,0.00053435145,-0.0011980087,0.00015035494,0.012276762,0.00090029096,-3.6339952e-05
2741,1,9.0482754e-05,-8.819994e-05,0.00026490114,0.009312661,0.0005971595,-0.00010121131
2742,1,-0.00061309733,-0.000592517,0.0003347315,0.010115178,0.0003186186,-0.00014168494
2743,1,-0.0010586684,0.00054513797,0.00037421298,0.0064555304,8.187269e-05,-0.00010614654
2744,1,-0.0012083149,6.596541e-05,0.00043710586,0.0028866287,-0.00035010214,-5.0390474e-05
2745,1,0.0017693084,-0.002675734,2.6541069e-05,0.0037686196,0.0015854953,-6.5062304e-06
2746,1,0.00083154836,0.00063064613,0.00010358282,0.0056535,0.0010798331,-4.1930543e-05
2747,1,0.00047966032,-0.001194597,0.00022153738,0.012002899,0.0007288183,-0.00010627758
2748,1,7.192015e-05,-8.342446e-05,0.0002942837,0.009021539,0.00046742862,-0.0001564482
2749,1,-0.0006166291,-0.00060969876,0.00035910215,0.009853658,0.00021340641,-0.00015882666
2750,1,-0.0010494445,0.00053574395,0.000415368,0.006256721,-5.433561e-05,-0.00013708184
2751,1,-0.0012084203,3.942912e-05,0.0004447902,0.002826373,-0.00026945714,-5.2843916e-05
2752,1,0.0017284397,-0.0026782693,3.7709888e-05,0.003771835,0.0009259908,-4.3802873e-05
2753,1,0.0008385549,0.0006334959,0.00013547865,0.0055932873,0.0007416604,-8.826539e-05
2754,1,0.000477979,-0.0011850548,0.0002234225,0.011853857,0.00052938884,-0.00011358556
2755,1,6.65427e-05,-8.8414876e-05,0.0003075444,0.008890332,0.00031042524,-0.00014393388
2756,1,-0.0006190914,-0.0006039873,0.00037581712,0.00971639,0.00011580719,-0.00014949526
2757,1,-0.0010545341,0.00051168277,0.00044431988,0.006171818,-6.9067304e-05,-0.00012048032
2758,1,-0.001210355,3.016289e-05,0.00052441517,0.0027881823,-0.0003072898,-5.0195787e-05
2759,1,0.0017741212,-0.0026707174,2.1436423e-05,0.0037274614,0.0006984753,-1.1777848e-05
2760,1,0.0008255591,0.0006247525,0.00014023678,0.0055298605,0.0004936481,-6.2388346e-05
2761,1,0.00046728167,-0.0011746159,0.0002309611,0.011785439,0.0003317183,-9.456639e-05
2762,1,6.0719165e-05,-8.876517e-05,0.0003128418,0.008825743,0.00019413423,-0.00010696213
2763,1,-0.0006281609,-0.0006040595,0.0003927771,0.009647619,5.435724e-05,-0.00010947388
2764,1,-0.0010584117,0.0005033607,0.0004712308,0.0061318907,-7.934772e-05,-8.74901e-05
2765,1,-0.0012325282,1.6526243e-05,0.00056227023,0.002770817,-0.0001805804,-3.358032e-05
2766,1,0.0017230569,-0.0026609679,3.389252e-05,0.0037202872,0.00029315933,-1.764748e-05
2767,1,0.00083173154,0.0006328512,0.00012882004,0.0055174124,0.00022916851,-3.5274734e-05
2768,1,0.0004673046,-0.0011730155,0.00022802249,0.011745684,0.00015971888,-4.6905385e-05
2769,1,5.5940396e-05,-8.760452e-05,0.00031614007,0.008798841,8.798127e-05,-5.7409907e-05
2770,1,-0.0006310725,-0.00060128997,0.00039982004,0.0096154455,2.2182929e-05,-5.64615e-05
2771,1,-0.0010669731,0.00049385155,0.0004908701,0.006114727,-4.0944753e-05,-4.5801848e-05
2772,1,-0.0012287077,1.153947e-05,0.00059303065,0.0027662783,-0.00011476711,-1.8629997e-05
2773,1,0.0017746149,-0.002659064,2.851313e-06,0.0037142853,-1.32547e-07,-2.0481164e-07
2774,1,0.0008258524,0.00062843406,0.00013132342,0.0055025904,-5.644289e-08,2.0372315e-07
2775,1,0.00046473194,-0.0011677392,0.00022647795,0.011736291,-7.3418406e-08,-1.4457976e-07
2776,1,5.5933044e-05,-8.825236e-05,0.00031647898,0.008789073,1.4973926e-08,1.9586288e-07
2777,1,-0.0006341343,-0.00060171506,0.0004041144,0.009606728,-5.2932943e-11,-1.2375446e-07
2778,1,-0.0010650397,0.0004943321,0.0004938406,0.0061092833,6.659887e-08,1.5808241e-07
2779,1,-0.0012428543,7.162087e-06,0.00060366915,0.0027609512,9.831299e-08,-1.3337029e-07
2780,1,0.0017230441,-0.0026608326,3.3904686e-05,0.0037202295,-0.0002933331,1.7505887e-05
2781,1,0.0008317475,0.00063275243,0.00012880441,0.0055175354,-0.00022932,3.5465004e-05
2782,1,0.0004672954,-0.0011729405,0.00022802985,0.01174558,-0.00015983182,4.679158e-05
2783,1,5.5937086e-05,-8.7628876e-05,0.00031613556,0.008798965,-8.797364e-05,5.7649988e-05
2784,1,-0.00063108007,-0.00060126407,0.0003998301,0.009615432,-2.2160999e-05,5.6343913e-05
2785,1,-0.0010669815,0.0004938514,0.00049087155,0.006114794,4.106944e-05,4.6006968e-05
2786,1,-0.0012287174,1.1525519e-05,0.00059303624,0.0027662718,0.0001149479,1.8500617e-05
2787,1,0.0017741083,-0.0026704557,2.1377296e-05,0.0037273755,-0.00069867476,1.178823e-05
2788,1,0.0008255853,0.00062458403,0.00014023468,0.0055300556,-0.0004938051,6.240091e-05
2789,1,0.0004672711,-0.0011744885,0.00023095742,0.011785261,-0.00033179,9.4624564e-05
2790,1,6.070892e-05,-8.880676e-05,0.0003128481,0.008825994,-0.00019415522,0.000107029045
2791,1,-0.00062817306,-0.0006040035,0.00039278567,0.0096475715,-5.4308122e-05,0.00010952886
2792,1,-0.0010584278,0.0005033453,0.00047123915,0.006132041,7.9457175e-05,8.753367e-05
2793,1,-0.001232548,1.6524504e-05,0.000562283,0.002770804,0.00018078242,3.358335e-05
2794,1,0.0017284199,-0.002677926,3.7713642e-05,0.0037717777,-0.00092618936,4.3813063e-05
2795,1,0.0008385935,0.0006332542,0.00013544846,0.0055935504,-0.000741765,8.825728e-05
2796,1,0.00047796135,-0.0011848635,0.0002234219,0.011853607,-0.00052948506,0.00011366515
2797,1,6.653115e-05,-8.8478664e-05,0.00030755275,0.0088907005,-0.0003104239,0.00014399712
2798,1,-0.0006191096,-0.0006038945,0.00037582353,0.009716319,-0.000115766,0.0001495635
2799,1,-0.001054553,0.00051165116,0.0004443323,0.0061720354,6.918495e-05,0.00012052342
2800,1,-0.0012103845,3.017014e-05,0.00052442006,0.0027881686,0.00030747263,5.0241706e-05
2801,1,0.0017693003,-0.0026751321,2.6386126e-05,0.0037683898,-0.0015855414,6.5569347e-06
2802,1,0.0008316104,0.00063026615,0.000103562605,0.005653913,-0.0010799804,4.194067e-05
2803,1,0.0004796394,-0.0011942999,0.00022152443,0.0120024895,-0.00072889734,0.00010635816
2804,1,7.190599e-05,-8.351091e-05,0.0002942785,0.00902206,-0.00046743933,0.00015652705
2805,1,-0.000616646,-0.0006095717,0.00035911018,0.009853526,-0.00021336792,0.00015889456
2806,1,-0.0010494685,0.00053571793,0.00041537074,0.006257029,5.444311e-05,0.00013712766
2807,1,-0.0012084509,3.9420705e-05,0.0004448097,0.0028263377,0.00026964585,5.284504e-05
2808,1,0.0018595202,-0.002592207,-0.00033453412,0.003964288,-0.0014629269,-9.967243e-05
2809,1,0.0009253206,0.00062231394,7.701572e-06,0.0059842058,-0.001176433,-8.645677e-05
2810,1,0.0005343197,-0.0011976237,0.00015032169,0.0122762825,-0.00090036565,3.6407604e-05
2811,1,9.0474234e-05,-8.8286186e-05,0.00026488653,0.00931325,-0.00059715955,0.00010129542
2812,1,-0.00061311637,-0.00059235265,0.000334714,0.010115045,-0.00031858377,0.0001417361
2813,1,-0.0010586906,0.0005451251,0.00037421955,0.0064558955,-8.178414e-05,0.000106178966
2814,1,-0.0012083438,6.593516e-05,0.00043709105,0.0028865961,0.00035024458,5.042405e-05
2815,1,0.0017388503,-0.0023816386,-0.0002459361,0.0040482604,-0.00043371087,7.680384e-05
2816,1,0.00084953755,0.0006783954,-0.00022714262,0.006736106,-0.00043499804,-9.017743e-05
2817,1,0.0005069752,-0.0011161134,8.029576e-05,0.012832307,-0.00049872143,-5.9102098e-05
2818,1,6.681225e-05,-8.1237435e-05,0.00022085122,0.0099988645,-0.00031036395,8.357112e-05
2819,1,-0.00064266205,-0.00053126476,0.0003081509,0.010624107,-0.00021170966,8.841018e-06
2820,1,-0.001096808,0.0005274392,0.00039094815,0.0069798967,-2.7829432e-05,7.157604e-05
2821,1,-0.0012485089,0.00013749402,0.0003094853,0.0031167974,8.821278e-05,2.4717343e-05
2822,1,0.00080616795,0.0021997874,-0.0003557675,0.002366231,0.001321782,0.0002944886
2823,1,0.000576358,-0.0021305885,0.00044074535,0.01326752,0.001163565,6.955599e-05
2824,1,0.0010074902,-0.0014998878,0.00045122838,0.009985066,0.0006373398,-0.00019692353
2825,1,4.10836e-05,-0.0014675055,0.0004355152,0.010593461,0.00038763965,-7.279373e-05
2826,1,-0.0003150488,-0.00032146537,0.00041668315,0.008691407,0.00019361828,-0.00014452999
2827,1,-0.00079463085,-0.00038643196,0.0003416329,0.006527491,0.00010159353,-6.6625806e-05
2828,1,-0.00076642295,0.00026426435,0.0003184506,0.0026507003,-0.00013466786,-2.8985452e-05
2829,1,0.0007657049,0.0021248232,0.0005217807,0.0016395309,0.0025384028,1.6670443e-05
2830,1,0.0004918628,-0.002181421,0.00047699356,0.012625488,0.00162523,-9.320155e-05
2831,1,0.0009164254,-0.0014991587,0.00051035674,0.00927107,0.0010650385,-0.00028623542
2832,1,-1.6055215e-05,-0.0014809392,0.00044104285,0.010059106,0.0006318466,-0.00030365595
2833,1,-0.000338599,-0.00029037957,0.00041026442,0.008166188,0.00034652965,-0.00023974464
2834,1,-0.0007829932,-0.00042604163,0.00037376425,0.006097757,6.096767e-05,-0.00020622453
2835,1,-0.00074682076,0.00027192803,0.00027596147,0.0024457306,-0.00021670928,-7.656637e-05
2836,1,0.0005538165,0.0021826662,0.0005350851,0.001633321,0.0013444377,-0.00012874794
2837,1,0.00040265755,-0.0021241205,0.0004989605,0.012574231,0.0010588391,-0.0002493723
2838,1,0.0008920843,-0.0014755527,0.0004589239,0.009109363,0.0007201159,-0.00027820587
2839,1,-3.034392e-05,-0.0014987489,0.00043819635,0.009847393,0.00044725052,-0.0003127599
2840,1,-0.0003364104,-0.0002878639,0.00040495594,0.007948745,0.00021065527,-0.00028591318
2841,1,-0.0007778806,-0.0004492836,0.00038558198,0.0059400517,-8.965979e-06,-0.00021121118
2842,1,-0.000748117,0.00024716122,0.00038398718,0.0023940175,-0.00029010416,-8.8924724e-05
2843,1,0.0006969853,0.0022217843,0.00035771762,0.0016046428,0.0009876081,-3.4032855e-05
2844,1,0.0004289713,-0.0021164813,0.00041004198,0.012494051,0.0007321604,-0.00015482522
2845,1,0.00089159847,-0.0014609309,0.0004160501,0.009023278,0.0005171737,-0.00023908421
2846,1,-2.8300672e-05,-0.0014900588,0.00040979957,0.00973413,0.00030866626,-0.0002510614
2847,1,-0.00033786154,-0.00030707108,0.0004113705,0.0078493245,0.0001224161,-0.0002396896
2848,1,-0.0007799998,-0.00045074828,0.00041475974,0.0058649364,-6.219005e-05,-0.00018625594
2849,1,-0.0007655265,0.00021200776,0.00042922943,0.0023670308,-0.00020235557,-7.292395e-05
2850,1,0.00062051596,0.0022424236,0.00032400966,0.0015652947,0.00060136995,-5.7013574e-05
2851,1,0.00042528746,-0.002073175,0.00034710928,0.0124328025,0.0004402739,-0.00011169282
2852,1,0.0008917908,-0.0014545746,0.00037739408,0.00898323,0.00030580396,-0.00014852837
2853,1,-3.191302e-05,-0.0014822223,0.00039488258,0.009673482,0.00017937379,-0.0001768593
2854,1,-0.0003400417,-0.00031005076,0.0004110845,0.0078050904,5.9722628e-05,-0.00016622261
2855,1,-0.000789265,-0.0004607965,0.00043973388,0.005825423,-5.491472e-05,-0.00013079493
2856,1,-0.0007685334,0.00019545232,0.00049045595,0.0023592429,-0.00019046543,-5.2565418e-05
2857,1,0.00069955987,0.0022587124,0.00022905937,0.0015819522,0.00028019206,-1.3149737e-05
2858,1,0.00043404193,-0.0020656744,0.00030889938,0.01240173,0.00021267314,-5.182526e-05
2859,1,0.00089264225,-0.0014387278,0.0003482248,0.008951682,0.00014750812,-7.7321914e-05
2860,1,-3.0902807e-05,-0.0014777506,0.00038206208,0.009647374,8.404757e-05,-8.595106e-05
2861,1,-0.00034383748,-0.0003128825,0.00041379724,0.0077789878,2.3246334e-05,-8.5577616e-05
2862,1,-0.0007910348,-0.00046089521,0.00045297775,0.0058126543,-3.702506e-05,-6.575108e-05
2863,1,-0.00078449916,0.00017962037,0.0005179846,0.002352318,-8.0663136e-05,-2.61465e-05
2864,1,0.0006421756,0.0022613613,0.00024869374,0.0015523171,-9.895698e-08,1.7485073e-07
2865,1,0.0004342728,-0.002051831,0.00029273683,0.012388007,-1.1862302e-07,-9.295011e-08
2866,1,0.0008929699,-0.0014403653,0.00034244734,0.008949627,-8.880788e-09,1.7436375e-07
2867,1,-3.2403696e-05,-0.0014733509,0.00037752953,0.0096345,-8.685261e-09,-1.0350706e-07
2868,1,-0.0003435912,-0.00031253544,0.00041295472,0.007775704,4.529957e-08,1.3064678e-07
2869,1,-0.0007955721,-0.00046464356,0.00046026576,0.005805036,6.08186e-08,-1.02666675e-07
2870,1,-0.00077758986,0.00017891004,0.0005298973,0.0023538407,1.0882237e-07,1.1657398e-07
2871,1,0.00069958257,0.0022585609,0.00022903655,0.0015819739,-0.00028050394,1.3262951e-05
2872,1,0.00043403354,-0.002065522,0.000308896,0.012401518,-0.00021285146,5.1780946e-05
2873,1,0.0008926274,-0.0014387348,0.00034821747,0.008951854,-0.00014753798,7.7550154e-05
2874,1,-3.0902273e-05,-0.0014777109,0.00038206895,0.009647376,-8.405457e-05,8.5834174e-05
2875,1,-0.00034384776,-0.00031288998,0.0004138002,0.0077790725,-2.3162947e-05,8.57597e-05
2876,1,-0.0007910394,-0.0004608892,0.0004529847,0.0058126873,3.7148893e-05,6.5623426e-05
2877,1,-0.00078451034,0.00017963938,0.00051799277,0.002352342,8.0905615e-05,2.62768e-05
2878,1,0.0006205759,0.0022421135,0.00032401033,0.0015653517,-0.00060160726,5.7040797e-05
2879,1,0.0004252648,-0.002072876,0.0003470877,0.012432444,-0.000440443,0.00011176769
2880,1,0.00089176407,-0.0014545942,0.00037739406,0.008983568,-0.000305854,0.00014857823
2881,1,-3.1911535e-05,-0.0014821487,0.00039489413,0.0096734725,-0.0001793543,0.00017690571
2882,1,-0.00034006173,-0.00031006758,0.00041109318,0.007805289,-5.965612e-05,0.0001662571
2883,1,-0.0007892734,-0.00046077865,0.00043974648,0.0058254623,5.505102e-05,0.00013082202
2884,1,-0.0007685546,0.00019547933,0.0004904639,0.0023592964,0.00019067981,5.258808e-05
2885,1,0.000697051,0.0022214411,0.00035762083,0.0016045849,-0.0009878438,3.4010245e-05
2886,1,0.00042894506,-0.0021160857,0.00041003508,0.012493607,-0.0007323407,0.00015488715
2887,1,0.0008915606,-0.0014609589,0.00041606268,0.009023766,-0.0005171901,0.00023915533
2888,1,-2.8299874e-05,-0.0014899465,0.00040980888,0.009734141,-0.000308669,0.00025111123
2889,1,-0.00033788613,-0.00030710618,0.0004113903,0.007849603,-0.00012234702,0.00023974583
2890,1,-0.00078001356,-0.00045070506,0.0004147676,0.0058650062,6.231893e-05,0.00018629542
2891,1,-0.0007655525,0.00021203309,0.00042924957,0.0023670972,0.00020258542,7.291564e-05
2892,1,0.00055397174,0.0021819642,0.00053503824,0.0016334784,-0.0013447924,0.00012869643
2893,1,0.00040260356,-0.0021234744,0.0004989276,0.012573465,-0.001059003,0.00024951025
2894,1,0.00089202967,-0.0014756167,0.00045893004,0.00911012,-0.00072018604,0.0002782982
2895,1,-3.0332763e-05,-0.0014985881,0.0004382161,0.009847332,-0.00044726848,0.00031285803
2896,1,-0.00033644875,-0.00028788482,0.00040495585,0.007949141,-0.00021059229,0.00028598978
2897,1,-0.0007778886,-0.00044924085,0.00038559551,0.005940121,9.084772e-06,0.0002112502
2898,1,-0.0007481534,0.00024722767,0.00038398578,0.002394119,0.00029030035,8.895545e-05
2899,1,0.0007658918,0.002124281,0.00052139955,0.0016393141,-0.0025382761,-1.6561753e-05
2900,1,0.0004918103,-0.0021806252,0.00047694167,0.012624598,-0.0016254928,9.3298986e-05
2901,1,0.00091637304,-0.0014991862,0.0005103302,0.00927188,-0.0010651081,0.0002864213
2902,1,-1.6046506e-05,-0.0014806858,0.0004410141,0.010059046,-0.00063186703,0.00030376902
2903,1,-0.00033863605,-0.00029039194,0.00041025894,0.008166673,-0.00034649178,0.00023980039
2904,1,-0.0007830002,-0.0004259878,0.0003737588,0.0060978457,-6.0878134e-05,0.0002062625
2905,1,-0.0007468613,0.00027202425,0.00027598502,0.0024458554,0.00021688051,7.65559e-05
2906,1,0.00080635014,0.0021985045,-0.00035571764,0.002366345,-0.0013214604,-0.0002947345
2907,1,0.0005763178,-0.0021293329,0.00044044686,0.013265734,-0.0011636323,-6.9482856e-05
2908,1,0.0010073514,-0.0014998316,0.0004511534,0.009986176,-0.0006373993,0.00019706153
2909,1,4.112635e-05,-0.0014671804,0.0004354458,0.010593383,-0.0003876265,7.2801035e-05
2910,1,-0.0003151166,-0.00032145556,0.00041665847,0.00869197,-0.00019361732,0.0001445725
2911,1,-0.00079462177,-0.00038638376,0.00034163133,0.00652768,-0.00010155063,6.662137e-05
2912,1,-0.0007664673,0.0002644207,0.0003184151,0.0026508442,0.00013473521,2.900216e-05
2913,1,0.00049808953,-0.0066574835,0.0021140866,0.012738011,0.0025953695,-0.00042515196
2914,1,0.0016420392,-0.0044249985,0.0012885934,0.009157283,0.0008634441,-0.0005300556
2915,1,0.00089630234,-0.003323214,0.00086833804,0.008173195,0.00045466365,-0.0002731631
2916,1,0.00038025388,-0.0016720977,0.0006568834,0.008393748,0.0002560468,-0.00023665119
2917,1,-0.00015649543,-0.0013045782,0.0004846521,0.0066451565,0.00013935576,-0.00015467936
2918,1,-0.0005505415,-6.809887e-05,0.0003601568,0.0055158045,2.4272154e-05,-0.00012528774
2919,1,-0.00030763962,-0.00023177122,0.0001284341,0.0017983603,-0.00011981073,-5.7049037e-05
2920,1,8.834536e-05,-0.0067546265,0.0015593639,0.012714096,0.0019675111,-0.0003528686
2921,1,0.0013022288,-0.004407284,0.0011774929,0.008476497,0.001352397,-0.0007585659
2922,1,0.0006799731,-0.0032814096,0.0007973281,0.007748009,0.00068664015,-0.00062108174
2923,1,0.00024489622,-0.0016018695,0.00061059115,0.007940956,0.0004201455,-0.0004466537
2924,1,-0.00022175498,-0.0012988263,0.00047114925,0.0062897885,0.000204118,-0.0003807026
2925,1,-0.0005665443,-3.807754e-05,0.00034235307,0.0051948805,3.5501653e-05,-0.0002585046
2926,1,-0.00030652655,-0.00027586264,0.0002331612,0.0016343378,-0.00024111012,-0.000108328204
2927,1,0.0002558775,-0.0065389853,0.0009438088,0.012947499,0.0007848912,-0.00011648855
2928,1,0.001365456,-0.0044102403,0.00085679983,0.008604864,0.00066480966,-0.00035176176
2929,1,0.00069968664,-0.00333244,0.0006929781,0.0076092733,0.0005019352,-0.00051429827
2930,1,0.00025253498,-0.0016051462,0.0005353054,0.007776769,0.00028173032,-0.00046033098
2931,1,-0.00021392804,-0.0013185483,0.00044388196,0.0061098193,0.00012663273,-0.00036992875
2932,1,-0.0005614997,-4.7274712e-05,0.000362403,0.005072803,-5.2929503e-05,-0.00028648166
2933,1,-0.00031778074,-0.0003122925,0.0002795571,0.0015979203,-0.00020096185,-0.000108540546
2934,1,0.00024994,-0.006479811,0.0007051589,0.012786495,0.0008434209,-9.686671e-05
2935,1,0.0013697523,-0.004309854,0.000642574,0.0084719,0.0005364009,-0.00024412575
2936,1,0.0007035384,-0.0033166273,0.00057545264,0.0075584003,0.00034511724,-0.00031098348
2937,1,0.00025542433,-0.0016263633,0.00049967377,0.0076746223,0.00020681147,-0.0003510279
2938,1,-0.00021358284,-0.0013207494,0.00042756565,0.0060176468,6.1966464e-05,-0.00031578334
2939,1,-0.0005660674,-7.4186115e-05,0.00038533218,0.005007715,-6.06995e-05,-0.00022932478
2940,1,-0.00033025086,-0.0003279851,0.00037021466,0.0015700427,-0.0002362028,-9.419359e-05
2941,1,0.0003028196,-0.006373686,0.00050950114,0.012834403,0.0003456372,-3.5177884e-05
2942,1,0.0013887516,-0.00429184,0.0005215446,0.008462501,0.00030074964,-0.00012944335
2943,1,0.0007148377,-0.003277187,0.00048734044,0.0074869078,0.00021178105,-0.0002082141
2944,1,0.00025969476,-0.001623435,0.00045423393,0.0076366514,0.00011352008,-0.00021877856
2945,1,-0.0002142196,-0.0013269335,0.00042431953,0.005961108,2.7141708e-05,-0.00021096603
2946,1,-0.00056919607,-8.2553095e-05,0.00040363174,0.004978504,-6.9712136e-05,-0.00016357157
2947,1,-0.0003446568,-0.00035227195,0.00041387984,0.0015592345,-0.00014149399,-6.260988e-05
2948,1,0.00030512435,-0.0063562854,0.00043470334,0.012739182,0.0002488822,-2.5032385e-05
2949,1,0.0013950131,-0.004238135,0.00044005265,0.008420179,0.00015409205,-6.45317e-05
2950,1,0.00071790395,-0.0032740142,0.00044702692,0.007475176,0.0001010947,-9.1706424e-05
2951,1,0.00026162312,-0.0016124004,0.00042854066,0.007597447,5.4696462e-05,-0.00011179762
2952,1,-0.00021497463,-0.0013244713,0.00041599272,0.0059431302,7.0854444e-06,-0.000104692466
2953,1,-0.0005746527,-9.4603936e-05,0.00041948492,0.004957076,-3.5807185e-05,-8.0582075e-05
2954,1,-0.00034766208,-0.00035462258,0.00045168816,0.0015553435,-9.4006e-05,-3.236548e-05
2955,1,0.00032089895,-0.0063214437,0.00039452588,0.012790503,-1.7855407e-07,-5.5747147e-08
2956,1,0.0013980307,-0.0042505376,0.00042791993,0.008422954,-1.2000496e-08,1.7535154e-07
2957,1,0.00072089134,-0.0032520413,0.00042306873,0.0074535417,-1.2603481e-08,-7.040203e-08
2958,1,0.0002618859,-0.0016169249,0.00042256704,0.0075999517,3.443106e-08,5.9313034e-08
2959,1,-0.00021561321,-0.0013234651,0.00041543518,0.005928101,3.3429473e-08,-7.505788e-08
2960,1,-0.0005741633,-9.206785e-05,0.00042090457,0.0049573015,8.240775e-08,6.245047e-08
2961,1,-0.00035435564,-0.00036612604,0.0004596419,0.0015518214,1.2777014e-07,-8.843221e-08
2962,1,0.00030510593,-0.0063558803,0.0004347096,0.012738973,-0.00024904034,2.5124707e-05
2963,1,0.0013949773,-0.0042380807,0.00044001781,0.008420464,-0.00015415833,6.477152e-05
2964,1,0.0007179137,-0.003273972,0.00044702666,0.007475248,-0.00010108338,9.151457e-05
2965,1,0.0002616114,-0.0016124177,0.00042854995,0.0075975466,-5.4662e-05,0.0001119786
2966,1,-0.00021497445,-0.001324455,0.0004159941,0.00594321,-6.989687e-06,0.00010450092
2967,1,-0.0005746596,-9.461314e-05,0.00041949537,0.004957111,3.595739e-05,8.072045e-05
2968,1,-0.00034766534,-0.00035463087,0.00045169189,0.0015553714,9.4238e-05,3.2247208e-05
2969,1,0.00030276173,-0.0063728257,0.0005094449,0.012834,-0.00034596265,3.5203295e-05
2970,1,0.0013886841,-0.0042918543,0.00052154606,0.008463141,-0.00030075872,0.00012943208
2971,1,0.00071485725,-0.0032770943,0.00048735234,0.0074870232,-0.00021179633,0.00020827302
2972,1,0.00025967075,-0.0016234556,0.00045422962,0.0076368726,-0.00011345965,0.00021870436
2973,1,-0.00021421764,-0.0013269281,0.00042435047,0.0059612575,-2.7064265e-05,0.0002109889
2974,1,-0.0005692096,-8.255497e-05,0.00040363567,0.004978579,6.986744e-05,0.00016355634
2975,1,-0.00034466267,-0.00035230804,0.00041390344,0.0015592934,0.0001417459,6.260242e-05
2976,1,0.0002498958,-0.0064788293,0.0007051802,0.012786269,-0.00084363524,9.700376e-05
2977,1,0.0013696604,-0.0043097804,0.00064255955,0.008472742,-0.00053646066,0.0002442382
2978,1,0.0007035668,-0.0033165186,0.00057544635,0.0075586406,-0.00034508965,0.00031085554
2979,1,0.00025539365,-0.0016264493,0.0004997387,0.007674967,-0.00020679546,0.00035107412
2980,1,-0.00021358197,-0.001320696,0.00042756632,0.006017843,-6.18745e-05,0.0003158016
2981,1,-0.00056608306,-7.422135e-05,0.000385358,0.005007851,6.084137e-05,0.00022933376
2982,1,-0.00033026026,-0.00032799545,0.00037021932,0.0015701216,0.00023642438,9.422235e-05
2983,1,0.0002557598,-0.006537117,0.0009436258,0.012946618,-0.000785238,0.00011667011
2984,1,0.0013653141,-0.00441034,0.00085681677,0.008606371,-0.0006647934,0.0003516343
2985,1,0.00069973717,-0.0033323483,0.0006930922,0.0076095355,-0.000501997,0.0005143928
2986,1,0.0002524814,-0.0016051815,0.0005353067,0.0077771917,-0.00028171015,0.00046045348
2987,1,-0.00021391646,-0.0013185082,0.00044391223,0.00611013,-0.00012656226,0.0003699434
2988,1,-0.0005615232,-4.7279667e-05,0.0003624088,0.005072938,5.3055363e-05,0.0002865416
2989,1,-0.0003177861,-0.0003123504,0.0002795806,0.0015980467,0.00020119015,0.00010853517
2990,1,8.83615e-05,-0.006752789,0.0015592662,0.012713777,-0.0019679582,0.00035278226
2991,1,0.0013020397,-0.0044073146,0.001177574,0.008478128,-0.0013526216,0.0007589674
2992,1,0.0006800424,-0.003281119,0.00079732644,0.007748252,-0.000686785,0.0006213843
2993,1,0.00024482823,-0.0016018988,0.0006105845,0.007941546,-0.00042012747,0.0004467103
2994,1,-0.00022173459,-0.0012987398,0.0004711545,0.006290124,-0.00020410081,0.00038080168
2995,1,-0.0005665723,-3.8073937e-05,0.00034235636,0.005195091,-3.539632e-05,0.00025850956
2996,1,-0.00030652745,-0.00027593743,0.00023315557,0.0016344705,0.00024128327,0.00010836198
2997,1,0.0004979893,-0.0066537275,0.00211293,0.012735672,-0.0025952517,0.00042566226
2998,1,0.001641713,-0.0044246153,0.0012885471,0.009159196,-0.0008639924,0.0005304919
2999,1,0.00089639885,-0.0033227394,0.00086816255,0.008173638,-0.0004545373,0.0002732213
3000,1,0.00038015595,-0.001672094,0.00065689033,0.008394324,-0.00025617337,0.00023673453
3001,1,-0.00015646344,-0.0013044578,0.0004846161,0.0066457335,-0.00013929077,0.00015468428
3002,1,-0.000550575,-6.8087546e-05,0.0003601584,0.00551597,-2.4259783e-05,0.0001253047
3003,1,-0.00030763715,-0.0002318752,0.00012846265,0.0017986014,0.00011988032,5.7037432e-05
3004,1,0.0001957515,-0.009759559,0.0031573495,-0.005465458,-0.0009952981,-0.000746844
3005,1,0.0020492168,-0.0057941666,0.0015786018,0.0029442639,-0.000121043355,-0.00076520327
3006,1,0.00064066076,-0.0030813955,0.000990295,0.004300371,-6.742168e-05,-0.00027135335
3007,1,0.00063290796,-0.002485913,0.00072393543,0.005002139,-1.8050587e-05,-0.000294666
3008,1,-0.00017024108,-0.0008570253,0.0004861988,0.0048815566,-2.1952315e-05,-0.00014891087
3009,1,-0.00025262078,-0.00070012984,0.00030962442,0.0031028616,-1.2015681e-05,-0.00015744947
3010,1,-8.665241e-05,0.0001894406,8.091127e-05,0.0013840626,-7.246133e-05,-4.1094172e-05
3011,1,-0.00035015884,-0.0098186275,0.0019204797,-0.005799456,-7.913587e-05,-0.00048542957
3012,1,0.0016270486,-0.0058025816,0.0014244699,0.002930002,-0.00015939238,-0.0009926913
3013,1,0.00038238548,-0.0029769768,0.0008908666,0.0040856833,5.1223983e-06,-0.0007163585
3014,1,0.00047678378,-0.0024449152,0.0006545761,0.004828003,-5.984764e-06,-0.00048561525
3015,1,-0.00025743424,-0.0008003373,0.00046930095,0.0046807164,-1.2095326e-05,-0.00041874885
3016,1,-0.000275296,-0.0007073505,0.00031219513,0.0029235987,-7.663127e-05,-0.0002703222
3017,1,-9.1026726e-05,0.0001813031,0.00012657784,0.0013149146,-0.00017622943,-0.00012326067
3018,1,-1.9401436e-05,-0.009544326,0.0010907794,-0.0059746234,0.00035561188,-9.328202e-05
3019,1,0.0017498076,-0.0058522704,0.0009905056,0.0026999982,0.00018492634,-0.0003697869
3020,1,0.00040625484,-0.0030380103,0.00077497173,0.0039203637,7.053799e-05,-0.0005853352
3021,1,0.0004932512,-0.0024557326,0.00056085095,0.00466053,3.9988434e-05,-0.0005007027
3022,1,-0.000252907,-0.0008139015,0.00043777222,0.004534178,-1.9807376e-05,-0.00038994363
3023,1,-0.00027190696,-0.00072071917,0.000316524,0.0028175502,-9.198599e-05,-0.0003074901
3024,1,-0.00011312807,0.00014838255,0.0002358217,0.0012754851,-0.00024070857,-0.0001085813
3025,1,-0.000110967034,-0.009498241,0.00087349565,-0.0059186565,0.0001912006,-0.00012899782
3026,1,0.0017389635,-0.0057023764,0.00073787424,0.002670416,0.00014682909,-0.00027571214
3027,1,0.00041632526,-0.0030355975,0.00063416176,0.0038071042,9.066694e-05,-0.00032507998
3028,1,0.0004914605,-0.00247266,0.0005235593,0.004556388,2.49972e-05,-0.00038129167
3029,1,-0.00025059353,-0.00082404615,0.00041413784,0.004442571,-2.974957e-05,-0.00033322175
3030,1,-0.00027759623,-0.00074102514,0.0003470197,0.0027525031,-0.00011077672,-0.00024030294
3031,1,-0.0001242728,0.00012873746,0.00028221612,0.0012539023,-0.00018587596,-0.00010075668
3032,1,1.5691852e-05,-0.009369109,0.0005918534,-0.0059675663,0.00024748975,-2.0548616e-05
3033,1,0.0017687968,-0.005694742,0.0006021003,0.0026151265,0.00013279257,-0.00013227947
3034,1,0.0004280868,-0.0029890335,0.0005324675,0.003766815,6.732971e-05,-0.00022719691
3035,1,0.00050033815,-0.0024656686,0.0004676692,0.0044853757,1.9658924e-05,-0.00022828837
3036,1,-0.00024986966,-0.0008376496,0.00040916493,0.0043918323,-3.1059346e-05,-0.00022299959
3037,1,-0.00028256938,-0.0007406233,0.00035766797,0.0027090516,-8.3307656e-05,-0.00017101393
3038,1,-0.00013598149,9.245759e-05,0.00035715994,0.0012384367,-0.00017181333,-6.494545e-05
3039,1,-3.246427e-05,-0.009355388,0.0005572177,-0.0059132446,8.269234e-05,-3.227132e-05
3040,1,0.001771244,-0.0056206053,0.0005059206,0.0026052075,6.5825145e-05,-6.923887e-05
3041,1,0.0004359554,-0.0029943062,0.00048742438,0.003729913,3.579822e-05,-9.4402516e-05
3042,1,0.0004999115,-0.0024493088,0.00043901143,0.00446071,7.899089e-06,-0.000119785545
3043,1,-0.0002488011,-0.0008364109,0.00039746103,0.0043575587,-1.8089564e-05,-0.00010878547
3044,1,-0.00028578803,-0.00075333845,0.0003752914,0.0026915025,-4.9996543e-05,-8.4428204e-05
3045,1,-0.00014225986,9.441529e-05,0.0003714834,0.0012300985,-7.76028e-05,-3.3694923e-05
3046,1,3.1327017e-05,-0.009311623,0.00046711235,-0.00595291,-4.2129846e-09,-3.3394092e-09
3047,1,0.0017776781,-0.005643201,0.0004964413,0.0025946023,1.7532298e-09,-1.0630441e-07
3048,1,0.00043668746,-0.002965073,0.0004596042,0.0037301413,3.9498915e-09,6.184885e-08
3049,1,0.0005031238,-0.0024555267,0.0004312272,0.0044434583,2.0062293e-08,-1.6360586e-07
3050,1,-0.00024956948,-0.00083695457,0.00039643474,0.004353996,5.0540812e-08,7.241387e-08
3051,1,-0.00028756907,-0.00074687286,0.00037435113,0.002680861,7.3911735e-08,-1.240456e-07
3052,1,-0.00014381782,7.537149e-05,0.00039783245,0.0012279582,1.1432833e-07,7.3321765e-08
3053,1,-3.245072e-05,-0.009355551,0.0005572238,-0.005912425,-8.294232e-05,3.247125e-05
3054,1,0.001771245,-0.0056205546,0.00050589355,0.0026053865,-6.580952e-05,6.902324e-05
3055,1,0.00043596423,-0.0029943718,0.0004874219,0.003730036,-3.580169e-05,9.4326344e-05
3056,1,0.00049990887,-0.002449307,0.00043902735,0.0044608233,-7.84501e-06,0.00011968162
3057,1,-0.0002488,-0.00083643023,0.00039745867,0.0043575913,1.817839e-05,0.000108734646
3058,1,-0.000285792,-0.00075334706,0.00037530615,0.002691587,5.014933e-05,8.433164e-05
3059,1,-0.0001422617,9.442395e-05,0.00037148906,0.0012301031,7.7858196e-05,3.3739612e-05
3060,1,1.5712048e-05,-0.009369332,0.0005918149,-0.0059659267,-0.00024751775,2.028024e-05
3061,1,0.001768819,-0.005694823,0.0006021064,0.0026154425,-0.00013280346,0.00013207164
3062,1,0.0004280941,-0.002989118,0.0005324834,0.0037670794,-6.732119e-05,0.00022717149
3063,1,0.00050034,-0.0024656693,0.00046766552,0.004485595,-1.9612942e-05,0.00022809542
3064,1,-0.00024986992,-0.0008377183,0.00040920393,0.004391905,3.1153104e-05,0.00022299973
3065,1,-0.00028257584,-0.00074061187,0.00035767094,0.002709216,8.345807e-05,0.00017094126
3066,1,-0.0001359839,9.243707e-05,0.0003571829,0.0012384446,0.00017203859,6.495329e-05
3067,1,-0.000110921676,-0.009498993,0.00087354553,-0.0059165275,-0.00019148708,0.00012902111
3068,1,0.0017389862,-0.0057023237,0.0007378569,0.002670999,-0.0001468249,0.00027558874
3069,1,0.00041634642,-0.0030358115,0.0006341697,0.00380749,-9.0678775e-05,0.0003247821
3070,1,0.00049146113,-0.0024727113,0.00052364724,0.004556704,-2.4947112e-05,0.00038129586
3071,1,-0.0002505925,-0.0008241064,0.00041413817,0.0044427053,2.9833558e-05,0.00033317314
3072,1,-0.00027760462,-0.0007410381,0.00034705285,0.0027527332,0.000110921224,0.0002402943
3073,1,-0.00012427576,0.00012874995,0.0002822288,0.0012539191,0.00018611818,0.000100739555
3074,1,-1.9359424e-05,-0.009544855,0.0010906205,-0.0059710685,-0.00035572023,9.2967246e-05
3075,1,0.0017498812,-0.0058525745,0.0009905663,0.0027006713,-0.0001848943,0.000369226
3076,1,0.00040627024,-0.003038357,0.0007751608,0.0039208904,-7.057866e-05,0.0005854192
3077,1,0.00049325335,-0.0024557074,0.0005608541,0.0046610096,-3.9932707e-05,0.0005007487
3078,1,-0.00025290364,-0.0008140205,0.0004378219,0.004534306,1.9869532e-05,0.0003899276
3079,1,-0.00027191668,-0.0007206964,0.00031653172,0.0028179071,9.2122966e-05,0.00030752804
3080,1,-0.00011312907,0.00014837044,0.00023583973,0.0012754885,0.00024090303,0.000108575485
3081,1,-0.0003500698,-0.009820635,0.0019206726,-0.0057956306,7.859582e-05,0.0004850603
3082,1,0.0016271138,-0.0058027753,0.0014247971,0.0029310985,0.00015922877,0.0009930748
3083,1,0.00038237296,-0.0029771964,0.00089089957,0.004086308,-5.1546867e-06,0.0007166869
3084,1,0.0004768042,-0.0024449048,0.0006546143,0.0048286235,5.9646804e-06,0.00048559578
3085,1,-0.00025744387,-0.0008004122,0.00046932217,0.0046808906,1.214967e-05,0.0004188614
3086,1,-0.00027529668,-0.00070735347,0.00031220287,0.002924049,7.6719545e-05,0.0002702964
3087,1,-9.103215e-05,0.00018134799,0.00012658874,0.0013149204,0.0001764039,0.00012327339
3088,1,0.00019581939,-0.009759511,0.0031569127,-0.005459376,0.0009941912,0.00074785535
3089,1,0.0020492154,-0.005793984,0.0015788415,0.0029455875,0.000121139325,0.000765859
3090,1,0.0006407113,-0.0030815566,0.0009901716,0.004301163,6.722503e-05,0.00027129683
3091,1,0.0006328994,-0.0024858392,0.0007240175,0.005003004,1.8113475e-05,0.00029481744
3092,1,-0.00017022683,-0.00085711206,0.00048617093,0.004881704,2.1920818e-05,0.00014886452
3093,1,-0.00025263228,-0.00070011173,0.00030964628,0.0031035212,1.2064863e-05,0.00015749809
3094,1,-8.665185e-05,0.00018945988,8.090497e-05,0.0013840522,7.255662e-05,4.109351e-05
3095,1,-0.00019234838,-0.0003074383,0.0007825438,-0.0031389215,-0.0016954853,0.00011407369
3096,1,0.0005469538,-0.0032923224,0.001054263,-0.0052755917,-0.0010179827,-0.00019581121
3097,1,0.00094701245,-0.0026710546,0.00075321126,0.0023037344,-0.0004202809,-0.00028700178
3098,1,0.00014838639,-0.0014215797,0.0005593506,0.0017129232,-0.00026354,-0.00013704237
3099,1,0.000114506285,-0.0011976667,0.00040421952,0.0028620134,-0.00012131629,-0.00017797684
3100,1,-0.0002738463,-0.00013554304,0.00023721019,0.0015570511,-9.130257e-05,-8.184e-05
3101,1,0.00016517693,-0.00046854545,4.197773e-05,0.0005803419,-5.5157874e-05,-5.4606106e-05
3102,1,-0.00043902078,-0.00034944885,0.001322154,-0.002730626,-0.0017264313,-0.00017135612
3103,1,0.00030276127,-0.0032810979,0.0009759277,-0.005112629,-0.0010876252,-0.0004103685
3104,1,0.0007695626,-0.0026598733,0.0007558089,0.002434956,-0.00061582745,-0.00048071693
3105,1,2.293144e-05,-0.0013652014,0.00054689543,0.0016989959,-0.00034865254,-0.00040150378
3106,1,5.34281e-05,-0.0011905192,0.0003946817,0.0028350682,-0.00021666569,-0.00031727646
3107,1,-0.00029763364,-0.00011694976,0.0002451465,0.0015250265,-0.00014214963,-0.00024614326
3108,1,0.00015777948,-0.00049655855,9.146442e-05,0.00056380196,-0.00017992979,-9.1126996e-05
3109,1,-0.00052924844,-0.00020530717,0.0009836614,-0.0029674096,-0.00017090811,-0.000157541
3110,1,0.00027302295,-0.003224071,0.00083913817,-0.0054358244,-0.00032561235,-0.00034235016
3111,1,0.00076507346,-0.0026709072,0.0006595971,0.0022529147,-0.00027695164,-0.00040908327
3112,1,8.596022e-06,-0.0013692148,0.0005057724,0.0015488245,-0.00018980366,-0.0004047527
3113,1,5.176611e-05,-0.0011976545,0.0003759312,0.002723682,-0.00014794074,-0.00034255456
3114,1,-0.00030244142,-0.00012757398,0.0002650335,0.0014415488,-0.00015411603,-0.0002538208
3115,1,0.00014560648,-0.0005262756,0.00014948813,0.00053848454,-0.0001928572,-0.00010406512
3116,1,-0.00040093393,-0.00013879966,0.0007296842,-0.0029168196,-0.00024532404,-5.7692265e-05
3117,1,0.00029211273,-0.0031880357,0.00067459163,-0.0054530012,-0.00016966242,-0.00020742763
3118,1,0.0007625875,-0.0026434134,0.00057340093,0.0021289126,-0.00015289187,-0.00029860376
3119,1,1.3069145e-05,-0.0013772278,0.00046497158,0.0014459054,-0.00013458107,-0.00031137984
3120,1,4.8583992e-05,-0.0012031074,0.00036711388,0.002632757,-0.00012153061,-0.00028834623
3121,1,-0.00030710342,-0.000141891,0.0002841623,0.0013823579,-0.00013689946,-0.00021289078
3122,1,0.00012502853,-0.0005488176,0.00023426762,0.0005115307,-0.00021534559,-8.425614e-05
3123,1,-0.00045807412,-8.280073e-05,0.00063556735,-0.0029480648,2.9783741e-05,-6.4102234e-05
3124,1,0.00030265425,-0.003141858,0.0005664025,-0.0054926276,-3.8207912e-05,-0.00013310851
3125,1,0.0007725297,-0.0026237057,0.0005024867,0.0020711794,-6.4959204e-05,-0.00018433885
3126,1,1.3608394e-05,-0.0013704976,0.00042942917,0.001378851,-7.1550276e-05,-0.0002094799
3127,1,4.9367136e-05,-0.0012040649,0.00035974052,0.0025696936,-8.5684376e-05,-0.0001937032
3128,1,-0.0003117741,-0.00015405878,0.00030423785,0.001339636,-0.00011001,-0.00015113619
3129,1,0.00011759157,-0.0005623744,0.00026872574,0.0004960062,-0.00014751252,-5.871257e-05
3130,1,-0.00037042674,-6.265615e-05,0.0005080567,-0.002938301,-1.8140816e-05,-1.7000193e-05
3131,1,0.0003121904,-0.0031203344,0.0005058766,-0.0054881214,-1.6044074e-05,-6.200726e-05
3132,1,0.00077382557,-0.0026059384,0.0004607377,0.0020375738,-2.7322933e-05,-9.121542e-05
3133,1,1.9089983e-05,-0.0013654738,0.00040617402,0.0013479126,-3.60725e-05,-0.000102004036
3134,1,4.7402875e-05,-0.0012025342,0.00035382668,0.00253683,-4.3561486e-05,-9.910902e-05
3135,1,-0.00031438097,-0.00015926245,0.00031459206,0.0013145704,-5.762341e-05,-7.45184e-05
3136,1,0.00010839703,-0.0005726547,0.00031040714,0.00048348846,-9.070097e-05,-2.9899235e-05
3137,1,-0.00043056143,-4.845742e-05,0.0005282838,-0.002942398,-1.8177677e-07,-1.5137577e-07
3138,1,0.0003158401,-0.0031111068,0.00048357842,-0.0054961354,-5.7267158e-08,-5.2795333e-08
3139,1,0.00077796675,-0.0026008068,0.0004460488,0.002029717,-1.6901186e-08,-1.402241e-07
3140,1,1.7157372e-05,-0.001363096,0.00039921468,0.0013367588,5.012029e-09,-2.3320323e-08
3141,1,4.8502163e-05,-0.001201656,0.00035214296,0.002525615,3.8182407e-08,-1.0998039e-07
3142,1,-0.00031562135,-0.00016127827,0.00031901768,0.0013071843,6.9523324e-08,8.4433145e-09
3143,1,0.00010847971,-0.00057530956,0.00030988682,0.00048224753,1.212608e-07,-7.352458e-08
3144,1,-0.00037043754,-6.296219e-05,0.0005080695,-0.0029387558,1.7959475e-05,1.6734832e-05
3145,1,0.00031224694,-0.003120463,0.0005058709,-0.005487923,1.5915497e-05,6.184549e-05
3146,1,0.0007738108,-0.0026059626,0.00046074306,0.0020375878,2.7273723e-05,9.095957e-05
3147,1,1.9109902e-05,-0.0013655317,0.00040618028,0.0013479661,3.609663e-05,0.00010193118
3148,1,4.73943e-05,-0.0012025379,0.00035383523,0.0025368917,4.3629283e-05,9.891592e-05
3149,1,-0.00031437757,-0.00015928221,0.00031460024,0.0013145749,5.776845e-05,7.4512885e-05
3150,1,0.000108397166,-0.000572652,0.0003104152,0.0004835132,9.0913374e-05,2.980167e-05
3151,1,-0.00045806443,-8.339675e-05,0.0006355656,-0.002949022,-3.0139754e-05,6.390867e-05
3152,1,0.00030275492,-0.0031421285,0.0005664117,-0.005492307,3.8048678e-05,0.00013285388
3153,1,0.0007725106,-0.0026237676,0.00050249364,0.0020712377,6.493793e-05,0.00018413854
3154,1,1.3643403e-05,-0.0013706131,0.00042945097,0.0013789501,7.1550276e-05,0.00020932395
3155,1,4.935316e-05,-0.001204084,0.000359762,0.002569807,8.576786e-05,0.00019359875
3156,1,-0.00031176777,-0.00015409414,0.0003042525,0.0013396594,0.00011014558,0.00015107375
3157,1,0.00011759099,-0.000562376,0.0002687465,0.0004960525,0.00014774954,5.8675854e-05
3158,1,-0.0004009767,-0.00013962382,0.0007297036,-0.0029181116,0.00024509363,5.750645e-05
3159,1,0.00029227277,-0.00318848,0.00067459233,-0.005452568,0.00016952748,0.00020708163
3160,1,0.0007625579,-0.0026435386,0.00057345425,0.0021289815,0.00015282167,0.00029837256
3161,1,1.3120755e-05,-0.0013774288,0.0004650235,0.0014460481,0.0001346173,0.0003112588
3162,1,4.85649e-05,-0.0012031242,0.00036714142,0.0026329472,0.00012160171,0.00028829288
3163,1,-0.00030709372,-0.00014194986,0.0002841833,0.0013823827,0.00013703533,0.00021283547
3164,1,0.00012503128,-0.0005488099,0.00023428487,0.00051161344,0.00021555123,8.425304e-05
3165,1,-0.0005292389,-0.00020666402,0.0009836874,-0.0029696543,0.00017048647,0.00015707544
3166,1,0.0002732557,-0.0032247812,0.00083924306,-0.0054352884,0.00032534773,0.00034191553
3167,1,0.0007650249,-0.0026711272,0.00065972895,0.0022530088,0.00027699964,0.0004090077
3168,1,8.67389e-06,-0.0013694558,0.0005058262,0.0015490508,0.0001898098,0.00040473114
3169,1,5.1735416e-05,-0.0011976734,0.00037596576,0.0027239441,0.00014801469,0.00034252583
3170,1,-0.00030242305,-0.00012764262,0.00026505432,0.0014415869,0.00015423686,0.0002538081
3171,1,0.00014560785,-0.0005262641,0.00014950799,0.0005385935,0.00019306387,0.00010405335
3172,1,-0.0004391662,-0.00035120596,0.0013223053,-0.0027335838,0.0017259554,0.00017130502
3173,1,0.0003030403,-0.003282124,0.0009762583,-0.0051119244,0.0010876891,0.00041037155
3174,1,0.0007694919,-0.0026599988,0.00075590884,0.002435321,0.000615842,0.0004808846
3175,1,2.3017217e-05,-0.0013654801,0.0005469522,0.0016991972,0.00034865492,0.00040150844
3176,1,5.339671e-05,-0.001190526,0.00039471578,0.0028355005,0.00021672893,0.0003173046
3177,1,-0.0002976158,-0.0001170143,0.00024516103,0.0015250307,0.00014222873,0.000246139
3178,1,0.00015778982,-0.0004965592,9.147363e-05,0.0005639749,0.00018009642,9.1135924e-05
3179,1,-0.00019236558,-0.00030977398,0.000783234,-0.0031419722,0.0016956276,-0.00011403744
3180,1,0.00054737664,-0.0032930952,0.001054444,-0.005273948,0.0010181196,0.00019612274
3181,1,0.0009469035,-0.002671161,0.00075331004,0.0023039838,0.00042024057,0.00028708912
3182,1,0.00014853547,-0.0014218861,0.0005594007,0.0017133316,0.00026356662,0.00013704624
3183,1,0.000114449685,-0.0011976484,0.0004042497,0.0028625152,0.00012132479,0.00017800937
3184,1,-0.00027381218,-0.00013563308,0.00023722708,0.0015571107,9.1343296e-05,8.182633e-05
3185,1,0.00016517633,-0.0004684927,4.1966712e-05,0.0005805546,5.5205102e-05,5.4607564e-05
3186,1,0.00010993091,-0.00065411784,0.00011172245,-0.0007706163,-0.0003573755,2.2652037e-05
3187,1,-4.372386e-05,-0.00011816391,0.00025657978,-0.00075836986,-0.00055222673,0.00011214803
3188,1,0.00035018192,-0.001192884,0.00037886892,-0.0015811108,-0.000499862,-4.3412114e-05
3189,1,0.000218537,-0.0010121011,0.00033496882,0.0017141153,-0.00025454225,-0.00010487521
3190,1,-8.938677e-05,-0.00040224314,0.00025316092,0.00045982504,-0.00018446334,-5.991085e-05
3191,1,-8.253099e-05,-0.00040792327,0.00015369295,0.00089635106,-7.6623335e-05,-8.934232e-05
3192,1,0.00012300101,0.00014369303,-1.1415186e-05,-0.00012371787,-7.796601e-05,-1.9435294e-05
3193,1,0.00014449222,-0.0008440831,0.00035562235,-0.0007183566,-0.0011697784,9.1903334e-05
3194,1,-6.5013955e-05,-0.00016677394,0.00048316753,-0.0004025349,-0.0009718882,1.8071769e-05
3195,1,0.00027971005,-0.0012116143,0.0004527716,-0.001469988,-0.00071389164,-0.00016208798
3196,1,0.00017350989,-0.0010257877,0.00036691275,0.0018565026,-0.00045921153,-0.00020634338
3197,1,-0.00012478093,-0.00039097352,0.00027760176,0.00050658773,-0.00027892645,-0.00020281164
3198,1,-8.5883155e-05,-0.00042318858,0.00016909745,0.0009597282,-0.00018439263,-0.00015793211
3199,1,0.0001226911,0.0001326336,3.7022033e-05,-9.561466e-05,-0.00011506017,-6.822988e-05
3200,1,-2.4320943e-05,-0.00086616975,0.0006553304,-0.0006217053,-0.0007480417,-7.235282e-05
3201,1,-0.00018755626,-0.00012343902,0.0005362643,-0.00040282012,-0.00055918813,-0.00015460954
3202,1,0.0002174611,-0.0011785767,0.0004670235,-0.0015813234,-0.00041770027,-0.00020291265
3203,1,0.0001421021,-0.001026124,0.00038029152,0.0017809395,-0.00030872083,-0.0002466708
3204,1,-0.00014294272,-0.00038655344,0.0002843936,0.00043153504,-0.00021539941,-0.00022871922
3205,1,-9.415165e-05,-0.00043497843,0.0001944219,0.00092289114,-0.00016265124,-0.00017870123
3206,1,0.000100532394,0.00011659572,0.00011109564,-0.00011682334,-0.00019129786,-6.955268e-05
3207,1,5.80313e-06,-0.00084330904,0.0005483473,-0.00069753063,-0.00023831015,-5.344095e-05
3208,1,-0.00016467167,-0.00010760642,0.00050512556,-0.00048415642,-0.00030160218,-0.00013860026
3209,1,0.0002179446,-0.0011660011,0.00043565547,-0.0016432198,-0.00027056507,-0.00018999784
3210,1,0.00013704012,-0.0010139169,0.0003634571,0.001691746,-0.00020849591,-0.00020946946
3211,1,-0.00014504307,-0.00039208613,0.00028880584,0.00036501072,-0.00017062723,-0.00020128829
3212,1,-0.00010146824,-0.00044031334,0.00021848879,0.000869015,-0.00015859463,-0.00015607414
3213,1,8.969427e-05,9.631574e-05,0.00015430826,-0.00013248011,-0.00017724157,-6.178599e-05
3214,1,2.3312534e-05,-0.0008259757,0.0005010924,-0.00066053204,-0.00021174677,-3.156827e-05
3215,1,-0.00017577359,-9.069579e-05,0.00046752914,-0.00049304176,-0.00016136892,-9.784617e-05
3216,1,0.00021380797,-0.001153821,0.00041264322,-0.0016994938,-0.0001440369,-0.00013487252
3217,1,0.00013692338,-0.0010068121,0.00034957431,0.0016347128,-0.0001323835,-0.00015077028
3218,1,-0.00014854547,-0.00039288687,0.0002889175,0.00031297942,-0.00011492213,-0.00014389132
3219,1,-0.00010585294,-0.00044464265,0.00023572288,0.00082926184,-0.000116140196,-0.00011085742
3220,1,7.653767e-05,8.058037e-05,0.0002080137,-0.00015038994,-0.0001557673,-4.321677e-05
3221,1,1.2154685e-05,-0.00080567546,0.00046785086,-0.0006876741,-3.6161022e-05,-2.1367514e-05
3222,1,-0.00015980023,-7.902959e-05,0.00043117316,-0.00052037963,-6.407556e-05,-4.9702277e-05
3223,1,0.0002192747,-0.0011455305,0.00038919272,-0.0017142161,-6.659536e-05,-6.798803e-05
3224,1,0.00013557264,-0.001001711,0.00033998484,0.001597763,-6.070987e-05,-7.729312e-05
3225,1,-0.00014800392,-0.0003927073,0.00028849902,0.00028481576,-5.968389e-05,-7.39642e-05
3226,1,-0.00010953474,-0.00044775277,0.00024820166,0.00080353825,-6.431339e-05,-5.7285873e-05
3227,1,7.295708e-05,7.159444e-05,0.00022335979,-0.00015781671,-7.866523e-05,-2.2470023e-05
3228,1,4.0902924e-05,-0.00080564216,0.00043824062,-0.00066828006,-1.03993195e-07,4.879549e-08
3229,1,-0.00016637055,-7.536605e-05,0.0004257507,-0.00051383965,-1.10893474e-07,-1.12575904e-07
3230,1,0.00021737035,-0.0011424556,0.00038423215,-0.0017270884,-4.7135018e-08,-5.0011025e-08
3231,1,0.00013760763,-0.0009994437,0.00033515555,0.00159005,-1.2571232e-08,-1.1514299e-07
3232,1,-0.00014964129,-0.00039298437,0.00028879702,0.00027465197,2.5315945e-08,-2.918533e-08
3233,1,-0.00010996255,-0.0004483106,0.00025097796,0.00079601887,5.8216973e-08,-8.515207e-08
3234,1,6.892416e-05,6.82558e-05,0.00024127738,-0.00016285673,9.385118e-08,2.550001e-08
3235,1,1.2140241e-05,-0.00080553483,0.00046785333,-0.000687593,3.5919555e-05,2.1413716e-05
3236,1,-0.0001598114,-7.909765e-05,0.00043118245,-0.00052067643,6.3847336e-05,4.9502374e-05
3237,1,0.00021930081,-0.0011455877,0.0003891973,-0.0017141219,6.6511304e-05,6.787341e-05
3238,1,0.00013556168,-0.0010017239,0.00033999284,0.0015977164,6.0681647e-05,7.7075296e-05
3239,1,-0.00014799286,-0.0003927409,0.00028850712,0.0002848492,5.973527e-05,7.3893105e-05
3240,1,-0.00010954024,-0.00044775344,0.00024820893,0.00080354133,6.44298e-05,5.713825e-05
3241,1,7.296214e-05,7.1573464e-05,0.00022337103,-0.00015780987,7.886954e-05,2.248661e-05
3242,1,2.3261593e-05,-0.0008257088,0.00050111534,-0.0006603391,0.00021153354,3.158503e-05
3243,1,-0.00017579614,-9.081249e-05,0.00046753758,-0.00049360096,0.00016115446,9.770499e-05
3244,1,0.0002138594,-0.0011539464,0.00041266184,-0.0016993507,0.00014392934,0.00013467742
3245,1,0.00013690307,-0.001006846,0.00034959547,0.0016346385,0.00013236857,0.00015062417
3246,1,-0.00014852422,-0.00039295168,0.0002889342,0.00031303635,0.00011497215,0.00014377551
3247,1,-0.000105863095,-0.00044464905,0.00023573788,0.00082927657,0.00011625769,0.000110777655
3248,1,7.654936e-05,8.054847e-05,0.00020802814,-0.0001503817,0.0001559527,4.319669e-05
3249,1,5.762436e-06,-0.00084295345,0.00054837286,-0.0006973464,0.0002381166,5.337408e-05
3250,1,-0.00016470588,-0.00010779589,0.0005051614,-0.0004850129,0.00030135104,0.00013842712
3251,1,0.0002180183,-0.001166209,0.00043570143,-0.0016430257,0.00027049362,0.00018982269
3252,1,0.00013701242,-0.0010139692,0.00036349427,0.0016916369,0.00020848475,0.00020935245
3253,1,-0.00014501192,-0.00039219137,0.0002888336,0.00036510266,0.00017068414,0.0002011931
3254,1,-0.000101481804,-0.00044031424,0.00021850706,0.00086904445,0.00015870822,0.00015602651
3255,1,8.9710455e-05,9.626057e-05,0.00015433149,-0.00013246908,0.00017743322,6.1754734e-05
3256,1,-2.4433935e-05,-0.00086558156,0.00065538037,-0.0006213537,0.00074775674,7.243423e-05
3257,1,-0.00018762515,-0.00012373284,0.0005363673,-0.00040414536,0.00055897725,0.00015450185
3258,1,0.00021757625,-0.0011788663,0.00046709398,-0.0015810139,0.00041765126,0.00020277462
3259,1,0.00014205548,-0.0010261964,0.00038034876,0.0017808055,0.00030873643,0.00024661538
3260,1,-0.00014289419,-0.00038668356,0.0002844245,0.00043167453,0.00021545257,0.00022867194
3261,1,-9.417133e-05,-0.0004349814,0.00019444103,0.0009229427,0.00016275422,0.00017867307
3262,1,0.00010055968,0.0001165303,0.00011111088,-0.000116801784,0.00019146025,6.954793e-05
3263,1,0.0001443664,-0.0008433693,0.00035582035,-0.0007178553,0.0011698303,-9.191943e-05
3264,1,-6.509706e-05,-0.00016711677,0.00048326812,-0.00040413017,0.00097187,-1.8102606e-05
3265,1,0.00027986054,-0.0012120057,0.00045288668,-0.0014695346,0.00071395055,0.00016204357
3266,1,0.00017344677,-0.0010258345,0.00036696836,0.0018564225,0.00045924247,0.00020636899
3267,1,-0.0001247188,-0.0003911319,0.0002776331,0.0005067439,0.00027897177,0.00020277595
3268,1,-8.5906715e-05,-0.0004231884,0.00016911836,0.0009598491,0.00018447671,0.0001579397
3269,1,0.00012272243,0.00013256248,3.7028854e-05,-9.560395e-05,0.00011519001,6.821941e-05
3270,1,0.00010981314,-0.00065310585,0.00011162798,-0.0007700924,0.000357577,-2.2653541e-05
3271,1,-4.3755826e-05,-0.00011872477,0.0002567651,-0.00076030084,0.0005523475,-0.00011222379
3272,1,0.00035037717,-0.0011932395,0.00037896313,-0.0015803103,0.00049993745,4.346921e-05
3273,1,0.00021846598,-0.0010121632,0.0003350213,0.0017139147,0.00025454725,0.00010487546
3274,1,-8.930307e-05,-0.00040242242,0.00025319983,0.00046013753,0.00018449839,5.9908387e-05
3275,1,-8.2566185e-05,-0.0004079041,0.00015370462,0.00089646026,7.6648095e-05,8.934769e-05
3276,1,0.00012303737,0.00014357801,-1.1394467e-05,-0.00012365486,7.802794e-05,1.9434941e-05
3277,1,8.706205e-06,0.00025135055,5.4306187e-05,0.00014119617,-0.00026504125,3.968139e-05
3278,1,9.702055e-06,-0.0004425272,0.00012012696,-0.00084853923,-0.00014976802,5.167026e-06
3279,1,8.372641e-05,-0.00021345224,0.00011595391,0.0005159646,-0.00018664796,2.687366e-05
3280,1,5.4057262e-05,-0.00032978132,0.00014770126,-0.000340639,-0.00020711115,-4.8617885e-06
3281,1,-4.9544025e-05,-0.00030585937,0.00013074378,0.0008063015,-9.526328e-05,-4.433694e-05
3282,1,-9.829679e-05,4.6029567e-05,7.082222e-05,-0.000523223,-8.672657e-05,-1.9950674e-05
3283,1,0.00015224937,-0.00020796087,-2.2032395e-05,-7.327995e-05,3.1045267e-05,-2.3800043e-05
3284,1,5.0458417e-05,0.00022599171,0.00016848475,0.0001943935,-0.000441233,9.3126755e-06
3285,1,5.4769338e-05,-0.00052317936,0.00017436617,-0.0008422209,-0.000493079,4.502861e-05
3286,1,0.0001015117,-0.00025801262,0.0002111311,0.0006983797,-0.0004594214,7.4051366e-07
3287,1,4.9383918e-05,-0.00035201246,0.00020315184,-0.00027271855,-0.00034901584,-6.76787e-05
3288,1,-4.623137e-05,-0.00032956933,0.00015770258,0.0009257196,-0.00023724184,-8.647673e-05
3289,1,-9.447821e-05,3.802995e-05,9.8078825e-05,-0.00043968624,-0.00013030275,-8.222215e-05
3290,1,0.00015871495,-0.00023235676,1.5421954e-05,-1.1166858e-05,-8.501124e-05,-3.403384e-05
3291,1,-1.917985e-05,0.00018475871,0.00028432286,0.00019522918,-0.0005688107,1.9898675e-05
3292,1,-1.5032858e-05,-0.00054399256,0.0003053647,-0.0007798469,-0.00049129664,-1.06044035e-05
3293,1,3.6617937e-05,-0.00025753182,0.00028440598,0.0007243627,-0.00039418924,-7.573188e-05
3294,1,1.1558138e-05,-0.000344096,0.00024096081,-0.00030219284,-0.00029327613,-0.00010604624
3295,1,-6.707459e-05,-0.00033470007,0.00019057406,0.00091409567,-0.00020931254,-0.00012060442
3296,1,-0.000107220636,3.52646e-05,0.00012672856,-0.00046183137,-0.00015639502,-9.722888e-05
3297,1,0.00014538619,-0.00024968648,5.5884055e-05,-1.6035148e-05,-0.00013140313,-4.0145864e-05
3298,1,-4.9674953e-05,0.00017111431,0.00038030147,0.00022140467,-0.000320487,-3.3930814e-05
3299,1,-3.5758752e-05,-0.00053806935,0.00033017228,-0.00079065666,-0.00028756482,-6.628609e-05
3300,1,2.8770426e-05,-0.00024648267,0.00029587842,0.00067811325,-0.0002555955,-8.635541e-05
3301,1,4.9251385e-06,-0.00034242024,0.00025336156,-0.000340248,-0.00021520529,-0.00011305752
3302,1,-7.318562e-05,-0.000330653,0.00020093119,0.0008661018,-0.00016791301,-0.0001136962
3303,1,-0.00011212808,2.7200247e-05,0.00014889745,-0.000488284,-0.00014203748,-9.0576155e-05
3304,1,0.00013166877,-0.00025951592,0.00010542409,-2.6954975e-05,-0.00016517383,-3.584092e-05
3305,1,-3.6190577e-05,0.00017208833,0.0003580553,0.00019014959,-0.00018044956,-1.9416635e-05
3306,1,-2.7653512e-05,-0.00054046523,0.0003367005,-0.0008109195,-0.00018965805,-5.4699573e-05
3307,1,2.3561137e-05,-0.00024073542,0.00029934567,0.00065612636,-0.000168223,-7.900855e-05
3308,1,7.1732387e-07,-0.0003388116,0.00025620428,-0.0003806523,-0.00013792972,-8.7141365e-05
3309,1,-7.618896e-05,-0.00032938065,0.00021029594,0.0008289809,-0.0001204236,-8.74049e-05
3310,1,-0.00011715971,2.2201304e-05,0.00016718594,-0.0005167558,-0.000113024835,-6.762284e-05
3311,1,0.00012359992,-0.00026849593,0.00012947395,-3.7938113e-05,-0.00012674238,-2.6983911e-05
3312,1,-3.7174847e-05,0.00017222446,0.00035856056,0.00020704015,-8.780701e-05,-1.2406146e-05
3313,1,-3.4651835e-05,-0.00053572375,0.00033445877,-0.0008125645,-7.845992e-05,-3.1066465e-05
3314,1,2.3928327e-05,-0.00023885284,0.00029851918,0.00062714424,-7.491021e-05,-4.224336e-05
3315,1,1.0326995e-06,-0.0003367093,0.00025611633,-0.0003991589,-6.933362e-05,-4.842708e-05
3316,1,-7.849008e-05,-0.00032875108,0.00021459702,0.00080298696,-6.0713566e-05,-4.6339916e-05
3317,1,-0.00011889396,1.8934805e-05,0.00017703221,-0.0005334249,-6.0483846e-05,-3.610286e-05
3318,1,0.00011728347,-0.00027399164,0.00015713657,-4.6083784e-05,-7.669892e-05,-1.4032653e-05
3319,1,-3.3943936e-05,0.00017565126,0.0003505304,0.00018862082,-6.417481e-08,-5.7128787e-08
3320,1,-2.5543504e-05,-0.00053547305,0.00032833332,-0.00082120864,-7.20653e-08,4.222734e-09
3321,1,2.4018706e-05,-0.00023689159,0.00029591488,0.00062837906,-5.7259307e-08,-8.769116e-08
3322,1,-1.9722428e-07,-0.00033685646,0.00025704762,-0.00040970594,-1.5260552e-08,-4.144327e-08
3323,1,-7.815952e-05,-0.00032813635,0.00021572587,0.0007958283,1.1028698e-08,-8.927008e-08
3324,1,-0.000120268625,1.7743665e-05,0.00018162547,-0.00053935556,4.8475748e-08,-1.7892388e-08
3325,1,0.0001164366,-0.00027598566,0.00015662485,-4.7891775e-05,8.24077e-08,-4.96509e-08
3326,1,-3.717111e-05,0.00017213907,0.00035856696,0.00020697294,8.763845e-05,1.23438895e-05
3327,1,-3.465695e-05,-0.0005356832,0.00033446238,-0.00081245945,7.832751e-05,3.1060317e-05
3328,1,2.3923581e-05,-0.00023887133,0.0002985266,0.00062699645,7.4793825e-05,4.2075026e-05
3329,1,1.0413642e-06,-0.00033673344,0.00025612325,-0.00039910187,6.93025e-05,4.8337624e-05
3330,1,-7.849533e-05,-0.00032875472,0.00021460325,0.0008029356,6.07395e-05,4.6178244e-05
3331,1,-0.00011889061,1.8920258e-05,0.00017703873,-0.0005334032,6.057843e-05,3.605559e-05
3332,1,0.00011728461,-0.00027398698,0.00015714427,-4.610084e-05,7.685582e-05,1.396072e-05
3333,1,-3.6178164e-05,0.00017192798,0.00035806684,0.00019000337,0.0001803432,1.9357518e-05
3334,1,-2.7665163e-05,-0.00054040406,0.00033671712,-0.0008107391,0.00018951671,5.4639546e-05
3335,1,2.355013e-05,-0.00024076817,0.00029936293,0.0006558557,0.00016811975,7.890189e-05
3336,1,7.349119e-07,-0.00033886218,0.0002562195,-0.0003805621,0.00013790159,8.701483e-05
3337,1,-7.619923e-05,-0.0003293907,0.00021030956,0.0008288961,0.000120452336,8.729774e-05
3338,1,-0.000117152704,2.2175533e-05,0.00016719727,-0.00051672274,0.00011312052,6.754613e-05
3339,1,0.00012360173,-0.000268492,0.00012949127,-3.796301e-05,0.00012690405,2.6946378e-05
3340,1,-4.96633e-05,0.00017089311,0.0003803134,0.00022121317,0.0003203375,3.393085e-05
3341,1,-3.5776146e-05,-0.0005379821,0.00033020496,-0.0007904145,0.00028745376,6.624996e-05
3342,1,2.8756647e-05,-0.0002465334,0.00029590647,0.0006777054,0.00025550052,8.625899e-05
3343,1,4.9501555e-06,-0.00034250165,0.00025338793,-0.00034010792,0.00021519209,0.00011295137
3344,1,-7.319913e-05,-0.00033066465,0.0002009504,0.0008659784,0.00016794779,0.00011361861
3345,1,-0.00011211756,2.7156879e-05,0.000148913,-0.0004882281,0.00014212845,9.051004e-05
3346,1,0.000131674,-0.00025950192,0.00010544102,-2.6988842e-05,0.00016532223,3.5826106e-05
3347,1,-1.9163863e-05,0.00018439685,0.0002843806,0.0001949351,0.00056878553,-1.9955418e-05
3348,1,-1.5066244e-05,-0.000543848,0.0003054007,-0.00077943684,0.00049122924,1.05925565e-05
3349,1,3.659259e-05,-0.00025760764,0.00028445345,0.00072377286,0.00039412963,7.567378e-05
3350,1,1.1598301e-05,-0.00034420352,0.00024099491,-0.00030196615,0.00029328436,0.000105971696
3351,1,-6.709608e-05,-0.00033471675,0.0001905979,0.0009139355,0.00020934749,0.0001205545
3352,1,-0.00010720307,3.5212637e-05,0.00012674494,-0.00046174056,0.0001564777,9.718814e-05
3353,1,0.00014539204,-0.0002496674,5.590156e-05,-1.6078055e-05,0.0001315371,4.012755e-05
3354,1,5.0496394e-05,0.00022554741,0.0001684425,0.00019398131,0.00044124835,-9.3215995e-06
3355,1,5.475028e-05,-0.0005230144,0.0001744263,-0.00084169506,0.0004931024,-4.5055294e-05
3356,1,0.000101489306,-0.00025809562,0.00021117405,0.00069767504,0.00045943298,-7.643532e-07
3357,1,4.9438568e-05,-0.00035215422,0.00020319123,-0.00027240714,0.0003490495,6.762663e-05
3358,1,-4.6257566e-05,-0.00032958115,0.00015772904,0.00092555775,0.00023728055,8.646997e-05
3359,1,-9.445513e-05,3.796785e-05,9.808969e-05,-0.00043956927,0.00013036281,8.21942e-05
3360,1,0.00015872568,-0.00023232645,1.5432675e-05,-1.1208855e-05,8.511231e-05,3.4037104e-05
3361,1,8.749706e-06,0.00025074565,5.4369022e-05,0.00014073645,0.00026491462,-3.9700553e-05
3362,1,9.681002e-06,-0.00044223468,0.000120102544,-0.0008478443,0.00014979906,-5.1548964e-06
3363,1,8.3713916e-05,-0.00021360244,0.000116001276,0.0005150644,0.00018667236,-2.6915543e-05
3364,1,5.41228e-05,-0.00032991715,0.00014774264,-0.0003401491,0.00020714529,4.867349e-06
3365,1,-4.957443e-05,-0.0003058734,0.00013076306,0.0008060522,9.527653e-05,4.4324734e-05
3366,1,-9.827297e-05,4.5953264e-05,7.0841e-05,-0.0005229965,8.675473e-05,1.9949357e-05
3367,1,0.00015225219,-0.00020789879,-2.2042155e-05,-7.334125e-05,-3.0997828e-05,2.3801884e-05
3368,1,4.9516548e-05,-0.00020384708,8.082329e-06,-5.6849898e-05,3.9325783e-05,-1.9494757e-06
3369,1,-4.5492197e-05,0.00012683531,3.7126734e-05,0.0004477712,-8.907469e-05,3.3802175e-05
3370,1,2.8123413e-05,-0.00019233258,5.754214e-05,-0.00046956266,-6.231695e-05,4.0730692e-06
3371,1,1.2387308e-05,-9.720673e-05,4.7507678e-05,0.0006574436,-4.510577e-05,6.523284e-06
3372,1,-7.406016e-05,2.7155727e-05,4.5146113e-05,-0.0003838711,-6.833144e-05,6.112547e-06
3373,1,-2.87412e-05,-8.519007e-05,2.5291612e-05,-0.00011132678,-2.9866587e-06,-1.2350841e-05
3374,1,7.260083e-05,3.71014e-05,-8.341808e-06,-0.00039196017,-1.4513896e-05,5.5222285e-06
3375,1,9.849932e-05,-0.00027186118,6.460998e-05,-7.542047e-05,-0.00025872287,3.0269006e-05
3376,1,-9.611626e-06,0.0001085455,9.198095e-05,0.00051884743,-0.00020479636,2.589709e-05
3377,1,5.4543845e-05,-0.00022695554,8.721053e-05,-0.00046487874,-0.000209903,1.1142752e-05
3378,1,3.193553e-05,-0.0001263025,8.555418e-05,0.00076581445,-0.00019006111,1.5299506e-06
3379,1,-6.377543e-05,9.888073e-06,7.4188014e-05,-0.00032210667,-0.0001300289,-2.0065156e-05
3380,1,-1.8488283e-05,-0.0001045886,4.1788517e-05,-1.6526848e-06,-8.703093e-05,-2.0666695e-05
3381,1,7.859945e-05,3.4135366e-05,-5.8119067e-06,-0.00034158537,-2.0041116e-06,-9.506218e-06
3382,1,5.1914907e-05,-0.0002898492,0.0001763372,-4.930177e-05,-0.0002950803,-3.1229717e-06
3383,1,-4.4706463e-05,9.110496e-05,0.00015367278,0.0005305935,-0.00030417144,6.295092e-06
3384,1,2.4054281e-05,-0.00024255128,0.00015080678,-0.0004440325,-0.000273803,-5.4514403e-06
3385,1,4.6926784e-06,-0.00013721154,0.00013457176,0.00078688446,-0.00021901523,-3.2972293e-05
3386,1,-7.951158e-05,7.351963e-06,0.00010302479,-0.00032048984,-0.00016276531,-3.9386276e-05
3387,1,-2.700737e-05,-0.0001141077,6.697035e-05,1.37484985e-05,-0.000109502784,-3.5881516e-05
3388,1,7.1747425e-05,2.7283912e-05,2.5418221e-05,-0.00034302557,-0.00010603953,-1.4874618e-05
3389,1,3.735384e-05,-0.00030598306,0.00021284485,-6.5488835e-05,-0.00025535407,3.295726e-06
3390,1,-6.2755935e-05,7.963252e-05,0.00020607459,0.0005358762,-0.00023425839,-1.1893256e-05
3391,1,7.2408693e-06,-0.00024627594,0.00018415136,-0.00044580898,-0.00020364673,-3.1926837e-05
3392,1,-3.815803e-06,-0.00013669494,0.00015536843,0.0007614693,-0.00017075647,-4.12127e-05
3393,1,-8.49774e-05,2.0029443e-06,0.0001236364,-0.00033788208,-0.00013766371,-4.6545192e-05
3394,1,-3.255876e-05,-0.000116591495,8.684403e-05,-6.136009e-06,-0.000118873264,-3.712081e-05
3395,1,6.1848e-05,1.854373e-05,4.7280686e-05,-0.00034412622,-0.00011418641,-1.38946725e-05
3396,1,3.3548313e-05,-0.00031656667,0.0002480044,-4.904159e-05,-0.00015030602,-1.3166944e-05
3397,1,-6.427144e-05,7.723826e-05,0.0002213419,0.0005303814,-0.00014614829,-2.5365132e-05
3398,1,7.769927e-06,-0.00024886045,0.0001971648,-0.00046235434,-0.00013775418,-3.0666557e-05
3399,1,-6.8075933e-06,-0.00013708687,0.00016850227,0.0007434572,-0.00012123166,-3.9703205e-05
3400,1,-8.764026e-05,-1.17745875e-08,0.00013486549,-0.00036138465,-0.00010148305,-3.9282477e-05
3401,1,-3.5777506e-05,-0.00012007463,0.000101592035,-2.0569227e-05,-9.411445e-05,-3.1203406e-05
3402,1,5.6533976e-05,1.1891773e-05,7.3843614e-05,-0.00035118163,-0.00011308009,-1.2151389e-05
3403,1,3.989844e-05,-0.0003184562,0.00024818289,-6.68758e-05,-7.440115e-05,-4.8193783e-06
3404,1,-6.273946e-05,7.159806e-05,0.00023278275,0.0005207897,-7.4485586e-05,-1.5212954e-05
3405,1,4.57714e-06,-0.00024946587,0.0002060815,-0.00046493352,-6.690672e-05,-2.128184e-05
3406,1,-8.143513e-06,-0.0001376913,0.00017519013,0.0007238423,-5.8703794e-05,-2.2834292e-05
3407,1,-8.869748e-05,-1.4728677e-06,0.00014262932,-0.00037346693,-5.334376e-05,-2.2677554e-05
3408,1,-3.7632333e-05,-0.0001221333,0.000111628484,-3.3129672e-05,-5.2412914e-05,-1.7509266e-05
3409,1,5.1867344e-05,7.0774536e-06,8.305928e-05,-0.00035310944,-5.9119655e-05,-6.7593587e-06
3410,1,3.4833807e-05,-0.00032071164,0.00025515436,-5.1932602e-05,-7.8130235e-08,2.0128471e-08
3411,1,-6.492302e-05,7.2107e-05,0.00023506164,0.00052198704,-4.6695565e-08,-5.8235944e-08
3412,1,6.098755e-06,-0.00025091224,0.00020851995,-0.00047428274,-3.2083666e-08,-2.8248918e-08
3413,1,-8.417568e-06,-0.00013748124,0.0001775303,0.000722255,-2.0159037e-08,-7.799669e-08
3414,1,-8.94029e-05,-2.2325723e-06,0.00014516665,-0.000379689,1.1422678e-08,-3.7497962e-08
3415,1,-3.831723e-05,-0.00012290785,0.0001145537,-3.6432953e-05,3.440517e-08,-6.277355e-08
3416,1,5.155092e-05,5.635231e-06,9.289184e-05,-0.00035549482,6.5073564e-08,4.599732e-09
3417,1,3.9892042e-05,-0.00031841092,0.0002481847,-6.684258e-05,7.431005e-05,4.8184793e-06
3418,1,-6.273976e-05,7.1562055e-05,0.00023278757,0.0005206922,7.4375464e-05,1.5105284e-05
3419,1,4.577789e-06,-0.0002494613,0.00020608626,-0.00046486518,6.6842666e-05,2.1224088e-05
3420,1,-8.146195e-06,-0.00013769585,0.00017519495,0.00072376285,5.867016e-05,2.2689712e-05
3421,1,-8.869516e-05,-1.4817446e-06,0.0001426336,-0.00037343576,5.3362975e-05,2.2596068e-05
3422,1,-3.763433e-05,-0.00012213185,0.00011163287,-3.3171364e-05,5.2486062e-05,1.7397953e-05
3423,1,5.186987e-05,7.0691312e-06,8.306714e-05,-0.00035310318,5.9250986e-05,6.7523897e-06
3424,1,3.3537886e-05,-0.00031648445,0.00024800454,-4.8978753e-05,0.00015017149,1.3169478e-05
3425,1,-6.427146e-05,7.7176606e-05,0.00022135064,0.0005302006,0.0001460668,2.5300902e-05
3426,1,7.771994e-06,-0.00024885754,0.00019717506,-0.00046223885,0.00013769693,3.0580923e-05
3427,1,-6.8135137e-06,-0.00013709479,0.0001685124,0.00074331753,0.00012120124,3.9601648e-05
3428,1,-8.7635286e-05,-2.9363022e-08,0.00013487354,-0.00036133602,0.000101508034,3.9185175e-05
3429,1,-3.578142e-05,-0.00012007343,0.000101600664,-2.0639915e-05,9.418457e-05,3.1128086e-05
3430,1,5.6539597e-05,1.1878023e-05,7.38561e-05,-0.00035117555,0.0001132071,1.2127832e-05
3431,1,3.733711e-05,-0.0003058692,0.00021285539,-6.5403634e-05,0.00025528288,-3.3224576e-06
3432,1,-6.275965e-05,7.9543104e-05,0.00020608469,0.0005356168,0.00023417309,1.18360595e-05
3433,1,7.242572e-06,-0.00024627327,0.00018416892,-0.00044564044,0.00020360283,3.186095e-05
3434,1,-3.8228072e-06,-0.0001367062,0.00015538302,0.0007612613,0.00017073896,4.113231e-05
3435,1,-8.497024e-05,1.9740394e-06,0.00012364799,-0.0003378015,0.00013768999,4.646168e-05
3436,1,-3.2563632e-05,-0.00011658628,8.68548e-05,-6.2391964e-06,0.0001189431,3.7065678e-05
3437,1,6.185685e-05,1.8520568e-05,4.729763e-05,-0.0003441161,0.000114307295,1.3865701e-05
3438,1,5.1891733e-05,-0.00028966114,0.0001763203,-4.9172202e-05,0.0002950054,3.1288555e-06
3439,1,-4.4708726e-05,9.096376e-05,0.00015369561,0.0005301981,0.00030413165,-6.348653e-06
3440,1,2.4058492e-05,-0.00024254233,0.0001508268,-0.00044376572,0.00027379533,5.4050265e-06
3441,1,4.68137e-06,-0.00013722842,0.00013459001,0.00078659825,0.000219008,3.291677e-05
3442,1,-7.9499485e-05,7.315282e-06,0.000103038845,-0.00032036062,0.00016279622,3.9328082e-05
3443,1,-2.701428e-05,-0.000114102295,6.6980545e-05,1.3611835e-05,0.00010956169,3.5843263e-05
3444,1,7.176134e-05,2.7257413e-05,2.5432733e-05,-0.00034300625,0.00010614117,1.4861081e-05
3445,1,9.8462784e-05,-0.00027162346,6.464439e-05,-7.5240896e-05,0.00025864443,-3.0277157e-05
3446,1,-9.609633e-06,0.0001083754,9.1980735e-05,0.0005183353,0.00020479049,-2.5915399e-05
3447,1,5.455827e-05,-0.00022694694,8.722926e-05,-0.00046452027,0.00020991261,-1.1177355e-05
3448,1,3.1924938e-05,-0.00012631904,8.55721e-05,0.0007654708,0.00019007074,-1.5559625e-06
3449,1,-6.375813e-05,9.840446e-06,7.420008e-05,-0.0003219275,0.0001300554,2.0021891e-05
3450,1,-1.849555e-05,-0.00010457929,4.179854e-05,-1.8067435e-06,8.707004e-05,2.0655543e-05
3451,1,7.861891e-05,3.410372e-05,-5.8061646e-06,-0.00034155406,2.075025e-06,9.4926745e-06
3452,1,4.947939e-05,-0.00020352556,8.068731e-06,-5.663157e-05,-3.924159e-05,1.963052e-06
3453,1,-4.548037e-05,0.00012658273,3.7161954e-05,0.0004471615,8.9038425e-05,-3.3813583e-05
3454,1,2.8136501e-05,-0.0001922824,5.7545567e-05,-0.0004690582,6.232657e-05,-4.066588e-06
3455,1,1.2375866e-05,-9.724097e-05,4.7519392e-05,0.0006569893,4.5109584e-05,-6.55021e-06
3456,1,-7.404216e-05,2.7107919e-05,4.516228e-05,-0.00038358328,6.834553e-05,-6.115541e-06
3457,1,-2.8755607e-05,-8.51705e-05,2.5293133e-05,-0.00011153503,2.999838e-06,1.2343824e-05
3458,1,7.261748e-05,3.7065343e-05,-8.339022e-06,-0.00039190004,1.4527209e-05,-5.524039e-06
3459,1,-2.6607304e-06,8.1583305e-05,8.446705e-06,0.00017660543,-1.4617715e-05,1.16642e-05
3460,1,-1.6072321e-06,-7.068575e-05,6.848791e-06,-7.933805e-05,4.7503498e-05,2.1250933e-06
3461,1,-9.003257e-06,7.069658e-05,-3.2592714e-06,0.0004485158,-1.9821184e-06,1.5840302e-05
3462,1,-8.663693e-06,2.0008947e-05,-1.246385e-06,-0.00023961086,-1.5402828e-05,1.15033545e-05
3463,1,-3.1033625e-05,2.5866326e-05,-4.8481256e-06,0.00018060197,1.3921669e-05,8.3566765e-06
3464,1,-2.8568029e-05,9.169934e-05,-1.1552949e-05,-0.00051420165,-2.126406e-05,1.0161369e-05
3465,1,4.0251376e-05,-9.342637e-06,-2.6434484e-05,-0.00020635242,4.8875972e-05,-1.983651e-06
3466,1,1.6199187e-05,7.457663e-05,3.307838e-05,0.00017740861,-3.6591011e-06,3.1950945e-06
3467,1,2.1956346e-05,-9.980767e-05,2.6122414e-05,-0.00010423844,-7.695303e-05,2.3671822e-05
3468,1,8.105842e-06,5.649503e-05,2.5198407e-05,0.0005122803,-7.506342e-05,2.1850043e-05
3469,1,1.3671877e-06,5.9750782e-06,1.7714421e-05,-0.00022157846,-6.722986e-05,1.7377166e-05
3470,1,-2.1117177e-05,1.0978478e-05,8.496175e-06,0.0002633928,-5.9851107e-05,2.064561e-05
3471,1,-2.4001509e-05,8.394071e-05,-1.6839516e-06,-0.00043939461,-2.1302681e-05,1.5864129e-05
3472,1,4.600736e-05,-1.7555583e-05,-1.505792e-05,-0.0001654484,-8.5983726e-07,6.5410723e-06
3473,1,6.8276263e-06,5.287398e-05,7.833487e-05,0.00017683544,-0.00020115526,1.395909e-05
3474,1,6.2065524e-06,-0.000114023,7.614279e-05,-8.025222e-05,-0.00016982682,1.5402577e-05
3475,1,-7.046995e-06,4.297869e-05,6.430295e-05,0.0005260045,-0.00015905338,1.0772959e-05
3476,1,-8.47312e-06,-6.337396e-06,5.076795e-05,-0.00021295599,-0.00013697526,1.0911982e-05
3477,1,-2.8679444e-05,-9.72391e-07,3.5352612e-05,0.00028221952,-0.000101907106,8.830045e-06
3478,1,-2.7735792e-05,7.94017e-05,1.4607924e-05,-0.00043533288,-7.322955e-05,1.069054e-05
3479,1,4.183589e-05,-2.0362666e-05,-1.0609641e-05,-0.00016064863,-4.4695236e-05,5.5025084e-06
3480,1,-1.44636615e-05,4.1646894e-05,0.00013091559,0.00018962119,-0.00015368983,-3.2147157e-06
3481,1,-4.5886436e-06,-0.00012511667,0.00010844185,-8.164337e-05,-0.00015419781,1.1751188e-06
3482,1,-1.5473706e-05,3.254141e-05,9.494591e-05,0.0005195083,-0.00014288038,1.9330519e-06
3483,1,-1.665612e-05,-1.5739772e-05,7.743111e-05,-0.00021748318,-0.00012051436,-1.7612122e-06
3484,1,-3.2561315e-05,-7.0046767e-06,5.4893768e-05,0.00026581413,-9.6023476e-05,-1.4287378e-06
3485,1,-3.2091535e-05,7.2120536e-05,3.0855168e-05,-0.00044081916,-8.073457e-05,-4.3874022e-07
3486,1,3.9269682e-05,-2.3574257e-05,4.841021e-06,-0.00016397197,-9.3520415e-05,-2.9343187e-07
3487,1,-6.013106e-06,3.1203905e-05,0.00014697993,0.0001773612,-0.000100336074,3.0453204e-08
3488,1,-6.599137e-06,-0.00013631019,0.00013558484,-8.100804e-05,-9.872056e-05,-4.604797e-06
3489,1,-1.7656057e-05,2.6229342e-05,0.00011616924,0.0005175453,-9.111781e-05,-7.3638307e-06
3490,1,-1.677745e-05,-2.146237e-05,9.4221e-05,-0.00023210506,-8.1101556e-05,-7.2534563e-06
3491,1,-3.450335e-05,-1.148187e-05,7.087327e-05,0.0002556472,-7.267329e-05,-6.6405823e-06
3492,1,-3.2659827e-05,6.6949775e-05,4.494359e-05,-0.00044818694,-6.746289e-05,-4.1897338e-06
3493,1,3.3454995e-05,-2.8005334e-05,1.6201711e-05,-0.0001650215,-7.497234e-05,-1.7402383e-06
3494,1,-1.3973855e-05,2.4056568e-05,0.00016880316,0.00019191297,-4.7308196e-05,-3.533359e-06
3495,1,-6.0694283e-06,-0.00014090234,0.0001497219,-7.762632e-05,-4.644938e-05,-5.889856e-06
3496,1,-1.7861474e-05,2.125569e-05,0.00013019984,0.0005074858,-4.5353267e-05,-6.2027257e-06
3497,1,-1.9185178e-05,-2.464132e-05,0.00010703865,-0.00023381742,-4.1772706e-05,-6.5417958e-06
3498,1,-3.5249013e-05,-1.465191e-05,8.150589e-05,0.00024547376,-3.6878006e-05,-5.407254e-06
3499,1,-3.50763e-05,6.330316e-05,5.5291614e-05,-0.00045232498,-3.7341244e-05,-3.784576e-06
3500,1,3.4087756e-05,-3.161021e-05,2.9737012e-05,-0.00016620106,-4.7913847e-05,-1.4775837e-06
3501,1,-6.2884633e-06,2.2435339e-05,0.00016963518,0.00017696903,-2.2590422e-08,-3.1782385e-08
3502,1,-7.947735e-06,-0.00014373305,0.00015678906,-8.203582e-05,-3.8080685e-08,-2.2929475e-08
3503,1,-1.9395387e-05,2.0231988e-05,0.00013510456,0.00051172555,-2.4035222e-08,-6.722737e-08
3504,1,-1.8641682e-05,-2.6241793e-05,0.000110704226,-0.00023986654,-5.622399e-09,-4.9959898e-08
3505,1,-3.610744e-05,-1.5405538e-05,8.52928e-05,0.00024440547,2.2981064e-09,-7.1511124e-08
3506,1,-3.4304954e-05,6.1832834e-05,5.9034843e-05,-0.00045353975,2.6184017e-08,-3.3479132e-08
3507,1,3.0380665e-05,-3.303076e-05,3.1378026e-05,-0.00016686865,4.5645066e-08,-2.9007696e-08
3508,1,-1.3970873e-05,2.4036088e-05,0.00016880131,0.0001918926,4.721041e-05,3.4977675e-06
3509,1,-6.072379e-06,-0.00014088469,0.00014972384,-7.758191e-05,4.639764e-05,5.8424316e-06
3510,1,-1.7862305e-05,2.124536e-05,0.00013020306,0.00050741667,4.5308338e-05,6.075206e-06
3511,1,-1.9184032e-05,-2.4642262e-05,0.00010704124,-0.0002337801,4.1756193e-05,6.44116e-06
3512,1,-3.5250687e-05,-1.4651459e-05,8.150787e-05,0.00024543225,3.688859e-05,5.2748733e-06
3513,1,-3.5075165e-05,6.3300155e-05,5.5294215e-05,-0.00045231995,3.738908e-05,3.714133e-06
3514,1,3.4087796e-05,-3.1612493e-05,2.9742427e-05,-0.00016621224,4.8005586e-05,1.4304363e-06
3515,1,-6.009552e-06,3.1167427e-05,0.00014697794,0.00017732833,0.000100294106,-6.578441e-08
3516,1,-6.603798e-06,-0.00013628059,0.00013558778,-8.0927326e-05,9.865273e-05,4.544866e-06
3517,1,-1.7657912e-05,2.6212516e-05,0.0001161749,0.00051741884,9.107639e-05,7.2682014e-06
3518,1,-1.6774757e-05,-2.1466087e-05,9.422587e-05,-0.00023204289,8.1093676e-05,7.1473264e-06
3519,1,-3.4506567e-05,-1.1480872e-05,7.087699e-05,0.0002555751,7.268299e-05,6.5364297e-06
3520,1,-3.265757e-05,6.694465e-05,4.4947676e-05,-0.00044818275,6.751476e-05,4.112971e-06
3521,1,3.345549e-05,-2.8009905e-05,1.62119e-05,-0.0001650393,7.506208e-05,1.708414e-06
3522,1,-1.4455858e-05,4.1595886e-05,0.00013090685,0.00018957406,0.00015361932,3.2036482e-06
3523,1,-4.597314e-06,-0.00012507392,0.000108449225,-8.153079e-05,0.0001541562,-1.2221842e-06
3524,1,-1.5476768e-05,3.2516346e-05,9.495336e-05,0.00051932066,0.0001428504,-2.01354e-06
3525,1,-1.6652439e-05,-1.5746182e-05,7.743804e-05,-0.00021738696,0.000120509925,1.6732882e-06
3526,1,-3.256553e-05,-7.0024485e-06,5.4898377e-05,0.00026570715,9.60387e-05,1.3467832e-06
3527,1,-3.2088075e-05,7.2111674e-05,3.085982e-05,-0.00044080988,8.0781865e-05,3.7409743e-07
3528,1,3.9270657e-05,-2.3578188e-05,4.852706e-06,-0.00016399648,9.360341e-05,2.7400316e-07
3529,1,6.833918e-06,5.27903e-05,7.8340556e-05,0.00017676316,0.00020112192,-1.3978153e-05
3530,1,6.195186e-06,-0.000113953116,7.614526e-05,-8.008036e-05,0.00016979659,-1.5428055e-05
3531,1,-7.0505816e-06,4.2941432e-05,6.431212e-05,0.00052573177,0.00015903737,-1.0831881e-05
3532,1,-8.466358e-06,-6.344835e-06,5.07756e-05,-0.00021280469,0.00013698691,-1.0976666e-05
3533,1,-2.8685492e-05,-9.70875e-07,3.535746e-05,0.0002820769,0.00010191974,-8.8896095e-06
3534,1,-2.7730122e-05,7.939106e-05,1.4612532e-05,-0.00043531155,7.327018e-05,-1.0734963e-05
3535,1,4.183847e-05,-2.0368429e-05,-1.0598423e-05,-0.00016068072,4.476374e-05,-5.518022e-06
3536,1,1.6213704e-05,7.4467265e-05,3.3062643e-05,0.0001773076,3.689697e-06,-3.1963505e-06
3537,1,2.1944124e-05,-9.972055e-05,2.6134301e-05,-0.000104000756,7.692938e-05,-2.3685923e-05
3538,1,8.103093e-06,5.6451292e-05,2.5203175e-05,0.0005119355,7.506417e-05,-2.1880534e-05
3539,1,1.3777576e-06,5.966001e-06,1.7719703e-05,-0.0002213681,6.723874e-05,-1.7422626e-05
3540,1,-2.1123551e-05,1.0980521e-05,8.500925e-06,0.0002632252,5.9855793e-05,-2.0677222e-05
3541,1,-2.399368e-05,8.392652e-05,-1.6817744e-06,-0.00043935952,2.1324902e-05,-1.5892105e-05
3542,1,4.6010973e-05,-1.7558661e-05,-1.5050505e-05,-0.00016548579,8.898037e-07,-6.5430577e-06
3543,1,-2.644748e-06,8.1433565e-05,8.4504745e-06,0.00017648387,1.4540647e-05,-1.1669278e-05
3544,1,-1.6209855e-06,-7.055988e-05,6.841639e-06,-7.904014e-05,-4.7465797e-05,-2.1251592e-06
3545,1,-9.003184e-06,7.0622686e-05,-3.2478797e-06,0.00044809506,1.9723295e-06,-1.5858905e-05
3546,1,-8.653636e-06,2.001023e-05,-1.2418766e-06,-0.00023930462,1.5404963e-05,-1.1510004e-05
3547,1,-3.104304e-05,2.5867947e-05,-4.8472807e-06,0.00018037701,-1.3922859e-05,-8.3753375e-06
3548,1,-2.8561855e-05,9.168482e-05,-1.154932e-05,-0.0005141229,2.126581e-05,-1.0165279e-05
3549,1,4.0252122e-05,-9.344005e-06,-2.6429558e-05,-0.00020639952,-4.8864324e-05,1.9822178e-06
3550,1,6.7352307e-06,-2.1952171e-06,-1.7480404e-05,2.5711965e-05,5.0395436e-05,4.251297e-06
3551,1,-1.7959255e-05,9.4471696e-05,-3.0776922e-05,0.00014534056,1.426562e-07,1.2369301e-05
3552,1,-3.5226415e-06,0.00010064528,-5.0697305e-05,-6.9794914e-05,2.1075959e-05,6.6050284e-06
3553,1,-5.463215e-06,0.00016370253,-6.56385e-05,0.00018718594,9.5179985e-06,2.1742435e-05
3554,1,-3.7956026e-05,0.00018827684,-6.385788e-05,-0.00015336022,-6.7263736e-06,3.241172e-05
3555,1,6.694066e-06,9.923541e-05,-5.0236955e-05,-0.0001345146,1.5545642e-05,3.1153708e-05
3556,1,-6.031275e-08,3.5873967e-05,-2.0542182e-05,-9.748275e-05,8.245548e-06,1.6560258e-05
3557,1,2.0866712e-05,-1.0683687e-05,-2.5247806e-05,1.4001643e-05,-9.497498e-06,1.5750838e-05
3558,1,-1.5512844e-05,8.9498615e-05,-3.414781e-05,0.00015311,2.6951157e-06,2.1260576e-05
3559,1,2.7743924e-06,8.7726476e-05,-4.7869456e-05,-7.2097144e-05,-1.1574259e-05,2.6225496e-05
3560,1,4.3623012e-07,0.00015358417,-5.59451e-05,0.00021557456,-1.5574073e-05,4.1054933e-05
3561,1,-4.0019502e-05,0.0001817711,-5.5772623e-05,-0.00012808859,-1.0289928e-05,5.3903655e-05
3562,1,1.2987708e-05,9.446645e-05,-5.2356845e-05,-9.640591e-05,-6.8607087e-06,5.342658e-05
3563,1,1.5529677e-07,4.5868663e-05,-4.673031e-05,-7.737086e-05,2.0223779e-05,2.4168165e-05
3564,1,5.3467006e-06,-1.7270617e-05,6.933703e-06,2.7185848e-05,-5.142582e-05,4.8100114e-06
3565,1,-1.4437194e-05,7.737329e-05,-9.677983e-06,0.00015374116,-6.275544e-05,2.0577254e-05
3566,1,-1.195616e-06,7.2787756e-05,-1.5913978e-05,-6.727145e-05,-5.9869366e-05,2.6831198e-05
3567,1,-5.6442796e-06,0.00013740847,-2.4142912e-05,0.00022698475,-4.9315076e-05,3.1119846e-05
3568,1,-3.87702e-05,0.00016952588,-3.37389e-05,-0.00012962296,-3.739666e-05,3.665269e-05
3569,1,8.197747e-06,8.99884e-05,-4.2487565e-05,-9.557366e-05,-2.4039096e-05,3.600438e-05
3570,1,4.7936032e-06,4.858737e-05,-5.631134e-05,-8.009055e-05,-2.3942188e-05,1.5985031e-05
3571,1,1.2786405e-05,-3.754764e-05,5.109439e-05,1.5844613e-05,-6.652179e-05,2.7320623e-06
3572,1,-2.6185193e-05,6.361492e-05,4.1546642e-05,0.00015777712,-6.0428865e-05,7.1050604e-06
3573,1,-7.248103e-06,6.0703664e-05,2.7300583e-05,-6.450772e-05,-5.3902724e-05,1.3532695e-05
3574,1,-8.102761e-06,0.00012636626,1.2612461e-05,0.00021568094,-4.6804395e-05,1.7406348e-05
3575,1,-4.4796197e-05,0.00015926179,-2.7313836e-06,-0.00012984307,-3.8292514e-05,2.1757793e-05
3576,1,9.33214e-06,8.2028906e-05,-2.242516e-05,-9.8347e-05,-3.170372e-05,2.4130602e-05
3577,1,-2.5314155e-06,4.527972e-05,-4.405645e-05,-8.078164e-05,-3.1721418e-05,1.2727766e-05
3578,1,-4.1094527e-06,-5.0369737e-05,9.488704e-05,3.187014e-05,-3.4129993e-05,-1.121543e-06
3579,1,-2.3901215e-05,5.108867e-05,7.60163e-05,0.00015892759,-3.2631266e-05,1.3793682e-06
3580,1,-9.051231e-06,5.1403025e-05,5.9833186e-05,-7.189973e-05,-3.340764e-05,4.6855585e-06
3581,1,-1.1941932e-05,0.000118038915,4.2312167e-05,0.00021653938,-2.9866049e-05,7.990025e-06
3582,1,-4.4150973e-05,0.00015058703,2.1523078e-05,-0.00013720637,-2.5750498e-05,1.156469e-05
3583,1,4.4790218e-06,7.4633725e-05,5.367959e-07,-9.978904e-05,-2.5551488e-05,1.5798909e-05
3584,1,1.9991219e-06,3.6971087e-05,-2.5874919e-05,-8.0328464e-05,-3.3190547e-05,8.422345e-06
3585,1,9.819492e-06,-5.9047186e-05,0.00010768428,1.7493545e-05,-1.4900086e-05,3.6970076e-07
3586,1,-2.9344237e-05,4.4383974e-05,9.716454e-05,0.00015687889,-1.700176e-05,1.0371647e-07
3587,1,-1.105149e-05,4.4995333e-05,7.911985e-05,-6.621633e-05,-1.5849695e-05,9.576195e-07
3588,1,-1.2111706e-05,0.00011284605,5.8960642e-05,0.00020960771,-1.5138051e-05,2.7003873e-06
3589,1,-4.729093e-05,0.00014526474,3.860448e-05,-0.00013620303,-1.461703e-05,5.256538e-06
3590,1,6.005719e-06,6.820363e-05,1.5680975e-05,-0.000101252575,-1.4040012e-05,7.543499e-06
3591,1,-6.106859e-06,3.1921685e-05,-9.676251e-06,-8.142121e-05,-1.7686758e-05,4.442858e-06
3592,1,-5.226101e-06,-6.0532733e-05,0.0001193738,3.2611417e-05,-2.3059368e-08,-1.3025347e-08
3593,1,-2.5881369e-05,4.1526444e-05,0.000101948586,0.00016063626,-6.402616e-09,-5.504897e-08
3594,1,-1.1066958e-05,4.3325206e-05,8.492038e-05,-7.1782335e-05,-7.536132e-09,-6.316697e-08
3595,1,-1.37873e-05,0.000110914305,6.5590786e-05,0.00021300736,-5.1687765e-09,-8.124641e-08
3596,1,-4.607278e-05,0.00014306701,4.3672564e-05,-0.00013930324,3.6827843e-09,-7.205011e-08
3597,1,2.8460447e-06,6.6651504e-05,2.213148e-05,-0.00010108834,6.8690564e-09,-6.5013246e-08
3598,1,3.4819334e-07,2.8895347e-05,-5.0701783e-06,-8.041871e-05,1.8580891e-08,-2.173812e-08
3599,1,9.815884e-06,-5.90398e-05,0.00010768349,1.7502278e-05,1.48817135e-05,-4.0469055e-07
3600,1,-2.9342495e-05,4.4378696e-05,9.7166136e-05,0.00015686249,1.6975911e-05,-2.0720854e-07
3601,1,-1.1051452e-05,4.499938e-05,7.9122234e-05,-6.619738e-05,1.5836506e-05,-1.0816887e-06
3602,1,-1.21148705e-05,0.00011284731,5.896233e-05,0.00020958435,1.5130319e-05,-2.8559218e-06
3603,1,-4.728751e-05,0.00014526492,3.860479e-05,-0.0001361963,1.4622811e-05,-5.3972003e-06
3604,1,6.002683e-06,6.820584e-05,1.5681293e-05,-0.00010126015,1.4056184e-05,-7.668377e-06
3605,1,-6.1057767e-06,3.1920525e-05,-9.673051e-06,-8.1422506e-05,1.772333e-05,-4.487391e-06
3606,1,-4.106492e-06,-5.0358056e-05,9.4882686e-05,3.1877837e-05,3.4088687e-05,1.0926675e-06
3607,1,-2.3902137e-05,5.1080973e-05,7.602099e-05,0.00015889616,3.2618755e-05,-1.4677602e-06
3608,1,-9.050707e-06,5.140917e-05,5.9838014e-05,-7.186459e-05,3.3393477e-05,-4.8021693e-06
3609,1,-1.1947196e-05,0.00011804204,4.2314834e-05,0.00021649586,2.9858462e-05,-8.124754e-06
3610,1,-4.414514e-05,0.00015058718,2.152323e-05,-0.00013719534,2.5758349e-05,-1.169629e-05
3611,1,4.474256e-06,7.4637996e-05,5.3610825e-07,-9.980266e-05,2.556641e-05,-1.5906004e-05
3612,1,2.0006453e-06,3.6969926e-05,-2.587033e-05,-8.0332065e-05,3.3226825e-05,-8.466623e-06
3613,1,1.2776308e-05,-3.7529044e-05,5.1094943e-05,1.5865444e-05,6.650434e-05,-2.7620176e-06
3614,1,-2.6180667e-05,6.3602325e-05,4.155123e-05,0.00015773362,6.0409882e-05,-7.1767113e-06
3615,1,-7.2484536e-06,6.0713144e-05,2.7307588e-05,-6.446049e-05,5.3894764e-05,-1.362791e-05
3616,1,-8.110936e-06,0.00012637,1.2615632e-05,0.00021561816,4.6800782e-05,-1.751579e-05
3617,1,-4.4786615e-05,0.00015926201,-2.7331466e-06,-0.00012982592,3.8300623e-05,-2.1865835e-05
3618,1,9.3241515e-06,8.2036415e-05,-2.2428187e-05,-9.836573e-05,3.1719454e-05,-2.4218658e-05
3619,1,-2.527795e-06,4.5277655e-05,-4.4052813e-05,-8.078849e-05,3.175522e-05,-1.2765892e-05
3620,1,5.3500376e-06,-1.7245773e-05,6.926565e-06,2.7201273e-05,5.1407238e-05,-4.8268357e-06
3621,1,-1.4437928e-05,7.735358e-05,-9.669267e-06,0.00015367362,6.275233e-05,-2.0628326e-05
3622,1,-1.1940256e-06,7.280097e-05,-1.5908829e-05,-6.719209e-05,5.9867314e-05,-2.6897325e-05
3623,1,-5.6550766e-06,0.00013741324,-2.4141622e-05,0.00022689335,4.931368e-05,-3.1200227e-05
3624,1,-3.8756396e-05,0.00016952472,-3.3742283e-05,-0.00012959188,3.7405905e-05,-3.6729863e-05
3625,1,8.1874405e-06,8.999893e-05,-4.249484e-05,-9.5599105e-05,2.4050707e-05,-3.6065274e-05
3626,1,4.798205e-06,4.8588343e-05,-5.631145e-05,-8.009881e-05,2.3967777e-05,-1.601224e-05
3627,1,2.0853111e-05,-1.064752e-05,-2.5245672e-05,1.40363645e-05,9.466073e-06,-1.5757925e-05
3628,1,-1.5504784e-05,8.9473455e-05,-3.4148015e-05,0.00015301522,-2.684817e-06,-2.1286773e-05
3629,1,2.7777119e-06,8.77417e-05,-4.786606e-05,-7.199233e-05,1.15731855e-05,-2.6265761e-05
3630,1,4.207168e-07,0.00015358948,-5.594594e-05,0.0002154684,1.5573696e-05,-4.110135e-05
3631,1,-3.9999653e-05,0.00018176936,-5.5777105e-05,-0.0001280462,1.0292783e-05,-5.3952575e-05
3632,1,1.2972892e-05,9.44788e-05,-5.2363957e-05,-9.6432705e-05,6.8621944e-06,-5.3458363e-05
3633,1,1.6274988e-07,4.586776e-05,-4.673237e-05,-7.738161e-05,-2.0210247e-05,-2.4181709e-05
3634,1,6.729215e-06,-2.1530846e-06,-1.74822e-05,2.5743579e-05,-5.0361832e-05,-4.250639e-06
3635,1,-1.7951816e-05,9.4431154e-05,-3.0774383e-05,0.00014523149,-1.6909772e-07,-1.2375496e-05
3636,1,-3.519888e-06,0.000100666606,-5.069795e-05,-6.965121e-05,-2.1062999e-05,-6.6187085e-06
3637,1,-5.4794987e-06,0.00016370325,-6.56382e-05,0.00018704614,-9.523206e-06,-2.1759333e-05
3638,1,-3.793373e-05,0.00018827764,-6.386382e-05,-0.00015328589,6.7264073e-06,-3.2425924e-05
3639,1,6.6742773e-06,9.9251585e-05,-5.0239767e-05,-0.00013455206,-1.5547312e-05,-3.116703e-05
3640,1,-5.2573704e-08,3.5878096e-05,-2.0547439e-05,-9.749225e-05,-8.245929e-06,-1.6559892e-05
