ElementLabel,IntegrationPoint,S11,S22,S33,S12,S13,S23
1,1,0.23868248,-0.1037801,-0.235121,-0.11582032,-0.22663113,0.014818638
2,1,-0.565404,1.1083791,0.035679825,-0.6539518,-0.00078612234,0.043316897
3,1,0.11147364,1.1614099,-0.13625003,0.31308904,-0.09480977,0.023148833
4,1,0.3003047,1.9964452,0.031291828,-0.84231925,-0.042892717,0.076161444
5,1,-1.2636546,2.1826556,0.020915944,0.68902403,0.030204194,0.11350925
6,1,0.64315486,1.2043563,-0.07748948,0.60514945,-0.07001921,0.10906851
7,1,0.087095864,0.40553585,-0.07844333,0.43859524,-0.037137933,0.057947412
8,1,0.88764256,-0.1959609,-0.3210596,-0.063073285,0.04256178,0.055158004
9,1,-0.4857195,1.0271989,-0.031880684,-0.68892246,-0.012134789,0.0745133
10,1,0.38395274,1.0238131,-0.13882518,0.3236391,0.05202926,0.09195815
11,1,0.61009,1.9422253,0.14693987,-0.97012967,0.06999383,0.14390635
12,1,-1.3628597,2.1245222,0.087955326,0.57543075,0.046220865,0.18887076
13,1,0.9354663,1.1568877,-0.10212916,0.43366536,0.03078049,0.18713087
14,1,0.0020522447,0.38887784,-0.4051148,0.34806544,-0.090992995,0.0846134
15,1,0.22158024,-0.18187013,0.025384484,-0.12232204,0.23133095,0.016966205
16,1,-0.35537642,1.0087026,0.2633182,-0.69186664,0.28234908,0.07229495
17,1,0.27581307,0.98070115,0.22008385,0.3020927,0.26934943,0.09423327
18,1,0.3827348,1.8670913,0.4830896,-1.0215255,0.22184575,0.10929877
19,1,-1.2387007,2.0895638,0.3468142,0.5824395,0.16826257,0.12862988
20,1,0.7148426,1.124324,-0.011713451,0.42990413,0.10816041,0.12628587
21,1,0.20595802,0.39608726,-0.5033446,0.36029482,0.10783541,0.056086637
22,1,0.7564942,-0.15860341,0.6010924,-0.071238995,0.2992756,0.009752642
23,1,-0.75193024,1.0600293,0.8715874,-0.7100955,0.27183217,0.02521251
24,1,0.14209692,1.0398268,0.75324965,0.28980178,0.24250391,0.04778303
25,1,0.40638664,1.9221092,0.94779885,-0.97074825,0.21056953,0.061396413
26,1,-1.4332962,2.09813,0.70913744,0.58350027,0.17231832,0.07660605
27,1,0.8472016,1.1402308,0.24443586,0.44238624,0.14269778,0.084835336
28,1,-0.12770708,0.38109684,-0.38488963,0.36338508,0.14288701,0.044731658
29,1,0.04979041,-0.17171371,1.0732733,-0.1432926,0.15338519,-0.003768764
30,1,-0.50022084,1.1065896,1.320946,-0.7152747,0.14677823,0.0051956987
31,1,0.18552618,1.0977594,1.1697541,0.3231388,0.15026744,0.016870568
32,1,0.3314548,1.9643563,1.3160063,-0.97466755,0.13434972,0.028499126
33,1,-1.3063607,2.1272097,1.0204759,0.61668634,0.11589862,0.04099976
34,1,0.68390626,1.147297,0.51176006,0.44886237,0.11502941,0.055727344
35,1,0.17066248,0.40006688,-0.13884361,0.3613796,0.14952789,0.02969376
36,1,0.8097753,-0.13651855,1.292595,-0.07853393,0.06695503,0.0014611363
37,1,-0.70144856,1.1089242,1.561953,-0.7061213,0.076393604,0.0007484554
38,1,0.15689228,1.113109,1.405364,0.29766405,0.07126094,0.0038477997
39,1,0.39092547,1.9920453,1.5309058,-0.9435552,0.06808597,0.010024583
40,1,-1.4021146,2.1379414,1.2232596,0.61220694,0.06580012,0.01895471
41,1,0.8167627,1.1569908,0.70641583,0.45544672,0.063250646,0.026865114
42,1,-0.19112016,0.37956297,0.022784682,0.36627588,0.07976654,0.0157575
43,1,0.07625437,-0.1741358,1.3679675,-0.14657396,-0.00012975503,8.039452e-05
44,1,-0.50694054,1.1174955,1.6359808,-0.7230771,-4.0010193e-05,0.00019525361
45,1,0.18061955,1.1250391,1.4813334,0.3227963,-3.3812405e-05,0.0002722207
46,1,0.330682,1.9954706,1.6077361,-0.9589477,-1.799239e-05,0.0002933943
47,1,-1.320811,2.1447122,1.2923188,0.626195,2.1109154e-05,0.00030644587
48,1,0.6792093,1.1560825,0.77413607,0.4546722,4.6285797e-05,0.00023353766
49,1,0.15940952,0.40229928,0.11093116,0.3617873,0.000108704255,0.00011038943
50,1,0.8099215,-0.13659835,1.2925521,-0.07850153,-0.067057654,-0.0012898627
51,1,-0.70149183,1.1089767,1.5619411,-0.70618796,-0.07651203,-0.0003715319
52,1,0.15684396,1.1130382,1.4053115,0.29774106,-0.07132608,-0.0033228963
53,1,0.39106825,1.9920285,1.5309105,-0.94364756,-0.06811368,-0.009446964
54,1,-1.4022849,2.1379123,1.2232623,0.6122314,-0.065760575,-0.018365849
55,1,0.81689465,1.1569726,0.70644975,0.45541763,-0.06315624,-0.026401762
56,1,-0.1911879,0.3795554,0.022781998,0.36626294,-0.079562105,-0.015548117
57,1,0.04961856,-0.1718838,1.0732033,-0.14327239,-0.1536208,0.003898469
58,1,-0.50022197,1.1066865,1.3209158,-0.7154199,-0.14684704,-0.0048414874
59,1,0.18546529,1.0976279,1.1696554,0.32330787,-0.15032959,-0.016401667
60,1,0.33169413,1.9643195,1.3160172,-0.9748665,-0.13438217,-0.027964167
61,1,-1.3066838,2.1271594,1.0204871,0.61674285,-0.115853965,-0.040463515
62,1,0.68416005,1.1472627,0.5118353,0.4487985,-0.11494312,-0.055295058
63,1,0.17054845,0.40004712,-0.13884287,0.3613581,-0.14932185,-0.029504336
64,1,0.75692725,-0.15883367,0.6009679,-0.07113829,-0.29933584,-0.009639669
65,1,-0.75204813,1.06017,0.87156403,-0.7102994,-0.27192467,-0.024925686
66,1,0.14196135,1.0396295,0.7531091,0.29001823,-0.242549,-0.0473909
67,1,0.40679896,1.9220685,0.9478232,-0.9710229,-0.21058962,-0.060943265
68,1,-1.4337944,2.098063,0.70916516,0.58357203,-0.17228122,-0.07615357
69,1,0.84757966,1.1401812,0.2445551,0.44229725,-0.14261548,-0.08446223
70,1,-0.12791155,0.3810784,-0.3848702,0.3633536,-0.1427149,-0.044574574
71,1,0.22129025,-0.18220177,0.025307467,-0.12226663,-0.23143503,-0.016891625
72,1,-0.35535264,1.0089206,0.2633108,-0.69215363,-0.28236303,-0.07208675
73,1,0.2756835,0.9804451,0.21993344,0.30244392,-0.2693808,-0.0939501
74,1,0.38322407,1.867046,0.48313797,-1.0219368,-0.22186878,-0.1089475
75,1,-1.2393731,2.0895028,0.3468415,0.5825668,-0.1682266,-0.12828718
76,1,0.71535164,1.1242677,-0.011545218,0.4297803,-0.10810954,-0.12601358
77,1,0.20570816,0.39604726,-0.50331664,0.3602565,-0.10770171,-0.055963714
78,1,0.8881496,-0.19649024,-0.3212759,-0.06289969,-0.04268088,-0.05514351
79,1,-0.48595214,1.0275422,-0.03174963,-0.68936276,0.0121465875,-0.074400194
80,1,0.3836374,1.0234692,-0.13899828,0.32412687,-0.05204415,-0.09177388
81,1,0.61094177,1.942237,0.1470338,-0.9706442,-0.07000981,-0.1436822
82,1,-1.363914,2.1244295,0.08793433,0.5756204,-0.046219908,-0.18864222
83,1,0.9362501,1.1568465,-0.10197015,0.43351874,-0.030770177,-0.18697663
84,1,0.0016433265,0.388852,-0.4050886,0.3480097,0.0910445,-0.0845549
85,1,0.23870425,-0.10432135,-0.23529431,-0.11567912,0.2267736,-0.014808387
86,1,-0.56549394,1.108842,0.03582945,-0.65439564,0.0006803213,-0.043299817
87,1,0.1112119,1.1610875,-0.13637829,0.31363463,0.09483988,-0.023074402
88,1,0.30109513,1.9965,0.03137638,-0.84290177,0.0428864,-0.0760794
89,1,-1.2646858,2.1825323,0.020871101,0.6892762,-0.030220892,-0.11343265
90,1,0.6440072,1.2042582,-0.07741478,0.60498714,0.07001697,-0.109006986
91,1,0.08673943,0.40545428,-0.07843977,0.43854767,0.03713252,-0.057946444
92,1,0.40096942,1.2559613,0.6310713,-0.7944994,0.065399766,0.040848117
93,1,-0.4681572,-1.0214106,-0.35826027,0.3559101,-0.21362047,0.007390985
94,1,-0.06449292,0.98043543,0.34883082,-2.0166955,0.008851783,0.05551999
95,1,-0.34941873,0.24053617,0.057596397,1.0768114,0.06928058,0.04031123
96,1,-1.5114269,0.16977702,-0.092852816,-0.81190574,-0.062656656,0.02930488
97,1,-1.0397419,1.1290549,0.24245296,2.3131726,0.095675655,0.0356003
98,1,1.9094299,-0.067307435,-0.21447846,0.92899406,-0.21988624,-0.0070048743
99,1,1.5031388,1.4215978,1.0673622,-0.79807,0.016613642,0.01121767
100,1,0.7178988,-1.1933062,-0.11497963,0.46831238,0.34614167,0.08299321
101,1,0.92616326,1.052196,0.7861816,-2.3037884,0.3377086,0.07671691
102,1,0.21046664,0.21154636,0.31151965,0.9960626,0.30254036,0.06107618
103,1,-0.99481606,0.09133927,0.07101263,-1.1845609,0.26930204,0.07248049
104,1,-0.78430927,1.103064,0.36779422,1.9767338,0.0959339,0.05565654
105,1,2.233483,-0.08320564,-0.062279668,0.7449383,0.004002051,0.022908326
106,1,1.1485444,1.3307396,1.550421,-0.79562485,0.9050497,0.04919519
107,1,0.09992526,-1.1810018,0.44811514,0.3607368,0.7640537,0.054218583
108,1,0.27871624,1.0094109,1.1943967,-2.365948,0.7156365,0.03815463
109,1,-0.18560776,0.17967984,0.66856754,0.95755744,0.61641073,0.038609233
110,1,-1.3049341,0.038904674,0.35124877,-1.2694117,0.45861456,0.031279646
111,1,-0.91139084,1.116966,0.56025594,1.9585308,0.32971212,0.03768139
112,1,2.0228994,-0.12174579,-0.038588442,0.7233054,0.20143536,0.01937595
113,1,0.2709505,1.3716623,2.1378965,-0.8532493,0.6912755,-0.0109894695
114,1,-0.34379607,-1.2053825,0.7959122,0.3672028,0.6937075,0.004480643
115,1,-0.045908384,0.99885815,1.5358646,-2.3370395,0.64282465,0.0072557223
116,1,-0.51506025,0.16049618,0.9584684,0.9781516,0.5422957,-0.005694492
117,1,-1.429569,0.050392434,0.5818883,-1.195735,0.4321814,-0.0045580072
118,1,-1.0881665,1.0858563,0.73077977,1.9832717,0.36353976,-0.0011951576
119,1,1.9603105,-0.08637407,0.15673798,0.73822606,0.4212589,-0.0008145855
120,1,0.75080544,1.3689262,2.3623521,-0.7981023,0.45131636,0.00035581656
121,1,-0.35462198,-1.2116121,1.1183286,0.3645211,0.44395363,-0.01577853
122,1,-0.07202836,1.0271021,1.8000457,-2.3284338,0.40985537,-0.025313318
123,1,-0.45563155,0.18152326,1.1723914,1.044103,0.36494544,-0.024898188
124,1,-1.4635866,0.07392378,0.7807336,-1.1501155,0.32709846,-0.022775581
125,1,-1.0650644,1.0951935,0.9051539,2.016458,0.30385268,-0.0142889675
126,1,1.6943809,-0.114850946,0.2636088,0.74290794,0.3378228,-0.0058864783
127,1,0.41821688,1.3540069,2.5955439,-0.863642,0.21239972,-0.0122302985
128,1,-0.26949134,-1.1870148,1.3036134,0.34949988,0.20877504,-0.020330315
129,1,-0.028872356,1.0412694,1.9769928,-2.2834213,0.20390692,-0.02125704
130,1,-0.5253512,0.20147675,1.3294265,1.0519552,0.18792365,-0.022428313
131,1,-1.458509,0.09001776,0.91511106,-1.104478,0.16602767,-0.018458663
132,1,-1.1528374,1.0923393,1.0222213,2.0350916,0.16829301,-0.012888726
133,1,1.7871257,-0.07849863,0.44683722,0.7481986,0.21609229,-0.0049884142
134,1,0.81931996,1.3814207,2.6438563,-0.7964366,-0.00012658948,3.7553902e-05
135,1,-0.34347486,-1.1956818,1.3798674,0.36953342,-0.00017741413,0.00014841589
136,1,-0.086563535,1.048233,2.0346816,-2.3027868,-0.00011236151,0.00017473187
137,1,-0.48446298,0.20421503,1.3772734,1.0793388,-1.8573439e-05,0.00025126527
138,1,-1.4856913,0.0978026,0.96180385,-1.0998383,3.543748e-05,0.00019413192
139,1,-1.0985587,1.0988883,1.0734322,2.0405781,0.00014737494,0.00019187908
140,1,1.5924911,-0.1114235,0.4401001,0.75115484,0.00025903256,3.5915564e-05
141,1,0.418211,1.3542916,2.5956547,-0.86372083,-0.21297099,0.012271739
142,1,-0.26946807,-1.1872523,1.3034844,0.3496801,-0.20906194,0.02060493
143,1,-0.028779885,1.0413824,1.9770173,-2.2836936,-0.20410143,0.021617796
144,1,-0.52542305,0.2014634,1.3294033,1.052105,-0.18798308,0.022900328
145,1,-1.4584386,0.09000136,0.9151098,-1.1046371,-0.165945,0.018853858
146,1,-1.1528908,1.0923505,1.0222193,2.035099,-0.16800761,0.013251081
147,1,1.7870923,-0.07850281,0.4468018,0.74816453,-0.21555403,0.005074653
148,1,0.7508867,1.3694744,2.3625336,-0.79823196,-0.4515125,-0.00025434454
149,1,-0.35456452,-1.2120751,1.1181008,0.36489037,-0.44427165,0.016005674
150,1,-0.07188339,1.0273296,1.8000942,-2.329002,-0.41005558,0.02566591
151,1,-0.45577368,0.18150268,1.1723499,1.044417,-0.3649709,0.02531326
152,1,-1.46345,0.07389101,0.7807314,-1.1504471,-0.3270307,0.023165042
153,1,-1.065185,1.0952222,0.90515304,2.0164819,-0.30356857,0.014602621
154,1,1.6942991,-0.11485903,0.2635427,0.7428329,-0.3373404,0.0059870263
155,1,0.27097574,1.3724747,2.1382859,-0.8534947,-0.69168013,0.011052899
156,1,-0.34368286,-1.2060418,0.7955588,0.3677222,-0.6939111,-0.0042884727
157,1,-0.04564164,0.99919426,1.5359468,-2.3378596,-0.6429744,-0.006946282
158,1,-0.5152789,0.1604891,0.9584156,0.9785899,-0.54233444,0.006049932
159,1,-1.4293768,0.050345,0.5818782,-1.1962123,-0.43210632,0.0048984657
160,1,-1.0883495,1.0859121,0.7307929,1.9833014,-0.3632984,0.0014636175
161,1,1.9601834,-0.08639055,0.15663478,0.7381105,-0.4208032,0.0009117913
162,1,1.148688,1.3318431,1.5507349,-0.7959112,-0.9051175,-0.049145967
163,1,0.1000945,-1.1819721,0.44769338,0.36148152,-0.76423603,-0.05411049
164,1,0.27903098,1.0098968,1.1945404,-2.3671424,-0.71574867,-0.037903015
165,1,-0.18592988,0.179689,0.6684936,0.95822585,-0.6163969,-0.038327184
166,1,-1.3046713,0.038862906,0.3512424,-1.2700758,-0.45858017,-0.031014338
167,1,-0.9116732,1.1170554,0.5602667,1.9585991,-0.32951403,-0.03747644
168,1,2.0226772,-0.121754274,-0.038684443,0.72314876,-0.20111549,-0.01931205
169,1,1.5030773,1.4234072,1.068291,-0.79854643,-0.01651598,-0.011172848
170,1,0.71795803,-1.1947496,-0.11568473,0.46944708,-0.3462481,-0.082935356
171,1,0.926627,1.0529321,0.78645265,-2.305417,-0.33777976,-0.076566696
172,1,0.20993806,0.2115093,0.3114347,0.99701935,-0.3025344,-0.060871538
173,1,-0.9944784,0.091359526,0.071011476,-1.1854004,-0.26930028,-0.07231268
174,1,-0.78468674,1.1031818,0.36781994,1.9768775,-0.09585657,-0.055524617
175,1,2.233224,-0.08321065,-0.062382586,0.7447493,-0.0038462745,-0.022875102
176,1,0.40096995,1.257896,0.6317627,-0.7949798,-0.06571946,-0.040872574
177,1,-0.4680225,-1.0229598,-0.358782,0.35709983,0.21372983,-0.007351334
178,1,-0.064065725,0.9813834,0.34908542,-2.0184689,-0.008879349,-0.05546283
179,1,-0.34996134,0.24048662,0.05748731,1.0779238,-0.06932137,-0.04025301
180,1,-1.5109642,0.16983566,-0.09280666,-0.81282777,0.06266879,-0.029223798
181,1,-1.0399784,1.1291432,0.24243736,2.3133967,-0.09569053,-0.03557385
182,1,1.9093292,-0.0672911,-0.21450882,0.92878056,0.21993229,0.007022973
183,1,1.4452955,-2.6975486,-0.8841848,0.25570247,-0.17657258,-0.0068773525
184,1,-1.4162196,1.8578641,1.0930116,-2.0128114,0.40062162,0.11846543
185,1,0.67301387,-2.3394425,-0.19953632,2.111572,0.28042173,0.014319835
186,1,0.3692706,-1.0796994,0.16342866,-2.9560592,0.20299137,0.023014449
187,1,-3.4878783,0.25285465,0.40634644,1.7258289,0.30753508,0.021491863
188,1,-1.8798264,-1.2842673,-0.33778974,0.5021175,0.013532865,-0.043192502
189,1,4.0022435,0.9368742,0.54636014,1.7637037,0.065369256,0.019340798
190,1,3.964911,-3.061619,-0.17967226,0.33975437,1.1638815,0.10626061
191,1,0.69990224,2.1497464,2.0111482,-2.3328142,0.9214723,0.09102706
192,1,2.0397587,-2.5102568,0.18106307,2.0911474,0.9445768,0.039388027
193,1,1.4581326,-1.1551332,0.6637834,-3.4439209,0.85527104,0.005755669
194,1,-2.8728602,0.24134885,0.7919124,1.4483409,0.5852844,-0.06989147
195,1,-1.3528157,-1.4081929,-0.15353507,0.008528949,0.39185706,-0.07215512
196,1,4.3178034,0.94440347,0.60115236,1.5371475,0.009352833,-0.03322922
197,1,2.063918,-2.8967087,1.0971844,0.22244483,1.32756,-0.010553256
198,1,-0.88980424,2.073954,2.613518,-2.3863747,1.3685904,0.022648964
199,1,0.7152523,-2.5196853,0.85058624,1.997753,1.2320719,-0.018570088
200,1,0.24666631,-1.1679739,1.1645855,-3.5391405,0.98557013,-0.114874095
201,1,-3.5474224,0.29372054,1.1131371,1.441275,0.7326535,-0.13741747
202,1,-1.7090721,-1.4407024,0.111452274,-0.060892556,0.49310446,-0.1252806
203,1,4.101215,1.0006088,0.9838097,1.5436885,0.4777034,-0.05185753
204,1,1.4158484,-2.992345,1.4535985,0.29540336,1.1488019,0.011942298
205,1,-1.5988636,2.12977,3.2163894,-2.4106648,1.0538208,-0.041115813
206,1,0.0036362684,-2.462902,1.2250761,2.0060716,0.9162642,-0.11126739
207,1,-0.07588231,-1.0780495,1.4282063,-3.425125,0.76839656,-0.1437113
208,1,-3.7455254,0.3128817,1.3546513,1.5197314,0.6196993,-0.16243993
209,1,-1.8987886,-1.3839767,0.359764,0.028429408,0.53533995,-0.12954752
210,1,3.6562476,0.950407,1.1958876,1.5486693,0.51444393,-0.048386708
211,1,1.3620831,-2.949382,1.8886855,0.22154817,0.67574126,-0.04588996
212,1,-1.6017737,2.182887,3.4206781,-2.3862693,0.65732896,-0.0883708
213,1,0.093575604,-2.41522,1.4063665,2.0807662,0.619708,-0.106871754
214,1,-0.15811078,-1.0177895,1.6042774,-3.3443503,0.54548234,-0.13846026
215,1,-3.831659,0.3387888,1.4939089,1.6256176,0.45688087,-0.13700534
216,1,-2.0018225,-1.361099,0.5388765,0.09324124,0.42392987,-0.10883573
217,1,3.4941757,0.98897046,1.5190434,1.5804417,0.50953203,-0.042270504
218,1,1.6870819,-2.9389684,1.9172798,0.30196595,0.33437663,-0.016681405
219,1,-1.4862432,2.1811838,3.565021,-2.3434632,0.33471853,-0.0528894
220,1,-0.025610998,-2.3864422,1.5167264,2.0926304,0.30082384,-0.07411861
221,1,-0.19256863,-0.99196154,1.692498,-3.2563756,0.2640757,-0.07944691
222,1,-3.8501804,0.36033198,1.5943915,1.6801023,0.24020219,-0.07893193
223,1,-2.0523186,-1.3388202,0.6647741,0.14961913,0.23626772,-0.060922164
224,1,3.2736616,0.94797134,1.5982203,1.5891255,0.26670557,-0.023468565
225,1,1.448017,-2.9592078,1.9763272,0.23484163,-0.00044588195,4.7670957e-05
226,1,-1.5847507,2.1908123,3.5895317,-2.3492599,-0.0002473481,7.660915e-05
227,1,0.060473524,-2.3834734,1.5529791,2.1350014,-0.00014310578,0.00019706057
228,1,-0.19170475,-0.9754558,1.7271843,-3.2495508,-7.3307434e-05,0.00014716567
229,1,-3.8770337,0.3610605,1.6232884,1.7082257,7.572582e-05,0.00023810104
230,1,-2.0756588,-1.3358246,0.6994497,0.16432135,0.0002114279,0.00010205797
231,1,3.3069234,0.9873882,1.734172,1.5998782,0.00038221912,0.000100643294
232,1,1.6871549,-2.9395828,1.9169538,0.3021088,-0.3348263,0.01682324
233,1,-1.4860349,2.1816354,3.565153,-2.3438451,-0.33523327,0.053061135
234,1,-0.025709817,-2.3865361,1.5166337,2.0929117,-0.30113313,0.07447033
235,1,-0.19243099,-0.9919338,1.6924902,-3.2566721,-0.26419842,0.07976778
236,1,-3.8502746,0.3604025,1.594392,1.6802197,-0.24006091,0.07937314
237,1,-2.05226,-1.3388537,0.66474205,0.149467,-0.23584735,0.061146602
238,1,3.273511,0.9480193,1.5981843,1.5891331,-0.2659863,0.023639437
239,1,1.3622117,-2.9505756,1.8881407,0.22181098,-0.6765161,0.04591097
240,1,-1.6014898,2.1837742,3.4209228,-2.387056,-0.6577517,0.08857764
241,1,0.09338866,-2.4154007,1.4061873,2.081348,-0.61996126,0.10716736
242,1,-0.157827,-1.0177251,1.6042569,-3.3449693,-0.54561776,0.13880196
243,1,-3.831868,0.33894095,1.4939132,1.6258729,-0.45673108,0.13738294
244,1,-2.0016968,-1.3611724,0.53881174,0.09292057,-0.42353565,0.109093264
245,1,3.4938424,0.989072,1.5189731,1.580467,-0.5088096,0.04239799
246,1,1.4161305,-2.9940956,1.4526374,0.29582882,-1.149064,-0.011878079
247,1,-1.5982145,2.131077,3.2168012,-2.411817,-1.0542208,0.04130046
248,1,0.0033455922,-2.4631283,1.2248096,2.0068812,-0.91650224,0.11152206
249,1,-0.07551329,-1.0779532,1.4281609,-3.4260197,-0.768493,0.14402454
250,1,-3.7458284,0.31313992,1.354672,1.5200945,-0.6195785,0.16277237
251,1,-1.8986598,-1.3840886,0.35966212,0.027961988,-0.53497535,0.12978567
252,1,3.6557322,0.9505686,1.1958085,1.5487081,-0.513836,0.048485838
253,1,2.0641801,-2.8991313,1.0963682,0.2229702,-1.3279456,0.010572875
254,1,-0.8890895,2.0758493,2.6140728,-2.3880627,-1.3687863,-0.022445288
255,1,0.71487665,-2.5199766,0.8502296,1.9989488,-1.2321796,0.018765999
256,1,0.24723245,-1.1678141,1.1645405,-3.54041,-0.9856652,0.11512967
257,1,-3.5479057,0.29410014,1.113148,1.4418262,-0.7325373,0.13769466
258,1,-1.7088695,-1.4408288,0.11135383,-0.061532117,-0.49282977,0.12546873
259,1,4.100446,1.0008281,0.98371124,1.5437554,-0.47717264,0.051947247
260,1,3.9651048,-3.065483,-0.18170907,0.34064025,-1.1641023,-0.10630264
261,1,0.70090806,2.152519,2.0122974,-2.3351912,-0.9216036,-0.09092441
262,1,2.0389063,-2.5107687,0.18061365,2.0928104,-0.9446053,-0.039224204
263,1,1.4587796,-1.154797,0.6637559,-3.4456046,-0.85530496,-0.005588506
264,1,-2.8735616,0.24181981,0.7919335,1.4491552,-0.58520913,0.0700983
265,1,-1.3525748,-1.4083045,-0.15364832,0.0077304044,-0.39168343,0.07225257
266,1,4.3167977,0.94471145,0.6011863,1.5372753,-0.009048466,0.033276223
267,1,1.4453291,-2.701633,-0.8856044,0.25658715,0.17691404,0.006918241
268,1,-1.4152206,1.8610352,1.0938679,-2.0153916,-0.4007687,-0.11847735
269,1,0.6721649,-2.3400085,-0.19989102,2.11342,-0.2804836,-0.0142752845
270,1,0.3699746,-1.0791502,0.163517,-2.9579272,-0.20295398,-0.022908766
271,1,-3.488557,0.25334078,0.40629977,1.7268293,-0.30752924,-0.021450544
272,1,-1.8792288,-1.2843411,-0.33779705,0.50126463,-0.013472155,0.043247804
273,1,4.0015135,0.93717754,0.546382,1.7638863,-0.06530194,-0.019342495
274,1,2.2895577,4.1508355,2.4683006,-0.6341361,1.1920856,0.13923682
275,1,-1.4294356,-5.7885923,-0.9712762,3.816883,0.6740393,0.018241469
276,1,3.8504632,-1.9560815,0.87097436,-2.3166096,0.83999056,0.094480865
277,1,1.7652454,-3.667513,0.42574865,1.5320665,0.93211526,-0.016768526
278,1,-3.651525,-4.040338,-0.29481804,-3.626378,0.42882618,-0.15495832
279,1,-4.505065,0.5546422,0.76615655,2.3530366,0.390457,-0.069723696
280,1,6.670123,-2.3410008,-0.74816537,0.33136588,-0.13945468,-0.08335284
281,1,5.0282216,4.7517023,4.26317,-0.8734594,1.9856902,0.0332917
282,1,0.7947927,-6.3801517,-0.4050452,3.7893388,2.2188969,0.15827331
283,1,5.0964246,-1.9081137,2.1167605,-3.1380208,2.0673513,0.0033771675
284,1,1.7174081,-3.6739316,1.0852287,1.2270309,1.5708101,-0.23621303
285,1,-3.4543805,-4.203275,-0.023059828,-4.1638765,1.0678809,-0.3022475
286,1,-4.18652,0.63174605,1.1455853,1.9775163,0.5868009,-0.28748393
287,1,7.091518,-2.4283946,-0.30481258,0.051943213,0.38309288,-0.11899606
288,1,1.793786,4.4610534,5.3189754,-0.8779831,2.5596223,0.07057412
289,1,-2.2353919,-6.2727838,1.003949,3.5091364,2.2105849,-0.036485523
290,1,2.108417,-1.8203837,2.8282902,-3.2558978,1.7736764,-0.26428658
291,1,-0.009455922,-3.5395682,1.4754087,1.3599424,1.3199338,-0.3705074
292,1,-4.390012,-4.194512,0.3113164,-4.11172,0.9422676,-0.4216105
293,1,-4.705794,0.6975036,1.4804828,2.0772882,0.70435256,-0.33992153
294,1,6.5250435,-2.5089397,0.11011001,0.073840216,0.5920106,-0.14026289
295,1,0.6749627,4.6890326,6.4851766,-0.99613273,1.4415573,-0.11833322
296,1,-3.1466799,-6.1500316,1.2888769,3.5582852,1.2936571,-0.23154888
297,1,1.8278944,-1.6282444,3.02362,-3.0485425,1.1499312,-0.30157736
298,1,-0.27706152,-3.4744923,1.6319665,1.5314932,0.9685521,-0.3950872
299,1,-4.627472,-4.104048,0.45564267,-3.8959413,0.75597906,-0.3974046
300,1,-4.8815765,0.68938017,1.731314,2.1964757,0.6397852,-0.31659994
301,1,6.037201,-2.421468,0.70648175,0.122922026,0.74409056,-0.12513188
302,1,1.2603168,4.6431966,6.2398634,-0.85568947,0.8115634,-0.06754186
303,1,-2.6940792,-6.0960984,1.4192735,3.6498008,0.8529562,-0.19105706
304,1,1.6074044,-1.5509785,3.081052,-2.9501789,0.75667787,-0.27598137
305,1,-0.46185172,-3.4270391,1.6724607,1.7135067,0.62073225,-0.30439895
306,1,-4.7232018,-4.0429845,0.5858755,-3.7290716,0.5422193,-0.30541584
307,1,-5.068663,0.70167345,1.9429768,2.3246996,0.50921696,-0.23624498
308,1,5.7003937,-2.450484,0.9606074,0.17229964,0.5711807,-0.094169475
309,1,1.2123294,4.643481,6.2423415,-0.93203384,0.3943046,-0.04325118
310,1,-3.0488858,-6.081732,1.3739847,3.6575801,0.35249048,-0.108500384
311,1,1.6329162,-1.5255867,3.0829473,-2.8203273,0.33666956,-0.14736034
312,1,-0.43384403,-3.393962,1.6864433,1.7969921,0.31195825,-0.16898799
313,1,-4.8155813,-4.01967,0.6405145,-3.6122744,0.27345198,-0.1617107
314,1,-5.1214447,0.7055232,2.0590417,2.3997917,0.2727287,-0.12599203
315,1,5.498843,-2.3937364,1.3015155,0.2089061,0.34598807,-0.048887756
316,1,1.3555386,4.664123,6.1641793,-0.8494023,-0.0003164622,1.251762e-05
317,1,-2.602793,-6.0632577,1.3379964,3.6969576,-0.00034253046,0.00012271912
318,1,1.6341643,-1.5121256,3.0570784,-2.826494,-0.00026378589,0.00010825853
319,1,-0.4946838,-3.3972864,1.6921225,1.844688,-5.5138193e-05,0.0002756367
320,1,-4.787583,-4.0012116,0.66327214,-3.5802498,9.414568e-05,0.00012348937
321,1,-5.173988,0.70897746,2.1119332,2.4265592,0.00027444438,0.00020872196
322,1,5.438917,-2.4319901,1.2759358,0.21699041,0.0004531274,-6.989366e-06
323,1,1.2126366,4.6446238,6.242692,-0.93231636,-0.395288,0.043210343
324,1,-3.04889,-6.0822744,1.3736774,3.6580234,-0.35317427,0.10872497
325,1,1.6332315,-1.525392,3.0829818,-2.8208961,-0.33717313,0.14761573
326,1,-0.43419775,-3.3937283,1.6864667,1.7972232,-0.31207705,0.16949542
327,1,-4.81533,-4.0196366,0.6405145,-3.6124406,-0.27326384,0.16199353
328,1,-5.121584,0.7056426,2.0590475,2.3998647,-0.27218217,0.12637365
329,1,5.4986806,-2.3938353,1.3014216,0.20886138,-0.34506434,0.048917
330,1,1.260577,4.645452,6.240452,-0.8562635,-0.8120597,0.06767615
331,1,-2.6939287,-6.0971513,1.418643,3.6506937,-0.8535943,0.1911948
332,1,1.6080476,-1.5505688,3.0811093,-2.951348,-0.7571773,0.27629587
333,1,-0.4625713,-3.426563,1.6725031,1.7139976,-0.62083215,0.30482805
334,1,-4.722699,-4.04292,0.58586895,-3.7294366,-0.5420467,0.30575633
335,1,-5.0689754,0.701938,1.9429977,2.3248715,-0.50869083,0.23655058
336,1,5.7000875,-2.4506989,0.9604174,0.17219336,-0.5703305,0.09425322
337,1,0.67585135,4.692314,6.486182,-0.9970312,-1.4423763,0.11835254
338,1,-3.1466408,-6.151551,1.28788,3.5595,-1.2942122,0.23167263
339,1,1.8287508,-1.6276256,3.0236733,-3.05026,-1.1503686,0.30188313
340,1,-0.27809495,-3.47373,1.6320366,1.5321908,-0.9686557,0.39548424
341,1,-4.6268096,-4.1039395,0.45561048,-3.896468,-0.75581133,0.39773414
342,1,-4.882037,0.6897986,1.7313657,2.19673,-0.6393125,0.31687248
343,1,6.0366235,-2.421792,0.7061932,0.12276311,-0.74327356,0.12523507
344,1,1.7948856,4.4657164,5.3199635,-0.8791884,-2.55952,-0.07044699
345,1,-2.2348008,-6.2748995,1.0026348,3.510949,-2.21093,0.036522027
346,1,2.1097708,-1.8195091,2.8283188,-3.2583885,-1.7740705,0.26455826
347,1,-0.011020063,-3.5384493,1.4754539,1.3609556,-1.3199847,0.37087026
348,1,-4.389009,-4.194337,0.31127688,-4.1124344,-0.94214666,0.42187455
349,1,-4.706546,0.69807523,1.4805452,2.0776556,-0.7039542,0.34015694
350,1,6.5243006,-2.5093722,0.10978364,0.073635116,-0.5913672,0.14033681
351,1,5.028917,4.7588654,4.2665133,-0.87535995,-1.9855845,-0.03315776
352,1,0.79451656,-6.383283,-0.40697682,3.7918274,-2.21886,-0.15818204
353,1,5.098053,-1.906691,2.1169047,-3.1413877,-2.0674934,-0.0031830366
354,1,1.7151637,-3.6725204,1.0852325,1.2284784,-1.5707774,0.23650847
355,1,-3.4530475,-4.2029505,-0.02312183,-4.1647725,-1.0677713,0.3024127
356,1,-4.1875033,0.63246375,1.1456932,1.978057,-0.58653706,0.28764784
357,1,7.0904975,-2.4289834,-0.30522123,0.05168666,-0.38258108,0.119035386
358,1,2.2904387,4.158546,2.4705715,-0.6361084,-1.1925293,-0.1393211
359,1,-1.4293199,-5.791991,-0.97241366,3.819489,-0.67406625,-0.018158235
360,1,3.8519347,-1.9541266,0.8711877,-2.3205118,-0.8398701,-0.094346166
361,1,1.7624137,-3.6658792,0.42566746,1.5337611,-0.932105,0.0168256
362,1,-3.6499155,-4.039819,-0.29480132,-3.6272857,-0.42875794,0.15507281
363,1,-4.505927,0.555368,0.7661639,2.3537695,-0.3903473,0.06973451
364,1,6.6695,-2.341606,-0.7483114,0.3311453,0.13965799,0.08337076
365,1,2.5537825,-8.399271,-1.8471196,3.467883,1.6091722,0.0797924
366,1,-1.5007919,-0.3946684,2.8215044,3.4221447,2.4854267,0.39340794
367,1,13.621734,-13.332196,0.13935833,7.11686,2.2496734,-0.15157972
368,1,7.5294724,-11.703486,-0.14998642,-7.7083597,1.1456081,-0.36662263
369,1,-5.6032257,-4.9386353,0.6826506,-2.069438,0.8303227,-0.20944974
370,1,-5.8655343,-5.6180806,-0.8009083,-4.032989,0.34506577,-0.3125677
371,1,7.290276,2.8116415,1.4827704,0.5564062,0.3511762,-0.0679027
372,1,4.703673,-9.478233,0.7980395,3.2333078,5.264453,0.32296452
373,1,-1.5566303,0.19948584,5.7732644,1.8192667,4.373278,0.06473988
374,1,10.226415,-13.561755,0.70384675,6.6175694,3.212938,-0.5662118
375,1,5.262274,-11.9734535,-0.028625911,-8.34942,2.066837,-0.72150904
376,1,-7.2603083,-4.8254614,0.9085634,-2.2795932,1.2557164,-0.7092803
377,1,-6.0400257,-5.7683086,-0.6879311,-4.3180084,0.83043474,-0.55247355
378,1,7.4979196,2.954028,2.1348755,0.43013695,0.51849395,-0.23859362
379,1,-2.5584774,-8.906614,4.128447,2.7988076,3.3651729,-0.2526205
380,1,-7.4550138,0.45598012,6.1126027,1.8183646,2.5156972,-0.54004914
381,1,7.2156835,-13.347253,0.75582397,7.118948,1.879746,-0.70925194
382,1,3.6797862,-12.080477,-0.018409774,-8.0094385,1.3896674,-0.86266446
383,1,-8.155139,-4.82388,0.9299074,-1.9417872,0.969932,-0.7999944
384,1,-6.3965883,-5.8321495,-0.4338096,-4.1519866,0.7327543,-0.62507856
385,1,6.6732864,3.0552213,3.0083573,0.52553797,0.8617721,-0.24311022
386,1,-1.4683684,-9.070112,2.8531542,3.1405013,1.0716175,-0.18659183
387,1,-6.337241,0.63194656,5.884512,2.1826918,1.3564824,-0.4842531
388,1,7.1263294,-13.355638,0.3697446,7.397881,1.2175299,-0.6641885
389,1,3.383593,-12.035105,-0.22253758,-7.608233,0.93853986,-0.7324472
390,1,-8.274718,-4.8904824,0.948027,-1.6422176,0.7684467,-0.7039667
391,1,-6.6721377,-5.8016543,-0.1515164,-3.9094667,0.71452343,-0.5458193
392,1,6.2368283,2.9633434,3.4605951,0.59606916,0.7986238,-0.21590644
393,1,-0.72243536,-9.009772,2.3603096,2.9741218,0.95189226,-0.110348314
394,1,-7.047068,0.5792947,5.363982,2.221436,0.7253547,-0.34185833
395,1,6.8412194,-13.344262,0.078628734,7.651352,0.647962,-0.47131523
396,1,3.3361218,-12.017826,-0.3856087,-7.351752,0.5959232,-0.5270927
397,1,-8.465229,-4.9220767,0.9237506,-1.4079044,0.51766485,-0.5030633
398,1,-6.827426,-5.782428,0.05240863,-3.7305374,0.5234317,-0.3875964
399,1,5.7680035,2.9927719,4.084962,0.6767047,0.70198524,-0.15092471
400,1,-1.3889766,-8.986842,1.9255102,3.0966852,0.16163595,-0.07470184
401,1,-6.3501234,0.61788267,4.9902935,2.3432884,0.28740993,-0.17344958
402,1,7.038215,-13.336667,-0.1865147,7.717915,0.29939613,-0.23734437
403,1,3.2377443,-12.010496,-0.5044794,-7.1856294,0.27324045,-0.26995522
404,1,-8.438995,-4.9184127,0.9218765,-1.2810314,0.26897308,-0.25839704
405,1,-6.966292,-5.7710857,0.19722581,-3.614732,0.29011798,-0.20011158
406,1,5.616334,2.935141,4.2357354,0.7101585,0.35503694,-0.07842842
407,1,-0.046223506,-9.005891,1.6531447,3.0098085,-0.0006130761,4.3462755e-05
408,1,-6.706808,0.5997719,4.893749,2.3125534,-0.0005561505,0.00012880548
409,1,6.9250445,-13.333067,-0.25232723,7.7762165,-0.0002145006,0.0003415315
410,1,3.330393,-11.995043,-0.550063,-7.1510706,-3.1817024e-05,0.00013283233
411,1,-8.526,-4.9300756,0.91485214,-1.2351613,0.00014982808,0.0002763786
412,1,-6.9755635,-5.764195,0.23259832,-3.5808496,0.00034280645,5.112541e-05
413,1,5.4900446,2.9757555,4.458346,0.73285043,0.0005564519,0.0001371676
414,1,-1.3890364,-8.988785,1.9245604,3.097069,-0.16276465,0.0748532
415,1,-6.349151,0.61878407,4.99058,2.3420584,-0.28845364,0.17369173
416,1,7.03716,-13.336007,-0.18639578,7.718289,-0.29982033,0.23799753
417,1,3.2383232,-12.010326,-0.504418,-7.1857376,-0.27330828,0.27025524
418,1,-8.439409,-4.9181004,0.921941,-1.2808974,-0.26866984,0.2589119
419,1,-6.9660687,-5.771075,0.1972132,-3.6146681,-0.28945005,0.20025508
420,1,5.616079,2.935292,4.235743,0.71016425,-0.3539498,0.078643575
421,1,-0.72151613,-9.013629,2.3584042,2.974939,-0.9530988,0.110262156
422,1,-7.0452695,0.5811158,5.364598,2.2189963,-0.72640675,0.34224218
423,1,6.839144,-13.34296,0.078840956,7.652137,-0.64838547,0.47184587
424,1,3.3372662,-12.017475,-0.3854856,-7.352023,-0.5960003,0.5275081
425,1,-8.466085,-4.921412,0.9238782,-1.407591,-0.5173718,0.503476
426,1,-6.8269887,-5.7824426,0.05237237,-3.7304473,-0.522785,0.38783813
427,1,5.7674103,2.9931242,4.084991,0.6767413,-0.7009146,0.15106292
428,1,-1.4683526,-9.075613,2.8501809,3.1415646,-1.072511,0.18669695
429,1,-6.3345914,0.6346935,5.8853383,2.1790679,-1.357509,0.48464414
430,1,7.123339,-13.353617,0.37006605,7.3989916,-1.2179277,0.66474426
431,1,3.3851676,-12.034523,-0.2224217,-7.6086287,-0.93860596,0.73286825
432,1,-8.275959,-4.889454,0.94822717,-1.6417409,-0.7681854,0.70434636
433,1,-6.67158,-5.8016696,-0.1515799,-3.909337,-0.7139249,0.5460697
434,1,6.235962,2.9638739,3.460656,0.59613264,-0.79765314,0.2160051
435,1,-2.5558484,-8.914581,4.124187,2.8002863,-3.3663628,0.25240633
436,1,-7.4509315,0.4597899,6.1134334,1.8129436,-2.5167472,0.54044956
437,1,7.2111597,-13.344257,0.75615054,7.120503,-1.8800986,0.70981836
438,1,3.682201,-12.079697,-0.018315788,-8.009958,-1.3897437,0.8630195
439,1,-8.1570635,-4.8224235,0.9301354,-1.9411808,-0.96972036,0.8003557
440,1,-6.395792,-5.8321238,-0.4338715,-4.151745,-0.73224515,0.62527394
441,1,6.6719117,3.055924,3.0084412,0.5256044,-0.86090285,0.2432057
442,1,4.7045026,-9.490088,0.7906386,3.2356644,-5.2636647,-0.3230801
443,1,-1.5507087,0.20512874,5.7745566,1.8119453,-4.373705,-0.06446672
444,1,10.220236,-13.557938,0.70387554,6.6197577,-3.213026,0.5666554
445,1,5.265665,-11.972324,-0.02854805,-8.350078,-2.0668614,0.72175646
446,1,-7.2629256,-4.8236227,0.90873665,-2.278784,-1.2555586,0.70956224
447,1,-6.038923,-5.7682,-0.6879995,-4.3176136,-0.8300555,0.5525739
448,1,7.496297,2.9549544,2.1351058,0.43021774,-0.5178788,0.23864686
449,1,2.5543902,-8.411946,-1.8510069,3.4699361,-1.608198,-0.079559
450,1,-1.4954606,-0.3877492,2.8221943,3.4132957,-2.4849575,-0.39326072
451,1,13.613175,-13.327536,0.13928226,7.119313,-2.249713,0.15165325
452,1,7.5330787,-11.701868,-0.14994664,-7.708906,-1.1455468,0.3668048
453,1,-5.6064563,-4.936615,0.68269587,-2.0684347,-0.8302496,0.20948772
454,1,-5.8639874,-5.6178203,-0.8008897,-4.0323052,-0.3449504,0.3126463
455,1,7.2887535,2.8125749,1.4828246,0.5565655,-0.3508643,0.06790795
456,1,-7.3773556,-0.772576,8.589354,14.140597,7.6312146,0.40027568
457,1,15.454608,-39.24584,-1.995727,23.746351,4.5817413,-0.6856686
458,1,38.62071,-29.50019,-0.1386659,-10.355038,1.8914732,-1.0042136
459,1,2.7240448,-16.817856,0.17073783,-7.704453,1.1861095,-0.47940382
460,1,1.3623116,-14.663008,-0.92168605,-12.87658,0.5461648,-0.62278956
461,1,-13.832874,-2.1561503,1.0453258,-7.0075483,0.41115263,-0.28626478
462,1,6.191663,-5.75655,-1.3787351,-2.6099765,0.24850465,-0.19105293
463,1,-17.442183,0.575984,14.914745,12.30088,7.767626,-0.59758544
464,1,2.1430905,-41.039474,-4.5561094,23.014431,4.8950076,-1.4349434
465,1,29.32859,-30.377234,-1.0894401,-10.946037,2.7718868,-1.681895
466,1,-3.646026,-16.803635,-0.40556428,-7.6418924,1.569558,-1.4046872
467,1,-1.8796177,-14.982025,-1.3838553,-12.755053,0.97577137,-1.1101425
468,1,-14.932392,-1.9692453,1.1406276,-6.86343,0.6404957,-0.8611953
469,1,5.9291244,-5.9037895,-0.8614032,-2.5352285,0.81066823,-0.31866488
470,1,-23.366617,0.038228776,10.234072,13.3622,0.7674846,-0.54995733
471,1,0.08710324,-41.234783,-6.4175153,24.469461,1.4649166,-1.196842
472,1,28.447699,-31.183565,-2.6262288,-10.126142,1.2469928,-1.4311372
473,1,-4.676922,-17.211004,-1.1321518,-6.9661107,0.85478824,-1.4161663
474,1,-2.1242373,-15.218132,-1.7199674,-12.253132,0.66668475,-1.1985544
475,1,-15.132908,-2.0294933,1.341583,-6.487861,0.6945696,-0.8880136
476,1,5.454158,-6.050175,-0.25582093,-2.420981,0.86905265,-0.36387208
477,1,-17.705408,0.18282303,7.627825,13.131487,1.1030935,-0.20130064
478,1,0.32501534,-41.630447,-8.534836,24.547195,0.7632048,-0.72501045
479,1,27.963629,-31.336754,-3.7552826,-9.568065,0.6882468,-1.0442833
480,1,-4.7352295,-17.563972,-1.7669822,-6.5026374,0.6062662,-1.089299
481,1,-2.3792775,-15.374661,-1.9057528,-11.843631,0.5477601,-1.0087781
482,1,-15.352042,-2.1489546,1.5084673,-6.2214074,0.6171198,-0.7447265
483,1,4.738066,-5.9686255,0.7455427,-2.2995644,0.97026855,-0.29448938
484,1,-20.950174,0.081278816,6.23774,13.270456,-0.13557795,-0.22375356
485,1,0.50920653,-41.56615,-9.794857,24.726067,0.17151771,-0.465198
486,1,28.182304,-31.434826,-4.631035,-9.3082695,0.29247642,-0.64458245
487,1,-4.8808002,-17.686167,-2.2523785,-6.200618,0.3223747,-0.7326144
488,1,-2.3888276,-15.431205,-2.0175974,-11.559585,0.38633817,-0.67754227
489,1,-15.552606,-2.2301931,1.7032412,-6.0290422,0.49601668,-0.5285702
490,1,4.4694114,-5.9957914,1.1299516,-2.2295756,0.6650788,-0.20518324
491,1,-16.958858,0.0959669,4.9837737,13.224431,0.080661945,-0.058896765
492,1,0.77833086,-41.572243,-10.50537,24.706455,0.0716402,-0.216216
493,1,28.10734,-31.42751,-5.1341124,-9.156918,0.12292582,-0.3187205
494,1,-4.7013254,-17.7261,-2.535425,-6.061187,0.16258429,-0.35652137
495,1,-2.5192297,-15.457599,-2.107991,-11.4114275,0.19659178,-0.34646875
496,1,-15.660227,-2.2572048,1.8093117,-5.916186,0.260165,-0.26049116
497,1,4.17089,-5.9381905,1.632845,-2.1731284,0.40933606,-0.10439952
498,1,-19.9289,0.082874075,5.0201,13.240695,-0.0007961362,0.00025057283
499,1,0.89095837,-41.553226,-10.757946,24.743275,-0.0003475818,0.00046881873
500,1,28.269676,-31.419363,-5.2962294,-9.121436,-9.548452e-05,0.00015056877
501,1,-4.831737,-17.745914,-2.635689,-6.010767,4.6876507e-05,0.00027279503
502,1,-2.465814,-15.448531,-2.12106,-11.360669,0.00021695854,5.6270615e-05
503,1,-15.711631,-2.2663112,1.8552514,-5.882915,0.00039767107,0.00020541095
504,1,4.1561522,-5.9807696,1.6085004,-2.1674118,0.00064139545,-6.489916e-05
505,1,-16.95669,0.10041911,4.985514,13.222341,-0.08192041,0.059292775
506,1,0.776384,-41.570457,-10.505002,24.70718,-0.07234545,0.21716139
507,1,28.108057,-31.427126,-5.1339917,-9.156714,-0.12309176,0.31893182
508,1,-4.7019553,-17.725525,-2.5352445,-6.06095,-0.16251495,0.35712174
509,1,-2.5188742,-15.457547,-2.107987,-11.411114,-0.1961466,0.3465752
510,1,-15.660334,-2.2570615,1.8093443,-5.9161496,-0.25937498,0.2608893
511,1,4.170786,-5.938217,1.6327966,-2.1729956,-0.40805364,0.10433891
512,1,-20.94679,0.09009064,6.2410507,13.266308,0.13399625,0.22433631
513,1,0.5052076,-41.562946,-9.794069,24.72768,-0.17214096,0.46576858
514,1,28.183773,-31.434063,-4.6306663,-9.307931,-0.29270506,0.645085
515,1,-4.8821425,-17.68493,-2.2521029,-6.200106,-0.3222748,0.7330145
516,1,-2.3881102,-15.431169,-2.017563,-11.558975,-0.3859347,0.6778322
517,1,-15.552864,-2.229816,1.7033144,-6.028955,-0.49524483,0.5288236
518,1,4.4691834,-5.995968,1.1298313,-2.2293246,-0.66384625,0.20523691
519,1,-17.699007,0.19543251,7.632639,13.125775,-1.1043322,0.20178114
520,1,0.3193635,-41.625507,-8.53339,24.549562,-0.7639429,0.7259148
521,1,27.965704,-31.335419,-3.754956,-9.567599,-0.6884414,1.0447736
522,1,-4.7371817,-17.562124,-1.766494,-6.5017896,-0.60621905,1.0897223
523,1,-2.378279,-15.374539,-1.9057639,-11.842785,-0.5473783,1.009088
524,1,-15.352477,-2.1483893,1.508592,-6.2212095,-0.61640304,0.7449601
525,1,4.737615,-5.96885,0.7453431,-2.299223,-0.9690959,0.29458743
526,1,-23.358906,0.056886178,10.24069,13.353164,-0.7693968,0.55115116
527,1,0.07834176,-41.22721,-6.4159427,24.472528,-1.4657873,1.197919
528,1,28.450718,-31.181847,-2.625881,-10.12534,-1.247149,1.4315758
529,1,-4.679793,-17.208292,-1.131575,-6.965153,-0.8548352,1.4166226
530,1,-2.1229079,-15.217962,-1.7200215,-12.25181,-0.66634905,1.1988127
531,1,-15.133602,-2.0287247,1.341739,-6.487735,-0.6939618,0.88824713
532,1,5.453508,-6.050426,-0.25604087,-2.4204485,-0.8680045,0.3639359
533,1,-17.425596,0.6025889,14.923053,12.288239,-7.7690196,0.5980983
534,1,2.1320682,-41.02976,-4.555394,23.01852,-4.8956165,1.4355831
535,1,29.33322,-30.3748,-1.0890646,-10.94508,-2.7721922,1.6822705
536,1,-3.649916,-16.800127,-0.4051224,-7.6407146,-1.569601,1.4050499
537,1,-1.8777059,-14.981648,-1.3839064,-12.753218,-0.97557205,1.1103275
538,1,-14.933371,-1.9683659,1.1407384,-6.863343,-0.64007866,0.86135197
539,1,5.9282155,-5.904012,-0.86160904,-2.534493,-0.8098001,0.31871042
540,1,-7.365753,-0.7423837,8.592598,14.125548,-7.629733,-0.4005544
541,1,15.438115,-39.23377,-1.9952022,23.750757,-4.582412,0.68568385
542,1,38.624805,-29.49675,-0.13880087,-10.353424,-1.891467,1.0044762
543,1,2.7189765,-16.813812,0.17109951,-7.7030907,-1.1862003,0.47946864
544,1,1.3643137,-14.662332,-0.92182666,-12.874093,-0.5460907,0.6229062
545,1,-13.8337965,-2.1553197,1.0453638,-7.007325,-0.41097662,0.28627792
546,1,6.1910453,-5.756622,-1.3787051,-2.6089773,-0.24826623,0.19106372
547,1,-29.21336,-124.670975,-13.963576,24.597254,4.4762683,-2.6174514
548,1,83.1635,-64.36396,-1.1554834,-13.2217865,0.5457899,-2.6807334
549,1,21.434809,-35.96433,-1.047365,-19.34234,0.3028438,-0.95002127
550,1,23.019173,-28.803328,-1.270997,-22.501295,0.081522234,-1.0318321
551,1,-11.120255,-10.753129,0.77836275,-21.965405,0.098766156,-0.5210912
552,1,-15.618324,-10.01997,-1.3524764,-13.96418,0.054452527,-0.5511153
553,1,-2.933471,2.8283367,1.9031023,-6.229453,0.32659927,-0.14366299
554,1,-65.82099,-136.73216,-36.11277,26.105549,0.35415122,-1.6983739
555,1,59.88005,-68.000694,-6.03982,-13.157767,0.71844554,-3.4748123
556,1,7.8097653,-36.580452,-3.411362,-18.376888,-0.022301978,-2.5079136
557,1,14.595263,-29.566216,-2.98045,-21.71738,0.027704816,-1.6996222
558,1,-15.494775,-10.533324,0.36668748,-21.062124,0.055279523,-1.4657019
559,1,-16.848207,-10.24637,-1.4957317,-13.156705,0.3458341,-0.945912
560,1,-2.9417665,2.9725654,2.5083594,-5.9182463,0.7941009,-0.43110627
561,1,-51.659275,-135.9413,-44.794445,26.896849,-1.6005901,-0.32630688
562,1,63.46926,-70.783714,-12.118717,-12.120851,-0.8313786,-1.293644
563,1,8.011116,-38.090786,-5.391709,-17.632227,-0.31672254,-2.0488222
564,1,14.836169,-30.227932,-4.3538346,-20.962902,-0.17879204,-1.7525256
565,1,-15.527797,-10.91016,-0.1644441,-20.402544,0.09011946,-1.3646443
566,1,-16.725805,-10.397761,-1.4960543,-12.678876,0.41523963,-1.0760417
567,1,-3.654552,3.0456774,3.8002026,-5.740802,1.0844308,-0.3795985
568,1,-57.52085,-137.18677,-48.296467,26.64952,-0.86167514,-0.45179525
569,1,62.280178,-70.21827,-15.005479,-11.987689,-0.66030645,-0.9649209
570,1,7.713702,-38.893085,-7.423575,-17.121983,-0.40751767,-1.1373972
571,1,14.414797,-30.730064,-5.030327,-20.493587,-0.111576386,-1.3344406
572,1,-15.609442,-11.198381,-0.5692031,-19.99016,0.1349093,-1.1660777
573,1,-16.967169,-10.540572,-1.203466,-12.385638,0.4997193,-0.8407696
574,1,-4.084254,2.9818041,4.302213,-5.643645,0.8378497,-0.35230994
575,1,-51.738453,-136.29413,-50.927742,26.872108,-1.113972,-0.07171269
576,1,63.08907,-70.79377,-16.809612,-11.737976,-0.59741545,-0.46288636
577,1,8.004669,-38.774635,-8.576804,-16.940155,-0.30263498,-0.7950912
578,1,14.589928,-30.929274,-5.7693005,-20.173637,-0.08778399,-0.79870796
579,1,-15.68339,-11.42887,-0.72587675,-19.761496,0.14062391,-0.78031325
580,1,-17.164923,-10.496065,-1.0714754,-12.18984,0.3760267,-0.59827065
581,1,-4.4723926,2.8479156,5.121691,-5.57389,0.7744796,-0.22697924
582,1,-54.40762,-136.59586,-51.6444,26.63118,-0.37324053,-0.113062486
583,1,63.085835,-70.284134,-17.760607,-11.692984,-0.2960727,-0.24207214
584,1,8.119019,-39.093754,-9.237228,-16.7735,-0.16098894,-0.3301619
585,1,14.493106,-30.87005,-6.0959964,-20.062191,-0.035059772,-0.41910428
586,1,-15.690129,-11.478288,-0.88678694,-19.607105,0.08205313,-0.3804637
587,1,-17.306067,-10.592917,-0.9082553,-12.110446,0.22594845,-0.29531232
588,1,-4.707042,2.931327,5.3109155,-5.5363917,0.35054335,-0.11773763
589,1,-51.313328,-136.13342,-52.33155,26.81323,-0.00032498513,0.00021643534
590,1,63.233524,-70.64428,-18.008059,-11.644311,-3.6997797e-05,-1.5156671e-05
591,1,8.166108,-38.829067,-9.462079,-16.774061,-4.7856818e-05,0.0002796827
592,1,14.578759,-30.993647,-6.233113,-19.984015,0.00014053046,-0.00012840264
593,1,-15.740142,-11.497303,-0.91008234,-19.59091,0.0002422286,0.00024889526
594,1,-17.367266,-10.512748,-0.89172274,-12.062209,0.00045173577,-0.000118549244
595,1,-4.745757,2.8053443,5.5740533,-5.526679,0.00069022627,0.00017498904
596,1,-54.407158,-136.59338,-51.643505,26.634724,0.37215364,0.11351764
597,1,63.085423,-70.28396,-17.76077,-11.692159,0.29596102,0.2421721
598,1,8.11908,-39.09318,-9.237065,-16.772923,0.16092454,0.33037072
599,1,14.493055,-30.87016,-6.096001,-20.061655,0.035301134,0.41918874
600,1,-15.690014,-11.4780445,-0.88673615,-19.606932,-0.081543535,0.3806924
601,1,-17.30595,-10.592957,-0.9082494,-12.11005,-0.22508167,0.29528427
602,1,-4.7070394,2.931291,5.3108773,-5.5363855,-0.34917456,0.11793476
603,1,-51.738007,-136.28896,-50.926033,26.879246,1.1133536,0.0717329
604,1,63.08831,-70.794174,-16.809963,-11.736342,0.5973049,0.46286917
605,1,8.004725,-38.773323,-8.576216,-16.938978,0.3025543,0.795429
606,1,14.589822,-30.9295,-5.76953,-20.17257,0.08804336,0.79874635
607,1,-15.683202,-11.428388,-0.725615,-19.761127,-0.1401479,0.78056043
608,1,-17.164713,-10.496129,-1.0715572,-12.189065,-0.3751587,0.5983233
609,1,-4.472444,2.8478045,5.1216497,-5.5738573,-0.7731345,0.22708403
610,1,-57.519997,-137.18149,-48.294514,26.660065,0.86032313,0.4518826
611,1,62.279404,-70.21807,-15.00543,-11.98527,0.6601426,0.9653601
612,1,7.7135386,-38.891228,-7.4230947,-17.120058,0.4074511,1.1374997
613,1,14.414747,-30.730436,-5.030383,-20.492044,0.11174642,1.3347049
614,1,-15.609314,-11.197506,-0.56897587,-19.989542,-0.13444363,1.166234
615,1,-16.966894,-10.540783,-1.2035264,-12.384513,-0.49892715,0.84090686
616,1,-4.0844293,2.9818473,4.302155,-5.64357,-0.8365732,0.35235798
617,1,-51.65771,-135.9297,-44.790745,26.911865,1.5997674,0.32704616
618,1,63.467094,-70.78414,-12.119448,-12.117061,0.8315128,1.2939464
619,1,8.01143,-38.087925,-5.390573,-17.629833,0.31637326,2.0491302
620,1,14.835621,-30.22827,-4.354234,-20.960655,0.17901702,1.7528092
621,1,-15.527481,-10.909025,-0.1640229,-20.401823,-0.089794815,1.3647999
622,1,-16.725657,-10.397846,-1.4961646,-12.67725,-0.41451687,1.0762076
623,1,-3.6548915,3.045421,3.800056,-5.7407413,-1.0832902,0.3796584
624,1,-65.81617,-136.71837,-36.108494,26.125463,-0.356561,1.6981124
625,1,59.877277,-68.00015,-6.04069,-13.153288,-0.719439,3.4753754
626,1,7.8103075,-36.576473,-3.4101777,-18.373976,0.021896018,2.5082927
627,1,14.59447,-29.566498,-2.9810042,-21.714308,-0.027720917,1.699782
628,1,-15.49437,-10.531852,0.36713827,-21.061378,-0.055102035,1.4659234
629,1,-16.848118,-10.246332,-1.4958291,-13.154444,-0.34530792,0.94595957
630,1,-2.9422853,2.9721162,2.5081058,-5.9182677,-0.7932172,0.43115565
631,1,-29.21062,-124.651024,-13.960565,24.620552,-4.4806366,2.6178997
632,1,83.15812,-64.36228,-1.1562688,-13.215508,-0.5463725,2.6809824
633,1,21.435251,-35.95951,-1.0467374,-19.338772,-0.30321953,0.9501088
634,1,23.017797,-28.803164,-1.271308,-22.497272,-0.081602715,1.0319824
635,1,-11.119711,-10.75165,0.77854335,-21.964405,-0.09871364,0.5211166
636,1,-15.618169,-10.019619,-1.3524193,-13.961222,-0.054304462,0.5511789
637,1,-2.9338033,2.827523,1.9027717,-6.2293453,-0.3260703,0.1436671
638,1,-0.37170845,-83.163345,-7.9344225,-57.26409,-11.679944,-1.4995342
639,1,68.202484,-48.19006,0.81500196,-41.193283,-3.8867798,-1.8590431
640,1,32.889034,-38.845207,-2.8868499,-36.762783,-2.0457556,-0.95789397
641,1,14.185329,-18.579151,1.4136968,-37.767303,-1.1524932,-0.82913244
642,1,-13.024719,-17.384226,-2.022157,-29.901218,-0.62685984,-0.5417469
643,1,-27.235552,-2.0308475,1.660825,-24.824163,-0.10895372,-0.4384607
644,1,-16.832827,-4.4963226,-1.3996179,-8.094138,0.5396026,-0.19938746
645,1,-25.929749,-90.62342,-19.298788,-57.16307,-8.855297,-1.2408847
646,1,49.67497,-50.6656,-2.7648852,-38.129616,-6.0852304,-2.6582491
647,1,21.27029,-39.96595,-4.9748034,-34.849808,-3.0891864,-2.17567
648,1,7.1668487,-18.631836,0.36066538,-35.730236,-1.8899248,-1.5641322
649,1,-16.528383,-17.77313,-2.5773363,-28.301474,-0.91762894,-1.3328836
650,1,-28.014933,-1.7899916,1.4906641,-23.3801,-0.15874818,-0.9047607
651,1,-16.415823,-4.478861,-0.10792527,-7.35544,1.0862019,-0.3787207
652,1,-19.468674,-90.33627,-26.131035,-58.21382,-3.5334353,-0.4110443
653,1,51.085003,-52.381676,-7.203615,-38.705692,-2.991162,-1.2325276
654,1,21.37767,-41.27927,-6.744515,-34.225082,-2.257774,-1.8011739
655,1,7.098045,-19.115467,-0.7406603,-34.990753,-1.2668606,-1.6118076
656,1,-16.400566,-18.195126,-3.0645945,-27.491135,-0.5686866,-1.294946
657,1,-27.686195,-1.7689062,1.7620527,-22.830465,0.23945445,-1.0026248
658,1,-16.952076,-4.793937,0.28657493,-7.191321,0.9057442,-0.3795067
659,1,-20.862555,-91.01869,-29.36209,-57.49156,-3.7960947,-0.34162948
660,1,50.630684,-52.221375,-9.740925,-38.105732,-2.4136963,-0.85575634
661,1,20.970158,-41.771107,-8.37965,-33.996002,-1.5523343,-1.0889615
662,1,6.9095645,-19.642868,-1.3917806,-34.530537,-0.9298288,-1.2290254
663,1,-16.495892,-18.32999,-3.3208537,-27.075949,-0.27772212,-1.1053227
664,1,-27.952822,-2.0520418,1.9059225,-22.537336,0.27441943,-0.80254275
665,1,-17.163849,-4.523472,1.4682132,-7.065697,1.0643383,-0.32924703
666,1,-18.605532,-90.36858,-31.296179,-57.707626,-1.5567864,-0.12454639
667,1,51.019077,-52.61221,-11.323419,-38.062412,-1.3532975,-0.45374766
668,1,21.273758,-41.67672,-9.378504,-33.674046,-0.95260763,-0.7293346
669,1,6.8803535,-19.86332,-2.0274734,-34.359123,-0.5101806,-0.7658102
670,1,-16.58746,-18.447212,-3.412841,-26.82125,-0.12122552,-0.7384875
671,1,-28.059496,-2.0785553,2.1076055,-22.405603,0.31485772,-0.5723276
672,1,-17.809542,-4.6939745,1.8802407,-7.0169234,0.63815683,-0.21889618
673,1,-18.831272,-90.57809,-32.293587,-57.280262,-1.1208254,-0.088848725
674,1,51.184475,-52.291267,-12.1615305,-37.87077,-0.6936503,-0.22656406
675,1,21.212334,-41.869297,-9.943558,-33.621006,-0.4547173,-0.32112905
676,1,6.8944297,-19.85055,-2.3297024,-34.182247,-0.24574208,-0.39154702
677,1,-16.66321,-18.468122,-3.526355,-26.740026,-0.031166654,-0.36632192
678,1,-28.325382,-2.1900554,2.2351844,-22.308973,0.16210133,-0.28204343
679,1,-17.756416,-4.5052366,2.4129715,-6.999278,0.42435995,-0.113078944
680,1,-18.0297,-90.22491,-32.579025,-57.51205,-0.0007426375,-0.00055793393
681,1,51.198963,-52.536697,-12.404546,-37.88193,-0.00020274828,-4.5266028e-05
682,1,21.356968,-41.676346,-10.14399,-33.52343,-3.6964073e-05,-0.00026815635
683,1,6.8461943,-19.954685,-2.4463456,-34.193035,7.8697216e-05,7.963926e-05
684,1,-16.694782,-18.460592,-3.5322316,-26.672049,0.00026773525,-0.0001898716
685,1,-28.275572,-2.1400805,2.2755551,-22.309828,0.00043502662,0.000133981
686,1,-18.131285,-4.666308,2.4184957,-6.9832654,0.0007115563,-0.00018465128
687,1,-18.83273,-90.583954,-32.295963,-57.280964,1.1194156,0.08817693
688,1,51.186237,-52.291203,-12.161488,-37.86941,0.6932304,0.22626248
689,1,21.2115,-41.870117,-9.943949,-33.6207,0.4545958,0.3206636
690,1,6.895131,-19.850422,-2.3295882,-34.181763,0.24594721,0.39166662
691,1,-16.66336,-18.468351,-3.5264645,-26.739664,0.031665694,0.36600277
692,1,-28.325039,-2.190055,2.2352102,-22.3088,-0.16119981,0.28225645
693,1,-17.756231,-4.505022,2.4130566,-6.999125,-0.42291754,0.11283899
694,1,-18.607164,-90.37993,-31.301144,-57.709133,1.5552683,0.12373778
695,1,51.022472,-52.612453,-11.32328,-38.059803,1.3528183,0.45323518
696,1,21.272182,-41.678303,-9.379228,-33.67341,0.952537,0.7291315
697,1,6.8816953,-19.863028,-2.0272684,-34.358124,0.5103524,0.7656807
698,1,-16.58778,-18.447767,-3.4130397,-26.82055,0.12173402,0.7384411
699,1,-28.058844,-2.0784202,2.1076791,-22.40522,-0.31398866,0.5723303
700,1,-17.809303,-4.693739,1.8803815,-7.016645,-0.636768,0.21884201
701,1,-20.867075,-91.036064,-29.369146,-57.49392,3.7945037,0.3412044
702,1,50.635593,-52.221603,-9.740741,-38.101707,2.413277,0.85520226
703,1,20.967852,-41.773636,-8.380741,-33.99502,1.5521883,1.088738
704,1,6.911378,-19.642426,-1.3913257,-34.52902,0.93000865,1.2289699
705,1,-16.496367,-18.330769,-3.3212194,-27.074877,0.27819136,1.1053418
706,1,-27.952007,-2.051856,1.906072,-22.536757,-0.2735771,0.80254453
707,1,-17.163485,-4.523071,1.4683689,-7.065278,-1.0629721,0.32927188
708,1,-19.472742,-90.36083,-26.141554,-58.216908,3.531645,0.4099919
709,1,51.092915,-52.382294,-7.203129,-38.700024,2.9906707,1.2317847
710,1,21.373861,-41.28268,-6.7456884,-34.223778,2.2576463,1.8012367
711,1,7.100915,-19.114628,-0.74015856,-34.98861,1.2669741,1.6118131
712,1,-16.401617,-18.196184,-3.0650153,-27.4897,0.56908333,1.2949878
713,1,-27.685078,-1.7686244,1.7622191,-22.829668,-0.23870306,1.0026722
714,1,-16.951942,-4.7932673,0.28686583,-7.1907597,-0.9045224,0.3794853
715,1,-25.942036,-90.65835,-19.312223,-57.168423,8.852359,1.2402703
716,1,49.68531,-50.66525,-2.7626283,-38.12175,6.084594,2.6582007
717,1,21.26436,-39.969803,-4.9766574,-34.84809,3.0888686,2.175925
718,1,7.1707582,-18.630793,0.3614965,-35.7276,1.8898716,1.5641128
719,1,-16.53014,-17.774096,-2.5778368,-28.29941,0.9179106,1.3330252
720,1,-28.013533,-1.7899314,1.4907548,-23.37921,0.15924524,0.90476686
721,1,-16.415686,-4.4775405,-0.1073863,-7.3546486,-1.0851353,0.3787539
722,1,-0.37958515,-83.2,-7.942911,-57.26843,11.678878,1.5000862
723,1,68.21664,-48.18895,0.8177512,-41.183388,3.8861828,1.8594605
724,1,32.8824,-38.84925,-2.8887439,-36.76029,2.0454466,0.95782757
725,1,14.190344,-18.577953,1.4147208,-37.76399,1.1524994,0.82928073
726,1,-13.026774,-17.385023,-2.0227067,-29.898487,0.62687635,0.5417242
727,1,-27.233791,-2.0310552,1.660895,-24.822893,0.10918694,0.4385141
728,1,-16.832777,-4.4945183,-1.399112,-8.093077,-0.53926027,0.19938102
729,1,53.701817,35.431126,13.546866,-10.655767,-5.946841,1.0274651
730,1,20.70547,-25.665546,-3.5754273,-59.68363,-5.2358007,0.23901422
731,1,47.18039,-13.5758,3.1858115,-44.928093,-2.8676631,-0.6913707
732,1,-3.7595575,-18.969057,-2.617338,-47.664272,-1.7441673,-0.25598106
733,1,-15.904259,-4.0653577,2.2942326,-39.11428,-0.8709375,-0.5062978
734,1,-42.11296,-8.377646,-2.1100276,-29.376633,-0.45673984,-0.23327093
735,1,-36.959118,1.3968244,1.8710964,-11.933614,0.60657215,-0.101129696
736,1,56.34153,39.684265,25.955359,-7.3848257,-11.4229555,0.052946772
737,1,16.135025,-26.699993,-3.8622363,-56.796818,-7.3139887,-0.33034036
738,1,42.711937,-13.728477,3.531415,-41.714382,-4.7920814,-1.0041995
739,1,-6.8397717,-19.47458,-2.9619422,-45.259724,-2.842607,-1.0641613
740,1,-17.011839,-3.7800221,2.2563024,-36.750557,-1.5585406,-0.8397555
741,1,-41.55332,-8.693197,-1.8127221,-27.442152,-0.27327085,-0.72182137
742,1,-36.136524,1.3575321,1.4018229,-11.010988,0.976345,-0.26754192
743,1,45.565647,39.369793,25.260727,-7.358715,-6.051341,-0.4534544
744,1,11.890067,-26.23782,-3.7010825,-56.567802,-4.764895,-0.8757164
745,1,41.25517,-13.848561,2.7678013,-40.986134,-3.2400172,-0.97529924
746,1,-7.724357,-19.844471,-3.2038047,-44.306988,-2.0118003,-1.0956936
747,1,-16.917694,-3.7623086,2.2062106,-35.771572,-0.9468998,-1.001154
748,1,-41.35579,-8.933934,-1.7536807,-26.732193,0.04161527,-0.7392365
749,1,-35.708946,1.669187,2.851667,-10.7780075,1.3068519,-0.31072372
750,1,52.30111,39.681046,23.714844,-7.2288365,-4.4454327,-0.1212206
751,1,12.7912245,-26.53668,-4.82626,-56.208096,-3.2949626,-0.54378015
752,1,41.05911,-13.905859,2.217205,-40.597824,-2.3268301,-0.8380216
753,1,-7.7379384,-19.88386,-3.5611587,-43.79749,-1.388276,-0.87939
754,1,-17.072775,-4.0167904,2.1709135,-35.32357,-0.5498715,-0.83928734
755,1,-41.304512,-8.7817955,-1.3392007,-26.394123,0.2810831,-0.6518066
756,1,-36.569263,1.3281977,3.1998904,-10.656317,0.9120207,-0.254893
757,1,48.18113,39.31855,22.885254,-7.0523562,-2.7072382,-0.20086168
758,1,12.476017,-26.313995,-5.513465,-55.933315,-1.9817674,-0.3922344
759,1,40.87526,-14.056318,1.680704,-40.416954,-1.3759338,-0.52062297
760,1,-7.973143,-19.883833,-3.7561576,-43.524586,-0.80662817,-0.6195569
761,1,-17.208504,-4.0757494,2.1347277,-35.12408,-0.2679451,-0.5819751
762,1,-41.706017,-8.828007,-1.0852703,-26.21619,0.24822965,-0.45779583
763,1,-36.461285,1.4538724,3.9921842,-10.621089,0.8584517,-0.18363883
764,1,51.886826,39.430565,22.043425,-7.1267953,-1.262291,-0.046593517
765,1,12.7534275,-26.395615,-5.9861207,-55.79425,-0.95769376,-0.1822828
766,1,40.8404,-14.000108,1.3508159,-40.274338,-0.66383135,-0.2712125
767,1,-7.970928,-19.893255,-3.9135728,-43.407124,-0.37793225,-0.30115727
768,1,-17.409988,-4.1232233,2.134507,-35.00616,-0.10400551,-0.29974806
769,1,-41.721386,-8.755479,-0.89836484,-26.158648,0.16751674,-0.23012124
770,1,-37.234913,1.297364,4.2073812,-10.589803,0.36428225,-0.09140254
771,1,48.986916,39.25441,22.010468,-6.9938555,-0.00087102526,0.00026649106
772,1,12.750729,-26.29216,-6.1382823,-55.733387,-0.00054245105,-0.00050145003
773,1,40.814026,-14.059503,1.2558805,-40.264343,-0.00017044194,8.6905675e-06
774,1,-8.05171,-19.865845,-3.9625258,-43.349216,1.9597881e-05,-0.00036745798
775,1,-17.399536,-4.121846,2.1256857,-34.990967,0.00020389096,9.3653514e-05
776,1,-41.940075,-8.792146,-0.8404881,-26.124233,0.0004263329,-0.00028088948
777,1,-36.802383,1.403874,4.4222803,-10.59652,0.0007076904,0.00019848958
778,1,51.8865,39.432686,22.044186,-7.126803,1.260942,0.046694756
779,1,12.753076,-26.397778,-5.9869504,-55.795025,0.9565957,0.18149945
780,1,40.84115,-13.999968,1.3509266,-40.27361,0.66350484,0.27108887
781,1,-7.9712324,-19.893887,-3.913827,-43.407104,0.37796363,0.30055627
782,1,-17.409433,-4.123165,2.1345744,-35.005722,0.10442911,0.29981536
783,1,-41.721233,-8.755605,-0.89840484,-26.158518,-0.16668746,0.22969294
784,1,-37.234516,1.2971199,4.20733,-10.589703,-0.3629418,0.091622576
785,1,48.17984,39.32265,22.887024,-7.0523314,2.7054832,0.20096788
786,1,12.475311,-26.318123,-5.5151587,-55.934906,1.9806453,0.3917208
787,1,40.876774,-14.0561,1.6809388,-40.41549,1.3756243,0.52020025
788,1,-7.97378,-19.885153,-3.7566485,-43.52455,0.8066492,0.6192636
789,1,-17.207432,-4.0755467,2.1348968,-35.1232,0.2683889,0.58180577
790,1,-41.70578,-8.828378,-1.0853922,-26.21593,-0.24739936,0.4576566
791,1,-36.46047,1.4535488,3.9921005,-10.620867,-0.8570458,0.18365814
792,1,52.30001,39.687294,23.717241,-7.2286105,4.444107,0.12099919
793,1,12.789994,-26.543081,-4.8287573,-56.21054,3.2938495,0.5432213
794,1,41.061253,-13.905559,2.2177308,-40.595608,2.3265264,0.8376185
795,1,-7.7389193,-19.885868,-3.5619154,-43.797436,1.3883353,0.879187
796,1,-17.071316,-4.016468,2.1712208,-35.32221,0.550299,0.8391276
797,1,-41.304234,-8.782348,-1.3393991,-26.393742,-0.28027925,0.65174353
798,1,-36.56829,1.3277171,3.1998038,-10.655965,-0.9107206,0.25484404
799,1,45.56224,39.37818,25.264603,-7.359049,6.0491514,0.45337883
800,1,11.888653,-26.246899,-3.7041502,-56.571407,4.763666,0.8751951
801,1,41.258293,-13.848022,2.7686007,-40.982918,3.2398348,0.9750039
802,1,-7.725957,-19.84721,-3.2047389,-44.30696,2.011808,1.0955786
803,1,-16.915724,-3.7617888,2.206632,-35.769657,0.94730026,1.0010769
804,1,-41.355694,-8.934635,-1.7539247,-26.731699,-0.040880475,0.73920435
805,1,-35.707706,1.668398,2.8514254,-10.777511,-1.3055845,0.3107534
806,1,56.336918,39.696754,25.962305,-7.3845534,11.422301,-0.052752145
807,1,16.132263,-26.712395,-3.8661182,-56.801575,7.313304,0.33008623
808,1,42.716045,-13.727383,3.5328915,-41.70987,4.7920012,1.0040859
809,1,-6.8423786,-19.477837,-2.9631157,-45.259632,2.8426135,1.0641768
810,1,-17.009274,-3.7795486,2.2568185,-36.748085,1.5588183,0.8396954
811,1,-41.553566,-8.693652,-1.8128597,-27.441425,0.273836,0.72184813
812,1,-36.135307,1.3559949,1.401258,-11.010365,-0.97538036,0.26752746
813,1,53.698452,35.443905,13.553147,-10.65619,5.9476213,-1.0277126
814,1,20.705292,-25.679344,-3.5787647,-59.68845,5.235997,-0.23902819
815,1,47.185883,-13.574638,3.1875777,-44.92271,2.8676045,0.6914742
816,1,-3.7619538,-18.972488,-2.6185033,-47.66373,1.7441847,0.25589773
817,1,-15.901199,-4.065085,2.2947996,-39.111286,0.8710571,0.5063728
818,1,-42.113262,-8.377769,-2.1101034,-29.375446,0.45693153,0.23323503
819,1,-36.957764,1.3947082,1.8705139,-11.932772,-0.6061283,0.10115258
820,1,76.29496,-26.831612,-8.504496,-18.196281,-1.9506538,-0.26948386
821,1,47.748703,13.748895,6.014492,-30.31181,-1.9568413,0.31388235
822,1,20.887468,-13.21065,-2.9029706,-57.73926,-2.2431803,0.20505637
823,1,4.573088,0.5557601,3.1829424,-44.99463,-1.3959205,-0.29329965
824,1,-35.067093,-9.866452,-2.6290817,-47.809494,-0.9520934,-0.031390015
825,1,-52.31958,3.8031642,2.6613314,-31.416672,-0.12463102,-0.25037906
826,1,-63.231903,-3.4446692,-1.9562794,-14.032385,0.3973637,-0.08625403
827,1,80.8815,-29.824097,-10.455009,-17.816269,-6.582871,0.3456719
828,1,52.80449,14.865964,9.623092,-26.928314,-5.2937403,0.3002251
829,1,22.251661,-13.815946,-2.212313,-55.235867,-4.050774,-0.12926133
830,1,6.029067,0.8758057,3.9380722,-41.909504,-2.6864681,-0.35552576
831,1,-33.723206,-10.431432,-2.445025,-45.51802,-1.432802,-0.49643713
832,1,-50.311684,4.1907983,2.7518375,-29.0586,-0.36735347,-0.3716402
833,1,-60.780308,-3.458289,-0.26381546,-12.995789,1.5766674,-0.17566405
834,1,77.76816,-29.297363,-6.1228967,-16.93551,-7.1350994,-0.025881883
835,1,48.464333,15.039418,10.547807,-25.441936,-4.8594837,-0.14882377
836,1,19.799742,-13.636888,-1.4526576,-54.004105,-3.2792828,-0.37366128
837,1,5.245495,1.0255414,4.2975597,-40.598984,-2.102749,-0.5485627
838,1,-33.87346,-10.552927,-2.2112453,-44.3411,-0.9593112,-0.5563748
839,1,-49.639477,4.369086,3.362644,-28.163477,0.24569455,-0.47974417
840,1,-60.90052,-3.8058143,-0.31855825,-12.724492,1.2138634,-0.18444419
841,1,75.657936,-29.510792,-6.2170053,-16.95062,-4.167499,-0.15512823
842,1,49.03942,15.329829,11.086191,-25.170408,-3.3377993,-0.31039697
843,1,19.774382,-13.4925375,-1.3738294,-53.334026,-2.3819973,-0.39875847
844,1,5.007778,1.0044752,4.4321847,-40.00785,-1.3963257,-0.50458807
845,1,-33.873425,-10.375174,-1.9394637,-43.72361,-0.52023625,-0.52352965
846,1,-49.881397,4.1642833,3.6117508,-27.780869,0.31195703,-0.42172924
847,1,-60.58332,-3.4468882,0.8019908,-12.552631,1.3841236,-0.17513092
848,1,78.0175,-29.229359,-6.1385756,-16.7509,-3.144128,-0.042541333
849,1,48.326794,15.152959,11.023972,-24.884605,-2.2218435,-0.2193548
850,1,19.314188,-13.352562,-1.2585484,-53.026615,-1.4927155,-0.33188656
851,1,4.727924,0.9989356,4.4746413,-39.71663,-0.8732344,-0.37491524
852,1,-34.253628,-10.322235,-1.7406594,-43.414276,-0.24388419,-0.3834843
853,1,-49.97624,4.18907,3.9381936,-27.6008,0.3580324,-0.3061894
854,1,-61.610546,-3.5415418,1.1486716,-12.47455,0.8138476,-0.11726839
855,1,75.45116,-29.311415,-6.1972523,-16.719206,-1.3201109,-0.062500395
856,1,48.632114,15.2395935,10.942963,-24.828176,-1.0320082,-0.12391786
857,1,19.305803,-13.347959,-1.2925702,-52.848064,-0.71894157,-0.16477874
858,1,4.5016227,1.0092633,4.5029116,-39.595043,-0.39577538,-0.2013639
859,1,-34.349823,-10.253398,-1.6350542,-43.269596,-0.09934092,-0.19785687
860,1,-50.368256,4.121373,4.1200824,-27.523197,0.18506008,-0.16041882
861,1,-61.25437,-3.3966968,1.599924,-12.454094,0.51762044,-0.06505261
862,1,78.00063,-29.174248,-6.3400683,-16.691929,-0.00051216333,-0.000418874
863,1,48.30958,15.155383,10.916747,-24.761072,-0.00051127205,0.00023166486
864,1,19.191677,-13.295016,-1.2974705,-52.80625,-0.000275642,-0.00048287414
865,1,4.499439,1.0019652,4.503896,-39.550488,-5.1975443e-05,0.000105258325
866,1,-34.488613,-10.250902,-1.5920278,-43.230473,0.0001610417,-0.00042136214
867,1,-50.24521,4.159148,4.1791964,-27.49835,0.0003596888,0.00016103394
868,1,-61.964172,-3.4785142,1.6466162,-12.4301815,0.00060536206,-0.00032322973
869,1,75.45083,-29.313257,-6.1979055,-16.71933,1.3185458,0.06211849
870,1,48.631947,15.240834,10.943448,-24.82779,1.0310627,0.12411974
871,1,19.30567,-13.34891,-1.2929145,-52.84842,0.7183947,0.1640423
872,1,4.5019937,1.0095049,4.503035,-39.59447,0.3956877,0.20137452
873,1,-34.34968,-10.253789,-1.635186,-43.269665,0.09965886,0.19722469
874,1,-50.3678,4.1214314,4.120123,-27.522848,-0.18431258,0.16056478
875,1,-61.253838,-3.39658,1.6000049,-12.454095,-0.516297,0.0646495
876,1,78.01682,-29.232952,-6.1400633,-16.75116,3.1431286,0.042328984
877,1,48.326214,15.155382,11.025031,-24.883732,2.2209039,0.21923958
878,1,19.313908,-13.354506,-1.2592555,-53.02738,1.4921287,0.33150947
879,1,4.7286158,0.99948347,4.4749565,-39.715477,0.87321997,0.37462974
880,1,-34.253395,-10.323114,-1.7409753,-43.414406,0.24418505,0.38319677
881,1,-49.975376,4.1892996,3.938335,-27.6001,-0.35726875,0.3060459
882,1,-61.609596,-3.541443,1.1488085,-12.474568,-0.8126434,0.117131725
883,1,75.65687,-29.516142,-6.2188478,-16.951212,4.166024,0.15507929
884,1,49.038776,15.333427,11.087821,-25.16913,3.336894,0.310256
885,1,19.773912,-13.495477,-1.3748645,-53.335205,2.3815346,0.39846566
886,1,5.0087266,1.0052954,4.4327164,-40.00608,1.3963066,0.5043009
887,1,-33.87316,-10.376522,-1.9399418,-43.723824,0.52058345,0.52335674
888,1,-49.880276,4.1646566,3.611977,-27.77978,-0.31119376,0.4215791
889,1,-60.581963,-3.446789,0.80210805,-12.552677,-1.382831,0.1751095
890,1,77.766,-29.30489,-6.125467,-16.936079,7.134279,0.02582896
891,1,48.462757,15.044594,10.550264,-25.440212,4.858708,0.14879921
892,1,19.799139,-13.641089,-1.4540004,-54.005775,3.2788196,0.37339768
893,1,5.246654,1.0267559,4.298334,-40.596478,2.1028156,0.5483905
894,1,-33.873325,-10.554769,-2.2118683,-44.341423,0.95961946,0.5562365
895,1,-49.63818,4.3695583,3.3629415,-28.161945,-0.24498115,0.4796637
896,1,-60.899082,-3.8055253,-0.31832376,-12.724548,-1.212747,0.18437235
897,1,80.87958,-29.834818,-10.4590225,-17.817373,6.582448,-0.34585994
898,1,52.80335,14.873145,9.626602,-26.925905,5.2934914,-0.30024332
899,1,22.250877,-13.821607,-2.2141018,-55.23794,4.050603,0.12910272
900,1,6.030583,0.8773593,3.9391367,-41.906216,2.686584,0.3554191
901,1,-33.723362,-10.433481,-2.4456892,-45.51831,1.4330682,0.49638653
902,1,-50.310276,4.1909695,2.7520316,-29.056637,0.36789712,0.3716033
903,1,-60.778748,-3.4573486,-0.26334435,-12.995856,-1.5756662,0.17567095
904,1,76.29293,-26.843134,-8.509174,-18.197176,1.9501405,0.26956454
905,1,47.747612,13.756523,6.01772,-30.30938,1.9568698,-0.31398496
906,1,20.887573,-13.216926,-2.9047854,-57.74113,2.2432938,-0.20514567
907,1,4.5749397,0.5572251,3.1840491,-44.99088,1.3959662,0.29333085
908,1,-35.0671,-9.868379,-2.6296813,-47.80938,0.952228,0.03131825
909,1,-52.31818,3.8028703,2.6614215,-31.414307,0.12483461,0.25041163
910,1,-63.23053,-3.4430964,-1.9557205,-14.032258,-0.39690477,0.08622744
911,1,102.02598,19.45612,7.5747256,-10.941509,-2.737074,0.26511672
912,1,59.917633,-15.020285,-4.9212627,-42.59318,-1.1546128,-0.032933656
913,1,30.708261,8.56564,3.9655228,-41.611015,-0.9438099,0.009594903
914,1,-7.8331356,-8.875258,-2.9696147,-57.128056,-0.96614426,0.16148722
915,1,-39.215614,6.7937446,3.3015068,-41.42466,-0.3754239,-0.17073366
916,1,-70.298416,-7.232476,-3.06259,-38.568695,-0.37341636,0.030064156
917,1,-89.65112,5.3468623,3.0175521,-12.508793,1.2859592,-0.022090226
918,1,107.258064,21.4997,10.93393,-9.49302,-4.722558,-0.04572809
919,1,64.33503,-16.344759,-5.6063404,-41.04451,-3.3799713,0.13030514
920,1,35.611275,9.088217,5.381649,-38.50913,-2.5735922,0.123164535
921,1,-4.3661985,-9.590573,-2.6240718,-54.922657,-1.8633858,-0.0634907
922,1,-35.69456,7.308331,3.8991323,-38.567284,-1.0082476,-0.119146645
923,1,-66.984344,-7.9080772,-2.6016974,-36.494965,0.20826419,-0.18796383
924,1,-86.87708,5.522856,2.2110667,-11.308031,1.3815368,-0.0740387
925,1,105.88801,21.118406,10.882289,-9.285533,-5.2436285,0.115070134
926,1,63.924965,-16.443764,-4.0942984,-39.905468,-3.9229856,0.10966191
927,1,34.55262,9.13689,6.2422466,-36.821426,-2.7395322,-0.048453953
928,1,-4.718016,-9.65206,-1.998165,-53.50706,-1.6041819,-0.14719817
929,1,-35.327965,7.4443374,4.459718,-37.130325,-0.6204814,-0.2524926
930,1,-66.392365,-8.0663595,-2.3672047,-35.534435,0.41809604,-0.21917635
931,1,-85.42292,5.8717694,3.5309343,-10.981297,1.9605715,-0.11215709
932,1,105.35,21.392565,12.68345,-8.892402,-4.245189,-0.022277296
933,1,62.509933,-16.38758,-3.5142245,-39.22666,-2.954746,-0.041656215
934,1,34.11817,9.202898,6.794106,-36.20084,-1.9553578,-0.10683737
935,1,-5.018798,-9.461272,-1.5290538,-52.62951,-1.1263485,-0.19772449
936,1,-35.571404,7.3331637,4.786688,-36.50335,-0.23581305,-0.2403842
937,1,-66.25588,-7.8022265,-1.787633,-34.988667,0.6619599,-0.21863034
938,1,-86.21572,5.511647,3.6592789,-10.760303,1.380553,-0.08467315
939,1,104.353325,21.180132,12.779598,-8.923239,-2.6067994,-0.040787335
940,1,62.92685,-16.20955,-2.997585,-38.973606,-2.0043073,-0.07528132
941,1,33.749317,9.208077,7.076844,-35.80868,-1.3457484,-0.11931723
942,1,-5.423647,-9.34842,-1.2206539,-52.23261,-0.6699539,-0.16134651
943,1,-35.89314,7.3530574,5.061486,-36.167095,-0.090808965,-0.19034913
944,1,-66.79273,-7.7592196,-1.4264677,-34.705307,0.4992333,-0.16305363
945,1,-85.92345,5.580358,4.2751217,-10.709882,1.2099234,-0.07776331
946,1,105.11526,21.259344,13.115558,-8.801838,-1.4008342,-0.012101049
947,1,62.155945,-16.229269,-2.8019135,-38.78618,-0.97979164,-0.044389192
948,1,33.52128,9.236058,7.2590866,-35.69861,-0.6358915,-0.07346346
949,1,-5.6239996,-9.275764,-1.0497698,-52.01455,-0.3308554,-0.09189172
950,1,-36.18793,7.3347635,5.224184,-36.033043,-0.010672282,-0.102602065
951,1,-66.79686,-7.6530914,-1.1956272,-34.571632,0.29127622,-0.084701635
952,1,-86.86759,5.452426,4.4765983,-10.630462,0.52299565,-0.03143418
953,1,103.916466,21.161093,13.092475,-8.847587,-0.0007532625,0.00042723023
954,1,62.638054,-16.151283,-2.7497237,-38.774544,-0.00036379695,-0.00051916187
955,1,33.47376,9.221833,7.297517,-35.625713,-0.00026842838,0.00024575528
956,1,-5.7226853,-9.255414,-0.99344605,-51.972816,-5.22989e-05,-0.00053628144
957,1,-36.21211,7.35285,5.273631,-35.981174,8.7365785e-05,0.00018817546
958,1,-67.06934,-7.6723104,-1.1028869,-34.536255,0.0003348488,-0.00045021737
959,1,-86.23841,5.5205193,4.5988903,-10.658505,0.00060746254,0.0003028453
960,1,105.11494,21.2608,13.116042,-8.801715,1.3998916,0.012447632
961,1,62.15555,-16.230385,-2.8023121,-38.78636,0.9789443,0.043715805
962,1,33.521362,9.236728,7.259342,-35.698067,0.6353925,0.073651426
963,1,-5.6239786,-9.276286,-1.0499426,-52.014755,0.3307379,0.09111694
964,1,-36.18752,7.335029,5.224281,-36.03252,0.010881102,0.10272366
965,1,-66.79641,-7.6533227,-1.1956915,-34.571743,-0.2906317,0.08405345
966,1,-86.86694,5.452444,4.4766593,-10.630342,-0.52191764,0.031734742
967,1,104.35263,21.182987,12.780905,-8.922907,2.6054468,0.040821865
968,1,62.926197,-16.211845,-2.9985118,-38.97409,2.0035558,0.075041756
969,1,33.74932,9.209513,7.07749,-35.80755,1.345365,0.119119756
970,1,-5.4235783,-9.349585,-1.2210972,-52.233025,0.6698036,0.1610075
971,1,-35.892395,7.3536944,5.061777,-36.16606,0.09110013,0.1901201
972,1,-66.79189,-7.759794,-1.4266738,-34.70551,-0.49858326,0.16282003
973,1,-85.92218,5.5805116,4.2752414,-10.709616,-1.2086853,0.07775938
974,1,105.348785,21.396662,12.684997,-8.891811,4.244302,0.02224162
975,1,62.508694,-16.390911,-3.5154507,-39.227432,2.954037,0.041505557
976,1,34.118217,9.204992,6.795073,-36.199112,1.9549638,0.10663144
977,1,-5.018786,-9.463037,-1.529704,-52.630177,1.1263063,0.19750534
978,1,-35.570435,7.3341413,4.78715,-36.50176,0.2361117,0.24014379
979,1,-66.25477,-7.803137,-1.7879574,-34.989,-0.6612899,0.21849182
980,1,-86.21403,5.5119553,3.659537,-10.759879,-1.3794432,0.084573284
981,1,105.88631,21.124405,10.884887,-9.284874,5.2426615,-0.11509415
982,1,63.923347,-16.448677,-4.096129,-39.906536,3.9224515,-0.10983634
983,1,34.55248,9.139925,6.243665,-36.819042,2.739317,0.04836389
984,1,-4.718122,-9.654582,-1.9990389,-53.508007,1.6041481,0.14699757
985,1,-35.32691,7.4456887,4.4603667,-37.128124,0.6208127,0.2523655
986,1,-66.391205,-8.067557,-2.3676307,-35.534912,-0.4174447,0.21906269
987,1,-85.42096,5.8720403,3.531126,-10.980718,-1.9594055,0.11216136
988,1,107.256096,21.507998,10.937171,-9.492046,4.7218337,0.045797277
989,1,64.333244,-16.351536,-5.608965,-41.045963,3.379629,-0.13044186
990,1,35.611515,9.092308,5.3835716,-38.50609,2.5735178,-0.12322395
991,1,-4.3664145,-9.593777,-2.6251922,-54.92371,1.8634263,0.06336804
992,1,-35.693398,7.309744,3.8998663,-38.56456,1.0085276,0.1190777
993,1,-66.983315,-7.9090734,-2.6020317,-36.495434,-0.20774797,0.18790439
994,1,-86.87505,5.5225782,2.2110581,-11.307297,-1.3806661,0.07400204
995,1,102.02412,19.465265,7.578759,-10.940502,2.7370367,-0.2651766
996,1,59.91605,-15.027656,-4.9240155,-42.594303,1.1544032,0.03295892
997,1,30.708538,8.569951,3.9673486,-41.607735,0.94376945,-0.009624072
998,1,-7.833129,-8.878567,-2.970706,-57.128727,0.9662195,-0.16156325
999,1,-39.21448,6.79485,3.3021336,-41.421642,0.3755245,0.17075193
1000,1,-70.29759,-7.2329698,-3.0627465,-38.56878,0.3736446,-0.030100232
1001,1,-89.64931,5.3458447,3.017183,-12.507931,-1.2856511,0.022125622
1002,1,126.18614,-14.741196,-5.4207425,-15.663956,-0.93766105,-0.11734382
1003,1,78.903366,12.434583,4.706034,-30.254467,-1.135246,0.15107708
1004,1,32.73343,-9.469219,-3.5741873,-55.047134,-0.6051428,0.0807811
1005,1,-6.7707186,9.058287,3.5858226,-44.468224,-0.35874274,-0.050546017
1006,1,-50.184185,-8.285547,-3.547103,-52.762608,-0.37452275,0.14329495
1007,1,-85.30692,9.66216,4.009215,-31.049627,0.43289152,-0.08584064
1008,1,-117.50212,-8.427205,-4.101335,-15.293396,0.27256358,0.002238772
1009,1,131.33101,-16.21634,-6.0966415,-14.988146,-4.1624727,0.16743742
1010,1,84.37107,13.427238,6.3566,-27.537031,-2.3472357,0.13431527
1011,1,37.350494,-10.308405,-3.6951768,-53.250237,-1.6458523,0.10697111
1012,1,-1.7731439,9.613433,4.4433203,-41.433987,-0.98286605,0.0962352
1013,1,-45.83249,-9.249145,-3.493381,-50.818703,-0.316,-0.004638565
1014,1,-81.294975,10.386042,4.272401,-28.509357,0.3318486,-0.020315742
1015,1,-113.33469,-8.951678,-2.9697156,-14.377925,2.4026232,-0.028113153
1016,1,131.5681,-15.987516,-4.116453,-14.48934,-4.1904764,0.021059899
1017,1,84.3819,13.420885,6.910792,-26.427677,-2.9272842,0.12154315
1018,1,37.97227,-10.488906,-2.9030895,-51.86297,-1.8255934,0.13550079
1019,1,-1.3682753,9.6401005,5.1232314,-39.800903,-0.99167055,0.033287264
1020,1,-45.05593,-9.403106,-3.008091,-49.425385,-0.069440946,-0.023143137
1021,1,-80.01354,10.517164,4.9021034,-27.400305,1.025108,-0.07982591
1022,1,-112.353874,-9.273084,-3.242268,-13.988841,1.8804138,-0.02127331
1023,1,130.40549,-16.185163,-3.8223462,-14.36797,-3.451009,0.078583986
1024,1,83.96891,13.400316,7.8232765,-25.929068,-2.3948193,0.10282746
1025,1,37.177814,-10.415206,-2.2367976,-50.9646,-1.4916958,0.073717356
1026,1,-1.7991996,9.532709,5.6116114,-39.072445,-0.60082054,0.019477943
1027,1,-45.39272,-9.188966,-2.4410188,-48.574734,0.17790487,-0.03863675
1028,1,-80.37085,10.269034,5.2479544,-26.88384,0.9583435,-0.07243788
1029,1,-111.86909,-8.895425,-2.3187659,-13.773697,2.1265507,-0.04607359
1030,1,130.27736,-15.998784,-2.8099167,-14.151537,-2.339485,0.017561361
1031,1,83.26483,13.358219,8.255675,-25.625185,-1.6106979,0.042203654
1032,1,36.978687,-10.323413,-1.787461,-50.57641,-0.9662884,0.04794351
1033,1,-2.260975,9.538524,5.990694,-38.653854,-0.39908326,0.0019468879
1034,1,-45.838787,-9.108549,-2.0621305,-48.159756,0.21158585,-0.03416209
1035,1,-80.56325,10.2622,5.588813,-26.59669,0.7964026,-0.047208197
1036,1,-112.83303,-8.885605,-1.9817996,-13.595746,1.2600279,-0.007944985
1037,1,129.54204,-16.063293,-2.643586,-14.168097,-1.1533322,0.010330023
1038,1,83.37413,13.380625,8.595074,-25.535559,-0.8294177,0.01552386
1039,1,36.60979,-10.272368,-1.5085037,-50.329746,-0.5006071,0.014943418
1040,1,-2.5261943,9.534451,6.1920867,-38.508358,-0.1722353,-0.0013390383
1041,1,-46.107784,-9.010875,-1.8230044,-47.931046,0.116010055,-0.016162861
1042,1,-80.97242,10.190265,5.8134704,-26.477522,0.4007548,-0.027214905
1043,1,-112.35502,-8.764437,-1.693151,-13.582871,0.7541948,-0.016793977
1044,1,129.8433,-15.978488,-2.3778355,-14.087748,-0.00037157733,-0.0006209277
1045,1,82.91412,13.344517,8.680993,-25.47669,-0.00044362855,0.00041884297
1046,1,36.62908,-10.249092,-1.425053,-50.306202,-0.00015675354,-0.0006586488
1047,1,-2.6279967,9.545469,6.273684,-38.434322,-0.00012958683,0.00028207357
1048,1,-46.20284,-9.005287,-1.7490615,-47.88994,0.00011737863,-0.00060008914
1049,1,-80.862755,10.219319,5.857365,-26.424717,0.00022762673,0.00028489894
1050,1,-113.07631,-8.794563,-1.5896935,-13.506379,0.00045570743,-0.00047263398
1051,1,129.54161,-16.064455,-2.6439536,-14.168063,1.1520691,-0.010930172
1052,1,83.37395,13.381493,8.595324,-25.535185,0.8287478,-0.015165134
1053,1,36.609577,-10.273001,-1.5087118,-50.329937,0.5002309,-0.015827522
1054,1,-2.5259168,9.534887,6.192205,-38.50773,0.17205432,0.0015428647
1055,1,-46.107487,-9.011251,-1.8231297,-47.931225,-0.11580997,0.015317989
1056,1,-80.97178,10.190568,5.813572,-26.477114,-0.4002371,0.02748546
1057,1,-112.35428,-8.764651,-1.6932046,-13.582918,-0.7531202,0.016245138
1058,1,130.27654,-16.0011,-2.8111382,-14.151654,2.338729,-0.017680744
1059,1,83.264206,13.360091,8.2564745,-25.624308,1.6100341,-0.042356797
1060,1,36.978413,-10.324872,-1.7880857,-50.57683,0.9658807,-0.048261732
1061,1,-2.2605858,9.539558,5.9911137,-38.652626,0.39903936,-0.002207127
1062,1,-45.83818,-9.109434,-2.06251,-48.16007,-0.211418,0.033841185
1063,1,-80.56204,10.262908,5.589109,-26.595903,-0.795822,0.0470313
1064,1,-112.831604,-8.886135,-1.9819058,-13.5958605,-1.2591108,0.007792134
1065,1,130.40407,-16.188332,-3.8234482,-14.36818,3.4500139,-0.07865365
1066,1,83.967964,13.402921,7.824258,-25.92772,2.3942401,-0.102972664
1067,1,37.177227,-10.417326,-2.2376401,-50.9653,1.4914283,-0.07393159
1068,1,-1.7986859,9.53423,5.612252,-39.07056,0.60078084,-0.019733967
1069,1,-45.391968,-9.190332,-2.4415917,-48.575268,-0.17764097,0.038445137
1070,1,-80.36927,10.270145,5.2484183,-26.882627,-0.95771873,0.072256185
1071,1,-111.867134,-8.896315,-2.3190775,-13.773888,-2.1254642,0.046064872
1072,1,131.56613,-15.992411,-4.1186967,-14.489588,4.189771,-0.021100301
1073,1,84.380516,13.424813,6.9124246,-26.425896,2.926824,-0.121600084
1074,1,37.97151,-10.49205,-2.904297,-51.863964,1.8253703,-0.13571031
1075,1,-1.3677709,9.642276,5.124148,-39.798325,0.99174196,-0.03340507
1076,1,-45.055237,-9.405025,-3.0088394,-49.426167,0.06971273,0.022966487
1077,1,-80.011826,10.5186405,4.902718,-27.398651,-1.0244855,0.0797419
1078,1,-112.35169,-9.274163,-3.2425618,-13.989095,-1.8794776,0.021184836
1079,1,131.32892,-16.222965,-6.099013,-14.988506,4.161949,-0.1675087
1080,1,84.36956,13.432655,6.358801,-27.534779,2.3468955,-0.13431121
1081,1,37.349632,-10.31264,-3.6968443,-53.25136,1.6457167,-0.107093655
1082,1,-1.7725275,9.616134,4.4445195,-41.43091,0.98295134,-0.09629835
1083,1,-45.83196,-9.251239,-3.4942026,-50.819443,0.31623185,0.004537485
1084,1,-81.29331,10.387262,4.272948,-28.507421,-0.33136782,0.020296082
1085,1,-113.332535,-8.95229,-2.9699712,-14.378183,-2.4017637,0.028129397
1086,1,126.18414,-14.748755,-5.424211,-15.664125,0.93721724,0.1173759
1087,1,78.90192,12.440489,4.708465,-30.25206,1.1352162,-0.15112458
1088,1,32.732826,-9.4737625,-3.5758452,-55.04784,0.60507184,-0.08080307
1089,1,-6.7701488,9.060929,3.5869157,-44.46496,0.35875824,0.050538406
1090,1,-50.183758,-8.287323,-3.5477536,-52.762886,0.37463516,-0.14334904
1091,1,-85.305534,9.662739,4.0094733,-31.047537,-0.4327453,0.08585426
1092,1,-117.50033,-8.426926,-4.1011033,-15.293466,-0.2721562,-0.0022861552
1093,1,151.85869,10.924796,4.2879624,-11.713682,-1.9743049,0.11840796
1094,1,94.34103,-9.323843,-3.645256,-41.000126,-0.26228145,-0.011000767
1095,1,41.782143,9.982675,3.625218,-41.075554,-0.48573354,0.0722824
1096,1,-10.266444,-8.35219,-3.5444717,-58.633095,-0.17638579,0.13863556
1097,1,-56.958355,11.296893,4.2172046,-40.367672,0.19108762,-0.07078267
1098,1,-102.34339,-11.047755,-4.821425,-39.746983,-0.17288095,0.10776112
1099,1,-143.99799,12.454841,5.6136446,-11.6023035,1.7853807,-0.03053367
1100,1,156.71486,11.912995,5.600777,-10.4789715,-2.788438,-0.0015927242
1101,1,99.257614,-10.204544,-3.833267,-39.41528,-1.789098,0.1795864
1102,1,47.331783,10.5919485,4.6070914,-38.080986,-0.85296464,0.18677232
1103,1,-5.337906,-9.304165,-3.6599147,-56.863304,-0.3502544,0.14920546
1104,1,-51.769165,12.133731,4.998134,-37.463398,0.20687336,0.097961515
1105,1,-97.49013,-12.309393,-4.79404,-38.09052,1.1559016,0.003914643
1106,1,-139.58278,13.335471,5.1683326,-10.44133,1.7883236,0.0026831757
1107,1,157.58772,11.750736,5.9912786,-10.17825,-3.556878,0.13050234
1108,1,100.33905,-10.307437,-2.863002,-38.34886,-2.053722,0.22921531
1109,1,48.065132,10.597689,5.296706,-36.54106,-1.0867405,0.21369804
1110,1,-4.2439194,-9.51565,-3.05266,-55.466297,-0.18448533,0.19437303
1111,1,-50.846874,12.164619,5.570036,-35.95467,0.58867246,0.09724988
1112,1,-96.37015,-12.458692,-4.397665,-37.015965,1.4277347,0.02980088
1113,1,-137.33244,13.601801,6.1927147,-10.097243,3.018865,-0.03950734
1114,1,156.79536,11.894508,7.3808904,-9.906642,-2.737568,0.05561789
1115,1,99.60022,-10.303576,-2.1905236,-37.755844,-1.7892185,0.20278727
1116,1,47.67319,10.481883,5.937082,-35.93376,-0.87371176,0.22809274
1117,1,-4.9397187,-9.397796,-2.3695805,-54.493782,-0.08964269,0.18609689
1118,1,-51.345795,11.934401,6.0466146,-35.314953,0.72172797,0.10048801
1119,1,-96.61355,-12.170812,-3.786557,-36.356094,1.5371602,0.046249814
1120,1,-138.07654,13.206692,6.415551,-9.804643,2.145251,0.023396526
1121,1,156.04015,11.769742,7.7915764,-9.893007,-1.8880098,0.07012649
1122,1,99.31908,-10.259932,-1.5385758,-37.472984,-1.2205162,0.1600944
1123,1,47.097244,10.467045,6.4294024,-35.556618,-0.6064112,0.16641507
1124,1,-5.339726,-9.334003,-1.9402676,-54.08582,0.0047688666,0.15103622
1125,1,-51.946327,11.911548,6.4308267,-34.926743,0.5392478,0.09521415
1126,1,-97.21025,-12.096757,-3.3237793,-36.0087,1.0859286,0.041995753
1127,1,-137.64522,13.160154,6.754074,-9.768019,1.7927768,-0.010999994
1128,1,155.75356,11.836043,8.431728,-9.780912,-0.9385552,0.025001558
1129,1,98.86959,-10.239896,-1.2033259,-37.308212,-0.6169944,0.07902298
1130,1,46.94707,10.461209,6.6986814,-35.44767,-0.30083394,0.09346383
1131,1,-5.7137337,-9.259542,-1.6396174,-53.83423,-0.004128552,0.08237897
1132,1,-52.209236,11.870701,6.6448474,-34.799786,0.2993091,0.05117991
1133,1,-97.316444,-11.974795,-3.1026673,-35.815506,0.5786527,0.033887252
1134,1,-138.43652,13.04297,6.9952197,-9.622917,0.7905959,0.016825415
1135,1,155.43655,11.764672,8.426695,-9.832148,-0.00065647706,0.0006982276
1136,1,98.93621,-10.216294,-1.0550729,-37.286842,-0.00018501618,-0.00083212607
1137,1,46.737812,10.463914,6.814203,-35.375534,-0.00030582398,0.00043823657
1138,1,-5.7529964,-9.246248,-1.5704476,-53.8024,1.4250347e-05,-0.0007910758
1139,1,-52.364876,11.884227,6.7266107,-34.724934,-5.3424563e-05,0.00033846396
1140,1,-97.51933,-11.986623,-2.9777114,-35.782795,0.00024526293,-0.00063777145
1141,1,-137.75526,13.067631,6.9830155,-9.69168,0.00045436705,0.00046145104
1142,1,155.75317,11.836944,8.431779,-9.780885,0.9378915,-0.024462378
1143,1,98.86917,-10.240553,-1.2035085,-37.30824,0.61637336,-0.080002636
1144,1,46.94716,10.461711,6.698737,-35.44711,0.30040783,-0.09313718
1145,1,-5.7137303,-9.259932,-1.6397398,-53.834427,0.004051907,-0.083453596
1146,1,-52.208668,11.871128,6.6449156,-34.79911,-0.29930404,-0.05092018
1147,1,-97.31574,-11.975231,-3.1028123,-35.81567,-0.57822955,-0.034759417
1148,1,-138.43565,13.043405,6.995442,-9.622768,-0.7898506,-0.016394872
1149,1,156.03903,11.771588,7.7924805,-9.892626,1.8869882,-0.0702132
1150,1,99.31843,-10.26151,-1.5394235,-37.4732,1.2199887,-0.16033855
1151,1,47.0971,10.468331,6.4298983,-35.55549,0.6061479,-0.16672155
1152,1,-5.33958,-9.33502,-1.9407767,-54.08615,-0.00491601,-0.15141615
1153,1,-51.94536,11.912536,6.4311647,-34.925514,-0.53907216,-0.095506795
1154,1,-97.20888,-12.097713,-3.3241985,-36.00897,-1.0855064,-0.04224625
1155,1,-137.64352,13.161091,6.7544665,-9.7677,-1.7918029,0.010986791
1156,1,156.79369,11.896839,7.3812933,-9.906114,2.736885,-0.055663127
1157,1,99.59901,-10.305683,-2.1913574,-37.756233,1.788789,-0.20298217
1158,1,47.67296,10.483668,5.9377275,-35.932003,0.87344396,-0.22835198
1159,1,-4.939647,-9.399297,-2.3702917,-54.49438,0.08964935,-0.18634897
1160,1,-51.34452,11.935886,6.047153,-35.313065,-0.72151935,-0.10076012
1161,1,-96.61174,-12.172308,-3.7872083,-36.356564,-1.5366576,-0.046394944
1162,1,-138.07422,13.208202,6.4162884,-9.804159,-2.1443849,-0.023527969
1163,1,157.5854,11.754619,5.9930477,-10.177533,3.55623,-0.1305491
1164,1,100.33744,-10.3107395,-2.864461,-38.349403,2.0533464,-0.22937144
1165,1,48.0647,10.600364,5.2977405,-36.538696,1.0866222,-0.21381149
1166,1,-4.243993,-9.517878,-3.0536027,-55.467182,0.18452623,-0.19459964
1167,1,-50.845543,12.166695,5.5707917,-35.95214,-0.5883701,-0.09736374
1168,1,-96.36827,-12.460744,-4.3985076,-37.016655,-1.4271817,-0.029929379
1169,1,-137.3299,13.603741,6.19348,-10.096592,-3.0178626,0.039534457
1170,1,156.71213,11.918185,5.602367,-10.478123,2.787834,0.0016165809
1171,1,99.255844,-10.209134,-3.8350604,-39.415863,1.7888728,-0.1796828
1172,1,47.33125,10.595552,4.6085625,-38.07821,0.85288775,-0.18683009
1173,1,-5.338112,-9.306959,-3.6610985,-56.864124,0.3503002,-0.14932881
1174,1,-51.76797,12.135903,4.9990177,-37.460594,-0.20662369,-0.09799819
1175,1,-97.48853,-12.311182,-4.794809,-38.09111,-1.1554462,-0.00399052
1176,1,-139.58029,13.336938,5.169096,-10.440625,-1.787623,-0.002730637
1177,1,151.85616,10.930973,4.2909503,-11.712758,1.9742204,-0.11843694
1178,1,94.33953,-9.328992,-3.6473875,-41.00031,0.26209223,0.0110170515
1179,1,41.781647,9.98649,3.6267226,-41.072693,0.48573598,-0.07231559
1180,1,-10.266518,-8.354944,-3.545518,-58.633392,0.1763954,-0.13867663
1181,1,-56.95737,11.298653,4.217879,-40.36485,-0.19100603,0.070790544
1182,1,-102.34216,-11.048758,-4.8217916,-39.747116,0.17308445,-0.1077833
1183,1,-143.99597,12.455183,5.6136255,-11.601572,-1.7851313,0.030588383
1184,1,178.01898,-7.05711,-2.7282095,-16.091948,-0.5786092,-0.056327693
1185,1,111.92899,8.169433,3.1382275,-31.151897,-0.7352193,0.122986935
1186,1,47.32039,-7.201621,-3.0994549,-54.843445,0.08292354,0.08224543
1187,1,-8.830618,10.518564,3.8465505,-43.34117,0.0111810295,0.03781543
1188,1,-66.33126,-11.006126,-4.6042395,-54.28861,0.10662199,0.163869
1189,1,-118.36233,15.133666,6.045333,-28.833683,0.9380527,-0.09867339
1190,1,-170.45645,-16.577448,-7.3288493,-15.046663,0.10571374,0.039309703
1191,1,182.63116,-7.661739,-2.5808883,-15.27978,-2.8777602,0.13134335
1192,1,117.03561,8.69862,3.9990854,-28.453266,-0.916372,0.19007798
1193,1,52.439728,-8.003289,-3.0492632,-53.149895,-0.2950924,0.28922296
1194,1,-2.9785674,11.1660385,4.800217,-40.219948,0.39971018,0.22324789
1195,1,-60.990456,-12.413051,-4.8697486,-52.775734,0.90850925,0.16151765
1196,1,-112.914246,16.528692,6.8945537,-26.26804,1.3161205,0.04226968
1197,1,-164.55353,-18.10069,-6.7235546,-14.373815,3.3738606,-0.03700945
1198,1,183.5506,-7.618255,-1.4546045,-14.897193,-2.436262,0.12479744
1199,1,118.03854,8.653533,4.736974,-27.418453,-1.3902937,0.32685006
1200,1,53.58108,-8.213243,-2.315421,-51.836163,-0.24350703,0.3955642
1201,1,-2.347457,11.1626835,5.5451684,-38.67097,0.56819874,0.3387875
1202,1,-60.041428,-12.631888,-4.1913166,-51.42783,1.4054896,0.21318734
1203,1,-111.85659,16.56515,7.4598947,-25.221058,2.329446,0.08386271
1204,1,-163.38155,-18.243507,-6.4492393,-13.904458,2.8940609,0.06491967
1205,1,182.89081,-7.7267337,-0.6678198,-14.729684,-2.2183602,0.16750874
1206,1,117.58925,8.6075945,5.5929203,-27.005302,-1.1419741,0.34034693
1207,1,52.95514,-8.160298,-1.5301847,-51.03936,-0.2874027,0.4107183
1208,1,-2.9577088,10.972084,6.1327624,-38.085793,0.5740762,0.35168585
1209,1,-61.067123,-12.395172,-3.4656947,-50.55474,1.3249261,0.27813444
1210,1,-112.66297,16.219587,8.034692,-24.728216,2.0455687,0.1174723
1211,1,-163.06529,-17.867874,-5.7472425,-13.730526,3.1546152,0.0063360976
1212,1,182.01268,-7.655662,0.38861558,-14.58515,-1.3958533,0.10348764
1213,1,117.03262,8.614489,6.210903,-26.799223,-0.8177393,0.2649612
1214,1,52.56287,-8.131774,-1.0108932,-50.73462,-0.18745552,0.33544847
1215,1,-3.6579947,10.962604,6.6352224,-37.743294,0.39216825,0.30231762
1216,1,-61.58135,-12.317108,-2.9875956,-50.204918,0.9767634,0.22450085
1217,1,-113.20343,16.164204,8.348355,-24.453587,1.4987922,0.14336902
1218,1,-163.86789,-17.704828,-5.1627913,-13.474087,1.887744,0.07757568
1219,1,181.54448,-7.6966166,0.76869386,-14.591865,-0.71477014,0.06757277
1220,1,116.757515,8.606319,6.6339536,-26.746922,-0.40582466,0.14892401
1221,1,52.209328,-8.06607,-0.64148146,-50.55066,-0.09780087,0.1846229
1222,1,-3.9022326,10.93835,6.874021,-37.66729,0.21476714,0.16797121
1223,1,-62.05544,-12.207029,-2.689955,-49.975964,0.4961959,0.14058584
1224,1,-113.47388,16.06957,8.621343,-24.369673,0.7609357,0.078446075
1225,1,-163.22134,-17.598536,-5.086331,-13.516907,1.0698118,0.019774867
1226,1,181.31429,-7.6476145,1.0994272,-14.531473,-0.00015775458,-0.0010800372
1227,1,116.602516,8.616536,6.759199,-26.711136,-0.00046751072,0.00071474304
1228,1,52.161373,-8.064204,-0.55112267,-50.541775,5.1740476e-06,-0.0010635504
1229,1,-4.11188,10.957124,6.997027,-37.60244,-0.00030125718,0.00046079495
1230,1,-62.063362,-12.202365,-2.6025643,-49.96658,0.00010741869,-0.0008906552
1231,1,-113.565636,16.083393,8.636552,-24.303019,-7.512126e-06,0.00042664784
1232,1,-163.8301,-17.578712,-4.8864174,-13.379049,0.0002851974,-0.0006753785
1233,1,181.54381,-7.6972713,0.76862514,-14.591664,0.7137518,-0.06850718
1234,1,116.75745,8.606776,6.633816,-26.746597,0.4053433,-0.14841715
1235,1,52.20903,-8.066364,-0.64151585,-50.550793,0.09755067,-0.18596408
1236,1,-3.9018767,10.938753,6.8739467,-37.666542,-0.21511121,-0.16766632
1237,1,-62.055058,-12.207418,-2.6900933,-49.976162,-0.49612203,-0.14179267
1238,1,-113.472855,16.070198,8.621476,-24.369072,-0.76078814,-0.07806404
1239,1,-163.22038,-17.599234,-5.0865893,-13.51697,-1.0690616,-0.020493347
1240,1,182.01154,-7.6571016,0.3873216,-14.585257,1.395364,-0.1035514
1241,1,117.03191,8.615822,6.21149,-26.798367,0.8173339,-0.26532558
1242,1,52.56258,-8.132812,-1.0115422,-50.73486,0.18711647,-0.33584905
1243,1,-3.6576061,10.963694,6.635523,-37.74197,-0.39224645,-0.30275106
1244,1,-61.5805,-12.31804,-2.9881527,-50.205154,-0.9767826,-0.22489429
1245,1,-113.201546,16.165493,8.348798,-24.452524,-1.4984884,-0.14364178
1246,1,-163.86597,-17.706234,-5.1632586,-13.474228,-1.8871876,-0.0777448
1247,1,182.88864,-7.72832,-0.6682241,-14.729728,2.2177887,-0.1676467
1248,1,117.58821,8.609233,5.593265,-27.003973,1.141591,-0.3405687
1249,1,52.954514,-8.161691,-1.5309033,-51.039825,0.28727233,-0.4110322
1250,1,-2.957184,10.973607,6.133197,-38.083744,-0.5741372,-0.35203123
1251,1,-61.066067,-12.396584,-3.4664984,-50.555244,-1.32475,-0.27838796
1252,1,-112.66042,16.221567,8.035385,-24.726591,-2.0451472,-0.11770451
1253,1,-163.06262,-17.870092,-5.748189,-13.730741,-3.153794,-0.0063206484
1254,1,183.54784,-7.62124,-1.4565073,-14.897333,2.43574,-0.12483352
1255,1,118.037056,8.6562195,4.7380424,-27.41669,1.3900876,-0.32697028
1256,1,53.580154,-8.215462,-2.3164747,-51.83686,0.2434129,-0.39582083
1257,1,-2.3469594,11.164911,5.5458593,-38.668243,-0.5681006,-0.33894232
1258,1,-60.040493,-12.633974,-4.1923227,-51.42865,-1.4052365,-0.21340603
1259,1,-111.85389,16.567879,7.4608536,-25.218918,-2.328914,-0.08394212
1260,1,-163.37865,-18.246475,-6.450289,-13.904797,-2.89331,-0.065037705
1261,1,182.62794,-7.66575,-2.582134,-15.279874,2.8774788,-0.13140038
1262,1,117.03374,8.702397,4.0004163,-28.451258,0.9161755,-0.19012114
1263,1,52.438667,-8.006389,-3.0506146,-53.150494,0.29507244,-0.2893432
1264,1,-2.9783537,11.168766,4.801234,-40.217003,-0.39957696,-0.22333094
1265,1,-60.98981,-12.415245,-4.8708057,-52.776337,-0.9082733,-0.16162999
1266,1,-112.91192,16.531065,6.8955007,-26.265879,-1.3156797,-0.042255823
1267,1,-164.55096,-18.103064,-6.724683,-14.374062,-3.3730514,0.037046142
1268,1,178.01604,-7.0622063,-2.7308767,-16.09187,0.5782992,0.056353312
1269,1,111.9273,8.173759,3.1400754,-31.149818,0.7352393,-0.123029254
1270,1,47.319622,-7.204995,-3.1008234,-54.84354,-0.08297861,-0.08226581
1271,1,-8.830513,10.521218,3.8475013,-43.33831,-0.01111187,-0.0378379
1272,1,-66.33071,-11.007829,-4.6049466,-54.288605,-0.1065343,-0.16390848
1273,1,-118.36048,15.135069,6.0457835,-28.831673,-0.93791354,0.0986952
1274,1,-170.45444,-16.578379,-7.328963,-15.046694,-0.10537097,-0.03937056
1275,1,205.95709,3.8213468,1.7682443,-12.596429,-1.5623647,0.09299394
1276,1,126.658875,-4.727487,-2.0243838,-41.66777,0.24254203,0.052761417
1277,1,56.82831,7.6619363,3.0110734,-40.32265,-0.06401648,0.1953855
1278,1,-10.531002,-9.019302,-3.5443566,-59.127884,0.5737492,0.14991996
1279,1,-72.14497,13.664754,5.3002505,-38.417202,0.65154505,-0.04375385
1280,1,-136.079,-17.630072,-7.018694,-40.539616,0.17815441,0.16155984
1281,1,-194.66554,21.952358,9.507467,-10.204369,2.481659,-0.12033104
1282,1,210.19502,4.009664,2.3015492,-11.260416,-1.6757382,0.11500361
1283,1,131.33302,-5.2124624,-1.4639382,-39.89739,-0.53186405,0.3868681
1284,1,62.455093,8.017751,3.8883147,-37.237164,0.6005046,0.40985143
1285,1,-5.2518706,-10.158872,-3.4635916,-57.538784,1.1785536,0.42362046
1286,1,-65.723434,14.759569,6.771976,-35.29213,1.8010179,0.19204333
1287,1,-130.01668,-19.87682,-7.5099564,-39.417404,2.5446074,0.037365545
1288,1,-188.51877,24.129282,10.258233,-8.992487,2.608456,0.030797048
1289,1,211.05832,3.9842777,3.4495466,-10.980352,-2.0130749,0.2277367
1290,1,132.1182,-5.325826,-0.5752232,-38.961918,-0.51732206,0.5471506
1291,1,62.93717,7.9522014,4.842091,-35.84482,0.5376554,0.6312291
1292,1,-4.807387,-10.423503,-2.6248732,-56.303818,1.5634212,0.5775106
1293,1,-66.13496,14.75101,7.6029034,-33.910473,2.3851717,0.4063418
1294,1,-129.75922,-19.952162,-6.4069004,-38.286697,3.1799135,0.14972343
1295,1,-186.74744,24.080755,11.0748825,-8.757497,4.603616,-0.061330654
1296,1,210.09265,4.0634274,4.764244,-10.808799,-1.3858051,0.213247
1297,1,131.75543,-5.3141766,0.36154544,-38.520714,-0.57137126,0.5717618
1298,1,62.341087,7.8438797,5.5729456,-35.453163,0.37646374,0.67054415
1299,1,-5.8766813,-10.306969,-1.7559477,-55.486332,1.2574272,0.646471
1300,1,-67.250824,14.490968,8.277896,-33.53179,2.1010213,0.44157532
1301,1,-131.21472,-19.550072,-5.668411,-37.652985,2.8443053,0.29358962
1302,1,-188.17867,23.69036,12.01433,-8.397576,3.3180068,0.12373852
1303,1,209.38478,4.0589066,5.693104,-10.827014,-0.98664165,0.18776068
1304,1,131.16908,-5.3039746,1.1054991,-38.37894,-0.38247383,0.4633927
1305,1,61.80891,7.878114,6.198155,-35.26428,0.23955801,0.5482082
1306,1,-6.3773174,-10.238225,-1.2539161,-55.267563,0.870946,0.5297777
1307,1,-68.24123,14.46417,8.745414,-33.278427,1.437336,0.42185256
1308,1,-131.70561,-19.400127,-5.025101,-37.404877,1.961932,0.25744307
1309,1,-187.56323,23.474863,11.978704,-8.487138,2.4841182,0.055099126
1310,1,208.57156,4.103713,6.4973617,-10.784148,-0.44800517,0.09375454
1311,1,130.90324,-5.2497063,1.5852487,-38.330738,-0.19522533,0.25191197
1312,1,61.458008,7.8738317,6.524255,-35.278175,0.12010146,0.3088533
1313,1,-6.816419,-10.148007,-0.8873029,-55.12036,0.44626778,0.30552498
1314,1,-68.468864,14.424585,8.999489,-33.302845,0.7513853,0.23745711
1315,1,-132.17557,-19.254015,-4.8108525,-37.233665,1.0017028,0.17275244
1316,1,-188.01817,23.356173,12.306719,-8.290241,1.1681263,0.069302075
1317,1,208.57518,4.076522,6.6130347,-10.830473,-0.0006344681,0.0012740175
1318,1,130.71759,-5.255832,1.7568316,-38.33778,0.00010357328,-0.0014659459
1319,1,61.35781,7.9022474,6.6753864,-35.255566,-0.00052125735,0.00072008703
1320,1,-6.892659,-10.140972,-0.80848354,-55.14329,0.0001344771,-0.001264502
1321,1,-68.81774,14.433735,9.098419,-33.242645,-0.0004041719,0.00047322587
1322,1,-132.13472,-19.242815,-4.6548367,-37.252888,0.0001213149,-0.00091302395
1323,1,-187.47757,23.340153,12.156091,-8.437184,0.00020649063,0.00063814776
1324,1,208.57118,4.1041393,6.496805,-10.784308,0.44779447,-0.09297009
1325,1,130.9027,-5.249866,1.5854372,-38.33066,0.19482534,-0.2534953
1326,1,61.458294,7.8741064,6.523912,-35.27761,-0.12061448,-0.3084245
1327,1,-6.816635,-10.148098,-0.8872917,-55.120567,-0.4463522,-0.3071813
1328,1,-68.468025,14.42518,8.999373,-33.301857,-0.75185996,-0.23716882
1329,1,-132.17451,-19.254734,-4.811124,-37.233852,-1.0016559,-0.17396054
1330,1,-188.01694,23.357235,12.307149,-8.2899685,-1.1678666,-0.06879781
1331,1,209.38306,4.0600204,5.6939473,-10.826535,0.9860889,-0.18808866
1332,1,131.16849,-5.3049946,1.1045374,-38.37902,0.38211071,-0.46369705
1333,1,61.80883,7.879249,6.198486,-35.26326,-0.2396995,-0.5488225
1334,1,-6.377426,-10.238793,-1.2545443,-55.26772,-0.8712367,-0.53031605
1335,1,-68.23987,14.465461,8.745649,-33.276783,-1.4374195,-0.42238343
1336,1,-131.70348,-19.40154,-5.0259085,-37.405064,-1.9619195,-0.25774762
1337,1,-187.56079,23.476904,11.979448,-8.486592,-2.4835348,-0.05515439
1338,1,210.09032,4.0643654,4.7635584,-10.808313,1.3853885,-0.21328735
1339,1,131.75407,-5.315278,0.3610652,-38.520874,0.57126236,-0.57212037
1340,1,62.34099,7.8452873,5.5731716,-35.451546,-0.37665978,-0.67094415
1341,1,-5.877001,-10.307723,-1.75671,-55.486744,-1.2574391,-0.6468901
1342,1,-67.24893,14.492792,8.27826,-33.52928,-2.1010203,-0.44196108
1343,1,-131.21185,-19.552254,-5.6695905,-37.653446,-2.844066,-0.2937765
1344,1,-188.17517,23.693527,12.01567,-8.396818,-3.317468,-0.1239287
1345,1,211.05495,3.9864707,3.4506848,-10.979596,2.0129619,-0.22785997
1346,1,132.11636,-5.327835,-0.57644904,-38.962208,0.51715785,-0.5473754
1347,1,62.93695,7.9543843,4.8427143,-35.842636,-0.53762347,-0.63143504
1348,1,-4.808034,-10.424902,-2.6258547,-56.304543,-1.5633228,-0.5778228
1349,1,-66.13293,14.753616,7.6035223,-33.907238,-2.3848927,-0.40649495
1350,1,-129.75633,-19.955315,-6.4084077,-38.28751,-3.179452,-0.14988062
1351,1,-186.74371,24.0851,11.076407,-8.756452,-4.6027293,0.061392017
1352,1,210.191,4.012712,2.302013,-11.259645,1.6754017,-0.11498705
1353,1,131.33093,-5.2154317,-1.4651328,-39.89756,0.53191036,-0.38696566
1354,1,62.45435,8.020741,3.8892956,-37.234814,-0.6004157,-0.40999487
1355,1,-5.252705,-10.160806,-3.464721,-57.539265,-1.1784062,-0.4237449
1356,1,-65.72208,14.762244,6.7728143,-35.288986,-1.8006734,-0.19208148
1357,1,-130.0144,-19.879478,-7.511306,-39.41788,-2.5441027,-0.03746148
1358,1,-188.51562,24.132761,10.25987,-8.991577,-2.607884,-0.030843722
1359,1,205.95326,3.8255634,1.7705026,-12.595615,1.5624132,-0.09302573
1360,1,126.6571,-4.7311063,-2.0260823,-41.66756,-0.2426011,-0.052754097
1361,1,56.827515,7.6652007,3.0122669,-40.320385,0.06411422,-0.19543986
1362,1,-10.531661,-9.021207,-3.5452874,-59.127743,-0.57371426,-0.14995828
1363,1,-72.14404,13.666899,5.300875,-38.414436,-0.6513744,0.043769408
1364,1,-136.07722,-17.63153,-7.0192723,-40.53947,-0.17793909,-0.16158412
1365,1,-194.66313,21.953957,9.507744,-10.203591,-2.4814212,0.120407335
1366,1,234.10802,-0.32990268,-0.24946745,-16.80243,-0.20021848,0.049487635
1367,1,143.88626,3.110097,1.8331288,-31.63543,-0.07832478,0.28879032
1368,1,61.53272,-6.047681,-2.1790867,-53.590763,0.91361964,0.17310289
1369,1,-4.7661953,7.8323627,3.9106934,-41.251305,0.72236687,0.26192838
1370,1,-81.13865,-15.303427,-5.222358,-56.543514,1.2393892,0.20740862
1371,1,-151.23178,21.324623,8.706768,-26.304895,1.828994,-0.2662732
1372,1,-219.82526,-28.374332,-11.662983,-15.593064,0.107810944,0.11310762
1373,1,237.80626,-0.19327967,1.1991907,-15.8541155,-1.5772035,0.2707669
1374,1,148.19142,3.1786711,2.4522007,-28.75715,0.47283292,0.60485935
1375,1,65.99051,-6.779284,-1.3851161,-51.721992,1.4691185,0.8049401
1376,1,1.1974453,8.137194,5.2563987,-37.921444,2.4933376,0.60379064
1377,1,-75.92999,-17.302313,-5.353135,-55.373905,3.1297102,0.47115132
1378,1,-144.13933,23.615253,11.321661,-23.324968,3.5740983,0.003215261
1379,1,-211.85204,-31.780815,-11.583384,-15.334872,5.3969193,-0.18118408
1380,1,237.87212,-0.24945052,2.338289,-15.574166,-0.97961324,0.37770164
1381,1,148.62268,3.132398,3.69788,-27.914522,0.10458238,0.91417843
1382,1,65.7639,-6.99912,-0.4288348,-50.65662,1.5032216,1.0991944
1383,1,-0.078064114,8.018478,6.4861493,-36.599617,2.6569488,0.995407
1384,1,-77.15629,-17.616379,-4.110633,-54.271103,3.7321134,0.652034
1385,1,-146.2507,23.528406,12.101326,-22.455656,4.5984607,0.3345985
1386,1,-212.89627,-31.393572,-9.253739,-14.583469,5.072366,0.17499955
1387,1,237.36311,-0.31047076,3.9005227,-15.503725,-0.86801815,0.39277393
1388,1,147.99669,3.1126564,4.6802235,-27.802404,0.069756255,0.9272666
1389,1,65.23817,-6.924679,0.52513087,-50.20319,1.0411742,1.1497381
1390,1,-1.1783738,7.8831596,7.1884027,-36.413216,2.0306785,1.0395364
1391,1,-79.23018,-17.357414,-3.1825173,-53.60764,2.9604669,0.8594522
1392,1,-147.90096,23.116287,13.098685,-22.273743,3.7450905,0.44320467
1393,1,-213.64923,-31.001238,-8.875092,-14.602077,4.4639583,0.10706053
1394,1,236.05626,-0.33535144,5.2336526,-15.499097,-0.4580532,0.2932217
1395,1,147.62367,3.1885617,5.5622115,-27.847153,0.0097148465,0.7366304
1396,1,64.63475,-6.9030395,1.1132698,-50.190468,0.6949231,0.92022663
1397,1,-1.84931,7.912432,7.74863,-36.36564,1.3893725,0.8848464
1398,1,-79.712265,-17.228966,-2.6511726,-53.590733,2.0215793,0.71745616
1399,1,-149.1201,23.012302,13.3493185,-22.17732,2.4863658,0.48554173
1400,1,-213.66699,-30.59766,-7.978072,-14.253537,2.8066633,0.20577942
1401,1,235.8318,-0.34601223,5.990605,-15.556084,-0.23216885,0.16886391
1402,1,147.09169,3.1768205,6.1053343,-27.962881,0.014150271,0.40556547
1403,1,64.36754,-6.8173747,1.5461756,-50.210636,0.34528294,0.51104784
1404,1,-2.3324625,7.8811626,8.025493,-36.519978,0.68890494,0.49224827
1405,1,-80.43987,-17.125244,-2.3422933,-53.517277,1.0244846,0.43057746
1406,1,-149.04488,22.92208,13.611336,-22.312632,1.2978407,0.28357086
1407,1,-213.37494,-30.47219,-8.136857,-14.431391,1.4472511,0.10312397
1408,1,235.22887,-0.33906657,6.38354,-15.549561,0.00035945242,-0.0020748314
1409,1,147.1426,3.2213638,6.2968144,-27.991846,-0.0007004512,0.0012805883
1410,1,64.174545,-6.8354015,1.6524303,-50.26746,0.0003525442,-0.0018412777
1411,1,-2.4034598,7.9138546,8.143049,-36.51899,-0.000796108,0.00065495167
1412,1,-80.38782,-17.122585,-2.2484481,-53.61547,0.00011535576,-0.0013709647
1413,1,-149.7462,22.888151,13.618245,-22.278603,-0.00056306884,0.00049071625
1414,1,-213.46426,-30.409184,-7.938339,-14.248242,9.917665e-06,-0.0009166421
1415,1,235.83075,-0.34612668,5.991226,-15.555597,0.23151658,-0.17036684
1416,1,147.09209,3.1769106,6.1045136,-27.962715,-0.014426038,-0.40487543
1417,1,64.366936,-6.8171134,1.5465505,-50.210793,-0.34535828,-0.513264
1418,1,-2.33192,7.8816233,8.024948,-36.519077,-0.6897849,-0.4919849
1419,1,-80.43977,-17.12533,-2.3423889,-53.51744,-1.0246953,-0.43241745
1420,1,-149.04306,22.92325,13.611386,-22.311424,-1.2985096,-0.28326192
1421,1,-213.37349,-30.473677,-8.137472,-14.431477,-1.4470732,-0.10398065
1422,1,236.05489,-0.33610925,5.2318754,-15.499311,0.45801938,-0.29313183
1423,1,147.623,3.1897674,5.5628977,-27.846497,-0.009658811,-0.73746973
1424,1,64.63432,-6.903387,1.1124622,-50.190495,-0.69535464,-0.92085695
1425,1,-1.8488282,7.913684,7.748652,-36.364326,-1.3895789,-0.8857008
1426,1,-79.71181,-17.229244,-2.6520066,-53.590645,-2.0220304,-0.71806276
1427,1,-149.11679,23.014471,13.349842,-22.17531,-2.4866629,-0.48608956
1428,1,-213.66405,-30.60042,-7.979215,-14.253702,-2.8067286,-0.2059951
1429,1,237.35986,-0.3107102,3.9009206,-15.503657,0.8682133,-0.39311385
1430,1,147.9958,3.113871,4.6800413,-27.801369,-0.06992254,-0.9276481
1431,1,65.2372,-6.924965,0.52453065,-50.20334,-1.0411801,-1.1503428
1432,1,-1.1776187,7.884651,7.1883116,-36.411198,-2.0308783,-1.0400566
1433,1,-79.229805,-17.357773,-3.1835506,-53.60786,-2.9605157,-0.8599113
1434,1,-147.8962,23.11949,13.099411,-22.27067,-3.7451117,-0.44356617
1435,1,-213.64497,-31.005505,-8.877163,-14.602306,-4.4635825,-0.10701308
1436,1,237.86826,-0.25078297,2.3366294,-15.574264,0.9793363,-0.377719
1437,1,148.62135,3.1344576,3.6986313,-27.913094,-0.10440281,-0.9144253
1438,1,65.762474,-7.000021,-0.42984384,-50.656986,-1.5031859,-1.0995799
1439,1,-0.0770163,8.020692,6.48632,-36.596973,-2.6568244,-0.99566257
1440,1,-77.156265,-17.617407,-4.111938,-54.27176,-3.7318907,-0.65232253
1441,1,-146.2455,23.53291,12.102505,-22.45179,-4.5979877,-0.3346831
1442,1,-212.89177,-31.399649,-9.256228,-14.584051,-5.0717993,-0.17515056
1443,1,237.8016,-0.19537762,1.1986284,-15.854119,1.5775005,-0.2708672
1444,1,148.18944,3.1815991,2.4529305,-28.755661,-0.4727723,-0.60497373
1445,1,65.989,-6.7809367,-1.3862311,-51.722233,-1.4688678,-0.80504125
1446,1,1.1974591,8.140002,5.2569313,-37.918842,-2.4929607,-0.6039752
1447,1,-75.93038,-17.303524,-5.354368,-55.37412,-3.1293259,-0.47124037
1448,1,-144.1355,23.619074,11.322895,-23.32164,-3.5734735,-0.0031262806
1449,1,-211.84853,-31.785454,-11.585827,-15.335083,-5.395918,0.18121696
1450,1,234.10345,-0.33329242,-0.25154942,-16.8023,0.20011866,-0.04946103
1451,1,143.88422,3.1136997,1.834607,-31.633976,0.07848351,-0.28884184
1452,1,61.53121,-6.0497003,-2.180262,-53.590557,-0.9135113,-0.17312169
1453,1,-4.7668123,7.835224,3.9113917,-41.249004,-0.7221115,-0.26197708
1454,1,-81.13909,-15.304183,-5.223025,-56.542934,-1.2392602,-0.20744532
1455,1,-151.22908,21.326939,8.7072935,-26.302307,-1.8286966,0.26634938
1456,1,-219.82274,-28.376505,-11.663435,-15.592995,-0.107414365,-0.11318294
1457,1,264.21643,-3.5227752,-0.19688572,-12.837309,-0.8760983,0.15356135
1458,1,156.01291,-3.1062193,-0.6032486,-39.671654,0.88097084,0.31447107
1459,1,74.852844,0.5847117,2.439151,-37.904522,1.1113521,0.6994841
1460,1,-6.052105,-12.3078785,-2.7343283,-57.63951,2.318372,0.2698757
1461,1,-77.60898,10.151366,6.052195,-36.913025,1.9440068,0.14046817
1462,1,-171.24457,-27.933327,-9.03969,-46.15745,1.8648213,0.25491053
1463,1,-240.80606,36.193874,15.578873,-8.760706,4.492858,-0.48925996
1464,1,266.6917,-4.0242386,-0.17638104,-11.439666,-0.55964345,0.44449648
1465,1,158.7573,-3.2549958,0.78963417,-37.62644,1.024608,1.1887784
1466,1,78.22128,0.45848376,3.3610246,-34.730007,2.7303808,1.3901573
1467,1,-3.5854762,-13.652051,-1.6305192,-55.77755,4.1966753,1.3078579
1468,1,-71.72446,10.690943,8.8271265,-33.243996,5.379678,0.5858767
1469,1,-166.22284,-31.868204,-10.252478,-45.739254,5.928035,0.15236057
1470,1,-233.20567,40.84275,20.373125,-6.930605,5.7542214,0.06314019
1471,1,266.90564,-4.0122457,2.064804,-11.321394,-0.48540717,0.6285583
1472,1,158.44218,-3.4710095,1.8070638,-37.137585,0.85118574,1.5425687
1473,1,77.057526,0.28870466,4.550513,-33.851925,2.2623127,1.8779217
1474,1,-6.1138697,-13.979475,-0.5607707,-55.056755,3.8166647,1.8023024
1475,1,-76.8916,10.525842,10.312065,-32.17557,5.335997,1.2981936
1476,1,-170.24951,-31.95642,-7.719846,-44.63525,6.544102,0.51385343
1477,1,-236.27545,39.939278,20.744944,-7.104467,7.3040934,-0.02258172
1478,1,265.48328,-3.966807,3.892774,-11.327336,-0.1812979,0.5919813
1479,1,158.3455,-3.4852226,3.0252874,-37.151447,0.5453131,1.5059012
1480,1,76.21703,0.0928065,5.21608,-33.9365,1.627701,1.8520882
1481,1,-6.696856,-14.020052,0.18317224,-54.875446,2.8303754,1.8590573
1482,1,-78.480034,10.436414,10.932239,-32.62778,3.8587224,1.4395044
1483,1,-173.73016,-31.42548,-6.9560623,-44.186974,4.671607,0.97848624
1484,1,-237.84291,39.52232,22.651098,-6.6707854,5.210386,0.34798634
1485,1,265.1989,-3.8919284,5.501178,-11.466922,-0.10370215,0.47154266
1486,1,157.61469,-3.567423,3.9226573,-37.365047,0.3720982,1.1688137
1487,1,75.72214,0.048507657,5.8323607,-34.15978,1.0753189,1.4538736
1488,1,-7.4448,-14.106764,0.57772255,-55.157757,1.8602098,1.4722947
1489,1,-79.58859,10.302511,11.212962,-32.90493,2.6404984,1.2347717
1490,1,-173.45473,-31.145206,-6.468099,-44.421967,3.1924934,0.8522762
1491,1,-237.67413,39.026722,21.87285,-7.106971,3.15574,0.30378354
1492,1,264.07104,-3.8795621,6.623538,-11.54567,-0.0043900805,0.24435063
1493,1,157.53256,-3.5318563,4.5446615,-37.553642,0.18097046,0.62951756
1494,1,75.18907,-0.039887823,6.151447,-34.413963,0.52125233,0.79215795
1495,1,-7.6007,-14.132766,0.81833726,-55.326756,0.92328936,0.81183285
1496,1,-80.14926,10.207305,11.356332,-33.334835,1.2631716,0.68665135
1497,1,-175.07352,-31.112576,-6.431027,-44.434517,1.5053414,0.4795309
1498,1,-236.88419,38.849094,21.716406,-6.9557295,1.6558036,0.16163616
1499,1,264.46008,-3.8661249,6.903102,-11.5954275,-0.00079012115,0.0026202016
1500,1,157.19571,-3.5735612,4.751966,-37.629463,0.0009395174,-0.0027330876
1501,1,75.22301,-0.020133963,6.2892094,-34.48487,-0.0011279178,0.001147679
1502,1,-7.8495593,-14.176116,0.8836166,-55.45104,0.0005031006,-0.0021292386
1503,1,-80.2579,10.17226,11.355434,-33.364616,-0.001272848,0.00043204514
1504,1,-174.17389,-31.030512,-6.4716167,-44.576344,-0.00012966081,-0.0012844375
1505,1,-237.78563,38.773174,21.4844,-7.184795,-0.0003547087,0.00071739656
1506,1,264.0714,-3.8796349,6.6217546,-11.5464525,0.00527303,-0.24309385
1507,1,157.53162,-3.5311656,4.5459185,-37.553665,-0.18075247,-0.6322237
1508,1,75.18986,-0.039356876,6.1503906,-34.41356,-0.5220836,-0.79177606
1509,1,-7.601829,-14.131921,0.8188207,-55.32692,-0.9233185,-0.8146198
1510,1,-80.1481,10.20829,11.3556795,-33.333176,-1.2648584,-0.6867404
1511,1,-175.07222,-31.113243,-6.4314885,-44.43463,-1.506205,-0.48125893
1512,1,-236.88165,38.85151,21.717152,-6.95484,-1.6564772,-0.16133644
1513,1,265.19656,-3.891055,5.50297,-11.466613,0.104252085,-0.47247973
1514,1,157.614,-3.5677154,3.9213672,-37.365143,-0.37225917,-1.1692388
1515,1,75.72255,0.050378993,5.832904,-34.15943,-1.0751587,-1.4552114
1516,1,-7.446318,-14.10551,0.57698834,-55.15744,-1.8609542,-1.4733137
1517,1,-79.58674,10.304316,11.212688,-32.90227,-2.6412246,-1.2359192
1518,1,-173.4516,-31.146362,-6.469627,-44.42172,-3.1933463,-0.85278404
1519,1,-237.66954,39.03109,21.874275,-7.1053486,-3.1559095,-0.30396348
1520,1,265.48056,-3.9666646,3.8912241,-11.327357,0.18117774,-0.5919379
1521,1,158.3434,-3.4852166,3.0253396,-37.151413,-0.5448253,-1.5066459
1522,1,76.21798,0.09492052,5.216097,-33.935863,-1.6278492,-1.8527853
1523,1,-6.699492,-14.018053,0.18257351,-54.875244,-2.8305366,-1.8599689
1524,1,-78.47731,10.438474,10.931626,-32.62372,-3.8592424,-1.4400676
1525,1,-173.72627,-31.427286,-6.957994,-44.18723,-4.671946,-0.97880393
1526,1,-237.83592,39.52901,22.653461,-6.668548,-5.210506,-0.34833208
1527,1,266.90152,-4.01111,2.0656464,-11.32119,0.48622602,-0.6288464
1528,1,158.43944,-3.4716454,1.8060328,-37.137638,-0.85114986,-1.5429286
1529,1,77.058815,0.29155704,4.5511174,-33.850945,-2.2621157,-1.8783025
1530,1,-6.1173625,-13.977815,-0.56173646,-55.05683,-3.8166332,-1.8027153
1531,1,-76.887825,10.528736,10.311728,-32.17069,-5.3358684,-1.2983689
1532,1,-170.24544,-31.959583,-7.722531,-44.636288,-6.543772,-0.5139704
1533,1,-236.26755,39.948887,20.747845,-7.1013875,-7.303219,0.022698477
1534,1,266.68677,-4.022378,-0.17643921,-11.439408,0.5596033,-0.4444546
1535,1,158.75461,-3.256379,0.7888919,-37.626545,-1.0241449,-1.1888837
1536,1,78.22132,0.46210146,3.3617594,-34.72895,-2.7301111,-1.3903947
1537,1,-3.588391,-13.651211,-1.6315259,-55.777557,-4.196261,-1.3077817
1538,1,-71.72272,10.694276,8.827051,-33.23983,-5.378822,-0.5858902
1539,1,-166.22017,-31.870571,-10.254669,-45.739426,-5.927063,-0.15246171
1540,1,-233.20013,40.849796,20.376059,-6.9284015,-5.753485,-0.06306014
1541,1,264.21112,-3.5195677,-0.19521168,-12.83708,0.8764248,-0.15358077
1542,1,156.01018,-3.1083553,-0.60466766,-39.671665,-0.88085926,-0.3144482
1543,1,74.851616,0.58876437,2.4401736,-37.90365,-1.1110864,-0.69953364
1544,1,-6.055573,-12.307349,-2.7351243,-57.638947,-2.3180892,-0.26982716
1545,1,-77.60921,10.154258,6.052324,-36.90973,-1.9433072,-0.14040014
1546,1,-171.24292,-27.93419,-9.040358,-46.15663,-1.8644189,-0.25499168
1547,1,-240.80228,36.197506,15.579387,-8.759061,-4.4924884,0.48936826
1548,1,289.94803,4.1151443,1.5492535,-13.733229,0.0034218433,0.3231676
1549,1,175.06635,-5.4214263,0.9733282,-28.031118,0.8786326,0.89897245
1550,1,74.49042,-13.17383,-1.5235115,-43.79128,2.0598032,0.77651304
1551,1,17.925535,-10.119733,3.417675,-37.244217,2.9350555,1.3094697
1552,1,-83.70745,-25.811268,-3.9461083,-64.05029,5.1084027,0.35798532
1553,1,-178.6522,22.736856,11.438627,-27.124947,4.569951,-0.6753696
1554,1,-268.17624,-50.245014,-17.334816,-21.842718,1.8080453,0.406295
1555,1,291.48843,4.806806,4.589165,-12.707525,-0.19380891,0.7812314
1556,1,176.13693,-5.6503334,1.2892138,-25.694798,1.659062,1.8820738
1557,1,72.61298,-13.866478,-0.6566873,-41.675777,3.408565,2.5489945
1558,1,16.83157,-11.1510315,4.251901,-33.828854,5.663084,2.55999
1559,1,-87.41117,-28.514091,-2.8428125,-62.453808,8.426216,1.9470729
1560,1,-173.9086,25.17535,18.525187,-22.423912,10.255348,0.059060335
1561,1,-261.64316,-57.89401,-18.71164,-22.594921,11.026716,-0.5769768
1562,1,290.20117,4.6930175,6.4069047,-12.714052,0.13136883,0.93621486
1563,1,175.95648,-5.9140635,2.6388628,-25.387953,1.0893948,2.3714998
1564,1,71.07167,-14.696579,-0.19074923,-41.40245,2.6804695,3.0537193
1565,1,13.794905,-12.015289,4.7375493,-33.608467,4.385291,3.2065516
1566,1,-93.54405,-29.15614,-2.0849705,-62.90848,6.383645,2.795075
1567,1,-186.98466,25.128908,19.643972,-22.151548,8.405633,1.655813
1568,1,-270.85388,-56.149197,-11.103094,-20.962744,10.013532,0.5252435
1569,1,290.21475,4.6175346,8.80384,-12.831736,0.12996234,0.9065983
1570,1,175.2377,-6.2447257,3.6600912,-25.621681,0.84980345,2.228132
1571,1,71.00523,-15.185513,0.35185334,-41.713356,1.928373,2.8719873
1572,1,12.687419,-12.863481,4.6968703,-34.15107,3.1645546,3.0110297
1573,1,-93.46315,-29.924238,-2.3639205,-63.578365,4.6429324,2.7452807
1574,1,-187.3996,24.833132,19.703934,-23.925892,5.5732203,1.896737
1575,1,-272.57074,-55.38176,-12.343273,-21.614706,4.9253116,0.7414162
1576,1,288.87555,4.494371,10.698076,-13.038493,0.21463218,0.66214395
1577,1,174.9815,-6.34659,4.6411433,-25.96049,0.5253969,1.6824144
1578,1,70.36119,-15.636423,0.6948769,-42.160233,1.2342643,2.1758356
1579,1,12.231976,-13.482901,4.6479225,-34.68389,2.0466378,2.2834408
1580,1,-94.44302,-30.52918,-2.5496967,-64.47531,2.916978,2.1137962
1581,1,-190.39488,24.065527,18.91576,-24.733513,3.572897,1.4074092
1582,1,-268.8319,-54.65953,-13.235485,-21.412079,3.8701336,0.44252923
1583,1,289.1737,4.4782815,11.864911,-13.147165,0.09717394,0.36216614
1584,1,174.41998,-6.4936805,5.256709,-26.232376,0.27479026,0.8963545
1585,1,70.36408,-15.823081,0.9331872,-42.467186,0.6048474,1.1576005
1586,1,11.714205,-13.883386,4.5890436,-35.122704,0.9850741,1.2214825
1587,1,-94.22188,-30.940603,-2.9119112,-64.89958,1.4006811,1.0965471
1588,1,-190.07407,23.915903,18.238844,-25.474125,1.6225194,0.74694103
1589,1,-272.7984,-54.53585,-13.89711,-21.703339,1.3903219,0.2896373
1590,1,288.39368,4.449648,12.356642,-13.217637,0.0020480722,-0.004432585
1591,1,174.54193,-6.4831905,5.473778,-26.317713,-0.0015637344,0.002630509
1592,1,70.075905,-15.937564,1.0079801,-42.596287,0.0017019063,-0.0030953106
1593,1,11.847099,-13.985063,4.54845,-35.231518,-0.0016991656,0.0006408354
1594,1,-94.54647,-31.03977,-2.9959567,-65.11894,0.00037775366,-0.002290065
1595,1,-191.0887,23.717428,18.025684,-25.544704,-0.0018271563,0.00012147594
1596,1,-268.31885,-54.305653,-14.489435,-21.57244,-0.0006056651,-0.0010685908
1597,1,289.17255,4.4790173,11.868272,-13.146262,-0.09688694,-0.3649009
1598,1,174.42159,-6.4937153,5.25431,-26.233099,-0.27478373,-0.8951071
1599,1,70.36226,-15.82176,0.934914,-42.467766,-0.60374993,-1.1610837
1600,1,11.715391,-13.881403,4.5880113,-35.122387,-0.986633,-1.221897
1601,1,-94.22458,-30.937893,-2.9111025,-64.89935,-1.401141,-1.0999669
1602,1,-190.0705,23.918182,18.23904,-25.470512,-1.6252463,-0.747712
1603,1,-272.79532,-54.539257,-13.898665,-21.70359,-1.391791,-0.29056078
1604,1,288.87488,4.493533,10.695131,-13.038954,-0.21399456,-0.6614778
1605,1,174.98137,-6.3446946,4.643043,-25.961739,-0.52407336,-1.6841073
1606,1,70.35899,-15.634816,0.6940433,-42.160233,-1.2347145,-2.176806
1607,1,12.233871,-13.479178,4.648585,-34.684235,-2.0466125,-2.2854066
1608,1,-94.44829,-30.523554,-2.5498133,-64.47396,-2.9182656,-2.1155698
1609,1,-190.38748,24.06985,18.916292,-24.726545,-3.5752091,-1.4091908
1610,1,-268.82492,-54.665558,-13.238498,-21.412025,-3.871605,-0.44310012
1611,1,290.21072,4.617645,8.805463,-12.831574,-0.12814981,-0.9074519
1612,1,175.23767,-6.2427325,3.6601005,-25.62321,-0.8496733,-2.2287965
1613,1,71.0017,-15.183148,0.3521286,-41.713074,-1.9280711,-2.8732057
1614,1,12.690832,-12.859181,4.6969905,-34.151478,-3.1648057,-3.011925
1615,1,-93.471924,-29.915812,-2.3636541,-63.57687,-4.6434946,-2.7467704
1616,1,-187.38785,24.838604,19.703682,-23.915016,-5.574592,-1.8974663
1617,1,-272.56183,-55.39151,-12.348315,-21.614925,-4.926229,-0.7411536
1618,1,290.19684,4.6921544,6.4057083,-12.713753,-0.13153154,-0.9362458
1619,1,175.95644,-5.9113674,2.6403208,-25.389471,-1.0886943,-2.3720531
1620,1,71.06694,-14.69457,-0.1912693,-41.40209,-2.6804807,-3.0543184
1621,1,13.7996025,-12.010354,4.738355,-33.608837,-4.385382,-3.2069445
1622,1,-93.55489,-29.147446,-2.085405,-62.90729,-6.3838725,-2.7951748
1623,1,-186.97035,25.135971,19.64441,-22.138931,-8.405637,-1.6555873
1624,1,-270.8429,-56.163754,-11.1104355,-20.964643,-10.013526,-0.5251976
1625,1,291.48328,4.805435,4.5888114,-12.707552,0.19492891,-0.78137296
1626,1,176.13602,-5.6470027,1.2901162,-25.69593,-1.6590284,-1.8822627
1627,1,72.609406,-13.865366,-0.6572341,-41.676014,-3.4082341,-2.5490494
1628,1,16.834076,-11.1453705,4.2526817,-33.82896,-5.6629777,-2.560107
1629,1,-87.418846,-28.507347,-2.843176,-62.45289,-8.425709,-1.9461486
1630,1,-173.89854,25.181883,18.525068,-22.414318,-10.253406,-0.058259103
1631,1,-261.63553,-57.90352,-18.718306,-22.595121,-11.02422,0.57682127
1632,1,289.94247,4.112502,1.5477921,-13.733419,-0.003364707,-0.32315007
1633,1,175.06418,-5.4173493,0.97465,-28.032238,-0.87834924,-0.899037
1634,1,74.48643,-13.173344,-1.5243925,-43.791683,-2.0597239,-0.7764922
1635,1,17.924097,-10.113874,3.4182737,-37.24466,-2.9347374,-1.309372
1636,1,-83.71627,-25.8057,-3.9461825,-64.04861,-5.1079903,-0.3575399
1637,1,-178.64856,22.740911,11.438084,-27.118107,-4.5679946,0.675877
1638,1,-268.1723,-50.250015,-17.336195,-21.842482,-1.8067563,-0.40641698
1639,1,315.49344,-8.143226,-0.65381515,-10.356236,0.2036061,0.39863926
1640,1,175.48836,-9.196708,-0.29306749,-19.767477,0.87604874,0.95277244
1641,1,106.00421,-19.635365,1.2784876,-28.243164,1.7856592,1.8888745
1642,1,-1.760803,-33.78875,-2.7886462,-37.3889,3.2975638,1.5296173
1643,1,-21.12315,-38.188534,3.9408407,-34.64406,5.3830786,2.72088
1644,1,-202.82343,-60.634094,-7.633235,-83.83143,10.703636,0.67764133
1645,1,-289.91553,60.80867,28.758081,-14.214256,13.638588,-2.1346276
1646,1,314.89987,-8.8031845,-0.4191219,-9.769027,0.10450346,1.0167874
1647,1,173.14711,-9.256173,0.65336215,-17.994694,1.4173034,2.79302
1648,1,100.963165,-20.664244,0.7511851,-26.48738,3.0590158,3.6953354
1649,1,-13.903906,-35.92883,-3.5648658,-35.430477,5.2344737,4.6015
1650,1,-34.60101,-42.039326,3.0712693,-31.383852,8.721168,4.8524632
1651,1,-224.2258,-67.4446,-11.422687,-83.24285,13.973848,3.2279189
1652,1,-294.15823,70.8171,51.092003,-8.450726,18.77979,0.79890555
1653,1,314.87827,-8.898251,2.4519706,-9.782431,0.18790554,1.3156501
1654,1,172.64275,-10.092867,1.3365736,-17.941639,1.0336537,3.2135446
1655,1,100.56333,-21.989737,0.68701667,-26.532782,2.1410217,4.364942
1656,1,-16.525307,-38.576008,-4.618074,-35.85362,3.7557056,5.045201
1657,1,-36.813744,-45.54936,0.4088317,-32.709747,5.511732,5.0525475
1658,1,-232.57526,-70.11881,-13.338071,-86.992905,7.9261785,4.6469626
1659,1,-315.9018,67.16062,45.31507,-12.24314,7.0989285,2.1569438
1660,1,313.64133,-9.136793,4.9993105,-9.91499,0.34109494,1.1603495
1661,1,172.41591,-10.550088,2.3987448,-18.307108,0.72998786,2.9720032
1662,1,100.030655,-23.43439,0.65876925,-26.867334,1.5884936,3.9236867
1663,1,-16.631002,-40.561787,-5.605781,-36.622288,2.703592,4.3804092
1664,1,-37.536785,-48.240402,-1.5023339,-33.921116,4.009195,4.4997187
1665,1,-232.22194,-74.14914,-16.912434,-89.04712,5.491967,3.5308018
1666,1,-305.05252,64.629456,39.194904,-14.499252,5.441789,1.200758
1667,1,313.9039,-9.063611,7.1474533,-10.043327,0.18605211,0.8776772
1668,1,171.81108,-11.084135,3.269115,-18.641928,0.49593183,2.1956813
1669,1,100.003456,-24.270948,0.6942207,-27.317495,0.99077183,2.8774033
1670,1,-17.130833,-41.95806,-6.29679,-37.25017,1.6728247,3.2110739
1671,1,-37.33413,-50.47354,-3.119334,-34.88665,2.344167,3.0830953
1672,1,-233.16356,-75.819435,-19.604443,-90.59379,3.0314295,2.413931
1673,1,-315.4044,62.329975,35.895027,-15.997899,2.658034,0.97228765
1674,1,313.1198,-9.2210455,8.564448,-10.168262,0.16327073,0.4507515
1675,1,171.74052,-11.2243185,3.872384,-18.913267,0.23290433,1.1535008
1676,1,99.67653,-24.836292,0.72217244,-27.573772,0.48672795,1.5174102
1677,1,-16.886925,-42.78823,-6.7642975,-37.674255,0.8072137,1.6514176
1678,1,-37.404224,-51.401386,-4.1735935,-35.3914,1.1389809,1.5796577
1679,1,-232.99826,-77.19037,-21.339571,-91.34713,1.4727613,1.1680174
1680,1,-307.964,61.87994,32.959084,-16.765535,1.3171148,0.39555687
1681,1,313.62308,-9.12963,8.9978075,-10.184564,-0.0021660351,0.0065289815
1682,1,171.45763,-11.381666,4.073296,-18.981953,0.0041882712,-0.005077153
1683,1,99.80972,-24.96231,0.7411801,-27.699617,-0.0028806087,0.0019524847
1684,1,-17.160778,-43.01468,-6.9135385,-37.78657,0.0021120524,-0.0024971901
1685,1,-37.195637,-51.85798,-4.5556664,-35.59547,-0.0013792557,-0.00014680276
1686,1,-233.02306,-77.26655,-21.905157,-91.60946,2.0358295e-05,-0.002603602
1687,1,-314.98676,61.14884,32.818115,-16.992403,-0.0015505478,-0.00013698477
1688,1,313.12463,-9.222386,8.558505,-10.17072,-0.15954639,-0.44745117
1689,1,171.73938,-11.22257,3.8777745,-18.91529,-0.22977005,-1.1581454
1690,1,99.67565,-24.833857,0.71945906,-27.574541,-0.48858055,-1.5171151
1691,1,-16.88731,-42.786007,-6.7625494,-37.674873,-0.80571777,-1.6544665
1692,1,-37.40475,-51.397476,-4.1737514,-35.392536,-1.139942,-1.5811696
1693,1,-233.00227,-77.182556,-21.33686,-91.34621,-1.4736532,-1.1722916
1694,1,-307.9546,61.8899,32.963272,-16.759254,-1.3200902,-0.39717487
1695,1,313.9017,-9.061101,7.154519,-10.044746,-0.18150906,-0.88043994
1696,1,171.81024,-11.083429,3.267915,-18.642847,-0.49575064,-2.1965656
1697,1,100.0028,-24.267445,0.6962545,-27.320341,-0.98977554,-2.879884
1698,1,-17.132975,-41.953545,-6.297466,-37.25012,-1.6734316,-3.2119248
1699,1,-37.3335,-50.466175,-3.1179256,-34.88977,-2.3437364,-3.0859494
1700,1,-233.17407,-75.802704,-19.599869,-90.59137,-3.0332758,-2.417646
1701,1,-315.38345,62.349518,35.903164,-15.985111,-2.6610055,-0.97439766
1702,1,313.63818,-9.1353855,5.000115,-9.916037,-0.34139547,-1.1602942
1703,1,172.41469,-10.549503,2.400974,-18.30723,-0.72858024,-2.9737015
1704,1,100.02958,-23.430696,0.6588774,-26.870804,-1.5885334,-3.9246988
1705,1,-16.63344,-40.556236,-5.604434,-36.622143,-2.7038531,-4.3819118
1706,1,-37.535824,-48.231346,-1.502038,-33.92611,-4.008866,-4.500289
1707,1,-232.23726,-74.12153,-16.90729,-89.04297,-5.4937553,-3.5342882
1708,1,-305.0199,64.66059,39.207233,-14.477844,-5.4443483,-1.2037644
1709,1,314.8751,-8.895704,2.4542341,-9.784194,-0.18626446,-1.3160286
1710,1,172.64102,-10.093173,1.3364236,-17.94132,-1.0339574,-3.214025
1711,1,100.56255,-21.98575,0.68860257,-26.537077,-2.1407971,-4.365633
1712,1,-16.528872,-38.570145,-4.6180067,-35.852882,-3.7560723,-5.0457797
1713,1,-36.811558,-45.540176,0.41111457,-32.71592,-5.512584,-5.0527763
1714,1,-232.59587,-70.08971,-13.334841,-86.98948,-7.9262633,-4.64547
1715,1,-315.86185,67.201324,45.328415,-12.215826,-7.0999684,-2.1557605
1716,1,314.89572,-8.800514,-0.41810682,-9.770211,-0.10475934,-1.0168349
1717,1,173.1456,-9.256863,0.6530791,-17.995438,-1.4167181,-2.7932436
1718,1,100.962395,-20.659597,0.7523781,-26.490725,-3.0595846,-3.6956334
1719,1,-13.906889,-35.924522,-3.5648203,-35.431396,-5.234461,-4.60126
1720,1,-34.59904,-42.028988,3.0724473,-31.388151,-8.722679,-4.8522944
1721,1,-224.23875,-67.42221,-11.417413,-83.24103,-13.973872,-3.2245722
1722,1,-294.12775,70.844284,51.09894,-8.433846,-18.777292,-0.7953584
1723,1,315.48868,-8.139664,-0.65268373,-10.357428,-0.20313077,-0.3986459
1724,1,175.4863,-9.198212,-0.29390594,-19.769028,-0.87621325,-0.9527531
1725,1,106.00067,-19.63016,1.2792525,-28.246439,-1.7855475,-1.888963
1726,1,-1.7642722,-33.785122,-2.7885666,-37.390354,-3.298067,-1.529503
1727,1,-21.129358,-38.17908,3.9404576,-34.64864,-5.3829875,-2.7202454
1728,1,-202.83716,-60.616226,-7.629691,-83.828255,-10.704562,-0.6766126
1729,1,-289.90283,60.82582,28.75781,-14.201943,-13.634897,2.1355426
1730,1,325.52182,-0.938249,0.9656353,-0.14833696,-0.5056138,0.53243536
1731,1,190.64209,-13.459805,0.29119644,-13.540182,0.46889094,1.4993106
1732,1,93.436775,-27.517673,-1.2529583,-4.491847,0.6573974,1.8860836
1733,1,42.62785,-45.476635,0.261593,-18.253428,1.5741398,2.98137
1734,1,-60.19033,-70.467926,-4.51538,-15.01604,2.4134028,3.1092272
1735,1,-74.63866,-103.97654,-0.42435017,-27.783484,5.3217983,5.667862
1736,1,-376.729,-201.99908,-24.429235,-92.956345,16.77519,4.8372636
1737,1,324.52963,-0.6347532,3.4323318,0.5238654,0.089136414,1.318988
1738,1,187.1604,-13.813859,0.17272408,-13.433706,0.5541568,3.2181168
1739,1,83.53621,-28.614307,-1.9314116,-3.4095619,1.2230664,4.8376803
1740,1,25.937197,-48.68023,-2.802403,-17.660862,2.262003,5.8535204
1741,1,-88.65688,-76.37424,-9.39113,-14.130611,3.5445192,7.59943
1742,1,-116.21641,-116.11911,-10.256464,-25.532276,7.7996645,9.319591
1743,1,-446.15445,-232.423,-60.822487,-99.0276,10.033042,4.9153748
1744,1,323.39374,-0.9667733,6.074972,0.44108054,0.19333448,1.4573582
1745,1,187.26205,-14.616817,0.9505207,-13.575767,0.37562445,3.8845387
1746,1,83.184746,-30.903872,-2.8207607,-3.3265982,0.88204366,5.128101
1747,1,26.25251,-52.381226,-5.302272,-18.162355,1.3784806,6.427843
1748,1,-88.75377,-83.151596,-13.967636,-14.509684,2.4651372,7.319648
1749,1,-109.3073,-127.65929,-21.61979,-29.029171,3.0102458,6.713785
1750,1,-430.52792,-243.60056,-81.009636,-102.92545,1.7370247,3.1062634
1751,1,323.31714,-0.9464781,8.897526,0.43150598,0.052734274,1.3849874
1752,1,186.70505,-15.633001,1.8673679,-13.664209,0.32022238,3.3854795
1753,1,82.95851,-32.634724,-3.2675843,-3.5480406,0.6003093,4.663878
1754,1,25.813398,-55.746548,-6.7820673,-18.481394,1.1242439,5.4141846
1755,1,-89.60438,-88.14539,-18.046707,-15.191752,1.550432,5.5644245
1756,1,-109.94362,-133.42305,-28.093306,-30.004786,2.4530408,5.3358455
1757,1,-444.28494,-255.88641,-92.16567,-103.162605,3.2957556,2.548723
1758,1,322.8193,-1.3719646,11.180334,0.3011792,0.16769212,0.97659725
1759,1,186.49109,-16.031536,2.66342,-13.803917,0.16947575,2.5385869
1760,1,82.835464,-34.023117,-3.3856726,-3.7055247,0.40936017,3.3414266
1761,1,26.239138,-57.92356,-8.250493,-18.875284,0.6073512,3.7554681
1762,1,-88.99452,-90.77195,-20.571133,-15.370193,0.97033083,3.9465806
1763,1,-107.91183,-138.66933,-32.981453,-31.205894,1.184593,3.1341767
1764,1,-438.94,-259.78854,-99.77144,-104.472946,0.3603484,1.1739488
1765,1,323.05524,-1.1460724,12.608767,0.2912505,0.02252907,0.5255495
1766,1,186.14343,-16.537298,3.262097,-13.873814,0.10854103,1.3024064
1767,1,82.82868,-34.693928,-3.560832,-3.8688803,0.17774177,1.7416184
1768,1,26.299084,-58.947945,-8.948641,-18.973114,0.32911596,1.9727802
1769,1,-88.871544,-92.85523,-22.210966,-15.693926,0.4324706,1.8549948
1770,1,-107.38155,-139.96544,-35.764698,-31.551691,0.6116949,1.5825614
1771,1,-444.63315,-263.55423,-103.11237,-104.32719,0.8574273,0.7476002
1772,1,322.75156,-1.4934646,13.1070385,0.24148424,0.013065859,-0.012904751
1773,1,186.16815,-16.475006,3.4535413,-13.927876,-0.006695227,0.004956935
1774,1,82.744095,-34.933243,-3.568227,-3.865383,0.0044886027,-0.0033750986
1775,1,26.432354,-59.517925,-9.228639,-19.118427,-0.0025157218,0.0017801805
1776,1,-88.70527,-92.84883,-22.829475,-15.64068,0.002484084,-0.0019684376
1777,1,-107.05155,-141.33789,-36.512806,-31.807621,-0.00015450518,-0.00047803434
1778,1,-440.7551,-263.7576,-104.72384,-104.879234,-9.286736e-05,-0.0016029378
1779,1,323.05884,-1.1382222,12.636281,0.28747234,-0.0112444665,-0.53684014
1780,1,186.13818,-16.532036,3.254275,-13.87536,-0.11260419,-1.3038381
1781,1,82.83131,-34.693058,-3.5569701,-3.869547,-0.17465815,-1.7419317
1782,1,26.29565,-58.94535,-8.950543,-18.974962,-0.33044717,-1.9740694
1783,1,-88.86864,-92.85377,-22.209368,-15.695755,-0.43007287,-1.8556997
1784,1,-107.38796,-139.95972,-35.76477,-31.55621,-0.61026084,-1.5847267
1785,1,-444.62564,-263.5368,-103.10469,-104.33246,-0.858084,-0.7503311
1786,1,322.81454,-1.3753811,11.184061,0.3016035,-0.16883929,-0.9764523
1787,1,186.49066,-16.027185,2.6703742,-13.806786,-0.16641757,-2.543517
1788,1,82.8352,-34.020878,-3.388181,-3.7067266,-0.4110035,-3.342225
1789,1,26.235756,-57.920853,-8.248995,-18.879017,-0.6058032,-3.7558866
1790,1,-88.99002,-90.766235,-20.570826,-15.373295,-0.9703077,-3.948191
1791,1,-107.92498,-138.6637,-32.979557,-31.216776,-1.1818104,-3.1360404
1792,1,-438.92526,-259.7484,-99.7558,-104.48424,-0.36147135,-1.1752839
1793,1,323.31757,-0.9473707,8.900672,0.43060938,-0.050951175,-1.3859487
1794,1,186.70094,-15.632224,1.8692108,-13.666243,-0.3212717,-3.3859198
1795,1,82.96198,-32.633152,-3.265961,-3.5500953,-0.5995139,-4.665718
1796,1,25.805809,-55.743095,-6.7818584,-18.48647,-1.1247466,-5.4151154
1797,1,-89.59501,-88.14039,-18.045477,-15.195951,-1.55028,-5.5635767
1798,1,-109.9648,-133.4096,-28.09286,-30.021267,-2.4518166,-5.3389115
1799,1,-444.26038,-255.82841,-92.14078,-103.18168,-3.29711,-2.5521019
1800,1,323.3912,-0.97050697,6.0746794,0.44081277,-0.19386429,-1.4574336
1801,1,187.2599,-14.613511,0.9525453,-13.579215,-0.3751437,-3.885578
1802,1,83.187645,-30.90448,-2.8201182,-3.3281965,-0.8828272,-5.1281285
1803,1,26.244055,-52.37683,-5.3022966,-18.168816,-1.3787043,-6.4288764
1804,1,-88.74275,-83.14626,-13.963337,-14.513796,-2.4662616,-7.320212
1805,1,-109.333115,-127.652275,-21.623348,-29.048939,-3.0114193,-6.7110014
1806,1,-430.50034,-243.51419,-80.98024,-102.94739,-1.7386403,-3.106063
1807,1,324.52856,-0.63733864,3.431681,0.52296394,-0.088410296,-1.319127
1808,1,187.15782,-13.811434,0.17388777,-13.436753,-0.55469674,-3.2178726
1809,1,83.53838,-28.61421,-1.9312831,-3.4122365,-1.223332,-4.8388777
1810,1,25.93153,-48.676414,-2.8017347,-17.6666,-2.263496,-5.852687
1811,1,-88.64998,-76.368774,-9.390177,-14.13566,-3.546173,-7.60107
1812,1,-116.23244,-116.108406,-10.25225,-25.54818,-7.8050256,-9.318314
1813,1,-446.13275,-232.38489,-60.80615,-99.04844,-10.036648,-4.908847
1814,1,325.51935,-0.94163704,0.96484166,-0.14968424,0.5056008,-0.53242505
1815,1,190.63945,-13.456289,0.29248026,-13.543229,-0.46894366,-1.499606
1816,1,93.43716,-27.518791,-1.2543957,-4.4956045,-0.657762,-1.8857576
1817,1,42.62173,-45.471333,0.2640929,-18.259047,-1.5749615,-2.9821808
1818,1,-60.1873,-70.463806,-4.518545,-15.022097,-2.4146276,-3.1082401
1819,1,-74.65633,-103.9645,-0.41778263,-27.797083,-5.3257937,-5.669031
1820,1,-376.71872,-201.9475,-24.425856,-92.96698,-16.778471,-4.8411903
1821,1,325.5206,-0.9414529,0.9648709,0.14962535,0.5056385,0.5323594
1822,1,190.64049,-13.45634,0.2925607,13.544203,-0.4688638,1.4993871
1823,1,93.43779,-27.519077,-1.2543993,4.4957995,-0.65814555,1.8858113
1824,1,42.62261,-45.471966,0.26356676,18.260323,-1.5744615,2.981599
1825,1,-60.187717,-70.465034,-4.517576,15.023021,-2.4158554,3.1082466
1826,1,-74.6555,-103.96836,-0.42061287,27.798948,-5.3244896,5.666281
1827,1,-376.72006,-201.95905,-24.422915,92.97399,-16.780518,4.838257
1828,1,324.52902,-0.6383998,3.430154,-0.52273107,-0.08869289,1.3190231
1829,1,187.15834,-13.810914,0.17373931,13.43718,-0.5547269,3.2178452
1830,1,83.53916,-28.614943,-1.9319017,3.4127958,-1.2233196,4.838127
1831,1,25.930744,-48.676228,-2.8017929,17.667336,-2.2639,5.8525095
1832,1,-88.647766,-76.3693,-9.390534,14.136631,-3.545972,7.599723
1833,1,-116.236275,-116.10601,-10.255293,25.550852,-7.805831,9.316646
1834,1,-446.12787,-232.36607,-60.798904,99.04805,-10.037315,4.90902
1835,1,323.39258,-0.96995836,6.074897,-0.44086066,-0.19350383,1.4575101
1836,1,187.25938,-14.614339,0.9507254,13.57989,-0.3756102,3.8845823
1837,1,83.18951,-30.904139,-2.820198,3.3282895,-0.88275206,5.128111
1838,1,26.242226,-52.377167,-5.3031983,18.170052,-1.3789748,6.4279804
1839,1,-88.73993,-83.14476,-13.963779,14.513998,-2.4661615,7.3198147
1840,1,-109.33821,-127.64944,-21.623632,29.05135,-3.0118032,6.7128983
1841,1,-430.49457,-243.50381,-80.9743,102.95204,-1.7388304,3.107076
1842,1,323.31787,-0.9496787,8.894416,-0.43044093,-0.052267708,1.3846232
1843,1,186.70244,-15.630887,1.8691158,13.666728,-0.32084695,3.3861396
1844,1,82.96195,-32.634537,-3.268379,3.5502734,-0.60046124,4.6638417
1845,1,25.80629,-55.743107,-6.781034,18.487043,-1.1242466,5.4151406
1846,1,-89.59492,-88.13999,-18.046003,15.196542,-1.55093,5.564128
1847,1,-109.96596,-133.4098,-28.091818,30.02323,-2.4509878,5.3394246
1848,1,-444.25934,-255.82364,-92.13892,103.183044,-3.297637,2.5530195
1849,1,322.81622,-1.3719912,11.184078,-0.3015851,-0.16882233,0.97796106
1850,1,186.49117,-16.03067,2.6619291,13.806161,-0.16930276,2.5383608
1851,1,82.836266,-34.02246,-3.3846524,3.7067235,-0.40978265,3.3423357
1852,1,26.235598,-57.92136,-8.250779,18.879465,-0.60682976,3.7557096
1853,1,-88.99033,-90.76723,-20.569605,15.374009,-0.9696357,3.9480941
1854,1,-107.924355,-138.66312,-32.979237,31.217392,-1.1822473,3.136863
1855,1,-438.92703,-259.75073,-99.75573,104.48545,-0.36147672,1.1754992
1856,1,323.06015,-1.1491114,12.600581,-0.28999284,-0.021193076,0.5230335
1857,1,186.14047,-16.535576,3.2658648,13.8740835,-0.109876744,1.3042014
1858,1,82.830795,-34.694523,-3.5625172,3.8699608,-0.1770941,1.7410353
1859,1,26.296278,-58.94583,-8.947618,18.9751,-0.32875797,1.9745293
1860,1,-88.868675,-92.85366,-22.21054,15.696194,-0.43125594,1.8553253
1861,1,-107.38823,-139.9614,-35.763317,31.557556,-0.60983795,1.5846827
1862,1,-444.6258,-263.53558,-103.10448,104.33382,-0.8584974,0.749792
1863,1,322.7428,-1.4909807,13.1186285,-0.2430541,-0.01560118,-0.0076177786
1864,1,186.17308,-16.476967,3.4470658,13.928737,0.008361444,0.0010697489
1865,1,82.741295,-34.9323,-3.5644577,3.865095,-0.0055147354,0.0003936607
1866,1,26.43359,-59.518055,-9.230543,19.11914,0.004071519,0.00011092478
1867,1,-88.705734,-92.84844,-22.828348,15.640857,-0.0017021,0.000879539
1868,1,-107.05248,-141.33669,-36.513283,31.80915,0.002347811,0.00016167307
1869,1,-440.75406,-263.75327,-104.72167,104.880806,-0.00086704793,0.00022529134
1870,1,323.05664,-1.1428876,12.623904,-0.28945598,0.012578172,-0.5312451
1871,1,186.1402,-16.530077,3.2612855,13.875612,0.11225331,-1.3072549
1872,1,82.82917,-34.6944,-3.5608952,3.8687978,0.17469834,-1.738935
1873,1,26.298307,-58.945942,-8.94859,18.974049,0.33132952,-1.9748392
1874,1,-88.87098,-92.85507,-22.210482,15.694251,0.43095005,-1.8538766
1875,1,-107.38312,-139.96365,-35.765953,31.552372,0.6128564,-1.582808
1876,1,-444.6304,-263.5453,-103.1096,104.32873,0.85706246,-0.7470238
1877,1,322.81592,-1.3707478,11.192312,-0.3006896,0.16867891,-0.9786737
1878,1,186.48962,-16.029556,2.6665773,13.804829,0.16630416,-2.541944
1879,1,82.83491,-34.02041,-3.3866668,3.7066412,0.41066015,-3.3424563
1880,1,26.238886,-57.92328,-8.249394,18.875584,0.60643023,-3.7549407
1881,1,-88.9951,-90.76998,-20.572086,15.371134,0.9707337,-3.9474256
1882,1,-107.91158,-138.66864,-32.979515,31.206448,1.1843027,-3.1335588
1883,1,-438.9408,-259.78946,-99.77169,104.47294,0.36052492,-1.172004
1884,1,323.3162,-0.9474758,8.897412,-0.4313543,0.050613906,-1.3849742
1885,1,186.70447,-15.632758,1.8705103,13.66483,0.32056478,-3.3861036
1886,1,82.95766,-32.634113,-3.2666457,3.5486841,0.5994249,-4.665228
1887,1,25.813177,-55.74537,-6.7818594,18.482227,1.1244622,-5.4146442
1888,1,-89.60415,-88.14524,-18.046583,15.192588,1.5503063,-5.563539
1889,1,-109.94486,-133.41983,-28.092983,30.006151,2.4523492,-5.33679
1890,1,-444.28275,-255.88408,-92.16385,103.164505,3.2959228,-2.5517466
1891,1,323.39294,-0.9667179,6.077492,-0.44086075,0.19352202,-1.4575754
1892,1,187.26044,-14.616201,0.95098704,13.576324,0.37489295,-3.885118
1893,1,83.18583,-30.903858,-2.819685,3.326995,0.88208544,-5.12817
1894,1,26.249668,-52.38042,-5.30239,18.163387,1.3783277,-6.4288116
1895,1,-88.750565,-83.15116,-13.965236,14.510099,2.4653401,-7.319893
1896,1,-109.31302,-127.660965,-21.622484,29.032707,3.00989,-6.7126245
1897,1,-430.52084,-243.57994,-81.004906,102.927505,1.7373315,-3.1049197
1898,1,324.5285,-0.6354301,3.4318461,-0.52386445,0.088567935,-1.3191298
1899,1,187.15996,-13.813497,0.17347604,13.434343,0.5540327,-3.218188
1900,1,83.535805,-28.613733,-1.9312093,3.4098332,1.2229613,-4.83851
1901,1,25.936554,-48.679672,-2.8019142,17.661879,2.2619712,-5.853209
1902,1,-88.656395,-76.37248,-9.391085,14.130979,3.5448837,-7.60127
1903,1,-116.21831,-116.117836,-10.253089,25.534506,7.8006735,-9.3196535
1904,1,-446.1513,-232.42816,-60.82352,99.032295,10.033067,-4.913109
1905,1,325.52048,-0.93840754,0.96588904,0.14879265,-0.5057261,-0.53236157
1906,1,190.64052,-13.459397,0.2913618,13.540277,0.46891087,-1.4994742
1907,1,93.43661,-27.517334,-1.2529435,4.4928036,0.657081,-1.8859706
1908,1,42.625847,-45.475307,0.26222715,18.25382,1.5747007,-2.9820814
1909,1,-60.18958,-70.46587,-4.5166936,15.016934,2.4127614,-3.108743
1910,1,-74.64238,-103.97161,-0.42042714,27.784534,5.323959,-5.670135
1911,1,-376.72568,-201.98198,-24.431086,92.95186,16.773926,-4.840282
1912,1,315.48938,-8.140095,-0.6530431,10.357715,-0.20342284,0.3986255
1913,1,175.48668,-9.198199,-0.29417247,19.769207,-0.876306,0.9528387
1914,1,106.001976,-19.630068,1.2792981,28.247093,-1.7855937,1.888589
1915,1,-1.7655853,-33.785263,-2.7884855,37.39112,-3.2982225,1.5295929
1916,1,-21.1274,-38.17911,3.9399853,34.64898,-5.382954,2.7193558
1917,1,-202.84184,-60.61788,-7.6295576,83.83124,-10.703769,0.6756355
1918,1,-289.89984,60.832054,28.759542,14.200384,-13.635264,-2.1349406
1919,1,314.8962,-8.799685,-0.41737592,9.770532,-0.10468534,1.0167767
1920,1,173.14586,-9.257361,0.6525501,17.995544,-1.4172143,2.7928743
1921,1,100.96245,-20.659122,0.7522793,26.491478,-3.059849,3.6955135
1922,1,-13.906493,-35.924545,-3.5649662,35.43139,-5.2345567,4.600585
1923,1,-34.599194,-42.028023,3.0719123,31.389692,-8.722887,4.8516417
1924,1,-224.24028,-67.41724,-11.417646,83.23976,-13.973165,3.2235665
1925,1,-294.12177,70.847824,51.101727,8.430929,-18.777895,0.79392207
1926,1,314.87482,-8.896339,2.4518774,9.784441,-0.1873573,1.3156779
1927,1,172.64171,-10.09259,1.3364658,17.941082,-1.0341208,3.2139986
1928,1,100.562645,-21.986135,0.68790376,26.53788,-2.1412122,4.364943
1929,1,-16.528984,-38.56908,-4.6180644,35.85263,-3.7562745,5.045564
1930,1,-36.811024,-45.53916,0.41081184,32.716793,-5.5125213,5.052681
1931,1,-232.59888,-70.084885,-13.334859,86.98869,-7.9270287,4.64608
1932,1,-315.85547,67.20936,45.331547,12.210165,-7.1005654,2.156722
1933,1,313.6387,-9.133774,5.0020475,9.916174,-0.34188637,1.1608212
1934,1,172.41457,-10.550804,2.398275,18.307178,-0.72990894,2.9722898
1935,1,100.03009,-23.429968,0.6597417,26.870897,-1.5888944,3.924732
1936,1,-16.633993,-40.5565,-5.6050687,36.622044,-2.7042975,4.3815336
1937,1,-37.53535,-48.230156,-1.501625,33.92654,-4.0089035,4.5007186
1938,1,-232.23926,-74.11932,-16.90633,89.04275,-5.4944634,3.5356216
1939,1,-305.01688,64.662796,39.209007,14.476771,-5.445306,1.2047781
1940,1,313.9016,-9.063929,7.1457257,10.044478,-0.18469626,0.8773945
1941,1,171.81032,-11.082616,3.271271,18.64198,-0.4973612,2.1974962
1942,1,100.00288,-24.268612,0.69393325,27.319586,-0.99068505,2.8784418
1943,1,-17.13284,-41.953243,-6.2959385,37.25041,-1.673161,3.2125866
1944,1,-37.333702,-50.465935,-3.1181931,34.88973,-2.3441813,3.0859103
1945,1,-233.17444,-75.80281,-19.598412,90.59202,-3.0334182,2.4182193
1946,1,-315.38333,62.35048,35.903778,15.985089,-2.6613104,0.97429794
1947,1,313.1185,-9.217398,8.573035,10.167679,-0.16813347,0.45394444
1948,1,171.73997,-11.225194,3.8687847,18.912695,-0.23224327,1.1532617
1949,1,99.675865,-24.833279,0.72493696,27.574589,-0.48755586,1.5197122
1950,1,-16.888199,-42.78625,-6.765508,37.67464,-0.80692726,1.6528383
1951,1,-37.404137,-51.39716,-4.171508,35.392937,-1.1391991,1.5822241
1952,1,-233.00377,-77.18181,-21.336897,91.34648,-1.474075,1.1710206
1953,1,-307.9534,61.890575,32.963898,16.75896,-1.3198798,0.39769593
1954,1,313.62524,-9.1340275,8.983588,10.184085,0.0042110626,0.00014219273
1955,1,171.45657,-11.38004,4.0821548,18.980509,-0.00777623,0.00021260919
1956,1,99.810104,-24.962194,0.7360859,27.700356,0.0052242354,0.0007611999
1957,1,-17.16104,-43.01413,-6.9102283,37.786274,-0.0035085555,0.00057923596
1958,1,-37.19533,-51.857487,-4.55734,35.59624,0.002221982,0.0014377543
1959,1,-233.02422,-77.26412,-21.903967,91.60893,-0.0017781972,0.0011638139
1960,1,-314.98434,61.151226,32.818874,16.99102,-0.00088913034,0.00041398092
1961,1,313.1182,-9.217918,8.573341,10.170801,0.16133325,-0.4537437
1962,1,171.73988,-11.225432,3.8688705,18.915276,0.2267731,-1.1523584
1963,1,99.67647,-24.834517,0.7249537,27.57455,0.4906253,-1.5190015
1964,1,-16.88788,-42.78805,-6.765918,37.6744,0.80432856,-1.6507505
1965,1,-37.40387,-51.40015,-4.1720953,35.39198,1.1409657,-1.5803475
1966,1,-232.99948,-77.18891,-21.340271,91.347046,1.4714969,-1.1670978
1967,1,-307.96146,61.883926,32.96029,16.762905,1.3172119,-0.39537877
1968,1,313.9027,-9.064805,7.1456175,10.044585,0.17827278,-0.8771274
1969,1,171.8111,-11.082901,3.271804,18.644402,0.49602053,-2.1970963
1970,1,100.0027,-24.270859,0.6934526,27.318213,0.9890963,-2.877317
1971,1,-17.130493,-41.9569,-6.295828,37.250954,1.6735458,-3.2116227
1972,1,-37.3348,-50.47254,-3.1198065,34.886803,2.3436062,-3.0830715
1973,1,-233.16298,-75.81821,-19.602814,90.59372,3.03159,-2.4140713
1974,1,-315.40448,62.32854,35.894905,15.998994,2.6577132,-0.97139734
1975,1,313.64087,-9.135736,5.0019703,9.915056,0.3414212,-1.1606863
1976,1,172.4147,-10.550696,2.398629,18.307545,0.7275998,-2.9720068
1977,1,100.03061,-23.433294,0.6597567,26.868372,1.5884355,-3.9243484
1978,1,-16.631721,-40.561638,-5.6057267,36.622784,2.7033463,-4.3805118
1979,1,-37.536793,-48.238834,-1.5018605,33.921757,4.0088406,-4.4997478
1980,1,-232.22282,-74.147095,-16.911863,89.04687,5.4923153,-3.5315716
1981,1,-305.05005,64.63217,39.195633,14.49765,5.4426746,-1.2026459
1982,1,314.87665,-8.8983,2.451509,9.782847,0.18630351,-1.3157656
1983,1,172.64279,-10.092466,1.3372142,17.941603,1.0335975,-3.213863
1984,1,100.56243,-21.989601,0.6872552,26.533781,2.1402502,-4.365083
1985,1,-16.525282,-38.574768,-4.6176534,35.85334,3.7556581,-5.045669
1986,1,-36.813717,-45.54929,0.40949476,32.711304,5.5117655,-5.0525756
1987,1,-232.57806,-70.11405,-13.338219,86.99239,7.9258294,-4.64709
1988,1,-315.89404,67.16628,45.31608,12.238732,7.098923,-2.1561193
1989,1,314.89893,-8.802615,-0.4182712,9.769247,0.10429436,-1.0167177
1990,1,173.14606,-9.256219,0.6534903,17.994804,1.4166231,-2.7931716
1991,1,100.96315,-20.663496,0.75138384,26.487936,3.0590384,-3.695582
1992,1,-13.904917,-35.92806,-3.5646124,35.430637,5.234149,-4.601644
1993,1,-34.600273,-42.037678,3.0714936,31.38413,8.721642,-4.85317
1994,1,-224.22777,-67.44226,-11.421368,83.24284,13.974064,-3.2269928
1995,1,-294.15436,70.820625,51.091923,8.448809,18.778328,-0.79843503
1996,1,315.4917,-8.142776,-0.65378976,10.356309,0.20331356,-0.39875886
1997,1,175.48793,-9.196655,-0.29330915,19.767872,0.87592715,-0.95270306
1998,1,106.00243,-19.634684,1.2787848,28.243547,1.7854642,-1.889085
1999,1,-1.7601609,-33.787556,-2.7887187,37.388924,3.2975678,-1.5296042
2000,1,-21.126287,-38.186897,3.940819,34.644802,5.3829694,-2.7211013
2001,1,-202.82162,-60.62989,-7.632119,83.82865,10.704346,-0.6778501
2002,1,-289.91513,60.80542,28.756699,14.214113,13.637522,2.1353328
2003,1,289.94247,4.112964,1.5482953,13.7336,-0.0032791893,0.32318807
2004,1,175.06487,-5.4171653,0.9749633,28.032368,-0.8786562,0.89886606
2005,1,74.48586,-13.173381,-1.5249236,43.79223,-2.0597534,0.776636
2006,1,17.925087,-10.113314,3.418653,37.2445,-2.9348726,1.3089211
2007,1,-83.71778,-25.806175,-3.946554,64.04981,-5.107717,0.35754848
2008,1,-178.64844,22.743216,11.438321,27.116697,-4.567804,-0.6759708
2009,1,-268.1709,-50.253845,-17.337482,21.842968,-1.8066227,0.4058719
2010,1,291.48312,4.80501,4.587831,12.707331,0.19405901,0.7812656
2011,1,176.13638,-5.646528,1.2901461,25.696375,-1.6590295,1.8822887
2012,1,72.60912,-13.865543,-0.6571108,41.676018,-3.4086266,2.5485396
2013,1,16.834724,-11.144842,4.2524652,33.829422,-5.6630445,2.560316
2014,1,-87.42013,-28.506138,-2.8433356,62.452747,-8.425546,1.9453343
2015,1,-173.89679,25.182276,18.525057,22.413004,-10.253159,0.05840517
2016,1,-261.6334,-57.904377,-18.719057,22.59485,-11.024616,-0.5763612
2017,1,290.1965,4.692789,6.407298,12.713994,-0.13147964,0.9364297
2018,1,175.9566,-5.911858,2.640015,25.389809,-1.0895735,2.371546
2019,1,71.06666,-14.693535,-0.19121252,41.401794,-2.6807048,3.0547442
2020,1,13.800515,-12.010321,4.738321,33.609135,-4.3856115,3.2060657
2021,1,-93.55659,-29.14592,-2.0854654,62.90701,-6.3841352,2.7959723
2022,1,-186.9675,25.137299,19.644302,22.136778,-8.405954,1.6551707
2023,1,-270.84167,-56.167053,-11.111084,20.965418,-10.014072,0.5250896
2024,1,290.2102,4.616557,8.802933,12.83107,-0.12954752,0.90668243
2025,1,175.23793,-6.241252,3.6615078,25.623018,-0.8502355,2.2295275
2026,1,71.00083,-15.184192,0.3517139,41.713066,-1.9286175,2.87205
2027,1,12.691353,-12.858042,4.6976686,34.1512,-3.1650972,3.0132184
2028,1,-93.47294,-29.915195,-2.3640587,63.5768,-4.6437125,2.74606
2029,1,-187.38705,24.83904,19.704227,23.913912,-5.575331,1.8985496
2030,1,-272.5606,-55.39158,-12.348732,21.614481,-4.9265094,0.74105555
2031,1,288.87314,4.495407,10.701619,13.038882,-0.21620843,0.6633769
2032,1,174.98038,-6.3465705,4.6418767,25.961327,-0.5249425,1.6824094
2033,1,70.359314,-15.632906,0.696399,42.1598,-1.2355047,2.1794753
2034,1,12.233461,-13.47893,4.6469994,34.68395,-2.046732,2.28364
2035,1,-94.448074,-30.523392,-2.548298,64.47402,-2.918572,2.1171315
2036,1,-190.3876,24.071064,18.916107,24.726223,-3.5755506,1.4084727
2037,1,-268.82416,-54.666817,-13.238414,21.412014,-3.8720117,0.44358277
2038,1,289.16977,4.475392,11.865665,13.146915,-0.094851814,0.36144376
2039,1,174.41995,-6.488181,5.262975,26.231768,-0.27818897,0.90261686
2040,1,70.36143,-15.82207,0.92871267,42.46722,-0.6034392,1.1567094
2041,1,11.715592,-13.880912,4.59241,35.122578,-0.9867787,1.2248545
2042,1,-94.22535,-30.937113,-2.9134405,64.89905,-1.4014531,1.097881
2043,1,-190.07045,23.91755,18.240587,25.47046,-1.6250587,0.749186
2044,1,-272.79446,-54.537716,-13.899073,21.703388,-1.3920281,0.28952092
2045,1,288.3941,4.4593697,12.3824,13.21444,-0.015223427,0.0077781216
2046,1,174.53928,-6.4821076,5.460973,26.317423,0.0076432237,-0.00055009685
2047,1,70.07733,-15.937256,1.0158094,42.596535,-0.0056932503,0.0005966559
2048,1,11.846475,-13.98397,4.543923,35.23132,0.003178724,0.0009450641
2049,1,-94.54647,-31.039715,-2.9929795,65.11915,-0.0029004076,0.00089105085
2050,1,-191.08769,23.718824,18.024347,25.543926,1.4790999e-05,0.0008827718
2051,1,-268.31842,-54.308,-14.4894495,21.572296,-0.0013948702,8.486182e-05
2052,1,289.1697,4.469014,11.842792,13.149086,0.08461,-0.3528085
2053,1,174.42328,-6.494861,5.26762,26.233349,0.2807397,-0.8983852
2054,1,70.36124,-15.823129,0.9272333,42.467056,0.59987956,-1.1573379
2055,1,11.715716,-13.883449,4.592945,35.12344,0.988152,-1.2219272
2056,1,-94.22359,-30.939709,-2.9141161,64.89927,1.3986483,-1.096496
2057,1,-190.07265,23.91566,18.240232,25.473612,1.623436,-0.7470004
2058,1,-272.7979,-54.53606,-13.8980875,21.704098,1.3897649,-0.289646
2059,1,288.87808,4.496045,10.694764,13.03937,0.21584766,-0.6622113
2060,1,174.98059,-6.3503585,4.636899,25.961704,0.52119935,-1.677962
2061,1,70.36248,-15.63654,0.6988692,42.160885,1.2360296,-2.178021
2062,1,12.230989,-13.482288,4.6454124,34.68405,2.04512,-2.2823753
2063,1,-94.44209,-30.529242,-2.5477116,64.475426,2.9177175,-2.1146936
2064,1,-190.39482,24.066574,18.91486,24.73342,3.5724401,-1.4068928
2065,1,-268.8311,-54.65988,-13.235239,21.411545,3.870322,-0.4431712
2066,1,290.21298,4.61661,8.801896,12.831451,0.12747134,-0.90632355
2067,1,175.23828,-6.2428174,3.6596365,25.622114,0.8498909,-2.2290566
2068,1,71.00423,-15.1869335,0.3506376,41.713966,1.9271104,-2.87
2069,1,12.6878605,-12.863015,4.6984015,34.151302,3.1648326,-3.0125244
2070,1,-93.4641,-29.923449,-2.364772,63.578403,4.64252,-2.744434
2071,1,-187.39845,24.832901,19.70447,23.925205,5.573484,-1.897679
2072,1,-272.56915,-55.381477,-12.344076,21.614798,4.9251723,-0.7404768
2073,1,290.2007,4.693233,6.406844,12.714319,0.13117301,-0.936201
2074,1,175.95586,-5.9147553,2.6387603,25.388454,1.0885621,-2.3710017
2075,1,71.071304,-14.695393,-0.19075212,41.402252,2.6802876,-3.0547302
2076,1,13.795581,-12.015414,4.737353,33.609005,4.3849864,-3.2054203
2077,1,-93.54551,-29.154854,-2.0845175,62.90832,6.3836317,-2.79619
2078,1,-186.9822,25.129826,19.643732,22.150024,8.4055605,-1.6550434
2079,1,-270.85202,-56.151947,-11.104265,20.963327,10.013334,-0.5260354
2080,1,291.48682,4.806593,4.5886106,12.707346,-0.19435374,-0.7813333
2081,1,176.13664,-5.6496944,1.2889346,25.695045,1.6586154,-1.8822329
2082,1,72.61211,-13.866629,-0.65652674,41.67588,3.4082568,-2.5485127
2083,1,16.831894,-11.150218,4.2518854,33.8288,5.6628838,-2.5608604
2084,1,-87.412125,-28.513296,-2.8427463,62.453728,8.42615,-1.9461955
2085,1,-173.90697,25.175972,18.524885,22.422602,10.254896,-0.05956691
2086,1,-261.64172,-57.895016,-18.712454,22.594831,11.025948,0.5774653
2087,1,289.94684,4.1147966,1.549155,13.733289,0.0031189516,-0.3230777
2088,1,175.0655,-5.4210763,0.9738801,28.0314,0.8785587,-0.8990656
2089,1,74.490234,-13.173258,-1.5241691,43.79104,2.0596051,-0.7765857
2090,1,17.92454,-10.119247,3.4180026,37.24472,2.934991,-1.3093431
2091,1,-83.70749,-25.809635,-3.9460177,64.04897,5.108387,-0.35819793
2092,1,-178.65173,22.735512,11.437904,27.12513,4.5695853,0.67582506
2093,1,-268.1753,-50.24221,-17.33377,21.842192,1.8078294,-0.40667805
2094,1,264.2109,-3.5198946,-0.19619848,12.83696,0.8761172,0.15341265
2095,1,156.01003,-3.1085675,-0.60422,39.67206,-0.88084126,0.31453457
2096,1,74.85179,0.5893857,2.4399786,37.903393,-1.1112655,0.6995197
2097,1,-6.0559945,-12.307872,-2.7351017,57.63964,-2.3180044,0.2696663
2098,1,-77.60894,10.155447,6.052611,36.908966,-1.9433973,0.14056726
2099,1,-171.24298,-27.935968,-9.041062,46.157307,-1.8642309,0.2547902
2100,1,-240.80092,36.200367,15.580592,8.7585335,-4.4927573,-0.4889738
2101,1,266.68634,-4.021864,-0.17516847,11.439637,0.5597312,0.44464684
2102,1,158.75468,-3.2561765,0.78860915,37.62653,-1.0246183,1.1888855
2103,1,78.22159,0.46203202,3.362031,34.729088,-2.7301276,1.39001
2104,1,-3.5886166,-13.650597,-1.6315773,55.77765,-4.196392,1.3082398
2105,1,-71.72248,10.694372,8.826951,33.239502,-5.3787503,0.58533424
2106,1,-166.21948,-31.870647,-10.254913,45.739403,-5.9271135,0.1529382
2107,1,-233.19879,40.85047,20.37641,6.9282084,-5.7535596,0.062597714
2108,1,266.90158,-4.011947,2.064393,11.320919,0.4855971,0.6286218
2109,1,158.43877,-3.4719892,1.8068516,37.1376,-0.85122126,1.5426762
2110,1,77.05927,0.29236862,4.5512753,33.851036,-2.262492,1.8790185
2111,1,-6.1181493,-13.9778805,-0.56189597,55.056763,-3.816785,1.8018664
2112,1,-76.887024,10.529184,10.311928,32.1701,-5.3360243,1.2992787
2113,1,-170.24495,-31.960054,-7.7230577,44.636547,-6.5440264,0.5133605
2114,1,-236.26619,39.95065,20.748636,7.100715,-7.3035755,-0.022139588
2115,1,265.47888,-3.9657423,3.894492,11.327609,0.18080057,0.59226555
2116,1,158.34364,-3.4843066,3.025401,37.15138,-0.54522806,1.5074579
2117,1,76.21766,0.09445775,5.216422,33.935547,-1.628113,1.8518047
2118,1,-6.699467,-14.017222,0.1831888,54.875366,-2.830678,1.8614928
2119,1,-78.47716,10.438976,10.931097,32.623177,-3.8595781,1.4390417
2120,1,-173.72566,-31.427813,-6.95776,44.18721,-4.6721373,0.9797213
2121,1,-237.83499,39.5302,22.653595,6.6684723,-5.2108045,0.34790578
2122,1,265.19702,-3.8913193,5.5021152,11.466312,0.10510617,0.4725417
2123,1,157.61191,-3.5691934,3.923212,37.364925,-0.3731585,1.1687365
2124,1,75.7227,0.05230362,5.834353,34.1594,-1.0750301,1.4575343
2125,1,-7.446939,-14.105526,0.5755912,55.157387,-1.8614283,1.4719826
2126,1,-79.586685,10.304609,11.213921,32.90202,-2.6413498,1.2371565
2127,1,-173.45139,-31.145857,-6.4704394,44.421608,-3.1936822,0.85209084
2128,1,-237.6692,39.030254,21.874502,7.1051474,-3.156112,0.30437502
2129,1,264.06656,-3.8799593,6.6286726,11.545781,0.0016298114,0.24415104
2130,1,157.5324,-3.5278401,4.5493436,37.554417,-0.17819543,0.63562423
2131,1,75.18822,-0.038254358,6.1475444,34.41354,-0.5236113,0.7910089
2132,1,-7.6009855,-14.131648,0.82120806,55.32666,-0.9230605,0.8149772
2133,1,-80.14851,10.209173,11.354259,33.33329,-1.2650576,0.6867313
2134,1,-175.07184,-31.113956,-6.4306793,44.434364,-1.5064514,0.48112965
2135,1,-236.88065,38.853134,21.716763,6.9548464,-1.656702,0.16177636
2136,1,264.46188,-3.857957,6.9241323,11.59821,0.013648122,0.01304378
2137,1,157.19197,-3.5725174,4.7406397,37.62971,-0.007636638,-0.004512311
2138,1,75.22453,-0.020031413,6.2963552,34.484432,0.004222143,0.0034388995
2139,1,-7.8510256,-14.1753235,0.8792025,55.451477,-0.0035888096,-0.0012320555
2140,1,-80.25722,10.171692,11.358094,33.364124,0.0012424266,0.0017891298
2141,1,-174.17366,-31.029617,-6.4730067,44.576633,-0.0017985962,-0.0004944228
2142,1,-237.78554,38.77163,21.484837,7.184829,-0.000106241125,0.00074667955
2143,1,264.06784,-3.8877795,6.6012983,11.543668,0.0072411285,-0.23260282
2144,1,157.53465,-3.5326521,4.557502,37.55305,0.17425907,-0.63401973
2145,1,75.18798,-0.039687835,6.1436534,34.414524,0.525198,-0.78961307
2146,1,-7.6001463,-14.133463,0.8235008,55.326378,0.9203052,-0.8137644
2147,1,-80.14907,10.20841,11.353439,33.334957,1.2648759,-0.685528
2148,1,-175.07329,-31.11417,-6.4297166,44.434578,1.5042177,-0.48052967
2149,1,-236.88287,38.852394,21.716307,6.9553394,1.6559993,-0.16116235
2150,1,265.19998,-3.890293,5.4982424,11.466451,-0.1061586,-0.47271898
2151,1,157.61397,-3.5719872,3.9169848,37.36452,0.37502843,-1.1633095
2152,1,75.72262,0.048494555,5.8370614,34.15981,1.0730234,-1.4566019
2153,1,-7.445271,-14.107222,0.5744636,55.15789,1.8613677,-1.4704473
2154,1,-79.588394,10.302101,11.215079,32.904778,2.6396291,-1.2361791
2155,1,-173.45403,-31.144348,-6.4693146,44.421886,3.192792,-0.8514815
2156,1,-237.674,39.024715,21.872883,7.1071177,3.1554072,-0.30394167
2157,1,265.48203,-3.966938,3.8907144,11.327887,-0.18026519,-0.5910995
2158,1,158.34607,-3.483674,3.0248446,37.151653,0.54413235,-1.5068935
2159,1,76.21678,0.091327496,5.214351,33.936317,1.6282645,-1.8495381
2160,1,-6.6966124,-14.019833,0.18485814,54.875576,2.82968,-1.8607744
2161,1,-78.4798,10.4365635,10.930999,32.627525,3.8589108,-1.4381994
2162,1,-173.72943,-31.426004,-6.955447,44.18698,4.671272,-0.97935015
2163,1,-237.84131,39.523617,22.65082,6.67061,5.2103148,-0.34800404
2164,1,266.905,-4.012485,2.0637305,11.321089,-0.4860814,-0.6286035
2165,1,158.44116,-3.472064,1.8062567,37.13755,0.8511937,-1.5417957
2166,1,77.05793,0.28962573,4.550629,33.8521,2.2619553,-1.8788258
2167,1,-6.1146564,-13.979849,-0.56145126,55.056633,3.8166516,-1.8009725
2168,1,-76.89081,10.525883,10.3126,32.17512,5.3358006,-1.299237
2169,1,-170.24901,-31.956684,-7.7206435,44.635506,6.5439734,-0.51312315
2170,1,-236.27388,39.940308,20.745478,7.104017,7.3036714,0.022604782
2171,1,266.69034,-4.0238924,-0.17626335,11.439837,-0.5598704,-0.44455278
2172,1,158.75679,-3.2546313,0.7891529,37.62639,1.0243928,-1.1888753
2173,1,78.22113,0.45830733,3.361035,34.729855,2.7301054,-1.3895994
2174,1,-3.5857277,-13.651542,-1.6305588,55.777546,4.196521,-1.3084921
2175,1,-71.72408,10.69113,8.826869,33.24344,5.379431,-0.5851547
2176,1,-166.22202,-31.868464,-10.252405,45.739285,5.9277787,-0.15283936
2177,1,-233.20442,40.843586,20.373291,6.93041,5.754005,-0.063209265
2178,1,264.21536,-3.5225239,-0.19744118,12.837327,-0.8761025,-0.1535294
2179,1,156.01268,-3.106308,-0.60275704,39.67138,0.88076717,-0.31439215
2180,1,74.85239,0.5849756,2.4385283,37.90481,1.1113276,-0.6996929
2181,1,-6.052028,-12.3073225,-2.733808,57.638752,2.3182797,-0.26953137
2182,1,-77.609055,10.150855,6.051842,36.91326,1.9438808,-0.1407261
2183,1,-171.24365,-27.931774,-9.039389,46.156532,1.8647617,-0.25482172
2184,1,-240.80519,36.191856,15.578012,8.760764,4.4926286,0.4895195
2185,1,234.10286,-0.33322793,-0.25048453,16.802439,0.20010392,0.049633127
2186,1,143.88411,3.1141438,1.8345001,31.63371,0.07846919,0.28876978
2187,1,61.530884,-6.0502343,-2.180388,53.59111,-0.9135405,0.1731428
2188,1,-4.766639,7.8360558,3.9116993,41.248478,-0.7221305,0.26201028
2189,1,-81.1393,-15.305166,-5.2234797,56.543648,-1.2392291,0.2074132
2190,1,-151.2285,21.328596,8.707931,26.301634,-1.8287635,-0.26627025
2191,1,-219.82193,-28.3786,-11.664405,15.593199,-0.10735227,0.112961516
2192,1,237.80167,-0.19562201,1.1978056,15.854114,1.5774212,0.2706673
2193,1,148.18924,3.1815667,2.4532769,28.755651,-0.472925,0.6049723
2194,1,65.98907,-6.780702,-1.3861272,51.72231,-1.4689277,0.80519265
2195,1,1.197488,8.139997,5.256873,37.91882,-2.4930708,0.60388756
2196,1,-75.93027,-17.30336,-5.3543572,55.374184,-3.1293948,0.47139236
2197,1,-144.13484,23.619394,11.322994,23.321337,-3.573509,0.0030480165
2198,1,-211.84746,-31.785831,-11.585981,15.335046,-5.3962035,-0.18094952
2199,1,237.86703,-0.25028014,2.3382957,15.574236,0.979115,0.37795627
2200,1,148.62158,3.1347804,3.6988292,27.913027,-0.104363084,0.9146389
2201,1,65.76206,-7.0002317,-0.42982566,50.657097,-1.5033331,1.0994291
2202,1,-0.07670808,8.021189,6.4866652,36.596756,-2.6568766,0.996002
2203,1,-77.15643,-17.617643,-4.112241,54.27196,-3.731999,0.6522112
2204,1,-146.24448,23.533823,12.102812,22.451221,-4.5981517,0.33490357
2205,1,-212.89105,-31.401012,-9.2568245,14.58425,-5.071968,0.17494036
2206,1,237.3605,-0.31117767,3.9001431,15.503811,0.8689608,0.39307064
2207,1,147.99495,3.11374,4.6807737,27.801256,-0.07029538,0.92751503
2208,1,65.237274,-6.9245205,0.5251354,50.203384,-1.0411613,1.1510198
2209,1,-1.1777028,7.8847423,7.18803,36.411057,-2.0310428,1.0398507
2210,1,-79.22955,-17.35757,-3.1833491,53.60792,-2.9606943,0.8603061
2211,1,-147.89566,23.119839,13.099339,22.270393,-3.7453973,0.44345927
2212,1,-213.64424,-31.005802,-8.877324,14.602249,-4.4639573,0.107259005
2213,1,236.05217,-0.33624208,5.2343464,15.498952,0.45641303,0.29319915
2214,1,147.62294,3.1907904,5.564343,27.846375,-0.008636069,0.73857534
2215,1,64.633675,-6.9036827,1.1119027,50.190845,-0.69557416,0.9207402
2216,1,-1.8487788,7.914613,7.749452,36.364147,-1.3897033,0.8862609
2217,1,-79.71193,-17.22941,-2.652575,53.590714,-2.0221717,0.7178648
2218,1,-149.11646,23.014849,13.350183,22.17514,-2.486893,0.48632365
2219,1,-213.6636,-30.600573,-7.9794745,14.253718,-2.806939,0.20584743
2220,1,235.83156,-0.34521472,5.994575,15.556795,0.23681857,0.1715114
2221,1,147.09076,3.1772864,6.1034365,27.963333,-0.015518468,0.4053987
2222,1,64.36721,-6.816387,1.5479192,50.210842,-0.34489343,0.513376
2223,1,-2.3323593,7.8819404,8.024031,36.51917,-0.69008875,0.49240395
2224,1,-80.439384,-17.12512,-2.3418417,53.517376,-1.0248985,0.43193352
2225,1,-149.04283,22.923382,13.611037,22.311398,-1.2986515,0.28381577
2226,1,-213.37291,-30.473776,-8.137482,14.431417,-1.4473555,0.1034477
2227,1,235.23051,-0.34226155,6.3744802,15.550279,-0.0027853353,-0.006493603
2228,1,147.14177,3.2228947,6.303715,27.992426,0.0040021157,0.005121899
2229,1,64.17376,-6.835406,1.648243,50.267406,-0.0033700012,-0.0022420974
2230,1,-2.4030542,7.914166,8.145722,36.51899,0.00173925,0.0021613648
2231,1,-80.388145,-17.122568,-2.2499738,53.615486,-0.0019119381,-0.00082020514
2232,1,-149.7457,22.888311,13.619036,22.278528,0.0003792076,0.0011415442
2233,1,-213.46368,-30.409126,-7.938805,14.24816,-0.0005354385,-0.0006692746
2234,1,235.82771,-0.34293333,6.000726,15.55477,-0.2334921,-0.17485416
2235,1,147.09206,3.1753452,6.097987,27.962357,0.017777864,-0.4010689
2236,1,64.36752,-6.8174214,1.550974,50.210644,0.3423705,-0.5137257
2237,1,-2.332518,7.881153,8.022595,36.519756,0.69081193,-0.4905463
2238,1,-80.43962,-17.12557,-2.3406222,53.517433,1.022977,-0.43194976
2239,1,-149.04428,22.922712,13.610571,22.312315,1.2984531,-0.2826466
2240,1,-213.37444,-30.473526,-8.137123,14.431658,1.4466982,-0.10381559
2241,1,236.05434,-0.33733153,5.228163,15.498565,-0.45356375,-0.29053792
2242,1,147.62321,3.1893704,5.56507,27.846087,0.0085370885,-0.73775834
2243,1,64.63462,-6.904588,1.1109564,50.19038,0.69588244,-0.9186615
2244,1,-1.8493145,7.912771,7.7503204,36.36546,1.3885585,-0.88580644
2245,1,-79.71211,-17.229374,-2.6521738,53.590614,2.021867,-0.716865
2246,1,-149.11966,23.012291,13.349824,22.17731,2.4859746,-0.4859921
2247,1,-213.66623,-30.597324,-7.978194,14.253462,2.8065355,-0.20575915
2248,1,237.36314,-0.31016368,3.9002578,15.503789,-0.8692453,-0.39316487
2249,1,147.99622,3.1118178,4.678176,27.802282,0.07108194,-0.9259104
2250,1,65.23822,-6.924515,0.52599734,50.202866,1.0407466,-1.1501025
2251,1,-1.1783392,7.8825417,7.1876435,36.41304,2.0308132,-1.0388858
2252,1,-79.229836,-17.357267,-3.182047,53.607567,2.9602327,-0.85983366
2253,1,-147.90025,23.116173,13.098344,22.273508,3.7450128,-0.44302857
2254,1,-213.64815,-31.001328,-8.87515,14.602098,4.4637647,-0.10693788
2255,1,237.87044,-0.24956802,2.337416,15.574093,-0.9786758,-0.37753946
2256,1,148.62256,3.1329412,3.6979003,27.914324,0.10407337,-0.91431606
2257,1,65.76342,-6.999684,-0.42957795,50.656612,1.5034189,-1.0986269
2258,1,-0.07776716,8.0187845,6.486509,36.59923,2.6567597,-0.9955763
2259,1,-77.15639,-17.61681,-4.1110168,54.27119,3.731965,-0.6517648
2260,1,-146.24968,23.529135,12.101683,22.45511,4.59826,-0.3347072
2261,1,-212.89514,-31.394688,-9.254249,14.583557,5.072147,-0.17517194
2262,1,237.8054,-0.19341753,1.1987395,15.854094,-1.5774976,-0.27066255
2263,1,148.19073,3.1785994,2.4519546,28.756977,0.4730592,-0.60468733
2264,1,65.990364,-6.779155,-1.3851941,51.721855,1.4689615,-0.80499434
2265,1,1.1974484,8.137133,5.2562294,37.92114,2.4932964,-0.60356474
2266,1,-75.929726,-17.302225,-5.3530574,55.373775,3.1296322,-0.47122645
2267,1,-144.13855,23.615421,11.321592,23.324581,3.5739434,-0.0031045047
2268,1,-211.85094,-31.781158,-11.583672,15.334886,5.3965163,0.18138824
2269,1,234.1071,-0.33000723,-0.2490909,16.802261,-0.20015144,-0.04950149
2270,1,143.88605,3.1102445,1.8328439,31.63549,-0.078424975,-0.2888294
2271,1,61.532784,-6.0474873,-2.1789353,53.5902,0.9136209,-0.17296483
2272,1,-4.7661986,7.8321447,3.9104886,41.25145,0.72225505,-0.2619974
2273,1,-81.1382,-15.302639,-5.2221417,56.54268,1.2393935,-0.20733799
2274,1,-151.231,21.32358,8.706422,26.30503,1.8288461,0.26630595
2275,1,-219.82428,-28.37278,-11.662198,15.592797,0.10776841,-0.11335129
2276,1,205.95285,3.8257763,1.7696884,12.595505,1.5625331,0.09287504
2277,1,126.65665,-4.7316904,-2.026137,41.66794,-0.24264748,0.0528084
2278,1,56.82749,7.6658936,3.0125906,40.31998,0.06411951,0.19544643
2279,1,-10.531918,-9.021954,-3.5457017,59.12842,-0.5737143,0.1499868
2280,1,-72.14378,13.667944,5.3013296,38.41388,-0.6514214,-0.043747097
2281,1,-136.07689,-17.632784,-7.019853,40.53995,-0.17789963,0.1615728
2282,1,-194.66235,21.955555,9.508521,10.203393,-2.4815555,-0.12024504
2283,1,210.19049,4.012874,2.3029757,11.259572,1.6752104,0.11513742
2284,1,131.33093,-5.215338,-1.4651059,39.89763,0.53204495,0.38703012
2285,1,62.454224,8.020733,3.8892806,37.234802,-0.60046816,0.41000724
2286,1,-5.2526603,-10.160721,-3.4646173,57.539394,-1.1784315,0.42382485
2287,1,-65.72191,14.762412,6.7728057,35.28884,-1.8006847,0.19213003
2288,1,-130.01381,-19.879707,-7.511442,39.417946,-2.544236,0.037518475
2289,1,-188.51491,24.133131,10.2599,8.991514,-2.6079252,0.030708844
2290,1,211.05505,3.9862857,3.4500644,10.979667,2.013545,0.22778165
2291,1,132.11594,-5.328009,-0.5762733,38.962296,0.51699567,0.5473653
2292,1,62.93717,7.954711,4.843064,35.8425,-0.5375988,0.6316218
2293,1,-4.8082476,-10.425081,-2.626054,56.304768,-1.5633786,0.5778761
2294,1,-66.132416,14.754117,7.6037273,33.906906,-2.3850253,0.40658534
2295,1,-129.75587,-19.955923,-6.4087095,38.287735,-3.179584,0.14993168
2296,1,-186.74286,24.086088,11.076786,8.756287,-4.603052,-0.061234016
2297,1,210.08922,4.0646405,4.764799,10.808047,1.3845981,0.21333072
2298,1,131.75403,-5.3152237,0.36150202,38.520943,0.5717033,0.572455
2299,1,62.34063,7.8453794,5.573126,35.45151,-0.37669176,0.67097306
2300,1,-5.8768783,-10.3075905,-1.7565007,55.48687,-1.2575195,0.6470918
2301,1,-67.248856,14.492994,8.2782,33.5291,-2.1011255,0.44202107
2302,1,-131.2113,-19.552383,-5.6696954,37.65351,-2.8442976,0.2938354
2303,1,-188.1747,23.69374,12.015663,8.396791,-3.3176262,0.12382523
2304,1,209.3829,4.0605655,5.6946406,10.826896,0.98826087,0.1885374
2305,1,131.16771,-5.3054037,1.1041594,38.379314,0.38178298,0.4636949
2306,1,61.809,7.8799124,6.1991754,35.263123,-0.23953852,0.5491006
2307,1,-6.3776755,-10.239066,-1.2549143,55.26794,-0.8712766,0.53038925
2308,1,-68.23953,14.46595,8.74588,33.276634,-1.437647,0.42245805
2309,1,-131.70323,-19.401758,-5.026115,37.405125,-1.9620903,0.2577903
2310,1,-187.5602,23.477182,11.979445,8.486535,-2.4838595,0.055256665
2311,1,208.57103,4.1036305,6.49484,10.784032,0.44581065,0.09253457
2312,1,130.90274,-5.249858,1.5869404,38.330894,0.19620262,0.2533193
2313,1,61.457584,7.8743043,6.5233974,35.27774,-0.120920084,0.30908743
2314,1,-6.8163605,-10.147934,-0.8869634,55.120605,-0.4463729,0.30663845
2315,1,-68.46819,14.4252615,8.999226,33.301834,-0.7519577,0.23781812
2316,1,-132.17409,-19.25461,-4.8111124,37.23384,-1.0018977,0.17331395
2317,1,-188.01653,23.357119,12.306989,8.289972,-1.1680303,0.069336206
2318,1,208.57307,4.0783653,6.6190796,10.829743,0.0019262591,0.0042891167
2319,1,130.71803,-5.257114,1.7528647,38.337883,-0.0017986512,-0.00286135
2320,1,61.357384,7.902953,6.67803,35.255672,0.0016059879,0.002697001
2321,1,-6.8926873,-10.141264,-0.8100622,55.143208,-0.0016981076,-0.0012501349
2322,1,-68.81744,14.434066,9.0993185,33.24265,0.00072091125,0.0014266614
2323,1,-132.13441,-19.243065,-4.6554017,37.25283,-0.00084017456,-0.00071226293
2324,1,-187.47696,23.340399,12.156184,8.437233,0.00014848419,0.0008859028
2325,1,208.5721,4.102163,6.4911184,10.785108,-0.44662878,-0.089924164
2326,1,130.90155,-5.248625,1.5896678,38.330402,-0.19649233,-0.25493306
2327,1,61.458324,7.873333,6.521505,35.27784,0.12177967,-0.30647418
2328,1,-6.816699,-10.147959,-0.8855468,55.120537,0.44481072,-0.3072323
2329,1,-68.46859,14.424676,8.998562,33.302452,0.7522189,-0.23623638
2330,1,-132.17528,-19.254404,-4.8105106,37.233913,1.0009422,-0.17382044
2331,1,-188.01756,23.356895,12.306819,8.290056,1.1681235,-0.06856209
2332,1,209.38255,4.0604277,5.6968946,10.8267,-0.9878754,-0.18934488
2333,1,131.16852,-5.3050365,1.103036,38.378822,-0.38100746,-0.46236715
2334,1,61.80886,7.8787785,6.199522,35.26386,0.2389887,-0.54874
2335,1,-6.377395,-10.238943,-1.2547127,55.267456,0.8712884,-0.5292942
2336,1,-68.24087,14.4644575,8.745884,33.278275,1.4369754,-0.42218834
2337,1,-131.70518,-19.400349,-5.0253677,37.404785,1.961899,-0.25728858
2338,1,-187.56247,23.474884,11.978643,8.487118,2.4838512,-0.055114087
2339,1,210.09167,4.0629644,4.762358,10.808482,-1.3838477,-0.2125803
2340,1,131.75502,-5.3140097,0.3624753,38.520363,-0.5717683,-0.57194215
2341,1,62.34067,7.843524,5.572289,35.45293,0.37684748,-0.67019826
2342,1,-5.876527,-10.306874,-1.7556237,55.486137,1.2572613,-0.6465044
2343,1,-67.25071,14.490706,8.27774,33.531544,2.1009436,-0.4415198
2344,1,-131.21407,-19.549957,-5.6683455,37.65291,2.8441455,-0.2935772
2345,1,-188.17776,23.690243,12.014319,8.397491,3.3177786,-0.123912185
2346,1,211.05743,3.9846516,3.4498913,10.980371,-2.0137155,-0.22781572
2347,1,132.11755,-5.3262677,-0.57606685,38.96186,-0.5166896,-0.5468586
2348,1,62.937252,7.95249,4.842385,35.844387,0.53756815,-0.6311562
2349,1,-4.8076215,-10.423899,-2.6251554,56.30382,1.563418,-0.57742065
2350,1,-66.13439,14.751397,7.6030917,33.90995,2.385103,-0.40627643
2351,1,-129.75867,-19.952826,-6.407191,38.286793,3.179744,-0.14974837
2352,1,-186.74635,24.081581,11.075101,8.757339,4.603316,0.06153117
2353,1,210.19379,4.0097413,2.3013642,11.260239,-1.6750672,-0.114980064
2354,1,131.33261,-5.212501,-1.4639264,39.89726,-0.5320149,-0.38686743
2355,1,62.454803,8.017771,3.8881605,37.23686,0.60060054,-0.4097473
2356,1,-5.2517977,-10.158884,-3.4635606,57.538593,1.1785259,-0.42353645
2357,1,-65.72315,14.759603,6.771937,35.29173,1.8009154,-0.19201653
2358,1,-130.016,-19.876925,-7.509995,39.41731,2.544451,-0.03731851
2359,1,-188.51778,24.12953,10.258445,8.992352,2.6083555,-0.03097242
2360,1,205.95639,3.8213623,1.767953,12.596425,-1.5624411,-0.0930072
2361,1,126.6587,-4.7274446,-2.0243835,41.667297,0.24266149,-0.05267397
2362,1,56.828396,7.6617966,3.0109997,40.322666,-0.0640244,-0.19540901
2363,1,-10.530775,-9.018897,-3.5442755,59.12715,0.5737629,-0.14987044
2364,1,-72.14451,13.664158,5.3000283,38.417236,0.6514869,0.04378165
2365,1,-136.07823,-17.629179,-7.018376,40.539036,0.1781539,-0.16157694
2366,1,-194.6646,21.951157,9.50677,10.204402,2.4814827,0.12052498
2367,1,178.01555,-7.062701,-2.7303176,16.092018,0.578223,-0.05622345
2368,1,111.927025,8.174511,3.1403418,31.149519,0.73532015,0.123008
2369,1,47.31928,-7.2057505,-3.1012032,54.844143,-0.08298341,0.0823017
2370,1,-8.830443,10.522031,3.8479338,43.337864,-0.011119337,0.03784698
2371,1,-66.33067,-11.008676,-4.605367,54.289215,-0.106522165,0.16393521
2372,1,-118.35999,15.136126,6.0462556,28.831314,-0.93798417,-0.09867438
2373,1,-170.45383,-16.579554,-7.329608,15.0468645,-0.105357714,0.03925693
2374,1,182.62779,-7.6658764,-2.5827658,15.279938,2.8779438,0.1313312
2375,1,117.033485,8.702364,4.000479,28.45122,0.9161189,0.19013014
2376,1,52.438683,-8.006362,-3.0505097,53.150623,0.2951172,0.28940704
2377,1,-2.9783885,11.168868,4.8011875,40.21695,-0.39957848,0.22339824
2378,1,-60.98955,-12.415374,-4.8708463,52.77648,-0.9083493,0.1616571
2379,1,-112.91146,16.531359,6.895566,26.26578,-1.3157122,0.04230209
2380,1,-164.55028,-18.103382,-6.7247233,14.374098,-3.373284,-0.036929373
2381,1,183.54736,-7.6212354,-1.4558399,14.897269,2.4353378,0.12488491
2382,1,118.03708,8.656439,4.73828,27.416588,1.390348,0.3270835
2383,1,53.579895,-8.215649,-2.3166127,51.83705,0.243416,0.3958733
2384,1,-2.3467183,11.165219,5.54606,38.66806,-0.56815374,0.33900163
2385,1,-60.040398,-12.634268,-4.1925063,51.428867,-1.4052837,0.21350153
2386,1,-111.85328,16.5684,7.4610124,25.218708,-2.3290973,0.0839602
2387,1,-163.37805,-18.247143,-6.450687,13.904887,-2.8934326,0.06496823
2388,1,182.8884,-7.7285285,-0.66839635,14.729941,2.218887,0.16778027
2389,1,117.58774,8.609383,5.593274,27.003922,1.1414605,0.34056467
2390,1,52.95461,-8.161758,-1.5307323,51.03995,0.2873394,0.41114396
2391,1,-2.9572778,10.973788,6.1331806,38.083622,-0.574144,0.35212412
2392,1,-61.06574,-12.396685,-3.466566,50.555378,-1.3249116,0.2784135
2393,1,-112.66006,16.221788,8.035432,24.726479,-2.0452929,0.11778545
2394,1,-163.06203,-17.870268,-5.7483144,13.730772,-3.1541328,0.0064185415
2395,1,182.01099,-7.6577554,0.38684103,14.585133,1.3942767,0.103259034
2396,1,117.03183,8.616325,6.212261,26.79828,0.8179289,0.2654607
2397,1,52.56218,-8.133162,-1.0118351,50.735065,0.18710911,0.33594587
2398,1,-3.6573942,10.964096,6.6357517,37.741825,-0.39233348,0.3027624
2399,1,-61.58051,-12.318245,-2.9882715,50.205273,-0.97683835,0.22499867
2400,1,-113.201096,16.165722,8.3488,24.452435,-1.4987221,0.14360833
2401,1,-163.86554,-17.706394,-5.1634126,13.474262,-1.8873578,0.07769404
2402,1,181.54285,-7.696937,0.77078176,14.591838,0.71559995,0.068666376
2403,1,116.75709,8.60692,6.632996,26.7465,0.4048533,0.14883994
2404,1,52.20911,-8.066513,-0.6411552,50.550888,0.09786018,0.18543208
2405,1,-3.9021401,10.938912,6.8739204,37.666473,-0.21519452,0.16833183
2406,1,-62.05471,-12.207422,-2.690173,49.976208,-0.49627638,0.14116564
2407,1,-113.472664,16.070189,8.621472,24.369028,-0.76093954,0.07869095
2408,1,-163.21982,-17.599108,-5.086675,13.516975,-1.0693822,0.019974664
2409,1,181.31487,-7.648921,1.0956746,14.53208,-0.0010998418,-0.0026788604
2410,1,116.60151,8.61766,6.761904,26.710941,0.00087318534,0.0024337592
2411,1,52.1614,-8.06489,-0.55265856,50.541733,-0.0010846828,-0.0014942132
2412,1,-4.111961,10.957568,6.998002,37.60242,0.0007069106,0.0016319149
2413,1,-62.063232,-12.202645,-2.603116,49.966522,-0.0008305833,-0.000827732
2414,1,-113.56528,16.083664,8.636829,24.303007,0.0003266453,0.0010011795
2415,1,-163.82959,-17.578962,-4.886625,13.379018,-6.7850604e-05,-0.00077744195
2416,1,181.54214,-7.6957765,0.77277493,14.591005,-0.7148695,-0.070149526
2417,1,116.757744,8.605547,6.6313047,26.746943,-0.40484333,-0.1467112
2418,1,52.208714,-8.065705,-0.6398156,50.550694,-0.09862295,-0.18643385
2419,1,-3.9019933,10.938217,6.8730783,37.666916,0.2155651,-0.16651368
2420,1,-62.055397,-12.207137,-2.6894584,49.976162,0.4954466,-0.14178535
2421,1,-113.47343,16.069832,8.621148,24.369371,0.7611575,-0.07749116
2422,1,-163.22078,-17.599005,-5.086547,13.517003,1.0693874,-0.020583978
2423,1,182.01239,-7.6570477,0.38539344,14.585244,-1.3944961,-0.10247074
2424,1,117.03173,8.615353,6.2126665,26.798885,-0.8182223,-0.26546925
2425,1,52.562603,-8.132465,-1.0117414,50.734543,-0.18694568,-0.3351048
2426,1,-3.6578982,10.963027,6.635677,37.743046,0.39189655,-0.3025067
2427,1,-61.581264,-12.317441,-2.987779,50.204826,0.9768037,-0.22438471
2428,1,-113.20292,16.16435,8.34843,24.453466,1.4985678,-0.14347084
2429,1,-163.86726,-17.704903,-5.1627693,13.47407,1.887546,-0.07762119
2430,1,182.88951,-7.726382,-0.66632503,14.729685,-2.2190564,-0.16791031
2431,1,117.58862,8.607468,5.5920696,27.005056,-1.1412514,-0.34016904
2432,1,52.955067,-8.160302,-1.5298775,51.039173,-0.2875022,-0.4106663
2433,1,-2.957857,10.9719715,6.132682,38.08551,0.57412523,-0.35170653
2434,1,-61.066753,-12.395138,-3.4656894,50.55462,1.3248411,-0.27804297
2435,1,-112.66252,16.219473,8.034683,24.728025,2.045398,-0.11756155
2436,1,-163.06447,-17.867788,-5.7473035,13.73051,3.1543827,-0.0061700665
2437,1,183.54976,-7.6187677,-1.4555387,14.897026,-2.4352293,-0.1246087
2438,1,118.038155,8.65388,4.7375054,27.418116,-1.3904383,-0.32683608
2439,1,53.58066,-8.213565,-2.3157103,51.836105,-0.24333833,-0.39554563
2440,1,-2.3472328,11.162931,5.5453157,38.670486,0.56819254,-0.3386572
2441,1,-60.041306,-12.632258,-4.191426,51.427837,1.4053781,-0.21324256
2442,1,-111.85592,16.56562,7.4600544,25.220678,2.329317,-0.08376921
2443,1,-163.38066,-18.244062,-6.449376,13.904457,2.8938885,-0.06508654
2444,1,182.63019,-7.661865,-2.5807223,15.279796,-2.8779724,-0.13139585
2445,1,117.03508,8.698741,3.9988928,28.452961,-0.9160528,-0.19000266
2446,1,52.43966,-8.003438,-3.0492394,53.14971,-0.29505968,-0.28914985
2447,1,-2.9785347,11.166122,4.8002214,40.21953,0.39969432,-0.22324993
2448,1,-60.99011,-12.413148,-4.869791,52.775562,0.9084814,-0.16143866
2449,1,-112.913635,16.528797,6.8946075,26.267729,1.3160249,-0.04228614
2450,1,-164.55264,-18.100893,-6.7237773,14.3737955,3.3735573,0.037169836
2451,1,178.01831,-7.056993,-2.7281835,16.091728,-0.57834584,0.05639384
2452,1,111.9288,8.169313,3.1382709,31.151804,-0.735201,-0.12304727
2453,1,47.320477,-7.201367,-3.0994127,54.842793,0.08295885,-0.08219248
2454,1,-8.830377,10.518205,3.8464475,43.341118,0.011194927,-0.037794054
2455,1,-66.33079,-11.005572,-4.6040173,54.287903,0.10661799,-0.16387367
2456,1,-118.361626,15.13294,6.045034,28.833666,0.93798375,0.098709464
2457,1,-170.4555,-16.576511,-7.32827,15.046453,0.10569595,-0.039448604
2458,1,151.85582,10.931776,4.29071,11.712634,1.9744239,0.118322045
2459,1,94.339096,-9.329932,-3.6477604,41.00079,0.26206738,-0.010971613
2460,1,41.78153,9.987317,3.6271396,41.07231,0.4857761,0.072311305
2461,1,-10.266671,-8.355712,-3.545922,58.634064,0.17639188,0.1387091
2462,1,-56.95713,11.299433,4.2182355,40.364475,-0.19103359,-0.07077819
2463,1,-102.34181,-11.049555,-4.8221846,39.747555,0.17309326,0.10779172
2464,1,-143.99536,12.456044,5.614126,11.601477,-1.7852435,-0.030493496
2465,1,156.71184,11.918296,5.602937,10.478086,2.787658,-0.0015593278
2466,1,99.25574,-10.209108,-3.835026,39.415928,1.7890556,0.17971936
2467,1,47.331074,10.595607,4.6085296,38.078197,0.8529033,0.1868727
2468,1,-5.3380237,-9.307045,-3.6610851,56.864292,0.35027325,0.1493557
2469,1,-51.767807,12.136107,4.9990554,37.46053,-0.2066368,0.0980655
2470,1,-97.48806,-12.311433,-4.794908,38.091225,-1.1555768,0.0040020514
2471,1,-139.57971,13.337208,5.169056,10.440608,-1.7876872,0.0026656755
2472,1,157.58522,11.754765,5.992832,10.17755,3.5569355,0.13057198
2473,1,100.337135,-10.3109665,-2.8645663,38.349537,2.0533185,0.22937514
2474,1,48.06481,10.600606,5.297926,36.538555,1.0866597,0.21385863
2475,1,-4.244071,-9.518085,-3.0537467,55.467384,0.18453449,0.19467856
2476,1,-50.8452,12.166997,5.57089,35.95197,-0.58848363,0.09737762
2477,1,-96.36789,-12.461101,-4.3986945,37.016815,-1.4272805,0.029998755
2478,1,-137.32924,13.6042185,6.1936984,10.096538,-3.0181417,-0.0394553
2479,1,156.79323,11.897088,7.3815613,9.905993,2.7363195,0.055564705
2480,1,99.598915,-10.305892,-2.1911943,37.75633,1.7891068,0.20305824
2481,1,47.672737,10.483893,5.937759,35.93188,0.87348557,0.22840486
2482,1,-4.939483,-9.399454,-2.3703346,54.49453,0.08958117,0.18636507
2483,1,-51.344387,11.936101,6.047221,35.312916,-0.7215746,0.100845285
2484,1,-96.61129,-12.172483,-3.7873492,36.356667,-1.5368636,0.046387095
2485,1,-138.0737,13.208352,6.4162335,9.80413,-2.144534,0.023477526
2486,1,156.03838,11.772336,7.793491,9.892662,1.8881929,0.07046477
2487,1,99.31804,-10.261996,-1.5398977,37.473305,1.2198439,0.16033195
2488,1,47.097168,10.468711,6.430202,35.555336,0.6062433,0.16671348
2489,1,-5.339715,-9.335263,-1.9408851,54.08628,-0.004901325,0.15150875
2490,1,-51.94506,11.912739,6.4311714,34.925377,-0.53923255,0.09546893
2491,1,-97.20863,-12.097817,-3.3242447,36.009045,-1.0856433,0.042315997
2492,1,-137.64297,13.161167,6.7544136,9.767677,-1.7921152,-0.010938141
2493,1,155.75313,11.836819,8.430425,9.780797,0.9371207,0.024528496
2494,1,98.86889,-10.240732,-1.2027811,37.308395,0.6169476,0.079618484
2495,1,46.946835,10.461996,6.698664,35.44695,0.30032063,0.093682684
2496,1,-5.713571,-9.2601185,-1.6398029,53.834507,0.004054285,0.08288569
2497,1,-52.208652,11.871252,6.645032,34.798996,-0.2993834,0.05150305
2498,1,-97.31536,-11.975236,-3.1029322,35.815712,-0.5784254,0.03418456
2499,1,-138.43521,13.043323,6.9953628,9.622736,-0.7900195,0.016861454
2500,1,155.43501,11.765766,8.429552,9.831659,0.00032682598,0.0019368466
2501,1,98.93626,-10.2172575,-1.0567793,37.286987,-0.0007080944,-0.0014707753
2502,1,46.73746,10.464563,6.81525,35.37541,0.0004158903,0.0015244271
2503,1,-5.7529616,-9.246666,-1.571015,53.80237,-0.0006184583,-0.0008991946
2504,1,-52.364716,11.884501,6.726929,34.72485,0.00035001343,0.0010926363
2505,1,-97.51904,-11.986836,-2.9779322,35.78278,-0.00024310374,-0.00065855385
2506,1,-137.75473,13.067829,6.983035,9.691665,0.0002590086,0.0008152025
2507,1,155.75374,11.835598,8.429064,9.781412,-0.9381568,-0.023193447
2508,1,98.86853,-10.2394705,-1.2015842,37.308,-0.6172938,-0.0806536
2509,1,46.947155,10.460959,6.697783,35.447414,-0.30025014,-0.09206954
2510,1,-5.71392,-9.259503,-1.6390773,53.83436,-0.0046309037,-0.08359036
2511,1,-52.208977,11.870783,6.644613,34.799446,0.29961407,-0.050173227
2512,1,-97.31616,-11.975008,-3.1026175,35.81564,0.57824016,-0.03481331
2513,1,-138.43597,13.04328,6.9953203,9.6228285,0.7904915,-0.016075175
2514,1,156.03856,11.771015,7.7941036,9.89278,-1.8883073,-0.07072003
2515,1,99.318665,-10.260812,-1.5398692,37.47293,-1.2198985,-0.15979476
2516,1,47.09703,10.467568,6.430015,35.556343,-0.6065976,-0.16655953
2517,1,-5.339813,-9.334398,-1.9404873,54.085766,0.004921295,-0.15097024
2518,1,-51.946056,11.911743,6.4309096,34.92653,0.53908366,-0.095256686
2519,1,-97.20992,-12.096874,-3.3237967,36.00866,1.085812,-0.041994244
2520,1,-137.64458,13.160174,6.754001,9.767964,1.7925154,0.011050848
2521,1,156.7949,11.894296,7.379493,9.906493,-2.7365842,-0.05533727
2522,1,99.59966,-10.303627,-2.1899347,37.755753,-1.7893718,-0.20279579
2523,1,47.67284,10.481935,5.9369726,35.933464,-0.8734941,-0.22814457
2524,1,-4.9396167,-9.397879,-2.3695838,54.493675,-0.08967862,-0.18598002
2525,1,-51.345654,11.934392,6.0467,35.314682,0.72164446,-0.10059111
2526,1,-96.61306,-12.170785,-3.786589,36.35602,1.5370392,-0.046151523
2527,1,-138.07585,13.206641,6.415616,9.804553,2.145047,-0.023550637
2528,1,157.58678,11.751291,5.9922123,10.178206,-3.5571768,-0.1306482
2529,1,100.338486,-10.307813,-2.863511,38.348766,-2.0533187,-0.2291968
2530,1,48.06506,10.597918,5.296915,36.540657,-1.0867232,-0.21360096
2531,1,-4.244025,-9.515905,-3.0527241,55.46624,-0.18449704,-0.19443348
2532,1,-50.84652,12.164867,5.570104,35.95423,0.5886345,-0.09714696
2533,1,-96.36969,-12.459039,-4.3977585,37.015945,1.4275892,-0.029855141
2534,1,-137.3317,13.602137,6.192768,10.097134,3.018591,0.039652023
2535,1,156.7141,11.913234,5.6004896,10.478773,-2.787851,0.0017043492
2536,1,99.257256,-10.204811,-3.8331344,39.41517,-1.7890812,-0.1795953
2537,1,47.33165,10.592154,4.60713,38.080547,-0.8528864,-0.1867718
2538,1,-5.3377867,-9.304334,-3.6599631,56.863125,-0.35022232,-0.1491357
2539,1,-51.768837,12.133847,4.9982247,37.462967,0.2068177,-0.09797228
2540,1,-97.4896,-12.309497,-4.794102,38.090405,1.1557871,-0.0038723033
2541,1,-139.58195,13.335626,5.1685305,10.441198,1.7882357,-0.0027949626
2542,1,151.85803,10.92456,4.288095,11.713645,-1.9743028,-0.11851664
2543,1,94.34086,-9.323605,-3.6453164,40.999622,-0.2622064,0.011083721
2544,1,41.78218,9.982381,3.625143,41.075428,-0.48568445,-0.072296746
2545,1,-10.266168,-8.351825,-3.5443325,58.632374,-0.17639562,-0.13863
2546,1,-56.95795,11.2964115,4.2169857,40.36757,0.19107737,0.07081528
2547,1,-102.34274,-11.047175,-4.8211575,39.74647,-0.1728948,-0.10777475
2548,1,-143.99715,12.4541235,5.613174,11.602275,1.7852569,0.03064296
2549,1,126.183815,-14.749928,-5.4242268,15.664347,0.9371627,-0.11724792
2550,1,78.90163,12.441606,4.708933,30.251724,1.1353136,0.15107904
2551,1,32.732468,-9.474678,-3.5762675,55.048546,0.6050414,0.08084329
2552,1,-6.770032,9.061639,3.5872777,44.464596,0.35877314,-0.050524306
2553,1,-50.183693,-8.287987,-3.5480626,52.763462,0.37462458,0.14336243
2554,1,-85.30512,9.6633625,4.0097723,31.047323,-0.43280378,-0.08583688
2555,1,-117.49978,-8.427504,-4.1015015,15.293636,-0.27216825,0.002216616
2556,1,131.3288,-16.223024,-6.099401,14.988503,4.1624346,0.16746543
2557,1,84.36928,13.432653,6.3588157,27.534811,2.3469036,0.13432814
2558,1,37.349598,-10.312696,-3.6968367,53.251484,1.6457418,0.10711812
2559,1,-1.7725729,9.616255,4.4445186,41.430904,0.9829569,0.09636372
2560,1,-45.831715,-9.251428,-3.4942768,50.819595,0.3161605,-0.0045215264
2561,1,-81.29295,10.387492,4.272985,28.507408,-0.3314225,-0.020247955
2562,1,-113.33194,-8.952507,-2.9699576,14.378225,-2.4019785,-0.028059393
2563,1,131.56581,-15.9927025,-4.1185064,14.489635,4.1895375,0.021088354
2564,1,84.38049,13.42511,6.912632,26.42576,2.9270291,0.12163967
2565,1,37.97133,-10.492273,-2.90443,51.86414,1.8254179,0.13575168
2566,1,-1.3675907,9.6425085,5.1242456,39.798176,0.991685,0.033422846
2567,1,-45.055107,-9.405249,-3.008958,49.42634,0.06966674,-0.022891961
2568,1,-80.011375,10.518925,4.9027934,27.39855,-1.024648,-0.07973512
2569,1,-112.35113,-9.274498,-3.2428303,13.989155,-1.8796072,-0.021220246
2570,1,130.40363,-16.188635,-3.8233879,14.368234,3.450824,0.07875903
2571,1,83.96766,13.403226,7.824288,25.92761,2.3942451,0.10295754
2572,1,37.17727,-10.417579,-2.2376814,50.965427,1.4914708,0.07394289
2573,1,-1.798699,9.534465,5.612328,39.070385,0.6007949,0.019792506
2574,1,-45.391712,-9.190513,-2.441728,48.575394,-0.17776975,-0.038446486
2575,1,-80.36894,10.270312,5.248458,26.882526,-0.9578422,-0.07219994
2576,1,-111.86657,-8.896407,-2.3191442,13.773928,-2.1257606,-0.04600441
2577,1,130.27625,-16.001919,-2.8118813,14.151682,2.3382328,0.017500222
2578,1,83.264015,13.360635,8.257051,25.624187,1.6103654,0.042389613
2579,1,36.97818,-10.325212,-1.7882652,50.576946,0.9659283,0.048298366
2580,1,-2.2604225,9.539796,5.9911795,38.65245,0.39898118,0.0021717253
2581,1,-45.83811,-9.109557,-2.0625286,48.160156,-0.21146917,-0.03378437
2582,1,-80.56167,10.262971,5.589044,26.595806,-0.7960132,-0.047063135
2583,1,-112.83114,-8.886136,-1.9819913,13.595883,-1.2592771,-0.007827168
2584,1,129.54073,-16.064533,-2.6427627,14.168102,1.1529572,0.010765437
2585,1,83.37366,13.381783,8.594978,25.53497,0.82862747,0.015523053
2586,1,36.609547,-10.2733345,-1.508686,50.330086,0.5003775,0.015350008
2587,1,-2.5260115,9.535134,6.1923413,38.507526,0.1720273,-0.0010532561
2588,1,-46.107265,-9.011397,-1.8232908,47.931286,-0.11591169,-0.015828665
2589,1,-80.97154,10.190603,5.813619,26.47701,-0.40038067,-0.02699452
2590,1,-112.35377,-8.764577,-1.6932669,13.582951,-0.7534147,-0.016668838
2591,1,129.84334,-15.979519,-2.3798223,14.088062,-0.00066534476,-0.0013027466
2592,1,82.91346,13.345362,8.682292,25.476442,6.613241e-05,0.0012715992
2593,1,36.629013,-10.249694,-1.4256824,50.30625,-0.0004729834,-0.00088073855
2594,1,-2.6280167,9.545837,6.2740626,38.434162,0.00021975058,0.0010424409
2595,1,-46.202717,-9.005537,-1.7492564,47.88994,-0.00026385416,-0.000620802
2596,1,-80.86244,10.219486,5.857457,26.424622,0.00026880193,0.00079070474
2597,1,-113.07584,-8.794699,-1.5897825,13.506385,0.0002178988,-0.000647809
2598,1,129.54066,-16.063137,-2.641661,14.16772,-1.1531651,-0.011649094
2599,1,83.37403,13.380457,8.594074,25.535517,-0.8290202,-0.014339388
2600,1,36.60938,-10.272322,-1.5079622,50.32978,-0.50084394,-0.016049443
2601,1,-2.5260725,9.53444,6.1918592,38.50804,-0.17194904,0.0022798341
2602,1,-46.10772,-9.010986,-1.8229038,47.931156,0.11569677,0.015277725
2603,1,-80.97208,10.190409,5.813456,26.4773,0.40076023,0.027988775
2604,1,-112.354515,-8.764628,-1.6932644,13.582894,0.75386786,0.016093269
2605,1,130.27711,-16.000015,-2.811918,14.151601,-2.3389115,-0.017233398
2606,1,83.264175,13.3590355,8.256717,25.624962,-1.6108149,-0.042356603
2607,1,36.978424,-10.323946,-1.7878337,50.576385,-0.9660361,-0.047914557
2608,1,-2.2609048,9.538788,5.990864,38.653587,-0.39918244,-0.0019579295
2609,1,-45.8387,-9.108722,-2.0621274,48.15972,0.21156469,0.034128655
2610,1,-80.56286,10.26224,5.588801,26.596525,0.796246,0.047219336
2611,1,-112.832504,-8.885567,-1.9817114,13.595734,1.259841,0.007865527
2612,1,130.40453,-16.185165,-3.821245,14.367989,-3.4511824,-0.07875307
2613,1,83.96844,13.400465,7.822912,25.928782,-2.3944082,-0.102855384
2614,1,37.17762,-10.415425,-2.2367554,50.964558,-1.4917054,-0.07362033
2615,1,-1.7992473,9.532802,5.6117306,39.072132,-0.6008001,-0.019585064
2616,1,-45.392494,-9.189056,-2.4410963,48.574654,0.17784682,0.03874799
2617,1,-80.37048,10.269019,5.248016,26.883636,0.958189,0.072352566
2618,1,-111.8685,-8.895392,-2.3188038,13.773691,2.1263053,0.046207577
2619,1,131.56758,-15.988081,-4.1174235,14.489225,-4.189792,-0.020922804
2620,1,84.38146,13.421221,6.911254,26.427418,-2.9272892,-0.12151766
2621,1,37.971996,-10.489157,-2.9032009,51.862885,-1.8254855,-0.13555363
2622,1,-1.3681598,9.640256,5.123302,39.800488,-0.991662,-0.033193436
2623,1,-45.05575,-9.403321,-3.0080876,49.425312,-0.069524676,0.023099424
2624,1,-80.0131,10.5173855,4.902175,27.400013,1.0249931,0.07989231
2625,1,-112.353226,-9.273274,-3.2422428,13.988807,1.8802581,0.021171922
2626,1,131.33029,-16.21678,-6.096328,14.988189,-4.162484,-0.16757333
2627,1,84.37075,13.427624,6.356535,27.53663,-2.347035,-0.13428563
2628,1,37.350403,-10.308726,-3.6952424,53.25012,-1.645811,-0.10693394
2629,1,-1.7729748,9.613617,4.4434395,41.433483,-0.9828874,-0.09623576
2630,1,-45.832226,-9.249286,-3.4934695,50.81854,-0.31603003,0.004682993
2631,1,-81.29447,10.38612,4.2724853,28.509024,0.33176675,0.020319726
2632,1,-113.33403,-8.951769,-2.9698703,14.377893,2.4023795,0.028209187
2633,1,126.18557,-14.740815,-5.4209704,15.663727,-0.93747556,0.117502965
2634,1,78.90316,12.434232,4.7060833,30.254349,-1.1351868,-0.15116192
2635,1,32.73359,-9.468883,-3.5740685,55.046444,-0.60516316,-0.080749616
2636,1,-6.7705727,9.057956,3.5856707,44.46805,-0.3587076,0.05057246
2637,1,-50.183746,-8.285134,-3.546886,52.761967,-0.37454802,-0.14331026
2638,1,-85.30637,9.661694,4.0089893,31.049501,0.4328446,0.085869245
2639,1,-117.501366,-8.42668,-4.100949,15.293202,0.27252877,-0.0023189788
2640,1,102.02395,19.466894,7.5790186,10.940301,2.7372634,0.26500124
2641,1,59.91545,-15.029043,-4.9245224,42.595005,1.1543316,-0.032872386
2642,1,30.708542,8.570788,3.967738,41.60737,0.94382995,0.009628372
2643,1,-7.8333206,-8.879308,-2.9710262,57.12941,0.9661799,0.16157277
2644,1,-39.214188,6.7953463,3.302375,41.421387,0.37550214,-0.17070498
2645,1,-70.29734,-7.233455,-3.0629928,38.56918,0.37363473,0.030099923
2646,1,-89.648735,5.3461747,3.0174751,12.507872,-1.2857512,-0.02206381
2647,1,107.255936,21.507944,10.937572,9.4921255,4.7218103,-0.04572265
2648,1,64.33315,-16.35151,-5.6089892,41.045948,3.379751,0.13044429
2649,1,35.611267,9.09236,5.3835783,38.506165,2.5735297,0.123282276
2650,1,-4.3662953,-9.593931,-2.6252382,54.923847,1.86338,-0.063338295
2651,1,-35.693295,7.309896,3.8998952,38.564568,1.008483,-0.11900389
2652,1,-66.98291,-7.909297,-2.6021078,36.495533,-0.2078605,-0.18788183
2653,1,-86.874504,5.5227485,2.2109802,11.307309,-1.3807613,-0.074038185
2654,1,105.88604,21.124899,10.885006,9.28475,5.243269,0.115096286
2655,1,63.9231,-16.449045,-4.096276,39.906696,3.922533,0.10983225
2656,1,34.552586,9.140195,6.243778,36.818867,2.7393174,-0.04834607
2657,1,-4.718182,-9.65479,-1.9991705,53.50817,1.6041436,-0.14692701
2658,1,-35.326622,7.4458795,4.460394,37.128,0.6207092,-0.25234282
2659,1,-66.39089,-8.06777,-2.3677683,35.535027,-0.41755205,-0.21899809
2660,1,-85.42036,5.87227,3.5312443,10.980685,-1.9596541,-0.11210383
2661,1,105.348434,21.397022,12.685177,8.891815,4.244078,-0.02232474
2662,1,62.508575,-16.391264,-3.5154166,39.227512,2.9542513,-0.041484825
2663,1,34.11811,9.205298,6.795166,36.19892,1.9550362,-0.10661574
2664,1,-5.018673,-9.463248,-1.5298423,52.630287,1.1262457,-0.19750683
2665,1,-35.570274,7.334323,4.787207,36.501606,0.2360542,-0.24009208
2666,1,-66.25441,-7.8032637,-1.7880809,34.98907,-0.6614626,-0.21848837
2667,1,-86.213524,5.5119905,3.6594338,10.759844,-1.3795959,-0.08460407
2668,1,104.351974,21.183912,12.781871,8.922792,2.6061654,-0.040684544
2669,1,62.92589,-16.212456,-2.9989347,38.97418,2.003579,-0.075093806
2670,1,33.749355,9.209876,7.0776806,35.807346,1.3454223,-0.11915074
2671,1,-5.4236407,-9.349793,-1.2211677,52.233116,0.66982394,-0.16098726
2672,1,-35.892155,7.3537917,5.0617247,36.16589,0.0909835,-0.1901451
2673,1,-66.79166,-7.7598143,-1.4266953,34.70556,-0.49871305,-0.1627903
2674,1,-85.92166,5.5804515,4.2751484,10.709575,-1.2089651,-0.07772179
2675,1,105.11478,21.261099,13.1153965,8.801651,1.399614,-0.012275878
2676,1,62.155216,-16.230795,-2.8020332,38.78654,0.979236,-0.04407557
2677,1,33.52121,9.237078,7.259441,35.69779,0.635412,-0.07328436
2678,1,-5.6239114,-9.27656,-1.0500947,52.01486,0.33073258,-0.09156314
2679,1,-36.187416,7.3351665,5.2243977,36.032333,0.010812003,-0.10231761
2680,1,-66.79612,-7.65337,-1.1958023,34.571777,-0.29079074,-0.08449264
2681,1,-86.86651,5.4523563,4.476577,10.630276,-0.5220794,-0.03137463
2682,1,103.91543,21.16212,13.094167,8.84731,-0.00021215978,0.0009919438
2683,1,62.637863,-16.15212,-2.7506104,38.774704,-0.00045588255,-0.0008021354
2684,1,33.47358,9.222343,7.298001,35.62548,1.0594893e-05,0.0008947938
2685,1,-5.722693,-9.255784,-0.9936748,51.972855,-0.00026376548,-0.0005728392
2686,1,-36.211956,7.3530316,5.27374,35.981,0.0001901424,0.0007662617
2687,1,-67.06911,-7.6724544,-1.1029751,34.536266,7.659352e-05,-0.00048785316
2688,1,-86.237946,5.5205817,4.5988693,10.65845,0.00037435512,0.00062417873
2689,1,105.11516,21.259443,13.114304,8.802012,-1.4006371,0.013040722
2690,1,62.15529,-16.229355,-2.8012664,38.786133,-0.9798101,0.0434508
2691,1,33.521248,9.236086,7.258875,35.69837,-0.6356359,0.07426383
2692,1,-5.6240983,-9.275877,-1.0496529,52.014626,-0.33102927,0.091086835
2693,1,-36.18774,7.3348227,5.2241764,36.03277,-0.010596969,0.10328626
2694,1,-66.796616,-7.653215,-1.1956427,34.571682,0.29104602,0.08400477
2695,1,-86.867134,5.452512,4.476652,10.630403,0.52286124,0.032029755
2696,1,104.3523,21.18133,12.781256,8.9231415,-2.606758,0.040613987
2697,1,62.92646,-16.210411,-2.9983697,38.973648,-2.0039673,0.075297296
2698,1,33.74917,9.208496,7.077177,35.808422,-1.3457898,0.119304016
2699,1,-5.4237347,-9.348719,-1.2207086,52.232605,-0.66988224,0.16128494
2700,1,-35.892925,7.3531156,5.0614996,36.16686,-0.09090467,0.190381
2701,1,-66.79248,-7.7592473,-1.426419,34.70528,0.49910885,0.16300401
2702,1,-85.92297,5.5802436,4.2750483,10.709823,1.2096758,0.07784191
2703,1,105.34975,21.392836,12.682581,8.892215,-4.2446423,0.022370744
2704,1,62.50941,-16.38792,-3.5140033,39.226727,-2.9547553,0.041700564
2705,1,34.117966,9.203113,6.7942123,36.20052,-1.9552072,0.10673484
2706,1,-5.0187945,-9.461504,-1.5291272,52.62948,-1.1263679,0.197824
2707,1,-35.571228,7.3332095,4.7868276,36.503067,-0.23588549,0.240306
2708,1,-66.25557,-7.80226,-1.7876552,34.988613,0.6618467,0.21871255
2709,1,-86.21521,5.511596,3.6593537,10.760206,1.3803779,0.084567815
2710,1,105.88737,21.1189,10.883172,9.285536,-5.24362,-0.11520046
2711,1,63.924538,-16.444122,-4.0946927,39.905365,-3.922696,-0.10968765
2712,1,34.552467,9.1370325,6.242387,36.821102,-2.7395205,0.04852125
2713,1,-4.718007,-9.652247,-1.9981364,53.50695,-1.6042037,0.14717695
2714,1,-35.327747,7.4444447,4.4597497,37.12997,-0.6205282,0.2525656
2715,1,-66.392006,-8.066534,-2.3672047,35.534344,0.4179689,0.21917437
2716,1,-85.42243,5.8718534,3.5309167,10.981207,1.9603297,0.11225079
2717,1,107.257576,21.50044,10.933613,9.492755,-4.722102,0.045888774
2718,1,64.33466,-16.345343,-5.6063085,41.044556,-3.3799365,-0.13033353
2719,1,35.611374,9.088566,5.3818035,38.508575,-2.5735734,-0.12314435
2720,1,-4.3661823,-9.590803,-2.6241715,54.922512,-1.8633908,0.063537434
2721,1,-35.6942,7.3084445,3.8992674,38.56682,-1.0083125,0.11917972
2722,1,-66.984,-7.9081316,-2.601747,36.494835,0.2081684,0.18799806
2723,1,-86.87652,5.5228715,2.2112088,11.30789,1.3814284,0.07398147
2724,1,102.02538,19.45553,7.5750046,10.941527,-2.7369995,-0.26534766
2725,1,59.9177,-15.01981,-4.9212866,42.59257,-1.1546323,0.033041198
2726,1,30.708214,8.565344,3.965404,41.61083,-0.94374686,-0.009594904
2727,1,-7.8327904,-8.874929,-2.969447,57.12736,-0.96619827,-0.16150083
2728,1,-39.21535,6.7934227,3.301322,41.424435,-0.3754338,0.17079197
2729,1,-70.297874,-7.232108,-3.0623903,38.56824,-0.3734396,-0.030077888
2730,1,-89.65052,5.346493,3.0172424,12.508722,1.2858611,0.022157285
2731,1,76.292694,-26.845469,-8.509549,18.19765,1.9501402,-0.2692853
2732,1,47.747303,13.757962,6.0181904,30.308933,1.9569781,0.3139072
2733,1,20.886951,-13.218001,-2.9051135,57.742123,2.2431946,0.20516881
2734,1,4.5754523,0.55753165,3.1842682,44.990623,1.395955,-0.2932211
2735,1,-35.0673,-9.868945,-2.6298828,47.809814,0.95220745,-0.03132701
2736,1,-52.31772,3.803158,2.6615953,31.41422,0.12478202,-0.25036198
2737,1,-63.23004,-3.4432497,-1.9559494,14.032377,-0.3969357,-0.08626614
2738,1,80.879654,-29.834497,-10.459218,17.817158,6.582951,0.34572604
2739,1,52.802933,14.873049,9.626693,26.926113,5.2935476,0.3002893
2740,1,22.250954,-13.8217535,-2.2141864,55.23802,4.050513,-0.12904552
2741,1,6.030456,0.8774009,3.9390934,41.906284,2.686534,-0.35529444
2742,1,-33.72306,-10.433749,-2.4457798,45.518417,1.4329921,-0.4963124
2743,1,-50.31004,4.191108,2.752034,29.056635,0.3678205,-0.37154594
2744,1,-60.77815,-3.4575078,-0.26330897,12.995881,-1.5758492,-0.17560866
2745,1,77.76561,-29.305698,-6.1253576,16.936321,7.134352,-0.025814928
2746,1,48.462852,15.045084,10.550514,25.439962,4.858817,-0.14878999
2747,1,19.798977,-13.641378,-1.4542137,54.005917,3.2788599,-0.37334347
2748,1,5.24685,1.0269363,4.298333,40.596313,2.102727,-0.5483483
2749,1,-33.873222,-10.55495,-2.2120054,44.341526,0.95955193,-0.5561399
2750,1,-49.637794,4.3696933,3.3629541,28.161856,-0.24512099,-0.47962824
2751,1,-60.898563,-3.8056722,-0.31851622,12.724584,-1.212884,-0.18438572
2752,1,75.65636,-29.51649,-6.218695,16.951096,4.1665645,-0.15502247
2753,1,49.038593,15.333837,11.087914,25.16896,3.3370247,-0.31031507
2754,1,19.773935,-13.495768,-1.3750185,53.335297,2.3815567,-0.39849997
2755,1,5.008797,1.0054941,4.432731,40.005867,1.3963106,-0.5042694
2756,1,-33.87298,-10.376679,-1.9401075,43.723866,0.5204718,-0.5233422
2757,1,-49.879986,4.164753,3.611957,27.77967,-0.31131223,-0.42152786
2758,1,-60.581448,-3.4467757,0.80206794,12.552685,-1.3830881,-0.17506091
2759,1,78.016556,-29.234062,-6.140746,16.751307,3.142951,-0.042502094
2760,1,48.325966,15.156085,11.025571,24.883545,2.2211165,-0.21925718
2761,1,19.313772,-13.354925,-1.2594421,53.027515,1.4922184,-0.33155203
2762,1,4.7287965,0.99963975,4.4749484,39.71523,0.8731753,-0.37467316
2763,1,-34.253338,-10.323206,-1.741024,43.41444,0.24413137,-0.38318598
2764,1,-49.97505,4.1892824,3.9382415,27.599953,-0.35742652,-0.30605885
2765,1,-61.609184,-3.541328,1.1487528,12.474578,-0.8127972,-0.11716304
2766,1,75.450096,-29.313795,-6.1973515,16.71938,1.3190917,-0.062288575
2767,1,48.631714,15.241312,10.943425,24.827528,1.0310999,-0.12387707
2768,1,19.30558,-13.349354,-1.2930317,52.848633,0.71847856,-0.16442981
2769,1,4.5020742,1.0096747,4.503148,39.594196,0.39568928,-0.20106533
2770,1,-34.349583,-10.253963,-1.635351,43.26968,0.099578045,-0.19761345
2771,1,-50.36755,4.1214485,4.120134,27.5227,-0.1844422,-0.16022359
2772,1,-61.253418,-3.3964715,1.59997,12.45411,-0.5165568,-0.06497157
2773,1,78.0004,-29.175388,-6.3413672,16.692131,-0.0005894743,-0.000710693
2774,1,48.309147,15.156151,10.917508,24.760832,-0.00025046384,0.00072052446
2775,1,19.191572,-13.295593,-1.2978011,52.806404,-0.00032932992,-0.00048708817
2776,1,4.499533,1.0021638,4.504036,39.550232,6.650211e-05,0.00069721905
2777,1,-34.488552,-10.251127,-1.5921193,43.230465,-4.337052e-06,-0.0004171985
2778,1,-50.244938,4.1592207,4.17921,27.498194,0.00029301931,0.00056143827
2779,1,-61.963802,-3.4785228,1.6465932,12.430182,0.0004343283,-0.00046228542
2780,1,75.45032,-29.311771,-6.1963854,16.719122,-1.3198599,0.06180508
2781,1,48.63189,15.239829,10.942654,24.828081,-1.031775,0.1245582
2782,1,19.305592,-13.348239,-1.2924988,52.848164,-0.71898437,0.1640693
2783,1,4.5017343,1.0092611,4.5029044,39.59475,-0.39565694,0.20192917
2784,1,-34.349766,-10.253557,-1.6350799,43.26962,-0.09948727,0.19723369
2785,1,-50.367992,4.121404,4.1201043,27.523,0.18498981,0.16095787
2786,1,-61.25399,-3.3967028,1.5999076,12.454082,0.51735497,0.064527765
2787,1,78.01711,-29.230604,-6.140043,16.750921,-3.1438339,0.042550694
2788,1,48.32636,15.153707,11.024615,24.884422,-2.221817,0.21931656
2789,1,19.313967,-13.353106,-1.2587492,53.026714,-1.4925386,0.33179337
2790,1,4.72806,0.99899524,4.474714,39.716362,-0.8732719,0.3749313
2791,1,-34.253593,-10.322386,-1.7406111,43.414227,-0.24391785,0.38341013
2792,1,-49.975945,4.1890087,3.938173,27.60063,0.35790566,0.30622792
2793,1,-61.610172,-3.5413907,1.1488166,12.47452,0.81369144,0.11718259
2794,1,75.657425,-29.511452,-6.216573,16.950838,-4.167444,0.15507042
2795,1,49.039055,15.3302555,11.086143,25.170141,-3.3374894,0.31030244
2796,1,19.77416,-13.493015,-1.3739157,53.33417,-2.3819869,0.3988163
2797,1,5.0078793,1.0045222,4.4323764,40.007526,-1.3963066,0.5045153
2798,1,-33.873344,-10.37536,-1.9395286,43.723545,-0.5202938,0.5236127
2799,1,-49.881092,4.1642466,3.61183,27.780647,0.31182873,0.42169562
2800,1,-60.582962,-3.446813,0.8020135,12.552622,1.3838971,0.17523055
2801,1,77.76792,-29.297731,-6.1238904,16.93529,-7.134546,0.026004244
2802,1,48.4638,15.039638,10.548145,25.441818,-4.8594737,0.14884204
2803,1,19.799593,-13.637138,-1.4526398,54.004074,-3.2792132,0.3736632
2804,1,5.245588,1.025522,4.2976136,40.59865,-2.1027768,0.54865
2805,1,-33.873302,-10.553098,-2.211176,44.340935,-0.95938593,0.5564091
2806,1,-49.639202,4.369176,3.362686,28.163242,0.24559242,0.47980624
2807,1,-60.900127,-3.8058562,-0.31845832,12.724424,1.21372,0.18439849
2808,1,80.88091,-29.825346,-10.454853,17.816545,-6.5827007,-0.3459062
2809,1,52.804485,14.866697,9.623135,26.927721,-5.293611,-0.30017433
2810,1,22.251408,-13.816394,-2.2124205,55.235867,-4.050845,0.12932023
2811,1,6.029444,0.875963,3.9382675,41.90893,-2.6865356,0.3556164
2812,1,-33.723175,-10.431516,-2.445108,45.51782,-1.4328424,0.49652332
2813,1,-50.311237,4.190823,2.751917,29.058277,-0.36743376,0.3716783
2814,1,-60.779957,-3.458227,-0.26389247,12.995733,1.5764773,0.17573504
2815,1,76.29451,-26.830648,-8.5048685,18.19589,-1.9504887,0.269824
2816,1,47.748608,13.748405,6.01458,30.311811,-1.9567626,-0.31399933
2817,1,20.88801,-13.210301,-2.9028792,57.738426,-2.2432976,-0.20504951
2818,1,4.5729446,0.5556498,3.1828437,44.994305,-1.39592,0.29341993
2819,1,-35.06652,-9.866132,-2.628924,47.80896,-0.95212156,0.031365287
2820,1,-52.319267,3.8028965,2.6611793,31.416399,-0.12467246,0.2504364
2821,1,-63.23139,-3.444402,-1.9560162,14.032228,0.39731905,0.08621117
2822,1,53.698597,35.447197,13.553699,10.655721,5.948043,1.0272099
2823,1,20.703434,-25.681595,-3.5790186,59.69033,5.2357507,0.23917356
2824,1,47.187122,-13.574918,3.1875765,44.922523,2.8674974,-0.6911673
2825,1,-3.762732,-18.973316,-2.6186154,47.66411,1.7442026,-0.25590566
2826,1,-15.900566,-4.064993,2.2948835,39.111286,0.8709875,-0.5062515
2827,1,-42.11326,-8.378121,-2.1102433,29.375517,0.4569264,-0.23324661
2828,1,-36.957207,1.3947499,1.8706791,11.932805,-0.6062034,-0.10110946
2829,1,56.33676,39.69579,25.963049,7.3851147,11.422784,0.05301005
2830,1,16.132519,-26.712412,-3.8663037,56.801357,7.313052,-0.33000106
2831,1,42.715637,-13.72744,3.532667,41.710014,4.791885,-1.0037967
2832,1,-6.842038,-19.478268,-2.9632444,45.259724,2.842532,-1.0639622
2833,1,-17.009289,-3.7794943,2.2568202,36.748024,1.5587572,-0.8396048
2834,1,-41.55317,-8.69389,-1.8129495,27.441496,0.27373776,-0.72176
2835,1,-36.134815,1.3560972,1.4011757,11.010339,-0.97548294,-0.26754645
2836,1,45.561665,39.37955,25.265331,7.3584914,6.04958,-0.45347515
2837,1,11.888687,-26.247517,-3.7046094,56.571476,4.7638507,-0.8752088
2838,1,41.258465,-13.847676,2.7685506,40.98256,3.239739,-0.9749972
2839,1,-7.726047,-19.847347,-3.2050118,44.30703,2.0117548,-1.095422
2840,1,-16.915415,-3.7617211,2.2066042,35.76952,0.94721097,-1.000978
2841,1,-41.355473,-8.934746,-1.7540598,26.731705,-0.040987574,-0.7391246
2842,1,-35.707172,1.6684539,2.851457,10.777477,-1.3057886,-0.31068712
2843,1,52.299847,39.687523,23.717592,7.2288265,4.444092,-0.121198475
2844,1,12.78983,-26.543524,-4.8287826,56.210617,3.2940612,-0.5434276
2845,1,41.061405,-13.905353,2.2176526,40.595264,2.3265955,-0.8376489
2846,1,-7.7389464,-19.886002,-3.5621066,43.797398,1.3882746,-0.87920856
2847,1,-17.071093,-4.0163007,2.1711762,35.32205,0.55023,-0.83906054
2848,1,-41.303986,-8.782439,-1.339513,26.393698,-0.28041866,-0.6517115
2849,1,-36.56786,1.3276994,3.199649,10.65593,-0.9108585,-0.25485462
2850,1,48.178963,39.323967,22.888014,7.052205,2.7059815,-0.20081754
2851,1,12.475129,-26.319286,-5.515616,55.935265,1.9807492,-0.3918257
2852,1,40.87707,-14.055876,1.6810652,40.415092,1.3756725,-0.5203384
2853,1,-7.973992,-19.88533,-3.7567987,43.524544,0.8066577,-0.61927295
2854,1,-17.207106,-4.075497,2.1348257,35.122986,0.26829907,-0.5818401
2855,1,-41.705647,-8.828331,-1.0854489,26.215887,-0.24751893,-0.4576347
2856,1,-36.460056,1.4533675,3.991952,10.620806,-0.85728455,-0.1836261
2857,1,51.886265,39.433407,22.044048,7.126812,1.260811,-0.046617515
2858,1,12.752684,-26.398624,-5.9870214,55.795456,0.956793,-0.18180151
2859,1,40.841457,-13.999911,1.3510029,40.273193,0.66355383,-0.27084967
2860,1,-7.9714165,-19.894138,-3.9139986,43.40708,0.37795323,-0.30094218
2861,1,-17.409168,-4.1230755,2.1346257,35.005524,0.104370214,-0.29953548
2862,1,-41.721092,-8.755651,-0.89850336,26.158436,-0.16681975,-0.23003352
2863,1,-37.23417,1.2970114,4.207209,10.589639,-0.3630812,-0.09136129
2864,1,48.98599,39.25559,22.01167,6.9937506,-0.00044285078,0.00061427895
2865,1,12.750492,-26.293306,-6.1389923,55.733772,-0.00053307443,-0.00030589633
2866,1,40.81427,-14.059341,1.2560549,40.26395,-3.7591915e-05,0.0006228319
2867,1,-8.051909,-19.866177,-3.9626696,43.34918,-4.068324e-05,-0.00034647706
2868,1,-17.399265,-4.1217647,2.1257095,34.99075,0.00020062312,0.0004679049
2869,1,-41.939964,-8.792238,-0.8405406,26.124157,0.00026845429,-0.00034965633
2870,1,-36.802044,1.4038218,4.422218,10.596455,0.0004837211,0.0004111213
2871,1,51.886433,39.431126,22.04287,7.1269083,-1.2622099,0.047018725
2872,1,12.753138,-26.396412,-5.986149,55.794502,-0.9575938,0.18168515
2873,1,40.840595,-14.000153,1.350758,40.27397,-0.6636837,0.2716737
2874,1,-7.971106,-19.893497,-3.9136398,43.407093,-0.37798777,0.30056462
2875,1,-17.409737,-4.123231,2.1345603,35.00591,-0.10400155,0.3001941
2876,1,-41.72126,-8.755545,-0.8983879,26.158585,0.16736683,0.22960605
2877,1,-37.234604,1.2972809,4.2073865,10.5897455,0.36416012,0.09182354
2878,1,48.180313,39.319687,22.886395,7.0524597,-2.7070463,0.20091765
2879,1,12.475601,-26.315084,-5.514167,55.93365,-1.9815087,0.3921265
2880,1,40.875565,-14.056331,1.6807768,40.416615,-1.3758938,0.5205384
2881,1,-7.973396,-19.884144,-3.756148,43.5245,-0.80657285,0.6194669
2882,1,-17.208204,-4.0758142,2.1347277,35.12388,-0.26800644,0.58198243
2883,1,-41.705914,-8.828034,-1.0851964,26.216063,0.24812266,0.45774877
2884,1,-36.46098,1.4536954,3.992119,10.621047,0.85823756,0.18371168
2885,1,52.300735,39.682163,23.714334,7.228564,-4.4451494,0.12112437
2886,1,12.790791,-26.537806,-4.826522,56.20862,-3.2948718,0.54368305
2887,1,41.059353,-13.905919,2.2174313,40.597458,-2.3266656,0.8379236
2888,1,-7.7381625,-19.884256,-3.561247,43.797443,-1.3882898,0.8794145
2889,1,-17.072472,-4.016848,2.1711001,35.3233,-0.5499257,0.83927935
2890,1,-41.30441,-8.781825,-1.3392007,26.39401,0.28098944,0.6518689
2891,1,-36.568974,1.3280514,3.1999593,10.656228,0.91188174,0.25483182
2892,1,45.565456,39.369675,25.261059,7.359195,-6.051176,0.45330036
2893,1,11.889527,-26.238379,-3.7013042,56.568027,-4.764588,0.8757299
2894,1,41.25528,-13.848926,2.7679002,40.985966,-3.2400513,0.97534704
2895,1,-7.724361,-19.84475,-3.2036266,44.30675,-2.0118387,1.0957971
2896,1,-16.917547,-3.7622664,2.2062378,35.771297,-0.94693375,1.0012689
2897,1,-41.355556,-8.934067,-1.7536314,26.732016,0.04151321,0.73928034
2898,1,-35.708725,1.6692206,2.8516462,10.777935,1.3066616,0.31080124
2899,1,56.341213,39.68636,25.95498,7.384136,-11.422211,-0.052624658
2900,1,16.134233,-26.701145,-3.8623211,56.79735,-7.3142343,0.33038026
2901,1,42.712616,-13.728338,3.5317726,41.713654,-4.7921944,1.0044751
2902,1,-6.840211,-19.474607,-2.9620085,45.259453,-2.8426268,1.0643896
2903,1,-17.011326,-3.7799387,2.256435,36.750202,-1.5585929,0.839824
2904,1,-41.55325,-8.693161,-1.812729,27.441895,-0.27334377,0.72191215
2905,1,-36.136246,1.3574445,1.4019033,11.0109005,0.97624475,0.2675167
2906,1,53.700912,35.42941,13.547326,10.656226,-5.9465876,-1.0280641
2907,1,20.707022,-25.664948,-3.5757098,59.6823,-5.2360506,-0.23887858
2908,1,47.179737,-13.575392,3.185979,44.927517,-2.867761,0.6916807
2909,1,-3.7589338,-18.968641,-2.617324,47.663757,-1.7441461,0.25596425
2910,1,-15.904213,-4.065413,2.2941694,39.11382,-0.87098914,0.5064266
2911,1,-42.11249,-8.3773575,-2.1099055,29.376366,-0.4567422,0.23325168
2912,1,-36.958828,1.3965963,1.870884,11.933454,0.6064974,0.10117579
2913,1,-0.38139722,-83.20804,-7.9423304,57.271782,11.679589,-1.498958
2914,1,68.217865,-48.191193,0.8167062,41.183407,3.885224,-1.8584703
2915,1,32.881844,-38.85075,-2.8883994,36.76037,2.045874,-0.95774573
2916,1,14.190723,-18.57826,1.4144918,37.764095,1.1521901,-0.8290584
2917,1,-13.026846,-17.385569,-2.022663,29.898354,0.62700486,-0.5417065
2918,1,-27.233526,-2.0309381,1.6609193,24.823042,0.10908716,-0.4384522
2919,1,-16.832369,-4.4946647,-1.3992366,8.092992,-0.5392804,-0.19939911
2920,1,-25.942064,-90.65606,-19.311169,57.166637,8.852738,-1.2406127
2921,1,49.685173,-50.66492,-2.7637005,38.12157,6.08437,-2.657515
2922,1,21.264393,-39.970528,-4.9769583,34.848232,3.0886574,-2.1752825
2923,1,7.1708555,-18.630796,0.36150202,35.727352,1.8899174,-1.5639886
2924,1,-16.530008,-17.77445,-2.578031,28.299515,0.9177819,-1.3327776
2925,1,-28.013273,-1.7898602,1.4907855,23.379063,0.15921977,-0.90473294
2926,1,-16.415213,-4.4776297,-0.107381485,7.354685,-1.0852811,-0.3786756
2927,1,-19.47274,-90.363106,-26.141432,58.217434,3.5316172,-0.4102443
2928,1,51.093082,-52.380985,-7.2027087,38.699085,2.9909132,-1.2323703
2929,1,21.373665,-41.282417,-6.7464294,34.22365,2.2575366,-1.800997
2930,1,7.1010976,-19.114576,-0.74015313,34.988495,1.2669263,-1.61159
2931,1,-16.401514,-18.196198,-3.0652018,27.48956,0.5690294,-1.2949039
2932,1,-27.684807,-1.7686005,1.762188,22.82964,-0.23881657,-1.0025376
2933,1,-16.951506,-4.793278,0.28671974,7.1906977,-0.90462637,-0.37949288
2934,1,-20.867517,-91.03691,-29.369331,57.49357,3.7949567,-0.3412077
2935,1,50.635983,-52.22171,-9.740699,38.101223,2.4132342,-0.85527533
2936,1,20.9675,-41.773567,-8.380748,33.994827,1.5522901,-1.0890436
2937,1,6.911614,-19.64203,-1.3915665,34.52876,0.9299359,-1.2288723
2938,1,-16.496346,-18.330887,-3.3213103,27.074793,0.27813223,-1.1052907
2939,1,-27.951725,-2.0517018,1.9059826,22.536638,-0.27368566,-0.8024933
2940,1,-17.16316,-4.523107,1.4683135,7.065245,-1.0631757,-0.3292193
2941,1,-18.608091,-90.383316,-31.302418,57.70967,1.5551573,-0.12407144
2942,1,51.023373,-52.6119,-11.322823,38.058994,1.3530488,-0.45349672
2943,1,21.271553,-41.6786,-9.379464,33.673283,0.95249385,-0.72908527
2944,1,6.8820987,-19.862875,-2.0271897,34.357895,0.5103832,-0.7658647
2945,1,-16.587885,-18.447674,-3.4131951,26.82036,0.121639,-0.73837817
2946,1,-28.058554,-2.0784798,2.1076117,22.405159,-0.31409234,-0.5723589
2947,1,-17.809027,-4.693496,1.8803039,7.0165706,-0.63690245,-0.2188547
2948,1,-18.833752,-90.58638,-32.296524,57.281372,1.1198279,-0.0882122
2949,1,51.186996,-52.291504,-12.161457,37.868763,0.69324756,-0.22607082
2950,1,21.211018,-41.870323,-9.944027,33.620518,0.45469362,-0.32112294
2951,1,6.89541,-19.850258,-2.329561,34.181522,0.24589139,-0.39134762
2952,1,-16.663418,-18.468452,-3.5265589,26.739481,0.031635143,-0.36640677
2953,1,-28.324804,-2.189978,2.2351754,22.308704,-0.16133139,-0.28196162
2954,1,-17.75602,-4.504983,2.4130068,6.9990683,-0.42312202,-0.11309523
2955,1,-18.030518,-90.227806,-32.5807,57.512474,-0.0008038262,-0.00017510288
2956,1,51.19969,-52.536545,-12.404205,37.88121,-4.9941427e-05,0.0006264635
2957,1,21.356428,-41.676697,-10.144205,33.52326,-5.552803e-05,-0.00023412317
2958,1,6.8465214,-19.954554,-2.4462833,34.192776,0.00015410961,0.00021823675
2959,1,-16.694881,-18.460701,-3.5322864,26.671858,0.0001478504,-0.00025269602
2960,1,-28.275333,-2.1400254,2.2755494,22.309725,0.00036636944,0.00022543942
2961,1,-18.131102,-4.6662664,2.4184787,6.9831977,0.00057111937,-0.00030698325
2962,1,-18.832262,-90.58038,-32.293953,57.280434,-1.1205399,0.088574715
2963,1,51.18524,-52.29112,-12.161843,37.87005,-0.69353807,0.22693573
2964,1,21.211784,-41.86964,-9.943706,33.620842,-0.4546407,0.32047603
2965,1,6.894748,-19.850529,-2.3296037,34.18197,-0.24573785,0.39200237
2966,1,-16.6633,-18.468197,-3.5264335,26.73984,-0.031209521,0.36575636
2967,1,-28.325165,-2.1900904,2.2352319,22.30886,0.1619985,0.28245968
2968,1,-17.756224,-4.5051026,2.4129913,6.999194,0.42415872,0.11268637
2969,1,-18.606339,-90.37115,-31.298111,57.707863,-1.5566235,0.124200605
2970,1,51.019768,-52.612514,-11.323299,38.06187,-1.3530831,0.45348293
2971,1,21.273224,-41.67702,-9.378579,33.6738,-0.9525604,0.72931606
2972,1,6.880692,-19.863356,-2.0275304,34.35889,-0.5101135,0.7656265
2973,1,-16.58756,-18.447386,-3.4126866,26.821032,-0.12129533,0.7384782
2974,1,-28.059258,-2.078564,2.1075783,22.405497,0.31478238,0.57231945
2975,1,-17.80942,-4.6939206,1.8803927,7.0168347,0.6380294,0.21883363
2976,1,-20.863827,-91.022354,-29.363014,57.49256,-3.7959244,0.341727
2977,1,50.63153,-52.221256,-9.740998,38.105007,-2.413498,0.8556946
2978,1,20.969635,-41.771812,-8.37998,33.995907,-1.552165,1.0886204
2979,1,6.909886,-19.64309,-1.3913311,34.530308,-0.9298661,1.229056
2980,1,-16.49597,-18.330076,-3.3209536,27.075672,-0.27772337,1.1053745
2981,1,-27.952606,-2.0521584,1.9060507,22.537249,0.27431569,0.80253875
2982,1,-17.163704,-4.5232887,1.4682634,7.0656,1.064167,0.32932502
2983,1,-19.468876,-90.33702,-26.13294,58.21348,-3.5331829,0.41091922
2984,1,51.08516,-52.38323,-7.203949,38.70586,-2.9908366,1.2319504
2985,1,21.37759,-41.280018,-6.743839,34.22483,-2.2578142,1.8013525
2986,1,7.0980887,-19.11542,-0.7406825,34.990395,-1.2668378,1.6120415
2987,1,-16.40047,-18.195335,-3.0644243,27.490955,-0.5687172,1.2949752
2988,1,-27.686043,-1.7687792,1.7621034,22.830244,0.23937507,1.002762
2989,1,-16.952002,-4.7940264,0.28667134,7.191266,0.9056488,0.37947908
2990,1,-25.930727,-90.6291,-19.300808,57.16521,-8.854762,1.2403492
2991,1,49.67559,-50.666004,-2.7638261,38.12891,-6.0853786,2.6589465
2992,1,21.269815,-39.965775,-4.974717,34.84932,-3.0893095,2.1763663
2993,1,7.167084,-18.63169,0.36080554,35.730003,-1.8898392,1.5642103
2994,1,-16.52837,-17.773003,-2.57728,28.301023,-0.91770977,1.3331449
2995,1,-28.014704,-1.7899543,1.4906901,23.380009,-0.15875329,0.90476567
2996,1,-16.415752,-4.4787908,-0.107946664,7.3552814,1.0860561,0.37879896
2997,1,-0.3711516,-83.15981,-7.936253,57.261284,-11.679065,1.5007759
2998,1,68.20273,-48.187714,0.8165051,41.192013,-3.8876877,1.8600267
2999,1,32.888756,-38.844193,-2.8874185,36.76236,-2.0453048,0.95797473
3000,1,14.185643,-18.578749,1.4140319,37.766685,-1.1527618,0.8293758
3001,1,-13.024634,-17.383808,-2.022242,29.90095,-0.6267173,0.541745
3002,1,-27.235209,-2.0309606,1.6608152,24.823788,-0.109039,0.43852824
3003,1,-16.83269,-4.496024,-1.3994584,8.094076,0.53959,0.19936424
3004,1,-29.212679,-124.659004,-13.958821,-24.624031,-4.4812036,-2.6158938
3005,1,83.159195,-64.36518,-1.1584232,13.215285,-0.54588604,-2.6797469
3006,1,21.434547,-35.960243,-1.0456713,19.338512,-0.30349937,-0.95017785
3007,1,23.018187,-28.804054,-1.2720098,22.497059,-0.08144178,-1.0316228
3008,1,-11.119898,-10.751619,0.7789093,21.96446,-0.09882111,-0.52117866
3009,1,-15.617908,-10.019968,-1.3526418,13.961014,-0.054278385,-0.5510509
3010,1,-2.9335163,2.8277817,1.9029114,6.229403,-0.32611504,-0.14366432
3011,1,-65.8156,-136.7106,-36.105972,-26.125277,-0.3568015,-1.6990271
3012,1,59.87644,-68.00029,-6.042218,13.152805,-0.71932286,-3.4744704
3013,1,7.8108068,-36.576687,-3.4101667,18.373743,0.021959314,-2.5075006
3014,1,14.594222,-29.566668,-2.981151,21.71423,-0.027773926,-1.6997361
3015,1,-15.49408,-10.531957,0.3670785,21.06122,-0.055098407,-1.465587
3016,1,-16.847984,-10.246395,-1.4958563,13.154405,-0.34538096,-0.94597167
3017,1,-2.9418871,2.972021,2.5080314,5.9182143,-0.7932759,-0.4311026
3018,1,-51.65807,-135.93095,-44.789505,-26.91341,1.600011,-0.32714784
3019,1,63.466915,-70.78212,-12.118734,12.117152,0.83141994,-1.2947072
3020,1,8.011168,-38.087234,-5.391458,17.629547,0.31643042,-2.0488062
3021,1,14.835812,-30.228348,-4.3541064,20.960512,0.17900392,-1.7525433
3022,1,-15.527474,-10.90876,-0.16423088,20.40173,-0.08983802,-1.3647344
3023,1,-16.72539,-10.3980255,-1.496231,12.677129,-0.41458216,-1.0760328
3024,1,-3.6545613,3.0456462,3.8000386,5.740722,-1.0834295,-0.37963498
3025,1,-57.519337,-137.17773,-48.293488,-26.661022,0.86022115,-0.45168358
3026,1,62.278744,-70.21855,-15.005523,11.984831,0.6601512,-0.96523666
3027,1,7.713645,-38.890366,-7.4226146,17.119888,0.40745038,-1.1379135
3028,1,14.414597,-30.730192,-5.0309196,20.491848,0.11172802,-1.3345329
3029,1,-15.609135,-11.19738,-0.5688287,19.989454,-0.13449103,-1.1661988
3030,1,-16.966736,-10.540672,-1.203715,12.384367,-0.49902138,-0.840844
3031,1,-4.084199,2.9816809,4.30203,5.643555,-0.83666646,-0.35234317
3032,1,-51.737934,-136.28816,-50.924927,-26.88102,1.1136649,-0.072222374
3033,1,63.08787,-70.79338,-16.80982,11.736013,0.5972905,-0.4631856
3034,1,8.004739,-38.773083,-8.576268,16.938734,0.3025821,-0.7952595
3035,1,14.589726,-30.929358,-5.769379,20.17231,0.08800893,-0.7990156
3036,1,-15.683091,-11.428152,-0.72582936,19.761078,-0.14019719,-0.7804238
3037,1,-17.164587,-10.496134,-1.0715492,12.188866,-0.37526014,-0.59838796
3038,1,-4.4722314,2.847873,5.1214957,5.5738554,-0.77331305,-0.22702801
3039,1,-54.406963,-136.59232,-51.643394,-26.636349,0.37207597,-0.11302102
3040,1,63.085094,-70.2841,-17.760452,11.691742,0.2960681,-0.24242489
3041,1,8.118987,-39.092636,-9.236855,16.772646,0.1609255,-0.3304449
3042,1,14.493014,-30.870153,-6.0961547,20.0614,0.035300396,-0.41923964
3043,1,-15.689962,-11.477877,-0.8866335,19.606848,-0.081614144,-0.38070565
3044,1,-17.305815,-10.592908,-0.9083642,12.1098585,-0.22517496,-0.29540026
3045,1,-4.706927,2.9312081,5.310783,5.536365,-0.3492923,-0.11780486
3046,1,-51.31331,-136.13184,-52.330475,-26.814884,-2.0194202e-05,-1.8570969e-05
3047,1,63.2331,-70.64424,-18.008215,11.643904,1.29068285e-05,-0.00036730085
3048,1,8.1661,-38.828655,-9.461907,16.773779,1.7751698e-05,0.00022173295
3049,1,14.578653,-30.993649,-6.2331514,19.983732,9.0272435e-05,-0.00056496606
3050,1,-15.740059,-11.497143,-0.9100562,19.590816,0.00022467795,0.0002594233
3051,1,-17.367172,-10.512774,-0.89175874,12.062008,0.00032959227,-0.00042948392
3052,1,-4.7456493,2.8053577,5.5740037,5.526663,0.00051176106,0.00025817085
3053,1,-54.40717,-136.59464,-51.64426,-26.632664,-0.37320435,0.113707155
3054,1,63.085297,-70.283516,-17.760529,11.692547,-0.29598796,0.24167982
3055,1,8.119054,-39.093582,-9.237258,16.7732,-0.16094175,0.33018887
3056,1,14.492986,-30.87004,-6.095921,20.061907,-0.035056688,0.4188912
3057,1,-15.690034,-11.478174,-0.8867854,19.606993,0.082008,0.38053977
3058,1,-17.305988,-10.592966,-0.90822136,12.110238,0.22585684,0.29507163
3059,1,-4.7069435,2.9313626,5.3109126,5.5363855,0.35043615,0.117964335
3060,1,-51.738403,-136.29164,-50.92682,-26.873644,-1.113795,0.07126948
3061,1,63.088615,-70.79442,-16.810112,11.737434,-0.5973305,0.46246794
3062,1,8.0047245,-38.7742,-8.576528,16.939922,-0.30254474,0.7951812
3063,1,14.589805,-30.929384,-5.7694283,20.173296,-0.0878021,0.7983557
3064,1,-15.683283,-11.428932,-0.72568625,19.761402,0.14061332,0.7804365
3065,1,-17.164845,-10.495983,-1.0714697,12.189605,0.37593165,0.598143
3066,1,-4.4723525,2.8476985,5.1216955,5.57389,0.7743216,0.22705856
3067,1,-57.5211,-137.18839,-48.297276,-26.651447,-0.86151737,0.45175195
3068,1,62.280174,-70.21774,-15.005314,11.987453,-0.6601247,0.9648146
3069,1,7.7135468,-38.89339,-7.423737,17.12162,-0.407506,1.136882
3070,1,14.414858,-30.73039,-5.029926,20.493265,-0.111502804,1.3345631
3071,1,-15.609436,-11.198275,-0.56920284,19.990053,0.13486314,1.1660413
3072,1,-16.967062,-10.540706,-1.2033514,12.385401,0.49966663,0.8408232
3073,1,-4.0842147,2.9819312,4.3022842,5.6436305,0.8377521,0.35228643
3074,1,-51.65991,-135.93964,-44.795017,-26.89742,-1.600507,0.3260333
3075,1,63.46937,-70.78584,-12.11933,12.120178,-0.8312712,1.2927538
3076,1,8.011058,-38.091125,-5.390754,17.631912,-0.316616,2.0491118
3077,1,14.836103,-30.22794,-4.353886,20.962667,-0.17875364,1.75272
3078,1,-15.527707,-10.910204,-0.16422796,20.402304,0.09011196,1.3646913
3079,1,-16.72572,-10.397696,-1.4960274,12.678733,0.41519395,1.0761751
3080,1,-3.6545913,3.0455742,3.8002274,5.740737,1.0843011,0.379618
3081,1,-65.8217,-136.73888,-36.115387,-26.108076,0.35435402,1.697723
3082,1,59.880703,-68.00071,-6.0381665,13.157734,0.7185893,3.4758227
3083,1,7.8090496,-36.57984,-3.4111521,18.376549,-0.022107847,2.5086627
3084,1,14.595602,-29.566147,-2.9803915,21.717022,0.027682124,1.6996838
3085,1,-15.494903,-10.533001,0.36685953,21.062,0.055337287,1.4659948
3086,1,-16.847986,-10.246396,-1.4957627,13.156429,0.34577343,0.9458912
3087,1,-2.941848,2.9727297,2.5084505,5.91824,0.794059,0.43115073
3088,1,-29.211382,-124.66068,-13.96464,-24.596676,4.476198,2.6194162
3089,1,83.16167,-64.36093,-1.1536797,13.221241,0.5463227,2.6820526
3090,1,21.435537,-35.963146,-1.0482466,19.342073,0.302612,0.9499938
3091,1,23.018679,-28.80248,-1.2703625,22.500948,0.081724264,1.0321692
3092,1,-11.1198225,-10.753012,0.77802336,21.965124,0.09867405,0.5210314
3093,1,-15.618265,-10.019629,-1.3522679,13.963982,0.054495275,0.5512313
3094,1,-2.9334126,2.828033,1.9029446,6.229357,0.3265422,0.14366603
3095,1,-7.3656235,-0.74036986,8.593376,-14.125317,-7.6300917,0.40047288
3096,1,15.435925,-39.23519,-1.9955887,-23.752583,-4.5818076,-0.68517804
3097,1,38.62591,-29.497503,-0.1387377,10.353533,-1.8915689,-1.0042077
3098,1,2.7180312,-16.813953,0.17105684,7.702714,-1.1861042,-0.47941318
3099,1,1.3648529,-14.662714,-0.92185134,12.874024,-0.54611635,-0.62278605
3100,1,-13.833976,-2.1551616,1.0454018,7.0072546,-0.41097695,-0.28628466
3101,1,6.1913357,-5.7569704,-1.3788084,2.60893,-0.24828395,-0.19105414
3102,1,-17.424654,0.60375565,14.924363,-12.287365,-7.7694507,-0.5980354
3103,1,2.131697,-41.028442,-4.5557065,-23.018408,-4.8952246,-1.4353207
3104,1,29.333038,-30.375076,-1.0893389,10.944649,-2.7720127,-1.6817603
3105,1,-3.6497521,-16.800016,-0.40506837,7.6406813,-1.5696017,-1.4048606
3106,1,-1.8777388,-14.981814,-1.3840476,12.75303,-0.9755358,-1.1101533
3107,1,-14.933135,-1.9683363,1.1407504,6.8633027,-0.6401223,-0.8612753
3108,1,5.9284563,-5.904013,-0.86163634,2.534423,-0.8098547,-0.31866378
3109,1,-23.35903,0.05840095,10.241693,-13.352294,-0.7694568,-0.5513104
3110,1,0.077838816,-41.226234,-6.4155965,-24.472492,-1.4659418,-1.1980683
3111,1,28.450851,-31.181192,-2.6261418,10.125445,-1.2469854,-1.4314412
3112,1,-4.6800203,-17.208065,-1.1316613,6.9649405,-0.85481334,-1.4164003
3113,1,-2.1226637,-15.217909,-1.7200956,12.251776,-0.66636235,-1.1987083
3114,1,-15.1335335,-2.028634,1.3416855,6.487622,-0.694004,-0.8881314
3115,1,5.453786,-6.050504,-0.25616086,2.420432,-0.8680676,-0.36391714
3116,1,-17.69785,0.1974033,7.6338525,-13.124818,-1.1040943,-0.20169565
3117,1,0.3183554,-41.62452,-8.53311,-24.549704,-0.76386636,-0.7258965
3118,1,27.965939,-31.335072,-3.754936,9.56758,-0.688536,-1.0449055
3119,1,-4.737409,-17.5616,-1.7665619,6.5017653,-0.6061551,-1.0896524
3120,1,-2.378117,-15.374501,-1.9058673,11.842616,-0.54743296,-1.0090119
3121,1,-15.352373,-2.1482456,1.5085412,6.221218,-0.616457,-0.74490565
3122,1,4.7377605,-5.9688964,0.7452371,2.2991455,-0.9692318,-0.2945447
3123,1,-20.945955,0.09224525,6.2419214,-13.265099,0.13390669,-0.2244188
3124,1,0.50423044,-41.561893,-9.793703,-24.727886,-0.17217062,-0.46589884
3125,1,28.18401,-31.433725,-4.630556,9.307838,-0.29264015,-0.645089
3126,1,-4.88244,-17.68458,-2.252099,6.200048,-0.32234138,-0.7330807
3127,1,-2.3879185,-15.431006,-2.0176086,11.558835,-0.3859512,-0.6778155
3128,1,-15.552829,-2.2297611,1.7032397,6.0289364,-0.4953385,-0.52880734
3129,1,4.469312,-5.9959183,1.1297096,2.2292695,-0.6639311,-0.20525062
3130,1,-16.955656,0.102755256,4.986853,-13.2213545,-0.08166804,-0.059493467
3131,1,0.7752087,-41.569683,-10.504733,-24.707558,-0.07230364,-0.2170341
3132,1,28.10841,-31.426811,-5.133908,9.156692,-0.123113774,-0.31920877
3133,1,-4.7023387,-17.725145,-2.535159,6.0608277,-0.16250505,-0.35696188
3134,1,-2.518666,-15.457501,-2.108045,11.410969,-0.19621846,-0.34680477
3135,1,-15.660333,-2.2569342,1.8093258,5.916129,-0.25945207,-0.26072508
3136,1,4.1708426,-5.9382787,1.6326846,2.172942,-0.40821916,-0.1044972
3137,1,-19.927902,0.08494345,5.0207014,-13.239579,-0.00082135457,-0.0005351373
3138,1,0.88985354,-41.55228,-10.757569,-24.743599,-0.00025794868,-0.00019300511
3139,1,28.269958,-31.419113,-5.296129,9.121344,-7.497197e-05,-0.00048719434
3140,1,-4.832079,-17.745556,-2.635642,6.010652,2.0949374e-05,-8.0005986e-05
3141,1,-2.465637,-15.448502,-2.1210496,11.360503,0.00017036092,-0.0003805204
3142,1,-15.711636,-2.2661984,1.855246,5.882888,0.00030995195,3.118031e-05
3143,1,4.156189,-5.980825,1.6084288,2.1673486,0.0005443834,-0.00025654025
3144,1,-16.957983,0.09819464,4.985025,-13.223402,0.08084587,0.058553874
3145,1,0.7773949,-41.57131,-10.505303,-24.706667,0.07172421,0.21645151
3146,1,28.107515,-31.427229,-5.134071,9.156754,0.12289436,0.3183205
3147,1,-4.7015953,-17.725853,-2.5353165,6.061068,0.16261035,0.35671014
3148,1,-2.5190916,-15.457554,-2.107992,11.411246,0.19652066,0.34613782
3149,1,-15.660225,-2.2571573,1.8093427,5.9161487,0.260099,0.26070905
3150,1,4.1709104,-5.9381847,1.6328247,2.1730533,0.40917265,0.10415736
3151,1,-20.949022,0.08337647,6.238144,-13.269407,-0.13551646,0.2237307
3152,1,0.50798905,-41.56528,-9.794692,-24.726446,0.17145245,0.46499142
3153,1,28.182673,-31.434721,-4.6309614,9.3081,0.29254612,0.64439523
3154,1,-4.8811502,-17.685959,-2.252301,6.200492,0.32233775,0.73253834
3155,1,-2.3886452,-15.43124,-2.0174925,11.559345,0.38632417,0.67745876
3156,1,-15.552621,-2.2301588,1.7032719,6.029041,0.4959429,0.5285922
3157,1,4.4693894,-5.995813,1.1300079,2.2294774,0.6649959,0.20512374
3158,1,-17.70494,0.18494295,7.628621,-13.130633,1.1030492,0.20103471
3159,1,0.32416016,-41.630203,-8.534979,-24.547758,0.7632564,0.7246696
3160,1,27.96394,-31.33678,-3.7551136,9.567888,0.68822104,1.0441039
3161,1,-4.7355742,-17.563965,-1.7667589,6.502405,0.60631424,1.0892324
3162,1,-2.3790646,-15.374692,-1.905676,11.843471,0.54775023,1.0088342
3163,1,-15.352093,-2.148934,1.5085391,6.2213283,0.6170631,0.7447157
3164,1,4.7380447,-5.968654,0.7455633,2.2995172,0.9701561,0.29453555
3165,1,-23.366508,0.038327493,10.233468,-13.362399,0.76754767,0.54967064
3166,1,0.086510174,-41.2348,-6.417171,-24.470085,1.4647466,1.1965318
3167,1,28.447748,-31.183933,-2.6258636,10.125866,1.2472019,1.4311843
3168,1,-4.677027,-17.210863,-1.1319296,6.9659553,0.8548371,1.4163293
3169,1,-2.1241944,-15.218154,-1.7198817,12.252954,0.66669244,1.198617
3170,1,-15.132855,-2.0294185,1.3416692,6.487792,0.6945428,0.88809085
3171,1,5.4540377,-6.050197,-0.25577995,2.4209223,0.86899734,0.36387768
3172,1,-17.442041,0.5775701,14.91454,-12.300681,7.767296,0.5978473
3173,1,2.1422443,-41.040016,-4.5556407,-23.015245,4.895508,1.4353172
3174,1,29.329128,-30.37674,-1.0890644,10.94629,2.7720785,1.6823553
3175,1,-3.6465547,-16.80331,-0.4054844,7.6415834,1.5696084,1.4048823
3176,1,-1.8792367,-14.981888,-1.3837674,12.754973,0.97581756,1.1102612
3177,1,-14.932497,-1.9691027,1.1406631,6.86332,0.64047384,0.8612648
3178,1,5.929047,-5.903902,-0.8614388,2.5352008,0.810605,0.31869683
3179,1,-7.376473,-0.7710009,8.588688,-14.139051,7.630724,-0.40035617
3180,1,15.454711,-39.24307,-1.9952819,-23.74519,4.582421,0.68625385
3181,1,38.620094,-29.499113,-0.13858613,10.354653,1.8913888,1.0045213
3182,1,2.7243762,-16.817327,0.17074169,7.704549,1.186221,0.47943234
3183,1,1.3621551,-14.662586,-0.9216197,12.876282,0.54615223,0.6229095
3184,1,-13.832611,-2.156197,1.0452843,7.007522,0.411156,0.28624165
3185,1,6.191555,-5.756256,-1.3786395,2.6098874,0.24849741,0.19106124
3186,1,2.554358,-8.413282,-1.8513701,-3.4702482,-1.6081573,0.07964608
3187,1,-1.4958665,-0.38711655,2.8223944,-3.4128976,-2.4849107,0.39318603
3188,1,13.612535,-13.327872,0.13913892,-7.1201005,-2.2495205,-0.15152103
3189,1,7.5334134,-11.702098,-0.14991738,7.7090807,-1.145562,-0.36671048
3190,1,-5.6067944,-4.9365535,0.68269074,2.0681267,-0.83020866,-0.20946166
3191,1,-5.8637605,-5.6180267,-0.80094117,4.032344,-0.34495386,-0.3125946
3192,1,7.2888174,2.8128655,1.482909,-0.55664796,-0.3508781,-0.06790341
3193,1,4.7045875,-9.490406,0.79042214,-3.2357807,-5.2639027,0.3230219
3194,1,-1.5505391,0.20509066,5.774648,-1.8117096,-4.3735356,0.06454025
3195,1,10.219869,-13.557531,0.7038561,-6.619868,-3.2128415,-0.5665174
3196,1,5.2657847,-11.972479,-0.028670378,8.349927,-2.066782,-0.72155994
3197,1,-7.2629447,-4.8235173,0.9087717,2.2787259,-1.2555379,-0.70947665
3198,1,-6.0387707,-5.768271,-0.6880714,4.317499,-0.8300576,-0.5524893
3199,1,7.4964733,2.9549816,2.135095,-0.4302255,-0.5178956,-0.23863648
3200,1,-2.5560598,-8.915118,4.1243334,-2.800407,-3.3663669,-0.25235906
3201,1,-7.450475,0.46015003,6.113437,-1.8124137,-2.5166798,-0.54039216
3202,1,7.210776,-13.343952,0.7561117,-7.1205735,-1.880032,-0.7097421
3203,1,3.682388,-12.07952,-0.018390536,8.010001,-1.3896699,-0.8629099
3204,1,-8.157136,-4.8223066,0.9300784,1.9410611,-0.96971345,-0.80023193
3205,1,-6.3955946,-5.8321276,-0.43393105,4.1517215,-0.73227066,-0.62520975
3206,1,6.672017,3.0559947,3.0084195,-0.52564514,-0.86097175,-0.24315983
3207,1,-1.4684818,-9.076425,2.8498986,-3.14165,-1.0725183,-0.18677586
3208,1,-6.3342066,0.63514596,5.8855824,-2.1784575,-1.3574915,-0.4847042
3209,1,7.1228886,-13.353177,0.37006652,-7.3990674,-1.2178828,-0.6646974
3210,1,3.3854067,-12.034393,-0.2224914,7.608698,-0.9386015,-0.7328422
3211,1,-8.276078,-4.8892183,0.94819933,1.6416845,-0.7681873,-0.7042808
3212,1,-6.6713953,-5.801679,-0.15166259,3.9092908,-0.7139773,-0.5460193
3213,1,6.2360396,2.9639783,3.460577,-0.59614086,-0.79770446,-0.21599713
3214,1,-0.72145295,-9.014507,2.3583262,-2.9751592,-0.952927,-0.11024092
3215,1,-7.0447993,0.5815489,5.3647695,-2.2183454,-0.7263526,-0.34224918
3216,1,6.8385634,-13.342561,0.07888018,-7.6522427,-0.64840233,-0.47189972
3217,1,3.337561,-12.017294,-0.38548285,7.35208,-0.5959945,-0.5275021
3218,1,-8.466266,-4.9212446,0.92382723,1.4075507,-0.51741004,-0.50346494
3219,1,-6.826802,-5.782376,0.05232498,3.730405,-0.52284646,-0.38782415
3220,1,5.767403,2.993162,4.0849085,-0.6767467,-0.7010361,-0.15103564
3221,1,-1.3889717,-8.989834,1.9239938,-3.0971968,-0.162768,-0.07474794
3222,1,-6.3487654,0.6193558,4.990872,-2.3413823,-0.28843755,-0.17387486
3223,1,7.0365977,-13.335657,-0.18631603,-7.718481,-0.29979697,-0.23788774
3224,1,3.2385945,-12.010191,-0.504428,7.1858335,-0.2733331,-0.27043495
3225,1,-8.439603,-4.917896,0.9219584,1.280812,-0.268712,-0.25879392
3226,1,-6.9659076,-5.771073,0.19715211,3.6146529,-0.28952274,-0.20040192
3227,1,5.61605,2.9354045,4.2356887,-0.7101882,-0.35403717,-0.07853259
3228,1,-0.046189886,-9.006749,1.6530526,-3.0100155,-0.00046935218,0.0001700155
3229,1,-6.706389,0.6002102,4.8938713,-2.3119166,-0.0005013599,-0.00039518625
3230,1,6.924468,-13.332697,-0.25226855,-7.7763886,-0.00021269494,-0.00017776311
3231,1,3.3306615,-11.994933,-0.55002534,7.1511264,-5.7574303e-05,-0.00040031207
3232,1,-8.5262,-4.929891,0.9148597,1.2350793,0.000111980575,-0.000101989695
3233,1,-6.9754143,-5.764204,0.23257126,3.5808156,0.00026024858,-0.00029662158
3234,1,5.48998,2.9758632,4.4583273,-0.7328657,0.00042125443,8.881484e-05
3235,1,-1.3888782,-8.987801,1.9248437,-3.0968316,0.16167815,0.074908115
3236,1,-6.3497143,0.618331,4.9905095,-2.3427184,0.28740585,0.17317285
3237,1,7.0376616,-13.336328,-0.18645671,-7.718058,0.29941747,0.23748115
3238,1,3.2379825,-12.010399,-0.5044557,7.1856236,0.2732041,0.26967797
3239,1,-8.439173,-4.918281,0.92193127,1.2809619,0.26893935,0.25854546
3240,1,-6.9661617,-5.771069,0.19722475,3.6146665,0.2900432,0.19988808
3241,1,5.6162543,2.9351928,4.2357535,-0.71015763,0.35495448,0.078589775
3242,1,-0.7224155,-9.010673,2.3600712,-2.9742901,0.9519638,0.110298105
3243,1,-7.0466537,0.5797237,5.364016,-2.2208626,0.72538245,0.3417528
3244,1,6.8406396,-13.34401,0.07866652,-7.6515994,0.64791673,0.4712116
3245,1,3.3364036,-12.017788,-0.38550362,7.3517447,0.5959253,0.52699614
3246,1,-8.465435,-4.9219804,0.9237908,1.4078058,0.51763123,0.5030601
3247,1,-6.827293,-5.7824364,0.05244895,3.7304707,0.5233722,0.38754785
3248,1,5.767908,2.9928467,4.0849924,-0.67671,0.7018686,0.15096456
3249,1,-1.4683579,-9.071185,2.8523111,-3.14082,1.071643,0.18654029
3250,1,-6.3369594,0.6323386,5.8847055,-2.182313,1.3563559,0.48409605
3251,1,7.1258063,-13.355554,0.36986864,-7.3981957,1.2175593,0.6640795
3252,1,3.3838418,-12.035103,-0.22243336,7.6082053,0.9385492,0.7324383
3253,1,-8.274901,-4.8904295,0.94813,1.6420966,0.7684396,0.7039484
3254,1,-6.6720157,-5.8016567,-0.1514745,3.9094226,0.7144857,0.5458556
3255,1,6.2366943,2.963398,3.4606707,-0.59609175,0.7985657,0.21588698
3256,1,-2.5582373,-8.906675,4.1281686,-2.7988229,3.365079,0.25264284
3257,1,-7.4553022,0.45600438,6.112693,-1.8183788,2.5157251,0.5400133
3258,1,7.215538,-13.347146,0.7560075,-7.1191826,1.8798095,0.70925456
3259,1,3.6798167,-12.080516,-0.018273044,8.009397,1.389738,0.8627218
3260,1,-8.155172,-4.823766,0.9300011,1.941687,0.9699491,0.8000676
3261,1,-6.396545,-5.832167,-0.43377993,4.1519523,0.73273164,0.6251143
3262,1,6.673148,3.0552766,3.0083947,-0.5255488,0.86170197,0.24314256
3263,1,4.7033505,-9.479214,0.7972028,-3.2335224,5.2641344,-0.32307997
3264,1,-1.5564463,0.20011286,5.7734737,-1.8188893,4.37345,-0.06465024
3265,1,10.226147,-13.561752,0.70398235,-6.6178303,3.2131054,0.566358
3266,1,5.26248,-11.9732,-0.02851114,8.3495655,2.0669198,0.7216555
3267,1,-7.2604303,-4.825316,0.908602,2.2794268,1.2557386,0.7093534
3268,1,-6.0398965,-5.768276,-0.6878968,4.3180423,0.8304339,0.5525191
3269,1,7.497738,2.9541483,2.1349308,-0.43017796,0.5184803,0.23859937
3270,1,2.5536125,-8.39945,-1.8470172,-3.4678872,1.6090639,-0.0796535
3271,1,-1.4998574,-0.39450842,2.8213966,-3.4215884,2.485452,-0.39345425
3272,1,13.6212845,-13.331421,0.13944913,-7.116501,2.24986,0.15171678
3273,1,7.5295873,-11.703116,-0.14995189,7.7081776,1.1455836,0.36671692
3274,1,-5.6032124,-4.938488,0.6826291,2.0695314,0.83036375,0.2094548
3275,1,-5.8654375,-5.617876,-0.80085397,4.032835,0.34506336,0.31261647
3276,1,7.290172,2.8114944,1.4827023,-0.556365,0.35115764,0.067901805
3277,1,2.290456,4.159328,2.4708164,0.63625604,-1.192623,0.13925573
3278,1,-1.4296782,-5.79257,-0.9725806,-3.8199568,-0.67397517,0.018216666
3279,1,3.851916,-1.9539901,0.8712777,2.3207808,-0.83986187,0.094339855
3280,1,1.7622057,-3.6659374,0.42561814,-1.5341673,-0.93202984,-0.01678198
3281,1,-3.6498075,-4.0399256,-0.29480705,3.627426,-0.4287575,-0.15503304
3282,1,-4.5059686,0.5554929,0.76619196,-2.3539822,-0.39033845,-0.06972644
3283,1,6.6695776,-2.3417933,-0.7483831,-0.33110762,0.13966742,-0.0833584
3284,1,5.028992,4.759022,4.266728,0.8754247,-1.9855429,0.033197425
3285,1,0.7944049,-6.38325,-0.4070518,-3.7919395,-2.2188046,0.15818939
3286,1,5.098022,-1.9067932,2.116845,3.1414287,-2.0673892,0.0032486338
3287,1,1.7150512,-3.6723657,1.0852486,-1.2285799,-1.570704,-0.23644498
3288,1,-3.4529583,-4.20303,-0.023192681,4.164711,-1.0677375,-0.30232194
3289,1,-4.187454,0.63252115,1.1456987,-1.9781086,-0.58653176,-0.28760993
3290,1,7.090595,-2.4290252,-0.3052549,-0.05171198,-0.38260525,-0.11900492
3291,1,1.7947819,4.466021,5.3200526,0.8792888,-2.5596335,0.07041778
3292,1,-2.2347555,-6.2750273,1.0026275,-3.5110948,-2.210884,-0.036514834
3293,1,2.1098962,-1.8194051,2.82829,3.2585883,-1.7739916,-0.2645005
3294,1,-0.01115034,-3.538349,1.4754055,-1.361064,-1.3199394,-0.3707973
3295,1,-4.3888745,-4.1943016,0.31123665,4.112462,-0.94212455,-0.42181084
3296,1,-4.7065096,0.6981275,1.4805071,-2.0777295,-0.7039689,-0.34009564
3297,1,6.5244045,-2.5094063,0.10970572,-0.07363199,-0.591385,-0.14032637
3298,1,0.67578596,4.692825,6.486595,0.99713874,-1.442272,-0.11831972
3299,1,-3.1466188,-6.151747,1.287758,-3.559653,-1.294178,-0.23165508
3300,1,1.8288715,-1.6275196,3.0236564,3.050534,-1.1503401,-0.3018792
3301,1,-0.27822846,-3.4735596,1.632014,-1.5322882,-0.96862787,-0.3954332
3302,1,-4.626673,-4.1039186,0.45554236,3.8965285,-0.7558171,-0.39769232
3303,1,-4.8820167,0.6898905,1.7313316,-2.196782,-0.63934255,-0.31682834
3304,1,6.036672,-2.4218543,0.7061011,-0.122751616,-0.743348,-0.12520804
3305,1,1.2605932,4.645961,6.240607,0.856447,-0.81206983,-0.06771165
3306,1,-2.693945,-6.097352,1.4185946,-3.6508722,-0.8535677,-0.19121858
3307,1,1.6082021,-1.550435,3.0811293,2.9516327,-0.75714946,-0.27628973
3308,1,-0.46275717,-3.426425,1.6724635,-1.7140828,-0.62083936,-0.30482292
3309,1,-4.7225432,-4.042852,0.58584476,3.729501,-0.54206765,-0.30574182
3310,1,-5.068994,0.70198536,1.9429438,-2.3249083,-0.5087405,-0.23652962
3311,1,5.7001185,-2.4507205,0.9603124,-0.17217624,-0.570391,-0.09426231
3312,1,1.2126962,4.6452827,6.243154,0.93245745,-0.39515954,-0.043300897
3313,1,-3.0488887,-6.0825734,1.373519,-3.658236,-0.35312963,-0.10863919
3314,1,1.6333452,-1.5252478,3.0829988,2.8212187,-0.3371745,-0.14774416
3315,1,-0.43437713,-3.3935862,1.6864747,-1.7973574,-0.31208757,-0.1694085
3316,1,-4.8151956,-4.019606,0.6404707,3.6125395,-0.27329737,-0.16210072
3317,1,-5.121613,0.7057237,2.059026,-2.3999264,-0.27224612,-0.12627977
3318,1,5.498671,-2.3938992,1.3013208,-0.20882617,-0.3451718,-0.049004253
3319,1,1.3555758,4.6646185,6.164227,0.84957194,-0.0002899882,-0.00019967763
3320,1,-2.6028087,-6.0634837,1.3379307,-3.6971645,-0.00032564378,1.3711534e-05
3321,1,1.6342924,-1.5120108,3.057108,2.8267817,-0.00025882057,-0.0003060426
3322,1,-0.4948767,-3.3971548,1.6921179,-1.8448156,-6.9793794e-05,-0.00014576575
3323,1,-4.787448,-4.001191,0.6632678,3.5803266,4.826021e-05,-0.00031112912
3324,1,-5.174031,0.7090571,2.1119215,-2.4266143,0.00021666934,-6.357325e-05
3325,1,5.438894,-2.432061,1.2758595,-0.21696596,0.00037033696,-0.00017390143
3326,1,1.212418,4.6440687,6.242727,0.9321546,0.39439857,0.043083627
3327,1,-3.048896,-6.081975,1.3738018,-3.6577632,0.35253096,0.108615555
3328,1,1.6330224,-1.5255052,3.0829635,2.8205533,0.33664846,0.14715677
3329,1,-0.43402433,-3.3938518,1.6864762,-1.7971013,0.3119453,0.16909404
3330,1,-4.8154616,-4.019652,0.64050984,3.6123083,0.2734114,0.16153751
3331,1,-5.121487,0.70556766,2.059051,-2.399829,0.27266887,0.12611245
3332,1,5.4988008,-2.3937736,1.3014734,-0.20890298,0.345877,0.048752256
3333,1,1.2603517,4.64371,6.23983,0.8557883,0.8115887,0.06750527
3334,1,-2.6940992,-6.0964003,1.4191662,-3.6500607,0.85292876,0.19100644
3335,1,1.6075162,-1.5508797,3.0811133,2.9504142,0.7566826,0.27591825
3336,1,-0.46204352,-3.4269793,1.6724745,-1.7136778,0.6207105,0.30437878
3337,1,-4.7230716,-4.0429764,0.58592397,3.7291193,0.54219437,0.30536944
3338,1,-5.068716,0.70171404,1.9429916,-2.3247602,0.50916827,0.23625936
3339,1,5.7003336,-2.45054,0.96060884,-0.17228843,0.57111806,0.094130725
3340,1,0.675137,4.689662,6.4854317,0.996276,1.4415965,0.118320495
3341,1,-3.146828,-6.150337,1.2887026,-3.5585637,1.2936753,0.23152663
3342,1,1.8279899,-1.6281804,3.0236716,3.048698,1.1499106,0.3015436
3343,1,-0.27724242,-3.4744596,1.6320397,-1.5316588,0.9685663,0.3950606
3344,1,-4.6273518,-4.10405,0.4556761,3.8959725,0.75597125,0.39742357
3345,1,-4.8816333,0.6894038,1.7313513,-2.1965313,0.6397494,0.3165953
3346,1,6.0371237,-2.4215047,0.70647687,-0.122904174,0.7440158,0.125156
3347,1,1.7937827,4.4610724,5.318704,0.8779643,2.5595183,-0.070615925
3348,1,-2.2354534,-6.272835,1.0038942,-3.5092492,2.210578,0.03647149
3349,1,2.1083603,-1.8203853,2.8283672,3.2559335,1.7737213,0.26429912
3350,1,-0.009475728,-3.5394998,1.4754711,-1.3600451,1.3199744,0.37053558
3351,1,-4.38998,-4.1945267,0.31135985,4.11174,0.9422797,0.42163906
3352,1,-4.7058005,0.6975596,1.4805269,-2.0773218,0.70433885,0.33995157
3353,1,6.5249248,-2.5089738,0.11012589,-0.07382523,0.5919885,0.14026213
3354,1,5.028066,4.752333,4.263487,0.87356836,1.9856116,-0.033228345
3355,1,0.7947312,-6.3805127,-0.40520793,-3.7895727,2.2189088,-0.15828484
3356,1,5.0965667,-1.907892,2.1168268,3.1382573,2.0674405,-0.003330281
3357,1,1.7173172,-3.673909,1.0852616,-1.2271799,1.5708542,0.23626223
3358,1,-3.4542687,-4.203193,-0.023026774,4.163982,1.06791,0.30230117
3359,1,-4.186546,0.6317991,1.1456034,-1.977583,0.58680034,0.2875109
3360,1,7.0914016,-2.4284387,-0.30483553,-0.051901042,0.38306117,0.119016215
3361,1,2.2894974,4.150941,2.4681528,0.6341852,1.1920528,-0.1393224
3362,1,-1.4291834,-5.788477,-0.97120124,-3.8168285,0.67411417,-0.01817625
3363,1,3.850616,-1.9560063,0.87095344,2.3167295,0.8399714,-0.09448515
3364,1,1.7651039,-3.6673152,0.4257628,-1.5319636,0.9321828,0.016800856
3365,1,-3.651392,-4.040193,-0.29478922,3.626304,0.42881566,0.1549929
3366,1,-4.505054,0.554613,0.7661285,-2.352963,0.39046368,0.0697205
3367,1,6.670039,-2.34091,-0.7481157,-0.33138335,-0.13945256,0.083364606
3368,1,1.4453455,-2.7020788,-0.88572955,-0.25670016,0.17696635,-0.0068805846
3369,1,-1.4153513,1.8613744,1.0939844,2.0156007,-0.4007811,0.118454866
3370,1,0.6720137,-2.3402116,-0.1999729,-2.1137824,-0.28042933,0.014311024
3371,1,0.37004155,-1.0791485,0.16354477,2.9581034,-0.2029558,0.022917384
3372,1,-3.4886312,0.25337294,0.4062901,-1.7270677,-0.30750012,0.021470692
3373,1,-1.8791502,-1.284424,-0.33782575,-0.50117767,-0.013469418,-0.04323126
3374,1,4.001503,0.9372619,0.5464192,-1.7639469,-0.06530733,0.019339437
3375,1,3.9651368,-3.0655437,-0.18178175,-0.3406629,-1.1641986,0.10627431
3376,1,0.7008735,2.1525369,2.012338,2.3352556,-0.92153955,0.090942085
3377,1,2.0388117,-2.5107002,0.18061525,-2.0929081,-0.9445534,0.039252914
3378,1,1.4587756,-1.1548642,0.6637048,3.4455986,-0.85526204,0.00564038
3379,1,-2.8735726,0.24188578,0.7919431,-1.4492222,-0.5851795,-0.0700643
3380,1,-1.3525069,-1.4083464,-0.15369119,-0.00775126,-0.39168027,-0.072212994
3381,1,4.316833,0.9447393,0.6011735,-1.5372928,-0.009037605,-0.033275537
3382,1,2.0641077,-2.8992772,1.0964224,-0.2230319,-1.3278742,-0.010549873
3383,1,-0.88903344,2.0759766,2.614093,2.3881798,-1.3687663,0.022467582
3384,1,0.71484584,-2.5199842,0.8501895,-1.9990501,-1.2321342,-0.018737823
3385,1,0.24728265,-1.1677884,1.1645142,3.5404751,-0.98562324,-0.115082964
3386,1,-3.5479162,0.29413626,1.1131114,-1.4419022,-0.7325245,-0.13764232
3387,1,-1.7087839,-1.4408342,0.11131253,0.061552584,-0.49283192,-0.1254316
3388,1,4.1004715,1.0008461,0.9836851,-1.5437734,-0.47720674,-0.051921748
3389,1,1.4160789,-2.9943666,1.4524974,-0.2958809,-1.1490963,0.011864615
3390,1,-1.5981493,2.1312754,3.216911,2.4119763,-1.0541905,-0.04129213
3391,1,0.003320334,-2.4631374,1.2247746,-2.0070024,-0.91647464,-0.111489505
3392,1,-0.075458065,-1.0779319,1.4281164,3.4261408,-0.7684765,-0.1439959
3393,1,-3.7458415,0.31320456,1.3546478,-1.5201695,-0.6195768,-0.16273035
3394,1,-1.898585,-1.3841075,0.35960555,-0.02791422,-0.5350013,-0.12975512
3395,1,3.6557415,0.95060635,1.1957531,-1.5487237,-0.51386595,-0.04847906
3396,1,1.3621547,-2.9508352,1.8881739,-0.22189265,-0.67640597,-0.04588984
3397,1,-1.6014087,2.18398,3.420987,2.387247,-0.6577181,-0.08856888
3398,1,0.09332498,-2.4154253,1.4061369,-2.081468,-0.6199527,-0.10716081
3399,1,-0.15775195,-1.0176828,1.6042414,3.3450959,-0.5456135,-0.13878521
3400,1,-3.8319042,0.33897972,1.493869,-1.6259307,-0.45674813,-0.13735747
3401,1,-2.0016274,-1.3611641,0.5387675,-0.09286392,-0.42357498,-0.10907887
3402,1,3.4938235,0.9890855,1.5189105,-1.5804785,-0.508884,-0.042378224
3403,1,1.6871829,-2.939939,1.9167413,-0.30217424,-0.33481687,-0.01677162
3404,1,-1.4859688,2.1819003,3.5652857,2.3440578,-0.3352155,-0.053138632
3405,1,-0.025769068,-2.3865814,1.5165948,-2.0930665,-0.30112013,-0.0744032
3406,1,-0.19237208,-0.99190116,1.6924618,3.2568314,-0.26420856,-0.079834364
3407,1,-3.8503122,0.360454,1.5943778,-1.6803036,-0.24008979,-0.07930266
3408,1,-2.0522034,-1.3388697,0.6646918,-0.14938647,-0.23589201,-0.06120833
3409,1,3.2734778,0.94805235,1.5981311,-1.5891548,-0.26605168,-0.02357857
3410,1,1.4479828,-2.959464,1.976354,-0.23492107,-0.00035228918,7.0520924e-05
3411,1,-1.5846801,2.191019,3.5895813,2.3494554,-0.00021124682,-0.00020311536
3412,1,0.060407776,-2.3835104,1.5529358,-2.1351483,-0.0001452182,-9.952337e-05
3413,1,-0.19164439,-0.9754353,1.727181,3.24969,-9.157701e-05,-0.0002718966
3414,1,-3.877078,0.36110592,1.6232708,-1.7083036,5.029126e-05,-0.00013186989
3415,1,-2.075607,-1.3358474,0.69941586,-0.16425155,0.00015399806,-0.0002197877
3416,1,3.306874,0.9874262,1.7341391,-1.5998931,0.00029238887,1.5469006e-05
3417,1,1.6871246,-2.9392884,1.9170197,-0.3020246,0.33440554,0.016768506
3418,1,-1.4861753,2.181391,3.5651264,2.3436186,0.33471775,0.052763227
3419,1,-0.025680587,-2.3864791,1.5166994,-2.0927591,0.30083022,0.07419979
3420,1,-0.19251613,-0.99195415,1.6924894,3.2564735,0.26405552,0.07933051
3421,1,-3.850219,0.36036232,1.5943995,-1.6801635,0.24017407,0.079016246
3422,1,-2.0522773,-1.3388318,0.6647553,-0.14957418,0.2362196,0.06081858
3423,1,3.2736053,0.94799316,1.5982112,-1.5891267,0.26664183,0.023552928
3424,1,1.362093,-2.9496665,1.8886402,-0.22160967,0.6757991,0.045898832
3425,1,-1.6017346,2.1831138,3.4207244,2.386433,0.65734935,0.088345505
3426,1,0.09350933,-2.415304,1.4063222,-2.0809488,0.6196934,0.10685984
3427,1,-0.1580592,-1.0177711,1.6043081,3.3444672,0.5454752,0.138432
3428,1,-3.8317018,0.33879772,1.4939077,-1.6257122,0.45685846,0.13701576
3429,1,-2.0017815,-1.3611141,0.5388818,-0.09318222,0.42388913,0.108815126
3430,1,3.4941068,0.98899317,1.5190443,-1.5804513,0.5094549,0.042294532
3431,1,1.4159317,-2.992696,1.4532841,-0.2954971,1.1487744,-0.011958152
3432,1,-1.5988334,2.1299808,3.2164702,2.4108088,1.0538046,0.04109339
3433,1,0.0035257381,-2.4629753,1.2250664,-2.0062442,0.91627556,0.11125775
3434,1,-0.0758194,-1.0780482,1.4282224,3.4252043,0.7683963,0.1437168
3435,1,-3.7455716,0.3128888,1.3546805,-1.5198072,0.6196931,0.162437
3436,1,-1.8987547,-1.3839892,0.35977206,-0.0283788,0.5353144,0.12956208
3437,1,3.6561658,0.9504211,1.1959128,-1.5486784,0.5144096,0.048376456
3438,1,2.0638978,-2.89671,1.0972351,-0.2224482,1.3275361,0.010570527
3439,1,-0.8898796,2.073998,2.6135213,2.3864,1.3685857,-0.022653697
3440,1,0.7152344,-2.5196981,0.85057366,-1.9978498,1.2320987,0.018574296
3441,1,0.24667858,-1.1679909,1.1646136,3.5391867,0.98558956,0.11489093
3442,1,-3.5474176,0.29374927,1.113161,-1.4413211,0.732662,0.13743775
3443,1,-1.7090634,-1.4407289,0.11145923,0.06093738,0.4930961,0.12529768
3444,1,4.1011286,1.0006256,0.9838173,-1.5436866,0.47766423,0.051873207
3445,1,3.964827,-3.061986,-0.17996453,-0.33985385,1.1638458,-0.106302805
3446,1,0.699943,2.1500044,2.0112612,2.3329506,0.92151237,-0.09100494
3447,1,2.0397341,-2.5103664,0.18103848,-2.0912952,0.9445963,-0.03937506
3448,1,1.4582093,-1.1550592,0.66380554,3.444052,0.8553049,-0.005729224
3449,1,-2.8728743,0.24135317,0.79192364,-1.4484165,0.5852975,0.069912106
3450,1,-1.3527824,-1.4081857,-0.15352428,-0.008444641,0.3918557,0.07217389
3451,1,4.317706,0.94441885,0.6011738,-1.5371522,0.0093572745,0.033227053
3452,1,1.4452271,-2.697578,-0.88410056,-0.2557165,-0.17658722,0.006927978
3453,1,-1.4160402,1.8578932,1.0929686,2.0128562,0.4006173,-0.11849367
3454,1,0.6730313,-2.3393624,-0.19952218,-2.1115122,0.2804725,-0.014289331
3455,1,0.36929154,-1.0796527,0.16343328,2.956059,0.20297264,-0.023009723
3456,1,-3.4878674,0.25286767,0.40633467,-1.7257727,0.30756253,-0.021482037
3457,1,-1.8797892,-1.2842067,-0.337764,-0.5021148,0.01352827,0.043206353
3458,1,4.0021834,0.9368395,0.5463302,-1.7636764,0.06536783,-0.019346906
3459,1,0.4009775,1.2580945,0.6318145,0.7950349,-0.06575798,0.04085475
3460,1,-0.46809083,-1.0231678,-0.3588494,-0.35726234,0.21376754,0.0073707015
3461,1,-0.0640703,0.9814747,0.3491299,2.0186136,-0.008885874,0.055461816
3462,1,-0.35000673,0.2404422,0.057460774,-1.0781523,-0.06929678,0.040274076
3463,1,-1.5109198,0.16981925,-0.092807375,0.8129185,0.0626637,0.029234678
3464,1,-1.0399964,1.1291862,0.24244377,-2.3134859,-0.09567988,0.035581935
3465,1,1.909342,-0.06730834,-0.21452995,-0.9287673,0.21993798,-0.007016634
3466,1,1.5030804,1.4234279,1.0683388,0.7985594,-0.016460171,0.011192694
3467,1,0.7179308,-1.1947565,-0.1157088,-0.4694912,-0.34624994,0.08294681
3468,1,0.9266037,1.052909,0.78643465,2.3054428,-0.33774027,0.076595694
3469,1,0.20990758,0.21154767,0.31143486,-0.9970882,-0.3025084,0.060902417
3470,1,-0.9944671,0.09132778,0.07097768,1.1853881,-0.26928928,0.072351485
3471,1,-0.7846712,1.1032083,0.36781245,-1.9768986,-0.095842004,0.055545714
3472,1,2.233241,-0.08322277,-0.06239426,-0.7447497,-0.0038562824,0.022890873
3473,1,1.1486745,1.3319023,1.5507354,0.7959382,-0.9051758,0.04914073
3474,1,0.10009281,-1.18203,0.4476847,-0.36154762,-0.7641986,0.05412694
3475,1,0.2790651,1.0099351,1.1945417,2.3672101,-0.7157181,0.03793891
3476,1,-0.18595716,0.17969777,0.66846347,-0.9582952,-0.6163747,0.038367465
3477,1,-1.3046343,0.038865842,0.35121498,1.2700944,-0.4585641,0.031054653
3478,1,-0.9116606,1.1170691,0.56023645,-1.9586236,-0.3295212,0.037509914
3479,1,2.0226974,-0.12175292,-0.038720768,-0.7231441,-0.20111828,0.01931977
3480,1,0.27092695,1.3726053,2.1384127,0.8535116,-0.6916137,-0.011035403
3481,1,-0.3436687,-1.2061392,0.7955112,-0.36780944,-0.69389254,0.004311012
3482,1,-0.045605533,0.9992434,1.5359461,2.337971,-0.6429571,0.0069731125
3483,1,-0.5153017,0.16050406,0.95839155,-0.97867274,-0.542322,-0.006009332
3484,1,-1.4293413,0.050343372,0.5818365,1.1962634,-0.43210757,-0.004861334
3485,1,-1.088345,1.0859345,0.7307571,-1.9833231,-0.3633119,-0.0014306216
3486,1,1.9601969,-0.08639562,0.15658602,-0.7380995,-0.42084277,-0.0008958421
3487,1,0.7508827,1.3695874,2.3625598,0.7982739,-0.45151538,0.0002478773
3488,1,-0.35456672,-1.2121782,1.1180761,-0.36498225,-0.4442537,-0.015990049
3489,1,-0.071838774,1.0273923,1.8001086,2.3291223,-0.4100432,-0.025641073
3490,1,-0.45581174,0.18150434,1.1723114,-1.044491,-0.3649726,-0.025283165
3491,1,-1.4634084,0.07390152,0.78070337,1.1505034,-0.32704183,-0.023137186
3492,1,-1.0651932,1.0952303,0.9051093,-2.016495,-0.3035943,-0.014575963
3493,1,1.6943064,-0.114852756,0.26348504,-0.7428169,-0.33737937,-0.0059853983
3494,1,0.4181824,1.3544648,2.5958087,0.8637602,-0.21289511,-0.012299835
3495,1,-0.2694535,-1.1873857,1.3034176,-0.34978214,-0.20903428,-0.020555018
3496,1,-0.028747758,1.0414501,1.977026,2.283837,-0.20410118,-0.021643491
3497,1,-0.52546126,0.20146379,1.3293809,-1.0521998,-0.18799025,-0.022842877
3498,1,-1.4584002,0.09000023,0.9150757,1.1047139,-0.16596119,-0.01887218
3499,1,-1.1529074,1.0923659,1.0221871,-2.0351212,-0.16804445,-0.013197351
3500,1,1.7870945,-0.078502424,0.44674823,-0.7481403,-0.21561554,-0.0051042037
3501,1,0.8193343,1.381529,2.6438491,0.79647875,-0.00010216601,-0.000110956484
3502,1,-0.34347132,-1.19579,1.3798381,-0.36962828,-0.00017199026,-8.025176e-05
3503,1,-0.08653049,1.0482913,2.0346978,2.3029177,-0.000108821216,-0.00023458086
3504,1,-0.48450166,0.20421284,1.3772484,-1.0794284,-2.593311e-05,-0.00017520123
3505,1,-1.4856546,0.097796924,0.96178794,1.099907,9.683378e-06,-0.00024992763
3506,1,-1.0985767,1.0989041,1.0734097,-2.0405955,0.000117236574,-0.00011790058
3507,1,1.5924845,-0.11143137,0.44005966,-0.75113606,0.0002051484,-0.00010183476
3508,1,0.41820505,1.3541646,2.5956683,0.8636684,0.21245407,0.012175917
3509,1,-0.2694931,-1.1871268,1.303542,-0.34958228,0.20880024,0.020389013
3510,1,-0.028837278,1.0413114,1.9770035,2.283526,0.20389774,0.021198591
3511,1,-0.525392,0.201473,1.3294208,-1.052032,0.18791471,0.022489997
3512,1,-1.4584767,0.09000972,0.9150984,1.104527,0.16600758,0.018409565
3513,1,-1.1528517,1.0923443,1.022214,-2.0350986,0.16825855,0.012949362
3514,1,1.7871125,-0.078501716,0.4468154,-0.7481906,0.21602796,0.0049385712
3515,1,0.7508371,1.3690503,2.3623185,0.79812586,0.45132565,-0.00037098074
3516,1,-0.35462052,-1.2117445,1.1182821,-0.36461902,0.44394735,0.015780289
3517,1,-0.072009444,1.027166,1.8000753,2.3285532,0.40985572,0.025307802
3518,1,-0.4556649,0.1814958,1.1723772,-1.0442115,0.364936,0.02491107
3519,1,-1.4635547,0.07392129,0.7807468,1.1501789,0.3270844,0.022773394
3520,1,-1.0650835,1.0951933,0.90515184,-2.0164764,0.30382666,0.014305868
3521,1,1.6943618,-0.114852995,0.26361203,-0.74289703,0.33778298,0.0058733993
3522,1,0.27097648,1.3718331,2.1380033,0.85329926,0.6912955,0.010997267
3523,1,-0.34383112,-1.2055044,0.7958441,-0.36730275,0.6937043,-0.0044757742
3524,1,-0.045881834,0.9988983,1.5358801,2.337126,0.64282125,-0.0072533973
3525,1,-0.5151077,0.16047418,0.95847726,-0.97823995,0.54230106,0.0057010306
3526,1,-1.4295295,0.050381374,0.58189535,1.195782,0.43217516,0.004575256
3527,1,-1.0881915,1.0858525,0.7307916,-1.9832814,0.36352387,0.0012029846
3528,1,1.9602892,-0.086373776,0.15674259,-0.7382099,0.4212163,0.0008272336
3529,1,1.1485327,1.3307245,1.5503246,0.7956127,0.9050254,-0.049206924
3530,1,0.09992092,-1.1810371,0.44810164,-0.36077404,0.764062,-0.054216146
3531,1,0.27869603,1.0094159,1.1944206,2.3659825,0.71564555,-0.03814373
3532,1,-0.18560217,0.17967537,0.668572,-0.95761454,0.6164265,-0.03859436
3533,1,-1.3049229,0.03888391,0.3512619,1.2694526,0.45862028,-0.03126233
3534,1,-0.911401,1.1169733,0.56027204,-1.9585278,0.32970348,-0.03766673
3535,1,2.0228631,-0.12175188,-0.03857377,-0.72328854,0.20142682,-0.019374654
3536,1,1.5030978,1.4217782,1.0674912,0.7981044,0.01659785,-0.01119669
3537,1,0.7178777,-1.1934508,-0.11504669,-0.4684213,0.3461434,-0.082996234
3538,1,0.9262157,1.0522698,0.78621066,2.303891,0.3377435,-0.07670109
3539,1,0.21044376,0.21150817,0.31151965,-0.9961416,0.30254814,-0.061061963
3540,1,-0.9947691,0.09135123,0.07102424,1.1846339,0.26931006,-0.07246138
3541,1,-0.78433025,1.1030566,0.36780137,-1.9767407,0.09594171,-0.05564492
3542,1,2.2334564,-0.0831997,-0.06228121,-0.74491805,0.0039915713,-0.022898376
3543,1,0.40094784,1.2559742,0.6310094,0.7944873,0.06541111,-0.04087196
3544,1,-0.4681016,-1.0214136,-0.35823455,-0.35592127,-0.21359795,-0.007371001
3545,1,-0.06444795,0.98044384,0.3488286,2.01672,0.008841769,-0.055525735
3546,1,-0.34943637,0.24054933,0.05759667,-1.0767742,0.069306314,-0.040297784
3547,1,-1.5114062,0.16979341,-0.09284076,0.8119062,-0.0626693,-0.029299473
3548,1,-1.0397353,1.1290288,0.2424424,-2.3131316,0.09568757,-0.035597075
3549,1,1.9094039,-0.06729274,-0.21446092,-0.92897934,-0.21988505,0.007010964
3550,1,0.23873278,-0.10437319,-0.23530403,0.11567061,0.22678857,0.014813858
3551,1,-0.5655473,1.1089087,0.035852123,0.65443903,0.00066711387,0.043300375
3552,1,0.11119904,1.1610545,-0.13639519,-0.3137285,0.09485609,0.023090227
3553,1,0.3011695,1.9965079,0.031385913,0.8429532,0.04287815,0.07609518
3554,1,-1.2648022,2.182523,0.02086161,-0.68934155,-0.030212177,0.11344933
3555,1,0.64411706,1.2042421,-0.07742246,-0.60497385,0.07001545,0.10901484
3556,1,0.08669361,0.4054521,-0.078439586,-0.43854702,0.037134305,0.057948194
3557,1,0.88817835,-0.19648877,-0.3212813,0.06289743,-0.042708434,0.055141337
3558,1,-0.48599097,1.0275552,-0.031739354,0.6893761,0.012169005,0.074413896
3559,1,0.38362902,1.0234892,-0.13899782,-0.3241542,-0.052037343,0.091804504
3560,1,0.6109608,1.9422293,0.14702177,0.9706443,-0.070001446,0.14372353
3561,1,-1.3639473,2.1244276,0.087917514,-0.575637,-0.046212357,0.18867822
3562,1,0.9362811,1.1568272,-0.10199623,-0.4335259,-0.03077108,0.1870038
3563,1,0.0016391102,0.38885206,-0.40510935,-0.34800953,0.09105066,0.08456142
3564,1,0.22124031,-0.18221709,0.025332639,0.12225786,-0.23140804,0.016902078
3565,1,-0.35531598,1.0089428,0.26331967,0.69216955,-0.28236115,0.07211196
3566,1,0.27565575,0.9804393,0.2199165,-0.30247515,-0.26936695,0.09398712
3567,1,0.3832682,1.8670484,0.48311844,1.0219548,-0.22185716,0.108995624
3568,1,-1.2394195,2.0894978,0.3468012,-0.582588,-0.16822326,0.12833557
3569,1,0.7153932,1.1242567,-0.011588015,-0.42977777,-0.10810779,0.12605116
3570,1,0.20569694,0.39604136,-0.5033578,-0.3602542,-0.10771046,0.05598089
3571,1,0.7570055,-0.158868,0.6009676,0.07112799,-0.29934445,0.009648534
3572,1,-0.75210416,1.0601956,0.8715842,0.71032476,-0.27191758,0.024954202
3573,1,0.14196077,1.03961,0.7530855,-0.29005867,-0.24254067,0.04743419
3574,1,0.40685427,1.9220685,0.9477925,0.97105694,-0.21058612,0.060992267
3575,1,-1.4338663,2.098057,0.70911634,-0.583593,-0.17228079,0.07620417
3576,1,0.84764963,1.1401712,0.24450356,-0.44229063,-0.14262167,0.08450341
3577,1,-0.12793557,0.38107675,-0.38493133,-0.36334988,-0.14272411,0.044591002
3578,1,0.04953512,-0.17192023,1.073238,0.14325699,-0.15358827,-0.0038812007
3579,1,-0.50018907,1.1067123,1.3209276,0.71544826,-0.14683914,0.004874461
3580,1,0.18543378,1.0976026,1.1696256,-0.32334813,-0.15032785,0.016442373
3581,1,0.3317556,1.9643184,1.315992,0.9749037,-0.13438188,0.02800957
3582,1,-1.3067535,2.1271496,1.0204356,-0.61676,-0.11585903,0.04051098
3583,1,0.6842134,1.1472558,0.51178724,-0.4487889,-0.1149527,0.055333193
3584,1,0.17053045,0.4000397,-0.1389083,-0.36135566,-0.14934301,0.029523473
3585,1,0.81002676,-0.1366429,1.2925377,0.07848552,-0.06705077,0.0013131119
3586,1,-0.70153034,1.1090125,1.5619602,0.7062245,-0.07650857,0.00038736133
3587,1,0.15682298,1.1130065,1.4052855,-0.29778773,-0.07132297,0.003371896
3588,1,0.39113832,1.9920279,1.5308887,0.94369274,-0.068116195,0.009473875
3589,1,-1.4023713,2.137902,1.2232232,-0.6122528,-0.065768726,0.018417334
3590,1,0.81696635,1.1569629,0.7064114,-0.45540425,-0.06316642,0.026422389
3591,1,-0.19121665,0.3795503,0.022725444,-0.3662625,-0.07958311,0.015573996
3592,1,0.07617076,-0.17417176,1.3679873,0.14656207,-0.00010408119,-4.5498993e-05
3593,1,-0.5069355,1.1175212,1.6359813,0.7231098,-2.9279112e-05,-0.00019244997
3594,1,0.18060143,1.1250135,1.4813089,-0.3228404,-3.4350633e-05,-0.00022115742
3595,1,0.33074144,1.9954655,1.607726,0.95899016,-2.373485e-05,-0.00028405624
3596,1,-1.3208895,2.1447015,1.2922909,-0.62621546,1.6024818e-05,-0.00025238728
3597,1,0.67927355,1.1560712,0.7741145,-0.45465928,3.0572624e-05,-0.00022770933
3598,1,0.1593827,0.4022956,0.11089477,-0.3617844,8.337705e-05,-7.622568e-05
3599,1,0.8098753,-0.13655905,1.2925515,0.07852485,0.06696756,-0.0014354569
3600,1,-0.7014611,1.1089542,1.5619609,0.7061507,0.07639133,-0.0007491335
3601,1,0.1568631,1.1130823,1.4053473,-0.2977025,0.07126279,-0.003806273
3602,1,0.3909876,1.9920386,1.5309031,0.9435876,0.06808053,-0.010017646
3603,1,-1.4021882,2.137927,1.2232494,-0.6122225,0.06579369,-0.018910065
3604,1,0.81682026,1.1569798,0.70641226,-0.45543832,0.06323862,-0.026859792
3605,1,-0.19114828,0.37955987,0.02277256,-0.3662683,0.079747185,-0.015730154
3606,1,0.04973468,-0.17175561,1.0732654,0.14329167,0.15340187,0.0037803038
3607,1,-0.50025755,1.1066216,1.3209431,0.71530676,0.1467821,-0.0051833987
3608,1,0.18552636,1.0977285,1.1697404,-0.32319,0.15026344,-0.016850654
3609,1,0.33151,1.9643509,1.3160206,0.9747079,0.13434702,-0.028480504
3610,1,-1.3064446,2.1271875,1.0204738,-0.6167104,0.115893506,-0.040971994
3611,1,0.6839815,1.1472868,0.511776,-0.44885015,0.11501946,-0.055708352
3612,1,0.17062946,0.40006077,-0.1388376,-0.36137185,0.14950608,-0.029678734
3613,1,0.75658447,-0.15864666,0.60103476,0.07122183,0.29926568,-0.009753268
3614,1,-0.7519159,1.0600636,0.87159973,0.710129,0.27183163,-0.025204547
3615,1,0.14203931,1.0397944,0.7532492,-0.2898461,0.24250448,-0.04776757
3616,1,0.40646058,1.9220961,0.94781536,0.9707745,0.21056946,-0.061374713
3617,1,-1.4333706,2.0981061,0.70914894,-0.5835158,0.17231669,-0.076582715
3618,1,0.8472525,1.1402166,0.24445881,-0.44237483,0.1426924,-0.08481193
3619,1,-0.12773691,0.38109076,-0.38486814,-0.36338073,0.14287621,-0.04472474
3620,1,0.22152093,-0.18187109,0.025404915,0.122327365,0.23132448,-0.016960848
3621,1,-0.3554241,1.0086995,0.2633202,0.69186556,0.28234708,-0.072290316
3622,1,0.2758482,0.98067915,0.22008799,-0.30211797,0.2693577,-0.09421869
3623,1,0.3827302,1.8670639,0.48310414,1.0215436,0.22185084,-0.10927634
3624,1,-1.2387189,2.0895412,0.34682593,-0.5824482,0.16826466,-0.12860605
3625,1,0.71486646,1.1243063,-0.011691009,-0.42989212,0.10816022,-0.12626462
3626,1,0.20594338,0.3960827,-0.5033255,-0.36029136,0.10782591,-0.056076407
3627,1,0.8876891,-0.19601545,-0.32109955,0.06305389,0.04256734,-0.05516603
3628,1,-0.48571837,1.027226,-0.031855017,0.6889495,-0.012122508,-0.07450523
3629,1,0.38391683,1.0237583,-0.13882971,-0.3236824,0.05203284,-0.091945544
3630,1,0.610165,1.942211,0.14695051,0.97016674,0.070000075,-0.1438854
3631,1,-1.3629355,2.1244915,0.08795808,-0.57544607,0.04622526,-0.18884979
3632,1,0.9355287,1.156878,-0.10211224,-0.43364626,0.030778168,-0.18711536
3633,1,0.0020155471,0.38887,-0.40510148,-0.34805784,-0.09098946,-0.08460909
3634,1,0.23865803,-0.10379036,-0.23509789,0.11581305,-0.22663715,-0.014811507
3635,1,-0.56538296,1.1083632,0.035675462,0.65394807,-0.0007859961,-0.043321658
3636,1,0.11147112,1.1613854,-0.13625225,-0.31308174,-0.094797425,-0.02313822
3637,1,0.300313,1.9964238,0.03129754,0.84232414,-0.042901173,-0.0761538
3638,1,-1.263654,2.18263,0.020911181,-0.68900704,0.030212536,-0.113499425
3639,1,0.64315134,1.204348,-0.07747962,-0.6051422,-0.070022576,-0.10906188
3640,1,0.0870957,0.40552658,-0.0784456,-0.43858975,-0.03713584,-0.05794722
