NodeLabel,X_mm,Y_mm,Z_mm,U1_mm,U2_mm,U3_mm
1,-12.0,0.0,8.0,-0.029979907,0.050831083,0.00021582126
2,-12.0,0.5714286,8.0,-0.025548369,0.0540377,4.27525e-06
3,-12.0,1.1428572,8.0,-0.011192964,0.051286507,-0.000109558954
4,-12.0,1.7142857,8.0,-0.006668608,0.053395174,-2.5655261e-05
5,-12.0,2.2857144,8.0,0.007866277,0.05205762,-0.00021059635
6,-12.0,2.857143,8.0,0.012606717,0.052835412,-0.00012120535
7,-12.0,3.4285715,8.0,0.027421108,0.052718714,-0.0001957535
8,-12.0,4.0,8.0,0.032212082,0.05220924,-0.0003728049
9,-12.0,0.0,7.3846154,-0.029793616,0.05061037,-2.6739532e-05
10,-12.0,0.5714286,7.3846154,-0.025452856,0.054088093,3.9760384e-05
11,-12.0,1.1428572,7.3846154,-0.010821476,0.051155563,1.4977059e-05
12,-12.0,1.7142857,7.3846154,-0.0066218437,0.053373326,-7.573252e-05
13,-12.0,2.2857144,7.3846154,0.008204609,0.051984105,-5.698148e-05
14,-12.0,2.857143,7.3846154,0.012666589,0.052779924,-0.00013281967
15,-12.0,3.4285715,7.3846154,0.027637487,0.05265917,-0.00012100016
16,-12.0,4.0,7.3846154,0.032322727,0.05218861,-4.778189e-05
17,-12.0,0.0,6.769231,-0.029394073,0.05054798,0.00015282517
18,-12.0,0.5714286,6.769231,-0.025394905,0.05407501,6.924285e-05
19,-12.0,1.1428572,6.769231,-0.010594534,0.051070224,3.741653e-05
20,-12.0,1.7142857,6.769231,-0.0065404666,0.053328175,2.1988797e-05
21,-12.0,2.2857144,6.769231,0.00842941,0.05191184,-3.406739e-05
22,-12.0,2.857143,6.769231,0.0126888575,0.052672464,-4.5221474e-05
23,-12.0,3.4285715,6.769231,0.027890269,0.052620538,-0.0001351947
24,-12.0,4.0,6.769231,0.032265514,0.052038215,-0.00028836064
25,-12.0,0.0,6.1538463,-0.029406125,0.05054454,0.00012024616
26,-12.0,0.5714286,6.1538463,-0.025315315,0.05397458,0.000111117435
27,-12.0,1.1428572,6.1538463,-0.010485203,0.05107762,7.9597456e-05
28,-12.0,1.7142857,6.1538463,-0.0064938157,0.053231478,4.9872648e-05
29,-12.0,2.2857144,6.1538463,0.008524617,0.051880155,2.4143437e-05
30,-12.0,2.857143,6.1538463,0.012757546,0.05258366,-2.9429371e-05
31,-12.0,3.4285715,6.1538463,0.02794988,0.052563418,-2.0680547e-05
32,-12.0,4.0,6.1538463,0.032392338,0.05196949,-3.202251e-06
33,-12.0,0.0,5.5384617,-0.029312657,0.050520513,0.00011144177
34,-12.0,0.5714286,5.5384617,-0.025277011,0.053989083,9.782578e-05
35,-12.0,1.1428572,5.5384617,-0.010481441,0.05100914,8.9907546e-05
36,-12.0,1.7142857,5.5384617,-0.006436192,0.053214,5.428813e-05
37,-12.0,2.2857144,5.5384617,0.008538674,0.051818207,3.3810466e-05
38,-12.0,2.857143,5.5384617,0.012802573,0.052543223,1.5388674e-05
39,-12.0,3.4285715,5.5384617,0.02798342,0.052495,-5.6948207e-05
40,-12.0,4.0,5.5384617,0.032380823,0.0519065,-0.00015532404
41,-12.0,0.0,4.923077,-0.029350918,0.050500967,9.620232e-05
42,-12.0,0.5714286,4.923077,-0.025254937,0.053959105,7.3363066e-05
43,-12.0,1.1428572,4.923077,-0.01046244,0.050993644,4.957738e-05
44,-12.0,1.7142857,4.923077,-0.0064275395,0.053189363,4.8785656e-05
45,-12.0,2.2857144,4.923077,0.008552164,0.05178065,2.75858e-05
46,-12.0,2.857143,4.923077,0.012816835,0.05251633,3.9057463e-06
47,-12.0,3.4285715,4.923077,0.027976846,0.052445058,3.184222e-05
48,-12.0,4.0,4.923077,0.0324132,0.051873945,5.593985e-05
49,-12.0,0.0,4.3076925,-0.029332196,0.05049834,8.338064e-06
50,-12.0,0.5714286,4.3076925,-0.025249023,0.053960063,2.1509428e-05
51,-12.0,1.1428572,4.3076925,-0.0104745515,0.050976753,3.101547e-05
52,-12.0,1.7142857,4.3076925,-0.0064185704,0.053178437,1.0077584e-05
53,-12.0,2.2857144,4.3076925,0.008539655,0.051764157,1.3124919e-05
54,-12.0,2.857143,4.3076925,0.012819277,0.052499123,1.2434706e-05
55,-12.0,3.4285715,4.3076925,0.0279658,0.052422382,-3.630121e-05
56,-12.0,4.0,4.3076925,0.03239246,0.051849637,-9.100038e-05
57,-12.0,0.0,3.6923077,-0.029346926,0.05049778,-4.5157863e-06
58,-12.0,0.5714286,3.6923077,-0.02526427,0.05396009,-1.8401097e-05
59,-12.0,1.1428572,3.6923077,-0.010489242,0.050976288,-2.8881448e-05
60,-12.0,1.7142857,3.6923077,-0.0064338087,0.053178363,-8.550427e-06
61,-12.0,2.2857144,3.6923077,0.008524928,0.05176379,-1.2534694e-05
62,-12.0,2.857143,3.6923077,0.012804013,0.05249896,-1.2461546e-05
63,-12.0,3.4285715,3.6923077,0.02795105,0.052422095,3.530837e-05
64,-12.0,4.0,3.6923077,0.032377195,0.0518494,8.928042e-05
65,-12.0,0.0,3.0769231,-0.029394912,0.05049932,-9.244574e-05
66,-12.0,0.5714286,3.0769231,-0.025300546,0.05395918,-7.023137e-05
67,-12.0,1.1428572,3.0769231,-0.01050653,0.050992258,-4.7461665e-05
68,-12.0,1.7142857,3.0769231,-0.006473262,0.053189147,-4.723187e-05
69,-12.0,2.2857144,3.0769231,0.008507997,0.051779546,-2.702421e-05
70,-12.0,2.857143,3.0769231,0.012771034,0.05251584,-3.9073307e-06
71,-12.0,3.4285715,3.0769231,0.027932564,0.052444186,-3.2865115e-05
72,-12.0,4.0,3.0769231,0.032367285,0.051873233,-5.762151e-05
73,-12.0,0.0,2.4615386,-0.029386109,0.05051779,-0.00010764325
74,-12.0,0.5714286,2.4615386,-0.02535311,0.05398921,-9.464433e-05
75,-12.0,1.1428572,2.4615386,-0.010554932,0.051006854,-8.782105e-05
76,-12.0,1.7142857,2.4615386,-0.006512375,0.053213634,-5.27017e-05
77,-12.0,2.2857144,2.4615386,0.008465043,0.051816396,-3.32763e-05
78,-12.0,2.857143,2.4615386,0.012726261,0.0525424,-1.5371941e-05
79,-12.0,3.4285715,2.4615386,0.027909636,0.05249358,5.589147e-05
80,-12.0,4.0,2.4615386,0.0323044,0.051905315,0.00015364759
81,-12.0,0.0,1.8461539,-0.029508872,0.05054076,-0.00011652176
82,-12.0,0.5714286,1.8461539,-0.025421819,0.05397477,-0.00010795075
83,-12.0,1.1428572,1.8461539,-0.010588059,0.051074456,-7.74892e-05
84,-12.0,1.7142857,1.8461539,-0.0066005234,0.05323099,-4.828543e-05
85,-12.0,2.2857144,1.8461539,0.008421591,0.051877648,-2.3613742e-05
86,-12.0,2.857143,1.8461539,0.01265068,0.052582532,2.9438508e-05
87,-12.0,3.4285715,1.8461539,0.027846623,0.05256146,1.9615016e-05
88,-12.0,4.0,1.8461539,0.032285262,0.05196784,1.5541889e-06
89,-12.0,0.0,1.2307693,-0.029526038,0.05054284,-0.00014907015
90,-12.0,0.5714286,1.2307693,-0.025532125,0.054075584,-6.601874e-05
91,-12.0,1.1428572,1.2307693,-0.01072661,0.051065955,-3.531263e-05
92,-12.0,1.7142857,1.2307693,-0.0066778287,0.05332776,-2.039196e-05
93,-12.0,2.2857144,1.2307693,0.008297135,0.051908545,3.45937e-05
94,-12.0,2.857143,1.2307693,0.012551303,0.05267112,4.5219473e-05
95,-12.0,3.4285715,1.2307693,0.02775775,0.05261805,0.00013410997
96,-12.0,4.0,1.2307693,0.032127768,0.05203612,0.00028667576
97,-12.0,0.0,0.61538464,-0.029954968,0.05060398,3.0605584e-05
98,-12.0,0.5714286,0.61538464,-0.025620528,0.054088995,-3.6595608e-05
99,-12.0,1.1428572,0.61538464,-0.010982878,0.051150303,-1.2863227e-05
100,-12.0,1.7142857,0.61538464,-0.00678977,0.053372968,7.7347024e-05
101,-12.0,2.2857144,0.61538464,0.008042984,0.051980052,5.7497862e-05
102,-12.0,2.857143,0.61538464,0.012498495,0.052778415,0.00013281999
103,-12.0,3.4285715,0.61538464,0.027475558,0.052656103,0.00011990456
104,-12.0,4.0,0.61538464,0.032154385,0.05218619,4.6138615e-05
105,-12.0,0.0,0.0,-0.030170986,0.05082413,-0.00021228957
106,-12.0,0.5714286,0.0,-0.02574621,0.054038372,-9.90272e-07
107,-12.0,1.1428572,0.0,-0.011384182,0.051280677,0.00011174366
108,-12.0,1.7142857,0.0,-0.006866603,0.053394612,2.7196571e-05
109,-12.0,2.2857144,0.0,0.0076748603,0.05205304,0.00021117849
110,-12.0,2.857143,0.0,0.01240851,0.052833643,0.000121164965
111,-12.0,3.4285715,0.0,0.027229425,0.052715186,0.00019468133
112,-12.0,4.0,0.0,0.032013666,0.052206475,0.0003711
113,-11.4,0.0,8.0,-0.034834925,0.044417035,9.245876e-05
114,-11.4,0.5714286,8.0,-0.020943267,0.041080326,0.00021903614
115,-11.4,1.1428572,8.0,-0.015970135,0.04377485,0.00022957391
116,-11.4,1.7142857,8.0,-0.0020554636,0.041641016,3.766948e-05
117,-11.4,2.2857144,8.0,0.0030458735,0.04299277,0.0001344088
118,-11.4,2.857143,8.0,0.017237296,0.04225867,-1.6996657e-05
119,-11.4,3.4285715,8.0,0.022590378,0.042305686,-1.6310876e-05
120,-11.4,4.0,8.0,0.0369132,0.04268021,9.85851e-05
121,-11.4,0.0,7.3846154,-0.03465985,0.04455906,0.0003537202
122,-11.4,0.5714286,7.3846154,-0.020629322,0.040912874,0.00020817824
123,-11.4,1.1428572,7.3846154,-0.015869653,0.043793198,0.00015707474
124,-11.4,1.7142857,7.3846154,-0.0017297049,0.04154223,0.00016115222
125,-11.4,2.2857144,7.3846154,0.0031402295,0.04294583,6.4335705e-05
126,-11.4,2.857143,7.3846154,0.0175081,0.04219639,5.8373913e-05
127,-11.4,3.4285715,7.3846154,0.022647329,0.042234786,-4.0593557e-05
128,-11.4,4.0,7.3846154,0.037108317,0.042594474,-0.00023035493
129,-11.4,0.0,6.769231,-0.03463365,0.044507354,0.00020305216
130,-11.4,0.5714286,6.769231,-0.020368746,0.040834732,0.00021494999
131,-11.4,1.1428572,6.769231,-0.015788335,0.043772485,0.0001848879
132,-11.4,1.7142857,6.769231,-0.0014943798,0.041464727,0.00013141666
133,-11.4,2.2857144,6.769231,0.00318926,0.04287314,0.000108613356
134,-11.4,2.857143,6.769231,0.017735865,0.042144645,3.5231697e-05
135,-11.4,3.4285715,6.769231,0.02265877,0.042115938,3.0964267e-05
136,-11.4,4.0,6.769231,0.037368044,0.042586267,6.0509275e-05
137,-11.4,0.0,6.1538463,-0.03451585,0.044460665,0.00021846633
138,-11.4,0.5714286,6.1538463,-0.020285152,0.040852893,0.00018808719
139,-11.4,1.1428572,6.1538463,-0.015736219,0.04367217,0.0001623977
140,-11.4,1.7142857,6.1538463,-0.0014068681,0.041453127,0.00013033862
141,-11.4,2.2857144,6.1538463,0.0032513267,0.042782843,8.661068e-05
142,-11.4,2.857143,6.1538463,0.017811865,0.04210117,6.618691e-05
143,-11.4,3.4285715,6.1538463,0.022735717,0.042028874,-2.9428586e-05
144,-11.4,4.0,6.1538463,0.03741375,0.042517986,-0.00014868852
145,-11.4,0.0,5.5384617,-0.03451799,0.044443853,0.00017741014
146,-11.4,0.5714286,5.5384617,-0.020266216,0.040787186,0.00015233867
147,-11.4,1.1428572,5.5384617,-0.01568804,0.04367101,0.00011963686
148,-11.4,1.7142857,5.5384617,-0.0013926177,0.04139095,0.00010622395
149,-11.4,2.2857144,5.5384617,0.0032951722,0.042754386,7.5050986e-05
150,-11.4,2.857143,5.5384617,0.017838161,0.042039093,3.3679098e-05
151,-11.4,3.4285715,5.5384617,0.022765875,0.04198941,4.7883248e-05
152,-11.4,4.0,5.5384617,0.037451427,0.042459007,6.1638944e-05
153,-11.4,0.0,4.923077,-0.03447066,0.04444588,7.8233854e-05
154,-11.4,0.5714286,4.923077,-0.020257527,0.04078314,8.947908e-05
155,-11.4,1.1428572,4.923077,-0.015676182,0.043644372,8.578795e-05
156,-11.4,1.7142857,4.923077,-0.0013823985,0.041363392,5.7636968e-05
157,-11.4,2.2857144,4.923077,0.0033108378,0.042732738,4.3627253e-05
158,-11.4,2.857143,4.923077,0.017840322,0.04200004,3.5353954e-05
159,-11.4,3.4285715,4.923077,0.022781882,0.041962646,-3.3734632e-05
160,-11.4,4.0,4.923077,0.037426434,0.042410444,-0.00010208085
161,-11.4,0.0,4.3076925,-0.034477744,0.0444361,5.1830455e-05
162,-11.4,0.5714286,4.3076925,-0.020263271,0.040767036,2.5389163e-05
163,-11.4,1.1428572,4.3076925,-0.015668739,0.043639928,9.189967e-06
164,-11.4,1.7142857,4.3076925,-0.001392689,0.04134943,1.777455e-05
165,-11.4,2.2857144,4.3076925,0.003313505,0.042720243,5.4415677e-06
166,-11.4,2.857143,4.3076925,0.017830158,0.04198346,-9.179593e-06
167,-11.4,3.4285715,4.3076925,0.02277628,0.0419482,3.0577106e-05
168,-11.4,4.0,4.3076925,0.03741572,0.04239094,6.307214e-05
169,-11.4,0.0,3.6923077,-0.034492854,0.044436194,-7.7049146e-05
170,-11.4,0.5714286,3.6923077,-0.020277971,0.04076653,-5.15942e-05
171,-11.4,1.1428572,3.6923077,-0.015683929,0.04363992,-3.6075544e-05
172,-11.4,1.7142857,3.6923077,-0.0014074368,0.041349027,-4.5596844e-05
173,-11.4,2.2857144,3.6923077,0.0032982903,0.042720135,-3.3914737e-05
174,-11.4,2.857143,3.6923077,0.017815381,0.041983146,-2.0222742e-05
175,-11.4,3.4285715,3.6923077,0.022761023,0.041948006,-6.06809e-05
176,-11.4,4.0,3.6923077,0.037400886,0.0423907,-9.417955e-05
177,-11.4,0.0,3.0769231,-0.034516215,0.044446103,-0.000103382794
178,-11.4,0.5714286,3.0769231,-0.020301731,0.040781643,-0.00011570456
179,-11.4,1.1428572,3.0769231,-0.015721738,0.043644343,-0.000112647656
180,-11.4,1.7142857,3.0769231,-0.0014266414,0.04136219,-8.5484586e-05
181,-11.4,2.2857144,3.0769231,0.0032651904,0.042732418,-7.20703e-05
182,-11.4,2.857143,3.0769231,0.017795993,0.041999105,-6.478718e-05
183,-11.4,3.4285715,3.0769231,0.02273615,0.041962087,3.6605943e-06
184,-11.4,4.0,3.0769231,0.03738204,0.04240973,7.093673e-05
185,-11.4,0.0,2.4615386,-0.034593765,0.044444244,-0.00020261605
186,-11.4,0.5714286,2.4615386,-0.020339834,0.040784705,-0.00017860014
187,-11.4,1.1428572,2.4615386,-0.015763972,0.043670956,-0.00014645666
188,-11.4,1.7142857,2.4615386,-0.0014663655,0.041388974,-0.00013409693
189,-11.4,2.2857144,2.4615386,0.003219107,0.042753838,-0.000103469545
190,-11.4,2.857143,2.4615386,0.017764276,0.042037565,-6.313529e-05
191,-11.4,3.4285715,2.4615386,0.022689646,0.041988462,-7.793205e-05
192,-11.4,4.0,2.4615386,0.037377376,0.042457834,-9.2776754e-05
193,-11.4,0.0,1.8461539,-0.034622114,0.04446122,-0.00024358479
194,-11.4,0.5714286,1.8461539,-0.020388259,0.040849455,-0.00021432377
195,-11.4,1.1428572,1.8461539,-0.015842555,0.04367211,-0.00018922216
196,-11.4,1.7142857,1.8461539,-0.0015100816,0.041450374,-0.00015820465
197,-11.4,2.2857144,1.8461539,0.0031448074,0.042782098,-0.000115024544
198,-11.4,2.857143,1.8461539,0.017708471,0.042099055,-9.5648466e-05
199,-11.4,3.4285715,1.8461539,0.022629008,0.042027567,-6.1702923e-07
200,-11.4,4.0,1.8461539,0.037310194,0.04251638,0.00011752809
201,-11.4,0.0,1.2307693,-0.03477034,0.044508427,-0.00022823387
202,-11.4,0.5714286,1.2307693,-0.020501131,0.040830057,-0.00024121764
203,-11.4,1.1428572,1.2307693,-0.01592522,0.043772675,-0.0002116892
204,-11.4,1.7142857,1.2307693,-0.0016269399,0.04146105,-0.00015928212
205,-11.4,2.2857144,1.2307693,0.0030521713,0.04287232,-0.00013702404
206,-11.4,2.857143,1.2307693,0.017603103,0.042141896,-6.468864e-05
207,-11.4,3.4285715,1.2307693,0.022521438,0.042114303,-6.1007016e-05
208,-11.4,4.0,1.2307693,0.037235036,0.04258425,-9.16119e-05
209,-11.4,0.0,0.61538464,-0.034827057,0.044560596,-0.0003789766
210,-11.4,0.5714286,0.61538464,-0.020791208,0.04090706,-0.00023437526
211,-11.4,1.1428572,0.61538464,-0.016036961,0.043793574,-0.00018386637
212,-11.4,1.7142857,0.61538464,-0.0018917219,0.041537687,-0.0001890169
213,-11.4,2.2857144,0.61538464,0.0029726983,0.04294496,-9.27308e-05
214,-11.4,2.857143,0.61538464,0.01734587,0.042192996,-8.783277e-05
215,-11.4,3.4285715,0.61538464,0.022479558,0.04223292,1.0557869e-05
216,-11.4,4.0,0.61538464,0.036945876,0.042591985,0.00019922455
217,-11.4,0.0,0.0,-0.03503212,0.044418324,-0.000117382944
218,-11.4,0.5714286,0.0,-0.021134904,0.041073963,-0.0002453199
219,-11.4,1.1428572,0.0,-0.016167538,0.043775033,-0.00025641697
220,-11.4,1.7142857,0.0,-0.002247276,0.04163592,-6.544125e-05
221,-11.4,2.2857144,0.0,0.0028482466,0.042991675,-0.00016284928
222,-11.4,2.857143,0.0,0.017045276,0.04225478,-1.2421852e-05
223,-11.4,3.4285715,0.0,0.022392489,0.042303514,-1.372848e-05
224,-11.4,4.0,0.0,0.036720917,0.04267728,-0.00012965847
225,-10.8,0.0,8.0,-0.030639559,0.030945098,0.0006080469
226,-10.8,0.5714286,8.0,-0.02528796,0.034201007,0.00042992376
227,-10.8,1.1428572,8.0,-0.011820616,0.03130099,0.0003299919
228,-10.8,1.7142857,8.0,-0.006433051,0.03336474,0.0004323784
229,-10.8,2.2857144,8.0,0.0072430647,0.031890392,0.00022906208
230,-10.8,2.857143,8.0,0.012804479,0.032491893,0.00024578927
231,-10.8,3.4285715,8.0,0.026826378,0.03238857,0.00010510461
232,-10.8,4.0,8.0,0.032522492,0.031834062,-0.00019338798
233,-10.8,0.0,7.3846154,-0.030343985,0.030707803,0.0003482822
234,-10.8,0.5714286,7.3846154,-0.025145961,0.034293048,0.00042513176
235,-10.8,1.1428572,7.3846154,-0.011470722,0.031171596,0.00040702627
236,-10.8,1.7142857,7.3846154,-0.006294172,0.033333633,0.00031411592
237,-10.8,2.2857144,7.3846154,0.0075443797,0.031793565,0.00029826935
238,-10.8,2.857143,7.3846154,0.012905318,0.03239502,0.00018404963
239,-10.8,3.4285715,7.3846154,0.027056716,0.032285143,0.00014318332
240,-10.8,4.0,7.3846154,0.032588493,0.031731438,0.00018306948
241,-10.8,0.0,6.769231,-0.030046402,0.030703375,0.00045848227
242,-10.8,0.5714286,6.769231,-0.025060823,0.034280248,0.00039216646
243,-10.8,1.1428572,6.769231,-0.01123389,0.031076014,0.0003525193
244,-10.8,1.7142857,6.769231,-0.006237613,0.033282306,0.0003181358
245,-10.8,2.2857144,6.769231,0.007777326,0.03172379,0.00024209319
246,-10.8,2.857143,6.769231,0.012935606,0.032285348,0.0002008366
247,-10.8,3.4285715,6.769231,0.027273612,0.032243423,8.160666e-05
248,-10.8,4.0,6.769231,0.032612033,0.031571474,-8.4010615e-05
249,-10.8,0.0,6.1538463,-0.030005291,0.030677514,0.00036281833
250,-10.8,0.5714286,6.1538463,-0.025014782,0.034175254,0.0003313828
251,-10.8,1.1428572,6.1538463,-0.011159952,0.03108738,0.00029562524
252,-10.8,1.7142857,6.1538463,-0.0061829155,0.033186343,0.0002559279
253,-10.8,2.2857144,6.1538463,0.007844984,0.031696085,0.00021273847
254,-10.8,2.857143,6.1538463,0.0130015435,0.032201085,0.00013918048
255,-10.8,3.4285715,6.1538463,0.02734358,0.032194022,0.00013616632
256,-10.8,4.0,6.1538463,0.032684337,0.03150107,0.00014999787
257,-10.8,0.0,5.5384617,-0.02996874,0.030654034,0.00024137094
258,-10.8,0.5714286,5.5384617,-0.024974136,0.03419108,0.00023865099
259,-10.8,1.1428572,5.5384617,-0.01114503,0.03101852,0.00022422988
260,-10.8,1.7142857,5.5384617,-0.006145828,0.033174105,0.00017918415
261,-10.8,2.2857144,5.5384617,0.007871956,0.031640816,0.00014678141
262,-10.8,2.857143,5.5384617,0.013039371,0.03217504,0.00011979101
263,-10.8,3.4285715,5.5384617,0.027367918,0.032138478,3.3667882e-05
264,-10.8,4.0,5.5384617,0.03270194,0.031459473,-5.5582885e-05
265,-10.8,0.0,4.923077,-0.029971672,0.03062924,0.00017574617
266,-10.8,0.5714286,4.923077,-0.024955608,0.034160543,0.00014017681
267,-10.8,1.1428572,4.923077,-0.01113758,0.03100721,0.00011456978
268,-10.8,1.7142857,4.923077,-0.0061272103,0.033155296,0.00010740497
269,-10.8,2.2857144,4.923077,0.007872551,0.031613015,8.111778e-05
270,-10.8,2.857143,4.923077,0.013056945,0.03215949,4.73771e-05
271,-10.8,3.4285715,4.923077,0.027361188,0.032105714,7.379187e-05
272,-10.8,4.0,4.923077,0.03271075,0.031444263,9.928338e-05
273,-10.8,0.0,4.3076925,-0.029969612,0.030630039,3.3414801e-06
274,-10.8,0.5714286,4.3076925,-0.024950039,0.034164455,2.7113008e-05
275,-10.8,1.1428572,4.3076925,-0.011145471,0.03099357,3.2234657e-05
276,-10.8,1.7142857,4.3076925,-0.0061260085,0.03314923,1.0432419e-05
277,-10.8,2.2857144,4.3076925,0.007864894,0.031602073,8.844863e-06
278,-10.8,2.857143,4.3076925,0.0130551625,0.03215104,9.070867e-06
279,-10.8,3.4285715,4.3076925,0.027348878,0.032091938,-4.557621e-05
280,-10.8,4.0,4.3076925,0.032697447,0.03143224,-9.4292984e-05
281,-10.8,0.0,3.6923077,-0.029984454,0.030629473,-5.786889e-05
282,-10.8,0.5714286,3.6923077,-0.024965206,0.03416451,-8.239775e-05
283,-10.8,1.1428572,3.6923077,-0.011160224,0.03099312,-8.84585e-05
284,-10.8,1.7142857,3.6923077,-0.006141186,0.033149183,-6.7339904e-05
285,-10.8,2.2857144,3.6923077,0.007850104,0.03160173,-6.6649525e-05
286,-10.8,2.857143,3.6923077,0.0130399605,0.032150898,-6.7568006e-05
287,-10.8,3.4285715,3.6923077,0.027334062,0.032091685,-1.3845607e-05
288,-10.8,4.0,3.6923077,0.032682236,0.031432033,3.4108354e-05
289,-10.8,0.0,3.0769231,-0.030015836,0.030627646,-0.00023035107
290,-10.8,0.5714286,3.0769231,-0.025001023,0.03416071,-0.00019543247
291,-10.8,1.1428572,3.0769231,-0.011181885,0.031005867,-0.00017081639
292,-10.8,1.7142857,3.0769231,-0.006172722,0.03315515,-0.00016427986
293,-10.8,2.2857144,3.0769231,0.007828173,0.03161199,-0.00013895282
294,-10.8,2.857143,3.0769231,0.013011342,0.03215907,-0.00010583955
295,-10.8,3.4285715,3.0769231,0.027316712,0.03210493,-0.00013324308
296,-10.8,4.0,3.0769231,0.03266503,0.03144364,-0.00015941904
297,-10.8,0.0,2.4615386,-0.030042604,0.030651348,-0.00029591413
298,-10.8,0.5714286,2.4615386,-0.025049884,0.034191348,-0.0002938637
299,-10.8,1.1428572,2.4615386,-0.011218851,0.031016305,-0.00028050656
300,-10.8,1.7142857,2.4615386,-0.0062216907,0.033173848,-0.00023602287
301,-10.8,2.2857144,2.4615386,0.007797995,0.03163914,-0.0002046381
302,-10.8,2.857143,2.4615386,0.012963375,0.032174338,-0.00017822633
303,-10.8,3.4285715,2.4615386,0.027293812,0.032137208,-9.313986e-05
304,-10.8,4.0,2.4615386,0.03262582,0.031458434,-4.5404263e-06
305,-10.8,0.0,1.8461539,-0.030108472,0.030673804,-0.00041747733
306,-10.8,0.5714286,1.8461539,-0.025120817,0.03417563,-0.0003866052
307,-10.8,1.1428572,1.8461539,-0.011263312,0.031084301,-0.0003518786
308,-10.8,1.7142857,1.8461539,-0.0062891333,0.033185996,-0.00031276324
309,-10.8,2.2857144,1.8461539,0.007741463,0.03169375,-0.0002705891
310,-10.8,2.857143,1.8461539,0.012895139,0.03220011,-0.0001976074
311,-10.8,3.4285715,1.8461539,0.027239857,0.03219226,-0.00019563246
312,-10.8,4.0,1.8461539,0.032577705,0.031499606,-0.00021006996
313,-10.8,0.0,1.2307693,-0.030179193,0.030698283,-0.0005130424
314,-10.8,0.5714286,1.2307693,-0.025197336,0.03428106,-0.0004473461
315,-10.8,1.1428572,1.2307693,-0.011366651,0.031071838,-0.00040878158
316,-10.8,1.7142857,1.2307693,-0.006374316,0.03328205,-0.00037494852
317,-10.8,2.2857144,1.2307693,0.0076443627,0.031720705,-0.00029993698
318,-10.8,2.857143,1.2307693,0.012798703,0.032284178,-0.00025925713
319,-10.8,3.4285715,1.2307693,0.027140422,0.032241173,-0.00014106467
320,-10.8,4.0,1.2307693,0.032474924,0.031569608,2.3910237e-05
321,-10.8,0.0,0.61538464,-0.030506138,0.030701427,-0.0004028214
322,-10.8,0.5714286,0.61538464,-0.025312785,0.034294214,-0.00048034746
323,-10.8,1.1428572,0.61538464,-0.0116330385,0.031166418,-0.00046326258
324,-10.8,1.7142857,0.61538464,-0.006461222,0.033333454,-0.00037091726
325,-10.8,2.2857144,0.61538464,0.0073818667,0.031789728,-0.00035609928
326,-10.8,2.857143,0.61538464,0.012738048,0.03239371,-0.00024245842
327,-10.8,3.4285715,0.61538464,0.026893958,0.03228234,-0.00020263034
328,-10.8,4.0,0.61538464,0.032420937,0.03172925,-0.00024310812
329,-10.8,0.0,0.0,-0.030831698,0.030938197,-0.00066284265
330,-10.8,0.5714286,0.0,-0.025484895,0.03420196,-0.00048506111
331,-10.8,1.1428572,0.0,-0.01201272,0.031295232,-0.00038614427
332,-10.8,1.7142857,0.0,-0.0066302028,0.033364363,-0.00048921694
333,-10.8,2.2857144,0.0,0.0070507573,0.03188604,-0.00028684345
334,-10.8,2.857143,0.0,0.012607125,0.03249032,-0.00030419824
335,-10.8,3.4285715,0.0,0.026633834,0.032385316,-0.00016454354
336,-10.8,4.0,0.0,0.03232491,0.031831563,0.00013332536
337,-10.2,0.0,8.0,-0.03462366,0.024615549,0.00054626825
338,-10.2,0.5714286,8.0,-0.021507414,0.021045152,0.00071992894
339,-10.2,1.1428572,8.0,-0.015902195,0.023950193,0.0007968969
340,-10.2,1.7142857,8.0,-0.0025211251,0.021550022,0.0005764399
341,-10.2,2.2857144,8.0,0.0031106577,0.02278141,0.00061620976
342,-10.2,2.857143,8.0,0.016664805,0.022069031,0.000417452
343,-10.2,3.4285715,8.0,0.022735352,0.02191459,0.0002875375
344,-10.2,4.0,8.0,0.036525782,0.022346016,0.00034337895
345,-10.2,0.0,7.3846154,-0.034375872,0.024891855,0.0008115885
346,-10.2,0.5714286,7.3846154,-0.021087581,0.020871196,0.00070907146
347,-10.2,1.1428572,7.3846154,-0.015696982,0.023962108,0.00065203296
348,-10.2,1.7142857,7.3846154,-0.002156145,0.02142206,0.0006285776
349,-10.2,2.2857144,7.3846154,0.0032797835,0.022679891,0.0005021104
350,-10.2,2.857143,7.3846154,0.016952813,0.021927841,0.0004190582
351,-10.2,3.4285715,7.3846154,0.022815408,0.021757051,0.00025088878
352,-10.2,4.0,7.3846154,0.036752615,0.02218496,-1.2671294e-05
353,-10.2,0.0,6.769231,-0.034321446,0.024807533,0.00066450634
354,-10.2,0.5714286,6.769231,-0.020870302,0.020770961,0.00064117915
355,-10.2,1.1428572,6.769231,-0.015641255,0.023938656,0.00060099823
356,-10.2,1.7142857,6.769231,-0.0019341545,0.02132353,0.00053051225
357,-10.2,2.2857144,6.769231,0.0033005343,0.022572914,0.00045495582
358,-10.2,2.857143,6.769231,0.01716656,0.021865694,0.00033300294
359,-10.2,3.4285715,6.769231,0.022837162,0.02160342,0.00028315966
360,-10.2,4.0,6.769231,0.036975283,0.022146935,0.00029432453
361,-10.2,0.0,6.1538463,-0.034291983,0.024768213,0.0005394883
362,-10.2,0.5714286,6.1538463,-0.020810312,0.02080131,0.00052572653
363,-10.2,1.1428572,6.1538463,-0.01561215,0.02381792,0.00048506263
364,-10.2,1.7142857,6.1538463,-0.0018894342,0.02131136,0.00041902397
365,-10.2,2.2857144,6.1538463,0.0033606335,0.02249084,0.00034502693
366,-10.2,2.857143,6.1538463,0.017230961,0.021832764,0.0002908241
367,-10.2,3.4285715,6.1538463,0.022899732,0.021532817,0.00017064296
368,-10.2,4.0,6.1538463,0.037032783,0.022086244,5.0750874e-05
369,-10.2,0.0,5.5384617,-0.03426014,0.024747845,0.00042087812
370,-10.2,0.5714286,5.5384617,-0.020805702,0.020718474,0.00037494482
371,-10.2,1.1428572,5.5384617,-0.015577277,0.023829078,0.00032712924
372,-10.2,1.7142857,5.5384617,-0.001861729,0.021258626,0.00029881028
373,-10.2,2.2857144,5.5384617,0.0033918307,0.022482956,0.00024425413
374,-10.2,2.857143,5.5384617,0.017258646,0.021792168,0.00018237556
375,-10.2,3.4285715,5.5384617,0.022928745,0.02151717,0.00018767612
376,-10.2,4.0,5.5384617,0.03704242,0.022048872,0.00021575546
377,-10.2,0.0,4.923077,-0.034231044,0.024751578,0.00018700746
378,-10.2,0.5714286,4.923077,-0.020790132,0.020729413,0.00020770048
379,-10.2,1.1428572,4.923077,-0.015556222,0.023808299,0.00019568873
380,-10.2,1.7142857,4.923077,-0.0018669673,0.021247987,0.00015576239
381,-10.2,2.2857144,4.923077,0.0034138237,0.022479726,0.00012997565
382,-10.2,2.857143,4.923077,0.017254176,0.021775251,0.00011197931
383,-10.2,3.4285715,4.923077,0.022941219,0.021514632,3.899165e-05
384,-10.2,4.0,4.923077,0.03702142,0.022021314,-2.2882165e-05
385,-10.2,0.0,4.3076925,-0.034226555,0.024745151,7.632743e-05
386,-10.2,0.5714286,4.3076925,-0.020799113,0.020715397,4.254007e-05
387,-10.2,1.1428572,4.3076925,-0.015555045,0.023813017,2.5293315e-05
388,-10.2,1.7142857,4.3076925,-0.0018714176,0.021242158,3.0161329e-05
389,-10.2,2.2857144,4.3076925,0.003411415,0.022479495,1.4452937e-05
390,-10.2,2.857143,4.3076925,0.017245496,0.021770896,-3.805744e-06
391,-10.2,3.4285715,4.3076925,0.022934208,0.02151394,3.5469802e-05
392,-10.2,4.0,4.3076925,0.037001856,0.022015728,7.608205e-05
393,-10.2,0.0,3.6923077,-0.034241535,0.024745302,-0.0001600424
394,-10.2,0.5714286,3.6923077,-0.020813871,0.020714886,-0.00012717348
395,-10.2,1.1428572,3.6923077,-0.015570198,0.023813032,-0.00011064662
396,-10.2,1.7142857,3.6923077,-0.0018862119,0.021241777,-0.000116395786
397,-10.2,2.2857144,3.6923077,0.00339625,0.022479404,-0.00010138005
398,-10.2,2.857143,3.6923077,0.017230662,0.021770613,-8.39693e-05
399,-10.2,3.4285715,3.6923077,0.022919009,0.021513771,-0.00012397546
400,-10.2,4.0,3.6923077,0.03698696,0.022015516,-0.00016549454
401,-10.2,0.0,3.0769231,-0.034276515,0.024751894,-0.0002706307
402,-10.2,0.5714286,3.0769231,-0.02083449,0.020727877,-0.0002923576
403,-10.2,1.1428572,3.0769231,-0.015601607,0.023808356,-0.00028100543
404,-10.2,1.7142857,3.0769231,-0.001911388,0.021246834,-0.00024202598
405,-10.2,2.2857144,3.0769231,0.0033683411,0.02247946,-0.00021686353
406,-10.2,2.857143,3.0769231,0.017209673,0.0217744,-0.00019978789
407,-10.2,3.4285715,3.0769231,0.02289565,0.02151414,-0.00012745896
408,-10.2,4.0,3.0769231,0.036976844,0.022020686,-6.6572014e-05
409,-10.2,0.0,2.4615386,-0.034335576,0.024748437,-0.00050455856
410,-10.2,0.5714286,2.4615386,-0.020879589,0.020715944,-0.00045962757
411,-10.2,1.1428572,2.4615386,-0.015652973,0.023829151,-0.00041239304
412,-10.2,1.7142857,2.4615386,-0.001935739,0.021256736,-0.00038509967
413,-10.2,2.2857144,2.4615386,0.0033160215,0.022482498,-0.00033110377
414,-10.2,2.857143,2.4615386,0.01718448,0.021790773,-0.00027020747
415,-10.2,3.4285715,2.4615386,0.022852788,0.021516332,-0.00027610615
416,-10.2,4.0,2.4615386,0.036968067,0.022047838,-0.00030520582
417,-10.2,0.0,1.8461539,-0.03439795,0.02476898,-0.00062300626
418,-10.2,0.5714286,1.8461539,-0.02091379,0.020797784,-0.00061037234
419,-10.2,1.1428572,1.8461539,-0.015718093,0.023818027,-0.0005703272
420,-10.2,1.7142857,1.8461539,-0.0019930631,0.02130872,-0.00050528464
421,-10.2,2.2857144,1.8461539,0.0032545016,0.02249021,-0.0004318715
422,-10.2,2.857143,1.8461539,0.017127153,0.021830827,-0.00037864447
423,-10.2,3.4285715,1.8461539,0.02279341,0.021531653,-0.0002590677
424,-10.2,4.0,1.8461539,0.03692879,0.022084828,-0.00014022113
425,-10.2,0.0,1.2307693,-0.034457505,0.02480893,-0.0007481814
426,-10.2,0.5714286,1.2307693,-0.02100325,0.020766117,-0.0007258365
427,-10.2,1.1428572,1.2307693,-0.01577763,0.02393904,-0.00068620325
428,-10.2,1.7142857,1.2307693,-0.0020672726,0.021319993,-0.00061677315
429,-10.2,2.2857144,1.2307693,0.003163985,0.022572223,-0.00054177095
430,-10.2,2.857143,1.2307693,0.017033208,0.021863166,-0.00042081706
431,-10.2,3.4285715,1.2307693,0.022700395,0.021601953,-0.00037156817
432,-10.2,4.0,1.2307693,0.036841646,0.022145147,-0.0003837346
433,-10.2,0.0,0.61538464,-0.034542475,0.024893774,-0.000895145
434,-10.2,0.5714286,0.61538464,-0.021250153,0.02086516,-0.00079366984
435,-10.2,1.1428572,0.61538464,-0.015863609,0.023962725,-0.00073724805
436,-10.2,1.7142857,0.61538464,-0.0023189068,0.02141764,-0.00071478233
437,-10.2,2.2857144,0.61538464,0.0031129408,0.022679174,-0.0005889214
438,-10.2,2.857143,0.61538464,0.01678984,0.021924688,-0.0005068411
439,-10.2,3.4285715,0.61538464,0.022648344,0.021755371,-0.00033930037
440,-10.2,4.0,0.61538464,0.0365894,0.022182737,-7.677559e-05
441,-10.2,0.0,0.0,-0.034820072,0.024617227,-0.0006296719
442,-10.2,0.5714286,0.0,-0.021699786,0.021038514,-0.0008044948
443,-10.2,1.1428572,0.0,-0.016098935,0.023950646,-0.00088212313
444,-10.2,1.7142857,0.0,-0.002713669,0.021545054,-0.0006626075
445,-10.2,2.2857144,0.0,0.0029137298,0.022780469,-0.00070297124
446,-10.2,2.857143,0.0,0.01647203,0.022065405,-0.00050523545
447,-10.2,3.4285715,0.0,0.022538219,0.021912616,-0.00037591328
448,-10.2,4.0,0.0,0.0363327,0.022343347,-0.00043279937
449,-9.6,0.0,8.0,-0.030974174,0.0111481,0.0013316924
450,-9.6,0.5714286,8.0,-0.025373777,0.014844218,0.00126033
451,-9.6,1.1428572,8.0,-0.012255654,0.011360222,0.0010916437
452,-9.6,1.7142857,8.0,-0.0063581336,0.013421402,0.001178708
453,-9.6,2.2857144,8.0,0.006815342,0.011707746,0.0009195763
454,-9.6,2.857143,8.0,0.012699925,0.011938969,0.00073397526
455,-9.6,3.4285715,8.0,0.026398702,0.0119832,0.0005019435
456,-9.6,4.0,8.0,0.032846395,0.0111544775,-4.20723e-06
457,-9.6,0.0,7.3846154,-0.030460553,0.010826141,0.0011022663
458,-9.6,0.5714286,7.3846154,-0.025075829,0.014968664,0.0011204174
459,-9.6,1.1428572,7.3846154,-0.011764371,0.011195714,0.0011102459
460,-9.6,1.7142857,7.3846154,-0.006091278,0.013310834,0.0009808646
461,-9.6,2.2857144,7.3846154,0.007160605,0.011506673,0.0008336641
462,-9.6,2.857143,7.3846154,0.01285529,0.011741418,0.00062587723
463,-9.6,3.4285715,7.3846154,0.02665071,0.011781275,0.0004793509
464,-9.6,4.0,7.3846154,0.032923885,0.010929549,0.0004618897
465,-9.6,0.0,6.769231,-0.030282136,0.010846849,0.001048177
466,-9.6,0.5714286,6.769231,-0.025026388,0.014951898,0.0010122615
467,-9.6,1.1428572,6.769231,-0.011592314,0.011031973,0.00093805697
468,-9.6,1.7142857,6.769231,-0.00613006,0.013208298,0.00081325724
469,-9.6,2.2857144,6.769231,0.0073550018,0.011431403,0.0006716678
470,-9.6,2.857143,6.769231,0.012861205,0.011599045,0.0005502952
471,-9.6,3.4285715,6.769231,0.02685112,0.011737861,0.00037675063
472,-9.6,4.0,6.769231,0.03296183,0.010736039,0.00018616224
473,-9.6,0.0,6.1538463,-0.030274801,0.01079402,0.0008719235
474,-9.6,0.5714286,6.1538463,-0.025062539,0.014786645,0.00077882607
475,-9.6,1.1428572,6.1538463,-0.011581825,0.011048335,0.00069640414
476,-9.6,1.7142857,6.1538463,-0.0060783266,0.013125813,0.00061988743
477,-9.6,2.2857144,6.1538463,0.007403407,0.01142225,0.0005202135
478,-9.6,2.857143,6.1538463,0.012922091,0.011543992,0.00040187343
479,-9.6,3.4285715,6.1538463,0.026914565,0.01171062,0.00037362616
480,-9.6,4.0,6.1538463,0.032991283,0.010687997,0.00040142136
481,-9.6,0.0,5.5384617,-0.030266346,0.0107688205,0.0005135741
482,-9.6,0.5714286,5.5384617,-0.024999205,0.01483684,0.00052695896
483,-9.6,1.1428572,5.5384617,-0.01154841,0.0109916525,0.0004913605
484,-9.6,1.7142857,5.5384617,-0.0060607134,0.013147618,0.0004128403
485,-9.6,2.2857144,5.5384617,0.007430677,0.011402015,0.000351224
486,-9.6,2.857143,5.5384617,0.0129530085,0.011559804,0.00029943773
487,-9.6,3.4285715,5.5384617,0.026929358,0.011694079,0.00020241375
488,-9.6,4.0,5.5384617,0.033007275,0.010680615,0.00012193523
489,-9.6,0.0,4.923077,-0.030236052,0.010759037,0.00033381145
490,-9.6,0.5714286,4.923077,-0.024987163,0.014812517,0.0002872513
491,-9.6,1.1428572,4.923077,-0.0115606235,0.011009107,0.000253615
492,-9.6,1.7142857,4.923077,-0.006032495,0.013155241,0.00022927503
493,-9.6,2.2857144,4.923077,0.0074233785,0.0114077255,0.00018843236
494,-9.6,2.857143,4.923077,0.012971603,0.011579347,0.00014193893
495,-9.6,3.4285715,4.923077,0.026917623,0.011694307,0.0001660272
496,-9.6,4.0,4.923077,0.03299726,0.010698904,0.0002130884
497,-9.6,0.0,4.3076925,-0.030247683,0.010757131,2.7740281e-05
498,-9.6,0.5714286,4.3076925,-0.024975428,0.014826668,5.4513068e-05
499,-9.6,1.1428572,4.3076925,-0.011558581,0.011005942,5.4317537e-05
500,-9.6,1.7142857,4.3076925,-0.006036602,0.013167258,3.1977765e-05
501,-9.6,2.2857144,4.3076925,0.007417834,0.011413987,2.3704755e-05
502,-9.6,2.857143,4.3076925,0.012967153,0.011591172,2.1503072e-05
503,-9.6,3.4285715,4.3076925,0.026903225,0.011699834,-3.323614e-05
504,-9.6,4.0,4.3076925,0.03298255,0.010704667,-8.437572e-05
505,-9.6,0.0,3.6923077,-0.030262638,0.010756494,-0.00014078568
506,-9.6,0.5714286,3.6923077,-0.02499055,0.014826767,-0.000168336
507,-9.6,1.1428572,3.6923077,-0.01157337,0.011005499,-0.0001690234
508,-9.6,1.7142857,3.6923077,-0.006051741,0.013167214,-0.00014739625
509,-9.6,2.2857144,3.6923077,0.007402991,0.011413678,-0.00013989741
510,-9.6,2.857143,3.6923077,0.012952004,0.011591053,-0.00013839455
511,-9.6,3.4285715,3.6923077,0.026888348,0.011699613,-8.4468666e-05
512,-9.6,4.0,3.6923077,0.032967396,0.010704488,-3.4105546e-05
513,-9.6,0.0,3.0769231,-0.03028029,0.010757321,-0.0004469336
514,-9.6,0.5714286,3.0769231,-0.025032442,0.014812841,-0.00040103061
515,-9.6,1.1428572,3.0769231,-0.011605073,0.011007745,-0.00036834952
516,-9.6,1.7142857,3.0769231,-0.006077871,0.013155132,-0.0003446486
517,-9.6,2.2857144,3.0769231,0.0073788385,0.011406782,-0.00030466114
518,-9.6,2.857143,3.0769231,0.012926155,0.011578997,-0.0002587861
519,-9.6,3.4285715,3.0769231,0.026872974,0.01169363,-0.00028376773
520,-9.6,4.0,3.0769231,0.032951687,0.01069835,-0.000331514
521,-9.6,0.0,2.4615386,-0.030340528,0.010765846,-0.00062660367
522,-9.6,0.5714286,2.4615386,-0.025074737,0.014837334,-0.0006406689
523,-9.6,1.1428572,2.4615386,-0.011622435,0.010989425,-0.00060612545
524,-9.6,1.7142857,2.4615386,-0.006136374,0.013147405,-0.0005281574
525,-9.6,2.2857144,2.4615386,0.007356459,0.011400472,-0.00046748258
526,-9.6,2.857143,2.4615386,0.012877262,0.011559207,-0.0004162405
527,-9.6,3.4285715,2.4615386,0.026854971,0.011692979,-0.00032018655
528,-9.6,4.0,2.4615386,0.0329314,0.010679698,-0.00024033805
529,-9.6,0.0,1.8461539,-0.030378241,0.010789996,-0.0009850723
530,-9.6,0.5714286,1.8461539,-0.025168242,0.014787336,-0.00089251396
531,-9.6,1.1428572,1.8461539,-0.011685525,0.011045205,-0.00081110967
532,-9.6,1.7142857,1.8461539,-0.006184227,0.013125529,-0.0007352066
533,-9.6,2.2857144,1.8461539,0.007299497,0.011420094,-0.00063644
534,-9.6,2.857143,1.8461539,0.012816056,0.011543159,-0.0005186761
535,-9.6,3.4285715,1.8461539,0.026810432,0.01170909,-0.00049137825
536,-9.6,4.0,1.8461539,0.032884996,0.01068669,-0.0005197843
537,-9.6,0.0,1.2307693,-0.030415533,0.010841157,-0.0011610016
538,-9.6,0.5714286,1.2307693,-0.025162438,0.014953127,-0.0011258563
539,-9.6,1.1428572,1.2307693,-0.011725514,0.011027733,-0.0010527603
540,-9.6,1.7142857,1.2307693,-0.0062663276,0.013208085,-0.0009285061
541,-9.6,2.2857144,1.2307693,0.007221493,0.011428553,-0.00078789284
542,-9.6,2.857143,1.2307693,0.012724832,0.011598042,-0.00066706614
543,-9.6,3.4285715,1.2307693,0.02671734,0.011735902,-0.00049450604
544,-9.6,4.0,1.2307693,0.032825235,0.01073436,-0.00030455296
545,-9.6,0.0,0.61538464,-0.030623293,0.010819058,-0.0012153885
546,-9.6,0.5714286,0.61538464,-0.025242098,0.014970307,-0.0012339792
547,-9.6,1.1428572,0.61538464,-0.0119273225,0.011190371,-0.001224823
548,-9.6,1.7142857,0.61538464,-0.006257771,0.013310726,-0.0010961167
549,-9.6,2.2857144,0.61538464,0.006997389,0.011503096,-0.0009498099
550,-9.6,2.857143,0.61538464,0.012688687,0.011740307,-0.00074266066
551,-9.6,3.4285715,0.61538464,0.026487218,0.011778817,-0.00059706566
552,-9.6,4.0,0.61538464,0.032756962,0.01092757,-0.0005802247
553,-9.6,0.0,0.0,-0.031167075,0.011140391,-0.0014446204
554,-9.6,0.5714286,0.0,-0.02557011,0.014845753,-0.0013739726
555,-9.6,1.1428572,0.0,-0.012448347,0.011354251,-0.0012061486
556,-9.6,1.7142857,0.0,-0.0065547456,0.013421086,-0.0012938136
557,-9.6,2.2857144,0.0,0.006622316,0.011703676,-0.0010357524
558,-9.6,2.857143,0.0,0.012503269,0.011937622,-0.00085065
559,-9.6,3.4285715,0.0,0.02620542,0.011980322,-0.0006197025
560,-9.6,4.0,0.0,0.03264952,0.011152208,-0.00011415144
561,-9.0,0.0,8.0,-0.03433783,0.0061703916,0.0017734555
562,-9.0,0.5714286,8.0,-0.022195732,0.0017730232,0.0019505961
563,-9.0,1.1428572,8.0,-0.015846869,0.005077341,0.0021442
564,-9.0,1.7142857,8.0,-0.002507015,0.0016051515,0.001701687
565,-9.0,2.2857144,8.0,0.0030782698,0.00205617,0.0013691151
566,-9.0,2.857143,8.0,0.0161738,0.0012265439,0.0010767608
567,-9.0,3.4285715,8.0,0.022635382,0.0005681333,0.000703672
568,-9.0,4.0,8.0,0.03653188,0.0013758172,0.00067651964
569,-9.0,0.0,7.3846154,-0.03387127,0.006658152,0.001943758
570,-9.0,0.5714286,7.3846154,-0.021440733,0.0014989163,0.0019057724
571,-9.0,1.1428572,7.3846154,-0.015442062,0.0049068597,0.0017122362
572,-9.0,1.7142857,7.3846154,-0.002141653,0.0012821449,0.0014256757
573,-9.0,2.2857144,7.3846154,0.0032698512,0.0018110753,0.0011442173
574,-9.0,2.857143,7.3846154,0.01645172,0.000987049,0.00090087415
575,-9.0,3.4285715,7.3846154,0.022764295,0.00031357925,0.00064948195
576,-9.0,4.0,7.3846154,0.03679463,0.0011350716,0.0003157451
577,-9.0,0.0,6.769231,-0.03395353,0.0064219055,0.0017176071
578,-9.0,0.5714286,6.769231,-0.021451212,0.0011991938,0.0014794867
579,-9.0,1.1428572,6.769231,-0.015632695,0.0048312573,0.0012952345
580,-9.0,1.7142857,6.769231,-0.0019968299,0.001208389,0.0011220796
581,-9.0,2.2857144,6.769231,0.0032272802,0.0016860766,0.00091366284
582,-9.0,2.857143,6.769231,0.016641617,0.0009521585,0.00071383966
583,-9.0,3.4285715,6.769231,0.022775901,0.00015624276,0.00061237277
584,-9.0,4.0,6.769231,0.036959764,0.0011168456,0.0006365245
585,-9.0,0.0,6.1538463,-0.034108423,0.0063371323,0.0010254716
586,-9.0,0.5714286,6.1538463,-0.021420343,0.0012880017,0.0010486798
587,-9.0,1.1428572,6.1538463,-0.015566444,0.0047540586,0.00094823114
588,-9.0,1.7142857,6.1538463,-0.0019756549,0.001247618,0.00080763845
589,-9.0,2.2857144,6.1538463,0.003284171,0.0016664832,0.0006747352
590,-9.0,2.857143,6.1538463,0.016701505,0.00097171456,0.0005749615
591,-9.0,3.4285715,6.1538463,0.022825498,0.0001361238,0.00043235728
592,-9.0,4.0,6.1538463,0.03700767,0.0010983441,0.00032495894
593,-9.0,0.0,5.5384617,-0.03390644,0.0063568614,0.00073895906
594,-9.0,0.5714286,5.5384617,-0.021391436,0.001228268,0.0006728289
595,-9.0,1.1428572,5.5384617,-0.01557059,0.0048225624,0.0006056138
596,-9.0,1.7142857,5.5384617,-0.0019464274,0.0012532915,0.0005419141
597,-9.0,2.2857144,5.5384617,0.0033092736,0.0017253164,0.00045695106
598,-9.0,2.857143,5.5384617,0.016721802,0.0009902482,0.00037129156
599,-9.0,3.4285715,5.5384617,0.02284791,0.00018331165,0.0003736673
600,-9.0,4.0,5.5384617,0.03698273,0.0011127506,0.0004407616
601,-9.0,0.0,4.923077,-0.033974707,0.006334713,0.00033389303
602,-9.0,0.5714286,4.923077,-0.02138712,0.0012654631,0.00035129357
603,-9.0,1.1428572,4.923077,-0.015523582,0.004836425,0.00032573345
604,-9.0,1.7142857,4.923077,-0.0019591157,0.0012898275,0.0002807169
605,-9.0,2.2857144,4.923077,0.0033348938,0.001770256,0.00023861277
606,-9.0,2.857143,4.923077,0.016713155,0.0010222858,0.00021395579
607,-9.0,3.4285715,4.923077,0.022855839,0.00022879933,0.00014200997
608,-9.0,4.0,4.923077,0.03695335,0.0011274985,9.0344234e-05
609,-9.0,0.0,4.3076925,-0.03390611,0.0063467254,8.901188e-05
610,-9.0,0.5714286,4.3076925,-0.021380357,0.0012626046,6.7382e-05
611,-9.0,1.1428572,4.3076925,-0.015529426,0.004859683,5.273867e-05
612,-9.0,1.7142857,4.3076925,-0.0019592298,0.001305456,4.6913403e-05
613,-9.0,2.2857144,4.3076925,0.0033310687,0.0017971963,3.174242e-05
614,-9.0,2.857143,4.3076925,0.016703438,0.0010429642,9.59343e-06
615,-9.0,3.4285715,4.3076925,0.022845754,0.0002545048,5.017188e-05
616,-9.0,4.0,4.3076925,0.03692454,0.0011454872,0.00010866675
617,-9.0,0.0,3.6923077,-0.033921055,0.0063469894,-0.00023135827
618,-9.0,0.5714286,3.6923077,-0.021395143,0.0012620256,-0.00021060537
619,-9.0,1.1428572,3.6923077,-0.015544539,0.004859677,-0.00019671272
620,-9.0,1.7142857,3.6923077,-0.0019740849,0.0013051205,-0.00019159933
621,-9.0,2.2857144,3.6923077,0.0033159603,0.0017971211,-0.00017710304
622,-9.0,2.857143,3.6923077,0.016688539,0.0010427282,-0.00015565798
623,-9.0,3.4285715,3.6923077,0.022830617,0.000254371,-0.00019696784
624,-9.0,4.0,3.6923077,0.036909577,0.001145317,-0.00025624968
625,-9.0,0.0,3.0769231,-0.03402008,0.006335281,-0.000476148
626,-9.0,0.5714286,3.0769231,-0.021431554,0.0012636668,-0.00049453444
627,-9.0,1.1428572,3.0769231,-0.015568868,0.004836486,-0.00046966306
628,-9.0,1.7142857,3.0769231,-0.0020037114,0.0012887643,-0.00042543618
629,-9.0,2.2857144,3.0769231,0.0032895773,0.0017700637,-0.00038392836
630,-9.0,2.857143,3.0769231,0.016668458,0.0010215682,-0.00036005778
631,-9.0,3.4285715,3.0769231,0.022810454,0.00022840804,-0.0002887638
632,-9.0,4.0,3.0769231,0.036908552,0.0011270356,-0.00023797461
633,-9.0,0.0,2.4615386,-0.03398168,0.0063579446,-0.00088120747
634,-9.0,0.5714286,2.4615386,-0.021465441,0.0012253454,-0.00081612467
635,-9.0,1.1428572,2.4615386,-0.015646119,0.004822591,-0.00074945344
636,-9.0,1.7142857,2.4615386,-0.0020207218,0.0012515722,-0.00068668724
637,-9.0,2.2857144,2.4615386,0.003233728,0.0017249599,-0.0006021949
638,-9.0,2.857143,2.4615386,0.016647324,0.000989077,-0.00051744556
639,-9.0,3.4285715,2.4615386,0.022772247,0.00018264235,-0.0005203541
640,-9.0,4.0,2.4615386,0.036908027,0.0011119603,-0.0005884212
641,-9.0,0.0,1.8461539,-0.034214195,0.006338383,-0.001167521
642,-9.0,0.5714286,1.8461539,-0.021524023,0.0012838631,-0.0011918851
643,-9.0,1.1428572,1.8461539,-0.015672144,0.0047541284,-0.0010920983
644,-9.0,1.7142857,1.8461539,-0.002079704,0.0012451818,-0.00095233374
645,-9.0,2.2857144,1.8461539,0.0031784272,0.0016660054,-0.0008200046
646,-9.0,2.857143,1.8461539,0.016597237,0.0009700818,-0.0007210672
647,-9.0,3.4285715,1.8461539,0.022719609,0.00013518454,-0.0005790736
648,-9.0,4.0,1.8461539,0.036903165,0.0010972916,-0.00047261122
649,-9.0,0.0,1.2307693,-0.034089107,0.006424206,-0.0018598138
650,-9.0,0.5714286,1.2307693,-0.021584388,0.0011935165,-0.0016226302
651,-9.0,1.1428572,1.2307693,-0.015768714,0.004831513,-0.0014389729
652,-9.0,1.7142857,1.2307693,-0.0021305485,0.0012051576,-0.0012667956
653,-9.0,2.2857144,1.2307693,0.0030912934,0.0016855403,-0.001058852
654,-9.0,2.857143,1.2307693,0.016507605,0.00095002516,-0.00085997646
655,-9.0,3.4285715,1.2307693,0.022639757,0.00015505745,-0.0007590319
656,-9.0,4.0,1.2307693,0.0368254,0.0011155015,-0.00078415644
657,-9.0,0.0,0.61538464,-0.034037635,0.0066609248,-0.0020851535
658,-9.0,0.5714286,0.61538464,-0.021603737,0.0014917381,-0.00204873
659,-9.0,1.1428572,0.61538464,-0.015608253,0.0049073915,-0.0018559496
660,-9.0,1.7142857,0.61538464,-0.002305188,0.0012780416,-0.0015702303
661,-9.0,2.2857144,0.61538464,0.003103721,0.0018105634,-0.0012894619
662,-9.0,2.857143,0.61538464,0.016287914,0.0009843578,-0.0010469002
663,-9.0,3.4285715,0.61538464,0.022598024,0.0003122273,-0.0007962054
664,-9.0,4.0,0.61538464,0.036630496,0.001133405,-0.00046337952
665,-9.0,0.0,0.0,-0.03453373,0.006173172,-0.001915618
666,-9.0,0.5714286,0.0,-0.022388434,0.001764929,-0.0020930977
667,-9.0,1.1428572,0.0,-0.016043264,0.0050776163,-0.0022876137
668,-9.0,1.7142857,0.0,-0.002700405,0.0016005287,-0.0018463257
669,-9.0,2.2857144,0.0,0.002882075,0.00205546,-0.001514114
670,-9.0,2.857143,0.0,0.015980141,0.0012234293,-0.0012229179
671,-9.0,3.4285715,0.0,0.022439118,0.00056654785,-0.0008502377
672,-9.0,4.0,0.0,0.036337864,0.0013737766,-0.0008241477
673,-8.4,0.0,8.0,-0.031064777,-0.004964698,0.0040234
674,-8.4,0.5714286,8.0,-0.025989791,-0.0008141672,0.004045463
675,-8.4,1.1428572,8.0,-0.011266984,-0.0078421915,0.0028644893
676,-8.4,1.7142857,8.0,-0.0058963397,-0.007517581,0.0021713907
677,-8.4,2.2857144,8.0,0.006593347,-0.009724296,0.0017885532
678,-8.4,2.857143,8.0,0.012663975,-0.010377638,0.0012636606
679,-8.4,3.4285715,8.0,0.025641434,-0.010055952,0.0010594164
680,-8.4,4.0,8.0,0.033501223,-0.011557008,0.00040717842
681,-8.4,0.0,7.3846154,-0.029922297,-0.005735788,0.003431585
682,-8.4,0.5714286,7.3846154,-0.025487017,-0.0011986004,0.002694245
683,-8.4,1.1428572,7.3846154,-0.0110828895,-0.008418023,0.0022184497
684,-8.4,1.7142857,7.3846154,-0.005766615,-0.007843606,0.0017633076
685,-8.4,2.2857144,7.3846154,0.006785666,-0.0100145405,0.001387213
686,-8.4,2.857143,7.3846154,0.012784864,-0.010653407,0.0011143927
687,-8.4,3.4285715,7.3846154,0.025882343,-0.010262325,0.000877779
688,-8.4,4.0,7.3846154,0.033619635,-0.011813528,0.00090178783
689,-8.4,0.0,6.769231,-0.030624574,-0.005978749,0.0018209893
690,-8.4,0.5714286,6.769231,-0.025902586,-0.0010964554,0.0018512404
691,-8.4,1.1428572,6.769231,-0.010982509,-0.008413809,0.0016091217
692,-8.4,1.7142857,6.769231,-0.0058898316,-0.00791556,0.0013117747
693,-8.4,2.2857144,6.769231,0.006943221,-0.010010885,0.0010830443
694,-8.4,2.857143,6.769231,0.01278642,-0.010752634,0.00090085255
695,-8.4,3.4285715,6.769231,0.026072776,-0.010244554,0.0007282308
696,-8.4,4.0,6.769231,0.033625405,-0.011971908,0.0005392706
697,-8.4,0.0,6.1538463,-0.030083232,-0.005899433,0.0012998453
698,-8.4,0.5714286,6.1538463,-0.025766078,-0.001152066,0.0011883226
699,-8.4,1.1428572,6.1538463,-0.010986424,-0.008291905,0.0010774167
700,-8.4,1.7142857,6.1538463,-0.0058327457,-0.007868744,0.0009494141
701,-8.4,2.2857144,6.1538463,0.00699322,-0.009928475,0.000799749
702,-8.4,2.857143,6.1538463,0.0128378505,-0.010722084,0.0006644189
703,-8.4,3.4285715,6.1538463,0.026126998,-0.010182752,0.0006390319
704,-8.4,4.0,6.1538463,0.033618223,-0.011950612,0.00073940755
705,-8.4,0.0,5.5384617,-0.030335918,-0.006006437,0.00074533786
706,-8.4,0.5714286,5.5384617,-0.025765955,-0.0010691448,0.0007237064
707,-8.4,1.1428572,5.5384617,-0.010946104,-0.008260456,0.0006902815
708,-8.4,1.7142857,5.5384617,-0.0058153854,-0.0077558625,0.0005983113
709,-8.4,2.2857144,5.5384617,0.00701508,-0.009861679,0.0005316526
710,-8.4,2.857143,5.5384617,0.01287145,-0.010618815,0.00047105228
711,-8.4,3.4285715,5.5384617,0.026128754,-0.010129831,0.00039563637
712,-8.4,4.0,5.5384617,0.03361417,-0.011877987,0.00033383764
713,-8.4,0.0,4.923077,-0.030122107,-0.0059572137,0.00036688743
714,-8.4,0.5714286,4.923077,-0.025691824,-0.0010633591,0.00037337193
715,-8.4,1.1428572,4.923077,-0.0109545775,-0.008200319,0.00033792225
716,-8.4,1.7142857,4.923077,-0.005778055,-0.0076882266,0.0003208179
717,-8.4,2.2857144,4.923077,0.007010089,-0.009795838,0.0002714202
718,-8.4,2.857143,4.923077,0.012886941,-0.010538655,0.00023802195
719,-8.4,3.4285715,4.923077,0.026109643,-0.010071388,0.0002636519
720,-8.4,4.0,4.923077,0.033591114,-0.011804595,0.00036355326
721,-8.4,0.0,4.3076925,-0.030190798,-0.0059779966,7.4129275e-05
722,-8.4,0.5714286,4.3076925,-0.025687553,-0.0010381421,5.0822913e-05
723,-8.4,1.1428572,4.3076925,-0.010947406,-0.008179238,6.2463434e-05
724,-8.4,1.7142857,4.3076925,-0.0057803993,-0.007646916,3.5337136e-05
725,-8.4,2.2857144,4.3076925,0.007004482,-0.009760039,3.8055594e-05
726,-8.4,2.857143,4.3076925,0.012882138,-0.010494618,2.6222193e-05
727,-8.4,3.4285715,4.3076925,0.026091842,-0.010036898,-1.0804254e-05
728,-8.4,4.0,4.3076925,0.03356889,-0.0117688095,-7.639426e-05
729,-8.4,0.0,3.6923077,-0.03020566,-0.0059791426,-0.0002458368
730,-8.4,0.5714286,3.6923077,-0.025702627,-0.0010379491,-0.00022338552
731,-8.4,1.1428572,3.6923077,-0.010962288,-0.008179698,-0.00023569017
732,-8.4,1.7142857,3.6923077,-0.005795467,-0.0076468643,-0.00020925104
733,-8.4,2.2857144,3.6923077,0.0069895624,-0.009760324,-0.0002125626
734,-8.4,2.857143,3.6923077,0.012867057,-0.01049466,-0.00020144122
735,-8.4,3.4285715,3.6923077,0.026076896,-0.010037079,-0.00016504625
736,-8.4,4.0,3.6923077,0.033553783,-0.011768928,-0.00010027877
737,-8.4,0.0,3.0769231,-0.030166583,-0.005959847,-0.00053868134
738,-8.4,0.5714286,3.0769231,-0.025736945,-0.001063158,-0.0005458705
739,-8.4,1.1428572,3.0769231,-0.010999301,-0.008201408,-0.0005111905
740,-8.4,1.7142857,3.0769231,-0.005823202,-0.0076882923,-0.00049467187
741,-8.4,2.2857144,3.0769231,0.0069652884,-0.009796533,-0.00044598617
742,-8.4,2.857143,3.0769231,0.012841733,-0.0105389,-0.00041317302
743,-8.4,3.4285715,3.0769231,0.026064746,-0.010071872,-0.00043956452
744,-8.4,4.0,3.0769231,0.033545766,-0.011805038,-0.000540147
745,-8.4,0.0,2.4615386,-0.030410122,-0.0060113096,-0.00091709045
746,-8.4,0.5714286,2.4615386,-0.025841255,-0.0010685399,-0.0008960973
747,-8.4,1.1428572,2.4615386,-0.011020577,-0.008262448,-0.00086361583
748,-8.4,1.7142857,2.4615386,-0.00589069,-0.0077558514,-0.000772099
749,-8.4,2.2857144,2.4615386,0.006940459,-0.009862922,-0.00070625305
750,-8.4,2.857143,2.4615386,0.012796069,-0.010619164,-0.00064616255
751,-8.4,3.4285715,2.4615386,0.02605399,-0.010130661,-0.000571581
752,-8.4,4.0,2.4615386,0.033538602,-0.01187868,-0.00051041786
753,-8.4,0.0,1.8461539,-0.030187039,-0.005905619,-0.0014716592
754,-8.4,0.5714286,1.8461539,-0.025871433,-0.0011515275,-0.0013607555
755,-8.4,1.1428572,1.8461539,-0.011090753,-0.008294546,-0.0012506918
756,-8.4,1.7142857,1.8461539,-0.005938135,-0.007868845,-0.0011231914
757,-8.4,2.2857144,1.8461539,0.0068887235,-0.009930125,-0.00097434386
758,-8.4,2.857143,1.8461539,0.012732351,-0.010722643,-0.0008395063
759,-8.4,3.4285715,1.8461539,0.026022302,-0.010183862,-0.00081498263
760,-8.4,4.0,1.8461539,0.033512432,-0.011951646,-0.00091592775
761,-8.4,0.0,1.2307693,-0.030758185,-0.0059883106,-0.0019923595
762,-8.4,0.5714286,1.2307693,-0.026038123,-0.0010952987,-0.0020236757
763,-8.4,1.1428572,1.2307693,-0.01111667,-0.008417527,-0.0017823096
764,-8.4,1.7142857,1.2307693,-0.006025329,-0.007915466,-0.0014855488
765,-8.4,2.2857144,1.2307693,0.00680885,-0.010013162,-0.001257592
766,-8.4,2.857143,1.2307693,0.012650828,-0.010753241,-0.0010759565
767,-8.4,3.4285715,1.2307693,0.025938187,-0.0102460245,-0.00090414484
768,-8.4,4.0,1.2307693,0.033489503,-0.011973219,-0.0007158704
769,-8.4,0.0,0.61538464,-0.030085517,-0.0057471134,-0.0036035504
770,-8.4,0.5714286,0.61538464,-0.02565259,-0.0011971316,-0.00286624
771,-8.4,1.1428572,0.61538464,-0.011246999,-0.008422606,-0.002391631
772,-8.4,1.7142857,0.61538464,-0.005932149,-0.007843453,-0.0019370188
773,-8.4,2.2857144,0.61538464,0.006621369,-0.010017354,-0.0015617362
774,-8.4,2.857143,0.61538464,0.012619255,-0.010654101,-0.0012894667
775,-8.4,3.4285715,0.61538464,0.025717821,-0.010264165,-0.0010537014
776,-8.4,4.0,0.61538464,0.033453632,-0.0118151,-0.0010782725
777,-8.4,0.0,0.0,-0.031258382,-0.0049783587,-0.0041923616
778,-8.4,0.5714286,0.0,-0.026185727,-0.00081272726,-0.00421744
779,-8.4,1.1428572,0.0,-0.0114611555,-0.00784752,-0.0030375405
780,-8.4,1.7142857,0.0,-0.0060919393,-0.0075174486,-0.0023449478
781,-8.4,2.2857144,0.0,0.0063990853,-0.009727605,-0.0019631134
782,-8.4,2.857143,0.0,0.012468414,-0.0103784185,-0.00143864
783,-8.4,3.4285715,0.0,0.025447043,-0.01005817,-0.0012353606
784,-8.4,4.0,0.0,0.033305354,-0.011558782,-0.0005837986
785,-7.8,0.0,8.0,-0.034917347,-0.0028440407,0.0070374124
786,-7.8,0.5714286,8.0,-0.020492936,-0.017261902,0.004155002
787,-7.8,1.1428572,8.0,-0.013817297,-0.017129017,0.0027448882
788,-7.8,1.7142857,8.0,-0.002418302,-0.021056877,0.0024685452
789,-7.8,2.2857144,8.0,0.0038530084,-0.021787433,0.0016640017
790,-7.8,2.857143,8.0,0.015086032,-0.022282554,0.0016545642
791,-7.8,3.4285715,8.0,0.02268653,-0.0235043,0.0010605454
792,-7.8,4.0,8.0,0.036074266,-0.022066234,0.0013002817
793,-7.8,0.0,7.3846154,-0.035668284,-0.0025998738,0.0027330257
794,-7.8,0.5714286,7.3846154,-0.02097176,-0.01837246,0.0029461512
795,-7.8,1.1428572,7.3846154,-0.014075033,-0.017405458,0.0022514146
796,-7.8,1.7142857,7.3846154,-0.0025004854,-0.021390598,0.0017037542
797,-7.8,2.2857144,7.3846154,0.0038137771,-0.022043196,0.0015399804
798,-7.8,2.857143,7.3846154,0.01523366,-0.022384254,0.0011820658
799,-7.8,3.4285715,7.3846154,0.022839937,-0.023760155,0.0011239671
800,-7.8,4.0,7.3846154,0.036319,-0.022126887,0.0007167724
801,-7.8,0.0,6.769231,-0.03541381,-0.0025903052,0.001885293
802,-7.8,0.5714286,6.769231,-0.02078017,-0.017858092,0.0017112431
803,-7.8,1.1428572,6.769231,-0.014191479,-0.017443435,0.0015707265
804,-7.8,1.7142857,6.769231,-0.002378234,-0.021294259,0.0013438696
805,-7.8,2.2857144,6.769231,0.0037946831,-0.022049805,0.0011114395
806,-7.8,2.857143,6.769231,0.015410449,-0.022320477,0.001010521
807,-7.8,3.4285715,6.769231,0.022869725,-0.023760036,0.00090539554
808,-7.8,4.0,6.769231,0.03644138,-0.022103187,0.0011204656
809,-7.8,0.0,6.1538463,-0.035502415,-0.002590898,0.0011249688
810,-7.8,0.5714286,6.1538463,-0.0207745,-0.017962335,0.0011195984
811,-7.8,1.1428572,6.1538463,-0.0141528435,-0.017200358,0.001029934
812,-7.8,1.7142857,6.1538463,-0.0023415266,-0.021157565,0.0009455515
813,-7.8,2.2857144,6.1538463,0.0038345086,-0.021954356,0.0008261488
814,-7.8,2.857143,6.1538463,0.015482038,-0.022156492,0.00076661806
815,-7.8,3.4285715,6.1538463,0.022900024,-0.0237241,0.0007000743
816,-7.8,4.0,6.1538463,0.03644628,-0.02193266,0.0006197143
817,-7.8,0.0,5.5384617,-0.035272237,-0.0025717593,0.0006026485
818,-7.8,0.5714286,5.5384617,-0.020700678,-0.01777823,0.00064879324
819,-7.8,1.1428572,5.5384617,-0.014109982,-0.017152965,0.0006422055
820,-7.8,1.7142857,5.5384617,-0.0023151126,-0.021005427,0.00058418215
821,-7.8,2.2857144,5.5384617,0.003879507,-0.021795038,0.00056212355
822,-7.8,2.857143,5.5384617,0.015490918,-0.022070138,0.0004940838
823,-7.8,3.4285715,5.5384617,0.02291905,-0.023541052,0.00055205193
824,-7.8,4.0,5.5384617,0.036408253,-0.021902438,0.00069636863
825,-7.8,0.0,4.923077,-0.035255138,-0.002575252,0.00033768243
826,-7.8,0.5714286,4.923077,-0.020682717,-0.01779379,0.00030955122
827,-7.8,1.1428572,4.923077,-0.014065038,-0.01700545,0.00030555073
828,-7.8,1.7142857,4.923077,-0.0023108374,-0.020942949,0.00031306705
829,-7.8,2.2857144,4.923077,0.0039003012,-0.0216755,0.0002629571
830,-7.8,2.857143,4.923077,0.015486651,-0.021963771,0.00029434822
831,-7.8,3.4285715,4.923077,0.02291624,-0.0234572,0.00022756936
832,-7.8,4.0,4.923077,0.036356743,-0.021783803,0.0002173168
833,-7.8,0.0,4.3076925,-0.03518981,-0.0025665765,-1.5933072e-05
834,-7.8,0.5714286,4.3076925,-0.020664385,-0.017733712,3.2793043e-05
835,-7.8,1.1428572,4.3076925,-0.014057503,-0.016987879,3.8604132e-05
836,-7.8,1.7142857,4.3076925,-0.0023111808,-0.020877833,1.5470678e-05
837,-7.8,2.2857144,4.3076925,0.0039013252,-0.02161993,4.274133e-05
838,-7.8,2.857143,4.3076925,0.015473751,-0.02191632,-4.721256e-06
839,-7.8,3.4285715,4.3076925,0.022902794,-0.023385562,7.650709e-05
840,-7.8,4.0,4.3076925,0.036326386,-0.021757808,0.00013484931
841,-7.8,0.0,3.6923077,-0.03520477,-0.0025659772,-0.00018518922
842,-7.8,0.5714286,3.6923077,-0.020679366,-0.017734075,-0.00023452027
843,-7.8,1.1428572,3.6923077,-0.014072472,-0.016987817,-0.0002411406
844,-7.8,1.7142857,3.6923077,-0.0023261623,-0.020878036,-0.0002184817
845,-7.8,2.2857144,3.6923077,0.0038863206,-0.021619955,-0.0002464963
846,-7.8,2.857143,3.6923077,0.015458756,-0.021916471,-0.0001995029
847,-7.8,3.4285715,3.6923077,0.022887746,-0.023385633,-0.00028152467
848,-7.8,4.0,3.6923077,0.03631134,-0.021757917,-0.00034043993
849,-7.8,0.0,3.0769231,-0.03529978,-0.0025738152,-0.0005386934
850,-7.8,0.5714286,3.0769231,-0.020727642,-0.017794983,-0.0005113419
851,-7.8,1.1428572,3.0769231,-0.014109989,-0.017005086,-0.00050800544
852,-7.8,1.7142857,3.0769231,-0.00235575,-0.0209437,-0.00051615457
853,-7.8,2.2857144,3.0769231,0.0038552599,-0.021675486,-0.0004666345
854,-7.8,2.857143,3.0769231,0.015441691,-0.021964258,-0.00049864314
855,-7.8,3.4285715,3.0769231,0.022871112,-0.023457397,-0.00043251886
856,-7.8,4.0,3.0769231,0.03631167,-0.021784063,-0.0004229851
857,-7.8,0.0,2.4615386,-0.03534688,-0.0025691465,-0.0008036614
858,-7.8,0.5714286,2.4615386,-0.02077555,-0.017780088,-0.00085064146
859,-7.8,1.1428572,2.4615386,-0.014184901,-0.017152503,-0.0008445947
860,-7.8,1.7142857,2.4615386,-0.002389972,-0.02100657,-0.00078732346
861,-7.8,2.2857144,2.4615386,0.0038044383,-0.021795088,-0.0007657376
862,-7.8,2.857143,2.4615386,0.015415989,-0.022070913,-0.0006984408
863,-7.8,3.4285715,2.4615386,0.022843814,-0.023541408,-0.00075692637
864,-7.8,4.0,2.4615386,0.036333114,-0.021902911,-0.00090208463
865,-7.8,0.0,1.8461539,-0.035606682,-0.0025874097,-0.0013258489
866,-7.8,0.5714286,1.8461539,-0.02087931,-0.017965075,-0.0013214109
867,-7.8,1.1428572,1.8461539,-0.014257773,-0.017199585,-0.0012323431
868,-7.8,1.7142857,1.8461539,-0.002446307,-0.021159248,-0.0011486618
869,-7.8,2.2857144,1.8461539,0.0037293935,-0.021954391,-0.0010297884
870,-7.8,2.857143,1.8461539,0.015377164,-0.022157582,-0.00097093574
871,-7.8,3.4285715,1.8461539,0.022794716,-0.023724612,-0.0009049887
872,-7.8,4.0,1.8461539,0.036341142,-0.021933246,-0.0008254235
873,-7.8,0.0,1.2307693,-0.03554798,-0.0025852863,-0.002086412
874,-7.8,0.5714286,1.2307693,-0.020915197,-0.017861675,-0.0019130297
875,-7.8,1.1428572,1.2307693,-0.014326228,-0.01744243,-0.0017731064
876,-7.8,1.7142857,1.2307693,-0.002513127,-0.021296471,-0.0015470226
877,-7.8,2.2857144,1.2307693,0.0036596816,-0.022049814,-0.0013150148
878,-7.8,2.857143,1.2307693,0.015275502,-0.022321919,-0.0012148911
879,-7.8,3.4285715,1.2307693,0.022734461,-0.023760675,-0.0011102405
880,-7.8,4.0,1.2307693,0.036306106,-0.022103988,-0.00132618
881,-7.8,0.0,0.61538464,-0.035831694,-0.0025932244,-0.002933566
882,-7.8,0.5714286,0.61538464,-0.021136861,-0.018377425,-0.0031480067
883,-7.8,1.1428572,0.61538464,-0.014239731,-0.017403923,-0.002453896
884,-7.8,1.7142857,0.61538464,-0.0026654042,-0.021393519,-0.0019067578
885,-7.8,2.2857144,0.61538464,0.003648837,-0.022043059,-0.0017436869
886,-7.8,2.857143,0.61538464,0.015068711,-0.022386128,-0.0013862968
887,-7.8,3.4285715,0.61538464,0.022674756,-0.023760853,-0.0013289233
888,-7.8,4.0,0.61538464,0.036153696,-0.022127865,-0.00092245406
889,-7.8,0.0,0.0,-0.03511153,-0.0028371522,-0.00723975
890,-7.8,0.5714286,0.0,-0.020688616,-0.01726707,-0.004356995
891,-7.8,1.1428572,0.0,-0.01401195,-0.017127585,-0.0029470853
892,-7.8,1.7142857,0.0,-0.0026134246,-0.021060122,-0.002671863
893,-7.8,2.2857144,0.0,0.0036582027,-0.021787362,-0.0018674133
894,-7.8,2.857143,0.0,0.0148910405,-0.022284754,-0.0018590362
895,-7.8,3.4285715,0.0,0.022491537,-0.023505084,-0.0012652691
896,-7.8,4.0,0.0,0.035878982,-0.022067524,-0.0015060025
897,-7.2,0.0,8.0,-0.03411815,-0.036090247,0.0008894689
898,-7.2,0.5714286,8.0,-0.020653699,-0.028820792,0.0023901155
899,-7.2,1.1428572,8.0,-0.01145596,-0.034109943,0.0021505563
900,-7.2,1.7142857,8.0,-0.0037236707,-0.034035064,0.0017004645
901,-7.2,2.2857144,8.0,0.0055319737,-0.03530827,0.0017544744
902,-7.2,2.857143,8.0,0.013007904,-0.036408897,0.0014218745
903,-7.2,3.4285715,8.0,0.023853088,-0.035397813,0.0015709585
904,-7.2,4.0,8.0,0.03416951,-0.037330315,0.0010165412
905,-7.2,0.0,7.3846154,-0.03566923,-0.03632984,0.0021803663
906,-7.2,0.5714286,7.3846154,-0.021850646,-0.028565502,0.0016303883
907,-7.2,1.1428572,7.3846154,-0.011964019,-0.034320503,0.0016032725
908,-7.2,1.7142857,7.3846154,-0.00412841,-0.034084335,0.0014839155
909,-7.2,2.2857144,7.3846154,0.0054838266,-0.035294026,0.0013172678
910,-7.2,2.857143,7.3846154,0.013000299,-0.036487747,0.0013045433
911,-7.2,3.4285715,7.3846154,0.02410245,-0.035315957,0.0012258061
912,-7.2,4.0,7.3846154,0.034376767,-0.037422355,0.001541819
913,-7.2,0.0,6.769231,-0.03484876,-0.036453813,0.0010119921
914,-7.2,0.5714286,6.769231,-0.021683108,-0.028562259,0.0012193121
915,-7.2,1.1428572,6.769231,-0.011895473,-0.034087453,0.0011623629
916,-7.2,1.7142857,6.769231,-0.0041336906,-0.03400766,0.0010915325
917,-7.2,2.2857144,6.769231,0.0056047523,-0.03509151,0.0010572817
918,-7.2,2.857143,6.769231,0.013054306,-0.03642255,0.0010371148
919,-7.2,3.4285715,6.769231,0.024284318,-0.03512075,0.0010467989
920,-7.2,4.0,6.769231,0.034305684,-0.037384257,0.00094329397
921,-7.2,0.0,6.1538463,-0.035035893,-0.03619664,0.00067154935
922,-7.2,0.5714286,6.1538463,-0.021717474,-0.028356716,0.0007345232
923,-7.2,1.1428572,6.1538463,-0.01183034,-0.033899546,0.00078156136
924,-7.2,1.7142857,6.1538463,-0.0041359146,-0.033816267,0.00078100915
925,-7.2,2.2857144,6.1538463,0.0056875967,-0.034873758,0.00078265293
926,-7.2,2.857143,6.1538463,0.013088227,-0.03626633,0.0007726169
927,-7.2,3.4285715,6.1538463,0.024335949,-0.03490623,0.00086606666
928,-7.2,4.0,6.1538463,0.03430707,-0.037265535,0.0011123404
929,-7.2,0.0,5.5384617,-0.03470682,-0.03618669,0.0003755939
930,-7.2,0.5714286,5.5384617,-0.021589253,-0.028223578,0.0004256498
931,-7.2,1.1428572,5.5384617,-0.0118041625,-0.033730518,0.00047532632
932,-7.2,1.7142857,5.5384617,-0.0040631006,-0.0336178,0.00049442623
933,-7.2,2.2857144,5.5384617,0.0056937723,-0.03471514,0.0005083335
934,-7.2,2.857143,5.5384617,0.013136417,-0.03605186,0.0005487753
935,-7.2,3.4285715,5.5384617,0.024323417,-0.034775756,0.00055264216
936,-7.2,4.0,5.5384617,0.03425464,-0.03705801,0.0005553379
937,-7.2,0.0,4.923077,-0.0347307,-0.03604682,9.620187e-05
938,-7.2,0.5714286,4.923077,-0.021546721,-0.028106952,0.00018631434
939,-7.2,1.1428572,4.923077,-0.01177128,-0.033628758,0.00021395882
940,-7.2,1.7142857,4.923077,-0.0040439856,-0.033470787,0.00023902347
941,-7.2,2.2857144,4.923077,0.0057060765,-0.034588378,0.00025885736
942,-7.2,2.857143,4.923077,0.013141456,-0.035909317,0.0002653198
943,-7.2,3.4285715,4.923077,0.024297975,-0.03464501,0.00035225542
944,-7.2,4.0,4.923077,0.034235854,-0.036938418,0.0005017676
945,-7.2,0.0,4.3076925,-0.03463948,-0.036026355,-1.0733363e-06
946,-7.2,0.5714286,4.3076925,-0.021517057,-0.028058356,-2.6410878e-05
947,-7.2,1.1428572,4.3076925,-0.011767173,-0.03356235,-5.4210736e-06
948,-7.2,1.7142857,4.3076925,-0.0040325494,-0.03340158,-1.1295073e-06
949,-7.2,2.2857144,4.3076925,0.0056964015,-0.03452001,5.4707884e-06
950,-7.2,2.857143,4.3076925,0.01313845,-0.035830062,2.5201367e-05
951,-7.2,3.4285715,4.3076925,0.024275843,-0.034584157,-7.910098e-06
952,-7.2,4.0,4.3076925,0.03419711,-0.03685891,-5.561621e-05
953,-7.2,0.0,3.6923077,-0.03465432,-0.03602673,-0.00022924396
954,-7.2,0.5714286,3.6923077,-0.02153195,-0.028058063,-0.00020483116
955,-7.2,1.1428572,3.6923077,-0.011782197,-0.033562563,-0.00022614987
956,-7.2,1.7142857,3.6923077,-0.0040474944,-0.033401497,-0.00023127868
957,-7.2,2.2857144,3.6923077,0.0056813834,-0.034520157,-0.00023817807
958,-7.2,2.857143,3.6923077,0.013123462,-0.03583006,-0.00025871728
959,-7.2,3.4285715,3.6923077,0.024260815,-0.034584243,-0.00022596637
960,-7.2,4.0,3.6923077,0.034182075,-0.03685895,-0.00017917609
961,-7.2,0.0,3.0769231,-0.034775678,-0.0360476,-0.00032667202
962,-7.2,0.5714286,3.0769231,-0.021591466,-0.02810609,-0.00041745792
963,-7.2,1.1428572,3.0769231,-0.011816272,-0.033629425,-0.00044563058
964,-7.2,1.7142857,3.0769231,-0.0040888693,-0.033470526,-0.0004713301
965,-7.2,2.2857144,3.0769231,0.0056610457,-0.034588814,-0.00049166434
966,-7.2,2.857143,3.0769231,0.013096483,-0.03590932,-0.0004987382
967,-7.2,3.4285715,3.0769231,0.024252856,-0.034645293,-0.0005862244
968,-7.2,4.0,3.0769231,0.034190733,-0.0369386,-0.0007364538
969,-7.2,0.0,2.4615386,-0.034781422,-0.036188226,-0.0006060176
970,-7.2,0.5714286,2.4615386,-0.021663813,-0.028222151,-0.0006567363
971,-7.2,1.1428572,2.4615386,-0.011879183,-0.033731587,-0.0007070567
972,-7.2,1.7142857,2.4615386,-0.0041379007,-0.033617385,-0.00072667666
973,-7.2,2.2857144,2.4615386,0.0056187296,-0.03471585,-0.00074119883
974,-7.2,2.857143,2.4615386,0.013061447,-0.03605188,-0.0007821348
975,-7.2,3.4285715,2.4615386,0.024248272,-0.034776192,-0.0007866746
976,-7.2,4.0,2.4615386,0.03417943,-0.037058305,-0.00078999094
977,-7.2,0.0,1.8461539,-0.035140723,-0.03619857,-0.0009021696
978,-7.2,0.5714286,1.8461539,-0.021821907,-0.028354691,-0.00096560543
979,-7.2,1.1428572,1.8461539,-0.011935332,-0.033901054,-0.0010132907
980,-7.2,1.7142857,1.8461539,-0.0042406647,-0.033815693,-0.0010132787
981,-7.2,2.2857144,1.8461539,0.005582544,-0.034874756,-0.0010155141
982,-7.2,2.857143,1.8461539,0.012983281,-0.03626638,-0.0010059803
983,-7.2,3.4285715,1.8461539,0.024230728,-0.034906846,-0.0011000874
984,-7.2,4.0,1.8461539,0.0342018,-0.037265997,-0.0013469615
985,-7.2,0.0,1.2307693,-0.034983244,-0.03645652,-0.0012423663
986,-7.2,0.5714286,1.2307693,-0.021817189,-0.028559426,-0.0014504343
987,-7.2,1.1428572,1.2307693,-0.012030701,-0.03408954,-0.0013941585
988,-7.2,1.7142857,1.2307693,-0.004268204,-0.03400684,-0.0013237934
989,-7.2,2.2857144,1.2307693,0.0054695415,-0.035092868,-0.0012901594
990,-7.2,2.857143,1.2307693,0.012919526,-0.03642258,-0.0012704707
991,-7.2,3.4285715,1.2307693,0.02414896,-0.035121556,-0.0012808278
992,-7.2,4.0,1.2307693,0.0341705,-0.037384823,-0.0011779645
993,-7.2,0.0,0.61538464,-0.03583437,-0.036333557,-0.0024113923
994,-7.2,0.5714286,0.61538464,-0.022014506,-0.028561765,-0.0018616902
995,-7.2,1.1428572,0.61538464,-0.012129436,-0.03432332,-0.0018350581
996,-7.2,1.7142857,0.61538464,-0.0042927256,-0.03408317,-0.001716271
997,-7.2,2.2857144,0.61538464,0.0053184587,-0.03529584,-0.0015500997
998,-7.2,2.857143,0.61538464,0.012835734,-0.03648767,-0.0015379414
999,-7.2,3.4285715,0.61538464,0.023936933,-0.035317063,-0.00145979
1000,-7.2,4.0,0.61538464,0.034211736,-0.037423015,-0.00177644
1001,-7.2,0.0,0.0,-0.034312963,-0.036093783,-0.0011204636
1002,-7.2,0.5714286,0.0,-0.0208475,-0.028816773,-0.0026218444
1003,-7.2,1.1428572,0.0,-0.011651652,-0.03411297,-0.002382571
1004,-7.2,1.7142857,0.0,-0.0039178566,-0.03403383,-0.0019327377
1005,-7.2,2.2857144,0.0,0.0053365054,-0.03531036,-0.001987464
1006,-7.2,2.857143,0.0,0.012813519,-0.0364088,-0.00165516
1007,-7.2,3.4285715,0.0,0.023657596,-0.03539916,-0.0018050327
1008,-7.2,4.0,0.0,0.033974696,-0.037330978,-0.001251166
1009,-6.6,0.0,8.0,-0.03409989,-0.045708954,-0.00023830812
1010,-6.6,0.5714286,8.0,-0.020694386,-0.050799295,-3.7058232e-06
1011,-6.6,1.1428572,8.0,-0.011241747,-0.04776634,0.0008010293
1012,-6.6,1.7142857,8.0,-0.0029459356,-0.04960316,0.0011153654
1013,-6.6,2.2857144,8.0,0.0045106304,-0.050029296,0.0012804946
1014,-6.6,2.857143,8.0,0.013378509,-0.049383346,0.0015429563
1015,-6.6,3.4285715,8.0,0.022158751,-0.050943382,0.0015616483
1016,-6.6,4.0,8.0,0.034591027,-0.04891391,0.0022187454
1017,-6.6,0.0,7.3846154,-0.03472536,-0.044659972,-0.0002470438
1018,-6.6,0.5714286,7.3846154,-0.021518365,-0.050477117,0.0003949544
1019,-6.6,1.1428572,7.3846154,-0.011995468,-0.047341913,0.0007127126
1020,-6.6,1.7142857,7.3846154,-0.0032497863,-0.049344547,0.0009279821
1021,-6.6,2.2857144,7.3846154,0.0042888643,-0.04983592,0.0010995811
1022,-6.6,2.857143,7.3846154,0.013485253,-0.049083985,0.0012762025
1023,-6.6,3.4285715,7.3846154,0.022342851,-0.05082742,0.0014452738
1024,-6.6,4.0,7.3846154,0.034839656,-0.048624277,0.0013506268
1025,-6.6,0.0,6.769231,-0.035050772,-0.044399865,0.00023829506
1026,-6.6,0.5714286,6.769231,-0.021550624,-0.050263796,0.00033277328
1027,-6.6,1.1428572,6.769231,-0.0120305605,-0.047140446,0.0005501156
1028,-6.6,1.7142857,6.769231,-0.0032049585,-0.048986744,0.0007417963
1029,-6.6,2.2857144,6.769231,0.0043086917,-0.049657565,0.0008972872
1030,-6.6,2.857143,6.769231,0.013655281,-0.048709266,0.0010164845
1031,-6.6,3.4285715,6.769231,0.022403952,-0.0506762,0.0012253235
1032,-6.6,4.0,6.769231,0.034973904,-0.04828218,0.0016278356
1033,-6.6,0.0,6.1538463,-0.034577355,-0.044224977,-2.9540879e-05
1034,-6.6,0.5714286,6.1538463,-0.02140501,-0.049953267,0.00022956697
1035,-6.6,1.1428572,6.1538463,-0.012057063,-0.046906315,0.00038905005
1036,-6.6,1.7142857,6.1538463,-0.0031175506,-0.048692647,0.0005345976
1037,-6.6,2.2857144,6.1538463,0.0043245247,-0.04939539,0.0006527953
1038,-6.6,2.857143,6.1538463,0.01375,-0.048423003,0.0008179232
1039,-6.6,3.4285715,6.1538463,0.022421815,-0.050429605,0.00090770295
1040,-6.6,4.0,6.1538463,0.034923043,-0.04800376,0.0009754686
1041,-6.6,0.0,5.5384617,-0.034634173,-0.043930523,-4.682325e-05
1042,-6.6,0.5714286,5.5384617,-0.021375308,-0.049768783,9.835017e-05
1043,-6.6,1.1428572,5.5384617,-0.011950105,-0.046646062,0.00022486012
1044,-6.6,1.7142857,5.5384617,-0.0031218247,-0.048487272,0.00033726776
1045,-6.6,2.2857144,5.5384617,0.004395697,-0.0491307,0.00044263425
1046,-6.6,2.857143,5.5384617,0.013740209,-0.04821709,0.00052474224
1047,-6.6,3.4285715,5.5384617,0.022440333,-0.050167944,0.00069963373
1048,-6.6,4.0,5.5384617,0.03488678,-0.047824837,0.00095143524
1049,-6.6,0.0,4.923077,-0.03437033,-0.04382478,-9.4013056e-05
1050,-6.6,0.5714286,4.923077,-0.021301592,-0.04960696,-3.2842738e-06
1051,-6.6,1.1428572,4.923077,-0.011927413,-0.04647987,7.578449e-05
1052,-6.6,1.7142857,4.923077,-0.0030902051,-0.048326366,0.00014635958
1053,-6.6,2.2857144,4.923077,0.00440318,-0.048949093,0.00020630467
1054,-6.6,2.857143,4.923077,0.013741436,-0.048058648,0.00029061388
1055,-6.6,3.4285715,4.923077,0.022425892,-0.049989905,0.0003135905
1056,-6.6,4.0,4.923077,0.034803074,-0.047668267,0.00033901646
1057,-6.6,0.0,4.3076925,-0.03439049,-0.043727484,-0.00013393896
1058,-6.6,0.5714286,4.3076925,-0.021288933,-0.04953167,-8.9352136e-05
1059,-6.6,1.1428572,4.3076925,-0.011901923,-0.04639189,-6.309784e-05
1060,-6.6,1.7142857,4.3076925,-0.0030980657,-0.048243698,-3.9124323e-05
1061,-6.6,2.2857144,4.3076925,0.004410197,-0.048855305,-1.5049496e-05
1062,-6.6,2.857143,4.3076925,0.013722821,-0.04797507,-6.0023526e-06
1063,-6.6,3.4285715,4.3076925,0.02240888,-0.04989603,7.117943e-05
1064,-6.6,4.0,4.3076925,0.034775145,-0.047594965,0.00017177322
1065,-6.6,0.0,3.6923077,-0.034405503,-0.04372718,-0.00012612238
1066,-6.6,0.5714286,3.6923077,-0.021303928,-0.049531896,-0.00017098393
1067,-6.6,1.1428572,3.6923077,-0.011916824,-0.046391714,-0.00019808082
1068,-6.6,1.7142857,3.6923077,-0.0031130954,-0.04824383,-0.00022220773
1069,-6.6,2.2857144,3.6923077,0.0043952498,-0.048855234,-0.00024710954
1070,-6.6,2.857143,3.6923077,0.013707781,-0.047975153,-0.0002563297
1071,-6.6,3.4285715,3.6923077,0.022393882,-0.049896035,-0.00033438212
1072,-6.6,4.0,3.6923077,0.034760058,-0.047595024,-0.00043527203
1073,-6.6,0.0,3.0769231,-0.034414932,-0.043824118,-0.00016585781
1074,-6.6,0.5714286,3.0769231,-0.021346496,-0.049607597,-0.0002571833
1075,-6.6,1.1428572,3.0769231,-0.0119722225,-0.04647936,-0.0003368415
1076,-6.6,1.7142857,3.0769231,-0.0031352313,-0.048326757,-0.00040781542
1077,-6.6,2.2857144,3.0769231,0.0043583047,-0.0489489,-0.00046834323
1078,-6.6,2.857143,3.0769231,0.013696333,-0.048058882,-0.000553065
1079,-6.6,3.4285715,3.0769231,0.02238093,-0.04998988,-0.00057667895
1080,-6.6,4.0,3.0769231,0.03475785,-0.047668386,-0.0006026486
1081,-6.6,0.0,2.4615386,-0.03470884,-0.043929245,-0.00021311123
1082,-6.6,0.5714286,2.4615386,-0.021450186,-0.049769882,-0.00035889944
1083,-6.6,1.1428572,2.4615386,-0.012024734,-0.046645205,-0.000485842
1084,-6.6,1.7142857,2.4615386,-0.0031968944,-0.048487928,-0.00059880543
1085,-6.6,2.2857144,2.4615386,0.0043209074,-0.049130388,-0.00070460193
1086,-6.6,2.857143,2.4615386,0.013665049,-0.04821747,-0.00078726606
1087,-6.6,3.4285715,2.4615386,0.02236536,-0.050167955,-0.00096264534
1088,-6.6,4.0,2.4615386,0.03481141,-0.047825042,-0.0012151131
1089,-6.6,0.0,1.8461539,-0.034681607,-0.044223305,-0.00023023807
1090,-6.6,0.5714286,1.8461539,-0.021509813,-0.049954746,-0.000490118
1091,-6.6,1.1428572,1.8461539,-0.012161618,-0.046905138,-0.00065007503
1092,-6.6,1.7142857,1.8461539,-0.0032226199,-0.048693553,-0.00079612806
1093,-6.6,2.2857144,1.8461539,0.004219807,-0.04939498,-0.0009147774
1094,-6.6,2.857143,1.8461539,0.013644783,-0.04842353,-0.0010804423
1095,-6.6,3.4285715,1.8461539,0.02231689,-0.050429616,-0.0011707254
1096,-6.6,4.0,1.8461539,0.034817547,-0.048004013,-0.0012391886
1097,-6.6,0.0,1.2307693,-0.035184998,-0.044397507,-0.00049838005
1098,-6.6,0.5714286,1.2307693,-0.021685537,-0.050265905,-0.00059341063
1099,-6.6,1.1428572,1.2307693,-0.012164801,-0.047138788,-0.00081113336
1100,-6.6,1.7142857,1.2307693,-0.0033402315,-0.04898802,-0.0010033705
1101,-6.6,2.2857144,1.2307693,0.004174215,-0.049656987,-0.001159272
1102,-6.6,2.857143,1.2307693,0.013519878,-0.04870998,-0.0012790037
1103,-6.6,3.4285715,1.2307693,0.022269191,-0.050676234,-0.0014883401
1104,-6.6,4.0,1.2307693,0.034838155,-0.04828255,-0.0018914972
1105,-6.6,0.0,0.61538464,-0.03488906,-0.044656698,-1.2859831e-05
1106,-6.6,0.5714286,0.61538464,-0.02168352,-0.0504799,-0.00065563276
1107,-6.6,1.1428572,0.61538464,-0.012159488,-0.0473397,-0.0009738552
1108,-6.6,1.7142857,0.61538464,-0.0034152789,-0.04934629,-0.0011895489
1109,-6.6,2.2857144,0.61538464,0.0041246642,-0.049835064,-0.001361608
1110,-6.6,2.857143,0.61538464,0.0133196395,-0.04908503,-0.0015387081
1111,-6.6,3.4285715,0.61538464,0.022178384,-0.050827317,-0.0017083025
1112,-6.6,4.0,0.61538464,0.034673672,-0.04862481,-0.0016143442
1113,-6.6,0.0,0.0,-0.03429368,-0.045705713,-2.167969e-05
1114,-6.6,0.5714286,0.0,-0.020889599,-0.05080225,-0.00025701866
1115,-6.6,1.1428572,0.0,-0.011435595,-0.047763925,-0.001062284
1116,-6.6,1.7142857,0.0,-0.0031415639,-0.04960512,-0.0013770396
1117,-6.6,2.2857144,0.0,0.004316613,-0.050028335,-0.0015425063
1118,-6.6,2.857143,0.0,0.013182846,-0.04938461,-0.0018055144
1119,-6.6,3.4285715,0.0,0.021964502,-0.050943226,-0.0018246191
1120,-6.6,4.0,0.0,0.03439502,-0.04891468,-0.0024824273
1121,-6.0,0.0,8.0,-0.03223998,-0.06475996,-0.0014210175
1122,-6.0,0.5714286,8.0,-0.020764664,-0.06243287,-0.000722346
1123,-6.0,1.1428572,8.0,-0.0106718745,-0.0648557,-0.000293917
1124,-6.0,1.7142857,8.0,-0.0033844113,-0.06419518,0.0005087151
1125,-6.0,2.2857144,8.0,0.004685427,-0.06393011,0.0009493001
1126,-6.0,2.857143,8.0,0.012027922,-0.06517765,0.0014944138
1127,-6.0,3.4285715,8.0,0.021811096,-0.0631555,0.001993082
1128,-6.0,4.0,8.0,0.032917794,-0.0651903,0.0018552777
1129,-6.0,0.0,7.3846154,-0.032982197,-0.06440775,-0.0011862572
1130,-6.0,0.5714286,7.3846154,-0.021438839,-0.061640847,-0.00065397384
1131,-6.0,1.1428572,7.3846154,-0.011087132,-0.06425846,-7.172498e-05
1132,-6.0,1.7142857,7.3846154,-0.0037918985,-0.06364625,0.00040512581
1133,-6.0,2.2857144,7.3846154,0.0046668267,-0.06335901,0.000900398
1134,-6.0,2.857143,7.3846154,0.012034432,-0.06480279,0.0012340589
1135,-6.0,3.4285715,7.3846154,0.022145981,-0.062602304,0.0016547417
1136,-6.0,4.0,7.3846154,0.033221133,-0.06490395,0.002352761
1137,-6.0,0.0,6.769231,-0.03278935,-0.063735686,-0.0009260422
1138,-6.0,0.5714286,6.769231,-0.021708397,-0.061107032,-0.00043462237
1139,-6.0,1.1428572,6.769231,-0.011160663,-0.063748226,-9.641617e-06
1140,-6.0,1.7142857,6.769231,-0.0038589418,-0.06328721,0.00037520216
1141,-6.0,2.2857144,6.769231,0.0047734417,-0.06279784,0.00069644174
1142,-6.0,2.857143,6.769231,0.01210195,-0.06451538,0.0010802575
1143,-6.0,3.4285715,6.769231,0.022363698,-0.062040742,0.0013437818
1144,-6.0,4.0,6.769231,0.033112243,-0.06461838,0.0014834703
1145,-6.0,0.0,6.1538463,-0.032725904,-0.063307755,-0.00061533274
1146,-6.0,0.5714286,6.1538463,-0.021620866,-0.060814474,-0.00032868527
1147,-6.0,1.1428572,6.1538463,-0.011060228,-0.06331615,-2.0970554e-05
1148,-6.0,1.7142857,6.1538463,-0.0038677915,-0.062930755,0.00027079898
1149,-6.0,2.2857144,6.1538463,0.004875017,-0.06240976,0.0005607547
1150,-6.0,2.857143,6.1538463,0.012131627,-0.06414222,0.00077956636
1151,-6.0,3.4285715,6.1538463,0.022421103,-0.061675183,0.0011136974
1152,-6.0,4.0,6.1538463,0.033121724,-0.064282626,0.0015316821
1153,-6.0,0.0,5.5384617,-0.032478794,-0.06304835,-0.00051717134
1154,-6.0,0.5714286,5.5384617,-0.021525143,-0.060439773,-0.0002596798
1155,-6.0,1.1428572,5.5384617,-0.011069998,-0.06306565,-3.7073933e-05
1156,-6.0,1.7142857,5.5384617,-0.003783817,-0.062591396,0.0001619362
1157,-6.0,2.2857144,5.5384617,0.0048597474,-0.06213679,0.00035433407
1158,-6.0,2.857143,5.5384617,0.0121891275,-0.06381507,0.00056759204
1159,-6.0,3.4285715,5.5384617,0.022391504,-0.06140438,0.0007063814
1160,-6.0,4.0,5.5384617,0.03303627,-0.06395481,0.00082606
1161,-6.0,0.0,4.923077,-0.032463077,-0.06282161,-0.00034326912
1162,-6.0,0.5714286,4.923077,-0.021448275,-0.060247075,-0.00021255939
1163,-6.0,1.1428572,4.923077,-0.011021092,-0.062848926,-8.165101e-05
1164,-6.0,1.7142857,4.923077,-0.0037699072,-0.062376652,4.485808e-05
1165,-6.0,2.2857144,4.923077,0.004874131,-0.06193863,0.0001640382
1166,-6.0,2.857143,4.923077,0.012185045,-0.06358674,0.00026446252
1167,-6.0,3.4285715,4.923077,0.022358058,-0.06121744,0.00044000315
1168,-6.0,4.0,4.923077,0.033016607,-0.06374632,0.00064642646
1169,-6.0,0.0,4.3076925,-0.032373272,-0.0627297,-0.0002213695
1170,-6.0,0.5714286,4.3076925,-0.021419473,-0.06012779,-0.00016593219
1171,-6.0,1.1428572,4.3076925,-0.011023492,-0.062751174,-0.00012126064
1172,-6.0,1.7142857,4.3076925,-0.0037548873,-0.06226169,-8.4044055e-05
1173,-6.0,2.2857144,4.3076925,0.004859168,-0.0618359,-4.2895623e-05
1174,-6.0,2.857143,4.3076925,0.01218174,-0.06347465,6.923521e-06
1175,-6.0,3.4285715,4.3076925,0.022330709,-0.061114766,-2.7569106e-06
1176,-6.0,4.0,4.3076925,0.03296417,-0.0636326,-2.1061309e-05
1177,-6.0,0.0,3.6923077,-0.032388143,-0.06272991,-6.7720306e-05
1178,-6.0,0.5714286,3.6923077,-0.021434369,-0.060127594,-0.00012414179
1179,-6.0,1.1428572,3.6923077,-0.011038508,-0.06275131,-0.00016887367
1180,-6.0,1.7142857,3.6923077,-0.0037698136,-0.062261563,-0.0002069078
1181,-6.0,2.2857144,3.6923077,0.0048441403,-0.061835974,-0.00024806775
1182,-6.0,2.857143,3.6923077,0.012166777,-0.06347459,-0.00029872742
1183,-6.0,3.4285715,3.6923077,0.022315664,-0.061114784,-0.00028913052
1184,-6.0,4.0,3.6923077,0.032949172,-0.063632555,-0.0002718016
1185,-6.0,0.0,3.0769231,-0.03250802,-0.06282208,5.394003e-05
1186,-6.0,0.5714286,3.0769231,-0.02149303,-0.060246523,-7.735069e-05
1187,-6.0,1.1428572,3.0769231,-0.011066056,-0.062849306,-0.00020864345
1188,-6.0,1.7142857,3.0769231,-0.0038147354,-0.0623763,-0.0003356565
1189,-6.0,2.2857144,3.0769231,0.0048290687,-0.061938826,-0.00045515437
1190,-6.0,2.857143,3.0769231,0.01214015,-0.063586585,-0.00055611774
1191,-6.0,3.4285715,3.0769231,0.022312885,-0.06121753,-0.0007320339
1192,-6.0,4.0,3.0769231,0.03297157,-0.06374626,-0.0009391287
1193,-6.0,0.0,2.4615386,-0.03255348,-0.06304925,0.00022788142
1194,-6.0,0.5714286,2.4615386,-0.02159971,-0.0604388,-3.0146835e-05
1195,-6.0,1.1428572,2.4615386,-0.011144986,-0.06306631,-0.00025332588
1196,-6.0,1.7142857,2.4615386,-0.0038585123,-0.0625908,-0.00045264527
1197,-6.0,2.2857144,2.4615386,0.00478464,-0.06213712,-0.00064554054
1198,-6.0,2.857143,2.4615386,0.012114296,-0.06381483,-0.00085915945
1199,-6.0,3.4285715,2.4615386,0.022316257,-0.06140449,-0.000998505
1200,-6.0,4.0,2.4615386,0.03296123,-0.0639547,-0.0011187131
1201,-6.0,0.0,1.8461539,-0.032830667,-0.063308924,0.00032586843
1202,-6.0,0.5714286,1.8461539,-0.021725293,-0.06081319,3.881042e-05
1203,-6.0,1.1428572,1.8461539,-0.011165169,-0.06331704,-0.00026940624
1204,-6.0,1.7142857,1.8461539,-0.0039723986,-0.06292996,-0.00056153897
1205,-6.0,2.2857144,1.8461539,0.004769878,-0.062410202,-0.00085195235
1206,-6.0,2.857143,1.8461539,0.012026865,-0.06414189,-0.0010711428
1207,-6.0,3.4285715,1.8461539,0.02231574,-0.06167536,-0.0014058041
1208,-6.0,4.0,1.8461539,0.033016652,-0.06428253,-0.0018242993
1209,-6.0,0.0,1.2307693,-0.032924008,-0.06373735,0.0006367531
1210,-6.0,0.5714286,1.2307693,-0.021842543,-0.061105203,0.00014476791
1211,-6.0,1.1428572,1.2307693,-0.011295777,-0.06374951,-0.00028079777
1212,-6.0,1.7142857,1.2307693,-0.0039932844,-0.06328612,-0.00066593813
1213,-6.0,2.2857144,1.2307693,0.0046381215,-0.06279847,-0.0009876486
1214,-6.0,2.857143,1.2307693,0.011967409,-0.06451496,-0.0013718371
1215,-6.0,3.4285715,1.2307693,0.02222814,-0.062040955,-0.0016358901
1216,-6.0,4.0,1.2307693,0.03297735,-0.06461822,-0.0017761536
1217,-6.0,0.0,0.61538464,-0.033147216,-0.064410105,0.00089682103
1218,-6.0,0.5714286,0.61538464,-0.021602651,-0.06163842,0.00036404427
1219,-6.0,1.1428572,0.61538464,-0.011252477,-0.06426021,-0.00021870332
1220,-6.0,1.7142857,0.61538464,-0.003955938,-0.063644744,-0.000695911
1221,-6.0,2.2857144,0.61538464,0.004501259,-0.063359976,-0.0011916065
1222,-6.0,2.857143,0.61538464,0.011870218,-0.0648021,-0.0015256404
1223,-6.0,3.4285715,0.61538464,0.021980155,-0.06260277,-0.0019468304
1224,-6.0,4.0,0.61538464,0.033056475,-0.06490368,-0.0026453766
1225,-6.0,0.0,0.0,-0.032434955,-0.06476237,0.0011315184
1226,-6.0,0.5714286,0.0,-0.020958342,-0.06243028,0.00043239153
1227,-6.0,1.1428572,0.0,-0.0108673405,-0.06485764,3.479689e-06
1228,-6.0,1.7142857,0.0,-0.003578263,-0.06419349,-0.0007995585
1229,-6.0,2.2857144,0.0,0.004489779,-0.063931264,-0.001240521
1230,-6.0,2.857143,0.0,0.011833926,-0.06517681,-0.0017860023
1231,-6.0,3.4285715,0.0,0.021615257,-0.06315614,-0.0022851732
1232,-6.0,4.0,0.0,0.03272341,-0.06518982,-0.002147883
1233,-5.4,0.0,8.0,-0.032102194,-0.07723908,-0.0028604476
1234,-5.4,0.5714286,8.0,-0.019010482,-0.07905695,-0.0017224372
1235,-5.4,1.1428572,8.0,-0.011176361,-0.078261666,-0.00067743275
1236,-5.4,1.7142857,8.0,-0.002619105,-0.07855242,-0.00010720127
1237,-5.4,2.2857144,8.0,0.0033767633,-0.07941981,0.0009307723
1238,-5.4,2.857143,8.0,0.011914952,-0.07749105,0.0014885026
1239,-5.4,3.4285715,8.0,0.01980474,-0.079632156,0.0022060447
1240,-5.4,4.0,8.0,0.032249525,-0.07688149,0.0034942857
1241,-5.4,0.0,7.3846154,-0.03267533,-0.076058395,-0.0019980024
1242,-5.4,0.5714286,7.3846154,-0.019511955,-0.078262955,-0.0013539819
1243,-5.4,1.1428572,7.3846154,-0.011632347,-0.07742618,-0.0006597803
1244,-5.4,1.7142857,7.3846154,-0.002727533,-0.07771009,0.000100684636
1245,-5.4,2.2857144,7.3846154,0.0032560886,-0.07875673,0.00065723126
1246,-5.4,2.857143,7.3846154,0.012168092,-0.07665238,0.0013915858
1247,-5.4,3.4285715,7.3846154,0.020071046,-0.07910646,0.0019146389
1248,-5.4,4.0,7.3846154,0.0326165,-0.076026484,0.0021400785
1249,-5.4,0.0,6.769231,-0.032893617,-0.07550369,-0.00165981
1250,-5.4,0.5714286,6.769231,-0.019511102,-0.077546276,-0.0010567415
1251,-5.4,1.1428572,6.769231,-0.0118525205,-0.07680034,-0.0004702722
1252,-5.4,1.7142857,6.769231,-0.002675483,-0.076964356,6.0376733e-05
1253,-5.4,2.2857144,6.769231,0.0032342237,-0.07828796,0.00063934136
1254,-5.4,2.857143,6.769231,0.012389107,-0.0758787,0.0010605463
1255,-5.4,3.4285715,6.769231,0.020139255,-0.07871011,0.0016249191
1256,-5.4,4.0,6.769231,0.03282029,-0.07533037,0.002323341
1257,-5.4,0.0,6.1538463,-0.03269132,-0.07495841,-0.0012545048
1258,-5.4,0.5714286,6.1538463,-0.019461446,-0.07692158,-0.0007992469
1259,-5.4,1.1428572,6.1538463,-0.011853313,-0.07633763,-0.00035939107
1260,-5.4,1.7142857,6.1538463,-0.0026018259,-0.07642885,7.011366e-05
1261,-5.4,2.2857144,6.1538463,0.0032548911,-0.07779116,0.00044705498
1262,-5.4,2.857143,6.1538463,0.012493745,-0.0753988,0.0008877431
1263,-5.4,3.4285715,6.1538463,0.020164372,-0.07821156,0.0011911568
1264,-5.4,4.0,6.1538463,0.032753542,-0.074835956,0.0014421043
1265,-5.4,0.0,5.5384617,-0.0325603,-0.07451411,-0.0008911371
1266,-5.4,0.5714286,5.5384617,-0.019392636,-0.076604515,-0.00059145875
1267,-5.4,1.1428572,5.5384617,-0.011764905,-0.07588814,-0.00028614883
1268,-5.4,1.7142857,5.5384617,-0.0026207785,-0.07608558,1.7726521e-05
1269,-5.4,2.2857144,5.5384617,0.003326604,-0.07737784,0.0003108086
1270,-5.4,2.857143,5.5384617,0.012463286,-0.075045556,0.0005635217
1271,-5.4,3.4285715,5.5384617,0.020185081,-0.077817716,0.00090157764
1272,-5.4,4.0,5.5384617,0.03269994,-0.074518435,0.0012738123
1273,-5.4,0.0,4.923077,-0.032404575,-0.07424125,-0.0006089023
1274,-5.4,0.5714286,4.923077,-0.019354947,-0.07631571,-0.0004044611
1275,-5.4,1.1428572,4.923077,-0.011732327,-0.07563542,-0.00022103789
1276,-5.4,1.7142857,4.923077,-0.0026011541,-0.075830765,-4.867911e-05
1277,-5.4,2.2857144,4.923077,0.0033304715,-0.07710384,0.00012318
1278,-5.4,2.857143,4.923077,0.012456773,-0.074813165,0.00030660562
1279,-5.4,3.4285715,4.923077,0.020164512,-0.077535324,0.0004164851
1280,-5.4,4.0,4.923077,0.032594167,-0.07427728,0.0005207252
1281,-5.4,0.0,4.3076925,-0.0323713,-0.07409678,-0.0002901638
1282,-5.4,0.5714286,4.3076925,-0.019328903,-0.07619813,-0.00024370897
1283,-5.4,1.1428572,4.3076925,-0.011710759,-0.0754907,-0.00018294471
1284,-5.4,1.7142857,4.3076925,-0.0026113838,-0.07570806,-0.00011785041
1285,-5.4,2.2857144,4.3076925,0.003335334,-0.07696783,-6.441078e-05
1286,-5.4,2.857143,4.3076925,0.012432164,-0.07468664,-1.8300743e-05
1287,-5.4,3.4285715,4.3076925,0.020144807,-0.07740547,8.957646e-05
1288,-5.4,4.0,4.3076925,0.032561854,-0.07416329,0.00020213696
1289,-5.4,0.0,3.6923077,-0.032386266,-0.07409659,-2.8841188e-05
1290,-5.4,0.5714286,3.6923077,-0.019343892,-0.07619824,-7.527662e-05
1291,-5.4,1.1428572,3.6923077,-0.011725675,-0.075490534,-0.00013694559
1292,-5.4,1.7142857,3.6923077,-0.002626393,-0.07570813,-0.00020190566
1293,-5.4,2.2857144,3.6923077,0.003320382,-0.07696772,-0.00025617404
1294,-5.4,2.857143,3.6923077,0.012417137,-0.074686654,-0.00030217582
1295,-5.4,3.4285715,3.6923077,0.020129811,-0.07740542,-0.00041094696
1296,-5.4,4.0,3.6923077,0.032546766,-0.07416332,-0.0005235346
1297,-5.4,0.0,3.0769231,-0.03244923,-0.07424075,0.00029019444
1298,-5.4,0.5714286,3.0769231,-0.019399844,-0.07631601,8.525517e-05
1299,-5.4,1.1428572,3.0769231,-0.011777131,-0.07563497,-9.864759e-05
1300,-5.4,1.7142857,3.0769231,-0.0026461578,-0.07583094,-0.0002712769
1301,-5.4,2.2857144,3.0769231,0.0032856113,-0.077103555,-0.00044357136
1302,-5.4,2.857143,3.0769231,0.012411684,-0.0748132,-0.0006272677
1303,-5.4,3.4285715,3.0769231,0.02011957,-0.07753514,-0.00073767616
1304,-5.4,4.0,3.0769231,0.032548968,-0.07427726,-0.00084232615
1305,-5.4,0.0,2.4615386,-0.032634895,-0.074513204,0.00057239266
1306,-5.4,0.5714286,2.4615386,-0.019467505,-0.076605074,0.00027214544
1307,-5.4,1.1428572,2.4615386,-0.011839552,-0.075887375,-3.3425e-05
1308,-5.4,1.7142857,2.4615386,-0.0026958,-0.07608587,-0.00033779492
1309,-5.4,2.2857144,2.4615386,0.003251837,-0.07737738,-0.0006310927
1310,-5.4,2.857143,2.4615386,0.012388144,-0.07504561,-0.00088428863
1311,-5.4,3.4285715,2.4615386,0.02011015,-0.07781748,-0.001222655
1312,-5.4,4.0,2.4615386,0.032624565,-0.07451842,-0.0015954839
1313,-5.4,0.0,1.8461539,-0.032795623,-0.07495721,0.0009359119
1314,-5.4,0.5714286,1.8461539,-0.019566232,-0.076922305,0.00047996972
1315,-5.4,1.1428572,1.8461539,-0.011957858,-0.0763366,3.9766954e-05
1316,-5.4,1.7142857,1.8461539,-0.0027068388,-0.07642925,-0.0003901554
1317,-5.4,2.2857144,1.8461539,0.0031502056,-0.077790536,-0.0007673601
1318,-5.4,2.857143,1.8461539,0.012388553,-0.07539886,-0.001208489
1319,-5.4,3.4285715,1.8461539,0.020059492,-0.07821121,-0.0015122584
1320,-5.4,4.0,1.8461539,0.032648083,-0.07483588,-0.0017638163
1321,-5.4,0.0,1.2307693,-0.03302777,-0.07550205,0.0013410567
1322,-5.4,0.5714286,1.2307693,-0.019645993,-0.07754734,0.0007374054
1323,-5.4,1.1428572,1.2307693,-0.011986804,-0.07679892,0.00015068012
1324,-5.4,1.7142857,1.2307693,-0.0028106489,-0.076964945,-0.00038044734
1325,-5.4,2.2857144,1.2307693,0.0030997654,-0.07828714,-0.00095964095
1326,-5.4,2.857143,1.2307693,0.012253741,-0.07587881,-0.0013812892
1327,-5.4,3.4285715,1.2307693,0.02000454,-0.078709714,-0.0019460036
1328,-5.4,4.0,1.2307693,0.03268454,-0.07533035,-0.0026449882
1329,-5.4,0.0,0.61538464,-0.03283899,-0.07605613,0.0016793351
1330,-5.4,0.5714286,0.61538464,-0.01967707,-0.07826447,0.0010346959
1331,-5.4,1.1428572,0.61538464,-0.011796289,-0.0774243,0.00034012884
1332,-5.4,1.7142857,0.61538464,-0.0028929594,-0.077711,-0.0004207433
1333,-5.4,2.2857144,0.61538464,0.0030919807,-0.07875555,-0.0009775419
1334,-5.4,2.857143,0.61538464,0.012002458,-0.076652735,-0.00171232
1335,-5.4,3.4285715,0.61538464,0.01990668,-0.07910576,-0.0022357246
1336,-5.4,4.0,0.61538464,0.032450497,-0.07602659,-0.0024617824
1337,-5.4,0.0,0.0,-0.032295782,-0.07723669,0.0025417854
1338,-5.4,0.5714286,0.0,-0.019205747,-0.079058565,0.0014030439
1339,-5.4,1.1428572,0.0,-0.01137012,-0.078259565,0.00035773322
1340,-5.4,1.7142857,0.0,-0.002814642,-0.07855349,-0.00021283697
1341,-5.4,2.2857144,0.0,0.003182869,-0.07941841,-0.0012511252
1342,-5.4,2.857143,0.0,0.01171925,-0.077491574,-0.0018092016
1343,-5.4,3.4285715,0.0,0.019610612,-0.079631254,-0.002527106
1344,-5.4,4.0,0.0,0.0320534,-0.076881826,-0.0038159387
1345,-4.8,0.0,8.0,-0.028680783,-0.0917517,-0.0031236839
1346,-4.8,0.5714286,8.0,-0.01949505,-0.09204312,-0.0023674597
1347,-4.8,1.1428572,8.0,-0.009230164,-0.09253483,-0.0013951648
1348,-4.8,1.7142857,8.0,-0.0040277825,-0.09316798,-5.966376e-05
1349,-4.8,2.2857144,8.0,0.0041520926,-0.09160874,0.0006118075
1350,-4.8,2.857143,8.0,0.009565248,-0.09378865,0.0018654979
1351,-4.8,3.4285715,8.0,0.019551545,-0.09048157,0.0027187266
1352,-4.8,4.0,8.0,0.029156515,-0.09316836,0.0029416995
1353,-4.8,0.0,7.3846154,-0.02902838,-0.09081333,-0.0030360194
1354,-4.8,0.5714286,7.3846154,-0.02001056,-0.09090901,-0.0019279822
1355,-4.8,1.1428572,7.3846154,-0.009400247,-0.09146402,-0.0010088
1356,-4.8,1.7142857,7.3846154,-0.0042582615,-0.09223562,-0.0002219801
1357,-4.8,2.2857144,7.3846154,0.0043604425,-0.09051515,0.0007554854
1358,-4.8,2.857143,7.3846154,0.0096709095,-0.09302745,0.0014174143
1359,-4.8,3.4285715,7.3846154,0.020068878,-0.08937773,0.0022861336
1360,-4.8,4.0,7.3846154,0.029539056,-0.09256641,0.0034387265
1361,-4.8,0.0,6.769231,-0.028866563,-0.08974516,-0.0022090643
1362,-4.8,0.5714286,6.769231,-0.020302739,-0.09009864,-0.001547517
1363,-4.8,1.1428572,6.769231,-0.009352489,-0.09055208,-0.0008282587
1364,-4.8,1.7142857,6.769231,-0.0043906374,-0.091539405,-7.917584e-05
1365,-4.8,2.2857144,6.769231,0.004551812,-0.08954449,0.00053529564
1366,-4.8,2.857143,6.769231,0.009733825,-0.09247775,0.0012858389
1367,-4.8,3.4285715,6.769231,0.020382809,-0.08839762,0.0018301344
1368,-4.8,4.0,6.769231,0.029448224,-0.09197607,0.0022167796
1369,-4.8,0.0,6.1538463,-0.028753862,-0.08905847,-0.0017572162
1370,-4.8,0.5714286,6.1538463,-0.020243507,-0.08950032,-0.0011794
1371,-4.8,1.1428572,6.1538463,-0.009325192,-0.089837365,-0.00062270934
1372,-4.8,1.7142857,6.1538463,-0.0043874346,-0.09092227,-8.8432025e-05
1373,-4.8,2.2857144,6.1538463,0.0046390495,-0.08892058,0.00046894516
1374,-4.8,2.857143,6.1538463,0.0097700935,-0.09183643,0.00092245627
1375,-4.8,3.4285715,6.1538463,0.020450192,-0.08782724,0.0014951716
1376,-4.8,4.0,6.1538463,0.029464751,-0.091406986,0.002120981
1377,-4.8,0.0,5.5384617,-0.02861619,-0.0885886,-0.0012534318
1378,-4.8,0.5714286,5.5384617,-0.020148039,-0.08893015,-0.00086059154
1379,-4.8,1.1428572,5.5384617,-0.009322145,-0.08941733,-0.00046643912
1380,-4.8,1.7142857,5.5384617,-0.004316044,-0.09040198,-8.436972e-05
1381,-4.8,2.2857144,5.5384617,0.0046069506,-0.0884866,0.0002853394
1382,-4.8,2.857143,5.5384617,0.009830164,-0.09135128,0.00067184935
1383,-4.8,3.4285715,5.5384617,0.020398112,-0.08738923,0.0009617252
1384,-4.8,4.0,5.5384617,0.029377144,-0.09089667,0.001219866
1385,-4.8,0.0,4.923077,-0.028549317,-0.088265374,-0.00079905434
1386,-4.8,0.5714286,4.923077,-0.020070037,-0.0886267,-0.00057600654
1387,-4.8,1.1428572,4.923077,-0.009304884,-0.08909118,-0.00034559626
1388,-4.8,1.7142857,4.923077,-0.0042990586,-0.09008233,-0.00010726115
1389,-4.8,2.2857144,4.923077,0.004604967,-0.08819516,0.00011268943
1390,-4.8,2.857143,4.923077,0.009819462,-0.091012396,0.00031846738
1391,-4.8,3.4285715,4.923077,0.020356376,-0.08712395,0.00058500346
1392,-4.8,4.0,4.923077,0.029349739,-0.09058912,0.00085577706
1393,-4.8,0.0,4.3076925,-0.02850059,-0.08810661,-0.00039206445
1394,-4.8,0.5714286,4.3076925,-0.020045914,-0.088447824,-0.00030198428
1395,-4.8,1.1428572,4.3076925,-0.0093030445,-0.088946655,-0.00022376188
1396,-4.8,1.7142857,4.3076925,-0.004290227,-0.08991725,-0.00015724114
1397,-4.8,2.2857144,4.3076925,0.004585479,-0.0880462,-7.458752e-05
1398,-4.8,2.857143,4.3076925,0.00981395,-0.09085632,2.7277351e-06
1399,-4.8,3.4285715,4.3076925,0.020322666,-0.086971246,2.3066916e-05
1400,-4.8,4.0,4.3076925,0.029294226,-0.09042431,4.2555454e-05
1401,-4.8,0.0,3.6923077,-0.028515484,-0.088106655,4.4240765e-05
1402,-4.8,0.5714286,3.6923077,-0.020060822,-0.08844765,-4.6930458e-05
1403,-4.8,1.1428572,3.6923077,-0.0093180295,-0.08894671,-0.00012488019
1404,-4.8,1.7142857,3.6923077,-0.004305178,-0.08991711,-0.0001922959
1405,-4.8,2.2857144,3.6923077,0.004570481,-0.08804621,-0.00027464837
1406,-4.8,2.857143,3.6923077,0.009798969,-0.09085623,-0.00035283505
1407,-4.8,3.4285715,3.6923077,0.020307645,-0.0869712,-0.0003729699
1408,-4.8,4.0,3.6923077,0.029279236,-0.09042419,-0.00039347025
1409,-4.8,0.0,3.0769231,-0.028594181,-0.08826553,0.0004508522
1410,-4.8,0.5714286,3.0769231,-0.020114841,-0.08862623,0.0002273872
1411,-4.8,1.1428572,3.0769231,-0.009349814,-0.08909129,-3.318546e-06
1412,-4.8,1.7142857,3.0769231,-0.004343909,-0.09008195,-0.0002420155
1413,-4.8,2.2857144,3.0769231,0.0045599514,-0.08819515,-0.00046217066
1414,-4.8,2.857143,3.0769231,0.009774552,-0.09101213,-0.00066833687
1415,-4.8,3.4285715,3.0769231,0.020311257,-0.087123886,-0.00093513046
1416,-4.8,4.0,3.0769231,0.029304676,-0.09058892,-0.0012064436
1417,-4.8,0.0,2.4615386,-0.028690852,-0.08858893,0.00090527977
1418,-4.8,0.5714286,2.4615386,-0.020222666,-0.08892931,0.000512086
1419,-4.8,1.1428572,2.4615386,-0.009397054,-0.08941756,0.00011739591
1420,-4.8,1.7142857,2.4615386,-0.00439079,-0.09040133,-0.00026477812
1421,-4.8,2.2857144,2.4615386,0.004531923,-0.08848659,-0.000634943
1422,-4.8,2.857143,2.4615386,0.009755305,-0.09135087,-0.001021588
1423,-4.8,3.4285715,2.4615386,0.020322936,-0.087389044,-0.001311983
1424,-4.8,4.0,2.4615386,0.029302122,-0.090896316,-0.0015704548
1425,-4.8,0.0,1.8461539,-0.028858503,-0.08905888,0.0014089156
1426,-4.8,0.5714286,1.8461539,-0.020348044,-0.08949921,0.0008308477
1427,-4.8,1.1428572,1.8461539,-0.009430044,-0.089837655,0.00027371623
1428,-4.8,1.7142857,1.8461539,-0.0044920994,-0.09092141,-0.00026075484
1429,-4.8,2.2857144,1.8461539,0.004534018,-0.088920556,-0.00081851496
1430,-4.8,2.857143,1.8461539,0.009665285,-0.091835886,-0.0012722171
1431,-4.8,3.4285715,1.8461539,0.020344937,-0.08782701,-0.0018453867
1432,-4.8,4.0,1.8461539,0.029359637,-0.09140658,-0.0024715357
1433,-4.8,0.0,1.2307693,-0.02900112,-0.08974576,0.001860927
1434,-4.8,0.5714286,1.2307693,-0.020437015,-0.090097144,0.0011990143
1435,-4.8,1.1428572,1.2307693,-0.00948744,-0.09055254,0.00047921497
1436,-4.8,1.7142857,1.2307693,-0.0045250934,-0.09153827,-0.00026998724
1437,-4.8,2.2857144,1.2307693,0.0044166534,-0.08954449,-0.0008848711
1438,-4.8,2.857143,1.2307693,0.009599197,-0.092477076,-0.0016355859
1439,-4.8,3.4285715,1.2307693,0.020247387,-0.088397294,-0.002180356
1440,-4.8,4.0,1.2307693,0.02931331,-0.09197549,-0.002567408
1441,-4.8,0.0,0.61538464,-0.02919323,-0.09081432,0.0026877716
1442,-4.8,0.5714286,0.61538464,-0.020174487,-0.09090702,0.0015793862
1443,-4.8,1.1428572,0.61538464,-0.009565458,-0.091464765,0.0006597915
1444,-4.8,1.7142857,0.61538464,-0.004422343,-0.09223407,-0.00012720934
1445,-4.8,2.2857144,0.61538464,0.004195,-0.09051539,-0.0011050485
1446,-4.8,2.857143,0.61538464,0.009506651,-0.09302641,-0.0017671505
1447,-4.8,3.4285715,0.61538464,0.019903151,-0.08937764,-0.0026363276
1448,-4.8,4.0,0.61538464,0.029374357,-0.09256557,-0.0037892598
1449,-4.8,0.0,0.0,-0.02887569,-0.091752745,0.0027754095
1450,-4.8,0.5714286,0.0,-0.019688757,-0.092040904,0.0020189243
1451,-4.8,1.1428572,0.0,-0.009425512,-0.09253568,0.0010461379
1452,-4.8,1.7142857,0.0,-0.0042216554,-0.09316617,-0.00028957502
1453,-4.8,2.2857144,0.0,0.0039565503,-0.09160913,-0.0009613151
1454,-4.8,2.857143,0.0,0.009371227,-0.09378733,-0.0022152676
1455,-4.8,3.4285715,0.0,0.019355752,-0.090481624,-0.0030688776
1456,-4.8,4.0,0.0,0.028962158,-0.09316713,-0.0032922726
1457,-4.2,0.0,8.0,-0.028910164,-0.10521463,-0.004588728
1458,-4.2,0.5714286,8.0,-0.015875772,-0.10535758,-0.002850518
1459,-4.2,1.1428572,8.0,-0.010710884,-0.10624017,-0.0014953027
1460,-4.2,1.7142857,8.0,-0.0019388275,-0.10516423,-0.0005348372
1461,-4.2,2.2857144,8.0,0.0015353389,-0.107219204,0.001081552
1462,-4.2,2.857143,8.0,0.01028179,-0.103848845,0.0018841634
1463,-4.2,3.4285715,8.0,0.015961863,-0.10727779,0.003160148
1464,-4.2,4.0,8.0,0.028656209,-0.10297159,0.0049945926
1465,-4.2,0.0,7.3846154,-0.029410096,-0.103796996,-0.0032985432
1466,-4.2,0.5714286,7.3846154,-0.016092082,-0.104088515,-0.0024342032
1467,-4.2,1.1428572,7.3846154,-0.011016477,-0.10503276,-0.0013623418
1468,-4.2,1.7142857,7.3846154,-0.0018016589,-0.103840604,-0.00019797271
1469,-4.2,2.2857144,7.3846154,0.0015432215,-0.10620546,0.000668008
1470,-4.2,2.857143,7.3846154,0.010781954,-0.10249051,0.0018385173
1471,-4.2,3.4285715,7.3846154,0.016300406,-0.1064572,0.0026772518
1472,-4.2,4.0,7.3846154,0.029225035,-0.10151151,0.003188315
1473,-4.2,0.0,6.769231,-0.029574137,-0.10291068,-0.0028943191
1474,-4.2,0.5714286,6.769231,-0.015983723,-0.10296308,-0.0019189988
1475,-4.2,1.1428572,6.769231,-0.01126835,-0.10410734,-0.0010289629
1476,-4.2,1.7142857,6.769231,-0.0016059226,-0.10270878,-0.00022481155
1477,-4.2,2.2857144,6.769231,0.0015013603,-0.10545859,0.00069424085
1478,-4.2,2.857143,6.769231,0.011121872,-0.101286285,0.0013879796
1479,-4.2,3.4285715,6.769231,0.016388841,-0.105829455,0.0022674783
1480,-4.2,4.0,6.769231,0.029568661,-0.100442246,0.0032597494
1481,-4.2,0.0,6.1538463,-0.02944632,-0.10209336,-0.0021019063
1482,-4.2,0.5714286,6.1538463,-0.015954314,-0.1020991,-0.0014785917
1483,-4.2,1.1428572,6.1538463,-0.011251348,-0.10337372,-0.00081163854
1484,-4.2,1.7142857,6.1538463,-0.001577896,-0.101918064,-0.00012933211
1485,-4.2,2.2857144,6.1538463,0.001535614,-0.10469486,0.00048040677
1486,-4.2,2.857143,6.1538463,0.011216443,-0.100590855,0.0011614156
1487,-4.2,3.4285715,6.1538463,0.016422048,-0.10504545,0.0016741523
1488,-4.2,4.0,6.1538463,0.029506797,-0.099697314,0.0021248448
1489,-4.2,0.0,5.5384617,-0.029280176,-0.10146442,-0.0015443285
1490,-4.2,0.5714286,5.5384617,-0.015917161,-0.101589926,-0.0010767037
1491,-4.2,1.1428572,5.5384617,-0.011183181,-0.10273946,-0.0005994193
1492,-4.2,1.7142857,5.5384617,-0.0016023845,-0.101405956,-0.00013272288
1493,-4.2,2.2857144,5.5384617,0.0015947865,-0.104104705,0.00033558538
1494,-4.2,2.857143,5.5384617,0.011162533,-0.10006714,0.00075248687
1495,-4.2,3.4285715,5.5384617,0.016448928,-0.10449187,0.0012465355
1496,-4.2,4.0,5.5384617,0.029432042,-0.09923942,0.0017363898
1497,-4.2,0.0,4.923077,-0.029168813,-0.101068184,-0.0009787905
1498,-4.2,0.5714286,4.923077,-0.015889022,-0.10119468,-0.0007010095
1499,-4.2,1.1428572,4.923077,-0.011141588,-0.102374636,-0.00042173354
1500,-4.2,1.7142857,4.923077,-0.0016086344,-0.10104727,-0.0001470062
1501,-4.2,2.2857144,4.923077,0.0015980987,-0.10372044,0.00013120419
1502,-4.2,2.857143,4.923077,0.01114066,-0.09974667,0.0004069349
1503,-4.2,3.4285715,4.923077,0.016421078,-0.10408467,0.00060608325
1504,-4.2,4.0,4.923077,0.029320251,-0.09889682,0.0008024359
1505,-4.2,0.0,4.3076925,-0.02912572,-0.10087139,-0.0004419071
1506,-4.2,0.5714286,4.3076925,-0.015873201,-0.10102587,-0.00036343542
1507,-4.2,1.1428572,4.3076925,-0.01112991,-0.10217786,-0.00026798548
1508,-4.2,1.7142857,4.3076925,-0.0016201711,-0.100876644,-0.00016799182
1509,-4.2,2.2857144,4.3076925,0.0015960911,-0.10353493,-8.446864e-05
1510,-4.2,2.857143,4.3076925,0.011109669,-0.09957069,-1.9314614e-07
1511,-4.2,3.4285715,4.3076925,0.016402047,-0.103911795,0.00013662904
1512,-4.2,4.0,4.3076925,0.02928284,-0.09874047,0.0002550592
1513,-4.2,0.0,3.6923077,-0.029140688,-0.100871265,6.388267e-05
1514,-4.2,0.5714286,3.6923077,-0.015888173,-0.10102589,-1.4128522e-05
1515,-4.2,1.1428572,3.6923077,-0.0111448625,-0.10217769,-0.000110645065
1516,-4.2,1.7142857,3.6923077,-0.0016351413,-0.10087664,-0.00021012546
1517,-4.2,2.2857144,3.6923077,0.001581107,-0.103534795,-0.00029458155
1518,-4.2,2.857143,3.6923077,0.011094683,-0.09957064,-0.00037841118
1519,-4.2,3.4285715,3.6923077,0.016387029,-0.10391172,-0.0005161875
1520,-4.2,4.0,3.6923077,0.029267767,-0.09874046,-0.0006343227
1521,-4.2,0.0,3.0769231,-0.02921355,-0.10106774,0.0006012777
1522,-4.2,0.5714286,3.0769231,-0.015933856,-0.1011947,0.0003230497
1523,-4.2,1.1428572,3.0769231,-0.011186449,-0.10237419,4.3468528e-05
1524,-4.2,1.7142857,3.0769231,-0.0016535759,-0.10104721,-0.00023144613
1525,-4.2,2.2857144,3.0769231,0.001553192,-0.10372009,-0.00050993497
1526,-4.2,2.857143,3.0769231,0.011095646,-0.09974651,-0.0007858322
1527,-4.2,3.4285715,3.0769231,0.016376099,-0.10408439,-0.0009853577
1528,-4.2,4.0,3.0769231,0.02927515,-0.0988966,-0.0011820095
1529,-4.2,0.0,2.4615386,-0.029354842,-0.10146361,0.0011667587
1530,-4.2,0.5714286,2.4615386,-0.015991965,-0.10159003,0.00069863204
1531,-4.2,1.1428572,2.4615386,-0.011257926,-0.10273869,0.00022130081
1532,-4.2,1.7142857,2.4615386,-0.0016772997,-0.101405896,-0.00024587286
1533,-4.2,2.2857144,2.4615386,0.0015199428,-0.10410413,-0.00071416114
1534,-4.2,2.857143,2.4615386,0.011087508,-0.100066856,-0.0011315274
1535,-4.2,3.4285715,2.4615386,0.01637395,-0.10449149,-0.0016256456
1536,-4.2,4.0,2.4615386,0.029356755,-0.09923913,-0.0021160627
1537,-4.2,0.0,1.8461539,-0.029550774,-0.102092296,0.0017245215
1538,-4.2,0.5714286,1.8461539,-0.016058976,-0.1020992,0.0011005756
1539,-4.2,1.1428572,1.8461539,-0.011356029,-0.10337269,0.0004334553
1540,-4.2,1.7142857,1.8461539,-0.0016827651,-0.10191795,-0.00024920228
1541,-4.2,2.2857144,1.8461539,0.0014308152,-0.10469409,-0.00085902103
1542,-4.2,2.857143,1.8461539,0.011111412,-0.10059046,-0.0015404002
1543,-4.2,3.4285715,1.8461539,0.016317073,-0.1050449,-0.0020533083
1544,-4.2,4.0,1.8461539,0.02940152,-0.099696815,-0.0025045525
1545,-4.2,0.0,1.2307693,-0.02970846,-0.1029093,0.00251676
1546,-4.2,0.5714286,1.2307693,-0.01611845,-0.102963276,0.0015409194
1547,-4.2,1.1428572,1.2307693,-0.011402839,-0.10410601,0.00065083697
1548,-4.2,1.7142857,1.2307693,-0.001740866,-0.102708675,-0.00015375741
1549,-4.2,2.2857144,1.2307693,0.0013667212,-0.10545764,-0.001072823
1550,-4.2,2.857143,1.2307693,0.010986729,-0.10128578,-0.0017669667
1551,-4.2,3.4285715,1.2307693,0.016253982,-0.105828844,-0.002646597
1552,-4.2,4.0,1.2307693,0.029433088,-0.10044171,-0.0036393672
1553,-4.2,0.0,0.61538464,-0.029573914,-0.10379512,0.0029211172
1554,-4.2,0.5714286,0.61538464,-0.01625702,-0.10408895,0.0020561994
1555,-4.2,1.1428572,0.61538464,-0.011180584,-0.105030976,0.000984148
1556,-4.2,1.7142857,0.61538464,-0.0019668906,-0.1038407,-0.00018055974
1557,-4.2,2.2857144,0.61538464,0.001378972,-0.10620409,-0.0010465983
1558,-4.2,2.857143,0.61538464,0.010616506,-0.10249021,-0.0022174767
1559,-4.2,3.4285715,0.61538464,0.016135905,-0.10645613,-0.0030563634
1560,-4.2,4.0,0.61538464,0.029059231,-0.10151107,-0.0035680353
1561,-4.2,0.0,0.0,-0.029103823,-0.10521249,0.0042112083
1562,-4.2,0.5714286,0.0,-0.01607091,-0.10535805,0.0024723897
1563,-4.2,1.1428572,0.0,-0.0109047545,-0.10623811,0.0011171191
1564,-4.2,1.7142857,0.0,-0.0021341906,-0.10516443,0.0001563293
1565,-4.2,2.2857144,0.0,0.0013413312,-0.10721751,-0.0014601783
1566,-4.2,2.857143,0.0,0.010086234,-0.10384869,-0.0022630456
1567,-4.2,3.4285715,0.0,0.015767628,-0.107276365,-0.0035392598
1568,-4.2,4.0,0.0,0.028460167,-0.10297143,-0.005374155
1569,-3.6,0.0,8.0,-0.023405682,-0.11673838,-0.004457693
1570,-3.6,0.5714286,8.0,-0.01713646,-0.11843746,-0.003401684
1571,-3.6,1.1428572,8.0,-0.006999237,-0.11777362,-0.0019044386
1572,-3.6,1.7142857,8.0,-0.004689206,-0.11966102,-0.0001554198
1573,-3.6,2.2857144,8.0,0.003627121,-0.116748065,0.00085882883
1574,-3.6,2.857143,8.0,0.0062790075,-0.12042256,0.0026652717
1575,-3.6,3.4285715,8.0,0.01648663,-0.11516921,0.003807103
1576,-3.6,4.0,8.0,0.023531469,-0.11957263,0.0043079485
1577,-3.6,0.0,7.3846154,-0.023480345,-0.11526597,-0.0042585847
1578,-3.6,0.5714286,7.3846154,-0.017564405,-0.11694058,-0.0027226722
1579,-3.6,1.1428572,7.3846154,-0.006905265,-0.1162318,-0.0014610662
1580,-3.6,1.7142857,7.3846154,-0.0047754426,-0.11836914,-0.00031525712
1581,-3.6,2.2857144,7.3846154,0.00410197,-0.11516799,0.0010496385
1582,-3.6,2.857143,7.3846154,0.0064953114,-0.11937279,0.0020179055
1583,-3.6,3.4285715,7.3846154,0.01727634,-0.11351289,0.003261707
1584,-3.6,4.0,7.3846154,0.024015818,-0.1188526,0.0047876267
1585,-3.6,0.0,6.769231,-0.023221126,-0.11386468,-0.0031157455
1586,-3.6,0.5714286,6.769231,-0.01784485,-0.11582647,-0.0022153088
1587,-3.6,1.1428572,6.769231,-0.0067113843,-0.11493958,-0.0011990031
1588,-3.6,1.7142857,6.769231,-0.0049353344,-0.11738554,-0.00013219914
1589,-3.6,2.2857144,6.769231,0.0044439808,-0.11379274,0.0007703699
1590,-3.6,2.857143,6.769231,0.006558771,-0.11861626,0.0018216877
1591,-3.6,3.4285715,6.769231,0.017712262,-0.112082504,0.002617609
1592,-3.6,4.0,6.769231,0.02396634,-0.11801381,0.003261508
1593,-3.6,0.0,6.1538463,-0.023104671,-0.11291778,-0.002508472
1594,-3.6,0.5714286,6.1538463,-0.017790148,-0.11495433,-0.0016863254
1595,-3.6,1.1428572,6.1538463,-0.0067193643,-0.1139881,-0.0009009168
1596,-3.6,1.7142857,6.1538463,-0.0049079387,-0.11651551,-0.00013226329
1597,-3.6,2.2857144,6.1538463,0.0044862647,-0.112942785,0.00065871776
1598,-3.6,2.857143,6.1538463,0.006600119,-0.11769236,0.0013419935
1599,-3.6,3.4285715,6.1538463,0.017780429,-0.11132823,0.0021252134
1600,-3.6,4.0,6.1538463,0.023996197,-0.11721204,0.00292745
1601,-3.6,0.0,5.5384617,-0.023037536,-0.11227566,-0.001735991
1602,-3.6,0.5714286,5.5384617,-0.017697837,-0.11422567,-0.0012209096
1603,-3.6,1.1428572,5.5384617,-0.006729119,-0.113399036,-0.00067469286
1604,-3.6,1.7142857,5.5384617,-0.0048602405,-0.11582411,-0.000115914794
1605,-3.6,2.2857144,5.5384617,0.004438921,-0.11235003,0.00042161447
1606,-3.6,2.857143,5.5384617,0.0066474397,-0.117045976,0.0009636864
1607,-3.6,3.4285715,5.5384617,0.01769265,-0.11071669,0.0013981705
1608,-3.6,4.0,5.5384617,0.023923319,-0.11650589,0.001809416
1609,-3.6,0.0,4.923077,-0.0229729,-0.11184718,-0.0011167009
1610,-3.6,0.5714286,4.923077,-0.017632714,-0.11381189,-0.0008001094
1611,-3.6,1.1428572,4.923077,-0.006733653,-0.11297743,-0.00047504163
1612,-3.6,1.7142857,4.923077,-0.004838164,-0.11540199,-0.00013586994
1613,-3.6,2.2857144,4.923077,0.0044108653,-0.11196731,0.00017961542
1614,-3.6,2.857143,4.923077,0.006631597,-0.11659291,0.0004898674
1615,-3.6,3.4285715,4.923077,0.017647443,-0.11038149,0.00083868764
1616,-3.6,4.0,4.923077,0.023892494,-0.11609603,0.0011608442
1617,-3.6,0.0,4.3076925,-0.022950416,-0.11163991,-0.0005002167
1618,-3.6,0.5714286,4.3076925,-0.017612215,-0.11358802,-0.00039483607
1619,-3.6,1.1428572,4.3076925,-0.0067354464,-0.112786986,-0.00028791552
1620,-3.6,1.7142857,4.3076925,-0.0048397263,-0.11519028,-0.00018697085
1621,-3.6,2.2857144,4.3076925,0.004387522,-0.111774184,-6.6788714e-05
1622,-3.6,2.857143,4.3076925,0.006620212,-0.11639319,3.499826e-05
1623,-3.6,3.4285715,4.3076925,0.017605212,-0.110178575,8.5980544e-05
1624,-3.6,4.0,4.3076925,0.023845587,-0.11587901,0.00014991705
1625,-3.6,0.0,3.6923077,-0.022965286,-0.11163984,9.3752686e-05
1626,-3.6,0.5714286,3.6923077,-0.01762715,-0.11358786,-1.3012897e-05
1627,-3.6,1.1428572,3.6923077,-0.006750395,-0.11278697,-0.00011914541
1628,-3.6,1.7142857,3.6923077,-0.0048547196,-0.11519012,-0.00022121366
1629,-3.6,2.2857144,3.6923077,0.0043725716,-0.111774124,-0.00034067035
1630,-3.6,2.857143,3.6923077,0.0066051916,-0.11639308,-0.00044346217
1631,-3.6,3.4285715,3.6923077,0.017590242,-0.110178456,-0.0004938684
1632,-3.6,4.0,3.6923077,0.02383058,-0.11587885,-0.00055890094
1633,-3.6,0.0,3.0769231,-0.023017716,-0.11184708,0.0007095596
1634,-3.6,0.5714286,3.0769231,-0.01767761,-0.113811426,0.00039281102
1635,-3.6,1.1428572,3.0769231,-0.0067785145,-0.11297732,6.749835e-05
1636,-3.6,1.7142857,3.0769231,-0.004883085,-0.11540156,-0.00027186793
1637,-3.6,2.2857144,3.0769231,0.0043659294,-0.11196709,-0.00058747147
1638,-3.6,2.857143,3.0769231,0.0065866336,-0.11659257,-0.0008979514
1639,-3.6,3.4285715,3.0769231,0.017602421,-0.11038121,-0.0012469203
1640,-3.6,4.0,3.0769231,0.023847366,-0.116095774,-0.00156945
1641,-3.6,0.0,2.4615386,-0.023112131,-0.11227558,0.0013289792
1642,-3.6,0.5714286,2.4615386,-0.017772572,-0.114224836,0.0008137271
1643,-3.6,1.1428572,2.4615386,-0.0068039317,-0.113398895,0.00026699918
1644,-3.6,1.7142857,2.4615386,-0.0049350946,-0.11582339,-0.0002916444
1645,-3.6,2.2857144,2.4615386,0.004364016,-0.11234969,-0.00082963175
1646,-3.6,2.857143,2.4615386,0.006572499,-0.11704545,-0.0013715791
1647,-3.6,3.4285715,2.4615386,0.017617615,-0.11071614,-0.0018065803
1648,-3.6,4.0,2.4615386,0.023848249,-0.116505384,-0.002217905
1649,-3.6,0.0,1.8461539,-0.023209216,-0.11291762,0.0021012607
1650,-3.6,0.5714286,1.8461539,-0.017894873,-0.11495323,0.0012790887
1651,-3.6,1.1428572,1.8461539,-0.0068240687,-0.113987885,0.0004933176
1652,-3.6,1.7142857,1.8461539,-0.0050127646,-0.11651454,-0.00027536522
1653,-3.6,2.2857144,1.8461539,0.00438141,-0.11294229,-0.0010666489
1654,-3.6,2.857143,1.8461539,0.006495178,-0.11769166,-0.0017499366
1655,-3.6,3.4285715,1.8461539,0.017675385,-0.11132751,-0.0025335317
1656,-3.6,4.0,1.8461539,0.023890946,-0.1172115,-0.0033359074
1657,-3.6,0.0,1.2307693,-0.023355508,-0.11386451,0.0027087599
1658,-3.6,0.5714286,1.2307693,-0.017979367,-0.115825064,0.0018081423
1659,-3.6,1.1428572,1.2307693,-0.006846117,-0.11493932,0.00079132855
1660,-3.6,1.7142857,1.2307693,-0.005070029,-0.117384344,-0.00027535958
1661,-3.6,2.2857144,1.2307693,0.0043090726,-0.11379211,-0.001178326
1662,-3.6,2.857143,1.2307693,0.00642393,-0.118615456,-0.0022295765
1663,-3.6,3.4285715,1.2307693,0.0175771,-0.112081505,-0.0030259448
1664,-3.6,4.0,1.2307693,0.023831258,-0.118013054,-0.0036700633
1665,-3.6,0.0,0.61538464,-0.023645049,-0.115265936,0.0038514014
1666,-3.6,0.5714286,0.61538464,-0.017728567,-0.11693873,0.0023154072
1667,-3.6,1.1428572,0.61538464,-0.007070267,-0.11623168,0.001053468
1668,-3.6,1.7142857,0.61538464,-0.0049397363,-0.11836751,-9.2345676e-05
1669,-3.6,2.2857144,0.61538464,0.0039367476,-0.11516752,-0.0014575416
1670,-3.6,2.857143,0.61538464,0.006330861,-0.1193715,-0.0024257912
1671,-3.6,3.4285715,0.61538464,0.017110845,-0.11351214,-0.003670002
1672,-3.6,4.0,0.61538464,0.02385092,-0.11885147,-0.0051960037
1673,-3.6,0.0,0.0,-0.023600439,-0.11673837,0.0040506367
1674,-3.6,0.5714286,0.0,-0.017330306,-0.118435316,0.0029945003
1675,-3.6,1.1428572,0.0,-0.0071944105,-0.11777354,0.0014967873
1676,-3.6,1.7142857,0.0,-0.004883235,-0.119659044,-0.0002521759
1677,-3.6,2.2857144,0.0,0.0034317623,-0.116747715,-0.001266676
1678,-3.6,2.857143,0.0,0.006084827,-0.12042084,-0.00307318
1679,-3.6,3.4285715,0.0,0.016290998,-0.11516864,-0.0042153066
1680,-3.6,4.0,0.0,0.023336977,-0.11957089,-0.004716496
1681,-3.0,0.0,8.0,-0.024052626,-0.12950003,-0.005842163
1682,-3.0,0.5714286,8.0,-0.011565644,-0.12906842,-0.003551956
1683,-3.0,1.1428572,8.0,-0.009592008,-0.13093139,-0.0018248264
1684,-3.0,1.7142857,8.0,-0.0010068858,-0.12885728,-0.00034340032
1685,-3.0,2.2857144,8.0,-0.000540961,-0.13228066,0.0017062196
1686,-3.0,2.857143,8.0,0.00813682,-0.12708962,0.0027986527
1687,-3.0,3.4285715,8.0,0.01099723,-0.1326766,0.004566528
1688,-3.0,4.0,8.0,0.023602743,-0.12559706,0.0068253316
1689,-3.0,0.0,7.3846154,-0.024486352,-0.12770317,-0.0042708605
1690,-3.0,0.5714286,7.3846154,-0.011526793,-0.12729914,-0.0030411694
1691,-3.0,1.1428572,7.3846154,-0.00976368,-0.12933382,-0.0015627518
1692,-3.0,1.7142857,7.3846154,-0.0005970801,-0.12704723,-2.8436754e-05
1693,-3.0,2.2857144,7.3846154,-0.0003625428,-0.130945,0.0012122215
1694,-3.0,2.857143,7.3846154,0.008951071,-0.12523052,0.0027365894
1695,-3.0,3.4285715,7.3846154,0.011436115,-0.13170525,0.003838706
1696,-3.0,4.0,7.3846154,0.024481315,-0.12344323,0.004645467
1697,-3.0,0.0,6.769231,-0.024615752,-0.12644994,-0.0036509854
1698,-3.0,0.5714286,6.769231,-0.011309466,-0.12582262,-0.0023815872
1699,-3.0,1.1428572,6.769231,-0.010031868,-0.12810607,-0.0011813261
1700,-3.0,1.7142857,6.769231,-0.00025472138,-0.12554589,-5.916636e-05
1701,-3.0,2.2857144,6.769231,-0.00044631795,-0.12995902,0.00116125
1702,-3.0,2.857143,6.769231,0.009423294,-0.12357501,0.00214306
1703,-3.0,3.4285715,6.769231,0.011560103,-0.13095495,0.0032925496
1704,-3.0,4.0,6.769231,0.024961319,-0.12199789,0.004485482
1705,-3.0,0.0,6.1538463,-0.024526395,-0.12540413,-0.0026292722
1706,-3.0,0.5714286,6.1538463,-0.01129161,-0.12474181,-0.001826263
1707,-3.0,1.1428572,6.1538463,-0.009997965,-0.12713113,-0.0009259332
1708,-3.0,1.7142857,6.1538463,-0.00028188233,-0.12453432,-1.1350706e-06
1709,-3.0,2.2857144,6.1538463,-0.0003963418,-0.12895344,0.0008617978
1710,-3.0,2.857143,6.1538463,0.009457322,-0.12270138,0.0017502492
1711,-3.0,3.4285715,6.1538463,0.011567819,-0.12986729,0.0024640092
1712,-3.0,4.0,6.1538463,0.024907533,-0.121041596,0.0031335028
1713,-3.0,0.0,5.5384617,-0.024361618,-0.124619685,-0.0019248764
1714,-3.0,0.5714286,5.5384617,-0.011289789,-0.12407345,-0.0013225841
1715,-3.0,1.1428572,5.5384617,-0.009945295,-0.12635724,-0.00067615
1716,-3.0,1.7142857,5.5384617,-0.00031560092,-0.12388315,-4.5324945e-05
1717,-3.0,2.2857144,5.5384617,-0.00037264905,-0.12821257,0.0005962337
1718,-3.0,2.857143,5.5384617,0.009378355,-0.122032106,0.0011784649
1719,-3.0,3.4285715,5.5384617,0.011598959,-0.1291799,0.0018132115
1720,-3.0,4.0,5.5384617,0.02479473,-0.12047297,0.0023776426
1721,-3.0,0.0,4.923077,-0.024298219,-0.124140196,-0.0011858123
1722,-3.0,0.5714286,4.923077,-0.011274703,-0.12360494,-0.00085095386
1723,-3.0,1.1428572,4.923077,-0.009908414,-0.12590693,-0.00048219567
1724,-3.0,1.7142857,4.923077,-0.00034911465,-0.12344786,-0.00010254117
1725,-3.0,2.2857144,4.923077,-0.0003662964,-0.12774125,0.00028201967
1726,-3.0,2.857143,4.923077,0.0093306275,-0.12164695,0.00064495933
1727,-3.0,3.4285715,4.923077,0.01155826,-0.12865797,0.0009294186
1728,-3.0,4.0,4.923077,0.02471298,-0.12005994,0.0012161602
1729,-3.0,0.0,4.3076925,-0.024258783,-0.12390253,-0.00054356694
1730,-3.0,0.5714286,4.3076925,-0.011271484,-0.123396814,-0.00043359643
1731,-3.0,1.1428572,4.3076925,-0.009904297,-0.12567624,-0.000303078
1732,-3.0,1.7142857,4.3076925,-0.00036393423,-0.12324349,-0.00017364131
1733,-3.0,2.2857144,4.3076925,-0.00038187948,-0.12752,-5.5896162e-05
1734,-3.0,2.857143,4.3076925,0.009293626,-0.12143554,6.469743e-05
1735,-3.0,3.4285715,4.3076925,0.011541892,-0.1284538,0.00022738703
1736,-3.0,4.0,4.3076925,0.024666889,-0.119872525,0.0003411703
1737,-3.0,0.0,3.6923077,-0.024273815,-0.12390243,0.0001063555
1738,-3.0,0.5714286,3.6923077,-0.011286436,-0.12339676,-2.4041294e-06
1739,-3.0,1.1428572,3.6923077,-0.009919288,-0.12567607,-0.0001344149
1740,-3.0,1.7142857,3.6923077,-0.00037885993,-0.12324342,-0.00026275637
1741,-3.0,2.2857144,3.6923077,-0.00039691365,-0.12751985,-0.00038172211
1742,-3.0,2.857143,3.6923077,0.0092787035,-0.1214354,-0.00050140277
1743,-3.0,3.4285715,3.6923077,0.011526831,-0.12845372,-0.0006651955
1744,-3.0,4.0,3.6923077,0.024651865,-0.11987244,-0.00077824894
1745,-3.0,0.0,3.0769231,-0.024343027,-0.12413973,0.00074956025
1746,-3.0,0.5714286,3.0769231,-0.011319471,-0.123604745,0.0004142024
1747,-3.0,1.1428572,3.0769231,-0.009953361,-0.12590645,4.5366054e-05
1748,-3.0,1.7142857,3.0769231,-0.00039398173,-0.1234476,-0.00033442568
1749,-3.0,2.2857144,3.0769231,-0.00041127915,-0.12774083,-0.00071911106
1750,-3.0,2.857143,3.0769231,0.009285713,-0.12164656,-0.001082118
1751,-3.0,3.4285715,3.0769231,0.011513231,-0.12865762,-0.0013667877
1752,-3.0,4.0,3.0769231,0.024667984,-0.12005944,-0.0016536956
1753,-3.0,0.0,2.4615386,-0.024436451,-0.12461885,0.0014884289
1754,-3.0,0.5714286,2.4615386,-0.011364535,-0.12407321,0.000885757
1755,-3.0,1.1428572,2.4615386,-0.010020146,-0.12635642,0.00023949685
1756,-3.0,1.7142857,2.4615386,-0.0003904232,-0.12388276,-0.00039181617
1757,-3.0,2.2857144,2.4615386,-0.00044759797,-0.12821187,-0.0010331038
1758,-3.0,2.857143,2.4615386,0.009303475,-0.12203145,-0.0016158074
1759,-3.0,3.4285715,2.4615386,0.01152392,-0.12917942,-0.0022503422
1760,-3.0,4.0,2.4615386,0.024719566,-0.12047227,-0.0028153139
1761,-3.0,0.0,1.8461539,-0.02463102,-0.12540306,0.0021931138
1762,-3.0,0.5714286,1.8461539,-0.011396154,-0.12474144,0.0013895108
1763,-3.0,1.1428572,1.8461539,-0.010102828,-0.12713003,0.0004891765
1764,-3.0,1.7142857,1.8461539,-0.0003865943,-0.12453377,-0.00043587285
1765,-3.0,2.2857144,1.8461539,-0.00050131464,-0.12895252,-0.0012987418
1766,-3.0,2.857143,1.8461539,0.009352508,-0.12270047,-0.002187461
1767,-3.0,3.4285715,1.8461539,0.011462714,-0.12986664,-0.0029012214
1768,-3.0,4.0,1.8461539,0.024802476,-0.121040456,-0.003571182
1769,-3.0,0.0,1.2307693,-0.024750397,-0.12644856,0.0032145667
1770,-3.0,0.5714286,1.2307693,-0.011444028,-0.12582216,0.0019447611
1771,-3.0,1.1428572,1.2307693,-0.010166603,-0.12810473,0.0007446867
1772,-3.0,1.7142857,1.2307693,-0.0003894453,-0.12554516,-0.00037791193
1773,-3.0,2.2857144,1.2307693,-0.0005812112,-0.12995794,-0.0015980911
1774,-3.0,2.857143,1.2307693,0.009288428,-0.1235738,-0.0025802972
1775,-3.0,3.4285715,1.2307693,0.011425042,-0.1309543,-0.0037296754
1776,-3.0,4.0,1.2307693,0.024825979,-0.12199658,-0.0049230256
1777,-3.0,0.0,0.61538464,-0.024650404,-0.12770143,0.0038347035
1778,-3.0,0.5714286,0.61538464,-0.011691552,-0.12729874,0.0026044252
1779,-3.0,1.1428572,0.61538464,-0.009928037,-0.12933204,0.0011260232
1780,-3.0,1.7142857,0.61538464,-0.00076210126,-0.12704659,-0.00040854778
1781,-3.0,2.2857144,0.61538464,-0.000527041,-0.13094345,-0.0016490909
1782,-3.0,2.857143,0.61538464,0.008785866,-0.12522951,-0.0031737445
1783,-3.0,3.4285715,0.61538464,0.011271398,-0.13170397,-0.004275815
1784,-3.0,4.0,0.61538464,0.024315745,-0.123442,-0.0050832117
1785,-3.0,0.0,0.0,-0.024246506,-0.12949789,0.0054057213
1786,-3.0,0.5714286,0.0,-0.0117606465,-0.129068,0.0031151064
1787,-3.0,1.1428572,0.0,-0.009786031,-0.13092928,0.0013881738
1788,-3.0,1.7142857,0.0,-0.0012020901,-0.1288567,-9.3590876e-05
1789,-3.0,2.2857144,0.0,-0.00073515426,-0.13227867,-0.0021430627
1790,-3.0,2.857143,0.0,0.007941451,-0.12708877,-0.0032357161
1791,-3.0,3.4285715,0.0,0.0108028315,-0.13267478,-0.0050036623
1792,-3.0,4.0,0.0,0.023406832,-0.12559627,-0.0072627263
1793,-2.4,0.0,8.0,-0.016487567,-0.13868144,-0.0055162855
1794,-2.4,0.5714286,8.0,-0.013462797,-0.14077121,-0.003939675
1795,-2.4,1.1428572,8.0,-0.0042789155,-0.13969682,-0.0018148572
1796,-2.4,1.7142857,8.0,-0.0049584853,-0.14257057,0.00028159967
1797,-2.4,2.2857144,8.0,0.002911723,-0.13850786,0.0018420918
1798,-2.4,2.857143,8.0,0.0024513702,-0.14419624,0.004099002
1799,-2.4,3.4285715,8.0,0.012262558,-0.13603432,0.005410183
1800,-2.4,4.0,8.0,0.016590256,-0.14363879,0.0061719315
1801,-2.4,0.0,7.3846154,-0.01632532,-0.13667345,-0.00499717
1802,-2.4,0.5714286,7.3846154,-0.013788227,-0.13883303,-0.0030973314
1803,-2.4,1.1428572,7.3846154,-0.003927597,-0.13763425,-0.0014204467
1804,-2.4,1.7142857,7.3846154,-0.0048430506,-0.14089076,0.00018984769
1805,-2.4,2.2857144,7.3846154,0.003683719,-0.13642855,0.0019042338
1806,-2.4,2.857143,7.3846154,0.0028965925,-0.14290549,0.0032450699
1807,-2.4,3.4285715,7.3846154,0.013462206,-0.13381577,0.0048197955
1808,-2.4,4.0,7.3846154,0.017217927,-0.14311594,0.006527906
1809,-2.4,0.0,6.769231,-0.016016247,-0.13499115,-0.0036772024
1810,-2.4,0.5714286,6.769231,-0.014068042,-0.13738729,-0.0024818107
1811,-2.4,1.1428572,6.769231,-0.0036382182,-0.1359959,-0.0011275004
1812,-2.4,1.7142857,6.769231,-0.0050635864,-0.13962044,0.00027452098
1813,-2.4,2.2857144,6.769231,0.004145695,-0.13467172,0.0015401192
1814,-2.4,2.857143,6.769231,0.0028863854,-0.14201549,0.002852564
1815,-2.4,3.4285715,6.769231,0.01396198,-0.13185394,0.003888344
1816,-2.4,4.0,6.769231,0.01726977,-0.14214599,0.0048542144
1817,-2.4,0.0,6.1538463,-0.015906883,-0.13381779,-0.0028831596
1818,-2.4,0.5714286,6.1538463,-0.014014656,-0.1363051,-0.0018702409
1819,-2.4,1.1428572,6.1538463,-0.0036811875,-0.13486119,-0.000847738
1820,-2.4,1.7142857,6.1538463,-0.005021874,-0.13854763,0.00020060099
1821,-2.4,2.2857144,6.1538463,0.0040832115,-0.13363466,0.0012283162
1822,-2.4,2.857143,6.1538463,0.0029164513,-0.1408436,0.0021748913
1823,-2.4,3.4285715,6.1538463,0.013981038,-0.13100567,0.003140363
1824,-2.4,4.0,6.1538463,0.017203249,-0.14110848,0.0040294672
1825,-2.4,0.0,5.5384617,-0.01591803,-0.13305847,-0.001961394
1826,-2.4,0.5714286,5.5384617,-0.013933827,-0.13548371,-0.001340928
1827,-2.4,1.1428572,5.5384617,-0.0037072033,-0.1341609,-0.0006398937
1828,-2.4,1.7142857,5.5384617,-0.0050040768,-0.1377503,0.00011171897
1829,-2.4,2.2857144,5.5384617,0.0040361863,-0.13294198,0.00083265913
1830,-2.4,2.857143,5.5384617,0.0029124764,-0.14008239,0.0015336898
1831,-2.4,3.4285715,5.5384617,0.013842174,-0.13027076,0.0021033103
1832,-2.4,4.0,5.5384617,0.017218722,-0.14025891,0.0026592617
1833,-2.4,0.0,4.923077,-0.015868608,-0.13256323,-0.0012652061
1834,-2.4,0.5714286,4.923077,-0.013890205,-0.13501005,-0.0008779023
1835,-2.4,1.1428572,4.923077,-0.0037315332,-0.13369836,-0.00045808076
1836,-2.4,1.7142857,4.923077,-0.0049863453,-0.13727702,-1.0814682e-05
1837,-2.4,2.2857144,4.923077,0.003968709,-0.13251936,0.00041168992
1838,-2.4,2.857143,4.923077,0.0028984915,-0.13956678,0.00082679174
1839,-2.4,3.4285715,4.923077,0.013801398,-0.12991817,0.0012490795
1840,-2.4,4.0,4.923077,0.017157735,-0.1397677,0.0015929118
1841,-2.4,0.0,4.3076925,-0.015877225,-0.13233389,-0.00054981915
1842,-2.4,0.5714286,4.3076925,-0.0138756465,-0.13477144,-0.00043842584
1843,-2.4,1.1428572,4.3076925,-0.0037405295,-0.13348861,-0.00030489193
1844,-2.4,1.7142857,4.3076925,-0.0049989093,-0.13704932,-0.00016268472
1845,-2.4,2.2857144,4.3076925,0.0039446536,-0.13231169,-8.828397e-06
1846,-2.4,2.857143,4.3076925,0.0028689648,-0.13935171,0.0001254175
1847,-2.4,3.4285715,4.3076925,0.01374369,-0.12969899,0.0002026618
1848,-2.4,4.0,4.3076925,0.017148528,-0.13952935,0.0002995486
1849,-2.4,0.0,3.6923077,-0.015892018,-0.13233373,8.497815e-05
1850,-2.4,0.5714286,3.6923077,-0.013890621,-0.13477127,-2.8551005e-05
1851,-2.4,1.1428572,3.6923077,-0.0037554395,-0.13348854,-0.00016042276
1852,-2.4,1.7142857,3.6923077,-0.005013958,-0.13704912,-0.00030432048
1853,-2.4,2.2857144,3.6923077,0.0039297617,-0.13231155,-0.0004568231
1854,-2.4,2.857143,3.6923077,0.0028538837,-0.13935158,-0.00059237523
1855,-2.4,3.4285715,3.6923077,0.013728809,-0.12969874,-0.00066853396
1856,-2.4,4.0,3.6923077,0.017133456,-0.13952915,-0.0007666607
1857,-2.4,0.0,3.0769231,-0.015913466,-0.132563,0.0007990292
1858,-2.4,0.5714286,3.0769231,-0.013935185,-0.13500957,0.0004119971
1859,-2.4,1.1428572,3.0769231,-0.0037763345,-0.13369808,-8.116378e-06
1860,-2.4,1.7142857,3.0769231,-0.0050313477,-0.13727653,-0.0004554146
1861,-2.4,2.2857144,3.0769231,0.0039238436,-0.13251893,-0.00087797525
1862,-2.4,2.857143,3.0769231,0.0028534723,-0.13956635,-0.0012931513
1863,-2.4,3.4285715,3.0769231,0.013756499,-0.12991756,-0.0017154558
1864,-2.4,4.0,3.0769231,0.017112553,-0.13976744,-0.0020594741
1865,-2.4,0.0,2.4615386,-0.015992569,-0.13305818,0.0014956056
1866,-2.4,0.5714286,2.4615386,-0.0140086645,-0.13548285,0.0008750668
1867,-2.4,1.1428572,2.4615386,-0.00378197,-0.13416046,0.00017355224
1868,-2.4,1.7142857,2.4615386,-0.0050790226,-0.13774946,-0.000577712
1869,-2.4,2.2857144,2.4615386,0.003961358,-0.13294132,-0.0012991315
1870,-2.4,2.857143,2.4615386,0.00283746,-0.1400817,-0.0019997715
1871,-2.4,3.4285715,2.4615386,0.013767321,-0.13026969,-0.002569907
1872,-2.4,4.0,2.4615386,0.017143583,-0.14025833,-0.0031256392
1873,-2.4,0.0,1.8461539,-0.016011495,-0.13381727,0.0024170252
1874,-2.4,0.5714286,1.8461539,-0.014119554,-0.13630395,0.0014043213
1875,-2.4,1.1428572,1.8461539,-0.0037857841,-0.13486058,0.0003815691
1876,-2.4,1.7142857,1.8461539,-0.0051268726,-0.13854653,-0.00066671334
1877,-2.4,2.2857144,1.8461539,0.003978503,-0.13363373,-0.0016945981
1878,-2.4,2.857143,1.8461539,0.0028113634,-0.14084272,-0.0026410564
1879,-2.4,3.4285715,1.8461539,0.013876266,-0.13100423,-0.0036067576
1880,-2.4,4.0,1.8461539,0.017097853,-0.14110799,-0.0044958284
1881,-2.4,0.0,1.2307693,-0.016150506,-0.13499056,0.003211412
1882,-2.4,0.5714286,1.2307693,-0.014202801,-0.13738589,0.002015988
1883,-2.4,1.1428572,1.2307693,-0.0037728036,-0.13599509,0.0006612068
1884,-2.4,1.7142857,1.2307693,-0.005198511,-0.13961914,-0.00074045814
1885,-2.4,2.2857144,1.2307693,0.0040109777,-0.13467048,-0.002006463
1886,-2.4,2.857143,1.2307693,0.0027513169,-0.14201455,-0.0033185645
1887,-2.4,3.4285715,1.2307693,0.013827123,-0.13185199,-0.0043547763
1888,-2.4,4.0,1.2307693,0.017134465,-0.14214528,-0.0053206794
1889,-2.4,0.0,0.61538464,-0.016490048,-0.13667274,0.0045310403
1890,-2.4,0.5714286,0.61538464,-0.013952647,-0.13883126,0.0026314252
1891,-2.4,1.1428572,0.61538464,-0.004092425,-0.13763347,0.00095428637
1892,-2.4,1.7142857,0.61538464,-0.0050076153,-0.14088903,-0.0006558455
1893,-2.4,2.2857144,0.61538464,0.0035186731,-0.13642739,-0.0023704336
1894,-2.4,2.857143,0.61538464,0.0027318923,-0.14290397,-0.0037110923
1895,-2.4,3.4285715,0.61538464,0.013296979,-0.13381414,-0.0052861366
1896,-2.4,4.0,0.61538464,0.017052762,-0.14311472,-0.006994037
1897,-2.4,0.0,0.0,-0.016682219,-0.13868077,0.005050494
1898,-2.4,0.5714286,0.0,-0.013656789,-0.14076908,0.0034738427
1899,-2.4,1.1428572,0.0,-0.004473989,-0.13969602,0.0013486206
1900,-2.4,1.7142857,0.0,-0.0051526786,-0.14256841,-0.00074748683
1901,-2.4,2.2857144,0.0,0.002716469,-0.13850684,-0.0023082648
1902,-2.4,2.857143,0.0,0.0022570125,-0.14419411,-0.004564976
1903,-2.4,3.4285715,0.0,0.012067112,-0.13603298,-0.0058763567
1904,-2.4,4.0,0.0,0.016395573,-0.14363661,-0.0066384533
1905,-1.8,0.0,8.0,-0.01685774,-0.14861532,-0.0065915827
1906,-1.8,0.5714286,8.0,-0.006474866,-0.14869823,-0.0037788528
1907,-1.8,1.1428572,8.0,-0.0074605225,-0.15106386,-0.0015744348
1908,-1.8,1.7142857,8.0,-5.747771e-05,-0.14870459,0.00075885927
1909,-1.8,2.2857144,8.0,-0.0023252908,-0.1535705,0.0030860058
1910,-1.8,2.857143,8.0,0.005235101,-0.14657518,0.0046447082
1911,-1.8,3.4285715,8.0,0.0050926968,-0.15557906,0.0069710254
1912,-1.8,4.0,8.0,0.016932888,-0.14388263,0.009279083
1913,-1.8,0.0,7.3846154,-0.017219748,-0.14634219,-0.004916248
1914,-1.8,0.5714286,7.3846154,-0.006263629,-0.1463776,-0.003193728
1915,-1.8,1.1428572,7.3846154,-0.0074660745,-0.14896727,-0.0012124531
1916,-1.8,1.7142857,7.3846154,0.00060012855,-0.14631858,0.0007843262
1917,-1.8,2.2857144,7.3846154,-0.0018281662,-0.15187,0.0025892127
1918,-1.8,2.857143,7.3846154,0.0064030965,-0.14420862,0.004410172
1919,-1.8,3.4285715,7.3846154,0.005789036,-0.15457389,0.005747719
1920,-1.8,4.0,7.3846154,0.01845351,-0.14088106,0.0070327697
1921,-1.8,0.0,6.769231,-0.017306022,-0.14468959,-0.0039771586
1922,-1.8,0.5714286,6.769231,-0.0060114944,-0.1446126,-0.002467671
1923,-1.8,1.1428572,6.769231,-0.007765348,-0.14746155,-0.0009148108
1924,-1.8,1.7142857,6.769231,0.00095798424,-0.14449257,0.0006491809
1925,-1.8,2.2857144,6.769231,-0.0020851663,-0.15061666,0.002222292
1926,-1.8,2.857143,6.769231,0.0069268374,-0.14210096,0.0036026689
1927,-1.8,3.4285715,6.769231,0.0058657723,-0.15387219,0.004984886
1928,-1.8,4.0,6.769231,0.018785251,-0.13895345,0.006200896
1929,-1.8,0.0,6.1538463,-0.01729334,-0.14350568,-0.0028253829
1930,-1.8,0.5714286,6.1538463,-0.006006678,-0.14340025,-0.0018711722
1931,-1.8,1.1428572,6.1538463,-0.007730587,-0.146334,-0.00070152304
1932,-1.8,1.7142857,6.1538463,0.0008774523,-0.14335224,0.0005027494
1933,-1.8,2.2857144,6.1538463,-0.0020227453,-0.14947434,0.0017036479
1934,-1.8,2.857143,6.1538463,0.006766761,-0.1410963,0.0028085208
1935,-1.8,3.4285715,6.1538463,0.005766923,-0.15249175,0.0037468004
1936,-1.8,4.0,6.1538463,0.01882487,-0.13793933,0.0046345606
1937,-1.8,0.0,5.5384617,-0.017151805,-0.14265136,-0.0020386148
1938,-1.8,0.5714286,5.5384617,-0.0060304594,-0.14265649,-0.0013414989
1939,-1.8,1.1428572,5.5384617,-0.007702814,-0.14552471,-0.00052273966
1940,-1.8,1.7142857,5.5384617,0.00083508604,-0.14265986,0.0003125655
1941,-1.8,2.2857144,5.5384617,-0.0020511698,-0.14869599,0.001164559
1942,-1.8,2.857143,5.5384617,0.006710969,-0.14041032,0.0019290511
1943,-1.8,3.4285715,5.5384617,0.0057995105,-0.15174747,0.0026901097
1944,-1.8,4.0,5.5384617,0.01858266,-0.13733347,0.0032654083
1945,-1.8,0.0,4.923077,-0.017151278,-0.14215581,-0.0012269316
1946,-1.8,0.5714286,4.923077,-0.0060271956,-0.14218558,-0.0008672721
1947,-1.8,1.1428572,4.923077,-0.007683725,-0.14506054,-0.00040076682
1948,-1.8,1.7142857,4.923077,0.0007803637,-0.14223358,9.83586e-05
1949,-1.8,2.2857144,4.923077,-0.002046061,-0.14823209,0.0006082771
1950,-1.8,2.857143,4.923077,0.006596947,-0.14004865,0.001073606
1951,-1.8,3.4285715,4.923077,0.005736362,-0.15121634,0.0014309491
1952,-1.8,4.0,4.923077,0.018652337,-0.13697089,0.0017437214
1953,-1.8,0.0,4.3076925,-0.01712214,-0.14191236,-0.0005937794
1954,-1.8,0.5714286,4.3076925,-0.0060361554,-0.14197278,-0.00045498682
1955,-1.8,1.1428572,4.3076925,-0.0076881493,-0.14483887,-0.00029322493
1956,-1.8,1.7142857,4.3076925,0.00076120684,-0.14203747,-0.00012816802
1957,-1.8,2.2857144,4.3076925,-0.0020763678,-0.1480256,3.499022e-05
1958,-1.8,2.857143,4.3076925,0.006567818,-0.13985825,0.0001828081
1959,-1.8,3.4285715,4.3076925,0.0057186396,-0.15101619,0.00036517877
1960,-1.8,4.0,4.3076925,0.018553369,-0.13678475,0.0004880421
1961,-1.8,0.0,3.6923077,-0.017137315,-0.14191234,9.706718e-05
1962,-1.8,0.5714286,3.6923077,-0.0060510617,-0.14197269,-3.907641e-05
1963,-1.8,1.1428572,3.6923077,-0.0077031944,-0.14483868,-0.00020335807
1964,-1.8,1.7142857,3.6923077,0.0007463313,-0.14203735,-0.00036638827
1965,-1.8,2.2857144,3.6923077,-0.0020914746,-0.14802541,-0.00053142087
1966,-1.8,2.857143,3.6923077,0.006552976,-0.13985799,-0.00067768205
1967,-1.8,3.4285715,3.6923077,0.005703508,-0.1510161,-0.00086139684
1968,-1.8,4.0,3.6923077,0.018538471,-0.1367845,-0.0009829408
1969,-1.8,0.0,3.0769231,-0.017196056,-0.14215533,0.0007321916
1970,-1.8,0.5714286,3.0769231,-0.006071967,-0.1421853,0.00037169462
1971,-1.8,1.1428572,3.0769231,-0.0077287275,-0.14506006,-9.457337e-05
1972,-1.8,1.7142857,3.0769231,0.00073552836,-0.14223316,-0.00059389713
1973,-1.8,2.2857144,3.0769231,-0.0020911319,-0.14823152,-0.0011038482
1974,-1.8,2.857143,3.0769231,0.00655213,-0.14004795,-0.0015691465
1975,-1.8,3.4285715,3.0769231,0.00569133,-0.1512159,-0.0019265077
1976,-1.8,4.0,3.0769231,0.018607412,-0.1369698,-0.0022392462
1977,-1.8,0.0,2.4615386,-0.017226847,-0.14265049,0.0015432255
1978,-1.8,0.5714286,2.4615386,-0.0061052428,-0.14265607,0.0008460116
1979,-1.8,1.1428572,2.4615386,-0.007777695,-0.14552389,2.7548336e-05
1980,-1.8,1.7142857,2.4615386,0.00076025014,-0.14265923,-0.0008082714
1981,-1.8,2.2857144,2.4615386,-0.0021262043,-0.14869504,-0.001659832
1982,-1.8,2.857143,2.4615386,0.006636195,-0.1404092,-0.0024247714
1983,-1.8,3.4285715,2.4615386,0.0057244673,-0.15174685,-0.003185321
1984,-1.8,4.0,2.4615386,0.01850765,-0.13733196,-0.003761119
1985,-1.8,0.0,1.8461539,-0.017397994,-0.1435046,0.0023305088
1986,-1.8,0.5714286,1.8461539,-0.0061112694,-0.14339964,0.0013757456
1987,-1.8,1.1428572,1.8461539,-0.007835552,-0.14633289,0.00020617426
1988,-1.8,1.7142857,1.8461539,0.000772791,-0.14335138,-0.0009982059
1989,-1.8,2.2857144,1.8461539,-0.0021279154,-0.14947309,-0.0021990181
1990,-1.8,2.857143,1.8461539,0.006662153,-0.14109479,-0.0033039674
1991,-1.8,3.4285715,1.8461539,0.005661746,-0.152491,-0.004242122
1992,-1.8,4.0,1.8461539,0.01872005,-0.13793693,-0.0051301545
1993,-1.8,0.0,1.2307693,-0.017441005,-0.14468817,0.00348188
1994,-1.8,0.5714286,1.2307693,-0.0061460575,-0.1446118,0.0019721624
1995,-1.8,1.1428572,1.2307693,-0.007900207,-0.14746025,0.00041966402
1996,-1.8,1.7142857,1.2307693,0.0008233049,-0.14449137,-0.0011447605
1997,-1.8,2.2857144,1.2307693,-0.002220272,-0.15061533,-0.0027173974
1998,-1.8,2.857143,1.2307693,0.006792183,-0.14209895,-0.004098155
1999,-1.8,3.4285715,1.2307693,0.0057305773,-0.15387155,-0.0054799505
2000,-1.8,4.0,1.2307693,0.018650137,-0.1389507,-0.0066962945
2001,-1.8,0.0,0.61538464,-0.01738397,-0.14634061,0.004421382
2002,-1.8,0.5714286,0.61538464,-0.006428343,-0.1463767,0.0026982848
2003,-1.8,1.1428572,0.61538464,-0.0076306597,-0.14896558,0.00071721396
2004,-1.8,1.7142857,0.61538464,0.0004352181,-0.14631741,-0.0012797314
2005,-1.8,2.2857144,0.61538464,-0.0019929989,-0.15186818,-0.003084327
2006,-1.8,2.857143,0.61538464,0.006238075,-0.14420678,-0.0049054124
2007,-1.8,3.4285715,0.61538464,0.0056240913,-0.1545724,-0.006242765
2008,-1.8,4.0,0.61538464,0.018288108,-0.14087848,-0.0075285053
2009,-1.8,0.0,0.0,-0.01705191,-0.14861326,0.006096216
2010,-1.8,0.5714286,0.0,-0.0066698757,-0.14869729,0.003283353
2011,-1.8,1.1428572,0.0,-0.007654629,-0.1510618,0.0010793479
2012,-1.8,1.7142857,0.0,-0.0002527263,-0.14870344,-0.0012542773
2013,-1.8,2.2857144,0.0,-0.002519688,-0.15356809,-0.003580933
2014,-1.8,2.857143,0.0,0.0050398237,-0.1465736,-0.005139856
2015,-1.8,3.4285715,0.0,0.004898181,-0.15557677,-0.0074661025
2016,-1.8,4.0,0.0,0.016737062,-0.14388084,-0.009774103
2017,-1.2,0.0,8.0,-0.008229704,-0.15540002,-0.0063731694
2018,-1.2,0.5714286,8.0,-0.007962722,-0.15698318,-0.0039859186
2019,-1.2,1.1428572,8.0,-0.0015156941,-0.1563401,-0.0010343478
2020,-1.2,1.7142857,8.0,-0.004079406,-0.16031171,0.0015076572
2021,-1.2,2.2857144,8.0,0.0021179977,-0.15654941,0.004289156
2022,-1.2,2.857143,8.0,-0.0014498024,-0.1648782,0.006893449
2023,-1.2,3.4285715,8.0,0.0064180866,-0.1528905,0.0081098545
2024,-1.2,4.0,8.0,0.008956533,-0.16637674,0.009607451
2025,-1.2,0.0,7.3846154,-0.007984964,-0.15282658,-0.005279951
2026,-1.2,0.5714286,7.3846154,-0.008136846,-0.1545414,-0.0030889178
2027,-1.2,1.1428572,7.3846154,-0.0011093183,-0.15370743,-0.0008980756
2028,-1.2,1.7142857,7.3846154,-0.0038081587,-0.15803665,0.0013734881
2029,-1.2,2.2857144,7.3846154,0.0030409216,-0.15374878,0.0036942048
2030,-1.2,2.857143,7.3846154,-0.00045855923,-0.16323681,0.0057315095
2031,-1.2,3.4285715,7.3846154,0.008211931,-0.15010642,0.0076701096
2032,-1.2,4.0,7.3846154,0.009706631,-0.16642922,0.009072706
2033,-1.2,0.0,6.769231,-0.007773767,-0.15100707,-0.0038931672
2034,-1.2,0.5714286,6.769231,-0.0083756475,-0.15284199,-0.0024235512
2035,-1.2,1.1428572,6.769231,-0.0008752266,-0.15180908,-0.00069033535
2036,-1.2,1.7142857,6.769231,-0.004104788,-0.15655464,0.0011397492
2037,-1.2,2.2857144,6.769231,0.003377665,-0.15175748,0.0029622735
2038,-1.2,2.857143,6.769231,-0.0009396685,-0.16212131,0.004701276
2039,-1.2,3.4285715,6.769231,0.008519762,-0.14740163,0.0060884967
2040,-1.2,4.0,6.769231,0.009965131,-0.16562402,0.0075772023
2041,-1.2,0.0,6.1538463,-0.007690406,-0.14970025,-0.0029459852
2042,-1.2,0.5714286,6.1538463,-0.0083442805,-0.15165493,-0.0018038023
2043,-1.2,1.1428572,6.1538463,-0.0009235713,-0.15062672,-0.0005276711
2044,-1.2,1.7142857,6.1538463,-0.004069554,-0.15543734,0.0008635636
2045,-1.2,2.2857144,6.1538463,0.003264311,-0.15071025,0.0022285618
2046,-1.2,2.857143,6.1538463,-0.00085053983,-0.16100173,0.0035403145
2047,-1.2,3.4285715,6.1538463,0.0083158435,-0.146613,0.004703029
2048,-1.2,4.0,6.1538463,0.009415593,-0.16425228,0.005548882
2049,-1.2,0.0,5.5384617,-0.0077493675,-0.14891626,-0.0019641358
2050,-1.2,0.5714286,5.5384617,-0.008303252,-0.15085116,-0.0012798611
2051,-1.2,1.1428572,5.5384617,-0.00095317414,-0.14992364,-0.00042096508
2052,-1.2,1.7142857,5.5384617,-0.00409401,-0.15468973,0.0005612162
2053,-1.2,2.2857144,5.5384617,0.003226949,-0.15010296,0.0015126143
2054,-1.2,2.857143,5.5384617,-0.0009624203,-0.16034354,0.0024552508
2055,-1.2,3.4285715,5.5384617,0.008213587,-0.14608425,0.003115714
2056,-1.2,4.0,5.5384617,0.009908496,-0.16349894,0.0036520923
2057,-1.2,0.0,4.923077,-0.007721589,-0.14842127,-0.0012751224
2058,-1.2,0.5714286,4.923077,-0.00828727,-0.15038958,-0.00084845145
2059,-1.2,1.1428572,4.923077,-0.000983696,-0.14950871,-0.0003308801
2060,-1.2,1.7142857,4.923077,-0.004090242,-0.15426539,0.00023366141
2061,-1.2,2.2857144,4.923077,0.0031463946,-0.14976937,0.00080570334
2062,-1.2,2.857143,4.923077,-0.000961625,-0.1599555,0.0013218811
2063,-1.2,3.4285715,4.923077,0.00809221,-0.14584385,0.0018031779
2064,-1.2,4.0,4.923077,0.009627325,-0.1630013,0.0021484566
2065,-1.2,0.0,4.3076925,-0.007749489,-0.14820401,-0.00055364147
2066,-1.2,0.5714286,4.3076925,-0.008285679,-0.15017572,-0.00044467003
2067,-1.2,1.1428572,4.3076925,-0.0009977972,-0.14931926,-0.00028847993
2068,-1.2,1.7142857,4.3076925,-0.00411246,-0.15407734,-9.258584e-05
2069,-1.2,2.2857144,4.3076925,0.0031259293,-0.14961179,8.808443e-05
2070,-1.2,2.857143,4.3076925,-0.0010128295,-0.15979524,0.00028392454
2071,-1.2,3.4285715,4.3076925,0.008054993,-0.14570256,0.0003588522
2072,-1.2,4.0,4.3076925,0.009770994,-0.16280898,0.00041212182
2073,-1.2,0.0,3.6923077,-0.007764092,-0.14820375,3.1224194e-05
2074,-1.2,0.5714286,3.6923077,-0.008300751,-0.1501756,-8.1811064e-05
2075,-1.2,1.1428572,3.6923077,-0.0010126383,-0.14931919,-0.0002346793
2076,-1.2,1.7142857,3.6923077,-0.0041275937,-0.15407717,-0.0004334459
2077,-1.2,2.2857144,3.6923077,0.0031110947,-0.14961158,-0.0006119228
2078,-1.2,2.857143,3.6923077,-0.001028007,-0.15979502,-0.00080970634
2079,-1.2,3.4285715,3.6923077,0.008040271,-0.14570205,-0.0008828892
2080,-1.2,4.0,3.6923077,0.009755732,-0.16280879,-0.0009375196
2081,-1.2,0.0,3.0769231,-0.0077667385,-0.1484211,0.00074973726
2082,-1.2,0.5714286,3.0769231,-0.008332168,-0.1503892,0.000324194
2083,-1.2,1.1428572,3.0769231,-0.0010285794,-0.14950843,-0.00019397445
2084,-1.2,1.7142857,3.0769231,-0.0041352524,-0.15426493,-0.00075834856
2085,-1.2,2.2857144,3.0769231,0.0031014818,-0.1497688,-0.0013305362
2086,-1.2,2.857143,3.0769231,-0.0010067379,-0.15995467,-0.0018467796
2087,-1.2,3.4285715,3.0769231,0.008047512,-0.14584252,-0.0023279416
2088,-1.2,4.0,3.0769231,0.00958221,-0.16300102,-0.0026730709
2089,-1.2,0.0,2.4615386,-0.007823969,-0.148916,0.001439875
2090,-1.2,0.5714286,2.4615386,-0.008378045,-0.15085049,0.00075531355
2091,-1.2,1.1428572,2.4615386,-0.0010281143,-0.14992318,-0.000103912214
2092,-1.2,1.7142857,2.4615386,-0.00416889,-0.1546889,-0.0010856884
2093,-1.2,2.2857144,2.4615386,0.0031519642,-0.1501021,-0.0020375971
2094,-1.2,2.857143,2.4615386,-0.001037527,-0.16034219,-0.0029797924
2095,-1.2,3.4285715,2.4615386,0.008139109,-0.14608198,-0.0036406575
2096,-1.2,4.0,2.4615386,0.009833193,-0.16349815,-0.0041764346
2097,-1.2,0.0,1.8461539,-0.0077955225,-0.14969972,0.002421003
2098,-1.2,0.5714286,1.8461539,-0.008449061,-0.151654,0.0012792482
2099,-1.2,1.1428572,1.8461539,-0.001028365,-0.15062605,3.009585e-06
2100,-1.2,1.7142857,1.8461539,-0.004174535,-0.15543622,-0.0013882258
2101,-1.2,2.2857144,1.8461539,0.0031594753,-0.15070914,-0.0027532193
2102,-1.2,2.857143,1.8461539,-0.00095586176,-0.16099997,-0.004064888
2103,-1.2,3.4285715,1.8461539,0.008211577,-0.14660999,-0.0052275313
2104,-1.2,4.0,1.8461539,0.009310084,-0.16425204,-0.0060733384
2105,-1.2,0.0,1.2307693,-0.007908182,-0.15100649,0.0033686785
2106,-1.2,0.5714286,1.2307693,-0.00851036,-0.15284084,0.001899069
2107,-1.2,1.1428572,1.2307693,-0.0010100421,-0.15180814,0.00016548537
2108,-1.2,1.7142857,1.2307693,-0.0042396705,-0.15655343,-0.0016641248
2109,-1.2,2.2857144,1.2307693,0.003242757,-0.15175587,-0.0034870587
2110,-1.2,2.857143,1.2307693,-0.0010749256,-0.16211967,-0.0052253962
2111,-1.2,3.4285715,1.2307693,0.00838542,-0.14739794,-0.006613034
2112,-1.2,4.0,1.2307693,0.00982962,-0.16562352,-0.008101451
2113,-1.2,0.0,0.61538464,-0.00815009,-0.15282571,0.004754999
2114,-1.2,0.5714286,0.61538464,-0.008301333,-0.15454002,0.0025643741
2115,-1.2,1.1428572,0.61538464,-0.0012741913,-0.15370643,0.00037339074
2116,-1.2,1.7142857,0.61538464,-0.003972916,-0.15803504,-0.0018979303
2117,-1.2,2.2857144,0.61538464,0.002875837,-0.15374719,-0.0042187287
2118,-1.2,2.857143,0.61538464,-0.00062366965,-0.16323465,-0.006255603
2119,-1.2,3.4285715,0.61538464,0.008047056,-0.15010309,-0.008194171
2120,-1.2,4.0,0.61538464,0.00954105,-0.16642791,-0.009596297
2121,-1.2,0.0,0.0,-0.00842446,-0.15539919,0.0058486783
2122,-1.2,0.5714286,0.0,-0.008156687,-0.15698147,0.0034614636
2123,-1.2,1.1428572,0.0,-0.0017110131,-0.15633906,0.0005095537
2124,-1.2,1.7142857,0.0,-0.004273627,-0.16030966,-0.0020318388
2125,-1.2,2.2857144,0.0,0.001922366,-0.15654795,-0.004813648
2126,-1.2,2.857143,0.0,-0.0016444406,-0.16487505,-0.0074171494
2127,-1.2,3.4285715,0.0,0.0062229335,-0.15288779,-0.008633574
2128,-1.2,4.0,0.0,0.008761591,-0.16637401,-0.010131914
2129,-0.6,0.0,8.0,-0.0062873466,-0.15949582,-0.00681093
2130,-0.6,0.5714286,8.0,-0.0017766884,-0.16074727,-0.0035984998
2131,-0.6,1.1428572,8.0,-0.0031118924,-0.16347732,-0.00099987
2132,-0.6,1.7142857,8.0,0.00047051813,-0.16207038,0.0025304426
2133,-0.6,2.2857144,8.0,-0.0020701964,-0.16882157,0.0053440467
2134,-0.6,2.857143,8.0,0.0026439782,-0.16393496,0.0090166135
2135,-0.6,3.4285715,8.0,-0.0024052558,-0.17932346,0.012669117
2136,-0.6,4.0,8.0,0.008581801,-0.15929767,0.013480082
2137,-0.6,0.0,7.3846154,-0.006473074,-0.15684745,-0.0051949485
2138,-0.6,0.5714286,7.3846154,-0.0016408572,-0.15800104,-0.003097036
2139,-0.6,1.1428572,7.3846154,-0.0030894936,-0.16084495,-0.0005851543
2140,-0.6,1.7142857,7.3846154,0.0008753445,-0.15909314,0.0018946182
2141,-0.6,2.2857144,7.3846154,-0.0016662468,-0.16635498,0.004585966
2142,-0.6,2.857143,7.3846154,0.0035547246,-0.16044427,0.007396338
2143,-0.6,3.4285715,7.3846154,-0.00088327855,-0.17778106,0.009580412
2144,-0.6,4.0,7.3846154,0.011745137,-0.15520422,0.012466202
2145,-0.6,0.0,6.769231,-0.0064991135,-0.15490349,-0.004042693
2146,-0.6,0.5714286,6.769231,-0.0015352475,-0.15604909,-0.0023359745
2147,-0.6,1.1428572,6.769231,-0.0032537326,-0.15921114,-0.0005081263
2148,-0.6,1.7142857,6.769231,0.0010179083,-0.15710656,0.0015521251
2149,-0.6,2.2857144,6.769231,-0.001950116,-0.16503194,0.003600385
2150,-0.6,2.857143,6.769231,0.0037323667,-0.15850429,0.0056778733
2151,-0.6,3.4285715,6.769231,-0.0018040822,-0.17722268,0.0075961594
2152,-0.6,4.0,6.769231,0.010503076,-0.15197209,0.008691512
2153,-0.6,0.0,6.1538463,-0.0065395245,-0.15367392,-0.0027931824
2154,-0.6,0.5714286,6.1538463,-0.0015304446,-0.15483825,-0.001785484
2155,-0.6,1.1428572,6.1538463,-0.0032595047,-0.1580464,-0.00035530044
2156,-0.6,1.7142857,6.1538463,0.0009771105,-0.15603001,0.0011128918
2157,-0.6,2.2857144,6.1538463,-0.0019212438,-0.16405395,0.0027306566
2158,-0.6,2.857143,6.1538463,0.0036377118,-0.15770671,0.0041841054
2159,-0.6,3.4285715,6.1538463,-0.0016905798,-0.17645329,0.0054691997
2160,-0.6,4.0,6.1538463,0.011413982,-0.15188898,0.0060339966
2161,-0.6,0.0,5.5384617,-0.0064798077,-0.1528392,-0.00202234
2162,-0.6,0.5714286,5.5384617,-0.0015593385,-0.15409471,-0.0012483809
2163,-0.6,1.1428572,5.5384617,-0.0032592944,-0.15731221,-0.00031262956
2164,-0.6,1.7142857,5.5384617,0.0009468522,-0.15542738,0.0007463343
2165,-0.6,2.2857144,5.5384617,-0.0019867148,-0.16343309,0.001809745
2166,-0.6,2.857143,5.5384617,0.0036175156,-0.15734722,0.002834082
2167,-0.6,3.4285715,5.5384617,-0.0019093647,-0.17603408,0.0037110662
2168,-0.6,4.0,5.5384617,0.010865319,-0.15182883,0.0042145415
2169,-0.6,0.0,4.923077,-0.0065081497,-0.15237258,-0.001172599
2170,-0.6,0.5714286,4.923077,-0.0015632684,-0.15367849,-0.00084090634
2171,-0.6,1.1428572,4.923077,-0.0032672286,-0.15689151,-0.00026717127
2172,-0.6,1.7142857,4.923077,0.0009113118,-0.15509759,0.0003202205
2173,-0.6,2.2857144,4.923077,-0.0019904887,-0.16309693,0.0009791882
2174,-0.6,2.857143,4.923077,0.0035437848,-0.15716676,0.0015576166
2175,-0.6,3.4285715,4.923077,-0.0019192226,-0.17582846,0.0019824854
2176,-0.6,4.0,4.923077,0.011195287,-0.15182985,0.002077882
2177,-0.6,0.0,4.3076925,-0.0065030535,-0.15214935,-0.00062933937
2178,-0.6,0.5714286,4.3076925,-0.0015791476,-0.15348439,-0.0004439622
2179,-0.6,1.1428572,4.3076925,-0.0032790145,-0.15671073,-0.00028468127
2180,-0.6,1.7142857,4.3076925,0.0008942938,-0.15494463,-6.2682906e-05
2181,-0.6,2.2857144,4.3076925,-0.0020236806,-0.16296189,0.00012997672
2182,-0.6,2.857143,4.3076925,0.0035285368,-0.15708123,0.00031557053
2183,-0.6,3.4285715,4.3076925,-0.0019814598,-0.17572351,0.0005127361
2184,-0.6,4.0,4.3076925,0.01103748,-0.15180899,0.0007032141
2185,-0.6,0.0,3.6923077,-0.006518583,-0.15214956,7.228707e-05
2186,-0.6,0.5714286,3.6923077,-0.0015938035,-0.15348431,-0.00010710854
2187,-0.6,1.1428572,3.6923077,-0.0032942425,-0.15671076,-0.00027131566
2188,-0.6,1.7142857,3.6923077,0.0008795006,-0.15494445,-0.00048973365
2189,-0.6,2.2857144,3.6923077,-0.0020388586,-0.16296184,-0.0006852475
2190,-0.6,2.857143,3.6923077,0.0035136666,-0.15708087,-0.00086861
2191,-0.6,3.4285715,3.6923077,-0.0019966203,-0.17572327,-0.0010677384
2192,-0.6,4.0,3.6923077,0.011022864,-0.1518079,-0.0012561023
2193,-0.6,0.0,3.0769231,-0.0065525468,-0.15237235,0.00062022
2194,-0.6,0.5714286,3.0769231,-0.001608275,-0.15367845,0.00028647482
2195,-0.6,1.1428572,3.0769231,-0.0033121197,-0.15689126,-0.00028642226
2196,-0.6,1.7142857,3.0769231,0.0008662866,-0.15509735,-0.00087434234
2197,-0.6,2.2857144,3.0769231,-0.0020354665,-0.16309643,-0.0015331224
2198,-0.6,2.857143,3.0769231,0.0034986578,-0.15716614,-0.0021116682
2199,-0.6,3.4285715,3.0769231,-0.0019641689,-0.17582722,-0.0025365916
2200,-0.6,4.0,3.0769231,0.011150487,-0.15182665,-0.0026316305
2201,-0.6,0.0,2.4615386,-0.0065550413,-0.15283866,0.0014678548
2202,-0.6,0.5714286,2.4615386,-0.0016343461,-0.15409441,0.0006946421
2203,-0.6,1.1428572,2.4615386,-0.0033339614,-0.15731177,-0.00024119906
2204,-0.6,1.7142857,2.4615386,0.0008716007,-0.15542695,-0.0013004281
2205,-0.6,2.2857144,2.4615386,-0.0020614488,-0.16343234,-0.0023634972
2206,-0.6,2.857143,2.4615386,0.0035420859,-0.15734614,-0.003388187
2207,-0.6,3.4285715,2.4615386,-0.001984197,-0.17603205,-0.004264996
2208,-0.6,4.0,2.4615386,0.01079097,-0.15182343,-0.004768347
2209,-0.6,0.0,1.8461539,-0.006643819,-0.15367325,0.0022396997
2210,-0.6,0.5714286,1.8461539,-0.0016354322,-0.15483776,0.0012314401
2211,-0.6,1.1428572,1.8461539,-0.0033642435,-0.15804568,-0.00019860372
2212,-0.6,1.7142857,1.8461539,0.00087200955,-0.15602943,-0.0016667796
2213,-0.6,2.2857144,1.8461539,-0.0020261128,-0.16405284,-0.0032845624
2214,-0.6,2.857143,1.8461539,0.0035323016,-0.15770555,-0.0047378726
2215,-0.6,3.4285715,1.8461539,-0.0017954579,-0.17645054,-0.006022948
2216,-0.6,4.0,1.8461539,0.011309502,-0.1518806,-0.0065876893
2217,-0.6,0.0,1.2307693,-0.0066341287,-0.15490256,0.0034884987
2218,-0.6,0.5714286,1.2307693,-0.00167024,-0.15604842,0.0017819616
2219,-0.6,1.1428572,1.2307693,-0.0033882232,-0.15921037,-4.567967e-05
2220,-0.6,1.7142857,1.2307693,0.0008825773,-0.1571056,-0.0021061322
2221,-0.6,2.2857144,1.2307693,-0.0020847796,-0.16503094,-0.004154027
2222,-0.6,2.857143,1.2307693,0.0035967552,-0.15850233,-0.0062318468
2223,-0.6,3.4285715,1.2307693,-0.0019390425,-0.17722057,-0.008149002
2224,-0.6,4.0,1.2307693,0.010368828,-0.15196389,-0.00924534
2225,-0.6,0.0,0.61538464,-0.0066372203,-0.15684645,0.0046412963
2226,-0.6,0.5714286,0.61538464,-0.0018057544,-0.15800028,0.0025429756
2227,-0.6,1.1428572,0.61538464,-0.0032541126,-0.16084388,3.131856e-05
2228,-0.6,1.7142857,0.61538464,0.0007102568,-0.15909219,-0.002448536
2229,-0.6,2.2857144,0.61538464,-0.0018311897,-0.16635357,-0.0051395544
2230,-0.6,2.857143,0.61538464,0.0033893005,-0.16044232,-0.007950029
2231,-0.6,3.4285715,0.61538464,-0.0010483408,-0.17777845,-0.010133422
2232,-0.6,4.0,0.61538464,0.011579928,-0.15519698,-0.01301937
2233,-0.6,0.0,0.0,-0.0064817136,-0.15949462,0.006256778
2234,-0.6,0.5714286,0.0,-0.0019719633,-0.16074643,0.003044395
2235,-0.6,1.1428572,0.0,-0.0033058287,-0.163476,0.00044619426
2236,-0.6,1.7142857,0.0,0.00027461784,-0.16206941,-0.0030844174
2237,-0.6,2.2857144,0.0,-0.0022643935,-0.16881955,-0.005897344
2238,-0.6,2.857143,0.0,0.00244733,-0.16393352,-0.009570154
2239,-0.6,3.4285715,0.0,-0.0025997572,-0.17931882,-0.013221563
2240,-0.6,4.0,0.0,0.008386049,-0.15929106,-0.014030689
2241,0.0,0.0,8.0,0.00010371047,-0.16204159,-0.0066086473
2242,0.0,0.5714286,8.0,0.000103351405,-0.16328292,-0.0041198344
2243,0.0,1.1428572,8.0,0.000103917046,-0.1630487,-0.00025231607
2244,0.0,1.7142857,8.0,0.000103488,-0.16771685,0.0021483426
2245,0.0,2.2857144,8.0,0.000104348146,-0.16550384,0.0066211885
2246,0.0,2.857143,8.0,0.00010360518,-0.17626683,0.009302736
2247,0.0,3.4285715,8.0,0.00010510308,-0.17044884,0.014921239
2248,0.0,4.0,8.0,0.000103579936,-0.2035332,0.021800408
2249,0.0,0.0,7.3846154,8.907495e-05,-0.15938343,-0.0054892316
2250,0.0,0.5714286,7.3846154,8.83439e-05,-0.16044049,-0.0028648332
2251,0.0,1.1428572,7.3846154,8.896447e-05,-0.1602079,-0.0007087764
2252,0.0,1.7142857,7.3846154,8.843979e-05,-0.16496348,0.0023295989
2253,0.0,2.2857144,7.3846154,8.918645e-05,-0.16213526,0.004777107
2254,0.0,2.857143,7.3846154,8.8515066e-05,-0.17398258,0.008018879
2255,0.0,3.4285715,7.3846154,8.9574234e-05,-0.16521518,0.011416508
2256,0.0,4.0,7.3846154,8.7638764e-05,-0.20455931,0.012758284
2257,0.0,0.0,6.769231,7.374468e-05,-0.15734464,-0.0038277453
2258,0.0,0.5714286,6.769231,7.35084e-05,-0.15879314,-0.002450406
2259,0.0,1.1428572,6.769231,7.387593e-05,-0.1581322,-0.00031772797
2260,0.0,1.7142857,6.769231,7.3526106e-05,-0.16349888,0.0015793927
2261,0.0,2.2857144,6.769231,7.415362e-05,-0.16019565,0.0039412803
2262,0.0,2.857143,6.769231,7.3477604e-05,-0.17283767,0.0061186026
2263,0.0,3.4285715,6.769231,7.468078e-05,-0.16441475,0.007995059
2264,0.0,4.0,6.769231,7.288141e-05,-0.20491071,0.009069815
2265,0.0,0.0,6.1538463,5.9175276e-05,-0.15619402,-0.0029893336
2266,0.0,0.5714286,6.1538463,5.838192e-05,-0.15746988,-0.0016904359
2267,0.0,1.1428572,6.1538463,5.903557e-05,-0.15705773,-0.00037368818
2268,0.0,1.7142857,6.1538463,5.840356e-05,-0.16240083,0.001275616
2269,0.0,2.2857144,6.1538463,5.925928e-05,-0.15923156,0.002868282
2270,0.0,2.857143,6.1538463,5.8297137e-05,-0.17238936,0.0044338666
2271,0.0,3.4285715,6.1538463,5.982411e-05,-0.16341324,0.0059222616
2272,0.0,4.0,6.1538463,5.72511e-05,-0.20496778,0.006612059
2273,0.0,0.0,5.5384617,4.3525863e-05,-0.15527563,-0.001914471
2274,0.0,0.5714286,5.5384617,4.3803437e-05,-0.15679833,-0.0012451117
2275,0.0,1.1428572,5.5384617,4.3692184e-05,-0.15633905,-0.00029364577
2276,0.0,1.7142857,5.5384617,4.3768807e-05,-0.16173999,0.00082723785
2277,0.0,2.2857144,5.5384617,4.387209e-05,-0.15888064,0.0018878866
2278,0.0,2.857143,5.5384617,4.371369e-05,-0.1716612,0.0030420793
2279,0.0,3.4285715,5.5384617,4.4200016e-05,-0.16380532,0.0038244503
2280,0.0,4.0,5.5384617,4.322323e-05,-0.20487289,0.003948421
2281,0.0,0.0,4.923077,2.9252153e-05,-0.15490226,-0.0012672916
2282,0.0,0.5714286,4.923077,2.8483948e-05,-0.1562997,-0.0008435284
2283,0.0,1.1428572,4.923077,2.8977287e-05,-0.15600187,-0.00024388208
2284,0.0,1.7142857,4.923077,2.8575136e-05,-0.16139159,0.00033705315
2285,0.0,2.2857144,4.923077,2.899524e-05,-0.15855922,0.0010497343
2286,0.0,2.857143,4.923077,2.8601999e-05,-0.17162235,0.0016075036
2287,0.0,3.4285715,4.923077,2.914074e-05,-0.16358136,0.0021388703
2288,0.0,4.0,4.923077,2.8185203e-05,-0.20488651,0.0025181174
2289,0.0,0.0,4.3076925,1.320067e-05,-0.15464753,-0.0005763563
2290,0.0,0.5714286,4.3076925,1.4104008e-05,-0.15613781,-0.0004321451
2291,0.0,1.1428572,4.3076925,1.3560805e-05,-0.15582226,-0.0003195187
2292,0.0,1.7142857,4.3076925,1.3917404e-05,-0.16122696,-3.399118e-05
2293,0.0,2.2857144,4.3076925,1.36966955e-05,-0.15850376,0.00010893591
2294,0.0,2.857143,4.3076925,1.3838574e-05,-0.17144218,0.00036695017
2295,0.0,3.4285715,4.3076925,1.380266e-05,-0.16367093,0.00047143814
2296,0.0,4.0,4.3076925,1.3753262e-05,-0.20487608,0.0003326489
2297,0.0,0.0,3.6923077,2.6871416e-35,-0.15464772,-1.14727e-36
2298,0.0,0.5714286,3.6923077,-1.8917348e-06,-0.15613812,-0.00015468325
2299,0.0,1.1428572,3.6923077,-7.0807135e-07,-0.15582211,-0.0002610303
2300,0.0,1.7142857,3.6923077,-1.622214e-06,-0.16122699,-0.0005511416
2301,0.0,2.2857144,3.6923077,-8.992077e-07,-0.15850376,-0.0006904629
2302,0.0,2.857143,3.6923077,-1.529749e-06,-0.17144214,-0.00095126126
2303,0.0,3.4285715,3.6923077,-9.56917e-07,-0.16367066,-0.0010533326
2304,0.0,4.0,3.6923077,-1.5620496e-06,-0.20487607,-0.00091653864
2305,0.0,0.0,3.0769231,-1.7020284e-05,-0.15490219,0.00068214437
2306,0.0,0.5714286,3.0769231,-1.5737682e-05,-0.1562999,0.00026192112
2307,0.0,1.1428572,3.0769231,-1.6504455e-05,-0.15600178,-0.00034006836
2308,0.0,1.7142857,3.0769231,-1.6002425e-05,-0.16139162,-0.00091976556
2309,0.0,2.2857144,3.0769231,-1.6433474e-05,-0.15855896,-0.0016330718
2310,0.0,2.857143,3.0769231,-1.6080918e-05,-0.17162243,-0.002190384
2311,0.0,3.4285715,3.0769231,-1.6541855e-05,-0.16358109,-0.0027217602
2312,0.0,4.0,3.0769231,-1.5732414e-05,-0.20488617,-0.0031010383
2313,0.0,0.0,2.4615386,-3.065565e-05,-0.15527545,0.0013323528
2314,0.0,0.5714286,2.4615386,-3.133457e-05,-0.15679802,0.0006613404
2315,0.0,1.1428572,2.4615386,-3.116332e-05,-0.1563391,-0.00028910127
2316,0.0,1.7142857,2.4615386,-3.1149342e-05,-0.16173966,-0.0014106611
2317,0.0,2.2857144,2.4615386,-3.142955e-05,-0.15888071,-0.0024707427
2318,0.0,2.857143,2.4615386,-3.1018993e-05,-0.1716607,-0.0036252944
2319,0.0,3.4285715,2.4615386,-3.1823314e-05,-0.16380559,-0.0044071823
2320,0.0,4.0,2.4615386,-3.0536034e-05,-0.20487265,-0.004531384
2321,0.0,0.0,1.8461539,-4.680294e-05,-0.1561937,0.0024053832
2322,0.0,0.5714286,1.8461539,-4.5836037e-05,-0.15746972,0.001107487
2323,0.0,1.1428572,1.8461539,-4.639244e-05,-0.15705734,-0.00020970697
2324,0.0,1.7142857,1.8461539,-4.6020657e-05,-0.16240066,-0.0018585712
2325,0.0,2.2857144,1.8461539,-4.6503497e-05,-0.15923116,-0.0034516356
2326,0.0,2.857143,1.8461539,-4.6022134e-05,-0.17238936,-0.005016552
2327,0.0,3.4285715,1.8461539,-4.6898676e-05,-0.1634127,-0.006505521
2328,0.0,4.0,1.8461539,-4.5320532e-05,-0.20496793,-0.0071946043
2329,0.0,0.0,1.2307693,-6.0734095e-05,-0.15734424,0.0032448096
2330,0.0,0.5714286,1.2307693,-6.1178485e-05,-0.15879273,0.0018669728
2331,0.0,1.1428572,1.2307693,-6.118979e-05,-0.1581318,-0.00026537562
2332,0.0,1.7142857,1.2307693,-6.1116676e-05,-0.16349854,-0.0021627054
2333,0.0,2.2857144,1.2307693,-6.145142e-05,-0.16019513,-0.004524199
2334,0.0,2.857143,1.2307693,-6.1134815e-05,-0.17283732,-0.006702013
2335,0.0,3.4285715,1.2307693,-6.182037e-05,-0.16441461,-0.008577503
2336,0.0,4.0,1.2307693,-6.0879964e-05,-0.20490977,-0.009652772
2337,0.0,0.0,0.61538464,-7.673286e-05,-0.159383,0.0049055736
2338,0.0,0.5714286,0.61538464,-7.576661e-05,-0.16044006,0.002281601
2339,0.0,1.1428572,0.61538464,-7.6377604e-05,-0.16020732,0.00012551673
2340,0.0,1.7142857,0.61538464,-7.597578e-05,-0.16496304,-0.0029127533
2341,0.0,2.2857144,0.61538464,-7.6565695e-05,-0.16213456,-0.0053602266
2342,0.0,2.857143,0.61538464,-7.6067074e-05,-0.17398226,-0.008602001
2343,0.0,3.4285715,0.61538464,-7.694193e-05,-0.16521318,-0.011999442
2344,0.0,4.0,0.61538464,-7.5416116e-05,-0.20456256,-0.013341016
2345,0.0,0.0,0.0,-9.080162e-05,-0.16204086,0.0060253325
2346,0.0,0.5714286,0.0,-9.092589e-05,-0.1632823,0.0035366695
2347,0.0,1.1428572,0.0,-9.132978e-05,-0.16304822,-0.00033108538
2348,0.0,1.7142857,0.0,-9.09704e-05,-0.167716,-0.0027312571
2349,0.0,2.2857144,0.0,-9.173889e-05,-0.16550358,-0.007204718
2350,0.0,2.857143,0.0,-9.109606e-05,-0.17626506,-0.009884898
2351,0.0,3.4285715,0.0,-9.2431714e-05,-0.17044993,-0.015505845
2352,0.0,4.0,0.0,-9.11829e-05,-0.20352384,-0.0223799
2353,0.6,0.0,8.0,0.0064942255,-0.15949503,-0.0068404046
2354,0.6,0.5714286,8.0,0.0019843918,-0.16074693,-0.0036276523
2355,0.6,1.1428572,8.0,0.0033186078,-0.16347653,-0.0010294383
2356,0.6,1.7142857,8.0,-0.00026236195,-0.16206981,0.002501241
2357,0.6,2.2857144,8.0,0.002277331,-0.16882032,0.005314215
2358,0.6,2.857143,8.0,-0.0024352057,-0.16393358,0.008986983
2359,0.6,3.4285715,8.0,0.0026128802,-0.17932086,0.012638698
2360,0.6,4.0,8.0,-0.008374052,-0.15928906,0.01344792
2361,0.6,0.0,7.3846154,0.006649979,-0.15684682,-0.00522431
2362,0.6,0.5714286,7.3846154,0.0018183725,-0.15800071,-0.0031264096
2363,0.6,1.1428572,7.3846154,0.0032665005,-0.1608443,-0.0006144295
2364,0.6,1.7142857,7.3846154,-0.00069750013,-0.1590926,0.0018651969
2365,0.6,2.2857144,7.3846154,0.0018434967,-0.16635402,0.004556599
2366,0.6,2.857143,7.3846154,-0.0033764967,-0.16044284,0.007366683
2367,0.6,3.4285715,7.3846154,0.0010606657,-0.1777786,0.009550485
2368,0.6,4.0,7.3846154,-0.011567568,-0.15519802,0.012436715
2369,0.6,0.0,6.769231,0.006646302,-0.15490289,-0.004072202
2370,0.6,0.5714286,6.769231,0.0016830242,-0.15604882,-0.0023651181
2371,0.6,1.1428572,6.769231,0.0034006247,-0.15921055,-0.0005376321
2372,0.6,1.7142857,6.769231,-0.0008699053,-0.15710609,0.0015230613
2373,0.6,2.2857144,6.769231,0.0020971764,-0.16503094,0.0035707352
2374,0.6,2.857143,6.769231,-0.0035840082,-0.15850298,0.005648946
2375,0.6,3.4285715,6.769231,0.0019512356,-0.17721982,0.0075658644
2376,0.6,4.0,6.769231,-0.010356127,-0.15196382,0.008662777
2377,0.6,0.0,6.1538463,0.0066566286,-0.1536734,-0.0028226378
2378,0.6,0.5714286,6.1538463,0.0016479957,-0.15483798,-0.0018147868
2379,0.6,1.1428572,6.1538463,0.003376703,-0.1580459,-0.00038457513
2380,0.6,1.7142857,6.1538463,-0.0008593371,-0.1560296,0.0010836088
2381,0.6,2.2857144,6.1538463,0.0020385347,-0.16405307,0.002701467
2382,0.6,2.857143,6.1538463,-0.0035196643,-0.15770543,0.0041548247
2383,0.6,3.4285715,6.1538463,0.0018079446,-0.17645082,0.0054401206
2384,0.6,4.0,6.1538463,-0.0112972325,-0.151879,0.0060047572
2385,0.6,0.0,5.5384617,0.0065674298,-0.15283878,-0.0020516391
2386,0.6,0.5714286,5.5384617,0.0016469294,-0.15409453,-0.0012776596
2387,0.6,1.1428572,5.5384617,0.0033465808,-0.15731184,-0.00034199393
2388,0.6,1.7142857,5.5384617,-0.0008591393,-0.15542701,0.00071723823
2389,0.6,2.2857144,5.5384617,0.0020740842,-0.1634324,0.0017804871
2390,0.6,2.857143,5.5384617,-0.0035296134,-0.1573462,0.002805073
2391,0.6,3.4285715,5.5384617,0.0019967477,-0.17603183,0.0036823105
2392,0.6,4.0,5.5384617,-0.010778506,-0.15182333,0.004185373
2393,0.6,0.0,4.923077,0.006565418,-0.15237242,-0.0012023998
2394,0.6,0.5714286,4.923077,0.001620786,-0.15367834,-0.00087004225
2395,0.6,1.1428572,4.923077,0.00332472,-0.15689127,-0.00029650924
2396,0.6,1.7142857,4.923077,-0.00085375295,-0.15509734,0.00029110647
2397,0.6,2.2857144,4.923077,0.0020480338,-0.16309647,0.0009500005
2398,0.6,2.857143,4.923077,-0.0034861385,-0.15716602,0.0015287759
2399,0.6,3.4285715,4.923077,0.0019767687,-0.17582738,0.0019534922
2400,0.6,4.0,4.923077,-0.011138079,-0.15182647,0.0020488184
2401,0.6,0.0,4.3076925,0.0065310476,-0.15214917,-0.00065797655
2402,0.6,0.5714286,4.3076925,0.001606696,-0.15348433,-0.0004735478
2403,0.6,1.1428572,4.3076925,0.0033065344,-0.15671057,-0.00031385076
2404,0.6,1.7142857,4.3076925,-0.00086669833,-0.15494455,-9.184358e-05
2405,0.6,2.2857144,4.3076925,0.0020511684,-0.16296163,0.000100878715
2406,0.6,2.857143,4.3076925,-0.0035008762,-0.15708096,0.00028666668
2407,0.6,3.4285715,4.3076925,0.0020089394,-0.17572293,0.00048372187
2408,0.6,4.0,4.3076925,-0.011010184,-0.15180747,0.00067427574
2409,0.6,0.0,3.6923077,0.0065153074,-0.15214945,4.122359e-05
2410,0.6,0.5714286,3.6923077,0.0015919663,-0.15348426,-0.00013534546
2411,0.6,1.1428572,3.6923077,0.003291358,-0.15671077,-0.0003012799
2412,0.6,1.7142857,3.6923077,-0.00088155933,-0.15494443,-0.0005184139
2413,0.6,2.2857144,3.6923077,0.002036057,-0.16296189,-0.0007146781
2414,0.6,2.857143,3.6923077,-0.0035158151,-0.15708095,-0.0008972515
2415,0.6,3.4285715,3.6923077,0.0019938413,-0.17572331,-0.0010968806
2416,0.6,4.0,3.6923077,-0.011024887,-0.15180807,-0.0012849891
2417,0.6,0.0,3.0769231,0.006520957,-0.15237246,0.0005914853
2418,0.6,0.5714286,3.0769231,0.0015756629,-0.15367849,0.0002568662
2419,0.6,1.1428572,3.0769231,0.0032798238,-0.15689138,-0.00031560144
2420,0.6,1.7142857,3.0769231,-0.0008987785,-0.15509745,-0.0009035188
2421,0.6,2.2857144,3.0769231,0.0020030239,-0.1630967,-0.0015622651
2422,0.6,2.857143,3.0769231,-0.0035312052,-0.15716656,-0.002140619
2423,0.6,3.4285715,3.0769231,0.0019317208,-0.17582828,-0.0025653434
2424,0.6,4.0,3.0769231,-0.011182749,-0.15182869,-0.0026607362
2425,0.6,0.0,2.4615386,0.00649213,-0.15283893,0.0014381229
2426,0.6,0.5714286,2.4615386,0.0015719444,-0.15409453,0.0006654394
2427,0.6,1.1428572,2.4615386,0.0032718186,-0.15731198,-0.00027052738
2428,0.6,1.7142857,2.4615386,-0.00093434495,-0.15542717,-0.0013296319
2429,0.6,2.2857144,2.4615386,0.001999315,-0.1634328,-0.0023926448
2430,0.6,2.857143,2.4615386,-0.0036050451,-0.15734693,-0.0034173052
2431,0.6,3.4285715,2.4615386,0.0019219967,-0.17603353,-0.004293846
2432,0.6,4.0,2.4615386,-0.010852907,-0.15182972,-0.0047975294
2433,0.6,0.0,1.8461539,0.0065522576,-0.15367356,0.0022102813
2434,0.6,0.5714286,1.8461539,0.0015429901,-0.15483786,0.0012022081
2435,0.6,1.1428572,1.8461539,0.0032719548,-0.15804605,-0.00022805398
2436,0.6,1.7142857,1.8461539,-0.00096445513,-0.15602969,-0.0016958413
2437,0.6,2.2857144,1.8461539,0.0019336386,-0.1640535,-0.0033140283
2438,0.6,2.857143,1.8461539,-0.0036249787,-0.15770641,-0.004766765
2439,0.6,3.4285715,1.8461539,0.0017029009,-0.17645267,-0.0060526635
2440,0.6,4.0,1.8461539,-0.011401396,-0.15188695,-0.0066164224
2441,0.6,0.0,1.2307693,0.006511365,-0.15490301,0.0034590575
2442,0.6,0.5714286,1.2307693,0.0015479095,-0.15604864,0.0017526265
2443,0.6,1.1428572,1.2307693,0.0032661909,-0.15921074,-7.498243e-05
2444,0.6,1.7142857,1.2307693,-0.0010053194,-0.15710595,-0.0021354354
2445,0.6,2.2857144,1.2307693,0.001962597,-0.16503161,-0.0041833287
2446,0.6,2.857143,1.2307693,-0.0037197983,-0.1585034,-0.0062611587
2447,0.6,3.4285715,1.2307693,0.0018166765,-0.17722243,-0.008178608
2448,0.6,4.0,1.2307693,-0.010490974,-0.15196967,-0.009274447
2449,0.6,0.0,0.61538464,0.006485911,-0.15684688,0.00461174
2450,0.6,0.5714286,0.61538464,0.0016532958,-0.15800045,0.0025137907
2451,0.6,1.1428572,0.61538464,0.0031020727,-0.1608444,1.8347754e-06
2452,0.6,1.7142857,0.61538464,-0.00086286356,-0.15909252,-0.0024777094
2453,0.6,2.2857144,0.61538464,0.0016788554,-0.16635439,-0.0051691155
2454,0.6,2.857143,0.61538464,-0.0035422957,-0.16044326,-0.007979299
2455,0.6,3.4285715,0.61538464,0.0008958262,-0.17778045,-0.010163326
2456,0.6,4.0,0.61538464,-0.011732544,-0.15520212,-0.013048572
2457,0.6,0.0,0.0,0.0062994147,-0.1594953,0.00622752
2458,0.6,0.5714286,0.0,0.0017895289,-0.16074666,0.0030149978
2459,0.6,1.1428572,0.0,0.0031241337,-0.16347657,0.00041685367
2460,0.6,1.7142857,0.0,-0.00045766783,-0.16206984,-0.0031138225
2461,0.6,2.2857144,0.0,0.0020823407,-0.16882041,-0.0059268516
2462,0.6,2.857143,0.0,-0.002630947,-0.16393468,-0.009599819
2463,0.6,3.4285715,0.0,0.0024171695,-0.17932092,-0.013251623
2464,0.6,4.0,0.0,-0.008568911,-0.15929839,-0.014062511
2465,1.2,0.0,8.0,0.0084370375,-0.15539965,-0.0064317076
2466,1.2,0.5714286,8.0,0.0081694545,-0.15698181,-0.0040448583
2467,1.2,1.1428572,8.0,0.0017232805,-0.15633947,-0.0010927623
2468,1.2,1.7142857,8.0,0.0042865346,-0.16031016,0.0014486097
2469,1.2,2.2857144,8.0,-0.0019102081,-0.15654805,0.00423052
2470,1.2,2.857143,8.0,0.0016574523,-0.16487604,0.00683397
2471,1.2,3.4285715,8.0,-0.0062108296,-0.15288718,0.008050649
2472,1.2,4.0,8.0,-0.008748816,-0.16637601,0.009548796
2473,1.2,0.0,7.3846154,0.008162577,-0.15282607,-0.005338726
2474,1.2,0.5714286,7.3846154,0.008313858,-0.15454037,-0.003147505
2475,1.2,1.1428572,7.3846154,0.0012868515,-0.15370674,-0.0009567718
2476,1.2,1.7142857,7.3846154,0.003985309,-0.15803535,0.001314881
2477,1.2,2.2857144,7.3846154,-0.0028631212,-0.15374757,0.0036354002
2478,1.2,2.857143,7.3846154,0.0006360521,-0.16323482,0.0056726397
2479,1.2,3.4285715,7.3846154,-0.008034439,-0.1501035,0.007611079
2480,1.2,4.0,7.3846154,-0.00952872,-0.16642767,0.009013651
2481,1.2,0.0,6.769231,0.007921204,-0.15100683,-0.0039516944
2482,1.2,0.5714286,6.769231,0.008522668,-0.15284094,-0.002482511
2483,1.2,1.1428572,6.769231,0.0010227889,-0.15180857,-0.000748601
2484,1.2,1.7142857,6.769231,0.004252053,-0.15655346,0.0010808004
2485,1.2,2.2857144,6.769231,-0.0032300565,-0.15175633,0.002904069
2486,1.2,2.857143,6.769231,0.0010873021,-0.16211943,0.004642161
2487,1.2,3.4285715,6.769231,-0.008372831,-0.14739841,0.006030171
2488,1.2,4.0,6.769231,-0.009817375,-0.16562344,0.0075184437
2489,1.2,0.0,6.1538463,0.007807898,-0.14969993,-0.0030046536
2490,1.2,0.5714286,6.1538463,0.008461707,-0.15165423,-0.0018624162
2491,1.2,1.1428572,6.1538463,0.0010409042,-0.15062614,-0.00058629847
2492,1.2,1.7142857,6.1538463,0.004187072,-0.1554364,0.0008051193
2493,1.2,2.2857144,6.1538463,-0.0031469392,-0.15070915,0.0021700114
2494,1.2,2.857143,6.1538463,0.00096842385,-0.16100016,0.0034819564
2495,1.2,3.4285715,6.1538463,-0.008199239,-0.14660951,0.0046444903
2496,1.2,4.0,6.1538463,-0.009297445,-0.16425256,0.0054905848
2497,1.2,0.0,5.5384617,0.007836744,-0.14891611,-0.002022966
2498,1.2,0.5714286,5.5384617,0.008390589,-0.15085043,-0.0013386331
2499,1.2,1.1428572,5.5384617,0.0010406405,-0.14992332,-0.00047929803
2500,1.2,1.7142857,5.5384617,0.004181505,-0.1546889,0.0005025072
2501,1.2,2.2857144,5.5384617,-0.003139496,-0.15010212,0.001454514
2502,1.2,2.857143,5.5384617,0.0010501302,-0.16034213,0.0023967596
2503,1.2,3.4285715,5.5384617,-0.00812667,-0.14608195,0.003057738
2504,1.2,4.0,5.5384617,-0.009820696,-0.16349812,0.003593441
2505,1.2,0.0,4.923077,0.0077791708,-0.148421,-0.0013331885
2506,1.2,0.5714286,4.923077,0.008344846,-0.15038933,-0.00090743933
2507,1.2,1.1428572,4.923077,0.0010411212,-0.14950834,-0.0003892997
2508,1.2,1.7142857,4.923077,0.0041478015,-0.15426496,0.00017524011
2509,1.2,2.2857144,4.923077,-0.0030889367,-0.14976873,0.0007474081
2510,1.2,2.857143,4.923077,0.0010192788,-0.15995464,0.0012637681
2511,1.2,3.4285715,4.923077,-0.008035021,-0.14584234,0.0017449796
2512,1.2,4.0,4.923077,-0.00956964,-0.16300091,0.002090216
2513,1.2,0.0,4.3076925,0.0077769672,-0.14820404,-0.00061401806
2514,1.2,0.5714286,4.3076925,0.008313195,-0.15017547,-0.00050273613
2515,1.2,1.1428572,4.3076925,0.0010253626,-0.14931926,-0.0003471961
2516,1.2,1.7142857,4.3076925,0.00413997,-0.15407698,-0.00015098517
2517,1.2,2.2857144,4.3076925,-0.003098377,-0.14961158,3.000447e-05
2518,1.2,2.857143,4.3076925,0.0010403828,-0.15979478,0.00022557485
2519,1.2,3.4285715,4.3076925,-0.008027579,-0.14570194,0.0003009427
2520,1.2,4.0,4.3076925,-0.009743417,-0.16280873,0.00035359306
2521,1.2,0.0,3.6923077,0.00776234,-0.14820378,-2.3909282e-05
2522,1.2,0.5714286,3.6923077,0.008298066,-0.15017557,-0.00014284435
2523,1.2,1.1428572,3.6923077,0.0010104819,-0.14931914,-0.000291782
2524,1.2,1.7142857,3.6923077,0.004124883,-0.15407722,-0.0004926479
2525,1.2,2.2857144,3.6923077,-0.0031132805,-0.14961158,-0.00066966
2526,1.2,2.857143,3.6923077,0.0010252965,-0.15979512,-0.000868141
2527,1.2,3.4285715,3.6923077,-0.008042455,-0.14570211,-0.00094079203
2528,1.2,4.0,3.6923077,-0.009758459,-0.16280888,-0.0009959574
2529,1.2,0.0,3.0769231,0.007733895,-0.14842105,0.00068937603
2530,1.2,0.5714286,3.0769231,0.00829983,-0.15038936,0.00026610272
2531,1.2,1.1428572,3.0769231,0.0009962197,-0.14950842,-0.0002527293
2532,1.2,1.7142857,3.0769231,0.004102776,-0.15426524,-0.00081675214
2533,1.2,2.2857144,3.0769231,-0.0031338527,-0.14976908,-0.0013886999
2534,1.2,2.857143,3.0769231,0.00097416475,-0.15995526,-0.0019051027
2535,1.2,3.4285715,3.0769231,-0.008079674,-0.14584345,-0.0023858703
2536,1.2,4.0,3.0769231,-0.009614824,-0.1630015,-0.002731612
2537,1.2,0.0,2.4615386,0.007762123,-0.14891604,0.0013816922
2538,1.2,0.5714286,2.4615386,0.008315709,-0.15085071,0.0006963227
2539,1.2,1.1428572,2.4615386,0.0009657042,-0.14992346,-0.00016239156
2540,1.2,1.7142857,2.4615386,0.00410655,-0.15468928,-0.0011441377
2541,1.2,2.2857144,2.4615386,-0.0032144112,-0.15010272,-0.0020960092
2542,1.2,2.857143,2.4615386,0.0009749518,-0.16034305,-0.0030379756
2543,1.2,3.4285715,2.4615386,-0.008201057,-0.1460841,-0.0036989963
2544,1.2,4.0,2.4615386,-0.009895941,-0.16349779,-0.0042346288
2545,1.2,0.0,1.8461539,0.007702811,-0.14969987,0.0023622105
2546,1.2,0.5714286,1.8461539,0.008356783,-0.15165465,0.0012203776
2547,1.2,1.1428572,1.8461539,0.00093616266,-0.15062626,-5.5309243e-05
2548,1.2,1.7142857,1.8461539,0.0040819887,-0.15543693,-0.0014470674
2549,1.2,2.2857144,1.8461539,-0.0032516941,-0.15070984,-0.0028113134
2550,1.2,2.857143,1.8461539,0.000863013,-0.16100119,-0.0041237217
2551,1.2,3.4285715,1.8461539,-0.00830331,-0.14661236,-0.005285587
2552,1.2,4.0,1.8461539,-0.009403166,-0.16425234,-0.006131957
2553,1.2,0.0,1.2307693,0.007786408,-0.15100667,0.0033099232
2554,1.2,0.5714286,1.2307693,0.0083882,-0.15284142,0.0018404179
2555,1.2,1.1428572,1.2307693,0.00088766305,-0.15180859,0.00010683271
2556,1.2,1.7142857,1.2307693,0.004117438,-0.1565542,-0.0017226563
2557,1.2,2.2857144,1.2307693,-0.0033652966,-0.15175672,-0.0035456524
2558,1.2,2.857143,1.2307693,0.00095241005,-0.16212104,-0.0052839746
2559,1.2,3.4285715,1.2307693,-0.008507572,-0.14740017,-0.006671714
2560,1.2,4.0,1.2307693,-0.009952301,-0.16562401,-0.008159708
2561,1.2,0.0,0.61538464,0.007997299,-0.15282598,0.004696463
2562,1.2,0.5714286,0.61538464,0.008149423,-0.15454093,0.0025054119
2563,1.2,1.1428572,0.61538464,0.0011218177,-0.15370676,0.00031503398
2564,1.2,1.7142857,0.61538464,0.0038206808,-0.15803607,-0.0019568447
2565,1.2,2.2857144,0.61538464,-0.0030284068,-0.15374802,-0.0042771124
2566,1.2,2.857143,0.61538464,0.00047107754,-0.16323614,-0.0063146623
2567,1.2,3.4285715,0.61538464,-0.008199457,-0.15010536,-0.00825265
2568,1.2,4.0,0.61538464,-0.009694085,-0.1664289,-0.009655533
2569,1.2,0.0,0.0,0.008242687,-0.15539938,0.0057896976
2570,1.2,0.5714286,0.0,0.007974899,-0.15698238,0.0034028592
2571,1.2,1.1428572,0.0,0.0015285196,-0.15633957,0.00045083932
2572,1.2,1.7142857,0.0,0.00409161,-0.16031076,-0.0020905426
2573,1.2,2.2857144,0.0,-0.002105142,-0.15654893,-0.004872473
2574,1.2,2.857143,0.0,0.0014619406,-0.16487671,-0.0074761137
2575,1.2,3.4285715,0.0,-0.0064053033,-0.15289043,-0.008692846
2576,1.2,4.0,0.0,-0.008944248,-0.16637456,-0.0101901805
2577,1.8,0.0,8.0,0.017064694,-0.14861372,-0.006679563
2578,1.8,0.5714286,8.0,0.006682181,-0.1486976,-0.0038669147
2579,1.8,1.1428572,8.0,0.0076674684,-0.1510621,-0.0016622621
2580,1.8,1.7142857,8.0,0.00026496174,-0.14870372,0.00067069975
2581,1.8,2.2857144,8.0,0.0025325613,-0.15356854,0.0029981448
2582,1.8,2.857143,8.0,-0.005027616,-0.1465736,0.0045564086
2583,1.8,3.4285715,8.0,-0.0048853476,-0.15557757,0.0068833968
2584,1.8,4.0,8.0,-0.016724862,-0.14388047,0.009191099
2585,1.8,0.0,7.3846154,0.01739659,-0.14634065,-0.00500487
2586,1.8,0.5714286,7.3846154,0.0064409804,-0.14637701,-0.0032812732
2587,1.8,1.1428572,7.3846154,0.007643116,-0.14896588,-0.0013008198
2588,1.8,1.7142857,7.3846154,-0.00042256006,-0.14631759,0.0006968998
2589,1.8,2.2857144,7.3846154,0.0020054379,-0.1518685,0.0025007934
2590,1.8,2.857143,7.3846154,-0.0062254225,-0.14420691,0.0043227123
2591,1.8,3.4285715,7.3846154,-0.0056116963,-0.15457274,0.005659354
2592,1.8,4.0,7.3846154,-0.018275598,-0.1408787,0.00694584
2593,1.8,0.0,6.769231,0.017453358,-0.14468843,-0.004064958
2594,1.8,0.5714286,6.769231,0.0061588176,-0.14461212,-0.0025558944
2595,1.8,1.1428572,6.769231,0.007912589,-0.14746019,-0.0010024419
2596,1.8,1.7142857,6.769231,-0.0008106058,-0.14449187,0.00056108466
2597,1.8,2.2857144,6.769231,0.0022326554,-0.1506151,0.0021347285
2598,1.8,2.857143,6.769231,-0.0067795278,-0.14209953,0.0035145967
2599,1.8,3.4285715,6.769231,-0.0057182675,-0.15387113,0.0048974515
2600,1.8,4.0,6.769231,-0.018637504,-0.13895129,0.006112972
2601,1.8,0.0,6.1538463,0.017410709,-0.14350449,-0.0029143796
2602,1.8,0.5714286,6.1538463,0.0061237765,-0.14339973,-0.0019584312
2603,1.8,1.1428572,6.1538463,0.007848153,-0.14633316,-0.000790072
2604,1.8,1.7142857,6.1538463,-0.0007602901,-0.14335127,0.00041566935
2605,1.8,2.2857144,6.1538463,0.0021405101,-0.14947341,0.0016152546
2606,1.8,2.857143,6.1538463,-0.006649714,-0.1410945,0.0027215215
2607,1.8,3.4285715,6.1538463,-0.0056491676,-0.1524916,0.0036585117
2608,1.8,4.0,6.1538463,-0.01870768,-0.13793641,0.0045477846
2609,1.8,0.0,5.5384617,0.017239425,-0.14265074,-0.0021257335
2610,1.8,0.5714286,5.5384617,0.0061177993,-0.14265624,-0.0014302508
2611,1.8,1.1428572,5.5384617,0.0077902814,-0.14552371,-0.0006098803
2612,1.8,1.7142857,5.5384617,-0.0007477473,-0.1426595,0.00022418507
2613,1.8,2.2857144,5.5384617,0.0021387816,-0.14869487,0.0010775678
2614,1.8,2.857143,5.5384617,-0.006623716,-0.14040935,0.0018409122
2615,1.8,3.4285715,5.5384617,-0.0057119504,-0.15174663,0.002603101
2616,1.8,4.0,5.5384617,-0.01849513,-0.13733216,0.0031774745
2617,1.8,0.0,4.923077,0.017208671,-0.1421551,-0.0013172114
2618,1.8,0.5714286,4.923077,0.00608453,-0.14218514,-0.0009536716
2619,1.8,1.1428572,4.923077,0.007741295,-0.14506035,-0.00048998115
2620,1.8,1.7142857,4.923077,-0.00072298426,-0.14223292,1.1882722e-05
2621,1.8,2.2857144,4.923077,0.0021036714,-0.14823163,0.0005196914
2622,1.8,2.857143,4.923077,-0.006539598,-0.14004774,0.0009870704
2623,1.8,3.4285715,4.923077,-0.0056787916,-0.15121602,0.0013425985
2624,1.8,4.0,4.923077,-0.01859493,-0.13696958,0.0016571708
2625,1.8,0.0,4.3076925,0.017149832,-0.14191236,-0.00067853683
2626,1.8,0.5714286,4.3076925,0.006063757,-0.14197306,-0.0005457076
2627,1.8,1.1428572,4.3076925,0.0077156117,-0.14483835,-0.00037913455
2628,1.8,1.7142857,4.3076925,-0.00073364924,-0.14203747,-0.00021717907
2629,1.8,2.2857144,4.3076925,0.0021038738,-0.14802513,-5.1470928e-05
2630,1.8,2.857143,4.3076925,-0.006540298,-0.139858,9.4500705e-05
2631,1.8,3.4285715,4.3076925,-0.005691141,-0.15101583,0.00027851842
2632,1.8,4.0,4.3076925,-0.018525755,-0.13678442,0.00039996696
2633,1.8,0.0,3.6923077,0.017134529,-0.14191222,-1.0792345e-36
2634,1.8,0.5714286,3.6923077,0.006048833,-0.14197272,-0.00012183185
2635,1.8,1.1428572,3.6923077,0.007700585,-0.14483865,-0.00029464814
2636,1.8,1.7142857,3.6923077,-0.0007485782,-0.14203733,-0.00045153976
2637,1.8,2.2857144,3.6923077,0.0020888285,-0.14802542,-0.0006208139
2638,1.8,2.857143,3.6923077,-0.0065552136,-0.13985798,-0.00076358253
2639,1.8,3.4285715,3.6923077,-0.0057061575,-0.1510162,-0.0009501771
2640,1.8,4.0,3.6923077,-0.018540787,-0.13678448,-0.0010690409
2641,1.8,0.0,3.0769231,0.017163904,-0.1421553,0.00064739527
2642,1.8,0.5714286,3.0769231,0.0060396874,-0.14218491,0.0002809307
2643,1.8,1.1428572,3.0769231,0.007696282,-0.14506054,-0.0001804691
2644,1.8,1.7142857,3.0769231,-0.0007678577,-0.14223312,-0.0006829814
2645,1.8,2.2857144,3.0769231,0.002058632,-0.14823197,-0.0011902878
2646,1.8,2.857143,3.0769231,-0.0065844455,-0.14004828,-0.0016575396
2647,1.8,3.4285715,3.0769231,-0.005723797,-0.1512162,-0.0020131601
2648,1.8,4.0,3.0769231,-0.018639788,-0.13697024,-0.0023273393
2649,1.8,0.0,2.4615386,0.017164227,-0.14265117,0.0014529091
2650,1.8,0.5714286,2.4615386,0.006043023,-0.14265646,0.0007595912
2651,1.8,1.1428572,2.4615386,0.0077152764,-0.14552397,-6.172835e-05
2652,1.8,1.7142857,2.4615386,-0.0008224986,-0.14265986,-0.0008947676
2653,1.8,2.2857144,2.4615386,0.0020636271,-0.14869536,-0.0017485096
2654,1.8,2.857143,2.4615386,-0.0066983514,-0.14041021,-0.0025113425
2655,1.8,3.4285715,2.4615386,-0.0057870555,-0.15174681,-0.0032737437
2656,1.8,4.0,2.4615386,-0.01857004,-0.13733375,-0.0038475972
2657,1.8,0.0,1.8461539,0.017305871,-0.14350513,0.0022433214
2658,1.8,0.5714286,1.8461539,0.0060192207,-0.1433997,0.0012869418
2659,1.8,1.1428572,1.8461539,0.007743078,-0.14633383,0.00011899713
2660,1.8,1.7142857,1.8461539,-0.0008649119,-0.14335157,-0.001086644
2661,1.8,2.2857144,1.8461539,0.0020352774,-0.14947407,-0.0022860982
2662,1.8,2.857143,1.8461539,-0.0067542447,-0.14109568,-0.0033921835
2663,1.8,3.4285715,1.8461539,-0.0057543865,-0.15249148,-0.004329132
2664,1.8,4.0,1.8461539,-0.018812314,-0.1379383,-0.0052180444
2665,1.8,0.0,1.2307693,0.017318618,-0.14468917,0.003392763
2666,1.8,0.5714286,1.2307693,0.0060238442,-0.14461222,0.0018849475
2667,1.8,1.1428572,1.2307693,0.007778015,-0.14746091,0.00033097927
2668,1.8,1.7142857,1.2307693,-0.00094563543,-0.14449213,-0.0012317915
2669,1.8,2.2857144,1.2307693,0.0020978611,-0.15061614,-0.002805971
2670,1.8,2.857143,1.2307693,-0.006914511,-0.14210017,-0.0041851182
2671,1.8,3.4285715,1.2307693,-0.0058530658,-0.15387207,-0.005568341
2672,1.8,4.0,1.2307693,-0.01877287,-0.1389526,-0.0067830626
2673,1.8,0.0,0.61538464,0.017232299,-0.14634155,0.0043336106
2674,1.8,0.5714286,0.61538464,0.006276138,-0.1463769,0.0026098855
2675,1.8,1.1428572,0.61538464,0.007478592,-0.14896685,0.0006296926
2676,1.8,1.7142857,0.61538464,-0.00058762176,-0.14631775,-0.0013680346
2677,1.8,2.2857144,0.61538464,0.0018407099,-0.15186957,-0.0031717564
2678,1.8,2.857143,0.61538464,-0.006390614,-0.14420773,-0.0049936976
2679,1.8,3.4285715,0.61538464,-0.00577649,-0.15457349,-0.0063301097
2680,1.8,4.0,0.61538464,-0.018440917,-0.14087984,-0.007616257
2681,1.8,0.0,0.0,0.016869897,-0.14861467,0.0060075778
2682,1.8,0.5714286,0.0,0.0064876387,-0.1486977,0.0031958765
2683,1.8,1.1428572,0.0,0.007472736,-0.15106292,0.0009907936
2684,1.8,1.7142857,0.0,7.027526e-05,-0.14870425,-0.0013415816
2685,1.8,2.2857144,0.0,0.0023374723,-0.15356928,-0.0036695665
2686,1.8,2.857143,0.0,-0.005222313,-0.14657502,-0.0052271704
2687,1.8,3.4285715,0.0,-0.0050805286,-0.15557751,-0.007554442
2688,1.8,4.0,0.0,-0.016920066,-0.1438829,-0.009861126
2689,2.4,0.0,8.0,0.016694572,-0.13868105,-0.005633503
2690,2.4,0.5714286,8.0,0.013669599,-0.14076926,-0.004057264
2691,2.4,1.1428572,8.0,0.0044863024,-0.13969629,-0.0019317926
2692,2.4,1.7142857,8.0,0.0051654535,-0.14256875,0.00016421372
2693,2.4,2.2857144,8.0,-0.0027041421,-0.13850686,0.0017252015
2694,2.4,2.857143,8.0,-0.0022442474,-0.14419477,0.0039817705
2695,2.4,3.4285715,8.0,-0.012054785,-0.1360327,0.005293478
2696,2.4,4.0,8.0,-0.016382927,-0.14363754,0.0060551097
2697,2.4,0.0,7.3846154,0.01650275,-0.13667297,-0.005114684
2698,2.4,0.5714286,7.3846154,0.013965128,-0.13883147,-0.0032145812
2699,2.4,1.1428572,7.3846154,0.0041050506,-0.13763368,-0.0015376481
2700,2.4,1.7142857,7.3846154,0.005020091,-0.14088918,7.274961e-05
2701,2.4,2.2857144,7.3846154,-0.0035060707,-0.13642766,0.0017871718
2702,2.4,2.857143,7.3846154,-0.002719423,-0.14290406,0.003128105
2703,2.4,3.4285715,7.3846154,-0.013284438,-0.13381442,0.0047029844
2704,2.4,4.0,7.3846154,-0.017040344,-0.14311467,0.006411352
2705,2.4,0.0,6.769231,0.016163215,-0.13499087,-0.003794533
2706,2.4,0.5714286,6.769231,0.01421524,-0.13738585,-0.0025994186
2707,2.4,1.1428572,6.769231,0.0037855026,-0.13599542,-0.0012443381
2708,2.4,1.7142857,6.769231,0.0052108974,-0.13961911,0.00015713887
2709,2.4,2.2857144,6.769231,-0.0039982754,-0.1346708,0.0014234456
2710,2.4,2.857143,6.769231,-0.0027389633,-0.14201446,0.002735353
2711,2.4,3.4285715,6.769231,-0.013814462,-0.13185233,0.0037718618
2712,2.4,4.0,6.769231,-0.01712217,-0.1421453,0.0047374927
2713,2.4,0.0,6.1538463,0.016024094,-0.13381734,-0.0030005265
2714,2.4,0.5714286,6.1538463,0.014132152,-0.13630408,-0.001987531
2715,2.4,1.1428572,6.1538463,0.0037982808,-0.1348606,-0.0009649309
2716,2.4,1.7142857,6.1538463,0.005139482,-0.13854665,8.363671e-05
2717,2.4,2.2857144,6.1538463,-0.0039660526,-0.13363375,0.0011113207
2718,2.4,2.857143,6.1538463,-0.0027987629,-0.1408429,0.002058111
2719,2.4,3.4285715,6.1538463,-0.013863875,-0.13100408,0.0030236132
2720,2.4,4.0,6.1538463,-0.017085267,-0.14110817,0.0039130417
2721,2.4,0.0,5.5384617,0.016005035,-0.13305828,-0.00207906
2722,2.4,0.5714286,5.5384617,0.0140212765,-0.13548276,-0.0014584032
2723,2.4,1.1428572,5.5384617,0.0037945046,-0.1341606,-0.0007567523
2724,2.4,1.7142857,5.5384617,0.005091568,-0.13774943,-5.5759365e-06
2725,2.4,2.2857144,5.5384617,-0.0039488194,-0.13294135,0.00071611244
2726,2.4,2.857143,5.5384617,-0.0028249442,-0.1400817,0.0014165808
2727,2.4,3.4285715,5.5384617,-0.013754782,-0.13026969,0.0019870033
2728,2.4,4.0,5.5384617,-0.017131103,-0.1402584,0.0025425362
2729,2.4,0.0,4.923077,0.015926173,-0.1325629,-0.001381935
2730,2.4,0.5714286,4.923077,0.01394772,-0.13500965,-0.0009955452
2731,2.4,1.1428572,4.923077,0.0037888745,-0.13369802,-0.00057515444
2732,2.4,1.7142857,4.923077,0.005043904,-0.13727653,-0.0001277167
2733,2.4,2.2857144,4.923077,-0.003911323,-0.13251889,0.0002947647
2734,2.4,2.857143,4.923077,-0.0028409252,-0.13956629,0.00071016717
2735,2.4,3.4285715,4.923077,-0.013744,-0.12991749,0.0011323616
2736,2.4,4.0,4.923077,-0.017099991,-0.13976729,0.0014766121
2737,2.4,0.0,4.3076925,0.015904527,-0.13233393,-0.0006691392
2738,2.4,0.5714286,4.3076925,0.013903064,-0.1347711,-0.00055517507
2739,2.4,1.1428572,4.3076925,0.0037681188,-0.1334886,-0.00042212868
2740,2.4,1.7142857,4.3076925,0.005026353,-0.13704893,-0.00027972236
2741,2.4,2.2857144,4.3076925,-0.0039170766,-0.13231151,-0.00012538703
2742,2.4,2.857143,4.3076925,-0.0028414929,-0.13935143,8.407784e-06
2743,2.4,3.4285715,4.3076925,-0.013716112,-0.12969866,8.641333e-05
2744,2.4,4.0,4.3076925,-0.017121077,-0.13952912,0.00018281797
2745,2.4,0.0,3.6923077,0.015889898,-0.13233371,-2.8493863e-05
2746,2.4,0.5714286,3.6923077,0.013888106,-0.1347712,-0.00014849627
2747,2.4,1.1428572,3.6923077,0.003753139,-0.1334885,-0.00027598336
2748,2.4,1.7142857,3.6923077,0.0050113774,-0.13704911,-0.00042217155
2749,2.4,2.2857144,3.6923077,-0.0039320504,-0.13231151,-0.0005730718
2750,2.4,2.857143,3.6923077,-0.0028564848,-0.13935159,-0.0007094298
2751,2.4,3.4285715,3.6923077,-0.013731097,-0.1296987,-0.00078486087
2752,2.4,4.0,3.6923077,-0.01713602,-0.1395292,-0.0008832586
2753,2.4,0.0,3.0769231,0.015881198,-0.13256292,0.00067970145
2754,2.4,0.5714286,3.0769231,0.013902749,-0.1350098,0.00029522544
2755,2.4,1.1428572,3.0769231,0.0037440252,-0.13369803,-0.00012538102
2756,2.4,1.7142857,3.0769231,0.0049989135,-0.13727681,-0.00057245226
2757,2.4,2.2857144,3.0769231,-0.003956215,-0.13251907,-0.000994577
2758,2.4,2.857143,3.0769231,-0.0028859077,-0.13956657,-0.0014101586
2759,2.4,3.4285715,3.0769231,-0.01378888,-0.12991789,-0.0018317178
2760,2.4,4.0,3.0769231,-0.01714514,-0.13976765,-0.0021761684
2761,2.4,0.0,2.4615386,0.01593051,-0.13305828,0.0013787828
2762,2.4,0.5714286,2.4615386,0.013946312,-0.13548318,0.00075741165
2763,2.4,1.1428572,2.4615386,0.0037198027,-0.13416071,5.643195e-05
2764,2.4,1.7142857,2.4615386,0.0050164997,-0.1377498,-0.00069463823
2765,2.4,2.2857144,2.4615386,-0.004023534,-0.13294178,-0.0014160948
2766,2.4,2.857143,2.4615386,-0.0029000603,-0.14008193,-0.002116425
2767,2.4,3.4285715,2.4615386,-0.013829502,-0.1302706,-0.0026866256
2768,2.4,4.0,2.4615386,-0.017206261,-0.14025824,-0.0032418878
2769,2.4,0.0,1.8461539,0.015919462,-0.1338174,0.0022993612
2770,2.4,0.5714286,1.8461539,0.014027097,-0.13630477,0.0012867543
2771,2.4,1.1428572,1.8461539,0.0036937038,-0.13486074,0.00026472672
2772,2.4,1.7142857,1.8461539,0.005034413,-0.13854724,-0.0007841016
2773,2.4,2.2857144,1.8461539,-0.0040707244,-0.13363424,-0.0018111349
2774,2.4,2.857143,1.8461539,-0.002903866,-0.1408432,-0.0027582245
2775,2.4,3.4285715,1.8461539,-0.013968543,-0.13100524,-0.0037230512
2776,2.4,4.0,1.8461539,-0.017190622,-0.14110829,-0.004612585
2777,2.4,0.0,1.2307693,0.016028473,-0.13499074,0.0030939565
2778,2.4,0.5714286,1.2307693,0.014080764,-0.13738675,0.0018986654
2779,2.4,1.1428572,1.2307693,0.0036505447,-0.13599542,0.00054396305
2780,2.4,1.7142857,1.2307693,0.00507626,-0.13962005,-0.00085745036
2781,2.4,2.2857144,1.2307693,-0.0041333125,-0.13467102,-0.0021234993
2782,2.4,2.857143,1.2307693,-0.0028737183,-0.14201534,-0.003435352
2783,2.4,3.4285715,1.2307693,-0.013949569,-0.13185294,-0.0044715535
2784,2.4,4.0,1.2307693,-0.017257055,-0.14214586,-0.0054369555
2785,2.4,0.0,0.61538464,0.016337859,-0.13667288,0.0044136452
2786,2.4,0.5714286,0.61538464,0.013800654,-0.13883257,0.002513794
2787,2.4,1.1428572,0.61538464,0.0039401143,-0.13763365,0.00083740975
2788,2.4,1.7142857,0.61538464,0.004855571,-0.14089023,-0.00077325373
2789,2.4,2.2857144,0.61538464,-0.0036712384,-0.13642795,-0.002487129
2790,2.4,2.857143,0.61538464,-0.0028840378,-0.14290494,-0.0038283197
2791,2.4,3.4285715,0.61538464,-0.013449706,-0.13381515,-0.005402529
2792,2.4,4.0,0.61538464,-0.017205292,-0.14311555,-0.007110809
2793,2.4,0.0,0.0,0.016500201,-0.13868095,0.004932908
2794,2.4,0.5714286,0.0,0.013475107,-0.14077042,0.0033565445
2795,2.4,1.1428572,0.0,0.0042916466,-0.13969634,0.0012313657
2796,2.4,1.7142857,0.0,0.004970727,-0.14256974,-0.00086457375
2797,2.4,2.2857144,0.0,-0.0028989434,-0.13850746,-0.002425399
2798,2.4,2.857143,0.0,-0.0024391694,-0.14419523,-0.004681846
2799,2.4,3.4285715,0.0,-0.012249773,-0.13603406,-0.005993287
2800,2.4,4.0,0.0,-0.016577939,-0.14363754,-0.0067548463
2801,3.0,0.0,8.0,0.02425934,-0.12949803,-0.005989232
2802,3.0,0.5714286,8.0,0.011773021,-0.12906826,-0.0036983686
2803,3.0,1.1428572,8.0,0.009798734,-0.13092947,-0.0019714087
2804,3.0,1.7142857,8.0,0.0012144801,-0.12885682,-0.0004896184
2805,3.0,2.2857144,8.0,0.0007478468,-0.13227907,0.0015598995
2806,3.0,2.857143,8.0,-0.007929052,-0.12708867,0.0026526304
2807,3.0,3.4285715,8.0,-0.0107901795,-0.13267535,0.0044205347
2808,3.0,4.0,8.0,-0.023394456,-0.125596,0.0066799726
2809,3.0,0.0,7.3846154,0.02466287,-0.12770154,-0.00441789
2810,3.0,0.5714286,7.3846154,0.011704196,-0.12729895,-0.0031877365
2811,3.0,1.1428572,7.3846154,0.009940528,-0.12933213,-0.0017092603
2812,3.0,1.7142857,7.3846154,0.0007746973,-0.12704684,-0.00017465219
2813,3.0,2.2857144,7.3846154,0.00053953164,-0.13094349,0.0010659441
2814,3.0,2.857143,7.3846154,-0.008773284,-0.12522976,0.0025906302
2815,3.0,3.4285715,7.3846154,-0.011258937,-0.13170402,0.0036927846
2816,3.0,4.0,7.3846154,-0.02430322,-0.12344233,0.0045000175
2817,3.0,0.0,6.769231,0.024762956,-0.12644848,-0.0037979863
2818,3.0,0.5714286,6.769231,0.011456698,-0.12582241,-0.0025280225
2819,3.0,1.1428572,6.769231,0.010179025,-0.1281047,-0.001327956
2820,3.0,1.7142857,6.769231,0.0004021228,-0.1255454,-0.00020525896
2821,3.0,2.2857144,6.769231,0.00059360743,-0.12995791,0.0010149067
2822,3.0,2.857143,6.769231,-0.009275775,-0.12357404,0.0019972206
2823,3.0,3.4285715,6.769231,-0.01141268,-0.13095422,0.0031465965
2824,3.0,4.0,6.769231,-0.024813382,-0.12199674,0.0043401527
2825,3.0,0.0,6.1538463,0.02464354,-0.12540314,-0.002776448
2826,3.0,0.5714286,6.1538463,0.011408701,-0.12474151,-0.0019728353
2827,3.0,1.1428572,6.1538463,0.010115419,-0.12713008,-0.0010723701
2828,3.0,1.7142857,6.1538463,0.00039908304,-0.124533854,-0.00014738663
2829,3.0,2.2857144,6.1538463,0.0005139048,-0.12895258,0.00071566243
2830,3.0,2.857143,6.1538463,-0.009340046,-0.12270046,0.0016043038
2831,3.0,3.4285715,6.1538463,-0.0114501435,-0.12986681,0.0023182193
2832,3.0,4.0,6.1538463,-0.024790028,-0.12104046,0.0029880772
2833,3.0,0.0,5.5384617,0.02444916,-0.12461874,-0.0020716332
2834,3.0,0.5714286,5.5384617,0.011377051,-0.12407329,-0.001469063
2835,3.0,1.1428572,5.5384617,0.010032704,-0.12635641,-0.00082281727
2836,3.0,1.7142857,5.5384617,0.00040296224,-0.12388278,-0.00019130019
2837,3.0,2.2857144,5.5384617,0.00046012623,-0.12821189,0.00044987744
2838,3.0,2.857143,5.5384617,-0.009290942,-0.12203142,0.0010327862
2839,3.0,3.4285715,5.5384617,-0.011511419,-0.12917943,0.0016672421
2840,3.0,4.0,5.5384617,-0.02470704,-0.12047218,0.0022323977
2841,3.0,0.0,4.923077,0.024355426,-0.12413978,-0.0013334136
2842,3.0,0.5714286,4.923077,0.011332069,-0.12360476,-0.0009974496
2843,3.0,1.1428572,4.923077,0.009965878,-0.12590638,-0.00062856096
2844,3.0,1.7142857,4.923077,0.00040653397,-0.12344762,-0.0002488567
2845,3.0,2.2857144,4.923077,0.0004238055,-0.12774073,0.00013605415
2846,3.0,2.857143,4.923077,-0.009273167,-0.121646546,0.00049897115
2847,3.0,3.4285715,4.923077,-0.0115006985,-0.12865755,0.0007837884
2848,3.0,4.0,4.923077,-0.024655435,-0.1200595,0.0010706556
2849,3.0,0.0,4.3076925,0.02428638,-0.12390209,-0.0006894456
2850,3.0,0.5714286,4.3076925,0.011299032,-0.12339675,-0.00058045285
2851,3.0,1.1428572,4.3076925,0.009931725,-0.12567592,-0.0004496035
2852,3.0,1.7142857,4.3076925,0.0003915123,-0.12324337,-0.00031961064
2853,3.0,2.2857144,4.3076925,0.0004093298,-0.1275197,-0.00020223731
2854,3.0,2.857143,4.3076925,-0.0092660375,-0.12143532,-8.0890546e-05
2855,3.0,3.4285715,4.3076925,-0.011514421,-0.12845358,8.139776e-05
2856,3.0,4.0,4.3076925,-0.024639186,-0.11987227,0.00019601866
2857,3.0,0.0,3.6923077,0.024271205,-0.12390235,-4.324354e-05
2858,3.0,0.5714286,3.6923077,0.011284077,-0.12339674,-0.00014744751
2859,3.0,1.1428572,3.6923077,0.009916767,-0.12567602,-0.0002818397
2860,3.0,1.7142857,3.6923077,0.00037652694,-0.12324337,-0.00040830596
2861,3.0,2.2857144,3.6923077,0.00039436057,-0.12751982,-0.0005282098
2862,3.0,2.857143,3.6923077,-0.009281024,-0.12143534,-0.00064696703
2863,3.0,3.4285715,3.6923077,-0.011529385,-0.12845373,-0.00081113394
2864,3.0,4.0,3.6923077,-0.02465426,-0.11987235,-0.00092343503
2865,3.0,0.0,3.0769231,0.024310686,-0.12414002,0.0006036438
2866,3.0,0.5714286,3.0769231,0.011287265,-0.12360472,0.00026732663
2867,3.0,1.1428572,3.0769231,0.009920936,-0.12590666,-0.000101162936
2868,3.0,1.7142857,3.0769231,0.00036163128,-0.12344764,-0.0004804232
2869,3.0,2.2857144,3.0769231,0.00037885562,-0.12774101,-0.0008654444
2870,3.0,2.857143,3.0769231,-0.009318102,-0.121646725,-0.0012277276
2871,3.0,3.4285715,3.0769231,-0.011545683,-0.12865773,-0.001512761
2872,3.0,4.0,3.0769231,-0.024700418,-0.12005962,-0.0017988404
2873,3.0,0.0,2.4615386,0.02437412,-0.1246192,0.0013408063
2874,3.0,0.5714286,2.4615386,0.011302328,-0.12407328,0.00073922233
2875,3.0,1.1428572,2.4615386,0.009957731,-0.12635684,9.311063e-05
2876,3.0,1.7142857,2.4615386,0.00032822858,-0.123882934,-0.0005381499
2877,3.0,2.2857144,2.4615386,0.00038506647,-0.12821218,-0.0011790943
2878,3.0,2.857143,2.4615386,-0.009365684,-0.122031905,-0.0017617928
2879,3.0,3.4285715,2.4615386,-0.011586512,-0.12917951,-0.0023959803
2880,3.0,4.0,2.4615386,-0.02478201,-0.1204729,-0.0029607913
2881,3.0,0.0,1.8461539,0.024538763,-0.12540382,0.00204626
2882,3.0,0.5714286,1.8461539,0.0113041485,-0.12474143,0.0012430196
2883,3.0,1.1428572,1.8461539,0.010010473,-0.12713073,0.0003424492
2884,3.0,1.7142857,1.8461539,0.0002943765,-0.124533996,-0.00058184477
2885,3.0,2.2857144,1.8461539,0.000408914,-0.12895304,-0.001445137
2886,3.0,2.857143,1.8461539,-0.009444824,-0.122701034,-0.0023331433
2887,3.0,3.4285715,1.8461539,-0.011555212,-0.12986691,-0.003047187
2888,3.0,4.0,1.8461539,-0.02489498,-0.12104113,-0.0037163382
2889,3.0,0.0,1.2307693,0.024628457,-0.12644948,0.0030673144
2890,3.0,0.5714286,1.2307693,0.011321737,-0.12582222,0.001798157
2891,3.0,1.1428572,1.2307693,0.010044526,-0.1281057,0.000598223
2892,3.0,1.7142857,1.2307693,0.00026709808,-0.12554532,-0.00052419055
2893,3.0,2.2857144,1.2307693,0.00045896822,-0.12995881,-0.0017442371
2894,3.0,2.857143,1.2307693,-0.009410876,-0.12357426,-0.0027262545
2895,3.0,3.4285715,1.2307693,-0.011547422,-0.13095492,-0.0038754286
2896,3.0,4.0,1.2307693,-0.024948794,-0.12199715,-0.005068427
2897,3.0,0.0,0.61538464,0.02449868,-0.12770271,0.003687714
2898,3.0,0.5714286,0.61538464,0.011539336,-0.12729862,0.002457906
2899,3.0,1.1428572,0.61538464,0.009776164,-0.1293333,0.000979378
2900,3.0,1.7142857,0.61538464,0.0006095822,-0.12704675,-0.0005546585
2901,3.0,2.2857144,0.61538464,0.00037507937,-0.13094446,-0.0017954527
2902,3.0,2.857143,0.61538464,-0.008938568,-0.12523004,-0.0033195585
2903,3.0,3.4285715,0.61538464,-0.011423539,-0.13170472,-0.0044217785
2904,3.0,4.0,0.61538464,-0.024468722,-0.12344263,-0.0052284733
2905,3.0,0.0,0.0,0.024064964,-0.12949932,0.0052585024
2906,3.0,0.5714286,0.0,0.011578272,-0.12906799,0.0029685844
2907,3.0,1.1428572,0.0,0.009604311,-0.13093074,0.0012416405
2908,3.0,1.7142857,0.0,0.0010196023,-0.12885682,-0.000239866
2909,3.0,2.2857144,0.0,0.0005532333,-0.13227992,-0.0022892768
2910,3.0,2.857143,0.0,-0.008124093,-0.12708926,-0.00338176
2911,3.0,3.4285715,0.0,-0.010984919,-0.13267575,-0.005149489
2912,3.0,4.0,0.0,-0.023589946,-0.12559685,-0.0074080876
2913,3.6,0.0,8.0,0.023612836,-0.11673862,-0.00463381
2914,3.6,0.5714286,8.0,0.01734296,-0.118435375,-0.0035777779
2915,3.6,1.1428572,8.0,0.007206868,-0.11777372,-0.0020800268
2916,3.6,1.7142857,8.0,0.0048958487,-0.11965923,-0.00033100523
2917,3.6,2.2857144,8.0,-0.003419289,-0.11674773,0.0006835127
2918,3.6,2.857143,8.0,-0.006072214,-0.12042119,0.0024900516
2919,3.6,3.4285715,8.0,-0.01627852,-0.11516855,0.0036322619
2920,3.6,4.0,8.0,-0.023324417,-0.11957132,0.004133234
2921,3.6,0.0,7.3846154,0.023657782,-0.1152661,-0.004434781
2922,3.6,0.5714286,7.3846154,0.017741073,-0.116938755,-0.0028986768
2923,3.6,1.1428572,7.3846154,0.0070828563,-0.11623189,-0.0016366814
2924,3.6,1.7142857,7.3846154,0.004952237,-0.118367516,-0.00049087364
2925,3.6,2.2857144,7.3846154,-0.003924167,-0.11516772,0.0008744025
2926,3.6,2.857143,7.3846154,-0.0063183764,-0.119371526,0.001842652
2927,3.6,3.4285715,7.3846154,-0.01709829,-0.113512315,0.0030869166
2928,3.6,4.0,7.3846154,-0.023838498,-0.11885145,0.0046131033
2929,3.6,0.0,6.769231,0.023368103,-0.11386478,-0.0032920463
2930,3.6,0.5714286,6.769231,0.017991839,-0.11582501,-0.0023914082
2931,3.6,1.1428572,6.769231,0.0068587763,-0.1149395,-0.0013745615
2932,3.6,1.7142857,6.769231,0.005082454,-0.117384315,-0.00030783316
2933,3.6,2.2857144,6.769231,-0.0042964243,-0.11379229,0.00059516897
2934,3.6,2.857143,6.769231,-0.0064115147,-0.1186154,0.0016464649
2935,3.6,3.4285715,6.769231,-0.017564483,-0.11208172,0.0024428626
2936,3.6,4.0,6.769231,-0.023818856,-0.11801306,0.0030869227
2937,3.6,0.0,6.1538463,0.02322187,-0.11291765,-0.0026845168
2938,3.6,0.5714286,6.1538463,0.01790744,-0.114953205,-0.0018623535
2939,3.6,1.1428572,6.1538463,0.006836587,-0.11398798,-0.0010765853
2940,3.6,1.7142857,6.1538463,0.0050253375,-0.11651453,-0.00030779437
2941,3.6,2.2857144,6.1538463,-0.004368911,-0.11294234,0.0004834605
2942,3.6,2.857143,6.1538463,-0.0064826226,-0.11769172,0.0011668451
2943,3.6,3.4285715,6.1538463,-0.017662903,-0.11132746,0.0019504447
2944,3.6,4.0,6.1538463,-0.023878435,-0.11721154,0.0027529395
2945,3.6,0.0,5.5384617,0.023124566,-0.11227569,-0.0019124786
2946,3.6,0.5714286,5.5384617,0.017785149,-0.1142248,-0.0013970104
2947,3.6,1.1428572,5.5384617,0.006816472,-0.1133989,-0.0008501778
2948,3.6,1.7142857,5.5384617,0.0049476256,-0.11582338,-0.0002916089
2949,3.6,2.2857144,5.5384617,-0.0043514706,-0.11234967,0.0002465334
2950,3.6,2.857143,5.5384617,-0.0065599796,-0.117045455,0.0007884329
2951,3.6,3.4285715,5.5384617,-0.017605068,-0.11071614,0.0012235303
2952,3.6,4.0,5.5384617,-0.023835726,-0.11650544,0.0016348263
2953,3.6,0.0,4.923077,0.023030415,-0.11184701,-0.0012924699
2954,3.6,0.5714286,4.923077,0.017690083,-0.113811284,-0.0009761406
2955,3.6,1.1428572,4.923077,0.006791094,-0.11297737,-0.0006507975
2956,3.6,1.7142857,4.923077,0.0048955865,-0.115401424,-0.0003112609
2957,3.6,2.2857144,4.923077,-0.0043533593,-0.11196712,4.2746206e-06
2958,3.6,2.857143,4.923077,-0.0065741283,-0.11659246,0.00031486547
2959,3.6,3.4285715,4.923077,-0.017589854,-0.110381186,0.0006638547
2960,3.6,4.0,4.923077,-0.023834867,-0.11609561,0.000986433
2961,3.6,0.0,4.3076925,0.02297779,-0.11163997,-0.0006772088
2962,3.6,0.5714286,4.3076925,0.017639615,-0.113587685,-0.0005707622
2963,3.6,1.1428572,4.3076925,0.006763011,-0.11278693,-0.00046341843
2964,3.6,1.7142857,4.3076925,0.004867156,-0.115189984,-0.00036269173
2965,3.6,2.2857144,4.3076925,-0.0043599266,-0.11177406,-0.00024178161
2966,3.6,2.857143,4.3076925,-0.0065927557,-0.11639296,-0.0001402993
2967,3.6,3.4285715,4.3076925,-0.01757757,-0.11017839,-8.856039e-05
2968,3.6,4.0,4.3076925,-0.023818117,-0.1158788,-2.4739773e-05
2969,3.6,0.0,3.6923077,0.022963017,-0.11163981,-8.078228e-05
2970,3.6,0.5714286,3.6923077,0.017624686,-0.113587774,-0.00019002007
2971,3.6,1.1428572,3.6923077,0.006748024,-0.11278693,-0.00029415678
2972,3.6,1.7142857,3.6923077,0.004852207,-0.115190074,-0.0003971727
2973,3.6,2.2857144,3.6923077,-0.00437493,-0.111774065,-0.0005155624
2974,3.6,2.857143,3.6923077,-0.0066077127,-0.11639306,-0.0006187989
2975,3.6,3.4285715,3.6923077,-0.017592603,-0.11017837,-0.0006683924
2976,3.6,4.0,3.6923077,-0.023833072,-0.11587886,-0.00073357293
2977,3.6,0.0,3.0769231,0.022985438,-0.11184697,0.0005325547
2978,3.6,0.5714286,3.0769231,0.01764517,-0.11381164,0.00021687211
2979,3.6,1.1428572,3.0769231,0.0067462,-0.112977296,-0.00010802214
2980,3.6,1.7142857,3.0769231,0.0048506767,-0.11540173,-0.00044758618
2981,3.6,2.2857144,3.0769231,-0.0043983166,-0.11196714,-0.00076248107
2982,3.6,2.857143,3.0769231,-0.00661905,-0.11659268,-0.0010732407
2983,3.6,3.4285715,3.0769231,-0.017634856,-0.11038132,-0.0014214661
2984,3.6,4.0,3.0769231,-0.023879893,-0.11609588,-0.0017440834
2985,3.6,0.0,2.4615386,0.023050016,-0.112275586,0.0011531487
2986,3.6,0.5714286,2.4615386,0.017710298,-0.11422528,0.00063767197
2987,3.6,1.1428572,2.4615386,0.0067417067,-0.11339886,9.122453e-05
2988,3.6,1.7142857,2.4615386,0.0048726676,-0.11582377,-0.00046705303
2989,3.6,2.2857144,2.4615386,-0.004426276,-0.11234985,-0.0010049747
2990,3.6,2.857143,2.4615386,-0.0066349963,-0.11704563,-0.0015465945
2991,3.6,3.4285715,2.4615386,-0.017679969,-0.11071652,-0.0019813946
2992,3.6,4.0,2.4615386,-0.023910828,-0.11650547,-0.0023922827
2993,3.6,0.0,1.8461539,0.023117187,-0.11291746,0.0019247453
2994,3.6,0.5714286,1.8461539,0.017802589,-0.114953995,0.0011029374
2995,3.6,1.1428572,1.8461539,0.0067318636,-0.11398785,0.00031783004
2996,3.6,1.7142857,1.8461539,0.004920477,-0.11651513,-0.00045109467
2997,3.6,2.2857144,1.8461539,-0.004473759,-0.11294251,-0.001241728
2998,3.6,2.857143,1.8461539,-0.006587536,-0.117692016,-0.0019251967
2999,3.6,3.4285715,1.8461539,-0.017767873,-0.111327946,-0.0027081512
3000,3.6,4.0,1.8461539,-0.02398353,-0.1172118,-0.003510482
3001,3.6,0.0,1.2307693,0.02323334,-0.11386434,0.0025326828
3002,3.6,0.5714286,1.2307693,0.017857494,-0.1158261,0.0016320645
3003,3.6,1.1428572,1.2307693,0.006723749,-0.114939146,0.0006156297
3004,3.6,1.7142857,1.2307693,0.004947962,-0.11738529,-0.00045089607
3005,3.6,2.2857144,1.2307693,-0.0044315564,-0.11379219,-0.0013536047
3006,3.6,2.857143,1.2307693,-0.0065461216,-0.11861614,-0.002404708
3007,3.6,3.4285715,1.2307693,-0.017699782,-0.11208182,-0.0032007063
3008,3.6,4.0,1.2307693,-0.023953637,-0.118013665,-0.0038445261
3009,3.6,0.0,0.61538464,0.023492854,-0.11526556,0.0036749255
3010,3.6,0.5714286,0.61538464,0.017576812,-0.11694014,0.0021393269
3011,3.6,1.1428572,0.61538464,0.006917776,-0.11623142,0.00087788544
3012,3.6,1.7142857,0.61538464,0.0047879484,-0.11836866,-0.00026800908
3013,3.6,2.2857144,0.61538464,-0.004089453,-0.1151676,-0.0016327219
3014,3.6,2.857143,0.61538464,-0.006482772,-0.11937234,-0.0026010396
3015,3.6,3.4285715,0.61538464,-0.017263763,-0.113512486,-0.0038447084
3016,3.6,4.0,0.61538464,-0.024003169,-0.11885224,-0.0053704903
3017,3.6,0.0,0.0,0.023418179,-0.116738014,0.003874651
3018,3.6,0.5714286,0.0,0.017148832,-0.11843689,0.0028183612
3019,3.6,1.1428572,0.0,0.0070118816,-0.11777319,0.001321146
3020,3.6,1.7142857,0.0,0.004701548,-0.11966044,-0.0004277481
3021,3.6,2.2857144,0.0,-0.0036144475,-0.116747715,-0.0014419991
3022,3.6,2.857143,0.0,-0.006266656,-0.12042189,-0.0032483458
3023,3.6,3.4285715,0.0,-0.016473936,-0.11516893,-0.0043901177
3024,3.6,4.0,0.0,-0.023519019,-0.11957188,-0.004891098
3025,4.2,0.0,8.0,0.02911652,-0.105212405,-0.004794578
3026,4.2,0.5714286,8.0,0.016083425,-0.10535829,-0.0030556053
3027,4.2,1.1428572,8.0,0.010917298,-0.10623812,-0.0017003422
3028,4.2,1.7142857,8.0,0.0021467225,-0.10516454,-0.0007395251
3029,4.2,2.2857144,8.0,-0.0013287839,-0.10721767,0.00087701617
3030,4.2,2.857143,8.0,-0.010073691,-0.10384866,0.00167991
3031,4.2,3.4285715,8.0,-0.015755096,-0.1072766,0.0029561177
3032,4.2,4.0,8.0,-0.028447665,-0.10297135,0.0047912477
3033,4.2,0.0,7.3846154,0.029586375,-0.10379514,-0.0035043443
3034,4.2,0.5714286,7.3846154,0.016269626,-0.10408913,-0.0026394369
3035,4.2,1.1428572,7.3846154,0.011193092,-0.10503094,-0.0015673839
3036,4.2,1.7142857,7.3846154,0.0019794665,-0.10384087,-0.00040260522
3037,4.2,2.2857144,7.3846154,-0.0013664747,-0.10620408,0.00046341066
3038,4.2,2.857143,7.3846154,-0.010603928,-0.10249034,0.0016343648
3039,4.2,3.4285715,7.3846154,-0.016123427,-0.10645615,0.0024732498
3040,4.2,4.0,7.3846154,-0.029046671,-0.10151123,0.0029848325
3041,4.2,0.0,6.769231,0.029721053,-0.10290915,-0.0031000134
3042,4.2,0.5714286,6.769231,0.016131088,-0.10296343,-0.0021241747
3043,4.2,1.1428572,6.769231,0.0114152925,-0.10410596,-0.0012340486
3044,4.2,1.7142857,6.769231,0.0017534981,-0.10270882,-0.00042944495
3045,4.2,2.2857144,6.769231,-0.0013542753,-0.105457574,0.00048967305
3046,4.2,2.857143,6.769231,-0.010974118,-0.101285934,0.0011838151
3047,4.2,3.4285715,6.769231,-0.01624155,-0.105828755,0.0020635058
3048,4.2,4.0,6.769231,-0.029420538,-0.10044182,0.0030563662
3049,4.2,0.0,6.1538463,0.02956325,-0.10209229,-0.0023078804
3050,4.2,0.5714286,6.1538463,0.016071532,-0.102099314,-0.0016838262
3051,4.2,1.1428572,6.1538463,0.011368583,-0.10337262,-0.001016651
3052,4.2,1.7142857,6.1538463,0.0016952916,-0.101918034,-0.00033400732
3053,4.2,2.2857144,6.1538463,-0.0014182711,-0.104694076,0.0002758759
3054,4.2,2.857143,6.1538463,-0.011098889,-0.10059046,0.00095726684
3055,4.2,3.4285715,6.1538463,-0.016304543,-0.10504497,0.0014702027
3056,4.2,4.0,6.1538463,-0.029388985,-0.09969684,0.0019214303
3057,4.2,0.0,5.5384617,0.029367499,-0.10146349,-0.001749855
3058,4.2,0.5714286,5.5384617,0.016004497,-0.101590045,-0.0012818802
3059,4.2,1.1428572,5.5384617,0.011270457,-0.102738656,-0.0008045681
3060,4.2,1.7142857,5.5384617,0.0016898505,-0.10140589,-0.00033727687
3061,4.2,2.2857144,5.5384617,-0.0015074217,-0.10410411,0.00013097338
3062,4.2,2.857143,5.5384617,-0.011074957,-0.10006684,0.00054841285
3063,4.2,3.4285715,5.5384617,-0.016361434,-0.10449145,0.0010425507
3064,4.2,4.0,5.5384617,-0.029344227,-0.09923908,0.0015330224
3065,4.2,0.0,4.923077,0.029225925,-0.10106764,-0.0011849325
3066,4.2,0.5714286,4.923077,0.015946457,-0.10119479,-0.00090626994
3067,4.2,1.1428572,4.923077,0.011198925,-0.10237401,-0.00062665355
3068,4.2,1.7142857,4.923077,0.0016661647,-0.10104727,-0.00035177683
3069,4.2,2.2857144,4.923077,-0.001540706,-0.10371996,-7.320721e-05
3070,4.2,2.857143,4.923077,-0.01108305,-0.099746525,0.00020271954
3071,4.2,3.4285715,4.923077,-0.016363598,-0.1040843,0.00040223665
3072,4.2,4.0,4.923077,-0.029262522,-0.09889665,0.0005989682
3073,4.2,0.0,4.3076925,0.029153213,-0.10087098,-0.0006471562
3074,4.2,0.5714286,4.3076925,0.015900757,-0.10102589,-0.00056868815
3075,4.2,1.1428572,4.3076925,0.011157309,-0.10217754,-0.0004731585
3076,4.2,1.7142857,4.3076925,0.0016477634,-0.1008766,-0.00037247638
3077,4.2,2.2857144,4.3076925,-0.00156866,-0.103534676,-0.00028914318
3078,4.2,2.857143,4.3076925,-0.011082036,-0.09957057,-0.00020417286
3079,4.2,3.4285715,4.3076925,-0.016374573,-0.1039116,-6.741675e-05
3080,4.2,4.0,4.3076925,-0.029255114,-0.09874034,5.1777846e-05
3081,4.2,0.0,3.6923077,0.029138122,-0.10087119,-0.00014308354
3082,4.2,0.5714286,3.6923077,0.015885755,-0.10102586,-0.00021873695
3083,4.2,1.1428572,3.6923077,0.0111423815,-0.102177635,-0.0003161002
3084,4.2,1.7142857,3.6923077,0.0016327532,-0.10087658,-0.00041446576
3085,4.2,2.2857144,3.6923077,-0.0015836008,-0.103534766,-0.00049933675
3086,4.2,2.857143,3.6923077,-0.011097061,-0.099570565,-0.0005823275
3087,4.2,3.4285715,3.6923077,-0.01638952,-0.103911705,-0.0007202787
3088,4.2,4.0,3.6923077,-0.029270174,-0.09874036,-0.00083753606
3089,4.2,0.0,3.0769231,0.02918125,-0.10106798,0.00039599647
3090,4.2,0.5714286,3.0769231,0.015901582,-0.101194575,0.000117783515
3091,4.2,1.1428572,3.0769231,0.011154059,-0.102374375,-0.00016170916
3092,4.2,1.7142857,3.0769231,0.001621195,-0.10104717,-0.0004359418
3093,4.2,2.2857144,3.0769231,-0.0015855856,-0.10372022,-0.00071460765
3094,4.2,2.857143,3.0769231,-0.011128074,-0.09974653,-0.0009898167
3095,4.2,3.4285715,3.0769231,-0.016408531,-0.10408446,-0.0011893937
3096,4.2,4.0,3.0769231,-0.02930763,-0.09889663,-0.0013852814
3097,4.2,0.0,2.4615386,0.029292583,-0.10146403,0.0009606035
3098,4.2,0.5714286,2.4615386,0.015929695,-0.10158985,0.00049334625
3099,4.2,1.1428572,2.4615386,0.011195605,-0.10273915,1.6365597e-05
3100,4.2,1.7142857,2.4615386,0.0016150032,-0.10140583,-0.00045065206
3101,4.2,2.2857144,2.4615386,-0.0015823494,-0.10410441,-0.0009185814
3102,4.2,2.857143,2.4615386,-0.011149867,-0.10006701,-0.0013357381
3103,4.2,3.4285715,2.4615386,-0.016436437,-0.104491584,-0.0018294862
3104,4.2,4.0,2.4615386,-0.029419292,-0.09923935,-0.0023195096
3105,4.2,0.0,1.8461539,0.029458707,-0.10209308,0.0015189184
3106,4.2,0.5714286,1.8461539,0.015966812,-0.10209889,0.00089538144
3107,4.2,1.1428572,1.8461539,0.011263848,-0.10337339,0.00022827
3108,4.2,1.7142857,1.8461539,0.0015903984,-0.10191786,-0.00045375302
3109,4.2,2.2857144,1.8461539,-0.001523056,-0.10469456,-0.0010636523
3110,4.2,2.857143,1.8461539,-0.011203903,-0.10059062,-0.0017444632
3111,4.2,3.4285715,1.8461539,-0.01640944,-0.10504518,-0.0022572884
3112,4.2,4.0,1.8461539,-0.029494196,-0.09969701,-0.002707871
3113,4.2,0.0,1.2307693,0.029586699,-0.102910385,0.0023107037
3114,4.2,0.5714286,1.2307693,0.015996048,-0.102962784,0.0013356608
3115,4.2,1.1428572,1.2307693,0.011280938,-0.10410709,0.00044581518
3116,4.2,1.7142857,1.2307693,0.0016183528,-0.102708384,-0.00035846222
3117,4.2,2.2857144,1.2307693,-0.0014887496,-0.10545842,-0.0012773386
3118,4.2,2.857143,1.2307693,-0.011109389,-0.1012858,-0.0019711324
3119,4.2,3.4285715,1.2307693,-0.016376173,-0.10582939,-0.0028505162
3120,4.2,4.0,1.2307693,-0.02955605,-0.10044179,-0.0038427226
3121,4.2,0.0,0.61538464,0.029422421,-0.103796594,0.0027155057
3122,4.2,0.5714286,0.61538464,0.016104594,-0.104088224,0.0018509447
3123,4.2,1.1428572,0.61538464,0.011028945,-0.10503234,0.0007790349
3124,4.2,1.7142857,0.61538464,0.00181418,-0.10384031,-0.00038517662
3125,4.2,2.2857144,0.61538464,-0.0015307044,-0.106205076,-0.0012512048
3126,4.2,2.857143,0.61538464,-0.010769398,-0.10249018,-0.0024216028
3127,4.2,3.4285715,0.61538464,-0.016287835,-0.10645684,-0.0032603284
3128,4.2,4.0,0.61538464,-0.02921239,-0.10151112,-0.0037714513
3129,4.2,0.0,0.0,0.028922522,-0.10521418,0.004005044
3130,4.2,0.5714286,0.0,0.015888313,-0.10535723,0.0022672508
3131,4.2,1.1428572,0.0,0.010723279,-0.10623974,0.0009120795
3132,4.2,1.7142857,0.0,0.0019514466,-0.1051639,-4.8378246e-05
3133,4.2,2.2857144,0.0,-0.001522938,-0.1072187,-0.0016646939
3134,4.2,2.857143,0.0,-0.010269154,-0.1038486,-0.0024672681
3135,4.2,3.4285715,0.0,-0.015949402,-0.10727724,-0.0037432357
3136,4.2,4.0,0.0,-0.02864347,-0.102971405,-0.0055774488
3137,4.8,0.0,8.0,0.028888201,-0.091753095,-0.003358548
3138,4.8,0.5714286,8.0,0.019701252,-0.092040725,-0.0026021844
3139,4.8,1.1428572,8.0,0.0094380975,-0.0925359,-0.0016293172
3140,4.8,1.7142857,8.0,0.0042341286,-0.093166135,-0.00029361557
3141,4.8,2.2857144,8.0,-0.0039439476,-0.09160917,0.00037814653
3142,4.8,2.857143,8.0,-0.009358737,-0.09378744,0.0016321143
3143,4.8,3.4285715,8.0,-0.01934314,-0.09048159,0.0024857633
3144,4.8,4.0,8.0,-0.028949684,-0.09316729,0.0027090036
3145,4.8,0.0,7.3846154,0.029205933,-0.090814404,-0.0032710216
3146,4.8,0.5714286,7.3846154,0.020187007,-0.090906925,-0.002162606
3147,4.8,1.1428572,7.3846154,0.009578025,-0.09146492,-0.0012429829
3148,4.8,1.7142857,7.3846154,0.0044348487,-0.09223399,-0.0004559973
3149,4.8,2.2857144,7.3846154,-0.0041824253,-0.09051551,0.00052189926
3150,4.8,2.857143,7.3846154,-0.009494156,-0.09302637,0.001183978
3151,4.8,3.4285715,7.3846154,-0.019890588,-0.08937771,0.0020531993
3152,4.8,4.0,7.3846154,-0.029361924,-0.09256553,0.0032062444
3153,4.8,0.0,6.769231,0.029013673,-0.08974598,-0.0024442044
3154,4.8,0.5714286,6.769231,0.020449504,-0.090097055,-0.0017822231
3155,4.8,1.1428572,6.769231,0.009500058,-0.09055265,-0.0010624247
3156,4.8,1.7142857,6.769231,0.0045375577,-0.09153818,-0.00031318632
3157,4.8,2.2857144,6.769231,-0.0044040484,-0.08954461,0.00030168824
3158,4.8,2.857143,6.769231,-0.009586728,-0.09247699,0.0010524575
3159,4.8,3.4285715,6.769231,-0.020234799,-0.08839742,0.001597209
3160,4.8,4.0,6.769231,-0.029300831,-0.09197544,0.0019842312
3161,4.8,0.0,6.1538463,0.028871164,-0.08905894,-0.0019920566
3162,4.8,0.5714286,6.1538463,0.020360582,-0.08949908,-0.0014140692
3163,4.8,1.1428572,6.1538463,0.00944259,-0.08983777,-0.0008569389
3164,4.8,1.7142857,6.1538463,0.004504632,-0.090921335,-0.0003224204
3165,4.8,2.2857144,6.1538463,-0.004521474,-0.08892059,0.00023534399
3166,4.8,2.857143,6.1538463,-0.009652764,-0.09183588,0.00068906415
3167,4.8,3.4285715,6.1538463,-0.020332396,-0.08782698,0.0012622728
3168,4.8,4.0,6.1538463,-0.029347159,-0.09140656,0.0018884643
3169,4.8,0.0,5.5384617,0.028703304,-0.08858902,-0.0014887057
3170,4.8,0.5714286,5.5384617,0.020235198,-0.08892925,-0.0010953171
3171,4.8,1.1428572,5.5384617,0.009409609,-0.08941758,-0.00070056674
3172,4.8,1.7142857,5.5384617,0.0044033043,-0.090401284,-0.0003184327
3173,4.8,2.2857144,5.5384617,-0.0045193625,-0.08848659,5.179271e-05
3174,4.8,2.857143,5.5384617,-0.009742788,-0.09135083,0.00043844632
3175,4.8,3.4285715,5.5384617,-0.020310365,-0.087389044,0.0007288482
3176,4.8,4.0,5.5384617,-0.029289579,-0.09089631,0.000987338
3177,4.8,0.0,4.923077,0.028606856,-0.08826559,-0.001033792
3178,4.8,0.5714286,4.923077,0.020127293,-0.088626005,-0.00081065355
3179,4.8,1.1428572,4.923077,0.009362409,-0.089091405,-0.00057990843
3180,4.8,1.7142857,4.923077,0.0043563796,-0.09008178,-0.00034116275
3181,4.8,2.2857144,4.923077,-0.0045473464,-0.088195205,-0.00012098217
3182,4.8,2.857143,4.923077,-0.009762069,-0.091012016,8.516417e-05
3183,4.8,3.4285715,4.923077,-0.020298641,-0.08712388,0.00035205806
3184,4.8,4.0,4.923077,-0.029292202,-0.09058879,0.0006233133
3185,4.8,0.0,4.3076925,0.028527975,-0.08810678,-0.00062748615
3186,4.8,0.5714286,4.3076925,0.020073267,-0.08844748,-0.0005367015
3187,4.8,1.1428572,4.3076925,0.00933063,-0.088946715,-0.00045784892
3188,4.8,1.7142857,4.3076925,0.004317626,-0.08991697,-0.00039137155
3189,4.8,2.2857144,4.3076925,-0.0045578503,-0.088046186,-0.00030805197
3190,4.8,2.857143,4.3076925,-0.009786506,-0.09085613,-0.00023074007
3191,4.8,3.4285715,4.3076925,-0.020294981,-0.08697116,-0.00020972388
3192,4.8,4.0,4.3076925,-0.029266719,-0.09042414,-0.000190036
3193,4.8,0.0,3.6923077,0.028513167,-0.08810662,-0.0001899654
3194,4.8,0.5714286,3.6923077,0.02005837,-0.088447586,-0.0002820431
3195,4.8,1.1428572,3.6923077,0.00931561,-0.088946655,-0.00035881557
3196,4.8,1.7142857,3.6923077,0.004302705,-0.08991707,-0.00042652042
3197,4.8,2.2857144,3.6923077,-0.0045728832,-0.08804615,-0.0005080455
3198,4.8,2.857143,3.6923077,-0.009801443,-0.0908562,-0.0005863682
3199,4.8,3.4285715,3.6923077,-0.02031004,-0.08697113,-0.0006056937
3200,4.8,4.0,3.6923077,-0.029281698,-0.09042418,-0.0006261323
3201,4.8,0.0,3.0769231,0.028561803,-0.088265315,0.00021543309
3202,4.8,0.5714286,3.0769231,0.020082459,-0.08862648,-7.3421907e-06
3203,4.8,1.1428572,3.0769231,0.009317446,-0.089091145,-0.00023741309
3204,4.8,1.7142857,3.0769231,0.0043115374,-0.09008211,-0.00047614984
3205,4.8,2.2857144,3.0769231,-0.004592378,-0.08819509,-0.0006956371
3206,4.8,2.857143,3.0769231,-0.009806942,-0.09101222,-0.000901805
3207,4.8,3.4285715,3.0769231,-0.020343736,-0.08712387,-0.0011679166
3208,4.8,4.0,3.0769231,-0.029337136,-0.090588994,-0.0014390243
3209,4.8,0.0,2.4615386,0.028628703,-0.088588625,0.0006704773
3210,4.8,0.5714286,2.4615386,0.020160455,-0.08892981,0.0002774241
3211,4.8,1.1428572,2.4615386,0.00933473,-0.08941729,-0.000116931486
3212,4.8,1.7142857,2.4615386,0.0043284693,-0.0904017,-0.0004986854
3213,4.8,2.2857144,2.4615386,-0.004594307,-0.08848653,-0.0008686214
3214,4.8,2.857143,2.4615386,-0.009817698,-0.091351025,-0.0012548874
3215,4.8,3.4285715,2.4615386,-0.020385418,-0.08738914,-0.0015449227
3216,4.8,4.0,2.4615386,-0.029364625,-0.09089639,-0.0018028923
3217,4.8,0.0,1.8461539,0.02876629,-0.08905834,0.0011736421
3218,4.8,0.5714286,1.8461539,0.020255946,-0.08950007,0.00059608155
3219,4.8,1.1428572,1.8461539,0.009337682,-0.08983723,3.9588092e-05
3220,4.8,1.7142857,1.8461539,0.004399962,-0.09092202,-0.0004948441
3221,4.8,2.2857144,1.8461539,-0.004626521,-0.088920414,-0.0010520499
3222,4.8,2.857143,1.8461539,-0.009757513,-0.09183622,-0.0015056329
3223,4.8,3.4285715,1.8461539,-0.020437593,-0.08782707,-0.0020782372
3224,4.8,4.0,1.8461539,-0.029452061,-0.09140683,-0.0027040439
3225,4.8,0.0,1.2307693,0.028878856,-0.089744925,0.0016260426
3226,4.8,0.5714286,1.2307693,0.020315284,-0.09009838,0.0009643149
3227,4.8,1.1428572,1.2307693,0.009364909,-0.09055183,0.00024495245
3228,4.8,1.7142857,1.2307693,0.0044032084,-0.09153923,-0.00050396495
3229,4.8,2.2857144,1.2307693,-0.0045393268,-0.08954416,-0.0011185013
3230,4.8,2.857143,1.2307693,-0.00972121,-0.09247766,-0.0018689495
3231,4.8,3.4285715,1.2307693,-0.020370254,-0.08839722,-0.0024132542
3232,4.8,4.0,1.2307693,-0.029435541,-0.09197596,-0.00279991
3233,4.8,0.0,0.61538464,0.029040815,-0.09081319,0.002452454
3234,4.8,0.5714286,0.61538464,0.020022953,-0.09090866,0.0013446908
3235,4.8,1.1428572,0.61538464,0.009412767,-0.091463834,0.00042562702
3236,4.8,1.7142857,0.61538464,0.0042707487,-0.09223529,-0.00036125776
3237,4.8,2.2857144,0.61538464,-0.0043478883,-0.09051493,-0.0013386223
3238,4.8,2.857143,0.61538464,-0.009658378,-0.09302717,-0.002000561
3239,4.8,3.4285715,0.61538464,-0.02005625,-0.08937749,-0.002869233
3240,4.8,4.0,0.61538464,-0.029526392,-0.092566185,-0.0040216916
3241,4.8,0.0,0.0,0.028693214,-0.09175139,0.002540733
3242,4.8,0.5714286,0.0,0.019507488,-0.092042826,0.0017841716
3243,4.8,1.1428572,0.0,0.0092427125,-0.092534535,0.0008119219
3244,4.8,1.7142857,0.0,0.0040402357,-0.09316764,-0.0005235269
3245,4.8,2.2857144,0.0,-0.0041395123,-0.09160853,-0.0011949771
3246,4.8,2.857143,0.0,-0.009552766,-0.09378824,-0.002448637
3247,4.8,3.4285715,0.0,-0.019538926,-0.09048141,-0.0033018
3248,4.8,4.0,0.0,-0.029143939,-0.093167916,-0.003524904
3249,5.4,0.0,8.0,0.032308344,-0.07723622,-0.0031250566
3250,5.4,0.5714286,8.0,0.019218378,-0.0790589,-0.0019861727
3251,5.4,1.1428572,8.0,0.011382523,-0.07825931,-0.0009409526
3252,5.4,1.7142857,8.0,0.0028272907,-0.07855363,-0.00037033224
3253,5.4,2.2857144,8.0,-0.0031704374,-0.07941836,0.0006679465
3254,5.4,2.857143,8.0,-0.01170659,-0.07749156,0.0012260329
3255,5.4,3.4285715,8.0,-0.019598175,-0.0796313,0.0019439281
3256,5.4,4.0,8.0,-0.032040782,-0.07688177,0.0032329012
3257,5.4,0.0,7.3846154,0.03285146,-0.07605609,-0.0022625315
3258,5.4,0.5714286,7.3846154,0.019689644,-0.0782646,-0.0016178869
3259,5.4,1.1428572,7.3846154,0.011808803,-0.07742417,-0.0009233176
3260,5.4,1.7142857,7.3846154,0.0029055192,-0.077711105,-0.00016243069
3261,5.4,2.2857144,7.3846154,-0.003079472,-0.07875546,0.00039435655
3262,5.4,2.857143,7.3846154,-0.011989884,-0.076652795,0.0011291651
3263,5.4,3.4285715,7.3846154,-0.019894177,-0.07910572,0.0016525625
3264,5.4,4.0,7.3846154,-0.03243792,-0.07602665,0.0018785415
3265,5.4,0.0,6.769231,0.033040386,-0.07550183,-0.0019241861
3266,5.4,0.5714286,6.769231,0.019658595,-0.07754744,-0.0013206075
3267,5.4,1.1428572,6.769231,0.011999289,-0.07679882,-0.00073386607
3268,5.4,1.7142857,6.769231,0.0028232406,-0.076965034,-0.00020274473
3269,5.4,2.2857144,6.769231,-0.0030872785,-0.078287035,0.0003764779
3270,5.4,2.857143,6.769231,-0.01224116,-0.075878896,0.00079810596
3271,5.4,3.4285715,6.769231,-0.019992055,-0.07870961,0.0013628621
3272,5.4,4.0,6.769231,-0.032672007,-0.0753304,0.002061892
3273,5.4,0.0,6.1538463,0.03280806,-0.074957095,-0.0015192237
3274,5.4,0.5714286,6.1538463,0.0195788,-0.07692248,-0.0010631651
3275,5.4,1.1428572,6.1538463,0.0119703775,-0.07633644,-0.00062294235
3276,5.4,1.7142857,6.1538463,0.0027193974,-0.07642933,-0.0001930319
3277,5.4,2.2857144,6.1538463,-0.003137692,-0.07779048,0.00018418595
3278,5.4,2.857143,6.1538463,-0.012375987,-0.07539886,0.0006253376
3279,5.4,3.4285715,6.1538463,-0.02004698,-0.07821122,0.0009290906
3280,5.4,4.0,6.1538463,-0.03263549,-0.07483588,0.0011806443
3281,5.4,0.0,5.5384617,0.032647505,-0.07451306,-0.0011554366
3282,5.4,0.5714286,5.5384617,0.019480048,-0.0766051,-0.00085534237
3283,5.4,1.1428572,5.5384617,0.01185206,-0.0758873,-0.0005497923
3284,5.4,1.7142857,5.5384617,0.002708363,-0.0760859,-0.0002453727
3285,5.4,2.2857144,5.5384617,-0.0032393243,-0.07737732,4.7918176e-05
3286,5.4,2.857143,5.5384617,-0.012375574,-0.07504561,0.00030111955
3287,5.4,3.4285715,5.5384617,-0.020097632,-0.077817425,0.0006395253
3288,5.4,4.0,5.5384617,-0.032612015,-0.0745184,0.0010123549
3289,5.4,0.0,4.923077,0.032461584,-0.07424054,-0.0008736915
3290,5.4,0.5714286,4.923077,0.01941244,-0.0763162,-0.00066842826
3291,5.4,1.1428572,4.923077,0.011789582,-0.075634755,-0.0004845446
3292,5.4,1.7142857,4.923077,0.002658766,-0.07583103,-0.00031189236
3293,5.4,2.2857144,4.923077,-0.0032731434,-0.07710342,-0.00013962563
3294,5.4,2.857143,4.923077,-0.012399059,-0.07481324,4.4156383e-05
3295,5.4,3.4285715,4.923077,-0.020107077,-0.07753506,0.00015447718
3296,5.4,4.0,4.923077,-0.032536294,-0.0742773,0.0002592394
3297,5.4,0.0,4.3076925,0.032398768,-0.074096344,-0.0005544221
3298,5.4,0.5714286,4.3076925,0.019356461,-0.07619831,-0.00050759275
3299,5.4,1.1428572,4.3076925,0.01173812,-0.07549038,-0.00044664936
3300,5.4,1.7142857,4.3076925,0.0026390029,-0.07570815,-0.00038088748
3301,5.4,2.2857144,4.3076925,-0.0033079186,-0.07696761,-0.00032736783
3302,5.4,2.857143,4.3076925,-0.012404497,-0.07468663,-0.00028062554
3303,5.4,3.4285715,4.3076925,-0.020117324,-0.07740534,-0.00017253547
3304,5.4,4.0,4.3076925,-0.032534115,-0.07416324,-5.9249945e-05
3305,5.4,0.0,3.6923077,0.032383665,-0.074096546,-0.00029400742
3306,5.4,0.5714286,3.6923077,0.019341445,-0.076198235,-0.00033893296
3307,5.4,1.1428572,3.6923077,0.011723217,-0.07549049,-0.00040073757
3308,5.4,1.7142857,3.6923077,0.002623968,-0.07570808,-0.0004648817
3309,5.4,2.2857144,3.6923077,-0.0033228437,-0.076967694,-0.0005191889
3310,5.4,2.857143,3.6923077,-0.012419544,-0.074686594,-0.00056443387
3311,5.4,3.4285715,3.6923077,-0.020132268,-0.0774054,-0.00067312265
3312,5.4,4.0,3.6923077,-0.032549158,-0.07416324,-0.00078484113
3313,5.4,0.0,3.0769231,0.032417014,-0.07424106,2.5898336e-05
3314,5.4,0.5714286,3.0769231,0.019367488,-0.07631571,-0.0001786324
3315,5.4,1.1428572,3.0769231,0.011744775,-0.07563521,-0.0003623597
3316,5.4,1.7142857,3.0769231,0.002613732,-0.075830765,-0.00053431414
3317,5.4,2.2857144,3.0769231,-0.0033179764,-0.07710367,-0.00070653524
3318,5.4,2.857143,3.0769231,-0.012444153,-0.07481313,-0.0008895867
3319,5.4,3.4285715,3.0769231,-0.02015197,-0.077535175,-0.0009997886
3320,5.4,4.0,3.0769231,-0.032581504,-0.0742772,-0.0011037014
3321,5.4,0.0,2.4615386,0.032572623,-0.07451378,0.00030763113
3322,5.4,0.5714286,2.4615386,0.019405175,-0.07660462,8.155408e-06
3323,5.4,1.1428572,2.4615386,0.011777308,-0.07588786,-0.00029693713
3324,5.4,1.7142857,2.4615386,0.0026333993,-0.07608559,-0.00060102023
3325,5.4,2.2857144,2.4615386,-0.0033141603,-0.07737762,-0.000893894
3326,5.4,2.857143,2.4615386,-0.012450612,-0.07504553,-0.001146745
3327,5.4,3.4285715,2.4615386,-0.020172568,-0.07781754,-0.001484647
3328,5.4,4.0,2.4615386,-0.032687165,-0.07451842,-0.0018569593
3329,5.4,0.0,1.8461539,0.03270374,-0.07495818,0.00067150994
3330,5.4,0.5714286,1.8461539,0.01947391,-0.0769215,0.00021608287
3331,5.4,1.1428572,1.8461539,0.011865803,-0.07633742,-0.00022390249
3332,5.4,1.7142857,1.8461539,0.002614335,-0.07642876,-0.00065324793
3333,5.4,2.2857144,1.8461539,-0.0032423378,-0.07779098,-0.0010302695
3334,5.4,2.857143,1.8461539,-0.012481179,-0.07539868,-0.0014708721
3335,5.4,3.4285715,1.8461539,-0.020151757,-0.078211404,-0.001774315
3336,5.4,4.0,1.8461539,-0.032740906,-0.0748358,-0.002025242
3337,5.4,0.0,1.2307693,0.032906048,-0.075503536,0.0010763352
3338,5.4,0.5714286,1.2307693,0.019523477,-0.07754618,0.00047345486
3339,5.4,1.1428572,1.2307693,0.011865046,-0.07680016,-0.00011287508
3340,5.4,1.7142857,1.2307693,0.0026879648,-0.07696418,-0.0006436137
3341,5.4,2.2857144,1.2307693,-0.0032216515,-0.07828786,-0.001222492
3342,5.4,2.857143,1.2307693,-0.012376563,-0.075878456,-0.0016437127
3343,5.4,3.4285715,1.2307693,-0.020126607,-0.078710094,-0.0022080445
3344,5.4,4.0,1.2307693,-0.032807607,-0.07533014,-0.0029063975
3345,5.4,0.0,0.61538464,0.03268766,-0.07605802,0.0014150011
3346,5.4,0.5714286,0.61538464,0.01952446,-0.0782629,0.0007707864
3347,5.4,1.1428572,0.61538464,0.01164479,-0.077425905,7.651682e-05
3348,5.4,1.7142857,0.61538464,0.0027400865,-0.07770999,-0.0006838558
3349,5.4,2.2857144,0.61538464,-0.0032435886,-0.07875651,-0.0012404233
3350,5.4,2.857143,0.61538464,-0.012155489,-0.07665223,-0.001974737
3351,5.4,3.4285715,0.61538464,-0.02005848,-0.07910627,-0.002497765
3352,5.4,4.0,0.61538464,-0.032603808,-0.07602629,-0.002723281
3353,5.4,0.0,0.0,0.032114573,-0.07723904,0.0022768728
3354,5.4,0.5714286,0.0,0.019022929,-0.07905668,0.00113923
3355,5.4,1.1428572,0.0,0.011188858,-0.0782615,9.422021e-05
3356,5.4,1.7142857,0.0,0.002631628,-0.07855224,-0.00047599652
3357,5.4,2.2857144,0.0,-0.0033642468,-0.079419546,-0.0015139469
3358,5.4,2.857143,0.0,-0.011902394,-0.077490956,-0.0020716465
3359,5.4,3.4285715,0.0,-0.019792156,-0.079631865,-0.0027891945
3360,5.4,4.0,0.0,-0.03223684,-0.07688143,-0.004077279
3361,6.0,0.0,8.0,0.03244756,-0.064763024,-0.001714606
3362,6.0,0.5714286,8.0,0.020970695,-0.062429707,-0.0010155989
3363,6.0,1.1428572,8.0,0.010880026,-0.06485792,-0.0005866143
3364,6.0,1.7142857,8.0,0.0035906287,-0.06419323,0.00021636912
3365,6.0,2.2857144,8.0,-0.0044770776,-0.063931316,0.00065734034
3366,6.0,2.857143,8.0,-0.01182152,-0.065176755,0.0012028213
3367,6.0,3.4285715,8.0,-0.021602552,-0.06315608,0.001701994
3368,6.0,4.0,8.0,-0.032710984,-0.06518986,0.0015646003
3369,6.0,0.0,7.3846154,0.033159893,-0.06441004,-0.0014799181
3370,6.0,0.5714286,7.3846154,0.021615189,-0.061638236,-0.0009472028
3371,6.0,1.1428572,7.3846154,0.011265009,-0.0642603,-0.0003644799
3372,6.0,1.7142857,7.3846154,0.0039684633,-0.06364459,0.000112737405
3373,6.0,2.2857144,7.3846154,-0.004488705,-0.06336002,0.00060841686
3374,6.0,2.857143,7.3846154,-0.011857695,-0.064802006,0.00094245566
3375,6.0,3.4285715,7.3846154,-0.021967597,-0.06260278,0.001363641
3376,6.0,4.0,7.3846154,-0.033044,-0.06490361,0.0020622641
3377,6.0,0.0,6.769231,0.032936513,-0.06373758,-0.0012199916
3378,6.0,0.5714286,6.769231,0.021855054,-0.061105058,-0.00072791916
3379,6.0,1.1428572,6.769231,0.011308357,-0.06374958,-0.00030237183
3380,6.0,1.7142857,6.769231,0.0040057795,-0.063285984,8.275683e-05
3381,6.0,2.2857144,6.769231,-0.004625546,-0.062798545,0.0004044613
3382,6.0,2.857143,6.769231,-0.011954903,-0.06451484,0.0007886643
3383,6.0,3.4285715,6.769231,-0.022215568,-0.062041026,0.0010526993
3384,6.0,4.0,6.769231,-0.032964814,-0.06461815,0.0011929219
3385,6.0,0.0,6.1538463,0.032843333,-0.06330905,-0.00090891053
3386,6.0,0.5714286,6.1538463,0.021737795,-0.06081294,-0.00062197784
3387,6.0,1.1428572,6.1538463,0.011177735,-0.06331719,-0.00031378213
3388,6.0,1.7142857,6.1538463,0.003984907,-0.06292983,-2.1637588e-05
3389,6.0,2.2857144,6.1538463,-0.004757309,-0.062410247,0.00026877353
3390,6.0,2.857143,6.1538463,-0.012014354,-0.06414185,0.00048795267
3391,6.0,3.4285715,6.1538463,-0.022303166,-0.06167533,0.00082264125
3392,6.0,4.0,6.1538463,-0.03300417,-0.06428251,0.0012411454
3393,6.0,0.0,5.5384617,0.032565918,-0.06304936,-0.0008112128
3394,6.0,0.5714286,5.5384617,0.02161222,-0.060438722,-0.0005530344
3395,6.0,1.1428572,5.5384617,0.011157542,-0.063066356,-0.00032983112
3396,6.0,1.7142857,5.5384617,0.0038710195,-0.062590726,-0.00013053969
3397,6.0,2.2857144,5.5384617,-0.004772068,-0.062137146,6.236142e-05
3398,6.0,2.857143,5.5384617,-0.012101778,-0.063814774,0.00027599698
3399,6.0,3.4285715,5.5384617,-0.022303665,-0.061404504,0.00041531358
3400,6.0,4.0,5.5384617,-0.03294867,-0.06395468,0.0005355363
3401,6.0,0.0,4.923077,0.032520685,-0.06282232,-0.000636888
3402,6.0,0.5714286,4.923077,0.021505456,-0.060246214,-0.00050586223
3403,6.0,1.1428572,4.923077,0.0110786585,-0.06284949,-0.00037452579
3404,6.0,1.7142857,4.923077,0.0038271907,-0.062376123,-0.00024754627
3405,6.0,2.2857144,4.923077,-0.0048164474,-0.06193891,-0.00012798264
3406,6.0,2.857143,4.923077,-0.01212767,-0.06358649,-2.7105985e-05
3407,6.0,3.4285715,4.923077,-0.022300247,-0.06121755,0.0001489245
3408,6.0,4.0,4.923077,-0.032959085,-0.063746184,0.00035591781
3409,6.0,0.0,4.3076925,0.0324006,-0.06273006,-0.00051543914
3410,6.0,0.5714286,4.3076925,0.021446807,-0.060127415,-0.00045934116
3411,6.0,1.1428572,4.3076925,0.011051089,-0.0627514,-0.0004139809
3412,6.0,1.7142857,4.3076925,0.0037822751,-0.062261432,-0.00037658546
3413,6.0,2.2857144,4.3076925,-0.004831522,-0.061836008,-0.00033480488
3414,6.0,2.857143,4.3076925,-0.012154289,-0.06347452,-0.00028472883
3415,6.0,3.4285715,4.3076925,-0.022303004,-0.061114788,-0.00029375526
3416,6.0,4.0,4.3076925,-0.03293661,-0.06363255,-0.00031163558
3417,6.0,0.0,3.6923077,0.03238585,-0.06272989,-0.0003611144
3418,6.0,0.5714286,3.6923077,0.0214319,-0.060127515,-0.00041768726
3419,6.0,1.1428572,3.6923077,0.011036058,-0.062751286,-0.00046155535
3420,6.0,1.7142857,3.6923077,0.0037673577,-0.06226153,-0.00049949466
3421,6.0,2.2857144,3.6923077,-0.0048465636,-0.06183593,-0.0005399298
3422,6.0,2.857143,3.6923077,-0.012169228,-0.06347457,-0.00059043797
3423,6.0,3.4285715,3.6923077,-0.022318065,-0.061114732,-0.00058006594
3424,6.0,4.0,3.6923077,-0.032951623,-0.06363254,-0.0005624411
3425,6.0,0.0,3.0769231,0.032475505,-0.06282167,-0.0002401018
3426,6.0,0.5714286,3.0769231,0.021460693,-0.060246907,-0.00037077136
3427,6.0,1.1428572,3.0769231,0.011033642,-0.06284898,-0.00050136197
3428,6.0,1.7142857,3.0769231,0.0037823813,-0.062376488,-0.0006282094
3429,6.0,2.2857144,3.0769231,-0.0048615313,-0.06193866,-0.00074705534
3430,6.0,2.857143,3.0769231,-0.012172523,-0.06358664,-0.00084778003
3431,6.0,3.4285715,3.0769231,-0.022345396,-0.061217442,-0.0010230202
3432,6.0,4.0,3.0769231,-0.033003986,-0.06374626,-0.001229702
3433,6.0,0.0,2.4615386,0.032491345,-0.06304856,-6.581942e-05
3434,6.0,0.5714286,2.4615386,0.021537514,-0.060439415,-0.00032344507
3435,6.0,1.1428572,2.4615386,0.011082588,-0.06306578,-0.0005462162
3436,6.0,1.7142857,2.4615386,0.003796237,-0.06259117,-0.0007450448
3437,6.0,2.2857144,2.4615386,-0.0048470995,-0.06213684,-0.0009375772
3438,6.0,2.857143,2.4615386,-0.012176647,-0.06381492,-0.001150713
3439,6.0,3.4285715,2.4615386,-0.0223788,-0.061404385,-0.0012895906
3440,6.0,4.0,2.4615386,-0.033023726,-0.06395468,-0.0014091978
3441,6.0,0.0,1.8461539,0.03273826,-0.0633078,3.1923886e-05
3442,6.0,0.5714286,1.8461539,0.021633308,-0.060814336,-0.00025457537
3443,6.0,1.1428572,1.8461539,0.011072705,-0.06331614,-0.00056215905
3444,6.0,1.7142857,1.8461539,0.0038803157,-0.06293062,-0.0008540326
3445,6.0,2.2857144,1.8461539,-0.0048624747,-0.062409725,-0.0011439131
3446,6.0,2.857143,1.8461539,-0.012119042,-0.06414213,-0.0013627526
3447,6.0,3.4285715,1.8461539,-0.022408478,-0.06167514,-0.0016968461
3448,6.0,4.0,1.8461539,-0.033109013,-0.06428259,-0.0021148091
3449,6.0,0.0,1.2307693,0.032801718,-0.06373561,0.00034303084
3450,6.0,0.5714286,1.2307693,0.021720871,-0.06110685,-0.00014851712
3451,6.0,1.1428572,1.2307693,0.011173119,-0.0637482,-0.00057361316
3452,6.0,1.7142857,1.2307693,0.0038714793,-0.063287124,-0.00095837424
3453,6.0,2.2857144,1.2307693,-0.0047609154,-0.06279773,-0.0012796402
3454,6.0,2.857143,1.2307693,-0.012089351,-0.06451538,-0.0016634313
3455,6.0,3.4285715,1.2307693,-0.022351095,-0.062040575,-0.0019269441
3456,6.0,4.0,1.2307693,-0.033099562,-0.06461839,-0.0020666795
3457,6.0,0.0,0.61538464,0.032994587,-0.06440801,0.0006028594
3458,6.0,0.5714286,0.61538464,0.021451201,-0.061640583,7.072719e-05
3459,6.0,1.1428572,0.61538464,0.011099683,-0.064258516,-0.00051144464
3460,6.0,1.7142857,0.61538464,0.0038043596,-0.063646086,-0.0009883345
3461,6.0,2.2857144,0.61538464,-0.0046542287,-0.06335898,-0.0014835872
3462,6.0,2.857143,0.61538464,-0.012021913,-0.06480269,-0.0018172251
3463,6.0,3.4285715,0.61538464,-0.022133304,-0.062602244,-0.0022379155
3464,6.0,4.0,0.61538464,-0.033208467,-0.0649039,-0.0029358317
3465,6.0,0.0,0.0,0.032252334,-0.06475955,0.00083809684
3466,6.0,0.5714286,0.0,0.020777196,-0.06243297,0.00013912628
3467,6.0,1.1428572,0.0,0.010684324,-0.06485554,-0.00028928975
3468,6.0,1.7142857,0.0,0.0033969705,-0.0641951,-0.0010919132
3469,6.0,2.2857144,0.0,-0.004672928,-0.06393007,-0.0015324905
3470,6.0,2.857143,0.0,-0.0120153325,-0.065177485,-0.0020775916
3471,6.0,3.4285715,0.0,-0.021798532,-0.0631555,-0.0025762294
3472,6.0,4.0,0.0,-0.032905113,-0.06519009,-0.002438514
3473,6.6,0.0,8.0,0.03430615,-0.045704406,-0.00056134514
3474,6.6,0.5714286,8.0,0.0209023,-0.05080284,-0.00032608604
3475,6.6,1.1428572,8.0,0.01144789,-0.047763333,0.0004791192
3476,6.6,1.7142857,8.0,0.0031542932,-0.04960525,0.00079386134
3477,6.6,2.2857144,8.0,-0.004304235,-0.05002813,0.00095931545
3478,6.6,2.857143,8.0,-0.01317014,-0.04938457,0.0012223168
3479,6.6,3.4285715,8.0,-0.021952081,-0.050943177,0.0012413998
3480,6.6,4.0,8.0,-0.034382354,-0.04891453,0.0018992692
3481,6.6,0.0,7.3846154,0.034901567,-0.04465674,-0.00057031546
3482,6.6,0.5714286,7.3846154,0.021696044,-0.05047991,7.252065e-05
3483,6.6,1.1428572,7.3846154,0.012172023,-0.04733946,0.00039072393
3484,6.6,1.7142857,7.3846154,0.0034278024,-0.049346328,0.00060632394
3485,6.6,2.2857144,7.3846154,-0.0041121165,-0.0498349,0.00077844184
3486,6.6,2.857143,7.3846154,-0.013307094,-0.049085043,0.0009554871
3487,6.6,3.4285715,7.3846154,-0.022165833,-0.05082723,0.0011251137
3488,6.6,4.0,7.3846154,-0.034661103,-0.048624806,0.0010310478
3489,6.6,0.0,6.769231,0.035197645,-0.04439711,-8.4587606e-05
3490,6.6,0.5714286,6.769231,0.02169809,-0.05026598,1.0284653e-05
3491,6.6,1.1428572,6.769231,0.012177316,-0.047138635,0.00022794101
3492,6.6,1.7142857,6.769231,0.0033527936,-0.04898807,0.00042020416
3493,6.6,2.2857144,6.769231,-0.004161699,-0.049656857,0.00057605904
3494,6.6,2.857143,6.769231,-0.013507311,-0.048710026,0.0006958124
3495,6.6,3.4285715,6.769231,-0.022256669,-0.050676122,0.0009051268
3496,6.6,4.0,6.769231,-0.03482562,-0.048282567,0.001308332
3497,6.6,0.0,6.1538463,0.034693994,-0.044223078,-0.0003529972
3498,6.6,0.5714286,6.1538463,0.021522392,-0.049955014,-9.3036295e-05
3499,6.6,1.1428572,6.1538463,0.012174116,-0.04690491,6.693677e-05
3500,6.6,1.7142857,6.1538463,0.00323519,-0.048693664,0.00021293372
3501,6.6,2.2857144,6.1538463,-0.0042072926,-0.049394883,0.00033159475
3502,6.6,2.857143,6.1538463,-0.01363221,-0.048423547,0.0004972464
3503,6.6,3.4285715,6.1538463,-0.022304358,-0.0504296,0.00058751984
3504,6.6,4.0,6.1538463,-0.034804936,-0.048003998,0.00065594754
3505,6.6,0.0,5.5384617,0.034721445,-0.0439291,-0.0003698993
3506,6.6,0.5714286,5.5384617,0.021462705,-0.04976994,-0.00022423228
3507,6.6,1.1428572,5.5384617,0.012037245,-0.046645112,-9.734317e-05
3508,6.6,1.7142857,5.5384617,0.003209457,-0.048487987,1.5640993e-05
3509,6.6,2.2857144,5.5384617,-0.00430839,-0.04913033,0.00012141447
3510,6.6,2.857143,5.5384617,-0.013652469,-0.048217505,0.00020406832
3511,6.6,3.4285715,5.5384617,-0.022352828,-0.05016792,0.00037946075
3512,6.6,4.0,5.5384617,-0.034798834,-0.047825042,0.00063192
3513,6.6,0.0,4.923077,0.034427255,-0.04382371,-0.00041750827
3514,6.6,0.5714286,4.923077,0.021359092,-0.049607947,-0.00032595303
3515,6.6,1.1428572,4.923077,0.011984653,-0.046479084,-0.00024633677
3516,6.6,1.7142857,4.923077,0.0031478493,-0.04832693,-0.00017532786
3517,6.6,2.2857144,4.923077,-0.0043458347,-0.048948783,-0.000114877555
3518,6.6,2.857143,4.923077,-0.013683702,-0.04805896,-3.007102e-05
3519,6.6,3.4285715,4.923077,-0.022368418,-0.04998985,-6.567802e-06
3520,6.6,4.0,4.923077,-0.03474516,-0.047668424,1.949618e-05
3521,6.6,0.0,4.3076925,0.034418017,-0.04372699,-0.00045707944
3522,6.6,0.5714286,4.3076925,0.021316454,-0.049532026,-0.00041192918
3523,6.6,1.1428572,4.3076925,0.011929289,-0.046391558,-0.0003853586
3524,6.6,1.7142857,4.3076925,0.0031256804,-0.048243925,-0.00036071084
3525,6.6,2.2857144,4.3076925,-0.004382755,-0.048855163,-0.00033631464
3526,6.6,2.857143,4.3076925,-0.013695161,-0.047975197,-0.00032662076
3527,6.6,3.4285715,4.3076925,-0.022381354,-0.049896013,-0.00024903435
3528,6.6,4.0,4.3076925,-0.034747414,-0.04759501,-0.00014768782
3529,6.6,0.0,3.6923077,0.034402814,-0.04372712,-0.0004497995
3530,6.6,0.5714286,3.6923077,0.021301474,-0.049531948,-0.000493496
3531,6.6,1.1428572,3.6923077,0.01191436,-0.046391655,-0.00052036333
3532,6.6,1.7142857,3.6923077,0.0031106602,-0.04824382,-0.00054376316
3533,6.6,2.2857144,3.6923077,-0.004397706,-0.048855215,-0.0005684155
3534,6.6,2.857143,3.6923077,-0.013710192,-0.04797512,-0.00057689555
3535,6.6,3.4285715,3.6923077,-0.022396328,-0.049896028,-0.00065464695
3536,6.6,4.0,3.6923077,-0.03476243,-0.047594983,-0.0007546706
3537,6.6,0.0,3.0769231,0.03438279,-0.04382465,-0.000489038
3538,6.6,0.5714286,3.0769231,0.021314086,-0.04960704,-0.00057976134
3539,6.6,1.1428572,3.0769231,0.011939877,-0.046479724,-0.0006591102
3540,6.6,1.7142857,3.0769231,0.0031027708,-0.04832645,-0.0007293967
3541,6.6,2.2857144,3.0769231,-0.00439067,-0.048949003,-0.0007896196
3542,6.6,2.857143,3.0769231,-0.013728815,-0.048058707,-0.00087367423
3543,6.6,3.4285715,3.0769231,-0.022413328,-0.049989857,-0.00089689775
3544,6.6,4.0,3.0769231,-0.034790404,-0.047668286,-0.0009221007
3545,6.6,0.0,2.4615386,0.034646437,-0.043930113,-0.0005365366
3546,6.6,0.5714286,2.4615386,0.021387858,-0.049769115,-0.0006815791
3547,6.6,1.1428572,2.4615386,0.011962486,-0.046645768,-0.0008079687
3548,6.6,1.7142857,2.4615386,0.0031344488,-0.048487432,-0.0009205017
3549,6.6,2.2857144,2.4615386,-0.0043832404,-0.049130566,-0.001025782
3550,6.6,2.857143,2.4615386,-0.013727536,-0.04821718,-0.0011079578
3551,6.6,3.4285715,2.4615386,-0.02242779,-0.0501679,-0.0012827921
3552,6.6,4.0,2.4615386,-0.034874003,-0.047824897,-0.0015346236
3553,6.6,0.0,1.8461539,0.034589827,-0.044224788,-0.0005534362
3554,6.6,0.5714286,1.8461539,0.02141743,-0.049953297,-0.0008126911
3555,6.6,1.1428572,1.8461539,0.012069558,-0.046906218,-0.00097227725
3556,6.6,1.7142857,1.8461539,0.0031300602,-0.048692685,-0.0011177732
3557,6.6,2.2857144,1.8461539,-0.004311967,-0.04939535,-0.0012359922
3558,6.6,2.857143,1.8461539,-0.01373742,-0.048423033,-0.0014011185
3559,6.6,3.4285715,1.8461539,-0.022409188,-0.050429597,-0.0014908888
3560,6.6,4.0,1.8461539,-0.034910385,-0.04800376,-0.0015586963
3561,6.6,0.0,1.2307693,0.035063118,-0.044399876,-0.0008215834
3562,6.6,0.5714286,1.2307693,0.02156303,-0.050263926,-0.00091599557
3563,6.6,1.1428572,1.2307693,0.012043049,-0.04714034,-0.0011332824
3564,6.6,1.7142857,1.2307693,0.003217463,-0.04898678,-0.001324997
3565,6.6,2.2857144,1.2307693,-0.004296122,-0.049657587,-0.0014804993
3566,6.6,2.857143,1.2307693,-0.013642717,-0.04870924,-0.0015996592
3567,6.6,3.4285715,1.2307693,-0.022391293,-0.050676294,-0.0018085288
3568,6.6,4.0,1.2307693,-0.034961198,-0.048282135,-0.002210965
3569,6.6,0.0,0.61538464,0.034737676,-0.04465943,-0.00033596333
3570,6.6,0.5714286,0.61538464,0.021530883,-0.050477415,-0.0009780717
3571,6.6,1.1428572,0.61538464,0.012007888,-0.047341768,-0.0012959249
3572,6.6,1.7142857,0.61538464,0.0032623808,-0.04934467,-0.0015112096
3573,6.6,2.2857144,0.61538464,-0.004276385,-0.049835898,-0.0016827595
3574,6.6,2.857143,0.61538464,-0.013472609,-0.04908403,-0.0018594217
3575,6.6,3.4285715,0.61538464,-0.02233029,-0.050827432,-0.0020284373
3576,6.6,4.0,0.61538464,-0.03482692,-0.04862427,-0.0019338956
3577,6.6,0.0,0.0,0.034112316,-0.045709707,-0.00034500612
3578,6.6,0.5714286,0.0,0.020706737,-0.05079901,-0.0005794934
3579,6.6,1.1428572,0.0,0.011254352,-0.047766518,-0.001384203
3580,6.6,1.7142857,0.0,0.002958379,-0.049603187,-0.0016985848
3581,6.6,2.2857144,0.0,-0.00449803,-0.050029278,-0.001863686
3582,6.6,2.857143,0.0,-0.013365988,-0.049383443,-0.0021261424
3583,6.6,3.4285715,0.0,-0.022146098,-0.050943322,-0.0021448461
3584,6.6,4.0,0.0,-0.034578357,-0.048914056,-0.0028018667
3585,7.2,0.0,8.0,0.034325656,-0.036095403,0.0005372249
3586,7.2,0.5714286,8.0,0.02085969,-0.028815307,0.0020389538
3587,7.2,1.1428572,8.0,0.011664386,-0.03411323,0.0017993309
3588,7.2,1.7142857,8.0,0.0039302455,-0.034033436,0.0013495799
3589,7.2,2.2857144,8.0,-0.005323845,-0.03531036,0.0014042719
3590,7.2,2.857143,8.0,-0.012801043,-0.036408678,0.0010719271
3591,7.2,3.4285715,8.0,-0.023644948,-0.035399057,0.0012218241
3592,7.2,4.0,8.0,-0.033962175,-0.037331026,0.0006678479
3593,7.2,0.0,7.3846154,0.035847057,-0.036332846,0.0018286927
3594,7.2,0.5714286,7.3846154,0.022027051,-0.028561538,0.0012785869
3595,7.2,1.1428572,7.3846154,0.012141918,-0.034323294,0.0012517928
3596,7.2,1.7142857,7.3846154,0.0043053017,-0.03408291,0.0011331384
3597,7.2,2.2857144,7.3846154,-0.0053059463,-0.035295885,0.0009668332
3598,7.2,2.857143,7.3846154,-0.012823157,-0.036487512,0.00095477595
3599,7.2,3.4285715,7.3846154,-0.023924407,-0.035317056,0.00087650685
3600,7.2,4.0,7.3846154,-0.034199182,-0.037422918,0.0011932792
3601,7.2,0.0,6.769231,0.03499565,-0.036456972,0.00065924576
3602,7.2,0.5714286,6.769231,0.021829741,-0.028559186,0.0008672732
3603,7.2,1.1428572,6.769231,0.012043255,-0.03408962,0.00081106334
3604,7.2,1.7142857,6.769231,0.004280718,-0.034006704,0.0007405224
3605,7.2,2.2857144,6.769231,-0.0054569743,-0.035092894,0.000707009
3606,7.2,2.857143,6.769231,-0.012906996,-0.036422484,0.0006872088
3607,7.2,3.4285715,6.769231,-0.024136385,-0.035121582,0.00069763896
3608,7.2,4.0,6.769231,-0.03415793,-0.037384767,0.00059464114
3609,7.2,0.0,6.1538463,0.035153363,-0.036198813,0.00031915255
3610,7.2,0.5714286,6.1538463,0.02183439,-0.028354358,0.00038257203
3611,7.2,1.1428572,6.1538463,0.011947899,-0.033901285,0.00043007004
3612,7.2,1.7142857,6.1538463,0.0042531937,-0.033815544,0.00043014763
3613,7.2,2.2857144,6.1538463,-0.005569997,-0.034874845,0.00043226784
3614,7.2,2.857143,6.1538463,-0.012970728,-0.03626632,0.00042280048
3615,7.2,3.4285715,6.1538463,-0.024218177,-0.034906853,0.00051683735
3616,7.2,4.0,6.1538463,-0.034189247,-0.037265997,0.0007637728
3617,7.2,0.0,5.5384617,0.03479384,-0.036188304,2.2805165e-05
3618,7.2,0.5714286,5.5384617,0.02167631,-0.028222015,7.355764e-05
3619,7.2,1.1428572,5.5384617,0.011891734,-0.033731688,0.00012397135
3620,7.2,1.7142857,5.5384617,0.004150418,-0.03361734,0.00014346135
3621,7.2,2.2857144,5.5384617,-0.005606159,-0.03471592,0.00015803748
3622,7.2,2.857143,5.5384617,-0.013048912,-0.036051866,0.00019890857
3623,7.2,3.4285715,5.5384617,-0.024235675,-0.03477624,0.00020347089
3624,7.2,4.0,5.5384617,-0.03416684,-0.037058324,0.00020672461
3625,7.2,0.0,4.923077,0.034788307,-0.036048133,-0.0002562947
3626,7.2,0.5714286,4.923077,0.02160387,-0.02810559,-0.00016568124
3627,7.2,1.1428572,4.923077,0.01182888,-0.03362973,-0.00013752528
3628,7.2,1.7142857,4.923077,0.0041013393,-0.03347036,-0.00011185317
3629,7.2,2.2857144,4.923077,-0.005648442,-0.034588978,-9.149931e-05
3630,7.2,2.857143,4.923077,-0.013083965,-0.035909273,-8.449472e-05
3631,7.2,3.4285715,4.923077,-0.02424024,-0.03464536,3.0489448e-06
3632,7.2,4.0,4.923077,-0.034178182,-0.036938626,0.00015320198
3633,7.2,0.0,4.3076925,0.034666743,-0.036026835,-0.00035385747
3634,7.2,0.5714286,4.3076925,0.021544395,-0.02805788,-0.0003785398
3635,7.2,1.1428572,4.3076925,0.011794747,-0.03356271,-0.00035677996
3636,7.2,1.7142857,4.3076925,0.0040599992,-0.033401433,-0.00035210667
3637,7.2,2.2857144,4.3076925,-0.0056688017,-0.034520265,-0.00034479972
3638,7.2,2.857143,4.3076925,-0.013110922,-0.035830062,-0.00032467715
3639,7.2,3.4285715,4.3076925,-0.024248186,-0.034584314,-0.00035704783
3640,7.2,4.0,4.3076925,-0.034169458,-0.036859017,-0.0004042383
3641,7.2,0.0,3.6923077,0.03465203,-0.036026847,-0.0005816147
3642,7.2,0.5714286,3.6923077,0.021529458,-0.028057933,-0.00055699004
3643,7.2,1.1428572,3.6923077,0.011779755,-0.033562627,-0.00057750696
3644,7.2,1.7142857,3.6923077,0.004045023,-0.033401452,-0.0005822802
3645,7.2,2.2857144,3.6923077,-0.005683802,-0.03452016,-0.00058841705
3646,7.2,2.857143,3.6923077,-0.01312591,-0.035830054,-0.00060863607
3647,7.2,3.4285715,3.6923077,-0.02426321,-0.03458422,-0.00057506026
3648,7.2,4.0,3.6923077,-0.03418452,-0.036858965,-0.0005278417
3649,7.2,0.0,3.0769231,0.034743086,-0.036046866,-0.00067945715
3650,7.2,0.5714286,3.0769231,0.021559153,-0.028106824,-0.0007695642
3651,7.2,1.1428572,3.0769231,0.011783808,-0.033628896,-0.0007970052
3652,7.2,1.7142857,3.0769231,0.0040564886,-0.03347073,-0.00082229835
3653,7.2,2.2857144,3.0769231,-0.0056934943,-0.034588505,-0.00084194634
3654,7.2,2.857143,3.0769231,-0.013128903,-0.035909317,-0.00084860827
3655,7.2,3.4285715,3.0769231,-0.024285322,-0.034645118,-0.00093537034
3656,7.2,4.0,3.0769231,-0.0342232,-0.03693847,-0.0010850584
3657,7.2,0.0,2.4615386,0.034719363,-0.036187198,-0.00095854927
3658,7.2,0.5714286,2.4615386,0.02160159,-0.028223105,-0.0010087809
3659,7.2,1.1428572,2.4615386,0.011816759,-0.033730835,-0.0010585001
3660,7.2,1.7142857,2.4615386,0.004075542,-0.033617638,-0.0010776006
3661,7.2,2.2857144,2.4615386,-0.0056811506,-0.034715332,-0.0010915236
3662,7.2,2.857143,2.4615386,-0.013123887,-0.03605183,-0.0011319829
3663,7.2,3.4285715,2.4615386,-0.024310745,-0.034775876,-0.0011358466
3664,7.2,4.0,2.4615386,-0.034242027,-0.037058055,-0.0011385831
3665,7.2,0.0,1.8461539,0.035048224,-0.036196824,-0.0012548628
3666,7.2,0.5714286,1.8461539,0.021729922,-0.02835658,-0.0013176518
3667,7.2,1.1428572,1.8461539,0.01184281,-0.033899628,-0.0013647447
3668,7.2,1.7142857,1.8461539,0.004148444,-0.033816274,-0.0013641658
3669,7.2,2.2857144,1.8461539,-0.0056750462,-0.03487386,-0.0013658954
3670,7.2,2.857143,1.8461539,-0.013075635,-0.036266398,-0.0013557806
3671,7.2,3.4285715,1.8461539,-0.02432331,-0.034906328,-0.0014493127
3672,7.2,4.0,1.8461539,-0.034294352,-0.03726564,-0.0016954982
3673,7.2,0.0,1.2307693,0.034861192,-0.036453724,-0.0015949095
3674,7.2,0.5714286,1.2307693,0.021695524,-0.02856212,-0.0018024503
3675,7.2,1.1428572,1.2307693,0.011907934,-0.03408761,-0.0017455274
3676,7.2,1.7142857,1.2307693,0.0041462514,-0.03400769,-0.0016747995
3677,7.2,2.2857144,1.2307693,-0.0055922447,-0.03509164,-0.0016404346
3678,7.2,2.857143,1.2307693,-0.013041669,-0.036422662,-0.0016203783
3679,7.2,3.4285715,1.2307693,-0.024271732,-0.03512081,-0.0016299629
3680,7.2,4.0,1.2307693,-0.034292955,-0.037384413,-0.0015266015
3681,7.2,0.0,0.61538464,0.035681568,-0.036331005,-0.002763397
3682,7.2,0.5714286,0.61538464,0.021862987,-0.02856519,-0.0022135864
3683,7.2,1.1428572,0.61538464,0.011976613,-0.034320865,-0.0021865242
3684,7.2,1.7142857,0.61538464,0.00414085,-0.034084406,-0.0020670807
3685,7.2,2.2857144,0.61538464,-0.005471207,-0.035294183,-0.0019005287
3686,7.2,2.857143,0.61538464,-0.012987771,-0.03648787,-0.0018876973
3687,7.2,3.4285715,0.61538464,-0.02408976,-0.035316072,-0.0018090721
3688,7.2,4.0,0.61538464,-0.034364086,-0.037422523,-0.0021249468
3689,7.2,0.0,0.0,0.034130383,-0.036089074,-0.0014725984
3690,7.2,0.5714286,0.0,0.020666366,-0.02882164,-0.0029730713
3691,7.2,1.1428572,0.0,0.011468367,-0.034110025,-0.0027338765
3692,7.2,1.7142857,0.0,0.0037362555,-0.03403523,-0.0022836276
3693,7.2,2.2857144,0.0,-0.0055194595,-0.03530848,-0.0023376818
3694,7.2,2.857143,0.0,-0.012995306,-0.03640895,-0.0020050972
3695,7.2,3.4285715,0.0,-0.02384049,-0.03539803,-0.0021541473
3696,7.2,4.0,0.0,-0.034156825,-0.03733031,-0.0015998281
3697,7.8,0.0,8.0,0.035124067,-0.0028317205,0.006658779
3698,7.8,0.5714286,8.0,0.020701066,-0.017268019,0.0037730339
3699,7.8,1.1428572,8.0,0.014024586,-0.017126625,0.0023643791
3700,7.8,1.7142857,8.0,0.0026258705,-0.021060335,0.0020883852
3701,7.8,2.2857144,8.0,-0.0036455565,-0.02178706,0.0012844034
3702,7.8,2.857143,8.0,-0.014878563,-0.022284744,0.0012756462
3703,7.8,3.4285715,8.0,-0.02247889,-0.023505013,0.00068216515
3704,7.8,4.0,8.0,-0.035866503,-0.022067286,0.0009226019
3705,7.8,0.0,7.3846154,0.035844233,-0.0025944237,0.0023503636
3706,7.8,0.5714286,7.3846154,0.021149373,-0.018376831,0.0025649532
3707,7.8,1.1428572,7.3846154,0.014252259,-0.017403776,0.0018705641
3708,7.8,1.7142857,7.3846154,0.002677949,-0.021393482,0.0013236593
3709,7.8,2.2857144,7.3846154,-0.003636287,-0.022042908,0.0011603724
3710,7.8,2.857143,7.3846154,-0.015056161,-0.022386134,0.00080315385
3711,7.8,3.4285715,7.3846154,-0.022662178,-0.02376075,0.0007455877
3712,7.8,4.0,7.3846154,-0.036141124,-0.022127885,0.00033922825
3713,7.8,0.0,6.769231,0.035560492,-0.0025842246,0.0015035564
3714,7.8,0.5714286,6.769231,0.02092778,-0.017862393,0.0013300407
3715,7.8,1.1428572,6.769231,0.014338768,-0.017442089,0.0011898531
3716,7.8,1.7142857,6.769231,0.002525653,-0.02129663,0.00096381153
3717,7.8,2.2857144,6.769231,-0.0036471123,-0.022049665,0.0007318269
3718,7.8,2.857143,6.769231,-0.015262972,-0.022321984,0.00063161156
3719,7.8,3.4285715,6.769231,-0.022721881,-0.023760602,0.0005270465
3720,7.8,4.0,6.769231,-0.036293577,-0.022103965,0.00074287894
3721,7.8,0.0,6.1538463,0.0356192,-0.002587323,0.0007426806
3722,7.8,0.5714286,6.1538463,0.02089179,-0.017965158,0.0007382341
3723,7.8,1.1428572,6.1538463,0.014270348,-0.017199645,0.0006492986
3724,7.8,1.7142857,6.1538463,0.0024588169,-0.021159314,0.0005654201
3725,7.8,2.2857144,6.1538463,-0.003716816,-0.021954386,0.00044658716
3726,7.8,2.857143,6.1538463,-0.015364635,-0.022157623,0.00038772644
3727,7.8,3.4285715,6.1538463,-0.022782117,-0.023724623,0.00032171517
3728,7.8,4.0,6.1538463,-0.036328565,-0.021933276,0.00024216707
3729,7.8,0.0,5.5384617,0.03535931,-0.0025686352,0.00022064545
3730,7.8,0.5714286,5.5384617,0.020788148,-0.017780539,0.0002676241
3731,7.8,1.1428572,5.5384617,0.014197396,-0.017152261,0.00026136392
3732,7.8,1.7142857,5.5384617,0.0024025294,-0.021006862,0.00020421008
3733,7.8,2.2857144,5.5384617,-0.0037918943,-0.021795,0.00018250813
3734,7.8,2.857143,5.5384617,-0.015403428,-0.02207105,0.0001152251
3735,7.8,3.4285715,5.5384617,-0.02283124,-0.023541413,0.00017369968
3736,7.8,4.0,5.5384617,-0.03632054,-0.021902937,0.0003188249
3737,7.8,0.0,4.923077,0.035312198,-0.0025731074,-4.4571894e-05
3738,7.8,0.5714286,4.923077,0.020740144,-0.017795328,-7.178904e-05
3739,7.8,1.1428572,4.923077,0.014122521,-0.017005054,-7.511728e-05
3740,7.8,1.7142857,4.923077,0.0023682804,-0.02094383,-6.701752e-05
3741,7.8,2.2857144,4.923077,-0.0038426993,-0.021675535,-0.00011657361
3742,7.8,2.857143,4.923077,-0.015429132,-0.021964356,-8.453552e-05
3743,7.8,3.4285715,4.923077,-0.02285851,-0.023457464,-0.0001507561
3744,7.8,4.0,4.923077,-0.036299046,-0.021784127,-0.00016022666
3745,7.8,0.0,4.3076925,0.035217173,-0.0025655131,-0.00039794555
3746,7.8,0.5714286,4.3076925,0.020691926,-0.017734492,-0.0003484284
3747,7.8,1.1428572,4.3076925,0.014084962,-0.016987588,-0.0003422067
3748,7.8,1.7142857,4.3076925,0.0023387142,-0.020878388,-0.00036450426
3749,7.8,2.2857144,4.3076925,-0.0038737748,-0.021619868,-0.0003368656
3750,7.8,2.857143,4.3076925,-0.015446178,-0.021916673,-0.0003835429
3751,7.8,3.4285715,4.3076925,-0.022875156,-0.02338567,-0.0003018609
3752,7.8,4.0,4.3076925,-0.036298726,-0.021757994,-0.00024264502
3753,7.8,0.0,3.6923077,0.035202198,-0.0025660202,-0.0005675467
3754,7.8,0.5714286,3.6923077,0.020676868,-0.017734079,-0.0006157445
3755,7.8,1.1428572,3.6923077,0.014070017,-0.016987901,-0.00062194734
3756,7.8,1.7142857,3.6923077,0.002323708,-0.020877955,-0.0005984354
3757,7.8,2.2857144,3.6923077,-0.0038887602,-0.021620035,-0.00062613137
3758,7.8,2.857143,3.6923077,-0.01546118,-0.021916423,-0.0005782849
3759,7.8,3.4285715,3.6923077,-0.022890167,-0.023385685,-0.00065992825
3760,7.8,4.0,3.6923077,-0.036313724,-0.021757886,-0.0007178897
3761,7.8,0.0,3.0769231,0.035267483,-0.0025749535,-0.00092072564
3762,7.8,0.5714286,3.0769231,0.020695265,-0.017794238,-0.0008925885
3763,7.8,1.1428572,3.0769231,0.014077506,-0.017005242,-0.0008887697
3764,7.8,1.7142857,3.0769231,0.0023233905,-0.020943318,-0.0008961712
3765,7.8,2.2857144,3.0769231,-0.0038877586,-0.021675432,-0.000846216
3766,7.8,2.857143,3.0769231,-0.015474054,-0.021964006,-0.0008774809
3767,7.8,3.4285715,3.0769231,-0.022903634,-0.023457251,-0.0008108779
3768,7.8,4.0,3.0769231,-0.03634409,-0.021783931,-0.0008004833
3769,7.8,0.0,2.4615386,0.035284594,-0.002571196,-0.0011859337
3770,7.8,0.5714286,2.4615386,0.020713147,-0.01777855,-0.0012318804
3771,7.8,1.1428572,2.4615386,0.014122467,-0.017152986,-0.0012253814
3772,7.8,1.7142857,2.4615386,0.00232765,-0.0210056,-0.0011673182
3773,7.8,2.2857144,2.4615386,-0.0038669577,-0.021795118,-0.0011453358
3774,7.8,2.857143,2.4615386,-0.015478321,-0.022070318,-0.0010772945
3775,7.8,3.4285715,2.4615386,-0.022906417,-0.023541162,-0.0011352669
3776,7.8,4.0,2.4615386,-0.03639555,-0.0219026,-0.0012796115
3777,7.8,0.0,1.8461539,0.03551476,-0.002590202,-0.0017079053
3778,7.8,0.5714286,1.8461539,0.020786988,-0.017962862,-0.0017027536
3779,7.8,1.1428572,1.8461539,0.014165335,-0.017200151,-0.0016130039
3780,7.8,1.7142857,1.8461539,0.0023540321,-0.021157885,-0.0015287949
3781,7.8,2.2857144,1.8461539,-0.0038219276,-0.021954406,-0.0014093355
3782,7.8,2.857143,1.8461539,-0.015469471,-0.022156706,-0.0013498357
3783,7.8,3.4285715,1.8461539,-0.022887366,-0.023724245,-0.0012833192
3784,7.8,4.0,1.8461539,-0.03643363,-0.021932777,-0.0012029655
3785,7.8,0.0,1.2307693,0.035426315,-0.0025907531,-0.0024684079
3786,7.8,0.5714286,1.2307693,0.020792505,-0.017857842,-0.0022942894
3787,7.8,1.1428572,1.2307693,0.01420403,-0.017443694,-0.002153957
3788,7.8,1.7142857,1.2307693,0.0023907016,-0.021294432,-0.0019270856
3789,7.8,2.2857144,1.2307693,-0.0037820754,-0.022050014,-0.0016946255
3790,7.8,2.857143,1.2307693,-0.015397907,-0.022320649,-0.0015937788
3791,7.8,3.4285715,1.2307693,-0.022857027,-0.02376026,-0.0014885813
3792,7.8,4.0,1.2307693,-0.03642871,-0.022103362,-0.001703734
3793,7.8,0.0,0.61538464,0.035680514,-0.0025977318,-0.0033160166
3794,7.8,0.5714286,0.61538464,0.020984253,-0.01837373,-0.0035291712
3795,7.8,1.1428572,0.61538464,0.014087532,-0.017405396,-0.002834811
3796,7.8,1.7142857,0.61538464,0.002512988,-0.02139103,-0.0022868325
3797,7.8,2.2857144,0.61538464,-0.0038012045,-0.022043353,-0.002123303
3798,7.8,2.857143,0.61538464,-0.015221088,-0.022384502,-0.0017651932
3799,7.8,3.4285715,0.61538464,-0.022827288,-0.02376038,-0.0017072872
3800,7.8,4.0,0.61538464,-0.03630632,-0.022127006,-0.0012999715
3801,7.8,0.0,0.0,0.03492969,-0.0028485116,-0.0076187993
3802,7.8,0.5714286,0.0,0.020505557,-0.017261596,-0.004739054
3803,7.8,1.1428572,0.0,0.013829669,-0.017129753,-0.0033275518
3804,7.8,1.7142857,0.0,0.0024309412,-0.021057073,-0.0030520612
3805,7.8,2.2857144,0.0,-0.0038405485,-0.021787701,-0.0022469833
3806,7.8,2.857143,0.0,-0.01507337,-0.022282837,-0.002237952
3807,7.8,3.4285715,0.0,-0.02267397,-0.023504462,-0.0016436179
3808,7.8,4.0,0.0,-0.036061484,-0.022066623,-0.0018836524
3809,8.4,0.0,8.0,0.031270586,-0.004978912,0.0036097637
3810,8.4,0.5714286,8.0,0.026198661,-0.0008115935,0.0036340994
3811,8.4,1.1428572,8.0,0.011473357,-0.007847772,0.0024545067
3812,8.4,1.7142857,8.0,0.0061047813,-0.007517069,0.0017616398
3813,8.4,2.2857144,8.0,-0.0063867816,-0.009727662,0.0013799887
3814,8.4,2.857143,8.0,-0.012455621,-0.010378275,0.0008553142
3815,8.4,3.4285715,8.0,-0.025434673,-0.010058118,0.0006521749
3816,8.4,4.0,8.0,-0.033292547,-0.011558782,3.9434812e-07
3817,8.4,0.0,7.3846154,0.030097831,-0.0057476577,0.0030207632
3818,8.4,0.5714286,7.3846154,0.0256652,-0.0011966794,0.0022831596
3819,8.4,1.1428572,7.3846154,0.011259527,-0.00842274,0.0018082906
3820,8.4,1.7142857,7.3846154,0.005944703,-0.007843195,0.0013539242
3821,8.4,2.2857144,7.3846154,-0.0066088326,-0.01001744,0.0009784062
3822,8.4,2.857143,7.3846154,-0.012606672,-0.010653969,0.0007063145
3823,8.4,3.4285715,7.3846154,-0.02570529,-0.010264171,0.00047034933
3824,8.4,4.0,7.3846154,-0.033441033,-0.011815069,0.00049508846
3825,8.4,0.0,6.769231,0.030770747,-0.005988873,0.0014092829
3826,8.4,0.5714286,6.769231,0.026050633,-0.001095438,0.0014405934
3827,8.4,1.1428572,6.769231,0.01112917,-0.008417611,0.0011991604
3828,8.4,1.7142857,6.769231,0.0060379277,-0.0079154195,0.0009022807
3829,8.4,2.2857144,6.769231,-0.006796357,-0.01001322,0.0006744284
3830,8.4,2.857143,6.769231,-0.012638212,-0.010753196,0.0004926572
3831,8.4,3.4285715,6.769231,-0.025925668,-0.010246081,0.00032093594
3832,8.4,4.0,6.769231,-0.03347685,-0.011973189,0.00013249365
3833,8.4,0.0,6.1538463,0.030199375,-0.0059064906,0.00088868494
3834,8.4,0.5714286,6.1538463,0.025884107,-0.0011512078,0.0007776612
3835,8.4,1.1428572,6.1538463,0.011103181,-0.008295002,0.0006675456
3836,8.4,1.7142857,6.1538463,0.0059507573,-0.007868714,0.0005400096
3837,8.4,2.2857144,6.1538463,-0.0068762433,-0.009930313,0.0003911031
3838,8.4,2.857143,6.1538463,-0.012719726,-0.010722618,0.0002562953
3839,8.4,3.4285715,6.1538463,-0.0260098,-0.0101839295,0.00023169734
3840,8.4,4.0,6.1538463,-0.033499792,-0.011951708,0.00033269043
3841,8.4,0.0,5.5384617,0.030422581,-0.006012052,0.00033392673
3842,8.4,0.5714286,5.5384617,0.025853768,-0.0010686457,0.00031297005
3843,8.4,1.1428572,5.5384617,0.011033082,-0.008262628,0.0002804905
3844,8.4,1.7142857,5.5384617,0.005903261,-0.007755934,0.00018891889
3845,8.4,2.2857144,5.5384617,-0.006927945,-0.009863053,0.00012305583
3846,8.4,2.857143,5.5384617,-0.012783464,-0.010619227,6.2922954e-05
3847,8.4,3.4285715,5.5384617,-0.026041443,-0.010130762,-1.1660273e-05
3848,8.4,4.0,5.5384617,-0.03352594,-0.011878776,-7.2892515e-05
3849,8.4,0.0,4.923077,0.03017891,-0.0059609488,-4.428558e-05
3850,8.4,0.5714286,4.923077,0.025749587,-0.0010628169,-3.724409e-05
3851,8.4,1.1428572,4.923077,0.011011725,-0.008201942,-7.193365e-05
3852,8.4,1.7142857,4.923077,0.0058358195,-0.0076881736,-8.8532004e-05
3853,8.4,2.2857144,4.923077,-0.0069528054,-0.009796831,-0.00013717578
3854,8.4,2.857143,4.923077,-0.012829099,-0.010538914,-0.00017008746
3855,8.4,3.4285715,4.923077,-0.026052225,-0.010072026,-0.00014364597
3856,8.4,4.0,4.923077,-0.033533096,-0.011805152,-4.315047e-05
3857,8.4,0.0,4.3076925,0.030218052,-0.0059799147,-0.00033723188
3858,8.4,0.5714286,4.3076925,0.025715144,-0.0010379984,-0.0003599092
3859,8.4,1.1428572,4.3076925,0.010974767,-0.00817998,-0.000347294
3860,8.4,1.7142857,4.3076925,0.005808042,-0.0076469565,-0.0003740605
3861,8.4,2.2857144,4.3076925,-0.0069770482,-0.009760519,-0.00037049362
3862,8.4,2.857143,4.3076925,-0.012854438,-0.010494774,-0.00038191042
3863,8.4,3.4285715,4.3076925,-0.02606433,-0.010037231,-0.0004180633
3864,8.4,4.0,4.3076925,-0.033541087,-0.011769099,-0.00048312228
3865,8.4,0.0,3.6923077,0.030203106,-0.0059791366,-0.000656925
3866,8.4,0.5714286,3.6923077,0.025700156,-0.0010379176,-0.0006340888
3867,8.4,1.1428572,3.6923077,0.01095983,-0.0081797615,-0.0006454646
3868,8.4,1.7142857,3.6923077,0.0057930043,-0.0076468703,-0.0006186584
3869,8.4,2.2857144,3.6923077,-0.0069919894,-0.009760352,-0.00062108785
3870,8.4,2.857143,3.6923077,-0.012869494,-0.010494694,-0.00060960284
3871,8.4,3.4285715,3.6923077,-0.026079293,-0.010037085,-0.00057227287
3872,8.4,4.0,3.6923077,-0.033556193,-0.011768977,-0.0005070364
3873,8.4,0.0,3.0769231,0.030134507,-0.005957975,-0.000950054
3874,8.4,0.5714286,3.0769231,0.025704287,-0.0010635183,-0.00095659046
3875,8.4,1.1428572,3.0769231,0.0109670665,-0.008200609,-0.0009209545
3876,8.4,1.7142857,3.0769231,0.0057906075,-0.007688354,-0.0009040693
3877,8.4,2.2857144,3.0769231,-0.006997556,-0.009796075,-0.00085453485
3878,8.4,2.857143,3.0769231,-0.012874324,-0.010538795,-0.0008213093
3879,8.4,3.4285715,3.0769231,-0.026097042,-0.010071602,-0.0008468233
3880,8.4,4.0,3.0769231,-0.033578396,-0.011804783,-0.0009468697
3881,8.4,0.0,2.4615386,0.03034816,-0.0060076765,-0.0013282961
3882,8.4,0.5714286,2.4615386,0.025778554,-0.0010688322,-0.0013067613
3883,8.4,1.1428572,2.4615386,0.010958512,-0.008261052,-0.001273435
3884,8.4,1.7142857,2.4615386,0.00582798,-0.0077558053,-0.0011814723
3885,8.4,2.2857144,2.4615386,-0.007002578,-0.009862055,-0.0011148456
3886,8.4,2.857143,2.4615386,-0.012858804,-0.01061891,-0.0010542867
3887,8.4,3.4285715,2.4615386,-0.026116177,-0.010130089,-0.0009788647
3888,8.4,4.0,2.4615386,-0.033601448,-0.011878187,-0.0009171368
3889,8.4,0.0,1.8461539,0.030095626,-0.005900011,-0.001883082
3890,8.4,0.5714286,1.8461539,0.025778536,-0.0011522751,-0.001771397
3891,8.4,1.1428572,1.8461539,0.010998876,-0.008292117,-0.0016605549
3892,8.4,1.7142857,1.8461539,0.0058453213,-0.007868958,-0.001532569
3893,8.4,2.2857144,1.8461539,-0.006980718,-0.009928723,-0.0013829973
3894,8.4,2.857143,1.8461539,-0.0128251985,-0.010722311,-0.0012475983
3895,8.4,3.4285715,1.8461539,-0.026114408,-0.010182994,-0.0012223191
3896,8.4,4.0,1.8461539,-0.033605456,-0.011950862,-0.0013226098
3897,8.4,0.0,1.2307693,0.030636733,-0.005979325,-0.0024038388
3898,8.4,0.5714286,1.2307693,0.025915211,-0.0010963242,-0.0024342926
3899,8.4,1.1428572,1.2307693,0.010994893,-0.008414298,-0.002192276
3900,8.4,1.7142857,1.2307693,0.0059024296,-0.007915717,-0.0018950383
3901,8.4,2.2857144,1.2307693,-0.006930735,-0.010011234,-0.0016661903
3902,8.4,2.857143,1.2307693,-0.012773755,-0.010752882,-0.0014841489
3903,8.4,3.4285715,1.2307693,-0.026060209,-0.010244799,-0.0013114151
3904,8.4,4.0,1.2307693,-0.033612646,-0.011972225,-0.0011226323
3905,8.4,0.0,0.61538464,0.029934708,-0.0057369396,-0.004014544
3906,8.4,0.5714286,0.61538464,0.02549952,-0.001198825,-0.0032773884
3907,8.4,1.1428572,0.61538464,0.011095255,-0.008418578,-0.0028017259
3908,8.4,1.7142857,0.61538464,0.0057792417,-0.007843905,-0.002346416
3909,8.4,2.2857144,0.61538464,-0.0067732073,-0.010014889,-0.0019705135
3910,8.4,2.857143,0.61538464,-0.0127721885,-0.01065371,-0.0016975353
3911,8.4,3.4285715,0.61538464,-0.025869768,-0.010262625,-0.0014611045
3912,8.4,4.0,0.61538464,-0.033606842,-0.011813853,-0.0014849494
3913,8.4,0.0,0.0,0.03107731,-0.0049658273,-0.0046055387
3914,8.4,0.5714286,0.0,0.026001988,-0.0008151832,-0.00462867
3915,8.4,1.1428572,0.0,0.011279714,-0.007842634,-0.0034475834
3916,8.4,1.7142857,0.0,0.0059086652,-0.0075179683,-0.002754639
3917,8.4,2.2857144,0.0,-0.006580632,-0.009724704,-0.0023716886
3918,8.4,2.857143,0.0,-0.0126515245,-0.0103779165,-0.0018469521
3919,8.4,3.4285715,0.0,-0.025628688,-0.01005633,-0.0016425936
3920,8.4,4.0,0.0,-0.033488654,-0.011557276,-0.0009905553
3921,9.0,0.0,8.0,0.034546483,0.0061741197,0.0013325127
3922,9.0,0.5714286,8.0,0.022400701,0.0017643459,0.0015100978
3923,9.0,1.1428572,8.0,0.016056119,0.0050782184,0.0017043767
3924,9.0,1.7142857,8.0,0.0027126507,0.001600267,0.0012631483
3925,9.0,2.2857144,8.0,-0.0028692335,0.0020557267,0.00093088194
3926,9.0,2.857143,8.0,-0.015967844,0.0012233603,0.0006396672
3927,9.0,3.4285715,8.0,-0.022426285,0.00056664273,0.00026696236
3928,9.0,4.0,8.0,-0.036325537,0.0013738463,0.000240863
3929,9.0,0.0,7.3846154,0.034050237,0.0066612707,0.0015021113
3930,9.0,0.5714286,7.3846154,0.021616127,0.0014914158,0.0014656264
3931,9.0,1.1428572,7.3846154,0.01562091,0.0049076257,0.0012727825
3932,9.0,1.7142857,7.3846154,0.002317637,0.0012779217,0.00098701
3933,9.0,2.2857144,7.3846154,-0.0030910722,0.0018106839,0.000706244
3934,9.0,2.857143,7.3846154,-0.016275445,0.0009843027,0.00046364675
3935,9.0,3.4285715,7.3846154,-0.022585351,0.00031226655,0.00021292885
3936,9.0,4.0,7.3846154,-0.03661799,0.0011334148,-0.00011995985
3937,9.0,0.0,6.769231,0.034101676,0.0064244424,0.001276897
3938,9.0,0.5714286,6.769231,0.021596821,0.0011932472,0.0010395108
3939,9.0,1.1428572,6.769231,0.015781322,0.004831559,0.00085582177
3940,9.0,1.7142857,6.769231,0.002143022,0.0012050021,0.0006835778
3941,9.0,2.2857144,6.769231,-0.0030786754,0.0016855977,0.0004756367
3942,9.0,2.857143,6.769231,-0.016495109,0.0009499196,0.00027671567
3943,9.0,3.4285715,6.769231,-0.022627128,0.00015508402,0.00017577018
3944,9.0,4.0,6.769231,-0.036812887,0.0011154437,0.00020086174
3945,9.0,0.0,6.1538463,0.034226853,0.0063385786,0.00058436854
3946,9.0,0.5714286,6.1538463,0.02153637,0.0012833233,0.0006088025
3947,9.0,1.1428572,6.1538463,0.015684795,0.004754222,0.0005089314
3948,9.0,1.7142857,6.1538463,0.0020921272,0.0012449209,0.00036916698
3949,9.0,2.2857144,6.1538463,-0.003165765,0.001666011,0.00023676644
3950,9.0,2.857143,6.1538463,-0.016584784,0.0009699482,0.00013784406
3951,9.0,3.4285715,6.1538463,-0.022706917,0.00013512664,-4.216264e-06
3952,9.0,4.0,6.1538463,-0.036890663,0.0010972212,-0.00011069466
3953,9.0,0.0,5.5384617,0.033994257,0.006358169,0.0002982331
3954,9.0,0.5714286,5.5384617,0.021477839,0.0012248819,0.00023302012
3955,9.0,1.1428572,5.5384617,0.015658747,0.004822581,0.00016631659
3956,9.0,1.7142857,5.5384617,0.0020331605,0.0012512944,0.000103496386
3957,9.0,2.2857144,5.5384617,-0.0032210874,0.0017249184,1.8998979e-05
3958,9.0,2.857143,5.5384617,-0.01663484,0.0009888973,-6.5806904e-05
3959,9.0,3.4285715,5.5384617,-0.022759587,0.00018255686,-6.2895175e-05
3960,9.0,4.0,5.5384617,-0.036895514,0.0011118659,5.124213e-06
3961,9.0,0.0,4.923077,0.034032702,0.006335535,-0.000107069296
3962,9.0,0.5714286,4.923077,0.021443874,0.0012630002,-8.855529e-05
3963,9.0,1.1428572,4.923077,0.015581514,0.0048365532,-0.000113506074
3964,9.0,1.7142857,4.923077,0.0020161285,0.0012883967,-0.00015769454
3965,9.0,2.2857144,4.923077,-0.0032769141,0.0017700192,-0.00019931779
3966,9.0,2.857143,4.923077,-0.016655995,0.0010213362,-0.00022312667
3967,9.0,3.4285715,4.923077,-0.022797745,0.00022828674,-0.0002945423
3968,9.0,4.0,4.923077,-0.03689602,0.0011268862,-0.00034527667
3969,9.0,0.0,4.3076925,0.033933617,0.006347181,-0.00035173667
3970,9.0,0.5714286,4.3076925,0.02140751,0.0012614408,-0.00037236497
3971,9.0,1.1428572,4.3076925,0.015557168,0.004859666,-0.00038655847
3972,9.0,1.7142857,4.3076925,0.0019865057,0.0013047496,-0.00039145286
3973,9.0,2.2857144,4.3076925,-0.0033033013,0.0017970374,-0.00040620854
3974,9.0,2.857143,4.3076925,-0.016676059,0.0010424749,-0.0004274593
3975,9.0,3.4285715,4.3076925,-0.022817923,0.00025421922,-0.0003863976
3976,9.0,4.0,4.3076925,-0.03689705,0.0011451653,-0.00032692112
3977,9.0,0.0,3.6923077,0.03391869,0.0063468977,-0.00067235023
3978,9.0,0.5714286,3.6923077,0.021392662,0.0012619392,-0.00065038464
3979,9.0,1.1428572,3.6923077,0.015542049,0.004859655,-0.00063599355
3980,9.0,1.7142857,3.6923077,0.0019716537,0.0013050701,-0.0006299514
3981,9.0,2.2857144,3.6923077,-0.003318412,0.0017970747,-0.00061506924
3982,9.0,2.857143,3.6923077,-0.01669095,0.0010426949,-0.0005926853
3983,9.0,3.4285715,3.6923077,-0.022833036,0.00025431233,-0.00063355657
3984,9.0,4.0,3.6923077,-0.03691197,0.001145287,-0.00069181004
3985,9.0,0.0,3.0769231,0.033987213,0.006334803,-0.00091693416
3986,9.0,0.5714286,3.0769231,0.021399489,0.0012648753,-0.00093428994
3987,9.0,1.1428572,3.0769231,0.015536174,0.004836343,-0.0009089654
3988,9.0,1.7142857,3.0769231,0.0019715559,0.0012894232,-0.0008637962
3989,9.0,2.2857144,3.0769231,-0.003322254,0.0017701251,-0.00082188885
3990,9.0,2.857143,3.0769231,-0.016700642,0.0010219715,-0.0007971052
3991,9.0,3.4285715,3.0769231,-0.022843143,0.00022860925,-0.0007253389
3992,9.0,4.0,3.0769231,-0.03694077,0.0011272688,-0.00067355915
3993,9.0,0.0,2.4615386,0.033919003,0.0063570677,-0.0013221424
3994,9.0,0.5714286,2.4615386,0.021403717,0.001227492,-0.00125598
3995,9.0,1.1428572,2.4615386,0.015583212,0.0048225652,-0.0011886961
3996,9.0,1.7142857,2.4615386,0.001958839,0.001252822,-0.0011251064
3997,9.0,2.2857144,2.4615386,-0.0032966074,0.0017251791,-0.0010401316
3998,9.0,2.857143,2.4615386,-0.016709311,0.0009898968,-0.00095453317
3999,9.0,3.4285715,2.4615386,-0.022835165,0.0001830867,-0.0009569054
4000,9.0,4.0,2.4615386,-0.036970135,0.0011124738,-0.0010240412
4001,9.0,0.0,1.8461539,0.034120884,0.006337109,-0.0016084219
4002,9.0,0.5714286,1.8461539,0.021432715,0.0012875227,-0.0016316999
4003,9.0,1.1428572,1.8461539,0.0155790225,0.0047538606,-0.0015313991
4004,9.0,1.7142857,1.8461539,0.001988093,0.0012472309,-0.0013907979
4005,9.0,2.2857144,1.8461539,-0.0032715336,0.0016662428,-0.0012579507
4006,9.0,2.857143,1.8461539,-0.016688984,0.00097137515,-0.0011581867
4007,9.0,3.4285715,1.8461539,-0.02281279,0.00013584454,-0.0010156215
4008,9.0,4.0,1.8461539,-0.036995064,0.001098064,-0.0009082573
4009,9.0,0.0,1.2307693,0.033966057,0.0064217034,-0.002300707
4010,9.0,0.5714286,1.2307693,0.021463513,0.0011985824,-0.002062637
4011,9.0,1.1428572,1.2307693,0.0156453,0.0048310566,-0.0018783413
4012,9.0,1.7142857,1.2307693,0.0020092293,0.0012079452,-0.0017052834
4013,9.0,2.2857144,1.2307693,-0.0032146098,0.001685771,-0.0014968661
4014,9.0,2.857143,1.2307693,-0.016629132,0.0009518124,-0.0012970772
4015,9.0,3.4285715,1.2307693,-0.022763139,0.00015588125,-0.0011956224
4016,9.0,4.0,1.2307693,-0.036947165,0.0011165529,-0.0012197916
4017,9.0,0.0,0.61538464,0.03388381,0.0066581317,-0.0025265364
4018,9.0,0.5714286,0.61538464,0.021453064,0.0014981517,-0.0024887866
4019,9.0,1.1428572,0.61538464,0.01545464,0.004906585,-0.0022954242
4020,9.0,1.7142857,0.61538464,0.0021540653,0.0012816043,-0.0020088595
4021,9.0,2.2857144,0.61538464,-0.0032572038,0.0018107562,-0.0017274269
4022,9.0,2.857143,0.61538464,-0.016439214,0.00098663,-0.0014841055
4023,9.0,3.4285715,0.61538464,-0.022751577,0.0003132278,-0.0012327442
4024,9.0,4.0,0.61538464,-0.036782023,0.0011347192,-0.0008990609
4025,9.0,0.0,0.0,0.034350194,0.0061696847,-0.0023567034
4026,9.0,0.5714286,0.0,0.022208164,0.0017724846,-0.0025335818
4027,9.0,1.1428572,0.0,0.01585925,0.0050767087,-0.0027273572
4028,9.0,1.7142857,0.0,0.0025196383,0.0016047229,-0.002284859
4029,9.0,2.2857144,0.0,-0.0030658196,0.0020557342,-0.001952307
4030,9.0,2.857143,0.0,-0.016161116,0.0012261178,-0.0016599989
4031,9.0,3.4285715,0.0,-0.022622827,0.0005677447,-0.0012869175
4032,9.0,4.0,0.0,-0.03651909,0.0013753987,-0.0012597824
4033,9.6,0.0,8.0,0.031179288,0.011139737,0.0008616816
4034,9.6,0.5714286,8.0,0.025582915,0.014846371,0.00079079473
4035,9.6,1.1428572,8.0,0.0124605885,0.0113538345,0.00062304497
4036,9.6,1.7142857,8.0,0.00656759,0.01342144,0.00071059674
4037,9.6,2.2857144,8.0,-0.006610054,0.011703487,0.0004525388
4038,9.6,2.857143,8.0,-0.012490413,0.01193777,0.00026739427
4039,9.6,3.4285715,8.0,-0.02619312,0.011980285,3.642044e-05
4040,9.6,4.0,8.0,-0.03263663,0.0111522395,-0.00046920506
4041,9.6,0.0,7.3846154,0.030635642,0.010818736,0.0006323561
4042,9.6,0.5714286,7.3846154,0.025254775,0.014970603,0.0006508959
4043,9.6,1.1428572,7.3846154,0.011939719,0.011190118,0.0006416667
4044,9.6,1.7142857,7.3846154,0.0062704626,0.013310878,0.0005129168
4045,9.6,2.2857144,7.3846154,-0.006984976,0.011502965,0.00036658673
4046,9.6,2.857143,7.3846154,-0.01267598,0.01174037,0.00015940383
4047,9.6,3.4285715,7.3846154,-0.026474793,0.011778765,1.3785699e-05
4048,9.6,4.0,7.3846154,-0.03274424,0.010927559,-3.0679817e-06
4049,9.6,0.0,6.769231,0.030427938,0.010840807,0.0005779012
4050,9.6,0.5714286,6.769231,0.025175024,0.0149532175,0.000542759
4051,9.6,1.1428572,6.769231,0.011737945,0.011027518,0.00046960067
4052,9.6,1.7142857,6.769231,0.006278962,0.013208122,0.0003453297
4053,9.6,2.2857144,6.769231,-0.0072090267,0.011428402,0.00020465699
4054,9.6,2.857143,6.769231,-0.012712184,0.011598049,8.382906e-05
4055,9.6,3.4285715,6.769231,-0.026704838,0.011735794,-8.878864e-05
4056,9.6,4.0,6.769231,-0.032812547,0.010734322,-0.00027877622
4057,9.6,0.0,6.1538463,0.03039061,0.010789566,0.00040209357
4058,9.6,0.5714286,6.1538463,0.025180895,0.014787516,0.00030941388
4059,9.6,1.1428572,6.1538463,0.011697907,0.011044844,0.00022796901
4060,9.6,1.7142857,6.1538463,0.0061968993,0.013125557,0.00015200784
4061,9.6,2.2857144,6.1538463,-0.00728708,0.011419878,5.3236534e-05
4062,9.6,2.857143,6.1538463,-0.012803358,0.0115431165,-6.458616e-05
4063,9.6,3.4285715,6.1538463,-0.026797991,0.011708961,-9.188422e-05
4064,9.6,4.0,6.1538463,-0.03287228,0.010686599,-6.352565e-05
4065,9.6,0.0,5.5384617,0.030352885,0.010765304,4.3457334e-05
4066,9.6,0.5714286,5.5384617,0.025087353,0.014837407,5.755456e-05
4067,9.6,1.1428572,5.5384617,0.011634812,0.010989047,2.2986877e-05
4068,9.6,1.7142857,5.5384617,0.006149042,0.013147378,-5.501524e-05
4069,9.6,2.2857144,5.5384617,-0.007344036,0.011400214,-0.000115734576
4070,9.6,2.857143,5.5384617,-0.01286457,0.011559118,-0.00016699254
4071,9.6,3.4285715,5.5384617,-0.026842497,0.011692804,-0.000263096
4072,9.6,4.0,5.5384617,-0.03291865,0.010679539,-0.00034297435
4073,9.6,0.0,4.923077,0.03029262,0.010756713,-0.00013601789
4074,9.6,0.5714286,4.923077,0.025045091,0.014813001,-0.0001820895
4075,9.6,1.1428572,4.923077,0.011617433,0.0110072605,-0.00021476687
4076,9.6,1.7142857,4.923077,0.006090549,0.013155108,-0.00023855937
4077,9.6,2.2857144,4.923077,-0.0073664295,0.011406461,-0.00027850815
4078,9.6,2.857143,4.923077,-0.01291344,0.011578888,-0.00032449042
4079,9.6,3.4285715,4.923077,-0.026860526,0.0116934115,-0.00029946183
4080,9.6,4.0,4.923077,-0.032938935,0.010698175,-0.00025182034
4081,9.6,0.0,4.3076925,0.030274954,0.010755845,-0.00044228777
4082,9.6,0.5714286,4.3076925,0.025003156,0.014826826,-0.00041489536
4083,9.6,1.1428572,4.3076925,0.01158572,0.011005007,-0.00041400132
4084,9.6,1.7142857,4.3076925,0.0060644206,0.013167149,-0.00043587506
4085,9.6,2.2857144,4.3076925,-0.007390581,0.0114133265,-0.00044320646
4086,9.6,2.857143,4.3076925,-0.012939284,0.011590902,-0.00044493482
4087,9.6,3.4285715,4.3076925,-0.026875874,0.011699361,-0.0004987006
4088,9.6,4.0,4.3076925,-0.032954603,0.010704254,-0.0005492892
4089,9.6,0.0,3.6923077,0.030259991,0.0107564945,-0.0006105969
4090,9.6,0.5714286,3.6923077,0.024988048,0.0148267215,-0.0006377077
4091,9.6,1.1428572,3.6923077,0.01157094,0.011005434,-0.00063735264
4092,9.6,1.7142857,3.6923077,0.006049264,0.013167143,-0.0006152588
4093,9.6,2.2857144,3.6923077,-0.0074054087,0.0114136245,-0.0006067903
4094,9.6,2.857143,3.6923077,-0.012954439,0.011590978,-0.0006048511
4095,9.6,3.4285715,3.6923077,-0.026890742,0.011699561,-0.0005499125
4096,9.6,4.0,3.6923077,-0.032969784,0.010704414,-0.0004990364
4097,9.6,0.0,3.0769231,0.03024836,0.010758373,-0.00091693277
4098,9.6,0.5714286,3.0769231,0.024999725,0.014812485,-0.00087045046
4099,9.6,1.1428572,3.0769231,0.011572985,0.011008584,-0.0008366657
4100,9.6,1.7142857,3.0769231,0.0060451473,0.013155107,-0.0008125103
4101,9.6,2.2857144,3.0769231,-0.007410942,0.011407316,-0.00077156676
4102,9.6,2.857143,3.0769231,-0.0129588945,0.01157914,-0.0007252327
4103,9.6,3.4285715,3.0769231,-0.026905105,0.011693978,-0.00074922555
4104,9.6,4.0,3.0769231,-0.03298446,0.010698622,-0.0007964355
4105,9.6,0.0,2.4615386,0.030278621,0.010768077,-0.0010965376
4106,9.6,0.5714286,2.4615386,0.025011815,0.01483691,-0.0011100076
4107,9.6,1.1428572,2.4615386,0.011560752,0.010991038,-0.0010745232
4108,9.6,1.7142857,2.4615386,0.00607338,0.013147489,-0.0009959931
4109,9.6,2.2857144,2.4615386,-0.0074182576,0.011401557,-0.00093443505
4110,9.6,2.857143,2.4615386,-0.0129402755,0.011559575,-0.0008826637
4111,9.6,3.4285715,2.4615386,-0.026916865,0.011693716,-0.0007856852
4112,9.6,4.0,2.4615386,-0.032994475,0.01068032,-0.0007052366
4113,9.6,0.0,1.8461539,0.030287094,0.0107933935,-0.0014550844
4114,9.6,0.5714286,1.8461539,0.025075076,0.014786444,-0.001361973
4115,9.6,1.1428572,1.8461539,0.011594199,0.011047847,-0.0012795043
4116,9.6,1.7142857,1.8461539,0.006090956,0.013125545,-0.0012030713
4117,9.6,2.2857144,1.8461539,-0.0073909527,0.0114218285,-0.0011034112
4118,9.6,2.857143,1.8461539,-0.012909394,0.011543675,-0.0009851122
4119,9.6,3.4285715,1.8461539,-0.026902014,0.011710248,-0.00095688336
4120,9.6,4.0,1.8461539,-0.03297848,0.010687627,-0.0009847041
4121,9.6,0.0,1.2307693,0.030294416,0.010846262,-0.0016310817
4122,9.6,0.5714286,1.2307693,0.025038978,0.014951707,-0.0015952844
4123,9.6,1.1428572,1.2307693,0.011604659,0.011031407,-0.0015212292
4124,9.6,1.7142857,1.2307693,0.006142709,0.0132079935,-0.001396415
4125,9.6,2.2857144,1.2307693,-0.0073425807,0.011430949,-0.0012548865
4126,9.6,2.857143,1.2307693,-0.012848473,0.01159867,-0.001133524
4127,9.6,3.4285715,1.2307693,-0.026838616,0.011737483,-0.00096002547
4128,9.6,4.0,1.2307693,-0.03294902,0.010735622,-0.0007694774
4129,9.6,0.0,0.61538464,0.030472873,0.010825315,-0.0016854549
4130,9.6,0.5714286,0.61538464,0.025088355,0.01496842,-0.0017035331
4131,9.6,1.1428572,0.61538464,0.011776727,0.011195081,-0.0016933494
4132,9.6,1.7142857,0.61538464,0.0061038947,0.013310486,-0.0015640529
4133,9.6,2.2857144,0.61538464,-0.007148151,0.011506157,-0.0014168641
4134,9.6,2.857143,0.61538464,-0.012842601,0.0117410235,-0.0012091162
4135,9.6,3.4285715,0.61538464,-0.02663815,0.011780825,-0.0010626111
4136,9.6,4.0,0.61538464,-0.032911085,0.010929116,-0.0010451615
4137,9.6,0.0,0.0,0.030986609,0.011147638,-0.0019144592
4138,9.6,0.5714286,0.0,0.025386168,0.014843678,-0.0018434469
4139,9.6,1.1428572,0.0,0.012268156,0.011359718,-0.0016747442
4140,9.6,1.7142857,0.0,0.0063706012,0.0134208845,-0.0017618935
4141,9.6,2.2857144,0.0,-0.006802744,0.011707262,-0.0015027726
4142,9.6,2.857143,0.0,-0.01268738,0.0119385095,-0.0013172096
4143,9.6,3.4285715,0.0,-0.026386024,0.011982725,-0.0010852087
4144,9.6,4.0,0.0,-0.032833762,0.011154009,-0.00057912926
4145,10.2,0.0,8.0,0.03483288,0.024617843,4.6522066e-05
4146,10.2,0.5714286,8.0,0.021712022,0.021038018,0.0002214685
4147,10.2,1.1428572,8.0,0.016111782,0.023951069,0.00029894218
4148,10.2,1.7142857,8.0,0.0027259057,0.021544747,7.943789e-05
4149,10.2,2.2857144,8.0,-0.0029008677,0.02278068,0.0001197411
4150,10.2,2.857143,8.0,-0.016459769,0.022065274,-7.801397e-05
4151,10.2,3.4285715,8.0,-0.022525342,0.021912685,-0.0002073794
4152,10.2,4.0,8.0,-0.03632042,0.022343323,-0.00015048357
4153,10.2,0.0,7.3846154,0.034555126,0.024894021,0.00031210113
4154,10.2,0.5714286,7.3846154,0.021262482,0.02086481,0.0002105492
4155,10.2,1.1428572,7.3846154,0.01587632,0.023962919,0.00015409995
4156,10.2,1.7142857,7.3846154,0.0023312764,0.021417424,0.00013160837
4157,10.2,2.2857144,7.3846154,-0.0031002066,0.02267926,5.69108e-06
4158,10.2,2.857143,7.3846154,-0.016777452,0.021924565,-7.640303e-05
4159,10.2,3.4285715,7.3846154,-0.02263558,0.021755373,-0.0002439936
4160,10.2,4.0,7.3846154,-0.036576968,0.022182684,-0.00050657126
4161,10.2,0.0,6.769231,0.03447012,0.024809076,0.00016516281
4162,10.2,0.5714286,6.769231,0.021015666,0.02076586,0.00014274199
4163,10.2,1.1428572,6.769231,0.015790265,0.023939088,0.000103064536
4164,10.2,1.7142857,6.769231,0.002079708,0.021319792,3.3573677e-05
4165,10.2,2.2857144,6.769231,-0.003151328,0.022572223,-4.1434396e-05
4166,10.2,2.857143,6.769231,-0.017020745,0.021863017,-0.00016244859
4167,10.2,3.4285715,6.769231,-0.022687722,0.021601915,-0.00021170403
4168,10.2,4.0,6.769231,-0.036829162,0.022145048,-0.0001995773
4169,10.2,0.0,6.1538463,0.03441057,0.0247691,3.989011e-05
4170,10.2,0.5714286,6.1538463,0.020926135,0.02079736,2.7260776e-05
4171,10.2,1.1428572,6.1538463,0.01573076,0.023818098,-1.2816232e-05
4172,10.2,1.7142857,6.1538463,0.00200545,0.02130843,-7.788673e-05
4173,10.2,2.2857144,6.1538463,-0.0032417998,0.022490183,-0.0001513538
4174,10.2,2.857143,6.1538463,-0.017114736,0.021830628,-0.00020459238
4175,10.2,3.4285715,6.1538463,-0.02278067,0.02153156,-0.0003242264
4176,10.2,4.0,6.1538463,-0.036916323,0.022084687,-0.00044310527
4177,10.2,0.0,5.5384617,0.034348227,0.024748579,-7.843739e-05
4178,10.2,0.5714286,5.5384617,0.02089194,0.02071551,-0.00012345883
4179,10.2,1.1428572,5.5384617,0.015665647,0.023829168,-0.00017075568
4180,10.2,1.7142857,5.5384617,0.0019481131,0.0212564,-0.00019807964
4181,10.2,2.2857144,5.5384617,-0.0033033143,0.022482423,-0.00025210535
4182,10.2,2.857143,5.5384617,-0.017172065,0.021790534,-0.00031304208
4183,10.2,3.4285715,5.5384617,-0.022840051,0.02151619,-0.00030716747
4184,10.2,4.0,5.5384617,-0.03695562,0.022047678,-0.00027810427
4185,10.2,0.0,4.923077,0.034289137,0.024752008,-0.00031254825
4186,10.2,0.5714286,4.923077,0.020846795,0.020727308,-0.0002907362
4187,10.2,1.1428572,4.923077,0.015614282,0.023808382,-0.00030215472
4188,10.2,1.7142857,4.923077,0.0019237493,0.021246428,-0.00034111738
4189,10.2,2.2857144,4.923077,-0.0033556193,0.022479368,-0.0003663769
4190,10.2,2.857143,4.923077,-0.017197268,0.021774104,-0.0003834187
4191,10.2,3.4285715,4.923077,-0.022882873,0.021513963,-0.00045585158
4192,10.2,4.0,4.923077,-0.036964376,0.022020467,-0.00051671144
4193,10.2,0.0,4.3076925,0.03425417,0.024745407,-0.00042302726
4194,10.2,0.5714286,4.3076925,0.020826189,0.020714328,-0.00045581805
4195,10.2,1.1428572,4.3076925,0.015582876,0.023813011,-0.00047259207
4196,10.2,1.7142857,4.3076925,0.0018985651,0.021241333,-0.00046668758
4197,10.2,2.2857144,4.3076925,-0.0033835224,0.022479272,-0.00048191196
4198,10.2,2.857143,4.3076925,-0.017218255,0.021770284,-0.000499185
4199,10.2,3.4285715,4.3076925,-0.022906234,0.021513555,-0.00045938237
4200,10.2,4.0,4.3076925,-0.03697451,0.022015274,-0.00041772655
4201,10.2,0.0,3.6923077,0.034239136,0.024745153,-0.00065959845
4202,10.2,0.5714286,3.6923077,0.02081141,0.020714797,-0.00062556943
4203,10.2,1.1428572,3.6923077,0.015567697,0.023812937,-0.00060851895
4204,10.2,1.7142857,3.6923077,0.0018837883,0.021241708,-0.00061323046
4205,10.2,2.2857144,3.6923077,-0.0033987027,0.022479305,-0.00059775903
4206,10.2,2.857143,3.6923077,-0.017233066,0.02177054,-0.0005793274
4207,10.2,3.4285715,3.6923077,-0.022921426,0.021513676,-0.00061884226
4208,10.2,4.0,3.6923077,-0.036989342,0.022015441,-0.00065928174
4209,10.2,0.0,3.0769231,0.034243632,0.024751581,-0.0007700303
4210,10.2,0.5714286,3.0769231,0.020802453,0.020728815,-0.0007907134
4211,10.2,1.1428572,3.0769231,0.015568866,0.02380819,-0.00077889557
4212,10.2,1.7142857,3.0769231,0.0018793399,0.021247484,-0.0007388744
4213,10.2,2.2857144,3.0769231,-0.0034011148,0.022479521,-0.0007132334
4214,10.2,2.857143,3.0769231,-0.017241733,0.021774843,-0.0006951627
4215,10.2,3.4285715,3.0769231,-0.022928448,0.021514354,-0.00062231644
4216,10.2,4.0,3.0769231,-0.03700892,0.022020983,-0.0005603754
4217,10.2,0.0,2.4615386,0.034272697,0.024747826,-0.0010040487
4218,10.2,0.5714286,2.4615386,0.020817978,0.020717753,-0.00095808535
4219,10.2,1.1428572,2.4615386,0.015589925,0.02382898,-0.00091024116
4220,10.2,1.7142857,2.4615386,0.0018740903,0.021258065,-0.00088198663
4221,10.2,2.2857144,2.4615386,-0.0033791093,0.022482729,-0.00082745455
4222,10.2,2.857143,2.4615386,-0.017246213,0.021791713,-0.0007656131
4223,10.2,3.4285715,2.4615386,-0.022915939,0.021516858,-0.00077094225
4224,10.2,4.0,2.4615386,-0.037029892,0.022048486,-0.000799049
4225,10.2,0.0,1.8461539,0.03430453,0.024768043,-0.0011224288
4226,10.2,0.5714286,1.8461539,0.020822644,0.020800745,-0.001108772
4227,10.2,1.1428572,1.8461539,0.015624763,0.023817647,-0.0010682245
4228,10.2,1.7142857,1.8461539,0.0019018276,0.021310858,-0.0010021846
4229,10.2,2.2857144,1.8461539,-0.0033479508,0.022490505,-0.0009282371
4230,10.2,2.857143,1.8461539,-0.017218485,0.021832323,-0.0008740591
4231,10.2,3.4285715,1.8461539,-0.022886973,0.021532431,-0.0007539189
4232,10.2,4.0,1.8461539,-0.037020233,0.02208586,-0.00063406973
4233,10.2,0.0,1.2307693,0.034333985,0.024807245,-0.0012476838
4234,10.2,0.5714286,1.2307693,0.020882588,0.02077031,-0.0012243235
4235,10.2,1.1428572,1.2307693,0.01565388,0.023938362,-0.001184097
4236,10.2,1.7142857,1.2307693,0.0019465222,0.02132298,-0.0011137013
4237,10.2,2.2857144,1.2307693,-0.0032878285,0.022572532,-0.0010381499
4238,10.2,2.857143,1.2307693,-0.01715411,0.021865224,-0.00091625005
4239,10.2,3.4285715,1.2307693,-0.02282436,0.021602975,-0.00086642045
4240,10.2,4.0,1.2307693,-0.03696273,0.022146516,-0.000877615
4241,10.2,0.0,0.61538464,0.034388393,0.024891647,-0.0013944756
4242,10.2,0.5714286,0.61538464,0.021099923,0.020870507,-0.0012921268
4243,10.2,1.1428572,0.61538464,0.01570956,0.023961762,-0.0012351926
4244,10.2,1.7142857,0.61538464,0.00216855,0.021421466,-0.0012117339
4245,10.2,2.2857144,0.61538464,-0.0032671276,0.022679474,-0.0010853264
4246,10.2,2.857143,0.61538464,-0.016940318,0.02192732,-0.0010022898
4247,10.2,3.4285715,0.61538464,-0.022802671,0.021756593,-0.0008341676
4248,10.2,4.0,0.61538464,-0.03674004,0.022184486,-0.00057065947
4249,10.2,0.0,0.0,0.03463604,0.02461496,-0.0011295412
4250,10.2,0.5714286,0.0,0.021519838,0.02104459,-0.0013029929
4251,10.2,1.1428572,0.0,0.015914643,0.023949658,-0.0013800482
4252,10.2,1.7142857,0.0,0.002533648,0.021549484,-0.0011595901
4253,10.2,2.2857144,0.0,-0.0030981202,0.022780893,-0.0011994247
4254,10.2,2.857143,0.0,-0.016652199,0.022068499,-0.001000681
4255,10.2,3.4285715,0.0,-0.022722716,0.021914076,-0.00087081414
4256,10.2,4.0,0.0,-0.036513068,0.02234551,-0.00092664675
4257,10.8,0.0,8.0,0.030843854,0.030937614,7.9873476e-05
4258,10.8,0.5714286,8.0,0.025497725,0.0342024,-9.8109456e-05
4259,10.8,1.1428572,8.0,0.012024928,0.031294823,-0.00019697033
4260,10.8,1.7142857,8.0,0.006643079,0.033364642,-9.3974755e-05
4261,10.8,2.2857144,8.0,-0.007038532,0.03188581,-0.00029636789
4262,10.8,2.857143,8.0,-0.012594229,0.032490432,-0.0002790588
4263,10.8,3.4285715,8.0,-0.026621575,0.03238522,-0.00041874012
4264,10.8,4.0,8.0,-0.03231197,0.03183157,-0.00071669044
4265,10.8,0.0,7.3846154,0.03051846,0.030701075,-0.0001802543
4266,10.8,0.5714286,7.3846154,0.025325522,0.034294445,-0.00010273455
4267,10.8,1.1428572,7.3846154,0.011645365,0.031166121,-0.00011987716
4268,10.8,1.7142857,7.3846154,0.006473977,0.03333357,-0.00021228098
4269,10.8,2.2857144,7.3846154,-0.0073695215,0.031789538,-0.00022710522
4270,10.8,2.857143,7.3846154,-0.012725269,0.03239374,-0.00034080644
4271,10.8,3.4285715,7.3846154,-0.026881596,0.032282233,-0.0003806489
4272,10.8,4.0,7.3846154,-0.032408144,0.031729203,-0.000340197
4273,10.8,0.0,6.769231,0.030191539,0.030697944,-7.004231e-05
4274,10.8,0.5714286,6.769231,0.025209956,0.034281105,-0.0001357678
4275,10.8,1.1428572,6.769231,0.011379054,0.031071588,-0.00017436822
4276,10.8,1.7142857,6.769231,0.00638698,0.033282053,-0.00020821803
4277,10.8,2.2857144,6.769231,-0.0076319305,0.03172051,-0.00028329322
4278,10.8,2.857143,6.769231,-0.012786016,0.032284133,-0.00032398064
4279,10.8,3.4285715,6.769231,-0.027127955,0.032241024,-0.0004422346
4280,10.8,4.0,6.769231,-0.032462187,0.03156952,-0.0006072466
4281,10.8,0.0,6.1538463,0.030120827,0.0306734,-0.00016553719
4282,10.8,0.5714286,6.1538463,0.025133498,0.03417573,-0.00019648421
4283,10.8,1.1428572,6.1538463,0.011275667,0.031083943,-0.00023126593
4284,10.8,1.7142857,6.1538463,0.0063018366,0.033185992,-0.0002704237
4285,10.8,2.2857144,6.1538463,-0.007729079,0.03169349,-0.00031261827
4286,10.8,2.857143,6.1538463,-0.012882404,0.03220003,-0.00038565055
4287,10.8,3.4285715,6.1538463,-0.027227448,0.032192074,-0.00038764311
4288,10.8,4.0,6.1538463,-0.03256495,0.03149948,-0.00037324702
4289,10.8,0.0,5.5384617,0.030054878,0.030650828,-0.0002872083
4290,10.8,0.5714286,5.5384617,0.02506255,0.034191385,-0.00028926026
4291,10.8,1.1428572,5.5384617,0.01123118,0.031015899,-0.0003026256
4292,10.8,1.7142857,5.5384617,0.006234408,0.033173803,-0.00034715474
4293,10.8,2.2857144,5.5384617,-0.007785627,0.031638835,-0.00037857404
4294,10.8,2.857143,5.5384617,-0.012950622,0.032174207,-0.0004050177
4295,10.8,3.4285715,5.5384617,-0.027281396,0.03213698,-0.00049014535
4296,10.8,4.0,5.5384617,-0.032613005,0.031458233,-0.00057878945
4297,10.8,0.0,4.923077,0.030028138,0.030627077,-0.0003526123
4298,10.8,0.5714286,4.923077,0.025013719,0.034160778,-0.0003876789
4299,10.8,1.1428572,4.923077,0.011194198,0.031005379,-0.00041230564
4300,10.8,1.7142857,4.923077,0.00618545,0.033155087,-0.00041892435
4301,10.8,2.2857144,4.923077,-0.007815818,0.03161162,-0.00044422701
4302,10.8,2.857143,4.923077,-0.012998569,0.032158915,-0.000477436
4303,10.8,3.4285715,4.923077,-0.027304316,0.032104656,-0.0004500046
4304,10.8,4.0,4.923077,-0.03265222,0.031443413,-0.000423925
4305,10.8,0.0,4.3076925,0.02999669,0.030628828,-0.00052520167
4306,10.8,0.5714286,4.3076925,0.02497787,0.034164503,-0.0005008117
4307,10.8,1.1428572,4.3076925,0.011172523,0.030992592,-0.00049458933
4308,10.8,1.7142857,4.3076925,0.0061539174,0.03314908,-0.00051591435
4309,10.8,2.2857144,4.3076925,-0.007837752,0.03160132,-0.0005164791
4310,10.8,2.857143,4.3076925,-0.013027177,0.032150697,-0.00051575055
4311,10.8,3.4285715,4.3076925,-0.027321648,0.032091364,-0.0005693538
4312,10.8,4.0,4.3076925,-0.03266938,0.03143175,-0.00061750243
4313,10.8,0.0,3.6923077,0.0299819,0.030629428,-0.00058622647
4314,10.8,0.5714286,3.6923077,0.0249627,0.034164403,-0.0006102805
4315,10.8,1.1428572,3.6923077,0.0111577865,0.030993033,-0.00061529333
4316,10.8,1.7142857,3.6923077,0.0061387173,0.03314906,-0.0005936973
4317,10.8,2.2857144,3.6923077,-0.007852521,0.03160164,-0.0005919575
4318,10.8,2.857143,3.6923077,-0.013042393,0.032150783,-0.0005924056
4319,10.8,3.4285715,3.6923077,-0.027336448,0.03209159,-0.0005376067
4320,10.8,4.0,3.6923077,-0.032684628,0.03143192,-0.0004891152
4321,10.8,0.0,3.0769231,0.029983902,0.030628543,-0.0007588602
4322,10.8,0.5714286,3.0769231,0.024968231,0.034160435,-0.0007233633
4323,10.8,1.1428572,3.0769231,0.011149891,0.031006621,-0.0006976427
4324,10.8,1.7142857,3.0769231,0.0061399154,0.033155106,-0.00069062755
4325,10.8,2.2857144,3.0769231,-0.007860171,0.031612523,-0.0006642749
4326,10.8,2.857143,3.0769231,-0.013044174,0.03215921,-0.00063066353
4327,10.8,3.4285715,3.0769231,-0.02734873,0.0321053,-0.00065701676
4328,10.8,4.0,3.0769231,-0.03269789,0.03144391,-0.0006826358
4329,10.8,0.0,2.4615386,0.029981002,0.030653302,-0.0008243299
4330,10.8,0.5714286,2.4615386,0.024986783,0.034191,-0.0008217139
4331,10.8,1.1428572,2.4615386,0.011157336,0.031017862,-0.0008073844
4332,10.8,1.7142857,2.4615386,0.0061585368,0.033173893,-0.00076235353
4333,10.8,2.2857144,2.4615386,-0.007859582,0.031640276,-0.00072998647
4334,10.8,2.857143,2.4615386,-0.013026588,0.032174733,-0.0007030328
4335,10.8,3.4285715,2.4615386,-0.027355475,0.032138024,-0.0006169428
4336,10.8,4.0,2.4615386,-0.032689095,0.031459097,-0.0005277405
4337,10.8,0.0,1.8461539,0.030017536,0.030676836,-0.00094599545
4338,10.8,0.5714286,1.8461539,0.025027364,0.034174964,-0.000914527
4339,10.8,1.1428572,1.8461539,0.011172286,0.0310868,-0.00087873667
4340,10.8,1.7142857,1.8461539,0.0061955843,0.033186,-0.00083910837
4341,10.8,2.2857144,1.8461539,-0.007832571,0.03169557,-0.00079594087
4342,10.8,2.857143,1.8461539,-0.012988799,0.03220068,-0.00072242226
4343,10.8,3.4285715,1.8461539,-0.027331077,0.03219356,-0.00071943615
4344,10.8,4.0,1.8461539,-0.03267149,0.03150061,-0.000733295
4345,10.8,0.0,1.2307693,0.030058673,0.030702723,-0.0010414148
4346,10.8,0.5714286,1.2307693,0.025073439,0.034279954,-0.0009752162
4347,10.8,1.1428572,1.2307693,0.011246207,0.031075379,-0.00093568757
4348,10.8,1.7142857,1.2307693,0.0062502935,0.033281926,-0.00090129185
4349,10.8,2.2857144,1.2307693,-0.007764935,0.031723242,-0.000825312
4350,10.8,2.857143,1.2307693,-0.01292284,0.032284897,-0.00078406866
4351,10.8,3.4285715,1.2307693,-0.027261142,0.03224294,-0.00066489214
4352,10.8,4.0,1.2307693,-0.032599196,0.03157098,-0.0004993145
4353,10.8,0.0,0.61538464,0.030356258,0.030707018,-0.0009314915
4354,10.8,0.5714286,0.61538464,0.025158497,0.03429269,-0.0010082652
4355,10.8,1.1428572,0.61538464,0.011483078,0.031170929,-0.0009901368
4356,10.8,1.7142857,0.61538464,0.006306797,0.0333332,-0.0008973029
4357,10.8,2.2857144,0.61538464,-0.0075319377,0.031792972,-0.00088146486
4358,10.8,2.857143,0.61538464,-0.01289261,0.032394536,-0.00076729857
4359,10.8,3.4285715,0.61538464,-0.027044175,0.0322846,-0.00072645035
4360,10.8,4.0,0.61538464,-0.032575678,0.031730913,-0.0007663589
4361,10.8,0.0,0.0,0.030651964,0.030944545,-0.0011908954
4362,10.8,0.5714286,0.0,0.025300412,0.034200463,-0.0010130344
4363,10.8,1.1428572,0.0,0.011833074,0.031300403,-0.0009131103
4364,10.8,1.7142857,0.0,0.0064455676,0.033364188,-0.0010155685
4365,10.8,2.2857144,0.0,-0.0072305235,0.03188981,-0.00081225496
4366,10.8,2.857143,0.0,-0.012791874,0.032491345,-0.0008290409
4367,10.8,3.4285715,0.0,-0.026813755,0.032388005,-0.00068837305
4368,10.8,4.0,0.0,-0.032509807,0.031833496,-0.00038996254
4369,11.4,0.0,8.0,0.035045024,0.04441883,-0.0004657713
4370,11.4,0.5714286,8.0,0.021147072,0.041073486,-0.0003377214
4371,11.4,1.1428572,8.0,0.016180437,0.04377537,-0.00032675394
4372,11.4,1.7142857,8.0,0.0022594586,0.04163559,-0.0005177343
4373,11.4,2.2857144,8.0,-0.0028353252,0.04299184,-0.00042037354
4374,11.4,2.857143,8.0,-0.017033076,0.042254608,-0.0005708275
4375,11.4,3.4285715,8.0,-0.02237955,0.04230355,-0.000569565
4376,11.4,4.0,8.0,-0.036708705,0.042677216,-0.00045363093
4377,11.4,0.0,7.3846154,0.034839753,0.0445608,-0.00020406961
4378,11.4,0.5714286,7.3846154,0.020803472,0.040906686,-0.0003487531
4379,11.4,1.1428572,7.3846154,0.016049737,0.043793723,-0.00039928453
4380,11.4,1.7142857,7.3846154,0.0019040226,0.041537426,-0.00039414808
4381,11.4,2.2857144,7.3846154,-0.0029598975,0.042945012,-0.00049050164
4382,11.4,2.857143,7.3846154,-0.017333549,0.042192824,-0.0004954059
4383,11.4,3.4285715,7.3846154,-0.022466723,0.042232886,-0.00059385615
4384,11.4,4.0,7.3846154,-0.036933504,0.04259189,-0.00078256987
4385,11.4,0.0,6.769231,0.034783017,0.04450852,-0.00035481184
4386,11.4,0.5714286,6.769231,0.020513512,0.040829774,-0.00034187527
4387,11.4,1.1428572,6.769231,0.015937885,0.043772686,-0.00037145065
4388,11.4,1.7142857,6.769231,0.0016393405,0.041460812,-0.00042391394
4389,11.4,2.2857144,6.769231,-0.0030394765,0.04287228,-0.00044617942
4390,11.4,2.857143,6.769231,-0.017590677,0.04214171,-0.0005185752
4391,11.4,3.4285715,6.769231,-0.022508722,0.04211422,-0.0005222685
4392,11.4,4.0,6.769231,-0.037222598,0.042584114,-0.00049170386
4393,11.4,0.0,6.1538463,0.03463475,0.044461288,-0.00033952127
4394,11.4,0.5714286,6.1538463,0.020400561,0.040849034,-0.00036879833
4395,11.4,1.1428572,6.1538463,0.015855264,0.04367213,-0.00039391938
4396,11.4,1.7142857,6.1538463,0.0015224279,0.041450053,-0.0004249695
4397,11.4,2.2857144,6.1538463,-0.0031320646,0.042782035,-0.00046819568
4398,11.4,2.857143,6.1538463,-0.017696094,0.042098813,-0.00048759306
4399,11.4,3.4285715,6.1538463,-0.022616223,0.042027436,-0.000582676
4400,11.4,4.0,6.1538463,-0.03729776,0.042516194,-0.0007008622
4401,11.4,0.0,5.5384617,0.034606494,0.044444334,-0.00038039498
4402,11.4,0.5714286,5.5384617,0.020352133,0.04078425,-0.00040448457
4403,11.4,1.1428572,5.5384617,0.0157767,0.043670937,-0.00043669756
4404,11.4,1.7142857,5.5384617,0.0014786863,0.041388597,-0.00044908063
4405,11.4,2.2857144,5.5384617,-0.0032063422,0.04275373,-0.00047974393
4406,11.4,2.857143,5.5384617,-0.017751917,0.04203728,-0.00052011205
4407,11.4,3.4285715,5.5384617,-0.022676848,0.04198828,-0.00050534896
4408,11.4,4.0,5.5384617,-0.037364997,0.042457625,-0.00049053784
4409,11.4,0.0,4.923077,0.034528874,0.044446148,-0.00047978165
4410,11.4,0.5714286,4.923077,0.020313978,0.040781073,-0.00046739672
4411,11.4,1.1428572,4.923077,0.015734477,0.043644313,-0.00047051333
4412,11.4,1.7142857,4.923077,0.0014389415,0.04136174,-0.00049766514
4413,11.4,2.2857144,4.923077,-0.0032524064,0.042732276,-0.0005111683
4414,11.4,2.857143,4.923077,-0.017783647,0.04199876,-0.0005184265
4415,11.4,3.4285715,4.923077,-0.022723312,0.041961864,-0.00058697094
4416,11.4,4.0,4.923077,-0.037369628,0.04240946,-0.00065423327
4417,11.4,0.0,4.3076925,0.034505576,0.044436235,-0.000506014
4418,11.4,0.5714286,4.3076925,0.020290231,0.04076594,-0.00053141196
4419,11.4,1.1428572,4.3076925,0.015696665,0.043639842,-0.0005471537
4420,11.4,1.7142857,4.3076925,0.001419732,0.04134853,-0.0005375037
4421,11.4,2.2857144,4.3076925,-0.003285501,0.042719953,-0.00054936815
4422,11.4,2.857143,4.3076925,-0.017803034,0.041982755,-0.0005629467
4423,11.4,3.4285715,4.3076925,-0.022748185,0.041947737,-0.0005226701
4424,11.4,4.0,4.3076925,-0.037388504,0.042390395,-0.0004890638
4425,11.4,0.0,3.6923077,0.03449036,0.04443602,-0.0006350726
4426,11.4,0.5714286,3.6923077,0.020275516,0.04076641,-0.0006084382
4427,11.4,1.1428572,3.6923077,0.015681447,0.043639775,-0.0005924065
4428,11.4,1.7142857,3.6923077,0.0014050036,0.04134892,-0.00060086226
4429,11.4,2.2857144,3.6923077,-0.0033007353,0.042719997,-0.0005887375
4430,11.4,2.857143,3.6923077,-0.017817782,0.041983034,-0.0005739718
4431,11.4,3.4285715,3.6923077,-0.022763439,0.04194787,-0.00061394036
4432,11.4,4.0,3.6923077,-0.037403263,0.04239059,-0.0006462979
4433,11.4,0.0,3.0769231,0.03448333,0.044445805,-0.0006612548
4434,11.4,0.5714286,3.0769231,0.020269794,0.04078249,-0.0006725041
4435,11.4,1.1428572,3.0769231,0.015688883,0.043644197,-0.00066898984
4436,11.4,1.7142857,3.0769231,0.0013947152,0.04136282,-0.00064076454
4437,11.4,2.2857144,3.0769231,-0.0032980694,0.042732466,-0.0006268791
4438,11.4,2.857143,3.0769231,-0.01782794,0.041999556,-0.0006185506
4439,11.4,3.4285715,3.0769231,-0.02276905,0.0419623,-0.0005495873
4440,11.4,4.0,3.0769231,-0.037414,0.04241004,-0.0004811954
4441,11.4,0.0,2.4615386,0.034530584,0.044443723,-0.00076058286
4442,11.4,0.5714286,2.4615386,0.020278445,0.040786434,-0.00073547964
4443,11.4,1.1428572,2.4615386,0.01570074,0.04367081,-0.0007027624
4444,11.4,1.7142857,2.4615386,0.0014049272,0.041390322,-0.00068939786
4445,11.4,2.2857144,2.4615386,-0.0032823968,0.04275408,-0.0006582614
4446,11.4,2.857143,2.4615386,-0.017825779,0.042038556,-0.00061691547
4447,11.4,3.4285715,2.4615386,-0.022753013,0.041989017,-0.00063115987
4448,11.4,4.0,2.4615386,-0.03743895,0.04245854,-0.00064493954
4449,11.4,0.0,1.8461539,0.034528464,0.04446041,-0.0008014172
4450,11.4,0.5714286,1.8461539,0.020297443,0.040852252,-0.0007711491
4451,11.4,1.1428572,1.8461539,0.015748873,0.043671824,-0.0007455604
4452,11.4,1.7142857,1.8461539,0.0014192201,0.04145254,-0.00071350625
4453,11.4,2.2857144,1.8461539,-0.0032385984,0.04278243,-0.0006698217
4454,11.4,2.857143,1.8461539,-0.017799433,0.042100646,-0.0006494275
4455,11.4,3.4285715,1.8461539,-0.022722913,0.042028405,-0.0005538517
4456,11.4,4.0,1.8461539,-0.037401255,0.042517517,-0.00043463986
4457,11.4,0.0,1.2307693,0.03464621,0.044506993,-0.0007862435
4458,11.4,0.5714286,1.2307693,0.020380996,0.04083402,-0.00079809956
4459,11.4,1.1428572,1.2307693,0.015800998,0.043772105,-0.0007679981
4460,11.4,1.7142857,1.2307693,0.0015067125,0.041464094,-0.0007146071
4461,11.4,2.2857144,1.2307693,-0.0031765166,0.04287268,-0.0006918109
4462,11.4,2.857143,1.2307693,-0.017723452,0.042144082,-0.0006184827
4463,11.4,3.4285715,1.2307693,-0.022645932,0.042115416,-0.0006142313
4464,11.4,4.0,1.2307693,-0.037355524,0.042585757,-0.00064381014
4465,11.4,0.0,0.61538464,0.034672413,0.044558734,-0.00093663915
4466,11.4,0.5714286,0.61538464,0.020641644,0.040912148,-0.0007912456
4467,11.4,1.1428572,0.61538464,0.015882254,0.043792758,-0.0007402401
4468,11.4,1.7142857,0.61538464,0.0017420908,0.041541565,-0.0007443136
4469,11.4,2.2857144,0.61538464,-0.0031275498,0.04294532,-0.000647557
4470,11.4,2.857143,0.61538464,-0.017495627,0.042195786,-0.0006416086
4471,11.4,3.4285715,0.61538464,-0.022634568,0.04223424,-0.0005426935
4472,11.4,4.0,0.61538464,-0.03709577,0.04259391,-0.00035297868
4473,11.4,0.0,0.0,0.034847315,0.044416416,-0.0006757247
4474,11.4,0.5714286,0.0,0.020955661,0.04107968,-0.0008021334
4475,11.4,1.1428572,0.0,0.015982624,0.04377427,-0.0008127279
4476,11.4,1.7142857,0.0,0.0020679454,0.041640386,-0.0006208274
4477,11.4,2.2857144,0.0,-0.0030332948,0.042992182,-0.00071763276
4478,11.4,2.857143,0.0,-0.017224729,0.042258047,-0.00056623557
4479,11.4,3.4285715,0.0,-0.0225777,0.042305082,-0.00056697463
4480,11.4,4.0,0.0,-0.036900524,0.042679615,-0.0006818607
4481,12.0,0.0,8.0,0.030183002,0.050823532,-0.00037069304
4482,12.0,0.5714286,8.0,0.025759142,0.05403875,-0.000582183
4483,12.0,1.1428572,8.0,0.011396295,0.051280253,-0.00069486856
4484,12.0,1.7142857,8.0,0.0068795728,0.053394847,-0.0006103881
4485,12.0,2.2857144,8.0,-0.0076627242,0.052052777,-0.000794392
4486,12.0,2.857143,8.0,-0.012395526,0.052833725,-0.00070441945
4487,12.0,3.4285715,8.0,-0.027217248,0.052715052,-0.0007779677
4488,12.0,4.0,8.0,-0.03200063,0.05220644,-0.0009544596
4489,12.0,0.0,7.3846154,0.029967254,0.05060359,-0.00061369524
4490,12.0,0.5714286,7.3846154,0.025633333,0.05408918,-0.00054649205
4491,12.0,1.1428572,7.3846154,0.0109951245,0.051149976,-0.00057028036
4492,12.0,1.7142857,7.3846154,0.006802603,0.05337305,-0.0006605498
4493,12.0,2.2857144,7.3846154,-0.008030715,0.051979825,-0.00064070063
4494,12.0,2.857143,7.3846154,-0.012485641,0.05277841,-0.0007160866
4495,12.0,3.4285715,7.3846154,-0.027463267,0.052655958,-0.0007031819
4496,12.0,4.0,7.3846154,-0.032141525,0.052186113,-0.0006294476
4497,12.0,0.0,6.769231,0.029538305,0.05054247,-0.0004340161
4498,12.0,0.5714286,6.769231,0.02554479,0.054075595,-0.0005171065
4499,12.0,1.1428572,6.769231,0.010738974,0.051065672,-0.00054784154
4500,12.0,1.7142857,6.769231,0.0066905315,0.05332773,-0.0005627781
4501,12.0,2.2857144,6.769231,-0.008284741,0.051908318,-0.0006178243
4502,12.0,2.857143,6.769231,-0.012538575,0.05267104,-0.0006284578
4503,12.0,3.4285715,6.769231,-0.02774532,0.052617867,-0.00071740773
4504,12.0,4.0,6.769231,-0.032114983,0.05203599,-0.000870012
4505,12.0,0.0,6.1538463,0.029521203,0.050540328,-0.0004665104
4506,12.0,0.5714286,6.1538463,0.025434555,0.053974822,-0.0004751444
4507,12.0,1.1428572,6.1538463,0.010600355,0.05107407,-0.0005056633
4508,12.0,1.7142857,6.1538463,0.0066132853,0.05323095,-0.00053490355
4509,12.0,2.2857144,6.1538463,-0.008409261,0.05187735,-0.00055959675
4510,12.0,2.857143,6.1538463,-0.01263789,0.052582417,-0.00061269343
4511,12.0,3.4285715,6.1538463,-0.027834263,0.052561227,-0.00060289045
4512,12.0,4.0,6.1538463,-0.03227246,0.051967673,-0.00058486854
4513,12.0,0.0,5.5384617,0.029398287,0.050517242,-0.00047548057
4514,12.0,0.5714286,5.5384617,0.025365843,0.0539892,-0.000488492
4515,12.0,1.1428572,5.5384617,0.0105671985,0.05100641,-0.0004953169
4516,12.0,1.7142857,5.5384617,0.006525157,0.05321355,-0.00053048134
4517,12.0,2.2857144,5.5384617,-0.00845274,0.051816046,-0.000549935
4518,12.0,2.857143,5.5384617,-0.012713443,0.05254223,-0.00056787225
4519,12.0,3.4285715,5.5384617,-0.027897282,0.052493308,-0.0006391709
4520,12.0,4.0,5.5384617,-0.032291517,0.051905073,-0.0007369769
4521,12.0,0.0,4.923077,0.02940716,0.05049872,-0.000490533
4522,12.0,0.5714286,4.923077,0.025313322,0.05395919,-0.00051288784
4523,12.0,1.1428572,4.923077,0.010518765,0.050991736,-0.00053566933
4524,12.0,1.7142857,4.923077,0.006486068,0.053189036,-0.00053597486
4525,12.0,2.2857144,4.923077,-0.008495715,0.05177913,-0.00055615837
4526,12.0,2.857143,4.923077,-0.012758186,0.052515633,-0.00057936343
4527,12.0,3.4285715,4.923077,-0.02792024,0.052443855,-0.00055038015
4528,12.0,4.0,4.923077,-0.032354414,0.051872954,-0.00052571774
4529,12.0,0.0,4.3076925,0.029359063,0.050497092,-0.00057856337
4530,12.0,0.5714286,4.3076925,0.025277007,0.05396002,-0.0005648132
4531,12.0,1.1428572,4.3076925,0.010501471,0.05097571,-0.000554181
4532,12.0,1.7142857,4.3076925,0.0064466135,0.05317821,-0.0005747018
4533,12.0,2.2857144,4.3076925,-0.008512648,0.051763322,-0.0005706006
4534,12.0,2.857143,4.3076925,-0.012791157,0.052498702,-0.00057084864
4535,12.0,3.4285715,4.3076925,-0.027938703,0.052421715,-0.0006185083
4536,12.0,4.0,4.3076925,-0.03236426,0.05184906,-0.00067266636
4537,12.0,0.0,3.6923077,0.029344434,0.050497677,-0.0005912432
4538,12.0,0.5714286,3.6923077,0.025261758,0.05395994,-0.0006046791
4539,12.0,1.1428572,3.6923077,0.010486797,0.05097616,-0.000614089
4540,12.0,1.7142857,3.6923077,0.006431351,0.053178202,-0.00059334014
4541,12.0,2.2857144,3.6923077,-0.008527348,0.051763665,-0.00059624563
4542,12.0,2.857143,3.6923077,-0.01280644,0.052498803,-0.00059575983
4543,12.0,3.4285715,3.6923077,-0.027953435,0.05242197,-0.00054688443
4544,12.0,4.0,3.6923077,-0.032379586,0.05184925,-0.00049239816
4545,12.0,0.0,3.0769231,0.029363059,0.050500207,-0.0006793234
4546,12.0,0.5714286,3.0769231,0.025267629,0.053958923,-0.0006565555
4547,12.0,1.1428572,3.0769231,0.010474687,0.05099299,-0.0006326632
4548,12.0,1.7142857,3.0769231,0.0064403126,0.053189106,-0.000632008
4549,12.0,2.2857144,3.0769231,-0.008539851,0.051780086,-0.0006107491
4550,12.0,2.857143,3.0769231,-0.012803996,0.05251598,-0.00058718654
4551,12.0,3.4285715,3.0769231,-0.027964452,0.05244457,-0.0006150675
4552,12.0,4.0,3.0769231,-0.03240027,0.051873524,-0.0006392875
4553,12.0,0.0,2.4615386,0.02932487,0.05051972,-0.00069440965
4554,12.0,0.5714286,2.4615386,0.025289733,0.053988907,-0.0006809016
4555,12.0,1.1428572,2.4615386,0.010493675,0.051008422,-0.000673066
4556,12.0,1.7142857,2.4615386,0.006448973,0.053213708,-0.0006374661
4557,12.0,2.2857144,2.4615386,-0.008526367,0.05181759,-0.00061701494
4558,12.0,2.857143,2.4615386,-0.0127897225,0.052542835,-0.00059863285
4559,12.0,3.4285715,2.4615386,-0.027971039,0.052494463,-0.0005263228
4560,12.0,4.0,2.4615386,-0.03236792,0.05190604,-0.00042800096
4561,12.0,0.0,1.8461539,0.029418295,0.050543793,-0.0007034328
4562,12.0,0.5714286,1.8461539,0.025327947,0.05397421,-0.0006942674
4563,12.0,1.1428572,1.8461539,0.010497491,0.051076964,-0.0006627205
4564,12.0,1.7142857,1.8461539,0.006506534,0.053231057,-0.0006330568
4565,12.0,2.2857144,1.8461539,-0.008512251,0.05187956,-0.0006073506
4566,12.0,2.857143,1.8461539,-0.012744752,0.052583177,-0.0005538132
4567,12.0,3.4285715,1.8461539,-0.027937423,0.05256287,-0.00056259055
4568,12.0,4.0,1.8461539,-0.032379437,0.051968947,-0.0005800966
4569,12.0,0.0,1.2307693,0.029406322,0.05054725,-0.00073577184
4570,12.0,0.5714286,1.2307693,0.025407568,0.05407463,-0.00065230724
4571,12.0,1.1428572,1.2307693,0.010606804,0.051069513,-0.0006205904
4572,12.0,1.7142857,1.2307693,0.006553198,0.053327713,-0.00060515327
4573,12.0,2.2857144,1.2307693,-0.008417067,0.0519112,-0.00054915535
4574,12.0,2.857143,1.2307693,-0.0126760425,0.05267193,-0.0005380143
4575,12.0,3.4285715,1.2307693,-0.027877845,0.05261996,-0.0004480934
4576,12.0,4.0,1.2307693,-0.032252636,0.05203763,-0.00029496703
4577,12.0,0.0,0.61538464,0.02980582,0.05060953,-0.0005564785
4578,12.0,0.5714286,0.61538464,0.025465436,0.054087646,-0.00062290597
4579,12.0,1.1428572,0.61538464,0.010833795,0.05115483,-0.0005980991
4580,12.0,1.7142857,0.61538464,0.0066345073,0.05337281,-0.0005074614
4581,12.0,2.2857144,0.61538464,-0.008192199,0.05198343,-0.00052622013
4582,12.0,2.857143,0.61538464,-0.012653846,0.05277935,-0.0004504348
4583,12.0,3.4285715,0.61538464,-0.027624976,0.052658536,-0.00046227034
4584,12.0,4.0,0.61538464,-0.032309875,0.05218799,-0.0005355151
4585,12.0,0.0,0.0,0.02999232,0.050830442,-0.00079869665
4586,12.0,0.5714286,0.0,0.025560841,0.054037094,-0.0005873911
4587,12.0,1.1428572,0.0,0.011205401,0.051285833,-0.0004735747
4588,12.0,1.7142857,0.0,0.006681151,0.05339455,-0.0005575443
4589,12.0,2.2857144,0.0,-0.007853763,0.05205695,-0.00037260316
4590,12.0,2.857143,0.0,-0.012594079,0.052834775,-0.00046205329
4591,12.0,3.4285715,0.0,-0.027408516,0.05271806,-0.00038752038
4592,12.0,4.0,0.0,-0.03219937,0.05220858,-0.00021054878
