NodeLabel,X_mm,Y_mm,Z_mm,U1_mm,U2_mm,U3_mm
1,-12.0,0.0,8.0,-0.028626613,0.048559047,0.00017777788
2,-12.0,0.5714286,8.0,-0.024721052,0.05185607,-2.7250073e-05
3,-12.0,1.1428572,8.0,-0.010528671,0.049070172,-0.00014349274
4,-12.0,1.7142857,8.0,-0.0065564937,0.051121548,-5.859954e-05
5,-12.0,2.2857144,8.0,0.0077607515,0.0498892,-0.00025436966
6,-12.0,2.857143,8.0,0.011933538,0.050498724,-0.00017503714
7,-12.0,3.4285715,8.0,0.026552908,0.05061192,-0.00024881435
8,-12.0,4.0,8.0,0.030803617,0.049846902,-0.00043939927
9,-12.0,0.0,7.3846154,-0.028446259,0.04832796,-6.052731e-05
10,-12.0,0.5714286,7.3846154,-0.02463758,0.05191335,9.943188e-07
11,-12.0,1.1428572,7.3846154,-0.010162564,0.048934713,-2.1475964e-05
12,-12.0,1.7142857,7.3846154,-0.0065238522,0.051097445,-0.000119001
13,-12.0,2.2857144,7.3846154,0.008095315,0.049813986,-0.00010401066
14,-12.0,2.857143,7.3846154,0.011989167,0.05043893,-0.00018557196
15,-12.0,3.4285715,7.3846154,0.026766771,0.050555337,-0.00017463576
16,-12.0,4.0,7.3846154,0.030909412,0.049821984,-9.123065e-05
17,-12.0,0.0,6.769231,-0.028049482,0.04825568,0.00011252405
18,-12.0,0.5714286,6.769231,-0.024588998,0.051905945,2.9931827e-05
19,-12.0,1.1428572,6.769231,-0.009939082,0.04884307,-5.847351e-06
20,-12.0,1.7142857,6.769231,-0.0064488477,0.051056147,-2.4600415e-05
21,-12.0,2.2857144,6.769231,0.008320522,0.04974476,-8.548891e-05
22,-12.0,2.857143,6.769231,0.01200592,0.05033148,-9.8956094e-05
23,-12.0,3.4285715,6.769231,0.027023774,0.05052092,-0.000193255
24,-12.0,4.0,6.769231,0.030847734,0.04966754,-0.00035486344
25,-12.0,0.0,6.1538463,-0.028067484,0.048248097,8.065226e-05
26,-12.0,0.5714286,6.1538463,-0.024514701,0.051810097,6.816423e-05
27,-12.0,1.1428572,6.1538463,-0.009831303,0.04884711,3.4608194e-05
28,-12.0,1.7142857,6.1538463,-0.0064047566,0.05096644,1.2793657e-06
29,-12.0,2.2857144,6.1538463,0.008417173,0.04970943,-2.7946438e-05
30,-12.0,2.857143,6.1538463,0.012077246,0.05025023,-8.628436e-05
31,-12.0,3.4285715,6.1538463,0.027086275,0.050461724,-7.6031196e-05
32,-12.0,4.0,6.1538463,0.03098021,0.049606368,-5.0274826e-05
33,-12.0,0.0,5.5384617,-0.027976811,0.0482207,6.555568e-05
34,-12.0,0.5714286,5.5384617,-0.02447888,0.051830187,5.3847045e-05
35,-12.0,1.1428572,5.5384617,-0.00983038,0.048777282,4.4124477e-05
36,-12.0,1.7142857,5.5384617,-0.006346538,0.050953526,5.077784e-06
37,-12.0,2.2857144,5.5384617,0.008432975,0.049647663,-1.8717159e-05
38,-12.0,2.857143,5.5384617,0.012125928,0.05021458,-3.859775e-05
39,-12.0,3.4285715,5.5384617,0.027126368,0.050393566,-0.000116385876
40,-12.0,4.0,5.5384617,0.03097481,0.049548894,-0.00022043068
41,-12.0,0.0,4.923077,-0.028017925,0.048204876,5.2569314e-05
42,-12.0,0.5714286,4.923077,-0.024458714,0.05180011,2.8029603e-05
43,-12.0,1.1428572,4.923077,-0.009811426,0.04876422,2.1722637e-06
44,-12.0,1.7142857,4.923077,-0.006337439,0.050930593,3.4359402e-07
45,-12.0,2.2857144,4.923077,0.008449175,0.04961196,-2.3069673e-05
46,-12.0,2.857143,4.923077,0.012144663,0.050189737,-4.9998478e-05
47,-12.0,3.4285715,4.923077,0.027124628,0.050345812,-1.9212834e-05
48,-12.0,4.0,4.923077,0.031014778,0.049519405,1.1539592e-05
49,-12.0,0.0,4.3076925,-0.027998824,0.048202235,-4.0831663e-05
50,-12.0,0.5714286,4.3076925,-0.024452304,0.051802736,-2.6000227e-05
51,-12.0,1.1428572,4.3076925,-0.009822745,0.048748024,-1.593439e-05
52,-12.0,1.7142857,4.3076925,-0.00632663,0.050920986,-3.8454444e-05
53,-12.0,2.2857144,4.3076925,0.008439464,0.04959639,-3.5931313e-05
54,-12.0,2.857143,4.3076925,0.012150514,0.050174013,-3.59851e-05
55,-12.0,3.4285715,4.3076925,0.02711844,0.050324026,-8.90483e-05
56,-12.0,4.0,4.3076925,0.030998524,0.049496856,-0.00014918766
57,-12.0,0.0,3.6923077,-0.02801096,0.048201814,-5.1484574e-05
58,-12.0,0.5714286,3.6923077,-0.024464803,0.051802736,-6.691696e-05
59,-12.0,1.1428572,3.6923077,-0.009834827,0.048747674,-7.771968e-05
60,-12.0,1.7142857,3.6923077,-0.006339111,0.05092091,-5.5715915e-05
61,-12.0,2.2857144,3.6923077,0.008427354,0.049596116,-5.894466e-05
62,-12.0,2.857143,3.6923077,0.012138014,0.050173875,-5.9415263e-05
63,-12.0,3.4285715,3.6923077,0.027106315,0.050323803,-7.081587e-06
64,-12.0,4.0,3.6923077,0.03098603,0.049496662,5.2447114e-05
65,-12.0,0.0,3.0769231,-0.028054088,0.048203643,-0.00014495684
66,-12.0,0.5714286,3.0769231,-0.024496073,0.051800117,-0.00012091721
67,-12.0,1.1428572,3.0769231,-0.0098476885,0.048763175,-9.585347e-05
68,-12.0,1.7142857,3.0769231,-0.0063748905,0.05093038,-9.4480085e-05
69,-12.0,2.2857144,3.0769231,0.008412857,0.04961112,-7.1842725e-05
70,-12.0,2.857143,3.0769231,0.012107156,0.050189324,-4.5369045e-05
71,-12.0,3.4285715,3.0769231,0.027088223,0.05034514,-7.6954384e-05
72,-12.0,4.0,3.0769231,0.03097718,0.049518835,-0.00010823628
73,-12.0,0.0,2.4615386,-0.028037246,0.048218656,-0.00015790567
74,-12.0,0.5714286,2.4615386,-0.024541233,0.05183019,-0.00014668134
75,-12.0,1.1428572,2.4615386,-0.009890817,0.048775565,-0.0001378415
76,-12.0,1.7142857,2.4615386,-0.006408943,0.05095316,-9.917823e-05
77,-12.0,2.2857144,2.4615386,0.008372433,0.049646296,-7.62279e-05
78,-12.0,2.857143,2.4615386,0.012063432,0.050213885,-5.6745466e-05
79,-12.0,3.4285715,2.4615386,0.027065713,0.05039248,2.0180138e-05
80,-12.0,4.0,2.4615386,0.030912237,0.049547937,0.00012374473
81,-12.0,0.0,1.8461539,-0.028151955,0.048245262,-0.00017308773
82,-12.0,0.5714286,1.8461539,-0.024601964,0.051810108,-0.00016101314
83,-12.0,1.1428572,1.8461539,-0.009915882,0.048844732,-0.00012830783
84,-12.0,1.7142857,1.8461539,-0.006492172,0.050965946,-9.537978e-05
85,-12.0,2.2857144,1.8461539,0.008332469,0.049707547,-6.700408e-05
86,-12.0,2.857143,1.8461539,0.011989716,0.050249256,-9.064468e-06
87,-12.0,3.4285715,1.8461539,0.027001396,0.05046023,-2.0183521e-05
88,-12.0,4.0,1.8461539,0.030892517,0.04960502,-4.6384477e-05
89,-12.0,0.0,1.2307693,-0.028157989,0.048251722,-0.00020489609
90,-12.0,0.5714286,1.2307693,-0.024701478,0.05190629,-0.00012273017
91,-12.0,1.1428572,1.2307693,-0.01004764,0.0488398,-8.786389e-05
92,-12.0,1.7142857,1.2307693,-0.0065614223,0.05105572,-6.9487e-05
93,-12.0,2.2857144,1.2307693,0.008211814,0.049742244,-9.469038e-06
94,-12.0,2.857143,1.2307693,0.011893211,0.050330337,3.601489e-06
95,-12.0,3.4285715,1.2307693,0.026914883,0.050519012,9.7021955e-05
96,-12.0,4.0,1.2307693,0.030734895,0.04966583,0.00025816946
97,-12.0,0.0,0.61538464,-0.028578859,0.04832299,-3.1813906e-05
98,-12.0,0.5714286,0.61538464,-0.024775011,0.051913965,-9.384493e-05
99,-12.0,1.1428572,0.61538464,-0.010295226,0.04893064,-7.221619e-05
100,-12.0,1.7142857,0.61538464,-0.0066614705,0.051097058,2.4915556e-05
101,-12.0,2.2857144,0.61538464,0.007962482,0.049810864,9.054205e-06
102,-12.0,2.857143,0.61538464,0.011851435,0.05043766,9.02118e-05
103,-12.0,3.4285715,0.61538464,0.02663371,0.050552968,7.839914e-05
104,-12.0,4.0,0.61538464,0.030771488,0.04982002,-5.4241814e-06
105,-12.0,0.0,0.0,-0.028783703,0.04855367,-0.00027029606
106,-12.0,0.5714286,0.0,-0.024883214,0.05185647,-6.551245e-05
107,-12.0,1.1428572,0.0,-0.010685834,0.04906567,4.9850787e-05
108,-12.0,1.7142857,0.0,-0.0067187594,0.051120985,-3.553318e-05
109,-12.0,2.2857144,0.0,0.007603437,0.04988567,0.00015945574
110,-12.0,2.857143,0.0,0.011771127,0.050497238,7.965165e-05
111,-12.0,3.4285715,0.0,0.026395397,0.050609183,0.00015259365
112,-12.0,4.0,0.0,0.03064106,0.049844667,0.00034268314
113,-11.4,0.0,8.0,-0.03363462,0.042624857,5.382898e-05
114,-11.4,0.5714286,8.0,-0.019953368,0.03920539,0.00017341094
115,-11.4,1.1428572,8.0,-0.015453608,0.041927516,0.00018798649
116,-11.4,1.7142857,8.0,-0.0017799645,0.039840996,-1.1503369e-05
117,-11.4,2.2857144,8.0,0.0027936937,0.04107843,8.173404e-05
118,-11.4,2.857143,8.0,0.016723007,0.04052096,-6.975896e-05
119,-11.4,3.4285715,8.0,0.021576451,0.040348615,-7.5419004e-05
120,-11.4,4.0,8.0,0.035663586,0.040990785,5.3709242e-05
121,-11.4,0.0,7.3846154,-0.03346799,0.04277553,0.00030825773
122,-11.4,0.5714286,7.3846154,-0.019646218,0.039029274,0.00016599879
123,-11.4,1.1428572,7.3846154,-0.015364695,0.041947838,0.00010898837
124,-11.4,1.7142857,7.3846154,-0.0014631229,0.039739035,0.000112577276
125,-11.4,2.2857144,7.3846154,0.002880384,0.041026995,1.06507105e-05
126,-11.4,2.857143,7.3846154,0.01699048,0.040460162,2.190081e-06
127,-11.4,3.4285715,7.3846154,0.021629626,0.04027359,-9.846435e-05
128,-11.4,4.0,7.3846154,0.03585544,0.040910605,-0.00029941174
129,-11.4,0.0,6.769231,-0.03345147,0.042730972,0.00016076808
130,-11.4,0.5714286,6.769231,-0.019391,0.03894224,0.00016863248
131,-11.4,1.1428572,6.769231,-0.015289777,0.041930873,0.00013768999
132,-11.4,1.7142857,6.769231,-0.0012301602,0.03965923,8.079159e-05
133,-11.4,2.2857144,6.769231,0.0029253312,0.040954016,5.5506123e-05
134,-11.4,2.857143,6.769231,0.017219074,0.040410694,-2.1198271e-05
135,-11.4,3.4285715,6.769231,0.021638451,0.040152825,-2.4202476e-05
136,-11.4,4.0,6.769231,0.036117136,0.040906984,1.4850326e-05
137,-11.4,0.0,6.1538463,-0.03333851,0.042688087,0.00017090005
138,-11.4,0.5714286,6.1538463,-0.019311076,0.038955808,0.00014250832
139,-11.4,1.1428572,6.1538463,-0.0152414255,0.041835696,0.00011464229
140,-11.4,1.7142857,6.1538463,-0.0011433843,0.039642133,8.020846e-05
141,-11.4,2.2857144,6.1538463,0.00298796,0.040870365,3.3464898e-05
142,-11.4,2.857143,6.1538463,0.017297864,0.04036321,1.2670716e-05
143,-11.4,3.4285715,6.1538463,0.021719478,0.04007119,-8.73926e-05
144,-11.4,4.0,6.1538463,0.036167957,0.04083614,-0.00021321932
145,-11.4,0.0,5.5384617,-0.03334426,0.042676274,0.00013342674
146,-11.4,0.5714286,5.5384617,-0.019295767,0.038886942,0.00010628531
147,-11.4,1.1428572,5.5384617,-0.015194549,0.04183798,7.191332e-05
148,-11.4,1.7142857,5.5384617,-0.0011295655,0.039578497,5.725166e-05
149,-11.4,2.2857144,5.5384617,0.0030341088,0.040844597,2.4301418e-05
150,-11.4,2.857143,5.5384617,0.017328205,0.04029952,-2.0313744e-05
151,-11.4,3.4285715,5.5384617,0.021755127,0.04003581,-2.9242842e-06
152,-11.4,4.0,5.5384617,0.036212996,0.040776033,1.8170813e-05
153,-11.4,0.0,4.923077,-0.03329933,0.0426769,3.0293462e-05
154,-11.4,0.5714286,4.923077,-0.01928821,0.038885187,4.334762e-05
155,-11.4,1.1428572,4.923077,-0.015183857,0.041811593,3.9762723e-05
156,-11.4,1.7142857,4.923077,-0.0011181342,0.03955156,9.639932e-06
157,-11.4,2.2857144,4.923077,0.0030521671,0.04082369,-5.669353e-06
158,-11.4,2.857143,4.923077,0.017334845,0.040261224,-1.35343425e-05
159,-11.4,3.4285715,4.923077,0.021776907,0.040009864,-8.724904e-05
160,-11.4,4.0,4.923077,0.03619471,0.040728718,-0.00016077566
161,-11.4,0.0,4.3076925,-0.03330657,0.04266852,8.049337e-06
162,-11.4,0.5714286,4.3076925,-0.01929361,0.03886898,-1.9746036e-05
163,-11.4,1.1428572,4.3076925,-0.015175408,0.041807838,-3.717313e-05
164,-11.4,1.7142857,4.3076925,-0.0011266185,0.03953784,-2.7985223e-05
165,-11.4,2.2857144,4.3076925,0.0030575101,0.04081175,-4.0756317e-05
166,-11.4,2.857143,4.3076925,0.017328516,0.040244717,-5.7139794e-05
167,-11.4,3.4285715,4.3076925,0.021775445,0.039996482,-1.3293595e-05
168,-11.4,4.0,4.3076925,0.03618936,0.040709477,2.4996189e-05
169,-11.4,0.0,3.6923077,-0.03331893,0.042668577,-0.0001242455
170,-11.4,0.5714286,3.6923077,-0.019305693,0.0388686,-9.719021e-05
171,-11.4,1.1428572,3.6923077,-0.015187856,0.04180781,-8.034086e-05
172,-11.4,1.7142857,3.6923077,-0.0011387438,0.03953754,-9.0229696e-05
173,-11.4,2.2857144,3.6923077,0.0030450465,0.04081165,-7.801271e-05
174,-11.4,2.857143,3.6923077,0.01731637,0.040244482,-6.232413e-05
175,-11.4,3.4285715,3.6923077,0.021762948,0.039996322,-0.00010676476
176,-11.4,4.0,3.6923077,0.036177162,0.04070929,-0.00014580975
177,-11.4,0.0,3.0769231,-0.033336684,0.04267701,-0.00014641431
178,-11.4,0.5714286,3.0769231,-0.019324562,0.03888406,-0.00016031117
179,-11.4,1.1428572,3.0769231,-0.015221186,0.041811522,-0.0001572438
180,-11.4,1.7142857,3.0769231,-0.0011545076,0.03955065,-0.00012788858
181,-11.4,2.2857144,3.0769231,0.0030147706,0.0408234,-0.000113062495
182,-11.4,2.857143,3.0769231,0.017298408,0.040260512,-0.000105967934
183,-11.4,3.4285715,3.0769231,0.02173945,0.0400094,-3.2773023e-05
184,-11.4,4.0,3.0769231,0.03615823,0.040728156,3.9917664e-05
185,-11.4,0.0,2.4615386,-0.033406347,0.04267648,-0.0002495948
186,-11.4,0.5714286,2.4615386,-0.019356292,0.038885083,-0.00022329217
187,-11.4,1.1428572,2.4615386,-0.015256772,0.041837845,-0.00018935045
188,-11.4,1.7142857,2.4615386,-0.0011901936,0.03957701,-0.00017553226
189,-11.4,2.2857144,2.4615386,0.0029717912,0.040844098,-0.00014300368
190,-11.4,2.857143,2.4615386,0.017267477,0.040298358,-9.9218385e-05
191,-11.4,3.4285715,2.4615386,0.021692688,0.040035028,-0.00011706739
192,-11.4,4.0,2.4615386,0.03615214,0.04077512,-0.00013903371
193,-11.4,0.0,1.8461539,-0.033425625,0.042688362,-0.0002869721
194,-11.4,0.5714286,1.8461539,-0.019395847,0.03895323,-0.00025949205
195,-11.4,1.1428572,1.8461539,-0.015328569,0.041835513,-0.00023208515
196,-11.4,1.7142857,1.8461539,-0.0012282274,0.039640065,-0.00019848422
197,-11.4,2.2857144,1.8461539,0.0029006833,0.040869676,-0.0001521633
198,-11.4,2.857143,1.8461539,0.01721289,0.04036161,-0.00013220862
199,-11.4,3.4285715,1.8461539,0.021632062,0.04007009,-3.2597105e-05
200,-11.4,4.0,1.8461539,0.036082868,0.040834904,9.233203e-05
201,-11.4,0.0,1.2307693,-0.033563517,0.042731702,-0.00027692743
202,-11.4,0.5714286,1.2307693,-0.019499796,0.03893864,-0.00028564763
203,-11.4,1.1428572,1.2307693,-0.0154019855,0.04193091,-0.0002551071
204,-11.4,1.7142857,1.2307693,-0.0013390915,0.03965642,-0.0001990739
205,-11.4,2.2857144,1.2307693,0.0028129742,0.040953267,-0.00017419826
206,-11.4,2.857143,1.2307693,0.017109996,0.04040859,-9.834054e-05
207,-11.4,3.4285715,1.2307693,0.02152591,0.04015146,-9.5782896e-05
208,-11.4,4.0,1.2307693,0.03600787,0.040905427,-0.00013568913
209,-11.4,0.0,0.61538464,-0.033605084,0.04277664,-0.00042441903
210,-11.4,0.5714286,0.61538464,-0.019779269,0.03902476,-0.00028295242
211,-11.4,1.1428572,0.61538464,-0.01550184,0.04194803,-0.00022641016
212,-11.4,1.7142857,0.61538464,-0.0015962626,0.039735533,-0.00023084755
213,-11.4,2.2857144,0.61538464,0.0027430777,0.04102621,-0.00012934078
214,-11.4,2.857143,0.61538464,0.016857186,0.040457536,-0.00012172338
215,-11.4,3.4285715,0.61538464,0.021492146,0.04027204,-2.1521586e-05
216,-11.4,4.0,0.61538464,0.035721995,0.04090867,0.00017854435
217,-11.4,0.0,0.0,-0.03379626,0.042625733,-0.00016981729
218,-11.4,0.5714286,0.0,-0.020110855,0.03920047,-0.00029042494
219,-11.4,1.1428572,0.0,-0.01561542,0.041927528,-0.00030544316
220,-11.4,1.7142857,0.0,-0.001937588,0.039837066,-0.00010670534
221,-11.4,2.2857144,0.0,0.00263172,0.041077454,-0.00020045016
222,-11.4,2.857143,0.0,0.016565233,0.04051795,-4.975047e-05
223,-11.4,3.4285715,0.0,0.021414286,0.040346824,-4.4567078e-05
224,-11.4,4.0,0.0,0.03550561,0.04098849,-0.000174519
225,-10.8,0.0,8.0,-0.029324451,0.029411629,0.00055754016
226,-10.8,0.5714286,8.0,-0.02440584,0.032759573,0.00038191225
227,-10.8,1.1428572,8.0,-0.011180641,0.029839521,0.00026929242
228,-10.8,1.7142857,8.0,-0.006259886,0.031856306,0.00037048134
229,-10.8,2.2857144,8.0,0.0071078716,0.030513527,0.00016831081
230,-10.8,2.857143,8.0,0.012182922,0.030946031,0.00018184724
231,-10.8,3.4285715,8.0,0.025931742,0.031075526,4.383746e-05
232,-10.8,4.0,8.0,0.03116739,0.030265335,-0.0002677919
233,-10.8,0.0,7.3846154,-0.029037306,0.02916031,0.00030342123
234,-10.8,0.5714286,7.3846154,-0.024272464,0.032854415,0.00037036664
235,-10.8,1.1428572,7.3846154,-0.010842161,0.02970277,0.0003526321
236,-10.8,1.7142857,7.3846154,-0.006130292,0.031823758,0.00025395767
237,-10.8,2.2857144,7.3846154,0.0074007763,0.030418957,0.00023758647
238,-10.8,2.857143,7.3846154,0.012278509,0.03084548,0.00012238347
239,-10.8,3.4285715,7.3846154,0.026157394,0.030976558,8.1578386e-05
240,-10.8,4.0,7.3846154,0.031229239,0.030159013,0.00013309822
241,-10.8,0.0,6.769231,-0.028747696,0.029144453,0.0004065063
242,-10.8,0.5714286,6.769231,-0.024193505,0.032847513,0.00034177265
243,-10.8,1.1428572,6.769231,-0.010609708,0.029602101,0.00029836508
244,-10.8,1.7142857,6.769231,-0.00607808,0.03177268,0.00026189344
245,-10.8,2.2857144,6.769231,0.0076326407,0.030348275,0.00018307185
246,-10.8,2.857143,6.769231,0.012308835,0.03073438,0.00014144993
247,-10.8,3.4285715,6.769231,0.026375104,0.030937351,1.9466943e-05
248,-10.8,4.0,6.769231,0.03125255,0.0299957,-0.00015581395
249,-10.8,0.0,6.1538463,-0.028710516,0.029113874,0.00031600654
250,-10.8,0.5714286,6.1538463,-0.02415217,0.032747176,0.00028134746
251,-10.8,1.1428572,6.1538463,-0.0105389375,0.029607162,0.0002444432
252,-10.8,1.7142857,6.1538463,-0.006024015,0.031682998,0.0002025297
253,-10.8,2.2857144,6.1538463,0.0077011683,0.030314406,0.00015805631
254,-10.8,2.857143,6.1538463,0.012377072,0.03065462,8.105199e-05
255,-10.8,3.4285715,6.1538463,0.026449293,0.030883562,8.0569866e-05
256,-10.8,4.0,6.1538463,0.0313306,0.029929338,0.00010188141
257,-10.8,0.0,5.5384617,-0.028678622,0.029086024,0.0001921034
258,-10.8,0.5714286,5.5384617,-0.024113977,0.032766756,0.00019097995
259,-10.8,1.1428572,5.5384617,-0.010526248,0.029536406,0.00017604031
260,-10.8,1.7142857,5.5384617,-0.0059870062,0.03167244,0.00012899697
261,-10.8,2.2857144,5.5384617,0.007729943,0.03025667,9.445266e-05
262,-10.8,2.857143,5.5384617,0.012419709,0.03063083,6.758944e-05
263,-10.8,3.4285715,5.5384617,0.026479414,0.030824887,-2.3227909e-05
264,-10.8,4.0,5.5384617,0.03135535,0.029890524,-0.00011946706
265,-10.8,0.0,4.923077,-0.028683076,0.029063681,0.00013210069
266,-10.8,0.5714286,4.923077,-0.024098031,0.032735296,9.503284e-05
267,-10.8,1.1428572,4.923077,-0.010519142,0.029525347,6.7858105e-05
268,-10.8,1.7142857,4.923077,-0.005967734,0.0316537,6.0462688e-05
269,-10.8,2.2857144,4.923077,0.0077336985,0.030228512,3.325811e-05
270,-10.8,2.857143,4.923077,0.012441265,0.030614885,-3.0594706e-06
271,-10.8,3.4285715,4.923077,0.026478747,0.030792186,2.6913625e-05
272,-10.8,4.0,4.923077,0.031371,0.029875245,5.8169993e-05
273,-10.8,0.0,4.3076925,-0.028681202,0.029063698,-4.2033378e-05
274,-10.8,0.5714286,4.3076925,-0.024092002,0.03273976,-1.7131022e-05
275,-10.8,1.1428572,4.3076925,-0.010526006,0.029511664,-1.0973593e-05
276,-10.8,1.7142857,4.3076925,-0.0059649358,0.031647693,-3.3918506e-05
277,-10.8,2.2857144,4.3076925,0.0077288807,0.030217262,-3.5899488e-05
278,-10.8,2.857143,4.3076925,0.01244313,0.030606702,-3.448552e-05
279,-10.8,3.4285715,4.3076925,0.026471097,0.030777838,-9.348755e-05
280,-10.8,4.0,4.3076925,0.031362504,0.02986379,-0.00014781076
281,-10.8,0.0,3.6923077,-0.028693413,0.029063271,-9.81661e-05
282,-10.8,0.5714286,3.6923077,-0.024104439,0.032739785,-0.0001237142
283,-10.8,1.1428572,3.6923077,-0.010538135,0.029511329,-0.00013057001
284,-10.8,1.7142857,3.6923077,-0.0059773726,0.031647634,-0.000108211294
285,-10.8,2.2857144,3.6923077,0.0077167237,0.030217007,-0.000106893545
286,-10.8,2.857143,3.6923077,0.012430675,0.03060658,-0.00010890022
287,-10.8,3.4285715,3.6923077,0.026458923,0.03077764,-5.0586375e-05
288,-10.8,4.0,3.6923077,0.03135005,0.02986362,3.0864514e-06
289,-10.8,0.0,3.0769231,-0.02871937,0.029062487,-0.0002723814
290,-10.8,0.5714286,3.0769231,-0.024135252,0.032735366,-0.00023584296
291,-10.8,1.1428572,3.0769231,-0.010555562,0.029524336,-0.00020943361
292,-10.8,1.7142857,3.0769231,-0.006005033,0.031653535,-0.00020255268
293,-10.8,2.2857144,3.0769231,0.0076972283,0.030227736,-0.00017609028
294,-10.8,2.857143,3.0769231,0.0124039,0.030614525,-0.00014028478
295,-10.8,3.4285715,3.0769231,0.0264422,0.030791583,-0.00017102562
296,-10.8,4.0,3.0769231,0.031333543,0.029874738,-0.00020284083
297,-10.8,0.0,2.4615386,-0.028739348,0.029084004,-0.00033233312
298,-10.8,0.5714286,2.4615386,-0.024176074,0.032766864,-0.0003317397
299,-10.8,1.1428572,2.4615386,-0.010586928,0.029534746,-0.00031765396
300,-10.8,1.7142857,2.4615386,-0.006049179,0.031672154,-0.00027104656
301,-10.8,2.2857144,2.4615386,0.0076691615,0.030255402,-0.00023731479
302,-10.8,2.857143,2.4615386,0.012357439,0.030630218,-0.00021090091
303,-10.8,3.4285715,2.4615386,0.026418526,0.030823905,-0.000120913974
304,-10.8,4.0,2.4615386,0.03129299,0.029889675,-2.5185804e-05
305,-10.8,0.0,1.8461539,-0.028795313,0.0291111,-0.00045635123
306,-10.8,0.5714286,1.8461539,-0.02423909,0.032747317,-0.00042211948
307,-10.8,1.1428572,1.8461539,-0.010623889,0.029604856,-0.00038603696
308,-10.8,1.7142857,1.8461539,-0.006111073,0.0316826,-0.00034457835
309,-10.8,2.2857144,1.8461539,0.007616102,0.030312644,-0.00030091486
310,-10.8,2.857143,1.8461539,0.012289879,0.030653762,-0.00022435788
311,-10.8,3.4285715,1.8461539,0.026364073,0.030882211,-0.00022470816
312,-10.8,4.0,1.8461539,0.031243233,0.02992813,-0.00024649102
313,-10.8,0.0,1.2307693,-0.028856825,0.029140528,-0.00054673676
314,-10.8,0.5714286,1.2307693,-0.02430544,0.03284803,-0.00048250268
315,-10.8,1.1428572,1.2307693,-0.010718795,0.029598901,-0.00043997535
316,-10.8,1.7142857,1.2307693,-0.006190148,0.031772356,-0.00040391917
317,-10.8,2.2857144,1.2307693,0.0075234063,0.030345913,-0.00032593086
318,-10.8,2.857143,1.2307693,0.012196623,0.03073336,-0.00028474786
319,-10.8,3.4285715,1.2307693,0.026265705,0.030935613,-0.00016360368
320,-10.8,4.0,1.2307693,0.031140188,0.029994152,1.117733e-05
321,-10.8,0.0,0.61538464,-0.029170545,0.029155353,-0.00044369043
322,-10.8,0.5714286,0.61538464,-0.024409235,0.032855228,-0.0005111326
323,-10.8,1.1428572,0.61538464,-0.010975535,0.029698761,-0.0004942106
324,-10.8,1.7142857,0.61538464,-0.006267234,0.0318235,-0.00039598707
325,-10.8,2.2857144,0.61538464,0.007267262,0.030415993,-0.00038042662
326,-10.8,2.857143,0.61538464,0.012141408,0.030844348,-0.00026568043
327,-10.8,3.4285715,0.61538464,0.026023697,0.030974377,-0.00022570217
328,-10.8,4.0,0.61538464,0.031091921,0.030157218,-0.00027768096
329,-10.8,0.0,0.0,-0.02948235,0.029406287,-0.0006979204
330,-10.8,0.5714286,0.0,-0.024567302,0.032760177,-0.00052262517
331,-10.8,1.1428572,0.0,-0.011338492,0.029835079,-0.0004108124
332,-10.8,1.7142857,0.0,-0.0064214994,0.03185587,-0.0005125301
333,-10.8,2.2857144,0.0,0.006949871,0.030510165,-0.0003111226
334,-10.8,2.857143,0.0,0.012021164,0.030944688,-0.00032513886
335,-10.8,3.4285715,0.0,0.025773572,0.03107298,-0.00018795792
336,-10.8,4.0,0.0,0.03100547,0.030263288,0.00012317642
337,-10.2,0.0,8.0,-0.033396363,0.023555161,0.0005003993
338,-10.2,0.5714286,8.0,-0.020537496,0.019907871,0.0006522042
339,-10.2,1.1428572,8.0,-0.015329323,0.022839421,0.00072567107
340,-10.2,1.7142857,8.0,-0.0022559324,0.020513076,0.0004992626
341,-10.2,2.2857144,8.0,0.0028992887,0.021628698,0.00053760153
342,-10.2,2.857143,8.0,0.016119484,0.021126932,0.00034614364
343,-10.2,3.4285715,8.0,0.021769328,0.020763347,0.00021645433
344,-10.2,4.0,8.0,0.035257522,0.021461317,0.00028539222
345,-10.2,0.0,7.3846154,-0.033157527,0.023831723,0.000751268
346,-10.2,0.5714286,7.3846154,-0.020128546,0.019719977,0.0006509485
347,-10.2,1.1428572,7.3846154,-0.01513384,0.022849564,0.0005830921
348,-10.2,1.7142857,7.3846154,-0.0019039514,0.020384667,0.00055778184
349,-10.2,2.2857144,7.3846154,0.0030611404,0.02152631,0.00043081184
350,-10.2,2.857143,7.3846154,0.016401757,0.020992158,0.00034980368
351,-10.2,3.4285715,7.3846154,0.021845676,0.020601472,0.00018174374
352,-10.2,4.0,7.3846154,0.0354772,0.02130506,-9.447494e-05
353,-10.2,0.0,6.769231,-0.033108115,0.02375512,0.0006109846
354,-10.2,0.5714286,6.769231,-0.019918455,0.01961125,0.00058220385
355,-10.2,1.1428572,6.769231,-0.015082464,0.022829343,0.00054017507
356,-10.2,1.7142857,6.769231,-0.0016845971,0.020284764,0.00046697364
357,-10.2,2.2857144,6.769231,0.0030828982,0.021417957,0.0003906543
358,-10.2,2.857143,6.769231,0.016614987,0.020929344,0.0002668715
359,-10.2,3.4285715,6.769231,0.021869656,0.020445928,0.00021800699
360,-10.2,4.0,6.769231,0.03570182,0.021270247,0.0002389097
361,-10.2,0.0,6.1538463,-0.03308296,0.023720473,0.0004842042
362,-10.2,0.5714286,6.1538463,-0.019862635,0.019636754,0.00047283506
363,-10.2,1.1428572,6.1538463,-0.0150550045,0.022716135,0.00043029085
364,-10.2,1.7142857,6.1538463,-0.0016418919,0.020264274,0.00036239508
365,-10.2,2.2857144,6.1538463,0.0031436782,0.021340186,0.00028526803
366,-10.2,2.857143,6.1538463,0.016682254,0.02088976,0.0002310757
367,-10.2,3.4285715,6.1538463,0.021937342,0.02037822,0.00010612132
368,-10.2,4.0,6.1538463,0.035764273,0.02120509,-2.2901851e-05
369,-10.2,0.0,5.5384617,-0.03305404,0.023705041,0.00037431752
370,-10.2,0.5714286,5.5384617,-0.019862635,0.019551398,0.0003265169
371,-10.2,1.1428572,5.5384617,-0.015022703,0.022728281,0.00027690228
372,-10.2,1.7142857,5.5384617,-0.0016144043,0.020209037,0.00024706815
373,-10.2,2.2857144,5.5384617,0.0031779676,0.021332834,0.00019118187
374,-10.2,2.857143,5.5384617,0.016714012,0.020845024,0.00012581453
375,-10.2,3.4285715,5.5384617,0.021973254,0.020364253,0.00013339524
376,-10.2,4.0,5.5384617,0.035781756,0.021163555,0.00016742942
377,-10.2,0.0,4.923077,-0.033029024,0.023706526,0.00014101232
378,-10.2,0.5714286,4.923077,-0.019848216,0.019562779,0.00016209707
379,-10.2,1.1428572,4.923077,-0.0150025925,0.022707308,0.00015040034
380,-10.2,1.7142857,4.923077,-0.0016183597,0.020197252,0.00010886539
381,-10.2,2.2857144,4.923077,0.0032020174,0.021328658,8.1402504e-05
382,-10.2,2.857143,4.923077,0.016714735,0.02082709,6.385076e-05
383,-10.2,3.4285715,4.923077,0.02199126,0.020360297,-1.435336e-05
384,-10.2,4.0,4.923077,0.03576777,0.021135516,-8.284682e-05
385,-10.2,0.0,4.3076925,-0.033024278,0.02370088,3.6102752e-05
386,-10.2,0.5714286,4.3076925,-0.019857096,0.019548247,1.6578667e-06
387,-10.2,1.1428572,4.3076925,-0.015000917,0.022711612,-1.7202989e-05
388,-10.2,1.7142857,4.3076925,-0.001620914,0.020190958,-1.1949704e-05
389,-10.2,2.2857144,4.3076925,0.003202384,0.02132806,-2.7816948e-05
390,-10.2,2.857143,4.3076925,0.01670991,0.020821737,-4.8043734e-05
391,-10.2,3.4285715,4.3076925,0.021988738,0.020359585,-4.8821153e-06
392,-10.2,4.0,4.3076925,0.03575373,0.021128854,4.1147396e-05
393,-10.2,0.0,3.6923077,-0.033036552,0.023700982,-0.00020030548
394,-10.2,0.5714286,3.6923077,-0.01986922,0.019547867,-0.00016653322
395,-10.2,1.1428572,3.6923077,-0.015013336,0.022711601,-0.0001482956
396,-10.2,1.7142857,3.6923077,-0.0016330737,0.020190675,-0.00015419279
397,-10.2,2.2857144,3.6923077,0.0031899565,0.021327972,-0.00013892558
398,-10.2,2.857143,3.6923077,0.016697723,0.020821521,-0.00011931837
399,-10.2,3.4285715,3.6923077,0.021976283,0.020359444,-0.00016311344
400,-10.2,4.0,3.6923077,0.035741493,0.021128686,-0.00020981139
401,-10.2,0.0,3.0769231,-0.03306631,0.0237067,-0.00030511955
402,-10.2,0.5714286,3.0769231,-0.01988468,0.019561628,-0.00032700467
403,-10.2,1.1428572,3.0769231,-0.0150398,0.022707298,-0.0003158554
404,-10.2,1.7142857,3.0769231,-0.0016548604,0.020196384,-0.0002750476
405,-10.2,2.2857144,3.0769231,0.0031647386,0.021328408,-0.0002480985
406,-10.2,2.857143,3.0769231,0.016678175,0.020826437,-0.00023125604
407,-10.2,3.4285715,3.0769231,0.021953918,0.020359883,-0.0001535967
408,-10.2,4.0,3.0769231,0.03573116,0.021135021,-8.586843e-05
409,-10.2,0.0,2.4615386,-0.033115886,0.023705397,-0.00053846685
410,-10.2,0.5714286,2.4615386,-0.019923352,0.019549504,-0.0004914641
411,-10.2,1.1428572,2.4615386,-0.015084759,0.022728236,-0.00044230017
412,-10.2,1.7142857,2.4615386,-0.0016752193,0.02020762,-0.0004132871
413,-10.2,2.2857144,2.4615386,0.0031158312,0.0213324,-0.00035783462
414,-10.2,2.857143,2.4615386,0.016653085,0.020843957,-0.0002932539
415,-10.2,3.4285715,2.4615386,0.021911003,0.020363547,-0.00030130215
416,-10.2,4.0,2.4615386,0.035720684,0.021162737,-0.00033615518
417,-10.2,0.0,1.8461539,-0.033169847,0.023720894,-0.0006482038
418,-10.2,0.5714286,1.8461539,-0.019947678,0.019634122,-0.0006377467
419,-10.2,1.1428572,1.8461539,-0.015141864,0.02271607,-0.0005956947
420,-10.2,1.7142857,1.8461539,-0.0017270377,0.020262297,-0.00052859104
421,-10.2,2.2857144,1.8461539,0.003056683,0.021339577,-0.00045191994
422,-10.2,2.857143,1.8461539,0.016596979,0.020888284,-0.000398506
423,-10.2,3.4285715,1.8461539,0.021850206,0.020377226,-0.000274027
424,-10.2,4.0,1.8461539,0.035678864,0.021203984,-0.00014584449
425,-10.2,0.0,1.2307693,-0.03321969,0.023756094,-0.00077513856
426,-10.2,0.5714286,1.2307693,-0.020027678,0.019607529,-0.0007471373
427,-10.2,1.1428572,1.2307693,-0.015194288,0.02282951,-0.00070552493
428,-10.2,1.7142857,1.2307693,-0.0017939523,0.020282064,-0.0006331785
429,-10.2,2.2857144,1.2307693,0.0029709493,0.021417292,-0.00055727985
430,-10.2,2.857143,1.2307693,0.016505465,0.020927396,-0.000434303
431,-10.2,3.4285715,1.2307693,0.021757541,0.020444676,-0.00038589668
432,-10.2,4.0,1.2307693,0.03559208,0.021268848,-0.00040760724
433,-10.2,0.0,0.61538464,-0.03329415,0.023833118,-0.00091527746
434,-10.2,0.5714286,0.61538464,-0.020262122,0.01971529,-0.00081582647
435,-10.2,1.1428572,0.61538464,-0.015270462,0.022849921,-0.0007484647
436,-10.2,1.7142857,0.61538464,-0.0020376605,0.020381255,-0.0007239345
437,-10.2,2.2857144,0.61538464,0.0029243613,0.021525623,-0.0005974439
438,-10.2,2.857143,0.61538464,0.016267898,0.020989701,-0.00051720487
439,-10.2,3.4285715,0.61538464,0.021708732,0.020600054,-0.00034964192
440,-10.2,4.0,0.61538464,0.035343166,0.021303302,-7.425687e-05
441,-10.2,0.0,0.0,-0.033557408,0.02355632,-0.00066438044
442,-10.2,0.5714286,0.0,-0.020695547,0.019902749,-0.00081705017
443,-10.2,1.1428572,0.0,-0.015490622,0.022839604,-0.00089104543
444,-10.2,1.7142857,0.0,-0.0024141234,0.020509252,-0.00066539756
445,-10.2,2.2857144,0.0,0.0027378572,0.021627821,-0.00070419034
446,-10.2,2.857143,0.0,0.015961131,0.021124097,-0.00051355065
447,-10.2,3.4285715,0.0,0.02160774,0.020761695,-0.00038432298
448,-10.2,4.0,0.0,0.03509894,0.021459201,-0.00045409097
449,-9.6,0.0,8.0,-0.029703015,0.010325222,0.0012627263
450,-9.6,0.5714286,8.0,-0.024455044,0.01411571,0.0011876097
451,-9.6,1.1428572,8.0,-0.011601855,0.010630148,0.0009970076
452,-9.6,1.7142857,8.0,-0.006142255,0.012636545,0.0010770141
453,-9.6,2.2857144,8.0,0.0066505983,0.011119206,0.0008309753
454,-9.6,2.857143,8.0,0.012097721,0.011191703,0.00065485394
455,-9.6,3.4285715,8.0,0.025489733,0.011483154,0.0004237277
456,-9.6,4.0,8.0,0.031533834,0.01041419,-9.776675e-05
457,-9.6,0.0,7.3846154,-0.029201938,0.009984251,0.0010420174
458,-9.6,0.5714286,7.3846154,-0.024167327,0.014235898,0.0010428277
459,-9.6,1.1428572,7.3846154,-0.011128576,0.01045878,0.0010298574
460,-9.6,1.7142857,7.3846154,-0.0058827475,0.012527567,0.0008970768
461,-9.6,2.2857144,7.3846154,0.00699059,0.010928129,0.00075497833
462,-9.6,2.857143,7.3846154,0.012251636,0.010991685,0.0005502214
463,-9.6,3.4285715,7.3846154,0.025736762,0.01128579,0.00040381314
464,-9.6,4.0,7.3846154,0.03160938,0.010183304,0.00039806266
465,-9.6,0.0,6.769231,-0.029031906,0.009991403,0.0009796714
466,-9.6,0.5714286,6.769231,-0.024120094,0.014228129,0.0009478933
467,-9.6,1.1428572,6.769231,-0.010959348,0.010294814,0.0008700277
468,-9.6,1.7142857,6.769231,-0.005920409,0.012423772,0.00074378727
469,-9.6,2.2857144,6.769231,0.007181163,0.010848626,0.00060050935
470,-9.6,2.857143,6.769231,0.012260326,0.010848054,0.0004798553
471,-9.6,3.4285715,6.769231,0.025937777,0.011243313,0.00030299745
472,-9.6,4.0,6.769231,0.031650696,0.009986679,9.978274e-05
473,-9.6,0.0,6.1538463,-0.029027421,0.009936649,0.0008177422
474,-9.6,0.5714286,6.1538463,-0.024159838,0.014071573,0.0007225409
475,-9.6,1.1428572,6.1538463,-0.0109546995,0.010300931,0.00063842494
476,-9.6,1.7142857,6.1538463,-0.0058698007,0.012346642,0.0005585083
477,-9.6,2.2857144,6.1538463,0.007230367,0.010830397,0.0004580219
478,-9.6,2.857143,6.1538463,0.012325365,0.010795788,0.00033551527
479,-9.6,3.4285715,6.1538463,0.026006429,0.011210093,0.0003083031
480,-9.6,4.0,6.1538463,0.031689413,0.009941658,0.00034304318
481,-9.6,0.0,5.5384617,-0.029026847,0.009906956,0.00046427187
482,-9.6,0.5714286,5.5384617,-0.02410055,0.014122904,0.00047688468
483,-9.6,1.1428572,5.5384617,-0.010923325,0.0102426205,0.0004403786
484,-9.6,1.7142857,5.5384617,-0.0058511947,0.012367379,0.00035982637
485,-9.6,2.2857144,5.5384617,0.0072594895,0.010805698,0.0002950039
486,-9.6,2.857143,5.5384617,0.012361865,0.010811811,0.00024267731
487,-9.6,3.4285715,5.5384617,0.026028022,0.011188702,0.0001398138
488,-9.6,4.0,5.5384617,0.0317128,0.009936062,5.048084e-05
489,-9.6,0.0,4.923077,-0.02899775,0.009898471,0.00029165114
490,-9.6,0.5714286,4.923077,-0.024091642,0.014097284,0.00024437293
491,-9.6,1.1428572,4.923077,-0.0109365145,0.010258009,0.00020810039
492,-9.6,1.7142857,4.923077,-0.00582323,0.01237397,0.00018262857
493,-9.6,2.2857144,4.923077,0.0072558904,0.010809268,0.00014070775
494,-9.6,2.857143,4.923077,0.012384448,0.01082929,9.071628e-05
495,-9.6,3.4285715,4.923077,0.026023207,0.0111875925,0.00011749012
496,-9.6,4.0,4.923077,0.03171029,0.009952493,0.00016933489
497,-9.6,0.0,4.3076925,-0.0290102,0.009895739,-1.245606e-05
498,-9.6,0.5714286,4.3076925,-0.024080072,0.014111134,1.4021436e-05
499,-9.6,1.1428572,4.3076925,-0.010933477,0.01025428,1.5002712e-05
500,-9.6,1.7142857,4.3076925,-0.005825573,0.012384929,-8.538381e-06
501,-9.6,2.2857144,4.3076925,0.0072532333,0.010814343,-1.7644641e-05
502,-9.6,2.857143,4.3076925,0.012383814,0.010840402,-1.8753663e-05
503,-9.6,3.4285715,4.3076925,0.026013754,0.011191624,-7.823554e-05
504,-9.6,4.0,4.3076925,0.03170034,0.00995815,-0.00013535368
505,-9.6,0.0,3.6923077,-0.029022487,0.009895255,-0.00017574996
506,-9.6,0.5714286,3.6923077,-0.024092477,0.014111191,-0.00020290581
507,-9.6,1.1428572,3.6923077,-0.010945632,0.010253955,-0.00020452356
508,-9.6,1.7142857,3.6923077,-0.005837982,0.012384874,-0.00018160892
509,-9.6,2.2857144,3.6923077,0.0072410395,0.010814111,-0.0001730553
510,-9.6,2.857143,3.6923077,0.012371396,0.010840296,-0.00017256298
511,-9.6,3.4285715,3.6923077,0.02600154,0.011191452,-0.00011366768
512,-9.6,4.0,3.6923077,0.03168792,0.009958003,-5.7231344e-05
513,-9.6,0.0,3.0769231,-0.029034102,0.009897203,-0.000479941
514,-9.6,0.5714286,3.0769231,-0.024128767,0.014097469,-0.00043320766
515,-9.6,1.1428572,3.0769231,-0.010973035,0.010256995,-0.0003976615
516,-9.6,1.7142857,3.0769231,-0.005860433,0.012373836,-0.000372724
517,-9.6,2.2857144,3.0769231,0.007219306,0.010808551,-0.00033145508
518,-9.6,2.857143,3.0769231,0.012347191,0.01082898,-0.00028198096
519,-9.6,3.4285715,3.0769231,0.02598654,0.0111870635,-0.00030944
520,-9.6,4.0,3.0769231,0.03167293,0.0099520385,-0.00036185785
521,-9.6,0.0,2.4615386,-0.029087791,0.009904728,-0.0006524924
522,-9.6,0.5714286,2.4615386,-0.0241625,0.014123182,-0.00066564104
523,-9.6,1.1428572,2.4615386,-0.010984148,0.0102409655,-0.0006299873
524,-9.6,1.7142857,2.4615386,-0.005913228,0.012367123,-0.0005498598
525,-9.6,2.2857144,2.4615386,0.0071985307,0.010804528,-0.00048579564
526,-9.6,2.857143,2.4615386,0.012299765,0.010811277,-0.0004338897
527,-9.6,3.4285715,2.4615386,0.025966942,0.011187842,-0.0003318092
528,-9.6,4.0,2.4615386,0.0316506,0.009935304,-0.00024297246
529,-9.6,0.0,1.8461539,-0.029112412,0.009933671,-0.0010060683
530,-9.6,0.5714286,1.8461539,-0.024246516,0.014071933,-0.0009112929
531,-9.6,1.1428572,1.8461539,-0.011039899,0.01029861,-0.0008279816
532,-9.6,1.7142857,1.8461539,-0.0059566307,0.012346283,-0.0007485527
533,-9.6,2.2857144,1.8461539,0.0071450234,0.010828763,-0.00064878655
534,-9.6,2.857143,1.8461539,0.012238433,0.010795033,-0.0005267338
535,-9.6,3.4285715,1.8461539,0.025920918,0.011208908,-0.0005002793
536,-9.6,4.0,1.8461539,0.03160229,0.0099405665,-0.0005355044
537,-9.6,0.0,1.2307693,-0.029141486,0.009987025,-0.0011677219
538,-9.6,0.5714286,1.2307693,-0.024231687,0.014228953,-0.0011365564
539,-9.6,1.1428572,1.2307693,-0.011068772,0.010291586,-0.0010595976
540,-9.6,1.7142857,1.2307693,-0.0060321502,0.012423463,-0.0009337724
541,-9.6,2.2857144,1.2307693,0.007071525,0.010846432,-0.0007912811
542,-9.6,2.857143,1.2307693,0.012148503,0.010847145,-0.00067104475
543,-9.6,3.4285715,1.2307693,0.025827942,0.011241786,-0.0004949832
544,-9.6,4.0,1.2307693,0.031538706,0.00998527,-0.0002922683
545,-9.6,0.0,0.61538464,-0.029335631,0.009978751,-0.0012303418
546,-9.6,0.5714286,0.61538464,-0.024303675,0.014237056,-0.0012314846
547,-9.6,1.1428572,0.61538464,-0.011262433,0.01045466,-0.00121932
548,-9.6,1.7142857,0.61538464,-0.006019268,0.012527335,-0.0010870765
549,-9.6,2.2857144,0.61538464,0.0068565486,0.010925339,-0.0009456833
550,-9.6,2.857143,0.61538464,0.012115033,0.010990692,-0.00074142613
551,-9.6,3.4285715,0.61538464,0.025602516,0.011283846,-0.0005957631
552,-9.6,4.0,0.61538464,0.031472534,0.010181662,-0.0005905002
553,-9.6,0.0,0.0,-0.029861497,0.010319263,-0.0014508107
554,-9.6,0.5714286,0.0,-0.024616037,0.014116711,-0.0013763326
555,-9.6,1.1428572,0.0,-0.011760171,0.010625575,-0.001186426
556,-9.6,1.7142857,0.0,-0.006303444,0.012636114,-0.001266898
557,-9.6,2.2857144,0.0,0.006492049,0.011116036,-0.0010217055
558,-9.6,2.857143,0.0,0.011936498,0.011190515,-0.0008459712
559,-9.6,3.4285715,0.0,0.025331002,0.011480867,-0.0006157143
560,-9.6,4.0,0.0,0.03137245,0.010412313,-9.4698094e-05
561,-9.0,0.0,8.0,-0.033131152,0.005775719,0.0017033755
562,-9.0,0.5714286,8.0,-0.02121933,0.0013049286,0.0018389529
563,-9.0,1.1428572,8.0,-0.015210604,0.004639879,0.0020165392
564,-9.0,1.7142857,8.0,-0.0022705835,0.0013526569,0.0015962936
565,-9.0,2.2857144,8.0,0.002867755,0.0016917428,0.0012848725
566,-9.0,2.857143,8.0,0.015612078,0.0010860341,0.0009927162
567,-9.0,3.4285715,8.0,0.021675115,0.00022330022,0.0006232408
568,-9.0,4.0,8.0,0.035297375,0.0012768698,0.0006006609
569,-9.0,0.0,7.3846154,-0.032677855,0.0062535675,0.0018503241
570,-9.0,0.5714286,7.3846154,-0.02048505,0.0010176018,0.0018182753
571,-9.0,1.1428572,7.3846154,-0.014813602,0.004472943,0.00161867
572,-9.0,1.7142857,7.3846154,-0.0019059837,0.0010441428,0.0013368292
573,-9.0,2.2857144,7.3846154,0.003061057,0.0014481861,0.0010622273
574,-9.0,2.857143,7.3846154,0.015888898,0.0008524379,0.0008243655
575,-9.0,3.4285715,7.3846154,0.021803677,-3.914229e-05,0.000566601
576,-9.0,4.0,7.3846154,0.035553202,0.0010343512,0.00021613429
577,-9.0,0.0,6.769231,-0.032753587,0.0060341367,0.0016455998
578,-9.0,0.5714286,6.769231,-0.020499257,0.00071826414,0.0014083366
579,-9.0,1.1428572,6.769231,-0.015002411,0.004397549,0.0012219985
580,-9.0,1.7142857,6.769231,-0.0017707736,0.0009630449,0.0010466404
581,-9.0,2.2857144,6.769231,0.0030200966,0.001324095,0.00084001274
582,-9.0,2.857143,6.769231,0.016076524,0.00081587344,0.0006385222
583,-9.0,3.4285715,6.769231,0.021820653,-0.00019839889,0.0005346642
584,-9.0,4.0,6.769231,0.035724133,0.001019522,0.0005682931
585,-9.0,0.0,6.1538463,-0.032914642,0.0059576896,0.00096905185
586,-9.0,0.5714286,6.1538463,-0.020477027,0.0007960484,0.0009898318
587,-9.0,1.1428572,6.1538463,-0.014939101,0.004327295,0.0008865582
588,-9.0,1.7142857,6.1538463,-0.0017501051,0.0009916142,0.0007443915
589,-9.0,2.2857144,6.1538463,0.00307994,0.0013070601,0.0006077142
590,-9.0,2.857143,6.1538463,0.016139613,0.00082779786,0.0005073191
591,-9.0,3.4285715,6.1538463,0.02187998,-0.00021386551,0.0003584055
592,-9.0,4.0,6.1538463,0.035777126,0.000995614,0.00023968426
593,-9.0,0.0,5.5384617,-0.032719754,0.0059776823,0.0006928769
594,-9.0,0.5714286,5.5384617,-0.020453006,0.00073326466,0.00062519097
595,-9.0,1.1428572,5.5384617,-0.014945206,0.004393411,0.0005543198
596,-9.0,1.7142857,5.5384617,-0.0017223267,0.0009922666,0.00048732647
597,-9.0,2.2857144,5.5384617,0.0031083073,0.001364429,0.00040024196
598,-9.0,2.857143,5.5384617,0.016164757,0.00084117,0.0003100512
599,-9.0,3.4285715,5.5384617,0.021910094,-0.0001661775,0.00031282508
600,-9.0,4.0,5.5384617,0.03576238,0.0010057045,0.00038524583
601,-9.0,0.0,4.923077,-0.032791525,0.0059548453,0.00029223942
602,-9.0,0.5714286,4.923077,-0.0204516,0.0007686907,0.0003086293
603,-9.0,1.1428572,4.923077,-0.014901155,0.004405552,0.00028233134
604,-9.0,1.7142857,4.923077,-0.0017329915,0.0010255491,0.00023478172
605,-9.0,2.2857144,4.923077,0.0031359906,0.001406503,0.00018983266
606,-9.0,2.857143,4.923077,0.016161848,0.0008707162,0.00016481488
607,-9.0,3.4285715,4.923077,0.021924533,-0.00012301457,8.6719985e-05
608,-9.0,4.0,4.923077,0.035740424,0.001019488,2.7454238e-05
609,-9.0,0.0,4.3076925,-0.03272434,0.0059662503,5.3342836e-05
610,-9.0,0.5714286,4.3076925,-0.020444755,0.0007651253,3.1193475e-05
611,-9.0,1.1428572,4.3076925,-0.014906376,0.004427626,1.4678507e-05
612,-9.0,1.7142857,4.3076925,-0.0017315123,0.001039667,8.661376e-06
613,-9.0,2.2857144,4.3076925,0.0031349615,0.0014319605,-7.0242977e-06
614,-9.0,2.857143,4.3076925,0.016156225,0.00088957266,-3.1495714e-05
615,-9.0,3.4285715,4.3076925,0.021919085,-9.822164e-05,1.2569708e-05
616,-9.0,4.0,4.3076925,0.035717744,0.0010357151,7.604222e-05
617,-9.0,0.0,3.6923077,-0.032736603,0.005966447,-0.00026566203
618,-9.0,0.5714286,3.6923077,-0.020456895,0.000764695,-0.00024412484
619,-9.0,1.1428572,3.6923077,-0.014918769,0.0044276,-0.00022827933
620,-9.0,1.7142857,3.6923077,-0.0017437133,0.0010394185,-0.00022275794
621,-9.0,2.2857144,3.6923077,0.0031225726,0.0014318841,-0.00020768073
622,-9.0,2.857143,3.6923077,0.01614399,0.0008893936,-0.00018369706
623,-9.0,3.4285715,3.6923077,0.02190667,-9.8336415e-05,-0.00022841901
624,-9.0,4.0,3.6923077,0.03570546,0.0010355783,-0.00029244833
625,-9.0,0.0,3.0769231,-0.032828733,0.0059551983,-0.0005044584
626,-9.0,0.5714286,3.0769231,-0.020488119,0.00076737814,-0.0005215905
627,-9.0,1.1428572,3.0769231,-0.014938293,0.004405538,-0.00049588026
628,-9.0,1.7142857,3.0769231,-0.0017696138,0.0010247487,-0.00044892388
629,-9.0,2.2857144,3.0769231,0.0030988269,0.0014063115,-0.00040448466
630,-9.0,2.857143,3.0769231,0.016125152,0.0008701605,-0.00038005717
631,-9.0,3.4285715,3.0769231,0.02188732,-0.00012334886,-0.00030251755
632,-9.0,4.0,3.0769231,0.03570365,0.0010191132,-0.00024392048
633,-9.0,0.0,2.4615386,-0.032781478,0.0059784204,-0.00090507517
634,-9.0,0.5714286,2.4615386,-0.020513803,0.00073110504,-0.0008382295
635,-9.0,1.1428572,2.4615386,-0.01500715,0.0043933364,-0.0007677684
636,-9.0,1.7142857,2.4615386,-0.0017833331,0.0009909748,-0.0007015435
637,-9.0,2.2857144,2.4615386,0.0030463468,0.0013640694,-0.0006148127
638,-9.0,2.857143,2.4615386,0.01610362,0.0008402708,-0.00052536273
639,-9.0,3.4285715,2.4615386,0.021848038,-0.00016675686,-0.00052854506
640,-9.0,4.0,2.4615386,0.035701066,0.001005069,-0.00060175906
641,-9.0,0.0,1.8461539,-0.03300138,0.005958445,-0.0011810795
642,-9.0,0.5714286,1.8461539,-0.020562224,0.00079302234,-0.0012027784
643,-9.0,1.1428572,1.8461539,-0.015025791,0.004327185,-0.0011000537
644,-9.0,1.7142857,1.8461539,-0.0018355442,0.0009897816,-0.00095853815
645,-9.0,2.2857144,1.8461539,0.0029932132,0.0013065649,-0.0008223198
646,-9.0,2.857143,1.8461539,0.01605402,0.00082654203,-0.00072258455
647,-9.0,3.4285715,1.8461539,0.021793144,-0.00021468817,-0.00057416
648,-9.0,4.0,1.8461539,0.03569135,0.0009947709,-0.00045619023
649,-9.0,0.0,1.2307693,-0.03286481,0.0060357996,-0.0018577477
650,-9.0,0.5714286,1.2307693,-0.02060866,0.00071394135,-0.0016212676
651,-9.0,1.1428572,1.2307693,-0.015113974,0.004397586,-0.0014353833
652,-9.0,1.7142857,1.2307693,-0.001880566,0.00096055964,-0.0012608205
653,-9.0,2.2857144,1.2307693,0.0029085565,0.0013235286,-0.0010545492
654,-9.0,2.857143,1.2307693,0.01596652,0.0008142208,-0.00085382164
655,-9.0,3.4285715,1.2307693,0.021708991,-0.00019944368,-0.0007503664
656,-9.0,4.0,1.2307693,0.035613857,0.0010184561,-0.0007847857
657,-9.0,0.0,0.61538464,-0.032814298,0.0062555973,-0.0020618283
658,-9.0,0.5714286,0.61538464,-0.020618958,0.0010120581,-0.002031038
659,-9.0,1.1428572,0.61538464,-0.014949903,0.004473172,-0.001832056
660,-9.0,1.7142857,0.61538464,-0.0020402635,0.0010409297,-0.0015508785
661,-9.0,2.2857144,0.61538464,0.0029248018,0.0014476425,-0.0012768104
662,-9.0,2.857143,0.61538464,0.015754422,0.0008503101,-0.0010395735
663,-9.0,3.4285715,0.61538464,0.021667318,-4.031016e-05,-0.00078236015
664,-9.0,4.0,0.61538464,0.03541848,0.0010329981,-0.0004326305
665,-9.0,0.0,0.0,-0.033291806,0.0057776663,-0.0019155492
666,-9.0,0.5714286,0.0,-0.021377651,0.0012987258,-0.0020513767
667,-9.0,1.1428572,0.0,-0.015371623,0.004639824,-0.0022296906
668,-9.0,1.7142857,0.0,-0.0024294194,0.0013490631,-0.0018104013
669,-9.0,2.2857144,0.0,0.0027068811,0.0016910143,-0.0014992615
670,-9.0,2.857143,0.0,0.0154530555,0.0010835702,-0.0012080282
671,-9.0,3.4285715,0.0,0.021514185,0.00022194418,-0.0008388697
672,-9.0,4.0,0.0,0.035138078,0.0012752037,-0.0008171536
673,-8.4,0.0,8.0,-0.029867617,-0.005183745,0.0038804517
674,-8.4,0.5714286,8.0,-0.025000473,-0.00090018817,0.0038920105
675,-8.4,1.1428572,8.0,-0.010628292,-0.007774793,0.0027503234
676,-8.4,1.7142857,8.0,-0.005706167,-0.0075251646,0.0020867144
677,-8.4,2.2857144,8.0,0.006428651,-0.009550873,0.0017014616
678,-8.4,2.857143,8.0,0.012039373,-0.010378253,0.0011909875
679,-8.4,3.4285715,8.0,0.024742316,-0.009825565,0.0009718062
680,-8.4,4.0,8.0,0.032238387,-0.011557305,0.00028491137
681,-8.4,0.0,7.3846154,-0.028745592,-0.0059653316,0.0033225776
682,-8.4,0.5714286,7.3846154,-0.024507953,-0.0012694022,0.0025924004
683,-8.4,1.1428572,7.3846154,-0.010439459,-0.008327723,0.0021200557
684,-8.4,1.7142857,7.3846154,-0.0055707823,-0.007844022,0.001675927
685,-8.4,2.2857144,7.3846154,0.0066211484,-0.009833277,0.0013125886
686,-8.4,2.857143,7.3846154,0.012163509,-0.01065981,0.001033055
687,-8.4,3.4285715,7.3846154,0.02497884,-0.010035886,0.0007926057
688,-8.4,4.0,7.3846154,0.032359064,-0.01183037,0.0008221567
689,-8.4,0.0,6.769231,-0.0294437,-0.0062092473,0.00175129
690,-8.4,0.5714286,6.769231,-0.024917865,-0.0011635132,0.0017752827
691,-8.4,1.1428572,6.769231,-0.010355392,-0.008331118,0.0015307567
692,-8.4,1.7142857,6.769231,-0.0056924545,-0.007909633,0.0012352921
693,-8.4,2.2857144,6.769231,0.0067741727,-0.009831802,0.0010076212
694,-8.4,2.857143,6.769231,0.012170102,-0.010760811,0.0008254797
695,-8.4,3.4285715,6.769231,0.025172696,-0.0100161405,0.00064313394
696,-8.4,4.0,6.769231,0.032374974,-0.011991392,0.00044000908
697,-8.4,0.0,6.1538463,-0.028925793,-0.006145963,0.0012482201
698,-8.4,0.5714286,6.1538463,-0.024786737,-0.0012147112,0.0011322958
699,-8.4,1.1428572,6.1538463,-0.0103601655,-0.008223172,0.0010166657
700,-8.4,1.7142857,6.1538463,-0.005634239,-0.007860515,0.0008833187
701,-8.4,2.2857144,6.1538463,0.0068243006,-0.009759703,0.0007335877
702,-8.4,2.857143,6.1538463,0.012229999,-0.010724548,0.00059211033
703,-8.4,3.4285715,6.1538463,0.025232434,-0.009962352,0.00056581496
704,-8.4,4.0,6.1538463,0.03238249,-0.011965254,0.0006706383
705,-8.4,0.0,5.5384617,-0.02917952,-0.0062529743,0.00070032215
706,-8.4,0.5714286,5.5384617,-0.024793914,-0.0011340405,0.0006783965
707,-8.4,1.1428572,5.5384617,-0.0103272395,-0.008198084,0.00064072537
708,-8.4,1.7142857,5.5384617,-0.0056162733,-0.00775259,0.0005447625
709,-8.4,2.2857144,5.5384617,0.006848217,-0.009699034,0.00047282025
710,-8.4,2.857143,5.5384617,0.012269519,-0.010622888,0.00041111017
711,-8.4,3.4285715,5.5384617,0.025243267,-0.009913597,0.00032739423
712,-8.4,4.0,5.5384617,0.03238768,-0.011891391,0.0002561877
713,-8.4,0.0,4.923077,-0.028973455,-0.0062060566,0.00033176236
714,-8.4,0.5714286,4.923077,-0.024723943,-0.0011296286,0.00033486672
715,-8.4,1.1428572,4.923077,-0.0103348065,-0.0081418995,0.00029661314
716,-8.4,1.7142857,4.923077,-0.005579815,-0.007688567,0.00027587923
717,-8.4,2.2857144,4.923077,0.0068472405,-0.009637695,0.00022494694
718,-8.4,2.857143,4.923077,0.012289736,-0.010546062,0.00018608176
719,-8.4,3.4285715,4.923077,0.025231497,-0.009857726,0.00021420876
720,-8.4,4.0,4.923077,0.03237353,-0.011820884,0.00031687037
721,-8.4,0.0,4.3076925,-0.029041182,-0.006226589,3.8395752e-05
722,-8.4,0.5714286,4.3076925,-0.02472105,-0.0011055962,1.6566893e-05
723,-8.4,1.1428572,4.3076925,-0.010327915,-0.008122448,2.7587987e-05
724,-8.4,1.7142857,4.3076925,-0.0055804104,-0.0076496108,-5.3188273e-07
725,-8.4,2.2857144,4.3076925,0.0068444735,-0.009604009,6.267938e-08
726,-8.4,2.857143,4.3076925,0.012288818,-0.010503941,-1.0223347e-05
727,-8.4,3.4285715,4.3076925,0.025219204,-0.009825348,-5.33758e-05
728,-8.4,4.0,4.3076925,0.032356422,-0.011785684,-0.00012411209
729,-8.4,0.0,3.6923077,-0.029053386,-0.0062275263,-0.00027471382
730,-8.4,0.5714286,3.6923077,-0.024733433,-0.0011054111,-0.00025365187
731,-8.4,1.1428572,3.6923077,-0.010340123,-0.008122837,-0.0002651171
732,-8.4,1.7142857,3.6923077,-0.0055927793,-0.007649556,-0.00023763282
733,-8.4,2.2857144,3.6923077,0.006832234,-0.009604245,-0.00023860908
734,-8.4,2.857143,3.6923077,0.012276442,-0.010503975,-0.00022898015
735,-8.4,3.4285715,3.6923077,0.025206946,-0.009825496,-0.00018624046
736,-8.4,4.0,3.6923077,0.03234403,-0.011785781,-0.00011625757
737,-8.4,0.0,3.0769231,-0.02901,-0.00620789,-0.00056819245
738,-8.4,0.5714286,3.0769231,-0.024760945,-0.0011296173,-0.000571867
739,-8.4,1.1428572,3.0769231,-0.010371529,-0.008142656,-0.0005342017
740,-8.4,1.7142857,3.0769231,-0.00561685,-0.007688699,-0.0005139701
741,-8.4,2.2857144,3.0769231,0.0068104677,-0.0096382005,-0.00046357015
742,-8.4,2.857143,3.0769231,0.012252653,-0.0105463,-0.00042520196
743,-8.4,3.4285715,3.0769231,0.025194649,-0.0098581,-0.00045390608
744,-8.4,4.0,3.0769231,0.03233633,-0.011821248,-0.0005571444
745,-8.4,0.0,2.4615386,-0.029240455,-0.0062566213,-0.00093671435
746,-8.4,0.5714286,2.4615386,-0.024855724,-0.001133609,-0.000915283
747,-8.4,1.1428572,2.4615386,-0.010388355,-0.008199617,-0.0008783948
748,-8.4,1.7142857,2.4615386,-0.005678074,-0.0077526337,-0.0007827809
749,-8.4,2.2857144,2.4615386,0.006786988,-0.009699994,-0.0007114916
750,-8.4,2.857143,2.4615386,0.0122076655,-0.010623215,-0.00065018464
751,-8.4,3.4285715,2.4615386,0.025181929,-0.009914248,-0.0005671316
752,-8.4,4.0,2.4615386,0.032325685,-0.011891972,-0.0004964454
753,-8.4,0.0,1.8461539,-0.029011074,-0.00615034,-0.0014846798
754,-8.4,0.5714286,1.8461539,-0.024873165,-0.0012145549,-0.0013692296
755,-8.4,1.1428572,1.8461539,-0.010445803,-0.00822508,-0.0012542898
756,-8.4,1.7142857,1.8461539,-0.005720716,-0.007860758,-0.0011213296
757,-8.4,2.2857144,1.8461539,0.0067385472,-0.009760933,-0.00097227166
758,-8.4,2.857143,1.8461539,0.012143439,-0.010725097,-0.00083115144
759,-8.4,3.4285715,1.8461539,0.02514653,-0.00996321,-0.00080557686
760,-8.4,4.0,1.8461539,0.032295696,-0.011966121,-0.00091082486
761,-8.4,0.0,1.2307693,-0.029553406,-0.0062165675,-0.0019873371
762,-8.4,0.5714286,1.2307693,-0.0250291,-0.0011627185,-0.0020122295
763,-8.4,1.1428572,1.2307693,-0.010465508,-0.008334014,-0.0017683076
764,-8.4,1.7142857,1.2307693,-0.0058036367,-0.00790969,-0.0014733373
765,-8.4,2.2857144,1.2307693,0.0066638985,-0.009833573,-0.0012462331
766,-8.4,2.857143,1.2307693,0.012058856,-0.010761406,-0.0010645727
767,-8.4,3.4285715,1.2307693,0.025062257,-0.010017289,-0.0008828312
768,-8.4,4.0,1.2307693,0.032263488,-0.01199252,-0.0006803033
769,-8.4,0.0,0.61538464,-0.028879697,-0.0059740385,-0.0035591042
770,-8.4,0.5714286,0.61538464,-0.024643784,-0.0012685626,-0.0028289976
771,-8.4,1.1428572,0.61538464,-0.010574172,-0.008331292,-0.0023576627
772,-8.4,1.7142857,0.61538464,-0.0057066,-0.007844094,-0.0019138567
773,-8.4,2.2857144,0.61538464,0.006486303,-0.009835477,-0.0015512445
774,-8.4,2.857143,0.61538464,0.012027646,-0.010660485,-0.0012720642
775,-8.4,3.4285715,0.61538464,0.024843823,-0.010037353,-0.0010323658
776,-8.4,4.0,0.61538464,0.032222893,-0.011831685,-0.001062299
777,-8.4,0.0,0.0,-0.030026661,-0.0051944023,-0.004114555
778,-8.4,0.5714286,0.0,-0.025161127,-0.00089947594,-0.004128651
779,-8.4,1.1428572,0.0,-0.010787746,-0.0077789756,-0.0029877215
780,-8.4,1.7142857,0.0,-0.0058665858,-0.0075252517,-0.002324604
781,-8.4,2.2857144,0.0,0.0062691597,-0.009553495,-0.0019400622
782,-8.4,2.857143,0.0,0.011878979,-0.010378985,-0.0014299923
783,-8.4,3.4285715,0.0,0.024582747,-0.00982736,-0.0012115174
784,-8.4,4.0,0.0,0.032077756,-0.011558775,-0.0005252269
785,-7.8,0.0,8.0,-0.03369239,-0.002716621,0.0068219285
786,-7.8,0.5714286,8.0,-0.01952002,-0.016991409,0.0040197005
787,-7.8,1.1428572,8.0,-0.013228793,-0.016870929,0.0026582533
788,-7.8,1.7142857,8.0,-0.0021824862,-0.020669224,0.002374881
789,-7.8,2.2857144,8.0,0.0036264162,-0.021530118,0.0015960837
790,-7.8,2.857143,8.0,0.014520381,-0.021820273,0.0015705149
791,-7.8,3.4285715,8.0,0.021726789,-0.023254747,0.0009680154
792,-7.8,4.0,8.0,0.034918062,-0.02157989,0.0012080849
793,-7.8,0.0,7.3846154,-0.034432217,-0.0024630704,0.002640243
794,-7.8,0.5714286,7.3846154,-0.019990474,-0.018047994,0.0028374218
795,-7.8,1.1428572,7.3846154,-0.013479948,-0.01714133,0.0021549426
796,-7.8,1.7142857,7.3846154,-0.0022648384,-0.02099122,0.0016305324
797,-7.8,2.2857144,7.3846154,0.003590868,-0.02178672,0.0014575868
798,-7.8,2.857143,7.3846154,0.014664615,-0.021926152,0.0011072115
799,-7.8,3.4285715,7.3846154,0.021881998,-0.02352471,0.0010301141
800,-7.8,4.0,7.3846154,0.035160474,-0.021649037,0.0005999643
801,-7.8,0.0,6.769231,-0.03418804,-0.0024475227,0.0018249196
802,-7.8,0.5714286,6.769231,-0.019813301,-0.017565744,0.0016460579
803,-7.8,1.1428572,6.769231,-0.013590404,-0.01716178,0.0014937529
804,-7.8,1.7142857,6.769231,-0.002146189,-0.02090113,0.0012684074
805,-7.8,2.2857144,6.769231,0.0035789115,-0.021794274,0.0010414177
806,-7.8,2.857143,6.769231,0.014841753,-0.02186333,0.0009295634
807,-7.8,3.4285715,6.769231,0.021923441,-0.023531491,0.00082114286
808,-7.8,4.0,6.769231,0.03529178,-0.021625621,0.001039121
809,-7.8,0.0,6.1538463,-0.03428264,-0.0024434607,0.0010763685
810,-7.8,0.5714286,6.1538463,-0.019821111,-0.017677786,0.001068943
811,-7.8,1.1428572,6.1538463,-0.013555766,-0.016929014,0.000974644
812,-7.8,1.7142857,6.1538463,-0.0021143488,-0.020776113,0.0008826024
813,-7.8,2.2857144,6.1538463,0.0036247463,-0.021694636,0.00075849344
814,-7.8,2.857143,6.1538463,0.014916185,-0.021713434,0.00069791684
815,-7.8,3.4285715,6.1538463,0.021967692,-0.023487555,0.0006182776
816,-7.8,4.0,6.1538463,0.03530545,-0.021465821,0.0005271966
817,-7.8,0.0,5.5384617,-0.034064103,-0.0024230012,0.00056916726
818,-7.8,0.5714286,5.5384617,-0.019754585,-0.017503463,0.00060960936
819,-7.8,1.1428572,5.5384617,-0.013515933,-0.016882405,0.0005952131
820,-7.8,1.7142857,5.5384617,-0.0020892692,-0.020636572,0.0005337097
821,-7.8,2.2857144,5.5384617,0.0036731623,-0.02154001,0.0005056915
822,-7.8,2.857143,5.5384617,0.014931314,-0.021631768,0.00043162587
823,-7.8,3.4285715,5.5384617,0.021996083,-0.023308747,0.00048862805
824,-7.8,4.0,5.5384617,0.03527971,-0.021438736,0.0006346087
825,-7.8,0.0,4.923077,-0.034053065,-0.0024266501,0.00030263717
826,-7.8,0.5714286,4.923077,-0.01974061,-0.017521216,0.00027528283
827,-7.8,1.1428572,4.923077,-0.013474633,-0.016742405,0.0002686798
828,-7.8,1.7142857,4.923077,-0.0020837635,-0.020576917,0.00027038623
829,-7.8,2.2857144,4.923077,0.0036960666,-0.021426858,0.00021772177
830,-7.8,2.857143,4.923077,0.014933179,-0.02153051,0.00024595883
831,-7.8,3.4285715,4.923077,0.022000574,-0.023227282,0.00017228683
832,-7.8,4.0,4.923077,0.035237525,-0.021324553,0.00015335837
833,-7.8,0.0,4.3076925,-0.03399009,-0.0024180594,-4.3668868e-05
834,-7.8,0.5714286,4.3076925,-0.019722804,-0.017463313,2.1190422e-06
835,-7.8,1.1428572,4.3076925,-0.013466765,-0.016726045,5.5398573e-06
836,-7.8,1.7142857,4.3076925,-0.0020825623,-0.020515881,-1.710769e-05
837,-7.8,2.2857144,4.3076925,0.0036999,-0.021373322,7.381076e-06
838,-7.8,2.857143,4.3076925,0.014924585,-0.021485783,-4.1032534e-05
839,-7.8,3.4285715,4.3076925,0.021992134,-0.023158336,4.1774703e-05
840,-7.8,4.0,4.3076925,0.035213675,-0.0213,0.00010531626
841,-7.8,0.0,3.6923077,-0.034002364,-0.0024175986,-0.00021688674
842,-7.8,0.5714286,3.6923077,-0.019735087,-0.01746357,-0.00026305375
843,-7.8,1.1428572,3.6923077,-0.013479057,-0.016726043,-0.00026722896
844,-7.8,1.7142857,3.6923077,-0.0020948518,-0.020516004,-0.0002448399
845,-7.8,2.2857144,3.6923077,0.0036875845,-0.021373374,-0.0002700356
846,-7.8,2.857143,3.6923077,0.014912284,-0.021485884,-0.00022187686
847,-7.8,3.4285715,3.6923077,0.021979785,-0.023158405,-0.00030543256
848,-7.8,4.0,3.6923077,0.03520133,-0.021300081,-0.00036932103
849,-7.8,0.0,3.0769231,-0.034089774,-0.0024257048,-0.0005630566
850,-7.8,0.5714286,3.0769231,-0.019777462,-0.0175221,-0.0005363036
851,-7.8,1.1428572,3.0769231,-0.013511538,-0.016742146,-0.0005302576
852,-7.8,1.7142857,3.0769231,-0.0021206061,-0.0205775,-0.0005324398
853,-7.8,2.2857144,3.0769231,0.0036590951,-0.021426866,-0.0004802735
854,-7.8,2.857143,3.0769231,0.014896301,-0.02153089,-0.00050896395
855,-7.8,3.4285715,3.0769231,0.021963539,-0.023227455,-0.00043585416
856,-7.8,4.0,3.0769231,0.03520056,-0.021324765,-0.00041746383
857,-7.8,0.0,2.4615386,-0.034125436,-0.0024211353,-0.00082958135
858,-7.8,0.5714286,2.4615386,-0.019815972,-0.017504781,-0.0008706825
859,-7.8,1.1428572,2.4615386,-0.013577456,-0.016882168,-0.0008567327
860,-7.8,1.7142857,2.4615386,-0.0021506702,-0.020637386,-0.00079581677
861,-7.8,2.2857144,2.4615386,0.0036115376,-0.021540133,-0.0007681791
862,-7.8,2.857143,2.4615386,0.014869857,-0.021632344,-0.0006947031
863,-7.8,3.4285715,2.4615386,0.021934332,-0.023309074,-0.00075211143
864,-7.8,4.0,2.4615386,0.03521808,-0.021439109,-0.0008987772
865,-7.8,0.0,1.8461539,-0.03436836,-0.0024409718,-0.0013366393
866,-7.8,0.5714286,1.8461539,-0.019907061,-0.017679818,-0.0013300064
867,-7.8,1.1428572,1.8461539,-0.013641932,-0.01692851,-0.0012361546
868,-7.8,1.7142857,1.8461539,-0.0022002892,-0.020777375,-0.0011447079
869,-7.8,2.2857144,1.8461539,0.0035384507,-0.021694759,-0.0010209965
870,-7.8,2.857143,1.8461539,0.014830172,-0.021714255,-0.00096096366
871,-7.8,3.4285715,1.8461539,0.021881254,-0.023488034,-0.00088179926
872,-7.8,4.0,1.8461539,0.035219226,-0.021466278,-0.0007913592
873,-7.8,0.0,1.2307693,-0.034298252,-0.0024439893,-0.002085369
874,-7.8,0.5714286,1.2307693,-0.019924048,-0.017568331,-0.0019070733
875,-7.8,1.1428572,1.2307693,-0.013701031,-0.017161183,-0.0017552779
876,-7.8,1.7142857,1.2307693,-0.0022568589,-0.020902794,-0.0015305398
877,-7.8,2.2857144,1.2307693,0.0034681088,-0.021794418,-0.0013038707
878,-7.8,2.857143,1.2307693,0.014731044,-0.021864422,-0.0011926612
879,-7.8,3.4285715,1.2307693,0.02181244,-0.023532093,-0.0010845968
880,-7.8,4.0,1.2307693,0.0351808,-0.021626247,-0.0013032975
881,-7.8,0.0,0.61538464,-0.034566455,-0.0024577559,-0.0029002484
882,-7.8,0.5714286,0.61538464,-0.020125944,-0.018052,-0.0030984795
883,-7.8,1.1428572,0.61538464,-0.013615138,-0.017140267,-0.0024165718
884,-7.8,1.7142857,0.61538464,-0.0024001605,-0.020993516,-0.0018925222
885,-7.8,2.2857144,0.61538464,0.003455509,-0.02178673,-0.001720167
886,-7.8,2.857143,0.61538464,0.014529275,-0.021927625,-0.0013701724
887,-7.8,3.4285715,0.61538464,0.021746464,-0.023525354,-0.0012936842
888,-7.8,4.0,0.61538464,0.03502486,-0.021649817,-0.0008640928
889,-7.8,0.0,0.0,-0.033851814,-0.002712635,-0.007082843
890,-7.8,0.5714286,0.0,-0.019680578,-0.016995274,-0.004281085
891,-7.8,1.1428572,0.0,-0.013388527,-0.016870128,-0.0029195084
892,-7.8,1.7142857,0.0,-0.0023426253,-0.020671733,-0.0026371991
893,-7.8,2.2857144,0.0,0.0034665798,-0.02153021,-0.0018583634
894,-7.8,2.857143,0.0,0.014360357,-0.021822013,-0.0018337192
895,-7.8,3.4285715,0.0,0.021566816,-0.02325544,-0.0012313471
896,-7.8,4.0,0.0,0.034757804,-0.021580981,-0.0014722976
897,-7.2,0.0,8.0,-0.0328469,-0.035956427,0.00082818297
898,-7.2,0.5714286,8.0,-0.019751713,-0.028567243,0.0022729416
899,-7.2,1.1428572,8.0,-0.010851999,-0.033694807,0.002044109
900,-7.2,1.7142857,8.0,-0.0035333897,-0.033657126,0.0016217123
901,-7.2,2.2857144,8.0,0.005337721,-0.034746453,0.001665026
902,-7.2,2.857143,8.0,0.012405008,-0.03601931,0.0013411404
903,-7.2,3.4285715,8.0,0.02293587,-0.03476672,0.0014709247
904,-7.2,4.0,8.0,0.03302626,-0.036947504,0.00087295973
905,-7.2,0.0,7.3846154,-0.034372617,-0.036225796,0.0021058025
906,-7.2,0.5714286,7.3846154,-0.020918261,-0.02832936,0.0015630318
907,-7.2,1.1428572,7.3846154,-0.0113559505,-0.03389572,0.0015251032
908,-7.2,1.7142857,7.3846154,-0.0039322786,-0.0337073,0.0014027149
909,-7.2,2.2857144,7.3846154,0.0052877027,-0.034733918,0.0012458732
910,-7.2,2.857143,7.3846154,0.012397494,-0.036110613,0.0012176418
911,-7.2,3.4285715,7.3846154,0.023182502,-0.034694996,0.0011313828
912,-7.2,4.0,7.3846154,0.0332388,-0.03706569,0.0014470732
913,-7.2,0.0,6.769231,-0.033593867,-0.036356613,0.0009680309
914,-7.2,0.5714286,6.769231,-0.020760307,-0.02831812,0.0011642049
915,-7.2,1.1428572,6.769231,-0.011288059,-0.033686515,0.0011028446
916,-7.2,1.7142857,6.769231,-0.003928048,-0.03363193,0.0010253744
917,-7.2,2.2857144,6.769231,0.0054076947,-0.034542438,0.0009847899
918,-7.2,2.857143,6.769231,0.012464098,-0.03605448,0.0009608556
919,-7.2,3.4285715,6.769231,0.023368236,-0.03450521,0.00095468154
920,-7.2,4.0,6.769231,0.033188578,-0.037035506,0.00083255937
921,-7.2,0.0,6.1538463,-0.03378949,-0.036122013,0.00064180326
922,-7.2,0.5714286,6.1538463,-0.020800577,-0.028114824,0.0006953681
923,-7.2,1.1428572,6.1538463,-0.011239608,-0.03351387,0.00073286134
924,-7.2,1.7142857,6.1538463,-0.003926875,-0.033443306,0.0007245477
925,-7.2,2.2857144,6.1538463,0.005488324,-0.0343434,0.0007212346
926,-7.2,2.857143,6.1538463,0.012509203,-0.035895165,0.0007000625
927,-7.2,3.4285715,6.1538463,0.023427468,-0.034307864,0.0007899953
928,-7.2,4.0,6.1538463,0.03320831,-0.03691558,0.0010350809
929,-7.2,0.0,5.5384617,-0.033480093,-0.03611558,0.00034572528
930,-7.2,0.5714286,5.5384617,-0.020680318,-0.02798741,0.00039311172
931,-7.2,1.1428572,5.5384617,-0.011215674,-0.033356026,0.0004365092
932,-7.2,1.7142857,5.5384617,-0.0038556985,-0.03325264,0.00044819474
933,-7.2,2.2857144,5.5384617,0.00549776,-0.034194052,0.00045454726
934,-7.2,2.857143,5.5384617,0.012565127,-0.03568793,0.00049091596
935,-7.2,3.4285715,5.5384617,0.023424143,-0.03418423,0.00048296733
936,-7.2,4.0,5.5384617,0.033170205,-0.03671206,0.00047424028
937,-7.2,0.0,4.923077,-0.033506718,-0.03598158,7.314264e-05
938,-7.2,0.5714286,4.923077,-0.02064376,-0.02787519,0.00015708369
939,-7.2,1.1428572,4.923077,-0.0111863315,-0.03325937,0.00018047444
940,-7.2,1.7142857,4.923077,-0.0038366057,-0.033112716,0.00020088146
941,-7.2,2.2857144,4.923077,0.0055134767,-0.034073792,0.00021711095
942,-7.2,2.857143,4.923077,0.012574896,-0.03555104,0.00021675292
943,-7.2,3.4285715,4.923077,0.02340796,-0.034059376,0.00030450936
944,-7.2,4.0,4.923077,0.033160165,-0.036597524,0.0004544289
945,-7.2,0.0,4.3076925,-0.03341971,-0.03596238,-2.9963254e-05
946,-7.2,0.5714286,4.3076925,-0.02061499,-0.02782909,-5.378679e-05
947,-7.2,1.1428572,4.3076925,-0.011181321,-0.03319615,-3.4070552e-05
948,-7.2,1.7142857,4.3076925,-0.0038241153,-0.03304667,-3.1525073e-05
949,-7.2,2.2857144,4.3076925,0.0055069183,-0.034008943,-2.7129805e-05
950,-7.2,2.857143,4.3076925,0.012576169,-0.035475112,-6.891137e-06
951,-7.2,3.4285715,4.3076925,0.023391152,-0.03400158,-4.6492492e-05
952,-7.2,4.0,4.3076925,0.033127967,-0.036520325,-9.971139e-05
953,-7.2,0.0,3.6923077,-0.033431914,-0.03596272,-0.0002544133
954,-7.2,0.5714286,3.6923077,-0.020627225,-0.027828863,-0.00023149872
955,-7.2,1.1428572,3.6923077,-0.011193642,-0.033196315,-0.00025132525
956,-7.2,1.7142857,3.6923077,-0.003836387,-0.033046614,-0.00025467982
957,-7.2,2.2857144,3.6923077,0.0054946025,-0.034009047,-0.00025916123
958,-7.2,2.857143,3.6923077,0.012563864,-0.035475116,-0.00028018642
959,-7.2,3.4285715,3.6923077,0.02337883,-0.03400165,-0.00024072581
960,-7.2,4.0,3.6923077,0.03311563,-0.036520362,-0.00018838972
961,-7.2,0.0,3.0769231,-0.033543576,-0.0359821,-0.00035770214
962,-7.2,0.5714286,3.0769231,-0.020680528,-0.027874622,-0.00044223733
963,-7.2,1.1428572,3.0769231,-0.011223219,-0.033259835,-0.00046599968
964,-7.2,1.7142857,3.0769231,-0.0038734688,-0.033112556,-0.00048695528
965,-7.2,2.2857144,3.0769231,0.005476553,-0.034074105,-0.0005035311
966,-7.2,2.857143,3.0769231,0.012537971,-0.03555107,-0.0005037044
967,-7.2,3.4285715,3.0769231,0.023370964,-0.034059584,-0.00059184956
968,-7.2,4.0,3.0769231,0.033123117,-0.036597677,-0.0007423962
969,-7.2,0.0,2.4615386,-0.03354132,-0.036116783,-0.00063024374
970,-7.2,0.5714286,2.4615386,-0.02074158,-0.027986396,-0.0006781947
971,-7.2,1.1428572,2.4615386,-0.011277186,-0.033356804,-0.0007220995
972,-7.2,1.7142857,2.4615386,-0.0039171334,-0.033252385,-0.0007342032
973,-7.2,2.2857144,2.4615386,0.0054362295,-0.03419457,-0.0007410362
974,-7.2,2.857143,2.4615386,0.012503568,-0.035687998,-0.00077779836
975,-7.2,3.4285715,2.4615386,0.023362534,-0.03418455,-0.0007703823
976,-7.2,4.0,2.4615386,0.03310846,-0.036712322,-0.00076216296
977,-7.2,0.0,1.8461539,-0.033875424,-0.036123436,-0.0009265007
978,-7.2,0.5714286,1.8461539,-0.020886397,-0.028113434,-0.0009804276
979,-7.2,1.1428572,1.8461539,-0.011325686,-0.03351493,-0.0010184638
980,-7.2,1.7142857,1.8461539,-0.0040129134,-0.03344297,-0.001010559
981,-7.2,2.2857144,1.8461539,0.0054021883,-0.034344107,-0.0010077346
982,-7.2,2.857143,1.8461539,0.012423029,-0.03589529,-0.0009869374
983,-7.2,3.4285715,1.8461539,0.023341196,-0.034308303,-0.0010774108
984,-7.2,4.0,1.8461539,0.033121873,-0.036915995,-0.0013229643
985,-7.2,0.0,1.2307693,-0.03370424,-0.036358662,-0.0012524843
986,-7.2,0.5714286,1.2307693,-0.020870445,-0.028316075,-0.0014492975
987,-7.2,1.1428572,1.2307693,-0.011398963,-0.033688065,-0.0013884826
988,-7.2,1.7142857,1.2307693,-0.0040385057,-0.033631403,-0.0013114032
989,-7.2,2.2857144,1.2307693,0.0052968035,-0.034543443,-0.0012712823
990,-7.2,2.857143,1.2307693,0.01235345,-0.036054604,-0.0012477438
991,-7.2,3.4285715,1.2307693,0.02325723,-0.034505796,-0.0012420875
992,-7.2,4.0,1.2307693,0.033077616,-0.037036035,-0.0011205063
993,-7.2,0.0,0.61538464,-0.034508053,-0.036228944,-0.002390723
994,-7.2,0.5714286,0.61538464,-0.02105282,-0.028326558,-0.0018482655
995,-7.2,1.1428572,0.61538464,-0.011491668,-0.033897907,-0.0018107495
996,-7.2,1.7142857,0.61538464,-0.0040671565,-0.033706505,-0.0016887941
997,-7.2,2.2857144,0.61538464,0.0051520276,-0.034735307,-0.0015323511
998,-7.2,2.857143,0.61538464,0.012262439,-0.036110643,-0.0015045413
999,-7.2,3.4285715,0.61538464,0.023046717,-0.034695845,-0.0014187731
1000,-7.2,4.0,0.61538464,0.033103365,-0.03706627,-0.0017349523
1001,-7.2,0.0,0.0,-0.03300674,-0.035958942,-0.001113111
1002,-7.2,0.5714286,0.0,-0.019910924,-0.028564526,-0.0025584195
1003,-7.2,1.1428572,0.0,-0.011012496,-0.033697102,-0.0023299519
1004,-7.2,1.7142857,0.0,-0.0036928214,-0.033656314,-0.0019077203
1005,-7.2,2.2857144,0.0,0.0051773763,-0.034748077,-0.0019516175
1006,-7.2,2.857143,0.0,0.012245458,-0.03601931,-0.0016279616
1007,-7.2,3.4285715,0.0,0.022775507,-0.0347678,-0.0017583744
1008,-7.2,4.0,0.0,0.032866385,-0.036948055,-0.0011608612
1009,-6.6,0.0,8.0,-0.032943796,-0.045216266,-0.0002243435
1010,-6.6,0.5714286,8.0,-0.019718911,-0.05043599,-3.6143607e-05
1011,-6.6,1.1428572,8.0,-0.010708809,-0.04738085,0.00071949896
1012,-6.6,1.7142857,8.0,-0.002737539,-0.049063545,0.0010273057
1013,-6.6,2.2857144,8.0,0.004286112,-0.049585007,0.0012001818
1014,-6.6,2.857143,8.0,0.012800946,-0.04870964,0.0014441493
1015,-6.6,3.4285715,8.0,0.021233846,-0.05049744,0.0014548377
1016,-6.6,4.0,8.0,0.033515956,-0.04820406,0.0021061832
1017,-6.6,0.0,7.3846154,-0.033551477,-0.04419192,-0.00026717735
1018,-6.6,0.5714286,7.3846154,-0.020520719,-0.05014592,0.00035785054
1019,-6.6,1.1428572,7.3846154,-0.011436811,-0.04697791,0.0006577705
1020,-6.6,1.7142857,7.3846154,-0.0030361624,-0.048811447,0.00086056045
1021,-6.6,2.2857144,7.3846154,0.00406995,-0.04940534,0.0010208372
1022,-6.6,2.857143,7.3846154,0.012904993,-0.04841942,0.0011941169
1023,-6.6,3.4285715,7.3846154,0.021419661,-0.05040541,0.0013414501
1024,-6.6,4.0,7.3846154,0.033767406,-0.047924507,0.0012199874
1025,-6.6,0.0,6.769231,-0.033888258,-0.043928206,0.00021864493
1026,-6.6,0.5714286,6.769231,-0.020572893,-0.049952555,0.0003050355
1027,-6.6,1.1428572,6.769231,-0.011472761,-0.046780035,0.00050684536
1028,-6.6,1.7142857,6.769231,-0.002995122,-0.04848095,0.0006863844
1029,-6.6,2.2857144,6.769231,0.004101291,-0.04923696,0.00083121716
1030,-6.6,2.857143,6.769231,0.013073469,-0.048061907,0.00093745044
1031,-6.6,3.4285715,6.769231,0.021500152,-0.050267905,0.0011352972
1032,-6.6,4.0,6.769231,0.033909984,-0.047595587,0.0015357311
1033,-6.6,0.0,6.1538463,-0.033430856,-0.04374999,-4.5858364e-05
1034,-6.6,0.5714286,6.1538463,-0.02044558,-0.04966314,0.0002029735
1035,-6.6,1.1428572,6.1538463,-0.011496296,-0.046549577,0.00035304463
1036,-6.6,1.7142857,6.1538463,-0.002916795,-0.04820898,0.00048804114
1037,-6.6,2.2857144,6.1538463,0.0041261334,-0.048979457,0.0005943311
1038,-6.6,2.857143,6.1538463,0.013171048,-0.04779923,0.00075106195
1039,-6.6,3.4285715,6.1538463,0.021534627,-0.050021984,0.00082543324
1040,-6.6,4.0,6.1538463,0.03387186,-0.047337417,0.00087522826
1041,-6.6,0.0,5.5384617,-0.033497013,-0.04346648,-6.0994353e-05
1042,-6.6,0.5714286,5.5384617,-0.020426342,-0.04948799,7.573696e-05
1043,-6.6,1.1428572,5.5384617,-0.011397516,-0.04629876,0.0001932863
1044,-6.6,1.7142857,5.5384617,-0.002921329,-0.048015267,0.0002974486
1045,-6.6,2.2857144,5.5384617,0.004200464,-0.048725173,0.00039509393
1046,-6.6,2.857143,5.5384617,0.0131680835,-0.047604457,0.0004667725
1047,-6.6,3.4285715,5.5384617,0.021565001,-0.049770053,0.00063700933
1048,-6.6,4.0,5.5384617,0.0338485,-0.047169827,0.00088701444
1049,-6.6,0.0,4.923077,-0.033244994,-0.04336582,-0.000113702845
1050,-6.6,0.5714286,4.923077,-0.020356987,-0.049332928,-2.6683212e-05
1051,-6.6,1.1428572,4.923077,-0.011376615,-0.046140224,4.8126105e-05
1052,-6.6,1.7142857,4.923077,-0.0028895366,-0.047861565,0.00011316945
1053,-6.6,2.2857144,4.923077,0.0042103133,-0.048551694,0.00016715426
1054,-6.6,2.857143,4.923077,0.013176355,-0.0474538,0.00024780203
1055,-6.6,3.4285715,4.923077,0.021557676,-0.04959901,0.0002607656
1056,-6.6,4.0,4.923077,0.033776935,-0.04701973,0.00027612495
1057,-6.6,0.0,4.3076925,-0.033266418,-0.043272298,-0.00015469258
1058,-6.6,0.5714286,4.3076925,-0.020346027,-0.04926079,-0.00011259421
1059,-6.6,1.1428572,4.3076925,-0.011351944,-0.04605577,-8.884714e-05
1060,-6.6,1.7142857,4.3076925,-0.0028955704,-0.04778297,-6.620899e-05
1061,-6.6,2.2857144,4.3076925,0.004220093,-0.048461907,-4.3725995e-05
1062,-6.6,2.857143,4.3076925,0.013162044,-0.047374338,-3.7997062e-05
1063,-6.6,3.4285715,4.3076925,0.021546451,-0.04950906,4.173586e-05
1064,-6.6,4.0,4.3076925,0.033755373,-0.04695061,0.0001452074
1065,-6.6,0.0,3.6923077,-0.033278715,-0.043272045,-0.00015426104
1066,-6.6,0.5714286,3.6923077,-0.020358326,-0.049260974,-0.00019639889
1067,-6.6,1.1428572,3.6923077,-0.011364184,-0.046055637,-0.00022100461
1068,-6.6,1.7142857,3.6923077,-0.0029078936,-0.047783066,-0.00024357674
1069,-6.6,2.2857144,3.6923077,0.004207818,-0.04846186,-0.00026689342
1070,-6.6,2.857143,3.6923077,0.013149713,-0.047374394,-0.0002725742
1071,-6.6,3.4285715,3.6923077,0.021534136,-0.049509067,-0.00035317862
1072,-6.6,4.0,3.6923077,0.033742998,-0.046950653,-0.00045671186
1073,-6.6,0.0,3.0769231,-0.03328167,-0.043365393,-0.0001950208
1074,-6.6,0.5714286,3.0769231,-0.020393813,-0.049333367,-0.00028247418
1075,-6.6,1.1428572,3.0769231,-0.011413427,-0.04613988,-0.00035782077
1076,-6.6,1.7142857,3.0769231,-0.0029264512,-0.047861833,-0.00042311166
1077,-6.6,2.2857144,3.0769231,0.0041734553,-0.048551574,-0.0004776198
1078,-6.6,2.857143,3.0769231,0.013139381,-0.04745396,-0.00055852527
1079,-6.6,3.4285715,3.0769231,0.021520754,-0.04959901,-0.00057206064
1080,-6.6,4.0,3.0769231,0.033739865,-0.047019813,-0.0005877953
1081,-6.6,0.0,2.4615386,-0.033558313,-0.043465532,-0.00024776484
1082,-6.6,0.5714286,2.4615386,-0.020487754,-0.049488813,-0.00038499263
1083,-6.6,1.1428572,2.4615386,-0.011458826,-0.046298157,-0.0005028812
1084,-6.6,1.7142857,2.4615386,-0.002982876,-0.04801573,-0.0006074927
1085,-6.6,2.2857144,2.4615386,0.004139036,-0.048724975,-0.0007054664
1086,-6.6,2.857143,2.4615386,0.01310647,-0.047604714,-0.00077759
1087,-6.6,3.4285715,2.4615386,0.021503434,-0.049770094,-0.0009482063
1088,-6.6,4.0,2.4615386,0.03378671,-0.047169957,-0.0011987538
1089,-6.6,0.0,1.8461539,-0.03351654,-0.043748822,-0.0002627407
1090,-6.6,0.5714286,1.8461539,-0.02053152,-0.049664192,-0.00051221816
1091,-6.6,1.1428572,1.8461539,-0.0115822,-0.046548788,-0.0006626769
1092,-6.6,1.7142857,1.8461539,-0.0030029302,-0.048209596,-0.00079807674
1093,-6.6,2.2857144,1.8461539,0.004040115,-0.04897922,-0.0009047157
1094,-6.6,2.857143,1.8461539,0.0130848,-0.04779957,-0.001061875
1095,-6.6,3.4285715,1.8461539,0.021448458,-0.05002206,-0.0011366402
1096,-6.6,4.0,1.8461539,0.033785384,-0.047337566,-0.0011870076
1097,-6.6,0.0,1.2307693,-0.033998456,-0.043926496,-0.00052750285
1098,-6.6,0.5714286,1.2307693,-0.020683562,-0.049954165,-0.0006143519
1099,-6.6,1.1428572,1.2307693,-0.011583023,-0.046778854,-0.00081646733
1100,-6.6,1.7142857,1.2307693,-0.0031060548,-0.048481867,-0.0009964502
1101,-6.6,2.2857144,1.2307693,0.003990861,-0.049236603,-0.00114161
1102,-6.6,2.857143,1.2307693,0.012962439,-0.048062388,-0.0012482569
1103,-6.6,3.4285715,1.2307693,0.02138951,-0.050268017,-0.0014465044
1104,-6.6,4.0,1.2307693,0.03379866,-0.047595806,-0.0018474495
1105,-6.6,0.0,0.61538464,-0.03368589,-0.044189375,-4.1495707e-05
1106,-6.6,0.5714286,0.61538464,-0.02065624,-0.050148126,-0.0006671756
1107,-6.6,1.1428572,0.61538464,-0.011571485,-0.046976276,-0.0009674875
1108,-6.6,1.7142857,0.61538464,-0.0031719266,-0.048812766,-0.0011706256
1109,-6.6,2.2857144,0.61538464,0.003935158,-0.049404748,-0.0013312525
1110,-6.6,2.857143,0.61538464,0.012769145,-0.04842019,-0.0015049214
1111,-6.6,3.4285715,0.61538464,0.021284672,-0.050405383,-0.001652657
1112,-6.6,4.0,0.61538464,0.03363126,-0.0479249,-0.0015317735
1113,-6.6,0.0,0.0,-0.033102896,-0.045214042,-8.445537e-05
1114,-6.6,0.5714286,0.0,-0.019879067,-0.0504382,-0.00027322967
1115,-6.6,1.1428572,0.0,-0.010868014,-0.047379147,-0.0010292813
1116,-6.6,1.7142857,0.0,-0.0028979885,-0.04906502,-0.0013374555
1117,-6.6,2.2857144,0.0,0.0041268147,-0.04958433,-0.0015105839
1118,-6.6,2.857143,0.0,0.01264047,-0.048710607,-0.0017549908
1119,-6.6,3.4285715,0.0,0.021074388,-0.05049735,-0.0017660052
1120,-6.6,4.0,0.0,0.03335519,-0.048204664,-0.0024179183
1121,-6.0,0.0,8.0,-0.03110515,-0.06438062,-0.0013905646
1122,-6.0,0.5714286,8.0,-0.019856563,-0.061856356,-0.00071355875
1123,-6.0,1.1428572,8.0,-0.010077641,-0.064327665,-0.00031676792
1124,-6.0,1.7142857,8.0,-0.0032348018,-0.063708335,0.0004436156
1125,-6.0,2.2857144,8.0,0.0044984994,-0.063278034,0.00086772937
1126,-6.0,2.857143,8.0,0.011428868,-0.06470357,0.0014019196
1127,-6.0,3.4285715,8.0,0.020936845,-0.062410574,0.0018734107
1128,-6.0,4.0,8.0,0.031871058,-0.06474104,0.0017017937
1129,-6.0,0.0,7.3846154,-0.03183913,-0.064075485,-0.0011505932
1130,-6.0,0.5714286,7.3846154,-0.020512355,-0.061089676,-0.000657149
1131,-6.0,1.1428572,7.3846154,-0.010477327,-0.063764274,-0.000101363934
1132,-6.0,1.7142857,7.3846154,-0.0036246348,-0.06318382,0.0003531514
1133,-6.0,2.2857144,7.3846154,0.0044829566,-0.062722616,0.00083241105
1134,-6.0,2.857143,7.3846154,0.01143916,-0.064355515,0.001145268
1135,-6.0,3.4285715,7.3846154,0.021269698,-0.061871003,0.0015525392
1136,-6.0,4.0,7.3846154,0.032180846,-0.06448863,0.0022405067
1137,-6.0,0.0,6.769231,-0.031673905,-0.06344792,-0.0009188159
1138,-6.0,0.5714286,6.769231,-0.020781085,-0.060561888,-0.00044204763
1139,-6.0,1.1428572,6.769231,-0.0105635505,-0.063282244,-3.4169672e-05
1140,-6.0,1.7142857,6.769231,-0.0036850106,-0.06283536,0.0003312054
1141,-6.0,2.2857144,6.769231,0.0045830286,-0.062191203,0.0006364384
1142,-6.0,2.857143,6.769231,0.011521311,-0.06408302,0.0010045689
1143,-6.0,3.4285715,6.769231,0.021488987,-0.06133098,0.0012491393
1144,-6.0,4.0,6.769231,0.032100204,-0.06422041,0.001361857
1145,-6.0,0.0,6.1538463,-0.031638797,-0.06304271,-0.0006101916
1146,-6.0,0.5714286,6.1538463,-0.020700818,-0.060273103,-0.00033717352
1147,-6.0,1.1428572,6.1538463,-0.010478543,-0.06287745,-4.4604076e-05
1148,-6.0,1.7142857,6.1538463,-0.0036856106,-0.062485993,0.00023306266
1149,-6.0,2.2857144,6.1538463,0.0046801968,-0.061831355,0.0005097877
1150,-6.0,2.857143,6.1538463,0.011566236,-0.06371579,0.0007127754
1151,-6.0,3.4285715,6.1538463,0.021553703,-0.060994554,0.0010368408
1152,-6.0,4.0,6.1538463,0.032131717,-0.063890636,0.0014484003
1153,-6.0,0.0,5.5384617,-0.03140513,-0.0627953,-0.0005213018
1154,-6.0,0.5714286,5.5384617,-0.02061524,-0.05991123,-0.00027328695
1155,-6.0,1.1428572,5.5384617,-0.010492761,-0.06263821,-5.953636e-05
1156,-6.0,1.7142857,5.5384617,-0.0036048633,-0.06216017,0.00012937932
1157,-6.0,2.2857144,5.5384617,0.0046691364,-0.061572302,0.0003106732
1158,-6.0,2.857143,5.5384617,0.011631102,-0.0634022,0.00051507173
1159,-6.0,3.4285715,5.5384617,0.021534989,-0.06073722,0.0006392884
1160,-6.0,4.0,5.5384617,0.032062456,-0.0635742,0.00074245036
1161,-6.0,0.0,4.923077,-0.031396676,-0.06257555,-0.00035237387
1162,-6.0,0.5714286,4.923077,-0.02054573,-0.05972743,-0.0002275557
1163,-6.0,1.1428572,4.923077,-0.010446476,-0.06243016,-0.0001040953
1164,-6.0,1.7142857,4.923077,-0.0035906539,-0.061954696,1.6595883e-05
1165,-6.0,2.2857144,4.923077,0.004687279,-0.06138318,0.00012990204
1166,-6.0,2.857143,4.923077,0.011632227,-0.06318356,0.00022217075
1167,-6.0,3.4285715,4.923077,0.021511743,-0.060560014,0.0003955524
1168,-6.0,4.0,4.923077,0.032052003,-0.06337519,0.0006003971
1169,-6.0,0.0,4.3076925,-0.031309802,-0.062487725,-0.00024007514
1170,-6.0,0.5714286,4.3076925,-0.02051836,-0.059612595,-0.00018667146
1171,-6.0,1.1428572,4.3076925,-0.010448538,-0.06233671,-0.000142639
1172,-6.0,1.7142857,4.3076925,-0.0035747108,-0.06184448,-0.000107991014
1173,-6.0,2.2857144,4.3076925,0.004675528,-0.061285324,-6.9099275e-05
1174,-6.0,2.857143,4.3076925,0.011633306,-0.063076265,-2.0143598e-05
1175,-6.0,3.4285715,4.3076925,0.021489969,-0.06046216,-3.6270118e-05
1176,-6.0,4.0,4.3076925,0.032006767,-0.06326571,-6.1372826e-05
1177,-6.0,0.0,3.6923077,-0.03132203,-0.06248789,-9.249257e-05
1178,-6.0,0.5714286,3.6923077,-0.020530598,-0.059612438,-0.00014692714
1179,-6.0,1.1428572,3.6923077,-0.01046085,-0.06233681,-0.00019077334
1180,-6.0,1.7142857,3.6923077,-0.003586973,-0.061844382,-0.0002262971
1181,-6.0,2.2857144,3.6923077,0.004663209,-0.06128537,-0.00026496427
1182,-6.0,2.857143,3.6923077,0.011621017,-0.06307622,-0.00031480714
1183,-6.0,3.4285715,3.6923077,0.021477638,-0.06046217,-0.0002985206
1184,-6.0,4.0,3.6923077,0.031994455,-0.06326568,-0.00027442304
1185,-6.0,0.0,3.0769231,-0.0314335,-0.062575854,1.9519168e-05
1186,-6.0,0.5714286,3.0769231,-0.020582497,-0.059727047,-0.00010583166
1187,-6.0,1.1428572,3.0769231,-0.010483346,-0.062430415,-0.0002295199
1188,-6.0,1.7142857,3.0769231,-0.003627479,-0.06195445,-0.00035068658
1189,-6.0,2.2857144,3.0769231,0.0046503386,-0.0613833,-0.0004641607
1190,-6.0,2.857143,3.0769231,0.011595354,-0.06318345,-0.00055692997
1191,-6.0,3.4285715,3.0769231,0.021474715,-0.06056006,-0.000730529
1192,-6.0,4.0,3.0769231,0.032015007,-0.06337515,-0.00093599077
1193,-6.0,0.0,2.4615386,-0.0314664,-0.06279597,0.00018847187
1194,-6.0,0.5714286,2.4615386,-0.020676505,-0.0599105,-5.9985556e-05
1195,-6.0,1.1428572,2.4615386,-0.010554247,-0.06263867,-0.00027420963
1196,-6.0,1.7142857,2.4615386,-0.0036662258,-0.062159754,-0.0004633507
1197,-6.0,2.2857144,2.4615386,0.004607566,-0.061572507,-0.00064504956
1198,-6.0,2.857143,2.4615386,0.011569641,-0.063402034,-0.00084971456
1199,-6.0,3.4285715,2.4615386,0.02147331,-0.060737256,-0.0009743847
1200,-6.0,4.0,2.4615386,0.032000832,-0.06357415,-0.0010779642
1201,-6.0,0.0,1.8461539,-0.03172467,-0.063043535,0.00027719323
1202,-6.0,0.5714286,1.8461539,-0.02078662,-0.060272194,3.85239e-06
1203,-6.0,1.1428572,1.8461539,-0.0105645815,-0.06287805,-0.00028910817
1204,-6.0,1.7142857,1.8461539,-0.0037715551,-0.062485453,-0.00056706794
1205,-6.0,2.2857144,1.8461539,0.004594017,-0.061831616,-0.0008441486
1206,-6.0,2.857143,1.8461539,0.01148018,-0.0637156,-0.0010474315
1207,-6.0,3.4285715,1.8461539,0.021467347,-0.060994606,-0.001371916
1208,-6.0,4.0,1.8461539,0.032045405,-0.063890606,-0.0017838852
1209,-6.0,0.0,1.2307693,-0.031784367,-0.06344915,0.00058600906
1210,-6.0,0.5714286,1.2307693,-0.020891272,-0.060560517,0.00010876156
1211,-6.0,1.1428572,1.2307693,-0.010674365,-0.063283175,-0.00029960225
1212,-6.0,1.7142857,1.2307693,-0.0037953504,-0.06283458,-0.0006652001
1213,-6.0,2.2857144,1.2307693,0.0044720685,-0.0621916,-0.00097080745
1214,-6.0,2.857143,1.2307693,0.011410831,-0.06408276,-0.0013392263
1215,-6.0,3.4285715,1.2307693,0.021377845,-0.061331045,-0.0015842156
1216,-6.0,4.0,1.2307693,0.031989448,-0.06422037,-0.0016974056
1217,-6.0,0.0,0.61538464,-0.03197449,-0.064077355,0.0008176077
1218,-6.0,0.5714286,0.61538464,-0.020646857,-0.061087806,0.00032378983
1219,-6.0,1.1428572,0.61538464,-0.010612988,-0.06376561,-0.00023238349
1220,-6.0,1.7142857,0.61538464,-0.0037593164,-0.0631827,-0.000687188
1221,-6.0,2.2857144,0.61538464,0.004347145,-0.06272331,-0.0011667787
1222,-6.0,2.857143,0.61538464,0.011304357,-0.064355016,-0.0014799251
1223,-6.0,3.4285715,0.61538464,0.02113369,-0.061871313,-0.0018876025
1224,-6.0,4.0,0.61538464,0.032045674,-0.06448844,-0.0025759796
1225,-6.0,0.0,0.0,-0.03126512,-0.06438239,0.0010576312
1226,-6.0,0.5714286,0.0,-0.020015622,-0.061854452,0.00038018444
1227,-6.0,1.1428572,0.0,-0.0102379965,-0.0643291,-1.699582e-05
1228,-6.0,1.7142857,0.0,-0.0033939804,-0.06370709,-0.0007776833
1229,-6.0,2.2857144,0.0,0.0043380302,-0.06327888,-0.0012021121
1230,-6.0,2.857143,0.0,0.011269601,-0.06470293,-0.0017365767
1231,-6.0,3.4285715,0.0,0.020776236,-0.06241104,-0.0022084743
1232,-6.0,4.0,0.0,0.03171149,-0.06474068,-0.002037287
1233,-5.4,0.0,8.0,-0.031065661,-0.07657123,-0.0027666416
1234,-5.4,0.5714286,8.0,-0.018107513,-0.07857109,-0.0016878783
1235,-5.4,1.1428572,8.0,-0.010627865,-0.07765143,-0.0006836506
1236,-5.4,1.7142857,8.0,-0.0024186284,-0.07792286,-0.00013710123
1237,-5.4,2.2857144,8.0,0.0031531397,-0.07889549,0.00086184597
1238,-5.4,2.857143,8.0,0.0113772545,-0.07675944,0.0013922842
1239,-5.4,3.4285715,8.0,0.018930016,-0.07917189,0.0020870229
1240,-5.4,4.0,8.0,0.031292863,-0.07611458,0.0033543156
1241,-5.4,0.0,7.3846154,-0.031625904,-0.07541534,-0.0019509565
1242,-5.4,0.5714286,7.3846154,-0.018601023,-0.07782761,-0.0013257967
1243,-5.4,1.1428572,7.3846154,-0.011067581,-0.07684459,-0.00066456397
1244,-5.4,1.7142857,7.3846154,-0.0025212246,-0.0771155,6.528722e-05
1245,-5.4,2.2857144,7.3846154,0.0030428069,-0.0782637,0.00059584755
1246,-5.4,2.857143,7.3846154,0.011627797,-0.07594195,0.0013092515
1247,-5.4,3.4285715,7.3846154,0.019199135,-0.078684665,0.0018020519
1248,-5.4,4.0,7.3846154,0.031660307,-0.075272866,0.001996252
1249,-5.4,0.0,6.769231,-0.031849243,-0.0748666,-0.0016161889
1250,-5.4,0.5714286,6.769231,-0.018622942,-0.0771568,-0.0010422587
1251,-5.4,1.1428572,6.769231,-0.011277801,-0.076232985,-0.00048137864
1252,-5.4,1.7142857,6.769231,-0.002480708,-0.07640671,2.9536082e-05
1253,-5.4,2.2857144,6.769231,0.0030332312,-0.07781051,0.00058511505
1254,-5.4,2.857143,6.769231,0.011841557,-0.07520114,0.0009858062
1255,-5.4,3.4285715,6.769231,0.019290075,-0.07830743,0.0015317701
1256,-5.4,4.0,6.769231,0.031870157,-0.0746053,0.0022186062
1257,-5.4,0.0,6.1538463,-0.031657457,-0.074335486,-0.001234917
1258,-5.4,0.5714286,6.1538463,-0.018596286,-0.07656216,-0.0007948096
1259,-5.4,1.1428572,6.1538463,-0.011277827,-0.075779274,-0.00037073178
1260,-5.4,1.7142857,6.1538463,-0.0024178687,-0.07590341,4.0470735e-05
1261,-5.4,2.2857144,6.1538463,0.0030663873,-0.077323094,0.0004005216
1262,-5.4,2.857143,6.1538463,0.011946534,-0.07475557,0.0008257222
1263,-5.4,3.4285715,6.1538463,0.019336179,-0.07781544,0.0011082069
1264,-5.4,4.0,6.1538463,0.031814512,-0.07414324,0.0013362059
1265,-5.4,0.0,5.5384617,-0.031543083,-0.07390567,-0.0008794354
1266,-5.4,0.5714286,5.5384617,-0.018536506,-0.076259285,-0.00059304
1267,-5.4,1.1428572,5.5384617,-0.0111959735,-0.07534695,-0.00030079056
1268,-5.4,1.7142857,5.5384617,-0.0024360968,-0.07557512,-8.929409e-06
1269,-5.4,2.2857144,5.5384617,0.0031403457,-0.07692662,0.00027244576
1270,-5.4,2.857143,5.5384617,0.01192455,-0.07441844,0.0005113094
1271,-5.4,3.4285715,5.5384617,0.019368585,-0.07743877,0.00084102753
1272,-5.4,4.0,5.5384617,0.031775907,-0.07384277,0.0012063071
1273,-5.4,0.0,4.923077,-0.03139658,-0.07364568,-0.0006120371
1274,-5.4,0.5714286,4.923077,-0.018503806,-0.07597993,-0.0004147757
1275,-5.4,1.1428572,4.923077,-0.011167408,-0.07510487,-0.00023710841
1276,-5.4,1.7142857,4.923077,-0.0024155334,-0.075330675,-7.2278475e-05
1277,-5.4,2.2857144,4.923077,0.0031467988,-0.07666438,9.186607e-05
1278,-5.4,2.857143,4.923077,0.011925463,-0.074197054,0.00026924335
1279,-5.4,3.4285715,4.923077,0.019355621,-0.077167325,0.0003670545
1280,-5.4,4.0,4.923077,0.031683117,-0.07361247,0.00045922678
1281,-5.4,0.0,4.3076925,-0.03136657,-0.07350606,-0.00030257256
1282,-5.4,0.5714286,4.3076925,-0.018479168,-0.07586749,-0.00025853026
1283,-5.4,1.1428572,4.3076925,-0.0111459615,-0.074965835,-0.00020152329
1284,-5.4,1.7142857,4.3076925,-0.0024238622,-0.0752133,-0.00013838598
1285,-5.4,2.2857144,4.3076925,0.0031544922,-0.07653392,-8.714584e-05
1286,-5.4,2.857143,4.3076925,0.011905383,-0.074076414,-4.4744716e-05
1287,-5.4,3.4285715,4.3076925,0.01934188,-0.07704336,6.47676e-05
1288,-5.4,4.0,4.3076925,0.03165746,-0.07350441,0.00017915733
1289,-5.4,0.0,3.6923077,-0.03137884,-0.07350591,-5.4813354e-05
1290,-5.4,0.5714286,3.6923077,-0.018491454,-0.07586757,-9.85415e-05
1291,-5.4,1.1428572,3.6923077,-0.011158218,-0.07496571,-0.00015655856
1292,-5.4,1.7142857,3.6923077,-0.0024361664,-0.075213335,-0.00021929259
1293,-5.4,2.2857144,3.6923077,0.00314221,-0.07653385,-0.0002714685
1294,-5.4,2.857143,3.6923077,0.0118930675,-0.074076414,-0.00031349534
1295,-5.4,3.4285715,3.6923077,0.019329563,-0.077043325,-0.00042399173
1296,-5.4,4.0,3.6923077,0.03164509,-0.07350442,-0.0005381291
1297,-5.4,0.0,3.0769231,-0.031433284,-0.07364532,0.0002550204
1298,-5.4,0.5714286,3.0769231,-0.018540623,-0.07598012,5.74233e-05
1299,-5.4,1.1428572,3.0769231,-0.011204215,-0.07510454,-0.00012070872
1300,-5.4,1.7142857,3.0769231,-0.0024524294,-0.075330764,-0.00028565718
1301,-5.4,2.2857144,3.0769231,0.0031099496,-0.07666417,-0.0004502297
1302,-5.4,2.857143,3.0769231,0.011888505,-0.07419705,-0.00062772515
1303,-5.4,3.4285715,3.0769231,0.019318713,-0.07716719,-0.0007260424
1304,-5.4,4.0,3.0769231,0.031646077,-0.073612414,-0.0008184558
1305,-5.4,0.0,2.4615386,-0.03160434,-0.07390497,0.000522397
1306,-5.4,0.5714286,2.4615386,-0.018597893,-0.07625967,0.00023555283
1307,-5.4,1.1428572,2.4615386,-0.011257302,-0.075346366,-5.6880588e-05
1308,-5.4,1.7142857,2.4615386,-0.0024976018,-0.0755753,-0.0003491506
1309,-5.4,2.2857144,2.4615386,0.003078929,-0.076926276,-0.0006306688
1310,-5.4,2.857143,2.4615386,0.011862959,-0.07441841,-0.00086992787
1311,-5.4,3.4285715,2.4615386,0.019307042,-0.0774386,-0.0011998697
1312,-5.4,4.0,2.4615386,0.03171412,-0.0738427,-0.0015656413
1313,-5.4,0.0,1.8461539,-0.031743165,-0.0743346,0.00087805174
1314,-5.4,0.5714286,1.8461539,-0.0186822,-0.07656263,0.00043736826
1315,-5.4,1.1428572,1.8461539,-0.011363729,-0.07577852,1.3003504e-05
1316,-5.4,1.7142857,1.8461539,-0.002503952,-0.07590362,-0.00039851377
1317,-5.4,2.2857144,1.8461539,0.0029803803,-0.07732266,-0.0007587717
1318,-5.4,2.857143,1.8461539,0.011860321,-0.07475551,-0.0011843129
1319,-5.4,3.4285715,1.8461539,0.019250026,-0.07781523,-0.0014670775
1320,-5.4,4.0,1.8461539,0.03172808,-0.07414309,-0.0016955703
1321,-5.4,0.0,1.2307693,-0.031959403,-0.074865356,0.001259132
1322,-5.4,0.5714286,1.2307693,-0.018733568,-0.07715756,0.00068475754
1323,-5.4,1.1428572,1.2307693,-0.011388104,-0.07623192,0.00012369358
1324,-5.4,1.7142857,1.2307693,-0.0025915501,-0.07640707,-0.00038761125
1325,-5.4,2.2857144,1.2307693,0.0029228022,-0.07780994,-0.0009433545
1326,-5.4,2.857143,1.2307693,0.011730571,-0.07520109,-0.0013443962
1327,-5.4,3.4285715,1.2307693,0.019179452,-0.07830719,-0.0018906242
1328,-5.4,4.0,1.2307693,0.031758845,-0.074605145,-0.0025779072
1329,-5.4,0.0,0.61538464,-0.03176028,-0.07541353,0.0015940564
1330,-5.4,0.5714286,0.61538464,-0.0187365,-0.07782876,0.00096834917
1331,-5.4,1.1428572,0.61538464,-0.011202194,-0.07684312,0.00030681494
1332,-5.4,1.7142857,0.61538464,-0.0026569355,-0.07711614,-0.00042333954
1333,-5.4,2.2857144,0.61538464,0.0029080769,-0.0782628,-0.0009541011
1334,-5.4,2.857143,0.61538464,0.011491942,-0.075942144,-0.0016678303
1335,-5.4,3.4285715,0.61538464,0.019064208,-0.07868413,-0.0021609054
1336,-5.4,4.0,0.61538464,0.031524155,-0.07527287,-0.0023556228
1337,-5.4,0.0,0.0,-0.031224588,-0.076569416,0.0024096197
1338,-5.4,0.5714286,0.0,-0.01826772,-0.078572266,0.0013303481
1339,-5.4,1.1428572,0.0,-0.010786968,-0.077649824,0.00032587917
1340,-5.4,1.7142857,0.0,-0.002579039,-0.07792362,-0.00022094807
1341,-5.4,2.2857144,0.0,0.002993952,-0.0788944,-0.0012201192
1342,-5.4,2.857143,0.0,0.011216739,-0.076759785,-0.0017508426
1343,-5.4,3.4285715,0.0,0.018770656,-0.07917116,-0.0024458566
1344,-5.4,4.0,0.0,0.031132,-0.076114774,-0.0037136106
1345,-4.8,0.0,8.0,-0.027707936,-0.09129365,-0.003030449
1346,-4.8,0.5714286,8.0,-0.018661667,-0.09134358,-0.002301546
1347,-4.8,1.1428572,8.0,-0.00867364,-0.09196451,-0.0013707151
1348,-4.8,1.7142857,8.0,-0.0038578238,-0.09255751,-8.8517474e-05
1349,-4.8,2.2857144,8.0,0.0039875,-0.090915956,0.00055735675
1350,-4.8,2.857143,8.0,0.009016847,-0.09328669,0.0017714353
1351,-4.8,3.4285715,8.0,0.018768655,-0.089706175,0.0025838402
1352,-4.8,4.0,8.0,0.028227234,-0.092747256,0.0027698863
1353,-4.8,0.0,7.3846154,-0.0280579,-0.09041784,-0.002942749
1354,-4.8,0.5714286,7.3846154,-0.019163027,-0.090238,-0.0018838397
1355,-4.8,1.1428572,7.3846154,-0.008840683,-0.0909456,-0.0009990109
1356,-4.8,1.7142857,7.3846154,-0.0040771244,-0.091658786,-0.00024331038
1357,-4.8,2.2857144,7.3846154,0.004192,-0.08985894,0.0007011455
1358,-4.8,2.857143,7.3846154,0.009125605,-0.092566684,0.0013300988
1359,-4.8,3.4285715,7.3846154,0.019279225,-0.088625364,0.0021762718
1360,-4.8,4.0,7.3846154,0.028614959,-0.09219499,0.0033033963
1361,-4.8,0.0,6.769231,-0.027930634,-0.089409426,-0.00215528
1362,-4.8,0.5714286,6.769231,-0.019450229,-0.08944194,-0.0015166608
1363,-4.8,1.1428572,6.769231,-0.008812278,-0.0900829,-0.000823306
1364,-4.8,1.7142857,6.769231,-0.004195047,-0.09098058,-0.000104914594
1365,-4.8,2.2857144,6.769231,0.004370704,-0.08893238,0.00048717056
1366,-4.8,2.857143,6.769231,0.00920647,-0.092035875,0.0012116343
1367,-4.8,3.4285715,6.769231,0.019588988,-0.08768213,0.0017285807
1368,-4.8,4.0,6.769231,0.028555283,-0.091625795,0.0020839525
1369,-4.8,0.0,6.1538463,-0.02784687,-0.088756755,-0.0017151209
1370,-4.8,0.5714286,6.1538463,-0.019394683,-0.0888608,-0.0011608473
1371,-4.8,1.1428572,6.1538463,-0.00880197,-0.08940476,-0.00062697026
1372,-4.8,1.7142857,6.1538463,-0.0041829455,-0.09037711,-0.00011088008
1373,-4.8,2.2857144,6.1538463,0.0044505685,-0.08834631,0.00042577283
1374,-4.8,2.857143,6.1538463,0.0092606535,-0.09140443,0.0008591081
1375,-4.8,3.4285715,6.1538463,0.019661624,-0.08715377,0.0014162842
1376,-4.8,4.0,6.1538463,0.028597347,-0.091065414,0.0020273325
1377,-4.8,0.0,5.5384617,-0.027721768,-0.08830694,-0.0012344221
1378,-4.8,0.5714286,5.5384617,-0.019311458,-0.08831059,-0.00085474696
1379,-4.8,1.1428572,5.5384617,-0.0088026365,-0.08900168,-0.00047383012
1380,-4.8,1.7142857,5.5384617,-0.0041142744,-0.08987718,-0.000106278174
1381,-4.8,2.2857144,5.5384617,0.0044246763,-0.08793062,0.0002493288
1382,-4.8,2.857143,5.5384617,0.009327264,-0.09093993,0.0006229069
1383,-4.8,3.4285715,5.5384617,0.019622061,-0.08673273,0.000894471
1384,-4.8,4.0,5.5384617,0.028525382,-0.09057473,0.0011330618
1385,-4.8,0.0,4.923077,-0.027662082,-0.08799361,-0.0007921632
1386,-4.8,0.5714286,4.923077,-0.019240303,-0.08802095,-0.0005782661
1387,-4.8,1.1428572,4.923077,-0.008786631,-0.08868752,-0.0003577137
1388,-4.8,1.7142857,4.923077,-0.0040977295,-0.08957103,-0.00012703257
1389,-4.8,2.2857144,4.923077,0.0044270633,-0.087651215,8.4728075e-05
1390,-4.8,2.857143,4.923077,0.00932164,-0.090614825,0.00028089664
1391,-4.8,3.4285715,4.923077,0.019591235,-0.08648143,0.000542982
1392,-4.8,4.0,4.923077,0.028507277,-0.09027986,0.0008090258
1393,-4.8,0.0,4.3076925,-0.027615815,-0.08784176,-0.0004025443
1394,-4.8,0.5714286,4.3076925,-0.019217882,-0.087848514,-0.00031510694
1395,-4.8,1.1428572,4.3076925,-0.008784548,-0.088548884,-0.00023823904
1396,-4.8,1.7142857,4.3076925,-0.0040874775,-0.08941247,-0.00017490411
1397,-4.8,2.2857144,4.3076925,0.004411072,-0.08750893,-9.504879e-05
1398,-4.8,2.857143,4.3076925,0.009320588,-0.09046538,-1.9593723e-05
1399,-4.8,3.4285715,4.3076925,0.019563124,-0.08633507,-6.0828347e-06
1400,-4.8,4.0,4.3076925,0.028459124,-0.09012173,6.0999164e-06
1401,-4.8,0.0,3.6923077,-0.027628046,-0.08784178,2.1839864e-05
1402,-4.8,0.5714286,3.6923077,-0.019230133,-0.08784837,-6.6850174e-05
1403,-4.8,1.1428572,3.6923077,-0.0087968325,-0.08854892,-0.00014312296
1404,-4.8,1.7142857,3.6923077,-0.0040997607,-0.089412354,-0.00020752418
1405,-4.8,2.2857144,3.6923077,0.004398778,-0.087508924,-0.0002867733
1406,-4.8,2.857143,3.6923077,0.009308283,-0.09046531,-0.00036326176
1407,-4.8,3.4285715,3.6923077,0.019550817,-0.086335026,-0.00037625886
1408,-4.8,4.0,3.6923077,0.028446816,-0.09012164,-0.00038958894
1409,-4.8,0.0,3.0769231,-0.027698848,-0.087993674,0.00041098282
1410,-4.8,0.5714286,3.0769231,-0.019277105,-0.08802059,0.0001966884
1411,-4.8,1.1428572,3.0769231,-0.00882347,-0.08868756,-2.3999562e-05
1412,-4.8,1.7142857,3.0769231,-0.004134574,-0.08957073,-0.0002550584
1413,-4.8,2.2857144,3.0769231,0.004390163,-0.08765117,-0.0004668706
1414,-4.8,2.857143,3.0769231,0.009284752,-0.090614624,-0.0006634398
1415,-4.8,3.4285715,3.0769231,0.019554252,-0.08648132,-0.0009256213
1416,-4.8,4.0,3.0769231,0.028470263,-0.09027971,-0.0011921953
1417,-4.8,0.0,2.4615386,-0.027782997,-0.08830715,0.0008532881
1418,-4.8,0.5714286,2.4615386,-0.01937277,-0.08830993,0.00047331591
1419,-4.8,1.1428572,2.4615386,-0.0088640535,-0.0890018,9.195146e-05
1420,-4.8,1.7142857,2.4615386,-0.0041756798,-0.089876674,-0.00027564488
1421,-4.8,2.2857144,2.4615386,0.0043631727,-0.087930545,-0.0006316315
1422,-4.8,2.857143,2.4615386,0.009265778,-0.09093961,-0.0010052816
1423,-4.8,3.4285715,2.4615386,0.019560449,-0.08673251,-0.0012772772
1424,-4.8,4.0,2.4615386,0.028463768,-0.09057446,-0.001516111
1425,-4.8,0.0,1.8461539,-0.027932636,-0.08875697,0.0013338071
1426,-4.8,0.5714286,1.8461539,-0.019480571,-0.08885996,0.00077936397
1427,-4.8,1.1428572,1.8461539,-0.008887928,-0.08940488,0.00024515617
1428,-4.8,1.7142857,1.8461539,-0.0042689443,-0.09037646,-0.0002710936
1429,-4.8,2.2857144,1.8461539,0.0043644826,-0.088346176,-0.00080803136
1430,-4.8,2.857143,1.8461539,0.009174551,-0.09140404,-0.001241513
1431,-4.8,3.4285715,1.8461539,0.019575367,-0.08715345,-0.0017990412
1432,-4.8,4.0,1.8461539,0.028510991,-0.09106512,-0.0024103597
1433,-4.8,0.0,1.2307693,-0.028040988,-0.0894098,0.0017741821
1434,-4.8,0.5714286,1.2307693,-0.019560527,-0.08944076,0.0011352318
1435,-4.8,1.1428572,1.2307693,-0.008922948,-0.090083145,0.0004414315
1436,-4.8,1.7142857,1.2307693,-0.0043054875,-0.09097972,-0.00027702478
1437,-4.8,2.2857144,1.2307693,0.004259881,-0.088932246,-0.0008694407
1438,-4.8,2.857143,1.2307693,0.009095907,-0.0920354,-0.0015940225
1439,-4.8,3.4285715,1.2307693,0.019477965,-0.0876817,-0.0021113448
1440,-4.8,4.0,1.2307693,0.028444493,-0.09162541,-0.0024670493
1441,-4.8,0.0,0.61538464,-0.028193135,-0.09041857,0.0025614584
1442,-4.8,0.5714286,0.61538464,-0.019297613,-0.090236396,0.0015023242
1443,-4.8,1.1428572,0.61538464,-0.008976235,-0.090946116,0.00061718695
1444,-4.8,1.7142857,0.61538464,-0.00421184,-0.09165755,-0.00013866619
1445,-4.8,2.2857144,0.61538464,0.0040562847,-0.08985903,-0.0010833942
1446,-4.8,2.857143,0.61538464,0.008990765,-0.09256586,-0.0017124839
1447,-4.8,3.4285715,0.61538464,0.019143295,-0.08862518,-0.0025590123
1448,-4.8,4.0,0.61538464,0.028479753,-0.09219431,-0.0036863901
1449,-4.8,0.0,0.0,-0.02786787,-0.091294356,0.0026492758
1450,-4.8,0.5714286,0.0,-0.01882071,-0.091341816,0.0019200783
1451,-4.8,1.1428572,0.0,-0.008833926,-0.09196509,0.0009888593
1452,-4.8,1.7142857,0.0,-0.0040169912,-0.09255606,-0.00029347857
1453,-4.8,2.2857144,0.0,0.0038270832,-0.09091617,-0.0009395772
1454,-4.8,2.857143,0.0,0.008857583,-0.0932856,-0.0021538339
1455,-4.8,3.4285715,0.0,0.018608058,-0.08970614,-0.0029665485
1456,-4.8,4.0,0.0,0.028067695,-0.09274625,-0.0031529514
1457,-4.2,0.0,8.0,-0.028036049,-0.10450993,-0.0044412827
1458,-4.2,0.5714286,8.0,-0.015092743,-0.10486427,-0.0027712027
1459,-4.2,1.1428572,8.0,-0.010199963,-0.105559826,-0.0014677012
1460,-4.2,1.7142857,8.0,-0.0017439841,-0.10454695,-0.0005403853
1461,-4.2,2.2857144,8.0,0.0013642977,-0.10665106,0.0010167317
1462,-4.2,2.857143,8.0,0.009811744,-0.10312052,0.0017827943
1463,-4.2,3.4285715,8.0,0.015202999,-0.10684451,0.0030245825
1464,-4.2,4.0,8.0,0.027842429,-0.10220305,0.0048169866
1465,-4.2,0.0,7.3846154,-0.028528972,-0.103124395,-0.0032042584
1466,-4.2,0.5714286,7.3846154,-0.015313012,-0.10366149,-0.0023709242
1467,-4.2,1.1428572,7.3846154,-0.010494456,-0.10438729,-0.0013396855
1468,-4.2,1.7142857,7.3846154,-0.0016137091,-0.10327707,-0.00021728525
1469,-4.2,2.2857144,7.3846154,0.0013767218,-0.105677925,0.00061416737
1470,-4.2,2.857143,7.3846154,0.010299562,-0.10179864,0.0017515038
1471,-4.2,3.4285715,7.3846154,0.015540536,-0.10607533,0.0025465419
1472,-4.2,4.0,7.3846154,0.028402813,-0.100762405,0.0030248032
1473,-4.2,0.0,6.769231,-0.02869277,-0.102254145,-0.0028122764
1474,-4.2,0.5714286,6.769231,-0.015234742,-0.10259738,-0.0018759593
1475,-4.2,1.1428572,6.769231,-0.010731426,-0.10348209,-0.0010200026
1476,-4.2,1.7142857,6.769231,-0.0014371198,-0.102201015,-0.00024226822
1477,-4.2,2.2857144,6.769231,0.0013526462,-0.10494999,0.0006433925
1478,-4.2,2.857143,6.769231,0.010625464,-0.10064479,0.0013103462
1479,-4.2,3.4285715,6.769231,0.01565562,-0.10546958,0.002164817
1480,-4.2,4.0,6.769231,0.028745709,-0.099738866,0.0031327242
1481,-4.2,0.0,6.1538463,-0.028572455,-0.101461515,-0.0020531546
1482,-4.2,0.5714286,6.1538463,-0.015229703,-0.10177326,-0.0014528895
1483,-4.2,1.1428572,6.1538463,-0.0107103,-0.10276847,-0.0008074613
1484,-4.2,1.7142857,6.1538463,-0.0014211514,-0.1014519,-0.00015064984
1485,-4.2,2.2857144,6.1538463,0.0014018816,-0.10420223,0.0004385187
1486,-4.2,2.857143,6.1538463,0.010717288,-0.09999521,0.0010975528
1487,-4.2,3.4285715,6.1538463,0.015711695,-0.1046934,0.0015837436
1488,-4.2,4.0,6.1538463,0.028692411,-0.09904105,0.002008269
1489,-4.2,0.0,5.5384617,-0.028422778,-0.10085583,-0.0015115503
1490,-4.2,0.5714286,5.5384617,-0.015199252,-0.10128554,-0.001063094
1491,-4.2,1.1428572,5.5384617,-0.01064944,-0.102158576,-0.0006031889
1492,-4.2,1.7142857,5.5384617,-0.0014433705,-0.10096024,-0.00015175251
1493,-4.2,2.2857144,5.5384617,0.0014624328,-0.10363598,0.00030099458
1494,-4.2,2.857143,5.5384617,0.01067374,-0.099491805,0.0007012663
1495,-4.2,3.4285715,5.5384617,0.01574939,-0.104166314,0.0011833161
1496,-4.2,4.0,5.5384617,0.02863408,-0.09860258,0.0016604345
1497,-4.2,0.0,4.923077,-0.028320696,-0.10047764,-0.0009686781
1498,-4.2,0.5714286,4.923077,-0.015175121,-0.10090369,-0.00070040795
1499,-4.2,1.1428572,4.923077,-0.010611544,-0.10180923,-0.0004293492
1500,-4.2,1.7142857,4.923077,-0.0014472888,-0.10061525,-0.00016443488
1501,-4.2,2.2857144,4.923077,0.0014683947,-0.103268124,0.00010448864
1502,-4.2,2.857143,4.923077,0.010659645,-0.09918574,0.00037196305
1503,-4.2,3.4285715,4.923077,0.015728371,-0.103773534,0.00055715453
1504,-4.2,4.0,4.923077,0.028535765,-0.0982759,0.0007397297
1505,-4.2,0.0,4.3076925,-0.028280357,-0.10028795,-0.00044603524
1506,-4.2,0.5714286,4.3076925,-0.015160142,-0.10074204,-0.0003715006
1507,-4.2,1.1428572,4.3076925,-0.010599658,-0.10162016,-0.0002803137
1508,-4.2,1.7142857,4.3076925,-0.0014567772,-0.10045181,-0.0001829734
1509,-4.2,2.2857144,4.3076925,0.0014693986,-0.10309009,-0.000102280705
1510,-4.2,2.857143,4.3076925,0.010633329,-0.099017575,-2.2085926e-05
1511,-4.2,3.4285715,4.3076925,0.015715336,-0.10360903,0.000115455594
1512,-4.2,4.0,4.3076925,0.028504815,-0.098126784,0.00023447647
1513,-4.2,0.0,3.6923077,-0.028292634,-0.100287855,4.0112303e-05
1514,-4.2,0.5714286,3.6923077,-0.015172416,-0.10074204,-3.355994e-05
1515,-4.2,1.1428572,3.6923077,-0.010611941,-0.10162002,-0.00012605904
1516,-4.2,1.7142857,3.6923077,-0.0014690498,-0.1004518,-0.00022251986
1517,-4.2,2.2857144,3.6923077,0.00145709,-0.10308999,-0.0003043897
1518,-4.2,2.857143,3.6923077,0.010621048,-0.099017516,-0.00038378307
1519,-4.2,3.4285715,3.6923077,0.015702998,-0.10360897,-0.0005225006
1520,-4.2,4.0,3.6923077,0.028492462,-0.098126754,-0.00064086006
1521,-4.2,0.0,3.0769231,-0.028357456,-0.100477286,0.00056340254
1522,-4.2,0.5714286,3.0769231,-0.015211883,-0.10090365,0.0002948374
1523,-4.2,1.1428572,3.0769231,-0.010648397,-0.101808876,2.3448629e-05
1524,-4.2,1.7142857,3.0769231,-0.0014841333,-0.10061516,-0.00024149592
1525,-4.2,2.2857144,3.0769231,0.001431507,-0.10326784,-0.0005107401
1526,-4.2,2.857143,3.0769231,0.010622751,-0.099185556,-0.0007782225
1527,-4.2,3.4285715,3.0769231,0.015691433,-0.10377332,-0.00096381933
1528,-4.2,4.0,3.0769231,0.0284988,-0.09827568,-0.0011465151
1529,-4.2,0.0,2.4615386,-0.028484095,-0.100855164,0.001106212
1530,-4.2,0.5714286,2.4615386,-0.01526058,-0.101285554,0.0006573794
1531,-4.2,1.1428572,2.4615386,-0.010710845,-0.10215794,0.0001974771
1532,-4.2,1.7142857,2.4615386,-0.0015047891,-0.10096012,-0.00025436573
1533,-4.2,2.2857144,2.4615386,0.0014009543,-0.10363551,-0.00070704776
1534,-4.2,2.857143,2.4615386,0.010612245,-0.0994915,-0.0011077117
1535,-4.2,3.4285715,2.4615386,0.015687808,-0.10416601,-0.0015897743
1536,-4.2,4.0,2.4615386,0.028572371,-0.09860225,-0.0020673682
1537,-4.2,0.0,1.8461539,-0.028658278,-0.10146067,0.0016480475
1538,-4.2,0.5714286,1.8461539,-0.015315508,-0.10177323,0.0010472378
1539,-4.2,1.1428572,1.8461539,-0.010796314,-0.102767654,0.00040166816
1540,-4.2,1.7142857,1.8461539,-0.0015071119,-0.101451695,-0.000255391
1541,-4.2,2.2857144,1.8461539,0.001315776,-0.104201645,-0.00084462366
1542,-4.2,2.857143,1.8461539,0.010631216,-0.09999476,-0.0015039326
1543,-4.2,3.4285715,1.8461539,0.015625462,-0.104693,-0.0019902561
1544,-4.2,4.0,1.8461539,0.028606137,-0.09904051,-0.002415219
1545,-4.2,0.0,1.2307693,-0.028803084,-0.10225303,0.0024069292
1546,-4.2,0.5714286,1.2307693,-0.01534522,-0.102597415,0.0014702436
1547,-4.2,1.1428572,1.2307693,-0.0108419005,-0.103481025,0.0006142808
1548,-4.2,1.7142857,1.2307693,-0.0015477734,-0.10220079,-0.00016381878
1549,-4.2,2.2857144,1.2307693,0.0012420614,-0.104949266,-0.0010494593
1550,-4.2,2.857143,1.2307693,0.010514667,-0.1006442,-0.0017167329
1551,-4.2,3.4285715,1.2307693,0.01554487,-0.10546915,-0.0025712939
1552,-4.2,4.0,1.2307693,0.028634554,-0.099738225,-0.003539592
1553,-4.2,0.0,0.61538464,-0.028663458,-0.10312284,0.0027991398
1554,-4.2,0.5714286,0.61538464,-0.015448351,-0.10366174,0.0019652802
1555,-4.2,1.1428572,0.61538464,-0.010629188,-0.10438582,0.0009338842
1556,-4.2,1.7142857,0.61538464,-0.0017492725,-0.10327704,-0.00018875206
1557,-4.2,2.2857144,0.61538464,0.0012418842,-0.1056768,-0.0010202538
1558,-4.2,2.857143,0.61538464,0.010163846,-0.10179827,-0.0021578595
1559,-4.2,3.4285715,0.61538464,0.0154055115,-0.10607446,-0.0029530139
1560,-4.2,4.0,0.61538464,0.02826681,-0.100761935,-0.003431781
1561,-4.2,0.0,0.0,-0.028195009,-0.10450817,0.0040359376
1562,-4.2,0.5714286,0.0,-0.015252875,-0.104864515,0.0023654585
1563,-4.2,1.1428572,0.0,-0.010359119,-0.105558135,0.0010619292
1564,-4.2,1.7142857,0.0,-0.0019042892,-0.104546994,0.00013434626
1565,-4.2,2.2857144,0.0,0.0012050497,-0.10664964,-0.0014228278
1566,-4.2,2.857143,0.0,0.009651311,-0.10312031,-0.0021891037
1567,-4.2,3.4285715,0.0,0.015043579,-0.10684329,-0.00343105
1568,-4.2,4.0,0.0,0.027681604,-0.10220281,-0.0052237953
1569,-3.6,0.0,8.0,-0.022637242,-0.11632904,-0.004323405
1570,-3.6,0.5714286,8.0,-0.016428266,-0.117759295,-0.0033066284
1571,-3.6,1.1428572,8.0,-0.006523893,-0.11726266,-0.0018594059
1572,-3.6,1.7142857,8.0,-0.004509475,-0.11903684,-0.0001811072
1573,-3.6,2.2857144,8.0,0.0035071156,-0.116118506,0.0007996531
1574,-3.6,2.857143,8.0,0.0058351485,-0.11994661,0.0025510525
1575,-3.6,3.4285715,8.0,0.015828192,-0.114434026,0.0036383087
1576,-3.6,4.0,8.0,0.02277766,-0.119225286,0.0041040955
1577,-3.6,0.0,7.3846154,-0.022724474,-0.11493213,-0.0041313493
1578,-3.6,0.5714286,7.3846154,-0.01684696,-0.11630034,-0.0026520535
1579,-3.6,1.1428572,7.3846154,-0.006439738,-0.11579054,-0.0014379247
1580,-3.6,1.7142857,7.3846154,-0.004591577,-0.11778653,-0.0003315549
1581,-3.6,2.2857144,7.3846154,0.00396425,-0.114593156,0.0009875384
1582,-3.6,2.857143,7.3846154,0.0060489466,-0.11894513,0.0019150084
1583,-3.6,3.4285715,7.3846154,0.01660163,-0.112811476,0.0031316695
1584,-3.6,4.0,7.3846154,0.023261722,-0.11856858,0.0046139876
1585,-3.6,0.0,6.769231,-0.022507744,-0.113603026,-0.0030327274
1586,-3.6,0.5714286,6.769231,-0.017117068,-0.11521162,-0.0021659455
1587,-3.6,1.1428572,6.769231,-0.0062722275,-0.114564374,-0.0011835071
1588,-3.6,1.7142857,6.769231,-0.0047311927,-0.116823725,-0.00015566192
1589,-3.6,2.2857144,6.769231,0.004286261,-0.11328305,0.00071865984
1590,-3.6,2.857143,6.769231,0.0061342386,-0.11820763,0.0017356672
1591,-3.6,3.4285715,6.769231,0.017024305,-0.11143708,0.0024963696
1592,-3.6,4.0,6.769231,0.023245612,-0.1177494,0.0031070488
1593,-3.6,0.0,6.1538463,-0.022420175,-0.11270048,-0.00244565
1594,-3.6,0.5714286,6.1538463,-0.017062444,-0.11436667,-0.0016532029
1595,-3.6,1.1428572,6.1538463,-0.006298141,-0.11365823,-0.0008976861
1596,-3.6,1.7142857,6.1538463,-0.0046917573,-0.1159767,-0.00015160341
1597,-3.6,2.2857144,6.1538463,0.004319276,-0.11248063,0.0006123108
1598,-3.6,2.857143,6.1538463,0.0061963815,-0.117299005,0.0012722209
1599,-3.6,3.4285715,6.1538463,0.017095046,-0.11074148,0.0020344385
1600,-3.6,4.0,6.1538463,0.023302462,-0.11695581,0.0028125287
1601,-3.6,0.0,5.5384617,-0.022362525,-0.11208473,-0.0017013481
1602,-3.6,0.5714286,5.5384617,-0.016982092,-0.11366586,-0.0012047357
1603,-3.6,1.1428572,5.5384617,-0.006308762,-0.113092855,-0.0006756243
1604,-3.6,1.7142857,5.5384617,-0.004647407,-0.11531301,-0.00013519019
1605,-3.6,2.2857144,5.5384617,0.004280572,-0.111911476,0.00038565008
1606,-3.6,2.857143,5.5384617,0.0062480844,-0.11668193,0.00091118435
1607,-3.6,3.4285715,5.5384617,0.017020522,-0.11014935,0.0013241556
1608,-3.6,4.0,5.5384617,0.023244044,-0.116281,0.0017124624
1609,-3.6,0.0,4.923077,-0.022303564,-0.11167153,-0.001099074
1610,-3.6,0.5714286,4.923077,-0.01692296,-0.113270596,-0.0007946256
1611,-3.6,1.1428572,4.923077,-0.0063132355,-0.1126871,-0.00048169895
1612,-3.6,1.7142857,4.923077,-0.004625392,-0.114909224,-0.00015187709
1613,-3.6,2.2857144,4.923077,0.0042576287,-0.111544155,0.00015352061
1614,-3.6,2.857143,4.923077,0.0062374887,-0.116247684,0.00045283555
1615,-3.6,3.4285715,4.923077,0.01698611,-0.10983309,0.00079490035
1616,-3.6,4.0,4.923077,0.023221094,-0.115886986,0.0011091842
1617,-3.6,0.0,4.3076925,-0.02228291,-0.1114733,-0.0005038974
1618,-3.6,0.5714286,4.3076925,-0.016903464,-0.113055505,-0.00040178112
1619,-3.6,1.1428572,4.3076925,-0.0063142045,-0.11250461,-0.00029712415
1620,-3.6,1.7142857,4.3076925,-0.0046251095,-0.11470615,-0.00019995117
1621,-3.6,2.2857144,4.3076925,0.004238205,-0.11135963,-8.311229e-05
1622,-3.6,2.857143,4.3076925,0.006230352,-0.11605677,1.6136735e-05
1623,-3.6,3.4285715,4.3076925,0.016949082,-0.10963812,6.003892e-05
1624,-3.6,4.0,4.3076925,0.023181396,-0.11567986,0.000115847426
1625,-3.6,0.0,3.6923077,-0.022295116,-0.11147322,7.518456e-05
1626,-3.6,0.5714286,3.6923077,-0.01691573,-0.11305536,-2.8660355e-05
1627,-3.6,1.1428572,3.6923077,-0.0063264617,-0.112504594,-0.00013207225
1628,-3.6,1.7142857,3.6923077,-0.0046374258,-0.11470601,-0.00023070966
1629,-3.6,2.2857144,3.6923077,0.0042259498,-0.111359574,-0.00034639754
1630,-3.6,2.857143,3.6923077,0.006218016,-0.116056666,-0.0004469737
1631,-3.6,3.4285715,3.6923077,0.016936816,-0.109638005,-0.00048988033
1632,-3.6,4.0,3.6923077,0.023169069,-0.115679726,-0.0005470696
1633,-3.6,0.0,3.0769231,-0.02234029,-0.1116714,0.00066949637
1634,-3.6,0.5714286,3.0769231,-0.016959837,-0.113270216,0.00036489224
1635,-3.6,1.1428572,3.0769231,-0.006350016,-0.112686954,5.1875264e-05
1636,-3.6,1.7142857,3.0769231,-0.004662294,-0.11490887,-0.0002782004
1637,-3.6,2.2857144,3.0769231,0.0042207944,-0.11154392,-0.0005835593
1638,-3.6,2.857143,3.0769231,0.006200558,-0.116247416,-0.00088316586
1639,-3.6,3.4285715,3.0769231,0.016949214,-0.109832786,-0.0012252104
1640,-3.6,4.0,3.0769231,0.023184031,-0.115886785,-0.0015399101
1641,-3.6,0.0,2.4615386,-0.022423686,-0.1120846,0.001271921
1642,-3.6,0.5714286,2.4615386,-0.017043486,-0.113665156,0.000775149
1643,-3.6,1.1428572,2.4615386,-0.0063700997,-0.11309266,0.00024560385
1644,-3.6,1.7142857,2.4615386,-0.0047088964,-0.1153124,-0.00029465984
1645,-3.6,2.2857144,2.4615386,0.004219165,-0.11191112,-0.00081590016
1646,-3.6,2.857143,2.4615386,0.0061865374,-0.11668148,-0.0013412755
1647,-3.6,3.4285715,2.4615386,0.016959028,-0.11014881,-0.0017546923
1648,-3.6,4.0,2.4615386,0.023182392,-0.1162806,-0.002143014
1649,-3.6,0.0,1.8461539,-0.022505863,-0.112700224,0.0020159644
1650,-3.6,0.5714286,1.8461539,-0.01714849,-0.114365764,0.0012235539
1651,-3.6,1.1428572,1.8461539,-0.0063839704,-0.11365794,0.0004677819
1652,-3.6,1.7142857,1.8461539,-0.0047778916,-0.11597591,-0.00027833882
1653,-3.6,2.2857144,1.8461539,0.00423334,-0.112480104,-0.0010424583
1654,-3.6,2.857143,1.8461539,0.006110165,-0.11729846,-0.0017023773
1655,-3.6,3.4285715,1.8461539,0.017008971,-0.11074072,-0.0024648723
1656,-3.6,4.0,1.8461539,0.023215996,-0.116955414,-0.0032430752
1657,-3.6,0.0,1.2307693,-0.022617932,-0.11360276,0.0026033446
1658,-3.6,0.5714286,1.2307693,-0.01722757,-0.11521046,0.001736369
1659,-3.6,1.1428572,1.2307693,-0.006382708,-0.114564024,0.0007535102
1660,-3.6,1.7142857,1.2307693,-0.004841834,-0.11682276,-0.00027419673
1661,-3.6,2.2857144,1.2307693,0.0041756486,-0.11328237,-0.0011488434
1662,-3.6,2.857143,1.2307693,0.0060234955,-0.11820702,-0.002165768
1663,-3.6,3.4285715,1.2307693,0.016913507,-0.111436054,-0.002926824
1664,-3.6,4.0,1.2307693,0.023134677,-0.11774888,-0.003537679
1665,-3.6,0.0,0.61538464,-0.02285961,-0.114931986,0.0037016708
1666,-3.6,0.5714286,0.61538464,-0.016981725,-0.11629878,0.0022223857
1667,-3.6,1.1428572,0.61538464,-0.006575131,-0.11579032,0.0010080185
1668,-3.6,1.7142857,0.61538464,-0.00472645,-0.117785156,-9.836378e-05
1669,-3.6,2.2857144,0.61538464,0.0038286962,-0.11459264,-0.0014176621
1670,-3.6,2.857143,0.61538464,0.0059139626,-0.11894404,-0.0023451173
1671,-3.6,3.4285715,0.61538464,0.01646587,-0.11281074,-0.0035620853
1672,-3.6,4.0,0.61538464,0.023126371,-0.11856761,-0.005044446
1673,-3.6,0.0,0.0,-0.022797072,-0.1163289,0.0038939917
1674,-3.6,0.5714286,0.0,-0.016587388,-0.11775749,0.0028770273
1675,-3.6,1.1428572,0.0,-0.0066840686,-0.11726245,0.0014294325
1676,-3.6,1.7142857,0.0,-0.0046687326,-0.11903516,-0.00024878274
1677,-3.6,2.2857144,0.0,0.003346808,-0.11611811,-0.0012297542
1678,-3.6,2.857143,0.0,0.0056757866,-0.11994512,-0.0029811608
1679,-3.6,3.4285715,0.0,0.015667692,-0.114433475,-0.00406866
1680,-3.6,4.0,0.0,0.02261804,-0.119223796,-0.0045347353
1681,-3.0,0.0,8.0,-0.02339788,-0.12891065,-0.0056604203
1682,-3.0,0.5714286,8.0,-0.010949555,-0.12868801,-0.0034535716
1683,-3.0,1.1428572,8.0,-0.009164999,-0.13032536,-0.0017949607
1684,-3.0,1.7142857,8.0,-0.00083478703,-0.12836456,-0.00035882666
1685,-3.0,2.2857144,8.0,-0.00063635834,-0.1317505,0.0016108747
1686,-3.0,2.857143,8.0,0.0077767805,-0.12647066,0.0026632617
1687,-3.0,3.4285715,8.0,0.010397303,-0.13233739,0.004396604
1688,-3.0,4.0,8.0,0.022969887,-0.12491251,0.0065933815
1689,-3.0,0.0,7.3846154,-0.023829367,-0.12716341,-0.004148694
1690,-3.0,0.5714286,7.3846154,-0.010923196,-0.12700161,-0.0029667902
1691,-3.0,1.1428572,7.3846154,-0.0093328385,-0.12877347,-0.0015381459
1692,-3.0,1.7142857,7.3846154,-0.00044427242,-0.1266288,-5.9601887e-05
1693,-3.0,2.2857144,7.3846154,-0.00046136347,-0.13046074,0.0011391642
1694,-3.0,2.857143,7.3846154,0.008564175,-0.124663085,0.0026211822
1695,-3.0,3.4285715,7.3846154,0.01082834,-0.13142237,0.0036696687
1696,-3.0,4.0,7.3846154,0.023830982,-0.12278181,0.0044480953
1697,-3.0,0.0,6.769231,-0.023955159,-0.12594025,-0.0035510694
1698,-3.0,0.5714286,6.769231,-0.010741567,-0.12559855,-0.0023291977
1699,-3.0,1.1428572,6.769231,-0.009579373,-0.12757531,-0.001171957
1700,-3.0,1.7142857,6.769231,-0.00012802742,-0.12520282,-8.507354e-05
1701,-3.0,2.2857144,6.769231,-0.00052174466,-0.12949203,0.0010952007
1702,-3.0,2.857143,6.769231,0.009015798,-0.1230841,0.0020451876
1703,-3.0,3.4285715,6.769231,0.010982027,-0.13069138,0.0031646243
1704,-3.0,4.0,6.769231,0.024298845,-0.121406324,0.00431864
1705,-3.0,0.0,6.1538463,-0.02386786,-0.12492981,-0.0025656784
1706,-3.0,0.5714286,6.1538463,-0.010747658,-0.12456753,-0.0017949488
1707,-3.0,1.1428572,6.1538463,-0.009538074,-0.12663014,-0.0009214223
1708,-3.0,1.7142857,6.1538463,-0.00016754643,-0.12424222,-2.7769214e-05
1709,-3.0,2.2857144,6.1538463,-0.00045345034,-0.12851164,0.0008107327
1710,-3.0,2.857143,6.1538463,0.009043811,-0.12226844,0.0016719396
1711,-3.0,3.4285715,6.1538463,0.011013561,-0.12961309,0.002354959
1712,-3.0,4.0,6.1538463,0.024253223,-0.120518096,0.002993802
1713,-3.0,0.0,5.5384617,-0.02371963,-0.12417716,-0.0018827048
1714,-3.0,0.5714286,5.5384617,-0.010748504,-0.12392744,-0.0013039714
1715,-3.0,1.1428572,5.5384617,-0.0094925575,-0.12588802,-0.0006792746
1716,-3.0,1.7142857,5.5384617,-0.00019648076,-0.12361739,-6.656811e-05
1717,-3.0,2.2857144,5.5384617,-0.0004297437,-0.12780295,0.0005565319
1718,-3.0,2.857143,5.5384617,0.008978083,-0.12162461,0.0011198779
1719,-3.0,3.4285715,5.5384617,0.011052476,-0.1289649,0.0017389739
1720,-3.0,4.0,5.5384617,0.024155637,-0.11996977,0.002285402
1721,-3.0,0.0,4.923077,-0.02366331,-0.123720154,-0.0011680035
1722,-3.0,0.5714286,4.923077,-0.010735683,-0.12347754,-0.00084604014
1723,-3.0,1.1428572,4.923077,-0.009458079,-0.12545812,-0.00048752155
1724,-3.0,1.7142857,4.923077,-0.00022643676,-0.123199664,-0.00011945544
1725,-3.0,2.2857144,4.923077,-0.00041984292,-0.12735307,0.0002544258
1726,-3.0,2.857143,4.923077,0.008937563,-0.121257335,0.0006076418
1727,-3.0,3.4285715,4.923077,0.011017474,-0.12846181,0.0008769228
1728,-3.0,4.0,4.923077,0.02408689,-0.11957912,0.00114719
1729,-3.0,0.0,4.3076925,-0.023626149,-0.12349262,-0.0005418004
1730,-3.0,0.5714286,4.3076925,-0.01073234,-0.123278886,-0.00043682143
1731,-3.0,1.1428572,4.3076925,-0.00945317,-0.12523751,-0.00031120417
1732,-3.0,1.7142857,4.3076925,-0.00023874936,-0.12300447,-0.00018498387
1733,-3.0,2.2857144,4.3076925,-0.00043221,-0.12714149,-7.039984e-05
1734,-3.0,2.857143,4.3076925,0.008905781,-0.121055566,4.5629728e-05
1735,-3.0,3.4285715,4.3076925,0.011006482,-0.12826875,0.0002081017
1736,-3.0,4.0,4.3076925,0.024045901,-0.11939995,0.000322107
1737,-3.0,0.0,3.6923077,-0.023638474,-0.12349256,8.713006e-05
1738,-3.0,0.5714286,3.6923077,-0.0107446015,-0.123278834,-1.6041526e-05
1739,-3.0,1.1428572,3.6923077,-0.009465481,-0.12523735,-0.00014361777
1740,-3.0,1.7142857,3.6923077,-0.00025098686,-0.12300441,-0.00026820967
1741,-3.0,2.2857144,3.6923077,-0.0004445583,-0.12714134,-0.00038445738
1742,-3.0,2.857143,3.6923077,0.00889355,-0.12105544,-0.00049907673
1743,-3.0,3.4285715,3.6923077,0.010994112,-0.12826867,-0.00066305336
1744,-3.0,4.0,3.6923077,0.024033593,-0.11939986,-0.0007758333
1745,-3.0,0.0,3.0769231,-0.023700124,-0.12371975,0.00071455596
1746,-3.0,0.5714286,3.0769231,-0.010772385,-0.123477325,0.00039220578
1747,-3.0,1.1428572,3.0769231,-0.009495001,-0.12545772,3.3561082e-05
1748,-3.0,1.7142857,3.0769231,-0.00026321743,-0.123199396,-0.00033449233
1749,-3.0,2.2857144,3.0769231,-0.00045679524,-0.12735271,-0.0007085837
1750,-3.0,2.857143,3.0769231,0.008900757,-0.12125694,-0.0010617074
1751,-3.0,3.4285715,3.0769231,0.010980499,-0.12846152,-0.0013312782
1752,-3.0,4.0,3.0769231,0.024050014,-0.11957862,-0.0016015255
1753,-3.0,0.0,2.4615386,-0.023781085,-0.12417643,0.001429016
1754,-3.0,0.5714286,2.4615386,-0.010809785,-0.12392716,0.0008500367
1755,-3.0,1.1428572,2.4615386,-0.009554043,-0.1258873,0.0002255365
1756,-3.0,1.7142857,2.4615386,-0.00025782615,-0.12361699,-0.00038760924
1757,-3.0,2.2857144,2.4615386,-0.00049130304,-0.12780233,-0.0010104151
1758,-3.0,2.857143,2.4615386,0.008916704,-0.121623985,-0.0015741838
1759,-3.0,3.4285715,2.4615386,0.010990858,-0.1289645,-0.0021930365
1760,-3.0,4.0,2.4615386,0.024094038,-0.11996908,-0.0027399422
1761,-3.0,0.0,1.8461539,-0.02395382,-0.12492889,0.0021123546
1762,-3.0,0.5714286,1.8461539,-0.010833357,-0.12456711,0.0013410967
1763,-3.0,1.1428572,1.8461539,-0.009624239,-0.1266292,0.00046755056
1764,-3.0,1.7142857,1.8461539,-0.00025337117,-0.12424165,-0.00042624742
1765,-3.0,2.2857144,1.8461539,-0.00053970475,-0.12851086,-0.001264717
1766,-3.0,2.857143,1.8461539,0.008957926,-0.12226753,-0.0021260981
1767,-3.0,3.4285715,1.8461539,0.010927221,-0.12961261,-0.002809124
1768,-3.0,4.0,1.8461539,0.02416714,-0.12051697,-0.0034483173
1769,-3.0,0.0,1.2307693,-0.024065757,-0.12593907,0.0030973984
1770,-3.0,0.5714286,1.2307693,-0.010851898,-0.12559801,0.0018752676
1771,-3.0,1.1428572,1.2307693,-0.009690055,-0.12757418,0.00071822345
1772,-3.0,1.7142857,1.2307693,-0.00023849164,-0.12520206,-0.00036903692
1773,-3.0,2.2857144,1.2307693,-0.00063254626,-0.12949115,-0.0015490722
1774,-3.0,2.857143,1.2307693,0.008905236,-0.12308289,-0.0024993818
1775,-3.0,3.4285715,1.2307693,0.010871109,-0.1306909,-0.0036187025
1776,-3.0,4.0,1.2307693,0.024187902,-0.12140496,-0.00477305
1777,-3.0,0.0,0.61538464,-0.023964021,-0.1271619,0.0036953876
1778,-3.0,0.5714286,0.61538464,-0.011058403,-0.12700114,0.0025129386
1779,-3.0,1.1428572,0.61538464,-0.009467756,-0.12877193,0.001084305
1780,-3.0,1.7142857,0.61538464,-0.0005796807,-0.12662816,-0.00039440262
1781,-3.0,2.2857144,0.61538464,-0.0005963879,-0.1304594,-0.0015930808
1782,-3.0,2.857143,0.61538464,0.008428636,-0.124662116,-0.003075294
1783,-3.0,3.4285715,0.61538464,0.010693162,-0.13142125,-0.0041237418
1784,-3.0,4.0,0.61538464,0.023695149,-0.1227807,-0.0049026916
1785,-3.0,0.0,0.0,-0.023557002,-0.1289088,0.005206709
1786,-3.0,0.5714286,0.0,-0.011109603,-0.12868752,0.002999632
1787,-3.0,1.1428572,0.0,-0.009324243,-0.13032354,0.001341206
1788,-3.0,1.7142857,0.0,-0.0009949947,-0.12836397,-9.520916e-05
1789,-3.0,2.2857144,0.0,-0.0007957249,-0.13174877,-0.0020647496
1790,-3.0,2.857143,0.0,0.007616459,-0.12646988,-0.0031173232
1791,-3.0,3.4285715,0.0,0.0102377795,-0.13233577,-0.0048506837
1792,-3.0,4.0,0.0,0.022809139,-0.12491175,-0.007047651
1793,-2.4,0.0,8.0,-0.015973564,-0.13846146,-0.005355872
1794,-2.4,0.5714286,8.0,-0.012937578,-0.14028975,-0.0038390444
1795,-2.4,1.1428572,8.0,-0.0039286646,-0.1393742,-0.001784124
1796,-2.4,1.7142857,8.0,-0.0047971536,-0.1420585,0.0002233341
1797,-2.4,2.2857144,8.0,0.0028567293,-0.13806544,0.001741964
1798,-2.4,2.857143,8.0,0.002154661,-0.14380541,0.0039268443
1799,-2.4,3.4285715,8.0,0.011772901,-0.13543276,0.0051802485
1800,-2.4,4.0,8.0,0.016042398,-0.14343728,0.0059225806
1801,-2.4,0.0,7.3846154,-0.015830513,-0.13654093,-0.00485745
1802,-2.4,0.5714286,7.3846154,-0.013259178,-0.13840665,-0.0030219322
1803,-2.4,1.1428572,7.3846154,-0.0035925054,-0.13740297,-0.0014101132
1804,-2.4,1.7142857,7.3846154,-0.004687459,-0.14043084,0.00014893716
1805,-2.4,2.2857144,7.3846154,0.0035992612,-0.1360624,0.0018038367
1806,-2.4,2.857143,7.3846154,0.0025895124,-0.14256231,0.0031011607
1807,-2.4,3.4285715,7.3846154,0.012943628,-0.13325861,0.004646394
1808,-2.4,4.0,7.3846154,0.016657323,-0.14298528,0.006292989
1809,-2.4,0.0,6.769231,-0.015563694,-0.13494004,-0.00358184
1810,-2.4,0.5714286,6.769231,-0.013523176,-0.13700178,-0.002432828
1811,-2.4,1.1428572,6.769231,-0.003333059,-0.13584508,-0.0011222195
1812,-2.4,1.7142857,6.769231,-0.004879534,-0.13918783,0.0002338819
1813,-2.4,2.2857144,6.769231,0.0040359134,-0.13439815,0.0014619823
1814,-2.4,2.857143,6.769231,0.0026046832,-0.14168413,0.0027351454
1815,-2.4,3.4285715,6.769231,0.013422425,-0.13138413,0.0037300691
1816,-2.4,4.0,6.769231,0.01674791,-0.14202315,0.004659699
1817,-2.4,0.0,6.1538463,-0.015483978,-0.13382202,-0.0028142012
1818,-2.4,0.5714286,6.1538463,-0.013464854,-0.13595846,-0.0018375457
1819,-2.4,1.1428572,6.1538463,-0.0033939732,-0.1347659,-0.0008521388
1820,-2.4,1.7142857,6.1538463,-0.004824807,-0.13814707,0.0001685557
1821,-2.4,2.2857144,6.1538463,0.0039644623,-0.13341902,0.0011650043
1822,-2.4,2.857143,6.1538463,0.0026590256,-0.14053749,0.0020851044
1823,-2.4,3.4285715,6.1538463,0.0134404395,-0.13061441,0.003024262
1824,-2.4,4.0,6.1538463,0.016706632,-0.14099227,0.003880919
1825,-2.4,0.0,5.5384617,-0.015499247,-0.1330984,-0.0019206012
1826,-2.4,0.5714286,5.5384617,-0.013394148,-0.13517404,-0.0013259606
1827,-2.4,1.1428572,5.5384617,-0.003417156,-0.13409725,-0.00064530794
1828,-2.4,1.7142857,5.5384617,-0.0048100953,-0.13738519,8.4342595e-05
1829,-2.4,2.2857144,5.5384617,0.0039287126,-0.13275462,0.0007865316
1830,-2.4,2.857143,5.5384617,0.0026556954,-0.13981552,0.0014690923
1831,-2.4,3.4285715,5.5384617,0.013316166,-0.1299014,0.002015511
1832,-2.4,4.0,5.5384617,0.01673312,-0.14019063,0.0025432794
1833,-2.4,0.0,4.923077,-0.015455214,-0.13262618,-0.0012431132
1834,-2.4,0.5714286,4.923077,-0.013353716,-0.13472478,-0.000871105
1835,-2.4,1.1428572,4.923077,-0.0034405382,-0.13365583,-0.00046602567
1836,-2.4,1.7142857,4.923077,-0.004791362,-0.13693525,-2.9521401e-05
1837,-2.4,2.2857144,4.923077,0.0038672953,-0.13235085,0.0003815618
1838,-2.4,2.857143,4.923077,0.0026486767,-0.13932344,0.00078498723
1839,-2.4,3.4285715,4.923077,0.013283519,-0.1295717,0.0011990202
1840,-2.4,4.0,4.923077,0.016676353,-0.13971822,0.001534123
1841,-2.4,0.0,4.3076925,-0.01546421,-0.13240895,-0.00054841547
1842,-2.4,0.5714286,4.3076925,-0.013339148,-0.13449825,-0.00044171425
1843,-2.4,1.1428572,4.3076925,-0.0034478456,-0.1334568,-0.00031099297
1844,-2.4,1.7142857,4.3076925,-0.0048015886,-0.13671857,-0.0001732495
1845,-2.4,2.2857144,4.3076925,0.0038476398,-0.13215332,-2.30353e-05
1846,-2.4,2.857143,4.3076925,0.0026227653,-0.13911916,0.0001084733
1847,-2.4,3.4285715,4.3076925,0.013231092,-0.12936133,0.00017897323
1848,-2.4,4.0,4.3076925,0.016673032,-0.139493,0.00026608628
1849,-2.4,0.0,3.6923077,-0.015476361,-0.13240874,7.202674e-05
1850,-2.4,0.5714286,3.6923077,-0.013351438,-0.13449809,-3.746178e-05
1851,-2.4,1.1428572,3.6923077,-0.003460074,-0.13345674,-0.00016581919
1852,-2.4,1.7142857,3.6923077,-0.004813947,-0.13671838,-0.00030585387
1853,-2.4,2.2857144,3.6923077,0.0038354308,-0.1321532,-0.00045409406
1854,-2.4,2.857143,3.6923077,0.0026103824,-0.13911903,-0.0005874524
1855,-2.4,3.4285715,3.6923077,0.013218903,-0.12936112,-0.0006562908
1856,-2.4,4.0,3.6923077,0.016660647,-0.13949282,-0.000745122
1857,-2.4,0.0,3.0769231,-0.015491973,-0.13262592,0.0007650129
1858,-2.4,0.5714286,3.0769231,-0.013390664,-0.13472435,0.00039331277
1859,-2.4,1.1428572,3.0769231,-0.0034772633,-0.13365552,-1.1945323e-05
1860,-2.4,1.7142857,3.0769231,-0.0048283325,-0.13693482,-0.00044855842
1861,-2.4,2.2857144,3.0769231,0.0038305225,-0.13235043,-0.00085955334
1862,-2.4,2.857143,3.0769231,0.0026116967,-0.13932307,-0.0012631594
1863,-2.4,3.4285715,3.0769231,0.013246736,-0.1295711,-0.0016770421
1864,-2.4,4.0,3.0769231,0.016639253,-0.13971801,-0.0020124214
1865,-2.4,0.0,2.4615386,-0.015560359,-0.13309805,0.0014429782
1866,-2.4,0.5714286,2.4615386,-0.013455622,-0.13517326,0.0008482188
1867,-2.4,1.1428572,2.4615386,-0.003478456,-0.13409679,0.00016714785
1868,-2.4,1.7142857,2.4615386,-0.0048716506,-0.13738443,-0.0005621318
1869,-2.4,2.2857144,2.4615386,0.0038673608,-0.132754,-0.0012647731
1870,-2.4,2.857143,2.4615386,0.0025940978,-0.1398149,-0.0019469284
1871,-2.4,3.4285715,2.4615386,0.013254824,-0.1299004,-0.002493822
1872,-2.4,4.0,2.4615386,0.01667142,-0.14019012,-0.0030213234
1873,-2.4,0.0,1.8461539,-0.015569722,-0.13382146,0.0023361342
1874,-2.4,0.5714286,1.8461539,-0.013551043,-0.13595745,0.0013597356
1875,-2.4,1.1428572,1.8461539,-0.0034797045,-0.13476527,0.00037418623
1876,-2.4,1.7142857,1.8461539,-0.0049110837,-0.13814609,-0.000646508
1877,-2.4,2.2857144,1.8461539,0.003878651,-0.13341813,-0.0016430243
1878,-2.4,2.857143,1.8461539,0.0025726818,-0.14053674,-0.0025630582
1879,-2.4,3.4285715,1.8461539,0.01335461,-0.13061298,-0.0035023484
1880,-2.4,4.0,1.8461539,0.016620057,-0.14099191,-0.0043590036
1881,-2.4,0.0,1.2307693,-0.015673757,-0.13493939,0.003104214
1882,-2.4,0.5714286,1.2307693,-0.013633887,-0.13700056,0.0019551218
1883,-2.4,1.1428572,1.2307693,-0.0034434036,-0.13584423,0.0006441083
1884,-2.4,1.7142857,1.2307693,-0.0049903686,-0.13918673,-0.0007116328
1885,-2.4,2.2857144,1.2307693,0.0039254637,-0.13439693,-0.0019400944
1886,-2.4,2.857143,1.2307693,0.0024937463,-0.14168337,-0.0032129276
1887,-2.4,3.4285715,1.2307693,0.013311894,-0.13138224,-0.004208212
1888,-2.4,4.0,1.2307693,0.016636793,-0.1420227,-0.0051378496
1889,-2.4,0.0,0.61538464,-0.015965693,-0.13654017,0.0043793833
1890,-2.4,0.5714286,0.61538464,-0.013394136,-0.1384051,0.0025441416
1891,-2.4,1.1428572,0.61538464,-0.0037277674,-0.13740216,0.0009321536
1892,-2.4,1.7142857,0.61538464,-0.004822535,-0.1404293,-0.00062677724
1893,-2.4,2.2857144,0.61538464,0.0034638303,-0.13606131,-0.0022818
1894,-2.4,2.857143,0.61538464,0.0024543402,-0.14256096,-0.0035789846
1895,-2.4,3.4285715,0.61538464,0.012808065,-0.13325715,-0.005124443
1896,-2.4,4.0,0.61538464,0.016521791,-0.14298414,-0.0067708557
1897,-2.4,0.0,0.0,-0.01613332,-0.13846074,0.0048782616
1898,-2.4,0.5714286,0.0,-0.013096797,-0.14028789,0.0033613164
1899,-2.4,1.1428572,0.0,-0.0040887785,-0.13937336,0.0013060719
1900,-2.4,1.7142857,0.0,-0.0049565155,-0.14205661,-0.0007010626
1901,-2.4,2.2857144,0.0,0.0026964752,-0.13806449,-0.0022199296
1902,-2.4,2.857143,0.0,0.0019951817,-0.1438035,-0.004404607
1903,-2.4,3.4285715,0.0,0.011612516,-0.1354316,-0.0056581856
1904,-2.4,4.0,0.0,0.015882649,-0.14343537,-0.0064008078
1905,-1.8,0.0,8.0,-0.016498875,-0.14836176,-0.0064037675
1906,-1.8,0.5714286,8.0,-0.0060610664,-0.14860187,-0.0036804688
1907,-1.8,1.1428572,8.0,-0.0071911877,-0.15072346,-0.001559248
1908,-1.8,1.7142857,8.0,6.084219e-05,-0.1484682,0.00069094537
1909,-1.8,2.2857144,8.0,-0.0023383447,-0.15315425,0.0029145794
1910,-1.8,2.857143,8.0,0.005034882,-0.14618015,0.004444489
1911,-1.8,3.4285715,8.0,0.004695978,-0.15537733,0.006728892
1912,-1.8,4.0,8.0,0.016498378,-0.14333633,0.008962054
1913,-1.8,0.0,7.3846154,-0.0168623,-0.14615755,-0.004780365
1914,-1.8,0.5714286,7.3846154,-0.0058587044,-0.1463776,-0.0031242268
1915,-1.8,1.1428572,7.3846154,-0.0071951724,-0.1486919,-0.0012037173
1916,-1.8,1.7142857,7.3846154,0.0007020644,-0.14618756,0.0007174737
1917,-1.8,2.2857144,7.3846154,-0.0018568052,-0.15150672,0.002466167
1918,-1.8,2.857143,7.3846154,0.0061626066,-0.1438866,0.0042328485
1919,-1.8,3.4285715,7.3846154,0.0053740167,-0.15442657,0.0055153365
1920,-1.8,4.0,7.3846154,0.017993327,-0.14035413,0.0067746295
1921,-1.8,0.0,6.769231,-0.016944459,-0.14455864,-0.0038723436
1922,-1.8,0.5714286,6.769231,-0.0056391703,-0.14470012,-0.0024208447
1923,-1.8,1.1428572,6.769231,-0.007471796,-0.14723025,-0.00091911404
1924,-1.8,1.7142857,6.769231,0.0010302019,-0.14445212,0.0005959078
1925,-1.8,2.2857144,6.769231,-0.0020782053,-0.15027402,0.0021247985
1926,-1.8,2.857143,6.769231,0.0066624717,-0.14189915,0.003463583
1927,-1.8,3.4285715,6.769231,0.0054831957,-0.15372954,0.0048097954
1928,-1.8,4.0,6.769231,0.018304583,-0.13854323,0.0059739286
1929,-1.8,0.0,6.1538463,-0.016928013,-0.14342853,-0.0027566717
1930,-1.8,0.5714286,6.1538463,-0.0056544906,-0.14355132,-0.0018467971
1931,-1.8,1.1428572,6.1538463,-0.0074273357,-0.14614588,-0.0007097174
1932,-1.8,1.7142857,6.1538463,0.0009376054,-0.14337477,0.00045741964
1933,-1.8,2.2857144,6.1538463,-0.0020002525,-0.14916387,0.0016281683
1934,-1.8,2.857143,6.1538463,0.0064959284,-0.14096285,0.0027043752
1935,-1.8,3.4285715,6.1538463,0.0054100207,-0.15236646,0.0036093867
1936,-1.8,4.0,6.1538463,0.018352916,-0.13762438,0.0044570887
1937,-1.8,0.0,5.5384617,-0.01680176,-0.14261816,-0.0019943526
1938,-1.8,0.5714286,5.5384617,-0.005676259,-0.14284904,-0.0013267337
1939,-1.8,1.1428572,5.5384617,-0.007405182,-0.1453789,-0.0005352202
1940,-1.8,1.7142857,5.5384617,0.0009021539,-0.14271717,0.0002789637
1941,-1.8,2.2857144,5.5384617,-0.0020268946,-0.14842582,0.0011089896
1942,-1.8,2.857143,5.5384617,0.0064569223,-0.14030349,0.001853907
1943,-1.8,3.4285715,5.5384617,0.0054417085,-0.15167345,0.0025983653
1944,-1.8,4.0,5.5384617,0.018121477,-0.13703637,0.0031560315
1945,-1.8,0.0,4.923077,-0.016804432,-0.14215347,-0.0012055626
1946,-1.8,0.5714286,4.923077,-0.005673842,-0.14240533,-0.0008641829
1947,-1.8,1.1428572,4.923077,-0.0073862025,-0.14494304,-0.00040957078
1948,-1.8,1.7142857,4.923077,0.0008508549,-0.14231396,7.508065e-05
1949,-1.8,2.2857144,4.923077,-0.002018102,-0.14798707,0.0005735907
1950,-1.8,2.857143,4.923077,0.0063500726,-0.13996111,0.0010285537
1951,-1.8,3.4285715,4.923077,0.005386207,-0.15116324,0.0013723351
1952,-1.8,4.0,4.923077,0.018198667,-0.13669993,0.0016667279
1953,-1.8,0.0,4.3076925,-0.016777035,-0.14192495,-0.0005877154
1954,-1.8,0.5714286,4.3076925,-0.0056812386,-0.14220642,-0.00045492567
1955,-1.8,1.1428572,4.3076925,-0.0073891873,-0.14473504,-0.00029959987
1956,-1.8,1.7142857,4.3076925,0.00083477836,-0.14212981,-0.00013768625
1957,-1.8,2.2857144,4.3076925,-0.002044445,-0.1477919,2.0974845e-05
1958,-1.8,2.857143,4.3076925,0.0063268235,-0.13977993,0.00016502934
1959,-1.8,3.4285715,4.3076925,0.005371329,-0.15097545,0.0003467923
1960,-1.8,4.0,4.3076925,0.018103173,-0.13652118,0.0004715006
1961,-1.8,0.0,3.6923077,-0.016789462,-0.14192496,8.388675e-05
1962,-1.8,0.5714286,3.6923077,-0.005693472,-0.14220633,-4.5277506e-05
1963,-1.8,1.1428572,3.6923077,-0.007401537,-0.14473484,-0.00020396904
1964,-1.8,1.7142857,3.6923077,0.00082258065,-0.1421297,-0.00036303038
1965,-1.8,2.2857144,3.6923077,-0.0020568513,-0.14779171,-0.00052428927
1966,-1.8,2.857143,3.6923077,0.0063146576,-0.13977969,-0.0006660875
1967,-1.8,3.4285715,3.6923077,0.0053589027,-0.15097535,-0.00084982294
1968,-1.8,4.0,3.6923077,0.018090978,-0.13652097,-0.00097255263
1969,-1.8,0.0,3.0769231,-0.016841222,-0.14215302,0.00070425734
1970,-1.8,0.5714286,3.0769231,-0.0057105394,-0.14240502,0.0003620128
1971,-1.8,1.1428572,3.0769231,-0.0074231727,-0.14494261,-9.237025e-05
1972,-1.8,1.7142857,3.0769231,0.00081410696,-0.14231354,-0.00057711586
1973,-1.8,2.2857144,3.0769231,-0.0020551293,-0.14798656,-0.0010757528
1974,-1.8,2.857143,3.0769231,0.006313352,-0.13996044,-0.0015305436
1975,-1.8,3.4285715,3.0769231,0.005349233,-0.15116285,-0.0018744661
1976,-1.8,4.0,3.0769231,0.01816186,-0.13669889,-0.002168644
1977,-1.8,0.0,2.4615386,-0.016863393,-0.14261734,0.0014922352
1978,-1.8,0.5714286,2.4615386,-0.0057375706,-0.1428486,0.0008246768
1979,-1.8,1.1428572,2.4615386,-0.0074666846,-0.14537814,3.3458018e-05
1980,-1.8,1.7142857,2.4615386,0.0008407959,-0.14271654,-0.00078122463
1981,-1.8,2.2857144,2.4615386,-0.0020885135,-0.14842492,-0.0016107903
1982,-1.8,2.857143,2.4615386,0.0063956194,-0.14030246,-0.0023561516
1983,-1.8,3.4285715,2.4615386,0.0053801145,-0.15167286,-0.0031000795
1984,-1.8,4.0,2.4615386,0.018060014,-0.13703498,-0.0036582262
1985,-1.8,0.0,1.8461539,-0.017013986,-0.14342758,0.0022551967
1986,-1.8,0.5714286,1.8461539,-0.005740229,-0.14355068,0.0013448054
1987,-1.8,1.1428572,1.8461539,-0.0075135804,-0.14614487,0.00020774663
1988,-1.8,1.7142857,1.8461539,0.00085183076,-0.1433739,-0.0009593763
1989,-1.8,2.2857144,1.8461539,-0.0020866701,-0.14916275,-0.0021301263
1990,-1.8,2.857143,1.8461539,0.006410219,-0.14096144,-0.003206305
1991,-1.8,3.4285715,1.8461539,0.005323629,-0.15236586,-0.004111272
1992,-1.8,4.0,1.8461539,0.018267047,-0.1376221,-0.004959122
1993,-1.8,0.0,1.2307693,-0.01705536,-0.14455736,0.0033703588
1994,-1.8,0.5714286,1.2307693,-0.005749486,-0.14469929,0.0019187508
1995,-1.8,1.1428572,1.2307693,-0.0075825877,-0.14722909,0.0004173901
1996,-1.8,1.7142857,1.2307693,0.00091979094,-0.14445095,-0.0010980439
1997,-1.8,2.2857144,1.2307693,-0.002189185,-0.15027288,-0.0026264556
1998,-1.8,2.857143,1.2307693,0.0065520853,-0.14189725,-0.003965603
1999,-1.8,3.4285715,1.2307693,0.005372171,-0.15372908,-0.0053114104
2000,-1.8,4.0,1.2307693,0.018193854,-0.13854054,-0.00647586
2001,-1.8,0.0,0.61538464,-0.01699708,-0.14615615,0.004278891
2002,-1.8,0.5714286,0.61538464,-0.0059938794,-0.14637668,0.0026222086
2003,-1.8,1.1428572,0.61538464,-0.0073302677,-0.14869039,0.00070186116
2004,-1.8,1.7142857,0.61538464,0.0005667399,-0.14618641,-0.0012194102
2005,-1.8,2.2857144,0.61538464,-0.0019920846,-0.15150511,-0.0029678782
2006,-1.8,2.857143,0.61538464,0.006027188,-0.14388496,-0.004734623
2007,-1.8,3.4285715,0.61538464,0.005238677,-0.15442519,-0.0060169743
2008,-1.8,4.0,0.61538464,0.017857611,-0.14035201,-0.00727683
2009,-1.8,0.0,0.0,-0.016658247,-0.1483599,0.0059016994
2010,-1.8,0.5714286,0.0,-0.0062211263,-0.14860092,0.0031783944
2011,-1.8,1.1428572,0.0,-0.0073504886,-0.15072162,0.0010575496
2012,-1.8,1.7142857,0.0,-9.941283e-05,-0.14846708,-0.0011929242
2013,-1.8,2.2857144,0.0,-0.0024978525,-0.15315211,-0.0034161282
2014,-1.8,2.857143,0.0,0.0048745954,-0.14617881,-0.004946213
2015,-1.8,3.4285715,0.0,0.004536376,-0.15537524,-0.007230532
2016,-1.8,4.0,0.0,0.01633769,-0.14333475,-0.009463632
2017,-1.2,0.0,8.0,-0.007966406,-0.15553066,-0.0061945133
2018,-1.2,0.5714286,8.0,-0.0077183093,-0.15690127,-0.0038793772
2019,-1.2,1.1428572,8.0,-0.0013136801,-0.15637949,-0.0010183316
2020,-1.2,1.7142857,8.0,-0.004018368,-0.16012737,0.0014291558
2021,-1.2,2.2857144,8.0,0.0020946437,-0.15642607,0.004105477
2022,-1.2,2.857143,8.0,-0.0015307341,-0.16455717,0.006588593
2023,-1.2,3.4285715,8.0,0.0061449003,-0.15247695,0.00778942
2024,-1.2,4.0,8.0,0.008632501,-0.16633913,0.00926671
2025,-1.2,0.0,7.3846154,-0.00773233,-0.15304777,-0.005135706
2026,-1.2,0.5714286,7.3846154,-0.007890273,-0.15453269,-0.0030160707
2027,-1.2,1.1428572,7.3846154,-0.000908459,-0.15385455,-0.00089602935
2028,-1.2,1.7142857,7.3846154,-0.0037465077,-0.15792814,0.0013042269
2029,-1.2,2.2857144,7.3846154,0.0030077745,-0.15374982,0.003539026
2030,-1.2,2.857143,7.3846154,-0.00056628423,-0.16296847,0.005520786
2031,-1.2,3.4285715,7.3846154,0.007889093,-0.14975464,0.00740885
2032,-1.2,4.0,7.3846154,0.009353316,-0.16649416,0.008740967
2033,-1.2,0.0,6.769231,-0.0075480193,-0.15132178,-0.003791571
2034,-1.2,0.5714286,6.769231,-0.008117715,-0.15289573,-0.0023803832
2035,-1.2,1.1428572,6.769231,-0.0006988133,-0.15205662,-0.0007008458
2036,-1.2,1.7142857,6.769231,-0.0040234695,-0.15649183,0.0010774174
2037,-1.2,2.2857144,6.769231,0.003311697,-0.1518647,0.00284218
2038,-1.2,2.857143,6.769231,-0.001003941,-0.16186033,0.004543795
2039,-1.2,3.4285715,6.769231,0.0081764,-0.14721482,0.0058795377
2040,-1.2,4.0,6.769231,0.009665358,-0.1656525,0.0073102065
2041,-1.2,0.0,6.1538463,-0.0074871294,-0.15008584,-0.0028733483
2042,-1.2,0.5714286,6.1538463,-0.008077364,-0.1517714,-0.0017787716
2043,-1.2,1.1428572,6.1538463,-0.00075995893,-0.15094787,-0.0005452136
2044,-1.2,1.7142857,6.1538463,-0.0039756554,-0.15542132,0.00080973224
2045,-1.2,2.2857144,6.1538463,0.0031937174,-0.15089233,0.002138203
2046,-1.2,2.857143,6.1538463,-0.0008969253,-0.16077185,0.0034157338
2047,-1.2,3.4285715,6.1538463,0.007963511,-0.14651527,0.004555857
2048,-1.2,4.0,6.1538463,0.009137728,-0.16429648,0.0053697913
2049,-1.2,0.0,5.5384617,-0.007545517,-0.14935699,-0.0019200526
2050,-1.2,0.5714286,5.5384617,-0.0080427965,-0.15101899,-0.0012713467
2051,-1.2,1.1428572,5.5384617,-0.00078511814,-0.1502925,-0.0004364074
2052,-1.2,1.7142857,5.5384617,-0.0040022274,-0.15472229,0.000519145
2053,-1.2,2.2857144,5.5384617,0.0031652304,-0.15032132,0.0014470352
2054,-1.2,2.857143,5.5384617,-0.0010035364,-0.16016017,0.0023693584
2055,-1.2,3.4285715,5.5384617,0.0078818165,-0.14600047,0.003009121
2056,-1.2,4.0,5.5384617,0.009621172,-0.16360192,0.0035210247
2057,-1.2,0.0,4.923077,-0.007521855,-0.14889657,-0.0012497765
2058,-1.2,0.5714286,4.923077,-0.008025871,-0.15059364,-0.0008438074
2059,-1.2,1.1428572,4.923077,-0.0008145442,-0.14990786,-0.00034387075
2060,-1.2,1.7142857,4.923077,-0.003995559,-0.15432994,0.00020760224
2061,-1.2,2.2857144,4.923077,0.0030897586,-0.1500115,0.0007651354
2062,-1.2,2.857143,4.923077,-0.0009967794,-0.15979403,0.0012697189
2063,-1.2,3.4285715,4.923077,0.0077647003,-0.14577764,0.0017459478
2064,-1.2,4.0,4.923077,0.009344801,-0.16311969,0.002085656
2065,-1.2,0.0,4.3076925,-0.0075483974,-0.1486973,-0.000548133
2066,-1.2,0.5714286,4.3076925,-0.008023332,-0.15039685,-0.00044537877
2067,-1.2,1.1428572,4.3076925,-0.0008261287,-0.14973438,-0.0002926637
2068,-1.2,1.7142857,4.3076925,-0.0040153465,-0.15415631,-0.00010259746
2069,-1.2,2.2857144,4.3076925,0.003073398,-0.1498653,7.440273e-05
2070,-1.2,2.857143,4.3076925,-0.001043168,-0.15964435,0.00026691033
2071,-1.2,3.4285715,4.3076925,0.007734063,-0.14564194,0.00033618318
2072,-1.2,4.0,4.3076925,0.009487689,-0.16294055,0.0003808223
2073,-1.2,0.0,3.6923077,-0.0075604133,-0.14869699,2.5046367e-05
2074,-1.2,0.5714286,3.6923077,-0.008035685,-0.15039673,-8.3038256e-05
2075,-1.2,1.1428572,3.6923077,-0.0008383063,-0.1497343,-0.00023126313
2076,-1.2,1.7142857,3.6923077,-0.004027774,-0.15415615,-0.00042522573
2077,-1.2,2.2857144,3.6923077,0.0030612396,-0.1498651,-0.0005991093
2078,-1.2,2.857143,3.6923077,-0.0010556356,-0.15964411,-0.00079435785
2079,-1.2,3.4285715,3.6923077,0.007722016,-0.1456415,-0.0008611286
2080,-1.2,4.0,3.6923077,0.009475149,-0.16294032,-0.0009078254
2081,-1.2,0.0,3.0769231,-0.007558859,-0.14889638,0.00072288286
2082,-1.2,0.5714286,3.0769231,-0.008062743,-0.15059327,0.00031827937
2083,-1.2,1.1428572,3.0769231,-0.0008513398,-0.14990756,-0.00018229772
2084,-1.2,1.7142857,3.0769231,-0.0040325355,-0.1543295,-0.00073363475
2085,-1.2,2.2857144,3.0769231,0.0030529534,-0.15001091,-0.0012912092
2086,-1.2,2.857143,3.0769231,-0.0010338429,-0.15979327,-0.0017959668
2087,-1.2,3.4285715,3.0769231,0.0077280984,-0.14577636,-0.0022719111
2088,-1.2,4.0,3.0769231,0.009307768,-0.1631195,-0.0026115987
2089,-1.2,0.0,2.4615386,-0.007606695,-0.14935671,0.0013945639
2090,-1.2,0.5714286,2.4615386,-0.008104215,-0.15101837,0.00074543885
2091,-1.2,1.1428572,2.4615386,-0.0008465772,-0.15029202,-8.979284e-05
2092,-1.2,1.7142857,2.4615386,-0.0040637134,-0.15472148,-0.0010449109
2093,-1.2,2.2857144,2.4615386,0.003103746,-0.15032049,-0.0019733354
2094,-1.2,2.857143,2.4615386,-0.0010652066,-0.16015883,-0.0028951657
2095,-1.2,3.4285715,2.4615386,0.0078208065,-0.14599842,-0.0035353668
2096,-1.2,4.0,2.4615386,0.009559364,-0.16360115,-0.004046613
2097,-1.2,0.0,1.8461539,-0.007573343,-0.15008526,0.0023469622
2098,-1.2,0.5714286,1.8461539,-0.008163424,-0.15177055,0.0012528494
2099,-1.2,1.1428572,1.8461539,-0.00084587606,-0.15094717,1.9289004e-05
2100,-1.2,1.7142857,1.8461539,-0.0040619005,-0.15542027,-0.0013357722
2101,-1.2,2.2857144,1.8461539,0.0031078053,-0.1508912,-0.002664091
2102,-1.2,2.857143,1.8461539,-0.0009834731,-0.1607702,-0.00394167
2103,-1.2,3.4285715,1.8461539,0.0078781415,-0.14651245,-0.0050815814
2104,-1.2,4.0,1.8461539,0.00905108,-0.16429634,-0.0058956034
2105,-1.2,0.0,1.2307693,-0.0076582166,-0.15132117,0.0032657802
2106,-1.2,0.5714286,1.2307693,-0.008228381,-0.15289466,0.0018545599
2107,-1.2,1.1428572,1.2307693,-0.0008093503,-0.15205565,0.00017465423
2108,-1.2,1.7142857,1.2307693,-0.0041342657,-0.15649071,-0.0016030896
2109,-1.2,2.2857144,1.2307693,0.0032011056,-0.1518631,-0.0033682894
2110,-1.2,2.857143,1.2307693,-0.0011150397,-0.16185889,-0.0050692037
2111,-1.2,3.4285715,1.2307693,0.008066308,-0.14721136,-0.006405411
2112,-1.2,4.0,1.2307693,0.0095540695,-0.16565235,-0.0078357775
2113,-1.2,0.0,0.61538464,-0.007867851,-0.15304683,0.0046093646
2114,-1.2,0.5714286,0.61538464,-0.008025292,-0.15453142,0.00249015
2115,-1.2,1.1428572,0.61538464,-0.0010437453,-0.15385354,0.000370055
2116,-1.2,1.7142857,0.61538464,-0.0038817495,-0.15792668,-0.0018300341
2117,-1.2,2.2857144,0.61538464,0.0028723257,-0.1537483,-0.0040648384
2118,-1.2,2.857143,0.61538464,-0.0007017819,-0.16296655,-0.0060462514
2119,-1.2,3.4285715,0.61538464,0.0077537843,-0.1497519,-0.007934256
2120,-1.2,4.0,0.61538464,0.009217514,-0.16649272,-0.009266076
2121,-1.2,0.0,0.0,-0.008126244,-0.1555298,0.005668709
2122,-1.2,0.5714286,0.0,-0.007877514,-0.15689968,0.0033535599
2123,-1.2,1.1428572,0.0,-0.0014739959,-0.15637843,0.00049221056
2124,-1.2,1.7142857,0.0,-0.0041777566,-0.16012548,-0.0019547069
2125,-1.2,2.2857144,0.0,0.0019340856,-0.15642473,-0.004631284
2126,-1.2,2.857143,0.0,-0.0016904204,-0.16455439,-0.0071137673
2127,-1.2,3.4285715,0.0,0.0059846817,-0.1524748,-0.008314578
2128,-1.2,4.0,0.0,0.008472573,-0.16633685,-0.009792576
2129,-0.6,0.0,8.0,-0.0062189014,-0.15964213,-0.0066345953
2130,-0.6,0.5714286,8.0,-0.0016138919,-0.16100428,-0.003483254
2131,-0.6,1.1428572,8.0,-0.0030653481,-0.16353716,-0.0009687638
2132,-0.6,1.7142857,8.0,0.0005291933,-0.16224737,0.002460427
2133,-0.6,2.2857144,8.0,-0.002121789,-0.16881786,0.00516893
2134,-0.6,2.857143,8.0,0.002590417,-0.16397518,0.008724773
2135,-0.6,3.4285715,8.0,-0.0024824613,-0.17916608,0.012203855
2136,-0.6,4.0,8.0,0.008328081,-0.15885116,0.013025936
2137,-0.6,0.0,7.3846154,-0.0064061815,-0.15706441,-0.0050479565
2138,-0.6,0.5714286,7.3846154,-0.0014772088,-0.15835693,-0.003027025
2139,-0.6,1.1428572,7.3846154,-0.0030380972,-0.16098568,-0.00057790533
2140,-0.6,1.7142857,7.3846154,0.00093662716,-0.15939394,0.0018255179
2141,-0.6,2.2857144,7.3846154,-0.0017142474,-0.16643861,0.0044323034
2142,-0.6,2.857143,7.3846154,0.003501768,-0.16063848,0.0071456805
2143,-0.6,3.4285715,7.3846154,-0.0009979744,-0.17771292,0.009273667
2144,-0.6,4.0,7.3846154,0.011450117,-0.15471776,0.012054865
2145,-0.6,0.0,6.769231,-0.00642962,-0.1552071,-0.003930336
2146,-0.6,0.5714286,6.769231,-0.0013831564,-0.15651111,-0.0022958526
2147,-0.6,1.1428572,6.769231,-0.0031943023,-0.15941735,-0.0005159757
2148,-0.6,1.7142857,6.769231,0.0010632753,-0.15752779,0.0014795605
2149,-0.6,2.2857144,6.769231,-0.0019863632,-0.1651681,0.0034749028
2150,-0.6,2.857143,6.769231,0.003645234,-0.1588394,0.005481717
2151,-0.6,3.4285715,6.769231,-0.0018705365,-0.17712884,0.0073817456
2152,-0.6,4.0,6.769231,0.010209132,-0.15180962,0.008408759
2153,-0.6,0.0,6.1538463,-0.0064658504,-0.15405443,-0.0027206815
2154,-0.6,0.5714286,6.1538463,-0.0013857603,-0.15538397,-0.0017647236
2155,-0.6,1.1428572,6.1538463,-0.0031928052,-0.15832135,-0.00037501374
2156,-0.6,1.7142857,6.1538463,0.001019322,-0.15653597,0.0010537114
2157,-0.6,2.2857144,6.1538463,-0.0019480672,-0.16424127,0.0026252663
2158,-0.6,2.857143,6.1538463,0.0035627417,-0.15812851,0.004050611
2159,-0.6,3.4285715,6.1538463,-0.0017424378,-0.17639527,0.005292079
2160,-0.6,4.0,6.1538463,0.01109282,-0.1518344,0.005839139
2161,-0.6,0.0,5.5384617,-0.006412639,-0.15328118,-0.0019724627
2162,-0.6,0.5714286,5.5384617,-0.0014101352,-0.1547008,-0.0012394404
2163,-0.6,1.1428572,5.5384617,-0.0031947324,-0.15764494,-0.00033135564
2164,-0.6,1.7142857,5.5384617,0.0009933218,-0.1559849,0.0006982635
2165,-0.6,2.2857144,5.5384617,-0.0020103431,-0.16367209,0.0017381856
2166,-0.6,2.857143,5.5384617,0.0035429369,-0.15780629,0.0027350069
2167,-0.6,3.4285715,5.5384617,-0.0019539003,-0.17601925,0.003599959
2168,-0.6,4.0,5.5384617,0.010558459,-0.15174952,0.0040969974
2169,-0.6,0.0,4.923077,-0.006439678,-0.1528557,-0.0011496625
2170,-0.6,0.5714286,4.923077,-0.001413414,-0.15432301,-0.0008369329
2171,-0.6,1.1428572,4.923077,-0.0032004523,-0.1572641,-0.00028161492
2172,-0.6,1.7142857,4.923077,0.0009614732,-0.15568517,0.00029266288
2173,-0.6,2.2857144,4.923077,-0.0020119261,-0.16337144,0.00093391427
2174,-0.6,2.857143,4.923077,0.003478834,-0.15764256,0.001501579
2175,-0.6,3.4285715,4.923077,-0.0019559362,-0.17582576,0.0019145964
2176,-0.6,4.0,4.923077,0.010880133,-0.15176198,0.0020026455
2177,-0.6,0.0,4.3076925,-0.0064344006,-0.15265375,-0.00061592925
2178,-0.6,0.5714286,4.3076925,-0.0014263615,-0.15414828,-0.00044336502
2179,-0.6,1.1428572,4.3076925,-0.003210279,-0.15710129,-0.00028664767
2180,-0.6,1.7142857,4.3076925,0.00094709377,-0.1555496,-7.268693e-05
2181,-0.6,2.2857144,4.3076925,-0.0020411504,-0.16324796,0.00011703366
2182,-0.6,2.857143,4.3076925,0.0034656646,-0.15756673,0.00029803274
2183,-0.6,3.4285715,4.3076925,-0.0020145571,-0.17573026,0.0004962878
2184,-0.6,4.0,4.3076925,0.010727436,-0.1517395,0.0006884299
2185,-0.6,0.0,3.6923077,-0.0064470936,-0.15265402,6.183975e-05
2186,-0.6,0.5714286,3.6923077,-0.0014383789,-0.15414819,-0.00010287316
2187,-0.6,1.1428572,3.6923077,-0.0032228024,-0.15710136,-0.0002661421
2188,-0.6,1.7142857,3.6923077,0.0009349864,-0.15554938,-0.00047523028
2189,-0.6,2.2857144,3.6923077,-0.0020536408,-0.16324796,-0.00066886796
2190,-0.6,2.857143,3.6923077,0.0034535008,-0.15756634,-0.0008466894
2191,-0.6,3.4285715,3.6923077,-0.0020270327,-0.17573005,-0.0010477435
2192,-0.6,4.0,3.6923077,0.01071549,-0.1517385,-0.0012369517
2193,-0.6,0.0,3.0769231,-0.006476121,-0.15285546,0.0006015864
2194,-0.6,0.5714286,3.0769231,-0.001450328,-0.15432301,0.00028629278
2195,-0.6,1.1428572,3.0769231,-0.003237309,-0.15726385,-0.0002679848
2196,-0.6,1.7142857,3.0769231,0.0009245351,-0.15568496,-0.00084287924
2197,-0.6,2.2857144,3.0769231,-0.0020488421,-0.1633709,-0.0014839459
2198,-0.6,2.857143,3.0769231,0.003441815,-0.15764198,-0.0020516366
2199,-0.6,3.4285715,3.0769231,-0.001992808,-0.17582457,-0.0024648136
2200,-0.6,4.0,3.0769231,0.010843462,-0.15175901,-0.0025523682
2201,-0.6,0.0,2.4615386,-0.0064744377,-0.15328066,0.0014217172
2202,-0.6,0.5714286,2.4615386,-0.0014716592,-0.15470049,0.00068970915
2203,-0.6,1.1428572,2.4615386,-0.0032560348,-0.15764453,-0.00021856297
2204,-0.6,1.7142857,2.4615386,0.0009315902,-0.15598443,-0.0012484471
2205,-0.6,2.2857144,2.4615386,-0.0020716942,-0.16367137,-0.0022879837
2206,-0.6,2.857143,2.4615386,0.0034810775,-0.15780517,-0.0032852045
2207,-0.6,3.4285715,2.4615386,-0.0020153362,-0.17601728,-0.0041499236
2208,-0.6,4.0,2.4615386,0.010497616,-0.15174448,-0.0046468484
2209,-0.6,0.0,1.8461539,-0.00655146,-0.15405378,0.0021711956
2210,-0.6,0.5714286,1.8461539,-0.0014719014,-0.15538345,0.0012145941
2211,-0.6,1.1428572,1.8461539,-0.0032787914,-0.15832067,-0.00017499868
2212,-0.6,1.7142857,1.8461539,0.0009331021,-0.15653537,-0.0016036242
2213,-0.6,2.2857144,1.8461539,-0.0020341508,-0.16424017,-0.0031753108
2214,-0.6,2.857143,1.8461539,0.0034762772,-0.15812738,-0.004600355
2215,-0.6,3.4285715,1.8461539,-0.0018285092,-0.17639247,-0.0058419774
2216,-0.6,4.0,1.8461539,0.011007291,-0.15182659,-0.006388829
2217,-0.6,0.0,1.2307693,-0.0065405266,-0.15520619,0.003379946
2218,-0.6,0.5714286,1.2307693,-0.0014938703,-0.15651041,0.0017457698
2219,-0.6,1.1428572,1.2307693,-0.003304745,-0.15941662,-3.3914544e-05
2220,-0.6,1.7142857,1.2307693,0.00095228245,-0.15752678,-0.0020296508
2221,-0.6,2.2857144,1.2307693,-0.0020969452,-0.16516721,-0.0040246
2222,-0.6,2.857143,1.2307693,0.0035340574,-0.15883738,-0.0060317945
2223,-0.6,3.4285715,1.2307693,-0.0019813941,-0.17712714,-0.007930592
2224,-0.6,4.0,1.2307693,0.010099188,-0.15180174,-0.008958708
2225,-0.6,0.0,0.61538464,-0.0065409266,-0.15706348,0.0044982685
2226,-0.6,0.5714286,0.61538464,-0.0016125122,-0.15835613,0.0024768554
2227,-0.6,1.1428572,0.61538464,-0.0031732495,-0.16098464,2.7989192e-05
2228,-0.6,1.7142857,0.61538464,0.00080119696,-0.15939297,-0.0023755322
2229,-0.6,2.2857144,0.61538464,-0.0018496577,-0.16643727,-0.0049819495
2230,-0.6,2.857143,0.61538464,0.003366085,-0.16063671,-0.0076954965
2231,-0.6,3.4285715,0.61538464,-0.0011334314,-0.17771044,-0.009822777
2232,-0.6,4.0,0.61538464,0.011314505,-0.15471256,-0.012604309
2233,-0.6,0.0,0.0,-0.0063784714,-0.15964098,0.0060842414
2234,-0.6,0.5714286,0.0,-0.0017741674,-0.1610034,0.0029331031
2235,-0.6,1.1428572,0.0,-0.003224527,-0.16353592,0.00041894062
2236,-0.6,1.7142857,0.0,0.00036840443,-0.16224638,-0.0030104185
2237,-0.6,2.2857144,0.0,-0.0022811578,-0.16881602,-0.005718463
2238,-0.6,2.857143,0.0,0.0024290658,-0.1639738,-0.009274257
2239,-0.6,3.4285715,0.0,-0.0026420734,-0.17916225,-0.012752888
2240,-0.6,4.0,0.0,0.008167465,-0.15884575,-0.0135731
2241,0.0,0.0,8.0,8.514344e-05,-0.16240628,-0.006418769
2242,0.0,0.5714286,8.0,8.4796666e-05,-0.16346148,-0.004006371
2243,0.0,1.1428572,8.0,8.525528e-05,-0.16334881,-0.0002186602
2244,0.0,1.7142857,8.0,8.492276e-05,-0.16783534,0.0021010332
2245,0.0,2.2857144,8.0,8.5589025e-05,-0.16574375,0.0064435354
2246,0.0,2.857143,8.0,8.50159e-05,-0.17639814,0.009050002
2247,0.0,3.4285715,8.0,8.6135115e-05,-0.17057918,0.014451924
2248,0.0,4.0,8.0,8.50189e-05,-0.20371604,0.021161418
2249,0.0,0.0,7.3846154,7.301696e-05,-0.15983406,-0.00533997
2250,0.0,0.5714286,7.3846154,7.250772e-05,-0.16070348,-0.002789103
2251,0.0,1.1428572,7.3846154,7.296215e-05,-0.16061142,-0.0006942231
2252,0.0,1.7142857,7.3846154,7.257164e-05,-0.16517614,0.0022569029
2253,0.0,2.2857144,7.3846154,7.312868e-05,-0.16251813,0.0046355543
2254,0.0,2.857143,7.3846154,7.2635085e-05,-0.17420237,0.0077625243
2255,0.0,3.4285715,7.3846154,7.341161e-05,-0.16561243,0.011058706
2256,0.0,4.0,7.3846154,7.197667e-05,-0.20474921,0.012351442
2257,0.0,0.0,6.769231,6.0546798e-05,-0.15790129,-0.0037214768
2258,0.0,0.5714286,6.769231,6.028677e-05,-0.15912756,-0.002402797
2259,0.0,1.1428572,6.769231,6.0597158e-05,-0.15866114,-0.00033402906
2260,0.0,1.7142857,6.769231,6.0316324e-05,-0.1637737,0.0015199652
2261,0.0,2.2857144,6.769231,6.081657e-05,-0.16072118,0.0038014466
2262,0.0,2.857143,6.769231,6.0267463e-05,-0.17312634,0.0059188553
2263,0.0,3.4285715,6.769231,6.1241895e-05,-0.16494769,0.007757993
2264,0.0,4.0,6.769231,5.9720598e-05,-0.20505406,0.008777676
2265,0.0,0.0,6.1538463,4.8496844e-05,-0.15682666,-0.0029075097
2266,0.0,0.5714286,6.1538463,4.789327e-05,-0.15789118,-0.0016693355
2267,0.0,1.1428572,6.1538463,4.8426245e-05,-0.15766881,-0.00039072038
2268,0.0,1.7142857,6.1538463,4.7880694e-05,-0.16274586,0.0012139606
2269,0.0,2.2857144,6.1538463,4.8630733e-05,-0.15985645,0.0027604327
2270,0.0,2.857143,6.1538463,4.7755067e-05,-0.17269573,0.004295552
2271,0.0,3.4285715,6.1538463,4.9141825e-05,-0.16408472,0.0057479376
2272,0.0,4.0,6.1538463,4.681475e-05,-0.20508668,0.00642209
2273,0.0,0.0,5.5384617,3.5725792e-05,-0.1559837,-0.0018667125
2274,0.0,0.5714286,5.5384617,3.5924997e-05,-0.1572758,-0.00123599
2275,0.0,1.1428572,5.5384617,3.580832e-05,-0.15701461,-0.0003110632
2276,0.0,1.7142857,5.5384617,3.5915127e-05,-0.16214572,0.00077750033
2277,0.0,2.2857144,5.5384617,3.5945857e-05,-0.15954022,0.0018171142
2278,0.0,2.857143,5.5384617,3.586483e-05,-0.17204572,0.0029387511
2279,0.0,3.4285715,5.5384617,3.6219404e-05,-0.16447152,0.0037011658
2280,0.0,4.0,5.5384617,3.5396966e-05,-0.20500544,0.0038258797
2281,0.0,0.0,4.923077,2.3939689e-05,-0.15564637,-0.0012372044
2282,0.0,0.5714286,4.923077,2.3366303e-05,-0.1568251,-0.00083656434
2283,0.0,1.1428572,4.923077,2.37484e-05,-0.15671276,-0.0002585055
2284,0.0,1.7142857,4.923077,2.341689e-05,-0.1618327,0.00031193183
2285,0.0,2.2857144,4.923077,2.3771678e-05,-0.15925713,0.0010031756
2286,0.0,2.857143,4.923077,2.3427185e-05,-0.172021,0.001550312
2287,0.0,3.4285715,4.923077,2.389515e-05,-0.16426055,0.002079545
2288,0.0,4.0,4.923077,2.3065972e-05,-0.20501584,0.0024540173
2289,0.0,0.0,4.3076925,1.0821439e-05,-0.15541655,-0.0005651479
2290,0.0,0.5714286,4.3076925,1.1550735e-05,-0.15668155,-0.00043053518
2291,0.0,1.1428572,4.3076925,1.1087945e-05,-0.15655285,-0.00031796467
2292,0.0,1.7142857,4.3076925,1.1406983e-05,-0.16168778,-4.3572873e-05
2293,0.0,2.2857144,4.3076925,1.11912805e-05,-0.15920992,9.875884e-05
2294,0.0,2.857143,4.3076925,1.1345768e-05,-0.17185596,0.00035178565
2295,0.0,3.4285715,4.3076925,1.1273337e-05,-0.16435376,0.00044791997
2296,0.0,4.0,4.3076925,1.1266171e-05,-0.20500705,0.00031059308
2297,0.0,0.0,3.6923077,2.6134006e-35,-0.15541679,-1.1020144e-36
2298,0.0,0.5714286,3.6923077,-1.6105101e-06,-0.15668197,-0.00014831379
2299,0.0,1.1428572,3.6923077,-5.8952685e-07,-0.15655267,-0.00025256164
2300,0.0,1.7142857,3.6923077,-1.3824308e-06,-0.16168782,-0.00053310127
2301,0.0,2.2857144,3.6923077,-7.4908843e-07,-0.15920992,-0.0006705823
2302,0.0,2.857143,3.6923077,-1.3028603e-06,-0.17185587,-0.00092742126
2303,0.0,3.4285715,3.6923077,-7.947366e-07,-0.16435355,-0.0010202212
2304,0.0,4.0,3.6923077,-1.3051734e-06,-0.20500703,-0.00088574254
2305,0.0,0.0,3.0769231,-1.40569455e-05,-0.1556463,0.00066070614
2306,0.0,0.5714286,3.0769231,-1.2926451e-05,-0.15682538,0.00026458246
2307,0.0,1.1428572,3.0769231,-1.3588941e-05,-0.15671268,-0.00031654417
2308,0.0,1.7142857,3.0769231,-1.3158465e-05,-0.16183275,-0.0008853624
2309,0.0,2.2857144,3.0769231,-1.3521082e-05,-0.15925686,-0.0015774351
2310,0.0,2.857143,3.0769231,-1.3217215e-05,-0.17202114,-0.0021240083
2311,0.0,3.4285715,3.0769231,-1.3618464e-05,-0.16426021,-0.00265329
2312,0.0,4.0,3.0769231,-1.2888955e-05,-0.20501551,-0.0030277704
2313,0.0,0.0,2.4615386,-2.5138694e-05,-0.15598352,0.0012940849
2314,0.0,0.5714286,2.4615386,-2.5772482e-05,-0.15727544,0.00066122157
2315,0.0,1.1428572,2.4615386,-2.560504e-05,-0.15701468,-0.00026241285
2316,0.0,1.7142857,2.4615386,-2.5585747e-05,-0.16214535,-0.0013518392
2317,0.0,2.2857144,2.4615386,-2.5840465e-05,-0.15954033,-0.0023907877
2318,0.0,2.857143,2.4615386,-2.5453857e-05,-0.17204516,-0.0035128403
2319,0.0,3.4285715,2.4615386,-2.6190442e-05,-0.16447188,-0.0042747287
2320,0.0,4.0,2.4615386,-2.4962555e-05,-0.2050052,-0.004399682
2321,0.0,0.0,1.8461539,-3.850191e-05,-0.1568263,0.002332538
2322,0.0,0.5714286,1.8461539,-3.7643553e-05,-0.15789104,0.001095631
2323,0.0,1.1428572,1.8461539,-3.8096303e-05,-0.15766835,-0.0001835671
2324,0.0,1.7142857,1.8461539,-3.7812857e-05,-0.16274574,-0.001787731
2325,0.0,2.2857144,1.8461539,-3.8184e-05,-0.15985598,-0.003334657
2326,0.0,2.857143,1.8461539,-3.7788337e-05,-0.17269576,-0.004869074
2327,0.0,3.4285715,1.8461539,-3.8542923e-05,-0.16408408,-0.0063220724
2328,0.0,4.0,1.8461539,-3.7144604e-05,-0.20508677,-0.006995447
2329,0.0,0.0,1.2307693,-4.9798608e-05,-0.15790087,0.0031478042
2330,0.0,0.5714286,1.2307693,-5.0280312e-05,-0.15912709,0.0018284722
2331,0.0,1.1428572,1.2307693,-5.0231247e-05,-0.15866072,-0.00023989765
2332,0.0,1.7142857,1.2307693,-5.020013e-05,-0.16377331,-0.0020941447
2333,0.0,2.2857144,1.2307693,-5.0446444e-05,-0.16072063,-0.004375189
2334,0.0,2.857143,1.2307693,-5.020989e-05,-0.17312598,-0.0064931246
2335,0.0,3.4285715,1.2307693,-5.072684e-05,-0.1649474,-0.008331271
2336,0.0,4.0,1.2307693,-4.9971422e-05,-0.20505331,-0.009351493
2337,0.0,0.0,0.61538464,-6.3057836e-05,-0.15983355,0.004765369
2338,0.0,0.5714286,0.61538464,-6.2225234e-05,-0.16070305,0.0022150397
2339,0.0,1.1428572,0.61538464,-6.268778e-05,-0.16061075,0.00012010507
2340,0.0,1.7142857,0.61538464,-6.242407e-05,-0.16517569,-0.0028308923
2341,0.0,2.2857144,0.61538464,-6.281332e-05,-0.16251734,-0.0052095316
2342,0.0,2.857143,0.61538464,-6.250073e-05,-0.17420204,-0.008336454
2343,0.0,3.4285715,0.61538464,-6.308985e-05,-0.16561042,-0.011632503
2344,0.0,4.0,0.61538464,-6.203335e-05,-0.20475225,-0.012925014
2345,0.0,0.0,0.0,-7.4499374e-05,-0.16240552,0.0058446676
2346,0.0,0.5714286,0.0,-7.469251e-05,-0.16346079,0.0034323416
2347,0.0,1.1428572,0.0,-7.499285e-05,-0.16334832,-0.00035558577
2348,0.0,1.7142857,0.0,-7.469791e-05,-0.16783442,-0.002674805
2349,0.0,2.2857144,0.0,-7.53177e-05,-0.16574344,-0.0070178825
2350,0.0,2.857143,0.0,-7.479626e-05,-0.17639636,-0.009623043
2351,0.0,3.4285715,0.0,-7.5813055e-05,-0.17058016,-0.015027277
2352,0.0,4.0,0.0,-7.489214e-05,-0.20370714,-0.021731986
2353,0.6,0.0,8.0,0.006388594,-0.15964144,-0.0066588195
2354,0.6,0.5714286,8.0,0.0017843115,-0.16100396,-0.0035071832
2355,0.6,1.1428572,8.0,0.003234985,-0.16353646,-0.0009930572
2356,0.6,1.7142857,8.0,-0.0003584526,-0.16224687,0.0024364311
2357,0.6,2.2857144,8.0,0.0022917688,-0.1688168,0.0051444415
2358,0.6,2.857143,8.0,-0.0024192256,-0.163974,0.00870035
2359,0.6,3.4285715,8.0,0.0026528258,-0.17916413,0.012179073
2360,0.6,4.0,8.0,-0.0081577,-0.15884422,0.012999612
2361,0.6,0.0,7.3846154,0.0065514455,-0.15706389,-0.0050720563
2362,0.6,0.5714286,7.3846154,0.0016227843,-0.1583566,-0.0030511688
2363,0.6,1.1428572,7.3846154,0.0031833411,-0.16098511,-0.00060193293
2364,0.6,1.7142857,7.3846154,-0.0007907607,-0.15939343,0.0018013294
2365,0.6,2.2857144,7.3846154,0.0018596688,-0.16643777,0.004408183
2366,0.6,2.857143,7.3846154,-0.0033556153,-0.16063724,0.0071212854
2367,0.6,3.4285715,7.3846154,0.0011434831,-0.17771077,0.009249078
2368,0.6,4.0,7.3846154,-0.011304462,-0.15471339,0.01203073
2369,0.6,0.0,6.769231,0.006550298,-0.15520655,-0.0039545936
2370,0.6,0.5714286,6.769231,0.0015043827,-0.15651086,-0.00231975
2371,0.6,1.1428572,6.769231,0.0033148143,-0.15941681,-0.0005402538
2372,0.6,1.7142857,6.769231,-0.000941907,-0.15752734,0.0014557387
2373,0.6,2.2857144,6.769231,0.0021070174,-0.1651672,0.003450465
2374,0.6,2.857143,6.769231,-0.0035236045,-0.15883818,0.0054580574
2375,0.6,3.4285715,6.769231,0.0019912666,-0.1771263,0.0073566106
2376,0.6,4.0,6.769231,-0.010088746,-0.15180238,0.008385318
2377,0.6,0.0,6.1538463,0.0065620295,-0.15405397,-0.002744873
2378,0.6,0.5714286,6.1538463,0.0014821199,-0.15538369,-0.001788818
2379,0.6,1.1428572,6.1538463,0.0032889533,-0.1583209,-0.00039901887
2380,0.6,1.7142857,6.1538463,-0.0009227449,-0.15653557,0.0010296116
2381,0.6,2.2857144,6.1538463,0.0020442666,-0.16424043,0.0026013555
2382,0.6,2.857143,6.1538463,-0.0034659537,-0.15812731,0.004026479
2383,0.6,3.4285715,6.1538463,0.0018386956,-0.17639284,0.005268272
2384,0.6,4.0,6.1538463,-0.010997312,-0.151825,0.0058150864
2385,0.6,0.0,5.5384617,0.0064844503,-0.15328078,-0.0019964888
2386,0.6,0.5714286,5.5384617,0.0014819487,-0.15470064,-0.0012634876
2387,0.6,1.1428572,5.5384617,0.0032663473,-0.15764458,-0.0003554996
2388,0.6,1.7142857,5.5384617,-0.0009214528,-0.15598454,0.0006744089
2389,0.6,2.2857144,5.5384617,0.0020820347,-0.16367145,0.0017141334
2390,0.6,2.857143,5.5384617,-0.0034709342,-0.15780528,0.0027112188
2391,0.6,3.4285715,5.5384617,0.0020255952,-0.17601709,0.0035764189
2392,0.6,4.0,5.5384617,-0.010487453,-0.15174457,0.0040730266
2393,0.6,0.0,4.923077,0.006486736,-0.15285558,-0.0011742807
2394,0.6,0.5714286,4.923077,0.0014605123,-0.15432285,-0.000860834
2395,0.6,1.1428572,4.923077,0.0032476028,-0.15726389,-0.0003056998
2396,0.6,1.7142857,4.923077,-0.000914313,-0.15568492,0.00026873217
2397,0.6,2.2857144,4.923077,0.0020590976,-0.16337101,0.00090999744
2398,0.6,2.857143,4.923077,-0.0034316054,-0.15764187,0.0014778898
2399,0.6,3.4285715,4.923077,0.0020030953,-0.17582476,0.0018908685
2400,0.6,4.0,4.923077,-0.010833331,-0.15175897,0.001978723
2401,0.6,0.0,4.3076925,0.006457285,-0.15265357,-0.000639118
2402,0.6,0.5714286,4.3076925,0.0014489285,-0.15414824,-0.00046782498
2403,0.6,1.1428572,4.3076925,0.0032328106,-0.15710114,-0.0003105466
2404,0.6,1.7142857,4.3076925,-0.00092452514,-0.15554953,-9.663559e-05
2405,0.6,2.2857144,4.3076925,0.0020636697,-0.16324773,9.3150935e-05
2406,0.6,2.857143,4.3076925,-0.0034430549,-0.15756649,0.00027434228
2407,0.6,3.4285715,4.3076925,0.0020370756,-0.17572972,0.00047247487
2408,0.6,4.0,4.3076925,-0.01070513,-0.15173821,0.000664687
2409,0.6,0.0,3.6923077,0.0064443094,-0.15265395,3.5576453e-05
2410,0.6,0.5714286,3.6923077,0.0014368305,-0.15414816,-0.00012559442
2411,0.6,1.1428572,3.6923077,0.003220353,-0.1571014,-0.00029106287
2412,0.6,1.7142857,3.6923077,-0.0009367181,-0.15554938,-0.0004985793
2413,0.6,2.2857144,3.6923077,0.0020512624,-0.16324802,-0.00069313176
2414,0.6,2.857143,3.6923077,-0.003455302,-0.15756644,-0.00087010994
2415,0.6,3.4285715,3.6923077,0.0020246776,-0.1757301,-0.0010716737
2416,0.6,4.0,3.6923077,-0.010717171,-0.1517387,-0.0012606578
2417,0.6,0.0,3.0769231,0.006450197,-0.15285559,0.0005783077
2418,0.6,0.5714286,3.0769231,0.0014234675,-0.15432306,0.00026181663
2419,0.6,1.1428572,3.0769231,0.0032107376,-0.15726398,-0.00029189597
2420,0.6,1.7142857,3.0769231,-0.0009512456,-0.15568507,-0.00086684484
2421,0.6,2.2857144,3.0769231,0.0020221386,-0.1633712,-0.0015078672
2422,0.6,2.857143,3.0769231,-0.0034685545,-0.15764241,-0.002075373
2423,0.6,3.4285715,3.0769231,0.001966114,-0.17582561,-0.0024883715
2424,0.6,4.0,3.0769231,-0.01086987,-0.15176098,-0.0025762646
2425,0.6,0.0,2.4615386,0.006422592,-0.15328088,0.0013971585
2426,0.6,0.5714286,2.4615386,0.0014204324,-0.15470062,0.00066573906
2427,0.6,1.1428572,2.4615386,0.0032049508,-0.1576447,-0.00024263524
2428,0.6,1.7142857,2.4615386,-0.0009831426,-0.15598467,-0.0012724672
2429,0.6,2.2857144,2.4615386,0.0020206522,-0.16367182,-0.0023118667
2430,0.6,2.857143,2.4615386,-0.0035328008,-0.15780601,-0.0033091696
2431,0.6,3.4285715,2.4615386,0.0019642485,-0.17601879,-0.0041734925
2432,0.6,4.0,2.4615386,-0.010548351,-0.15175052,-0.0046709026
2433,0.6,0.0,1.8461539,0.006476324,-0.15405409,0.0021470496
2434,0.6,0.5714286,1.8461539,0.0013959726,-0.15538356,0.0011905938
2435,0.6,1.1428572,1.8461539,0.0032029445,-0.15832101,-0.00019923078
2436,0.6,1.7142857,1.8461539,-0.0010089714,-0.15653564,-0.0016274508
2437,0.6,2.2857144,1.8461539,0.0019581427,-0.1642408,-0.0031995599
2438,0.6,2.857143,1.8461539,-0.0035523132,-0.15812822,-0.004624053
2439,0.6,3.4285715,1.8461539,0.0017524429,-0.17639457,-0.0058664754
2440,0.6,4.0,1.8461539,-0.011082506,-0.15183266,-0.006412336
2441,0.6,0.0,1.2307693,0.0064395186,-0.15520658,0.0033557634
2442,0.6,0.5714286,1.2307693,0.0013934947,-0.15651064,0.001721642
2443,0.6,1.1428572,1.2307693,0.0032044784,-0.15941694,-5.795241e-05
2444,0.6,1.7142857,1.2307693,-0.0010530389,-0.15752712,-0.00205376
2445,0.6,2.2857144,1.2307693,0.0019965835,-0.16516781,-0.004048656
2446,0.6,2.857143,1.2307693,-0.0036350351,-0.15883839,-0.006055885
2447,0.6,3.4285715,1.2307693,0.0018808827,-0.17712873,-0.007955028
2448,0.6,4.0,1.2307693,-0.010199386,-0.15180673,-0.00898256
2449,0.6,0.0,0.61538464,0.0064167595,-0.15706383,0.0044739516
2450,0.6,0.5714286,0.61538464,0.0014873203,-0.1583563,0.0024529258
2451,0.6,1.1428572,0.61538464,0.0030483608,-0.1609851,3.719896e-06
2452,0.6,1.7142857,0.61538464,-0.0009264418,-0.15939328,-0.0023994504
2453,0.6,2.2857144,0.61538464,0.0017245228,-0.16643797,-0.005006299
2454,0.6,2.857143,0.61538464,-0.0034916156,-0.1606375,-0.0077194967
2455,0.6,3.4285715,0.61538464,0.0010081745,-0.17771217,-0.009847402
2456,0.6,4.0,0.61538464,-0.01143978,-0.15471604,-0.012628146
2457,0.6,0.0,0.0,0.006228606,-0.15964155,0.006060252
2458,0.6,0.5714286,0.0,0.0016244125,-0.16100363,0.0029089043
2459,0.6,1.1428572,0.0,0.0030752984,-0.16353638,0.00039488694
2460,0.6,1.7142857,0.0,-0.0005186944,-0.16224676,-0.0030346394
2461,0.6,2.2857144,0.0,0.002131668,-0.16881673,-0.005742623
2462,0.6,2.857143,0.0,-0.0025797691,-0.16397478,-0.00929876
2463,0.6,3.4285715,0.0,0.0024921596,-0.17916377,-0.012777321
2464,0.6,4.0,0.0,-0.008317584,-0.15885162,-0.013599198
2465,1.2,0.0,8.0,0.008136568,-0.15553032,-0.006242512
2466,1.2,0.5714286,8.0,0.007887947,-0.15690006,-0.003927845
2467,1.2,1.1428572,8.0,0.0014839667,-0.15637891,-0.001066253
2468,1.2,1.7142857,8.0,0.004188349,-0.16012603,0.0013806113
2469,1.2,2.2857144,8.0,-0.0019242233,-0.15642491,0.0040573464
2470,1.2,2.857143,8.0,0.0017011059,-0.16455543,0.0065397243
2471,1.2,3.4285715,8.0,-0.00597486,-0.15247431,0.0077408683
2472,1.2,4.0,8.0,-0.008462115,-0.16633876,0.009218587
2473,1.2,0.0,7.3846154,0.007877965,-0.15304725,-0.0051840376
2474,1.2,0.5714286,7.3846154,0.008035525,-0.15453182,-0.003064107
2475,1.2,1.1428572,7.3846154,0.0010540893,-0.1538539,-0.0009443084
2476,1.2,1.7142857,7.3846154,0.0038918313,-0.15792704,0.0012561574
2477,1.2,2.2857144,7.3846154,-0.0028619182,-0.15374874,0.0034906475
2478,1.2,2.857143,7.3846154,0.0007118503,-0.16296676,0.0054724887
2479,1.2,3.4285715,7.3846154,-0.0077434625,-0.14975238,0.0073602987
2480,1.2,4.0,7.3846154,-0.009207486,-0.16649266,0.008692624
2481,1.2,0.0,6.769231,0.007668998,-0.15132156,-0.0038395748
2482,1.2,0.5714286,6.769231,0.008238338,-0.15289477,-0.0024288935
2483,1.2,1.1428572,6.769231,0.0008198101,-0.15205614,-0.0007486013
2484,1.2,1.7142857,6.769231,0.0041443235,-0.15649076,0.0010288983
2485,1.2,2.2857144,6.769231,-0.0031907,-0.15186363,0.0027944786
2486,1.2,2.857143,6.769231,0.001125094,-0.16185868,0.0044951043
2487,1.2,3.4285715,6.769231,-0.008055985,-0.14721204,0.0058317436
2488,1.2,4.0,6.769231,-0.009544152,-0.16565208,0.0072619063
2489,1.2,0.0,6.1538463,0.007583352,-0.15008548,-0.0029215573
2490,1.2,0.5714286,6.1538463,0.008173777,-0.15177082,-0.0018268372
2491,1.2,1.1428572,6.1538463,0.00085610605,-0.15094726,-0.000593449
2492,1.2,1.7142857,6.1538463,0.004072116,-0.1554205,0.0007618302
2493,1.2,2.2857144,6.1538463,-0.0030975605,-0.15089127,0.002090019
2494,1.2,2.857143,6.1538463,0.0009937028,-0.1607704,0.003367912
2495,1.2,3.4285715,6.1538463,-0.007868067,-0.14651209,0.004507676
2496,1.2,4.0,6.1538463,-0.00904078,-0.16429697,0.005322039
2497,1.2,0.0,5.5384617,0.007617197,-0.14935684,-0.0019684369
2498,1.2,0.5714286,5.5384617,0.008114443,-0.1510183,-0.0013196431
2499,1.2,1.1428572,5.5384617,0.0008567839,-0.15029223,-0.00048425974
2500,1.2,1.7142857,5.5384617,0.004074041,-0.15472151,0.00047086517
2501,1.2,2.2857144,5.5384617,-0.0030936135,-0.15032054,0.0013994134
2502,1.2,2.857143,5.5384617,0.0010755324,-0.16015886,0.0023212698
2503,1.2,3.4285715,5.5384617,-0.007810695,-0.14599842,0.002961618
2504,1.2,4.0,5.5384617,-0.009549144,-0.16360115,0.0034727755
2505,1.2,0.0,4.923077,0.007568948,-0.14889629,-0.0012972346
2506,1.2,0.5714286,4.923077,0.008073125,-0.15059349,-0.0008923674
2507,1.2,1.1428572,4.923077,0.00086157775,-0.14990747,-0.00039185333
2508,1.2,1.7142857,4.923077,0.0040427567,-0.15432958,0.00015969163
2509,1.2,2.2857144,4.923077,-0.0030426935,-0.15001087,0.0007172098
2510,1.2,2.857143,4.923077,0.0010440436,-0.15979327,0.0012221226
2511,1.2,3.4285715,4.923077,-0.007717874,-0.1457763,0.0016980969
2512,1.2,4.0,4.923077,-0.009297533,-0.1631194,0.0020379187
2513,1.2,0.0,4.3076925,0.0075709554,-0.14869738,-0.00059851806
2514,1.2,0.5714286,4.3076925,0.008045857,-0.15039662,-0.0004927491
2515,1.2,1.1428572,4.3076925,0.000848676,-0.14973444,-0.00034104584
2516,1.2,1.7142857,4.3076925,0.0040378836,-0.15415597,-0.00015048019
2517,1.2,2.2857144,4.3076925,-0.0030508735,-0.14986514,2.6740428e-05
2518,1.2,2.857143,4.3076925,0.0010657423,-0.15964393,0.00021899295
2519,1.2,3.4285715,4.3076925,-0.0077116587,-0.14564143,0.00028871497
2520,1.2,4.0,4.3076925,-0.009465107,-0.1629403,0.00033268877
2521,1.2,0.0,3.6923077,0.0075589404,-0.14869702,-1.8598228e-05
2522,1.2,0.5714286,3.6923077,0.008033403,-0.15039673,-0.000134297
2523,1.2,1.1428572,3.6923077,0.00083648675,-0.14973429,-0.0002774796
2524,1.2,1.7142857,3.6923077,0.0040254775,-0.1541562,-0.00047421697
2525,1.2,2.2857144,3.6923077,-0.0030630797,-0.14986514,-0.0006462714
2526,1.2,2.857143,3.6923077,0.0010533424,-0.15964423,-0.00084242696
2527,1.2,3.4285715,3.6923077,-0.007723837,-0.1456416,-0.0009085722
2528,1.2,4.0,3.6923077,-0.009477445,-0.16294043,-0.000955869
2529,1.2,0.0,3.0769231,0.0075317565,-0.14889634,0.0006725055
2530,1.2,0.5714286,3.0769231,0.00803613,-0.15059344,0.00027088303
2531,1.2,1.1428572,3.0769231,0.0008247492,-0.14990753,-0.00023071337
2532,1.2,1.7142857,3.0769231,0.0040057814,-0.15432984,-0.0007815261
2533,1.2,2.2857144,3.0769231,-0.0030795254,-0.1500112,-0.001338948
2534,1.2,2.857143,3.0769231,0.0010070059,-0.15979387,-0.0018438637
2535,1.2,3.4285715,3.0769231,-0.0077544567,-0.14577724,-0.0023193925
2536,1.2,4.0,3.0769231,-0.009334616,-0.16311994,-0.0026597467
2537,1.2,0.0,2.4615386,0.0075560207,-0.14935677,0.0013469878
2538,1.2,0.5714286,2.4615386,0.00805291,-0.15101852,0.00069688045
2539,1.2,1.1428572,2.4615386,0.0007953456,-0.15029235,-0.00013784216
2540,1.2,1.7142857,2.4615386,0.004012454,-0.15472181,-0.0010928429
2541,1.2,2.2857144,2.4615386,-0.0031550014,-0.15032113,-0.0020213847
2542,1.2,2.857143,2.4615386,0.0010137554,-0.16015966,-0.0029428257
2543,1.2,3.4285715,2.4615386,-0.007871579,-0.14600042,-0.0035833637
2544,1.2,4.0,2.4615386,-0.009610922,-0.16360074,-0.004094285
2545,1.2,0.0,1.8461539,0.0074971486,-0.1500854,0.0022986103
2546,1.2,0.5714286,1.8461539,0.008087582,-0.15177114,0.0012044465
2547,1.2,1.1428572,1.8461539,0.00077022373,-0.15094735,-2.854401e-05
2548,1.2,1.7142857,1.8461539,0.003985785,-0.15542096,-0.0013841925
2549,1.2,2.2857144,1.8461539,-0.0031834138,-0.15089187,-0.002711705
2550,1.2,2.857143,1.8461539,0.00090708444,-0.16077133,-0.0039901016
2551,1.2,3.4285715,1.8461539,-0.007953268,-0.14651462,-0.0051291618
2552,1.2,4.0,1.8461539,-0.0091276225,-0.1642965,-0.0059438134
2553,1.2,0.0,1.2307693,0.007558368,-0.15132138,0.0032174785
2554,1.2,0.5714286,1.2307693,0.008127968,-0.15289512,0.0018064555
2555,1.2,1.1428572,1.2307693,0.0007089106,-0.1520561,0.00012639092
2556,1.2,1.7142857,1.2307693,0.004033848,-0.15649138,-0.0016510837
2557,1.2,2.2857144,1.2307693,-0.0033016806,-0.15186389,-0.003416506
2558,1.2,2.857143,1.2307693,0.001014417,-0.16186008,-0.005117257
2559,1.2,3.4285715,1.2307693,-0.008166558,-0.14721328,-0.0064536966
2560,1.2,4.0,1.2307693,-0.00965479,-0.16565272,-0.0078834705
2561,1.2,0.0,0.61538464,0.0077422922,-0.15304711,0.0045613567
2562,1.2,0.5714286,0.61538464,0.007900557,-0.15453221,0.002441619
2563,1.2,1.1428572,0.61538464,0.0009186425,-0.15385382,0.00032222035
2564,1.2,1.7142857,0.61538464,0.0037567143,-0.15792756,-0.0018785291
2565,1.2,2.2857144,0.61538464,-0.0029975602,-0.15374902,-0.004112702
2566,1.2,2.857143,0.61538464,0.0005764797,-0.16296782,-0.006094872
2567,1.2,3.4285715,0.61538464,-0.007878907,-0.1497536,-0.007982173
2568,1.2,4.0,0.61538464,-0.009343115,-0.1664937,-0.009314738
2569,1.2,0.0,0.0,0.007977105,-0.15553,0.005620148
2570,1.2,0.5714286,0.0,0.0077281734,-0.15690042,0.0033055372
2571,1.2,1.1428572,0.0,0.0013241746,-0.15637892,0.00044387768
2572,1.2,1.7142857,0.0,0.004028288,-0.16012639,-0.0020028185
2573,1.2,2.2857144,0.0,-0.0020841367,-0.15642557,-0.004679722
2574,1.2,2.857143,0.0,0.0015406054,-0.16455571,-0.007162054
2575,1.2,3.4285715,0.0,-0.006134457,-0.15247686,-0.008363332
2576,1.2,4.0,0.0,-0.0086224815,-0.1663371,-0.009840229
2577,1.8,0.0,8.0,0.016668689,-0.14836046,-0.0064758905
2578,1.8,0.5714286,8.0,0.0062311403,-0.14860131,-0.003752902
2579,1.8,1.1428572,8.0,0.0073610074,-0.15072194,-0.001631222
2580,1.8,1.7142857,8.0,0.00010935498,-0.1484675,0.00061838905
2581,1.8,2.2857144,8.0,0.0025084016,-0.15315256,0.0028426065
2582,1.8,2.857143,8.0,-0.0048646736,-0.14617893,0.0043718205
2583,1.8,3.4285715,8.0,-0.004525867,-0.15537605,0.0066571007
2584,1.8,4.0,8.0,-0.016327772,-0.1433346,0.008889672
2585,1.8,0.0,7.3846154,0.017007405,-0.1461562,-0.004853317
2586,1.8,0.5714286,7.3846154,0.0060042017,-0.14637704,-0.003195953
2587,1.8,1.1428572,7.3846154,0.007340416,-0.14869076,-0.0012764449
2588,1.8,1.7142857,7.3846154,-0.0005563883,-0.14618662,0.0006458515
2589,1.8,2.2857144,7.3846154,0.0020022155,-0.15150553,0.0023933784
2590,1.8,2.857143,7.3846154,-0.0060168407,-0.14388512,0.0041612056
2591,1.8,3.4285715,7.3846154,-0.0052285795,-0.15442564,0.005442608
2592,1.8,4.0,7.3846154,-0.017847411,-0.14035216,0.0067034597
2593,1.8,0.0,6.769231,0.017065356,-0.14455768,-0.0039442056
2594,1.8,0.5714286,6.769231,0.0057599647,-0.14469968,-0.002493485
2595,1.8,1.1428572,6.769231,0.007592634,-0.14722903,-0.0009908774
2596,1.8,1.7142857,6.769231,-0.0009093766,-0.14445156,0.000523362
2597,1.8,2.2857144,6.769231,0.0021992319,-0.15027264,0.0020530913
2598,1.8,2.857143,6.769231,-0.0065417015,-0.14189799,0.0033910563
2599,1.8,3.4285715,6.769231,-0.005362196,-0.15372859,0.0047382168
2600,1.8,4.0,6.769231,-0.018183494,-0.13854145,0.0059015527
2601,1.8,0.0,6.1538463,0.017024398,-0.14342745,-0.0028300998
2602,1.8,0.5714286,6.1538463,0.0057504266,-0.14355078,-0.001918172
2603,1.8,1.1428572,6.1538463,0.007523868,-0.14614522,-0.00078270386
2604,1.8,1.7142857,6.1538463,-0.0008416289,-0.1433738,0.00038618603
2605,1.8,2.2857144,6.1538463,0.0020969466,-0.14916316,0.0015553151
2606,1.8,2.857143,6.1538463,-0.006400068,-0.14096119,0.0026332058
2607,1.8,3.4285715,6.1538463,-0.0053133643,-0.15236652,0.0035366374
2608,1.8,4.0,6.1538463,-0.018256975,-0.13762152,0.004386109
2609,1.8,0.0,5.5384617,0.01687366,-0.14261769,-0.00206536
2610,1.8,0.5714286,5.5384617,0.0057478165,-0.14284883,-0.0014000625
2611,1.8,1.1428572,5.5384617,0.0074769678,-0.14537793,-0.00060637936
2612,1.8,1.7142857,5.5384617,-0.0008306111,-0.1427169,0.00020600826
2613,1.8,2.2857144,5.5384617,0.0020987915,-0.14842476,0.0010379371
2614,1.8,2.857143,5.5384617,-0.006385456,-0.1403027,0.0017811904
2615,1.8,3.4285715,5.5384617,-0.0053698933,-0.15167266,0.0025272644
2616,1.8,4.0,5.5384617,-0.018049806,-0.13703533,0.0030835038
2617,1.8,0.0,4.923077,0.016851522,-0.14215277,-0.001280651
2618,1.8,0.5714286,4.923077,0.0057207965,-0.14240482,-0.00093445345
2619,1.8,1.1428572,4.923077,0.0074334275,-0.14494301,-0.00048344958
2620,1.8,1.7142857,4.923077,-0.0008038662,-0.14231329,4.614095e-06
2621,1.8,2.2857144,4.923077,0.0020653529,-0.14798675,0.00050039997
2622,1.8,2.857143,4.923077,-0.0063031157,-0.13996024,0.00095794315
2623,1.8,3.4285715,4.923077,-0.0053390088,-0.15116303,0.0012994044
2624,1.8,4.0,4.923077,-0.018151676,-0.13669863,0.001596036
2625,1.8,0.0,4.3076925,0.016799709,-0.14192507,-0.00065569096
2626,1.8,0.5714286,4.3076925,0.0057038255,-0.14220682,-0.0005308256
2627,1.8,1.1428572,4.3076925,0.007411669,-0.1447345,-0.0003691245
2628,1.8,1.7142857,4.3076925,-0.00081223226,-0.14212988,-0.0002115462
2629,1.8,2.2857144,4.3076925,0.0020669627,-0.14779146,-4.9364986e-05
2630,1.8,2.857143,4.3076925,-0.006304308,-0.13977976,9.200009e-05
2631,1.8,3.4285715,4.3076925,-0.0053488216,-0.15097511,0.00027614267
2632,1.8,4.0,4.3076925,-0.018080587,-0.13652098,0.0003987148
2633,1.8,0.0,3.6923077,0.016787091,-0.14192486,-1.022571e-36
2634,1.8,0.5714286,3.6923077,0.005691594,-0.14220636,-0.00011070991
2635,1.8,1.1428572,3.6923077,0.007399322,-0.14473481,-0.0002806659
2636,1.8,1.7142857,3.6923077,-0.00082447333,-0.1421297,-0.00043167933
2637,1.8,2.2857144,3.6923077,0.0020546094,-0.14779174,-0.0005986292
2638,1.8,2.857143,3.6923077,-0.0063165375,-0.1397797,-0.00073581154
2639,1.8,3.4285715,3.6923077,-0.005361139,-0.15097545,-0.00092339655
2640,1.8,4.0,3.6923077,-0.01809292,-0.13652095,-0.0010426091
2641,1.8,0.0,3.0769231,0.016814766,-0.14215292,0.0006362515
2642,1.8,0.5714286,3.0769231,0.0056840074,-0.14240453,0.000286064
2643,1.8,1.1428572,3.0769231,0.007396454,-0.14494313,-0.0001618778
2644,1.8,1.7142857,3.0769231,-0.00084066315,-0.14231345,-0.0006510492
2645,1.8,2.2857144,3.0769231,0.0020283677,-0.14798702,-0.0011460708
2646,1.8,2.857143,3.0769231,-0.006339882,-0.13996072,-0.0016036598
2647,1.8,3.4285715,3.0769231,-0.005375942,-0.15116315,-0.0019451057
2648,1.8,4.0,3.0769231,-0.018188426,-0.13669927,-0.0022414478
2649,1.8,0.0,2.4615386,0.016811837,-0.142618,0.0014170893
2650,1.8,0.5714286,2.4615386,0.0056865197,-0.14284907,0.00075439527
2651,1.8,1.1428572,2.4615386,0.007415322,-0.14537804,-4.0491337e-05
2652,1.8,1.7142857,2.4615386,-0.0008918662,-0.14271724,-0.0008517052
2653,1.8,2.2857144,2.4615386,0.002037029,-0.14842515,-0.001684077
2654,1.8,2.857143,2.4615386,-0.006446598,-0.14030346,-0.0024267922
2655,1.8,3.4285715,2.4615386,-0.005431573,-0.15167272,-0.0031730882
2656,1.8,4.0,2.4615386,-0.01811116,-0.13703674,-0.003728831
2657,1.8,0.0,1.8461539,0.016938258,-0.14342798,0.0021841354
2658,1.8,0.5714286,1.8461539,0.0056647104,-0.14355068,0.0012714049
2659,1.8,1.1428572,1.8461539,0.0074375262,-0.14614579,0.00013656585
2660,1.8,1.7142857,1.8461539,-0.0009273827,-0.14337401,-0.0010324051
2661,1.8,2.2857144,1.8461539,0.0020104835,-0.14916368,-0.002201253
2662,1.8,2.857143,1.8461539,-0.0064857258,-0.14096218,-0.0032791083
2663,1.8,3.4285715,1.8461539,-0.0053997845,-0.15236627,-0.0041823545
2664,1.8,4.0,1.8461539,-0.01834267,-0.13762334,-0.0050316174
2665,1.8,0.0,1.2307693,0.016954755,-0.14455824,0.0032967746
2666,1.8,0.5714286,1.2307693,0.005649176,-0.14469975,0.0018474453
2667,1.8,1.1428572,1.2307693,0.0074821864,-0.14722955,0.00034423568
2668,1.8,1.7142857,1.2307693,-0.0010201966,-0.14445172,-0.0011691984
2669,1.8,2.2857144,1.2307693,0.0020886215,-0.15027349,-0.0026995188
2670,1.8,2.857143,1.2307693,-0.0066524837,-0.14189836,-0.004036701
2671,1.8,3.4285715,1.2307693,-0.0054727686,-0.15372944,-0.005384287
2672,1.8,4.0,1.2307693,-0.01829455,-0.13854228,-0.006546767
2673,1.8,0.0,0.61538464,0.016872559,-0.14615689,0.004207076
2674,1.8,0.5714286,0.61538464,0.0058689006,-0.14637683,0.0025493607
2675,1.8,1.1428572,0.61538464,0.0072053843,-0.14869153,0.00063023565
2676,1.8,1.7142857,0.61538464,-0.00069186784,-0.14618665,-0.0012921949
2677,1.8,2.2857144,0.61538464,0.0018670423,-0.15150635,-0.0030394122
2678,1.8,2.857143,0.61538464,-0.0061524315,-0.14388564,-0.0048073926
2679,1.8,3.4285715,0.61538464,-0.005363782,-0.15442622,-0.00608842
2680,1.8,4.0,0.61538464,-0.017983042,-0.1403529,-0.0073491177
2681,1.8,0.0,0.0,0.016508717,-0.1483611,0.005828707
2682,1.8,0.5714286,0.0,0.0060715047,-0.14860134,0.003106745
2683,1.8,1.1428572,0.0,0.007201109,-0.15072246,0.0009846113
2684,1.8,1.7142857,0.0,-5.0381015e-05,-0.14846785,-0.0012643858
2685,1.8,2.2857144,0.0,0.0023482372,-0.15315299,-0.0034891544
2686,1.8,2.857143,0.0,-0.0050244248,-0.14618002,-0.0050176564
2687,1.8,3.4285715,0.0,-0.0046860967,-0.15537572,-0.007303309
2688,1.8,4.0,0.0,-0.016487898,-0.14333656,-0.0095348125
2689,2.4,0.0,8.0,0.016143365,-0.13846111,-0.005452069
2690,2.4,0.5714286,8.0,0.013107297,-0.14028811,-0.0039356486
2691,2.4,1.1428572,8.0,0.004098795,-0.13937373,-0.0018800739
2692,2.4,1.7142857,8.0,0.004966975,-0.142057,0.00012690335
2693,2.4,2.2857144,8.0,-0.002686437,-0.1380646,0.0016460508
2694,2.4,2.857143,8.0,-0.001984735,-0.14380422,0.0038305293
2695,2.4,3.4285715,8.0,-0.011602473,-0.13543138,0.0050844946
2696,2.4,4.0,8.0,-0.015872324,-0.14343634,0.005826619
2697,2.4,0.0,7.3846154,0.0159761,-0.13654044,-0.0049539763
2698,2.4,0.5714286,7.3846154,0.013404297,-0.13840538,-0.003118124
2699,2.4,1.1428572,7.3846154,0.0037380904,-0.13740243,-0.001506417
2700,2.4,1.7142857,7.3846154,0.0048326994,-0.14042953,5.2862848e-05
2701,2.4,2.2857144,7.3846154,-0.0034535364,-0.13606165,0.0017076487
2702,2.4,2.857143,7.3846154,-0.0024441741,-0.1425611,0.0030051942
2703,2.4,3.4285715,7.3846154,-0.012797833,-0.13325752,0.0045504128
2704,2.4,4.0,7.3846154,-0.016511668,-0.14298418,0.0061973673
2705,2.4,0.0,6.769231,0.015684165,-0.13493977,-0.003678147
2706,2.4,0.5714286,6.769231,0.013644002,-0.13700053,-0.0025294705
2707,2.4,1.1428572,6.769231,0.0034538156,-0.13584465,-0.0012180607
2708,2.4,1.7142857,6.769231,0.005000422,-0.13918671,0.00013741289
2709,2.4,2.2857144,6.769231,-0.003915038,-0.13439734,0.0013662738
2710,2.4,2.857143,6.769231,-0.0024837288,-0.1416833,0.0026388222
2711,2.4,3.4285715,6.769231,-0.013301503,-0.1313827,0.0036345087
2712,2.4,4.0,6.769231,-0.016626837,-0.14202265,0.0045637875
2713,2.4,0.0,6.1538463,0.015580038,-0.13382155,-0.0029105635
2714,2.4,0.5714286,6.1538463,0.013561317,-0.13595767,-0.0019337797
2715,2.4,1.1428572,6.1538463,0.0034899022,-0.13476533,-0.00094845745
2716,2.4,1.7142857,6.1538463,0.004921378,-0.13814627,7.261628e-05
2717,2.4,2.2857144,6.1538463,-0.0038685035,-0.1334182,0.0010688455
2718,2.4,2.857143,6.1538463,-0.0025623892,-0.14053695,0.001989318
2719,2.4,3.4285715,6.1538463,-0.013344524,-0.13061292,0.002928309
2720,2.4,4.0,6.1538463,-0.016609775,-0.14099216,0.0037854258
2721,2.4,0.0,5.5384617,0.015570481,-0.13309823,-0.00201733
2722,2.4,0.5714286,5.5384617,0.013465941,-0.13517317,-0.0014224515
2723,2.4,1.1428572,5.5384617,0.0034886762,-0.134097,-0.00074118923
2724,2.4,1.7142857,5.5384617,0.00488189,-0.13738444,-1.205331e-05
2725,2.4,2.2857144,5.5384617,-0.0038571276,-0.13275407,0.0006909435
2726,2.4,2.857143,5.5384617,-0.00258389,-0.13981496,0.0013728446
2727,2.4,3.4285715,5.5384617,-0.013244589,-0.12990043,0.001920124
2728,2.4,4.0,5.5384617,-0.016661258,-0.14019024,0.0024473437
2729,2.4,0.0,4.923077,0.01550241,-0.13262583,-0.0013386757
2730,2.4,0.5714286,4.923077,0.013400876,-0.13472451,-0.0009678079
2731,2.4,1.1428572,4.923077,0.003487494,-0.13365549,-0.0005621941
2732,2.4,1.7142857,4.923077,0.004838584,-0.13693488,-0.000125416
2733,2.4,2.2857144,4.923077,-0.0038203176,-0.13235041,0.00028546024
2734,2.4,2.857143,4.923077,-0.00260145,-0.13932306,0.000689357
2735,2.4,3.4285715,4.923077,-0.0132365525,-0.1295711,0.0011030734
2736,2.4,4.0,4.923077,-0.016628988,-0.13971792,0.0014387517
2737,2.4,0.0,4.3076925,0.015486484,-0.13240904,-0.00064728205
2738,2.4,0.5714286,4.3076925,0.013361595,-0.13449796,-0.0005372508
2739,2.4,1.1428572,4.3076925,0.003470429,-0.13345684,-0.00040739565
2740,2.4,1.7142857,4.3076925,0.004824043,-0.13671823,-0.00026930915
2741,2.4,2.2857144,4.3076925,-0.003825063,-0.1321532,-0.00011868192
2742,2.4,2.857143,4.3076925,-0.0026002908,-0.13911891,1.2339596e-05
2743,2.4,3.4285715,4.3076925,-0.013208521,-0.12936106,8.3626815e-05
2744,2.4,4.0,4.3076925,-0.016650576,-0.13949281,0.0001701433
2745,2.4,0.0,3.6923077,0.015474578,-0.13240874,-1.9309738e-05
2746,2.4,0.5714286,3.6923077,0.0133493,-0.13449804,-0.0001371971
2747,2.4,1.1428572,3.6923077,0.0034581353,-0.13345672,-0.00025996263
2748,2.4,1.7142857,3.6923077,0.0048117572,-0.13671838,-0.00040305223
2749,2.4,2.2857144,3.6923077,-0.0038373556,-0.13215318,-0.00054926693
2750,2.4,2.857143,3.6923077,-0.0026125836,-0.13911904,-0.0006837061
2751,2.4,3.4285715,3.6923077,-0.013220818,-0.12936111,-0.0007516923
2752,2.4,4.0,3.6923077,-0.01666282,-0.13949287,-0.0008409426
2753,2.4,0.0,3.0769231,0.01546551,-0.13262585,0.00066613517
2754,2.4,0.5714286,3.0769231,0.013363948,-0.13472454,0.00029775198
2755,2.4,1.1428572,3.0769231,0.0034507103,-0.13365546,-0.00010837159
2756,2.4,1.7142857,3.0769231,0.0048016347,-0.13693509,-0.0005446231
2757,2.4,2.2857144,3.0769231,-0.0038571258,-0.13235055,-0.00095523713
2758,2.4,2.857143,3.0769231,-0.002638384,-0.13932328,-0.0013592963
2759,2.4,3.4285715,3.0769231,-0.013273326,-0.12957141,-0.0017723974
2760,2.4,4.0,3.0769231,-0.016666057,-0.13971819,-0.00210833
2761,2.4,0.0,2.4615386,0.015509401,-0.13309821,0.0013473168
2762,2.4,0.5714286,2.4615386,0.0134043265,-0.13517347,0.0007515078
2763,2.4,1.1428572,2.4615386,0.0034274552,-0.13409707,7.092628e-05
2764,2.4,1.7142857,2.4615386,0.004820192,-0.13738468,-0.0006580422
2765,2.4,2.2857144,2.4615386,-0.003918347,-0.13275446,-0.0013609217
2766,2.4,2.857143,2.4615386,-0.0026456125,-0.13981505,-0.0020425788
2767,2.4,3.4285715,2.4615386,-0.013305777,-0.12990126,-0.002589776
2768,2.4,4.0,2.4615386,-0.016722986,-0.14018995,-0.0031166386
2769,2.4,0.0,1.8461539,0.015494256,-0.13382159,0.002239409
2770,2.4,0.5714286,1.8461539,0.01347498,-0.13595818,0.0012631436
2771,2.4,1.1428572,1.8461539,0.0034041728,-0.1347654,0.00027832843
2772,2.4,1.7142857,1.8461539,0.0048350524,-0.1381467,-0.0007430063
2773,2.4,2.2857144,1.8461539,-0.0039543053,-0.13341859,-0.0017385911
2774,2.4,2.857143,1.8461539,-0.0026487266,-0.14053711,-0.002659377
2775,2.4,3.4285715,1.8461539,-0.013430279,-0.13061395,-0.0035977142
2776,2.4,4.0,1.8461539,-0.016696298,-0.14099206,-0.0044549704
2777,2.4,0.0,1.2307693,0.015573564,-0.13493961,0.0030077477
2778,2.4,0.5714286,1.2307693,0.013533634,-0.13700122,0.0018588608
2779,2.4,1.1428572,1.2307693,0.0033430452,-0.13584457,0.000547731
2780,2.4,1.7142857,1.2307693,0.004889924,-0.13918746,-0.00080759573
2781,2.4,2.2857144,1.2307693,-0.004025859,-0.13439742,-0.0020362996
2782,2.4,2.857143,1.2307693,-0.0025943087,-0.14168401,-0.003308714
2783,2.4,3.4285715,1.2307693,-0.0134123415,-0.13138308,-0.0043042023
2784,2.4,4.0,1.2307693,-0.016737493,-0.14202313,-0.0052332045
2785,2.4,0.0,0.61538464,0.015840748,-0.13654031,0.0042830333
2786,2.4,0.5714286,0.61538464,0.0132692875,-0.1384062,0.0024474494
2787,2.4,1.1428572,0.61538464,0.00360271,-0.13740233,0.0008362853
2788,2.4,1.7142857,0.61538464,0.0046976814,-0.1404303,-0.00072328397
2789,2.4,2.2857144,0.61538464,-0.0035891067,-0.13606177,-0.0023775194
2790,2.4,2.857143,0.61538464,-0.0025792504,-0.14256176,-0.0036753363
2791,2.4,3.4285715,0.61538464,-0.012933459,-0.13325796,-0.005219907
2792,2.4,4.0,0.61538464,-0.01664699,-0.14298485,-0.0068668174
2793,2.4,0.0,0.0,0.015983855,-0.13846093,0.0047816057
2794,2.4,0.5714286,0.0,0.012947611,-0.14028895,0.0032651082
2795,2.4,1.1428572,0.0,0.003939065,-0.13937369,0.0012096864
2796,2.4,1.7142857,0.0,0.0048071006,-0.14205767,-0.00079710427
2797,2.4,2.2857144,0.0,-0.0028462678,-0.13806501,-0.0023162025
2798,2.4,2.857143,0.0,-0.0021447637,-0.1438044,-0.004500476
2799,2.4,3.4285715,0.0,-0.011762434,-0.13543248,-0.0057542794
2800,2.4,4.0,0.0,-0.016032387,-0.14343606,-0.00649626
2801,3.0,0.0,8.0,0.023567544,-0.12890899,-0.0057811257
2802,3.0,0.5714286,8.0,0.011119671,-0.12868786,-0.0035737671
2803,3.0,1.1428572,8.0,0.009334637,-0.13032378,-0.0019153078
2804,3.0,1.7142857,8.0,0.0010050887,-0.12836415,-0.0004788596
2805,3.0,2.2857144,8.0,0.00080610294,-0.13174923,0.0014907306
2806,3.0,2.857143,8.0,-0.0076063545,-0.12646982,0.0025433914
2807,3.0,3.4285715,8.0,-0.010227443,-0.13233644,0.004276719
2808,3.0,4.0,8.0,-0.022799056,-0.12491156,0.0064740465
2809,3.0,0.0,7.3846154,0.02397415,-0.12716208,-0.0042694323
2810,3.0,0.5714286,7.3846154,0.011068753,-0.12700139,-0.0030871325
2811,3.0,1.1428572,7.3846154,0.009477934,-0.12877208,-0.0016584028
2812,3.0,1.7142857,7.3846154,0.00058997207,-0.12662846,-0.00017966467
2813,3.0,2.2857144,7.3846154,0.0006065731,-0.13045949,0.0010190911
2814,3.0,2.857143,7.3846154,-0.008418361,-0.124662444,0.0025013236
2815,3.0,3.4285715,7.3846154,-0.010683003,-0.13142134,0.0035498787
2816,3.0,4.0,7.3846154,-0.023684941,-0.12278108,0.004328662
2817,3.0,0.0,6.769231,0.024076013,-0.12593901,-0.003671719
2818,3.0,0.5714286,6.769231,0.010862273,-0.12559836,-0.002449391
2819,3.0,1.1428572,6.769231,0.009700149,-0.12757419,-0.0012923758
2820,3.0,1.7142857,6.769231,0.00024888493,-0.12520236,-0.00020497889
2821,3.0,2.2857144,6.769231,0.0006426096,-0.12949117,0.0009750148
2822,3.0,2.857143,6.769231,-0.008894862,-0.12308323,0.0019254774
2823,3.0,3.4285715,6.769231,-0.010861081,-0.13069084,0.0030447617
2824,3.0,4.0,6.769231,-0.024177585,-0.12140525,0.004199352
2825,3.0,0.0,6.1538463,0.023963992,-0.12492904,-0.0026865697
2826,3.0,0.5714286,6.1538463,0.010843612,-0.1245672,-0.0019153135
2827,3.0,1.1428572,6.1538463,0.009634513,-0.1266293,-0.0010415928
2828,3.0,1.7142857,6.1538463,0.00026355652,-0.124241784,-0.00014789797
2829,3.0,2.2857144,6.1538463,0.0005499864,-0.12851095,0.00069081015
2830,3.0,2.857143,6.1538463,-0.00894777,-0.1222676,0.0015520649
2831,3.0,3.4285715,6.1538463,-0.010916958,-0.12961279,0.0022353074
2832,3.0,4.0,6.1538463,-0.024157008,-0.12051702,0.0028743565
2833,3.0,0.0,5.5384617,0.023791527,-0.12417634,-0.0020030683
2834,3.0,0.5714286,5.5384617,0.010819978,-0.123927295,-0.0014242203
2835,3.0,1.1428572,5.5384617,0.009564298,-0.12588733,-0.00079975306
2836,3.0,1.7142857,5.5384617,0.00026805582,-0.123617046,-0.00018634053
2837,3.0,2.2857144,5.5384617,0.0005015228,-0.12780242,0.00043630114
2838,3.0,2.857143,5.5384617,-0.008906477,-0.121623985,0.0010003438
2839,3.0,3.4285715,5.5384617,-0.0109806685,-0.12896457,0.0016190629
2840,3.0,4.0,5.5384617,-0.024083816,-0.11996903,0.0021662118
2841,3.0,0.0,4.923077,0.023710176,-0.12371988,-0.0012894436
2842,3.0,0.5714286,4.923077,0.010782682,-0.123477355,-0.0009663072
2843,3.0,1.1428572,4.923077,0.009505211,-0.12545767,-0.0006076165
2844,3.0,1.7142857,4.923077,0.00027345456,-0.12319945,-0.00023967912
2845,3.0,2.2857144,4.923077,0.00046702244,-0.12735265,0.00013470004
2846,3.0,2.857143,4.923077,-0.008890529,-0.121256985,0.000487685
2847,3.0,3.4285715,4.923077,-0.010970263,-0.12846148,0.0007574589
2848,3.0,4.0,4.923077,-0.024039796,-0.11957872,0.0010276294
2849,3.0,0.0,4.3076925,0.023648776,-0.12349222,-0.0006610405
2850,3.0,0.5714286,4.3076925,0.010754861,-0.123278834,-0.0005575737
2851,3.0,1.1428572,4.3076925,0.009475625,-0.12523724,-0.00043149447
2852,3.0,1.7142857,4.3076925,0.00026131995,-0.12300438,-0.00030476734
2853,3.0,2.2857144,4.3076925,0.00045467287,-0.12714125,-0.00019062273
2854,3.0,2.857143,4.3076925,-0.008883201,-0.12105539,-7.380296e-05
2855,3.0,3.4285715,4.3076925,-0.010984007,-0.12826857,8.814862e-05
2856,3.0,4.0,4.3076925,-0.024023227,-0.119399734,0.00020302396
2857,3.0,0.0,3.6923077,0.023636255,-0.123492494,-3.6893816e-05
2858,3.0,0.5714286,3.6923077,0.010742614,-0.12327883,-0.00013440789
2859,3.0,1.1428572,3.6923077,0.009463339,-0.1252373,-0.00026512262
2860,3.0,1.7142857,3.6923077,0.0002490228,-0.12300438,-0.00038740347
2861,3.0,2.2857144,3.6923077,0.00044239237,-0.12714133,-0.0005049078
2862,3.0,2.857143,3.6923077,-0.008895499,-0.1210554,-0.0006184512
2863,3.0,3.4285715,3.6923077,-0.010996275,-0.12826867,-0.00078296487
2864,3.0,4.0,3.6923077,-0.0240356,-0.1193998,-0.0008949465
2865,3.0,0.0,3.0769231,0.023673462,-0.12372002,0.0005952796
2866,3.0,0.5714286,3.0769231,0.010745944,-0.123477325,0.00027143396
2867,3.0,1.1428572,3.0769231,0.009468294,-0.12545788,-8.673368e-05
2868,3.0,1.7142857,3.0769231,0.000236636,-0.12319945,-0.00045430165
2869,3.0,2.2857144,3.0769231,0.0004301058,-0.12735286,-0.0008288015
2870,3.0,2.857143,3.0769231,-0.008927362,-0.12125712,-0.0011811596
2871,3.0,3.4285715,3.0769231,-0.0110071935,-0.1284616,-0.0014512178
2872,3.0,4.0,3.0769231,-0.024076652,-0.119578816,-0.0017206016
2873,3.0,0.0,2.4615386,0.023729842,-0.124176644,0.0013075509
2874,3.0,0.5714286,2.4615386,0.010758727,-0.12392727,0.0007297296
2875,3.0,1.1428572,2.4615386,0.009502683,-0.12588762,0.00010542246
2876,3.0,1.7142857,2.4615386,0.00020680945,-0.12361717,-0.0005078536
2877,3.0,2.2857144,2.4615386,0.0004398375,-0.12780257,-0.001130163
2878,3.0,2.857143,2.4615386,-0.008967706,-0.121624425,-0.001694142
2879,3.0,3.4285715,2.4615386,-0.0110423565,-0.1289645,-0.0023125086
2880,3.0,4.0,2.4615386,-0.024145221,-0.119969696,-0.0028594756
2881,3.0,0.0,1.8461539,0.023877904,-0.12492954,0.0019918894
2882,3.0,0.5714286,1.8461539,0.010757896,-0.124567114,0.0012208364
2883,3.0,1.1428572,1.8461539,0.009548284,-0.12662975,0.0003470102
2884,3.0,1.7142857,1.8461539,0.00017771755,-0.12424188,-0.0005460151
2885,3.0,2.2857144,1.8461539,0.00046373246,-0.12851125,-0.0013849904
2886,3.0,2.857143,1.8461539,-0.0090336455,-0.12226809,-0.002245634
2887,3.0,3.4285715,1.8461539,-0.011003245,-0.12961273,-0.002929036
2888,3.0,4.0,1.8461539,-0.024243,-0.120517656,-0.0035674246
2889,3.0,0.0,1.2307693,0.02396561,-0.12593977,0.0029764334
2890,3.0,0.5714286,1.2307693,0.010751489,-0.12559813,0.0017548668
2891,3.0,1.1428572,1.2307693,0.009589755,-0.12757495,0.00059802254
2892,3.0,1.7142857,1.2307693,0.00013807265,-0.12520221,-0.0004891905
2893,3.0,2.2857144,1.2307693,0.0005321048,-0.12949185,-0.001669009
2894,3.0,2.857143,1.2307693,-0.00900571,-0.123083286,-0.00261927
2895,3.0,3.4285715,1.2307693,-0.010971643,-0.13069141,-0.003738321
2896,3.0,4.0,1.2307693,-0.02428866,-0.12140547,-0.004892468
2897,3.0,0.0,0.61538464,0.023839375,-0.12716298,0.0035747215
2898,3.0,0.5714286,0.61538464,0.010933437,-0.12700105,0.0023926694
2899,3.0,1.1428572,0.61538464,0.009343023,-0.12877296,0.00096386595
2900,3.0,1.7142857,0.61538464,0.00045445116,-0.12662831,-0.00051432947
2901,3.0,2.2857144,0.61538464,0.0004716095,-0.1304602,-0.0017132843
2902,3.0,2.857143,0.61538464,-0.008554004,-0.12466258,-0.0031949817
2903,3.0,3.4285715,0.61538464,-0.010818062,-0.13142183,-0.0042436183
2904,3.0,4.0,0.61538464,-0.023820722,-0.12278124,-0.005021916
2905,3.0,0.0,0.0,0.02340795,-0.12890992,0.005085822
2906,3.0,0.5714286,0.0,0.010959845,-0.12868755,0.0028793048
2907,3.0,1.1428572,0.0,0.009175012,-0.13032469,0.00122093
2908,3.0,1.7142857,0.0,0.0008451832,-0.12836407,-0.00021533042
2909,3.0,2.2857144,0.0,0.00064632786,-0.13174975,-0.0021847682
2910,3.0,2.857143,0.0,-0.0077663716,-0.12647027,-0.0032372498
2911,3.0,3.4285715,0.0,-0.010387301,-0.13233654,-0.004970387
2912,3.0,4.0,0.0,-0.022959417,-0.12491225,-0.007167019
2913,3.6,0.0,8.0,0.022807144,-0.116329245,-0.0044680503
2914,3.6,0.5714286,8.0,0.016597738,-0.1177576,-0.0034511746
2915,3.6,1.1428572,8.0,0.0066942247,-0.117262706,-0.0020035477
2916,3.6,1.7142857,8.0,0.0046790373,-0.11903542,-0.00032525667
2917,3.6,2.2857144,8.0,-0.0033366343,-0.116118185,0.00065573346
2918,3.6,2.857143,8.0,-0.005665482,-0.11994555,0.0024071883
2919,3.6,3.4285715,8.0,-0.015657516,-0.114433415,0.0034947656
2920,3.6,4.0,8.0,-0.022607796,-0.1192243,0.0039606537
2921,3.6,0.0,7.3846154,0.022870071,-0.114932194,-0.0042759366
2922,3.6,0.5714286,7.3846154,0.016991913,-0.11629887,-0.0027965342
2923,3.6,1.1428572,7.3846154,0.0065854173,-0.11579059,-0.0015821018
2924,3.6,1.7142857,7.3846154,0.0047366438,-0.117785215,-0.0004757179
2925,3.6,2.2857144,7.3846154,-0.003818422,-0.11459292,0.00084366434
2926,3.6,2.857143,7.3846154,-0.0059037833,-0.1189441,0.0017711304
2927,3.6,3.4285715,7.3846154,-0.016455628,-0.112810984,0.0029881555
2928,3.6,4.0,7.3846154,-0.023116253,-0.11856765,0.0044707013
2929,3.6,0.0,6.769231,0.02262821,-0.113603085,-0.0031775176
2930,3.6,0.5714286,6.769231,0.017237725,-0.115210444,-0.0023105156
2931,3.6,1.1428572,6.769231,0.0063930773,-0.11456426,-0.0013276072
2932,3.6,1.7142857,6.769231,0.0048519326,-0.116822764,-0.00029986654
2933,3.6,2.2857144,6.769231,-0.0041652867,-0.11328262,0.0005748398
2934,3.6,2.857143,6.769231,-0.006013407,-0.118206985,0.0015917977
2935,3.6,3.4285715,6.769231,-0.016903179,-0.11143635,0.0023529069
2936,3.6,4.0,6.769231,-0.023124607,-0.11774888,0.0029636994
2937,3.6,0.0,6.1538463,0.022516249,-0.11270028,-0.0025900863
2938,3.6,0.5714286,6.1538463,0.017158737,-0.114365794,-0.0017976925
2939,3.6,1.1428572,6.1538463,0.0063941865,-0.113658085,-0.0010419341
2940,3.6,1.7142857,6.1538463,0.0047881547,-0.11597593,-0.0002956698
2941,3.6,2.2857144,6.1538463,-0.0042231474,-0.11248021,0.0004683968
2942,3.6,2.857143,6.1538463,-0.006099918,-0.11729855,0.0011284507
2943,3.6,3.4285715,6.1538463,-0.016998801,-0.110740736,0.001890926
2944,3.6,4.0,6.1538463,-0.023205794,-0.11695551,0.0026692753
2945,3.6,0.0,5.5384617,0.022433778,-0.11208476,-0.00184636
2946,3.6,0.5714286,5.5384617,0.01705377,-0.11366516,-0.0013493123
2947,3.6,1.1428572,5.5384617,0.0063803266,-0.113092706,-0.00081963633
2948,3.6,1.7142857,5.5384617,0.0047191232,-0.11531245,-0.00027947902
2949,3.6,2.2857144,5.5384617,-0.0042089303,-0.111911125,0.00024196575
2950,3.6,2.857143,5.5384617,-0.006176324,-0.11668155,0.00076726
2951,3.6,3.4285715,5.5384617,-0.016948793,-0.110148825,0.0011808145
2952,3.6,4.0,5.5384617,-0.023172185,-0.1162807,0.001569085
2953,3.6,0.0,4.923077,0.022350712,-0.111671336,-0.0012431671
2954,3.6,0.5714286,4.923077,0.01697,-0.11327011,-0.000939127
2955,3.6,1.1428572,4.923077,0.0063602836,-0.112687044,-0.0006260585
2956,3.6,1.7142857,4.923077,0.0046724947,-0.11490877,-0.0002957747
2957,3.6,2.2857144,4.923077,-0.0042105424,-0.11154398,9.486507e-06
2958,3.6,2.857143,4.923077,-0.006190353,-0.11624733,0.00030924167
2959,3.6,3.4285715,4.923077,-0.01693897,-0.109832816,0.000651289
2960,3.6,4.0,4.923077,-0.023173833,-0.115886666,0.0009660589
2961,3.6,0.0,4.3076925,0.02230527,-0.11147339,-0.0006495563
2962,3.6,0.5714286,4.3076925,0.016925905,-0.113055244,-0.00054613
2963,3.6,1.1428572,4.3076925,0.0063367556,-0.11250455,-0.00044116782
2964,3.6,1.7142857,4.3076925,0.0046475646,-0.11470592,-0.00034427867
2965,3.6,2.2857144,4.3076925,-0.0042156237,-0.11135952,-0.0002266894
2966,3.6,2.857143,4.3076925,-0.006207882,-0.116056584,-0.00012785869
2967,3.6,3.4285715,4.3076925,-0.016926464,-0.10963796,-8.317776e-05
2968,3.6,4.0,4.3076925,-0.023158917,-0.115679696,-2.7623904e-05
2969,3.6,0.0,3.6923077,0.022293206,-0.1114732,-6.7311674e-05
2970,3.6,0.5714286,3.6923077,0.016913636,-0.11305529,-0.00017443106
2971,3.6,1.1428572,3.6923077,0.006324464,-0.112504564,-0.00027545035
2972,3.6,1.7142857,3.6923077,0.0046352916,-0.11470597,-0.0003753697
2973,3.6,2.2857144,3.6923077,-0.0042279325,-0.11135953,-0.0004898259
2974,3.6,2.857143,3.6923077,-0.006220153,-0.11605665,-0.00059103605
2975,3.6,3.4285715,3.6923077,-0.016938796,-0.109637946,-0.0006330662
2976,3.6,4.0,3.6923077,-0.023171179,-0.11567973,-0.000690571
2977,3.6,0.0,3.0769231,0.0223138,-0.1116713,0.0005238216
2978,3.6,0.5714286,3.0769231,0.016933108,-0.11327037,0.00022053112
2979,3.6,1.1428572,3.0769231,0.0063234717,-0.11268698,-9.2185444e-05
2980,3.6,1.7142857,3.0769231,0.004635604,-0.114908986,-0.00042252615
2981,3.6,2.2857144,3.0769231,-0.0042474004,-0.111544,-0.0007271521
2982,3.6,2.857143,3.0769231,-0.0062272404,-0.11624748,-0.001027155
2983,3.6,3.4285715,3.0769231,-0.016975848,-0.10983292,-0.0013684322
2984,3.6,4.0,3.0769231,-0.023210801,-0.11588684,-0.0016833588
2985,3.6,0.0,2.4615386,0.022372685,-0.11208469,0.0011277676
2986,3.6,0.5714286,2.4615386,0.016992258,-0.11366549,0.00063062384
2987,3.6,1.1428572,2.4615386,0.006319042,-0.11309267,0.000101225116
2988,3.6,1.7142857,2.4615386,0.004657522,-0.11531269,-0.0004385745
2989,3.6,2.2857144,2.4615386,-0.004270229,-0.1119113,-0.0009599382
2990,3.6,2.857143,2.4615386,-0.006237961,-0.11668159,-0.0014848833
2991,3.6,3.4285715,2.4615386,-0.017010147,-0.1101492,-0.0018982873
2992,3.6,4.0,2.4615386,-0.023233872,-0.1162806,-0.0022861096
2993,3.6,0.0,1.8461539,0.022430396,-0.11270011,0.0018709252
2994,3.6,0.5714286,1.8461539,0.017072577,-0.11436636,0.0010789251
2995,3.6,1.1428572,1.8461539,0.006308325,-0.11365796,0.00032376673
2996,3.6,1.7142857,1.8461539,0.0047020027,-0.11597633,-0.00042266317
2997,3.6,2.2857144,1.8461539,-0.0043090982,-0.11248036,-0.0011861415
2998,3.6,2.857143,1.8461539,-0.0061860913,-0.11729868,-0.0018463106
2999,3.6,3.4285715,1.8461539,-0.017084824,-0.11074118,-0.0026081956
3000,3.6,4.0,1.8461539,-0.023292096,-0.116955556,-0.0033864381
3001,3.6,0.0,1.2307693,0.022517607,-0.11360267,0.0024588672
3002,3.6,0.5714286,1.2307693,0.017127447,-0.11521126,0.0015918298
3003,3.6,1.1428572,1.2307693,0.0062822592,-0.114563905,0.00060923456
3004,3.6,1.7142857,1.2307693,0.004741535,-0.11682351,-0.00041827507
3005,3.6,2.2857144,1.2307693,-0.0042761667,-0.11328245,-0.0012927757
3006,3.6,2.857143,1.2307693,-0.006123883,-0.11820756,-0.0023095272
3007,3.6,3.4285715,1.2307693,-0.01701416,-0.111436345,-0.0030703307
3008,3.6,4.0,1.2307693,-0.023235206,-0.11774934,-0.003680893
3009,3.6,0.0,0.61538464,0.022734689,-0.11493167,0.0035567335
3010,3.6,0.5714286,0.61538464,0.016857063,-0.116299905,0.0020778219
3011,3.6,1.1428572,0.61538464,0.0064499304,-0.115790136,0.000863891
3012,3.6,1.7142857,0.61538464,0.0046017934,-0.11778605,-0.00024259319
3013,3.6,2.2857144,0.61538464,-0.003954065,-0.11459274,-0.0015614695
3014,3.6,2.857143,0.61538464,-0.0060386993,-0.11894468,-0.0024890078
3015,3.6,3.4285715,0.61538464,-0.016591392,-0.112811044,-0.003705511
3016,3.6,4.0,0.61538464,-0.023251377,-0.11856819,-0.005187711
3017,3.6,0.0,0.0,0.022647401,-0.11632865,0.0037495517
3018,3.6,0.5714286,0.0,0.01643836,-0.11775872,0.002732433
3019,3.6,1.1428572,0.0,0.0065342183,-0.117262185,0.0012852254
3020,3.6,1.7142857,0.0,0.004519518,-0.11903627,-0.00039291463
3021,3.6,2.2857144,0.0,-0.0034967593,-0.11611812,-0.0013736971
3022,3.6,2.857143,0.0,-0.005825105,-0.11994593,-0.0031249719
3023,3.6,3.4285715,0.0,-0.015817823,-0.11443372,-0.004212188
3024,3.6,4.0,0.0,-0.02276752,-0.11922455,-0.004678073
3025,4.2,0.0,8.0,0.028205426,-0.10450813,-0.00461018
3026,4.2,0.5714286,8.0,0.0152630815,-0.10486483,-0.0029395614
3027,4.2,1.1428572,8.0,0.010369358,-0.10555821,-0.0016360199
3028,4.2,1.7142857,8.0,0.0019145171,-0.10454716,-0.00070840964
3029,4.2,2.2857144,8.0,-0.0011948068,-0.10664987,0.0008488093
3030,4.2,2.857143,8.0,-0.009641075,-0.10312033,0.0016151132
3031,4.2,3.4285715,8.0,-0.015033354,-0.10684362,0.0028570695
3032,4.2,4.0,8.0,-0.02767141,-0.10220279,0.0046500354
3033,4.2,0.0,7.3846154,0.028673587,-0.10312292,-0.003373261
3034,4.2,0.5714286,7.3846154,0.015458657,-0.10366197,-0.0025393933
3035,4.2,1.1428572,7.3846154,0.01063939,-0.10438584,-0.0015079918
3036,4.2,1.7142857,7.3846154,0.0017595415,-0.10327727,-0.00038527793
3037,4.2,2.2857144,7.3846154,-0.0012316912,-0.10567683,0.0004462102
3038,4.2,2.857143,7.3846154,-0.010153577,-0.101798475,0.001583896
3039,4.2,3.4285715,7.3846154,-0.0153953405,-0.10607452,0.0023790551
3040,4.2,4.0,7.3846154,-0.028256569,-0.100762144,0.0028577456
3041,4.2,0.0,6.769231,0.028813388,-0.102252916,-0.0029810532
3042,4.2,0.5714286,6.769231,0.015355565,-0.102597624,-0.0020443765
3043,4.2,1.1428572,6.769231,0.010852034,-0.10348102,-0.0011883691
3044,4.2,1.7142857,6.769231,0.0015581141,-0.102200985,-0.00041024346
3045,4.2,2.2857144,6.769231,-0.0012319379,-0.104949236,0.00047544533
3046,4.2,2.857143,6.769231,-0.01050435,-0.10064443,0.0011427343
3047,4.2,3.4285715,6.769231,-0.015534762,-0.105469085,0.0019973526
3048,4.2,4.0,6.769231,-0.028624304,-0.09973843,0.0029657492
3049,4.2,0.0,6.1538463,0.028668422,-0.10146072,-0.0022223187
3050,4.2,0.5714286,6.1538463,0.015325765,-0.10177338,-0.0016213689
3051,4.2,1.1428572,6.1538463,0.0108065605,-0.102767624,-0.00097572565
3052,4.2,1.7142857,6.1538463,0.001517331,-0.10145182,-0.00031869384
3053,4.2,2.2857144,6.1538463,-0.0013055388,-0.10420167,0.0002706307
3054,4.2,2.857143,6.1538463,-0.010621002,-0.09999481,0.0009299388
3055,4.2,3.4285715,6.1538463,-0.015615242,-0.1046931,0.0014163123
3056,4.2,4.0,6.1538463,-0.028595924,-0.09904056,0.0018412551
3057,4.2,0.0,5.5384617,0.028494485,-0.10085508,-0.001680136
3058,4.2,0.5714286,5.5384617,0.015270796,-0.101285584,-0.0012315073
3059,4.2,1.1428572,5.5384617,0.010721076,-0.102157965,-0.00077163044
3060,4.2,1.7142857,5.5384617,0.0015150271,-0.100960135,-0.0003196348
3061,4.2,2.2857144,5.5384617,-0.0013907369,-0.10363555,0.00013298776
3062,4.2,2.857143,5.5384617,-0.0106020095,-0.09949151,0.00053375465
3063,4.2,3.4285715,5.5384617,-0.015677603,-0.10416603,0.0010158243
3064,4.2,4.0,5.5384617,-0.028562162,-0.09860224,0.0014934903
3065,4.2,0.0,4.923077,0.028367506,-0.100477256,-0.0011380542
3066,4.2,0.5714286,4.923077,0.015222177,-0.10090377,-0.00086891535
3067,4.2,1.1428572,4.923077,0.010658572,-0.10180874,-0.00059750036
3068,4.2,1.7142857,4.923077,0.001494405,-0.10061525,-0.00033260183
3069,4.2,2.2857144,4.923077,-0.0014213201,-0.103267744,-6.325384e-05
3070,4.2,2.857143,4.923077,-0.010612477,-0.0991856,0.00020425489
3071,4.2,3.4285715,4.923077,-0.015681235,-0.10377326,0.00038985087
3072,4.2,4.0,4.923077,-0.028488506,-0.09827574,0.000572637
3073,4.2,0.0,4.3076925,0.028302887,-0.100287594,-0.0006142669
3074,4.2,0.5714286,4.3076925,0.015182679,-0.10074205,-0.0005400114
3075,4.2,1.1428572,4.3076925,0.010622093,-0.10161992,-0.00044878523
3076,4.2,1.7142857,4.3076925,0.0014793525,-0.10045177,-0.00035076807
3077,4.2,2.2857144,4.3076925,-0.0014469421,-0.10308991,-0.00027037555
3078,4.2,2.857143,4.3076925,-0.010610724,-0.09901747,-0.00018947718
3079,4.2,3.4285715,4.3076925,-0.015692847,-0.10360889,-5.2125768e-05
3080,4.2,4.0,4.3076925,-0.028482134,-0.09812666,6.7645116e-05
3081,4.2,0.0,3.6923077,0.028290452,-0.10028779,-0.00013032746
3082,4.2,0.5714286,3.6923077,0.015170381,-0.100742035,-0.00020121894
3083,4.2,1.1428572,3.6923077,0.010609833,-0.10161997,-0.00029491066
3084,4.2,1.7142857,3.6923077,0.0014670404,-0.10045176,-0.00039011528
3085,4.2,2.2857144,3.6923077,-0.0014592076,-0.10308996,-0.00047259848
3086,4.2,2.857143,3.6923077,-0.010623045,-0.09901747,-0.0005510853
3087,4.2,3.4285715,3.6923077,-0.015705112,-0.10360896,-0.0006901483
3088,4.2,4.0,3.6923077,-0.028494481,-0.09812668,-0.00080760184
3089,4.2,0.0,3.0769231,0.028330835,-0.10047749,0.00039514186
3090,4.2,0.5714286,3.0769231,0.015185378,-0.100903586,0.00012631275
3091,4.2,1.1428572,3.0769231,0.010621714,-0.101808995,-0.00014502743
3092,4.2,1.7142857,3.0769231,0.0014575334,-0.100615166,-0.00040930155
3093,4.2,2.2857144,3.0769231,-0.0014581818,-0.103267916,-0.0006788338
3094,4.2,2.857143,3.0769231,-0.010649382,-0.09918561,-0.000945619
3095,4.2,3.4285715,3.0769231,-0.015718129,-0.103773355,-0.0011313924
3096,4.2,4.0,3.0769231,-0.028525468,-0.098275736,-0.0013133386
3097,4.2,0.0,2.4615386,0.028432894,-0.10085544,0.00093681936
3098,4.2,0.5714286,2.4615386,0.01520947,-0.10128545,0.000488847
3099,4.2,1.1428572,2.4615386,0.010659563,-0.102158286,2.931075e-05
3100,4.2,1.7142857,2.4615386,0.00145368,-0.100960106,-0.00042254108
3101,4.2,2.2857144,2.4615386,-0.0014523066,-0.10363569,-0.00087479997
3102,4.2,2.857143,2.4615386,-0.0106633855,-0.099491686,-0.0012754161
3103,4.2,3.4285715,2.4615386,-0.015739216,-0.10416602,-0.0017570746
3104,4.2,4.0,2.4615386,-0.028623654,-0.0986025,-0.002234441
3105,4.2,0.0,1.8461539,0.028582538,-0.10146128,0.0014793861
3106,4.2,0.5714286,1.8461539,0.015239898,-0.10177303,0.0008788077
3107,4.2,1.1428572,1.8461539,0.010720505,-0.10276816,0.00023319083
3108,4.2,1.7142857,1.8461539,0.0014313314,-0.10145169,-0.000423272
3109,4.2,2.2857144,1.8461539,-0.0013916172,-0.10420195,-0.0010126493
3110,4.2,2.857143,1.8461539,-0.010707079,-0.099994965,-0.0016714369
3111,4.2,3.4285715,1.8461539,-0.015701389,-0.10469314,-0.0021577454
3112,4.2,4.0,1.8461539,-0.028682144,-0.099040754,-0.0025821198
3113,4.2,0.0,1.2307693,0.028703071,-0.102253854,0.0022376918
3114,4.2,0.5714286,1.2307693,0.015244731,-0.10259704,0.0013017391
3115,4.2,1.1428572,1.2307693,0.010741736,-0.10348187,0.00044600244
3116,4.2,1.7142857,1.2307693,0.0014472201,-0.102200575,-0.00033188704
3117,4.2,2.2857144,1.2307693,-0.0013423252,-0.10494986,-0.0012173392
3118,4.2,2.857143,1.2307693,-0.010615317,-0.10064425,-0.0018843604
3119,4.2,3.4285715,1.2307693,-0.015645249,-0.10546955,-0.0027387005
3120,4.2,4.0,1.2307693,-0.028735442,-0.09973833,-0.0037065514
3121,4.2,0.0,0.61538464,0.028538994,-0.103124015,0.002630413
3122,4.2,0.5714286,0.61538464,0.015323215,-0.103661165,0.0017967939
3123,4.2,1.1428572,0.61538464,0.010504635,-0.10438687,0.0007654921
3124,4.2,1.7142857,0.61538464,0.0016239022,-0.10327676,-0.00035672
3125,4.2,2.2857144,0.61538464,-0.0013664946,-0.10567754,-0.001188232
3126,4.2,2.857143,0.61538464,-0.010289342,-0.10179828,-0.0023254417
3127,4.2,3.4285715,0.61538464,-0.015530266,-0.106074974,-0.0031204724
3128,4.2,4.0,0.61538464,-0.028392507,-0.10076201,-0.003598779
3129,4.2,0.0,0.0,0.028046133,-0.10450947,0.0038666436
3130,4.2,0.5714286,0.0,0.01510296,-0.104863875,0.0021970542
3131,4.2,1.1428572,0.0,0.010210067,-0.10555941,0.0008936208
3132,4.2,1.7142857,0.0,0.0017542869,-0.10454658,-3.3706026e-05
3133,4.2,2.2857144,0.0,-0.0013542011,-0.10665055,-0.0015907265
3134,4.2,2.857143,0.0,-0.009801432,-0.10312025,-0.002356761
3135,4.2,3.4285715,0.0,-0.01519285,-0.10684394,-0.0035985145
3136,4.2,4.0,0.0,-0.027832024,-0.10220283,-0.0053906995
3137,4.8,0.0,8.0,0.027878055,-0.09129478,-0.0032233219
3138,4.8,0.5714286,8.0,0.018830908,-0.091341704,-0.0024942106
3139,4.8,1.1428572,8.0,0.008844204,-0.09196534,-0.0015629136
3140,4.8,1.7142857,8.0,0.0040271645,-0.092556104,-0.00028057687
3141,4.8,2.2857144,8.0,-0.0038167904,-0.09091626,0.0003655491
3142,4.8,2.857143,8.0,-0.008847394,-0.093285784,0.0015798308
3143,4.8,3.4285715,8.0,-0.018597761,-0.08970614,0.0023925835
3144,4.8,4.0,8.0,-0.02805753,-0.092746474,0.0025788534
3145,4.8,0.0,7.3846154,0.028203562,-0.09041869,-0.0031355775
3146,4.8,0.5714286,7.3846154,0.01930783,-0.09023636,-0.0020764256
3147,4.8,1.1428572,7.3846154,0.008986495,-0.09094632,-0.0011912524
3148,4.8,1.7142857,7.3846154,0.004222044,-0.09165753,-0.0004354054
3149,4.8,2.2857144,7.3846154,-0.0040460196,-0.0898592,0.0005093839
3150,4.8,2.857143,7.3846154,-0.008980575,-0.092565864,0.0011384586
3151,4.8,3.4285715,7.3846154,-0.019133044,-0.08862531,0.0019850375
3152,4.8,4.0,7.3846154,-0.028469628,-0.09219433,0.003112528
3153,4.8,0.0,6.769231,0.02805123,-0.08941007,-0.002348364
3154,4.8,0.5714286,6.769231,0.019570706,-0.089440726,-0.0017093202
3155,4.8,1.1428572,6.769231,0.008933271,-0.0900833,-0.0010155087
3156,4.8,1.7142857,6.769231,0.0043156343,-0.09097967,-0.00029701876
3157,4.8,2.2857144,6.769231,-0.0042495737,-0.08893242,0.00029540283
3158,4.8,2.857143,6.769231,-0.009085759,-0.09203533,0.0010200382
3159,4.8,3.4285715,6.769231,-0.019467682,-0.0876819,0.0015373529
3160,4.8,4.0,6.769231,-0.028434344,-0.09162537,0.0018930336
3161,4.8,0.0,6.1538463,0.02794302,-0.08875706,-0.0019078003
3162,4.8,0.5714286,6.1538463,0.019490803,-0.08885986,-0.0013534616
3163,4.8,1.1428572,6.1538463,0.008898166,-0.08940503,-0.00081925996
3164,4.8,1.7142857,6.1538463,0.004279173,-0.09037642,-0.0003029398
3165,4.8,2.2857144,6.1538463,-0.0043542497,-0.08834626,0.00023399352
3166,4.8,2.857143,6.1538463,-0.009164337,-0.09140407,0.00066751137
3167,4.8,3.4285715,6.1538463,-0.019565143,-0.087153465,0.0012250755
3168,4.8,4.0,6.1538463,-0.028500825,-0.09106517,0.001836445
3169,4.8,0.0,5.5384617,0.027793117,-0.088307254,-0.0014276517
3170,4.8,0.5714286,5.5384617,0.019383008,-0.08830993,-0.0010474246
3171,4.8,1.1428572,5.5384617,0.008874295,-0.08900183,-0.0006659833
3172,4.8,1.7142857,5.5384617,0.0041858936,-0.089876674,-0.00029844223
3173,4.8,2.2857144,5.5384617,-0.0043529286,-0.08793056,5.762989e-05
3174,4.8,2.857143,5.5384617,-0.009255564,-0.090939626,0.00043128108
3175,4.8,3.4285715,5.5384617,-0.0195502,-0.08673252,0.00070329814
3176,4.8,4.0,5.5384617,-0.028453538,-0.09057449,0.00094215194
3177,4.8,0.0,4.923077,0.027709236,-0.08799374,-0.0009847084
3178,4.8,0.5714286,4.923077,0.01928726,-0.08802041,-0.0007708509
3179,4.8,1.1428572,4.923077,0.008833749,-0.08868769,-0.00055010075
3180,4.8,1.7142857,4.923077,0.0041447473,-0.089570604,-0.00031898392
3181,4.8,2.2857144,4.923077,-0.0043798788,-0.08765124,-0.0001071419
3182,4.8,2.857143,4.923077,-0.009274572,-0.09061454,8.940771e-05
3183,4.8,3.4285715,4.923077,-0.019543964,-0.08648135,0.00035170754
3184,4.8,4.0,4.923077,-0.028460095,-0.090279624,0.0006182112
3185,4.8,0.0,4.3076925,0.027638206,-0.08784191,-0.00059596146
3186,4.8,0.5714286,4.3076925,0.019240286,-0.087848246,-0.00050777
3187,4.8,1.1428572,4.3076925,0.008807115,-0.08854892,-0.00043033692
3188,4.8,1.7142857,4.3076925,0.0041099126,-0.089412265,-0.00036715576
3189,4.8,2.2857144,4.3076925,-0.0043884697,-0.0875089,-0.00028664127
3190,4.8,2.857143,4.3076925,-0.009298121,-0.09046524,-0.0002113097
3191,4.8,3.4285715,4.3076925,-0.01954048,-0.086334996,-0.000197144
3192,4.8,4.0,4.3076925,-0.02843661,-0.09012162,-0.00018489832
3193,4.8,0.0,3.6923077,0.027626092,-0.087841764,-0.00017000875
3194,4.8,0.5714286,3.6923077,0.019228049,-0.087848306,-0.0002600346
3195,4.8,1.1428572,3.6923077,0.008794797,-0.08854889,-0.00033501518
3196,4.8,1.7142857,3.6923077,0.0040976587,-0.08941232,-0.00039990232
3197,4.8,2.2857144,3.6923077,-0.0044007977,-0.08750889,-0.00047827503
3198,4.8,2.857143,3.6923077,-0.009310382,-0.090465285,-0.00055506703
3199,4.8,3.4285715,3.6923077,-0.019552827,-0.08633497,-0.0005672313
3200,4.8,4.0,3.6923077,-0.028448902,-0.090121634,-0.0005806821
3201,4.8,0.0,3.0769231,0.027672261,-0.087993525,0.00021756376
3202,4.8,0.5714286,3.0769231,0.019250425,-0.088020764,4.0142145e-06
3203,4.8,1.1428572,3.0769231,0.008796881,-0.08868748,-0.00021610531
3204,4.8,1.7142857,3.0769231,0.0041079093,-0.08957083,-0.0004473135
3205,4.8,2.2857144,3.0769231,-0.004416796,-0.087651156,-0.0006584659
3206,4.8,2.857143,3.0769231,-0.009311422,-0.09061466,-0.00085515616
3207,4.8,3.4285715,3.0769231,-0.019580921,-0.08648135,-0.0011166792
3208,4.8,4.0,3.0769231,-0.028496988,-0.09027974,-0.0013831832
3209,4.8,0.0,2.4615386,0.027731972,-0.08830697,0.0006606852
3210,4.8,0.5714286,2.4615386,0.019321585,-0.08831028,0.00028071532
3211,4.8,1.1428572,2.4615386,0.00881291,-0.08900162,-0.00010044989
3212,4.8,1.7142857,2.4615386,0.0041243974,-0.08987693,-0.00046760336
3213,4.8,2.2857144,2.4615386,-0.0044143475,-0.087930545,-0.0008235073
3214,4.8,2.857143,2.4615386,-0.0093171075,-0.090939686,-0.0011967699
3215,4.8,3.4285715,2.4615386,-0.01961169,-0.08673265,-0.0014685466
3216,4.8,4.0,2.4615386,-0.028515179,-0.09057446,-0.0017069036
3217,4.8,0.0,1.8461539,0.027856993,-0.08875658,0.0011405735
3218,4.8,0.5714286,1.8461539,0.019404825,-0.08886057,0.0005866467
3219,4.8,1.1428572,1.8461539,0.008812144,-0.08940461,5.3000917e-05
3220,4.8,1.7142857,1.8461539,0.0041931807,-0.09037687,-0.00046328167
3221,4.8,2.2857144,1.8461539,-0.0044403677,-0.08834614,-0.0009997224
3222,4.8,2.857143,1.8461539,-0.009250372,-0.09140423,-0.0014331498
3223,4.8,3.4285715,1.8461539,-0.01965136,-0.08715357,-0.0019901923
3224,4.8,4.0,1.8461539,-0.028586965,-0.09106526,-0.0026012517
3225,4.8,0.0,1.2307693,0.027940597,-0.089409165,0.0015814572
3226,4.8,0.5714286,1.2307693,0.019460505,-0.08944172,0.00094258745
3227,4.8,1.1428572,1.2307693,0.008822369,-0.0900826,0.0002491134
3228,4.8,1.7142857,1.2307693,0.004205333,-0.09098044,-0.00046908096
3229,4.8,2.2857144,1.2307693,-0.004360552,-0.08893201,-0.0010612434
3230,4.8,2.857143,1.2307693,-0.009196148,-0.092035815,-0.0017855988
3231,4.8,3.4285715,1.2307693,-0.019578775,-0.08768168,-0.0023025519
3232,4.8,4.0,1.2307693,-0.028544901,-0.091625735,-0.002657926
3233,4.8,0.0,0.61538464,0.02806803,-0.09041765,0.002368233
3234,4.8,0.5714286,0.61538464,0.019173129,-0.09023766,0.0013096663
3235,4.8,1.1428572,0.61538464,0.008850882,-0.09094539,0.00042498115
3236,4.8,1.7142857,0.61538464,0.0040873257,-0.091658466,-0.00033080098
3237,4.8,2.2857144,0.61538464,-0.00418178,-0.08985869,-0.0012751383
3238,4.8,2.857143,0.61538464,-0.009115369,-0.09256641,-0.0019041022
3239,4.8,3.4285715,0.61538464,-0.01926894,-0.08862509,-0.002750222
3240,4.8,4.0,0.61538464,-0.0286046,-0.09219476,-0.0038772107
3241,4.8,0.0,0.0,0.027718049,-0.09129329,0.0024566872
3242,4.8,0.5714286,0.0,0.018671826,-0.0913433,0.0017273905
3243,4.8,1.1428572,0.0,0.008683874,-0.09196417,0.0007965872
3244,4.8,1.7142857,0.0,0.0038679773,-0.09255718,-0.00048552937
3245,4.8,2.2857144,0.0,-0.0039772396,-0.09091572,-0.0011313935
3246,4.8,2.857143,0.0,-0.009006674,-0.09328626,-0.002345427
3247,4.8,3.4285715,0.0,-0.018758366,-0.089705996,-0.0031577693
3248,4.8,4.0,0.0,-0.028216971,-0.0927468,-0.0033439323
3249,5.4,0.0,8.0,0.031234877,-0.07656899,-0.0029837517
3250,5.4,0.5714286,8.0,0.01827804,-0.07857265,-0.001904363
3251,5.4,1.1428572,8.0,0.010797077,-0.077649646,-0.0008999727
3252,5.4,1.7142857,8.0,0.0025893752,-0.0779238,-0.00035308782
3253,5.4,2.2857144,8.0,-0.0029838176,-0.078894414,0.00064607925
3254,5.4,2.857143,8.0,-0.011206397,-0.07675981,0.001176818
3255,5.4,3.4285715,8.0,-0.01876052,-0.07917128,0.0018718336
3256,5.4,4.0,8.0,-0.031121705,-0.07611475,0.0031397229
3257,5.4,0.0,7.3846154,0.031770434,-0.07541356,-0.0021681595
3258,5.4,0.5714286,7.3846154,0.018746769,-0.07782892,-0.0015424193
3259,5.4,1.1428572,7.3846154,0.011212408,-0.07684304,-0.0008808742
3260,5.4,1.7142857,7.3846154,0.002667186,-0.07711629,-0.00015070298
3261,5.4,2.2857144,7.3846154,-0.0028978717,-0.078262754,0.00038005708
3262,5.4,2.857143,7.3846154,-0.011481682,-0.07594225,0.0010938213
3263,5.4,3.4285715,7.3846154,-0.019054016,-0.078684136,0.0015868951
3264,5.4,4.0,7.3846154,-0.031513903,-0.07527296,0.0017815431
3265,5.4,0.0,6.769231,0.03196973,-0.07486518,-0.0018331243
3266,5.4,0.5714286,6.769231,0.018743876,-0.07715768,-0.0012588366
3267,5.4,1.1428572,6.769231,0.011398276,-0.07623186,-0.00069775805
3268,5.4,1.7142857,6.769231,0.0026018424,-0.076407194,-0.00018644358
3269,5.4,2.2857144,6.769231,-0.0029126299,-0.077809855,0.00036932752
3270,5.4,2.857143,6.769231,-0.011720296,-0.075201236,0.0007703602
3271,5.4,3.4285715,6.769231,-0.019169286,-0.0783071,0.0013166324
3272,5.4,4.0,6.769231,-0.031748626,-0.074605264,0.0020039652
3273,5.4,0.0,6.1538463,0.03175329,-0.07433453,-0.001452279
3274,5.4,0.5714286,6.1538463,0.018692464,-0.076562814,-0.0010114454
3275,5.4,1.1428572,6.1538463,0.011373949,-0.07577842,-0.00058704306
3276,5.4,1.7142857,6.1538463,0.0025141987,-0.07590372,-0.00017554643
3277,5.4,2.2857144,6.1538463,-0.002970171,-0.07732263,0.0001847424
3278,5.4,2.857143,6.1538463,-0.011850072,-0.07475555,0.00061030395
3279,5.4,3.4285715,6.1538463,-0.019239822,-0.077815264,0.0008930628
3280,5.4,4.0,6.1538463,-0.03171782,-0.074143104,0.001121556
3281,5.4,0.0,5.5384617,0.03161468,-0.07390489,-0.0010962744
3282,5.4,0.5714286,5.5384617,0.018608125,-0.076259695,-0.0008096264
3283,5.4,1.1428572,5.5384617,0.011267514,-0.07534635,-0.00051721855
3284,5.4,1.7142857,5.5384617,0.0025078494,-0.07557533,-0.00022487614
3285,5.4,2.2857144,5.5384617,-0.0030687172,-0.07692626,5.662796e-05
3286,5.4,2.857143,5.5384617,-0.0118527105,-0.074418426,0.0002959059
3287,5.4,3.4285715,5.5384617,-0.019296832,-0.07743859,0.0006258892
3288,5.4,4.0,5.5384617,-0.031703897,-0.0738427,0.0009916655
3289,5.4,0.0,4.923077,0.031443328,-0.07364516,-0.0008294838
3290,5.4,0.5714286,4.923077,0.018550908,-0.07598032,-0.0006314579
3291,5.4,1.1428572,4.923077,0.011214373,-0.07510436,-0.0004533571
3292,5.4,1.7142857,4.923077,0.0024627182,-0.075330876,-0.00028837574
3293,5.4,2.2857144,4.923077,-0.0030997803,-0.076664075,-0.00012383361
3294,5.4,2.857143,4.923077,-0.011878205,-0.07419709,5.3768013e-05
3295,5.4,3.4285715,4.923077,-0.019308524,-0.07716714,0.00015198227
3296,5.4,4.0,4.923077,-0.031635735,-0.07361246,0.00024453795
3297,5.4,0.0,4.3076925,0.031389073,-0.07350571,-0.00051934086
3298,5.4,0.5714286,4.3076925,0.018501712,-0.07586762,-0.00047510804
3299,5.4,1.1428572,4.3076925,0.011168369,-0.074965596,-0.00041802487
3300,5.4,1.7142857,4.3076925,0.0024464566,-0.07521336,-0.00035424848
3301,5.4,2.2857144,4.3076925,-0.003132045,-0.07653377,-0.00030305135
3302,5.4,2.857143,4.3076925,-0.011882754,-0.07407641,-0.0002600485
3303,5.4,3.4285715,4.3076925,-0.019319382,-0.07704327,-0.00015045267
3304,5.4,4.0,4.3076925,-0.03163477,-0.073504366,-3.539091e-05
3305,5.4,0.0,3.6923077,0.031376638,-0.073505856,-0.00027275106
3306,5.4,0.5714286,3.6923077,0.018489394,-0.075867586,-0.00031481503
3307,5.4,1.1428572,3.6923077,0.011156127,-0.074965656,-0.0003731755
3308,5.4,1.7142857,3.6923077,0.0024341273,-0.07521331,-0.00043507406
3309,5.4,2.2857144,3.6923077,-0.0031443015,-0.07653382,-0.00048744946
3310,5.4,2.857143,3.6923077,-0.01189509,-0.07407638,-0.0005287113
3311,5.4,3.4285715,3.6923077,-0.01933165,-0.07704331,-0.0006392974
3312,5.4,4.0,3.6923077,-0.0316471,-0.073504366,-0.00075257395
3313,5.4,0.0,3.0769231,0.03140673,-0.07364553,3.8220187e-05
3314,5.4,0.5714286,3.0769231,0.018514045,-0.07597992,-0.00015915987
3315,5.4,1.1428572,3.0769231,0.011177559,-0.07510468,-0.00033721712
3316,5.4,1.7142857,3.0769231,0.002425794,-0.07533067,-0.0005015211
3317,5.4,2.2857144,3.0769231,-0.0031366046,-0.07666423,-0.00066614087
3318,5.4,2.857143,3.0769231,-0.011915169,-0.07419701,-0.0008430251
3319,5.4,3.4285715,3.0769231,-0.019345388,-0.0771672,-0.0009412629
3320,5.4,4.0,3.0769231,-0.031672787,-0.0736124,-0.0010329947
3321,5.4,0.0,2.4615386,0.03155312,-0.07390535,0.000304966
3322,5.4,0.5714286,2.4615386,0.018546732,-0.07625936,1.884949e-05
3323,5.4,1.1428572,2.4615386,0.011206083,-0.07534669,-0.0002731362
3324,5.4,1.7142857,2.4615386,0.002446402,-0.07557511,-0.0005652581
3325,5.4,2.2857144,2.4615386,-0.0031302057,-0.07692641,-0.0008463671
3326,5.4,2.857143,2.4615386,-0.011914199,-0.07441841,-0.0010854084
3327,5.4,3.4285715,2.4615386,-0.019358383,-0.07743859,-0.00141493
3328,5.4,4.0,2.4615386,-0.031765465,-0.07384275,-0.0017803197
3329,5.4,0.0,1.8461539,0.031667586,-0.07433529,0.0006611234
3330,5.4,0.5714286,1.8461539,0.018606447,-0.07656205,0.00022077601
3331,5.4,1.1428572,1.8461539,0.011288027,-0.07577909,-0.00020344925
3332,5.4,1.7142857,1.8461539,0.002428055,-0.075903304,-0.00061445707
3333,5.4,2.2857144,1.8461539,-0.0030561294,-0.07732294,-0.00097460573
3334,5.4,2.857143,1.8461539,-0.0119362995,-0.07475544,-0.0013997029
3335,5.4,3.4285715,1.8461539,-0.019325867,-0.07781531,-0.0016822192
3336,5.4,4.0,1.8461539,-0.03180421,-0.07414308,-0.0019101852
3337,5.4,0.0,1.2307693,0.0318594,-0.07486647,0.0010417625
3338,5.4,0.5714286,1.2307693,0.018632991,-0.07715665,0.000468092
3339,5.4,1.1428572,1.2307693,0.011288048,-0.07623284,-9.262533e-05
3340,5.4,1.7142857,1.2307693,0.0024908604,-0.07640649,-0.0006036455
3341,5.4,2.2857144,1.2307693,-0.0030229494,-0.07781045,-0.0011591223
3342,5.4,2.857143,1.2307693,-0.0118313525,-0.07520084,-0.0015598278
3343,5.4,3.4285715,1.2307693,-0.019279728,-0.078307435,-0.0021057487
3344,5.4,4.0,1.2307693,-0.03185982,-0.07460501,-0.0027925102
3345,5.4,0.0,0.61538464,0.03163595,-0.07541499,0.0013771409
3346,5.4,0.5714286,0.61538464,0.018611217,-0.07782752,0.0007517354
3347,5.4,1.1428572,0.61538464,0.011077742,-0.07684433,9.04182e-05
3348,5.4,1.7142857,0.61538464,0.0025314484,-0.07711536,-0.0006393162
3349,5.4,2.2857144,0.61538464,-0.003032598,-0.07826349,-0.0011699032
3350,5.4,2.857143,0.61538464,-0.011617534,-0.075941764,-0.0018832593
3351,5.4,3.4285715,0.61538464,-0.01918887,-0.07868449,-0.0023760288
3352,5.4,4.0,0.61538464,-0.03164996,-0.07527266,-0.0025703027
3353,5.4,0.0,0.0,0.031075763,-0.076571204,0.0021921268
3354,5.4,0.5714286,0.0,0.018117644,-0.07857077,0.0011137864
3355,5.4,1.1428572,0.0,0.01063807,-0.07765129,0.00010958436
3356,5.4,1.7142857,0.0,0.002428836,-0.07792265,-0.00043696974
3357,5.4,2.2857144,0.0,-0.0031429282,-0.07889522,-0.0014358759
3358,5.4,2.857143,0.0,-0.011367023,-0.07675932,-0.0019662862
3359,5.4,3.4285715,0.0,-0.018919747,-0.07917157,-0.0026610233
3360,5.4,4.0,0.0,-0.031282514,-0.07611449,-0.0039281603
3361,6.0,0.0,8.0,0.031275406,-0.06438309,-0.0016316364
3362,6.0,0.5714286,8.0,0.020025685,-0.061853945,-0.000954269
3363,6.0,1.1428572,8.0,0.01024837,-0.06432941,-0.00055701187
3364,6.0,1.7142857,8.0,0.0034040536,-0.063706905,0.00020362488
3365,6.0,2.2857144,8.0,-0.004327648,-0.06327896,0.00062807015
3366,6.0,2.857143,8.0,-0.011259493,-0.064702936,0.0011625425
3367,6.0,3.4285715,8.0,-0.020765854,-0.062411007,0.0016344435
3368,6.0,4.0,8.0,-0.031701375,-0.06474076,0.001463167
3369,6.0,0.0,7.3846154,0.031984884,-0.0640773,-0.0013915695
3370,6.0,0.5714286,7.3846154,0.020657098,-0.061087683,-0.0008978281
3371,6.0,1.1428572,7.3846154,0.010623212,-0.06376572,-0.00034167717
3372,6.0,1.7142857,7.3846154,0.003769541,-0.06318259,0.000113148126
3373,6.0,2.2857144,7.3846154,-0.0043369033,-0.06272339,0.0005927273
3374,6.0,2.857143,7.3846154,-0.0112941405,-0.064354956,0.0009058846
3375,6.0,3.4285715,7.3846154,-0.02112345,-0.061871354,0.0013135637
3376,6.0,4.0,7.3846154,-0.032035515,-0.06448841,0.0020020192
3377,6.0,0.0,6.769231,0.031794563,-0.063449405,-0.001160156
3378,6.0,0.5714286,6.769231,0.020901479,-0.060560428,-0.0006827961
3379,6.0,1.1428572,6.769231,0.010684646,-0.06328327,-0.00027443506
3380,6.0,1.7142857,6.769231,0.0038055356,-0.06283449,9.114867e-05
3381,6.0,2.2857144,6.769231,-0.004461799,-0.06219171,0.00039676166
3382,6.0,2.857143,6.769231,-0.011400637,-0.06408267,0.0007651975
3383,6.0,3.4285715,6.769231,-0.021367585,-0.06133116,0.0010101757
3384,6.0,4.0,6.769231,-0.03197924,-0.0642203,0.001123331
3385,6.0,0.0,6.1538463,0.03173505,-0.06304366,-0.00085108896
3386,6.0,0.5714286,6.1538463,0.02079683,-0.06027199,-0.00057789363
3387,6.0,1.1428572,6.1538463,0.010574837,-0.062878214,-0.00028496105
3388,6.0,1.7142857,6.1538463,0.0037817636,-0.062485363,-6.9704565e-06
3389,6.0,2.2857144,6.1538463,-0.004583763,-0.061831675,0.00027010473
3390,6.0,2.857143,6.1538463,-0.011469976,-0.063715585,0.00047338728
3391,6.0,3.4285715,6.1538463,-0.021457097,-0.060994606,0.0007979017
3392,6.0,4.0,6.1538463,-0.03203524,-0.06389062,0.0012098834
3393,6.0,0.0,5.5384617,0.031476516,-0.06279606,-0.000762729
3394,6.0,0.5714286,5.5384617,0.020686721,-0.05991048,-0.00051407586
3395,6.0,1.1428572,5.5384617,0.01056449,-0.062638715,-0.00029981125
3396,6.0,1.7142857,5.5384617,0.0036764343,-0.06215972,-0.00011070713
3397,6.0,2.2857144,5.5384617,-0.0045973137,-0.061572537,7.101267e-05
3398,6.0,2.857143,5.5384617,-0.011559427,-0.06340202,0.0002756954
3399,6.0,3.4285715,5.5384617,-0.021463048,-0.06073728,0.00040034245
3400,6.0,4.0,5.5384617,-0.031990588,-0.06357415,0.0005039442
3401,6.0,0.0,4.923077,0.031443875,-0.062576085,-0.00059327483
3402,6.0,0.5714286,4.923077,0.020592635,-0.059726782,-0.0004682706
3403,6.0,1.1428572,4.923077,0.010493632,-0.0624306,-0.0003445181
3404,6.0,1.7142857,4.923077,0.0036376396,-0.061954312,-0.00022338876
3405,6.0,2.2857144,4.923077,-0.0046400405,-0.06138339,-0.00010982994
3406,6.0,2.857143,4.923077,-0.011585178,-0.06318338,-1.7161747e-05
3407,6.0,3.4285715,4.923077,-0.021464407,-0.06056009,0.00015658117
3408,6.0,4.0,4.923077,-0.032004833,-0.063375115,0.00036191847
3409,6.0,0.0,4.3076925,0.031332165,-0.062488023,-0.00048153687
3410,6.0,0.5714286,4.3076925,0.020540748,-0.05961231,-0.00042751455
3411,6.0,1.1428572,4.3076925,0.010471115,-0.06233688,-0.00038285597
3412,6.0,1.7142857,4.3076925,0.003597139,-0.061844293,-0.0003481588
3413,6.0,2.2857144,4.3076925,-0.0046529137,-0.0612854,-0.00030867616
3414,6.0,2.857143,4.3076925,-0.011610831,-0.063076176,-0.00025959616
3415,6.0,3.4285715,4.3076925,-0.02146731,-0.06046217,-0.00027512736
3416,6.0,4.0,4.3076925,-0.03198421,-0.06326568,-0.00029994876
3417,6.0,0.0,3.6923077,0.031320084,-0.06248789,-0.00033307873
3418,6.0,0.5714286,3.6923077,0.020528503,-0.059612356,-0.00038795036
3419,6.0,1.1428572,3.6923077,0.010458789,-0.06233681,-0.0004309383
3420,6.0,1.7142857,3.6923077,0.0035848855,-0.06184435,-0.00046652192
3421,6.0,2.2857144,3.6923077,-0.0046652462,-0.061285347,-0.0005044807
3422,6.0,2.857143,3.6923077,-0.011623098,-0.063076206,-0.000554336
3423,6.0,3.4285715,3.6923077,-0.021479657,-0.060462132,-0.0005372964
3424,6.0,4.0,3.6923077,-0.031996533,-0.06326567,-0.00051308516
3425,6.0,0.0,3.0769231,0.031406797,-0.06257557,-0.00022192433
3426,6.0,0.5714286,3.0769231,0.020555852,-0.0597273,-0.00034668564
3427,6.0,1.1428572,3.0769231,0.010456717,-0.0624302,-0.00046973696
3428,6.0,1.7142857,3.0769231,0.00360083,-0.061954554,-0.0005908639
3429,6.0,2.2857144,3.0769231,-0.004677001,-0.0613832,-0.0007037318
3430,6.0,2.857143,3.0769231,-0.011622012,-0.063183464,-0.0007963904
3431,6.0,3.4285715,3.0769231,-0.02150141,-0.06056001,-0.0009693767
3432,6.0,4.0,3.0769231,-0.0320417,-0.06337514,-0.0011745648
3433,6.0,0.0,2.4615386,0.031415373,-0.06279548,-5.2496936e-05
3434,6.0,0.5714286,2.4615386,0.020625329,-0.059910905,-0.00030070092
3435,6.0,1.1428572,2.4615386,0.010503037,-0.062638305,-0.0005146468
3436,6.0,1.7142857,2.4615386,0.003614986,-0.062159978,-0.00070333364
3437,6.0,2.2857144,2.4615386,-0.00465881,-0.061572336,-0.00088479405
3438,6.0,2.857143,2.4615386,-0.011620929,-0.06340206,-0.0010890366
3439,6.0,3.4285715,2.4615386,-0.021524614,-0.06073722,-0.001213361
3440,6.0,4.0,2.4615386,-0.032052226,-0.06357408,-0.0013164234
3441,6.0,0.0,1.8461539,0.03164885,-0.06304271,3.5833928e-05
3442,6.0,0.5714286,1.8461539,0.02071097,-0.060272995,-0.00023696663
3443,6.0,1.1428572,1.8461539,0.010488705,-0.0628774,-0.0005293814
3444,6.0,1.7142857,1.8461539,0.003695843,-0.06248588,-0.0008071701
3445,6.0,2.2857144,1.8461539,-0.004669983,-0.0618313,-0.0010838015
3446,6.0,2.857143,1.8461539,-0.011555953,-0.06371571,-0.0012868191
3447,6.0,3.4285715,1.8461539,-0.021543415,-0.060994487,-0.0016108414
3448,6.0,4.0,1.8461539,-0.03212132,-0.06389059,-0.0020223772
3449,6.0,0.0,1.2307693,0.031683955,-0.063447796,0.00034499104
3450,6.0,0.5714286,1.2307693,0.020791288,-0.06056175,-0.00013195864
3451,6.0,1.1428572,1.2307693,0.010573683,-0.06328216,-0.00053996523
3452,6.0,1.7142857,1.2307693,0.0036952614,-0.062835306,-0.0009052359
3453,6.0,2.2857144,1.2307693,-0.004572836,-0.062191047,-0.0012104992
3454,6.0,2.857143,1.2307693,-0.01151101,-0.06408304,-0.0015786004
3455,6.0,3.4285715,1.2307693,-0.021478727,-0.06133077,-0.0018231515
3456,6.0,4.0,1.2307693,-0.03208983,-0.06422044,-0.001935916
3457,6.0,0.0,0.61538464,0.03184921,-0.06407569,0.0005762602
3458,6.0,0.5714286,0.61538464,0.020522436,-0.061089434,8.301983e-05
3459,6.0,1.1428572,0.61538464,0.010487556,-0.06376428,-0.0004726613
3460,6.0,1.7142857,0.61538464,0.0036348093,-0.06318367,-0.0009272301
3461,6.0,2.2857144,0.61538464,-0.004472694,-0.06272255,-0.001406457
3462,6.0,2.857143,0.61538464,-0.01142894,-0.06435542,-0.0017192897
3463,6.0,3.4285715,0.61538464,-0.021259366,-0.06187091,-0.0021265673
3464,6.0,4.0,0.61538464,-0.032170486,-0.06448857,-0.0028144256
3465,6.0,0.0,0.0,0.0311152,-0.064380154,0.0008168211
3466,6.0,0.5714286,0.0,0.019866811,-0.061856482,0.00013948065
3467,6.0,1.1428572,0.0,0.010087782,-0.064327456,-0.00025732175
3468,6.0,1.7142857,0.0,0.0032450596,-0.06370825,-0.0010176694
3469,6.0,2.2857144,0.0,-0.0044883215,-0.06327797,-0.0014417837
3470,6.0,2.857143,0.0,-0.011418589,-0.06470339,-0.0019759529
3471,6.0,3.4285715,0.0,-0.020926617,-0.06241056,-0.002447412
3472,6.0,4.0,0.0,-0.031860698,-0.06474082,-0.0022758793
3473,6.6,0.0,8.0,0.033113096,-0.045212794,-0.00048943213
3474,6.6,0.5714286,8.0,0.019889457,-0.050438803,-0.0003007579
3475,6.6,1.1428572,8.0,0.010878024,-0.047378637,0.00045523574
3476,6.6,1.7142857,8.0,0.0029083977,-0.049065158,0.00076340954
3477,6.6,2.2857144,8.0,-0.0041167336,-0.049584184,0.0009365321
3478,6.6,2.857143,8.0,-0.0126300845,-0.048710585,0.0011809348
3479,6.6,3.4285715,8.0,-0.021064274,-0.05049735,0.0011919377
3480,6.6,4.0,8.0,-0.033344857,-0.048204545,0.0018439104
3481,6.6,0.0,7.3846154,0.033696085,-0.04418949,-0.0005325903
3482,6.6,0.5714286,7.3846154,0.020666461,-0.05014815,9.3177594e-05
3483,6.6,1.1428572,7.3846154,0.011581721,-0.046976093,0.00039348562
3484,6.6,1.7142857,7.3846154,0.0031821413,-0.04881282,0.0005965334
3485,6.6,2.2857144,7.3846154,-0.003924916,-0.04940462,0.0007572251
3486,6.6,2.857143,7.3846154,-0.012758914,-0.04842023,0.00093084585
3487,6.6,3.4285715,7.3846154,-0.021274434,-0.050405324,0.0010786171
3488,6.6,4.0,7.3846154,-0.03362102,-0.047924913,0.00095763284
3489,6.6,0.0,6.769231,0.03400882,-0.04392615,-4.633094e-05
3490,6.6,0.5714286,6.769231,0.02069382,-0.049954243,4.0350988e-05
3491,6.6,1.1428572,6.769231,0.011593231,-0.046778746,0.00024239632
3492,6.6,1.7142857,6.769231,0.0031163115,-0.048481937,0.00042241917
3493,6.6,2.2857144,6.769231,-0.0039806557,-0.049236495,0.00056753476
3494,6.6,2.857143,6.769231,-0.012952185,-0.048062466,0.00067420956
3495,6.6,3.4285715,6.769231,-0.021379305,-0.050267916,0.00087244
3496,6.6,4.0,6.769231,-0.03378845,-0.047595866,0.0012734354
3497,6.6,0.0,6.1538463,0.03352663,-0.04374865,-0.00031140528
3498,6.6,0.5714286,6.1538463,0.020541793,-0.049664456,-6.182031e-05
3499,6.6,1.1428572,6.1538463,0.011592403,-0.04654861,8.8672656e-05
3500,6.6,1.7142857,6.1538463,0.003013186,-0.048209712,0.00022401099
3501,6.6,2.2857144,6.1538463,-0.004029905,-0.048979156,0.00033067443
3502,6.6,2.857143,6.1538463,-0.013074546,-0.0477996,0.00048782243
3503,6.6,3.4285715,6.1538463,-0.021438241,-0.050022062,0.0005625835
3504,6.6,4.0,6.1538463,-0.033775106,-0.04733756,0.0006129216
3505,6.6,0.0,5.5384617,0.033568643,-0.04346545,-0.00032608717
3506,6.6,0.5714286,5.5384617,0.020497968,-0.04948885,-0.00018901212
3507,6.6,1.1428572,5.5384617,0.011469041,-0.04629812,-7.118474e-05
3508,6.6,1.7142857,5.5384617,0.002993122,-0.048015777,3.3465145e-05
3509,6.6,2.2857144,5.5384617,-0.0041288207,-0.048724953,0.00013141448
3510,6.6,2.857143,5.5384617,-0.013096214,-0.047604747,0.00020353547
3511,6.6,3.4285715,5.5384617,-0.021493213,-0.049770087,0.00037417057
3512,6.6,4.0,5.5384617,-0.033776466,-0.04716997,0.0006247102
3513,6.6,0.0,4.923077,0.033291698,-0.04336504,-0.00037928895
3514,6.6,0.5714286,4.923077,0.020404097,-0.0493337,-0.00029152777
3515,6.6,1.1428572,4.923077,0.011423568,-0.04613965,-0.0002162337
3516,6.6,1.7142857,4.923077,0.0029367488,-0.04786199,-0.00015089197
3517,6.6,2.2857144,4.923077,-0.0041632853,-0.048551485,-9.647286e-05
3518,6.6,2.857143,4.923077,-0.013129076,-0.047454033,-1.5455244e-05
3519,6.6,3.4285715,4.923077,-0.021510553,-0.049598996,-2.0518505e-06
3520,6.6,4.0,4.923077,-0.033729516,-0.04701985,1.3810423e-05
3521,6.6,0.0,4.3076925,0.033288952,-0.043271914,-0.00041982744
3522,6.6,0.5714286,4.3076925,0.020368548,-0.049261075,-0.00037731865
3523,6.6,1.1428572,4.3076925,0.011374357,-0.046055533,-0.00035338599
3524,6.6,1.7142857,4.3076925,0.0029181596,-0.04778314,-0.00033013162
3525,6.6,2.2857144,4.3076925,-0.0041976245,-0.048461813,-0.00030746858
3526,6.6,2.857143,4.3076925,-0.013139419,-0.047374435,-0.00030116143
3527,6.6,3.4285715,4.3076925,-0.021523917,-0.04950906,-0.000221162
3528,6.6,4.0,4.3076925,-0.03373269,-0.046950642,-0.00011702586
3529,6.6,0.0,3.6923077,0.03327645,-0.043271977,-0.0004200887
3530,6.6,0.5714286,3.6923077,0.020356258,-0.04926104,-0.00046103395
3531,6.6,1.1428572,3.6923077,0.011362091,-0.046055574,-0.00048556895
3532,6.6,1.7142857,3.6923077,0.0029058454,-0.047783073,-0.0005074604
3533,6.6,2.2857144,3.6923077,-0.004209904,-0.048461836,-0.0005306871
3534,6.6,2.857143,3.6923077,-0.013151742,-0.04737438,-0.0005356707
3535,6.6,3.4285715,3.6923077,-0.02153621,-0.049509063,-0.00061614387
3536,6.6,4.0,3.6923077,-0.033744995,-0.046950623,-0.000718865
3537,6.6,0.0,3.0769231,0.03325517,-0.043365743,-0.00046018907
3538,6.6,0.5714286,3.0769231,0.02036718,-0.049332973,-0.0005472011
3539,6.6,1.1428572,3.0769231,0.011386783,-0.046140105,-0.0006223673
3540,6.6,1.7142857,3.0769231,0.0028997853,-0.04786163,-0.00068703096
3541,6.6,2.2857144,3.0769231,-0.0042001065,-0.04855162,-0.0007413714
3542,6.6,2.857143,3.0769231,-0.01316606,-0.047453847,-0.00082168233
3543,6.6,3.4285715,3.0769231,-0.021547426,-0.04959897,-0.0008349625
3544,6.6,4.0,3.0769231,-0.033766598,-0.04701975,-0.00085002073
3545,6.6,0.0,2.4615386,0.03350699,-0.043466106,-0.0005133033
3546,6.6,0.5714286,2.4615386,0.020436581,-0.049488273,-0.00064985023
3547,6.6,1.1428572,2.4615386,0.011407609,-0.046298508,-0.00076724746
3548,6.6,1.7142857,2.4615386,0.0029316351,-0.048015393,-0.0008715621
3549,6.6,2.2857144,2.4615386,-0.004190311,-0.04872505,-0.00096909236
3550,6.6,2.857143,2.4615386,-0.013157737,-0.04760453,-0.0010408525
3551,6.6,3.4285715,2.4615386,-0.021554776,-0.04977,-0.0012110138
3552,6.6,4.0,2.4615386,-0.03383806,-0.04716987,-0.001461059
3553,6.6,0.0,1.8461539,0.033441048,-0.043749854,-0.0005279337
3554,6.6,0.5714286,1.8461539,0.020455698,-0.049663126,-0.0007769648
3555,6.6,1.1428572,1.8461539,0.0115065025,-0.04654951,-0.000927152
3556,6.6,1.7142857,1.8461539,0.0029269825,-0.048208985,-0.001062076
3557,6.6,2.2857144,1.8461539,-0.004115875,-0.048979428,-0.0011683916
3558,6.6,2.857143,1.8461539,-0.0131608,-0.04779923,-0.0013251143
3559,6.6,3.4285715,1.8461539,-0.021524312,-0.05002198,-0.0013994708
3560,6.6,4.0,1.8461539,-0.03386154,-0.047337398,-0.0014493051
3561,6.6,0.0,1.2307693,0.03389833,-0.04392827,-0.0007928681
3562,6.6,0.5714286,1.2307693,0.020582981,-0.04995262,-0.0008791371
3563,6.6,1.1428572,1.2307693,0.01148297,-0.04677998,-0.0010808698
3564,6.6,1.7142857,1.2307693,0.0030052995,-0.048480928,-0.0012604537
3565,6.6,2.2857144,1.2307693,-0.004091017,-0.049237005,-0.0014052873
3566,6.6,2.857143,1.2307693,-0.013063242,-0.04806183,-0.0015114802
3567,6.6,3.4285715,1.2307693,-0.0214898,-0.05026801,-0.0017093578
3568,6.6,4.0,1.2307693,-0.033899628,-0.047595493,-0.0021097087
3569,6.6,0.0,0.61538464,0.03356152,-0.044191416,-0.00030665306
3570,6.6,0.5714286,0.61538464,0.020530928,-0.05014616,-0.00093182904
3571,6.6,1.1428572,0.61538464,0.011446948,-0.046977792,-0.001231861
3572,6.6,1.7142857,0.61538464,0.003046427,-0.048811518,-0.0014346445
3573,6.6,2.2857144,0.61538464,-0.004059765,-0.049405325,-0.0015948778
3574,6.6,2.857143,0.61538464,-0.012894688,-0.048419423,-0.0017681933
3575,6.6,3.4285715,0.61538464,-0.021409407,-0.05040542,-0.0019154655
3576,6.6,4.0,0.61538464,-0.033757016,-0.047924474,-0.0017941082
3577,6.6,0.0,0.0,0.032953933,-0.045217052,-0.00034989606
3578,6.6,0.5714286,0.0,0.01972896,-0.050435644,-0.00053794024
3579,6.6,1.1428572,0.0,0.010719116,-0.047381032,-0.0012935249
3580,6.6,1.7142857,0.0,0.002747668,-0.04906353,-0.001601394
3581,6.6,2.2857144,0.0,-0.004275818,-0.04958498,-0.0017742292
3582,6.6,2.857143,0.0,-0.012790754,-0.04870971,-0.0020181923
3583,6.6,3.4285715,0.0,-0.021223508,-0.050497357,-0.002028889
3584,6.6,4.0,0.0,-0.03350563,-0.048204184,-0.0026801552
3585,7.2,0.0,8.0,0.033017106,-0.03596057,0.0005389559
3586,7.2,0.5714286,8.0,0.01992084,-0.028563175,0.001984628
3587,7.2,1.1428572,8.0,0.011022911,-0.03369734,0.0017558441
3588,7.2,1.7142857,8.0,0.0037029122,-0.03365597,0.0013336975
3589,7.2,2.2857144,8.0,-0.005167032,-0.034748077,0.0013775607
3590,7.2,2.857143,8.0,-0.01223529,-0.03601923,0.0010538786
3591,7.2,3.4285715,8.0,-0.02276518,-0.034767702,0.00118431
3592,7.2,4.0,8.0,-0.032856185,-0.036948122,0.00058670033
3593,7.2,0.0,7.3846154,0.034518454,-0.036228236,0.001817138
3594,7.2,0.5714286,7.3846154,0.021063074,-0.028326394,0.001274287
3595,7.2,1.1428572,7.3846154,0.011501847,-0.033897884,0.001236611
3596,7.2,1.7142857,7.3846154,0.0040774276,-0.033706278,0.0011147938
3597,7.2,2.2857144,7.3846154,-0.0051418263,-0.03473536,0.000958226
3598,7.2,2.857143,7.3846154,-0.012252174,-0.036110505,0.00093051663
3599,7.2,3.4285715,7.3846154,-0.023036508,-0.03469586,0.0008446404
3600,7.2,4.0,7.3846154,-0.033093136,-0.03706619,0.0011609411
3601,7.2,0.0,6.769231,0.03371435,-0.036359098,0.000678458
3602,7.2,0.5714286,6.769231,0.0208807,-0.028315896,0.0008752515
3603,7.2,1.1428572,6.769231,0.011409211,-0.033688143,0.0008145182
3604,7.2,1.7142857,6.769231,0.004048714,-0.03363129,0.00073726726
3605,7.2,2.2857144,6.769231,-0.0052865464,-0.034543484,0.00069727004
3606,7.2,2.857143,6.769231,-0.012343235,-0.036054518,0.0006736276
3607,7.2,3.4285715,6.769231,-0.023246974,-0.034505844,0.00066804566
3608,7.2,4.0,6.769231,-0.033067375,-0.037035972,0.0005463372
3609,7.2,0.0,6.1538463,0.033885777,-0.03612366,0.0003526306
3610,7.2,0.5714286,6.1538463,0.020896593,-0.028113164,0.00040651977
3611,7.2,1.1428572,6.1538463,0.011335941,-0.033515144,0.00044436427
3612,7.2,1.7142857,6.1538463,0.00402314,-0.03344285,0.00043656275
3613,7.2,2.2857144,6.1538463,-0.005391955,-0.034344196,0.0004336268
3614,7.2,2.857143,6.1538463,-0.012412788,-0.03589525,0.0004128999
3615,7.2,3.4285715,6.1538463,-0.023330968,-0.034308318,0.00050330965
3616,7.2,4.0,6.1538463,-0.033111647,-0.03691601,0.0007489243
3617,7.2,0.0,5.5384617,0.033551436,-0.036116824,5.611586e-05
3618,7.2,0.5714286,5.5384617,0.020751785,-0.027986325,0.00010413557
3619,7.2,1.1428572,5.5384617,0.011287425,-0.033356875,0.00014814665
3620,7.2,1.7142857,5.5384617,0.0039273496,-0.03325237,0.00016011763
3621,7.2,2.2857144,5.5384617,-0.005425977,-0.03419463,0.00016701352
3622,7.2,2.857143,5.5384617,-0.012493343,-0.035688005,0.00020371661
3623,7.2,3.4285715,5.5384617,-0.023352263,-0.03418459,0.00019632431
3624,7.2,4.0,5.5384617,-0.0330982,-0.036712352,0.0001880514
3625,7.2,0.0,4.923077,0.03355391,-0.035982598,-0.00021608607
3626,7.2,0.5714286,4.923077,0.02069065,-0.02787419,-0.00013178652
3627,7.2,1.1428572,4.923077,0.011233511,-0.03326011,-0.00010802338
3628,7.2,1.7142857,4.923077,0.0038836403,-0.033112418,-8.710453e-05
3629,7.2,2.2857144,4.923077,-0.0054662693,-0.034074254,-7.048477e-05
3630,7.2,2.857143,4.923077,-0.012527763,-0.03555104,-7.039955e-05
3631,7.2,3.4285715,4.923077,-0.023360677,-0.034059647,1.78348e-05
3632,7.2,4.0,4.923077,-0.03311289,-0.03659771,0.00016828028
3633,7.2,0.0,4.3076925,0.03344203,-0.03596278,-0.00031956108
3634,7.2,0.5714286,4.3076925,0.020637382,-0.027828744,-0.00034280753
3635,7.2,1.1428572,4.3076925,0.011203879,-0.033196423,-0.0003224104
3636,7.2,1.7142857,4.3076925,0.0038465909,-0.033046577,-0.0003196357
3637,7.2,2.2857144,4.3076925,-0.0054843402,-0.034009136,-0.00031461916
3638,7.2,2.857143,4.3076925,-0.012553635,-0.03547513,-0.00029412413
3639,7.2,3.4285715,4.3076925,-0.02336853,-0.034001704,-0.00033308446
3640,7.2,4.0,4.3076925,-0.033105332,-0.036520425,-0.00038593015
3641,7.2,0.0,3.6923077,0.03342996,-0.03596283,-0.00054347113
3642,7.2,0.5714286,3.6923077,0.02062511,-0.027828733,-0.0005205594
3643,7.2,1.1428572,3.6923077,0.011191586,-0.033196386,-0.00053966424
3644,7.2,1.7142857,3.6923077,0.0038342895,-0.033046566,-0.00054281927
3645,7.2,2.2857144,3.6923077,-0.0054966384,-0.034009065,-0.000546611
3646,7.2,2.857143,3.6923077,-0.012565942,-0.03547511,-0.00056747237
3647,7.2,3.4285715,3.6923077,-0.023380848,-0.034001637,-0.0005272609
3648,7.2,4.0,3.6923077,-0.033117697,-0.036520377,-0.00047466703
3649,7.2,0.0,3.0769231,0.033516806,-0.035981577,-0.0006473027
3650,7.2,0.5714286,3.0769231,0.0206539,-0.027875114,-0.0007312426
3651,7.2,1.1428572,3.0769231,0.011196549,-0.033259474,-0.00075435214
3652,7.2,1.7142857,3.0769231,0.0038468062,-0.033112675,-0.00077505957
3653,7.2,2.2857144,3.0769231,-0.0055032135,-0.034073897,-0.0007910286
3654,7.2,2.857143,3.0769231,-0.012564655,-0.03555104,-0.00079093105
3655,7.2,3.4285715,3.0769231,-0.023397636,-0.034059465,-0.0008784466
3656,7.2,4.0,3.0769231,-0.033149835,-0.03659756,-0.0010286006
3657,7.2,0.0,2.4615386,0.033490337,-0.036116038,-0.000919506
3658,7.2,0.5714286,2.4615386,0.02069038,-0.027987,-0.000967105
3659,7.2,1.1428572,2.4615386,0.011225955,-0.03335629,-0.0010105693
3660,7.2,1.7142857,2.4615386,0.0038658394,-0.033252504,-0.0010222256
3661,7.2,2.2857144,2.4615386,-0.005487457,-0.034194216,-0.0010286069
3662,7.2,2.857143,2.4615386,-0.012554911,-0.0356879,-0.001064976
3663,7.2,3.4285715,2.4615386,-0.0234138,-0.034184333,-0.0010570299
3664,7.2,4.0,2.4615386,-0.03315992,-0.036712095,-0.0010483305
3665,7.2,0.0,1.8461539,0.033799518,-0.03612213,-0.0012160452
3666,7.2,0.5714286,1.8461539,0.020810738,-0.028114742,-0.0012693795
3667,7.2,1.1428572,1.8461539,0.011249763,-0.033513907,-0.0013069042
3668,7.2,1.7142857,1.8461539,0.003937108,-0.033443324,-0.0012985753
3669,7.2,2.2857144,1.8461539,-0.0054780985,-0.034343462,-0.0012953348
3670,7.2,2.857143,1.8461539,-0.01249892,-0.035895232,-0.0012740835
3671,7.2,3.4285715,1.8461539,-0.023417164,-0.034307927,-0.0013640956
3672,7.2,4.0,1.8461539,-0.033197913,-0.03691567,-0.0016090891
3673,7.2,0.0,1.2307693,0.03360399,-0.036356457,-0.001541775
3674,7.2,0.5714286,1.2307693,0.020770457,-0.028318051,-0.0017382068
3675,7.2,1.1428572,1.2307693,0.011298201,-0.033686604,-0.0016768882
3676,7.2,1.7142857,1.2307693,0.0039383136,-0.033631984,-0.0015994986
3677,7.2,2.2857144,1.2307693,-0.005397514,-0.03454251,-0.0015588059
3678,7.2,2.857143,1.2307693,-0.012453768,-0.036054604,-0.0015349768
3679,7.2,3.4285715,1.2307693,-0.02335799,-0.034505222,-0.0015286981
3680,7.2,4.0,1.2307693,-0.03317817,-0.037035666,-0.0014067189
3681,7.2,0.0,0.61538464,0.034382645,-0.036226876,-0.0026797624
3682,7.2,0.5714286,0.61538464,0.020928329,-0.028329102,-0.0021371085
3683,7.2,1.1428572,0.61538464,0.01136622,-0.033896014,-0.0020992076
3684,7.2,1.7142857,0.61538464,0.003942427,-0.03370738,-0.001976749
3685,7.2,2.2857144,0.61538464,-0.005277412,-0.03473403,-0.0018199909
3686,7.2,2.857143,0.61538464,-0.012387276,-0.036110733,-0.0017916532
3687,7.2,3.4285715,0.61538464,-0.02317215,-0.03469507,-0.001705503
3688,7.2,4.0,0.61538464,-0.033228442,-0.037065838,-0.002021052
3689,7.2,0.0,0.0,0.03285685,-0.03595519,-0.0014021322
3690,7.2,0.5714286,0.0,0.019762088,-0.028568102,-0.0028467572
3691,7.2,1.1428572,0.0,0.010862096,-0.033694845,-0.0026183017
3692,7.2,1.7142857,0.0,0.0035436715,-0.03365729,-0.0021957317
3693,7.2,2.2857144,0.0,-0.0053275293,-0.034746625,-0.002239097
3694,7.2,2.857143,0.0,-0.012394724,-0.036019344,-0.0019152181
3695,7.2,3.4285715,0.0,-0.022925608,-0.03476691,-0.0020449688
3696,7.2,4.0,0.0,-0.0330159,-0.036947478,-0.0014470977
3697,7.8,0.0,8.0,0.03386207,-0.0027074483,0.0065108878
3698,7.8,0.5714286,8.0,0.019690726,-0.016996128,0.003706294
3699,7.8,1.1428572,8.0,0.013398854,-0.016869232,0.002345915
3700,7.8,1.7142857,8.0,0.0023527662,-0.020671915,0.002062862
3701,7.8,2.2857144,8.0,-0.0034562473,-0.021529939,0.0012844943
3702,7.8,2.857143,8.0,-0.014350191,-0.021821996,0.0012594704
3703,7.8,3.4285715,8.0,-0.02155649,-0.02325539,0.00065739383
3704,7.8,4.0,8.0,-0.03474765,-0.021580752,0.000898047
3705,7.8,0.0,7.3846154,0.034576703,-0.0024590017,0.002326154
3706,7.8,0.5714286,7.3846154,0.020136151,-0.018051403,0.0025245347
3707,7.8,1.1428572,7.3846154,0.013625365,-0.017140144,0.0018423822
3708,7.8,1.7142857,7.3846154,0.002410399,-0.020993467,0.0013185557
3709,7.8,2.2857144,7.3846154,-0.0034452719,-0.021786595,0.0011459936
3710,7.8,2.857143,7.3846154,-0.014519036,-0.02192763,0.0007961739
3711,7.8,3.4285715,7.3846154,-0.02173621,-0.023525257,0.00071949704
3712,7.8,4.0,7.3846154,-0.035014607,-0.021649845,0.00029001772
3713,7.8,0.0,6.769231,0.03430849,-0.00244304,0.0015116511
3714,7.8,0.5714286,6.769231,0.019934332,-0.017568992,0.0013332072
3715,7.8,1.1428572,6.769231,0.013711263,-0.017160881,0.0011811522
3716,7.8,1.7142857,6.769231,0.0022670836,-0.020902945,0.0009564662
3717,7.8,2.2857144,6.769231,-0.0034578566,-0.021794276,0.0007298203
3718,7.8,2.857143,6.769231,-0.014720824,-0.021864494,0.0006185264
3719,7.8,3.4285715,6.769231,-0.021802189,-0.023532016,0.00051054877
3720,7.8,4.0,6.769231,-0.035170596,-0.021626245,0.0007291481
3721,7.8,0.0,6.1538463,0.034378584,-0.0024409646,0.00076256384
3722,7.8,0.5714286,6.1538463,0.019917237,-0.017679857,0.0007559513
3723,7.8,1.1428572,6.1538463,0.013652205,-0.016928595,0.0006622372
3724,7.8,1.7142857,6.1538463,0.0022104925,-0.020777423,0.0005706007
3725,7.8,2.2857144,6.1538463,-0.003528187,-0.021694766,0.00044693568
3726,7.8,2.857143,6.1538463,-0.014819956,-0.02171429,0.00038689643
3727,7.8,3.4285715,6.1538463,-0.02187098,-0.023488045,0.0003076752
3728,7.8,4.0,6.1538463,-0.035208978,-0.021466307,0.00021725241
3729,7.8,0.0,5.5384617,0.034135602,-0.0024207318,0.000255723
3730,7.8,0.5714286,5.5384617,0.019826265,-0.017505169,0.00029678934
3731,7.8,1.1428572,5.5384617,0.01358765,-0.016881963,0.00028262727
3732,7.8,1.7142857,5.5384617,0.0021609187,-0.02063764,0.00022183472
3733,7.8,2.2857144,5.5384617,-0.0036013064,-0.021540064,0.00019408767
3734,7.8,2.857143,5.5384617,-0.014859611,-0.02163246,0.00012063007
3735,7.8,3.4285715,5.5384617,-0.021924084,-0.02330909,0.00017803056
3736,7.8,4.0,5.5384617,-0.03520783,-0.021439133,0.00032466816
3737,7.8,0.0,4.923077,0.034099903,-0.0024251002,-1.1137955e-05
3738,7.8,0.5714286,4.923077,0.019787654,-0.017522378,-3.7694503e-05
3739,7.8,1.1428572,4.923077,0.013521769,-0.016742146,-4.374479e-05
3740,7.8,1.7142857,4.923077,0.002130827,-0.020577598,-4.158941e-05
3741,7.8,2.2857144,4.923077,-0.0036488473,-0.021426922,-9.3809256e-05
3742,7.8,2.857143,4.923077,-0.014886058,-0.021530973,-6.50605e-05
3743,7.8,3.4285715,4.923077,-0.02195326,-0.023227518,-0.00013828599
3744,7.8,4.0,4.923077,-0.035190262,-0.021324819,-0.00015658535
3745,7.8,0.0,4.3076925,0.034012504,-0.0024172398,-0.00035712766
3746,7.8,0.5714286,4.3076925,0.019745342,-0.017463923,-0.00031071805
3747,7.8,1.1428572,4.3076925,0.013489245,-0.016725844,-0.00030704375
3748,7.8,1.7142857,4.3076925,0.0021050938,-0.020516312,-0.0003289641
3749,7.8,2.2857144,4.3076925,-0.0036773516,-0.021373302,-0.0003042384
3750,7.8,2.857143,4.3076925,-0.014902024,-0.021486055,-0.00035198074
3751,7.8,3.4285715,4.3076925,-0.02196952,-0.023158444,-0.00026885426
3752,7.8,4.0,4.3076925,-0.035191044,-0.021300148,-0.00020456755
3753,7.8,0.0,3.6923077,0.034000188,-0.0024176023,-0.0005307956
3754,7.8,0.5714286,3.6923077,0.019732982,-0.017463606,-0.0005758919
3755,7.8,1.1428572,3.6923077,0.013476977,-0.016726095,-0.0005798042
3756,7.8,1.7142857,3.6923077,0.0020927812,-0.020515967,-0.00055667205
3757,7.8,2.2857144,3.6923077,-0.0036896497,-0.021373428,-0.0005816894
3758,7.8,2.857143,3.6923077,-0.014914332,-0.021485861,-0.0005327755
3759,7.8,3.4285715,3.6923077,-0.021981834,-0.023158444,-0.0006161077
3760,7.8,4.0,3.6923077,-0.035203345,-0.021300064,-0.0006791486
3761,7.8,0.0,3.0769231,0.03406314,-0.0024264546,-0.00087653333
3762,7.8,0.5714286,3.0769231,0.019750856,-0.017521601,-0.0008491618
3763,7.8,1.1428572,3.0769231,0.013484798,-0.01674222,-0.0008428071
3764,7.8,1.7142857,3.0769231,0.0020940078,-0.02057724,-0.0008443257
3765,7.8,2.2857144,3.0769231,-0.0036858388,-0.021426793,-0.00079187355
3766,7.8,2.857143,3.0769231,-0.014922899,-0.021530714,-0.00081992394
3767,7.8,3.4285715,3.0769231,-0.021990294,-0.023227323,-0.00074647466
3768,7.8,4.0,3.0769231,-0.0352272,-0.021324666,-0.0007273508
3769,7.8,0.0,2.4615386,0.034074172,-0.0024225381,-0.001143373
3770,7.8,0.5714286,2.4615386,0.019764747,-0.017503705,-0.001183586
3771,7.8,1.1428572,2.4615386,0.013526116,-0.016882448,-0.0011692449
3772,7.8,1.7142857,2.4615386,0.0020994993,-0.020636698,-0.0011077232
3773,7.8,2.2857144,2.4615386,-0.0036629292,-0.021540085,-0.0010797606
3774,7.8,2.857143,2.4615386,-0.014921034,-0.021631917,-0.0010056957
3775,7.8,3.4285715,2.4615386,-0.021985779,-0.023308836,-0.0010626975
3776,7.8,4.0,2.4615386,-0.035269335,-0.021438874,-0.0012087015
3777,7.8,0.0,1.8461539,0.034292713,-0.0024428873,-0.0016501376
3778,7.8,0.5714286,1.8461539,0.019831294,-0.017678225,-0.0016429579
3779,7.8,1.1428572,1.8461539,0.01356596,-0.016928833,-0.0015486003
3780,7.8,1.7142857,1.8461539,0.0021245421,-0.02077637,-0.0014567059
3781,7.8,2.2857144,1.8461539,-0.0036144776,-0.021694686,-0.0013325417
3782,7.8,2.857143,1.8461539,-0.01490594,-0.021713601,-0.001271996
3783,7.8,3.4285715,1.8461539,-0.021957358,-0.023487689,-0.0011923721
3784,7.8,4.0,1.8461539,-0.035295133,-0.021465909,-0.0011013037
3785,7.8,0.0,1.2307693,0.03419827,-0.0024480594,-0.0023989577
3786,7.8,0.5714286,1.2307693,0.019823322,-0.017565409,-0.0022199948
3787,7.8,1.1428572,1.2307693,0.013600661,-0.017162057,-0.0020678411
3788,7.8,1.7142857,1.2307693,0.002156341,-0.02090123,-0.0018424895
3789,7.8,2.2857144,1.2307693,-0.0035686125,-0.02179449,-0.0016154667
3790,7.8,2.857143,1.2307693,-0.014831537,-0.02186344,-0.0015036748
3791,7.8,3.4285715,1.2307693,-0.021913065,-0.023531707,-0.0013951878
3792,7.8,4.0,1.2307693,-0.035281442,-0.021625748,-0.0016132365
3793,7.8,0.0,0.61538464,0.034442183,-0.002461088,-0.0032140617
3794,7.8,0.5714286,0.61538464,0.020000666,-0.018049136,-0.003411312
3795,7.8,1.1428572,0.61538464,0.013490148,-0.017141297,-0.0027292068
3796,7.8,1.7142857,0.61538464,0.0022750276,-0.020991582,-0.0022044766
3797,7.8,2.2857144,0.61538464,-0.003580607,-0.021786874,-0.0020317682
3798,7.8,2.857143,0.61538464,-0.014654366,-0.02192635,-0.0016811998
3799,7.8,3.4285715,0.61538464,-0.021871675,-0.023524921,-0.0016042856
3800,7.8,4.0,0.61538464,-0.035150137,-0.021649124,-0.0011740192
3801,7.8,0.0,0.0,0.033702455,-0.0027210491,-0.0073943115
3802,7.8,0.5714286,0.0,0.019530324,-0.016991073,-0.004594591
3803,7.8,1.1428572,0.0,0.013238869,-0.016871657,-0.0032317922
3804,7.8,1.7142857,0.0,0.0021928109,-0.02066937,-0.002949255
3805,7.8,2.2857144,0.0,-0.0036162694,-0.021530367,-0.002169928
3806,7.8,2.857143,0.0,-0.014510042,-0.021820515,-0.0021447581
3807,7.8,3.4285715,0.0,-0.021716556,-0.023254877,-0.0015419443
3808,7.8,4.0,0.0,-0.034907617,-0.021580247,-0.0017823067
3809,8.4,0.0,8.0,0.030036597,-0.0051948633,0.003541055
3810,8.4,0.5714286,8.0,0.025171725,-0.00089839526,0.0035544443
3811,8.4,1.1428572,8.0,0.010797666,-0.0077791726,0.0024138219
3812,8.4,1.7142857,8.0,0.005877102,-0.007524901,0.0017504381
3813,8.4,2.2857144,8.0,-0.0062591536,-0.009553525,0.0013660744
3814,8.4,2.857143,8.0,-0.011868511,-0.010378857,0.00085581583
3815,8.4,3.4285715,8.0,-0.024572685,-0.0098272925,0.0006374761
3816,8.4,4.0,8.0,-0.032067284,-0.011558774,-4.902495e-05
3817,8.4,0.0,7.3846154,0.028889755,-0.005974438,0.0029854483
3818,8.4,0.5714286,7.3846154,0.024654089,-0.0012681504,0.0022550519
3819,8.4,1.1428572,7.3846154,0.010584403,-0.008331388,0.0017834579
3820,8.4,1.7142857,7.3846154,0.0057168384,-0.007843849,0.0013398955
3821,8.4,2.2857144,7.3846154,-0.0064760684,-0.009835546,0.0009770582
3822,8.4,2.857143,7.3846154,-0.01201739,-0.010660356,0.0006980524
3823,8.4,3.4285715,7.3846154,-0.024833603,-0.010037355,0.00045816353
3824,8.4,4.0,7.3846154,-0.032212634,-0.011831649,0.00048826326
3825,8.4,0.0,6.769231,0.029563684,-0.006216983,0.0014133618
3826,8.4,0.5714286,6.769231,0.025039295,-0.0011628745,0.0014382639
3827,8.4,1.1428572,6.769231,0.010475721,-0.008334064,0.0011942937
3828,8.4,1.7142857,6.769231,0.005813912,-0.007909651,0.0008992074
3829,8.4,2.2857144,6.769231,-0.006653703,-0.00983362,0.00067220675
3830,8.4,2.857143,6.769231,-0.01204857,-0.010761351,0.0004904203
3831,8.4,3.4285715,6.769231,-0.025052048,-0.010017346,0.00030876722
3832,8.4,4.0,6.769231,-0.032253176,-0.011992466,0.00010607958
3833,8.4,0.0,6.1538463,0.029021157,-0.0061510582,0.00091085135
3834,8.4,0.5714286,6.1538463,0.024883525,-0.0012142621,0.0007952673
3835,8.4,1.1428572,6.1538463,0.010455944,-0.00822548,0.0006802649
3836,8.4,1.7142857,6.1538463,0.0057310187,-0.007860641,0.00054728374
3837,8.4,2.2857144,6.1538463,-0.006728368,-0.009761095,0.00039817096
3838,8.4,2.857143,6.1538463,-0.012133142,-0.010725073,0.00025708106
3839,8.4,3.4285715,6.1538463,-0.025136339,-0.0099632675,0.00023144094
3840,8.4,4.0,6.1538463,-0.032285396,-0.011966174,0.000336734
3841,8.4,0.0,5.5384617,0.02925063,-0.006257199,0.00036264546
3842,8.4,0.5714286,5.5384617,0.024865927,-0.0011337479,0.00034127274
3843,8.4,1.1428572,5.5384617,0.010398567,-0.008199738,0.00030440424
3844,8.4,1.7142857,5.5384617,0.0056883283,-0.0077527263,0.00020873037
3845,8.4,2.2857144,5.5384617,-0.0067767776,-0.0097000925,0.0001374331
3846,8.4,2.857143,5.5384617,-0.012197387,-0.010623278,7.608925e-05
3847,8.4,3.4285715,5.5384617,-0.025171697,-0.009914329,-6.965174e-06
3848,8.4,4.0,5.5384617,-0.032315362,-0.011892055,-7.771181e-05
3849,8.4,0.0,4.923077,0.02902007,-0.006208835,-5.6064205e-06
3850,8.4,0.5714286,4.923077,0.024771273,-0.0011293078,-2.1272806e-06
3851,8.4,1.1428572,4.923077,0.010381662,-0.008143124,-3.97904e-05
3852,8.4,1.7142857,4.923077,0.0056271483,-0.007688593,-6.010933e-05
3853,8.4,2.2857144,4.923077,-0.0068002883,-0.009638458,-0.00011044542
3854,8.4,2.857143,4.923077,-0.012242345,-0.010546314,-0.00014892884
3855,8.4,3.4285715,4.923077,-0.025184443,-0.009858233,-0.0001201462
3856,8.4,4.0,4.923077,-0.032326,-0.011821349,-1.7016826e-05
3857,8.4,0.0,4.3076925,0.029063497,-0.0062281294,-0.00029923243
3858,8.4,0.5714286,4.3076925,0.02474364,-0.0011054919,-0.00032056193
3859,8.4,1.1428572,4.3076925,0.010350307,-0.008123053,-0.0003086932
3860,8.4,1.7142857,4.3076925,0.0056030373,-0.0076496545,-0.00033658842
3861,8.4,2.2857144,4.3076925,-0.0068220245,-0.009604399,-0.00033527063
3862,8.4,2.857143,4.3076925,-0.012266151,-0.010504082,-0.00034526884
3863,8.4,3.4285715,4.3076925,-0.025196696,-0.00982562,-0.00038768558
3864,8.4,4.0,4.3076925,-0.032333672,-0.011785931,-0.0004580313
3865,8.4,0.0,3.6923077,0.029051231,-0.0062275655,-0.0006119798
3866,8.4,0.5714286,3.6923077,0.02473134,-0.0011054005,-0.0005907484
3867,8.4,1.1428572,3.6923077,0.010338048,-0.0081229005,-0.0006014204
3868,8.4,1.7142857,3.6923077,0.0055906945,-0.0076495726,-0.0005737018
3869,8.4,2.2857144,3.6923077,-0.0068342835,-0.009604275,-0.0005739134
3870,8.4,2.857143,3.6923077,-0.012278505,-0.010504009,-0.0005640634
3871,8.4,3.4285715,3.6923077,-0.02520897,-0.009825507,-0.00052050955
3872,8.4,4.0,3.6923077,-0.032346066,-0.0117858285,-0.00045021635
3873,8.4,0.0,3.0769231,0.028983576,-0.0062066447,-0.00090582715
3874,8.4,0.5714286,3.0769231,0.024734093,-0.0011298115,-0.0009089892
3875,8.4,1.1428572,3.0769231,0.010345003,-0.008142124,-0.0008704889
3876,8.4,1.7142857,3.0769231,0.0055900477,-0.0076886904,-0.00085002306
3877,8.4,2.2857144,3.0769231,-0.006837012,-0.009637889,-0.00079890224
3878,8.4,2.857143,3.0769231,-0.012279449,-0.010546185,-0.00076025
3879,8.4,3.4285715,3.0769231,-0.025221212,-0.009857908,-0.0007882127
3880,8.4,4.0,3.0769231,-0.032363154,-0.011821038,-0.00089106016
3881,8.4,0.0,2.4615386,0.029189507,-0.0062540453,-0.0012741153
3882,8.4,0.5714286,2.4615386,0.0248042,-0.0011337588,-0.0012523185
3883,8.4,1.1428572,2.4615386,0.01033736,-0.008198599,-0.0012147591
3884,8.4,1.7142857,2.4615386,0.005626546,-0.007752536,-0.0011187886
3885,8.4,2.2857144,2.4615386,-0.006838017,-0.009699355,-0.0010468779
3886,8.4,2.857143,2.4615386,-0.012259206,-0.010622964,-0.0009852025
3887,8.4,3.4285715,2.4615386,-0.025233006,-0.00991382,-0.0009014786
3888,8.4,4.0,2.4615386,-0.032377306,-0.01189156,-0.00083033665
3889,8.4,0.0,1.8461539,0.02893591,-0.0061463574,-0.001822378
3890,8.4,0.5714286,1.8461539,0.024796883,-0.0012149414,-0.0017062537
3891,8.4,1.1428572,1.8461539,0.0103703225,-0.008223305,-0.001590671
3892,8.4,1.7142857,1.8461539,0.005644498,-0.007860724,-0.0014573418
3893,8.4,2.2857144,1.8461539,-0.0068141054,-0.009759889,-0.0013076975
3894,8.4,2.857143,1.8461539,-0.012219675,-0.010724759,-0.0011661474
3895,8.4,3.4285715,1.8461539,-0.025222164,-0.009962545,-0.0011399576
3896,8.4,4.0,1.8461539,-0.03237206,-0.011965472,-0.0012446919
3897,8.4,0.0,1.2307693,0.029453598,-0.0062096207,-0.0023249805
3898,8.4,0.5714286,1.2307693,0.024928182,-0.0011634186,-0.002349204
3899,8.4,1.1428572,1.2307693,0.010365479,-0.008331501,-0.0021047909
3900,8.4,1.7142857,1.2307693,0.0057027377,-0.007909795,-0.0018094169
3901,8.4,2.2857144,1.2307693,-0.006763996,-0.009832075,-0.0015816314
3902,8.4,2.857143,1.2307693,-0.012159764,-0.010761051,-0.0013996346
3903,8.4,3.4285715,1.2307693,-0.025162451,-0.010016326,-0.0012171728
3904,8.4,4.0,1.2307693,-0.032364555,-0.01199169,-0.0010142236
3905,8.4,0.0,0.61538464,0.028755728,-0.005966303,-0.0038964604
3906,8.4,0.5714286,0.61538464,0.024518143,-0.0012696426,-0.0031664374
3907,8.4,1.1428572,0.61538464,0.010449535,-0.008328183,-0.0026941886
3908,8.4,1.7142857,0.61538464,0.005581091,-0.007844318,-0.002249907
3909,8.4,2.2857144,0.61538464,-0.006610997,-0.0098335575,-0.0018867486
3910,8.4,2.857143,0.61538464,-0.012153163,-0.010660094,-0.0016070566
3911,8.4,3.4285715,0.61538464,-0.024968589,-0.010036131,-0.0013667864
3912,8.4,4.0,0.61538464,-0.032348618,-0.011830659,-0.0013961707
3913,8.4,0.0,0.0,0.029877864,-0.005184648,-0.004453495
3914,8.4,0.5714286,0.0,0.025010379,-0.00090120244,-0.004466078
3915,8.4,1.1428572,0.0,0.010638717,-0.0077751596,-0.0033242984
3916,8.4,1.7142857,0.0,0.0057161804,-0.0075255316,-0.0026608247
3917,8.4,2.2857144,0.0,-0.0064182486,-0.009551225,-0.002275461
3918,8.4,2.857143,0.0,-0.01202925,-0.010378498,-0.0017651373
3919,8.4,3.4285715,0.0,-0.024731895,-0.009825901,-0.001545839
3920,8.4,4.0,0.0,-0.03222816,-0.01155753,-0.0008591405
3921,9.0,0.0,8.0,0.03330225,0.005778577,0.0013415925
3922,9.0,0.5714286,8.0,0.021387657,0.0012982123,0.0014775106
3923,9.0,1.1428572,8.0,0.015382144,0.0046403934,0.0016555866
3924,9.0,1.7142857,8.0,0.0024393857,0.0013488502,0.0012363613
3925,9.0,2.2857144,8.0,-0.0026963744,0.0016912647,0.0009251716
3926,9.0,2.857143,8.0,-0.015443053,0.0010835311,0.00063392
3927,9.0,3.4285715,8.0,-0.021503694,0.00022203365,0.00026474256
3928,9.0,4.0,8.0,-0.03512806,0.0012752865,0.00024301879
3929,9.0,0.0,7.3846154,0.032824576,0.006255896,0.0014878899
3930,9.0,0.5714286,7.3846154,0.020629078,0.0010118167,0.0014570588
3931,9.0,1.1428572,7.3846154,0.014960235,0.0044733896,0.0012580268
3932,9.0,1.7142857,7.3846154,0.0020504245,0.001040847,0.0009767961
3933,9.0,2.2857144,7.3846154,-0.0029144827,0.0014477628,0.0007027326
3934,9.0,2.857143,7.3846154,-0.01574425,0.0008502756,0.00046546507
3935,9.0,3.4285715,7.3846154,-0.021656986,-4.0258597e-05,0.00020823065
3936,9.0,4.0,7.3846154,-0.035408285,0.0010330176,-0.0001415589
3937,9.0,0.0,6.769231,0.032875072,0.006036,0.0012839712
3938,9.0,0.5714286,6.769231,0.020618832,0.0007137575,0.0010472826
3939,9.0,1.1428572,6.769231,0.015124255,0.0043976274,0.0008613593
3940,9.0,1.7142857,6.769231,0.0018907556,0.00096043857,0.0006867405
3941,9.0,2.2857144,6.769231,-0.0028982714,0.0013235948,0.00048047365
3942,9.0,2.857143,6.769231,-0.015956318,0.0008141305,0.00027970358
3943,9.0,3.4285715,6.769231,-0.021698706,-0.00019939725,0.0001762517
3944,9.0,4.0,6.769231,-0.03560365,0.0010183977,0.00021064033
3945,9.0,0.0,6.1538463,0.033011712,0.0059586093,0.00060702924
3946,9.0,0.5714286,6.1538463,0.020572303,0.0007925753,0.0006288135
3947,9.0,1.1428572,6.1538463,0.015036115,0.00432727,0.0005260226
3948,9.0,1.7142857,6.1538463,0.0018456825,0.0009895695,0.00038450363
3949,9.0,2.2857144,6.1538463,-0.0029828837,0.0013065726,0.00024822203
3950,9.0,2.857143,6.1538463,-0.016043862,0.0008264365,0.00014850449
3951,9.0,3.4285715,6.1538463,-0.021782795,-0.00021473055,1.6852987e-08
3952,9.0,4.0,6.1538463,-0.03568116,0.0009947165,-0.00011796505
3953,9.0,0.0,5.5384617,0.032791752,0.0059786006,0.00033124894
3954,9.0,0.5714286,5.5384617,0.020523934,0.0007307482,0.00026425882
3955,9.0,1.1428572,5.5384617,0.015017454,0.0043933135,0.00019375376
3956,9.0,1.7142857,5.5384617,0.001793484,0.0009907548,0.00012748835
3957,9.0,2.2857144,5.5384617,-0.0030360362,0.0013640289,4.0753155e-05
3958,9.0,2.857143,5.5384617,-0.016093438,0.00084012724,-4.8747424e-05
3959,9.0,3.4285715,5.5384617,-0.021837719,-0.00016683138,-4.5558292e-05
3960,9.0,4.0,5.5384617,-0.035690866,0.001004994,2.7610995e-05
3961,9.0,0.0,4.923077,0.03283903,0.005955422,-6.967556e-05
3962,9.0,0.5714286,4.923077,0.02049817,0.00076681527,-5.2371073e-05
3963,9.0,1.1428572,4.923077,0.014948614,0.0044055963,-7.8164034e-05
3964,9.0,1.7142857,4.923077,0.0017797435,0.0010244423,-0.00012506658
3965,9.0,2.2857144,4.923077,-0.003088495,0.0014062707,-0.00016963352
3966,9.0,2.857143,4.923077,-0.01611499,0.0008699695,-0.00019397543
3967,9.0,3.4285715,4.923077,-0.021876954,-0.00012345314,-0.00027165317
3968,9.0,4.0,4.923077,-0.035693437,0.0010189916,-0.00033017035
3969,9.0,0.0,4.3076925,0.03274686,0.0059665986,-0.0003083085
3970,9.0,0.5714286,4.3076925,0.020466996,0.00076422264,-0.0003296808
3971,9.0,1.1428572,4.3076925,0.014929073,0.004427579,-0.00034590167
3972,9.0,1.7142857,4.3076925,0.0017538461,0.0010391132,-0.00035112764
3973,9.0,2.2857144,4.3076925,-0.0031122451,0.0014318073,-0.00036652762
3974,9.0,2.857143,4.3076925,-0.016133813,0.0008891842,-0.0003902477
3975,9.0,3.4285715,4.3076925,-0.021896318,-9.846957e-05,-0.00034583313
3976,9.0,4.0,4.3076925,-0.035695244,0.0010354532,-0.00028154216
3977,9.0,0.0,3.6923077,0.0327346,0.0059663956,-0.000627634
3978,9.0,0.5714286,3.6923077,0.02045479,0.00076457136,-0.0006050394
3979,9.0,1.1428572,3.6923077,0.014916673,0.0044275937,-0.0005888372
3980,9.0,1.7142857,3.6923077,0.0017416492,0.0010393477,-0.00058253104
3981,9.0,2.2857144,3.6923077,-0.003124638,0.0014318503,-0.0005672041
3982,9.0,2.857143,3.6923077,-0.016146038,0.0008893501,-0.0005424165
3983,9.0,3.4285715,3.6923077,-0.02190871,-9.838737e-05,-0.0005868484
3984,9.0,4.0,3.6923077,-0.035707485,0.0010355483,-0.00064999744
3985,9.0,0.0,3.0769231,0.032801725,0.0059549,-0.00086613855
3986,9.0,0.5714286,3.0769231,0.020461703,0.0007682189,-0.00088247436
3987,9.0,1.1428572,3.0769231,0.014911422,0.004405469,-0.0008564605
3988,9.0,1.7142857,3.0769231,0.0017431441,0.0010252125,-0.0008087089
3989,9.0,2.2857144,3.0769231,-0.003125684,0.0014063896,-0.00076399185
3990,9.0,2.857143,3.0769231,-0.016151637,0.00087044964,-0.00073880574
3991,9.0,3.4285715,3.0769231,-0.021914184,-0.00012317422,-0.0006609222
3992,9.0,4.0,3.0769231,-0.035730157,0.0010192888,-0.00060150237
3993,9.0,0.0,2.4615386,0.03273,0.0059778667,-0.0012669777
3994,9.0,0.5714286,2.4615386,0.020463016,0.00073260895,-0.0011992254
3995,9.0,1.1428572,2.4615386,0.014955499,0.004393412,-0.001128269
3996,9.0,1.7142857,2.4615386,0.0017324528,0.0009918729,-0.0010613882
3997,9.0,2.2857144,2.4615386,-0.0030979768,0.0013643098,-0.00097428623
3998,9.0,2.857143,2.4615386,-0.016154567,0.00084087363,-0.00088415033
3999,9.0,3.4285715,2.4615386,-0.021899695,-0.00016636726,-0.00088691973
4000,9.0,4.0,2.4615386,-0.0357521,0.0010054685,-0.0009593757
4001,9.0,0.0,1.8461539,0.032924797,0.005957632,-0.0015428421
4002,9.0,0.5714286,1.8461539,0.020487132,0.000795697,-0.0015637217
4003,9.0,1.1428572,1.8461539,0.014949356,0.004327098,-0.0014606041
4004,9.0,1.7142857,1.8461539,0.0017602523,0.0009913103,-0.0013184188
4005,9.0,2.2857144,1.8461539,-0.0030696339,0.0013068379,-0.0011817912
4006,9.0,2.857143,1.8461539,-0.016129397,0.0008275231,-0.0010814059
4007,9.0,3.4285715,1.8461539,-0.021869617,-0.00021411576,-0.0009325226
4008,9.0,4.0,1.8461539,-0.03576684,0.0009953813,-0.00081383676
4009,9.0,0.0,1.2307693,0.0327638,0.006033894,-0.0022196195
4010,9.0,0.5714286,1.2307693,0.020509284,0.0007177961,-0.0019823748
4011,9.0,1.1428572,1.2307693,0.015012692,0.004397341,-0.0017959719
4012,9.0,1.7142857,1.2307693,0.0017808838,0.0009627003,-0.0016207121
4013,9.0,2.2857144,1.2307693,-0.0030097582,0.0013238002,-0.0014140795
4014,9.0,2.857143,1.2307693,-0.016066344,0.0008156051,-0.0012126169
4015,9.0,3.4285715,1.2307693,-0.021810234,-0.00019873565,-0.001108771
4016,9.0,4.0,1.2307693,-0.035713855,0.0010192925,-0.0011424107
4017,9.0,0.0,0.61538464,0.03268808,0.0062535354,-0.0024239637
4018,9.0,0.5714286,0.61538464,0.020495113,0.0010169727,-0.0023921567
4019,9.0,1.1428572,0.61538464,0.014823858,0.004472676,-0.0021927385
4020,9.0,1.7142857,0.61538464,0.0019161059,0.0010436961,-0.0019108783
4021,9.0,2.2857144,0.61538464,-0.0030507422,0.0014478873,-0.0016363004
4022,9.0,2.857143,0.61538464,-0.015878696,0.00085209054,-0.0013984577
4023,9.0,3.4285715,0.61538464,-0.021793302,-3.9460403e-05,-0.0011407174
4024,9.0,4.0,0.61538464,-0.035542917,0.0010340519,-0.00079030445
4025,9.0,0.0,0.0,0.03314121,0.005775001,-0.002277538
4026,9.0,0.5714286,0.0,0.021229485,0.00130454,-0.002412845
4027,9.0,1.1428572,0.0,0.015220672,0.0046392735,-0.0025905622
4028,9.0,1.7142857,0.0,0.0022809086,0.0013523082,-0.0021703353
4029,9.0,2.2857144,0.0,-0.0028576322,0.0016913472,-0.0018589292
4030,9.0,2.857143,0.0,-0.015601705,0.0010856681,-0.0015668115
4031,9.0,3.4285715,0.0,-0.021664903,0.0002229648,-0.0011973437
4032,9.0,4.0,0.0,-0.03528691,0.0012764994,-0.001174775
4033,9.6,0.0,8.0,0.029871441,0.010318671,0.0008769672
4034,9.6,0.5714286,8.0,0.024626518,0.014117305,0.00080227974
4035,9.6,1.1428572,8.0,0.011770141,0.010625218,0.00061245775
4036,9.6,1.7142857,8.0,0.0063139517,0.01263645,0.00069281796
4037,9.6,2.2857144,8.0,-0.006482069,0.011115892,0.00044763202
4038,9.6,2.857143,8.0,-0.011925985,0.011190659,0.00027186036
4039,9.6,3.4285715,8.0,-0.025320996,0.011480862,4.157867e-05
4040,9.6,4.0,8.0,-0.03136191,0.010412354,-0.0004795076
4041,9.6,0.0,7.3846154,0.029345727,0.009978512,0.0006564522
4042,9.6,0.5714286,7.3846154,0.024314035,0.0142373275,0.00065753324
4043,9.6,1.1428572,7.3846154,0.011272555,0.010454469,0.0006452927
4044,9.6,1.7142857,7.3846154,0.006029627,0.0125274835,0.0005130136
4045,9.6,2.2857144,7.3846154,-0.006846422,0.010925245,0.0003716003
4046,9.6,2.857143,7.3846154,-0.012104667,0.010990766,0.00016731213
4047,9.6,3.4285715,7.3846154,-0.025592387,0.011283816,2.1629841e-05
4048,9.6,4.0,7.3846154,-0.031462163,0.010181672,1.6357362e-05
4049,9.6,0.0,6.769231,0.02915162,0.00998676,0.00059372507
4050,9.6,0.5714286,6.769231,0.024241949,0.014229026,0.0005625795
4051,9.6,1.1428572,6.769231,0.011078931,0.010291431,0.0004855737
4052,9.6,1.7142857,6.769231,0.0060424493,0.012423508,0.00035973065
4053,9.6,2.2857144,6.769231,-0.007061343,0.010846314,0.00021718534
4054,9.6,2.857143,6.769231,-0.0121382,0.010847174,9.695116e-05
4055,9.6,3.4285715,6.769231,-0.025817739,0.011241697,-7.9164514e-05
4056,9.6,4.0,6.769231,-0.031528372,0.009985268,-0.00028191096
4057,9.6,0.0,6.1538463,0.029122526,0.00993333,0.00043223207
4058,9.6,0.5714286,6.1538463,0.02425685,0.014072098,0.00033732684
4059,9.6,1.1428572,6.1538463,0.011050009,0.01029832,0.00025396596
4060,9.6,1.7142857,6.1538463,0.005966969,0.012346315,0.00017449002
4061,9.6,2.2857144,6.1538463,-0.007134891,0.010828594,7.4720745e-05
4062,9.6,2.857143,6.1538463,-0.012228079,0.010795005,-4.7385918e-05
4063,9.6,3.4285715,6.1538463,-0.025910774,0.011208807,-7.3837175e-05
4064,9.6,4.0,6.1538463,-0.031591926,0.009940501,-3.865618e-05
4065,9.6,0.0,5.5384617,0.029097876,0.009904293,7.8446e-05
4066,9.6,0.5714286,5.5384617,0.02417279,0.014123233,9.1644346e-05
4067,9.6,1.1428572,5.5384617,0.010994251,0.010240671,5.5983986e-05
4068,9.6,1.7142857,5.5384617,0.005923563,0.012367097,-2.4181374e-05
4069,9.6,2.2857144,5.5384617,-0.0071883956,0.010804326,-8.828262e-05
4070,9.6,2.857143,5.5384617,-0.012289414,0.010811202,-0.00014020146
4071,9.6,3.4285715,5.5384617,-0.02595677,0.011187707,-0.00024232692
4072,9.6,4.0,5.5384617,-0.03164021,0.009935175,-0.00033119033
4073,9.6,0.0,4.923077,0.029044174,0.009896697,-9.385196e-05
4074,9.6,0.5714286,4.923077,0.024139097,0.014097615,-0.00014078837
4075,9.6,1.1428572,4.923077,0.0109831225,0.010256597,-0.00017632218
4076,9.6,1.7142857,4.923077,0.005870777,0.012373817,-0.0002013589
4077,9.6,2.2857144,4.923077,-0.0072091846,0.010808288,-0.00024256847
4078,9.6,2.857143,4.923077,-0.012336819,0.010828888,-0.00029216407
4079,9.6,3.4285715,4.923077,-0.025976392,0.011186886,-0.00026463467
4080,9.6,4.0,4.923077,-0.031662535,0.009951891,-0.00021233731
4081,9.6,0.0,4.3076925,0.029032532,0.009894721,-0.00039820393
4082,9.6,0.5714286,4.3076925,0.024102759,0.014111235,-0.00037123507
4083,9.6,1.1428572,4.3076925,0.01095571,0.010253554,-0.00036933954
4084,9.6,1.7142857,4.3076925,0.0058483277,0.012384816,-0.0003925588
4085,9.6,2.2857144,4.3076925,-0.0072309175,0.010813824,-0.00040088422
4086,9.6,2.857143,4.3076925,-0.01236102,0.010840166,-0.0004016522
4087,9.6,3.4285715,4.3076925,-0.025991363,0.011191247,-0.00046032958
4088,9.6,4.0,4.3076925,-0.031677485,0.009957804,-0.000517041
4089,9.6,0.0,3.6923077,0.029020254,0.009895212,-0.0005612138
4090,9.6,0.5714286,3.6923077,0.02409037,0.014111179,-0.00058811525
4091,9.6,1.1428572,3.6923077,0.010943564,0.010253865,-0.0005888832
4092,9.6,1.7142857,3.6923077,0.0058358996,0.012384825,-0.00056564104
4093,9.6,2.2857144,3.6923077,-0.0072430954,0.010814046,-0.00055627315
4094,9.6,2.857143,3.6923077,-0.012373445,0.010840235,-0.0005554866
4095,9.6,3.4285715,3.6923077,-0.026003573,0.011191398,-0.00049573585
4096,9.6,4.0,3.6923077,-0.03168993,0.009957936,-0.00043894257
4097,9.6,0.0,3.0769231,0.02900779,0.009897927,-0.0008656686
4098,9.6,0.5714286,3.0769231,0.02410188,0.014097244,-0.000818472
4099,9.6,1.1428572,3.0769231,0.0109466035,0.01025758,-0.00078200066
4100,9.6,1.7142857,3.0769231,0.005833547,0.0123738535,-0.00075675006
4101,9.6,2.2857144,3.0769231,-0.0072457413,0.010808926,-0.00071468926
4102,9.6,2.857143,3.0769231,-0.012374085,0.010829116,-0.0006648853
4103,9.6,3.4285715,3.0769231,-0.026012989,0.011187314,-0.0006915279
4104,9.6,4.0,3.0769231,-0.03169985,0.009952259,-0.00074354926
4105,9.6,0.0,2.4615386,0.029036867,0.009906328,-0.0010380789
4106,9.6,0.5714286,2.4615386,0.024110839,0.0141229695,-0.0010508015
4107,9.6,1.1428572,2.4615386,0.010933395,0.010242106,-0.0010144189
4108,9.6,1.7142857,2.4615386,0.0058615245,0.012367268,-0.0009338472
4109,9.6,2.2857144,2.4615386,-0.007249357,0.010805314,-0.000869078
4110,9.6,2.857143,2.4615386,-0.012351479,0.010811617,-0.0008167647
4111,9.6,3.4285715,2.4615386,-0.026017832,0.011188393,-0.000713939
4112,9.6,4.0,2.4615386,-0.03170236,0.009935812,-0.0006246356
4113,9.6,0.0,1.8461539,0.02903745,0.009936159,-0.0013918191
4114,9.6,0.5714286,1.8461539,0.024170052,0.014071363,-0.001296573
4115,9.6,1.1428572,1.8461539,0.010964798,0.010300551,-0.0012123932
4116,9.6,1.7142857,1.8461539,0.0058800974,0.012346392,-0.0011325604
4117,9.6,2.2857144,1.8461539,-0.007220204,0.010830058,-0.0010320845
4118,9.6,2.857143,1.8461539,-0.012315012,0.010795504,-0.00090961106
4119,9.6,3.4285715,1.8461539,-0.025996184,0.01120979,-0.0008824177
4120,9.6,4.0,1.8461539,-0.03167897,0.009941336,-0.00091717596
4121,9.6,0.0,1.2307693,0.029041925,0.009990962,-0.0015534264
4122,9.6,0.5714286,1.2307693,0.024130369,0.014227924,-0.001521784
4123,9.6,1.1428572,1.2307693,0.010969419,0.010294369,-0.0014440786
4124,9.6,1.7142857,1.2307693,0.0059307246,0.012423479,-0.0013178128
4125,9.6,2.2857144,1.2307693,-0.0071710316,0.010848268,-0.0011745908
4126,9.6,2.857143,1.2307693,-0.01224994,0.0108477045,-0.0010539454
4127,9.6,3.4285715,1.2307693,-0.025927579,0.011243013,-0.0008771264
4128,9.6,4.0,1.2307693,-0.031640243,0.009986301,-0.00067395164
4129,9.6,0.0,0.61538464,0.029211987,0.009983564,-0.0016161207
4130,9.6,0.5714286,0.61538464,0.024177529,0.01423566,-0.001616836
4131,9.6,1.1428572,0.61538464,0.011138656,0.010458267,-0.0016038276
4132,9.6,1.7142857,0.61538464,0.0058930325,0.012527244,-0.0014711347
4133,9.6,2.2857144,0.61538464,-0.006980428,0.010927705,-0.0013290425
4134,9.6,2.857143,0.61538464,-0.012241291,0.010991328,-0.0011243186
4135,9.6,3.4285715,0.61538464,-0.02572651,0.011285416,-0.0009779304
4136,9.6,4.0,0.61538464,-0.03159894,0.010182924,-0.0009721855
4137,9.6,0.0,0.0,0.029713184,0.010324909,-0.0018363481
4138,9.6,0.5714286,0.0,0.024465125,0.014115179,-0.0017615882
4139,9.6,1.1428572,0.0,0.011612079,0.010629764,-0.0015709935
4140,9.6,1.7142857,0.0,0.0061523938,0.01263607,-0.0016510676
4141,9.6,2.2857144,0.0,-0.0066402974,0.011118803,-0.0014050355
4142,9.6,2.857143,0.0,-0.012087517,0.0111913,-0.0012289501
4143,9.6,3.4285715,0.0,-0.025479367,0.011482743,-0.0009978476
4144,9.6,4.0,0.0,-0.03152356,0.010413788,-0.00047642319
4145,10.2,0.0,8.0,0.033567905,0.023556922,9.037804e-05
4146,10.2,0.5714286,8.0,0.020705523,0.019902315,0.00024315284
4147,10.2,1.1428572,8.0,0.015501137,0.022840016,0.00031699237
4148,10.2,1.7142857,8.0,0.0024240857,0.020509,9.136364e-05
4149,10.2,2.2857144,8.0,-0.0027273376,0.02162803,0.00013009932
4150,10.2,2.857143,8.0,-0.015951155,0.02112401,-6.0556267e-05
4151,10.2,3.4285715,8.0,-0.021597218,0.020761771,-0.00018982304
4152,10.2,4.0,8.0,-0.035088956,0.02145921,-0.00012004324
4153,10.2,0.0,7.3846154,0.033304475,0.023833346,0.00034133447
4154,10.2,0.5714286,7.3846154,0.020272182,0.019715015,0.0002418273
4155,10.2,1.1428572,7.3846154,0.015280843,0.022850107,0.00017445088
4156,10.2,1.7142857,7.3846154,0.0020477541,0.020381093,0.00014989502
4157,10.2,2.2857144,7.3846154,-0.0029139689,0.021525718,2.3353101e-05
4158,10.2,2.857143,7.3846154,-0.016257798,0.020989615,-5.6896006e-05
4159,10.2,3.4285715,7.3846154,-0.02169832,0.020600079,-0.00022450529
4160,10.2,4.0,7.3846154,-0.035333034,0.021303276,-0.0004999401
4161,10.2,0.0,6.769231,0.03322999,0.023756227,0.00020126102
4162,10.2,0.5714286,6.769231,0.020037835,0.019607348,0.00017317524
4163,10.2,1.1428572,6.769231,0.015204591,0.022829559,0.00013151257
4164,10.2,1.7142857,6.769231,0.0018041136,0.020281916,5.911461e-05
4165,10.2,2.2857144,6.769231,-0.002960636,0.021417312,-1.6787193e-05
4166,10.2,2.857143,6.769231,-0.016495287,0.02092728,-0.00013982033
4167,10.2,3.4285715,6.769231,-0.021747222,0.020444673,-0.00018822953
4168,10.2,4.0,6.769231,-0.035581894,0.021268768,-0.000166555
4169,10.2,0.0,6.1538463,0.03318014,0.023721004,7.418994e-05
4170,10.2,0.5714286,6.1538463,0.019957757,0.01963378,6.3753454e-05
4171,10.2,1.1428572,6.1538463,0.015152199,0.022716142,2.168581e-05
4172,10.2,1.7142857,6.1538463,0.0017371506,0.02026207,-4.5447487e-05
4173,10.2,2.2857144,6.1538463,-0.003046325,0.021339566,-0.00012216657
4174,10.2,2.857143,6.1538463,-0.01658685,0.020888133,-0.00017558837
4175,10.2,3.4285715,6.1538463,-0.021839822,0.020377161,-0.0003001207
4176,10.2,4.0,6.1538463,-0.035668697,0.021203876,-0.00042833207
4177,10.2,0.0,5.5384617,0.033126228,0.02370552,-3.538551e-05
4178,10.2,0.5714286,5.5384617,0.019933444,0.019549165,-8.248856e-05
4179,10.2,1.1428572,5.5384617,0.015095103,0.02272825,-0.00013172452
4180,10.2,1.7142857,5.5384617,0.001685317,0.020207359,-0.00016075726
4181,10.2,2.2857144,5.5384617,-0.0031054658,0.02133234,-0.00021623781
4182,10.2,2.857143,5.5384617,-0.01664296,0.020843772,-0.00028085397
4183,10.2,3.4285715,5.5384617,-0.021900622,0.020363433,-0.00027282623
4184,10.2,4.0,5.5384617,-0.035710543,0.021162616,-0.00023800546
4185,10.2,0.0,4.923077,0.033076603,0.023706807,-0.00026897102
4186,10.2,0.5714286,4.923077,0.019894715,0.019561157,-0.00024696297
4187,10.2,1.1428572,4.923077,0.015050146,0.022707326,-0.00025817947
4188,10.2,1.7142857,4.923077,0.0016649455,0.020196056,-0.00029895522
4189,10.2,2.2857144,4.923077,-0.0031543595,0.021328334,-0.0003260133
4190,10.2,2.857143,4.923077,-0.01666806,0.020826198,-0.0003427999
4191,10.2,3.4285715,4.923077,-0.021943497,0.02035974,-0.00042057742
4192,10.2,4.0,4.923077,-0.035720993,0.021134848,-0.00048825657
4193,10.2,0.0,4.3076925,0.03304688,0.023701074,-0.00037363835
4194,10.2,0.5714286,4.3076925,0.019879278,0.01954741,-0.00040730176
4195,10.2,1.1428572,4.3076925,0.015023683,0.022711584,-0.0004258432
4196,10.2,1.7142857,4.3076925,0.0016431507,0.020190313,-0.0004197334
4197,10.2,2.2857144,4.3076925,-0.0031795728,0.021327863,-0.00043525366
4198,10.2,2.857143,4.3076925,-0.016687604,0.020821253,-0.0004546722
4199,10.2,3.4285715,4.3076925,-0.021965867,0.020359261,-0.00041112266
4200,10.2,4.0,4.3076925,-0.03573134,0.021128492,-0.00036423784
4201,10.2,0.0,3.6923077,0.033034533,0.023700882,-0.0006103098
4202,10.2,0.5714286,3.6923077,0.019867124,0.019547751,-0.00057554303
4203,10.2,1.1428572,3.6923077,0.015011236,0.022711542,-0.00055691646
4204,10.2,1.7142857,3.6923077,0.0016310094,0.020190591,-0.00056196086
4205,10.2,2.2857144,3.6923077,-0.0031920166,0.021327898,-0.0005463801
4206,10.2,2.857143,3.6923077,-0.01669977,0.020821447,-0.00052592054
4207,10.2,3.4285715,3.6923077,-0.021978315,0.020359363,-0.0005693735
4208,10.2,4.0,3.6923077,-0.03574352,0.02112862,-0.00061517017
4209,10.2,0.0,3.0769231,0.033039298,0.023706522,-0.00071489735
4210,10.2,0.5714286,3.0769231,0.019858278,0.01956229,-0.0007359624
4211,10.2,1.1428572,3.0769231,0.015012903,0.022707213,-0.0007244994
4212,10.2,1.7142857,3.0769231,0.001628457,0.020196836,-0.00068282965
4213,10.2,2.2857144,3.0769231,-0.0031916548,0.021328485,-0.000655539
4214,10.2,2.857143,3.0769231,-0.016704582,0.02082675,-0.0006378798
4215,10.2,3.4285715,3.0769231,-0.02198085,0.020360064,-0.00055984105
4216,10.2,4.0,3.0769231,-0.03575757,0.021135237,-0.0004912482
4217,10.2,0.0,2.4615386,0.033064272,0.02370503,-0.0009484012
4218,10.2,0.5714286,2.4615386,0.019872647,0.01955079,-0.0009005414
4219,10.2,1.1428572,2.4615386,0.015033018,0.022728197,-0.0008508821
4220,10.2,1.7142857,2.4615386,0.0016244911,0.02020857,-0.0008211125
4221,10.2,2.2857144,2.4615386,-0.0031675934,0.02133264,-0.00076524745
4222,10.2,2.857143,2.4615386,-0.016703868,0.020844642,-0.00069990946
4223,10.2,3.4285715,2.4615386,-0.021962808,0.02036399,-0.0007075187
4224,10.2,4.0,2.4615386,-0.03577153,0.021163229,-0.0007415726
4225,10.2,0.0,1.8461539,0.03309319,0.023720298,-0.0010579923
4226,10.2,0.5714286,1.8461539,0.019872705,0.019636314,-0.0010467485
4227,10.2,1.1428572,1.8461539,0.015065287,0.022715878,-0.0010043299
4228,10.2,1.7142857,1.8461539,0.0016520068,0.020263875,-0.0009364243
4229,10.2,2.2857144,1.8461539,-0.0031333393,0.021339882,-0.0008593409
4230,10.2,2.857143,1.8461539,-0.016672071,0.020889403,-0.00080517237
4231,10.2,3.4285715,1.8461539,-0.021926941,0.020377882,-0.0006802512
4232,10.2,4.0,1.8461539,-0.035754032,0.021204773,-0.0005512704
4233,10.2,0.0,1.2307693,0.033118334,0.023754826,-0.0011850757
4234,10.2,0.5714286,1.2307693,0.01992847,0.019610737,-0.001156236
4235,10.2,1.1428572,1.2307693,0.015092756,0.022829058,-0.0011141413
4236,10.2,1.7142857,1.2307693,0.0016946874,0.020284329,-0.0010410312
4237,10.2,2.2857144,1.2307693,-0.0030725377,0.021417603,-0.0009647131
4238,10.2,2.857143,1.2307693,-0.016604831,0.02092897,-0.00084097666
4239,10.2,3.4285715,1.2307693,-0.021859212,0.020445526,-0.0007921246
4240,10.2,4.0,1.2307693,-0.035691567,0.02126991,-0.0008130509
4241,10.2,0.0,0.61538464,0.033167735,0.023831524,-0.0013250061
4242,10.2,0.5714286,0.61538464,0.020138625,0.019719418,-0.001224869
4243,10.2,1.1428572,0.61538464,0.015144088,0.022849243,-0.0011571317
4244,10.2,1.7142857,0.61538464,0.001914077,0.020384185,-0.0011318059
4245,10.2,2.2857144,0.61538464,-0.003050828,0.021525932,-0.0010048917
4246,10.2,2.857143,0.61538464,-0.016391555,0.02099173,-0.00092389656
4247,10.2,3.4285715,0.61538464,-0.0218353,0.020601066,-0.00075587735
4248,10.2,4.0,0.61538464,-0.03546693,0.021304661,-0.00047970886
4249,10.2,0.0,0.0,0.03340643,0.023554584,-0.001074586
4250,10.2,0.5714286,0.0,0.020547645,0.01990745,-0.0012261617
4251,10.2,1.1428572,0.0,0.015339444,0.02283892,-0.0012996864
4252,10.2,1.7142857,0.0,0.0022661744,0.020512644,-0.0010732843
4253,10.2,2.2857144,0.0,-0.0028890918,0.02162824,-0.0011116811
4254,10.2,2.857143,0.0,-0.016109176,0.02112648,-0.0009202315
4255,10.2,3.4285715,0.0,-0.021759046,0.020762907,-0.0007905876
4256,10.2,4.0,0.0,-0.035247125,0.02146088,-0.0008595109
4257,10.8,0.0,8.0,0.029492242,0.029405773,0.00012404849
4258,10.8,0.5714286,8.0,0.024577802,0.032760616,-5.142242e-05
4259,10.8,1.1428572,8.0,0.011348434,0.029834734,-0.00016316956
4260,10.8,1.7142857,8.0,0.0064320364,0.031856146,-6.1528015e-05
4261,10.8,2.2857144,8.0,-0.0069399225,0.03050999,-0.00026294996
4262,10.8,2.857143,8.0,-0.012010619,0.030944807,-0.00024897553
4263,10.8,3.4285715,8.0,-0.025763601,0.03107293,-0.00038617957
4264,10.8,4.0,8.0,-0.03099489,0.030263312,-0.0006973909
4265,10.8,0.0,7.3846154,0.029180616,0.029155081,-0.00013024348
4266,10.8,0.5714286,7.3846154,0.024419645,0.03285545,-6.2818974e-05
4267,10.8,1.1428572,7.3846154,0.010985594,0.029698532,-7.9802725e-05
4268,10.8,1.7142857,7.3846154,0.0062776483,0.031823624,-0.00017807643
4269,10.8,2.2857144,7.3846154,-0.0072571933,0.030415853,-0.0001936401
4270,10.8,2.857143,7.3846154,-0.012130982,0.030844396,-0.00030844237
4271,10.8,3.4285715,7.3846154,-0.026013624,0.030974306,-0.00034843144
4272,10.8,4.0,7.3846154,-0.031081492,0.030157203,-0.00029647455
4273,10.8,0.0,6.769231,0.02886691,0.029140275,-2.724559e-05
4274,10.8,0.5714286,6.769231,0.024315726,0.032848075,-9.149214e-05
4275,10.8,1.1428572,6.769231,0.010728934,0.029598722,-0.00013404094
4276,10.8,1.7142857,6.769231,0.00620047,0.03177238,-0.00017011414
4277,10.8,2.2857144,6.769231,-0.0075132498,0.03034577,-0.00024816094
4278,10.8,2.857143,6.769231,-0.012186289,0.03073335,-0.0002893475
4279,10.8,3.4285715,6.769231,-0.026255524,0.030935502,-0.0004105493
4280,10.8,4.0,6.769231,-0.031129817,0.029994112,-0.00058536394
4281,10.8,0.0,6.1538463,0.028805422,0.029110784,-0.00011752281
4282,10.8,0.5714286,6.1538463,0.024249444,0.03274742,-0.00015183729
4283,10.8,1.1428572,6.1538463,0.010633979,0.029604575,-0.00018798267
4284,10.8,1.7142857,6.1538463,0.006121434,0.03168261,-0.00022947423
4285,10.8,2.2857144,6.1538463,-0.007605994,0.030312445,-0.00027315516
4286,10.8,2.857143,6.1538463,-0.012279497,0.030653711,-0.00034975863
4287,10.8,3.4285715,6.1538463,-0.026353952,0.030882072,-0.00034942178
4288,10.8,4.0,6.1538463,-0.031232843,0.029928038,-0.0003276766
4289,10.8,0.0,5.5384617,0.02874936,0.029083591,-0.00024168869
4290,10.8,0.5714286,5.5384617,0.024186408,0.032766894,-0.00024226743
4291,10.8,1.1428572,5.5384617,0.010596991,0.029534427,-0.00025634412
4292,10.8,1.7142857,5.5384617,0.006059556,0.03167212,-0.00030299928
4293,10.8,2.2857144,5.5384617,-0.0076590716,0.030255165,-0.0003367593
4294,10.8,2.857143,5.5384617,-0.012347038,0.030630115,-0.0003632016
4295,10.8,3.4285715,5.5384617,-0.0264084,0.030823734,-0.0004532251
4296,10.8,4.0,5.5384617,-0.031282544,0.029889517,-0.00054899487
4297,10.8,0.0,4.923077,0.028729424,0.029062022,-0.00030142895
4298,10.8,0.5714286,4.923077,0.024145622,0.032735437,-0.00033814393
4299,10.8,1.1428572,4.923077,0.010565608,0.029523939,-0.00036455615
4300,10.8,1.7142857,4.923077,0.0060154195,0.03165349,-0.00037152623
4301,10.8,2.2857144,4.923077,-0.007687152,0.03022744,-0.0003979445
4302,10.8,2.857143,4.923077,-0.012393479,0.030614398,-0.00043385857
4303,10.8,3.4285715,4.923077,-0.026432097,0.030791363,-0.00040306835
4304,10.8,4.0,4.923077,-0.0313231,0.029874552,-0.00037136275
4305,10.8,0.0,4.3076925,0.028703386,0.029062737,-0.00047578829
4306,10.8,0.5714286,4.3076925,0.024114769,0.03273978,-0.0004503998
4307,10.8,1.1428572,4.3076925,0.010548169,0.029510897,-0.00044332334
4308,10.8,1.7142857,4.3076925,0.005987762,0.03164755,-0.00046593245
4309,10.8,2.2857144,4.3076925,-0.0077066496,0.030216673,-0.00046707722
4310,10.8,2.857143,4.3076925,-0.012420247,0.030606411,-0.0004652979
4311,10.8,3.4285715,4.3076925,-0.0264488,0.030777385,-0.0005234471
4312,10.8,4.0,4.3076925,-0.03133956,0.029863384,-0.0005773522
4313,10.8,0.0,3.6923077,0.028691242,0.029063199,-0.00053167826
4314,10.8,0.5714286,3.6923077,0.024102338,0.032739718,-0.0005569281
4315,10.8,1.1428572,3.6923077,0.010536057,0.029511226,-0.0005629375
4316,10.8,1.7142857,3.6923077,0.005975301,0.031647544,-0.00054023776
4317,10.8,2.2857144,3.6923077,-0.0077187843,0.030216914,-0.00053805247
4318,10.8,2.857143,3.6923077,-0.012432717,0.030606486,-0.0005397338
4319,10.8,3.4285715,3.6923077,-0.026460959,0.030777553,-0.00048052586
4320,10.8,4.0,3.6923077,-0.031352054,0.029863521,-0.00042647368
4321,10.8,0.0,3.0769231,0.028693048,0.029063106,-0.0007061103
4322,10.8,0.5714286,3.0769231,0.02410832,0.0327352,-0.00066911743
4323,10.8,1.1428572,3.0769231,0.01052919,0.02952486,-0.00064178434
4324,10.8,1.7142857,3.0769231,0.0059780944,0.031653535,-0.00063456764
4325,10.8,2.2857144,3.0769231,-0.007723596,0.030228106,-0.00060726545
4326,10.8,2.857143,3.0769231,-0.012430852,0.030614652,-0.0005710993
4327,10.8,3.4285715,3.0769231,-0.026468579,0.030791843,-0.0006009807
4328,10.8,4.0,3.0769231,-0.031360514,0.029874954,-0.0006323867
4329,10.8,0.0,2.4615386,0.028688636,0.02908541,-0.00076591055
4330,10.8,0.5714286,2.4615386,0.024124296,0.032766692,-0.0007649111
4331,10.8,1.1428572,2.4615386,0.010536289,0.029535856,-0.00075007096
4332,10.8,1.7142857,2.4615386,0.0059973695,0.03167226,-0.00070303516
4333,10.8,2.2857144,2.4615386,-0.0077198464,0.03025622,-0.00066852017
4334,10.8,2.857143,2.4615386,-0.012409284,0.030630568,-0.0006416932
4335,10.8,3.4285715,2.4615386,-0.02646926,0.030824505,-0.00055090064
4336,10.8,4.0,2.4615386,-0.031344876,0.02989021,-0.00045470987
4337,10.8,0.0,1.8461539,0.0287205,0.029113334,-0.0008900958
4338,10.8,0.5714286,1.8461539,0.02416242,0.0327469,-0.0008553773
4339,10.8,1.1428572,1.8461539,0.010549006,0.029606704,-0.0008184225
4340,10.8,1.7142857,1.8461539,0.006034341,0.031682685,-0.0007765781
4341,10.8,2.2857144,1.8461539,-0.007691036,0.030313993,-0.0007321238
4342,10.8,2.857143,1.8461539,-0.012366684,0.030654265,-0.0006551517
4343,10.8,3.4285715,1.8461539,-0.026439082,0.030883187,-0.0006546966
4344,10.8,4.0,1.8461539,-0.031320125,0.029928943,-0.0006760287
4345,10.8,0.0,1.2307693,0.028757717,0.029143946,-0.0009802887
4346,10.8,0.5714286,1.2307693,0.024203796,0.032847226,-0.0009156887
4347,10.8,1.1428572,1.2307693,0.010619759,0.029601596,-0.0008724114
4348,10.8,1.7142857,1.2307693,0.0060884175,0.031772327,-0.0008359175
4349,10.8,2.2857144,1.2307693,-0.0076225293,0.030347835,-0.000757154
4350,10.8,2.857143,1.2307693,-0.012298427,0.030733973,-0.00071554317
4351,10.8,3.4285715,1.2307693,-0.026364928,0.030936962,-0.00059360714
4352,10.8,4.0,1.2307693,-0.031242084,0.029995257,-0.00041836392
4353,10.8,0.0,0.61538464,0.02904732,0.029159667,-0.0008775432
4354,10.8,0.5714286,0.61538464,0.02428267,0.03285408,-0.00094438903
4355,10.8,1.1428572,0.61538464,0.010852249,0.029702228,-0.0009266089
4356,10.8,1.7142857,0.61538464,0.0061405757,0.03182337,-0.0008280138
4357,10.8,2.2857144,0.61538464,-0.007390616,0.030418474,-0.0008116465
4358,10.8,2.857143,0.61538464,-0.012268158,0.030845048,-0.0006964911
4359,10.8,3.4285715,0.61538464,-0.02614715,0.03097611,-0.00065570197
4360,10.8,4.0,0.61538464,-0.031218795,0.030158559,-0.0007072384
4361,10.8,0.0,0.0,0.029334605,0.029411223,-0.001131238
4362,10.8,0.5714286,0.0,0.024415972,0.03275906,-0.000955886
4363,10.8,1.1428572,0.0,0.01119083,0.02983906,-0.00084329234
4364,10.8,1.7142857,0.0,0.0062700636,0.031855807,-0.0009445377
4365,10.8,2.2857144,0.0,-0.007097614,0.03051305,-0.0007423686
4366,10.8,2.857143,0.0,-0.012172671,0.030945554,-0.0007559596
4367,10.8,3.4285715,0.0,-0.02592142,0.031075045,-0.0006179612
4368,10.8,4.0,0.0,-0.031157076,0.03026485,-0.00030641124
4369,11.4,0.0,8.0,0.03380685,0.042626236,-0.00040419333
4370,11.4,0.5714286,8.0,0.02012077,0.039200064,-0.00028348836
4371,11.4,1.1428572,8.0,0.015625983,0.041927863,-0.0002686012
4372,11.4,1.7142857,8.0,0.0019475013,0.0398368,-0.0004673362
4373,11.4,2.2857144,8.0,-0.0026211462,0.04107763,-0.00037363553
4374,11.4,2.857143,8.0,-0.016555311,0.04051783,-0.00052435737
4375,11.4,3.4285715,8.0,-0.021403706,0.04034688,-0.00052958104
4376,11.4,4.0,8.0,-0.03549569,0.040988475,-0.00039962144
4377,11.4,0.0,7.3846154,0.033615444,0.04277684,-0.00014952639
4378,11.4,0.5714286,7.3846154,0.019789271,0.039024465,-0.000291056
4379,11.4,1.1428572,7.3846154,0.0155122755,0.041948188,-0.0003476082
4380,11.4,1.7142857,7.3846154,0.0016062966,0.039735336,-0.00034318457
4381,11.4,2.2857144,7.3846154,-0.0027326276,0.04102628,-0.0004447535
4382,11.4,2.857143,7.3846154,-0.016847143,0.040457416,-0.00045237353
4383,11.4,3.4285715,7.3846154,-0.021481672,0.040272042,-0.0005526305
4384,11.4,4.0,7.3846154,-0.035711914,0.040908612,-0.0007527402
4385,11.4,0.0,6.769231,0.03357387,0.042731795,-0.00029697863
4386,11.4,0.5714286,6.769231,0.019509926,0.03893844,-0.00028831404
4387,11.4,1.1428572,6.769231,0.015412311,0.041930936,-0.00031890743
4388,11.4,1.7142857,6.769231,0.001349227,0.039656244,-0.00037498833
4389,11.4,2.2857144,6.769231,-0.0028026325,0.04095326,-0.00039986795
4390,11.4,2.857143,6.769231,-0.017099846,0.04040845,-0.0004757821
4391,11.4,3.4285715,6.769231,-0.02151556,0.040151425,-0.0004783473
4392,11.4,4.0,6.769231,-0.035997722,0.040905323,-0.00043847715
4393,11.4,0.0,6.1538463,0.033435922,0.042688433,-0.00028703216
4394,11.4,0.5714286,6.1538463,0.019405892,0.038952895,-0.00031451258
4395,11.4,1.1428572,6.1538463,0.015338938,0.04183555,-0.0003419233
4396,11.4,1.7142857,6.1538463,0.0012383085,0.03963982,-0.00037555757
4397,11.4,2.2857144,6.1538463,-0.0028902933,0.04086964,-0.00042191942
4398,11.4,2.857143,6.1538463,-0.01720279,0.040361427,-0.00044189097
4399,11.4,3.4285715,6.1538463,-0.021621644,0.040070005,-0.0005415502
4400,11.4,4.0,6.1538463,-0.036072724,0.040834766,-0.0006665164
4401,11.4,0.0,5.5384617,0.033416755,0.042676564,-0.00032427526
4402,11.4,0.5714286,5.5384617,0.019366337,0.038884725,-0.00035065974
4403,11.4,1.1428572,5.5384617,0.015267159,0.041837838,-0.00038467997
4404,11.4,1.7142857,5.5384617,0.0012002471,0.039576717,-0.0003985113
4405,11.4,2.2857144,5.5384617,-0.002961378,0.040844016,-0.00043107345
4406,11.4,2.857143,5.5384617,-0.017257398,0.04029814,-0.00047488775
4407,11.4,3.4285715,5.5384617,-0.021682253,0.040034883,-0.0004570688
4408,11.4,4.0,5.5384617,-0.03614205,0.040774968,-0.00043513128
4409,11.4,0.0,4.923077,0.033347003,0.042677063,-0.00042766053
4410,11.4,0.5714286,4.923077,0.019334547,0.03888359,-0.00041366552
4411,11.4,1.1428572,4.923077,0.015231585,0.041811507,-0.0004167922
4412,11.4,1.7142857,4.923077,0.0011645406,0.039550293,-0.00044612115
4413,11.4,2.2857144,4.923077,-0.0030043388,0.040823292,-0.00046104737
4414,11.4,2.857143,4.923077,-0.017288344,0.040260237,-0.00046809603
4415,11.4,3.4285715,4.923077,-0.021728976,0.040009223,-0.00054140034
4416,11.4,4.0,4.923077,-0.03614811,0.04072795,-0.0006140566
4417,11.4,0.0,4.3076925,0.03332933,0.042668622,-0.00044969155
4418,11.4,0.5714286,4.3076925,0.019315701,0.03886812,-0.00047666387
4419,11.4,1.1428572,4.3076925,0.015198251,0.041807756,-0.0004937844
4420,11.4,1.7142857,4.3076925,0.0011487718,0.03953714,-0.00048371815
4421,11.4,2.2857144,4.3076925,-0.0030346103,0.0408115,-0.00049615337
4422,11.4,2.857143,4.3076925,-0.017306302,0.04024417,-0.0005116857
4423,11.4,3.4285715,4.3076925,-0.021752477,0.039996102,-0.00046746075
4424,11.4,4.0,4.3076925,-0.036167074,0.04070905,-0.00042826543
4425,11.4,0.0,3.6923077,0.033316847,0.04266845,-0.0005822211
4426,11.4,0.5714286,3.6923077,0.019303596,0.03886847,-0.00055416464
4427,11.4,1.1428572,3.6923077,0.015185775,0.041807707,-0.00053693313
4428,11.4,1.7142857,3.6923077,0.0011366676,0.03953743,-0.0005459484
4429,11.4,2.2857144,3.6923077,-0.0030470954,0.040811542,-0.00053342595
4430,11.4,2.857143,3.6923077,-0.01731842,0.04024438,-0.00051684765
4431,11.4,3.4285715,3.6923077,-0.021764971,0.03999621,-0.00056094787
4432,11.4,4.0,3.6923077,-0.036179192,0.04070919,-0.00059904985
4433,11.4,0.0,3.0769231,0.03330968,0.04267684,-0.0006041784
4434,11.4,0.5714286,3.0769231,0.019298228,0.03888465,-0.00061722705
4435,11.4,1.1428572,3.0769231,0.015194214,0.041811444,-0.00061385444
4436,11.4,1.7142857,3.0769231,0.0011281855,0.039551087,-0.0005836221
4437,11.4,2.2857144,3.0769231,-0.0030417554,0.040823467,-0.00056845916
4438,11.4,2.857143,3.0769231,-0.017324738,0.04026082,-0.0005605099
4439,11.4,3.4285715,3.0769231,-0.021766447,0.040009577,-0.00048694076
4440,11.4,4.0,3.0769231,-0.036184564,0.040728375,-0.00041333967
4441,11.4,0.0,2.4615386,0.033354517,0.04267617,-0.0007075108
4442,11.4,0.5714286,2.4615386,0.019305738,0.038886312,-0.00068031036
4443,11.4,1.1428572,2.4615386,0.015204907,0.041837815,-0.0006459074
4444,11.4,1.7142857,2.4615386,0.0011396098,0.039577972,-0.00063129276
4445,11.4,2.2857144,2.4615386,-0.0030236905,0.04084434,-0.00059837743
4446,11.4,2.857143,2.4615386,-0.017318102,0.040299077,-0.00055377994
4447,11.4,3.4285715,2.4615386,-0.021744637,0.040035486,-0.0005712098
4448,11.4,4.0,2.4615386,-0.03620281,0.04077564,-0.0005923207
4449,11.4,0.0,1.8461539,0.033348802,0.04268784,-0.00074470043
4450,11.4,0.5714286,1.8461539,0.019321118,0.038955305,-0.00071643747
4451,11.4,1.1428572,1.8461539,0.015251739,0.041835375,-0.0006886818
4452,11.4,1.7142857,1.8461539,0.0011534684,0.039641663,-0.0006542446
4453,11.4,2.2857144,1.8461539,-0.0029775868,0.04087,-0.0006075389
4454,11.4,2.857143,1.8461539,-0.017287714,0.040362783,-0.00058677286
4455,11.4,3.4285715,1.8461539,-0.021709045,0.04007078,-0.00048674218
4456,11.4,4.0,1.8461539,-0.036157757,0.040835757,-0.00036096177
4457,11.4,0.0,1.2307693,0.033461694,0.042730622,-0.0007348709
4458,11.4,0.5714286,1.2307693,0.01940099,0.038941674,-0.00074266916
4459,11.4,1.1428572,1.2307693,0.015300097,0.04193052,-0.00071166724
4460,11.4,1.7142857,1.2307693,0.0012402253,0.03965872,-0.00065485056
4461,11.4,2.2857144,1.2307693,-0.0029149435,0.040953603,-0.0006295683
4462,11.4,2.857143,1.2307693,-0.017208941,0.040410243,-0.0005529113
4463,11.4,3.4285715,1.2307693,-0.021627981,0.04015236,-0.000549921
4464,11.4,4.0,1.2307693,-0.03610691,0.04090657,-0.0005890017
4465,11.4,0.0,0.61538464,0.033478234,0.04277523,-0.000882026
4466,11.4,0.5714286,0.61538464,0.019656288,0.039028686,-0.0007399311
4467,11.4,1.1428572,0.61538464,0.015374957,0.041947443,-0.0006830324
4468,11.4,1.7142857,0.61538464,0.0014732396,0.0397385,-0.000686606
4469,11.4,2.2857144,0.61538464,-0.0028700582,0.041026544,-0.0005847358
4470,11.4,2.857143,0.61538464,-0.016980289,0.040459663,-0.00057628576
4471,11.4,3.4285715,0.61538464,-0.021619234,0.040273108,-0.0004756778
4472,11.4,4.0,0.61538464,-0.03584519,0.040910136,-0.00027477441
4473,11.4,0.0,0.0,0.03364468,0.042624265,-0.0006280079
4474,11.4,0.5714286,0.0,0.019963501,0.03920489,-0.000747398
4475,11.4,1.1428572,0.0,0.01546376,0.04192698,-0.00076200475
4476,11.4,1.7142857,0.0,0.0017901772,0.03984049,-0.0005625253
4477,11.4,2.2857144,0.0,-0.0027834682,0.041077916,-0.0006558212
4478,11.4,2.857143,0.0,-0.016712723,0.04052044,-0.0005043328
4479,11.4,3.4285715,0.0,-0.021566141,0.0403481,-0.00049872254
4480,11.4,4.0,0.0,-0.035653207,0.04099027,-0.0006278358
4481,12.0,0.0,8.0,0.028793462,0.04855315,-0.00030358843
4482,12.0,0.5714286,8.0,0.02489381,0.051856853,-0.00050853944
4483,12.0,1.1428572,8.0,0.0106956875,0.049065318,-0.0006238442
4484,12.0,1.7142857,8.0,0.0067293835,0.05112123,-0.0005385257
4485,12.0,2.2857144,8.0,-0.007593572,0.049885474,-0.0007335317
4486,12.0,2.857143,8.0,-0.011760499,0.05049734,-0.0006537647
4487,12.0,3.4285715,8.0,-0.026385503,0.050609108,-0.00072673464
4488,12.0,4.0,8.0,-0.030630397,0.049844664,-0.00091689336
4489,12.0,0.0,7.3846154,0.028588908,0.048322693,-0.0005421355
4490,12.0,0.5714286,7.3846154,0.024785483,0.05191416,-0.00048011306
4491,12.0,1.1428572,7.3846154,0.0103052175,0.04893039,-0.00050180184
4492,12.0,1.7142857,7.3846154,0.0066719525,0.051097166,-0.0005989847
4493,12.0,2.2857144,7.3846154,-0.00795248,0.0498107,-0.00058312016
4494,12.0,2.857143,7.3846154,-0.011840942,0.05043769,-0.00066433736
4495,12.0,3.4285715,7.3846154,-0.0266237,0.05055287,-0.00065253186
4496,12.0,4.0,7.3846154,-0.030761003,0.049819987,-0.0005687358
4497,12.0,0.0,6.769231,0.028168004,0.04825145,-0.00036908843
4498,12.0,0.5714286,6.769231,0.024711795,0.051906314,-0.00045127675
4499,12.0,1.1428572,6.769231,0.010057752,0.048839595,-0.0004861578
4500,12.0,1.7142857,6.769231,0.0065717706,0.051055714,-0.00050455047
4501,12.0,2.2857144,6.769231,-0.008201684,0.04974208,-0.0005646242
4502,12.0,2.857143,6.769231,-0.011882848,0.050330304,-0.0005776981
4503,12.0,3.4285715,6.769231,-0.02690473,0.050518878,-0.0006711744
4504,12.0,4.0,6.769231,-0.030724486,0.049665764,-0.0008323565
4505,12.0,0.0,6.1538463,0.02816205,0.048244927,-0.00040080483
4506,12.0,0.5714286,6.1538463,0.024612363,0.051810175,-0.0004129502
4507,12.0,1.1428572,6.1538463,0.009925924,0.048844434,-0.0004457201
4508,12.0,1.7142857,6.1538463,0.006502581,0.05096593,-0.0004786757
4509,12.0,2.2857144,6.1538463,-0.008322405,0.04970732,-0.0005070696
4510,12.0,2.857143,6.1538463,-0.011979292,0.05024918,-0.0005650499
4511,12.0,3.4285715,6.1538463,-0.026991313,0.050460063,-0.0005539469
4512,12.0,4.0,6.1538463,-0.030882096,0.049604904,-0.000527781
4513,12.0,0.0,5.5384617,0.02804717,0.04821822,-0.00041611775
4514,12.0,0.5714286,5.5384617,0.024551619,0.051830195,-0.00042733864
4515,12.0,1.1428572,5.5384617,0.009900829,0.04877522,-0.0004361632
4516,12.0,1.7142857,5.5384617,0.006419373,0.050953105,-0.00047487338
4517,12.0,2.2857144,5.5384617,-0.008362395,0.049646027,-0.000497846
4518,12.0,2.857143,5.5384617,-0.012052977,0.050213754,-0.0005173578
4519,12.0,3.4285715,5.5384617,-0.027055638,0.050392274,-0.000594314
4520,12.0,4.0,5.5384617,-0.030901732,0.04954775,-0.0006979252
4521,12.0,0.0,4.923077,0.0280641,0.04820315,-0.00042887084
4522,12.0,0.5714286,4.923077,0.024506513,0.051800143,-0.00045307766
4523,12.0,1.1428572,4.923077,0.009857667,0.048762754,-0.0004781457
4524,12.0,1.7142857,4.923077,0.006385344,0.0509303,-0.00047960164
4525,12.0,2.2857144,4.923077,-0.008402844,0.049610794,-0.00050219544
4526,12.0,2.857143,4.923077,-0.012096673,0.050189164,-0.0005287697
4527,12.0,3.4285715,4.923077,-0.02707818,0.050344884,-0.00049713795
4528,12.0,4.0,4.923077,-0.030966686,0.04951861,-0.00046596237
4529,12.0,0.0,4.3076925,0.028020844,0.048201244,-0.0005224799
4530,12.0,0.5714286,4.3076925,0.024475195,0.051802687,-0.0005072004
4531,12.0,1.1428572,4.3076925,0.009844801,0.048747204,-0.0004961908
4532,12.0,1.7142857,4.3076925,0.006349563,0.05092079,-0.000518424
4533,12.0,2.2857144,4.3076925,-0.00841734,0.04959574,-0.0005150352
4534,12.0,2.857143,4.3076925,-0.012127523,0.050173666,-0.00051477295
4535,12.0,3.4285715,4.3076925,-0.02709625,0.0503235,-0.0005669547
4536,12.0,4.0,4.3076925,-0.030975474,0.049496386,-0.000626703
4537,12.0,0.0,3.6923077,0.028008828,0.0482017,-0.0005329044
4538,12.0,0.5714286,3.6923077,0.024462704,0.051802635,-0.00054805883
4539,12.0,1.1428572,3.6923077,0.009832736,0.048747543,-0.00055799383
4540,12.0,1.7142857,3.6923077,0.006337054,0.05092079,-0.0005356975
4541,12.0,2.2857144,3.6923077,-0.008429422,0.049595993,-0.00053803134
4542,12.0,2.857143,3.6923077,-0.012140045,0.05017375,-0.0005382226
4543,12.0,3.4285715,3.6923077,-0.027108356,0.050323687,-0.00048497054
4544,12.0,4.0,3.6923077,-0.030988028,0.049496535,-0.0004250849
4545,12.0,0.0,3.0769231,0.028027818,0.048204247,-0.00062658597
4546,12.0,0.5714286,3.0769231,0.024469055,0.051799957,-0.0006021194
4547,12.0,1.1428572,3.0769231,0.0098214215,0.04876368,-0.00057611265
4548,12.0,1.7142857,3.0769231,0.0063478556,0.050930377,-0.0005744473
4549,12.0,2.2857144,3.0769231,-0.008439126,0.049611494,-0.00055094523
4550,12.0,2.857143,3.0769231,-0.012134195,0.05018945,-0.00052415405
4551,12.0,3.4285715,3.0769231,-0.027114512,0.05034541,-0.0005548559
4552,12.0,4.0,3.0769231,-0.03100423,0.04951906,-0.0005857508
4553,12.0,0.0,2.4615386,0.027986791,0.048220042,-0.0006393729
4554,12.0,0.5714286,2.4615386,0.024489263,0.05183005,-0.00062779104
4555,12.0,1.1428572,2.4615386,0.00984036,0.04877668,-0.00061815867
4556,12.0,1.7142857,2.4615386,0.006356962,0.050953284,-0.00057912496
4557,12.0,2.2857144,2.4615386,-0.008422934,0.04964715,-0.0005553498
4558,12.0,2.857143,2.4615386,-0.012115447,0.050214257,-0.0005355089
4559,12.0,3.4285715,2.4615386,-0.027116269,0.05039312,-0.00045773908
4560,12.0,4.0,2.4615386,-0.03096429,0.049548514,-0.00035374818
4561,12.0,0.0,1.8461539,0.028077407,0.048247494,-0.0006547498
4562,12.0,0.5714286,1.8461539,0.024524987,0.051809758,-0.00064219977
4563,12.0,1.1428572,1.8461539,0.009841338,0.048846584,-0.000608599
4564,12.0,1.7142857,1.8461539,0.006415119,0.050966065,-0.0005753315
4565,12.0,2.2857144,1.8461539,-0.008407076,0.04970895,-0.0005461259
4566,12.0,2.857143,1.8461539,-0.012066822,0.050249804,-0.00048781658
4567,12.0,3.4285715,1.8461539,-0.027076099,0.05046128,-0.0004980971
4568,12.0,4.0,1.8461539,-0.030969692,0.0496059,-0.0005238746
4569,12.0,0.0,1.2307693,0.028059497,0.04825511,-0.0006863204
4570,12.0,0.5714286,1.2307693,0.024599325,0.05190559,-0.00060386205
4571,12.0,1.1428572,1.2307693,0.0099490965,0.048842505,-0.00056820404
4572,12.0,1.7142857,1.2307693,0.0064592245,0.05105573,-0.00054943183
4573,12.0,2.2857144,1.2307693,-0.0083104465,0.04974425,-0.0004885973
4574,12.0,2.857143,1.2307693,-0.011995473,0.050331008,-0.00047514102
4575,12.0,3.4285715,1.2307693,-0.027013632,0.050520454,-0.00038088838
4576,12.0,4.0,1.2307693,-0.03083724,0.049667027,-0.00021931711
4577,12.0,0.0,0.61538464,0.028456213,0.048327275,-0.0005136025
4578,12.0,0.5714286,0.61538464,0.024647817,0.05191294,-0.0005750275
4579,12.0,1.1428572,0.61538464,0.010172628,0.048934117,-0.00055251207
4580,12.0,1.7142857,0.61538464,0.006534162,0.051096983,-0.0004550616
4581,12.0,2.2857144,0.61538464,-0.0080851745,0.049813434,-0.00047005512
4582,12.0,2.857143,0.61538464,-0.011978793,0.050438426,-0.0003885414
4583,12.0,3.4285715,0.61538464,-0.026756544,0.050554816,-0.00039949137
4584,12.0,4.0,0.61538464,-0.030898942,0.049821455,-0.00048291724
4585,12.0,0.0,0.0,0.028636793,0.04855857,-0.00075150124
4586,12.0,0.5714286,0.0,0.02473119,0.05185551,-0.000546729
4587,12.0,1.1428572,0.0,0.010538853,0.04906964,-0.0004305205
4588,12.0,1.7142857,0.0,0.006566683,0.05112099,-0.0005154656
4589,12.0,2.2857144,0.0,-0.007750506,0.04988865,-0.0003196945
4590,12.0,2.857143,0.0,-0.011923268,0.050498173,-0.00039908168
4591,12.0,3.4285715,0.0,-0.0265426,0.05061137,-0.00032531534
4592,12.0,4.0,0.0,-0.030793292,0.049846347,-0.00013480676
