NodeLabel,X_mm,Y_mm,Z_mm,U1_mm,U2_mm,U3_mm
1,-12.0,0.0,8.0,-0.029842565,0.050533872,0.00020037447
2,-12.0,0.5714286,8.0,-0.025599003,0.053827997,-5.0784206e-06
3,-12.0,1.1428572,8.0,-0.011085236,0.05100473,-0.000110736175
4,-12.0,1.7142857,8.0,-0.0067584636,0.05317315,-3.450494e-05
5,-12.0,2.2857144,8.0,0.007934462,0.051789764,-0.00020882094
6,-12.0,2.857143,8.0,0.012479859,0.052602842,-0.00012421995
7,-12.0,3.4285715,8.0,0.027448744,0.052462857,-0.00019700229
8,-12.0,4.0,8.0,0.032053903,0.05196914,-0.0003583665
9,-12.0,0.0,7.3846154,-0.029661516,0.050335675,-3.7688656e-05
10,-12.0,0.5714286,7.3846154,-0.025494432,0.053873077,3.111079e-05
11,-12.0,1.1428572,7.3846154,-0.010729397,0.05088128,9.568222e-06
12,-12.0,1.7142857,7.3846154,-0.00670064,0.053152874,-7.9019184e-05
13,-12.0,2.2857144,7.3846154,0.008260563,0.051718432,-6.02756e-05
14,-12.0,2.857143,7.3846154,0.012548131,0.05255152,-0.0001321004
15,-12.0,3.4285715,7.3846154,0.027659422,0.05240454,-0.00011819769
16,-12.0,4.0,7.3846154,0.032165524,0.051950157,-4.9708673e-05
17,-12.0,0.0,6.769231,-0.029282076,0.050275158,0.00014486113
18,-12.0,0.5714286,6.769231,-0.025428306,0.05386102,6.162809e-05
19,-12.0,1.1428572,6.769231,-0.010514057,0.050802764,3.143939e-05
20,-12.0,1.7142857,6.769231,-0.006611444,0.053112663,1.776677e-05
21,-12.0,2.2857144,6.769231,0.00847318,0.051647797,-3.617889e-05
22,-12.0,2.857143,6.769231,0.0125819435,0.052454695,-4.8488197e-05
23,-12.0,3.4285715,6.769231,0.027898127,0.05236225,-0.00013429388
24,-12.0,4.0,6.769231,0.032125197,0.05181369,-0.00027926784
25,-12.0,0.0,6.1538463,-0.029297208,0.05027554,0.00010360631
26,-12.0,0.5714286,6.1538463,-0.025344044,0.053772997,0.000101129124
27,-12.0,1.1428572,6.1538463,-0.010412558,0.050808907,7.3443734e-05
28,-12.0,1.7142857,6.1538463,-0.006558743,0.05302694,4.314176e-05
29,-12.0,2.2857144,6.1538463,0.008561948,0.05161822,1.8496134e-05
30,-12.0,2.857143,6.1538463,0.012656555,0.05237639,-3.217257e-05
31,-12.0,3.4285715,6.1538463,0.027953124,0.05230691,-2.0927742e-05
32,-12.0,4.0,6.1538463,0.032251325,0.051752944,-1.8056041e-06
33,-12.0,0.0,5.5384617,-0.029208163,0.05025684,9.890494e-05
34,-12.0,0.5714286,5.5384617,-0.025302768,0.05378727,8.5899e-05
35,-12.0,1.1428572,5.5384617,-0.01041081,0.050750136,7.827992e-05
36,-12.0,1.7142857,5.5384617,-0.00649836,0.05301385,4.470663e-05
37,-12.0,2.2857144,5.5384617,0.008574524,0.051563606,2.4791285e-05
38,-12.0,2.857143,5.5384617,0.012704981,0.05234201,6.508713e-06
39,-12.0,3.4285715,5.5384617,0.027983936,0.052244775,-6.2572624e-05
40,-12.0,4.0,5.5384617,0.032246154,0.051696222,-0.00015463635
41,-12.0,0.0,4.923077,-0.029246422,0.05024595,7.46992e-05
42,-12.0,0.5714286,4.923077,-0.025278507,0.05376066,5.626889e-05
43,-12.0,1.1428572,4.923077,-0.010392907,0.05074149,3.447525e-05
44,-12.0,1.7142857,4.923077,-0.0064866324,0.052991863,3.350312e-05
45,-12.0,2.2857144,4.923077,0.008587137,0.05153398,1.30801445e-05
46,-12.0,2.857143,4.923077,0.012722621,0.05231821,-8.794009e-06
47,-12.0,3.4285715,4.923077,0.027976982,0.052201796,2.1029164e-05
48,-12.0,4.0,4.923077,0.032278832,0.051666845,4.6888785e-05
49,-12.0,0.0,4.3076925,-0.029227182,0.050246354,-1.2080957e-05
50,-12.0,0.5714286,4.3076925,-0.025270356,0.05376178,3.129383e-07
51,-12.0,1.1428572,4.3076925,-0.010404208,0.050729044,9.927538e-06
52,-12.0,1.7142857,4.3076925,-0.0064755133,0.052982863,-1.0247738e-05
53,-12.0,2.2857144,4.3076925,0.008575825,0.051521264,-7.029032e-06
54,-12.0,2.857143,4.3076925,0.012727348,0.052303392,-8.120237e-06
55,-12.0,3.4285715,4.3076925,0.027966894,0.052182686,-5.6100744e-05
56,-12.0,4.0,4.3076925,0.03226151,0.051644947,-0.00010847446
57,-12.0,0.0,3.6923077,-0.029239882,0.050245944,-3.137365e-05
58,-12.0,0.5714286,3.6923077,-0.025283422,0.053761788,-4.4392287e-05
59,-12.0,1.1428572,3.6923077,-0.010416863,0.0507287,-5.4746768e-05
60,-12.0,1.7142857,3.6923077,-0.0064885654,0.052982796,-3.5110435e-05
61,-12.0,2.2857144,3.6923077,0.008563141,0.051520992,-3.903801e-05
62,-12.0,2.857143,3.6923077,0.012714275,0.052303262,-3.849308e-05
63,-12.0,3.4285715,3.6923077,0.027954193,0.05218247,8.752878e-06
64,-12.0,4.0,3.6923077,0.032248434,0.05164477,6.049044e-05
65,-12.0,0.0,3.0769231,-0.029284304,0.05024475,-0.0001182231
66,-12.0,0.5714286,3.0769231,-0.025317581,0.053760678,-0.000100314166
67,-12.0,1.1428572,3.0769231,-0.01043088,0.050740466,-7.932666e-05
68,-12.0,1.7142857,3.0769231,-0.0065258024,0.052991677,-7.882243e-05
69,-12.0,2.2857144,3.0769231,0.008549104,0.05153315,-5.918796e-05
70,-12.0,2.857143,3.0769231,0.01268339,0.052317828,-3.7782072e-05
71,-12.0,3.4285715,3.0769231,0.027938858,0.052201137,-6.8418616e-05
72,-12.0,4.0,3.0769231,0.03223951,0.0516663,-9.482617e-05
73,-12.0,0.0,2.4615386,-0.029271437,0.050254855,-0.00014240711
74,-12.0,0.5714286,2.4615386,-0.025367977,0.053787287,-0.00012988702
75,-12.0,1.1428572,2.4615386,-0.010474103,0.05074846,-0.00012316782
76,-12.0,1.7142857,2.4615386,-0.0065636267,0.053013522,-8.998779e-05
77,-12.0,2.2857144,2.4615386,0.008511124,0.051562265,-7.093434e-05
78,-12.0,2.857143,2.4615386,0.012639612,0.052341357,-5.3057396e-05
79,-12.0,3.4285715,2.4615386,0.027920417,0.052243706,1.51420845e-05
80,-12.0,4.0,2.4615386,0.032180697,0.051695313,0.0001067169
81,-12.0,0.0,1.8461539,-0.029385675,0.05027278,-0.00014717443
82,-12.0,0.5714286,1.8461539,-0.025435308,0.05377304,-0.00014512909
83,-12.0,1.1428572,1.8461539,-0.010501128,0.050806582,-0.00011831921
84,-12.0,1.7142857,1.8461539,-0.0066501694,0.053026497,-8.8417924e-05
85,-12.0,2.2857144,1.8461539,0.008473246,0.05161636,-6.464798e-05
86,-12.0,2.857143,1.8461539,0.012565,0.052375484,-1.4379038e-05
87,-12.0,3.4285715,1.8461539,0.027864238,0.05230544,-2.651453e-05
88,-12.0,4.0,1.8461539,0.032159604,0.051751666,-4.6090154e-05
89,-12.0,0.0,1.2307693,-0.0293957,0.050271302,-0.00018839366
90,-12.0,0.5714286,1.2307693,-0.02554593,0.053861402,-0.00010557717
91,-12.0,1.1428572,1.2307693,-0.010627748,0.05079956,-7.63195e-05
92,-12.0,1.7142857,1.2307693,-0.0067291744,0.053112313,-6.303466e-05
93,-12.0,2.2857144,1.2307693,0.0083593335,0.051645316,-9.977443e-06
94,-12.0,2.857143,1.2307693,0.01246406,0.052453645,1.928528e-06
95,-12.0,3.4285715,1.2307693,0.027784089,0.052360367,8.683458e-05
96,-12.0,4.0,1.2307693,0.03200716,0.05181208,0.00023134521
97,-12.0,0.0,0.61538464,-0.02980037,0.05033081,-5.782117e-06
98,-12.0,0.5714286,0.61538464,-0.025638169,0.053873766,-7.511235e-05
99,-12.0,1.1428572,0.61538464,-0.010868315,0.050877273,-5.443608e-05
100,-12.0,1.7142857,0.61538464,-0.006844578,0.053152602,3.3760793e-05
101,-12.0,2.2857144,0.61538464,0.00812147,0.051715344,1.4115614e-05
102,-12.0,2.857143,0.61538464,0.012404056,0.05255037,8.553826e-05
103,-12.0,3.4285715,0.61538464,0.027520088,0.052402213,7.0731956e-05
104,-12.0,4.0,0.61538464,0.03202125,0.051948313,1.8154758e-06
105,-12.0,0.0,0.0,-0.030007023,0.050528575,-0.00024405084
106,-12.0,0.5714286,0.0,-0.02576863,0.053828515,-3.8829083e-05
107,-12.0,1.1428572,0.0,-0.01124978,0.051000293,6.592013e-05
108,-12.0,1.7142857,0.0,-0.0069282064,0.05317273,-1.0805644e-05
109,-12.0,2.2857144,0.0,0.007769759,0.051786277,0.0001627096
110,-12.0,2.857143,0.0,0.012309946,0.0526015,7.762857e-05
111,-12.0,3.4285715,0.0,0.02728383,0.05246017,0.00014955498
112,-12.0,4.0,0.0,0.03188382,0.05196704,0.00031042597
113,-11.4,0.0,8.0,-0.034861196,0.044234794,8.455909e-05
114,-11.4,0.5714286,8.0,-0.020823557,0.040809598,0.000210778
115,-11.4,1.1428572,8.0,-0.016033577,0.0435775,0.00021867416
116,-11.4,1.7142857,8.0,-0.001973416,0.041384965,3.7509682e-05
117,-11.4,2.2857144,8.0,0.0029439142,0.04278384,0.00012776545
118,-11.4,2.857143,8.0,0.017280307,0.042015154,-1.6007232e-05
119,-11.4,3.4285715,8.0,0.022450373,0.04208494,-1.0550354e-05
120,-11.4,4.0,8.0,0.03691959,0.042445432,9.3202005e-05
121,-11.4,0.0,7.3846154,-0.034683,0.0443601,0.0003414293
122,-11.4,0.5714286,7.3846154,-0.020520035,0.040654678,0.00019982699
123,-11.4,1.1428572,7.3846154,-0.015926665,0.043594662,0.00015008693
124,-11.4,1.7142857,7.3846154,-0.001658052,0.041290224,0.0001564047
125,-11.4,2.2857144,7.3846154,0.0030448388,0.04274048,6.179217e-05
126,-11.4,2.857143,7.3846154,0.01754293,0.041954633,5.5970526e-05
127,-11.4,3.4285715,7.3846154,0.022514692,0.042020034,-3.9750048e-05
128,-11.4,4.0,7.3846154,0.037110012,0.042362824,-0.00021824687
129,-11.4,0.0,6.769231,-0.034647558,0.04431572,0.00018643416
130,-11.4,0.5714286,6.769231,-0.020272672,0.040583774,0.00020534935
131,-11.4,1.1428572,6.769231,-0.01583822,0.043575786,0.00017842169
132,-11.4,1.7142857,6.769231,-0.0014351658,0.041217092,0.00012579643
133,-11.4,2.2857144,6.769231,0.0031029957,0.042676236,0.00010370643
134,-11.4,2.857143,6.769231,0.01775923,0.04190216,3.4858735e-05
135,-11.4,3.4285715,6.769231,0.02253708,0.041913852,3.2569445e-05
136,-11.4,4.0,6.769231,0.037354324,0.042349298,6.22517e-05
137,-11.4,0.0,6.1538463,-0.03452704,0.044274613,0.00020835997
138,-11.4,0.5714286,6.1538463,-0.020195577,0.04059973,0.00017818356
139,-11.4,1.1428572,6.1538463,-0.015780794,0.04348754,0.00015264263
140,-11.4,1.7142857,6.1538463,-0.0013538091,0.04120656,0.00012363796
141,-11.4,2.2857144,6.1538463,0.0031705992,0.04259676,8.081863e-05
142,-11.4,2.857143,6.1538463,0.01783024,0.041861173,6.095728e-05
143,-11.4,3.4285715,6.1538463,0.02261877,0.041837897,-3.095037e-05
144,-11.4,4.0,6.1538463,0.037395675,0.0422836,-0.0001423755
145,-11.4,0.0,5.5384617,-0.034524772,0.04426177,0.0001574626
146,-11.4,0.5714286,5.5384617,-0.020178773,0.040545117,0.00013854887
147,-11.4,1.1428572,5.5384617,-0.015730139,0.04348877,0.000108989494
148,-11.4,1.7142857,5.5384617,-0.0013412918,0.041152596,9.54718e-05
149,-11.4,2.2857144,5.5384617,0.003217773,0.042574167,6.54895e-05
150,-11.4,2.857143,5.5384617,0.017854854,0.041806523,2.6974081e-05
151,-11.4,3.4285715,5.5384617,0.022652464,0.041804984,4.3437074e-05
152,-11.4,4.0,5.5384617,0.037428766,0.042230744,6.0261747e-05
153,-11.4,0.0,4.923077,-0.034476046,0.044263396,6.177335e-05
154,-11.4,0.5714286,4.923077,-0.020170772,0.040546976,7.3301366e-05
155,-11.4,1.1428572,4.923077,-0.015715757,0.04346513,7.0157905e-05
156,-11.4,1.7142857,4.923077,-0.0013314759,0.04113304,4.3508036e-05
157,-11.4,2.2857144,4.923077,0.003236217,0.042555455,3.0098365e-05
158,-11.4,2.857143,4.923077,0.017856982,0.041775245,2.2075914e-05
159,-11.4,3.4285715,4.923077,0.022670917,0.041782156,-4.490955e-05
160,-11.4,4.0,4.923077,0.037404317,0.04218901,-0.000108839005
161,-11.4,0.0,4.3076925,-0.03448054,0.044255067,2.927547e-05
162,-11.4,0.5714286,4.3076925,-0.02017562,0.040535938,5.5077007e-06
163,-11.4,1.1428572,4.3076925,-0.01570633,0.04346202,-9.90286e-06
164,-11.4,1.7142857,4.3076925,-0.001340678,0.04112313,-1.378708e-06
165,-11.4,2.2857144,4.3076925,0.0032411919,0.042545345,-1.3401246e-05
166,-11.4,2.857143,4.3076925,0.017848017,0.04176249,-2.669293e-05
167,-11.4,3.4285715,4.3076925,0.022667727,0.04177016,1.3747233e-05
168,-11.4,4.0,4.3076925,0.037393942,0.042172942,4.6676545e-05
169,-11.4,0.0,3.6923077,-0.03449348,0.044255123,-9.772938e-05
170,-11.4,0.5714286,3.6923077,-0.020188274,0.04053557,-7.471001e-05
171,-11.4,1.1428572,3.6923077,-0.015719349,0.043462,-5.9900274e-05
172,-11.4,1.7142857,3.6923077,-0.0013533746,0.041122835,-6.912922e-05
173,-11.4,2.2857144,3.6923077,0.0032281547,0.04254525,-5.768341e-05
174,-11.4,2.857143,3.6923077,0.017835299,0.041762255,-4.509216e-05
175,-11.4,3.4285715,3.6923077,0.022654654,0.04177001,-8.6149885e-05
176,-11.4,4.0,3.6923077,0.03738118,0.04217276,-0.00011984321
177,-11.4,0.0,3.0769231,-0.034515105,0.044263516,-0.00013015298
178,-11.4,0.5714286,3.0769231,-0.02020883,0.040545877,-0.00014253525
179,-11.4,1.1428572,3.0769231,-0.015754808,0.043465078,-0.0001399224
180,-11.4,1.7142857,3.0769231,-0.0013695587,0.04113215,-0.00011405457
181,-11.4,2.2857144,3.0769231,0.0031970975,0.042555194,-0.00010114121
182,-11.4,2.857143,3.0769231,0.01781883,0.041774545,-9.390373e-05
183,-11.4,3.4285715,3.0769231,0.02263173,0.041781723,-2.7452126e-05
184,-11.4,4.0,3.0769231,0.03736612,0.042188462,3.5625402e-05
185,-11.4,0.0,2.4615386,-0.034589723,0.044261985,-0.00022587323
186,-11.4,0.5714286,2.4615386,-0.020242142,0.040543307,-0.0002078287
187,-11.4,1.1428572,2.4615386,-0.015795225,0.04348867,-0.0001787085
188,-11.4,1.7142857,2.4615386,-0.0014047698,0.04115114,-0.00016605195
189,-11.4,2.2857144,2.4615386,0.0031525835,0.042573713,-0.00013649983
190,-11.4,2.857143,2.4615386,0.01779127,0.041805383,-9.883481e-05
191,-11.4,3.4285715,2.4615386,0.022587145,0.04180425,-0.00011576528
192,-11.4,4.0,2.4615386,0.037365045,0.042229854,-0.00013348667
193,-11.4,0.0,1.8461539,-0.034618154,0.044274915,-0.000276693
194,-11.4,0.5714286,1.8461539,-0.020284329,0.04059722,-0.00024744193
195,-11.4,1.1428572,1.8461539,-0.015871953,0.04348741,-0.00022236093
196,-11.4,1.7142857,1.8461539,-0.0014426392,0.041204534,-0.00019421751
197,-11.4,2.2857144,1.8461539,0.0030793003,0.042596143,-0.00015182166
198,-11.4,2.857143,1.8461539,0.017741267,0.0418596,-0.00013282649
199,-11.4,3.4285715,1.8461539,0.02252732,0.041836873,-4.1372754e-05
200,-11.4,4.0,1.8461539,0.037306573,0.04228239,6.913002e-05
201,-11.4,0.0,1.2307693,-0.034764767,0.044316486,-0.0002548262
202,-11.4,0.5714286,1.2307693,-0.020386586,0.04058027,-0.00027463757
203,-11.4,1.1428572,1.2307693,-0.015955588,0.04357589,-0.0002481202
204,-11.4,1.7142857,1.2307693,-0.0015492223,0.041214332,-0.00019637686
205,-11.4,2.2857144,1.2307693,0.002985466,0.042675585,-0.00017470606
206,-11.4,2.857143,1.2307693,0.017645014,0.04190009,-0.0001067268
207,-11.4,3.4285715,1.2307693,0.022419354,0.04191259,-0.000104889805
208,-11.4,4.0,1.2307693,0.03723991,0.042347778,-0.00013545483
209,-11.4,0.0,0.61538464,-0.034826398,0.044361275,-0.00040985586
210,-11.4,0.5714286,0.61538464,-0.020659328,0.040650252,-0.00026905214
211,-11.4,1.1428572,0.61538464,-0.016070131,0.043594956,-0.00021978174
212,-11.4,1.7142857,0.61538464,-0.0017974405,0.041286767,-0.00022698018
213,-11.4,2.2857144,0.61538464,0.0029011972,0.042739823,-0.00013278378
214,-11.4,2.857143,0.61538464,0.017403372,0.04195205,-0.00012783636
215,-11.4,3.4285715,0.61538464,0.02237086,0.042018615,-3.2567707e-05
216,-11.4,4.0,0.61538464,0.036970284,0.042360935,0.00014502576
217,-11.4,0.0,0.0,-0.03503031,0.044235792,-0.00015278051
218,-11.4,0.5714286,0.0,-0.020988416,0.04080476,-0.00028007015
219,-11.4,1.1428572,0.0,-0.016202865,0.04357765,-0.0002884045
220,-11.4,1.7142857,0.0,-0.0021384195,0.041381087,-0.00010801639
221,-11.4,2.2857144,0.0,0.002774449,0.04278302,-0.00019878942
222,-11.4,2.857143,0.0,0.017115135,0.042012196,-5.582819e-05
223,-11.4,3.4285715,0.0,0.022280699,0.042083297,-6.177112e-05
224,-11.4,4.0,0.0,0.036754206,0.04244321,-0.00016637665
225,-10.8,0.0,8.0,-0.030506244,0.030680763,0.0005919566
226,-10.8,0.5714286,8.0,-0.025326632,0.034027796,0.0004182791
227,-10.8,1.1428572,8.0,-0.011722375,0.031053824,0.0003264872
228,-10.8,1.7142857,8.0,-0.0065099765,0.033178512,0.0004220871
229,-10.8,2.2857144,8.0,0.0073021506,0.03165661,0.000227936
230,-10.8,2.857143,8.0,0.012688201,0.032291297,0.00024357365
231,-10.8,3.4285715,8.0,0.026846576,0.03216518,0.00010420222
232,-10.8,4.0,8.0,0.032370944,0.03162306,-0.0001728777
233,-10.8,0.0,7.3846154,-0.030219538,0.030466786,0.00033530864
234,-10.8,0.5714286,7.3846154,-0.025181277,0.034113124,0.0004144521
235,-10.8,1.1428572,7.3846154,-0.011383244,0.030931514,0.0003999162
236,-10.8,1.7142857,7.3846154,-0.0063675838,0.0331496,0.0003075278
237,-10.8,2.2857144,7.3846154,0.0075946175,0.031563334,0.00029330768
238,-10.8,2.857143,7.3846154,0.012794295,0.03220118,0.00018348455
239,-10.8,3.4285715,7.3846154,0.027070543,0.03206564,0.00014725157
240,-10.8,4.0,7.3846154,0.0324424,0.031528696,0.0001855057
241,-10.8,0.0,6.769231,-0.029936422,0.030461332,0.0004488881
242,-10.8,0.5714286,6.769231,-0.025089731,0.034100182,0.00038088052
243,-10.8,1.1428572,6.769231,-0.011159258,0.030843735,0.00034243648
244,-10.8,1.7142857,6.769231,-0.0063030254,0.033104744,0.00031056852
245,-10.8,2.2857144,6.769231,0.007815666,0.03149624,0.00023698604
246,-10.8,2.857143,6.769231,0.0128341755,0.032104984,0.0001961141
247,-10.8,3.4285715,6.769231,0.027276972,0.03202344,8.239777e-05
248,-10.8,4.0,6.769231,0.03247466,0.031386346,-7.2557385e-05
249,-10.8,0.0,6.1538463,-0.02990061,0.03043876,0.00034073184
250,-10.8,0.5714286,6.1538463,-0.02503821,0.03400869,0.00031696667
251,-10.8,1.1428572,6.1538463,-0.011090995,0.030855048,0.00028509868
252,-10.8,1.7142857,6.1538463,-0.0062430603,0.033021096,0.000245319
253,-10.8,2.2857144,6.1538463,0.007878476,0.031472087,0.00020425236
254,-10.8,2.857143,6.1538463,0.012905964,0.03203353,0.00013474101
255,-10.8,3.4285715,6.1538463,0.027341824,0.031977896,0.00013550413
256,-10.8,4.0,6.1538463,0.032549962,0.031327892,0.00015307771
257,-10.8,0.0,5.5384617,-0.029865595,0.030422445,0.00022485721
258,-10.8,0.5714286,5.5384617,-0.024995001,0.03402526,0.00022319818
259,-10.8,1.1428572,5.5384617,-0.011078017,0.030796861,0.0002096084
260,-10.8,1.7142857,5.5384617,-0.0062027317,0.033014495,0.00016698024
261,-10.8,2.2857144,5.5384617,0.007903827,0.031425655,0.00013608638
262,-10.8,2.857143,5.5384617,0.0129471775,0.032014985,0.00011020476
263,-10.8,3.4285715,5.5384617,0.02736443,0.031930845,2.8054328e-05
264,-10.8,4.0,5.5384617,0.032570478,0.031294428,-5.425786e-05
265,-10.8,0.0,4.923077,-0.029868549,0.030406617,0.00015319325
266,-10.8,0.5714286,4.923077,-0.024974478,0.03399867,0.00012233034
267,-10.8,1.1428572,4.923077,-0.011070633,0.030793628,9.8649456e-05
268,-10.8,1.7142857,4.923077,-0.0061818915,0.032999165,9.2031245e-05
269,-10.8,2.2857144,4.923077,0.007904813,0.031406607,6.690113e-05
270,-10.8,2.857143,4.923077,0.012967336,0.03200354,3.5583056e-05
271,-10.8,3.4285715,4.923077,0.027357936,0.03190593,6.4391126e-05
272,-10.8,4.0,4.923077,0.03258066,0.03128359,9.256305e-05
273,-10.8,0.0,4.3076925,-0.029865364,0.03041121,-1.5102783e-05
274,-10.8,0.5714286,4.3076925,-0.02496689,0.034003384,8.133459e-06
275,-10.8,1.1428572,4.3076925,-0.011077467,0.030784842,1.3791977e-05
276,-10.8,1.7142857,4.3076925,-0.0061784126,0.032995433,-7.4179293e-06
277,-10.8,2.2857144,4.3076925,0.007898392,0.031399872,-8.448366e-06
278,-10.8,2.857143,4.3076925,0.012967887,0.031997833,-8.444654e-06
279,-10.8,3.4285715,4.3076925,0.027346864,0.031896222,-6.227715e-05
280,-10.8,4.0,4.3076925,0.032569718,0.031274375,-0.000109043234
281,-10.8,0.0,3.6923077,-0.029878138,0.030410796,-7.846447e-05
282,-10.8,0.5714286,3.6923077,-0.024979899,0.03400341,-0.00010236956
283,-10.8,1.1428572,3.6923077,-0.011090167,0.030784516,-0.00010872963
284,-10.8,1.7142857,3.6923077,-0.006191422,0.032995384,-8.812962e-05
285,-10.8,2.2857144,3.6923077,0.007885665,0.03139962,-8.776732e-05
286,-10.8,2.857143,3.6923077,0.012954858,0.031997725,-8.838734e-05
287,-10.8,3.4285715,3.6923077,0.027334116,0.031896032,-3.5248213e-05
288,-10.8,4.0,3.6923077,0.032556683,0.031274218,1.0842887e-05
289,-10.8,0.0,3.0769231,-0.029906552,0.030405458,-0.0002468412
290,-10.8,0.5714286,3.0769231,-0.025013419,0.033998758,-0.00021652586
291,-10.8,1.1428572,3.0769231,-0.011108759,0.030792642,-0.00019362466
292,-10.8,1.7142857,3.0769231,-0.006220913,0.032999035,-0.00018753346
293,-10.8,2.2857144,3.0769231,0.007866632,0.031405848,-0.00016316095
294,-10.8,2.857143,3.0769231,0.012928244,0.032003216,-0.00013236857
295,-10.8,3.4285715,3.0769231,0.027319675,0.031905342,-0.00016195956
296,-10.8,4.0,3.0769231,0.032541472,0.03128312,-0.00019070653
297,-10.8,0.0,2.4615386,-0.029929154,0.030420491,-0.00031846797
298,-10.8,0.5714286,2.4615386,-0.025059963,0.03402539,-0.00031733926
299,-10.8,1.1428572,2.4615386,-0.011141541,0.030795245,-0.00030462292
300,-10.8,1.7142857,2.4615386,-0.0062677753,0.033014257,-0.00026243943
301,-10.8,2.2857144,2.4615386,0.007840195,0.031424414,-0.00023237916
302,-10.8,2.857143,2.4615386,0.012882029,0.032014426,-0.00020695398
303,-10.8,3.4285715,2.4615386,0.027300684,0.031929895,-0.00012565548
304,-10.8,4.0,2.4615386,0.03250523,0.031293634,-4.3860327e-05
305,-10.8,0.0,1.8461539,-0.02998939,0.030436069,-0.00043443977
306,-10.8,0.5714286,1.8461539,-0.025129143,0.03400887,-0.0004111169
307,-10.8,1.1428572,1.8461539,-0.011179926,0.030852798,-0.00038009798
308,-10.8,1.7142857,1.8461539,-0.006334138,0.03302077,-0.00034077233
309,-10.8,2.2857144,1.8461539,0.007789419,0.031470366,-0.00030054463
310,-10.8,2.857143,1.8461539,0.01281474,0.03203275,-0.00023148164
311,-10.8,3.4285715,1.8461539,0.027252605,0.031976584,-0.00023310437
312,-10.8,4.0,1.8461539,0.03245856,0.031326763,-0.00025115482
313,-10.8,0.0,1.2307693,-0.030050654,0.030457513,-0.00054250855
314,-10.8,0.5714286,1.2307693,-0.02520683,0.03410075,-0.00047498883
315,-10.8,1.1428572,1.2307693,-0.011273463,0.030840605,-0.00043744492
316,-10.8,1.7142857,1.2307693,-0.006420263,0.033104517,-0.00040600292
317,-10.8,2.2857144,1.2307693,0.0077013033,0.03149392,-0.00033327503
318,-10.8,2.857143,1.2307693,0.012716779,0.032104068,-0.00029284848
319,-10.8,3.4285715,1.2307693,0.02716243,0.03202175,-0.00017999363
320,-10.8,4.0,1.2307693,0.032357097,0.03138491,-2.5539048e-05
321,-10.8,0.0,0.61538464,-0.030359019,0.030461939,-0.00042893237
322,-10.8,0.5714286,0.61538464,-0.025324367,0.03411402,-0.0005085964
323,-10.8,1.1428572,0.61538464,-0.011522859,0.030927572,-0.00049489946
324,-10.8,1.7142857,0.61538464,-0.0065108556,0.033149473,-0.00040295732
325,-10.8,2.2857144,0.61538464,0.0074548456,0.031560417,-0.00038958198
326,-10.8,2.857143,0.61538464,0.012650848,0.032200187,-0.0002802134
327,-10.8,3.4285715,0.61538464,0.026930574,0.032063518,-0.0002448368
328,-10.8,4.0,0.61538464,0.032298725,0.031527035,-0.00028355597
329,-10.8,0.0,0.0,-0.030671507,0.030675506,-0.00068572734
330,-10.8,0.5714286,0.0,-0.025495565,0.03402853,-0.00051235955
331,-10.8,1.1428572,0.0,-0.011887603,0.031049449,-0.00042140766
332,-10.8,1.7142857,0.0,-0.0066790706,0.03317824,-0.00051754166
333,-10.8,2.2857144,0.0,0.007136759,0.031653307,-0.00032417316
334,-10.8,2.857143,0.0,0.012518942,0.032290112,-0.00034030195
335,-10.8,3.4285715,0.0,0.026680997,0.03216271,-0.00020177886
336,-10.8,4.0,0.0,0.032201506,0.031621166,7.480643e-05
337,-10.2,0.0,8.0,-0.03463794,0.024471268,0.0005328052
338,-10.2,0.5714286,8.0,-0.021390516,0.020804048,0.0007073685
339,-10.2,1.1428572,8.0,-0.015953382,0.023786688,0.00077914214
340,-10.2,1.7142857,8.0,-0.0024445958,0.021323685,0.0005695675
341,-10.2,2.2857144,8.0,0.0030200388,0.022601888,0.0006064101
342,-10.2,2.857143,8.0,0.016701957,0.021854047,0.00041354622
343,-10.2,3.4285715,8.0,0.022603076,0.021718066,0.00029546933
344,-10.2,4.0,8.0,0.036526863,0.02213996,0.0003420189
345,-10.2,0.0,7.3846154,-0.034392666,0.024724634,0.00079732854
346,-10.2,0.5714286,7.3846154,-0.020984303,0.02064209,0.0006939758
347,-10.2,1.1428572,7.3846154,-0.015749056,0.02379862,0.000637463
348,-10.2,1.7142857,7.3846154,-0.002091135,0.021201184,0.0006180695
349,-10.2,2.2857144,7.3846154,0.0031900927,0.022506302,0.0004935024
350,-10.2,2.857143,7.3846154,0.016981196,0.02171909,0.00041311653
351,-10.2,3.4285715,7.3846154,0.022688894,0.021572633,0.00025124408
352,-10.2,4.0,7.3846154,0.03674788,0.021986231,4.7327035e-06
353,-10.2,0.0,6.769231,-0.034331832,0.024646292,0.00063761196
354,-10.2,0.5714286,6.769231,-0.02077908,0.020551624,0.0006234422
355,-10.2,1.1428572,6.769231,-0.015685814,0.023777615,0.0005863814
356,-10.2,1.7142857,6.769231,-0.0018818048,0.021109054,0.000516844
357,-10.2,2.2857144,6.769231,0.0032201214,0.02241365,0.00044318882
358,-10.2,2.857143,6.769231,0.017185066,0.021660548,0.00032818504
359,-10.2,3.4285715,6.769231,0.02272014,0.021438431,0.00028444536
360,-10.2,4.0,6.769231,0.036958106,0.021949314,0.00030075986
361,-10.2,0.0,6.1538463,-0.034294497,0.024614444,0.0005194547
362,-10.2,0.5714286,6.1538463,-0.020724587,0.020580422,0.0005059851
363,-10.2,1.1428572,6.1538463,-0.015650984,0.023671871,0.000466174
364,-10.2,1.7142857,6.1538463,-0.0018413184,0.021101864,0.00040366445
365,-10.2,2.2857144,6.1538463,0.0032863629,0.022346808,0.0003325693
366,-10.2,2.857143,6.1538463,0.017244713,0.021633754,0.0002815337
367,-10.2,3.4285715,6.1538463,0.022788862,0.021383733,0.00016782642
368,-10.2,4.0,6.1538463,0.037009437,0.021895813,5.9294303e-05
369,-10.2,0.0,5.5384617,-0.03426053,0.024597678,0.0003915199
370,-10.2,0.5714286,5.5384617,-0.020721208,0.020511316,0.00035246654
371,-10.2,1.1428572,5.5384617,-0.015612817,0.023688538,0.00030794152
372,-10.2,1.7142857,5.5384617,-0.001815249,0.02106056,0.00028145593
373,-10.2,2.2857144,5.5384617,0.0033211308,0.022347208,0.00022961205
374,-10.2,2.857143,5.5384617,0.017271394,0.021603268,0.0001726116
375,-10.2,3.4285715,5.5384617,0.022821145,0.021377081,0.00018274385
376,-10.2,4.0,5.5384617,0.037016407,0.021867858,0.00021628948
377,-10.2,0.0,4.923077,-0.034228485,0.024602978,0.00016350225
378,-10.2,0.5714286,4.923077,-0.02070551,0.020530682,0.00018594344
379,-10.2,1.1428572,4.923077,-0.015589921,0.02367211,0.00017616783
380,-10.2,1.7142857,4.923077,-0.0018195123,0.021059413,0.00013813649
381,-10.2,2.2857144,4.923077,0.0033455184,0.022348369,0.00011452114
382,-10.2,2.857143,4.923077,0.017267693,0.02159535,9.824966e-05
383,-10.2,3.4285715,4.923077,0.022836084,0.021379791,2.8227414e-05
384,-10.2,4.0,4.923077,0.03699586,0.021848965,-2.8399842e-05
385,-10.2,0.0,4.3076925,-0.03422223,0.0245975,5.5278833e-05
386,-10.2,0.5714286,4.3076925,-0.020713126,0.02052161,2.3553623e-05
387,-10.2,1.1428572,4.3076925,-0.01558646,0.023678737,6.916602e-06
388,-10.2,1.7142857,4.3076925,-0.0018227093,0.021058323,1.2801085e-05
389,-10.2,2.2857144,4.3076925,0.0033454897,0.022350894,-2.4329213e-06
390,-10.2,2.857143,4.3076925,0.01726049,0.021595292,-1.9011028e-05
391,-10.2,3.4285715,4.3076925,0.022831379,0.021382004,2.1792554e-05
392,-10.2,4.0,4.3076925,0.03697739,0.021847464,6.351631e-05
393,-10.2,0.0,3.6923077,-0.034235086,0.024597604,-0.00017397504
394,-10.2,0.5714286,3.6923077,-0.02072582,0.02052124,-0.00014292475
395,-10.2,1.1428572,3.6923077,-0.015599452,0.023678735,-0.00012693583
396,-10.2,1.7142857,3.6923077,-0.001835439,0.021058047,-0.00013346615
397,-10.2,2.2857144,3.6923077,0.0033324878,0.022350818,-0.00011885805
398,-10.2,2.857143,3.6923077,0.01724773,0.021595083,-0.00010290249
399,-10.2,3.4285715,3.6923077,0.022818347,0.021381876,-0.00014436491
400,-10.2,4.0,3.6923077,0.036964584,0.021847304,-0.00018676026
401,-10.2,0.0,3.0769231,-0.03426748,0.024603168,-0.0002821007
402,-10.2,0.5714286,3.0769231,-0.020743677,0.020529564,-0.0003053529
403,-10.2,1.1428572,3.0769231,-0.015628852,0.023672128,-0.00029613686
404,-10.2,1.7142857,3.0769231,-0.0018577203,0.021058565,-0.0002588475
405,-10.2,2.2857144,3.0769231,0.0033065144,0.022348156,-0.00023575964
406,-10.2,2.857143,3.0769231,0.01722942,0.021594714,-0.00022021218
407,-10.2,3.4285715,3.0769231,0.02279701,0.021379415,-0.00015074808
408,-10.2,4.0,3.0769231,0.036957532,0.021848487,-9.489943e-05
409,-10.2,0.0,2.4615386,-0.03432525,0.024598053,-0.0005101472
410,-10.2,0.5714286,2.4615386,-0.020784767,0.020509481,-0.0004719187
411,-10.2,1.1428572,2.4615386,-0.015677743,0.023688538,-0.00042785078
412,-10.2,1.7142857,2.4615386,-0.0018789091,0.021059178,-0.0004022066
413,-10.2,2.2857144,2.4615386,0.0032561172,0.02234683,-0.0003508037
414,-10.2,2.857143,2.4615386,0.017207613,0.021602234,-0.00029461185
415,-10.2,3.4285715,2.4615386,0.022756014,0.021376437,-0.0003052178
416,-10.2,4.0,2.4615386,0.036952473,0.021867078,-0.00033960596
417,-10.2,0.0,1.8461539,-0.034385394,0.024614898,-0.0006379423
418,-10.2,0.5714286,1.8461539,-0.020813607,0.020577865,-0.0006254025
419,-10.2,1.1428572,1.8461539,-0.015741862,0.023671871,-0.0005860836
420,-10.2,1.7142857,1.8461539,-0.0019304466,0.021099932,-0.0005243961
421,-10.2,2.2857144,1.8461539,0.0031953396,0.02234628,-0.00045375657
422,-10.2,2.857143,1.8461539,0.017155444,0.021632323,-0.00040352767
423,-10.2,3.4285715,1.8461539,0.02269769,0.021382824,-0.0002902952
424,-10.2,4.0,1.8461539,0.036920022,0.021894755,-0.00018262847
425,-10.2,0.0,1.2307693,-0.03444858,0.024647305,-0.00075622735
426,-10.2,0.5714286,1.2307693,-0.020893417,0.020548,-0.0007428776
427,-10.2,1.1428572,1.2307693,-0.015802804,0.023777872,-0.00070624065
428,-10.2,1.7142857,1.2307693,-0.0019962795,0.021106403,-0.00063757924
429,-10.2,2.2857144,1.2307693,0.0031029927,0.022413101,-0.00056435243
430,-10.2,2.857143,1.2307693,0.017070407,0.021658653,-0.00045017718
431,-10.2,3.4285715,1.2307693,0.022602836,0.021437297,-0.00040690042
432,-10.2,4.0,1.2307693,0.03684322,0.021947976,-0.0004240496
433,-10.2,0.0,0.61538464,-0.034535605,0.0247261,-0.0009158351
434,-10.2,0.5714286,0.61538464,-0.02112412,0.020637494,-0.00081335334
435,-10.2,1.1428572,0.61538464,-0.015892003,0.023799103,-0.00075733504
436,-10.2,1.7142857,0.61538464,-0.002231094,0.02119782,-0.0007387566
437,-10.2,2.2857144,0.61538464,0.0030469766,0.022505766,-0.0006146664
438,-10.2,2.857143,0.61538464,0.016841067,0.021716697,-0.00053508166
439,-10.2,3.4285715,0.61538464,0.0225456,0.021571359,-0.0003737032
440,-10.2,4.0,0.61538464,0.03660756,0.021984547,-0.00012804827
441,-10.2,0.0,0.0,-0.034806456,0.024472559,-0.00065123936
442,-10.2,0.5714286,0.0,-0.021555947,0.020799005,-0.00082672446
443,-10.2,1.1428572,0.0,-0.016122151,0.023787035,-0.00089901837
444,-10.2,1.7142857,0.0,-0.0026101726,0.02131991,-0.0006902255
445,-10.2,2.2857144,0.0,0.002851117,0.022601187,-0.00072753505
446,-10.2,2.857143,0.0,0.016536199,0.021851292,-0.00053551025
447,-10.2,3.4285715,0.0,0.022433985,0.02171658,-0.000417903
448,-10.2,4.0,0.0,0.03636086,0.022137946,-0.00046530933
449,-9.6,0.0,8.0,-0.030838327,0.010906871,0.0013015979
450,-9.6,0.5714286,8.0,-0.025397668,0.014706258,0.0012273089
451,-9.6,1.1428572,8.0,-0.012160387,0.011138735,0.0010713815
452,-9.6,1.7142857,8.0,-0.0064222487,0.013264231,0.0011536104
453,-9.6,2.2857144,8.0,0.0068705403,0.011498102,0.0009008243
454,-9.6,2.857143,8.0,0.012593247,0.011757663,0.0007247689
455,-9.6,3.4285715,8.0,0.026411591,0.011784614,0.00049663277
456,-9.6,4.0,8.0,0.03270181,0.010959731,2.372642e-05
457,-9.6,0.0,7.3846154,-0.03034302,0.010610899,0.0010660419
458,-9.6,0.5714286,7.3846154,-0.025106207,0.014823967,0.0010912626
459,-9.6,1.1428572,7.3846154,-0.011686009,0.0109816175,0.001085662
460,-9.6,1.7142857,7.3846154,-0.006161489,0.013158924,0.0009548115
461,-9.6,2.2857144,7.3846154,0.007203382,0.011307019,0.0008129367
462,-9.6,2.857143,7.3846154,0.012749709,0.011575146,0.0006152177
463,-9.6,3.4285715,7.3846154,0.02665741,0.011593892,0.00048172649
464,-9.6,4.0,7.3846154,0.032783613,0.010754219,0.00046889874
465,-9.6,0.0,6.769231,-0.03017414,0.010631651,0.0010201338
466,-9.6,0.5714286,6.769231,-0.025049143,0.014804336,0.0009798204
467,-9.6,1.1428572,6.769231,-0.011526821,0.010830197,0.0009065864
468,-9.6,1.7142857,6.769231,-0.006188932,0.013071657,0.00078564405
469,-9.6,2.2857144,6.769231,0.0073879925,0.011239844,0.0006513038
470,-9.6,2.857143,6.769231,0.012765897,0.011454859,0.0005365578
471,-9.6,3.4285715,6.769231,0.026849506,0.01155636,0.00037385905
472,-9.6,4.0,6.769231,0.032828793,0.01058642,0.00020087286
473,-9.6,0.0,6.1538463,-0.030171936,0.0105817355,0.0008248805
474,-9.6,0.5714286,6.1538463,-0.025077112,0.014658709,0.0007417192
475,-9.6,1.1428572,6.1538463,-0.011519165,0.010853862,0.0006642263
476,-9.6,1.7142857,6.1538463,-0.006130627,0.013007268,0.00059196283
477,-9.6,2.2857144,6.1538463,0.007431759,0.011238782,0.00049857504
478,-9.6,2.857143,6.1538463,0.0128340265,0.011418306,0.0003893906
479,-9.6,3.4285715,6.1538463,0.02690777,0.01153719,0.00037056315
480,-9.6,4.0,6.1538463,0.032863695,0.010557433,0.00040635883
481,-9.6,0.0,5.5384617,-0.0301611,0.010569717,0.00047293786
482,-9.6,0.5714286,5.5384617,-0.025011448,0.014714551,0.0004911944
483,-9.6,1.1428572,5.5384617,-0.011487344,0.010811165,0.00046078305
484,-9.6,1.7142857,5.5384617,-0.0061089266,0.013037065,0.0003868922
485,-9.6,2.2857144,5.5384617,0.007458545,0.011230157,0.00033112237
486,-9.6,2.857143,5.5384617,0.012868496,0.01144361,0.00028464018
487,-9.6,3.4285715,5.5384617,0.02692221,0.011532082,0.00019449637
488,-9.6,4.0,5.5384617,0.032882616,0.010561243,0.00012357281
489,-9.6,0.0,4.923077,-0.030131314,0.010568013,0.00030076614
490,-9.6,0.5714286,4.923077,-0.024996817,0.014692779,0.00025813846
491,-9.6,1.1428572,4.923077,-0.011497673,0.010838143,0.00022754408
492,-9.6,1.7142857,4.923077,-0.0060784877,0.013048885,0.00020707602
493,-9.6,2.2857144,4.923077,0.0074526076,0.011245058,0.00016954928
494,-9.6,2.857143,4.923077,0.012889733,0.011467937,0.00012780672
495,-9.6,3.4285715,4.923077,0.026911521,0.011541061,0.00015710283
496,-9.6,4.0,4.923077,0.03287472,0.010585576,0.00020848984
497,-9.6,0.0,4.3076925,-0.030140452,0.010571652,5.9445892e-06
498,-9.6,0.5714286,4.3076925,-0.024983276,0.014708837,3.4373916e-05
499,-9.6,1.1428572,4.3076925,-0.011494383,0.01083963,3.576631e-05
500,-9.6,1.7142857,4.3076925,-0.0060801497,0.013062985,1.4009889e-05
501,-9.6,2.2857144,4.3076925,0.007448717,0.011255624,7.5803805e-06
502,-9.6,2.857143,4.3076925,0.012887648,0.011482413,6.195634e-06
503,-9.6,3.4285715,4.3076925,0.026898855,0.011550829,-4.77081e-05
504,-9.6,4.0,4.3076925,0.032862473,0.010594622,-9.694897e-05
505,-9.6,0.0,3.6923077,-0.030153304,0.010571184,-0.00014975067
506,-9.6,0.5714286,3.6923077,-0.024996253,0.0147089,-0.00017888399
507,-9.6,1.1428572,3.6923077,-0.011507108,0.010839312,-0.00018090868
508,-9.6,1.7142857,3.6923077,-0.0060931323,0.013062943,-0.00015980726
509,-9.6,2.2857144,3.6923077,0.0074359523,0.011255398,-0.00015393019
510,-9.6,2.857143,3.6923077,0.012874655,0.011482321,-0.00015319197
511,-9.6,3.4285715,3.6923077,0.026886066,0.011550663,-9.987273e-05
512,-9.6,4.0,3.6923077,0.032849476,0.010594487,-5.134196e-05
513,-9.6,0.0,3.0769231,-0.030169372,0.010566786,-0.0004446608
514,-9.6,0.5714286,3.0769231,-0.025035663,0.014692989,-0.00040259125
515,-9.6,1.1428572,3.0769231,-0.011535898,0.010837151,-0.0003727347
516,-9.6,1.7142857,3.0769231,-0.0061174147,0.013048789,-0.00035281398
517,-9.6,2.2857144,3.0769231,0.007414312,0.011244364,-0.00031595398
518,-9.6,2.857143,3.0769231,0.012850748,0.011467668,-0.00027474374
519,-9.6,3.4285715,3.0769231,0.026873138,0.011540556,-0.00030473777
520,-9.6,4.0,3.0769231,0.032835633,0.010585163,-0.00035671296
521,-9.6,0.0,2.4615386,-0.030224876,0.010567563,-0.00061677303
522,-9.6,0.5714286,2.4615386,-0.025076265,0.014714862,-0.0006355651
523,-9.6,1.1428572,2.4615386,-0.011551008,0.01080955,-0.0006060247
524,-9.6,1.7142857,2.4615386,-0.0061738337,0.0130368695,-0.00053256465
525,-9.6,2.2857144,2.4615386,0.0073947357,0.011229029,-0.0004775757
526,-9.6,2.857143,2.4615386,0.012803517,0.01144314,-0.00043152066
527,-9.6,3.4285715,2.4615386,0.02685827,0.0115312645,-0.00034218043
528,-9.6,4.0,2.4615386,0.03281753,0.010560548,-0.00027175696
529,-9.6,0.0,1.8461539,-0.0302609,0.010578849,-0.00096881384
530,-9.6,0.5714286,1.8461539,-0.025167808,0.014659121,-0.0008860824
531,-9.6,1.1428572,1.8461539,-0.011608339,0.010851592,-0.0008094208
532,-9.6,1.7142857,1.8461539,-0.006221481,0.013006995,-0.0007376425
533,-9.6,2.2857144,1.8461539,0.0073424242,0.011237205,-0.00064500474
534,-9.6,2.857143,1.8461539,0.012743063,0.011417642,-0.0005362739
535,-9.6,3.4285715,1.8461539,0.026818257,0.011536063,-0.00051823165
536,-9.6,4.0,1.8461539,0.032772534,0.0105564315,-0.0005545139
537,-9.6,0.0,1.2307693,-0.03028882,0.010627389,-0.0011638007
538,-9.6,0.5714286,1.2307693,-0.025165899,0.014805229,-0.001124094
539,-9.6,1.1428572,1.2307693,-0.011641356,0.010827024,-0.0010517891
540,-9.6,1.7142857,1.2307693,-0.0063058464,0.013071468,-0.0009312681
541,-9.6,2.2857144,1.2307693,0.0072732214,0.011237715,-0.00079773756
542,-9.6,2.857143,1.2307693,0.0126488935,0.011454076,-0.0006834148
543,-9.6,3.4285715,1.2307693,0.026734523,0.0115549015,-0.0005215333
544,-9.6,4.0,1.2307693,0.03271161,0.010585129,-0.0003490475
545,-9.6,0.0,0.61538464,-0.03048296,0.010605511,-0.0012099444
546,-9.6,0.5714286,0.61538464,-0.025248872,0.014825231,-0.001235523
547,-9.6,1.1428572,0.61538464,-0.011826109,0.010977544,-0.0012307597
548,-9.6,1.7142857,0.61538464,-0.0063043353,0.013158853,-0.001100444
549,-9.6,2.2857144,0.61538464,0.00706307,0.0113042975,-0.00095930713
550,-9.6,2.857143,0.61538464,0.012606773,0.01157431,-0.0007620865
551,-9.6,3.4285715,0.61538464,0.026516875,0.011592032,-0.00062936853
552,-9.6,4.0,0.61538464,0.032640424,0.01075272,-0.00061703083
553,-9.6,0.0,0.0,-0.031004185,0.010900995,-0.0014453104
554,-9.6,0.5714286,0.0,-0.025566125,0.014707408,-0.0013716212
555,-9.6,1.1428572,0.0,-0.012326083,0.011134201,-0.001216421
556,-9.6,1.7142857,0.0,-0.006590917,0.013263992,-0.0012991291
557,-9.6,2.2857144,0.0,0.0067045805,0.011495012,-0.0010472145
558,-9.6,2.857143,0.0,0.012424537,0.011756657,-0.0008715541
559,-9.6,3.4285715,0.0,0.02624543,0.011782432,-0.00064430636
560,-9.6,4.0,0.0,0.032532927,0.010958015,-0.00017187861
561,-9.0,0.0,8.0,-0.034333847,0.006067431,0.0017138531
562,-9.0,0.5714286,8.0,-0.022077655,0.0015533924,0.0019015706
563,-9.0,1.1428572,8.0,-0.015884988,0.0049455995,0.0020842808
564,-9.0,1.7142857,8.0,-0.0024352272,0.0013958811,0.0016529303
565,-9.0,2.2857144,8.0,0.0029962058,0.0018906848,0.0013356112
566,-9.0,2.857143,8.0,0.016202541,0.0010338099,0.0010550123
567,-9.0,3.4285715,8.0,0.022511095,0.00038530066,0.000707909
568,-9.0,4.0,8.0,0.036522042,0.0011973724,0.00067816064
569,-9.0,0.0,7.3846154,-0.03388245,0.006523071,0.0018944774
570,-9.0,0.5714286,7.3846154,-0.021349363,0.001290224,0.0018447213
571,-9.0,1.1428572,7.3846154,-0.015497008,0.004782637,0.0016494469
572,-9.0,1.7142857,7.3846154,-0.0020859516,0.0010911841,0.0013748253
573,-9.0,2.2857144,7.3846154,0.0031851048,0.0016652155,0.0011090114
574,-9.0,2.857143,7.3846154,0.01647211,0.00080940744,0.0008802699
575,-9.0,3.4285715,7.3846154,0.02264379,0.00015438192,0.00064242317
576,-9.0,4.0,7.3846154,0.03678004,0.0009720278,0.00033678472
577,-9.0,0.0,6.769231,-0.033953186,0.006289565,0.0016316926
578,-9.0,0.5714286,6.769231,-0.021367082,0.0010157236,0.0014103302
579,-9.0,1.1428572,6.769231,-0.015669629,0.0047233845,0.0012333023
580,-9.0,1.7142857,6.769231,-0.0019496344,0.0010311924,0.0010729813
581,-9.0,2.2857144,6.769231,0.0031543726,0.0015653135,0.0008776561
582,-9.0,2.857143,6.769231,0.016654419,0.0007849933,0.0006948883
583,-9.0,3.4285715,6.769231,0.022665836,2.5058996e-05,0.00060899014
584,-9.0,4.0,6.769231,0.03693603,0.00096243335,0.00064353104
585,-9.0,0.0,6.1538463,-0.03408981,0.0062268674,0.0009485848
586,-9.0,0.5714286,6.1538463,-0.021339968,0.0011149177,0.0009820764
587,-9.0,1.1428572,6.1538463,-0.015596381,0.004665081,0.00089236104
588,-9.0,1.7142857,6.1538463,-0.0019331041,0.0010781807,0.00076265546
589,-9.0,2.2857144,6.1538463,0.00321916,0.0015657658,0.00064274995
590,-9.0,2.857143,6.1538463,0.01670929,0.00081338675,0.0005547749
591,-9.0,3.4285715,6.1538463,0.022723459,2.6878208e-05,0.0004240515
592,-9.0,4.0,6.1538463,0.036978733,0.00095428654,0.00033304797
593,-9.0,0.0,5.5384617,-0.033890735,0.006248582,0.000679046
594,-9.0,0.5714286,5.5384617,-0.021311224,0.0010660546,0.000618705
595,-9.0,1.1428572,5.5384617,-0.015595276,0.0047386116,0.00055884494
596,-9.0,1.7142857,5.5384617,-0.0019037691,0.0010952182,0.00050468196
597,-9.0,2.2857144,5.5384617,0.0032481202,0.0016321632,0.00042876185
598,-9.0,2.857143,5.5384617,0.016729956,0.00084339053,0.00035338113
599,-9.0,3.4285715,5.5384617,0.022749549,8.4213156e-05,0.00036645765
600,-9.0,4.0,5.5384617,0.03695352,0.0009811566,0.00044133727
601,-9.0,0.0,4.923077,-0.033952672,0.006231422,0.00028936655
602,-9.0,0.5714286,4.923077,-0.021305293,0.0011138736,0.00031311126
603,-9.0,1.1428572,4.923077,-0.015546517,0.0047539473,0.0002923682
604,-9.0,1.7142857,4.923077,-0.0019146552,0.0011394307,0.00025225632
605,-9.0,2.2857144,4.923077,0.0032762117,0.0016804362,0.00021630297
606,-9.0,2.857143,4.923077,0.016723014,0.0008835487,0.0001974555
607,-9.0,3.4285715,4.923077,0.022760091,0.00013477179,0.00012992513
608,-9.0,4.0,4.923077,0.036926325,0.0010048967,8.438256e-05
609,-9.0,0.0,4.3076925,-0.033884306,0.006244187,6.6717424e-05
610,-9.0,0.5714286,4.3076925,-0.02129714,0.0011151829,4.525998e-05
611,-9.0,1.1428572,4.3076925,-0.015549839,0.0047785426,3.232368e-05
612,-9.0,1.7142857,4.3076925,-0.0019130501,0.0011587539,2.8913897e-05
613,-9.0,2.2857144,4.3076925,0.0032747742,0.00170888,1.5458412e-05
614,-9.0,2.857143,4.3076925,0.016715271,0.0009078826,-4.520599e-06
615,-9.0,3.4285715,4.3076925,0.022752447,0.00016293292,3.9698236e-05
616,-9.0,4.0,4.3076925,0.03689949,0.0010269824,9.991133e-05
617,-9.0,0.0,3.6923077,-0.033897143,0.006244385,-0.00023576836
618,-9.0,0.5714286,3.6923077,-0.02130985,0.0011147634,-0.00021491224
619,-9.0,1.1428572,3.6923077,-0.0155628035,0.00477853,-0.00020267573
620,-9.0,1.7142857,3.6923077,-0.0019258219,0.001158515,-0.00019975707
621,-9.0,2.2857144,3.6923077,0.0032618116,0.001708818,-0.00018694626
622,-9.0,2.857143,3.6923077,0.016702466,0.000907712,-0.00016744838
623,-9.0,3.4285715,3.6923077,0.022739459,0.00016283318,-0.00021235921
624,-9.0,4.0,3.6923077,0.03688663,0.001026855,-0.0002731192
625,-9.0,0.0,3.0769231,-0.0339916,0.006231792,-0.000458311
626,-9.0,0.5714286,3.0769231,-0.021343512,0.001112586,-0.00048280228
627,-9.0,1.1428572,3.0769231,-0.015585377,0.004753977,-0.00046265844
628,-9.0,1.7142857,3.0769231,-0.0019529873,0.0011386581,-0.00042315494
629,-9.0,2.2857144,3.0769231,0.0032373248,0.0016802871,-0.0003877285
630,-9.0,2.857143,3.0769231,0.016684603,0.00088302,-0.00036948326
631,-9.0,3.4285715,3.0769231,0.02272115,0.00013447815,-0.000302525
632,-9.0,4.0,3.0769231,0.036887836,0.0010045484,-0.00025765802
633,-9.0,0.0,2.4615386,-0.033955332,0.0062493416,-0.00084796036
634,-9.0,0.5714286,2.4615386,-0.021374855,0.0010639466,-0.0007884789
635,-9.0,1.1428572,2.4615386,-0.01566009,0.0047386037,-0.0007290313
636,-9.0,1.7142857,2.4615386,-0.001967624,0.0010939764,-0.0006756604
637,-9.0,2.2857144,2.4615386,0.0031832857,0.0016318718,-0.00060010125
638,-9.0,2.857143,2.4615386,0.01666596,0.00084253814,-0.0005254832
639,-9.0,3.4285715,2.4615386,0.022684617,8.370109e-05,-0.0005389752
640,-9.0,4.0,2.4615386,0.036889344,0.0009805695,-0.0006146681
641,-9.0,0.0,1.8461539,-0.03418057,0.0062276586,-0.001117331
642,-9.0,0.5714286,1.8461539,-0.021429133,0.0011119554,-0.0011517636
643,-9.0,1.1428572,1.8461539,-0.01568709,0.0046650674,-0.001062591
644,-9.0,1.7142857,1.8461539,-0.002022531,0.0010764162,-0.0009335676
645,-9.0,2.2857144,1.8461539,0.0031284092,0.0015653663,-0.00081412145
646,-9.0,2.857143,1.8461539,0.016619693,0.00081219635,-0.0007268341
647,-9.0,3.4285715,1.8461539,0.02263259,2.614803e-05,-0.0005965996
648,-9.0,4.0,1.8461539,0.036888946,0.00095350906,-0.0005063699
649,-9.0,0.0,1.2307693,-0.034069583,0.006291276,-0.0018005569
650,-9.0,0.5714286,1.2307693,-0.021481588,0.0010114713,-0.0015800007
651,-9.0,1.1428572,1.2307693,-0.01578636,0.0047235535,-0.0014034259
652,-9.0,1.7142857,1.2307693,-0.0020645587,0.0010287844,-0.0012439247
653,-9.0,2.2857144,1.2307693,0.0030376622,0.0015648797,-0.0010489613
654,-9.0,2.857143,1.2307693,0.016539266,0.0007834155,-0.00086697954
655,-9.0,3.4285715,1.2307693,0.022548992,2.4140849e-05,-0.00078148895
656,-9.0,4.0,1.2307693,0.036820598,0.00096144894,-0.0008168433
657,-9.0,0.0,0.61538464,-0.03402521,0.0065251784,-0.0020627042
658,-9.0,0.5714286,0.61538464,-0.02148951,0.0012847385,-0.002014223
659,-9.0,1.1428572,0.61538464,-0.01563962,0.004783048,-0.0018195692
660,-9.0,1.7142857,0.61538464,-0.0022265054,0.0010880494,-0.0015456404
661,-9.0,2.2857144,0.61538464,0.0030425324,0.0016648415,-0.0012803624
662,-9.0,2.857143,0.61538464,0.016331341,0.00080736674,-0.0010522723
663,-9.0,3.4285715,0.61538464,0.022501104,0.00015336604,-0.00081497536
664,-9.0,4.0,0.61538464,0.036639016,0.00097077625,-0.0005100952
665,-9.0,0.0,0.0,-0.034501977,0.0060695154,-0.0018826923
666,-9.0,0.5714286,0.0,-0.022243354,0.0015472282,-0.0020707254
667,-9.0,1.1428572,0.0,-0.016053472,0.004945766,-0.002254168
668,-9.0,1.7142857,0.0,-0.0026014785,0.0013923729,-0.0018238043
669,-9.0,2.2857144,0.0,0.0028278644,0.0018901548,-0.0015067701
670,-9.0,2.857143,0.0,0.016036084,0.0010314508,-0.0012271162
671,-9.0,3.4285715,0.0,0.022342684,0.00038411902,-0.00088033633
672,-9.0,4.0,0.0,0.0363553,0.0011958359,-0.0008514707
673,-8.4,0.0,8.0,-0.030917192,-0.0051805694,0.0039064744
674,-8.4,0.5714286,8.0,-0.02600751,-0.0009091843,0.0039069927
675,-8.4,1.1428572,8.0,-0.011186796,-0.008056924,0.0027654753
676,-8.4,1.7142857,8.0,-0.0059582,-0.0076656057,0.002100094
677,-8.4,2.2857144,8.0,0.006630988,-0.009910886,0.001739654
678,-8.4,2.857143,8.0,0.012565754,-0.010543287,0.0012397696
679,-8.4,3.4285715,8.0,0.02563956,-0.010223215,0.0010455
680,-8.4,4.0,8.0,0.033362534,-0.0117354905,0.0004363129
681,-8.4,0.0,7.3846154,-0.029811371,-0.0059224847,0.0032668319
682,-8.4,0.5714286,7.3846154,-0.025529755,-0.0012717157,0.0025600502
683,-8.4,1.1428572,7.3846154,-0.0110149,-0.008596686,0.0021133518
684,-8.4,1.7142857,7.3846154,-0.0058304993,-0.007963248,0.0016913634
685,-8.4,2.2857144,7.3846154,0.0068169627,-0.01018012,0.0013383956
686,-8.4,2.857143,7.3846154,0.012689905,-0.01079087,0.0010875866
687,-8.4,3.4285715,7.3846154,0.025877247,-0.010412648,0.000875479
688,-8.4,4.0,7.3846154,0.033485387,-0.011963565,0.00090778124
689,-8.4,0.0,6.769231,-0.030490529,-0.0061307717,0.0016833356
690,-8.4,0.5714286,6.769231,-0.025917094,-0.0011595719,0.0017311558
691,-8.4,1.1428572,6.769231,-0.010921098,-0.008575081,0.0015155888
692,-8.4,1.7142857,6.769231,-0.005939594,-0.008007964,0.0012420582
693,-8.4,2.2857144,6.769231,0.006967776,-0.010162329,0.0010384346
694,-8.4,2.857143,6.769231,0.012702254,-0.010859996,0.0008745268
695,-8.4,3.4285715,6.769231,0.02606146,-0.010384142,0.000718474
696,-8.4,4.0,6.769231,0.033501048,-0.012089439,0.0005545331
697,-8.4,0.0,6.1538463,-0.029971879,-0.006048412,0.0011992581
698,-8.4,0.5714286,6.1538463,-0.025775094,-0.0012087408,0.0010944295
699,-8.4,1.1428572,6.1538463,-0.010929915,-0.008451974,0.000998951
700,-8.4,1.7142857,6.1538463,-0.0058744047,-0.007943963,0.000890543
701,-8.4,2.2857144,6.1538463,0.007012665,-0.010072108,0.0007588198
702,-8.4,2.857143,6.1538463,0.01276243,-0.010807437,0.00064103806
703,-8.4,3.4285715,6.1538463,0.026111292,-0.010313738,0.0006327434
704,-8.4,4.0,6.1538463,0.033502337,-0.01204312,0.00074328145
705,-8.4,0.0,5.5384617,-0.030215073,-0.0061378847,0.00066578714
706,-8.4,0.5714286,5.5384617,-0.025768936,-0.0011240843,0.0006557578
707,-8.4,1.1428572,5.5384617,-0.010889596,-0.008413602,0.0006321407
708,-8.4,1.7142857,5.5384617,-0.0058530625,-0.007828828,0.0005522475
709,-8.4,2.2857144,5.5384617,0.0070352494,-0.009996056,0.0004981134
710,-8.4,2.857143,5.5384617,0.012799393,-0.010695941,0.0004504606
711,-8.4,3.4285715,5.5384617,0.026114479,-0.010249385,0.00038389434
712,-8.4,4.0,5.5384617,0.033503044,-0.011959112,0.00033359125
713,-8.4,0.0,4.923077,-0.030006958,-0.006080099,0.00031888898
714,-8.4,0.5714286,4.923077,-0.025694564,-0.0011191904,0.0003273543
715,-8.4,1.1428572,4.923077,-0.010896439,-0.0083468715,0.00029884742
716,-8.4,1.7142857,4.923077,-0.0058140974,-0.0077607017,0.00028856195
717,-8.4,2.2857144,4.923077,0.0070323483,-0.009924279,0.00024724758
718,-8.4,2.857143,4.923077,0.012817283,-0.010613182,0.00022023599
719,-8.4,3.4285715,4.923077,0.02609786,-0.010182952,0.000255811
720,-8.4,4.0,4.923077,0.033482734,-0.011880188,0.00036020824
721,-8.4,0.0,4.3076925,-0.030071864,-0.006094694,4.8630765e-05
722,-8.4,0.5714286,4.3076925,-0.02568786,-0.001093735,2.918601e-05
723,-8.4,1.1428572,4.3076925,-0.010887733,-0.0083229495,4.1932173e-05
724,-8.4,1.7142857,4.3076925,-0.0058141975,-0.007719288,1.7562556e-05
725,-8.4,2.2857144,4.3076925,0.0070287283,-0.009885691,2.1962884e-05
726,-8.4,2.857143,4.3076925,0.012814787,-0.010567842,1.3971668e-05
727,-8.4,3.4285715,4.3076925,0.02608244,-0.010145468,-2.4046854e-05
728,-8.4,4.0,4.3076925,0.033463553,-0.011841563,-8.7283865e-05
729,-8.4,0.0,3.6923077,-0.030084636,-0.0060956087,-0.00024277487
730,-8.4,0.5714286,3.6923077,-0.025700817,-0.001093541,-0.00022412477
731,-8.4,1.1428572,3.6923077,-0.010900511,-0.008323323,-0.00023730595
732,-8.4,1.7142857,3.6923077,-0.005827139,-0.0077192225,-0.00021361465
733,-8.4,2.2857144,3.6923077,0.0070159165,-0.0098859165,-0.00021838257
734,-8.4,2.857143,3.6923077,0.012801837,-0.0105678635,-0.00021109387
735,-8.4,3.4285715,3.6923077,0.026069608,-0.010145607,-0.00017347054
736,-8.4,4.0,3.6923077,0.033450585,-0.011841646,-0.00011102873
737,-8.4,0.0,3.0769231,-0.030045202,-0.0060819048,-0.0005131524
738,-8.4,0.5714286,3.0769231,-0.02573328,-0.0011191262,-0.0005222007
739,-8.4,1.1428572,3.0769231,-0.010934869,-0.008347603,-0.0004942904
740,-8.4,1.7142857,3.0769231,-0.005852854,-0.0077607883,-0.00048452953
741,-8.4,2.2857144,3.0769231,0.0069938633,-0.009924759,-0.00044375498
742,-8.4,2.857143,3.0769231,0.012778474,-0.010613376,-0.00041726395
743,-8.4,3.4285715,3.0769231,0.026059296,-0.010183298,-0.00045342054
744,-8.4,4.0,3.0769231,0.03344381,-0.01188051,-0.0005584163
745,-8.4,0.0,2.4615386,-0.030278841,-0.0061414624,-0.0008600287
746,-8.4,0.5714286,2.4615386,-0.02583361,-0.0011235886,-0.0008504775
747,-8.4,1.1428572,2.4615386,-0.010953559,-0.008415076,-0.00082767435
748,-8.4,1.7142857,2.4615386,-0.005917732,-0.007828809,-0.00074813404
749,-8.4,2.2857144,2.4615386,0.006971166,-0.0099969655,-0.0006946774
750,-8.4,2.857143,2.4615386,0.012734664,-0.010696204,-0.0006474345
751,-8.4,3.4285715,2.4615386,0.026050279,-0.010249989,-0.0005815519
752,-8.4,4.0,2.4615386,0.03343817,-0.011959631,-0.00053177116
753,-8.4,0.0,1.8461539,-0.030061122,-0.0060527083,-0.0013935582
754,-8.4,0.5714286,1.8461539,-0.025865534,-0.0012084766,-0.0012892007
755,-8.4,1.1428572,1.8461539,-0.011019538,-0.0084538115,-0.0011944392
756,-8.4,1.7142857,1.8461539,-0.0059649,-0.007944109,-0.0010864225
757,-8.4,2.2857144,1.8461539,0.006922916,-0.010073273,-0.000955396
758,-8.4,2.857143,1.8461539,0.012671842,-0.010807893,-0.0008379793
759,-8.4,3.4285715,1.8461539,0.02602138,-0.01031453,-0.0008304255
760,-8.4,4.0,1.8461539,0.033411514,-0.012043897,-0.0009413959
761,-8.4,0.0,1.2307693,-0.030605342,-0.0061379992,-0.001877227
762,-8.4,0.5714286,1.2307693,-0.026033478,-0.0011586377,-0.0019259399
763,-8.4,1.1428572,1.2307693,-0.011036347,-0.008577887,-0.001711006
764,-8.4,1.7142857,1.2307693,-0.0060559358,-0.008007894,-0.0014379693
765,-8.4,2.2857144,1.2307693,0.006852358,-0.010164022,-0.001234943
766,-8.4,2.857143,1.2307693,0.012585833,-0.010860466,-0.0010715163
767,-8.4,3.4285715,1.2307693,0.025945868,-0.010385214,-0.0009160942
768,-8.4,4.0,1.2307693,0.03338438,-0.012090448,-0.0007527456
769,-8.4,0.0,0.61538464,-0.029951721,-0.0059311013,-0.0034612138
770,-8.4,0.5714286,0.61538464,-0.025671877,-0.0012706731,-0.0027544883
771,-8.4,1.1428572,0.61538464,-0.011155892,-0.008600176,-0.0023088194
772,-8.4,1.7142857,0.61538464,-0.0059726187,-0.007963143,-0.0018871677
773,-8.4,2.2857144,0.61538464,0.006675824,-0.01018224,-0.0015349415
774,-8.4,2.857143,0.61538464,0.012547726,-0.010791386,-0.0012844992
775,-8.4,3.4285715,0.61538464,0.025735922,-0.010414022,-0.001073157
776,-8.4,4.0,0.61538464,0.03334289,-0.011964739,-0.0011058539
777,-8.4,0.0,0.0,-0.031083627,-0.005191188,-0.004098439
778,-8.4,0.5714286,0.0,-0.026175605,-0.0009082166,-0.004101469
779,-8.4,1.1428572,0.0,-0.011353669,-0.00806102,-0.0029607473
780,-8.4,1.7142857,0.0,-0.0061260695,-0.0076654893,-0.0022958512
781,-8.4,2.2857144,0.0,0.0064640623,-0.00991341,-0.0019361534
782,-8.4,2.857143,0.0,0.012397895,-0.010543839,-0.0014366717
783,-8.4,3.4285715,0.0,0.025472539,-0.010224894,-0.0012431324
784,-8.4,4.0,0.0,0.033194423,-0.011736804,-0.0006345452
785,-7.8,0.0,8.0,-0.034934286,-0.0028004777,0.0067899106
786,-7.8,0.5714286,8.0,-0.020429762,-0.01748237,0.00400575
787,-7.8,1.1428572,8.0,-0.013866542,-0.017238919,0.0026389384
788,-7.8,1.7142857,8.0,-0.0023845262,-0.02123212,0.002392219
789,-7.8,2.2857144,8.0,0.0037757386,-0.021926815,0.0016188181
790,-7.8,2.857143,8.0,0.015090807,-0.022429926,0.0016230881
791,-7.8,3.4285715,8.0,0.022575652,-0.023659097,0.001066853
792,-7.8,4.0,8.0,0.036038786,-0.022192994,0.0013019535
793,-7.8,0.0,7.3846154,-0.03565964,-0.0025581103,0.0025325324
794,-7.8,0.5714286,7.3846154,-0.020892764,-0.018521588,0.0027800363
795,-7.8,1.1428572,7.3846154,-0.014110015,-0.017489122,0.002146211
796,-7.8,1.7142857,7.3846154,-0.0024625154,-0.021535669,0.0016279924
797,-7.8,2.2857144,7.3846154,0.0037461582,-0.022152768,0.0014906911
798,-7.8,2.857143,7.3846154,0.0152381575,-0.02251743,0.0011575472
799,-7.8,3.4285715,7.3846154,0.022735532,-0.023880174,0.0011121281
800,-7.8,4.0,7.3846154,0.03628289,-0.022243667,0.0007415711
801,-7.8,0.0,6.769231,-0.035405464,-0.002554933,0.0017526419
802,-7.8,0.5714286,6.769231,-0.020714277,-0.018018484,0.0015836114
803,-7.8,1.1428572,6.769231,-0.014214258,-0.017493363,0.0014670515
804,-7.8,1.7142857,6.769231,-0.0023472926,-0.02142817,0.0012771586
805,-7.8,2.2857144,6.769231,0.003738088,-0.022128949,0.0010644275
806,-7.8,2.857143,6.769231,0.015409051,-0.0224416,0.0009863025
807,-7.8,3.4285715,6.769231,0.022775538,-0.023853322,0.00090210146
808,-7.8,4.0,6.769231,0.03640075,-0.02220421,0.0011268599
809,-7.8,0.0,6.1538463,-0.035482503,-0.0025556237,0.0010139354
810,-7.8,0.5714286,6.1538463,-0.020713365,-0.018116387,0.0010244094
811,-7.8,1.1428572,6.1538463,-0.014168288,-0.017254671,0.00095314643
812,-7.8,1.7142857,6.1538463,-0.0023148751,-0.021282153,0.00088323
813,-7.8,2.2857144,6.1538463,0.0037862798,-0.022014972,0.00078842795
814,-7.8,2.857143,6.1538463,0.015476537,-0.022272814,0.00074278173
815,-7.8,3.4285715,6.1538463,0.022815019,-0.023790142,0.0006908272
816,-7.8,4.0,6.1538463,0.03640496,-0.022032626,0.0006259504
817,-7.8,0.0,5.5384617,-0.035256516,-0.0025409663,0.0005307903
818,-7.8,0.5714286,5.5384617,-0.02064176,-0.017927919,0.0005794365
819,-7.8,1.1428572,5.5384617,-0.014123758,-0.017200628,0.0005838031
820,-7.8,1.7142857,5.5384617,-0.002288264,-0.02113122,0.0005406866
821,-7.8,2.2857144,5.5384617,0.003833822,-0.021848692,0.00052813825
822,-7.8,2.857143,5.5384617,0.015487156,-0.022176573,0.00047613896
823,-7.8,3.4285715,5.5384617,0.022837857,-0.02360138,0.0005445774
824,-7.8,4.0,5.5384617,0.036369443,-0.021985397,0.00070004433
825,-7.8,0.0,4.923077,-0.035238575,-0.0025475763,0.00028855779
826,-7.8,0.5714286,4.923077,-0.020622479,-0.017935477,0.00026636876
827,-7.8,1.1428572,4.923077,-0.014078598,-0.017058942,0.00026872358
828,-7.8,1.7142857,4.923077,-0.0022817303,-0.021059666,0.00028119428
829,-7.8,2.2857144,4.923077,0.0038558978,-0.02173183,0.0002416886
830,-7.8,2.857143,4.923077,0.015485766,-0.022063648,0.00027726314
831,-7.8,3.4285715,4.923077,0.02283761,-0.023513084,0.00021842387
832,-7.8,4.0,4.923077,0.03632301,-0.021862436,0.00020895517
833,-7.8,0.0,4.3076925,-0.035173718,-0.0025407034,-3.698282e-05
834,-7.8,0.5714286,4.3076925,-0.020603247,-0.017872622,1.1962935e-05
835,-7.8,1.1428572,4.3076925,-0.014069634,-0.017040111,1.9653722e-05
836,-7.8,1.7142857,4.3076925,-0.0022802714,-0.02099478,4.6986605e-07
837,-7.8,2.2857144,4.3076925,0.0038588287,-0.021674655,2.7623933e-05
838,-7.8,2.857143,4.3076925,0.015475324,-0.022014363,-1.4277932e-05
839,-7.8,3.4285715,4.3076925,0.022826668,-0.023440612,6.790178e-05
840,-7.8,4.0,4.3076925,0.036295522,-0.021831714,0.00013325956
841,-7.8,0.0,3.6923077,-0.035186555,-0.0025402415,-0.00018254388
842,-7.8,0.5714286,3.6923077,-0.020616097,-0.017872874,-0.00023184252
843,-7.8,1.1428572,3.6923077,-0.014082497,-0.017040092,-0.0002403404
844,-7.8,1.7142857,3.6923077,-0.002293132,-0.0209949,-0.00022138828
845,-7.8,2.2857144,3.6923077,0.00384594,-0.02167469,-0.00024930498
846,-7.8,2.857143,3.6923077,0.015462451,-0.02201446,-0.00020763124
847,-7.8,3.4285715,3.6923077,0.022813745,-0.023440666,-0.0002906138
848,-7.8,4.0,3.6923077,0.036282603,-0.02183179,-0.00035628857
849,-7.8,0.0,3.0769231,-0.03527699,-0.0025466087,-0.0005079324
850,-7.8,0.5714286,3.0769231,-0.020661047,-0.01793634,-0.0004863496
851,-7.8,1.1428572,3.0769231,-0.0141172195,-0.017058657,-0.0004892843
852,-7.8,1.7142857,3.0769231,-0.0023202838,-0.021060219,-0.0005022318
853,-7.8,2.2857144,3.0769231,0.003817203,-0.021731803,-0.00046325373
854,-7.8,2.857143,3.0769231,0.015447173,-0.022064002,-0.00049928087
855,-7.8,3.4285715,3.0769231,0.022798847,-0.023513222,-0.00044103223
856,-7.8,4.0,3.0769231,0.036284324,-0.021862626,-0.0004320965
857,-7.8,0.0,2.4615386,-0.035320695,-0.002539084,-0.0007501502
858,-7.8,0.5714286,2.4615386,-0.020705996,-0.017929208,-0.00079948
859,-7.8,1.1428572,2.4615386,-0.014188145,-0.017200334,-0.0008042936
860,-7.8,1.7142857,2.4615386,-0.0023525148,-0.021131998,-0.00076178915
861,-7.8,2.2857144,2.4615386,0.0037693232,-0.021848753,-0.0007496269
862,-7.8,2.857143,2.4615386,0.015422843,-0.022177108,-0.00069824007
863,-7.8,3.4285715,2.4615386,0.022773225,-0.023601646,-0.00076709123
864,-7.8,4.0,2.4615386,0.036304954,-0.021985725,-0.00092326244
865,-7.8,0.0,1.8461539,-0.035572212,-0.0025531163,-0.0012331472
866,-7.8,0.5714286,1.8461539,-0.020803306,-0.018118361,-0.0012444396
867,-7.8,1.1428572,1.8461539,-0.014258466,-0.017254107,-0.0011736292
868,-7.8,1.7142857,1.8461539,-0.002404805,-0.021283353,-0.0011043282
869,-7.8,2.2857144,1.8461539,0.0036959592,-0.022015018,-0.0010099328
870,-7.8,2.857143,1.8461539,0.015386525,-0.022273576,-0.00096485263
871,-7.8,3.4285715,1.8461539,0.022724548,-0.023790538,-0.0009133773
872,-7.8,4.0,1.8461539,0.03631473,-0.022033026,-0.00084916037
873,-7.8,0.0,1.2307693,-0.03552078,-0.0025513293,-0.0019720385
874,-7.8,0.5714286,1.2307693,-0.020830162,-0.018021042,-0.001803593
875,-7.8,1.1428572,1.2307693,-0.014330034,-0.017492658,-0.0016875442
876,-7.8,1.7142857,1.2307693,-0.002463101,-0.021429773,-0.0014982836
877,-7.8,2.2857144,1.2307693,0.0036221175,-0.022128977,-0.0012858837
878,-7.8,2.857143,1.2307693,0.015293194,-0.022442626,-0.0012084207
879,-7.8,3.4285715,1.2307693,0.022659356,-0.023853812,-0.0011245891
880,-7.8,4.0,1.2307693,0.036284618,-0.02220476,-0.0013500846
881,-7.8,0.0,0.61538464,-0.035800118,-0.0025527726,-0.002751462
882,-7.8,0.5714286,0.61538464,-0.021034528,-0.018525537,-0.0030000552
883,-7.8,1.1428572,0.61538464,-0.014251495,-0.01748792,-0.0023668034
884,-7.8,1.7142857,0.61538464,-0.0026041276,-0.021537902,-0.0018489801
885,-7.8,2.2857144,0.61538464,0.0036044898,-0.022152632,-0.001712266
886,-7.8,2.857143,0.61538464,0.015096516,-0.022518827,-0.0013795375
887,-7.8,3.4285715,0.61538464,0.022593673,-0.023880677,-0.0013347209
888,-7.8,4.0,0.61538464,0.036140963,-0.022244366,-0.0009647511
889,-7.8,0.0,0.0,-0.035101082,-0.0027962541,-0.007009757
890,-7.8,0.5714286,0.0,-0.020597763,-0.017486235,-0.0042260676
891,-7.8,1.1428572,0.0,-0.014033704,-0.017237924,-0.0028591752
892,-7.8,1.7142857,0.0,-0.0025521012,-0.021234566,-0.002613515
893,-7.8,2.2857144,0.0,0.0036084505,-0.021926729,-0.0018401097
894,-7.8,2.857143,0.0,0.014923336,-0.022431575,-0.0018453031
895,-7.8,3.4285715,0.0,0.022408206,-0.023659633,-0.0012892268
896,-7.8,4.0,0.0,0.035871074,-0.022193966,-0.0015252064
897,-7.2,0.0,8.0,-0.034085512,-0.03627501,0.0008675091
898,-7.2,0.5714286,8.0,-0.02069081,-0.028849116,0.0023066134
899,-7.2,1.1428572,8.0,-0.011437228,-0.03424996,0.0020863202
900,-7.2,1.7142857,8.0,-0.0037849953,-0.03412924,0.0016501102
901,-7.2,2.2857144,8.0,0.005535613,-0.03542466,0.0017207036
902,-7.2,2.857143,8.0,0.012921571,-0.036524817,0.0014074049
903,-7.2,3.4285715,8.0,0.02383111,-0.035498228,0.0015595433
904,-7.2,4.0,8.0,0.034040857,-0.037459783,0.0010461354
905,-7.2,0.0,7.3846154,-0.035592392,-0.03650511,0.0020970297
906,-7.2,0.5714286,7.3846154,-0.021837996,-0.028599696,0.0015560811
907,-7.2,1.1428572,7.3846154,-0.011923325,-0.034437023,0.0015289295
908,-7.2,1.7142857,7.3846154,-0.004166482,-0.03415776,0.0014341765
909,-7.2,2.2857144,7.3846154,0.005494885,-0.035398223,0.0012829648
910,-7.2,2.857143,7.3846154,0.012926386,-0.03657706,0.0012860642
911,-7.2,3.4285715,7.3846154,0.024079597,-0.035409406,0.0012294708
912,-7.2,4.0,7.3846154,0.034254275,-0.03752157,0.0015483459
913,-7.2,0.0,6.769231,-0.034805823,-0.036595494,0.00091482885
914,-7.2,0.5714286,6.769231,-0.02167189,-0.028574437,0.0011393513
915,-7.2,1.1428572,6.769231,-0.011863408,-0.034199025,0.0011002158
916,-7.2,1.7142857,6.769231,-0.004161552,-0.034054574,0.0010400439
917,-7.2,2.2857144,6.769231,0.005609696,-0.03519021,0.0010266855
918,-7.2,2.857143,6.769231,0.012990561,-0.036483146,0.0010197164
919,-7.2,3.4285715,6.769231,0.024256485,-0.035209496,0.0010412893
920,-7.2,4.0,6.769231,0.03419887,-0.03745592,0.00095817435
921,-7.2,0.0,6.1538463,-0.034989517,-0.0363334,0.0006035145
922,-7.2,0.5714286,6.1538463,-0.021699117,-0.028363146,0.00066831213
923,-7.2,1.1428572,6.1538463,-0.011802475,-0.03400614,0.0007246794
924,-7.2,1.7142857,6.1538463,-0.004156087,-0.033849426,0.00074022997
925,-7.2,2.2857144,6.1538463,0.0056890543,-0.034968965,0.00075311324
926,-7.2,2.857143,6.1538463,0.013032742,-0.036306288,0.0007574363
927,-7.2,3.4285715,6.1538463,0.024306204,-0.034992866,0.00086506957
928,-7.2,4.0,6.1538463,0.034209456,-0.037310805,0.0011208276
929,-7.2,0.0,5.5384617,-0.034669884,-0.03630586,0.00031784474
930,-7.2,0.5714286,5.5384617,-0.021574913,-0.02822944,0.00037759467
931,-7.2,1.1428572,5.5384617,-0.011776725,-0.03383395,0.00043373482
932,-7.2,1.7142857,5.5384617,-0.004082822,-0.033647507,0.0004608912
933,-7.2,2.2857144,5.5384617,0.0056967796,-0.034804177,0.00048538443
934,-7.2,2.857143,5.5384617,0.013083557,-0.036086302,0.0005353879
935,-7.2,3.4285715,5.5384617,0.024296908,-0.03485271,0.0005456778
936,-7.2,4.0,5.5384617,0.03416475,-0.037097335,0.00055449386
937,-7.2,0.0,4.923077,-0.03468991,-0.03615736,6.253576e-05
938,-7.2,0.5714286,4.923077,-0.02153387,-0.028115107,0.00015331488
939,-7.2,1.1428572,4.923077,-0.011741722,-0.0337254,0.00018588974
940,-7.2,1.7142857,4.923077,-0.004063812,-0.03350322,0.00021660754
941,-7.2,2.2857144,4.923077,0.0057121553,-0.034671538,0.0002419402
942,-7.2,2.857143,4.923077,0.013089851,-0.035943575,0.00025386605
943,-7.2,3.4285715,4.923077,0.024276262,-0.0347156,0.00034892105
944,-7.2,4.0,4.923077,0.034148306,-0.03697305,0.00050506194
945,-7.2,0.0,4.3076925,-0.034599844,-0.036131077,-1.861119e-05
946,-7.2,0.5714286,4.3076925,-0.021504467,-0.028067103,-4.1013747e-05
947,-7.2,1.1428572,4.3076925,-0.011736059,-0.033657562,-1.9408042e-05
948,-7.2,1.7142857,4.3076925,-0.0040512225,-0.033433765,-1.3370781e-05
949,-7.2,2.2857144,4.3076925,0.0057048276,-0.03460189,-4.8907646e-06
950,-7.2,2.857143,4.3076925,0.013088818,-0.035863575,1.7499025e-05
951,-7.2,3.4285715,4.3076925,0.02425731,-0.034652717,-1.6704764e-05
952,-7.2,4.0,4.3076925,0.034113355,-0.036892287,-6.618876e-05
953,-7.2,0.0,3.6923077,-0.034612626,-0.036131382,-0.00022579859
954,-7.2,0.5714286,3.6923077,-0.021517277,-0.028066875,-0.00020438261
955,-7.2,1.1428572,3.6923077,-0.01174895,-0.033657715,-0.00022605443
956,-7.2,1.7142857,3.6923077,-0.004064068,-0.0334337,-0.00023297107
957,-7.2,2.2857144,3.6923077,0.005691941,-0.03460199,-0.00024149584
958,-7.2,2.857143,3.6923077,0.0130759375,-0.03586357,-0.00026474142
959,-7.2,3.4285715,3.6923077,0.024244418,-0.034652777,-0.00023063687
960,-7.2,4.0,3.6923077,0.03410044,-0.036892317,-0.00018210025
961,-7.2,0.0,3.0769231,-0.034728467,-0.03615784,-0.00030714614
962,-7.2,0.5714286,3.0769231,-0.021572346,-0.02811451,-0.00039856115
963,-7.2,1.1428572,3.0769231,-0.0117803225,-0.033725847,-0.00043149918
964,-7.2,1.7142857,3.0769231,-0.004102395,-0.033503026,-0.00046279977
965,-7.2,2.2857144,3.0769231,0.0056735184,-0.034671832,-0.00048847334
966,-7.2,2.857143,3.0769231,0.013051202,-0.035943568,-0.00050096464
967,-7.2,3.4285715,3.0769231,0.024237549,-0.034715787,-0.0005964022
968,-7.2,4.0,3.0769231,0.03410953,-0.036973167,-0.0007532017
969,-7.2,0.0,2.4615386,-0.03473396,-0.03630696,-0.0005624246
970,-7.2,0.5714286,2.4615386,-0.02163904,-0.028228398,-0.00062275334
971,-7.2,1.1428572,2.4615386,-0.011841083,-0.03383469,-0.00067942246
972,-7.2,1.7142857,2.4615386,-0.004147128,-0.033647202,-0.00070700306
973,-7.2,2.2857144,2.4615386,0.005632398,-0.034804653,-0.0007319996
974,-7.2,2.857143,2.4615386,0.013019118,-0.036086317,-0.0007824038
975,-7.2,3.4285715,2.4615386,0.024232442,-0.034852993,-0.0007932465
976,-7.2,4.0,2.4615386,0.034100123,-0.037097543,-0.0008025727
977,-7.2,0.0,1.8461539,-0.03507942,-0.036334705,-0.000848271
978,-7.2,0.5714286,1.8461539,-0.021788934,-0.02836171,-0.0009134492
979,-7.2,1.1428572,1.8461539,-0.011892542,-0.034007154,-0.00097037334
980,-7.2,1.7142857,1.8461539,-0.004246145,-0.033849027,-0.0009863458
981,-7.2,2.2857144,1.8461539,0.005598926,-0.03496962,-0.0009997373
982,-7.2,2.857143,1.8461539,0.012942536,-0.03630634,-0.0010044453
983,-7.2,3.4285715,1.8461539,0.024215931,-0.034993254,-0.0011126387
984,-7.2,4.0,1.8461539,0.034118984,-0.037311137,-0.0013688729
985,-7.2,0.0,1.2307693,-0.03492133,-0.036597382,-0.0011593371
986,-7.2,0.5714286,1.2307693,-0.021787168,-0.028572327,-0.0013845087
987,-7.2,1.1428572,1.2307693,-0.0119794505,-0.034200523,-0.0013459472
988,-7.2,1.7142857,1.2307693,-0.004277169,-0.03405396,-0.0012861743
989,-7.2,2.2857144,1.2307693,0.00549366,-0.035191156,-0.0012733019
990,-7.2,2.857143,1.2307693,0.012874738,-0.036483165,-0.0012667375
991,-7.2,3.4285715,1.2307693,0.024140324,-0.03521002,-0.0012888487
992,-7.2,4.0,1.2307693,0.034082726,-0.037456345,-0.001206276
993,-7.2,0.0,0.61538464,-0.035734106,-0.03650807,-0.0023419836
994,-7.2,0.5714286,0.61538464,-0.021978812,-0.028596792,-0.0018013855
995,-7.2,1.1428572,0.61538464,-0.01206534,-0.034439173,-0.0017746639
996,-7.2,1.7142857,0.61538464,-0.004307655,-0.034156833,-0.0016803567
997,-7.2,2.2857144,0.61538464,0.005352912,-0.035399556,-0.0015295647
998,-7.2,2.857143,0.61538464,0.012785015,-0.036576953,-0.0015330964
999,-7.2,3.4285715,0.61538464,0.023937501,-0.03541019,-0.0014770137
1000,-7.2,4.0,0.61538464,0.03411252,-0.03752202,-0.0017963897
1001,-7.2,0.0,0.0,-0.03425279,-0.036277402,-0.001112526
1002,-7.2,0.5714286,0.0,-0.020857424,-0.02884624,-0.0025521633
1003,-7.2,1.1428572,0.0,-0.01160518,-0.034252223,-0.0023322438
1004,-7.2,1.7142857,0.0,-0.0039518564,-0.034128267,-0.001896219
1005,-7.2,2.2857144,0.0,0.005367814,-0.035426214,-0.0019674136
1006,-7.2,2.857143,0.0,0.012754567,-0.036524665,-0.0016543583
1007,-7.2,3.4285715,0.0,0.023663282,-0.035499223,-0.0018071426
1008,-7.2,4.0,0.0,0.033873513,-0.0374602,-0.0012941918
1009,-6.6,0.0,8.0,-0.03409506,-0.045704737,-0.00025328464
1010,-6.6,0.5714286,8.0,-0.020669015,-0.05089295,4.952229e-06
1011,-6.6,1.1428572,8.0,-0.011286618,-0.04779542,0.0007869025
1012,-6.6,1.7142857,8.0,-0.0029426909,-0.049673926,0.001102549
1013,-6.6,2.2857144,8.0,0.0044427277,-0.050096545,0.0012698633
1014,-6.6,2.857143,8.0,0.013365391,-0.049442764,0.0015368087
1015,-6.6,3.4285715,8.0,0.022062607,-0.051028658,0.001576666
1016,-6.6,4.0,8.0,0.034535576,-0.04896392,0.0022198642
1017,-6.6,0.0,7.3846154,-0.034695245,-0.04468946,-0.00023466306
1018,-6.6,0.5714286,7.3846154,-0.021473955,-0.050570738,0.00038840604
1019,-6.6,1.1428572,7.3846154,-0.012007072,-0.047376983,0.0006994972
1020,-6.6,1.7142857,7.3846154,-0.0032321573,-0.049412385,0.0009106527
1021,-6.6,2.2857144,7.3846154,0.004240022,-0.04988934,0.0010883295
1022,-6.6,2.857143,7.3846154,0.013475755,-0.049143262,0.0012729137
1023,-6.6,3.4285715,7.3846154,0.022255942,-0.05088977,0.0014444535
1024,-6.6,4.0,7.3846154,0.034785874,-0.048677176,0.001371636
1025,-6.6,0.0,6.769231,-0.034998935,-0.04444288,0.00022194373
1026,-6.6,0.5714286,6.769231,-0.021507572,-0.050353516,0.0003183881
1027,-6.6,1.1428572,6.769231,-0.012032321,-0.047160666,0.0005290522
1028,-6.6,1.7142857,6.769231,-0.003192515,-0.04905785,0.00072619924
1029,-6.6,2.2857144,6.769231,0.0042713364,-0.049687363,0.0008842319
1030,-6.6,2.857143,6.769231,0.013639885,-0.048774485,0.0010125469
1031,-6.6,3.4285715,6.769231,0.022327809,-0.050711855,0.0012321977
1032,-6.6,4.0,6.769231,0.034917016,-0.048337225,0.0016403985
1033,-6.6,0.0,6.1538463,-0.03453631,-0.04425141,-5.828479e-05
1034,-6.6,0.5714286,6.1538463,-0.021369921,-0.050037626,0.00020697067
1035,-6.6,1.1428572,6.1538463,-0.012051441,-0.046912547,0.00037018734
1036,-6.6,1.7142857,6.1538463,-0.003109401,-0.048764534,0.0005173158
1037,-6.6,2.2857144,6.1538463,0.004295368,-0.049409352,0.000641799
1038,-6.6,2.857143,6.1538463,0.0137311155,-0.04848971,0.00081373664
1039,-6.6,3.4285715,6.1538463,0.022355469,-0.050446816,0.00090708316
1040,-6.6,4.0,6.1538463,0.034870185,-0.048061863,0.0009819574
1041,-6.6,0.0,5.5384617,-0.034589734,-0.043964013,-6.706386e-05
1042,-6.6,0.5714286,5.5384617,-0.021339767,-0.049846984,7.746469e-05
1043,-6.6,1.1428572,5.5384617,-0.011945762,-0.04665053,0.00020620375
1044,-6.6,1.7142857,5.5384617,-0.003111923,-0.048552886,0.00032313142
1045,-6.6,2.2857144,5.5384617,0.0043676873,-0.049142312,0.00043300967
1046,-6.6,2.857143,5.5384617,0.013724495,-0.048277788,0.0005190967
1047,-6.6,3.4285715,5.5384617,0.022377865,-0.050180934,0.0007028684
1048,-6.6,4.0,5.5384617,0.034838855,-0.047873702,0.0009620528
1049,-6.6,0.0,4.923077,-0.034336258,-0.043858513,-0.000112141715
1050,-6.6,0.5714286,4.923077,-0.021265198,-0.049677994,-1.7841434e-05
1051,-6.6,1.1428572,4.923077,-0.0119247725,-0.046487287,6.2621e-05
1052,-6.6,1.7142857,4.923077,-0.00307717,-0.048386816,0.00013516608
1053,-6.6,2.2857144,4.923077,0.0043751337,-0.048961952,0.00019786575
1054,-6.6,2.857143,4.923077,0.013730163,-0.048113875,0.0002868226
1055,-6.6,3.4285715,4.923077,0.022365494,-0.050003298,0.0003090009
1056,-6.6,4.0,4.923077,0.034763806,-0.047712415,0.00033358112
1057,-6.6,0.0,4.3076925,-0.034354948,-0.0437632,-0.00014190564
1058,-6.6,0.5714286,4.3076925,-0.021251181,-0.049600646,-9.832518e-05
1059,-6.6,1.1428572,4.3076925,-0.01189876,-0.04639953,-7.11949e-05
1060,-6.6,1.7142857,4.3076925,-0.003082867,-0.048302785,-4.6009827e-05
1061,-6.6,2.2857144,4.3076925,0.0043836157,-0.048868295,-2.0598e-05
1062,-6.6,2.857143,4.3076925,0.013714499,-0.04802906,-1.1875217e-05
1063,-6.6,3.4285715,4.3076925,0.022351133,-0.049908567,7.036173e-05
1064,-6.6,4.0,4.3076925,0.034739636,-0.047636773,0.00017583973
1065,-6.6,0.0,3.6923077,-0.034367807,-0.043762956,-0.00012826547
1066,-6.6,0.5714286,3.6923077,-0.021264045,-0.04960081,-0.00017182127
1067,-6.6,1.1428572,3.6923077,-0.011911573,-0.04639939,-0.00019990423
1068,-6.6,1.7142857,3.6923077,-0.0030957607,-0.048302878,-0.00022496252
1069,-6.6,2.2857144,3.6923077,0.004370766,-0.048868235,-0.00025129743
1070,-6.6,2.857143,3.6923077,0.013701598,-0.048029114,-0.00025991336
1071,-6.6,3.4285715,3.6923077,0.02233824,-0.04990856,-0.0003431074
1072,-6.6,4.0,3.6923077,0.03472669,-0.047636807,-0.00044858604
1073,-6.6,0.0,3.0769231,-0.03437466,-0.043858066,-0.00015777223
1074,-6.6,0.5714286,3.0769231,-0.021303734,-0.049678396,-0.00025249243
1075,-6.6,1.1428572,3.0769231,-0.011963302,-0.046486918,-0.0003335375
1076,-6.6,1.7142857,3.0769231,-0.0031157958,-0.04838706,-0.0004063193
1077,-6.6,2.2857144,3.0769231,0.004336553,-0.0489618,-0.00046958218
1078,-6.6,2.857143,3.0769231,0.013691476,-0.048114017,-0.0005587873
1079,-6.6,3.4285715,3.0769231,0.022326846,-0.050003264,-0.0005815747
1080,-6.6,4.0,3.0769231,0.03472502,-0.04771248,-0.0006065156
1081,-6.6,0.0,2.4615386,-0.03465389,-0.043963056,-0.00020286973
1082,-6.6,0.5714286,2.4615386,-0.021404013,-0.049847733,-0.0003479129
1083,-6.6,1.1428572,2.4615386,-0.012009943,-0.046649877,-0.00047700328
1084,-6.6,1.7142857,2.4615386,-0.0031763166,-0.048553307,-0.00059439975
1085,-6.6,2.2857144,2.4615386,0.0043033827,-0.04914207,-0.0007046185
1086,-6.6,2.857143,2.4615386,0.013660029,-0.048278008,-0.000791169
1087,-6.6,3.4285715,2.4615386,0.022313412,-0.05018092,-0.00097533065
1088,-6.6,4.0,2.4615386,0.034774207,-0.047873795,-0.0012350741
1089,-6.6,0.0,1.8461539,-0.034626015,-0.044250216,-0.00021148514
1090,-6.6,0.5714286,1.8461539,-0.02145984,-0.050038576,-0.00047740052
1091,-6.6,1.1428572,1.8461539,-0.012141359,-0.0469117,-0.00064102287
1092,-6.6,1.7142857,1.8461539,-0.003199524,-0.04876509,-0.0007885762
1093,-6.6,2.2857144,1.8461539,0.0042053224,-0.04940905,-0.0009134171
1094,-6.6,2.857143,1.8461539,0.013640873,-0.048489995,-0.0010858066
1095,-6.6,3.4285715,1.8461539,0.022265263,-0.05044682,-0.0011795528
1096,-6.6,4.0,1.8461539,0.034779713,-0.048061967,-0.001255016
1097,-6.6,0.0,1.2307693,-0.03511427,-0.044441137,-0.0004919677
1098,-6.6,0.5714286,1.2307693,-0.02162336,-0.050354995,-0.00058889255
1099,-6.6,1.1428572,1.2307693,-0.012147734,-0.0471594,-0.0007998779
1100,-6.6,1.7142857,1.2307693,-0.0033085889,-0.049058706,-0.0009974855
1101,-6.6,2.2857144,1.2307693,0.0041557406,-0.049686912,-0.0011558617
1102,-6.6,2.857143,1.2307693,0.013523705,-0.048774913,-0.0012846056
1103,-6.6,3.4285715,1.2307693,0.022211986,-0.050711863,-0.0015046713
1104,-6.6,4.0,1.2307693,0.034800537,-0.048337393,-0.0019134011
1105,-6.6,0.0,0.61538464,-0.03483594,-0.044686865,-3.5197594e-05
1106,-6.6,0.5714286,0.61538464,-0.021615759,-0.05057281,-0.000658918
1107,-6.6,1.1428572,0.61538464,-0.01214802,-0.04737523,-0.0009704169
1108,-6.6,1.7142857,0.61538464,-0.003374223,-0.049413644,-0.001181942
1109,-6.6,2.2857144,0.61538464,0.004098931,-0.04988862,-0.0013599764
1110,-6.6,2.857143,0.61538464,0.013333596,-0.049143977,-0.0015449731
1111,-6.6,3.4285715,0.61538464,0.022114638,-0.05088962,-0.0017169237
1112,-6.6,4.0,0.61538464,0.03464341,-0.048677508,-0.0016446979
1113,-6.6,0.0,0.0,-0.034261554,-0.045702364,-1.6683874e-05
1114,-6.6,0.5714286,0.0,-0.0208366,-0.05089504,-0.0002755332
1115,-6.6,1.1428572,0.0,-0.011453237,-0.047793556,-0.0010578987
1116,-6.6,1.7142857,0.0,-0.0031105995,-0.04967534,-0.0013739152
1117,-6.6,2.2857144,0.0,0.0042759967,-0.050095715,-0.0015415024
1118,-6.6,2.857143,0.0,0.013197446,-0.049443662,-0.0018088992
1119,-6.6,3.4285715,0.0,0.021895694,-0.051028423,-0.0018490986
1120,-6.6,4.0,0.0,0.034367334,-0.048964437,-0.0024928835
1121,-6.0,0.0,8.0,-0.032183684,-0.064802594,-0.0013859543
1122,-6.0,0.5714286,8.0,-0.020788949,-0.062428467,-0.00070711225
1123,-6.0,1.1428572,8.0,-0.010653214,-0.06488149,-0.00026774476
1124,-6.0,1.7142857,8.0,-0.0034383582,-0.064210735,0.00052057585
1125,-6.0,2.2857144,8.0,0.0046843747,-0.06394149,0.0009611186
1126,-6.0,2.857143,8.0,0.011951198,-0.06521702,0.0015052021
1127,-6.0,3.4285715,8.0,0.021786794,-0.06316137,0.0019933772
1128,-6.0,4.0,8.0,0.032796696,-0.06523984,0.0018845098
1129,-6.0,0.0,7.3846154,-0.03290956,-0.06443595,-0.0011652508
1130,-6.0,0.5714286,7.3846154,-0.021438185,-0.0616491,-0.0006303682
1131,-6.0,1.1428572,7.3846154,-0.011058417,-0.06428912,-5.141717e-05
1132,-6.0,1.7142857,7.3846154,-0.003824461,-0.06366416,0.0004184964
1133,-6.0,2.2857144,7.3846154,0.0046714833,-0.06337794,0.0009099231
1134,-6.0,2.857143,7.3846154,0.011971011,-0.06483059,0.0012418125
1135,-6.0,3.4285715,7.3846154,0.022118986,-0.062619135,0.0016708707
1136,-6.0,4.0,7.3846154,0.03310559,-0.064929426,0.002363362
1137,-6.0,0.0,6.769231,-0.03273069,-0.06377474,-0.00089287036
1138,-6.0,0.5714286,6.769231,-0.02169058,-0.061123613,-0.00041533296
1139,-6.0,1.1428572,6.769231,-0.011133734,-0.06378946,6.456256e-06
1140,-6.0,1.7142857,6.769231,-0.0038767194,-0.06329226,0.00038403025
1141,-6.0,2.2857144,6.769231,0.0047715856,-0.06283296,0.0007051863
1142,-6.0,2.857143,6.769231,0.012050727,-0.064519815,0.0010880133
1143,-6.0,3.4285715,6.769231,0.022330211,-0.062075,0.0013506222
1144,-6.0,4.0,6.769231,0.033016462,-0.06462392,0.0014937274
1145,-6.0,0.0,6.1538463,-0.03267323,-0.06336409,-0.00059999886
1146,-6.0,0.5714286,6.1538463,-0.021596586,-0.060822744,-0.00031483316
1147,-6.0,1.1428572,6.1538463,-0.011041085,-0.06336594,-1.2264794e-05
1148,-6.0,1.7142857,6.1538463,-0.003876197,-0.06292484,0.00027753477
1149,-6.0,2.2857144,6.1538463,0.004867752,-0.06245258,0.00056680955
1150,-6.0,2.857143,6.1538463,0.01209017,-0.06413462,0.00078493264
1151,-6.0,3.4285715,6.1538463,0.022384815,-0.061716653,0.001124768
1152,-6.0,4.0,6.1538463,0.033037733,-0.06427142,0.0015480606
1153,-6.0,0.0,5.5384617,-0.032434713,-0.0630975,-0.0005096349
1154,-6.0,0.5714286,5.5384617,-0.021502348,-0.060451597,-0.00025386346
1155,-6.0,1.1428572,5.5384617,-0.01104813,-0.06311073,-3.189993e-05
1156,-6.0,1.7142857,5.5384617,-0.003792108,-0.062587544,0.00016532898
1157,-6.0,2.2857144,5.5384617,0.004855631,-0.062176485,0.00035704978
1158,-6.0,2.857143,5.5384617,0.0121495975,-0.063807376,0.0005730068
1159,-6.0,3.4285715,5.5384617,0.022360371,-0.0614435,0.0007086654
1160,-6.0,4.0,5.5384617,0.03296165,-0.06394456,0.00082505104
1161,-6.0,0.0,4.923077,-0.032416232,-0.06287058,-0.00034002293
1162,-6.0,0.5714286,4.923077,-0.021429207,-0.06026419,-0.00021096003
1163,-6.0,1.1428572,4.923077,-0.010996654,-0.06289037,-8.116752e-05
1164,-6.0,1.7142857,4.923077,-0.0037791836,-0.062375795,4.555853e-05
1165,-6.0,2.2857144,4.923077,0.0048744213,-0.061974883,0.00016554685
1166,-6.0,2.857143,4.923077,0.012146031,-0.06358265,0.00026453813
1167,-6.0,3.4285715,4.923077,0.022333486,-0.061251976,0.00044547612
1168,-6.0,4.0,4.923077,0.032944813,-0.06373678,0.0006578885
1169,-6.0,0.0,4.3076925,-0.03232851,-0.06277672,-0.0002229173
1170,-6.0,0.5714286,4.3076925,-0.021400178,-0.060146414,-0.00016733464
1171,-6.0,1.1428572,4.3076925,-0.010997076,-0.06279195,-0.00012243688
1172,-6.0,1.7142857,4.3076925,-0.003763019,-0.06226208,-8.590367e-05
1173,-6.0,2.2857144,4.3076925,0.004862082,-0.061871585,-4.497273e-05
1174,-6.0,2.857143,4.3076925,0.012144766,-0.063470975,6.9755765e-06
1175,-6.0,3.4285715,4.3076925,0.022309858,-0.06114937,-6.8811123e-06
1176,-6.0,4.0,4.3076925,0.032896984,-0.06362364,-3.06494e-05
1177,-6.0,0.0,3.6923077,-0.032341313,-0.062776856,-7.189704e-05
1178,-6.0,0.5714286,3.6923077,-0.021412991,-0.060146254,-0.00012862025
1179,-6.0,1.1428572,3.6923077,-0.011009955,-0.06279204,-0.0001732492
1180,-6.0,1.7142857,3.6923077,-0.0037758553,-0.062261976,-0.00021077147
1181,-6.0,2.2857144,3.6923077,0.0048491927,-0.061871625,-0.0002513977
1182,-6.0,2.857143,3.6923077,0.012131901,-0.06347092,-0.00030434201
1183,-6.0,3.4285715,3.6923077,0.022296958,-0.061149374,-0.00029024604
1184,-6.0,4.0,3.6923077,0.0328841,-0.063623585,-0.00026758347
1185,-6.0,0.0,3.0769231,-0.03245475,-0.062870845,4.4887507e-05
1186,-6.0,0.5714286,3.0769231,-0.021467693,-0.06026379,-8.4750776e-05
1187,-6.0,1.1428572,3.0769231,-0.011035231,-0.06289059,-0.00021475388
1188,-6.0,1.7142857,3.0769231,-0.0038177306,-0.06237552,-0.00034200255
1189,-6.0,2.2857144,3.0769231,0.0048357714,-0.06197498,-0.00046214447
1190,-6.0,2.857143,3.0769231,0.012107431,-0.06358251,-0.0005616811
1191,-6.0,3.4285715,3.0769231,0.022294745,-0.061252,-0.00074282027
1192,-6.0,4.0,3.0769231,0.03290609,-0.06373671,-0.0009558904
1193,-6.0,0.0,2.4615386,-0.03249883,-0.06309808,0.00021450903
1194,-6.0,0.5714286,2.4615386,-0.021566488,-0.06045085,-4.1708976e-05
1195,-6.0,1.1428572,2.4615386,-0.0111124525,-0.063111134,-0.00026417008
1196,-6.0,1.7142857,2.4615386,-0.0038563458,-0.062587075,-0.0004616354
1197,-6.0,2.2857144,2.4615386,0.004791214,-0.06217664,-0.00065378146
1198,-6.0,2.857143,2.4615386,0.012085255,-0.06380716,-0.00087001605
1199,-6.0,3.4285715,2.4615386,0.022295844,-0.0614435,-0.0010061464
1200,-6.0,4.0,2.4615386,0.03289714,-0.06394445,-0.0011229529
1201,-6.0,0.0,1.8461539,-0.03276306,-0.063364804,0.0003047054
1202,-6.0,0.5714286,1.8461539,-0.021686405,-0.060821805,1.9207137e-05
1203,-6.0,1.1428572,1.8461539,-0.0111311,-0.06336645,-0.00028376974
1204,-6.0,1.7142857,1.8461539,-0.0039661666,-0.06292424,-0.00057387294
1205,-6.0,2.2857144,1.8461539,0.0047775856,-0.06245278,-0.00086352736
1206,-6.0,2.857143,1.8461539,0.012000079,-0.06413436,-0.0010819526
1207,-6.0,3.4285715,1.8461539,0.022294464,-0.061716653,-0.0014222298
1208,-6.0,4.0,1.8461539,0.03294738,-0.064271316,-0.0018459382
1209,-6.0,0.0,1.2307693,-0.032846287,-0.06377583,0.00059776584
1210,-6.0,0.5714286,1.2307693,-0.021805923,-0.061122205,0.000119745564
1211,-6.0,1.1428572,1.2307693,-0.011249672,-0.063790284,-0.00030254855
1212,-6.0,1.7142857,1.2307693,-0.0039922213,-0.06329139,-0.00068036246
1213,-6.0,2.2857144,1.2307693,0.004655484,-0.062833294,-0.0010019066
1214,-6.0,2.857143,1.2307693,0.011935073,-0.06451946,-0.0013850388
1215,-6.0,3.4285715,1.2307693,0.022213915,-0.062075015,-0.0016480815
1216,-6.0,4.0,1.2307693,0.032900523,-0.06462377,-0.0017916638
1217,-6.0,0.0,0.61538464,-0.033051193,-0.064437665,0.00086997414
1218,-6.0,0.5714286,0.61538464,-0.02157896,-0.061647154,0.000334698
1219,-6.0,1.1428572,0.61538464,-0.0112003675,-0.06429035,-0.00024465477
1220,-6.0,1.7142857,0.61538464,-0.0039654295,-0.06366292,-0.00071486685
1221,-6.0,2.2857144,0.61538464,0.0045293653,-0.06337857,-0.0012066469
1222,-6.0,2.857143,0.61538464,0.011829903,-0.06482996,-0.0015388334
1223,-6.0,3.4285715,0.61538464,0.021976657,-0.06261939,-0.0019683186
1224,-6.0,4.0,0.61538464,0.032964107,-0.064929105,-0.0026612333
1225,-6.0,0.0,0.0,-0.032351103,-0.06480424,0.0010907234
1226,-6.0,0.5714286,0.0,-0.020955412,-0.06242644,0.00041144138
1227,-6.0,1.1428572,0.0,-0.010821006,-0.06488283,-2.8348499e-05
1228,-6.0,1.7142857,0.0,-0.003604958,-0.064209335,-0.0008169858
1229,-6.0,2.2857144,0.0,0.004516441,-0.06394227,-0.0012578521
1230,-6.0,2.857143,0.0,0.011784491,-0.065216236,-0.0018022264
1231,-6.0,3.4285715,0.0,0.021618707,-0.06316177,-0.0022908228
1232,-6.0,4.0,0.0,0.032629672,-0.06523935,-0.0021823887
1233,-5.4,0.0,8.0,-0.032098267,-0.077207334,-0.0027990155
1234,-5.4,0.5714286,8.0,-0.018970074,-0.07903205,-0.0016699325
1235,-5.4,1.1428572,8.0,-0.011219082,-0.07824074,-0.00064584584
1236,-5.4,1.7142857,8.0,-0.0026022494,-0.07851813,-7.134082e-05
1237,-5.4,2.2857144,8.0,0.0033125011,-0.0794157,0.00095206866
1238,-5.4,2.857143,8.0,0.011913526,-0.077447675,0.0015057848
1239,-5.4,3.4285715,8.0,0.019712733,-0.079642124,0.0022301695
1240,-5.4,4.0,8.0,0.032203946,-0.07683636,0.0034882142
1241,-5.4,0.0,7.3846154,-0.032650284,-0.076059766,-0.001935318
1242,-5.4,0.5714286,7.3846154,-0.019462185,-0.078243904,-0.0013073293
1243,-5.4,1.1428572,7.3846154,-0.011655315,-0.07741365,-0.0006235166
1244,-5.4,1.7142857,7.3846154,-0.002706971,-0.077687465,0.00013220824
1245,-5.4,2.2857144,7.3846154,0.0032060738,-0.07875237,0.00068037835
1246,-5.4,2.857143,7.3846154,0.012164996,-0.07662589,0.0014115899
1247,-5.4,3.4285715,7.3846154,0.019986441,-0.0791033,0.0019231424
1248,-5.4,4.0,7.3846154,0.032569464,-0.076010875,0.0021515675
1249,-5.4,0.0,6.769231,-0.03284852,-0.07550559,-0.0016160583
1250,-5.4,0.5714286,6.769231,-0.01947077,-0.07753847,-0.0010131641
1251,-5.4,1.1428572,6.769231,-0.011856364,-0.07678959,-0.00043642888
1252,-5.4,1.7142857,6.769231,-0.0026627434,-0.07696436,8.8945824e-05
1253,-5.4,2.2857144,6.769231,0.0032006192,-0.07826797,0.00066076894
1254,-5.4,2.857143,6.769231,0.012375849,-0.075882465,0.0010775168
1255,-5.4,3.4285715,6.769231,0.020068666,-0.07868389,0.0016415537
1256,-5.4,4.0,6.769231,0.03276651,-0.075336315,0.0023406667
1257,-5.4,0.0,6.1538463,-0.032644328,-0.07495691,-0.0012073166
1258,-5.4,0.5714286,6.1538463,-0.019430611,-0.07693631,-0.00076413475
1259,-5.4,1.1428572,6.1538463,-0.0118457265,-0.076322265,-0.000330841
1260,-5.4,1.7142857,6.1538463,-0.0025971127,-0.0764459,9.342228e-05
1261,-5.4,2.2857144,6.1538463,0.003232389,-0.077765,0.00046453928
1262,-5.4,2.857143,6.1538463,0.0124735255,-0.0754169,0.00090416183
1263,-5.4,3.4285715,6.1538463,0.020106671,-0.078177914,0.0011997214
1264,-5.4,4.0,6.1538463,0.032701865,-0.07485938,0.0014423508
1265,-5.4,0.0,5.5384617,-0.032517042,-0.0745262,-0.00086174265
1266,-5.4,0.5714286,5.5384617,-0.019361949,-0.0766194,-0.0005650958
1267,-5.4,1.1428572,5.5384617,-0.011758762,-0.07588244,-0.00026553168
1268,-5.4,1.7142857,5.5384617,-0.002612533,-0.0761037,3.4182052e-05
1269,-5.4,2.2857144,5.5384617,0.0033046452,-0.07735806,0.00032556243
1270,-5.4,2.857143,5.5384617,0.012447649,-0.0750663,0.0005728576
1271,-5.4,3.4285715,5.5384617,0.020130752,-0.077787705,0.0009139845
1272,-5.4,4.0,5.5384617,0.032656237,-0.07454075,0.0012911105
1273,-5.4,0.0,4.923077,-0.03236962,-0.074260324,-0.0005893917
1274,-5.4,0.5714286,4.923077,-0.019321676,-0.07633141,-0.00038947002
1275,-5.4,1.1428572,4.923077,-0.011727821,-0.07563621,-0.00020843386
1276,-5.4,1.7142857,4.923077,-0.002588716,-0.075849235,-3.84421e-05
1277,-5.4,2.2857144,4.923077,0.0033079819,-0.07709088,0.00013040758
1278,-5.4,2.857143,4.923077,0.012446786,-0.07483247,0.00031521774
1279,-5.4,3.4285715,4.923077,0.020111939,-0.077513196,0.00041836625
1280,-5.4,4.0,4.923077,0.032561213,-0.07429963,0.0005139863
1281,-5.4,0.0,4.3076925,-0.032336835,-0.07412056,-0.00028513838
1282,-5.4,0.5714286,4.3076925,-0.019294977,-0.076215036,-0.00023898834
1283,-5.4,1.1428572,4.3076925,-0.011705549,-0.07549473,-0.00017982742
1284,-5.4,1.7142857,4.3076925,-0.0025965811,-0.07572738,-0.00011500067
1285,-5.4,2.2857144,4.3076925,0.0033145405,-0.07695734,-6.1324696e-05
1286,-5.4,2.857143,4.3076925,0.012425286,-0.07470763,-1.8136494e-05
1287,-5.4,3.4285715,4.3076925,0.020095166,-0.07738463,9.43611e-05
1288,-5.4,4.0,4.3076925,0.032533705,-0.07418618,0.00021353379
1289,-5.4,0.0,3.6923077,-0.032349665,-0.07412042,-3.572588e-05
1290,-5.4,0.5714286,3.6923077,-0.01930783,-0.0762151,-8.1445025e-05
1291,-5.4,1.1428572,3.6923077,-0.011718381,-0.075494595,-0.00014175558
1292,-5.4,1.7142857,3.6923077,-0.0026094532,-0.07572741,-0.0002060709
1293,-5.4,2.2857144,3.6923077,0.0033016833,-0.07695725,-0.0002608195
1294,-5.4,2.857143,3.6923077,0.0124124,-0.07470762,-0.00030352923
1295,-5.4,3.4285715,3.6923077,0.02008227,-0.077384576,-0.00041714052
1296,-5.4,4.0,3.6923077,0.03252076,-0.07418618,-0.000535954
1297,-5.4,0.0,3.0769231,-0.03240806,-0.07425995,0.00026894623
1298,-5.4,0.5714286,3.0769231,-0.019360201,-0.07633155,6.871269e-05
1299,-5.4,1.1428572,3.0769231,-0.01176635,-0.07563586,-0.00011283912
1300,-5.4,1.7142857,3.0769231,-0.0026273176,-0.0758493,-0.00028293015
1301,-5.4,2.2857144,3.0769231,0.0032694072,-0.077090636,-0.0004522579
1302,-5.4,2.857143,3.0769231,0.012408121,-0.07483244,-0.0006371662
1303,-5.4,3.4285715,3.0769231,0.020073304,-0.077513024,-0.0007408691
1304,-5.4,4.0,3.0769231,0.032522462,-0.07429957,-0.0008367025
1305,-5.4,0.0,2.4615386,-0.03258116,-0.07452549,0.00054129475
1306,-5.4,0.5714286,2.4615386,-0.019426167,-0.076619714,0.0002441785
1307,-5.4,1.1428572,2.4615386,-0.011822969,-0.075881824,-5.5571538e-05
1308,-5.4,1.7142857,2.4615386,-0.0026768763,-0.07610382,-0.00035571918
1309,-5.4,2.2857144,2.4615386,0.003240349,-0.07735767,-0.0006472504
1310,-5.4,2.857143,2.4615386,0.012383211,-0.07506623,-0.0008949632
1311,-5.4,3.4285715,2.4615386,0.020066323,-0.07778748,-0.0012363205
1312,-5.4,4.0,2.4615386,0.0325916,-0.07454064,-0.0016139571
1313,-5.4,0.0,1.8461539,-0.032734074,-0.07495601,0.00088704657
1314,-5.4,0.5714286,1.8461539,-0.019520499,-0.07693668,0.00044327116
1315,-5.4,1.1428572,1.8461539,-0.011935654,-0.076321475,9.67906e-06
1316,-5.4,1.7142857,1.8461539,-0.0026871709,-0.076446034,-0.00041492222
1317,-5.4,2.2857144,1.8461539,0.003142348,-0.07776451,-0.0007862522
1318,-5.4,2.857143,1.8461539,0.012383328,-0.07541678,-0.0012262408
1319,-5.4,3.4285715,1.8461539,0.020016478,-0.07817763,-0.0015220846
1320,-5.4,4.0,1.8461539,0.03261145,-0.07485918,-0.001765224
1321,-5.4,0.0,1.2307693,-0.032963827,-0.075504325,0.0012955912
1322,-5.4,0.5714286,1.2307693,-0.019586513,-0.077539094,0.00069223566
1323,-5.4,1.1428572,1.2307693,-0.011971831,-0.07678846,0.000115308314
1324,-5.4,1.7142857,1.2307693,-0.0027787127,-0.07696463,-0.00041047262
1325,-5.4,2.2857144,1.2307693,0.003085019,-0.078267306,-0.000982477
1326,-5.4,2.857143,1.2307693,0.012259722,-0.07588235,-0.0013995889
1327,-5.4,3.4285715,1.2307693,0.01995286,-0.07868355,-0.0019639044
1328,-5.4,4.0,1.2307693,0.032650046,-0.075336106,-0.0026634822
1329,-5.4,0.0,0.61538464,-0.032790944,-0.07605791,0.0016150142
1330,-5.4,0.5714286,0.61538464,-0.01960395,-0.07824492,0.0009864635
1331,-5.4,1.1428572,0.61538464,-0.011796205,-0.07741209,0.0003023314
1332,-5.4,1.7142857,0.61538464,-0.0028489782,-0.07768802,-0.0004537178
1333,-5.4,2.2857144,0.61538464,0.003065049,-0.07875135,-0.0010020947
1334,-5.4,2.857143,0.61538464,0.01202283,-0.07662602,-0.0017336553
1335,-5.4,3.4285715,0.61538464,0.019845208,-0.079102635,-0.00224549
1336,-5.4,4.0,0.61538464,0.032426994,-0.07601083,-0.0024744426
1337,-5.4,0.0,0.0,-0.032264587,-0.077205405,0.0024785772
1338,-5.4,0.5714286,0.0,-0.019137712,-0.07903311,0.0013489652
1339,-5.4,1.1428572,0.0,-0.011385598,-0.078239,0.00032464188
1340,-5.4,1.7142857,0.0,-0.0027701089,-0.0785188,-0.00025016407
1341,-5.4,2.2857144,0.0,0.0031458845,-0.07941447,-0.0012738109
1342,-5.4,2.857143,0.0,0.01174554,-0.07744794,-0.0018278252
1343,-5.4,3.4285715,0.0,0.019545924,-0.07964125,-0.0025524972
1344,-5.4,4.0,0.0,0.032035597,-0.07683648,-0.003811025
1345,-4.8,0.0,8.0,-0.02860159,-0.091673724,-0.0030535785
1346,-4.8,0.5714286,8.0,-0.019525517,-0.09199128,-0.0023050904
1347,-4.8,1.1428572,8.0,-0.009193498,-0.09245237,-0.0013365867
1348,-4.8,1.7142857,8.0,-0.0040850574,-0.09312678,-2.3655257e-05
1349,-4.8,2.2857144,8.0,0.0041724904,-0.09151772,0.0006481775
1350,-4.8,2.857143,8.0,0.009488058,-0.09376244,0.0018887401
1351,-4.8,3.4285715,8.0,0.019548843,-0.090384826,0.0027227425
1352,-4.8,4.0,8.0,0.029034534,-0.09314883,0.002961876
1353,-4.8,0.0,7.3846154,-0.02894587,-0.090733394,-0.0029625671
1354,-4.8,0.5714286,7.3846154,-0.020022502,-0.0908755,-0.0018642216
1355,-4.8,1.1428572,7.3846154,-0.009360786,-0.091396905,-0.0009560639
1356,-4.8,1.7142857,7.3846154,-0.0043009548,-0.092201166,-0.00018165646
1357,-4.8,2.2857144,7.3846154,0.0043782294,-0.09044379,0.00078963017
1358,-4.8,2.857143,7.3846154,0.009603398,-0.092998,0.0014389058
1359,-4.8,3.4285715,7.3846154,0.02005817,-0.089311674,0.002306988
1360,-4.8,4.0,7.3846154,0.029420724,-0.09252274,0.0034488079
1361,-4.8,0.0,6.769231,-0.028802719,-0.08969543,-0.0021288604
1362,-4.8,0.5714286,6.769231,-0.020291677,-0.09007523,-0.0014893643
1363,-4.8,1.1428572,6.769231,-0.00932583,-0.09050804,-0.0007792288
1364,-4.8,1.7142857,6.769231,-0.0044124327,-0.09150102,-4.076396e-05
1365,-4.8,2.2857144,6.769231,0.004555134,-0.08951057,0.00056619005
1366,-4.8,2.857143,6.769231,0.009682926,-0.09242737,0.0013097017
1367,-4.8,3.4285715,6.769231,0.020358836,-0.08837439,0.001842419
1368,-4.8,4.0,6.769231,0.029351542,-0.09191893,0.0022131668
1369,-4.8,0.0,6.1538463,-0.02870548,-0.08903634,-0.0016998388
1370,-4.8,0.5714286,6.1538463,-0.020221995,-0.0894748,-0.0011278235
1371,-4.8,1.1428572,6.1538463,-0.009309089,-0.08982087,-0.00058094604
1372,-4.8,1.7142857,6.1538463,-0.004395771,-0.09088353,-5.5494216e-05
1373,-4.8,2.2857144,6.1538463,0.0046323864,-0.08891078,0.0004969413
1374,-4.8,2.857143,6.1538463,0.009732616,-0.09178468,0.000940616
1375,-4.8,3.4285715,6.1538463,0.02041871,-0.087825835,0.0015122709
1376,-4.8,4.0,6.1538463,0.029385284,-0.09134156,0.0021400922
1377,-4.8,0.0,5.5384617,-0.028572908,-0.088573456,-0.00120105
1378,-4.8,0.5714286,5.5384617,-0.020130029,-0.088923424,-0.0008215765
1379,-4.8,1.1428572,5.5384617,-0.009303051,-0.08940728,-0.00043458992
1380,-4.8,1.7142857,5.5384617,-0.00432532,-0.090377875,-5.7856472e-05
1381,-4.8,2.2857144,5.5384617,0.0046046106,-0.088484295,0.00030474452
1382,-4.8,2.857143,5.5384617,0.00979349,-0.09131041,0.0006901184
1383,-4.8,3.4285715,5.5384617,0.0203736,-0.08739631,0.0009689598
1384,-4.8,4.0,5.5384617,0.02930587,-0.09084452,0.0012109955
1385,-4.8,0.0,4.923077,-0.028506156,-0.0882566,-0.000770059
1386,-4.8,0.5714286,4.923077,-0.02005615,-0.08863063,-0.00055058795
1387,-4.8,1.1428572,4.923077,-0.009282032,-0.089087114,-0.00032525012
1388,-4.8,1.7142857,4.923077,-0.0043096426,-0.09006926,-9.1053254e-05
1389,-4.8,2.2857144,4.923077,0.004607938,-0.08819672,0.00012741899
1390,-4.8,2.857143,4.923077,0.009782841,-0.09098395,0.00032688293
1391,-4.8,3.4285715,4.923077,0.020339208,-0.08713214,0.00059595605
1392,-4.8,4.0,4.923077,0.029282829,-0.090546496,0.0008714693
1393,-4.8,0.0,4.3076925,-0.02845888,-0.08810117,-0.0003789636
1394,-4.8,0.5714286,4.3076925,-0.020031834,-0.08845776,-0.00029292502
1395,-4.8,1.1428572,4.3076925,-0.009278389,-0.08894572,-0.00021568064
1396,-4.8,1.7142857,4.3076925,-0.0042994106,-0.08990942,-0.00015051007
1397,-4.8,2.2857144,4.3076925,0.0045910226,-0.088051386,-7.002401e-05
1398,-4.8,2.857143,4.3076925,0.009779617,-0.09083191,9.122025e-06
1399,-4.8,3.4285715,4.3076925,0.020309333,-0.08698386,2.2943448e-05
1400,-4.8,4.0,4.3076925,0.029232206,-0.09038621,3.226221e-05
1401,-4.8,0.0,3.6923077,-0.028471688,-0.08810117,3.3807944e-05
1402,-4.8,0.5714286,3.6923077,-0.020044662,-0.08845763,-5.3655724e-05
1403,-4.8,1.1428572,3.6923077,-0.009291238,-0.08894574,-0.0001301571
1404,-4.8,1.7142857,3.6923077,-0.0043122694,-0.08990929,-0.00019656753
1405,-4.8,2.2857144,3.6923077,0.0045781615,-0.08805137,-0.0002763084
1406,-4.8,2.857143,3.6923077,0.009766736,-0.09083182,-0.00035665173
1407,-4.8,3.4285715,3.6923077,0.020296458,-0.086983815,-0.0003698248
1408,-4.8,4.0,3.6923077,0.029219324,-0.09038611,-0.00038044178
1409,-4.8,0.0,3.0769231,-0.028544616,-0.08825662,0.00042435998
1410,-4.8,0.5714286,3.0769231,-0.02009468,-0.08863026,0.0002044484
1411,-4.8,1.1428572,3.0769231,-0.009320575,-0.089087114,-2.0998676e-05
1412,-4.8,1.7142857,3.0769231,-0.0043482124,-0.09006894,-0.00025562762
1413,-4.8,2.2857144,3.0769231,0.0045693344,-0.088196635,-0.00047412736
1414,-4.8,2.857143,3.0769231,0.009744225,-0.09098372,-0.00067404605
1415,-4.8,3.4285715,3.0769231,0.020300519,-0.08713201,-0.0009431869
1416,-4.8,4.0,3.0769231,0.02924408,-0.09054631,-0.0012192795
1417,-4.8,0.0,2.4615386,-0.028636983,-0.08857358,0.0008553822
1418,-4.8,0.5714286,2.4615386,-0.020194221,-0.08892273,0.00047561547
1419,-4.8,1.1428572,2.4615386,-0.009367301,-0.08940734,8.81487e-05
1420,-4.8,1.7142857,2.4615386,-0.004389606,-0.09037733,-0.00028862877
1421,-4.8,2.2857144,2.4615386,0.0045402693,-0.08848417,-0.000651638
1422,-4.8,2.857143,2.4615386,0.009729121,-0.091310054,-0.0010370862
1423,-4.8,3.4285715,2.4615386,0.020309145,-0.08739605,-0.0013163836
1424,-4.8,4.0,2.4615386,0.02924137,-0.09084421,-0.0015586572
1425,-4.8,0.0,1.8461539,-0.028795205,-0.08903646,0.0013539841
1426,-4.8,0.5714286,1.8461539,-0.020311914,-0.08947392,0.0007818016
1427,-4.8,1.1428572,1.8461539,-0.009399015,-0.08982091,0.00023457601
1428,-4.8,1.7142857,1.8461539,-0.0044858055,-0.09088284,-0.0002910426
1429,-4.8,2.2857144,1.8461539,0.004542328,-0.08891057,-0.0008437889
1430,-4.8,2.857143,1.8461539,0.009642472,-0.09178423,-0.001287613
1431,-4.8,3.4285715,1.8461539,0.020328468,-0.087825455,-0.0018596447
1432,-4.8,4.0,1.8461539,0.02929488,-0.091341205,-0.002487738
1433,-4.8,0.0,1.2307693,-0.028918203,-0.08969567,0.0017832397
1434,-4.8,0.5714286,1.2307693,-0.020407144,-0.09007403,0.0011434051
1435,-4.8,1.1428572,1.2307693,-0.009441618,-0.09050818,0.0004327981
1436,-4.8,1.7142857,1.2307693,-0.0045280443,-0.091500096,-0.00030574176
1437,-4.8,2.2857144,1.2307693,0.004439183,-0.08951035,-0.00091304234
1438,-4.8,2.857143,1.2307693,0.009567184,-0.09242681,-0.0016566871
1439,-4.8,3.4285715,1.2307693,0.020242674,-0.088373914,-0.0021897957
1440,-4.8,4.0,1.2307693,0.029235566,-0.09191844,-0.0025608784
1441,-4.8,0.0,0.61538464,-0.029087385,-0.09073398,0.0026167342
1442,-4.8,0.5714286,0.61538464,-0.020163367,-0.09087383,0.0015181637
1443,-4.8,1.1428572,0.61538464,-0.009502627,-0.09139731,0.00060968695
1444,-4.8,1.7142857,0.61538464,-0.004441959,-0.09219983,-0.00016488334
1445,-4.8,2.2857144,0.61538464,0.0042362125,-0.090443805,-0.0011364662
1446,-4.8,2.857143,0.61538464,0.009462255,-0.09299705,-0.001785882
1447,-4.8,3.4285715,0.61538464,0.019915923,-0.089311436,-0.0026543422
1448,-4.8,4.0,0.61538464,0.029279202,-0.09252192,-0.003796427
1449,-4.8,0.0,0.0,-0.028768968,-0.09167432,0.0027078881
1450,-4.8,0.5714286,0.0,-0.019691972,-0.09198943,0.0019590964
1451,-4.8,1.1428572,0.0,-0.009361222,-0.09245283,0.0009901671
1452,-4.8,1.7142857,0.0,-0.004251646,-0.09312521,-0.00032290435
1453,-4.8,2.2857144,0.0,0.0040046168,-0.09151785,-0.0009949814
1454,-4.8,2.857143,0.0,0.009321355,-0.093761206,-0.0022357323
1455,-4.8,3.4285715,0.0,0.01938077,-0.09038472,-0.003070064
1456,-4.8,4.0,0.0,0.02886755,-0.09314769,-0.0033095516
1457,-4.2,0.0,8.0,-0.028919758,-0.10513403,-0.004482178
1458,-4.2,0.5714286,8.0,-0.015814383,-0.105225384,-0.0027721357
1459,-4.2,1.1428572,8.0,-0.010763123,-0.10616391,-0.0014365356
1460,-4.2,1.7142857,8.0,-0.0018988315,-0.10502614,-0.0004798348
1461,-4.2,2.2857144,8.0,0.0014659978,-0.10715813,0.0011151572
1462,-4.2,2.857143,8.0,0.010308371,-0.103700995,0.001909935
1463,-4.2,3.4285715,8.0,0.01586691,-0.107229576,0.0031823472
1464,-4.2,4.0,8.0,0.028641578,-0.102820076,0.0049813413
1465,-4.2,0.0,7.3846154,-0.02940113,-0.10374969,-0.0032008516
1466,-4.2,0.5714286,7.3846154,-0.016028704,-0.10397306,-0.0023568526
1467,-4.2,1.1428572,7.3846154,-0.011054545,-0.104970746,-0.0013006555
1468,-4.2,1.7142857,7.3846154,-0.0017645261,-0.10372516,-0.00014682104
1469,-4.2,2.2857144,7.3846154,0.0014835877,-0.106149346,0.00070335926
1470,-4.2,2.857143,7.3846154,0.010799755,-0.10237311,0.0018688602
1471,-4.2,3.4285715,7.3846154,0.01621045,-0.10639864,0.0026856097
1472,-4.2,4.0,7.3846154,0.029201958,-0.101415284,0.0031810377
1473,-4.2,0.0,6.769231,-0.029545175,-0.10286763,-0.0028098053
1474,-4.2,0.5714286,6.769231,-0.01594054,-0.10287552,-0.0018448208
1475,-4.2,1.1428572,6.769231,-0.011280652,-0.104054496,-0.00097104086
1476,-4.2,1.7142857,6.769231,-0.0015888953,-0.10263219,-0.00017793666
1477,-4.2,2.2857144,6.769231,0.001463588,-0.10539075,0.0007311898
1478,-4.2,2.857143,6.769231,0.011118843,-0.10122444,0.0014119268
1479,-4.2,3.4285715,6.769231,0.01631682,-0.10574522,0.0022849024
1480,-4.2,4.0,6.769231,0.02953106,-0.10038988,0.0032762093
1481,-4.2,0.0,6.1538463,-0.029409181,-0.10205798,-0.002015429
1482,-4.2,0.5714286,6.1538463,-0.015926274,-0.10204952,-0.0014154487
1483,-4.2,1.1428572,6.1538463,-0.011248651,-0.10332567,-0.00076121587
1484,-4.2,1.7142857,6.1538463,-0.0015733734,-0.101875834,-8.7785935e-05
1485,-4.2,2.2857144,6.1538463,0.0015127605,-0.10463081,0.0005105427
1486,-4.2,2.857143,6.1538463,0.011201076,-0.10056033,0.001187178
1487,-4.2,3.4285715,6.1538463,0.016367786,-0.10496344,0.0016835103
1488,-4.2,4.0,6.1538463,0.029464038,-0.09968129,0.0021084608
1489,-4.2,0.0,5.5384617,-0.029252807,-0.10145263,-0.0014850479
1490,-4.2,0.5714286,5.5384617,-0.015887944,-0.1015519,-0.00102656
1491,-4.2,1.1428572,5.5384617,-0.011183258,-0.10271502,-0.00055936544
1492,-4.2,1.7142857,5.5384617,-0.0015934252,-0.10137715,-0.000101676
1493,-4.2,2.2857144,5.5384617,0.0015709596,-0.10406075,0.00036255308
1494,-4.2,2.857143,5.5384617,0.011153103,-0.10005053,0.0007682434
1495,-4.2,3.4285715,5.5384617,0.016396211,-0.10442636,0.0012611442
1496,-4.2,4.0,5.5384617,0.029401641,-0.09923184,0.0017525596
1497,-4.2,0.0,4.923077,-0.029149575,-0.10107291,-0.0009343361
1498,-4.2,0.5714286,4.923077,-0.01585773,-0.1011694,-0.00066837354
1499,-4.2,1.1428572,4.923077,-0.011144112,-0.1023659,-0.00039579094
1500,-4.2,1.7142857,4.923077,-0.0015948912,-0.10102876,-0.00012501133
1501,-4.2,2.2857144,4.923077,0.001573184,-0.103693366,0.00014687062
1502,-4.2,2.857143,4.923077,0.0111373905,-0.09973714,0.00042223863
1503,-4.2,3.4285715,4.923077,0.01637016,-0.10403769,0.00061000284
1504,-4.2,4.0,4.923077,0.029300077,-0.09889695,0.00078907266
1505,-4.2,0.0,4.3076925,-0.029108353,-0.100884594,-0.00042772386
1506,-4.2,0.5714286,4.3076925,-0.015841233,-0.101006396,-0.000349908
1507,-4.2,1.1428572,4.3076925,-0.011131445,-0.10217772,-0.00025680492
1508,-4.2,1.7142857,4.3076925,-0.0016043094,-0.1008644,-0.00015894797
1509,-4.2,2.2857144,4.3076925,0.0015731532,-0.103515305,-7.528581e-05
1510,-4.2,2.857143,4.3076925,0.01110933,-0.09956803,4.390932e-06
1511,-4.2,3.4285715,4.3076925,0.016354112,-0.103870854,0.00014527955
1512,-4.2,4.0,4.3076925,0.029268606,-0.098745964,0.0002707959
1513,-4.2,0.0,3.6923077,-0.029121196,-0.1008845,5.603663e-05
1514,-4.2,0.5714286,3.6923077,-0.015854074,-0.10100638,-2.0707334e-05
1515,-4.2,1.1428572,3.6923077,-0.011144306,-0.102177575,-0.00011534556
1516,-4.2,1.7142857,3.6923077,-0.001617147,-0.10086438,-0.00021213385
1517,-4.2,2.2857144,3.6923077,0.0015602674,-0.103515185,-0.00029718407
1518,-4.2,2.857143,3.6923077,0.011096482,-0.099567965,-0.00037588412
1519,-4.2,3.4285715,3.6923077,0.016341195,-0.10387077,-0.0005181421
1520,-4.2,4.0,3.6923077,0.02925568,-0.09874593,-0.0006428224
1521,-4.2,0.0,3.0769231,-0.029188072,-0.10107254,0.0005633956
1522,-4.2,0.5714286,3.0769231,-0.015896194,-0.10116932,0.00029716358
1523,-4.2,1.1428572,3.0769231,-0.011182691,-0.10236553,2.419624e-05
1524,-4.2,1.7142857,3.0769231,-0.0016334356,-0.101028636,-0.00024658567
1525,-4.2,2.2857144,3.0769231,0.0015345677,-0.10369306,-0.0005188464
1526,-4.2,2.857143,3.0769231,0.0110987965,-0.09973693,-0.0007941915
1527,-4.2,3.4285715,3.0769231,0.016331494,-0.10403744,-0.0009824176
1528,-4.2,4.0,3.0769231,0.029261412,-0.09889671,-0.0011615675
1529,-4.2,0.0,2.4615386,-0.029316997,-0.10145194,0.0011140598
1530,-4.2,0.5714286,2.4615386,-0.015952105,-0.101551846,0.0006551734
1531,-4.2,1.1428572,2.4615386,-0.011247547,-0.10271437,0.00018799493
1532,-4.2,1.7142857,2.4615386,-0.0016576767,-0.10137697,-0.00027013902
1533,-4.2,2.2857144,2.4615386,0.0015065992,-0.10406024,-0.00073429703
1534,-4.2,2.857143,2.4615386,0.011088771,-0.10005017,-0.0011404122
1535,-4.2,3.4285715,2.4615386,0.016331745,-0.104426004,-0.00163332
1536,-4.2,4.0,2.4615386,0.029337086,-0.099231474,-0.0021252362
1537,-4.2,0.0,1.8461539,-0.029499054,-0.102057114,0.0016446925
1538,-4.2,0.5714286,1.8461539,-0.016016046,-0.102049395,0.0010441398
1539,-4.2,1.1428572,1.8461539,-0.011338703,-0.10332482,0.00038975565
1540,-4.2,1.7142857,1.8461539,-0.0016632978,-0.10187555,-0.00028394375
1541,-4.2,2.2857144,1.8461539,0.0014226128,-0.10463017,-0.0008823396
1542,-4.2,2.857143,1.8461539,0.011111035,-0.10055979,-0.0015592774
1543,-4.2,3.4285715,1.8461539,0.016277507,-0.10496299,-0.0020557416
1544,-4.2,4.0,1.8461539,0.02937379,-0.09968069,-0.002481149
1545,-4.2,0.0,1.2307693,-0.029660657,-0.1028665,0.002438802
1546,-4.2,0.5714286,1.2307693,-0.016056133,-0.102875434,0.001473439
1547,-4.2,1.1428572,1.2307693,-0.011396303,-0.10405339,0.0005996582
1548,-4.2,1.7142857,1.2307693,-0.0017046665,-0.10263186,-0.00019383602
1549,-4.2,2.2857144,1.2307693,0.0013478234,-0.10538996,-0.0011029517
1550,-4.2,2.857143,1.2307693,0.011002919,-0.101223774,-0.0017840251
1551,-4.2,3.4285715,1.2307693,0.01620088,-0.10574469,-0.0026571013
1552,-4.2,4.0,1.2307693,0.029414766,-0.10038919,-0.0036488187
1553,-4.2,0.0,0.61538464,-0.029541908,-0.10374809,0.0028301128
1554,-4.2,0.5714286,0.61538464,-0.016170334,-0.10397319,0.0019855571
1555,-4.2,1.1428572,0.61538464,-0.011195565,-0.10496921,0.00092918624
1556,-4.2,1.7142857,0.61538464,-0.0019063834,-0.10372503,-0.00022490179
1557,-4.2,2.2857144,0.61538464,0.0013424542,-0.10614812,-0.0010751341
1558,-4.2,2.857143,0.61538464,0.010657733,-0.102372676,-0.0022409318
1559,-4.2,3.4285715,0.61538464,0.016069118,-0.10639764,-0.0030578007
1560,-4.2,4.0,0.61538464,0.029059641,-0.10141477,-0.003553749
1561,-4.2,0.0,0.0,-0.029086126,-0.10513218,0.0041111666
1562,-4.2,0.5714286,0.0,-0.015981952,-0.105225526,0.0024007205
1563,-4.2,1.1428572,0.0,-0.010929696,-0.10616212,0.0010651072
1564,-4.2,1.7142857,0.0,-0.0020665822,-0.10502609,0.000108107575
1565,-4.2,2.2857144,0.0,0.0012993184,-0.1071566,-0.0014869436
1566,-4.2,2.857143,0.0,0.010140475,-0.103700705,-0.0022819564
1567,-4.2,3.4285715,0.0,0.01570004,-0.10722823,-0.0035545302
1568,-4.2,4.0,0.0,0.028473273,-0.102819756,-0.0053538946
1569,-3.6,0.0,8.0,-0.023306422,-0.11655684,-0.004356119
1570,-3.6,0.5714286,8.0,-0.017181441,-0.11832401,-0.0033076876
1571,-3.6,1.1428572,8.0,-0.0069406624,-0.11758847,-0.0018312844
1572,-3.6,1.7142857,8.0,-0.004754271,-0.119563185,-0.00010386229
1573,-3.6,2.2857144,8.0,0.0036749523,-0.116551585,0.0009021729
1574,-3.6,2.857143,8.0,0.006199239,-0.12034351,0.0026894324
1575,-3.6,3.4285715,8.0,0.016518036,-0.11496027,0.003807479
1576,-3.6,4.0,8.0,0.023407897,-0.11950811,0.004304568
1577,-3.6,0.0,7.3846154,-0.023384782,-0.115099624,-0.0041481024
1578,-3.6,0.5714286,7.3846154,-0.0175941,-0.11685257,-0.0026328932
1579,-3.6,1.1428572,7.3846154,-0.0068501444,-0.116073616,-0.0013910106
1580,-3.6,1.7142857,7.3846154,-0.004831848,-0.1182835,-0.00026261288
1581,-3.6,2.2857144,7.3846154,0.0041407947,-0.11500239,0.0010942231
1582,-3.6,2.857143,7.3846154,0.0064200116,-0.11929558,0.0020392188
1583,-3.6,3.4285715,7.3846154,0.017292077,-0.11335264,0.0032768648
1584,-3.6,4.0,7.3846154,0.023892889,-0.11875749,0.0047955075
1585,-3.6,0.0,6.769231,-0.023155417,-0.113742925,-0.0030024836
1586,-3.6,0.5714286,6.769231,-0.017846953,-0.11575697,-0.002132635
1587,-3.6,1.1428572,6.769231,-0.006681703,-0.11482153,-0.0011330227
1588,-3.6,1.7142857,6.769231,-0.0049645347,-0.11730389,-8.087045e-05
1589,-3.6,2.2857144,6.769231,0.0044545014,-0.11368593,0.00080763694
1590,-3.6,2.857143,6.769231,0.006505501,-0.118515104,0.0018500917
1591,-3.6,3.4285715,6.769231,0.017703839,-0.11199527,0.002624995
1592,-3.6,4.0,6.769231,0.023865383,-0.1178997,0.0032326546
1593,-3.6,0.0,6.1538463,-0.023064274,-0.112838835,-0.0024179984
1594,-3.6,0.5714286,6.1538463,-0.017777195,-0.114896975,-0.001612311
1595,-3.6,1.1428572,6.1538463,-0.0067054275,-0.11391492,-0.00084383367
1596,-3.6,1.7142857,6.1538463,-0.0049199066,-0.11644467,-8.8525885e-05
1597,-3.6,2.2857144,6.1538463,0.0044816816,-0.11287942,0.0006943938
1598,-3.6,2.857143,6.1538463,0.0065642353,-0.117598236,0.0013617891
1599,-3.6,3.4285715,6.1538463,0.01775817,-0.111281574,0.002138422
1600,-3.6,4.0,6.1538463,0.023920907,-0.11709458,0.0029409495
1601,-3.6,0.0,5.5384617,-0.022999816,-0.112218454,-0.001654651
1602,-3.6,0.5714286,5.5384617,-0.017691402,-0.11420124,-0.0011631978
1603,-3.6,1.1428572,5.5384617,-0.0067106867,-0.11334637,-0.00063002604
1604,-3.6,1.7142857,5.5384617,-0.004875077,-0.1157829,-7.9887875e-05
1605,-3.6,2.2857144,5.5384617,0.004440157,-0.1123065,0.000446963
1606,-3.6,2.857143,5.5384617,0.0066102915,-0.11697889,0.0009851159
1607,-3.6,3.4285715,5.5384617,0.017680291,-0.1106889,0.0014021883
1608,-3.6,4.0,5.5384617,0.023851357,-0.11641668,0.0017841046
1609,-3.6,0.0,4.923077,-0.022938076,-0.11180755,-0.0010688461
1610,-3.6,0.5714286,4.923077,-0.017630363,-0.11380813,-0.00076144404
1611,-3.6,1.1428572,4.923077,-0.0067115934,-0.11294241,-0.00044449372
1612,-3.6,1.7142857,4.923077,-0.0048547806,-0.11538284,-0.000112444526
1613,-3.6,2.2857144,4.923077,0.004417624,-0.1119384,0.00019982873
1614,-3.6,2.857143,4.923077,0.006594243,-0.11654909,0.0005010559
1615,-3.6,3.4285715,4.923077,0.017641883,-0.11036473,0.0008492688
1616,-3.6,4.0,4.923077,0.023827747,-0.11602769,0.0011727028
1617,-3.6,0.0,4.3076925,-0.02291702,-0.11160998,-0.00047657243
1618,-3.6,0.5714286,4.3076925,-0.017609898,-0.11359646,-0.0003780545
1619,-3.6,1.1428572,4.3076925,-0.006711816,-0.11276126,-0.00027415642
1620,-3.6,1.7142857,4.3076925,-0.0048547247,-0.11518229,-0.00017477354
1621,-3.6,2.2857144,4.3076925,0.0043966314,-0.11175493,-5.7720474e-05
1622,-3.6,2.857143,4.3076925,0.0065853572,-0.11635944,4.5086606e-05
1623,-3.6,3.4285715,4.3076925,0.017603628,-0.11017142,8.7992536e-05
1624,-3.6,4.0,4.3076925,0.023784688,-0.11582043,0.00013833054
1625,-3.6,0.0,3.6923077,-0.0229298,-0.111609876,8.1233324e-05
1626,-3.6,0.5714286,3.6923077,-0.017622743,-0.11359631,-1.930838e-05
1627,-3.6,1.1428572,3.6923077,-0.006724637,-0.11276123,-0.00012169655
1628,-3.6,1.7142857,3.6923077,-0.0048676194,-0.11518213,-0.00022282371
1629,-3.6,2.2857144,3.6923077,0.0043838136,-0.111754864,-0.00033848893
1630,-3.6,2.857143,3.6923077,0.006572443,-0.11635933,-0.00044287377
1631,-3.6,3.4285715,3.6923077,0.0175908,-0.11017131,-0.00048456516
1632,-3.6,4.0,3.6923077,0.023771785,-0.11582029,-0.000536509
1633,-3.6,0.0,3.0769231,-0.022976497,-0.111807376,0.00067250256
1634,-3.6,0.5714286,3.0769231,-0.017668972,-0.11380774,0.00036491238
1635,-3.6,1.1428572,3.0769231,-0.006750073,-0.112942226,4.790086e-05
1636,-3.6,1.7142857,3.0769231,-0.0048934133,-0.11538247,-0.0002844617
1637,-3.6,2.2857144,3.0769231,0.0043790946,-0.111938134,-0.0005966633
1638,-3.6,2.857143,3.0769231,0.006555582,-0.1165488,-0.0008982441
1639,-3.6,3.4285715,3.0769231,0.017603287,-0.110364385,-0.0012463955
1640,-3.6,4.0,3.0769231,0.023788946,-0.11602745,-0.0015703
1641,-3.6,0.0,2.4615386,-0.023063824,-0.11221826,0.0012584579
1642,-3.6,0.5714286,2.4615386,-0.017755682,-0.11420051,0.00076685153
1643,-3.6,1.1428572,2.4615386,-0.006774857,-0.113346115,0.00023319924
1644,-3.6,1.7142857,2.4615386,-0.0049394495,-0.11578226,-0.00031674936
1645,-3.6,2.2857144,2.4615386,0.0043759192,-0.11230608,-0.0008440442
1646,-3.6,2.857143,2.4615386,0.0065458636,-0.11697841,-0.0013820245
1647,-3.6,3.4285715,2.4615386,0.017615963,-0.11068832,-0.001799578
1648,-3.6,4.0,2.4615386,0.02378682,-0.11641624,-0.002181491
1649,-3.6,0.0,1.8461539,-0.023153923,-0.11283849,0.0020215206
1650,-3.6,0.5714286,1.8461539,-0.017867284,-0.11489604,0.0012158876
1651,-3.6,1.1428572,1.8461539,-0.0067952187,-0.11391454,0.0004471424
1652,-3.6,1.7142857,1.8461539,-0.005010087,-0.11644385,-0.00030821224
1653,-3.6,2.2857144,1.8461539,0.004391787,-0.11287879,-0.0010913609
1654,-3.6,2.857143,1.8461539,0.0064739725,-0.11759766,-0.0017587653
1655,-3.6,3.4285715,1.8461539,0.017668128,-0.111280724,-0.0025357022
1656,-3.6,4.0,1.8461539,0.023830382,-0.117094114,-0.0033383367
1657,-3.6,0.0,1.2307693,-0.023270732,-0.11374254,0.0026063542
1658,-3.6,0.5714286,1.2307693,-0.017962636,-0.11575579,0.0017363002
1659,-3.6,1.1428572,1.2307693,-0.0067972974,-0.11482106,0.0007362298
1660,-3.6,1.7142857,1.2307693,-0.005080359,-0.11730289,-0.0003157778
1661,-3.6,2.2857144,1.2307693,0.004338774,-0.113685146,-0.0012046344
1662,-3.6,2.857143,1.2307693,0.0063895723,-0.118514426,-0.0022470139
1663,-3.6,3.4285715,1.2307693,0.017587917,-0.11199418,-0.00302229
1664,-3.6,4.0,1.2307693,0.023749257,-0.117899105,-0.003630125
1665,-3.6,0.0,0.61538464,-0.023526212,-0.11509937,0.0037516265
1666,-3.6,0.5714286,0.61538464,-0.017735153,-0.11685095,0.00223645
1667,-3.6,1.1428572,0.61538464,-0.00699183,-0.1160733,0.0009943228
1668,-3.6,1.7142857,0.61538464,-0.0049730153,-0.11828206,-0.0001340975
1669,-3.6,2.2857144,0.61538464,0.003998943,-0.115001805,-0.0014911608
1670,-3.6,2.857143,0.61538464,0.0062787263,-0.11929439,-0.002436141
1671,-3.6,3.4285715,0.61538464,0.017150007,-0.11335185,-0.003674122
1672,-3.6,4.0,0.61538464,0.023751222,-0.118756376,-0.005192811
1673,-3.6,0.0,0.0,-0.023473699,-0.116556615,0.003959969
1674,-3.6,0.5714286,0.0,-0.017347984,-0.11832213,0.00291133
1675,-3.6,1.1428572,0.0,-0.0071082795,-0.11758817,0.0014345124
1676,-3.6,1.7142857,0.0,-0.0049209576,-0.11956142,-0.0002928122
1677,-3.6,2.2857144,0.0,0.003507195,-0.11655111,-0.0012990854
1678,-3.6,2.857143,0.0,0.0060324348,-0.120341904,-0.0030863532
1679,-3.6,3.4285715,0.0,0.01635007,-0.11495964,-0.0042046723
1680,-3.6,4.0,0.0,0.023240829,-0.119506516,-0.0047020405
1681,-3.0,0.0,8.0,-0.02407625,-0.12934512,-0.0056992886
1682,-3.0,0.5714286,8.0,-0.011488448,-0.12883669,-0.0034570808
1683,-3.0,1.1428572,8.0,-0.009652642,-0.1307891,-0.0017479205
1684,-3.0,1.7142857,8.0,-0.0009435167,-0.12861475,-0.0002881861
1685,-3.0,2.2857144,8.0,-0.0006111619,-0.1321659,0.0017443652
1686,-3.0,2.857143,8.0,0.008194428,-0.12682796,0.0028193134
1687,-3.0,3.4285715,8.0,0.0109069785,-0.13258569,0.004570463
1688,-3.0,4.0,8.0,0.02362781,-0.12531897,0.0068048616
1689,-3.0,0.0,7.3846154,-0.024496878,-0.12759021,-0.004140876
1690,-3.0,0.5714286,7.3846154,-0.011452991,-0.1271004,-0.0029436757
1691,-3.0,1.1428572,7.3846154,-0.0098174615,-0.12921451,-0.0014894446
1692,-3.0,1.7142857,7.3846154,-0.00054308196,-0.12683931,2.8670845e-05
1693,-3.0,2.2857144,7.3846154,-0.00043270306,-0.1308412,0.0012456882
1694,-3.0,2.857143,7.3846154,0.008992639,-0.12501141,0.0027659573
1695,-3.0,3.4285715,7.3846154,0.011343206,-0.13160625,0.0038353729
1696,-3.0,4.0,7.3846154,0.024486218,-0.12324373,0.0046002753
1697,-3.0,0.0,6.769231,-0.02460549,-0.12635909,-0.0035317282
1698,-3.0,0.5714286,6.769231,-0.011266155,-0.12567051,-0.0022898826
1699,-3.0,1.1428572,6.769231,-0.010054141,-0.12800792,-0.0011127796
1700,-3.0,1.7142857,6.769231,-0.00023435778,-0.12539682,-9.307888e-06
1701,-3.0,2.2857144,6.769231,-0.00048777397,-0.12984867,0.0012000358
1702,-3.0,2.857143,6.769231,0.009428931,-0.12344097,0.002159501
1703,-3.0,3.4285715,6.769231,0.011489154,-0.1308162,0.003298175
1704,-3.0,4.0,6.769231,0.024944827,-0.12187766,0.0044928105
1705,-3.0,0.0,6.1538463,-0.024503833,-0.12533899,-0.0025144408
1706,-3.0,0.5714286,6.1538463,-0.011269603,-0.12464465,-0.0017470341
1707,-3.0,1.1428572,6.1538463,-0.010000965,-0.12705451,-0.0008668468
1708,-3.0,1.7142857,6.1538463,-0.00027895652,-0.12443998,4.377629e-05
1709,-3.0,2.2857144,6.1538463,-0.00041918433,-0.12885745,0.0008909336
1710,-3.0,2.857143,6.1538463,0.009445952,-0.122622095,0.0017714637
1711,-3.0,3.4285715,6.1538463,0.011520689,-0.1297365,0.0024616544
1712,-3.0,4.0,6.1538463,0.02487591,-0.120978475,0.003087033
1713,-3.0,0.0,5.5384617,-0.02435458,-0.12459409,-0.0018407486
1714,-3.0,0.5714286,5.5384617,-0.0112636415,-0.12400567,-0.0012590789
1715,-3.0,1.1428572,5.5384617,-0.009954068,-0.12632017,-0.0006290299
1716,-3.0,1.7142857,5.5384617,-0.00030600428,-0.12381766,-1.1046144e-05
1717,-3.0,2.2857144,5.5384617,-0.00039886576,-0.12815443,0.0006227746
1718,-3.0,2.857143,5.5384617,0.009375368,-0.121977404,0.0011900465
1719,-3.0,3.4285715,5.5384617,0.011549477,-0.12908594,0.001818527
1720,-3.0,4.0,5.5384617,0.024783999,-0.12042813,0.0023783073
1721,-3.0,0.0,4.923077,-0.02429824,-0.12414266,-0.001124097
1722,-3.0,0.5714286,4.923077,-0.011247558,-0.12356254,-0.00080783415
1723,-3.0,1.1428572,4.923077,-0.00991913,-0.12589775,-0.00045050442
1724,-3.0,1.7142857,4.923077,-0.00033527167,-0.123404846,-7.7387485e-05
1725,-3.0,2.2857144,4.923077,-0.00039340826,-0.1277119,0.0002989453
1726,-3.0,2.857143,4.923077,0.009333525,-0.12161189,0.0006584722
1727,-3.0,3.4285715,4.923077,0.01151178,-0.12859233,0.0009278735
1728,-3.0,4.0,4.923077,0.02470815,-0.12003136,0.0011905131
1729,-3.0,0.0,4.3076925,-0.024261601,-0.1239199,-0.00052081305
1730,-3.0,0.5714286,4.3076925,-0.011243456,-0.12336691,-0.0004143732
1731,-3.0,1.1428572,4.3076925,-0.009914119,-0.12568197,-0.0002868492
1732,-3.0,1.7142857,4.3076925,-0.00034795914,-0.12321341,-0.00016080022
1733,-3.0,2.2857144,4.3076925,-0.0004068113,-0.1275046,-4.4037555e-05
1734,-3.0,2.857143,4.3076925,0.009299619,-0.12141306,7.171592e-05
1735,-3.0,3.4285715,4.3076925,0.011497872,-0.12840189,0.00023716455
1736,-3.0,4.0,4.3076925,0.024669772,-0.11985513,0.0003554293
1737,-3.0,0.0,3.6923077,-0.0242745,-0.123919845,9.804966e-05
1738,-3.0,0.5714286,3.6923077,-0.011256284,-0.12336684,-6.1969527e-06
1739,-3.0,1.1428572,3.6923077,-0.009927009,-0.12568179,-0.00013606474
1740,-3.0,1.7142857,3.6923077,-0.0003607582,-0.12321335,-0.00026015248
1741,-3.0,2.2857144,3.6923077,-0.0004197407,-0.12750445,-0.0003789159
1742,-3.0,2.857143,3.6923077,0.009286829,-0.121412925,-0.0004929713
1743,-3.0,3.4285715,3.6923077,0.01148492,-0.1284018,-0.000660214
1744,-3.0,4.0,3.6923077,0.024656897,-0.11985503,-0.00077697926
1745,-3.0,0.0,3.0769231,-0.024336793,-0.12414225,0.00070276565
1746,-3.0,0.5714286,3.0769231,-0.011285957,-0.123562284,0.00038611813
1747,-3.0,1.1428572,3.0769231,-0.009957786,-0.12589732,2.8613027e-05
1748,-3.0,1.7142857,3.0769231,-0.00037374772,-0.12340454,-0.00034446098
1749,-3.0,2.2857144,3.0769231,-0.00043209174,-0.12771152,-0.0007210673
1750,-3.0,2.857143,3.0769231,0.009295029,-0.12161145,-0.0010804615
1751,-3.0,3.4285715,3.0769231,0.011473073,-0.12859203,-0.0013502165
1752,-3.0,4.0,3.0769231,0.024669582,-0.12003082,-0.0016127812
1753,-3.0,0.0,2.4615386,-0.02441892,-0.12459333,0.001419161
1754,-3.0,0.5714286,2.4615386,-0.011327761,-0.12400534,0.0008372302
1755,-3.0,1.1428572,2.4615386,-0.010018437,-0.12631944,0.00020740759
1756,-3.0,1.7142857,2.4615386,-0.00037018355,-0.123817205,-0.00041107307
1757,-3.0,2.2857144,2.4615386,-0.00046330472,-0.12815377,-0.0010445729
1758,-3.0,2.857143,2.4615386,0.009311161,-0.12197672,-0.0016123165
1759,-3.0,3.4285715,2.4615386,0.011484979,-0.1290855,-0.0022405302
1760,-3.0,4.0,2.4615386,0.024719553,-0.12042737,-0.0028008218
1761,-3.0,0.0,1.8461539,-0.024593845,-0.12533805,0.0020932679
1762,-3.0,0.5714286,1.8461539,-0.011359269,-0.12464416,0.0013252913
1763,-3.0,1.1428572,1.8461539,-0.010091178,-0.12705354,0.00044506878
1764,-3.0,1.7142857,1.8461539,-0.00036874003,-0.12443932,-0.00046571041
1765,-3.0,2.2857144,1.8461539,-0.0005094859,-0.12885664,-0.0013128417
1766,-3.0,2.857143,1.8461539,0.009356116,-0.12262108,-0.0021935704
1767,-3.0,3.4285715,1.8461539,0.0114303,-0.12973598,-0.002883765
1768,-3.0,4.0,1.8461539,0.024785867,-0.12097727,-0.0035095173
1769,-3.0,0.0,1.2307693,-0.024721278,-0.1263579,0.0031101494
1770,-3.0,0.5714286,1.2307693,-0.011381604,-0.1256699,0.0018680448
1771,-3.0,1.1428572,1.2307693,-0.01017001,-0.12800676,0.00069116254
1772,-3.0,1.7142857,1.2307693,-0.00034993552,-0.12539595,-0.00041272663
1773,-3.0,2.2857144,1.2307693,-0.00060376193,-0.12984776,-0.0016218227
1774,-3.0,2.857143,1.2307693,0.009313257,-0.12343968,-0.0025816355
1775,-3.0,3.4285715,1.2307693,0.011373042,-0.13081567,-0.0037201988
1776,-3.0,4.0,1.2307693,0.024828754,-0.12187622,-0.0049151857
1777,-3.0,0.0,0.61538464,-0.024637828,-0.12758867,0.0037197324
1778,-3.0,0.5714286,0.61538464,-0.011594497,-0.12709984,0.0025219382
1779,-3.0,1.1428572,0.61538464,-0.009958676,-0.12921293,0.0010677014
1780,-3.0,1.7142857,0.61538464,-0.0006847884,-0.1268386,-0.00045058568
1781,-3.0,2.2857144,0.61538464,-0.00057402457,-0.13083978,-0.0016675172
1782,-3.0,2.857143,0.61538464,0.008850797,-0.12501037,-0.003188009
1783,-3.0,3.4285715,0.61538464,0.0112017235,-0.13160503,-0.0042573847
1784,-3.0,4.0,0.61538464,0.024344077,-0.12324259,-0.005022836
1785,-3.0,0.0,0.0,-0.024242805,-0.1293432,0.005277653
1786,-3.0,0.5714286,0.0,-0.011655941,-0.12883613,0.0030352343
1787,-3.0,1.1428572,0.0,-0.009819318,-0.13078721,0.0013262848
1788,-3.0,1.7142857,0.0,-0.0011111704,-0.12861407,-0.00013376768
1789,-3.0,2.2857144,0.0,-0.0007779673,-0.13216406,-0.002166148
1790,-3.0,2.857143,0.0,0.008026654,-0.1268271,-0.0032413106
1791,-3.0,3.4285715,0.0,0.010740001,-0.13258396,-0.0049924757
1792,-3.0,4.0,0.0,0.02345959,-0.12531812,-0.007227099
1793,-2.4,0.0,8.0,-0.01638129,-0.13840687,-0.0053886245
1794,-2.4,0.5714286,8.0,-0.013516391,-0.14057402,-0.0038267565
1795,-2.4,1.1428572,8.0,-0.004205667,-0.13940927,-0.0017482617
1796,-2.4,1.7142857,8.0,-0.0050203395,-0.1424083,0.00033608463
1797,-2.4,2.2857144,8.0,0.002982313,-0.13819858,0.0018677935
1798,-2.4,2.857143,8.0,0.0023835117,-0.14407073,0.004105702
1799,-2.4,3.4285715,8.0,0.01232984,-0.13569617,0.0053943195
1800,-2.4,4.0,8.0,0.01648005,-0.14354905,0.0061099813
1801,-2.4,0.0,7.3846154,-0.016226817,-0.13643718,-0.004857261
1802,-2.4,0.5714286,7.3846154,-0.013834856,-0.13867621,-0.0029965497
1803,-2.4,1.1428572,7.3846154,-0.0038647954,-0.13738982,-0.0013505439
1804,-2.4,1.7142857,7.3846154,-0.004909945,-0.14074926,0.00023526493
1805,-2.4,2.2857144,7.3846154,0.0037381845,-0.13616303,0.0019393944
1806,-2.4,2.857143,7.3846154,0.0028158554,-0.14279026,0.003244685
1807,-2.4,3.4285715,7.3846154,0.013502838,-0.13353911,0.004808113
1808,-2.4,4.0,7.3846154,0.017098365,-0.14299333,0.0065263133
1809,-2.4,0.0,6.769231,-0.01595674,-0.13481669,-0.0035406968
1810,-2.4,0.5714286,6.769231,-0.014082368,-0.13726813,-0.0023871788
1811,-2.4,1.1428572,6.769231,-0.0036100934,-0.13581552,-0.0010644366
1812,-2.4,1.7142857,6.769231,-0.005097248,-0.13949774,0.00031946055
1813,-2.4,2.2857144,6.769231,0.0041575944,-0.13448931,0.001561665
1814,-2.4,2.857143,6.769231,0.0028359825,-0.14187329,0.0028648432
1815,-2.4,3.4285715,6.769231,0.0139658665,-0.1316956,0.0038687557
1816,-2.4,4.0,6.769231,0.017170105,-0.14197305,0.004774476
1817,-2.4,0.0,6.1538463,-0.015879434,-0.13370538,-0.0027663645
1818,-2.4,0.5714286,6.1538463,-0.014009761,-0.13622221,-0.0017879071
1819,-2.4,1.1428572,6.1538463,-0.0036733558,-0.13474622,-0.00079244416
1820,-2.4,1.7142857,6.1538463,-0.0050341957,-0.13845396,0.00023609903
1821,-2.4,2.2857144,6.1538463,0.0040770546,-0.13352183,0.0012506158
1822,-2.4,2.857143,6.1538463,0.002886789,-0.1407149,0.0021763444
1823,-2.4,3.4285715,6.1538463,0.013966152,-0.13091776,0.0031279388
1824,-2.4,4.0,6.1538463,0.017144913,-0.14093849,0.004012361
1825,-2.4,0.0,5.5384617,-0.015889494,-0.13298793,-0.0018619978
1826,-2.4,0.5714286,5.5384617,-0.013938517,-0.13544933,-0.0012759528
1827,-2.4,1.1428572,5.5384617,-0.0036916875,-0.13408546,-0.00059573073
1828,-2.4,1.7142857,5.5384617,-0.0050226906,-0.13770439,0.00014055715
1829,-2.4,2.2857144,5.5384617,0.004038774,-0.13286442,0.0008479321
1830,-2.4,2.857143,5.5384617,0.0028787178,-0.14000505,0.0015391029
1831,-2.4,3.4285715,5.5384617,0.013842328,-0.13020673,0.0020857875
1832,-2.4,4.0,5.5384617,0.017153194,-0.14013644,0.0026020433
1833,-2.4,0.0,4.923077,-0.015844837,-0.13252397,-0.0012031773
1834,-2.4,0.5714286,4.923077,-0.013897234,-0.13500957,-0.00083359453
1835,-2.4,1.1428572,4.923077,-0.0037135696,-0.1336527,-0.0004269911
1836,-2.4,1.7142857,4.923077,-0.005005098,-0.13726588,1.0059735e-05
1837,-2.4,2.2857144,4.923077,0.0039761234,-0.1324695,0.00042495376
1838,-2.4,2.857143,4.923077,0.0028660502,-0.13952301,0.00082950667
1839,-2.4,3.4285715,4.923077,0.013805832,-0.12988147,0.0012461919
1840,-2.4,4.0,4.923077,0.017105397,-0.13967854,0.0015836594
1841,-2.4,0.0,4.3076925,-0.015853923,-0.13231133,-0.00051923573
1842,-2.4,0.5714286,4.3076925,-0.013882941,-0.1347892,-0.00041654592
1843,-2.4,1.1428572,4.3076925,-0.0037205592,-0.13345899,-0.0002881692
1844,-2.4,1.7142857,4.3076925,-0.0050162333,-0.13705541,-0.00014937132
1845,-2.4,2.2857144,4.3076925,0.003954946,-0.13227743,1.5094064e-06
1846,-2.4,2.857143,4.3076925,0.0028392936,-0.13932516,0.00013397116
1847,-2.4,3.4285715,4.3076925,0.013753502,-0.12967426,0.00020193827
1848,-2.4,4.0,4.3076925,0.017096467,-0.13945512,0.00028558826
1849,-2.4,0.0,3.6923077,-0.015866643,-0.1323111,7.41207e-05
1850,-2.4,0.5714286,3.6923077,-0.013895805,-0.13478903,-3.190644e-05
1851,-2.4,1.1428572,3.6923077,-0.0037333514,-0.13345893,-0.00015743039
1852,-2.4,1.7142857,3.6923077,-0.005029174,-0.13705522,-0.00029899745
1853,-2.4,2.2857144,3.6923077,0.00394218,-0.1322773,-0.0004475044
1854,-2.4,2.857143,3.6923077,0.0028263277,-0.13932501,-0.00058220275
1855,-2.4,3.4285715,3.6923077,0.0137407575,-0.12967402,-0.0006481669
1856,-2.4,4.0,3.6923077,0.017083505,-0.13945492,-0.000733861
1857,-2.4,0.0,3.0769231,-0.0158833,-0.1325237,0.0007560401
1858,-2.4,0.5714286,3.0769231,-0.013935918,-0.13500914,0.00038678525
1859,-2.4,1.1428572,3.0769231,-0.0037519915,-0.13365237,-1.9989862e-05
1860,-2.4,1.7142857,3.0769231,-0.0050438032,-0.13726543,-0.00045720677
1861,-2.4,2.2857144,3.0769231,0.0039376607,-0.13246904,-0.0008719778
1862,-2.4,2.857143,3.0769231,0.00282734,-0.13952261,-0.0012767778
1863,-2.4,3.4285715,3.0769231,0.0137673635,-0.1298808,-0.0016932589
1864,-2.4,4.0,3.0769231,0.017066551,-0.13967831,-0.0020310616
1865,-2.4,0.0,2.4615386,-0.015953457,-0.13298759,0.001415395
1866,-2.4,0.5714286,2.4615386,-0.014002872,-0.13544855,0.0008292201
1867,-2.4,1.1428572,2.4615386,-0.0037558326,-0.13408497,0.00014851773
1868,-2.4,1.7142857,2.4615386,-0.0050871256,-0.13770361,-0.00058735785
1869,-2.4,2.2857144,2.4615386,0.00397459,-0.13286372,-0.001295251
1870,-2.4,2.857143,2.4615386,0.0028142503,-0.1400044,-0.0019859802
1871,-2.4,3.4285715,2.4615386,0.013778158,-0.13020566,-0.0025331927
1872,-2.4,4.0,2.4615386,0.017088618,-0.14013591,-0.0030491455
1873,-2.4,0.0,1.8461539,-0.015969168,-0.13370477,0.0023192451
1874,-2.4,0.5714286,1.8461539,-0.0140999975,-0.13622119,0.0013410818
1875,-2.4,1.1428572,1.8461539,-0.0037630561,-0.13474554,0.00034547897
1876,-2.4,1.7142857,1.8461539,-0.005124524,-0.13845298,-0.00068308867
1877,-2.4,2.2857144,1.8461539,0.0039872923,-0.13352083,-0.0016976809
1878,-2.4,2.857143,1.8461539,0.0027964003,-0.14071414,-0.0026233508
1879,-2.4,3.4285715,1.8461539,0.013876378,-0.1309162,-0.0035750992
1880,-2.4,4.0,1.8461539,0.017054271,-0.14093809,-0.004459511
1881,-2.4,0.0,1.2307693,-0.016071934,-0.13481598,0.003094101
1882,-2.4,0.5714286,1.2307693,-0.014198266,-0.13726689,0.0019404846
1883,-2.4,1.1428572,1.2307693,-0.0037255627,-0.1358146,0.0006172819
1884,-2.4,1.7142857,1.2307693,-0.0052132723,-0.13949662,-0.00076621934
1885,-2.4,2.2857144,1.2307693,0.0040420354,-0.13448799,-0.0020088276
1886,-2.4,2.857143,1.2307693,0.0027198615,-0.14187251,-0.0033116639
1887,-2.4,3.4285715,1.2307693,0.013850226,-0.1316936,-0.0043159653
1888,-2.4,4.0,1.2307693,0.017053796,-0.14197256,-0.005221697
1889,-2.4,0.0,0.61538464,-0.016368322,-0.13643636,0.004410136
1890,-2.4,0.5714286,0.61538464,-0.013976113,-0.13867463,0.0025497454
1891,-2.4,1.1428572,0.61538464,-0.004006362,-0.13738897,0.0009035734
1892,-2.4,1.7142857,0.61538464,-0.0050513214,-0.1407477,-0.0006821297
1893,-2.4,2.2857144,0.61538464,0.0035964525,-0.13616186,-0.0023863898
1894,-2.4,2.857143,0.61538464,0.0026743854,-0.14278883,-0.0036915413
1895,-2.4,3.4285715,0.61538464,0.013360967,-0.1335376,-0.005255228
1896,-2.4,4.0,0.61538464,0.01695652,-0.14299203,-0.0069732405
1897,-2.4,0.0,0.0,-0.016548498,-0.13840613,0.0049420614
1898,-2.4,0.5714286,0.0,-0.013683043,-0.1405721,0.0033800348
1899,-2.4,1.1428572,0.0,-0.004373236,-0.1394084,0.001301173
1900,-2.4,1.7142857,0.0,-0.005187144,-0.14240633,-0.0007828185
1901,-2.4,2.2857144,0.0,0.002814611,-0.13819756,-0.0023147913
1902,-2.4,2.857143,0.0,0.0022165838,-0.14406875,-0.0045524924
1903,-2.4,3.4285715,0.0,0.012161998,-0.13569494,-0.005841321
1904,-2.4,4.0,0.0,0.016312849,-0.1435471,-0.0065572704
1905,-1.8,0.0,8.0,-0.016885664,-0.14835574,-0.006423148
1906,-1.8,0.5714286,8.0,-0.0064031226,-0.14836648,-0.0036879382
1907,-1.8,1.1428572,8.0,-0.007513635,-0.1508337,-0.0015045778
1908,-1.8,1.7142857,8.0,1.7066746e-05,-0.1483518,0.0007754187
1909,-1.8,2.2857144,8.0,-0.0023762365,-0.1533979,0.0031013256
1910,-1.8,2.857143,8.0,0.0053128153,-0.1461863,0.004626307
1911,-1.8,3.4285715,8.0,0.0050325817,-0.15545446,0.0069084163
1912,-1.8,4.0,8.0,0.016999507,-0.14345735,0.009239006
1913,-1.8,0.0,7.3846154,-0.017245043,-0.14614414,-0.0047676214
1914,-1.8,0.5714286,7.3846154,-0.0061965054,-0.14610367,-0.0030936426
1915,-1.8,1.1428572,7.3846154,-0.007527545,-0.14878112,-0.0011572324
1916,-1.8,1.7142857,7.3846154,0.0006558847,-0.14601871,0.00081093964
1917,-1.8,2.2857144,7.3846154,-0.0019039,-0.15171707,0.0025867084
1918,-1.8,2.857143,7.3846154,0.0064569935,-0.14387445,0.0044034584
1919,-1.8,3.4285715,7.3846154,0.0057004006,-0.15445766,0.0056959377
1920,-1.8,4.0,7.3846154,0.018478034,-0.14053513,0.00689478
1921,-1.8,0.0,6.769231,-0.017311081,-0.14454521,-0.0038323838
1922,-1.8,0.5714286,6.769231,-0.0059779645,-0.14441182,-0.0023802011
1923,-1.8,1.1428572,6.769231,-0.0077915867,-0.14731817,-0.0008601188
1924,-1.8,1.7142857,6.769231,0.0009753071,-0.14428104,0.000665502
1925,-1.8,2.2857144,6.769231,-0.0021227014,-0.1504774,0.0022261825
1926,-1.8,2.857143,6.769231,0.0069285682,-0.1418867,0.0035735127
1927,-1.8,3.4285715,6.769231,0.0058077592,-0.15368846,0.0049416446
1928,-1.8,4.0,6.769231,0.018793663,-0.13876836,0.006157803
1929,-1.8,0.0,6.1538463,-0.017283421,-0.14341669,-0.002697882
1930,-1.8,0.5714286,6.1538463,-0.0059956764,-0.14327234,-0.001792208
1931,-1.8,1.1428572,6.1538463,-0.0077356286,-0.14623673,-0.0006575805
1932,-1.8,1.7142857,6.1538463,0.0008750105,-0.1432204,0.00052069407
1933,-1.8,2.2857144,6.1538463,-0.0020380937,-0.14936914,0.0016969515
1934,-1.8,2.857143,6.1538463,0.0067522535,-0.14097732,0.0027870883
1935,-1.8,3.4285715,6.1538463,0.0057384227,-0.15231732,0.0036946444
1936,-1.8,4.0,6.1538463,0.01880709,-0.13783652,0.004522881
1937,-1.8,0.0,5.5384617,-0.017158573,-0.14261712,-0.0019403135
1938,-1.8,0.5714286,5.5384617,-0.006012327,-0.1425792,-0.0012789601
1939,-1.8,1.1428572,5.5384617,-0.007715573,-0.14548202,-0.00048718913
1940,-1.8,1.7142857,5.5384617,0.00084296113,-0.142575,0.00032666142
1941,-1.8,2.2857144,5.5384617,-0.00207304,-0.14864896,0.001160794
1942,-1.8,2.857143,5.5384617,0.0067086224,-0.14032714,0.0019066145
1943,-1.8,3.4285715,5.5384617,0.005762195,-0.15164834,0.0026526048
1944,-1.8,4.0,5.5384617,0.018600868,-0.13725768,0.0032081606
1945,-1.8,0.0,4.923077,-0.017161222,-0.14216262,-0.001157774
1946,-1.8,0.5714286,4.923077,-0.0060092513,-0.1421439,-0.0008230794
1947,-1.8,1.1428572,4.923077,-0.0076958705,-0.14505771,-0.00037454805
1948,-1.8,1.7142857,4.923077,0.0007910437,-0.14218126,0.000110372086
1949,-1.8,2.2857144,4.923077,-0.0020656514,-0.1482232,0.00060848036
1950,-1.8,2.857143,4.923077,0.006600851,-0.13999817,0.0010632814
1951,-1.8,3.4285715,4.923077,0.005706846,-0.1511473,0.0014012726
1952,-1.8,4.0,4.923077,0.018665884,-0.13692057,0.0016891094
1953,-1.8,0.0,4.3076925,-0.017134516,-0.14193954,-0.00056469353
1954,-1.8,0.5714286,4.3076925,-0.006016573,-0.14194992,-0.0004330876
1955,-1.8,1.1428572,4.3076925,-0.0076995236,-0.14485548,-0.0002766289
1956,-1.8,1.7142857,4.3076925,0.00077493506,-0.14200316,-0.000116133095
1957,-1.8,2.2857144,4.3076925,-0.0020939861,-0.14803502,4.208783e-05
1958,-1.8,2.857143,4.3076925,0.006576066,-0.1398217,0.00018546743
1959,-1.8,3.4285715,4.3076925,0.0056907753,-0.15096772,0.00036853037
1960,-1.8,4.0,4.3076925,0.018577637,-0.13674633,0.0004907939
1961,-1.8,0.0,3.6923077,-0.017147524,-0.1419396,9.0347996e-05
1962,-1.8,0.5714286,3.6923077,-0.0060293744,-0.14194983,-3.687347e-05
1963,-1.8,1.1428572,3.6923077,-0.007712454,-0.14485528,-0.00019741156
1964,-1.8,1.7142857,3.6923077,0.0007621788,-0.14200306,-0.00035446152
1965,-1.8,2.2857144,3.6923077,-0.002106981,-0.14803481,-0.0005158316
1966,-1.8,2.857143,3.6923077,0.0065633515,-0.13982145,-0.0006565037
1967,-1.8,3.4285715,3.6923077,0.005677763,-0.15096758,-0.00084195664
1968,-1.8,4.0,3.6923077,0.018564885,-0.13674611,-0.00096183823
1969,-1.8,0.0,3.0769231,-0.01719974,-0.14216217,0.0006864293
1970,-1.8,0.5714286,3.0769231,-0.0060476516,-0.14214359,0.00035076492
1971,-1.8,1.1428572,3.0769231,-0.007734572,-0.14505726,-9.754309e-05
1972,-1.8,1.7142857,3.0769231,0.00075259566,-0.14218083,-0.0005825473
1973,-1.8,2.2857144,3.0769231,-0.0021044142,-0.14822267,-0.0010808469
1974,-1.8,2.857143,3.0769231,0.0065624523,-0.13999742,-0.0015354344
1975,-1.8,3.4285715,3.0769231,0.0056681423,-0.15114692,-0.001873634
1976,-1.8,4.0,3.0769231,0.018627396,-0.13691944,-0.0021611778
1977,-1.8,0.0,2.4615386,-0.017223097,-0.14261629,0.00146802
1978,-1.8,0.5714286,2.4615386,-0.0060765003,-0.14257875,0.0008067578
1979,-1.8,1.1428572,2.4615386,-0.0077799456,-0.14548126,1.5320404e-05
1980,-1.8,1.7142857,2.4615386,0.00077874924,-0.14257436,-0.00079911185
1981,-1.8,2.2857144,2.4615386,-0.002137534,-0.14864802,-0.0016327346
1982,-1.8,2.857143,2.4615386,0.0066445004,-0.14032602,-0.0023790724
1983,-1.8,3.4285715,2.4615386,0.005697741,-0.15164772,-0.0031244813
1984,-1.8,4.0,2.4615386,0.018536558,-0.13725618,-0.003680568
1985,-1.8,0.0,1.8461539,-0.017373417,-0.1434157,0.0022263436
1986,-1.8,0.5714286,1.8461539,-0.006085411,-0.14327168,0.0013200961
1987,-1.8,1.1428572,1.8461539,-0.007825912,-0.14623572,0.00018545173
1988,-1.8,1.7142857,1.8461539,0.00078525906,-0.14321949,-0.0009927875
1989,-1.8,2.2857144,1.8461539,-0.002128563,-0.14936799,-0.002169077
1990,-1.8,2.857143,1.8461539,0.0066626156,-0.14097574,-0.0032591869
1991,-1.8,3.4285715,1.8461539,0.0056479853,-0.15231673,-0.004166714
1992,-1.8,4.0,1.8461539,0.01871728,-0.13783409,-0.0049951193
1993,-1.8,0.0,1.2307693,-0.017427186,-0.1445439,0.0033602277
1994,-1.8,0.5714286,1.2307693,-0.006093426,-0.14441094,0.0019079496
1995,-1.8,1.1428572,1.2307693,-0.007907556,-0.147317,0.0003882877
1996,-1.8,1.7142857,1.2307693,0.0008597628,-0.1442798,-0.0011378141
1997,-1.8,2.2857144,1.2307693,-0.0022388715,-0.15047625,-0.0026979658
1998,-1.8,2.857143,1.2307693,0.006813089,-0.14188464,-0.00404571
1999,-1.8,3.4285715,1.2307693,0.005691551,-0.15368798,-0.0054134247
2000,-1.8,4.0,1.2307693,0.018677812,-0.1387655,-0.0066299266
2001,-1.8,0.0,0.61538464,-0.017386109,-0.14614274,0.004296082
2002,-1.8,0.5714286,0.61538464,-0.0063380003,-0.14610271,0.002621497
2003,-1.8,1.1428572,0.61538464,-0.0076689394,-0.14877959,0.00068522425
2004,-1.8,1.7142857,0.61538464,0.0005142466,-0.14601754,-0.0012830135
2005,-1.8,2.2857144,0.61538464,-0.002045479,-0.1517154,-0.0030585648
2006,-1.8,2.857143,0.61538464,0.006315275,-0.14387272,-0.004875383
2007,-1.8,3.4285715,0.61538464,0.005558764,-0.15445617,-0.006167729
2008,-1.8,4.0,0.61538464,0.018336017,-0.140533,-0.007367189
2009,-1.8,0.0,0.0,-0.0170525,-0.14835383,0.005950884
2010,-1.8,0.5714286,0.0,-0.0065706493,-0.14836551,0.0032157141
2011,-1.8,1.1428572,0.0,-0.0076803775,-0.15083182,0.0010327601
2012,-1.8,1.7142857,0.0,-0.00015065468,-0.14835066,-0.0012475561
2013,-1.8,2.2857144,0.0,-0.0025432007,-0.1533957,-0.0035730016
2014,-1.8,2.857143,0.0,0.005145083,-0.14618486,-0.005098174
2015,-1.8,3.4285715,0.0,0.0048655174,-0.15545231,-0.0073802075
2016,-1.8,4.0,0.0,0.016831355,-0.14345564,-0.009710764
2017,-1.2,0.0,8.0,-0.008156372,-0.15504056,-0.0062302034
2018,-1.2,0.5714286,8.0,-0.00800595,-0.15668342,-0.0038757958
2019,-1.2,1.1428572,8.0,-0.0014591597,-0.15594469,-0.0010105358
2020,-1.2,1.7142857,8.0,-0.0041185403,-0.16005683,0.0015120864
2021,-1.2,2.2857144,8.0,0.0021909392,-0.15611553,0.0042272517
2022,-1.2,2.857143,8.0,-0.0014787428,-0.1647061,0.006821292
2023,-1.2,3.4285715,8.0,0.0065077986,-0.15240611,0.008037981
2024,-1.2,4.0,8.0,0.008888875,-0.16625977,0.009377897
2025,-1.2,0.0,7.3846154,-0.007916229,-0.15253979,-0.005120043
2026,-1.2,0.5714286,7.3846154,-0.008184811,-0.15430896,-0.0030023842
2027,-1.2,1.1428572,7.3846154,-0.0010632,-0.15338294,-0.0008607117
2028,-1.2,1.7142857,7.3846154,-0.0038708712,-0.15783352,0.0013591571
2029,-1.2,2.2857144,7.3846154,0.0030865343,-0.15338738,0.0036435623
2030,-1.2,2.857143,7.3846154,-0.0005439221,-0.16309129,0.0056470674
2031,-1.2,3.4285715,7.3846154,0.008261006,-0.14967991,0.0075673424
2032,-1.2,4.0,7.3846154,0.0096070655,-0.16633822,0.009011069
2033,-1.2,0.0,6.769231,-0.0077373222,-0.15080148,-0.0037538195
2034,-1.2,0.5714286,6.769231,-0.008393929,-0.1526719,-0.0023349822
2035,-1.2,1.1428572,6.769231,-0.0008585029,-0.15157971,-0.00066369295
2036,-1.2,1.7142857,6.769231,-0.0041326615,-0.15639877,0.0011335353
2037,-1.2,2.2857144,6.769231,0.0033868111,-0.15151614,0.002900994
2038,-1.2,2.857143,6.769231,-0.0009751308,-0.16198343,0.004626684
2039,-1.2,3.4285715,6.769231,0.008519021,-0.14717792,0.0059664752
2040,-1.2,4.0,6.769231,0.009888797,-0.16538133,0.007374959
2041,-1.2,0.0,6.1538463,-0.007678425,-0.14957054,-0.0028173001
2042,-1.2,0.5714286,6.1538463,-0.008346619,-0.15154871,-0.001733505
2043,-1.2,1.1428572,6.1538463,-0.00092312595,-0.15048131,-0.00049906276
2044,-1.2,1.7142857,6.1538463,-0.004078692,-0.15533261,0.0008509357
2045,-1.2,2.2857144,6.1538463,0.0032563938,-0.15056641,0.0021838855
2046,-1.2,2.857143,6.1538463,-0.0008639796,-0.1608963,0.0034583993
2047,-1.2,3.4285715,6.1538463,0.008297594,-0.14653161,0.0045966036
2048,-1.2,4.0,6.1538463,0.009408708,-0.16404077,0.005404929
2049,-1.2,0.0,5.5384617,-0.0077339383,-0.14885026,-0.0018627131
2050,-1.2,0.5714286,5.5384617,-0.008312385,-0.1508042,-0.0012216106
2051,-1.2,1.1428572,5.5384617,-0.0009447496,-0.14983432,-0.00039780798
2052,-1.2,1.7142857,5.5384617,-0.004108068,-0.15464371,0.0005537335
2053,-1.2,2.2857144,5.5384617,0.0032309268,-0.15000562,0.0014767612
2054,-1.2,2.857143,5.5384617,-0.0009796623,-0.16030721,0.0023936026
2055,-1.2,3.4285715,5.5384617,0.00821542,-0.14601679,0.0030208358
2056,-1.2,4.0,5.5384617,0.009873393,-0.16337274,0.0035205625
2057,-1.2,0.0,4.923077,-0.0077092866,-0.14839487,-0.0012081048
2058,-1.2,0.5714286,4.923077,-0.008296361,-0.15038684,-0.0008081435
2059,-1.2,1.1428572,4.923077,-0.0009736251,-0.14945501,-0.00031189944
2060,-1.2,1.7142857,4.923077,-0.004101538,-0.15426093,0.00023386939
2061,-1.2,2.2857144,4.923077,0.0031532121,-0.14970328,0.0007859879
2062,-1.2,2.857143,4.923077,-0.00097298925,-0.15994829,0.0012848021
2063,-1.2,3.4285715,4.923077,0.008101439,-0.14580916,0.0017556795
2064,-1.2,4.0,4.923077,0.009612985,-0.16290247,0.002089471
2065,-1.2,0.0,4.3076925,-0.0077361036,-0.14820002,-0.00052054034
2066,-1.2,0.5714286,4.3076925,-0.008294293,-0.15019397,-0.00042090085
2067,-1.2,1.1428572,4.3076925,-0.0009851978,-0.14928544,-0.00027288584
2068,-1.2,1.7142857,4.3076925,-0.0041221757,-0.15409127,-8.472707e-05
2069,-1.2,2.2857144,4.3076925,0.0031368295,-0.14956087,9.121522e-05
2070,-1.2,2.857143,4.3076925,-0.0010212502,-0.15980475,0.0002804005
2071,-1.2,3.4285715,4.3076925,0.008069919,-0.145674,0.00034578302
2072,-1.2,4.0,4.3076925,0.009750186,-0.16273122,0.0003882146
2073,-1.2,0.0,3.6923077,-0.0077486755,-0.14819966,2.6840351e-05
2074,-1.2,0.5714286,3.6923077,-0.008307222,-0.15019387,-7.9274425e-05
2075,-1.2,1.1428572,3.6923077,-0.0009979345,-0.14928538,-0.00022184802
2076,-1.2,1.7142857,3.6923077,-0.004135193,-0.15409109,-0.00041474297
2077,-1.2,2.2857144,3.6923077,0.0031241153,-0.14956068,-0.0005869168
2078,-1.2,2.857143,3.6923077,-0.0010343068,-0.15980448,-0.0007794161
2079,-1.2,3.4285715,3.6923077,0.008057333,-0.14567356,-0.0008418099
2080,-1.2,4.0,3.6923077,0.00973706,-0.16273096,-0.00088673667
2081,-1.2,0.0,3.0769231,-0.0077480264,-0.14839469,0.00070981926
2082,-1.2,0.5714286,3.0769231,-0.008334954,-0.15038648,0.0003114444
2083,-1.2,1.1428572,3.0769231,-0.0010121297,-0.14945471,-0.0001855326
2084,-1.2,1.7142857,3.0769231,-0.0041402457,-0.15426052,-0.00073119125
2085,-1.2,2.2857144,3.0769231,0.003114703,-0.14970267,-0.0012833299
2086,-1.2,2.857143,3.0769231,-0.0010117845,-0.15994751,-0.0017823922
2087,-1.2,3.4285715,3.0769231,0.008063178,-0.14580774,-0.002252922
2088,-1.2,4.0,3.0769231,0.0095742075,-0.16290228,-0.002586743
2089,-1.2,0.0,2.4615386,-0.0077979723,-0.14885,0.0013660915
2090,-1.2,0.5714286,2.4615386,-0.008376666,-0.15080358,0.00072447205
2091,-1.2,1.1428572,2.4615386,-0.0010090872,-0.14983386,-9.968544e-05
2092,-1.2,1.7142857,2.4615386,-0.0041724094,-0.15464291,-0.0010507298
2093,-1.2,2.2857144,2.4615386,0.00316657,-0.15000479,-0.0019743857
2094,-1.2,2.857143,2.4615386,-0.001044191,-0.16030583,-0.0028906744
2095,-1.2,3.4285715,2.4615386,0.008151618,-0.14601456,-0.003518438
2096,-1.2,4.0,2.4615386,0.009808714,-0.1633719,-0.0040174136
2097,-1.2,0.0,1.8461539,-0.0077686957,-0.14956996,0.0023195837
2098,-1.2,0.5714286,1.8461539,-0.0084367,-0.15154785,0.0012363167
2099,-1.2,1.1428572,1.8461539,-0.0010130521,-0.15048061,1.910259e-06
2100,-1.2,1.7142857,1.8461539,-0.004168961,-0.15533157,-0.0013482764
2101,-1.2,2.2857144,1.8461539,0.0031664877,-0.15056525,-0.002681028
2102,-1.2,2.857143,1.8461539,-0.00095456827,-0.16089466,-0.0039556376
2103,-1.2,3.4285715,1.8461539,0.008208346,-0.1465285,-0.005093606
2104,-1.2,4.0,1.8461539,0.009317972,-0.16404064,-0.0059020654
2105,-1.2,0.0,1.2307693,-0.007852659,-0.15080087,0.003256824
2106,-1.2,0.5714286,1.2307693,-0.0085097635,-0.15267085,0.0018379285
2107,-1.2,1.1428572,1.2307693,-0.00097420666,-0.15157871,0.00016619376
2108,-1.2,1.7142857,1.2307693,-0.0042486205,-0.15639769,-0.001630435
2109,-1.2,2.2857144,1.2307693,0.0032710673,-0.15151452,-0.0033984196
2110,-1.2,2.857143,1.2307693,-0.0010914071,-0.16198198,-0.00512332
2111,-1.2,3.4285715,1.2307693,0.008403854,-0.14717424,-0.0064636627
2112,-1.2,4.0,1.2307693,0.0097723175,-0.16538121,-0.00787185
2113,-1.2,0.0,0.61538464,-0.008058118,-0.15253884,0.004622379
2114,-1.2,0.5714286,0.61538464,-0.008326134,-0.15430771,0.0025051862
2115,-1.2,1.1428572,0.61538464,-0.0012048039,-0.1533819,0.00036349116
2116,-1.2,1.7142857,0.61538464,-0.0040124166,-0.15783207,-0.0018562531
2117,-1.2,2.2857144,0.61538464,0.0029447647,-0.15338585,-0.004140632
2118,-1.2,2.857143,0.61538464,-0.00068571314,-0.16308933,-0.006143805
2119,-1.2,3.4285715,0.61538464,0.008119406,-0.14967711,-0.008064035
2120,-1.2,4.0,0.61538464,0.009464949,-0.16633655,-0.0095074475
2121,-1.2,0.0,0.0,-0.008323658,-0.15503971,0.0057332064
2122,-1.2,0.5714286,0.0,-0.0081726005,-0.15668179,0.0033787289
2123,-1.2,1.1428572,0.0,-0.0016269576,-0.15594363,0.0005131179
2124,-1.2,1.7142857,0.0,-0.004285373,-0.1600549,-0.0020088877
2125,-1.2,2.2857144,0.0,0.0020228957,-0.15611419,-0.0047243414
2126,-1.2,2.857143,0.0,-0.0016458884,-0.16470328,-0.007317727
2127,-1.2,3.4285715,0.0,0.006340127,-0.15240385,-0.008534391
2128,-1.2,4.0,0.0,0.008721491,-0.16625758,-0.009875097
2129,-0.6,0.0,8.0,-0.00630812,-0.15914136,-0.0066356235
2130,-0.6,0.5714286,8.0,-0.0017534306,-0.16033188,-0.003527322
2131,-0.6,1.1428572,8.0,-0.003140988,-0.16315706,-0.000969143
2132,-0.6,1.7142857,8.0,0.000503091,-0.16160555,0.002471954
2133,-0.6,2.2857144,8.0,-0.0020921512,-0.16854744,0.0052392706
2134,-0.6,2.857143,8.0,0.0026995859,-0.16339765,0.008843376
2135,-0.6,3.4285715,8.0,-0.0024032008,-0.17915024,0.012367307
2136,-0.6,4.0,8.0,0.008684577,-0.1587318,0.013377703
2137,-0.6,0.0,7.3846154,-0.006495135,-0.15656868,-0.0050462894
2138,-0.6,0.5714286,7.3846154,-0.0016176692,-0.15767257,-0.0030108327
2139,-0.6,1.1428572,7.3846154,-0.003127834,-0.16059847,-0.00057190016
2140,-0.6,1.7142857,7.3846154,0.0008960476,-0.15871881,0.0018464259
2141,-0.6,2.2857144,7.3846154,-0.0017163705,-0.166152,0.004475417
2142,-0.6,2.857143,7.3846154,0.0035790151,-0.16001962,0.007202906
2143,-0.6,3.4285715,7.3846154,-0.0009744125,-0.17770725,0.009347241
2144,-0.6,4.0,7.3846154,0.011770536,-0.1545882,0.012063969
2145,-0.6,0.0,6.769231,-0.0065103443,-0.15471171,-0.0038864396
2146,-0.6,0.5714286,6.769231,-0.0015272923,-0.15581602,-0.0022685046
2147,-0.6,1.1428572,6.769231,-0.003272331,-0.15903297,-0.00048672783
2148,-0.6,1.7142857,6.769231,0.0010216647,-0.15684946,0.001499282
2149,-0.6,2.2857144,6.769231,-0.0019725198,-0.1648803,0.003504236
2150,-0.6,2.857143,6.769231,0.0037361966,-0.15824446,0.005492215
2151,-0.6,3.4285715,6.769231,-0.0018291598,-0.17711452,0.007390012
2152,-0.6,4.0,6.769231,0.010566343,-0.15184432,0.00839074
2153,-0.6,0.0,6.1538463,-0.006541914,-0.15356183,-0.0026693537
2154,-0.6,0.5714286,6.1538463,-0.0015318916,-0.15469186,-0.0017170336
2155,-0.6,1.1428572,6.1538463,-0.0032667995,-0.15793164,-0.00034484421
2156,-0.6,1.7142857,6.1538463,0.00097199983,-0.15586954,0.0010775818
2157,-0.6,2.2857144,6.1538463,-0.0019321919,-0.1639464,0.0026345437
2158,-0.6,2.857143,6.1538463,0.003633565,-0.15755482,0.004049704
2159,-0.6,3.4285715,6.1538463,-0.0017078207,-0.17636712,0.0052625122
2160,-0.6,4.0,6.1538463,0.011434709,-0.15191782,0.0057813907
2161,-0.6,0.0,5.5384617,-0.0064882366,-0.15279166,-0.0019204429
2162,-0.6,0.5714286,5.5384617,-0.001556233,-0.15401052,-0.0011982191
2163,-0.6,1.1428572,5.5384617,-0.0032683047,-0.15725963,-0.00029841694
2164,-0.6,1.7142857,5.5384617,0.0009474758,-0.15531969,0.0007168121
2165,-0.6,2.2857144,5.5384617,-0.0019958764,-0.16338186,0.0017457908
2166,-0.6,2.857143,5.5384617,0.0036202644,-0.15722889,0.0027226973
2167,-0.6,3.4285715,5.5384617,-0.0019136755,-0.17600599,0.003571531
2168,-0.6,4.0,5.5384617,0.010921727,-0.15181911,0.00406032
2169,-0.6,0.0,4.923077,-0.0065159793,-0.15237221,-0.0011065002
2170,-0.6,0.5714286,4.923077,-0.0015590625,-0.15363477,-0.00079896214
2171,-0.6,1.1428572,4.923077,-0.0032745758,-0.15688244,-0.00025664683
2172,-0.6,1.7142857,4.923077,0.00091494364,-0.1550208,0.00030997742
2173,-0.6,2.2857144,4.923077,-0.001997423,-0.16308302,0.00094064
2174,-0.6,2.857143,4.923077,0.0035509977,-0.15706544,0.0014966665
2175,-0.6,3.4285715,4.923077,-0.0019177914,-0.17580715,0.0018960504
2176,-0.6,4.0,4.923077,0.011236496,-0.15183578,0.0019749799
2177,-0.6,0.0,4.3076925,-0.006510543,-0.15217233,-0.00059367437
2178,-0.6,0.5714286,4.3076925,-0.0015731457,-0.15346138,-0.00042421726
2179,-0.6,1.1428572,4.3076925,-0.0032843773,-0.15672132,-0.0002673327
2180,-0.6,1.7142857,4.3076925,0.00090017944,-0.15488625,-5.805616e-05
2181,-0.6,2.2857144,4.3076925,-0.002027393,-0.16296005,0.00012799226
2182,-0.6,2.857143,4.3076925,0.0035391038,-0.15698758,0.00030396515
2183,-0.6,3.4285715,4.3076925,-0.0019749377,-0.17571536,0.00050078525
2184,-0.6,4.0,4.3076925,0.011089113,-0.15181169,0.00069119636
2185,-0.6,0.0,3.6923077,-0.006523849,-0.15217267,6.637023e-05
2186,-0.6,0.5714286,3.6923077,-0.0015856945,-0.15346129,-9.354067e-05
2187,-0.6,1.1428572,3.6923077,-0.0032975075,-0.15672143,-0.00025842912
2188,-0.6,1.7142857,3.6923077,0.00088752405,-0.15488602,-0.00046180974
2189,-0.6,2.2857144,3.6923077,-0.002040479,-0.16296007,-0.00065259764
2190,-0.6,2.857143,3.6923077,0.0035263887,-0.15698718,-0.0008247401
2191,-0.6,3.4285715,3.6923077,-0.0019880037,-0.17571513,-0.0010249347
2192,-0.6,4.0,3.6923077,0.011076633,-0.15181062,-0.0012118641
2193,-0.6,0.0,3.0769231,-0.0065540974,-0.15237199,0.0005864918
2194,-0.6,0.5714286,3.0769231,-0.0015977003,-0.15363483,0.00027585184
2195,-0.6,1.1428572,3.0769231,-0.0033131533,-0.1568822,-0.00026526395
2196,-0.6,1.7142857,3.0769231,0.000876281,-0.15502061,-0.00083260145
2197,-0.6,2.2857144,3.0769231,-0.0020360537,-0.16308248,-0.0014631007
2198,-0.6,2.857143,3.0769231,0.0035122498,-0.15706486,-0.0020191097
2199,-0.6,3.4285715,3.0769231,-0.0019563509,-0.17580591,-0.0024187258
2200,-0.6,4.0,3.0769231,0.01119816,-0.15183257,-0.0024970726
2201,-0.6,0.0,2.4615386,-0.0065529565,-0.15279114,0.001397139
2202,-0.6,0.5714286,2.4615386,-0.001620641,-0.1540102,0.00067617255
2203,-0.6,1.1428572,2.4615386,-0.00333246,-0.15725924,-0.00022385958
2204,-0.6,1.7142857,2.4615386,0.0008828551,-0.15531923,-0.0012394247
2205,-0.6,2.2857144,2.4615386,-0.0020600723,-0.16338117,-0.0022679497
2206,-0.6,2.857143,2.4615386,0.003555515,-0.15722774,-0.0032453518
2207,-0.6,3.4285715,2.4615386,-0.0019779385,-0.176004,-0.004093892
2208,-0.6,4.0,2.4615386,0.010858106,-0.15181369,-0.004582595
2209,-0.6,0.0,1.8461539,-0.0066314857,-0.15356117,0.0021476052
2210,-0.6,0.5714286,1.8461539,-0.0016220722,-0.15469134,0.0011945119
2211,-0.6,1.1428572,1.8461539,-0.0033567986,-0.15793096,-0.00017757896
2212,-0.6,1.7142857,1.8461539,0.0008817532,-0.15586896,-0.0015998562
2213,-0.6,2.2857144,1.8461539,-0.0020222699,-0.16394529,-0.003157026
2214,-0.6,2.857143,1.8461539,0.0035430507,-0.1575537,-0.004571803
2215,-0.6,3.4285715,1.8461539,-0.0017978362,-0.17636426,-0.005784871
2216,-0.6,4.0,1.8461539,0.011345262,-0.15190938,-0.0063034794
2217,-0.6,0.0,1.2307693,-0.0066264677,-0.15471078,0.0033635772
2218,-0.6,0.5714286,1.2307693,-0.0016431842,-0.1558153,0.0017460174
2219,-0.6,1.1428572,1.2307693,-0.0033879231,-0.15903226,-3.553019e-05
2220,-0.6,1.7142857,1.2307693,0.0009054869,-0.15684842,-0.002021801
2221,-0.6,2.2857144,1.2307693,-0.0020882424,-0.16487944,-0.0040262975
2222,-0.6,2.857143,1.2307693,0.003619834,-0.15824237,-0.0060147466
2223,-0.6,3.4285715,1.2307693,-0.0019451487,-0.17711292,-0.007911135
2224,-0.6,4.0,1.2307693,0.010451329,-0.15183583,-0.008913209
2225,-0.6,0.0,0.61538464,-0.006636142,-0.15656775,0.0045242794
2226,-0.6,0.5714286,0.61538464,-0.0017593027,-0.15767175,0.002488271
2227,-0.6,1.1428572,0.61538464,-0.0032693022,-0.16059744,4.9570743e-05
2228,-0.6,1.7142857,0.61538464,0.00075430796,-0.15871783,-0.0023688334
2229,-0.6,2.2857144,0.61538464,-0.0018580979,-0.16615067,-0.004997462
2230,-0.6,2.857143,0.61538464,0.003437018,-0.16001786,-0.007725132
2231,-0.6,3.4285715,0.61538464,-0.0011161555,-0.17770472,-0.0098687215
2232,-0.6,4.0,0.61538464,0.011628637,-0.15458329,-0.012585944
2233,-0.6,0.0,0.0,-0.0064751958,-0.15914017,0.0061127925
2234,-0.6,0.5714286,0.0,-0.0019211865,-0.16033101,0.003004769
2235,-0.6,1.1428572,0.0,-0.0033076096,-0.1631558,0.00044692628
2236,-0.6,1.7142857,0.0,0.00033480683,-0.16160457,-0.002994351
2237,-0.6,2.2857144,0.0,-0.00225896,-0.16854557,-0.005761222
2238,-0.6,2.857143,0.0,0.002530721,-0.16339628,-0.009365212
2239,-0.6,3.4285715,0.0,-0.0025702396,-0.17914654,-0.012888886
2240,-0.6,4.0,0.0,0.008516487,-0.15872589,-0.013897041
2241,0.0,0.0,8.0,8.905154e-05,-0.16165142,-0.00646493
2242,0.0,0.5714286,8.0,8.8697176e-05,-0.16292217,-0.004008544
2243,0.0,1.1428572,8.0,8.9149085e-05,-0.16259778,-0.0002668245
2244,0.0,1.7142857,8.0,8.8819485e-05,-0.16739681,0.0021080053
2245,0.0,2.2857144,8.0,8.949396e-05,-0.1649751,0.0064614434
2246,0.0,2.857143,8.0,8.889789e-05,-0.17601135,0.009090421
2247,0.0,3.4285715,8.0,9.005187e-05,-0.16976032,0.014551864
2248,0.0,4.0,8.0,8.885919e-05,-0.20359531,0.021107053
2249,0.0,0.0,7.3846154,7.634606e-05,-0.1590687,-0.00531489
2250,0.0,0.5714286,7.3846154,7.5823635e-05,-0.16017684,-0.0027941428
2251,0.0,1.1428572,7.3846154,7.629555e-05,-0.15984094,-0.0006929508
2252,0.0,1.7142857,7.3846154,7.588195e-05,-0.16472638,0.0022603418
2253,0.0,2.2857144,7.3846154,7.645465e-05,-0.16172345,0.0046403203
2254,0.0,2.857143,7.3846154,7.594952e-05,-0.17381063,0.0077950936
2255,0.0,3.4285715,7.3846154,7.673757e-05,-0.16476825,0.011026625
2256,0.0,4.0,7.3846154,7.523789e-05,-0.2046508,0.012316625
2257,0.0,0.0,6.769231,6.330233e-05,-0.15713896,-0.0036921964
2258,0.0,0.5714286,6.769231,6.3040774e-05,-0.15859187,-0.0023669128
2259,0.0,1.1428572,6.769231,6.333984e-05,-0.15788335,-0.00031715963
2260,0.0,1.7142857,6.769231,6.3062835e-05,-0.16332588,0.0015282934
2261,0.0,2.2857144,6.769231,6.3566215e-05,-0.15992019,0.0038089135
2262,0.0,2.857143,6.769231,6.299407e-05,-0.17272596,0.0059049735
2263,0.0,3.4285715,6.769231,6.401229e-05,-0.16412275,0.0077038505
2264,0.0,4.0,6.769231,6.2349136e-05,-0.20490856,0.008676833
2265,0.0,0.0,6.1538463,5.069125e-05,-0.15605159,-0.0028587747
2266,0.0,0.5714286,6.1538463,5.0051167e-05,-0.15735511,-0.0016269818
2267,0.0,1.1428572,6.1538463,5.0623683e-05,-0.15689492,-0.0003676476
2268,0.0,1.7142857,6.1538463,5.002578e-05,-0.1622842,0.0012314038
2269,0.0,2.2857144,6.1538463,5.0835013e-05,-0.15907353,0.002752409
2270,0.0,2.857143,6.1538463,4.9873015e-05,-0.17225987,0.004269092
2271,0.0,3.4285715,6.1538463,5.1397812e-05,-0.16329254,0.0056874133
2272,0.0,4.0,6.1538463,4.879156e-05,-0.20493461,0.0063541783
2273,0.0,0.0,5.5384617,3.7319674e-05,-0.15521896,-0.0018108856
2274,0.0,0.5714286,5.5384617,3.7538117e-05,-0.15673813,-0.0011963004
2275,0.0,1.1428572,5.5384617,3.74e-05,-0.15623839,-0.00027942422
2276,0.0,1.7142857,5.5384617,3.7519578e-05,-0.16168958,0.0007860641
2277,0.0,2.2857144,5.5384617,3.754253e-05,-0.15874262,0.0018152028
2278,0.0,2.857143,5.5384617,3.7451307e-05,-0.17161906,0.0029139188
2279,0.0,3.4285715,5.5384617,3.7837108e-05,-0.1636525,0.0036459882
2280,0.0,4.0,5.5384617,3.6884103e-05,-0.20485577,0.0037596358
2281,0.0,0.0,4.923077,2.5002204e-05,-0.15487881,-0.0012031042
2282,0.0,0.5714286,4.923077,2.4375287e-05,-0.1562913,-0.00080007216
2283,0.0,1.1428572,4.923077,2.479627e-05,-0.15593739,-0.00023832668
2284,0.0,1.7142857,4.923077,2.4423347e-05,-0.16137278,0.00032777782
2285,0.0,2.2857144,4.923077,2.4814843e-05,-0.15846217,0.001001859
2286,0.0,2.857143,4.923077,2.442405e-05,-0.17158118,0.0015345281
2287,0.0,3.4285715,4.923077,2.4949666e-05,-0.16343847,0.0020515022
2288,0.0,4.0,4.923077,2.4002553e-05,-0.20486556,0.0024256166
2289,0.0,0.0,4.3076925,1.1221873e-05,-0.15465194,-0.0005364741
2290,0.0,0.5714286,4.3076925,1.2036353e-05,-0.15614818,-0.00041144877
2291,0.0,1.1428572,4.3076925,1.1522317e-05,-0.15577686,-0.00029823402
2292,0.0,1.7142857,4.3076925,1.1872297e-05,-0.16122977,-3.2979045e-05
2293,0.0,2.2857144,4.3076925,1.1631414e-05,-0.15840977,0.00010825577
2294,0.0,2.857143,4.3076925,1.1799616e-05,-0.17141677,0.00035589884
2295,0.0,3.4285715,4.3076925,1.1719331e-05,-0.16352548,0.00044551227
2296,0.0,4.0,4.3076925,1.169267e-05,-0.2048576,0.0003029439
2297,0.0,0.0,3.6923077,2.68421e-35,-0.15465228,-1.0753095e-36
2298,0.0,0.5714286,3.6923077,-1.7950781e-06,-0.15614869,-0.00014193742
2299,0.0,1.1428572,3.6923077,-6.69664e-07,-0.15577665,-0.00024506732
2300,0.0,1.7142857,3.6923077,-1.5374204e-06,-0.16122985,-0.00051776384
2301,0.0,2.2857144,3.6923077,-8.4801275e-07,-0.15840977,-0.0006531915
2302,0.0,2.857143,3.6923077,-1.4486727e-06,-0.17141668,-0.00090540876
2303,0.0,3.4285715,3.6923077,-8.989496e-07,-0.1635253,-0.0009910469
2304,0.0,4.0,3.6923077,-1.4411654e-06,-0.20485759,-0.0008519054
2305,0.0,0.0,3.0769231,-1.4854235e-05,-0.15487877,0.0006524748
2306,0.0,0.5714286,3.0769231,-1.358328e-05,-0.15629166,0.00025506655
2307,0.0,1.1428572,3.0769231,-1.4310435e-05,-0.15593733,-0.00031042635
2308,0.0,1.7142857,3.0769231,-1.3844344e-05,-0.16137284,-0.0008746518
2309,0.0,2.2857144,3.0769231,-1.4229082e-05,-0.15846188,-0.0015496756
2310,0.0,2.857143,3.0769231,-1.3903209e-05,-0.17158133,-0.0020817535
2311,0.0,3.4285715,3.0769231,-1.4335934e-05,-0.16343811,-0.0025987616
2312,0.0,4.0,3.0769231,-1.3528409e-05,-0.20486523,-0.0029729228
2313,0.0,0.0,2.4615386,-2.6326006e-05,-0.15521878,0.0012651078
2314,0.0,0.5714286,2.4615386,-2.7080589e-05,-0.15673774,0.0006478516
2315,0.0,1.1428572,2.4615386,-2.6868143e-05,-0.15623853,-0.00026746097
2316,0.0,1.7142857,2.4615386,-2.6859127e-05,-0.1616892,-0.0013339671
2317,0.0,2.2857144,2.4615386,-2.7118836e-05,-0.15874274,-0.0023623884
2318,0.0,2.857143,2.4615386,-2.6710699e-05,-0.17161848,-0.003461548
2319,0.0,3.4285715,2.4615386,-2.7492419e-05,-0.1636529,-0.004193073
2320,0.0,4.0,2.4615386,-2.612999e-05,-0.20485552,-0.004306976
2321,0.0,0.0,1.8461539,-4.0444564e-05,-0.15605122,0.0023100714
2322,0.0,0.5714286,1.8461539,-3.945729e-05,-0.157355,0.0010798357
2323,0.0,1.1428572,1.8461539,-3.9963128e-05,-0.15689442,-0.00018020607
2324,0.0,1.7142857,1.8461539,-3.9643033e-05,-0.16228409,-0.001778673
2325,0.0,2.2857144,1.8461539,-4.005289e-05,-0.15907304,-0.0033001795
2326,0.0,2.857143,1.8461539,-3.959669e-05,-0.1722599,-0.004816121
2327,0.0,3.4285715,1.8461539,-4.0458654e-05,-0.16329186,-0.006235111
2328,0.0,4.0,1.8461539,-3.8835726e-05,-0.20493472,-0.006901015
2329,0.0,0.0,1.2307693,-5.214728e-05,-0.15713854,0.0031451243
2330,0.0,0.5714286,1.2307693,-5.2719326e-05,-0.15859137,0.0018190149
2331,0.0,1.1428572,1.2307693,-5.265296e-05,-0.15788294,-0.0002302748
2332,0.0,1.7142857,1.2307693,-5.2612504e-05,-0.16332547,-0.0020760212
2333,0.0,2.2857144,1.2307693,-5.287897e-05,-0.15991962,-0.004356169
2334,0.0,2.857143,1.2307693,-5.2611405e-05,-0.17272562,-0.00645279
2335,0.0,3.4285715,1.2307693,-5.3173182e-05,-0.1641224,-0.008250614
2336,0.0,4.0,1.2307693,-5.2298074e-05,-0.20490785,-0.009224228
2337,0.0,0.0,0.61538464,-6.6134184e-05,-0.15906817,0.0047666477
2338,0.0,0.5714286,0.61538464,-6.5202126e-05,-0.16017643,0.0022465698
2339,0.0,1.1428572,0.61538464,-6.5686734e-05,-0.15984024,0.00014528011
2340,0.0,1.7142857,0.61538464,-6.542016e-05,-0.16472594,-0.0028078426
2341,0.0,2.2857144,0.61538464,-6.580794e-05,-0.16172262,-0.0051878486
2342,0.0,2.857143,0.61538464,-6.549744e-05,-0.1738103,-0.008342537
2343,0.0,3.4285715,0.61538464,-6.609238e-05,-0.16476619,-0.011573951
2344,0.0,4.0,0.61538464,-6.4984066e-05,-0.20465387,-0.012863675
2345,0.0,0.0,0.0,-7.800138e-05,-0.16165069,0.0059173824
2346,0.0,0.5714286,0.0,-7.827691e-05,-0.16292143,0.0034609558
2347,0.0,1.1428572,0.0,-7.8567566e-05,-0.16259731,-0.00028093456
2348,0.0,1.7142857,0.0,-7.8261684e-05,-0.16739585,-0.00265534
2349,0.0,2.2857144,0.0,-7.890428e-05,-0.16497481,-0.0070092906
2350,0.0,2.857143,0.0,-7.8356476e-05,-0.1760095,-0.009637004
2351,0.0,3.4285715,0.0,-7.9407306e-05,-0.16976131,-0.015100773
2352,0.0,4.0,0.0,-7.8421996e-05,-0.20358633,-0.021651054
2353,0.6,0.0,8.0,0.006485566,-0.15914066,-0.0066609723
2354,0.6,0.5714286,8.0,0.0019316807,-0.16033159,-0.0035523917
2355,0.6,1.1428572,8.0,0.0033183966,-0.16315636,-0.0009945668
2356,0.6,1.7142857,8.0,-0.00032453623,-0.16160506,0.0024468342
2357,0.6,2.2857144,8.0,0.0022699041,-0.1685464,0.005213652
2358,0.6,2.857143,8.0,-0.002520568,-0.16339652,0.008817818
2359,0.6,3.4285715,8.0,0.0025813258,-0.17914844,0.0123414835
2360,0.6,4.0,8.0,-0.008506417,-0.15872459,0.01335017
2361,0.6,0.0,7.3846154,0.00664707,-0.15656818,-0.005071544
2362,0.6,0.5714286,7.3846154,0.001769889,-0.15767223,-0.0030361144
2363,0.6,1.1428572,7.3846154,0.003279717,-0.16059794,-0.0005970575
2364,0.6,1.7142857,7.3846154,-0.0007435342,-0.15871832,0.0018211002
2365,0.6,2.2857144,7.3846154,0.0018684223,-0.1661512,0.004450174
2366,0.6,2.857143,7.3846154,-0.0034262133,-0.16001843,0.0071773715
2367,0.6,3.4285715,7.3846154,0.0011265192,-0.17770511,0.00932153
2368,0.6,4.0,7.3846154,-0.011618277,-0.15458398,0.012038809
2369,0.6,0.0,6.769231,0.006636485,-0.15471114,-0.003911829
2370,0.6,0.5714286,6.769231,0.0016540483,-0.1558158,-0.0022935276
2371,0.6,1.1428572,6.769231,0.003398319,-0.15903243,-0.00051216024
2372,0.6,1.7142857,6.769231,-0.0008947889,-0.15684901,0.001474354
2373,0.6,2.2857144,6.769231,0.002098639,-0.16487943,0.0034786311
2374,0.6,2.857143,6.769231,-0.0036090522,-0.15824322,0.005467484
2375,0.6,3.4285715,6.769231,0.001955321,-0.17711203,0.0073636314
2376,0.6,4.0,6.769231,-0.010440547,-0.15183665,0.008366325
2377,0.6,0.0,6.1538463,0.0066424594,-0.15356138,-0.0026947139
2378,0.6,0.5714286,6.1538463,0.001632609,-0.15469156,-0.0017422761
2379,0.6,1.1428572,6.1538463,0.0033672792,-0.15793121,-0.00036996393
2380,0.6,1.7142857,6.1538463,-0.00087105436,-0.15586914,0.0010523223
2381,0.6,2.2857144,6.1538463,0.0020326965,-0.16394556,0.0026095358
2382,0.6,2.857143,6.1538463,-0.0035323936,-0.15755361,0.0040244074
2383,0.6,3.4285715,6.1538463,0.0018083396,-0.17636469,0.005237619
2384,0.6,4.0,6.1538463,-0.011334968,-0.1519077,0.0057562133
2385,0.6,0.0,5.5384617,0.0065632304,-0.15279123,-0.0019455625
2386,0.6,0.5714286,5.5384617,0.0016312735,-0.15401039,-0.001223402
2387,0.6,1.1428572,5.5384617,0.0033431088,-0.15725929,-0.00032373244
2388,0.6,1.7142857,5.5384617,-0.00087239966,-0.15531933,0.00069186644
2389,0.6,2.2857144,5.5384617,0.0020707462,-0.16338125,0.0017205736
2390,0.6,2.857143,5.5384617,-0.0035450533,-0.15722786,0.0026978236
2391,0.6,3.4285715,5.5384617,0.001988516,-0.17600378,0.0035468757
2392,0.6,4.0,5.5384617,-0.01084763,-0.15181376,0.004035229
2393,0.6,0.0,4.923077,0.006565099,-0.15237212,-0.0011323956
2394,0.6,0.5714286,4.923077,0.001608217,-0.15363462,-0.00082400383
2395,0.6,1.1428572,4.923077,0.003323779,-0.15688224,-0.00028184077
2396,0.6,1.7142857,4.923077,-0.00086572627,-0.15502056,0.00028487633
2397,0.6,2.2857144,4.923077,0.0020466307,-0.16308258,0.0009156382
2398,0.6,2.857143,4.923077,-0.0035017147,-0.15706474,0.0014718377
2399,0.6,3.4285715,4.923077,0.0019669624,-0.17580613,0.0018712311
2400,0.6,4.0,4.923077,-0.011187717,-0.15183249,0.0019499147
2401,0.6,0.0,4.3076925,0.006534365,-0.15217212,-0.00061777513
2402,0.6,0.5714286,4.3076925,0.0015966272,-0.15346134,-0.00044989734
2403,0.6,1.1428572,4.3076925,0.0033078187,-0.15672119,-0.0002923729
2404,0.6,1.7142857,4.3076925,-0.00087670994,-0.15488619,-8.310685e-05
2405,0.6,2.2857144,4.3076925,0.00205081,-0.16295983,0.000102959304
2406,0.6,2.857143,4.3076925,-0.003515594,-0.15698734,0.00027918874
2407,0.6,3.4285715,4.3076925,0.0019983419,-0.17571482,0.00047584108
2408,0.6,4.0,4.3076925,-0.011065938,-0.1518103,0.0006663549
2409,0.6,0.0,3.6923077,0.0065207207,-0.15217258,3.844676e-05
2410,0.6,0.5714286,3.6923077,0.0015839621,-0.15346126,-0.00011713588
2411,0.6,1.1428572,3.6923077,0.003294771,-0.15672146,-0.00028464425
2412,0.6,1.7142857,3.6923077,-0.0008894701,-0.15488602,-0.00048620705
2413,0.6,2.2857144,3.6923077,0.002037826,-0.16296014,-0.0006780171
2414,0.6,2.857143,3.6923077,-0.0035284145,-0.15698726,-0.000849259
2415,0.6,3.4285715,3.6923077,0.0019853776,-0.17571522,-0.0010499788
2416,0.6,4.0,3.6923077,-0.011078529,-0.15181085,-0.0012366899
2417,0.6,0.0,3.0769231,0.0065268786,-0.15237214,0.0005622974
2418,0.6,0.5714286,3.0769231,0.001569414,-0.15363486,0.00025014472
2419,0.6,1.1428572,3.0769231,0.003285182,-0.15688232,-0.00029031024
2420,0.6,1.7142857,3.0769231,-0.0009043776,-0.15502071,-0.00085767615
2421,0.6,2.2857144,3.0769231,0.0020079429,-0.16308278,-0.0014881736
2422,0.6,2.857143,3.0769231,-0.0035403743,-0.1570653,-0.0020439213
2423,0.6,3.4285715,3.0769231,0.0019282654,-0.17580697,-0.0024434256
2424,0.6,4.0,3.0769231,-0.011225896,-0.15183476,-0.0025220704
2425,0.6,0.0,2.4615386,0.0064984513,-0.15279135,0.0013713026
2426,0.6,0.5714286,2.4615386,0.001566871,-0.15401034,0.0006510683
2427,0.6,1.1428572,2.4615386,0.0032788478,-0.1572594,-0.000249055
2428,0.6,1.7142857,2.4615386,-0.0009369829,-0.15531947,-0.0012646056
2429,0.6,2.2857144,2.4615386,0.0020065235,-0.1633816,-0.00229293
2430,0.6,2.857143,2.4615386,-0.0036098242,-0.15722859,-0.0032704633
2431,0.6,3.4285715,2.4615386,0.0019243698,-0.17600553,-0.004118522
2432,0.6,4.0,2.4615386,-0.010911334,-0.15182006,-0.0046078106
2433,0.6,0.0,1.8461539,0.0065527805,-0.1535615,0.002122363
2434,0.6,0.5714286,1.8461539,0.0015424209,-0.15469143,0.0011693657
2435,0.6,1.1428572,1.8461539,0.0032772569,-0.15793128,-0.00020297186
2436,0.6,1.7142857,1.8461539,-0.0009613122,-0.15586922,-0.0016247937
2437,0.6,2.2857144,1.8461539,0.0019425751,-0.16394591,-0.003182422
2438,0.6,2.857143,1.8461539,-0.0036227927,-0.15755454,-0.004596617
2439,0.6,3.4285715,1.8461539,0.0017181179,-0.17636639,-0.0058105025
2440,0.6,4.0,1.8461539,-0.0114240525,-0.15191609,-0.006328049
2441,0.6,0.0,1.2307693,0.006520508,-0.15471117,0.0033382254
2442,0.6,0.5714286,1.2307693,0.0015379613,-0.15581554,0.0017207471
2443,0.6,1.1428572,1.2307693,0.0032828436,-0.15903258,-6.0698083e-05
2444,0.6,1.7142857,1.2307693,-0.001011119,-0.15684874,-0.0020470517
2445,0.6,2.2857144,1.2307693,0.001983076,-0.16488005,-0.004051487
2446,0.6,2.857143,1.2307693,-0.003725688,-0.15824337,-0.0060399477
2447,0.6,3.4285715,1.2307693,0.0018398436,-0.1771145,-0.007936768
2448,0.6,4.0,1.2307693,-0.010556303,-0.15184121,-0.008938098
2449,0.6,0.0,0.61538464,0.0065061026,-0.1565681,0.0044988166
2450,0.6,0.5714286,0.61538464,0.0016281045,-0.15767191,0.0024632118
2451,0.6,1.1428572,0.61538464,0.0031384113,-0.16059789,2.4152827e-05
2452,0.6,1.7142857,0.61538464,-0.00088552554,-0.15871814,-0.00239387
2453,0.6,2.2857144,0.61538464,0.0017269601,-0.16615133,-0.005022962
2454,0.6,2.857143,0.61538464,-0.0035685373,-0.16001864,-0.007750241
2455,0.6,3.4285715,0.61538464,0.0009849289,-0.17770645,-0.009894508
2456,0.6,4.0,0.61538464,-0.011759873,-0.15458664,-0.012610787
2457,0.6,0.0,0.0,0.006318089,-0.15914074,0.006087675
2458,0.6,0.5714286,0.0,0.0017642786,-0.16033125,0.0029794232
2459,0.6,1.1428572,0.0,0.003151273,-0.16315626,0.00042174238
2460,0.6,1.7142857,0.0,-0.00049228093,-0.16160493,-0.0030197129
2461,0.6,2.2857144,0.0,0.0021023564,-0.16854629,-0.005786491
2462,0.6,2.857143,0.0,-0.0026886142,-0.16339722,-0.009390885
2463,0.6,3.4285715,0.0,0.0024132056,-0.17914794,-0.012914342
2464,0.6,4.0,0.0,-0.00867375,-0.15873198,-0.013924371
2465,1.2,0.0,8.0,0.008334379,-0.15504023,-0.0062804655
2466,1.2,0.5714286,8.0,0.00818335,-0.1566822,-0.003926566
2467,1.2,1.1428572,8.0,0.0016372579,-0.15594412,-0.0010606917
2468,1.2,1.7142857,8.0,0.004296304,-0.1600555,0.00146125
2469,1.2,2.2857144,8.0,-0.00201272,-0.15611437,0.0041768886
2470,1.2,2.857143,8.0,0.0016569188,-0.16470438,0.006770126
2471,1.2,3.4285715,8.0,-0.006330001,-0.15240337,0.007987201
2472,1.2,4.0,8.0,-0.008710694,-0.16625944,0.0093275225
2473,1.2,0.0,7.3846154,0.008068506,-0.15253925,-0.0051706554
2474,1.2,0.5714286,7.3846154,0.008336711,-0.15430814,-0.0030526654
2475,1.2,1.1428572,7.3846154,0.0012154811,-0.15338227,-0.00091128674
2476,1.2,1.7142857,7.3846154,0.0040228125,-0.15783244,0.0013088549
2477,1.2,2.2857144,7.3846154,-0.0029340186,-0.15338632,0.0035928895
2478,1.2,2.857143,7.3846154,0.00069608924,-0.16308956,0.0055965343
2479,1.2,3.4285715,7.3846154,-0.008108756,-0.14967762,0.007516522
2480,1.2,4.0,7.3846154,-0.009454624,-0.16633658,0.008960538
2481,1.2,0.0,6.769231,0.007863843,-0.15080129,-0.0038040979
2482,1.2,0.5714286,6.769231,0.008520026,-0.15267093,-0.0023858103
2483,1.2,1.1428572,6.769231,0.0009850054,-0.15157926,-0.0007136634
2484,1.2,1.7142857,6.769231,0.004259002,-0.15639772,0.0010826945
2485,1.2,2.2857144,6.769231,-0.003260331,-0.15151508,0.0028510992
2486,1.2,2.857143,6.769231,0.0011017765,-0.16198178,0.004575662
2487,1.2,3.4285715,6.769231,-0.008393206,-0.14717492,0.0059164963
2488,1.2,4.0,6.769231,-0.009762081,-0.16538091,0.007324422
2489,1.2,0.0,6.1538463,0.0077789845,-0.14957021,-0.0028677539
2490,1.2,0.5714286,6.1538463,0.008447392,-0.15154816,-0.001783824
2491,1.2,1.1428572,6.1538463,0.0010236207,-0.1504807,-0.00054960884
2492,1.2,1.7142857,6.1538463,0.0041794875,-0.15533179,0.0008008216
2493,1.2,2.2857144,6.1538463,-0.0031559018,-0.15056534,0.0021333972
2494,1.2,2.857143,6.1538463,0.0009651047,-0.16089486,0.0034083794
2495,1.2,3.4285715,6.1538463,-0.0081979465,-0.14652814,0.0045461445
2496,1.2,4.0,6.1538463,-0.00930736,-0.16404125,0.005355015
2497,1.2,0.0,5.5384617,0.0078088557,-0.14885014,-0.0019134844
2498,1.2,0.5714286,5.5384617,0.008387219,-0.15080348,-0.0012721937
2499,1.2,1.1428572,5.5384617,0.0010196165,-0.14983407,-0.0004478864
2500,1.2,1.7142857,5.5384617,0.004183082,-0.15464294,0.0005031304
2501,1.2,2.2857144,5.5384617,-0.0031561293,-0.15000485,0.0014269599
2502,1.2,2.857143,5.5384617,0.0010548574,-0.16030587,0.0023432171
2503,1.2,3.4285715,5.5384617,-0.008141204,-0.14601453,0.00297119
2504,1.2,4.0,5.5384617,-0.009798151,-0.16337192,0.0034700143
2505,1.2,0.0,4.923077,0.0077584134,-0.14839457,-0.0012576005
2506,1.2,0.5714286,4.923077,0.008345683,-0.15038672,-0.0008590713
2507,1.2,1.1428572,4.923077,0.0010227107,-0.14945461,-0.00036217726
2508,1.2,1.7142857,4.923077,0.004150784,-0.1542606,0.0001837544
2509,1.2,2.2857144,4.923077,-0.003104108,-0.14970262,0.0007357617
2510,1.2,2.857143,4.923077,0.0010222995,-0.1599475,0.0012350469
2511,1.2,3.4285715,4.923077,-0.0080526285,-0.14580768,0.0017055502
2512,1.2,4.0,4.923077,-0.009563662,-0.16290218,0.0020395569
2513,1.2,0.0,4.3076925,0.007759582,-0.14820012,-0.0005738535
2514,1.2,0.5714286,4.3076925,0.008317735,-0.15019377,-0.00047037052
2515,1.2,1.1428572,4.3076925,0.001008645,-0.14928551,-0.00032360194
2516,1.2,1.7142857,4.3076925,0.0041456195,-0.15409091,-0.0001348753
2517,1.2,2.2857144,4.3076925,-0.0031134125,-0.1495607,4.1367908e-05
2518,1.2,2.857143,4.3076925,0.001044727,-0.1598043,0.00023019106
2519,1.2,3.4285715,4.3076925,-0.008046647,-0.14567345,0.0002961674
2520,1.2,4.0,4.3076925,-0.009726704,-0.16273096,0.00033777286
2521,1.2,0.0,3.6923077,0.0077470285,-0.14819969,-1.7957074e-05
2522,1.2,0.5714286,3.6923077,0.008304665,-0.15019386,-0.00013353289
2523,1.2,1.1428572,3.6923077,0.0009958998,-0.14928535,-0.0002699716
2524,1.2,1.7142857,3.6923077,0.00413262,-0.15409113,-0.00046616362
2525,1.2,2.2857144,3.6923077,-0.0031261735,-0.1495607,-0.000636236
2526,1.2,2.857143,3.6923077,0.0010317363,-0.15980461,-0.00082973304
2527,1.2,3.4285715,3.6923077,-0.0080593685,-0.14567366,-0.00089146954
2528,1.2,4.0,3.6923077,-0.009739629,-0.16273108,-0.00093701354
2529,1.2,0.0,3.0769231,0.0077194492,-0.1483946,0.000656517
2530,1.2,0.5714286,3.0769231,0.0083069345,-0.15038662,0.00026194338
2531,1.2,1.1428572,3.0769231,0.0009841595,-0.14945467,-0.00023628512
2532,1.2,1.7142857,3.0769231,0.004112078,-0.15426084,-0.0007813511
2533,1.2,2.2857144,3.0769231,-0.0031426502,-0.14970295,-0.0013332574
2534,1.2,2.857143,3.0769231,0.0009835352,-0.15994813,-0.001832579
2535,1.2,3.4285715,3.0769231,-0.008090873,-0.14580873,-0.0023025402
2536,1.2,4.0,3.0769231,-0.009602479,-0.16290274,-0.0026372047
2537,1.2,0.0,2.4615386,0.007744831,-0.14885005,0.0013164653
2538,1.2,0.5714286,2.4615386,0.008322814,-0.1508037,0.00067354453
2539,1.2,1.1428572,2.4615386,0.00095529045,-0.14983419,-0.00015003585
2540,1.2,1.7142857,2.4615386,0.0041186293,-0.15464324,-0.00110087
2541,1.2,2.2857144,2.4615386,-0.003220384,-0.15000546,-0.0020247449
2542,1.2,2.857143,2.4615386,0.0009902125,-0.16030669,-0.0029404997
2543,1.2,3.4285715,2.4615386,-0.008204871,-0.14601675,-0.0035687124
2544,1.2,4.0,2.4615386,-0.0098628225,-0.16337156,-0.004067253
2545,1.2,0.0,1.8461539,0.007688711,-0.1495701,0.002268852
2546,1.2,0.5714286,1.8461539,0.00835717,-0.15154848,0.0011856196
2547,1.2,1.1428572,1.8461539,0.00093372044,-0.15048078,-4.815233e-05
2548,1.2,1.7142857,1.8461539,0.004089132,-0.15533224,-0.0013990265
2549,1.2,2.2857144,1.8461539,-0.0032457558,-0.15056594,-0.0027308282
2550,1.2,2.857143,1.8461539,0.000874451,-0.1608958,-0.0040063863
2551,1.2,3.4285715,1.8461539,-0.008287028,-0.14653093,-0.0051433565
2552,1.2,4.0,1.8461539,-0.009398281,-0.16404076,-0.0059525515
2553,1.2,0.0,1.2307693,0.0077480515,-0.15080108,0.0032062605
2554,1.2,0.5714286,1.2307693,0.008404501,-0.15267128,0.0017875676
2555,1.2,1.1428572,1.2307693,0.0008689162,-0.15157919,0.000115619776
2556,1.2,1.7142857,1.2307693,0.0041433796,-0.15639834,-0.0016806555
2557,1.2,2.2857144,1.2307693,-0.0033764902,-0.1515153,-0.0034489343
2558,1.2,2.857143,1.2307693,0.000985952,-0.1619832,-0.0051736026
2559,1.2,3.4285715,1.2307693,-0.008508888,-0.14717631,-0.0065142307
2560,1.2,4.0,1.2307693,-0.009877879,-0.1653816,-0.0079216845
2561,1.2,0.0,0.61538464,0.00792646,-0.1525391,0.004572119
2562,1.2,0.5714286,0.61538464,0.00819543,-0.15430851,0.0024543263
2563,1.2,1.1428572,0.61538464,0.0010737089,-0.15338218,0.0003134369
2564,1.2,1.7142857,0.61538464,0.0038813914,-0.15783295,-0.0019070676
2565,1.2,2.2857144,0.61538464,-0.0030759897,-0.15338656,-0.004190705
2566,1.2,2.857143,0.61538464,0.00055442605,-0.1630906,-0.00619475
2567,1.2,3.4285715,0.61538464,-0.008250492,-0.14967886,-0.008114127
2568,1.2,4.0,0.61538464,-0.009596544,-0.16633767,-0.009558397
2569,1.2,0.0,0.0,0.008167453,-0.1550399,0.0056823036
2570,1.2,0.5714286,0.0,0.008016124,-0.1566825,0.003328477
2571,1.2,1.1428572,0.0,0.0014699766,-0.15594414,0.0004624789
2572,1.2,1.7142857,0.0,0.004128786,-0.16005582,-0.0020592266
2573,1.2,2.2857144,0.0,-0.0021801149,-0.15611503,-0.0047750864
2574,1.2,2.857143,0.0,0.0014889361,-0.16470459,-0.0073682256
2575,1.2,3.4285715,0.0,-0.006497038,-0.15240596,-0.008585461
2576,1.2,4.0,0.0,-0.008878534,-0.1662578,-0.009924914
2577,1.8,0.0,8.0,0.017063262,-0.14835449,-0.006498629
2578,1.8,0.5714286,8.0,0.0065809963,-0.1483659,-0.0037638084
2579,1.8,1.1428572,8.0,0.007691232,-0.15083215,-0.0015799032
2580,1.8,1.7142857,8.0,0.00016091936,-0.1483511,0.0006994072
2581,1.8,2.2857144,8.0,0.0025540825,-0.15339614,0.0030260242
2582,1.8,2.857143,8.0,-0.0051348438,-0.14618506,0.004550168
2583,1.8,3.4285715,8.0,-0.0048546833,-0.1554531,0.006833318
2584,1.8,4.0,8.0,-0.016821131,-0.14345564,0.009163229
2585,1.8,0.0,7.3846154,0.01739678,-0.14614275,-0.004844092
2586,1.8,0.5714286,7.3846154,0.0063486565,-0.1461031,-0.003168702
2587,1.8,1.1428572,7.3846154,0.007679414,-0.14878,-0.0012334338
2588,1.8,1.7142857,7.3846154,-0.0005035618,-0.14601772,0.00073601014
2589,1.8,2.2857144,7.3846154,0.002055933,-0.15171587,0.0025104363
2590,1.8,2.857143,7.3846154,-0.006304603,-0.14387287,0.0043285224
2591,1.8,3.4285715,7.3846154,-0.0055483473,-0.15445668,0.00561975
2592,1.8,4.0,7.3846154,-0.018325493,-0.14053307,0.006820366
2593,1.8,0.0,6.769231,0.017437488,-0.1445443,-0.0039075213
2594,1.8,0.5714286,6.769231,0.006104253,-0.14441136,-0.0024563344
2595,1.8,1.1428572,6.769231,0.007917918,-0.14731692,-0.00093519606
2596,1.8,1.7142857,6.769231,-0.0008490076,-0.14428048,0.00058947987
2597,1.8,2.2857144,6.769231,0.0022492267,-0.15047593,0.002151177
2598,1.8,2.857143,6.769231,-0.0068023703,-0.14188544,0.0034975228
2599,1.8,3.4285715,6.769231,-0.005681275,-0.15368745,0.0048668026
2600,1.8,4.0,6.769231,-0.018667124,-0.13876653,0.006082008
2601,1.8,0.0,6.1538463,0.017384168,-0.14341551,-0.002774961
2602,1.8,0.5714286,6.1538463,0.0060959426,-0.14327179,-0.0018668327
2603,1.8,1.1428572,6.1538463,0.007836525,-0.14623612,-0.0007341087
2604,1.8,1.7142857,6.1538463,-0.0007747244,-0.14321934,0.00044621486
2605,1.8,2.2857144,6.1538463,0.0021391618,-0.14936845,0.0016205874
2606,1.8,2.857143,6.1538463,-0.006652144,-0.14097546,0.002712687
2607,1.8,3.4285715,6.1538463,-0.0056374,-0.15231742,0.0036184262
2608,1.8,4.0,6.1538463,-0.018706882,-0.13783346,0.0044486937
2609,1.8,0.0,5.5384617,0.017233694,-0.14261672,-0.0020143625
2610,1.8,0.5714286,5.5384617,0.0060870782,-0.14257902,-0.0013559515
2611,1.8,1.1428572,5.5384617,0.0077905636,-0.14548099,-0.0005615436
2612,1.8,1.7142857,5.5384617,-0.00076824275,-0.14257477,0.00025014204
2613,1.8,2.2857144,5.5384617,0.0021481432,-0.14864783,0.0010865327
2614,1.8,2.857143,5.5384617,-0.0066340235,-0.14032628,0.0018304136
2615,1.8,3.4285715,5.5384617,-0.005687195,-0.1516475,0.0025782879
2616,1.8,4.0,5.5384617,-0.01852604,-0.13725658,0.0031321717
2617,1.8,0.0,4.923077,0.017210372,-0.14216183,-0.0012369886
2618,1.8,0.5714286,4.923077,0.0060582412,-0.14214335,-0.0008963207
2619,1.8,1.1428572,4.923077,0.0077451635,-0.14505777,-0.00045218252
2620,1.8,1.7142857,4.923077,-0.0007420284,-0.14218052,3.6792517e-05
2621,1.8,2.2857144,4.923077,0.0021149649,-0.14822291,0.0005317261
2622,1.8,2.857143,4.923077,-0.0065518953,-0.1399972,0.0009895015
2623,1.8,3.4285715,4.923077,-0.0056575956,-0.15114711,0.0013248554
2624,1.8,4.0,4.923077,-0.01861689,-0.13691916,0.0016152151
2625,1.8,0.0,4.3076925,0.017158112,-0.14193979,-0.00063485303
2626,1.8,0.5714286,4.3076925,0.0060400697,-0.14195043,-0.00051331706
2627,1.8,1.1428572,4.3076925,0.0077229054,-0.1448549,-0.0003490009
2628,1.8,1.7142857,4.3076925,-0.0007514903,-0.14200328,-0.0001937268
2629,1.8,2.2857144,4.3076925,0.002117404,-0.14803453,-3.135614e-05
2630,1.8,2.857143,4.3076925,-0.006552667,-0.13982154,0.000108911896
2631,1.8,3.4285715,4.3076925,-0.0056673754,-0.15096734,0.00029469957
2632,1.8,4.0,4.3076925,-0.018554162,-0.13674615,0.0004145207
2633,1.8,0.0,3.6923077,0.017144863,-0.14193948,-1.0125231e-36
2634,1.8,0.5714286,3.6923077,0.006027276,-0.14194989,-0.00010414225
2635,1.8,1.1428572,3.6923077,0.00770997,-0.14485523,-0.0002784767
2636,1.8,1.7142857,3.6923077,-0.00076429266,-0.14200307,-0.00042585953
2637,1.8,2.2857144,3.6923077,0.0021044654,-0.14803486,-0.0005939503
2638,1.8,2.857143,3.6923077,-0.00656545,-0.13982148,-0.0007292484
2639,1.8,3.4285715,3.6923077,-0.005680272,-0.1509677,-0.00091912755
2640,1.8,4.0,3.6923077,-0.018567048,-0.13674611,-0.0010349993
2641,1.8,0.0,3.0769231,0.017171904,-0.14216195,0.00061623636
2642,1.8,0.5714286,3.0769231,0.0060197366,-0.14214298,0.00027048134
2643,1.8,1.1428572,3.0769231,0.0077064475,-0.14505786,-0.00016989849
2644,1.8,1.7142857,3.0769231,-0.00078053016,-0.1421807,-0.0006602221
2645,1.8,2.2857144,3.0769231,0.0020762447,-0.14822319,-0.0011542694
2646,1.8,2.857143,3.0769231,-0.006590343,-0.13999774,-0.0016120826
2647,1.8,3.4285715,3.0769231,-0.0056962557,-0.15114725,-0.0019474482
2648,1.8,4.0,3.0769231,-0.018655332,-0.13691989,-0.0022374752
2649,1.8,0.0,2.4615386,0.01716896,-0.14261705,0.001388741
2650,1.8,0.5714286,2.4615386,0.0060229064,-0.14257929,0.0007335046
2651,1.8,1.1428572,2.4615386,0.0077260374,-0.14548106,-6.23958e-05
2652,1.8,1.7142857,2.4615386,-0.0008323521,-0.14257513,-0.000872707
2653,1.8,2.2857144,2.4615386,0.0020834964,-0.14864822,-0.0017095997
2654,1.8,2.857143,2.4615386,-0.006697975,-0.14032714,-0.0024528836
2655,1.8,3.4285715,2.4615386,-0.005751741,-0.15164757,-0.0032009918
2656,1.8,4.0,2.4615386,-0.018590223,-0.13725807,-0.003754361
2657,1.8,0.0,1.8461539,0.017294003,-0.14341606,0.0021522373
2658,1.8,0.5714286,1.8461539,0.006006225,-0.14327165,0.0012430187
2659,1.8,1.1428572,1.8461539,0.00774614,-0.14623672,0.000111078116
2660,1.8,1.7142857,1.8461539,-0.00086446403,-0.14321956,-0.0010693979
2661,1.8,2.2857144,1.8461539,0.0020486503,-0.14936899,-0.0022434155
2662,1.8,2.857143,1.8461539,-0.006741734,-0.1409766,-0.0033355027
2663,1.8,3.4285715,1.8461539,-0.005727861,-0.15231715,-0.0042410064
2664,1.8,4.0,1.8461539,-0.018796531,-0.13783543,-0.005071069
2665,1.8,0.0,1.2307693,0.017321698,-0.14454484,0.003282979
2666,1.8,0.5714286,1.2307693,0.005988279,-0.14441144,0.0018334056
2667,1.8,1.1428572,1.2307693,0.0078023123,-0.14731741,0.00031156433
2668,1.8,1.7142857,1.2307693,-0.0009649945,-0.14428067,-0.0012121996
2669,1.8,2.2857144,1.2307693,0.0021334542,-0.15047681,-0.0027745746
2670,1.8,2.857143,1.2307693,-0.0069182795,-0.14188588,-0.004120031
2671,1.8,3.4285715,1.2307693,-0.005796993,-0.15368834,-0.0054897945
2672,1.8,4.0,1.2307693,-0.018783318,-0.13876739,-0.006704029
2673,1.8,0.0,0.61538464,0.01725564,-0.14614342,0.004220981
2674,1.8,0.5714286,0.61538464,0.0062070303,-0.14610288,0.0025451328
2675,1.8,1.1428572,0.61538464,0.0075380765,-0.1487808,0.00061030436
2676,1.8,1.7142857,0.61538464,-0.0006453636,-0.14601772,-0.0013593107
2677,1.8,2.2857144,0.61538464,0.0019144581,-0.15171671,-0.0031333733
2678,1.8,2.857143,0.61538464,-0.0064464975,-0.14387342,-0.004951652
2679,1.8,3.4285715,0.61538464,-0.005689844,-0.1544573,-0.006242424
2680,1.8,4.0,0.61538464,-0.018467428,-0.14053386,-0.007442925
2681,1.8,0.0,0.0,0.01689581,-0.14835508,0.005874405
2682,1.8,0.5714286,0.0,0.0064138784,-0.14836597,0.0031407315
2683,1.8,1.1428572,0.0,0.007523874,-0.15083262,0.0009563185
2684,1.8,1.7142857,0.0,-6.2841464e-06,-0.14835152,-0.0013222956
2685,1.8,2.2857144,0.0,0.0023864417,-0.15339655,-0.0036495526
2686,1.8,2.857143,0.0,-0.0053020376,-0.14618617,-0.005172881
2687,1.8,3.4285715,0.0,-0.005022383,-0.15545279,-0.007456478
2688,1.8,4.0,0.0,-0.016988698,-0.14345755,-0.009785155
2689,2.4,0.0,8.0,0.016558854,-0.1384065,-0.0054893564
2690,2.4,0.5714286,8.0,0.013693892,-0.14057234,-0.0039279326
2691,2.4,1.1428572,8.0,0.004383579,-0.13940877,-0.0018486977
2692,2.4,1.7142857,8.0,0.0051979367,-0.14240676,0.00023509789
2693,2.4,2.2857144,8.0,-0.0028042432,-0.13819765,0.0017674009
2694,2.4,2.857143,8.0,-0.002205816,-0.1440695,0.004004849
2695,2.4,3.4285715,8.0,-0.012151628,-0.13569473,0.0052941306
2696,2.4,4.0,8.0,-0.016302204,-0.14354806,0.0060095154
2697,2.4,0.0,7.3846154,0.016379092,-0.13643663,-0.004958314
2698,2.4,0.5714286,7.3846154,0.013986592,-0.13867494,-0.003097246
2699,2.4,1.1428572,7.3846154,0.0040170206,-0.13738923,-0.0014514024
2700,2.4,1.7142857,7.3846154,0.005061813,-0.14074792,0.00013470168
2701,2.4,2.2857144,7.3846154,-0.0035858378,-0.13616222,0.0018386687
2702,2.4,2.857143,7.3846154,-0.0026638927,-0.14278896,0.0031442477
2703,2.4,3.4285715,7.3846154,-0.013350423,-0.13353801,0.004707628
2704,2.4,4.0,7.3846154,-0.01694608,-0.14299211,0.0064262706
2705,2.4,0.0,6.769231,0.016082663,-0.13481641,-0.0036415586
2706,2.4,0.5714286,6.769231,0.014208708,-0.13726683,-0.0024884029
2707,2.4,1.1428572,6.769231,0.0037363193,-0.13581505,-0.001164744
2708,2.4,1.7142857,6.769231,0.005223634,-0.1394966,0.00021842291
2709,2.4,2.2857144,6.769231,-0.0040312633,-0.1344884,0.0014615086
2710,2.4,2.857143,6.769231,-0.0027095457,-0.14187244,0.002763981
2711,2.4,3.4285715,6.769231,-0.013839492,-0.13169406,0.0037687744
2712,2.4,4.0,6.769231,-0.017043538,-0.14197251,0.004674057
2713,2.4,0.0,6.1538463,0.01597985,-0.13370486,-0.0028672037
2714,2.4,0.5714286,6.1538463,0.014110591,-0.13622144,-0.0018886519
2715,2.4,1.1428572,6.1538463,0.003773584,-0.13474558,-0.00089333014
2716,2.4,1.7142857,6.1538463,0.0051351497,-0.13845316,0.00013569916
2717,2.4,2.2857144,6.1538463,-0.003976829,-0.13352092,0.0011499143
2718,2.4,2.857143,6.1538463,-0.0027857793,-0.14071433,0.0020761238
2719,2.4,3.4285715,6.1538463,-0.013865981,-0.13091616,0.0030274775
2720,2.4,4.0,6.1538463,-0.017043667,-0.14093834,0.0039124554
2721,2.4,0.0,5.5384617,0.015963871,-0.13298777,-0.0019634035
2722,2.4,0.5714286,5.5384617,0.014013532,-0.13544844,-0.0013769972
2723,2.4,1.1428572,5.5384617,0.003766384,-0.1340852,-0.00069607527
2724,2.4,1.7142857,5.5384617,0.0050976886,-0.13770363,3.958184e-05
2725,2.4,2.2857144,5.5384617,-0.003964029,-0.13286379,0.00074793457
2726,2.4,2.857143,5.5384617,-0.002803724,-0.14000447,0.0014383104
2727,2.4,3.4285715,5.5384617,-0.013767598,-0.13020568,0.0019860098
2728,2.4,4.0,5.5384617,-0.017078133,-0.14013603,0.0025015867
2729,2.4,0.0,4.923077,0.01589411,-0.13252358,-0.0013029935
2730,2.4,0.5714286,4.923077,0.013946463,-0.13500933,-0.00093491573
2731,2.4,1.1428572,4.923077,0.0037625395,-0.13365233,-0.00052772305
2732,2.4,1.7142857,4.923077,0.0050543947,-0.1372655,-9.027052e-05
2733,2.4,2.2857144,4.923077,-0.003927143,-0.13246903,0.00032430099
2734,2.4,2.857143,4.923077,-0.0028167618,-0.1395226,0.0007294821
2735,2.4,3.4285715,4.923077,-0.01375687,-0.12988082,0.0011457175
2736,2.4,4.0,4.923077,-0.01705596,-0.13967821,0.0014838964
2737,2.4,0.0,4.3076925,0.015877062,-0.13231148,-0.00062334095
2738,2.4,0.5714286,4.3076925,0.013906275,-0.13478892,-0.0005164464
2739,2.4,1.1428572,4.3076925,0.0037440532,-0.13345905,-0.00038913498
2740,2.4,1.7142857,4.3076925,0.005039579,-0.13705507,-0.00024995906
2741,2.4,2.2857144,4.3076925,-0.0039314716,-0.1322773,-9.85457e-05
2742,2.4,2.857143,4.3076925,-0.0028159292,-0.13932489,3.3295943e-05
2743,2.4,3.4285715,4.3076925,-0.013730038,-0.12967396,0.00010222154
2744,2.4,4.0,4.3076925,-0.017073123,-0.1394549,0.0001851036
2745,2.4,0.0,3.6923077,0.015864648,-0.1323111,-2.0504656e-05
2746,2.4,0.5714286,3.6923077,0.013893406,-0.13478899,-0.0001369575
2747,2.4,1.1428572,3.6923077,0.003731187,-0.13345891,-0.00025569487
2748,2.4,1.7142857,3.6923077,0.0050267167,-0.13705522,-0.0004009021
2749,2.4,2.2857144,3.6923077,-0.0039443285,-0.1322773,-0.00054704654
2750,2.4,2.857143,3.6923077,-0.0028287987,-0.13932502,-0.00068296987
2751,2.4,3.4285715,3.6923077,-0.013742898,-0.12967402,-0.00074799964
2752,2.4,4.0,3.6923077,-0.017085947,-0.13945498,-0.0008341581
2753,2.4,0.0,3.0769231,0.015855476,-0.13252358,0.00065192365
2754,2.4,0.5714286,3.0769231,0.013907804,-0.13500932,0.00028685387
2755,2.4,1.1428572,3.0769231,0.0037240528,-0.13365231,-0.0001209803
2756,2.4,1.7142857,3.0769231,0.005015707,-0.13726571,-0.00055780524
2757,2.4,2.2857144,3.0769231,-0.0039656432,-0.13246919,-0.00097207294
2758,2.4,2.857143,3.0769231,-0.0028554231,-0.13952284,-0.0013774601
2759,2.4,3.4285715,3.0769231,-0.013795328,-0.12988116,-0.0017929885
2760,2.4,4.0,3.0769231,-0.017094761,-0.13967851,-0.0021315091
2761,2.4,0.0,2.4615386,0.015899947,-0.13298775,0.0013154665
2762,2.4,0.5714286,2.4615386,0.013949026,-0.13544872,0.00072789105
2763,2.4,1.1428572,2.4615386,0.0037023192,-0.13408527,4.772105e-05
2764,2.4,1.7142857,2.4615386,0.005033099,-0.13770387,-0.0006877067
2765,2.4,2.2857144,2.4615386,-0.004028073,-0.13286424,-0.0013959619
2766,2.4,2.857143,2.4615386,-0.0028683243,-0.14000456,-0.0020860306
2767,2.4,3.4285715,2.4615386,-0.013831606,-0.13020661,-0.0026336769
2768,2.4,4.0,2.4615386,-0.017142756,-0.14013577,-0.0031488445
2769,2.4,0.0,1.8461539,0.015890064,-0.13370492,0.0022178455
2770,2.4,0.5714286,1.8461539,0.014020198,-0.13622195,0.0012399206
2771,2.4,1.1428572,1.8461539,0.003683872,-0.1347457,0.00024515833
2772,2.4,1.7142857,1.8461539,0.005044776,-0.13845359,-0.0007841822
2773,2.4,2.2857144,1.8461539,-0.004066591,-0.13352136,-0.0017976618
2774,2.4,2.857143,1.8461539,-0.002876153,-0.14071451,-0.0027242266
2775,2.4,3.4285715,1.8461539,-0.013955684,-0.13091727,-0.0036748527
2776,2.4,4.0,1.8461539,-0.017134234,-0.14093825,-0.0045600045
2777,2.4,0.0,1.2307693,0.015966892,-0.13481624,0.002993137
2778,2.4,0.5714286,1.2307693,0.01409318,-0.13726754,0.0018397114
2779,2.4,1.1428572,1.2307693,0.0036203878,-0.135815,0.0005163248
2780,2.4,1.7142857,1.2307693,0.005107968,-0.13949735,-0.00086664705
2781,2.4,2.2857144,1.2307693,-0.0041472227,-0.13448852,-0.0021095907
2782,2.4,2.857143,1.2307693,-0.0028252818,-0.14187318,-0.0034118856
2783,2.4,3.4285715,1.2307693,-0.013955465,-0.1316945,-0.0044164774
2784,2.4,4.0,1.2307693,-0.017159363,-0.14197303,-0.005321456
2785,2.4,0.0,0.61538464,0.016237402,-0.13643652,0.0043092445
2786,2.4,0.5714286,0.61538464,0.01384527,-0.13867578,0.0024484568
2787,2.4,1.1428572,0.61538464,0.0038753212,-0.13738915,0.0008032374
2788,2.4,1.7142857,0.61538464,0.0049204947,-0.14074871,-0.0007832181
2789,2.4,2.2857144,0.61538464,-0.0037277217,-0.13616237,-0.002486556
2790,2.4,2.857143,0.61538464,-0.002805261,-0.14278968,-0.0037924503
2791,2.4,3.4285715,0.61538464,-0.013492357,-0.13353845,-0.0053551025
2792,2.4,4.0,0.61538464,-0.017087692,-0.14299284,-0.0070737135
2793,2.4,0.0,0.0,0.016391879,-0.13840637,0.0048408327
2794,2.4,0.5714286,0.0,0.013526754,-0.14057314,0.0032793267
2795,2.4,1.1428572,0.0,0.0042163893,-0.13940877,0.0012002189
2796,2.4,1.7142857,0.0,0.005030595,-0.14240742,-0.0008833447
2797,2.4,2.2857144,0.0,-0.0029715179,-0.13819812,-0.0024156228
2798,2.4,2.857143,0.0,-0.0023733093,-0.14406969,-0.0046528154
2799,2.4,3.4285715,0.0,-0.012319038,-0.13569584,-0.005941932
2800,2.4,4.0,0.0,-0.016469734,-0.14354786,-0.0066571413
2801,3.0,0.0,8.0,0.02425372,-0.1293434,-0.0058256187
2802,3.0,0.5714286,8.0,0.011666334,-0.12883647,-0.0035829223
2803,3.0,1.1428572,8.0,0.0098300455,-0.13078749,-0.0018739282
2804,3.0,1.7142857,8.0,0.0011215947,-0.12861425,-0.00041384288
2805,3.0,2.2857144,8.0,0.0007886705,-0.13216455,0.0016185816
2806,3.0,2.857143,8.0,-0.008016224,-0.12682705,0.0026938468
2807,3.0,3.4285715,8.0,-0.010729345,-0.13258463,0.0044449684
2808,3.0,4.0,8.0,-0.023449192,-0.12531798,0.0066799703
2809,3.0,0.0,7.3846154,0.024648253,-0.12758888,-0.0042673307
2810,3.0,0.5714286,7.3846154,0.011605189,-0.1271001,-0.0030696772
2811,3.0,1.1428572,7.3846154,0.009969183,-0.12921308,-0.0016153408
2812,3.0,1.7142857,7.3846154,0.0006954068,-0.12683892,-9.702976e-05
2813,3.0,2.2857144,7.3846154,0.0005845371,-0.13083987,0.0011199946
2814,3.0,2.857143,7.3846154,-0.008840201,-0.12501073,0.0026404914
2815,3.0,3.4285715,7.3846154,-0.011191241,-0.13160512,0.0037099973
2816,3.0,4.0,7.3846154,-0.024333548,-0.123242974,0.0044752616
2817,3.0,0.0,6.769231,0.024731893,-0.12635782,-0.0036580004
2818,3.0,0.5714286,6.769231,0.011392318,-0.12567025,-0.0024157097
2819,3.0,1.1428572,6.769231,0.010180419,-0.12800677,-0.0012388736
2820,3.0,1.7142857,6.769231,0.00036067405,-0.12539627,-0.00013481747
2821,3.0,2.2857144,6.769231,0.00061413023,-0.12984776,0.0010742078
2822,3.0,2.857143,6.769231,-0.009302545,-0.12344001,0.0020342078
2823,3.0,3.4285715,6.769231,-0.011362713,-0.13081563,0.0031727068
2824,3.0,4.0,6.769231,-0.024818107,-0.12187652,0.0043679737
2825,3.0,0.0,6.1538463,0.02460431,-0.12533823,-0.002641083
2826,3.0,0.5714286,6.1538463,0.011369862,-0.12464426,-0.0018730669
2827,3.0,1.1428572,6.1538463,0.010101784,-0.12705365,-0.0009926326
2828,3.0,1.7142857,6.1538463,0.00037924774,-0.12443948,-8.2006896e-05
2829,3.0,2.2857144,6.1538463,0.0005200966,-0.12885673,0.00076541945
2830,3.0,2.857143,6.1538463,-0.009345643,-0.12262117,0.001645977
2831,3.0,3.4285715,6.1538463,-0.011419711,-0.12973616,0.0023364332
2832,3.0,4.0,6.1538463,-0.024775414,-0.12097734,0.002962003
2833,3.0,0.0,5.5384617,0.02442974,-0.12459323,-0.001966662
2834,3.0,0.5714286,5.5384617,0.011338276,-0.12400548,-0.0013849634
2835,3.0,1.1428572,5.5384617,0.010029021,-0.12631948,-0.0007552121
2836,3.0,1.7142857,5.5384617,0.00038074199,-0.12381725,-0.00013638452
2837,3.0,2.2857144,5.5384617,0.00047384552,-0.12815388,0.0004968845
2838,3.0,2.857143,5.5384617,-0.00930061,-0.12197671,0.0010649636
2839,3.0,3.4285715,5.5384617,-0.011474472,-0.12908559,0.001693001
2840,3.0,4.0,5.5384617,-0.024709014,-0.120427325,0.0022535776
2841,3.0,0.0,4.923077,0.024347136,-0.12414242,-0.0012514341
2842,3.0,0.5714286,4.923077,0.011296584,-0.12356232,-0.0009337673
2843,3.0,1.1428572,4.923077,0.00996833,-0.12589729,-0.0005761851
2844,3.0,1.7142857,4.923077,0.00038430147,-0.12340461,-0.00020329718
2845,3.0,2.2857144,4.923077,0.0004426527,-0.12771146,0.00017367367
2846,3.0,2.857143,4.923077,-0.009284488,-0.1216115,0.0005328825
2847,3.0,3.4285715,4.923077,-0.011462507,-0.12859197,0.0008028729
2848,3.0,4.0,4.923077,-0.024659045,-0.120030925,0.0010653447
2849,3.0,0.0,4.3076925,0.024285158,-0.12391946,-0.00064536085
2850,3.0,0.5714286,4.3076925,0.0112668695,-0.12336685,-0.00054086046
2851,3.0,1.1428572,4.3076925,0.009937469,-0.12568171,-0.00041281947
2852,3.0,1.7142857,4.3076925,0.00037143007,-0.12321331,-0.00028614045
2853,3.0,2.2857144,4.3076925,0.00043016538,-0.12750436,-0.0001699253
2854,3.0,2.857143,4.3076925,-0.009276143,-0.121412866,-5.3240437e-05
2855,3.0,3.4285715,4.3076925,-0.011474508,-0.12840171,0.00011157918
2856,3.0,4.0,4.3076925,-0.024646202,-0.1198549,0.00023082607
2857,3.0,0.0,3.6923077,0.024272015,-0.12391977,-3.244099e-05
2858,3.0,0.5714286,3.6923077,0.011254065,-0.12336685,-0.00012981732
2859,3.0,1.1428572,3.6923077,0.0099246055,-0.12568176,-0.00026345646
2860,3.0,1.7142857,3.6923077,0.0003585656,-0.12321332,-0.00038481652
2861,3.0,2.2857144,3.6923077,0.0004173099,-0.12750444,-0.00050505984
2862,3.0,2.857143,3.6923077,-0.009289008,-0.121412896,-0.00061786413
2863,3.0,3.4285715,3.6923077,-0.011487349,-0.12840182,-0.0007857516
2864,3.0,4.0,3.6923077,-0.02465914,-0.119854964,-0.00090161635
2865,3.0,0.0,3.0769231,0.024308708,-0.12414255,0.00057817687
2866,3.0,0.5714286,3.0769231,0.011258154,-0.1235623,0.0002596095
2867,3.0,1.1428572,3.0769231,0.0099296775,-0.12589748,-9.736585e-05
2868,3.0,1.7142857,3.0769231,0.00034578505,-0.12340462,-0.00046982997
2869,3.0,2.2857144,3.0769231,0.00040400517,-0.12771167,-0.00084695296
2870,3.0,2.857143,3.0769231,-0.009323012,-0.12161166,-0.0012054411
2871,3.0,3.4285715,3.0769231,-0.011501169,-0.12859212,-0.0014757861
2872,3.0,4.0,3.0769231,-0.024697604,-0.12003105,-0.0017373764
2873,3.0,0.0,2.4615386,0.024365146,-0.124593526,0.0012917933
2874,3.0,0.5714286,2.4615386,0.011274179,-0.12400548,0.00071124925
2875,3.0,1.1428572,2.4615386,0.0099645145,-0.12631977,8.170413e-05
2876,3.0,1.7142857,2.4615386,0.0003166645,-0.123817414,-0.00053701026
2877,3.0,2.2857144,2.4615386,0.000409273,-0.12815402,-0.0011698721
2878,3.0,2.857143,2.4615386,-0.00936466,-0.12197721,-0.0017379108
2879,3.0,3.4285715,2.4615386,-0.011539043,-0.12908553,-0.0023655419
2880,3.0,4.0,2.4615386,-0.024773248,-0.120428026,-0.0029259599
2881,3.0,0.0,1.8461539,0.024514172,-0.12533873,0.0019672418
2882,3.0,0.5714286,1.8461539,0.011280172,-0.12464421,0.0011993911
2883,3.0,1.1428572,1.8461539,0.010011503,-0.12705411,0.0003188148
2884,3.0,1.7142857,1.8461539,0.00028943917,-0.12443963,-0.00059104915
2885,3.0,2.2857144,1.8461539,0.00042980156,-0.12885703,-0.0014387827
2886,3.0,2.857143,1.8461539,-0.009435476,-0.12262173,-0.002318659
2887,3.0,3.4285715,1.8461539,-0.011510039,-0.12973611,-0.0030092963
2888,3.0,4.0,1.8461539,-0.02486538,-0.120978035,-0.00363416
2889,3.0,0.0,1.2307693,0.02461631,-0.1263586,0.0029834257
2890,3.0,0.5714286,1.2307693,0.011276369,-0.12567008,0.0017419686
2891,3.0,1.1428572,1.2307693,0.010064857,-0.12800756,0.0005653395
2892,3.0,1.7142857,1.2307693,0.00024471618,-0.12539615,-0.0005385431
2893,3.0,2.2857144,1.2307693,0.00049846293,-0.1298485,-0.0017473553
2894,3.0,2.857143,1.2307693,-0.0094185285,-0.123440124,-0.002707144
2895,3.0,3.4285715,1.2307693,-0.011478435,-0.13081624,-0.0038453857
2896,3.0,4.0,1.2307693,-0.02493432,-0.12187676,-0.0050401823
2897,3.0,0.0,0.61538464,0.024507172,-0.12758978,0.0035934313
2898,3.0,0.5714286,0.61538464,0.011463564,-0.1270998,0.0023960255
2899,3.0,1.1428572,0.61538464,0.00982797,-0.12921397,0.0009415807
2900,3.0,1.7142857,0.61538464,0.0005535732,-0.1268388,-0.0005761211
2901,3.0,2.2857144,0.61538464,0.00044327872,-0.13084063,-0.001793373
2902,3.0,2.857143,0.61538464,-0.008982153,-0.12501088,-0.0033132767
2903,3.0,3.4285715,0.61538464,-0.011332598,-0.1316057,-0.0043828697
2904,3.0,4.0,0.61538464,-0.024475642,-0.123243146,-0.005147612
2905,3.0,0.0,0.0,0.024086665,-0.12934431,0.005151049
2906,3.0,0.5714286,0.0,0.011499046,-0.12883623,0.0029092468
2907,3.0,1.1428572,0.0,0.009662966,-0.1307884,0.0012003629
2908,3.0,1.7142857,0.0,0.00095424155,-0.12861422,-0.0002595352
2909,3.0,2.2857144,0.0,0.00062143896,-0.13216512,-0.0022917816
2910,3.0,2.857143,0.0,-0.00818369,-0.12682754,-0.0033668533
2911,3.0,3.4285715,0.0,-0.010896661,-0.13258483,-0.0051177638
2912,3.0,4.0,0.0,-0.023617003,-0.12531863,-0.0073520397
2913,3.6,0.0,8.0,0.023484074,-0.11655695,-0.004507601
2914,3.6,0.5714286,8.0,0.017358674,-0.11832226,-0.0034590175
2915,3.6,1.1428572,8.0,0.007118769,-0.11758842,-0.001982176
2916,3.6,1.7142857,8.0,0.00493159,-0.1195617,-0.00025477252
2917,3.6,2.2857144,8.0,-0.0034966932,-0.11655118,0.0007515244
2918,3.6,2.857143,8.0,-0.006021807,-0.12034235,0.0025388391
2919,3.6,3.4285715,8.0,-0.016339572,-0.114959605,0.0036572404
2920,3.6,4.0,8.0,-0.02323026,-0.11950701,0.0041544265
2921,3.6,0.0,7.3846154,0.023537045,-0.11509957,-0.0042994195
2922,3.6,0.5714286,7.3846154,0.01774567,-0.116851054,-0.00278415
2923,3.6,1.1428572,7.3846154,0.007002447,-0.116073586,-0.0015419547
2924,3.6,1.7142857,7.3846154,0.004983538,-0.11828212,-0.00041352725
2925,3.6,2.2857144,7.3846154,-0.0039883438,-0.115002096,0.000943617
2926,3.6,2.857143,7.3846154,-0.0062682256,-0.11929445,0.0018886154
2927,3.6,3.4285715,7.3846154,-0.017139442,-0.11335212,0.0031266522
2928,3.6,4.0,7.3846154,-0.023740793,-0.118756436,0.004645532
2929,3.6,0.0,6.769231,0.02328132,-0.1137429,-0.0031541116
2930,3.6,0.5714286,6.769231,0.017973114,-0.11575577,-0.0022839997
2931,3.6,1.1428572,6.769231,0.0068080123,-0.11482132,-0.001283864
2932,3.6,1.7142857,6.769231,0.0050907694,-0.1173029,-0.00023183979
2933,3.6,2.2857144,6.769231,-0.004328073,-0.11368541,0.0006570956
2934,3.6,2.857143,6.769231,-0.0063791755,-0.118514396,0.0016994979
2935,3.6,3.4285715,6.769231,-0.017577255,-0.11199448,0.0024748403
2936,3.6,4.0,6.769231,-0.023738878,-0.117899105,0.0030826053
2937,3.6,0.0,6.1538463,0.023164678,-0.11283854,-0.002569139
2938,3.6,0.5714286,6.1538463,0.01787786,-0.114896074,-0.0017635676
2939,3.6,1.1428572,6.1538463,0.0068057617,-0.113914706,-0.0009948647
2940,3.6,1.7142857,6.1538463,0.0050206794,-0.11644387,-0.0002393242
2941,3.6,2.2857144,6.1538463,-0.0043812734,-0.11287892,0.00054374244
2942,3.6,2.857143,6.1538463,-0.0064634024,-0.117597744,0.0012113076
2943,3.6,3.4285715,6.1538463,-0.01765764,-0.11128076,0.0019882114
2944,3.6,4.0,6.1538463,-0.023819864,-0.11709421,0.0027910082
2945,3.6,0.0,5.5384617,0.023074208,-0.11221845,-0.0018065498
2946,3.6,0.5714286,5.5384617,0.0177663,-0.11420053,-0.0013145815
2947,3.6,1.1428572,5.5384617,0.0067854114,-0.11334615,-0.00078075065
2948,3.6,1.7142857,5.5384617,0.0049500014,-0.11578233,-0.000230963
2949,3.6,2.2857144,5.5384617,-0.00436536,-0.11230608,0.00029658532
2950,3.6,2.857143,5.5384617,-0.0065353275,-0.11697848,0.0008344589
2951,3.6,3.4285715,5.5384617,-0.017605405,-0.11068833,0.0012521686
2952,3.6,4.0,5.5384617,-0.02377629,-0.116416335,0.0016340225
2953,3.6,0.0,4.923077,0.02298728,-0.11180729,-0.0012195698
2954,3.6,0.5714286,4.923077,0.017679458,-0.11380764,-0.00091270386
2955,3.6,1.1428572,4.923077,0.006760663,-0.11294233,-0.0005956687
2956,3.6,1.7142857,4.923077,0.0049039447,-0.115382366,-0.00026303378
2957,3.6,2.2857144,4.923077,-0.004368524,-0.1119382,4.903327e-05
2958,3.6,2.857143,4.923077,-0.0065450487,-0.11654872,0.0003507824
2959,3.6,3.4285715,4.923077,-0.017592728,-0.11036442,0.0006989423
2960,3.6,4.0,4.923077,-0.023778424,-0.11602733,0.0010229064
2961,3.6,0.0,4.3076925,0.022940261,-0.11161007,-0.0006292484
2962,3.6,0.5714286,4.3076925,0.017633243,-0.1135962,-0.00052917673
2963,3.6,1.1428572,4.3076925,0.006735261,-0.11276118,-0.0004249079
2964,3.6,1.7142857,4.3076925,0.004878076,-0.11518206,-0.00032590062
2965,3.6,2.2857144,4.3076925,-0.0043731546,-0.111754805,-0.00020796536
2966,3.6,2.857143,4.3076925,-0.0065619955,-0.116359256,-0.000105658226
2967,3.6,3.4285715,4.3076925,-0.017580116,-0.11017125,-6.187877e-05
2968,3.6,4.0,4.3076925,-0.023761317,-0.11582027,-1.1864665e-05
2969,3.6,0.0,3.6923077,0.022927659,-0.111609876,-6.75639e-05
2970,3.6,0.5714286,3.6923077,0.01762039,-0.113596246,-0.00017210183
2971,3.6,1.1428572,3.6923077,0.006722408,-0.11276121,-0.00027168548
2972,3.6,1.7142857,3.6923077,0.0048652245,-0.1151821,-0.00037433242
2973,3.6,2.2857144,3.6923077,-0.004386029,-0.11175483,-0.0004885547
2974,3.6,2.857143,3.6923077,-0.006574841,-0.11635932,-0.0005937108
2975,3.6,3.4285715,3.6923077,-0.017593017,-0.11017125,-0.00063438254
2976,3.6,4.0,3.6923077,-0.02377416,-0.11582031,-0.0006867581
2977,3.6,0.0,3.0769231,0.022948645,-0.11180728,0.0005198067
2978,3.6,0.5714286,3.0769231,0.017640831,-0.113807894,0.00021377443
2979,3.6,1.1428572,3.0769231,0.006722153,-0.11294228,-0.00010286943
2980,3.6,1.7142857,3.0769231,0.0048653223,-0.11538259,-0.00043558973
2981,3.6,2.2857144,3.0769231,-0.004407079,-0.11193824,-0.0007469263
2982,3.6,2.857143,3.0769231,-0.0065836646,-0.11654888,-0.0010489828
2983,3.6,3.4285715,3.0769231,-0.017631305,-0.11036454,-0.0013962738
2984,3.6,4.0,3.0769231,-0.02381712,-0.11602752,-0.00172047
2985,3.6,0.0,2.4615386,0.023010282,-0.11221842,0.0011076694
2986,3.6,0.5714286,2.4615386,0.017701903,-0.11420086,0.00061556365
2987,3.6,1.1428572,2.4615386,0.006721292,-0.11334615,8.199953e-05
2988,3.6,1.7142857,2.4615386,0.00488551,-0.115782574,-0.00046735955
2989,3.6,2.2857144,2.4615386,-0.004429485,-0.1123063,-0.0009948473
2990,3.6,2.857143,2.4615386,-0.0065998496,-0.11697854,-0.0015323153
2991,3.6,3.4285715,2.4615386,-0.017669588,-0.11068874,-0.0019498875
2992,3.6,4.0,2.4615386,-0.02384087,-0.116416276,-0.0023312566
2993,3.6,0.0,1.8461539,0.023074836,-0.112838425,0.0018695836
2994,3.6,0.5714286,1.8461539,0.017787645,-0.11489664,0.0010644444
2995,3.6,1.1428572,1.8461539,0.0067159277,-0.11391464,0.00029641067
2996,3.6,1.7142857,1.8461539,0.0049304846,-0.11644428,-0.00045932957
2997,3.6,2.2857144,1.8461539,-0.0044711907,-0.11287912,-0.0012417409
2998,3.6,2.857143,1.8461539,-0.006553613,-0.11759789,-0.0019094357
2999,3.6,3.4285715,1.8461539,-0.017747631,-0.111281246,-0.002685703
3000,3.6,4.0,1.8461539,-0.023910204,-0.11709429,-0.003488399
3001,3.6,0.0,1.2307693,0.023165563,-0.11374255,0.0024551684
3002,3.6,0.5714286,1.2307693,0.017857675,-0.115756616,0.0015849854
3003,3.6,1.1428572,1.2307693,0.006692045,-0.11482101,0.00058516354
3004,3.6,1.7142857,1.2307693,0.004975206,-0.117303684,-0.00046659136
3005,3.6,2.2857144,1.2307693,-0.0044440934,-0.11368528,-0.0013553116
3006,3.6,2.857143,1.2307693,-0.0064948127,-0.118515015,-0.0023974844
3007,3.6,3.4285715,1.2307693,-0.01769338,-0.111994505,-0.0031724954
3008,3.6,4.0,1.2307693,-0.023854643,-0.11789964,-0.003780029
3009,3.6,0.0,0.61538464,0.023395339,-0.11509912,0.0035998372
3010,3.6,0.5714286,0.61538464,0.017604515,-0.11685211,0.0020850883
3011,3.6,1.1428572,0.61538464,0.00686065,-0.11607319,0.00084344944
3012,3.6,1.7142857,0.61538464,0.0048423926,-0.118282996,-0.0002850995
3013,3.6,2.2857144,0.61538464,-0.004130295,-0.11500196,-0.0016416879
3014,3.6,2.857143,0.61538464,-0.0064094365,-0.119295105,-0.0025867615
3015,3.6,3.4285715,0.61538464,-0.017281517,-0.113352194,-0.0038242398
3016,3.6,4.0,0.61538464,-0.023882207,-0.118757054,-0.005342765
3017,3.6,0.0,0.0,0.023316873,-0.116556466,0.003808801
3018,3.6,0.5714286,0.0,0.017191857,-0.11832339,0.0027599467
3019,3.6,1.1428572,0.0,0.0069513116,-0.117587976,0.0012835339
3020,3.6,1.7142857,0.0,0.004764624,-0.119562596,-0.00044369567
3021,3.6,2.2857144,0.0,-0.0036642689,-0.11655116,-0.0014497683
3022,3.6,2.857143,0.0,-0.006188879,-0.12034281,-0.003236887
3023,3.6,3.4285715,0.0,-0.01650734,-0.11495992,-0.0043548965
3024,3.6,4.0,0.0,-0.02339744,-0.11950737,-0.004852072
3025,4.2,0.0,8.0,0.029096909,-0.10513216,-0.0046589277
3026,4.2,0.5714286,8.0,0.015992492,-0.105225824,-0.0029483754
3027,4.2,1.1428572,8.0,0.010940265,-0.10616222,-0.0016127485
3028,4.2,1.7142857,8.0,0.002077142,-0.10502626,-0.0006557151
3029,4.2,2.2857144,8.0,-0.001288751,-0.107156835,0.0009393786
3030,4.2,2.857143,8.0,-0.010129915,-0.103700735,0.0017344232
3031,4.2,3.4285715,8.0,-0.015689496,-0.107228555,0.0030070113
3032,4.2,4.0,8.0,-0.028462762,-0.10281977,0.004806589
3033,4.2,0.0,7.3846154,0.029552342,-0.10374819,-0.0033778152
3034,4.2,0.5714286,7.3846154,0.016180975,-0.10397343,-0.002533221
3035,4.2,1.1428572,7.3846154,0.011206099,-0.104969226,-0.0014768377
3036,4.2,1.7142857,7.3846154,0.0019169801,-0.103725284,-0.00032267702
3037,4.2,2.2857144,7.3846154,-0.0013319373,-0.106148146,0.0005275478
3038,4.2,2.857143,7.3846154,-0.010647139,-0.1023729,0.0016934265
3039,4.2,3.4285715,7.3846154,-0.01605863,-0.1063977,0.0025103008
3040,4.2,4.0,7.3846154,-0.029049076,-0.101414986,0.0030061807
3041,4.2,0.0,6.769231,0.029671313,-0.102866374,-0.0029864407
3042,4.2,0.5714286,6.769231,0.01606682,-0.10287566,-0.002021116
3043,4.2,1.1428572,6.769231,0.011406752,-0.104053386,-0.0011473049
3044,4.2,1.7142857,6.769231,0.001715347,-0.10263207,-0.00035376629
3045,4.2,2.2857144,6.769231,-0.001337387,-0.10538993,0.0005553891
3046,4.2,2.857143,6.769231,-0.01099227,-0.10122401,0.001236486
3047,4.2,3.4285715,6.769231,-0.016190464,-0.10574464,0.0021096196
3048,4.2,4.0,6.769231,-0.02940419,-0.100389406,0.0031014364
3049,4.2,0.0,6.1538463,0.029509498,-0.10205718,-0.0021925708
3050,4.2,0.5714286,6.1538463,0.016026635,-0.10204955,-0.0015918339
3051,4.2,1.1428572,6.1538463,0.011349281,-0.103324786,-0.0009373446
3052,4.2,1.7142857,6.1538463,0.0016738418,-0.101875685,-0.00026370035
3053,4.2,2.2857144,6.1538463,-0.0014120513,-0.104630195,0.00033480988
3054,4.2,2.857143,6.1538463,-0.011100499,-0.10055986,0.0010117387
3055,4.2,3.4285715,6.1538463,-0.016266966,-0.10496308,0.0015082599
3056,4.2,4.0,6.1538463,-0.02936325,-0.09968075,0.0019336472
3057,4.2,0.0,5.5384617,0.029327746,-0.10145185,-0.0016614562
3058,4.2,0.5714286,5.5384617,0.015962645,-0.101551875,-0.00120284
3059,4.2,1.1428572,5.5384617,0.011258106,-0.102714404,-0.0007357235
3060,4.2,1.7142857,5.5384617,0.0016682402,-0.10137698,-0.00027739108
3061,4.2,2.2857144,5.5384617,-0.0014960571,-0.104060285,0.00018668342
3062,4.2,2.857143,5.5384617,-0.011078214,-0.10005018,0.000592916
3063,4.2,3.4285715,5.5384617,-0.016321218,-0.104426034,0.0010858319
3064,4.2,4.0,5.5384617,-0.02932656,-0.09923147,0.0015778192
3065,4.2,0.0,4.923077,0.029198427,-0.10107253,-0.0011117309
3066,4.2,0.5714286,4.923077,0.015906816,-0.101169445,-0.0008448
3067,4.2,1.1428572,4.923077,0.011193194,-0.10236538,-0.0005717769
3068,4.2,1.7142857,4.923077,0.0016440295,-0.10102873,-0.000301073
3069,4.2,2.2857144,4.923077,-0.001524054,-0.103692956,-2.8689316e-05
3070,4.2,2.857143,4.923077,-0.011088202,-0.09973697,0.00024669044
3071,4.2,3.4285715,4.923077,-0.016320968,-0.10403738,0.0004348976
3072,4.2,4.0,4.923077,-0.029250795,-0.09889678,0.0006141683
3073,4.2,0.0,4.3076925,0.029131792,-0.10088422,-0.00060371833
3074,4.2,0.5714286,4.3076925,0.015864661,-0.10100638,-0.00052629306
3075,4.2,1.1428572,4.3076925,0.011154781,-0.10217748,-0.00043320554
3076,4.2,1.7142857,4.3076925,0.0016277785,-0.100864336,-0.00033455275
3077,4.2,2.2857144,4.3076925,-0.0015498011,-0.10351511,-0.00025126198
3078,4.2,2.857143,4.3076925,-0.011085829,-0.09956791,-0.00017079205
3079,4.2,3.4285715,4.3076925,-0.016330728,-0.1038707,-3.0140342e-05
3080,4.2,4.0,4.3076925,-0.029245028,-0.09874583,9.618718e-05
3081,4.2,0.0,3.6923077,0.029118761,-0.10088443,-0.00012263315
3082,4.2,0.5714286,3.6923077,0.015851801,-0.10100638,-0.00019611546
3083,4.2,1.1428572,3.6923077,0.01114194,-0.10217752,-0.00029217263
3084,4.2,1.7142857,3.6923077,0.0016149023,-0.10086434,-0.00038750787
3085,4.2,2.2857144,3.6923077,-0.0015626432,-0.103515156,-0.0004733046
3086,4.2,2.857143,3.6923077,-0.011098718,-0.09956792,-0.00055094523
3087,4.2,3.4285715,3.6923077,-0.01634357,-0.103870764,-0.000693661
3088,4.2,4.0,3.6923077,-0.029257942,-0.09874586,-0.0008173068
3089,4.2,0.0,3.0769231,0.029160034,-0.10107275,0.00038737067
3090,4.2,0.5714286,3.0769231,0.01586832,-0.10116928,0.000120762816
3091,4.2,1.1428572,3.0769231,0.011154606,-0.10236565,-0.00015221158
3092,4.2,1.7142857,3.0769231,0.0016054573,-0.10102867,-0.0004222028
3093,4.2,2.2857144,3.0769231,-0.0015626439,-0.10369314,-0.0006948227
3094,4.2,2.857143,3.0769231,-0.011126807,-0.099737,-0.00096938125
3095,4.2,3.4285715,3.0769231,-0.016359592,-0.10403749,-0.0011578281
3096,4.2,4.0,3.0769231,-0.029289464,-0.09889679,-0.001336168
3097,4.2,0.0,2.4615386,0.029263258,-0.10145221,0.00093663874
3098,4.2,0.5714286,2.4615386,0.015898477,-0.10155179,0.00047871761
3099,4.2,1.1428572,2.4615386,0.011193706,-0.102714725,1.199113e-05
3100,4.2,1.7142857,2.4615386,0.0016040609,-0.101376995,-0.00044621274
3101,4.2,2.2857144,2.4615386,-0.0015605127,-0.10406045,-0.00090986915
3102,4.2,2.857143,2.4615386,-0.0111424215,-0.10005039,-0.0013159579
3103,4.2,3.4285715,2.4615386,-0.016385715,-0.104426056,-0.0018084223
3104,4.2,4.0,2.4615386,-0.029390885,-0.09923174,-0.0023001158
3105,4.2,0.0,1.8461539,0.029419575,-0.10205774,0.0014682077
3106,4.2,0.5714286,1.8461539,0.015936794,-0.10204927,0.00086783763
3107,4.2,1.1428572,1.8461539,0.011259184,-0.10332534,0.00021335535
3108,4.2,1.7142857,1.8461539,0.0015838678,-0.10187561,-0.0004596599
3109,4.2,2.2857144,1.8461539,-0.0015021653,-0.10463051,-0.0010582327
3110,4.2,2.857143,1.8461539,-0.01119055,-0.10056006,-0.0017345974
3111,4.2,3.4285715,1.8461539,-0.016357148,-0.10496317,-0.0022310517
3112,4.2,4.0,1.8461539,-0.029453453,-0.09968098,-0.0026558456
3113,4.2,0.0,1.2307693,0.029555822,-0.10286733,0.0022615683
3114,4.2,0.5714286,1.2307693,0.015950829,-0.10287514,0.001297024
3115,4.2,1.1428572,1.2307693,0.011291291,-0.10405427,0.00042351324
3116,4.2,1.7142857,1.2307693,0.0015993094,-0.1026317,-0.00036978212
3117,4.2,2.2857144,1.2307693,-0.0014529359,-0.105390616,-0.001278676
3118,4.2,2.857143,1.2307693,-0.011108381,-0.10122387,-0.0019594817
3119,4.2,3.4285715,1.2307693,-0.01630611,-0.10574517,-0.0028323263
3120,4.2,4.0,1.2307693,-0.029520473,-0.10038933,-0.0038235679
3121,4.2,0.0,0.61538464,0.029411454,-0.10374931,0.0026535324
3122,4.2,0.5714286,0.61538464,0.016039228,-0.10397271,0.0018091837
3123,4.2,1.1428572,0.61538464,0.011065049,-0.104970306,0.00075288897
3124,4.2,1.7142857,0.61538464,0.0017750327,-0.10372482,-0.00040072287
3125,4.2,2.2857144,0.61538464,-0.0014730332,-0.106148936,-0.0012509731
3126,4.2,2.857143,0.61538464,-0.010789216,-0.102372736,-0.0024163409
3127,4.2,3.4285715,0.61538464,-0.016199851,-0.10639826,-0.0032330754
3128,4.2,4.0,0.61538464,-0.029191328,-0.10141487,-0.003728548
3129,4.2,0.0,0.0,0.028930176,-0.10513351,0.0039338903
3130,4.2,0.5714286,0.0,0.015824914,-0.105224974,0.0022244186
3131,4.2,1.1428572,0.0,0.010773539,-0.106163464,0.0008889199
3132,4.2,1.7142857,0.0,0.0019094595,-0.10502574,-6.7814275e-05
3133,4.2,2.2857144,0.0,-0.0014555847,-0.1071576,-0.0016626938
3134,4.2,2.857143,0.0,-0.010297733,-0.10370069,-0.0024574415
3135,4.2,3.4285715,0.0,-0.015856436,-0.107228994,-0.0037298182
3136,4.2,4.0,0.0,-0.028630842,-0.10281981,-0.0055285906
3137,4.8,0.0,8.0,0.028779471,-0.09167474,-0.003255519
3138,4.8,0.5714286,8.0,0.0197025,-0.09198933,-0.0025067818
3139,4.8,1.1428572,8.0,0.009371838,-0.09245309,-0.0015377643
3140,4.8,1.7142857,8.0,0.004262144,-0.093125254,-0.00022470132
3141,4.8,2.2857144,8.0,-0.0039939955,-0.091517955,0.00044740917
3142,4.8,2.857143,8.0,-0.009310844,-0.09376139,0.0016881865
3143,4.8,3.4285715,8.0,-0.019370152,-0.090384744,0.0025225542
3144,4.8,4.0,8.0,-0.028857062,-0.093147896,0.002761923
3145,4.8,0.0,7.3846154,0.029098172,-0.09073411,-0.0031643729
3146,4.8,0.5714286,7.3846154,0.020173917,-0.09087379,-0.0020658097
3147,4.8,1.1428572,7.3846154,0.009513216,-0.091397524,-0.0011573073
3148,4.8,1.7142857,7.3846154,0.0044524893,-0.09219981,-0.0003827333
3149,4.8,2.2857144,7.3846154,-0.00422562,-0.09044398,0.0005889095
3150,4.8,2.857143,7.3846154,-0.009451745,-0.09299707,0.0012383119
3151,4.8,3.4285715,7.3846154,-0.01990535,-0.08931158,0.0021068281
3152,4.8,4.0,7.3846154,-0.029268766,-0.09252195,0.0032490173
3153,4.8,0.0,6.769231,0.028928762,-0.08969597,-0.0023310098
3154,4.8,0.5714286,6.769231,0.020417644,-0.09007399,-0.0016910527
3155,4.8,1.1428572,6.769231,0.009452283,-0.09050834,-0.0009804148
3156,4.8,1.7142857,6.769231,0.004538508,-0.09150005,-0.00024185423
3157,4.8,2.2857144,6.769231,-0.004428542,-0.08951054,0.0003654613
3158,4.8,2.857143,6.769231,-0.00955672,-0.09242675,0.0011091596
3159,4.8,3.4285715,6.769231,-0.020232063,-0.088374116,0.0016422615
3160,4.8,4.0,6.769231,-0.029225102,-0.09191841,0.0020133273
3161,4.8,0.0,6.1538463,0.028805945,-0.08903653,-0.0019014807
3162,4.8,0.5714286,6.1538463,0.020322476,-0.08947383,-0.0013294381
3163,4.8,1.1428572,6.1538463,0.00940958,-0.08982106,-0.0007822439
3164,4.8,1.7142857,6.1538463,0.00449636,-0.09088279,-0.00025652972
3165,4.8,2.2857144,6.1538463,-0.0045317695,-0.08891066,0.00029620173
3166,4.8,2.857143,6.1538463,-0.009631937,-0.09178426,0.0007400687
3167,4.8,3.4285715,6.1538463,-0.020317921,-0.087825485,0.0013121387
3168,4.8,4.0,6.1538463,-0.029284399,-0.09134124,0.0019402812
3169,4.8,0.0,5.5384617,0.02864741,-0.0885737,-0.0014033683
3170,4.8,0.5714286,5.5384617,0.020204788,-0.08892275,-0.0010232907
3171,4.8,1.1428572,5.5384617,0.00937787,-0.089407355,-0.0006357114
3172,4.8,1.7142857,5.5384617,0.0044001457,-0.090377346,-0.00025901702
3173,4.8,2.2857144,5.5384617,-0.004529702,-0.08848418,0.000104095576
3174,4.8,2.857143,5.5384617,-0.009718583,-0.09131007,0.0004895442
3175,4.8,3.4285715,5.5384617,-0.020298576,-0.08739606,0.0007688607
3176,4.8,4.0,5.5384617,-0.029230814,-0.09084423,0.0010111642
3177,4.8,0.0,4.923077,0.02855535,-0.08825667,-0.0009715428
3178,4.8,0.5714286,4.923077,0.02010516,-0.08863007,-0.0007521599
3179,4.8,1.1428572,4.923077,0.009331179,-0.08908725,-0.00052666536
3180,4.8,1.7142857,4.923077,0.0043587117,-0.0900688,-0.0002919583
3181,4.8,2.2857144,4.923077,-0.004558727,-0.0881967,-7.342514e-05
3182,4.8,2.857143,4.923077,-0.009733721,-0.09098364,0.00012645939
3183,4.8,3.4285715,4.923077,-0.020289911,-0.08713204,0.00039574897
3184,4.8,4.0,4.923077,-0.029233592,-0.09054622,0.0006717406
3185,4.8,0.0,4.3076925,0.028482161,-0.08810131,-0.0005814963
3186,4.8,0.5714286,4.3076925,0.02005514,-0.088457495,-0.00049462996
3187,4.8,1.1428572,4.3076925,0.009301848,-0.08894573,-0.00041672913
3188,4.8,1.7142857,4.3076925,0.004322744,-0.0899092,-0.00035177666
3189,4.8,2.2857144,4.3076925,-0.0045675263,-0.08805134,-0.00027054452
3190,4.8,2.857143,4.3076925,-0.009756254,-0.09083176,-0.00019155988
3191,4.8,3.4285715,4.3076925,-0.020285793,-0.08698377,-0.00017702415
3192,4.8,4.0,4.3076925,-0.029208796,-0.090386085,-0.00016767366
3193,4.8,0.0,3.6923077,0.028469494,-0.088101156,-0.00016684433
3194,4.8,0.5714286,3.6923077,0.020042323,-0.08845755,-0.0002559416
3195,4.8,1.1428572,3.6923077,0.009288965,-0.08894572,-0.00033098002
3196,4.8,1.7142857,3.6923077,0.0043099117,-0.089909256,-0.00039798344
3197,4.8,2.2857144,3.6923077,-0.0045804204,-0.088051334,-0.0004767108
3198,4.8,2.857143,3.6923077,-0.009769091,-0.0908318,-0.0005574547
3199,4.8,3.4285715,3.6923077,-0.020298708,-0.08698376,-0.00056967064
3200,4.8,4.0,3.6923077,-0.029221667,-0.09038611,-0.00058050547
3201,4.8,0.0,3.0769231,0.02851666,-0.08825649,0.00022182104
3202,4.8,0.5714286,3.0769231,0.020066591,-0.08863044,2.7300912e-06
3203,4.8,1.1428572,3.0769231,0.009292607,-0.08908707,-0.00022205575
3204,4.8,1.7142857,3.0769231,0.0043201474,-0.09006903,-0.00045689938
3205,4.8,2.2857144,3.0769231,-0.0045973477,-0.08819664,-0.0006746516
3206,4.8,2.857143,3.0769231,-0.009772298,-0.09098377,-0.00087472855
3207,4.8,3.4285715,3.0769231,-0.020328572,-0.087132044,-0.0011431514
3208,4.8,4.0,3.0769231,-0.02927221,-0.090546355,-0.0014192028
3209,4.8,0.0,2.4615386,0.028583428,-0.08857346,0.000653842
3210,4.8,0.5714286,2.4615386,0.020140484,-0.088923104,0.00027402455
3211,4.8,1.1428572,2.4615386,0.009313647,-0.0894072,-0.00011328474
3212,4.8,1.7142857,2.4615386,0.0043357643,-0.090377614,-0.0004895426
3213,4.8,2.2857144,2.4615386,-0.004593956,-0.088484205,-0.0008524901
3214,4.8,2.857143,2.4615386,-0.009783011,-0.09131016,-0.0012375099
3215,4.8,3.4285715,2.4615386,-0.020362904,-0.08739621,-0.0015165847
3216,4.8,4.0,2.4615386,-0.029295342,-0.09084425,-0.001758364
3217,4.8,0.0,1.8461539,0.028715927,-0.08903614,0.0011516466
3218,4.8,0.5714286,1.8461539,0.020232456,-0.089474544,0.0005800435
3219,4.8,1.1428572,1.8461539,0.009319579,-0.089820705,3.345115e-05
3220,4.8,1.7142857,1.8461539,0.0044063353,-0.09088327,-0.00049223204
3221,4.8,2.2857144,1.8461539,-0.004621868,-0.08891059,-0.0010444303
3222,4.8,2.857143,1.8461539,-0.009722004,-0.09178446,-0.0014882006
3223,4.8,3.4285715,1.8461539,-0.020408124,-0.08782562,-0.0020597207
3224,4.8,4.0,1.8461539,-0.029374568,-0.091341384,-0.0026875453
3225,4.8,0.0,1.2307693,0.02881298,-0.08969514,0.001581561
3226,4.8,0.5714286,1.2307693,0.020302286,-0.09007501,0.000941755
3227,4.8,1.1428572,1.2307693,0.009336234,-0.0905077,0.00023146387
3228,4.8,1.7142857,1.2307693,0.0044230465,-0.09150087,-0.00050677237
3229,4.8,2.2857144,1.2307693,-0.0045446665,-0.089510165,-0.0011138107
3230,4.8,2.857143,1.2307693,-0.009672273,-0.0924273,-0.0018572124
3231,4.8,3.4285715,1.2307693,-0.020348307,-0.08837394,-0.002389925
3232,4.8,4.0,1.2307693,-0.029340822,-0.09191885,-0.0027606797
3233,4.8,0.0,0.61538464,0.028956324,-0.09073316,0.0024144172
3234,4.8,0.5714286,0.61538464,0.020032918,-0.09087514,0.001316475
3235,4.8,1.1428572,0.61538464,0.009371297,-0.091396675,0.00040849904
3236,4.8,1.7142857,0.61538464,0.0043114815,-0.09220082,-0.00036601225
3237,4.8,2.2857144,0.61538464,-0.0043676915,-0.090443514,-0.0013371679
3238,4.8,2.857143,0.61538464,-0.009592833,-0.09299771,-0.0019864491
3239,4.8,3.4285715,0.61538464,-0.020047558,-0.089311376,-0.0028544813
3240,4.8,4.0,0.61538464,-0.02941003,-0.09252248,-0.003996159
3241,4.8,0.0,0.0,0.028612005,-0.091673374,0.0025063374
3242,4.8,0.5714286,0.0,0.019535996,-0.09199097,0.0017573953
3243,4.8,1.1428572,0.0,0.009204052,-0.092452005,0.0007888894
3244,4.8,1.7142857,0.0,0.0040955273,-0.09312642,-0.0005239342
3245,4.8,2.2857144,0.0,-0.004161907,-0.09151744,-0.0011957617
3246,4.8,2.857143,0.0,-0.009477562,-0.09376199,-0.0024362772
3247,4.8,3.4285715,0.0,-0.01953823,-0.09038461,-0.0032702081
3248,4.8,4.0,0.0,-0.029023947,-0.093148366,-0.0035094558
3249,5.4,0.0,8.0,0.032275226,-0.077205,-0.003026228
3250,5.4,0.5714286,8.0,0.019148372,-0.07903348,-0.001896521
3251,5.4,1.1428572,8.0,0.011396032,-0.07823883,-0.00087229215
3252,5.4,1.7142857,8.0,0.0027807774,-0.07851899,-0.00029741685
3253,5.4,2.2857144,8.0,-0.003135427,-0.07941449,0.00072622334
3254,5.4,2.857143,8.0,-0.011734871,-0.07744798,0.0012802542
3255,5.4,3.4285715,8.0,-0.019535469,-0.079641365,0.0020049338
3256,5.4,4.0,8.0,-0.032024983,-0.0768365,0.0032635853
3257,5.4,0.0,7.3846154,0.032801416,-0.07605794,-0.0021626963
3258,5.4,0.5714286,7.3846154,0.019614551,-0.078245096,-0.0015340926
3259,5.4,1.1428572,7.3846154,0.011806752,-0.07741201,-0.0008499333
3260,5.4,1.7142857,7.3846154,0.002859557,-0.07768817,-9.3875205e-05
3261,5.4,2.2857144,7.3846154,-0.0030545208,-0.0787513,0.0004545042
3262,5.4,2.857143,7.3846154,-0.012012242,-0.07662614,0.0011861029
3263,5.4,3.4285715,7.3846154,-0.019834697,-0.07910264,0.0016979341
3264,5.4,4.0,7.3846154,-0.03241642,-0.07601093,0.0019268298
3265,5.4,0.0,6.769231,0.032974496,-0.07550413,-0.0018431001
3266,5.4,0.5714286,6.769231,0.019597162,-0.07753923,-0.0012398546
3267,5.4,1.1428572,6.769231,0.011982323,-0.0767884,-0.0006629309
3268,5.4,1.7142857,6.769231,0.00278934,-0.07696477,-0.00013712692
3269,5.4,2.2857144,6.769231,-0.0030745284,-0.078267224,0.00043490212
3270,5.4,2.857143,6.769231,-0.012249118,-0.07588251,0.0008520073
3271,5.4,3.4285715,6.769231,-0.019942379,-0.078683466,0.0014163713
3272,5.4,4.0,6.769231,-0.032639507,-0.07533624,0.002115993
3273,5.4,0.0,6.1538463,0.03274451,-0.07495595,-0.0014348696
3274,5.4,0.5714286,6.1538463,0.01953109,-0.07693688,-0.0009909116
3275,5.4,1.1428572,6.1538463,0.011946202,-0.076321356,-0.0005572566
3276,5.4,1.7142857,6.1538463,0.002697745,-0.07644615,-0.00013269173
3277,5.4,2.2857144,6.1538463,-0.0031318164,-0.07776448,0.00023867859
3278,5.4,2.857143,6.1538463,-0.012372754,-0.075416826,0.00067868835
3279,5.4,3.4285715,6.1538463,-0.020005956,-0.07817766,0.0009745261
3280,5.4,4.0,6.1538463,-0.032600857,-0.07485921,0.001217673
3281,5.4,0.0,5.5384617,0.03259185,-0.0745254,-0.0010886699
3282,5.4,0.5714286,5.5384617,0.01943673,-0.07661974,-0.00079179084
3283,5.4,1.1428572,5.5384617,0.011833508,-0.07588182,-0.00049209176
3284,5.4,1.7142857,5.5384617,0.002687449,-0.07610385,-0.0001918488
3285,5.4,2.2857144,5.5384617,-0.0032298118,-0.077357665,9.9662364e-05
3286,5.4,2.857143,5.5384617,-0.012372641,-0.07506625,0.0003473951
3287,5.4,3.4285715,5.5384617,-0.02005579,-0.077787474,0.0006888018
3288,5.4,4.0,5.5384617,-0.032581057,-0.074540645,0.0010664364
3289,5.4,0.0,4.923077,0.032418415,-0.0742598,-0.0008170442
3290,5.4,0.5714286,4.923077,0.019370811,-0.07633175,-0.0006163039
3291,5.4,1.1428572,4.923077,0.011776834,-0.07563567,-0.00043477083
3292,5.4,1.7142857,4.923077,0.0026379311,-0.075849414,-0.00026464855
3293,5.4,2.2857144,4.923077,-0.0032589135,-0.07709053,-9.535994e-05
3294,5.4,2.857143,4.923077,-0.012397498,-0.074832484,8.9679634e-05
3295,5.4,3.4285715,4.923077,-0.020062791,-0.07751297,0.00019325186
3296,5.4,4.0,4.923077,-0.0325118,-0.07429961,0.000289263
3297,5.4,0.0,4.3076925,0.032360233,-0.0741202,-0.0005119864
3298,5.4,0.5714286,4.3076925,0.019318415,-0.07621515,-0.00046566367
3299,5.4,1.1428572,4.3076925,0.011728858,-0.075494476,-0.0004064775
3300,5.4,1.7142857,4.3076925,0.0026200684,-0.075727426,-0.0003409279
3301,5.4,2.2857144,4.3076925,-0.0032911955,-0.076957166,-0.0002873289
3302,5.4,2.857143,4.3076925,-0.012401761,-0.074707605,-0.00024348048
3303,5.4,3.4285715,4.3076925,-0.02007177,-0.077384524,-0.00013091904
3304,5.4,4.0,4.3076925,-0.03251012,-0.074186124,-1.1030807e-05
3305,5.4,0.0,3.6923077,0.032347213,-0.074120365,-0.0002639607
3306,5.4,0.5714286,3.6923077,0.01930553,-0.07621512,-0.0003077938
3307,5.4,1.1428572,3.6923077,0.011716036,-0.07549454,-0.00036852967
3308,5.4,1.7142857,3.6923077,0.002607174,-0.07572739,-0.00043189983
3309,5.4,2.2857144,3.6923077,-0.0033040293,-0.07695722,-0.00048692303
3310,5.4,2.857143,3.6923077,-0.012414665,-0.07470758,-0.0005287574
3311,5.4,3.4285715,3.6923077,-0.020084612,-0.07738456,-0.0006425344
3312,5.4,4.0,3.6923077,-0.032523017,-0.07418613,-0.000760386
3313,5.4,0.0,3.0769231,0.032380093,-0.07426017,4.206647e-05
3314,5.4,0.5714286,3.0769231,0.019332243,-0.07633138,-0.00015796874
3315,5.4,1.1428572,3.0769231,0.011738296,-0.07563601,-0.0003394982
3316,5.4,1.7142857,3.0769231,0.0025993006,-0.07584923,-0.0005088593
3317,5.4,2.2857144,3.0769231,-0.003297463,-0.07709071,-0.0006782688
3318,5.4,2.857143,3.0769231,-0.012436168,-0.074832425,-0.0008625066
3319,5.4,3.4285715,3.0769231,-0.020101381,-0.077513054,-0.0009661491
3320,5.4,4.0,3.0769231,-0.032550562,-0.07429956,-0.0010612576
3321,5.4,0.0,2.4615386,0.032527402,-0.07452587,0.00031364945
3322,5.4,0.5714286,2.4615386,0.01937249,-0.076619454,1.7320328e-05
3323,5.4,1.1428572,2.4615386,0.011769194,-0.075882174,-0.00028191617
3324,5.4,1.7142857,2.4615386,0.0026231625,-0.07610367,-0.0005819387
3325,5.4,2.2857144,2.4615386,-0.0032941825,-0.07735784,-0.00087301724
3326,5.4,2.857143,2.4615386,-0.012436972,-0.07506625,-0.0011205075
3327,5.4,3.4285715,2.4615386,-0.020120226,-0.07778752,-0.0014614222
3328,5.4,4.0,2.4615386,-0.032645468,-0.074540704,-0.0018386665
3329,5.4,0.0,1.8461539,0.03265478,-0.074956715,0.0006600369
3330,5.4,0.5714286,1.8461539,0.01944109,-0.076936185,0.0002165681
3331,5.4,1.1428572,1.8461539,0.011856253,-0.076322064,-0.00021691127
3332,5.4,1.7142857,1.8461539,0.002607615,-0.07644578,-0.00064094947
3333,5.4,2.2857144,1.8461539,-0.0032218022,-0.07776483,-0.0010121721
3334,5.4,2.857143,1.8461539,-0.012462971,-0.07541675,-0.0014516886
3335,5.4,3.4285715,1.8461539,-0.02009603,-0.078177765,-0.0017472706
3336,5.4,4.0,1.8461539,-0.032691244,-0.0748592,-0.001989871
3337,5.4,0.0,1.2307693,0.032859005,-0.07550546,0.0010680072
3338,5.4,0.5714286,1.2307693,0.019481124,-0.077538274,0.0004654252
3339,5.4,1.1428572,1.2307693,0.011866936,-0.07678944,-0.00011111222
3340,5.4,1.7142857,1.2307693,0.0026732113,-0.07696411,-0.0006366103
3341,5.4,2.2857144,1.2307693,-0.0031900078,-0.078267895,-0.0012083239
3342,5.4,2.857143,1.2307693,-0.012365326,-0.07588215,-0.0016250784
3343,5.4,3.4285715,1.2307693,-0.020057982,-0.078683876,-0.0021890781
3344,5.4,4.0,1.2307693,-0.03275585,-0.07533601,-0.002888107
3345,5.4,0.0,0.61538464,0.032660637,-0.076059416,0.0013880137
3346,5.4,0.5714286,0.61538464,0.019472698,-0.078243785,0.0007597308
3347,5.4,1.1428572,0.61538464,0.011665797,-0.077413365,7.580383e-05
3348,5.4,1.7142857,0.61538464,0.0027175115,-0.07768731,-0.00067978236
3349,5.4,2.2857144,0.61538464,-0.0031955387,-0.07875214,-0.0012279812
3350,5.4,2.857143,0.61538464,-0.012154411,-0.07662568,-0.001959145
3351,5.4,3.4285715,0.61538464,-0.019975848,-0.0791031,-0.002470657
3352,5.4,4.0,0.61538464,-0.032558788,-0.076010644,-0.002699155
3353,5.4,0.0,0.0,0.032108687,-0.07720725,0.0022508756
3354,5.4,0.5714286,0.0,0.018980516,-0.07903171,0.0011222701
3355,5.4,1.1428572,0.0,0.0112296045,-0.078240566,9.8241144e-05
3356,5.4,1.7142857,0.0,0.0026127775,-0.07851789,-0.000476285
3357,5.4,2.2857144,0.0,-0.003301967,-0.07941541,-0.0014996459
3358,5.4,2.857143,0.0,-0.011902972,-0.077447526,-0.0020533276
3359,5.4,3.4285715,0.0,-0.019702135,-0.0796418,-0.0027777134
3360,5.4,4.0,0.0,-0.03219327,-0.07683624,-0.0040356005
3361,6.0,0.0,8.0,0.032361716,-0.06480492,-0.0016383001
3362,6.0,0.5714286,8.0,0.0209658,-0.06242594,-0.0009590883
3363,6.0,1.1428572,8.0,0.010831716,-0.06488314,-0.00051920017
3364,6.0,1.7142857,8.0,0.0036153544,-0.06420914,0.00026937577
3365,6.0,2.2857144,8.0,-0.0045057293,-0.06394236,0.00071026274
3366,6.0,2.857143,8.0,-0.01177406,-0.06521623,0.0012546482
3367,6.0,3.4285715,8.0,-0.021608,-0.06316175,0.0017432442
3368,6.0,4.0,8.0,-0.032619238,-0.065239415,0.0016347365
3369,6.0,0.0,7.3846154,0.03306194,-0.06443762,-0.0014174585
3370,6.0,0.5714286,7.3846154,0.021589536,-0.061647024,-0.000882274
3371,6.0,1.1428572,7.3846154,0.01121092,-0.06429047,-0.00030296211
3372,6.0,1.7142857,7.3846154,0.0039759804,-0.063662805,0.00016727886
3373,6.0,2.2857144,7.3846154,-0.004518796,-0.06337866,0.00065904757
3374,6.0,2.857143,7.3846154,-0.011819365,-0.0648299,0.000991245
3375,6.0,3.4285715,7.3846154,-0.021966094,-0.06261944,0.0014207377
3376,6.0,4.0,7.3846154,-0.03295363,-0.06492908,0.002113721
3377,6.0,0.0,6.769231,0.03285681,-0.06377609,-0.0011454934
3378,6.0,0.5714286,6.769231,0.021816451,-0.061122112,-0.00066734024
3379,6.0,1.1428572,6.769231,0.011260289,-0.06379039,-0.00024503173
3380,6.0,1.7142857,6.769231,0.0040027276,-0.0632913,0.00013275938
3381,6.0,2.2857144,6.769231,-0.0046448843,-0.062833406,0.0004543133
3382,6.0,2.857143,6.769231,-0.011924562,-0.06451936,0.0008374654
3383,6.0,3.4285715,6.769231,-0.022203332,-0.062075134,0.0011004958
3384,6.0,4.0,6.769231,-0.03289,-0.0646237,0.001244053
3385,6.0,0.0,6.1538463,0.032773785,-0.06336493,-0.00085211446
3386,6.0,0.5714286,6.1538463,0.021696944,-0.0608216,-0.0005667881
3387,6.0,1.1428572,6.1538463,0.011141685,-0.06336662,-0.00026385815
3388,6.0,1.7142857,6.1538463,0.0039767,-0.06292415,2.6289235e-05
3389,6.0,2.2857144,6.1538463,-0.0047670053,-0.06245285,0.00031593567
3390,6.0,2.857143,6.1538463,-0.011989555,-0.064134344,0.0005343618
3391,6.0,3.4285715,6.1538463,-0.02228389,-0.061716665,0.00087467337
3392,6.0,4.0,6.1538463,-0.032936893,-0.06427132,0.0012983899
3393,6.0,0.0,5.5384617,0.032509264,-0.063098185,-0.00076236716
3394,6.0,0.5714286,5.5384617,0.02157703,-0.060450833,-0.0005059164
3395,6.0,1.1428572,5.5384617,0.011123022,-0.06311118,-0.00028339063
3396,6.0,1.7142857,5.5384617,0.0038668804,-0.062587045,-8.597422e-05
3397,6.0,2.2857144,5.5384617,-0.004780638,-0.06217668,0.00010619786
3398,6.0,2.857143,5.5384617,-0.012074716,-0.063807145,0.00032245478
3399,6.0,3.4285715,5.5384617,-0.022285258,-0.061443526,0.00045855812
3400,6.0,4.0,5.5384617,-0.032886572,-0.06394445,0.0005753967
3401,6.0,0.0,4.923077,0.032465465,-0.06287106,-0.0005921346
3402,6.0,0.5714286,4.923077,0.021478157,-0.060263522,-0.00046290146
3403,6.0,1.1428572,4.923077,0.011045842,-0.06289078,-0.00033283595
3404,6.0,1.7142857,4.923077,0.0038282154,-0.062375374,-0.00020562702
3405,6.0,2.2857144,4.923077,-0.0048251483,-0.06197507,-8.5381726e-05
3406,6.0,2.857143,4.923077,-0.012096931,-0.06358244,1.4031262e-05
3407,6.0,3.4285715,4.923077,-0.022284115,-0.06125203,0.0001953451
3408,6.0,4.0,4.923077,-0.032895595,-0.06373666,0.00040826187
3409,6.0,0.0,4.3076925,0.032351766,-0.062777,-0.0004756827
3410,6.0,0.5714286,4.3076925,0.021423465,-0.060146123,-0.00041945407
3411,6.0,1.1428572,4.3076925,0.011020545,-0.06279211,-0.00037385317
3412,6.0,1.7142857,4.3076925,0.003786346,-0.062261883,-0.00033730298
3413,6.0,2.2857144,4.3076925,-0.0048385733,-0.06187165,-0.00029572402
3414,6.0,2.857143,4.3076925,-0.0121213915,-0.06347087,-0.00024366648
3415,6.0,3.4285715,4.3076925,-0.022286303,-0.06114937,-0.000256884
3416,6.0,4.0,4.3076925,-0.03287353,-0.06362359,-0.00028038662
3417,6.0,0.0,3.6923077,0.032339122,-0.06277686,-0.00032363288
3418,6.0,0.5714286,3.6923077,0.021410642,-0.06014617,-0.00038092307
3419,6.0,1.1428572,3.6923077,0.011007654,-0.06279205,-0.0004246111
3420,6.0,1.7142857,3.6923077,0.0037735144,-0.06226194,-0.00046224208
3421,6.0,2.2857144,3.6923077,-0.0048514726,-0.061871603,-0.0005020687
3422,6.0,2.857143,3.6923077,-0.012134235,-0.06347091,-0.00055508316
3423,6.0,3.4285715,3.6923077,-0.02229922,-0.06114934,-0.0005401443
3424,6.0,4.0,3.6923077,-0.03288643,-0.063623585,-0.0005174293
3425,6.0,0.0,3.0769231,0.032426674,-0.06287059,-0.00020786273
3426,6.0,0.5714286,3.0769231,0.02143965,-0.06026405,-0.0003368835
3427,6.0,1.1428572,3.0769231,0.011007218,-0.0628904,-0.00046617017
3428,6.0,1.7142857,3.0769231,0.003789683,-0.06237564,-0.00059341296
3429,6.0,2.2857144,3.0769231,-0.004863819,-0.061974898,-0.00071289006
3430,6.0,2.857143,3.0769231,-0.01213549,-0.06358254,-0.0008123316
3431,6.0,3.4285715,3.0769231,-0.022322828,-0.06125197,-0.0009928131
3432,6.0,4.0,3.0769231,-0.03293418,-0.06373671,-0.0012056247
3433,6.0,0.0,2.4615386,0.03244528,-0.06309766,-3.7669135e-05
3434,6.0,0.5714286,2.4615386,0.02151276,-0.060451265,-0.00029365168
3435,6.0,1.1428572,2.4615386,0.011058727,-0.06311081,-0.0005158567
3436,6.0,1.7142857,2.4615386,0.0038025528,-0.06258733,-0.0007128197
3437,6.0,2.2857144,2.4615386,-0.0048449794,-0.062176503,-0.0009047245
3438,6.0,2.857143,2.4615386,-0.0121391,-0.06380722,-0.0011205121
3439,6.0,3.4285715,2.4615386,-0.022349672,-0.061443485,-0.0012562823
3440,6.0,4.0,2.4615386,-0.032951094,-0.06394443,-0.0013725598
3441,6.0,0.0,1.8461539,0.032683592,-0.063364066,5.2030027e-05
3442,6.0,0.5714286,1.8461539,0.021607056,-0.06082262,-0.00023288003
3443,6.0,1.1428572,1.8461539,0.011051563,-0.06336587,-0.00053525827
3444,6.0,1.7142857,1.8461539,0.0038867565,-0.06292471,-0.00082519656
3445,6.0,2.2857144,1.8461539,-0.0048572193,-0.062452506,-0.0011143709
3446,6.0,2.857143,1.8461539,-0.012079558,-0.06413453,-0.001332518
3447,6.0,3.4285715,1.8461539,-0.022374205,-0.061716568,-0.0016723146
3448,6.0,4.0,1.8461539,-0.033027004,-0.06427135,-0.0020955752
3449,6.0,0.0,1.2307693,0.032741047,-0.063774586,0.0003455488
3450,6.0,0.5714286,1.2307693,0.02170111,-0.061123475,-0.00013220873
3451,6.0,1.1428572,1.2307693,0.01114418,-0.063789345,-0.0005541552
3452,6.0,1.7142857,1.2307693,0.0038872962,-0.0632922,-0.00093160826
3453,6.0,2.2857144,1.2307693,-0.0047610747,-0.06283278,-0.0012527937
3454,6.0,2.857143,1.2307693,-0.012040095,-0.064519815,-0.0016355937
3455,6.0,3.4285715,1.2307693,-0.02231963,-0.062074777,-0.001898173
3456,6.0,4.0,1.2307693,-0.033005755,-0.06462393,-0.0020413266
3457,6.0,0.0,0.61538464,0.032919955,-0.06443611,0.0006173065
3458,6.0,0.5714286,0.61538464,0.021448579,-0.061648842,8.267041e-05
3459,6.0,1.1428572,0.61538464,0.0110689625,-0.06428911,-0.0004961488
3460,6.0,1.7142857,0.61538464,0.0038349596,-0.06366399,-0.0009661293
3461,6.0,2.2857144,0.61538464,-0.0046608993,-0.06337786,-0.001457518
3462,6.0,2.857143,0.61538464,-0.011960463,-0.06483047,-0.0017893766
3463,6.0,3.4285715,0.61538464,-0.022108326,-0.06261902,-0.0022184437
3464,6.0,4.0,0.61538464,-0.0330949,-0.064929344,-0.0029108243
3465,6.0,0.0,0.0,0.03219404,-0.06480213,0.0008387206
3466,6.0,0.5714286,0.0,0.020799518,-0.062428564,0.00015949544
3467,6.0,1.1428572,0.0,0.0106636705,-0.06488126,-0.0002799077
3468,6.0,1.7142857,0.0,0.0034489385,-0.06421064,-0.0010681774
3469,6.0,2.2857144,0.0,-0.0046738754,-0.0639414,-0.00150872
3470,6.0,2.857143,0.0,-0.011940593,-0.065216824,-0.0020527828
3471,6.0,3.4285715,0.0,-0.02177624,-0.06316133,-0.0025409192
3472,6.0,4.0,0.0,-0.032786004,-0.065239616,-0.0024321298
3473,6.6,0.0,8.0,0.034272093,-0.04570114,-0.0005307316
3474,6.6,0.5714286,8.0,0.02084733,-0.050895635,-0.0002719833
3475,6.6,1.1428572,8.0,0.011463568,-0.04779303,0.00051029376
3476,6.6,1.7142857,8.0,0.0031213413,-0.049675494,0.00082632166
3477,6.6,2.2857144,8.0,-0.0042655906,-0.050095562,0.0009939017
3478,6.6,2.857143,8.0,-0.013186737,-0.049443662,0.0012612939
3479,6.6,3.4285715,8.0,-0.021885257,-0.051028416,0.0013014884
3480,6.6,4.0,8.0,-0.03435668,-0.048964337,0.00194532
3481,6.6,0.0,7.3846154,0.034846462,-0.044686962,-0.00051245297
3482,6.6,0.5714286,7.3846154,0.021626309,-0.05057284,0.00011135955
3483,6.6,1.1428572,7.3846154,0.012158587,-0.04737504,0.00042286902
3484,6.6,1.7142857,7.3846154,0.003384765,-0.049413707,0.00063429715
3485,6.6,2.2857144,7.3846154,-0.004088365,-0.04988849,0.00081239984
3486,6.6,2.857143,7.3846154,-0.01332304,-0.049144022,0.0009973515
3487,6.6,3.4285715,7.3846154,-0.02210408,-0.050889555,0.001169336
3488,6.6,4.0,7.3846154,-0.034632847,-0.048677526,0.001097022
3489,6.6,0.0,6.769231,0.03512497,-0.044440787,-5.5383858e-05
3490,6.6,0.5714286,6.769231,0.021633957,-0.05035508,4.135126e-05
3491,6.6,1.1428572,6.769231,0.012158266,-0.047159284,0.00025225058
3492,6.6,1.7142857,6.769231,0.0033191778,-0.049058784,0.0004499055
3493,6.6,2.2857144,6.769231,-0.0041452143,-0.0496868,0.00060823775
3494,6.6,2.857143,6.769231,-0.013513124,-0.048774995,0.00073701015
3495,6.6,3.4285715,6.769231,-0.022201465,-0.050711766,0.00095706293
3496,6.6,4.0,6.769231,-0.03479,-0.04833746,0.0013658366
3497,6.6,0.0,6.1538463,0.03463642,-0.04425005,-0.0003362486
3498,6.6,0.5714286,6.1538463,0.02147044,-0.050038848,-7.019807e-05
3499,6.6,1.1428572,6.1538463,0.012151889,-0.04691151,9.3475166e-05
3500,6.6,1.7142857,6.1538463,0.0032101085,-0.048765216,0.00024096004
3501,6.6,2.2857144,6.1538463,-0.0041947896,-0.04940898,0.0003658276
3502,6.6,2.857143,6.1538463,-0.013630293,-0.048490036,0.000538209
3503,6.6,3.4285715,6.1538463,-0.022254724,-0.050446816,0.0006319501
3504,6.6,4.0,6.1538463,-0.03476911,-0.04806197,0.0007073913
3505,6.6,0.0,5.5384617,0.03466456,-0.04396297,-0.000344498
3506,6.6,0.5714286,5.5384617,0.021414556,-0.049847763,-0.00019963311
3507,6.6,1.1428572,5.5384617,0.012020484,-0.04664984,-7.061901e-05
3508,6.6,1.7142857,5.5384617,0.0031868885,-0.04855336,4.6824982e-05
3509,6.6,2.2857144,5.5384617,-0.004292842,-0.049142044,0.0001570207
3510,6.6,2.857143,5.5384617,-0.01364945,-0.048278045,0.00024356638
3511,6.6,3.4285715,5.5384617,-0.022302868,-0.05018091,0.0004277534
3512,6.6,4.0,5.5384617,-0.03476364,-0.047873814,0.0006874838
3513,6.6,0.0,4.923077,0.034385003,-0.043857716,-0.00039014572
3514,6.6,0.5714286,4.923077,0.021314342,-0.04967872,-0.00029506494
3515,6.6,1.1428572,4.923077,0.011973768,-0.046486676,-0.00021406985
3516,6.6,1.7142857,4.923077,0.0031264194,-0.048387222,-0.00014122456
3517,6.6,2.2857144,4.923077,-0.004326059,-0.048961703,-7.806862e-05
3518,6.6,2.857143,4.923077,-0.0136808455,-0.04811409,1.1274944e-05
3519,6.6,3.4285715,4.923077,-0.02231632,-0.05000324,3.3905497e-05
3520,6.6,4.0,4.923077,-0.03471435,-0.047712512,5.9004084e-05
3521,6.6,0.0,4.3076925,0.03437838,-0.043762807,-0.00041938547
3522,6.6,0.5714286,4.3076925,0.02127459,-0.049600903,-0.00037538446
3523,6.6,1.1428572,4.3076925,0.011922072,-0.046399277,-0.0003480987
3524,6.6,1.7142857,4.3076925,0.0031063503,-0.048302945,-0.00032224055
3525,6.6,2.2857144,4.3076925,-0.0043602474,-0.048868183,-0.000296662
3526,6.6,2.857143,4.3076925,-0.01369098,-0.048029147,-0.00028731846
3527,6.6,3.4285715,4.3076925,-0.022327699,-0.049908552,-0.00020482398
3528,6.6,4.0,4.3076925,-0.03471606,-0.047636792,-9.864481e-05
3529,6.6,0.0,3.6923077,0.034365293,-0.043762885,-0.00040655234
3530,6.6,0.5714286,3.6923077,0.021261735,-0.049600884,-0.00044879867
3531,6.6,1.1428572,3.6923077,0.011909226,-0.046399325,-0.0004768343
3532,6.6,1.7142857,3.6923077,0.0030934697,-0.04830289,-0.00050114235
3533,6.6,2.2857144,3.6923077,-0.004373105,-0.048868213,-0.00052742887
3534,6.6,2.857143,3.6923077,-0.01370387,-0.048029095,-0.00053527043
3535,6.6,3.4285715,3.6923077,-0.022340568,-0.049908556,-0.0006183781
3536,6.6,4.0,3.6923077,-0.034728933,-0.04763678,-0.0007229726
3537,6.6,0.0,3.0769231,0.034346763,-0.043858416,-0.0004352868
3538,6.6,0.5714286,3.0769231,0.021275718,-0.049678028,-0.00052955345
3539,6.6,1.1428572,3.0769231,0.011935263,-0.04648716,-0.00061045116
3540,6.6,1.7142857,3.0769231,0.0030877434,-0.048386876,-0.0006825462
3541,6.6,2.2857144,3.0769231,-0.0043646037,-0.04896186,-0.00074565655
3542,6.6,2.857143,3.0769231,-0.013719542,-0.04811392,-0.00083422277
3543,6.6,3.4285715,3.0769231,-0.02235492,-0.05000324,-0.00085676496
3544,6.6,4.0,3.0769231,-0.034753144,-0.04771243,-0.00088099163
3545,6.6,0.0,2.4615386,0.034600027,-0.043963633,-0.00048083076
3546,6.6,0.5714286,2.4615386,0.021350324,-0.049847253,-0.0006251542
3547,6.6,1.1428572,2.4615386,0.011956175,-0.046650257,-0.0007536998
3548,6.6,1.7142857,2.4615386,0.003122553,-0.048553,-0.0008708015
3549,6.6,2.2857144,2.4615386,-0.0043572104,-0.04914218,-0.0009805514
3550,6.6,2.857143,2.4615386,-0.013713824,-0.04827785,-0.0010667234
3551,6.6,3.4285715,2.4615386,-0.02236731,-0.050180867,-0.0012504148
3552,6.6,4.0,2.4615386,-0.034828085,-0.047873728,-0.0015096407
3553,6.6,0.0,1.8461539,0.034546822,-0.044251256,-0.0004890175
3554,6.6,0.5714286,1.8461539,0.021380357,-0.05003759,-0.0007544957
3555,6.6,1.1428572,1.8461539,0.012061971,-0.04691247,-0.0009178563
3556,6.6,1.7142857,1.8461539,0.0031199064,-0.04876452,-0.0010648977
3557,6.6,2.2857144,1.8461539,-0.0042847814,-0.049409308,-0.001189406
3558,6.6,2.857143,1.8461539,-0.013720545,-0.048489694,-0.0013613377
3559,6.6,3.4285715,1.8461539,-0.022344822,-0.050446797,-0.0014546606
3560,6.6,4.0,1.8461539,-0.03485954,-0.04806183,-0.0015295763
3561,6.6,0.0,1.2307693,0.03500933,-0.044442933,-0.0007697624
3562,6.6,0.5714286,1.2307693,0.021517968,-0.050353546,-0.0008660587
3563,6.6,1.1428572,1.2307693,0.012042852,-0.047160596,-0.0010766193
3564,6.6,1.7142857,1.2307693,0.00320301,-0.04905781,-0.0012738206
3565,6.6,2.2857144,1.2307693,-0.004260734,-0.049687393,-0.0014318526
3566,6.6,2.857143,1.2307693,-0.013629337,-0.048774395,-0.0015601196
3567,6.6,3.4285715,1.2307693,-0.022317125,-0.050711937,-0.0017798048
3568,6.6,4.0,1.2307693,-0.03490633,-0.04833712,-0.002187919
3569,6.6,0.0,0.61538464,0.034705598,-0.04468897,-0.0003126643
3570,6.6,0.5714286,0.61538464,0.021484483,-0.050570954,-0.00093592046
3571,6.6,1.1428572,0.61538464,0.0120175285,-0.047376845,-0.0012471494
3572,6.6,1.7142857,0.61538464,0.0032427423,-0.04941244,-0.001458287
3573,6.6,2.2857144,0.61538464,-0.004229512,-0.04988931,-0.0016359173
3574,6.6,2.857143,0.61538464,-0.013465126,-0.049143247,-0.0018205387
3575,6.6,3.4285715,0.61538464,-0.02224536,-0.050889764,-0.0019920112
3576,6.6,4.0,0.61538464,-0.034775157,-0.048677124,-0.0019192937
3577,6.6,0.0,0.0,0.034105517,-0.04570548,-0.0002945603
3578,6.6,0.5714286,0.0,0.020679373,-0.05089259,-0.00055259705
3579,6.6,1.1428572,0.0,0.011297249,-0.047795597,-0.0013344741
3580,6.6,1.7142857,0.0,0.0029531387,-0.049673893,-0.0016501888
3581,6.6,2.2857144,0.0,-0.0044321097,-0.050096504,-0.0018174602
3582,6.6,2.857143,0.0,-0.013354874,-0.04944281,-0.002084396
3583,6.6,3.4285715,0.0,-0.022051942,-0.05102856,-0.0021242616
3584,6.6,4.0,0.0,-0.034524918,-0.048964012,-0.0027673848
3585,7.2,0.0,8.0,0.0342635,-0.03627898,0.00056483183
3586,7.2,0.5714286,8.0,0.020867657,-0.02884486,0.0020048076
3587,7.2,1.1428572,8.0,0.011615931,-0.034252476,0.001784591
3588,7.2,1.7142857,8.0,0.0039622746,-0.034127913,0.0013486418
3589,7.2,2.2857144,8.0,-0.005357145,-0.035426233,0.001419808
3590,7.2,2.857143,8.0,-0.012744073,-0.03652457,0.0011067275
3591,7.2,3.4285715,8.0,-0.023652636,-0.03549914,0.0012595296
3592,7.2,4.0,8.0,-0.03386299,-0.037460256,0.0007464957
3593,7.2,0.0,7.3846154,0.03574485,-0.036507376,0.0017948855
3594,7.2,0.5714286,7.3846154,0.021989403,-0.028596617,0.0012538672
3595,7.2,1.1428572,7.3846154,0.012075844,-0.034439154,0.0012269651
3596,7.2,1.7142857,7.3846154,0.0043182545,-0.034156602,0.0011328071
3597,7.2,2.2857144,7.3846154,-0.005342384,-0.035399612,0.0009818885
3598,7.2,2.857143,7.3846154,-0.012774427,-0.03657682,0.0009855235
3599,7.2,3.4285715,7.3846154,-0.023926968,-0.035410207,0.00092933513
3600,7.2,4.0,7.3846154,-0.03410197,-0.037521943,0.0012488253
3601,7.2,0.0,6.769231,0.034931764,-0.036597837,0.0006117334
3602,7.2,0.5714286,6.769231,0.021797745,-0.028572148,0.0008369056
3603,7.2,1.1428572,6.769231,0.011990035,-0.03420061,0.000798437
3604,7.2,1.7142857,6.769231,0.0042876992,-0.034053843,0.00073848607
3605,7.2,2.2857144,6.769231,-0.0054830736,-0.035191204,0.0007257403
3606,7.2,2.857143,6.769231,-0.012864202,-0.036483075,0.0007190741
3607,7.2,3.4285715,6.769231,-0.024129743,-0.035210073,0.0007412599
3608,7.2,4.0,6.769231,-0.03407217,-0.037456278,0.00065856805
3609,7.2,0.0,6.1538463,0.03509012,-0.036334924,0.0003008749
3610,7.2,0.5714286,6.1538463,0.02179946,-0.02836143,0.00036600075
3611,7.2,1.1428572,6.1538463,0.011903127,-0.03400738,0.00042272106
3612,7.2,1.7142857,6.1538463,0.0042566974,-0.033848904,0.00043880063
3613,7.2,2.2857144,6.1538463,-0.0055883667,-0.034969717,0.00045208173
3614,7.2,2.857143,6.1538463,-0.012931972,-0.03630629,0.00045685933
3615,7.2,3.4285715,6.1538463,-0.024205381,-0.034993276,0.0005649927
3616,7.2,4.0,6.1538463,-0.034108434,-0.037311148,0.0008212842
3617,7.2,0.0,5.5384617,0.03474439,-0.036307003,1.4710086e-05
3618,7.2,0.5714286,5.5384617,0.021649571,-0.028228326,7.51308e-05
3619,7.2,1.1428572,5.5384617,0.01185165,-0.03383476,0.00013192404
3620,7.2,1.7142857,5.5384617,0.0041576703,-0.033647183,0.0001593694
3621,7.2,2.2857144,5.5384617,-0.005621821,-0.034804713,0.00018442766
3622,7.2,2.857143,5.5384617,-0.013008569,-0.036086317,0.00023477779
3623,7.2,3.4285715,5.5384617,-0.024221849,-0.034853034,0.00024564195
3624,7.2,4.0,5.5384617,-0.03408953,-0.037097566,0.00025492156
3625,7.2,0.0,4.923077,0.03473914,-0.036158316,-0.00024015497
3626,7.2,0.5714286,4.923077,0.021582793,-0.02811407,-0.00014901353
3627,7.2,1.1428572,4.923077,0.011790941,-0.033726126,-0.00011607104
3628,7.2,1.7142857,4.923077,0.0041128914,-0.03350288,-8.481836e-05
3629,7.2,2.2857144,4.923077,-0.005662911,-0.03467198,-5.9078586e-05
3630,7.2,2.857143,4.923077,-0.013040667,-0.035943534,-4.669712e-05
3631,7.2,3.4285715,4.923077,-0.02422694,-0.03471585,4.885491e-05
3632,7.2,4.0,4.923077,-0.03409898,-0.036973197,0.00020553023
3633,7.2,0.0,4.3076925,0.03462306,-0.03613144,-0.0003217247
3634,7.2,0.5714286,4.3076925,0.021527756,-0.028066749,-0.0003435323
3635,7.2,1.1428572,4.3076925,0.011759509,-0.033657823,-0.00032118533
3636,7.2,1.7142857,4.3076925,0.004074598,-0.03343366,-0.00031493587
3637,7.2,2.2857144,4.3076925,-0.005681355,-0.034602072,-0.0003057919
3638,7.2,2.857143,4.3076925,-0.013065383,-0.03586358,-0.00028315347
3639,7.2,3.4285715,4.3076925,-0.024233792,-0.034652825,-0.00031667843
3640,7.2,4.0,4.3076925,-0.034089822,-0.036892373,-0.00036579985
3641,7.2,0.0,3.6923077,0.03461043,-0.0361315,-0.0005282869
3642,7.2,0.5714286,3.6923077,0.02151491,-0.028066734,-0.0005069288
3643,7.2,1.1428572,3.6923077,0.0117466515,-0.0336578,-0.00052783085
3644,7.2,1.7142857,3.6923077,0.0040617185,-0.033433653,-0.00053457526
3645,7.2,2.2857144,3.6923077,-0.0056942217,-0.034602012,-0.0005423443
3646,7.2,2.857143,3.6923077,-0.013078266,-0.035863563,-0.0005654608
3647,7.2,3.4285715,3.6923077,-0.02424668,-0.034652766,-0.00053054024
3648,7.2,4.0,3.6923077,-0.03410276,-0.036892336,-0.0004817824
3649,7.2,0.0,3.0769231,0.034700315,-0.036157347,-0.0006102661
3650,7.2,0.5714286,3.0769231,0.021544326,-0.028115023,-0.0007010651
3651,7.2,1.1428572,3.0769231,0.011752263,-0.033725493,-0.0007332885
3652,7.2,1.7142857,3.0769231,0.0040743356,-0.033503164,-0.0007643595
3653,7.2,2.2857144,3.0769231,-0.0057015666,-0.034671634,-0.0007893828
3654,7.2,2.857143,3.0769231,-0.013079287,-0.03594356,-0.0008016108
3655,7.2,3.4285715,3.0769231,-0.02426561,-0.034715682,-0.0008963811
3656,7.2,4.0,3.0769231,-0.03413765,-0.03697307,-0.0010527977
3657,7.2,0.0,2.4615386,0.034680452,-0.03630629,-0.0008651477
3658,7.2,0.5714286,2.4615386,0.021585293,-0.028229015,-0.00092512276
3659,7.2,1.1428572,2.4615386,0.01178733,-0.033834208,-0.0009813568
3660,7.2,1.7142857,2.4615386,0.0040932857,-0.03364735,-0.0010084662
3661,7.2,2.2857144,2.4615386,-0.005686153,-0.03480433,-0.0010329935
3662,7.2,2.857143,2.4615386,-0.013073014,-0.036086258,-0.0010829935
3663,7.2,3.4285715,2.4615386,-0.024286238,-0.0348528,-0.0010932845
3664,7.2,4.0,2.4615386,-0.034154132,-0.037097357,-0.001102124
3665,7.2,0.0,1.8461539,0.03499985,-0.036333498,-0.0011513486
3666,7.2,0.5714286,1.8461539,0.021709599,-0.028363056,-0.0012158919
3667,7.2,1.1428572,1.8461539,0.011812947,-0.03400616,-0.0012722637
3668,7.2,1.7142857,1.8461539,0.0041666445,-0.033849437,-0.001287808
3669,7.2,2.2857144,1.8461539,-0.005678507,-0.03496901,-0.0013007636
3670,7.2,2.857143,1.8461539,-0.01302213,-0.036306344,-0.001305001
3671,7.2,3.4285715,1.8461539,-0.024295576,-0.034992915,-0.0014127173
3672,7.2,4.0,1.8461539,-0.034198727,-0.037310876,-0.0016683787
3673,7.2,0.0,1.2307693,0.03481626,-0.036595304,-0.001462087
3674,7.2,0.5714286,1.2307693,0.02168236,-0.028574357,-0.0016868854
3675,7.2,1.1428572,1.2307693,0.011873864,-0.034199093,-0.0016478172
3676,7.2,1.7142857,1.2307693,0.004172144,-0.03405462,-0.0015877198
3677,7.2,2.2857144,1.2307693,-0.005599195,-0.035190266,-0.0015742483
3678,7.2,2.857143,1.2307693,-0.012979901,-0.03648325,-0.0015673875
3679,7.2,3.4285715,1.2307693,-0.024245912,-0.035209496,-0.0015888484
3680,7.2,4.0,1.2307693,-0.034188125,-0.037456058,-0.0015058744
3681,7.2,0.0,0.61538464,0.035602733,-0.036506154,-0.002644566
3682,7.2,0.5714286,0.61538464,0.021848373,-0.028599428,-0.0021037231
3683,7.2,1.1428572,0.61538464,0.011933917,-0.03443731,-0.002076583
3684,7.2,1.7142857,0.61538464,0.004176952,-0.034157827,-0.0019817606
3685,7.2,2.2857144,0.61538464,-0.0054842723,-0.035398316,-0.0018306349
3686,7.2,2.857143,0.61538464,-0.012915839,-0.03657716,-0.0018336199
3687,7.2,3.4285715,0.61538464,-0.024068916,-0.03540946,-0.0017771379
3688,7.2,4.0,0.61538464,-0.034243587,-0.0375217,-0.0020958725
3689,7.2,0.0,0.0,0.034095764,-0.036273804,-0.0014149413
3690,7.2,0.5714286,0.0,0.020701516,-0.028849984,-0.0028539686
3691,7.2,1.1428572,0.0,0.011447643,-0.03424998,-0.0026340696
3692,7.2,1.7142857,0.0,0.0037955984,-0.03412939,-0.002197682
3693,7.2,2.2857144,0.0,-0.005525098,-0.035424806,-0.0022683213
3694,7.2,2.857143,0.0,-0.012910962,-0.036524836,-0.0019550319
3695,7.2,3.4285715,0.0,-0.023820521,-0.035498396,-0.0021071318
3696,7.2,4.0,0.0,-0.034030166,-0.037459742,-0.0015938096
3697,7.8,0.0,8.0,0.035111684,-0.0027909945,0.006464344
3698,7.8,0.5714286,8.0,0.02060824,-0.017487105,0.0036777167
3699,7.8,1.1428572,8.0,0.014044365,-0.017237013,0.0023120265
3700,7.8,1.7142857,8.0,0.0025625671,-0.021234762,0.0020656292
3701,7.8,2.2857144,8.0,-0.0035977885,-0.021926448,0.0012926856
3702,7.8,2.857143,8.0,-0.014912847,-0.022431573,0.0012975095
3703,7.8,3.4285715,8.0,-0.022397554,-0.023659574,0.0007417216
3704,7.8,4.0,8.0,-0.035860598,-0.022193752,0.0009774055
3705,7.8,0.0,7.3846154,0.03581069,-0.00255403,0.002203805
3706,7.8,0.5714286,7.3846154,0.021045066,-0.018524945,0.0024525549
3707,7.8,1.1428572,7.3846154,0.014262049,-0.017487789,0.001819063
3708,7.8,1.7142857,7.3846154,0.0026146949,-0.021537859,0.0013014596
3709,7.8,2.2857144,7.3846154,-0.0035939272,-0.02215249,0.0011645451
3710,7.8,2.857143,7.3846154,-0.015085953,-0.022518838,0.000831987
3711,7.8,3.4285715,7.3846154,-0.022583097,-0.023880577,0.000786989
3712,7.8,4.0,7.3846154,-0.03613039,-0.022244392,0.0004171336
3713,7.8,0.0,6.769231,0.035531353,-0.0025503593,0.0014247852
3714,7.8,0.5714286,6.769231,0.02084078,-0.018021716,0.0012561961
3715,7.8,1.1428572,6.769231,0.014340592,-0.01749235,0.0011398643
3716,7.8,1.7142857,6.769231,0.0024736545,-0.021429926,0.0009506585
3717,7.8,2.2857144,6.769231,-0.0036115414,-0.022128832,0.0007382839
3718,7.8,2.857143,6.769231,-0.015282648,-0.022442698,0.0006607373
3719,7.8,3.4285715,6.769231,-0.022648782,-0.023853734,0.0005769932
3720,7.8,4.0,6.769231,-0.03627409,-0.02220476,0.0008023847
3721,7.8,0.0,6.1538463,0.03558276,-0.0025531102,0.0006854993
3722,7.8,0.5714286,6.1538463,0.020813806,-0.018118408,0.0006968163
3723,7.8,1.1428572,6.1538463,0.014269065,-0.01725418,0.0006261711
3724,7.8,1.7142857,6.1538463,0.0024153355,-0.021283409,0.0005566715
3725,7.8,2.2857144,6.1538463,-0.0036853713,-0.022015015,0.00046232133
3726,7.8,2.857143,6.1538463,-0.015375985,-0.022273613,0.00041723967
3727,7.8,3.4285715,6.1538463,-0.02271395,-0.023790542,0.0003657053
3728,7.8,4.0,6.1538463,-0.03630416,-0.022033056,0.0003015127
3729,7.8,0.0,5.5384617,0.03533119,-0.0025386617,0.00020275616
3730,7.8,0.5714286,5.5384617,0.02071662,-0.017929597,0.00025205096
3731,7.8,1.1428572,5.5384617,0.0141986655,-0.017200124,0.0002566302
3732,7.8,1.7142857,5.5384617,0.0023630883,-0.021132251,0.00021425977
3733,7.8,2.2857144,5.5384617,-0.0037587658,-0.021848679,0.00020198915
3734,7.8,2.857143,5.5384617,-0.015412276,-0.022177227,0.00015061711
3735,7.8,3.4285715,5.5384617,-0.02276265,-0.023601655,0.00021946689
3736,7.8,4.0,5.5384617,-0.036294386,-0.02198575,0.00037560426
3737,7.8,0.0,4.923077,0.03528744,-0.0025460012,-3.9849976e-05
3738,7.8,0.5714286,4.923077,0.020671561,-0.01793662,-6.1208906e-05
3739,7.8,1.1428572,4.923077,0.014127778,-0.017058644,-5.8270798e-05
3740,7.8,1.7142857,4.923077,0.002330828,-0.021060318,-4.5339068e-05
3741,7.8,2.2857144,4.923077,-0.003806629,-0.021731852,-8.438691e-05
3742,7.8,2.857143,4.923077,-0.015436608,-0.022064082,-4.8278776e-05
3743,7.8,3.4285715,4.923077,-0.022788243,-0.023513278,-0.00010666458
3744,7.8,4.0,4.923077,-0.03627371,-0.021862675,-0.0001154839
3745,7.8,0.0,4.3076925,0.03519702,-0.0025398682,-0.00036503156
3746,7.8,0.5714286,4.3076925,0.020626679,-0.017873224,-0.00031543674
3747,7.8,1.1428572,4.3076925,0.014093011,-0.017039884,-0.00030752312
3748,7.8,1.7142857,4.3076925,0.0023036972,-0.020995202,-0.0003259319
3749,7.8,2.2857144,4.3076925,-0.0038353808,-0.021674609,-0.00029854864
3750,7.8,2.857143,4.3076925,-0.015451868,-0.022014625,-0.00033974173
3751,7.8,3.4285715,4.3076925,-0.022803152,-0.0234407,-0.00025724887
3752,7.8,4.0,4.3076925,-0.036271997,-0.021831848,-0.00019111249
3753,7.8,0.0,3.6923077,0.03518413,-0.0025402422,-0.0005111095
3754,7.8,0.5714286,3.6923077,0.020613745,-0.017872915,-0.0005592586
3755,7.8,1.1428572,3.6923077,0.014080169,-0.017040147,-0.0005675093
3756,7.8,1.7142857,3.6923077,0.0022908146,-0.020994863,-0.00054775696
3757,7.8,2.2857144,3.6923077,-0.0038482544,-0.021674749,-0.0005755225
3758,7.8,2.857143,3.6923077,-0.015464745,-0.022014437,-0.0005330347
3759,7.8,3.4285715,3.6923077,-0.022816041,-0.023440707,-0.00061582023
3760,7.8,4.0,3.6923077,-0.036284868,-0.021831773,-0.00068059494
3761,7.8,0.0,3.0769231,0.03524897,-0.002547367,-0.0008359969
3762,7.8,0.5714286,3.0769231,0.020633055,-0.017935857,-0.00081377354
3763,7.8,1.1428572,3.0769231,0.014089082,-0.017058747,-0.00081642385
3764,7.8,1.7142857,3.0769231,0.0022922994,-0.021059982,-0.0008286658
3765,7.8,2.2857144,3.0769231,-0.0038453464,-0.021731751,-0.0007894061
3766,7.8,2.857143,3.0769231,-0.015475161,-0.022063844,-0.0008247561
3767,7.8,3.4285715,3.0769231,-0.022827005,-0.02351311,-0.0007661756
3768,7.8,4.0,3.0769231,-0.036312357,-0.021862544,-0.00075647025
3769,7.8,0.0,2.4615386,0.035266906,-0.0025405032,-0.0010785875
3770,7.8,0.5714286,2.4615386,0.02065224,-0.017928155,-0.0011269762
3771,7.8,1.1428572,2.4615386,0.014134263,-0.017200654,-0.0011313839
3772,7.8,1.7142857,2.4615386,0.002298816,-0.02113134,-0.0010882488
3773,7.8,2.2857144,2.4615386,-0.0038232636,-0.02184875,-0.001075755
3774,7.8,2.857143,2.4615386,-0.015476551,-0.022176713,-0.0010237566
3775,7.8,3.4285715,2.4615386,-0.022827225,-0.023601454,-0.0010921907
3776,7.8,4.0,2.4615386,-0.036358744,-0.021985518,-0.001247684
3777,7.8,0.0,1.8461539,0.035492897,-0.0025550365,-0.0015612203
3778,7.8,0.5714286,1.8461539,0.020723868,-0.018116817,-0.0015719719
3779,7.8,1.1428572,1.8461539,0.014178803,-0.017254483,-0.0015006522
3780,7.8,1.7142857,1.8461539,0.002325388,-0.021282393,-0.0014308844
3781,7.8,2.2857144,1.8461539,-0.0037756842,-0.022015011,-0.0013360245
3782,7.8,2.857143,1.8461539,-0.015465968,-0.022272967,-0.0012904092
3783,7.8,3.4285715,1.8461539,-0.022804357,-0.02379026,-0.0012384662
3784,7.8,4.0,1.8461539,-0.036394317,-0.022032702,-0.0011735997
3785,7.8,0.0,1.2307693,0.035416003,-0.0025554798,-0.0023002727
3786,7.8,0.5714286,1.2307693,0.020724611,-0.01801813,-0.002131103
3787,7.8,1.1428572,1.2307693,0.014224835,-0.017493628,-0.0020146868
3788,7.8,1.7142857,1.2307693,0.0023577646,-0.021428257,-0.001824792
3789,7.8,2.2857144,1.2307693,-0.0037274633,-0.022129146,-0.0016120279
3790,7.8,2.857143,1.2307693,-0.015398511,-0.022441698,-0.0015339593
3791,7.8,3.4285715,1.2307693,-0.022764832,-0.02385352,-0.001449695
3792,7.8,4.0,1.2307693,-0.03639009,-0.02220432,-0.0016745218
3793,7.8,0.0,0.61538464,0.03566992,-0.0025560993,-0.00307986
3794,7.8,0.5714286,0.61538464,0.020903273,-0.018522728,-0.0033274572
3795,7.8,1.1428572,0.61538464,0.014120537,-0.017489078,-0.0026940359
3796,7.8,1.7142857,0.61538464,0.002473023,-0.021536019,-0.0021754904
3797,7.8,2.2857144,0.61538464,-0.0037355719,-0.022152908,-0.0020384185
3798,7.8,2.857143,0.61538464,-0.015227586,-0.022517612,-0.001705089
3799,7.8,3.4285715,0.61538464,-0.02272488,-0.023880368,-0.0016598413
3800,7.8,4.0,0.61538464,-0.03627222,-0.02224374,-0.0012891686
3801,7.8,0.0,0.0,0.034944654,-0.0028049618,-0.0073358016
3802,7.8,0.5714286,0.0,0.020440387,-0.01748202,-0.0045542256
3803,7.8,1.1428572,0.0,0.013876932,-0.017239638,-0.0031860217
3804,7.8,1.7142857,0.0,0.002395173,-0.02123225,-0.0029401423
3805,7.8,2.2857144,0.0,-0.0037652699,-0.02192705,-0.0021662184
3806,7.8,2.857143,0.0,-0.015080144,-0.022430144,-0.0021708729
3807,7.8,3.4285715,0.0,-0.022565093,-0.023659213,-0.001614334
3808,7.8,4.0,0.0,-0.036028013,-0.022193322,-0.0018497213
3809,8.4,0.0,8.0,0.031093864,-0.005191594,0.0035514203
3810,8.4,0.5714286,8.0,0.026186552,-0.0009071013,0.0035536916
3811,8.4,1.1428572,8.0,0.011363909,-0.008061231,0.0024133006
3812,8.4,1.7142857,8.0,0.006136921,-0.007665116,0.0017481347
3813,8.4,2.2857144,8.0,-0.0064537344,-0.009913454,0.0013886122
3814,8.4,2.857143,8.0,-0.012387099,-0.010543696,0.00088894926
3815,8.4,3.4285715,8.0,-0.025462156,-0.010224836,0.0006955383
3816,8.4,4.0,8.0,-0.03318363,-0.011736792,8.6757485e-05
3817,8.4,0.0,7.3846154,0.029962119,-0.0059315315,0.0029140401
3818,8.4,0.5714286,7.3846154,0.02568251,-0.001270241,0.0022070054
3819,8.4,1.1428572,7.3846154,0.011166456,-0.008600272,0.0017610565
3820,8.4,1.7142857,7.3846154,0.0059831836,-0.007962891,0.001339655
3821,8.4,2.2857144,7.3846154,-0.006665263,-0.01018231,0.0009872054
3822,8.4,2.857143,7.3846154,-0.012537143,-0.01079125,0.0007369361
3823,8.4,3.4285715,7.3846154,-0.02572538,-0.010414026,0.00052540813
3824,8.4,4.0,7.3846154,-0.033332307,-0.011964697,0.000558262
3825,8.4,0.0,6.769231,0.030615948,-0.0061384286,0.0013296764
3826,8.4,0.5714286,6.769231,0.026043998,-0.001158784,0.0013784228
3827,8.4,1.1428572,6.769231,0.011046887,-0.008577943,0.0011634445
3828,8.4,1.7142857,6.769231,0.0060665393,-0.008007843,0.0008902878
3829,8.4,2.2857144,6.769231,-0.0068418374,-0.01016407,0.0006873664
3830,8.4,2.857143,6.769231,-0.012575223,-0.010860406,0.00052381516
3831,8.4,3.4285715,6.769231,-0.025935337,-0.010385267,0.00036848162
3832,8.4,4.0,6.769231,-0.033373747,-0.012090392,0.00020498043
3833,8.4,0.0,6.1538463,0.030071534,-0.0060534296,0.0008462028
3834,8.4,0.5714286,6.1538463,0.025876228,-0.0012081668,0.0007416933
3835,8.4,1.1428572,6.1538463,0.0110300025,-0.008454215,0.0006468663
3836,8.4,1.7142857,6.1538463,0.0059755296,-0.007943981,0.00053882634
3837,8.4,2.2857144,6.1538463,-0.006912411,-0.0100734355,0.0004077459
3838,8.4,2.857143,6.1538463,-0.012661221,-0.01080786,0.00029036056
3839,8.4,3.4285715,6.1538463,-0.026010867,-0.010314588,0.00028274115
3840,8.4,4.0,6.1538463,-0.03340089,-0.012043942,0.00039375506
3841,8.4,0.0,5.5384617,0.030289339,-0.006142049,0.0003123809
3842,8.4,0.5714286,5.5384617,0.025844136,-0.0011237126,0.00030290856
3843,8.4,1.1428572,5.5384617,0.010964097,-0.008415193,0.000280134
3844,8.4,1.7142857,5.5384617,0.0059283124,-0.00782889,0.0002005365
3845,8.4,2.2857144,5.5384617,-0.006960632,-0.009997063,0.00014706956
3846,8.4,2.857143,5.5384617,-0.01272406,-0.010696257,9.97911e-05
3847,8.4,3.4285715,5.5384617,-0.026039727,-0.010250066,3.3908953e-05
3848,8.4,4.0,5.5384617,-0.033427518,-0.011959705,-1.5930278e-05
3849,8.4,0.0,4.923077,0.030055594,-0.006082836,-3.4169978e-05
3850,8.4,0.5714286,4.923077,0.025743946,-0.0011187991,-2.5345531e-05
3851,8.4,1.1428572,4.923077,0.010945323,-0.008348068,-5.3246047e-05
3852,8.4,1.7142857,4.923077,0.0058634803,-0.0077606705,-6.310908e-05
3853,8.4,2.2857144,4.923077,-0.006983361,-0.009925012,-0.00010379965
3854,8.4,2.857143,4.923077,-0.01276784,-0.010613382,-0.00013042286
3855,8.4,3.4285715,4.923077,-0.026048766,-0.010183425,-9.41703e-05
3856,8.4,4.0,4.923077,-0.033433158,-0.0118806055,1.0700649e-05
3857,8.4,0.0,4.3076925,0.030095065,-0.0060962187,-0.00030472144
3858,8.4,0.5714286,4.3076925,0.025711345,-0.001093604,-0.0003236806
3859,8.4,1.1428572,4.3076925,0.01091102,-0.0083235325,-0.00031002716
3860,8.4,1.7142857,4.3076925,0.005837722,-0.0077193077,-0.00033418214
3861,8.4,2.2857144,4.3076925,-0.007005384,-0.009886065,-0.0003290203
3862,8.4,2.857143,4.3076925,-0.012791218,-0.010567959,-0.00033672774
3863,8.4,3.4285715,4.3076925,-0.026059035,-0.010145722,-0.00037397546
3864,8.4,4.0,4.3076925,-0.0334399,-0.011841788,-0.00043683042
3865,8.4,0.0,3.6923077,0.030082235,-0.0060956567,-0.000595714
3866,8.4,0.5714286,3.6923077,0.02569848,-0.0010935216,-0.00057694275
3867,8.4,1.1428572,3.6923077,0.010898188,-0.008323397,-0.00058928726
3868,8.4,1.7142857,3.6923077,0.0058248066,-0.007719234,-0.0005653799
3869,8.4,2.2857144,3.6923077,-0.007018214,-0.009885951,-0.0005693282
3870,8.4,2.857143,3.6923077,-0.012804148,-0.010567897,-0.000561839
3871,8.4,3.4285715,3.6923077,-0.02607188,-0.0101456195,-0.0005233513
3872,8.4,4.0,3.6923077,-0.033452872,-0.011841697,-0.00046062114
3873,8.4,0.0,3.0769231,0.0300174,-0.0060806903,-0.00086651475
3874,8.4,0.5714286,3.0769231,0.025705028,-0.0011193565,-0.0008750611
3875,8.4,1.1428572,3.0769231,0.01090696,-0.008347087,-0.00084625446
3876,8.4,1.7142857,3.0769231,0.0058246525,-0.00776081,-0.00083627197
3877,8.4,2.2857144,3.0769231,-0.0070217946,-0.009924465,-0.0007947363
3878,8.4,2.857143,3.0769231,-0.012806671,-0.010613288,-0.000767966
3879,8.4,3.4285715,3.0769231,-0.026087249,-0.010183124,-0.0008033463
3880,8.4,4.0,3.0769231,-0.033472035,-0.011880325,-0.00090795883
3881,8.4,0.0,2.4615386,0.030225374,-0.00613894,-0.0012131156
3882,8.4,0.5714286,2.4615386,0.025779547,-0.0011237838,-0.0012032185
3883,8.4,1.1428572,2.4615386,0.0109000355,-0.008414108,-0.0011797317
3884,8.4,1.7142857,2.4615386,0.00586366,-0.007828757,-0.0010998225
3885,8.4,2.2857144,2.4615386,-0.0070247264,-0.009996366,-0.001045719
3886,8.4,2.857143,2.4615386,-0.012788753,-0.010696004,-0.000998102
3887,8.4,3.4285715,2.4615386,-0.026103893,-0.010249594,-0.0009315235
3888,8.4,4.0,2.4615386,-0.033492338,-0.01195927,-0.0008812842
3889,8.4,0.0,1.8461539,0.02998231,-0.0060487976,-0.001746995
3890,8.4,0.5714286,1.8461539,0.025785556,-0.0012089598,-0.0016419556
3891,8.4,1.1428572,1.8461539,0.010940391,-0.008452091,-0.0015465007
3892,8.4,1.7142857,1.8461539,0.005884988,-0.007944156,-0.0014381157
3893,8.4,2.2857144,1.8461539,-0.0070021474,-0.010072281,-0.0013064812
3894,8.4,2.857143,1.8461539,-0.012751778,-0.0108076325,-0.0011886213
3895,8.4,3.4285715,1.8461539,-0.026100695,-0.010313916,-0.0011804347
3896,8.4,4.0,1.8461539,-0.03349158,-0.012043322,-0.0012908822
3897,8.4,0.0,1.2307693,0.030500736,-0.0061311284,-0.002230555
3898,8.4,0.5714286,1.2307693,0.025927734,-0.0011594642,-0.0022786097
3899,8.4,1.1428572,1.2307693,0.010931505,-0.008575444,-0.0020631775
3900,8.4,1.7142857,1.2307693,0.0059501994,-0.008008112,-0.0017897367
3901,8.4,2.2857144,1.2307693,-0.006957277,-0.010162588,-0.0015859938
3902,8.4,2.857143,1.2307693,-0.012691587,-0.010860218,-0.0014222317
3903,8.4,3.4285715,1.2307693,-0.02605089,-0.010384318,-0.0012660596
3904,8.4,4.0,1.2307693,-0.0334903,-0.012089716,-0.001102289
3905,8.4,0.0,0.61538464,0.029821815,-0.005923426,-0.0038142805
3906,8.4,0.5714286,0.61538464,0.025540264,-0.0012719433,-0.0031076483
3907,8.4,1.1428572,0.61538464,0.011025288,-0.008597137,-0.0026610375
3908,8.4,1.7142857,0.61538464,0.0058411323,-0.007963526,-0.002238895
3909,8.4,2.2857144,0.61538464,-0.0068064905,-0.010180387,-0.0018861074
3910,8.4,2.857143,0.61538464,-0.012679231,-0.010791136,-0.0016351372
3911,8.4,3.4285715,0.61538464,-0.025866667,-0.0104128765,-0.0014232062
3912,8.4,4.0,0.61538464,-0.03347461,-0.011963836,-0.0014553482
3913,8.4,0.0,0.0,0.030927772,-0.005181528,-0.0044529918
3914,8.4,0.5714286,0.0,0.026017718,-0.0009102031,-0.004454606
3915,8.4,1.1428572,0.0,0.011197547,-0.008057268,-0.0033130064
3916,8.4,1.7142857,0.0,0.005968529,-0.007665965,-0.0026477566
3917,8.4,2.2857144,0.0,-0.006620261,-0.009911213,-0.002287205
3918,8.4,2.857143,0.0,-0.012555307,-0.010543519,-0.0017874669
3919,8.4,3.4285715,0.0,-0.02562881,-0.010223527,-0.0015930829
3920,8.4,4.0,0.0,-0.033351976,-0.011735702,-0.000984078
3921,9.0,0.0,8.0,0.03451277,0.0060704323,0.0013352082
3922,9.0,0.5714286,8.0,0.022253683,0.0015467299,0.0015233257
3923,9.0,1.1428572,8.0,0.016064335,0.004946365,0.0017065094
3924,9.0,1.7142857,8.0,0.0026117638,0.0013921511,0.0012762122
3925,9.0,2.2857144,8.0,-0.0028170226,0.0018904273,0.00095913076
3926,9.0,2.857143,8.0,-0.016025763,0.0010314026,0.00067945634
3927,9.0,3.4285715,8.0,-0.022331862,0.00038422566,0.00033266077
3928,9.0,4.0,8.0,-0.036344968,0.0011959116,0.00030377874
3929,9.0,0.0,7.3846154,0.034035817,0.0065255025,0.0015152135
3930,9.0,0.5714286,7.3846154,0.021499952,0.0012844914,0.0014666839
3931,9.0,1.1428572,7.3846154,0.015650285,0.0047832844,0.0012719892
3932,9.0,1.7142857,7.3846154,0.0022369928,0.0010879679,0.0009980069
3933,9.0,2.2857144,7.3846154,-0.003031885,0.0016649741,0.00073273253
3934,9.0,2.857143,7.3846154,-0.016320847,0.00080733316,0.00050461426
3935,9.0,3.4285715,7.3846154,-0.022490444,0.00015342754,0.00026729604
3936,9.0,4.0,7.3846154,-0.036628503,0.000970799,-3.7636568e-05
3937,9.0,0.0,6.769231,0.03408019,0.0062914845,0.0012532519
3938,9.0,0.5714286,6.769231,0.021492088,0.0010112791,0.0010324768
3939,9.0,1.1428572,6.769231,0.015796967,0.004723608,0.0008558493
3940,9.0,1.7142857,6.769231,0.0020750745,0.0010286645,0.0006962923
3941,9.0,2.2857144,6.769231,-0.0030270505,0.0015649558,0.0005013354
3942,9.0,2.857143,6.769231,-0.016528742,0.00078332954,0.00031931137
3943,9.0,3.4285715,6.769231,-0.022538383,2.4192765e-05,0.00023382471
3944,9.0,4.0,6.769231,-0.03681007,0.0009613972,0.0002691446
3945,9.0,0.0,6.1538463,0.03419123,0.0062278276,0.00056970917
3946,9.0,0.5714286,6.1538463,0.021439534,0.001111504,0.0006042405
3947,9.0,1.1428572,6.1538463,0.015697746,0.0046651657,0.0005150123
3948,9.0,1.7142857,6.1538463,0.0020329927,0.001076203,0.00038598373
3949,9.0,2.2857144,6.1538463,-0.003117752,0.0015653871,0.0002664732
3950,9.0,2.857143,6.1538463,-0.016609214,0.0008120916,0.00017920464
3951,9.0,3.4285715,6.1538463,-0.022621915,2.6117752e-05,4.890845e-05
3952,9.0,4.0,6.1538463,-0.036878433,0.00095345755,-4.1330542e-05
3953,9.0,0.0,5.5384617,0.03396594,0.006249533,0.00030060083
3954,9.0,0.5714286,5.5384617,0.021385312,0.0010635885,0.0002409654
3955,9.0,1.1428572,5.5384617,0.015670722,0.0047385944,0.0001814649
3956,9.0,1.7142857,5.5384617,0.0019780986,0.0010937585,0.00012805514
3957,9.0,2.2857144,5.5384617,-0.0031726486,0.0016318432,5.2492756e-05
3958,9.0,2.857143,5.5384617,-0.016655456,0.0008423978,-2.2175582e-05
3959,9.0,3.4285715,5.5384617,-0.02267397,8.3636514e-05,-8.677133e-06
3960,9.0,4.0,5.5384617,-0.03687882,0.0009804986,6.697106e-05
3961,9.0,0.0,4.923077,0.034002226,0.006232014,-8.940344e-05
3962,9.0,0.5714286,4.923077,0.02135388,0.0011120255,-6.4713524e-05
3963,9.0,1.1428572,4.923077,0.015596028,0.0047540497,-8.494261e-05
3964,9.0,1.7142857,4.923077,0.001963438,0.0011383562,-0.00012437723
3965,9.0,2.2857144,4.923077,-0.0032266646,0.0016802582,-0.00015994663
3966,9.0,2.857143,4.923077,-0.016674118,0.00088283484,-0.00017809005
3967,9.0,3.4285715,4.923077,-0.022710457,0.00013438406,-0.00024520032
3968,9.0,4.0,4.923077,-0.0368773,0.001004435,-0.00028997104
3969,9.0,0.0,4.3076925,0.03390773,0.006244552,-0.00031175904
3970,9.0,0.5714286,4.3076925,0.021320272,0.0011142939,-0.0003324149
3971,9.0,1.1428572,4.3076925,0.0155734345,0.0047785244,-0.00034508042
3972,9.0,1.7142857,4.3076925,0.0019362761,0.0011582153,-0.0003476583
3973,9.0,2.2857144,4.3076925,-0.0032511568,0.0017087541,-0.00036083176
3974,9.0,2.857143,4.3076925,-0.016691966,0.00090751005,-0.00038002353
3975,9.0,3.4285715,4.3076925,-0.022728778,0.00016270939,-0.0003354615
3976,9.0,4.0,4.3076925,-0.036876094,0.0010267392,-0.0002743964
3977,9.0,0.0,3.6923077,0.033894885,0.0062443316,-0.00061460846
3978,9.0,0.5714286,3.6923077,0.021307493,0.0011146325,-0.00059264345
3979,9.0,1.1428572,3.6923077,0.015560461,0.0047785267,-0.0005800595
3980,9.0,1.7142857,3.6923077,0.0019235091,0.0011584411,-0.0005763061
3981,9.0,2.2857144,3.6923077,-0.0032641247,0.0017087844,-0.0005632634
3982,9.0,2.857143,3.6923077,-0.01670476,0.0009076675,-0.0005429125
3983,9.0,3.4285715,3.6923077,-0.022741746,0.00016278116,-0.00058755046
3984,9.0,4.0,3.6923077,-0.036888905,0.0010268247,-0.0006473867
3985,9.0,0.0,3.0769231,0.033963196,0.0062314915,-0.0008368155
3986,9.0,0.5714286,3.0769231,0.021315718,0.0011134067,-0.0008604849
3987,9.0,1.1428572,3.0769231,0.015557106,0.00475388,-0.00084006466
3988,9.0,1.7142857,3.0769231,0.0019251317,0.0011391025,-0.0007997217
3989,9.0,2.2857144,3.0769231,-0.0032655813,0.0016803386,-0.0007640232
3990,9.0,2.857143,3.0769231,-0.016712477,0.00088329054,-0.00074498233
3991,9.0,3.4285715,3.0769231,-0.022749415,0.0001346266,-0.000677687
3992,9.0,4.0,3.0769231,-0.03691573,0.0010047059,-0.0006319626
3993,9.0,0.0,2.4615386,0.0339013,0.006248767,-0.0012267209
3994,9.0,0.5714286,2.4615386,0.021321546,0.0010654066,-0.0011663041
3995,9.0,1.1428572,2.4615386,0.015605894,0.00473863,-0.0011063433
3996,9.0,1.7142857,2.4615386,0.0019142152,0.0010948342,-0.001052292
3997,9.0,2.2857144,2.4615386,-0.0032374628,0.0016320599,-0.0009763575
3998,9.0,2.857143,2.4615386,-0.016719442,0.0008431056,-0.0009010269
3999,9.0,3.4285715,2.4615386,-0.022738824,8.403731e-05,-0.00091410143
4000,9.0,4.0,2.4615386,-0.036942914,0.0009809344,-0.0009890145
4001,9.0,0.0,1.8461539,0.03410029,0.006226822,-0.0014959092
4002,9.0,0.5714286,1.8461539,0.02135039,0.0011145796,-0.0015295054
4003,9.0,1.1428572,1.8461539,0.015606959,0.004664898,-0.0014399593
4004,9.0,1.7142857,1.8461539,0.0019435721,0.0010778919,-0.0013102352
4005,9.0,2.2857144,1.8461539,-0.0032085285,0.001565557,-0.0011903753
4006,9.0,2.857143,1.8461539,-0.01669875,0.0008131256,-0.0011024126
4007,9.0,3.4285715,1.8461539,-0.022712765,2.6641295e-05,-0.0009717148
4008,9.0,4.0,1.8461539,-0.036968116,0.0009540664,-0.0008807456
4009,9.0,0.0,1.2307693,0.033963714,0.0062893336,-0.0021792832
4010,9.0,0.5714286,1.2307693,0.021377422,0.0010152753,-0.00195793
4011,9.0,1.1428572,1.2307693,0.015680233,0.00472319,-0.0017808256
4012,9.0,1.7142857,1.2307693,0.0019600631,0.0010308604,-0.0016206042
4013,9.0,2.2857144,1.2307693,-0.0031437082,0.0015650357,-0.0014252753
4014,9.0,2.857143,1.2307693,-0.016643917,0.0007847348,-0.0012425315
4015,9.0,3.4285715,1.2307693,-0.022655087,2.4742698e-05,-0.001156646
4016,9.0,4.0,1.2307693,-0.036925424,0.0009622132,-0.0011911998
4017,9.0,0.0,0.61538464,0.033893004,0.0065230317,-0.00244163
4018,9.0,0.5714286,0.61538464,0.021359738,0.0012896047,-0.002392144
4019,9.0,1.1428572,0.61538464,0.015507585,0.0047823815,-0.002197072
4020,9.0,1.7142857,0.61538464,0.0020963913,0.001090748,-0.0019224284
4021,9.0,2.2857144,0.61538464,-0.0031744647,0.0016649324,-0.001656635
4022,9.0,2.857143,0.61538464,-0.016461587,0.0008090739,-0.0014279125
4023,9.0,3.4285715,0.61538464,-0.022633087,0.00015407911,-0.0011900878
4024,9.0,4.0,0.61538464,-0.036769427,0.0009717428,-0.0008844964
4025,9.0,0.0,0.0,0.03434422,0.0060667247,-0.0022615795
4026,9.0,0.5714286,0.0,0.022088123,0.0015529935,-0.0024490175
4027,9.0,1.1428572,0.0,0.015895367,0.004944996,-0.0026318554
4028,9.0,1.7142857,0.0,0.002445877,0.0013955517,-0.0022005236
4029,9.0,2.2857144,0.0,-0.0029857638,0.0018902975,-0.001883219
4030,9.0,2.857143,0.0,-0.01619184,0.0010334665,-0.0016026577
4031,9.0,3.4285715,0.0,-0.022500556,0.0003849753,-0.0012555597
4032,9.0,4.0,0.0,-0.03651125,0.0011970262,-0.0012258291
4033,9.6,0.0,8.0,0.031014446,0.010900425,0.0008979056
4034,9.6,0.5714286,8.0,0.025576944,0.014708014,0.0008240089
4035,9.6,1.1428572,8.0,0.012336375,0.011133846,0.00066890277
4036,9.6,1.7142857,8.0,0.0066017634,0.013264353,0.0007514988
4037,9.6,2.2857144,8.0,-0.0066942833,0.011494861,0.0004995888
4038,9.6,2.857143,8.0,-0.012413689,0.011756823,0.00032389298
4039,9.6,3.4285715,8.0,-0.02623511,0.011782422,9.662034e-05
4040,9.6,4.0,8.0,-0.03252206,0.010958077,-0.000375871
4041,9.6,0.0,7.3846154,0.030493386,0.010605269,0.0006625226
4042,9.6,0.5714286,7.3846154,0.02525957,0.014825523,0.0006880334
4043,9.6,1.1428572,7.3846154,0.011836556,0.010977352,0.00068317924
4044,9.6,1.7142857,7.3846154,0.0063150264,0.013159019,0.0005528276
4045,9.6,2.2857144,7.3846154,-0.0070526204,0.011304205,0.0004116734
4046,9.6,2.857143,7.3846154,-0.012596078,0.011574398,0.0002144212
4047,9.6,3.4285715,7.3846154,-0.026506428,0.011592005,8.168444e-05
4048,9.6,4.0,7.3846154,-0.032629725,0.010752739,6.933252e-05
4049,9.6,0.0,6.769231,0.030299278,0.0106271235,0.00061624206
4050,9.6,0.5714286,6.769231,0.02517649,0.014805316,0.0005765578
4051,9.6,1.1428572,6.769231,0.011651841,0.010826867,0.00050421566
4052,9.6,1.7142857,6.769231,0.006316475,0.013071526,0.0003836754
4053,9.6,2.2857144,6.769231,-0.007262716,0.011237602,0.00025008994
4054,9.6,2.857143,6.769231,-0.0126382625,0.011454114,0.0001357704
4055,9.6,3.4285715,6.769231,-0.026723998,0.0115548195,-2.6163927e-05
4056,9.6,4.0,6.769231,-0.032700952,0.010585134,-0.00019867776
4057,9.6,0.0,6.1538463,0.030271348,0.010578511,0.00042144328
4058,9.6,0.5714286,6.1538463,0.025178475,0.014659294,0.0003385752
4059,9.6,1.1428572,6.1538463,0.011618772,0.010851301,0.00026185284
4060,9.6,1.7142857,6.1538463,0.006232149,0.013007041,0.00019002835
4061,9.6,2.2857144,6.1538463,-0.00733197,0.011237036,9.738848e-05
4062,9.6,2.857143,6.1538463,-0.012732382,0.011417628,-1.1395787e-05
4063,9.6,3.4285715,6.1538463,-0.026807792,0.011535964,-2.9435623e-05
4064,9.6,4.0,6.1538463,-0.032761842,0.0105563775,6.801208e-06
4065,9.6,0.0,5.5384617,0.030235281,0.010567129,6.915845e-05
4066,9.6,0.5714286,5.5384617,0.025086885,0.014714924,8.800777e-05
4067,9.6,1.1428572,5.5384617,0.011561433,0.010809255,5.847235e-05
4068,9.6,1.7142857,5.5384617,0.006184498,0.0130368555,-1.5026429e-05
4069,9.6,2.2857144,5.5384617,-0.0073842783,0.011228829,-7.00526e-05
4070,9.6,2.857143,5.5384617,-0.01279284,0.011443078,-0.00011612069
4071,9.6,3.4285715,5.5384617,-0.026847776,0.011531134,-0.00020550367
4072,9.6,4.0,5.5384617,-0.032806814,0.01056043,-0.00027595353
4073,9.6,0.0,4.923077,0.030179769,0.010566291,-0.00010266251
4074,9.6,0.5714286,4.923077,0.025046326,0.014693142,-0.00014495433
4075,9.6,1.1428572,4.923077,0.011546304,0.010836754,-0.0001747948
4076,9.6,1.7142857,4.923077,0.0061280886,0.013048783,-0.00019482677
4077,9.6,2.2857144,4.923077,-0.0074038706,0.011244107,-0.00023161233
4078,9.6,2.857143,4.923077,-0.012840048,0.011467587,-0.00027295706
4079,9.6,3.4285715,4.923077,-0.02686267,0.011540385,-0.00024287963
4080,9.6,4.0,4.923077,-0.032824907,0.010585024,-0.00019103773
4081,9.6,0.0,4.3076925,0.030163664,0.010570651,-0.0003977545
4082,9.6,0.5714286,4.3076925,0.025006862,0.014708952,-0.00036883692
4083,9.6,1.1428572,4.3076925,0.011517504,0.010838914,-0.00036648707
4084,9.6,1.7142857,4.3076925,0.0061038067,0.013062899,-0.00038792778
4085,9.6,2.2857144,4.3076925,-0.00742551,0.011255117,-0.00039354188
4086,9.6,2.857143,4.3076925,-0.012863951,0.011482202,-0.00039458973
4087,9.6,3.4285715,4.3076925,-0.026875572,0.0115504665,-0.0004476548
4088,9.6,4.0,4.3076925,-0.032838713,0.0105943,-0.0004964957
4089,9.6,0.0,3.6923077,0.030150827,0.01057114,-0.0005531305
4090,9.6,0.5714286,3.6923077,0.024993904,0.01470889,-0.0005820326
4091,9.6,1.1428572,3.6923077,0.011504789,0.010839218,-0.0005831776
4092,9.6,1.7142857,3.6923077,0.0060908026,0.013062895,-0.00056176324
4093,9.6,2.2857144,3.6923077,-0.007438257,0.011255332,-0.00055502506
4094,9.6,2.857143,3.6923077,-0.012876952,0.011482259,-0.0005540069
4095,9.6,3.4285715,3.6923077,-0.02688835,0.011550609,-0.0004997898
4096,9.6,4.0,3.6923077,-0.032851733,0.010594419,-0.00045091566
4097,9.6,0.0,3.0769231,0.03014167,0.010567474,-0.0008483419
4098,9.6,0.5714286,3.0769231,0.025007375,0.01469275,-0.0008058122
4099,9.6,1.1428572,3.0769231,0.011508083,0.010837719,-0.0007749836
4100,9.6,1.7142857,3.0769231,0.006089129,0.013048783,-0.00075475767
4101,9.6,2.2857144,3.0769231,-0.007442135,0.011244724,-0.0007170704
4102,9.6,2.857143,3.0769231,-0.012879044,0.011467777,-0.0006755351
4103,9.6,3.4285715,3.0769231,-0.026900979,0.011540791,-0.000704678
4104,9.6,4.0,3.0769231,-0.032863952,0.010585357,-0.0007562641
4105,9.6,0.0,2.4615386,0.030171437,0.010569109,-0.0010202816
4106,9.6,0.5714286,2.4615386,0.025022063,0.014714626,-0.0010386535
4107,9.6,1.1428572,2.4615386,0.011497731,0.010810659,-0.0010083744
4108,9.6,1.7142857,2.4615386,0.006119583,0.013036968,-0.0009344663
4109,9.6,2.2857144,2.4615386,-0.007448091,0.011229782,-0.000878744
4110,9.6,2.857143,2.4615386,-0.012857782,0.011443429,-0.00083227886
4111,9.6,3.4285715,2.4615386,-0.026911695,0.011531784,-0.00074216817
4112,9.6,4.0,2.4615386,-0.032871842,0.010561004,-0.00067127484
4113,9.6,0.0,1.8461539,0.030182274,0.010581258,-0.0013725273
4114,9.6,0.5714286,1.8461539,0.025087645,0.01465851,-0.0012893126
4115,9.6,1.1428572,1.8461539,0.011529581,0.010853494,-0.0012117451
4116,9.6,1.7142857,1.8461539,0.0061412477,0.01300703,-0.0011395639
4117,9.6,2.2857144,1.8461539,-0.0074212733,0.011238455,-0.0010461902
4118,9.6,2.857143,1.8461539,-0.012823345,0.011418034,-0.0009370345
4119,9.6,3.4285715,1.8461539,-0.0268972,0.011536898,-0.0009182282
4120,9.6,4.0,1.8461539,-0.032852925,0.010557123,-0.0009540417
4121,9.6,0.0,1.2307693,0.030184476,0.010631226,-0.0015674178
4122,9.6,0.5714286,1.2307693,0.025059737,0.014804137,-0.0015272519
4123,9.6,1.1428572,1.2307693,0.011537209,0.010829764,-0.0014541904
4124,9.6,1.7142857,1.2307693,0.006199571,0.013071378,-0.0013332234
4125,9.6,2.2857144,1.2307693,-0.00737754,0.011239495,-0.0011989353
4126,9.6,2.857143,1.2307693,-0.012755183,0.011454526,-0.0010841991
4127,9.6,3.4285715,1.2307693,-0.026838982,0.011556066,-0.00092153624
4128,9.6,4.0,1.2307693,-0.032818004,0.010586059,-0.00074858655
4129,9.6,0.0,0.61538464,0.03035338,0.01061023,-0.0016137103
4130,9.6,0.5714286,0.61538464,0.025116729,0.014823734,-0.001638829
4131,9.6,1.1428572,0.61538464,0.011696404,0.010981112,-0.0016331839
4132,9.6,1.7142857,0.61538464,0.0061720964,0.013158611,-0.0015024209
4133,9.6,2.2857144,0.61538464,-0.007192899,0.011306605,-0.0013605533
4134,9.6,2.857143,0.61538464,-0.012739038,0.011574803,-0.0011628647
4135,9.6,3.4285715,0.61538464,-0.026646832,0.01159353,-0.0010293934
4136,9.6,4.0,0.61538464,-0.032772843,0.010753853,-0.0010165753
4137,9.6,0.0,0.0,0.030848818,0.01090655,-0.001848747
4138,9.6,0.5714286,0.0,0.025408063,0.014705736,-0.0017748261
4139,9.6,1.1428572,0.0,0.012170929,0.011138355,-0.0016189197
4140,9.6,1.7142857,0.0,0.0064327046,0.013263761,-0.0017012167
4141,9.6,2.2857144,0.0,-0.0068599135,0.011497716,-0.001448435
4142,9.6,2.857143,0.0,-0.012582721,0.011757267,-0.0012724155
4143,9.6,3.4285715,0.0,-0.026400894,0.011784223,-0.001044302
4144,9.6,4.0,0.0,-0.032691207,0.010959335,-0.0005714587
4145,10.2,0.0,8.0,0.034817297,0.024473166,0.00010370646
4146,10.2,0.5714286,8.0,0.021566246,0.020798586,0.00027928586
4147,10.2,1.1428572,8.0,0.016133005,0.023787463,0.00035141344
4148,10.2,1.7142857,8.0,0.0026204544,0.02131966,0.00014263795
4149,10.2,2.2857144,8.0,-0.0028402603,0.022601418,0.00017989318
4150,10.2,2.857143,8.0,-0.016525906,0.0218512,-1.2148608e-05
4151,10.2,3.4285715,8.0,-0.022423128,0.021716679,-0.00012979495
4152,10.2,4.0,8.0,-0.036350563,0.022137947,-8.2381826e-05
4153,10.2,0.0,7.3846154,0.034546264,0.024726346,0.00036832897
4154,10.2,0.5714286,7.3846154,0.021134503,0.020637222,0.0002657944
4155,10.2,1.1428572,7.3846154,0.015902717,0.023799308,0.00020977082
4156,10.2,1.7142857,7.3846154,0.0022415104,0.02119766,0.00019116608
4157,10.2,2.2857144,7.3846154,-0.0030362522,0.02250588,6.7022906e-05
4158,10.2,2.857143,7.3846154,-0.016830646,0.021716615,-1.2570688e-05
4159,10.2,3.4285715,7.3846154,-0.02253486,0.021571398,-0.0001739947
4160,10.2,4.0,7.3846154,-0.03659711,0.02198453,-0.00041969525
4161,10.2,0.0,6.769231,0.034459215,0.024647452,0.00020881445
4162,10.2,0.5714286,6.769231,0.020903902,0.020547818,0.00019537457
4163,10.2,1.1428572,6.769231,0.015813436,0.023777936,0.0001586757
4164,10.2,1.7142857,6.769231,0.002006764,0.021106258,8.996257e-05
4165,10.2,2.2857144,6.769231,-0.00309235,0.022413133,1.6733859e-05
4166,10.2,2.857143,6.769231,-0.01705991,0.021658547,-9.749721e-05
4167,10.2,3.4285715,6.769231,-0.022592189,0.021437302,-0.00014077798
4168,10.2,4.0,6.769231,-0.036832716,0.021947904,-0.00012366728
4169,10.2,0.0,6.1538463,0.03439602,0.024615018,9.0364396e-05
4170,10.2,0.5714286,6.1538463,0.020824006,0.020577528,7.784941e-05
4171,10.2,1.1428572,6.1538463,0.015752528,0.023671955,3.8524373e-05
4172,10.2,1.7142857,6.1538463,0.0019408808,0.021099707,-2.319313e-05
4173,10.2,2.2857144,6.1538463,-0.003184652,0.022346282,-9.3881376e-05
4174,10.2,2.857143,6.1538463,-0.017144993,0.021632174,-0.00014411818
4175,10.2,3.4285715,6.1538463,-0.022686977,0.021382773,-0.000257402
4176,10.2,4.0,6.1538463,-0.036909536,0.021894652,-0.0003650968
4177,10.2,0.0,5.5384617,0.034335922,0.024598185,-3.724311e-05
4178,10.2,0.5714286,5.5384617,0.020795181,0.020509146,-7.5576114e-05
4179,10.2,1.1428572,5.5384617,0.015688416,0.023688564,-0.000119726516
4180,10.2,1.7142857,5.5384617,0.0018893281,0.021058919,-0.00014538938
4181,10.2,2.2857144,5.5384617,-0.0032454233,0.022346785,-0.00019681967
4182,10.2,2.857143,5.5384617,-0.017197166,0.021602055,-0.00025304573
4183,10.2,3.4285715,5.5384617,-0.022745304,0.021376334,-0.00024246235
4184,10.2,4.0,5.5384617,-0.03694201,0.021866962,-0.00020810579
4185,10.2,0.0,4.923077,0.034278106,0.024603277,-0.00026556212
4186,10.2,0.5714286,4.923077,0.020754034,0.020529099,-0.00024216961
4187,10.2,1.1428572,4.923077,0.015639527,0.023672165,-0.00025145485
4188,10.2,1.7142857,4.923077,0.0018681248,0.021058239,-0.0002886992
4189,10.2,2.2857144,4.923077,-0.0032958055,0.022348093,-0.0003119091
4190,10.2,2.857143,4.923077,-0.017218985,0.021594482,-0.00032738797
4191,10.2,3.4285715,4.923077,-0.022786262,0.02137928,-0.00039698105
4192,10.2,4.0,4.923077,-0.03694705,0.021848321,-0.0004527685
4193,10.2,0.0,4.3076925,0.034245744,0.024597706,-0.00037352313
4194,10.2,0.5714286,4.3076925,0.020736199,0.020520791,-0.00040443832
4195,10.2,1.1428572,4.3076925,0.015610128,0.02367873,-0.00042077035
4196,10.2,1.7142857,4.3076925,0.0018458349,0.02105769,-0.00041399716
4197,10.2,2.2857144,4.3076925,-0.003321774,0.02235072,-0.00042888595
4198,10.2,2.857143,4.3076925,-0.017237293,0.02159482,-0.00044462283
4199,10.2,3.4285715,4.3076925,-0.0228076,0.021381704,-0.00040343608
4200,10.2,4.0,4.3076925,-0.036954112,0.021847118,-0.00036082292
4201,10.2,0.0,3.6923077,0.03423281,0.024597503,-0.0006030713
4202,10.2,0.5714286,3.6923077,0.020723473,0.020521121,-0.0005709821
4203,10.2,1.1428572,3.6923077,0.015597106,0.023678675,-0.00055460585
4204,10.2,1.7142857,3.6923077,0.0018331253,0.021057962,-0.00056024257
4205,10.2,2.2857144,3.6923077,-0.0033347951,0.022350745,-0.00054533366
4206,10.2,2.857143,3.6923077,-0.017250028,0.021595009,-0.00052848423
4207,10.2,3.4285715,3.6923077,-0.022820625,0.021381795,-0.0005696156
4208,10.2,4.0,3.6923077,-0.03696686,0.021847237,-0.0006110703
4209,10.2,0.0,3.0769231,0.034239084,0.024602987,-0.0007109363
4210,10.2,0.5714286,3.0769231,0.020715894,0.020530201,-0.0007333418
4211,10.2,1.1428572,3.0769231,0.015600556,0.023672026,-0.00072382856
4212,10.2,1.7142857,3.0769231,0.0018299308,0.021059003,-0.00068564364
4213,10.2,2.2857144,3.0769231,-0.0033348296,0.02234821,-0.0006622165
4214,10.2,2.857143,3.0769231,-0.017257215,0.021595014,-0.00064581924
4215,10.2,3.4285715,3.0769231,-0.022825344,0.021379571,-0.00057598046
4216,10.2,4.0,3.0769231,-0.036985334,0.021848692,-0.00051923294
4217,10.2,0.0,2.4615386,0.034271084,0.024597669,-0.0009391721
4218,10.2,0.5714286,2.4615386,0.020731535,0.02051072,-0.0009000514
4219,10.2,1.1428572,2.4615386,0.015623457,0.023688465,-0.00085547403
4220,10.2,1.7142857,2.4615386,0.0018256546,0.0210601,-0.000829048
4221,10.2,2.2857144,2.4615386,-0.0033104285,0.022347027,-0.0007772307
4222,10.2,2.857143,2.4615386,-0.017260928,0.021602893,-0.00072025426
4223,10.2,3.4285715,2.4615386,-0.02281037,0.02137683,-0.0007304188
4224,10.2,4.0,2.4615386,-0.037005853,0.021867542,-0.0007639821
4225,10.2,0.0,1.8461539,0.03430505,0.024614276,-0.0010667784
4226,10.2,0.5714286,1.8461539,0.020734977,0.020579992,-0.0010534413
4227,10.2,1.1428572,1.8461539,0.01566159,0.023671623,-0.0010137643
4228,10.2,1.7142857,1.8461539,0.0018517536,0.021101475,-0.00095124746
4229,10.2,2.2857144,1.8461539,-0.0032756983,0.022346515,-0.0008801913
4230,10.2,2.857143,1.8461539,-0.017234206,0.021633405,-0.0008291821
4231,10.2,3.4285715,1.8461539,-0.022778133,0.021383403,-0.0007155045
4232,10.2,4.0,1.8461539,-0.036998864,0.021895504,-0.000607014
4233,10.2,0.0,1.2307693,0.034342367,0.024646,-0.0011852685
4234,10.2,0.5714286,1.2307693,0.020789413,0.020551125,-0.0011710341
4235,10.2,1.1428572,1.2307693,0.015696429,0.023777338,-0.0011338994
4236,10.2,1.7142857,1.2307693,0.001892214,0.021108627,-0.0010644515
4237,10.2,2.2857144,1.2307693,-0.003209435,0.02241331,-0.0009908003
4238,10.2,2.857143,1.2307693,-0.017174585,0.02166018,-0.00087583985
4239,10.2,3.4285715,1.2307693,-0.022709368,0.021438044,-0.0008321137
4240,10.2,4.0,1.2307693,-0.036947533,0.021948982,-0.00084845413
4241,10.2,0.0,0.61538464,0.034403197,0.024724433,-0.0013446003
4242,10.2,0.5714286,0.61538464,0.020994699,0.020641545,-0.0012414376
4243,10.2,1.1428572,0.61538464,0.015759625,0.023798306,-0.0011850543
4244,10.2,1.7142857,0.61538464,0.0021015783,0.021200709,-0.0011656474
4245,10.2,2.2857144,0.61538464,-0.0031794554,0.022505935,-0.0010411327
4246,10.2,2.857143,0.61538464,-0.016970672,0.021718672,-0.0009607608
4247,10.2,3.4285715,0.61538464,-0.022678185,0.021572238,-0.00079892715
4248,10.2,4.0,0.61538464,-0.03673728,0.02198584,-0.0005524611
4249,10.2,0.0,0.0,0.034648314,0.024470707,-0.0010805535
4250,10.2,0.5714286,0.0,0.021400983,0.020803627,-0.0012548874
4251,10.2,1.1428572,0.0,0.015963819,0.023786195,-0.0013267075
4252,10.2,1.7142857,0.0,0.0024551582,0.021323262,-0.0011171396
4253,10.2,2.2857144,0.0,-0.003009521,0.022601435,-0.0011540416
4254,10.2,2.857143,0.0,-0.016691323,0.021853615,-0.0009611843
4255,10.2,3.4285715,0.0,-0.022592468,0.021717628,-0.000843153
4256,10.2,4.0,0.0,-0.036516134,0.022139542,-0.00088969286
4257,10.8,0.0,8.0,0.030681718,0.030675009,0.00013828682
4258,10.8,0.5714286,8.0,0.025506401,0.034028973,-3.5246543e-05
4259,10.8,1.1428572,8.0,0.011897866,0.03104911,-0.00012612606
4260,10.8,1.7142857,8.0,0.0066899452,0.033178538,-3.0067105e-05
4261,10.8,2.2857144,8.0,-0.0071264924,0.03165313,-0.00022345266
4262,10.8,2.857143,8.0,-0.012508062,0.032290258,-0.00020736441
4263,10.8,3.4285715,8.0,-0.026670711,0.03216266,-0.00034591008
4264,10.8,4.0,8.0,-0.032190595,0.031621214,-0.00062256795
4265,10.8,0.0,7.3846154,0.030369418,0.03046167,-0.0001185363
4266,10.8,0.5714286,7.3846154,0.025335114,0.034114264,-3.889736e-05
4267,10.8,1.1428572,7.3846154,0.011533242,0.030927345,-5.266675e-05
4268,10.8,1.7142857,7.3846154,0.0065216036,0.03314962,-0.00014465948
4269,10.8,2.2857144,7.3846154,-0.0074444567,0.03156028,-0.00015803667
4270,10.8,2.857143,7.3846154,-0.012640091,0.03220025,-0.00026746144
4271,10.8,3.4285715,7.3846154,-0.026920183,0.03206345,-0.00030284977
4272,10.8,4.0,7.3846154,-0.032287963,0.03152703,-0.00026415626
4273,10.8,0.0,6.769231,0.03006106,0.030457264,-5.0374233e-06
4274,10.8,0.5714286,6.769231,0.025217447,0.034100812,-7.256617e-05
4275,10.8,1.1428572,6.769231,0.011283926,0.030840429,-0.000110122346
4276,10.8,1.7142857,6.769231,0.006430916,0.033104554,-0.00014158183
4277,10.8,2.2857144,6.769231,-0.0076908255,0.031493787,-0.000214369
4278,10.8,2.857143,6.769231,-0.012706115,0.03210407,-0.00025479935
4279,10.8,3.4285715,6.769231,-0.027151933,0.03202165,-0.00036770993
4280,10.8,4.0,6.769231,-0.0323464,0.031384878,-0.00052219664
4281,10.8,0.0,6.1538463,0.029999824,0.030435761,-0.00011297238
4282,10.8,0.5714286,6.1538463,0.025139831,0.034008984,-0.00013638256
4283,10.8,1.1428572,6.1538463,0.011190337,0.03085252,-0.00016747408
4284,10.8,1.7142857,6.1538463,0.0063448297,0.033020794,-0.00020683305
4285,10.8,2.2857144,6.1538463,-0.0077789905,0.03147017,-0.00024707717
4286,10.8,2.857143,6.1538463,-0.0128040295,0.032032713,-0.00031618576
4287,10.8,3.4285715,6.1538463,-0.027242165,0.031976447,-0.0003145786
4288,10.8,4.0,6.1538463,-0.032447837,0.03132669,-0.0002965666
4289,10.8,0.0,5.5384617,0.029939486,0.030420082,-0.0002291173
4290,10.8,0.5714286,5.5384617,0.025070626,0.03402543,-0.00023022885
4291,10.8,1.1428572,5.5384617,0.011151926,0.030794932,-0.0002429261
4292,10.8,1.7142857,5.5384617,0.0062784813,0.033014238,-0.0002851575
4293,10.8,2.2857144,5.5384617,-0.007829784,0.03142418,-0.00031524606
4294,10.8,2.857143,5.5384617,-0.0128713,0.03201434,-0.0003407006
4295,10.8,3.4285715,5.5384617,-0.02729024,0.031929728,-0.000422033
4296,10.8,4.0,5.5384617,-0.03249446,0.03129349,-0.00050387107
4297,10.8,0.0,4.923077,0.02991693,0.030405002,-0.00030050348
4298,10.8,0.5714286,4.923077,0.02502412,0.033998836,-0.00033100997
4299,10.8,1.1428572,4.923077,0.0111191245,0.03079225,-0.00035391172
4300,10.8,1.7142857,4.923077,0.0062316293,0.032998998,-0.00036010376
4301,10.8,2.2857144,4.923077,-0.007856236,0.031405553,-0.0003844189
4302,10.8,2.857143,4.923077,-0.012917494,0.0320031,-0.0004153308
4303,10.8,3.4285715,4.923077,-0.027309252,0.03190513,-0.00038568027
4304,10.8,4.0,4.923077,-0.0325307,0.031282946,-0.00035705388
4305,10.8,0.0,4.3076925,0.029888427,0.030410267,-0.00046904126
4306,10.8,0.5714286,4.3076925,0.024990559,0.034003418,-0.000445319
4307,10.8,1.1428572,4.3076925,0.011100519,0.03078409,-0.00043870218
4308,10.8,1.7142857,4.3076925,0.0062021413,0.032995313,-0.00045957748
4309,10.8,2.2857144,4.3076925,-0.007875272,0.03139929,-0.00045974154
4310,10.8,2.857143,4.3076925,-0.0129440995,0.031997565,-0.00045937454
4311,10.8,3.4285715,4.3076925,-0.027323674,0.031895783,-0.00051232165
4312,10.8,4.0,4.3076925,-0.032545865,0.03127399,-0.00055867224
4313,10.8,0.0,3.6923077,0.029875726,0.030410722,-0.0005321333
4314,10.8,0.5714286,3.6923077,0.024977552,0.03400335,-0.0005557522
4315,10.8,1.1428572,3.6923077,0.011087839,0.03078441,-0.000561239
4316,10.8,1.7142857,3.6923077,0.006189104,0.0329953,-0.0005403073
4317,10.8,2.2857144,3.6923077,-0.007887974,0.031399526,-0.0005390375
4318,10.8,2.857143,3.6923077,-0.012957146,0.031997632,-0.0005393411
4319,10.8,3.4285715,3.6923077,-0.027336402,0.031895943,-0.0004852704
4320,10.8,4.0,3.6923077,-0.032558937,0.031274118,-0.00043880625
4321,10.8,0.0,3.0769231,0.029878836,0.030406045,-0.00070075947
4322,10.8,0.5714286,3.0769231,0.024985088,0.03399858,-0.00066998514
4323,10.8,1.1428572,3.0769231,0.011081002,0.030793149,-0.0006461189
4324,10.8,1.7142857,3.0769231,0.0061925775,0.032999016,-0.00063969457
4325,10.8,2.2857144,3.0769231,-0.007894388,0.031406205,-0.0006144514
4326,10.8,2.857143,3.0769231,-0.012956595,0.03200332,-0.00058330037
4327,10.8,3.4285715,3.0769231,-0.027347445,0.031905595,-0.0006119996
4328,10.8,4.0,3.0769231,-0.03256984,0.03128331,-0.00064033974
4329,10.8,0.0,2.4615386,0.029875927,0.030421846,-0.00077220233
4330,10.8,0.5714286,2.4615386,0.025005644,0.0340252,-0.00077067415
4331,10.8,1.1428572,2.4615386,0.011088375,0.03079632,-0.00075718923
4332,10.8,1.7142857,2.4615386,0.0062134215,0.033014327,-0.0007145733
4333,10.8,2.2857144,2.4615386,-0.0078934105,0.031425208,-0.0006837021
4334,10.8,2.857143,2.4615386,-0.0129364235,0.032014735,-0.0006578611
4335,10.8,3.4285715,2.4615386,-0.027353954,0.031930473,-0.0005757308
4336,10.8,4.0,2.4615386,-0.032559667,0.031294122,-0.0004934687
4337,10.8,0.0,1.8461539,0.029910907,0.030438231,-0.0008883864
4338,10.8,0.5714286,1.8461539,0.02504878,0.034008417,-0.0008645565
4339,10.8,1.1428572,1.8461539,0.011101382,0.030854598,-0.0008326307
4340,10.8,1.7142857,1.8461539,0.00625371,0.033020794,-0.00079291663
4341,10.8,2.2857144,1.8461539,-0.007868021,0.03147168,-0.0007518727
4342,10.8,2.857143,1.8461539,-0.012895248,0.032033183,-0.0006823901
4343,10.8,3.4285715,1.8461539,-0.027331289,0.031977527,-0.00068318244
4344,10.8,4.0,1.8461539,-0.03253916,0.031327505,-0.0007007773
4345,10.8,0.0,1.2307693,0.02994676,0.030460838,-0.0009962084
4346,10.8,0.5714286,1.2307693,0.025100345,0.034099896,-0.00092833955
4347,10.8,1.1428572,1.2307693,0.011169627,0.030843241,-0.0008900341
4348,10.8,1.7142857,1.2307693,0.0063136853,0.0331044,-0.00085814676
4349,10.8,2.2857144,1.2307693,-0.007805233,0.031495806,-0.0007846183
4350,10.8,2.857143,1.2307693,-0.012823439,0.032104585,-0.0007437592
4351,10.8,3.4285715,1.2307693,-0.027266469,0.032023054,-0.0006300875
4352,10.8,4.0,1.2307693,-0.03246386,0.031385917,-0.0004751673
4353,10.8,0.0,0.61538464,0.030229863,0.030466156,-0.00088299345
4354,10.8,0.5714286,0.61538464,0.025191799,0.034112792,-0.0009620352
4355,10.8,1.1428572,0.61538464,0.0113936495,0.030930981,-0.00094744546
4356,10.8,1.7142857,0.61538464,0.0063781897,0.03314922,-0.00085513375
4357,10.8,2.2857144,0.61538464,-0.007584136,0.031562857,-0.00084092066
4358,10.8,2.857143,0.61538464,-0.012783616,0.032200757,-0.00073114247
4359,10.8,3.4285715,0.61538464,-0.027059974,0.032065198,-0.0006949263
4360,10.8,4.0,0.61538464,-0.032431625,0.03152825,-0.000733201
4361,10.8,0.0,0.0,0.030516716,0.030680357,-0.001139195
4362,10.8,0.5714286,0.0,0.02533708,0.03402729,-0.0009657926
4363,10.8,1.1428572,0.0,0.011732881,0.031053368,-0.00087404
4364,10.8,1.7142857,0.0,0.006520473,0.03317802,-0.0009696966
4365,10.8,2.2857144,0.0,-0.007291571,0.031656146,-0.00077554444
4366,10.8,2.857143,0.0,-0.012677625,0.03229082,-0.00079123746
4367,10.8,3.4285715,0.0,-0.026835924,0.032164715,-0.0006518761
4368,10.8,4.0,0.0,-0.0323603,0.031622577,-0.00037486994
4369,11.4,0.0,8.0,0.035041235,0.044236302,-0.0003947622
4370,11.4,0.5714286,8.0,0.020998655,0.040804364,-0.00026738827
4371,11.4,1.1428572,8.0,0.016213765,0.043578003,-0.00025919234
4372,11.4,1.7142857,8.0,0.0021486536,0.041380826,-0.00043957942
4373,11.4,2.2857144,8.0,-0.00276354,0.04278322,-0.00034884838
4374,11.4,2.857143,8.0,-0.017104896,0.042012077,-0.0004918325
4375,11.4,3.4285715,8.0,-0.022269785,0.04208338,-0.0004859306
4376,11.4,4.0,8.0,-0.03674397,0.042443186,-0.00038132194
4377,11.4,0.0,7.3846154,0.034837097,0.04436149,-0.00013765614
4378,11.4,0.5714286,7.3846154,0.020669652,0.04064996,-0.00027851647
4379,11.4,1.1428572,7.3846154,0.016080903,0.04359513,-0.00032778832
4380,11.4,1.7142857,7.3846154,0.0018077958,0.041286577,-0.00032060398
4381,11.4,2.2857144,7.3846154,-0.0028904139,0.042739913,-0.00041486355
4382,11.4,2.857143,7.3846154,-0.01739301,0.041951936,-0.00041981353
4383,11.4,3.4285715,7.3846154,-0.022360059,0.042018633,-0.0005151361
4384,11.4,4.0,7.3846154,-0.03695989,0.042360887,-0.0006927703
4385,11.4,0.0,6.769231,0.034775455,0.044316594,-0.00029261768
4386,11.4,0.5714286,6.769231,0.020397043,0.04058007,-0.00027286744
4387,11.4,1.1428572,6.769231,0.015966248,0.04357593,-0.00029944754
4388,11.4,1.7142857,6.769231,0.0015596792,0.041214164,-0.0003512388
4389,11.4,2.2857144,6.769231,-0.002974793,0.042675592,-0.00037291276
4390,11.4,2.857143,6.769231,-0.017634545,0.04189996,-0.0004409476
4391,11.4,3.4285715,6.769231,-0.022408674,0.041912563,-0.0004427943
4392,11.4,4.0,6.769231,-0.03722944,0.042347685,-0.00041226734
4393,11.4,0.0,6.1538463,0.034628782,0.044274997,-0.00027087497
4394,11.4,0.5714286,6.1538463,0.020294696,0.04059689,-0.0003001234
4395,11.4,1.1428572,6.1538463,0.015882652,0.04348746,-0.00032519962
4396,11.4,1.7142857,6.1538463,0.0014530416,0.041204292,-0.00035337574
4397,11.4,2.2857144,6.1538463,-0.0030685805,0.04259612,-0.00039581335
4398,11.4,2.857143,6.1538463,-0.017730847,0.041859422,-0.00041482586
4399,11.4,3.4285715,6.1538463,-0.022516575,0.0418368,-0.0005063251
4400,11.4,4.0,6.1538463,-0.037296113,0.042282257,-0.0006168653
4401,11.4,0.0,5.5384617,0.034600466,0.04426208,-0.00032153743
4402,11.4,0.5714286,5.5384617,0.020252513,0.04054296,-0.00033966664
4403,11.4,1.1428572,5.5384617,0.015805943,0.043488674,-0.00036887507
4404,11.4,1.7142857,5.5384617,0.0014151442,0.04115085,-0.0003815445
4405,11.4,2.2857144,5.5384617,-0.0031418414,0.042573646,-0.0004111294
4406,11.4,2.857143,5.5384617,-0.01778087,0.04180517,-0.0004488219
4407,11.4,3.4285715,5.5384617,-0.022576382,0.04180412,-0.00043192416
4408,11.4,4.0,5.5384617,-0.037354637,0.0422297,-0.00041423098
4409,11.4,0.0,4.923077,0.034525756,0.044263575,-0.00041749098
4410,11.4,0.5714286,4.923077,0.020219134,0.040545415,-0.00040499732
4411,11.4,1.1428572,4.923077,0.015765535,0.04346507,-0.00040767144
4412,11.4,1.7142857,4.923077,0.0013799113,0.041131794,-0.00043350054
4413,11.4,2.2857144,4.923077,-0.003186336,0.0425551,-0.00044652596
4414,11.4,2.857143,4.923077,-0.017808447,0.041774277,-0.00045370625
4415,11.4,3.4285715,4.923077,-0.022620928,0.041781556,-0.00052027666
4416,11.4,4.0,4.923077,-0.03735568,0.04218826,-0.00058330985
4417,11.4,0.0,4.3076925,0.034504212,0.044255175,-0.00044976128
4418,11.4,0.5714286,4.3076925,0.020198602,0.040535096,-0.000472676
4419,11.4,1.1428572,4.3076925,0.015730074,0.043461952,-0.0004877897
4420,11.4,1.7142857,4.3076925,0.0013637207,0.041122437,-0.0004783597
4421,11.4,2.2857144,4.3076925,-0.0032173882,0.042545117,-0.00049004564
4422,11.4,2.857143,4.3076925,-0.017824912,0.04176195,-0.00050245604
4423,11.4,3.4285715,4.3076925,-0.022643851,0.041769803,-0.00046163896
4424,11.4,4.0,4.3076925,-0.037370767,0.042172525,-0.00042777037
4425,11.4,0.0,3.6923077,0.03449114,0.044255,-0.00057702645
4426,11.4,0.5714286,3.6923077,0.020185927,0.040535435,-0.0005529652
4427,11.4,1.1428572,3.6923077,0.015717022,0.0434619,-0.00053777086
4428,11.4,1.7142857,3.6923077,0.0013510478,0.041122723,-0.00054609036
4429,11.4,2.2857144,3.6923077,-0.00323045,0.042545147,-0.0005343476
4430,11.4,2.857143,3.6923077,-0.017837599,0.04176215,-0.0005208302
4431,11.4,3.4285715,3.6923077,-0.022656925,0.0417699,-0.0005615534
4432,11.4,4.0,3.6923077,-0.037383456,0.04217266,-0.0005942668
4433,11.4,0.0,3.0769231,0.034486715,0.044263344,-0.0006092075
4434,11.4,0.5714286,3.0769231,0.02018111,0.040546447,-0.00062071683
4435,11.4,1.1428572,3.0769231,0.01572644,0.04346499,-0.00061781
4436,11.4,1.7142857,3.0769231,0.0013418483,0.04113257,-0.0005910356
4437,11.4,2.2857144,3.0769231,-0.0032254788,0.042555243,-0.00057778525
4438,11.4,2.857143,3.0769231,-0.017846553,0.041774847,-0.0005696629
4439,11.4,3.4285715,3.0769231,-0.022660125,0.041781876,-0.0005028385
4440,11.4,4.0,3.0769231,-0.037393846,0.04218867,-0.00043881717
4441,11.4,0.0,2.4615386,0.03453535,0.044261664,-0.0007051129
4442,11.4,0.5714286,2.4615386,0.020189058,0.040544495,-0.0006861336
4443,11.4,1.1428572,2.4615386,0.015740823,0.04348861,-0.0006565381
4444,11.4,1.7142857,2.4615386,0.0013516557,0.041152075,-0.0006430613
4445,11.4,2.2857144,2.4615386,-0.0032070274,0.042573918,-0.0006131195
4446,11.4,2.857143,2.4615386,-0.01784443,0.04180608,-0.0005746163
4447,11.4,3.4285715,2.4615386,-0.022641644,0.041804668,-0.0005911237
4448,11.4,4.0,2.4615386,-0.037418257,0.042230356,-0.0006079624
4449,11.4,0.0,1.8461539,0.034537654,0.04427437,-0.00075570005
4450,11.4,0.5714286,1.8461539,0.020205937,0.040599234,-0.00072565733
4451,11.4,1.1428572,1.8461539,0.01579143,0.04348723,-0.0007002334
4452,11.4,1.7142857,1.8461539,0.001364214,0.041206095,-0.0006712287
4453,11.4,2.2857144,1.8461539,-0.0031599007,0.042596404,-0.00062844256
4454,11.4,2.857143,1.8461539,-0.017819766,0.04186075,-0.00060861156
4455,11.4,3.4285715,1.8461539,-0.022608006,0.041837495,-0.00051673374
4456,11.4,4.0,1.8461539,-0.037385143,0.04228322,-0.00040535434
4457,11.4,0.0,1.2307693,0.034658097,0.044315368,-0.0007341008
4458,11.4,0.5714286,1.2307693,0.02028298,0.040583216,-0.00075294677
4459,11.4,1.1428572,1.2307693,0.01584886,0.043575436,-0.0007259524
4460,11.4,1.7142857,1.2307693,0.0014455518,0.041216597,-0.00067340524
4461,11.4,2.2857144,1.2307693,-0.003092284,0.04267583,-0.00065132184
4462,11.4,2.857143,1.2307693,-0.017748773,0.04190171,-0.0005825187
4463,11.4,3.4285715,1.2307693,-0.022526283,0.041913398,-0.00058024476
4464,11.4,4.0,1.2307693,-0.037343774,0.042348884,-0.0006099575
4465,11.4,0.0,0.61538464,0.03469356,0.0443598,-0.0008887387
4466,11.4,0.5714286,0.61538464,0.020530423,0.040654097,-0.0007473023
4467,11.4,1.1428572,0.61538464,0.015937246,0.043594267,-0.0006976828
4468,11.4,1.7142857,0.61538464,0.0016684874,0.04128969,-0.0007039883
4469,11.4,2.2857144,0.61538464,-0.0030341889,0.042740036,-0.00060942775
4470,11.4,2.857143,0.61538464,-0.017532416,0.04195414,-0.00060361845
4471,11.4,3.4285715,0.61538464,-0.02250397,0.042019565,-0.00050794246
4472,11.4,4.0,0.61538464,-0.037099432,0.04236236,-0.0003294854
4473,11.4,0.0,0.0,0.034871567,0.044234212,-0.00063229835
4474,11.4,0.5714286,0.0,0.020834005,0.0408091,-0.00075832906
4475,11.4,1.1428572,0.0,0.016044049,0.043576974,-0.00076624396
4476,11.4,1.7142857,0.0,0.0019839476,0.041384462,-0.0005850893
4477,11.4,2.2857144,0.0,-0.0029333658,0.042783327,-0.0006754055
4478,11.4,2.857143,0.0,-0.017269699,0.042014644,-0.0005316356
4479,11.4,3.4285715,0.0,-0.022439735,0.042084426,-0.0005371426
4480,11.4,4.0,0.0,-0.036908887,0.042444933,-0.0006408853
4481,12.0,0.0,8.0,0.03001711,0.05052807,-0.00030340484
4482,12.0,0.5714286,8.0,0.025779558,0.05382891,-0.0005087819
4483,12.0,1.1428572,8.0,0.011259958,0.050999947,-0.00061346707
4484,12.0,1.7142857,8.0,0.006939165,0.053172998,-0.0005368054
4485,12.0,2.2857144,8.0,-0.007759573,0.051786084,-0.00071033963
4486,12.0,2.857143,8.0,-0.012298986,0.052601628,-0.0006252951
4487,12.0,3.4285715,8.0,-0.02727362,0.052460097,-0.00069724827
4488,12.0,4.0,8.0,-0.03187283,0.051967062,-0.0008581847
4489,12.0,0.0,7.3846154,0.029810743,0.05033052,-0.00054170366
4490,12.0,0.5714286,7.3846154,0.025648978,0.053873982,-0.00047239035
4491,12.0,1.1428572,7.3846154,0.010878627,0.050877027,-0.000493136
4492,12.0,1.7142857,7.3846154,0.0068553938,0.05315273,-0.00058138417
4493,12.0,2.2857144,7.3846154,-0.008111148,0.051715184,-0.00056173495
4494,12.0,2.857143,7.3846154,-0.012393232,0.052550416,-0.00063321664
4495,12.0,3.4285715,7.3846154,-0.02750976,0.052402124,-0.000618419
4496,12.0,4.0,7.3846154,-0.032010432,0.051948294,-0.00054953306
4497,12.0,0.0,6.769231,0.029406039,0.050271034,-0.00035915629
4498,12.0,0.5714286,6.769231,0.025556581,0.053861443,-0.0004419911
4499,12.0,1.1428572,6.769231,0.010638182,0.050799362,-0.00047125484
4500,12.0,1.7142857,6.769231,0.006739856,0.053112328,-0.00048455555
4501,12.0,2.2857144,6.769231,-0.008348885,0.05164516,-0.00053766894
4502,12.0,2.857143,6.769231,-0.012453366,0.052453622,-0.00054957886
4503,12.0,3.4285715,6.769231,-0.027773619,0.052360244,-0.00063453824
4504,12.0,4.0,6.769231,-0.03199643,0.051812023,-0.0007790827
4505,12.0,0.0,6.1538463,0.029396094,0.050272457,-0.00040025843
4506,12.0,0.5714286,6.1538463,0.02544604,0.053773124,-0.00040237888
4507,12.0,1.1428572,6.1538463,0.010511492,0.050806295,-0.00042926232
4508,12.0,1.7142857,6.1538463,0.006660908,0.053026497,-0.0004591917
4509,12.0,2.2857144,6.1538463,-0.008462861,0.05161614,-0.00048297847
4510,12.0,2.857143,6.1538463,-0.012554246,0.052375425,-0.0005332869
4511,12.0,3.4285715,6.1538463,-0.027853837,0.052305277,-0.0005211696
4512,12.0,4.0,6.1538463,-0.03214885,0.051751565,-0.00050162984
4513,12.0,0.0,5.5384617,0.029281683,0.050254427,-0.00040518027
4514,12.0,0.5714286,5.5384617,0.025378691,0.053787302,-0.00041769535
4515,12.0,1.1428572,5.5384617,0.0104844365,0.05074812,-0.0004243895
4516,12.0,1.7142857,5.5384617,0.006574386,0.053013477,-0.000457616
4517,12.0,2.2857144,5.5384617,-0.008500766,0.051562,-0.00047669155
4518,12.0,2.857143,5.5384617,-0.012628828,0.05234124,-0.0004945986
4519,12.0,3.4285715,5.5384617,-0.027910022,0.05224351,-0.00056282565
4520,12.0,4.0,5.5384617,-0.032169867,0.051695142,-0.0006544489
4521,12.0,0.0,4.923077,0.029294638,0.05024427,-0.0004291415
4522,12.0,0.5714286,4.923077,0.025328351,0.05376071,-0.00044723114
4523,12.0,1.1428572,4.923077,0.010441179,0.050740052,-0.00046822047
4524,12.0,1.7142857,4.923077,0.006536585,0.052991606,-0.00046881847
4525,12.0,2.2857144,4.923077,-0.008538771,0.051532827,-0.0004883963
4526,12.0,2.857143,4.923077,-0.012672577,0.052317675,-0.0005099128
4527,12.0,3.4285715,4.923077,-0.027928496,0.052200887,-0.00047922012
4528,12.0,4.0,4.923077,-0.032228682,0.05166609,-0.00045292944
4529,12.0,0.0,4.3076925,0.029250082,0.050245382,-0.0005161437
4530,12.0,0.5714286,4.3076925,0.02529414,0.053761747,-0.00050329947
4531,12.0,1.1428572,4.3076925,0.0104271555,0.05072824,-0.00049270515
4532,12.0,1.7142857,4.3076925,0.0064993473,0.052982684,-0.0005125924
4533,12.0,2.2857144,4.3076925,-0.00855281,0.05152062,-0.0005084819
4534,12.0,2.857143,4.3076925,-0.012703454,0.05230306,-0.0005092579
4535,12.0,3.4285715,4.3076925,-0.027943809,0.05218217,-0.00055632694
4536,12.0,4.0,4.3076925,-0.032237552,0.0516445,-0.000608309
4537,12.0,0.0,3.6923077,0.029237509,0.050245825,-0.00053518347
4538,12.0,0.5714286,3.6923077,0.02528108,0.05376169,-0.00054793165
4539,12.0,1.1428572,3.6923077,0.01041452,0.05072857,-0.00055739447
4540,12.0,1.7142857,3.6923077,0.0064862636,0.052982677,-0.0005374724
4541,12.0,2.2857144,3.6923077,-0.008565461,0.05152087,-0.0005404699
4542,12.0,2.857143,3.6923077,-0.012716551,0.052303135,-0.00053965236
4543,12.0,3.4285715,3.6923077,-0.027956484,0.052182354,-0.0004914541
4544,12.0,4.0,3.6923077,-0.03225068,0.05164464,-0.0004393617
4545,12.0,0.0,3.0769231,0.029256633,0.05024533,-0.0006222733
4546,12.0,0.5714286,3.0769231,0.02528917,0.05376051,-0.0006039292
4547,12.0,1.1428572,3.0769231,0.010403223,0.050740957,-0.0005819612
4548,12.0,1.7142857,3.0769231,0.0064973733,0.05299166,-0.00058116537
4549,12.0,2.2857144,3.0769231,-0.008576766,0.051533516,-0.00056063925
4550,12.0,2.857143,3.0769231,-0.012711825,0.052317932,-0.0005389167
4551,12.0,3.4285715,3.0769231,-0.027966542,0.052201398,-0.00056864
4552,12.0,4.0,3.0769231,-0.032267958,0.051666506,-0.00059465953
4553,12.0,0.0,2.4615386,0.029218461,0.050256193,-0.0006462625
4554,12.0,0.5714286,2.4615386,0.025313474,0.053787135,-0.00063338986
4555,12.0,1.1428572,2.4615386,0.01042111,0.05074954,-0.0006258651
4556,12.0,1.7142857,2.4615386,0.0065091085,0.05301361,-0.0005923097
4557,12.0,2.2857144,2.4615386,-0.008564162,0.051563095,-0.00057240715
4558,12.0,2.857143,2.4615386,-0.012694172,0.052341692,-0.00055416825
4559,12.0,3.4285715,2.4615386,-0.02797351,0.05224433,-0.00048510038
4560,12.0,4.0,2.4615386,-0.032235302,0.051695846,-0.00039309257
4561,12.0,0.0,1.8461539,0.029307446,0.050274946,-0.0006512691
4562,12.0,0.5714286,1.8461539,0.025354648,0.05377266,-0.0006487259
4563,12.0,1.1428572,1.8461539,0.010422912,0.05080839,-0.00062098895
4564,12.0,1.7142857,1.8461539,0.006569428,0.05302657,-0.000590744
4565,12.0,2.2857144,1.8461539,-0.008551528,0.051617738,-0.000566122
4566,12.0,2.857143,1.8461539,-0.012645802,0.05237597,-0.0005154784
4567,12.0,3.4285715,1.8461539,-0.027942622,0.052306466,-0.0005267523
4568,12.0,4.0,1.8461539,-0.03224048,0.05175248,-0.00054589665
4569,12.0,0.0,1.2307693,0.029292408,0.050274596,-0.00069219916
4570,12.0,0.5714286,1.2307693,0.025438951,0.05386066,-0.0006091032
4571,12.0,1.1428572,1.2307693,0.010524393,0.050802205,-0.00057904294
4572,12.0,1.7142857,1.2307693,0.0066221408,0.05311225,-0.0005653545
4573,12.0,2.2857144,1.2307693,-0.00846278,0.051647287,-0.0005114582
4574,12.0,2.857143,1.2307693,-0.012571174,0.052454226,-0.0004991614
4575,12.0,3.4285715,1.2307693,-0.027887655,0.05236178,-0.0004133996
4576,12.0,4.0,1.2307693,-0.03211437,0.05181319,-0.0002684603
4577,12.0,0.0,0.61538464,0.029671783,0.050334997,-0.00051000423
4578,12.0,0.5714286,0.61538464,0.025504984,0.053872667,-0.00057870656
4579,12.0,1.1428572,0.61538464,0.010739779,0.05088069,-0.0005571104
4580,12.0,1.7142857,0.61538464,0.0067112707,0.05315242,-0.00046859402
4581,12.0,2.2857144,0.61538464,-0.0082501015,0.05171788,-0.00048734425
4582,12.0,2.857143,0.61538464,-0.012537431,0.05255102,-0.000415564
4583,12.0,3.4285715,0.61538464,-0.02764887,0.052404024,-0.00042948144
4584,12.0,4.0,0.61538464,-0.032154728,0.05194963,-0.0004979952
4585,12.0,0.0,0.0,0.029853057,0.050533388,-0.0007476427
4586,12.0,0.5714286,0.0,0.025609462,0.05382744,-0.00054244226
4587,12.0,1.1428572,0.0,0.011095734,0.051004197,-0.00043683147
4588,12.0,1.7142857,0.0,0.006768974,0.053172596,-0.00051311497
4589,12.0,2.2857144,0.0,-0.007923896,0.05178922,-0.0003387949
4590,12.0,2.857143,0.0,-0.012469264,0.052602287,-0.00042345122
4591,12.0,3.4285715,0.0,-0.02743811,0.052462313,-0.00035067849
4592,12.0,4.0,0.0,-0.03204324,0.05196858,-0.00018938482
