NodeLabel,X_mm,Y_mm,Z_mm,U1_mm,U2_mm,U3_mm
1,-12.0,0.0,8.0,-0.029955726,0.05103643,0.00020896208
2,-12.0,0.5714286,8.0,-0.025662683,0.05423337,-9.683148e-06
3,-12.0,1.1428572,8.0,-0.011142774,0.051507488,-0.00012506564
4,-12.0,1.7142857,8.0,-0.0067453566,0.05357829,-3.168405e-05
5,-12.0,2.2857144,8.0,0.007952334,0.052291695,-0.00022597132
6,-12.0,2.857143,8.0,0.012565184,0.053005032,-0.00012401221
7,-12.0,3.4285715,8.0,0.027547687,0.052966274,-0.00019888654
8,-12.0,4.0,8.0,0.032199904,0.052362297,-0.00039915298
9,-12.0,0.0,7.3846154,-0.029761065,0.0508013,-3.8121878e-05
10,-12.0,0.5714286,7.3846154,-0.025573421,0.05429497,2.605288e-05
11,-12.0,1.1428572,7.3846154,-0.010750966,0.051367003,4.269989e-06
12,-12.0,1.7142857,7.3846154,-0.0067123966,0.053559113,-8.912367e-05
13,-12.0,2.2857144,7.3846154,0.008308027,0.052216604,-6.371489e-05
14,-12.0,2.857143,7.3846154,0.012611058,0.052946173,-0.0001426847
15,-12.0,3.4285715,7.3846154,0.027770035,0.05290776,-0.00012522146
16,-12.0,4.0,7.3846154,0.032304857,0.052338995,-3.3926623e-05
17,-12.0,0.0,6.769231,-0.029333431,0.050732333,0.00013601477
18,-12.0,0.5714286,6.769231,-0.025524165,0.054278705,5.7168996e-05
19,-12.0,1.1428572,6.769231,-0.010508845,0.05127968,2.622792e-05
20,-12.0,1.7142857,6.769231,-0.006637906,0.053508013,1.1820725e-05
21,-12.0,2.2857144,6.769231,0.008544913,0.052144065,-4.4186367e-05
22,-12.0,2.857143,6.769231,0.012620513,0.0528281,-4.9908467e-05
23,-12.0,3.4285715,6.769231,0.028036851,0.0528734,-0.00014119847
24,-12.0,4.0,6.769231,0.03222317,0.05217462,-0.00030846245
25,-12.0,0.0,6.1538463,-0.029343633,0.050733387,0.00011595946
26,-12.0,0.5714286,6.1538463,-0.025442561,0.05416977,0.000100788246
27,-12.0,1.1428572,6.1538463,-0.010393005,0.05128931,6.936215e-05
28,-12.0,1.7142857,6.1538463,-0.006594121,0.05340398,4.2380612e-05
29,-12.0,2.2857144,6.1538463,0.008645187,0.052112736,1.7785564e-05
30,-12.0,2.857143,6.1538463,0.0126858605,0.052733276,-3.697185e-05
31,-12.0,3.4285715,6.1538463,0.028096255,0.052815814,-2.351341e-05
32,-12.0,4.0,6.1538463,0.032353878,0.052102942,3.6708009e-06
33,-12.0,0.0,5.5384617,-0.029243814,0.050702326,0.00010185409
34,-12.0,0.5714286,5.5384617,-0.025404772,0.05418809,9.230674e-05
35,-12.0,1.1428572,5.5384617,-0.01038763,0.051215213,8.6199965e-05
36,-12.0,1.7142857,5.5384617,-0.0065360363,0.053387642,4.9441052e-05
37,-12.0,2.2857144,5.5384617,0.008659485,0.052046593,3.0204596e-05
38,-12.0,2.857143,5.5384617,0.012729682,0.05269197,1.42293e-05
39,-12.0,3.4285715,5.5384617,0.028131582,0.05274429,-6.109942e-05
40,-12.0,4.0,5.5384617,0.03233402,0.05203782,-0.00016782891
41,-12.0,0.0,4.923077,-0.02928199,0.050683245,9.9313474e-05
42,-12.0,0.5714286,4.923077,-0.025382087,0.054157156,7.385731e-05
43,-12.0,1.1428572,4.923077,-0.010367736,0.051199023,4.9325157e-05
44,-12.0,1.7142857,4.923077,-0.006528519,0.053362455,5.0493305e-05
45,-12.0,2.2857144,4.923077,0.008673807,0.05200705,2.9049304e-05
46,-12.0,2.857143,4.923077,0.01274255,0.052664608,3.925109e-06
47,-12.0,3.4285715,4.923077,0.028123802,0.05269222,3.5617577e-05
48,-12.0,4.0,4.923077,0.03236861,0.05200529,6.61361e-05
49,-12.0,0.0,4.3076925,-0.029263178,0.05067923,1.2912125e-05
50,-12.0,0.5714286,4.3076925,-0.025376992,0.054159302,2.8090542e-05
51,-12.0,1.1428572,4.3076925,-0.010380562,0.05118078,3.8454993e-05
52,-12.0,1.7142857,4.3076925,-0.0065200445,0.053351793,1.6152639e-05
53,-12.0,2.2857144,4.3076925,0.008660131,0.051989455,1.9795269e-05
54,-12.0,2.857143,4.3076925,0.012744139,0.052647114,2.0591044e-05
55,-12.0,3.4285715,4.3076925,0.02811204,0.05266852,-3.159044e-05
56,-12.0,4.0,4.3076925,0.03234456,0.051980417,-9.2487535e-05
57,-12.0,0.0,3.6923077,-0.029279279,0.05067855,1.050217e-05
58,-12.0,0.5714286,3.6923077,-0.02539373,0.054159347,-5.423565e-06
59,-12.0,1.1428572,3.6923077,-0.010396613,0.05118021,-1.6960435e-05
60,-12.0,1.7142857,3.6923077,-0.006536777,0.05335171,4.731722e-06
61,-12.0,2.2857144,3.6923077,0.008644035,0.05198901,-3.738862e-08
62,-12.0,2.857143,3.6923077,0.012727376,0.052646916,-1.4528781e-06
63,-12.0,3.4285715,3.6923077,0.028095918,0.052668177,4.9566916e-05
64,-12.0,4.0,3.6923077,0.032327797,0.05198013,0.000109707405
65,-12.0,0.0,3.0769231,-0.02933006,0.05068123,-7.596036e-05
66,-12.0,0.5714286,3.0769231,-0.025432153,0.054157276,-5.1181152e-05
67,-12.0,1.1428572,3.0769231,-0.010415923,0.05119734,-2.7831024e-05
68,-12.0,1.7142857,3.0769231,-0.0065787174,0.053362217,-2.9598543e-05
69,-12.0,2.2857144,3.0769231,0.008625531,0.052005716,-9.304418e-06
70,-12.0,2.857143,3.0769231,0.012692258,0.052664027,1.5222389e-05
71,-12.0,3.4285715,3.0769231,0.02807539,0.052691177,-1.7656766e-05
72,-12.0,4.0,3.0769231,0.032318186,0.052004438,-4.888946e-05
73,-12.0,0.0,2.4615386,-0.029324083,0.050699,-7.842942e-05
74,-12.0,0.5714286,2.4615386,-0.025488308,0.054188304,-6.958939e-05
75,-12.0,1.1428572,2.4615386,-0.010467944,0.051212426,-6.4727305e-05
76,-12.0,1.7142857,2.4615386,-0.0066196774,0.053387247,-2.8519898e-05
77,-12.0,2.2857144,2.4615386,0.008579003,0.052044403,-1.0478801e-05
78,-12.0,2.857143,2.4615386,0.01264589,0.052691005,4.92563e-06
79,-12.0,3.4285715,2.4615386,0.028050918,0.05274259,7.903428e-05
80,-12.0,4.0,2.4615386,0.032250095,0.0520364,0.00018506433
81,-12.0,0.0,1.8461539,-0.029455923,0.050728768,-9.263325e-05
82,-12.0,0.5714286,1.8461539,-0.025559468,0.05417008,-7.8087825e-05
83,-12.0,1.1428572,1.8461539,-0.010505424,0.051285464,-4.7856465e-05
84,-12.0,1.7142857,1.8461539,-0.006711267,0.053403452,-2.1465468e-05
85,-12.0,2.2857144,1.8461539,0.008532566,0.052109703,1.941287e-06
86,-12.0,2.857143,1.8461539,0.012568526,0.052731954,5.6112967e-05
87,-12.0,3.4285715,1.8461539,0.027983358,0.05281346,4.1441912e-05
88,-12.0,4.0,1.8461539,0.032236293,0.05210098,1.3599264e-05
89,-12.0,0.0,1.2307693,-0.029477661,0.050726134,-0.00011263602
90,-12.0,0.5714286,1.2307693,-0.025674777,0.054279443,-3.4405522e-05
91,-12.0,1.1428572,1.2307693,-0.010653214,0.051274545,-4.730856e-06
92,-12.0,1.7142857,1.2307693,-0.0067886915,0.05350755,9.109692e-06
93,-12.0,2.2857144,1.2307693,0.008400303,0.052140113,6.39068e-05
94,-12.0,2.857143,1.2307693,0.012469502,0.052826513,6.9038404e-05
95,-12.0,3.4285715,1.2307693,0.027891954,0.052870423,0.00015910274
96,-12.0,4.0,1.2307693,0.032071933,0.052172117,0.00032568458
97,-12.0,0.0,0.61538464,-0.029937454,0.050793648,6.1618906e-05
98,-12.0,0.5714286,0.61538464,-0.025757438,0.054296065,-3.353757e-06
99,-12.0,1.1428572,0.61538464,-0.010927414,0.05136072,1.724007e-05
100,-12.0,1.7142857,0.61538464,-0.0068967147,0.053558696,0.0001100735
101,-12.0,2.2857144,0.61538464,0.008131315,0.052211773,8.342384e-05
102,-12.0,2.857143,0.61538464,0.012426541,0.05294438,0.00016181772
103,-12.0,3.4285715,0.61538464,0.027592963,0.05290412,0.0001431132
104,-12.0,4.0,0.61538464,0.032120045,0.052336108,5.1205134e-05
105,-12.0,0.0,0.0,-0.03016464,0.051028132,-0.00018587483
106,-12.0,0.5714286,0.0,-0.025879769,0.054234184,3.2527892e-05
107,-12.0,1.1428572,0.0,-0.011351867,0.051500537,0.00014665614
108,-12.0,1.7142857,0.0,-0.006962629,0.053577635,5.2546944e-05
109,-12.0,2.2857144,0.0,0.0077430014,0.05228624,0.00024575889
110,-12.0,2.857143,0.0,0.01234766,0.05300293,0.00014309472
111,-12.0,3.4285715,0.0,0.027338041,0.052962083,0.00021680619
112,-12.0,4.0,0.0,0.03198213,0.052359004,0.00041634965
113,-11.4,0.0,8.0,-0.034959562,0.04460313,7.752462e-05
114,-11.4,0.5714286,8.0,-0.020915568,0.04127871,0.00021074574
115,-11.4,1.1428572,8.0,-0.016060082,0.04394633,0.00022392724
116,-11.4,1.7142857,8.0,-0.0019937262,0.041851763,2.3467552e-05
117,-11.4,2.2857144,8.0,0.0029918703,0.043151595,0.000131259
118,-11.4,2.857143,8.0,0.017336814,0.042481773,-2.8524091e-05
119,-11.4,3.4285715,8.0,0.022572476,0.042450644,-2.6147125e-05
120,-11.4,4.0,8.0,0.037050325,0.042918466,0.00011323784
121,-11.4,0.0,7.3846154,-0.034785777,0.044759,0.000342906
122,-11.4,0.5714286,7.3846154,-0.020586189,0.041097198,0.00019990468
123,-11.4,1.1428572,7.3846154,-0.015966509,0.043972567,0.00014701895
124,-11.4,1.7142857,7.3846154,-0.0016526986,0.04174829,0.00015432441
125,-11.4,2.2857144,7.3846154,0.0030764432,0.04310332,5.3520856e-05
126,-11.4,2.857143,7.3846154,0.017617417,0.042420857,5.3080097e-05
127,-11.4,3.4285715,7.3846154,0.022617057,0.042374734,-4.8552505e-05
128,-11.4,4.0,7.3846154,0.037247725,0.042834125,-0.00025727865
129,-11.4,0.0,6.769231,-0.03476674,0.044707082,0.00020049438
130,-11.4,0.5714286,6.769231,-0.020307576,0.041017875,0.00020543985
131,-11.4,1.1428572,6.769231,-0.015891181,0.043948367,0.00017650667
132,-11.4,1.7142857,6.769231,-0.0014032839,0.04167061,0.00012350103
133,-11.4,2.2857144,6.769231,0.0031159509,0.043023564,0.000102190505
134,-11.4,2.857143,6.769231,0.017856775,0.04237177,2.561208e-05
135,-11.4,3.4285715,6.769231,0.022613985,0.0422454,2.4876024e-05
136,-11.4,4.0,6.769231,0.037521668,0.042833775,6.666297e-05
137,-11.4,0.0,6.1538463,-0.03464504,0.04465257,0.0002061462
138,-11.4,0.5714286,6.1538463,-0.020217953,0.04103968,0.00018167023
139,-11.4,1.1428572,6.1538463,-0.015840407,0.04384139,0.00015718541
140,-11.4,1.7142857,6.1538463,-0.0013104836,0.04166088,0.0001239391
141,-11.4,2.2857144,6.1538463,0.0031751741,0.042927217,8.015944e-05
142,-11.4,2.857143,6.1538463,0.017935475,0.042329025,6.2360166e-05
143,-11.4,3.4285715,6.1538463,0.022688221,0.04215284,-3.7148126e-05
144,-11.4,4.0,6.1538463,0.03756556,0.042764798,-0.00016711217
145,-11.4,0.0,5.5384617,-0.03464766,0.04464114,0.00017846463
146,-11.4,0.5714286,5.5384617,-0.020196646,0.040968563,0.00014911465
147,-11.4,1.1428572,5.5384617,-0.015791588,0.043843128,0.000115572955
148,-11.4,1.7142857,5.5384617,-0.0012953968,0.041594587,0.00010417587
149,-11.4,2.2857144,5.5384617,0.0032185994,0.042899314,7.256363e-05
150,-11.4,2.857143,5.5384617,0.017962318,0.04226362,2.892519e-05
151,-11.4,3.4285715,5.5384617,0.022715895,0.042113185,4.656917e-05
152,-11.4,4.0,5.5384617,0.037605885,0.042704247,6.7130946e-05
153,-11.4,0.0,4.923077,-0.03459871,0.044642907,7.6330536e-05
154,-11.4,0.5714286,4.923077,-0.020187162,0.040964812,9.069846e-05
155,-11.4,1.1428572,4.923077,-0.015780436,0.04381625,8.7909226e-05
156,-11.4,1.7142857,4.923077,-0.0012844631,0.04156585,5.8343692e-05
157,-11.4,2.2857144,4.923077,0.0032332274,0.042877488,4.4618337e-05
158,-11.4,2.857143,4.923077,0.017964294,0.042222835,3.7832786e-05
159,-11.4,3.4285715,4.923077,0.022731174,0.042085983,-3.532226e-05
160,-11.4,4.0,4.923077,0.03757813,0.04265396,-0.0001103299
161,-11.4,0.0,4.3076925,-0.03460671,0.04463478,5.9781905e-05
162,-11.4,0.5714286,4.3076925,-0.020193497,0.040947597,3.128539e-05
163,-11.4,1.1428572,4.3076925,-0.015773462,0.04381269,1.4435676e-05
164,-11.4,1.7142857,4.3076925,-0.0012957178,0.041550882,2.4227944e-05
165,-11.4,2.2857144,4.3076925,0.00323515,0.042865105,1.13998185e-05
166,-11.4,2.857143,4.3076925,0.01795314,0.042205334,-4.9865766e-06
167,-11.4,3.4285715,4.3076925,0.022724176,0.042071577,3.8248887e-05
168,-11.4,4.0,4.3076925,0.03756715,0.04263382,7.6108954e-05
169,-11.4,0.0,3.6923077,-0.034623284,0.04463491,-6.810524e-05
170,-11.4,0.5714286,3.6923077,-0.020209566,0.04094698,-4.0802148e-05
171,-11.4,1.1428572,3.6923077,-0.015790138,0.04381269,-2.4651132e-05
172,-11.4,1.7142857,3.6923077,-0.0013118399,0.04155039,-3.5573943e-05
173,-11.4,2.2857144,3.6923077,0.0032184483,0.04286498,-2.3403336e-05
174,-11.4,2.857143,3.6923077,0.017936984,0.04220496,-8.136919e-06
175,-11.4,3.4285715,3.6923077,0.022707423,0.042071346,-5.209068e-05
176,-11.4,4.0,3.6923077,0.037550926,0.042633537,-9.1165195e-05
177,-11.4,0.0,3.0769231,-0.0346487,0.044643216,-8.458967e-05
178,-11.4,0.5714286,3.0769231,-0.020235484,0.040962987,-0.00010022042
179,-11.4,1.1428572,3.0769231,-0.01583043,0.04381624,-9.811546e-05
180,-11.4,1.7142857,3.0769231,-0.0013328366,0.04156439,-6.9697904e-05
181,-11.4,2.2857144,3.0769231,0.0031831241,0.042877115,-5.6607434e-05
182,-11.4,2.857143,3.0769231,0.017915819,0.042221714,-5.097218e-05
183,-11.4,3.4285715,3.0769231,0.02268097,0.042085316,2.1494994e-05
184,-11.4,4.0,3.0769231,0.03752958,0.04265311,9.524943e-05
185,-11.4,0.0,2.4615386,-0.034730803,0.04464168,-0.00018681472
186,-11.4,0.5714286,2.4615386,-0.020277128,0.040965535,-0.000158661
187,-11.4,1.1428572,2.4615386,-0.015874919,0.04384312,-0.00012574521
188,-11.4,1.7142857,2.4615386,-0.0013760304,0.04159218,-0.00011554681
189,-11.4,2.2857144,2.4615386,0.003135111,0.04289869,-8.453755e-05
190,-11.4,2.857143,2.4615386,0.017881522,0.04226178,-4.2077238e-05
191,-11.4,3.4285715,2.4615386,0.022632213,0.04211206,-6.038196e-05
192,-11.4,4.0,2.4615386,0.03752489,0.04270285,-8.2185405e-05
193,-11.4,0.0,1.8461539,-0.03476164,0.04465333,-0.00021438436
194,-11.4,0.5714286,1.8461539,-0.020330679,0.041035492,-0.00019118792
195,-11.4,1.1428572,1.8461539,-0.015957097,0.04384138,-0.00016736962
196,-11.4,1.7142857,1.8461539,-0.0014233416,0.041657545,-0.00013529496
197,-11.4,2.2857144,1.8461539,0.0030582657,0.042926367,-9.213327e-05
198,-11.4,2.857143,1.8461539,0.017822405,0.042326473,-7.551438e-05
199,-11.4,3.4285715,1.8461539,0.022571087,0.0421513,2.3334835e-05
200,-11.4,4.0,1.8461539,0.037452295,0.042762876,0.00015203035
201,-11.4,0.0,1.2307693,-0.034916706,0.044708423,-0.00020882669
202,-11.4,0.5714286,1.2307693,-0.020452326,0.041012242,-0.00021498876
203,-11.4,1.1428572,1.2307693,-0.016041385,0.04394864,-0.00018666018
204,-11.4,1.7142857,1.2307693,-0.0015482414,0.041666195,-0.0001348598
205,-11.4,2.2857144,1.2307693,0.0029655036,0.043022614,-0.00011415807
206,-11.4,2.857143,1.2307693,0.017711578,0.042368475,-3.8762373e-05
207,-11.4,3.4285715,1.2307693,0.022463247,0.04224346,-3.8685528e-05
208,-11.4,4.0,1.2307693,0.03737618,0.042831376,-8.167067e-05
209,-11.4,0.0,0.61538464,-0.03496922,0.044760864,-0.00035131254
210,-11.4,0.5714286,0.61538464,-0.020763215,0.04109025,-0.00020937725
211,-11.4,1.1428572,0.61538464,-0.01615008,0.043973032,-0.00015716307
212,-11.4,1.7142857,0.61538464,-0.0018298847,0.041742872,-0.00016568066
213,-11.4,2.2857144,0.61538464,0.0028926034,0.043102294,-6.547107e-05
214,-11.4,2.857143,0.61538464,0.01743998,0.04241681,-6.623312e-05
215,-11.4,3.4285715,0.61538464,0.022432934,0.042372506,3.4750683e-05
216,-11.4,4.0,0.61538464,0.03707004,0.04283117,0.0002422304
217,-11.4,0.0,0.0,-0.03517587,0.04460469,-8.5527456e-05
218,-11.4,0.5714286,0.0,-0.021125166,0.04127112,-0.00022032337
219,-11.4,1.1428572,0.0,-0.016276646,0.043946568,-0.00023413
220,-11.4,1.7142857,0.0,-0.002203533,0.041845694,-3.4714758e-05
221,-11.4,2.2857144,0.0,0.0027750414,0.043150302,-0.00014326407
222,-11.4,2.857143,0.0,0.01712676,0.04247715,1.5418429e-05
223,-11.4,3.4285715,0.0,0.022355337,0.042448062,1.2340771e-05
224,-11.4,4.0,0.0,0.036839955,0.042914987,-0.00012821228
225,-10.8,0.0,8.0,-0.030635737,0.031122154,0.0006064404
226,-10.8,0.5714286,8.0,-0.025390215,0.03436136,0.0004243105
227,-10.8,1.1428572,8.0,-0.011784542,0.031491417,0.00032080722
228,-10.8,1.7142857,8.0,-0.0065001193,0.033513766,0.0004321352
229,-10.8,2.2857144,8.0,0.00731655,0.032092713,0.00021684587
230,-10.8,2.857143,8.0,0.012774777,0.032628432,0.00023923776
231,-10.8,3.4285715,8.0,0.026937705,0.03260354,9.540368e-05
232,-10.8,4.0,8.0,0.032527328,0.03195526,-0.00023269453
233,-10.8,0.0,7.3846154,-0.030325562,0.030869158,0.00034488481
234,-10.8,0.5714286,7.3846154,-0.025250625,0.034466796,0.00041760408
235,-10.8,1.1428572,7.3846154,-0.011418581,0.03135258,0.00040317868
236,-10.8,1.7142857,7.3846154,-0.006365936,0.03348336,0.00030716512
237,-10.8,2.2857144,7.3846154,0.007628875,0.031993624,0.00029329894
238,-10.8,2.857143,7.3846154,0.012866504,0.03252559,0.00017232096
239,-10.8,3.4285715,7.3846154,0.027172929,0.032500643,0.00013108487
240,-10.8,4.0,7.3846154,0.032582667,0.03184615,0.00018641265
241,-10.8,0.0,6.769231,-0.030008234,0.030864527,0.0004465119
242,-10.8,0.5714286,6.769231,-0.025169298,0.034452446,0.00038901877
243,-10.8,1.1428572,6.769231,-0.011166352,0.031256087,0.00034940473
244,-10.8,1.7142857,6.769231,-0.006316866,0.033426944,0.00031401464
245,-10.8,2.2857144,6.769231,0.007874572,0.0319252,0.00023512113
246,-10.8,2.857143,6.769231,0.012885505,0.032406807,0.00019451516
247,-10.8,3.4285715,6.769231,0.02739998,0.03246363,6.9773705e-05
248,-10.8,4.0,6.769231,0.032592118,0.031672955,-0.000112017355
249,-10.8,0.0,6.1538463,-0.02996027,0.030844716,0.00036668114
250,-10.8,0.5714286,6.1538463,-0.025124481,0.034341734,0.00032943397
251,-10.8,1.1428572,6.1538463,-0.011087022,0.031271193,0.0002934593
252,-10.8,1.7142857,6.1538463,-0.0062641595,0.033325437,0.00025449312
253,-10.8,2.2857144,6.1538463,0.007945665,0.03189919,0.00020951898
254,-10.8,2.857143,6.1538463,0.012948158,0.032317154,0.00013100378
255,-10.8,3.4285715,6.1538463,0.027471783,0.03241522,0.00012900817
256,-10.8,4.0,6.1538463,0.032661714,0.031598818,0.00015087625
257,-10.8,0.0,5.5384617,-0.029921345,0.030816859,0.00023783099
258,-10.8,0.5714286,5.5384617,-0.025082847,0.034362674,0.00024003537
259,-10.8,1.1428572,5.5384617,-0.011070763,0.031198412,0.00022646197
260,-10.8,1.7142857,5.5384617,-0.0062272325,0.03331537,0.0001789595
261,-10.8,2.2857144,5.5384617,0.007973487,0.031840786,0.00014526298
262,-10.8,2.857143,5.5384617,0.0129847955,0.032291703,0.000118065625
263,-10.8,3.4285715,5.5384617,0.027496492,0.032357138,2.622739e-05
264,-10.8,4.0,5.5384617,0.0326762,0.031556714,-7.1901086e-05
265,-10.8,0.0,4.923077,-0.029922817,0.030793363,0.00018162711
266,-10.8,0.5714286,4.923077,-0.02506477,0.034332775,0.00014403074
267,-10.8,1.1428572,4.923077,-0.011062776,0.031187052,0.00011742279
268,-10.8,1.7142857,4.923077,-0.0062090834,0.0332968,0.00011088617
269,-10.8,2.2857144,4.923077,0.007973914,0.031811826,8.3081875e-05
270,-10.8,2.857143,4.923077,0.013001598,0.032276247,4.6170622e-05
271,-10.8,3.4285715,4.923077,0.027488923,0.032323387,7.472835e-05
272,-10.8,4.0,4.923077,0.03268455,0.03154193,0.000105598396
273,-10.8,0.0,4.3076925,-0.029921437,0.030793708,7.5741136e-06
274,-10.8,0.5714286,4.3076925,-0.025059737,0.034338225,3.3134787e-05
275,-10.8,1.1428572,4.3076925,-0.011071445,0.031172525,3.8688886e-05
276,-10.8,1.7142857,4.3076925,-0.0062087206,0.033291362,1.5465639e-05
277,-10.8,2.2857144,4.3076925,0.007965446,0.031800132,1.3783217e-05
278,-10.8,2.857143,4.3076925,0.012998744,0.032268055,1.5007645e-05
279,-10.8,3.4285715,4.3076925,0.027475694,0.03230889,-4.3651184e-05
280,-10.8,4.0,4.3076925,0.03266945,0.03153003,-9.816634e-05
281,-10.8,0.0,3.6923077,-0.029937675,0.03079302,-4.807744e-05
282,-10.8,0.5714286,3.6923077,-0.025076376,0.034338307,-7.4429496e-05
283,-10.8,1.1428572,3.6923077,-0.011087575,0.031171976,-8.112476e-05
284,-10.8,1.7142857,3.6923077,-0.006225377,0.03329131,-5.8594356e-05
285,-10.8,2.2857144,3.6923077,0.00794927,0.031799722,-5.8000434e-05
286,-10.8,2.857143,3.6923077,0.012982059,0.03226789,-5.9926235e-05
287,-10.8,3.4285715,3.6923077,0.02745949,0.032308586,-2.3891512e-06
288,-10.8,4.0,3.6923077,0.03265276,0.031529777,5.1333904e-05
289,-10.8,0.0,3.0769231,-0.0299711,0.030791411,-0.00022220289
290,-10.8,0.5714286,3.0769231,-0.025114592,0.034333,-0.00018531192
291,-10.8,1.1428572,3.0769231,-0.011111232,0.031185422,-0.00015986271
292,-10.8,1.7142857,3.0769231,-0.006259018,0.033296645,-0.00015399909
293,-10.8,2.2857144,3.0769231,0.007925374,0.03181059,-0.00012731236
294,-10.8,2.857143,3.0769231,0.012951554,0.032275755,-9.107042e-05
295,-10.8,3.4285715,3.0769231,0.027440265,0.032322448,-0.00012078167
296,-10.8,4.0,3.0769231,0.032634363,0.03154118,-0.00015239316
297,-10.8,0.0,2.4615386,-0.030002128,0.030813577,-0.00027831394
298,-10.8,0.5714286,2.4615386,-0.02516594,0.034363054,-0.0002812857
299,-10.8,1.1428572,2.4615386,-0.011151493,0.031195711,-0.00026892225
300,-10.8,1.7142857,2.4615386,-0.00631047,0.033315104,-0.00022204405
301,-10.8,2.2857144,2.4615386,0.007892589,0.031838752,-0.00018950361
302,-10.8,2.857143,2.4615386,0.012901401,0.032290876,-0.0001629495
303,-10.8,3.4285715,2.4615386,0.027415423,0.03235561,-7.228935e-05
304,-10.8,4.0,2.4615386,0.03259266,0.031555466,2.5102068e-05
305,-10.8,0.0,1.8461539,-0.030073099,0.030840186,-0.0004073105
306,-10.8,0.5714286,1.8461539,-0.025240801,0.03434226,-0.0003706947
307,-10.8,1.1428572,1.8461539,-0.011200068,0.03126745,-0.00033588658
308,-10.8,1.7142857,1.8461539,-0.006380695,0.033325076,-0.0002975791
309,-10.8,2.2857144,1.8461539,0.00783243,0.03189636,-0.0002537476
310,-10.8,2.857143,1.8461539,0.0128314,0.032316018,-0.00017588183
311,-10.8,3.4285715,1.8461539,0.027358307,0.0324131,-0.00017506028
312,-10.8,4.0,1.8461539,0.032544684,0.031597074,-0.00019761354
313,-10.8,0.0,1.2307693,-0.030153476,0.030858394,-0.0004870084
314,-10.8,0.5714286,1.2307693,-0.02531904,0.034453463,-0.00043023613
315,-10.8,1.1428572,1.2307693,-0.011311558,0.031251065,-0.00039184504
316,-10.8,1.7142857,1.2307693,-0.0064668427,0.03342667,-0.00035707068
317,-10.8,2.2857144,1.2307693,0.007729124,0.0319215,-0.0002793443
318,-10.8,2.857143,1.2307693,0.012735292,0.032405425,-0.00023938458
319,-10.8,3.4285715,1.2307693,0.027254263,0.03246094,-0.00011581817
320,-10.8,4.0,1.2307693,0.03244166,0.031670723,6.5241315e-05
321,-10.8,0.0,0.61538464,-0.030502915,0.030861534,-0.00038537694
322,-10.8,0.5714286,0.61538464,-0.025433615,0.0344682,-0.00045885582
323,-10.8,1.1428572,0.61538464,-0.011596134,0.031346403,-0.00044558736
324,-10.8,1.7142857,0.61538464,-0.006549192,0.03348316,-0.0003502105
325,-10.8,2.2857144,0.61538464,0.0074510905,0.031989053,-0.00033750464
326,-10.8,2.857143,0.61538464,0.012682985,0.032524034,-0.00021717799
327,-10.8,3.4285715,0.61538464,0.026994856,0.032497313,-0.00017711656
328,-10.8,4.0,0.61538464,0.03239881,0.031843536,-0.00023310915
329,-10.8,0.0,0.0,-0.030845935,0.031113926,-0.0006472432
330,-10.8,0.5714286,0.0,-0.025606206,0.034362514,-0.00046547205
331,-10.8,1.1428572,0.0,-0.0119947,0.031484555,-0.00036311906
332,-10.8,1.7142857,0.0,-0.006716376,0.033513337,-0.0004752242
333,-10.8,2.2857144,0.0,0.0071061496,0.032087535,-0.00026099652
334,-10.8,2.857143,0.0,0.012558279,0.032626566,-0.0002840945
335,-10.8,3.4285715,0.0,0.026727024,0.032599673,-0.00014142951
336,-10.8,4.0,0.0,0.03231056,0.031952277,0.000185964
337,-10.2,0.0,8.0,-0.03473957,0.024761792,0.00054272753
338,-10.2,0.5714286,8.0,-0.021498984,0.021216791,0.0007203524
339,-10.2,1.1428572,8.0,-0.015983645,0.024087744,0.0008053293
340,-10.2,1.7142857,8.0,-0.0024742917,0.021733405,0.0005720203
341,-10.2,2.2857144,8.0,0.0030669996,0.022909349,0.00061644614
342,-10.2,2.857143,8.0,0.01675012,0.022263575,0.00040529988
343,-10.2,3.4285715,8.0,0.022730296,0.022029161,0.00026731633
344,-10.2,4.0,8.0,0.036646523,0.02255362,0.00034741947
345,-10.2,0.0,7.3846154,-0.034487445,0.025059113,0.00080555904
346,-10.2,0.5714286,7.3846154,-0.02105884,0.021029195,0.00071447063
347,-10.2,1.1428572,7.3846154,-0.015776895,0.024104629,0.00065490685
348,-10.2,1.7142857,7.3846154,-0.0020945547,0.02159927,0.0006308748
349,-10.2,2.2857144,7.3846154,0.0032327154,0.022800438,0.0004970032
350,-10.2,2.857143,7.3846154,0.017045073,0.022119468,0.00041085572
351,-10.2,3.4285715,7.3846154,0.022800447,0.021862255,0.00023527403
352,-10.2,4.0,7.3846154,0.03687563,0.022391038,-5.2260915e-05
353,-10.2,0.0,6.769231,-0.034434203,0.024975311,0.0006762363
354,-10.2,0.5714286,6.769231,-0.020826494,0.020927915,0.00064463203
355,-10.2,1.1428572,6.769231,-0.015726661,0.024078343,0.0006061863
356,-10.2,1.7142857,6.769231,-0.00185884,0.021500299,0.0005337118
357,-10.2,2.2857144,6.769231,0.0032435362,0.022685183,0.00045375922
358,-10.2,2.857143,6.769231,0.017269408,0.022060417,0.0003226206
359,-10.2,3.4285715,6.769231,0.022810372,0.021696955,0.00026845516
360,-10.2,4.0,6.769231,0.037108425,0.022359898,0.0002897777
361,-10.2,0.0,6.1538463,-0.03440798,0.02493318,0.0005393431
362,-10.2,0.5714286,6.1538463,-0.020760229,0.020964652,0.0005342745
363,-10.2,1.1428572,6.1538463,-0.0157,0.023952989,0.0004936843
364,-10.2,1.7142857,6.1538463,-0.0018105642,0.021491086,0.00042352313
365,-10.2,2.2857144,6.1538463,0.0033008177,0.022598486,0.00034413772
366,-10.2,2.857143,6.1538463,0.017336365,0.022029491,0.00028600282
367,-10.2,3.4285715,6.1538463,0.022869054,0.021621807,0.00015677669
368,-10.2,4.0,6.1538463,0.037167214,0.022299644,2.356759e-05
369,-10.2,0.0,5.5384617,-0.034372624,0.024920503,0.00043321864
370,-10.2,0.5714286,5.5384617,-0.020755768,0.020879075,0.00038507057
371,-10.2,1.1428572,5.5384617,-0.01566488,0.023968525,0.00033533326
372,-10.2,1.7142857,5.5384617,-0.0017816442,0.021435563,0.00030517427
373,-10.2,2.2857144,5.5384617,0.0033309294,0.022592345,0.00024597332
374,-10.2,2.857143,5.5384617,0.017364554,0.021986786,0.00017700698
375,-10.2,3.4285715,5.5384617,0.022896493,0.02160726,0.000180945
376,-10.2,4.0,5.5384617,0.037177052,0.022260888,0.00021471716
377,-10.2,0.0,4.923077,-0.034345273,0.02492747,0.00019508347
378,-10.2,0.5714286,4.923077,-0.02073936,0.020891218,0.00021757797
379,-10.2,1.1428572,4.923077,-0.01564415,0.023948386,0.00020449904
380,-10.2,1.7142857,4.923077,-0.0017874365,0.021424424,0.00016143566
381,-10.2,2.2857144,4.923077,0.003352622,0.0225898,0.00013267226
382,-10.2,2.857143,4.923077,0.017359374,0.02196921,0.000113031434
383,-10.2,3.4285715,4.923077,0.022908196,0.02160523,3.3694832e-05
384,-10.2,4.0,4.923077,0.03715452,0.02223249,-3.556797e-05
385,-10.2,0.0,4.3076925,-0.03434103,0.024922648,8.4586834e-05
386,-10.2,0.5714286,4.3076925,-0.02074963,0.020876454,4.974298e-05
387,-10.2,1.1428572,4.3076925,-0.015643919,0.023954213,3.149286e-05
388,-10.2,1.7142857,4.3076925,-0.0017925252,0.021417893,3.616342e-05
389,-10.2,2.2857144,4.3076925,0.003349048,0.022590121,1.9309e-05
390,-10.2,2.857143,4.3076925,0.017349908,0.02196438,-1.7650045e-06
391,-10.2,3.4285715,4.3076925,0.022899905,0.02160507,3.9755367e-05
392,-10.2,4.0,4.3076925,0.037134096,0.022226509,8.528466e-05
393,-10.2,0.0,3.6923077,-0.034357447,0.02492284,-0.00015699037
394,-10.2,0.5714286,3.6923077,-0.020765774,0.020875832,-0.00012327543
395,-10.2,1.1428572,3.6923077,-0.015660545,0.02395424,-0.000105757405
396,-10.2,1.7142857,3.6923077,-0.0018087061,0.021417432,-0.00011150739
397,-10.2,2.2857144,3.6923077,0.0033324093,0.022590015,-9.534678e-05
398,-10.2,2.857143,3.6923077,0.017333679,0.02196404,-7.531137e-05
399,-10.2,3.4285715,3.6923077,0.022883227,0.021604866,-0.00011757269
400,-10.2,4.0,3.6923077,0.037117794,0.02222626,-0.00016421474
401,-10.2,0.0,3.0769231,-0.03439515,0.024927892,-0.00026740343
402,-10.2,0.5714286,3.0769231,-0.02078788,0.020889344,-0.0002911153
403,-10.2,1.1428572,3.0769231,-0.015693927,0.023948476,-0.00027874473
404,-10.2,1.7142857,3.0769231,-0.0018360349,0.021423029,-0.00023678859
405,-10.2,2.2857144,3.0769231,0.0033027288,0.022589495,-0.00020868806
406,-10.2,2.857143,3.0769231,0.017310679,0.021968186,-0.0001901231
407,-10.2,3.4285715,3.0769231,0.022858199,0.021604644,-0.00011149117
408,-10.2,4.0,3.0769231,0.037105743,0.022231743,-4.3388318e-05
409,-10.2,0.0,2.4615386,-0.034455333,0.02492128,-0.0005056284
410,-10.2,0.5714286,2.4615386,-0.020836594,0.020875987,-0.00045861633
411,-10.2,1.1428572,2.4615386,-0.015747907,0.023968657,-0.00040953403
412,-10.2,1.7142857,2.4615386,-0.001862611,0.021433266,-0.00038053913
413,-10.2,2.2857144,2.4615386,0.0032477677,0.022591824,-0.0003219615
414,-10.2,2.857143,2.4615386,0.0172834,0.0219851,-0.00025410787
415,-10.2,3.4285715,2.4615386,0.02281316,0.021606266,-0.000258716
416,-10.2,4.0,2.4615386,0.037095673,0.022259653,-0.00029364772
417,-10.2,0.0,1.8461539,-0.034524202,0.024934197,-0.00061156123
418,-10.2,0.5714286,1.8461539,-0.020873422,0.020960355,-0.00060778105
419,-10.2,1.1428572,1.8461539,-0.015816195,0.02395318,-0.00056788814
420,-10.2,1.7142857,1.8461539,-0.0019239421,0.021487884,-0.00049884984
421,-10.2,2.2857144,1.8461539,0.003184397,0.022597773,-0.00042012255
422,-10.2,2.857143,1.8461539,0.017222775,0.022027152,-0.00036308754
423,-10.2,3.4285715,1.8461539,0.02275241,0.021620434,-0.0002345448
424,-10.2,4.0,1.8461539,0.037053414,0.02229795,-0.00010252275
425,-10.2,0.0,1.2307693,-0.03458339,0.024977034,-0.0007486587
426,-10.2,0.5714286,1.2307693,-0.020971939,0.020922093,-0.00071814493
427,-10.2,1.1428572,1.2307693,-0.015876235,0.024078837,-0.00068031944
428,-10.2,1.7142857,1.2307693,-0.0020044837,0.021496052,-0.00060904084
429,-10.2,2.2857144,1.2307693,0.003093755,0.022684384,-0.0005297067
430,-10.2,2.857143,1.2307693,0.017123487,0.022057384,-0.0003997
431,-10.2,3.4285715,1.2307693,0.022660336,0.021695213,-0.00034620345
432,-10.2,4.0,1.2307693,0.036962166,0.022357767,-0.0003686578
433,-10.2,0.0,0.61538464,-0.03467015,0.025061425,-0.0008778193
434,-10.2,0.5714286,0.61538464,-0.0212367,0.021022001,-0.00078792573
435,-10.2,1.1428572,0.61538464,-0.015959635,0.024105372,-0.00072905375
436,-10.2,1.7142857,0.61538464,-0.0022726464,0.021594005,-0.0007061351
437,-10.2,2.2857144,0.61538464,0.0030497166,0.02279959,-0.0005729495
438,-10.2,2.857143,0.61538464,0.016866734,0.022115713,-0.00048789647
439,-10.2,3.4285715,0.61538464,0.022617184,0.021860253,-0.00031302925
440,-10.2,4.0,0.61538464,0.036697008,0.022388399,-2.666889e-05
441,-10.2,0.0,0.0,-0.034954928,0.024763811,-0.0006148111
442,-10.2,0.5714286,0.0,-0.021709468,0.02120889,-0.00079376245
443,-10.2,1.1428572,0.0,-0.016199406,0.024088306,-0.00087948976
444,-10.2,1.7142857,0.0,-0.0026849771,0.02172749,-0.0006472416
445,-10.2,2.2857144,0.0,0.0028510157,0.022908242,-0.0006923304
446,-10.2,2.857143,0.0,0.016539158,0.02225926,-0.00048234788
447,-10.2,3.4285715,0.0,0.022514071,0.022026809,-0.00034502408
448,-10.2,4.0,0.0,0.036435198,0.022550456,-0.00042631687
449,-9.6,0.0,8.0,-0.030995162,0.011303813,0.0013489973
450,-9.6,0.5714286,8.0,-0.025471669,0.014966642,0.001286837
451,-9.6,1.1428572,8.0,-0.012236856,0.011526152,0.0011058736
452,-9.6,1.7142857,8.0,-0.0064169476,0.013538958,0.0011987125
453,-9.6,2.2857144,8.0,0.0068752114,0.011883317,0.0009201119
454,-9.6,2.857143,8.0,0.0126803415,0.012045441,0.000725106
455,-9.6,3.4285715,8.0,0.026495751,0.01216943,0.00048786192
456,-9.6,4.0,8.0,0.032863393,0.011247385,-6.146399e-05
457,-9.6,0.0,7.3846154,-0.030453132,0.010964182,0.0011310205
458,-9.6,0.5714286,7.3846154,-0.025164677,0.015103734,0.0011377243
459,-9.6,1.1428572,7.3846154,-0.01172249,0.01135181,0.0011331165
460,-9.6,1.7142857,7.3846154,-0.0061456445,0.013418719,0.0009965358
461,-9.6,2.2857144,7.3846154,0.0072305566,0.011674905,0.0008384587
462,-9.6,2.857143,7.3846154,0.012831443,0.011835832,0.0006161969
463,-9.6,3.4285715,7.3846154,0.026750762,0.011963152,0.00045775657
464,-9.6,4.0,7.3846154,0.032931656,0.011011504,0.00045224794
465,-9.6,0.0,6.769231,-0.03026243,0.010988246,0.0010590145
466,-9.6,0.5714286,6.769231,-0.025117727,0.015087619,0.0010392256
467,-9.6,1.1428572,6.769231,-0.011537699,0.011184914,0.00096396124
468,-9.6,1.7142857,6.769231,-0.0061949254,0.01330935,0.0008301295
469,-9.6,2.2857144,6.769231,0.0074359784,0.011602244,0.0006762574
470,-9.6,2.857143,6.769231,0.012826119,0.011683347,0.0005440584
471,-9.6,3.4285715,6.769231,0.026959954,0.011925492,0.00035819926
472,-9.6,4.0,6.769231,0.032958843,0.010802937,0.00014569501
473,-9.6,0.0,6.1538463,-0.030245798,0.010944194,0.0009050409
474,-9.6,0.5714286,6.1538463,-0.025160715,0.014919679,0.0008081787
475,-9.6,1.1428572,6.1538463,-0.011523643,0.011206619,0.0007214713
476,-9.6,1.7142857,6.1538463,-0.0061458144,0.013223765,0.0006371395
477,-9.6,2.2857144,6.1538463,0.0074869287,0.011596592,0.00052647485
478,-9.6,2.857143,6.1538463,0.012883366,0.01162493,0.00039446354
479,-9.6,3.4285715,6.1538463,0.027026067,0.011901185,0.0003585752
480,-9.6,4.0,6.1538463,0.03298375,0.010751599,0.00039306673
481,-9.6,0.0,5.5384617,-0.030241732,0.010921649,0.0005411495
482,-9.6,0.5714286,5.5384617,-0.025095535,0.014976953,0.0005551348
483,-9.6,1.1428572,5.5384617,-0.011489195,0.01114714,0.00051384285
484,-9.6,1.7142857,5.5384617,-0.00612978,0.01324905,0.00042737252
485,-9.6,2.2857144,5.5384617,0.0075151348,0.011575063,0.00035648
486,-9.6,2.857143,5.5384617,0.012912809,0.011643137,0.00029711827
487,-9.6,3.4285715,5.5384617,0.027040996,0.0118839815,0.00018959484
488,-9.6,4.0,5.5384617,0.032997597,0.0107455,9.793027e-05
489,-9.6,0.0,4.923077,-0.030210182,0.010910972,0.00035552296
490,-9.6,0.5714286,4.923077,-0.025085535,0.0149534065,0.0003073964
491,-9.6,1.1428572,4.923077,-0.01150266,0.01116471,0.00026990141
492,-9.6,1.7142857,4.923077,-0.006101533,0.013257877,0.00024036327
493,-9.6,2.2857144,4.923077,0.007506703,0.011580548,0.00019404337
494,-9.6,2.857143,4.923077,0.0129310535,0.011664019,0.00013963829
495,-9.6,3.4285715,4.923077,0.027028305,0.011884281,0.00016197882
496,-9.6,4.0,4.923077,0.032986805,0.010764649,0.00021320411
497,-9.6,0.0,4.3076925,-0.03022454,0.010909779,3.7838297e-05
498,-9.6,0.5714286,4.3076925,-0.025074461,0.014969377,6.4435175e-05
499,-9.6,1.1428572,4.3076925,-0.011501356,0.011160818,6.289141e-05
500,-9.6,1.7142857,4.3076925,-0.006107119,0.013270714,3.8510432e-05
501,-9.6,2.2857144,4.3076925,0.0075005535,0.011586513,2.7682821e-05
502,-9.6,2.857143,4.3076925,0.012925318,0.011676608,2.5178413e-05
503,-9.6,3.4285715,4.3076925,0.027013049,0.011889652,-3.4414592e-05
504,-9.6,4.0,4.3076925,0.032970533,0.010770997,-9.13761e-05
505,-9.6,0.0,3.6923077,-0.03024092,0.010909006,-0.00014246738
506,-9.6,0.5714286,3.6923077,-0.02509104,0.0149695035,-0.0001698611
507,-9.6,1.1428572,3.6923077,-0.011517533,0.011160278,-0.00016941328
508,-9.6,1.7142857,3.6923077,-0.006123726,0.013270667,-0.00014573694
509,-9.6,2.2857144,3.6923077,0.007484312,0.011586138,-0.00013587269
510,-9.6,2.857143,3.6923077,0.012908701,0.011676467,-0.00013406116
511,-9.6,3.4285715,3.6923077,0.026996767,0.011889388,-7.5478005e-05
512,-9.6,4.0,3.6923077,0.032953907,0.010770779,-1.9305375e-05
513,-9.6,0.0,3.0769231,-0.030258566,0.010908872,-0.00046021427
514,-9.6,0.5714286,3.0769231,-0.025135186,0.014953823,-0.00041279627
515,-9.6,1.1428572,3.0769231,-0.011551298,0.011163054,-0.0003764282
516,-9.6,1.7142857,3.0769231,-0.0061512934,0.0132577615,-0.0003475636
517,-9.6,2.2857144,3.0769231,0.007457957,0.011579407,-0.00030224785
518,-9.6,2.857143,3.0769231,0.012881207,0.011663606,-0.00024849578
519,-9.6,3.4285715,3.0769231,0.026979433,0.011883468,-0.00027188647
520,-9.6,4.0,3.0769231,0.032936808,0.010763982,-0.00032384568
521,-9.6,0.0,2.4615386,-0.03032292,0.010918023,-0.00064571144
522,-9.6,0.5714286,2.4615386,-0.025178347,0.014977596,-0.00066047785
523,-9.6,1.1428572,2.4615386,-0.01157019,0.0111444285,-0.00062038016
524,-9.6,1.7142857,2.4615386,-0.0062127546,0.01324883,-0.000534527
525,-9.6,2.2857144,2.4615386,0.0074339085,0.01157319,-0.0004646961
526,-9.6,2.857143,2.4615386,0.012829735,0.01164244,-0.0004059456
527,-9.6,3.4285715,2.4615386,0.02695957,0.011882655,-0.00029951867
528,-9.6,4.0,2.4615386,0.032914367,0.0107444,-0.00020856873
529,-9.6,0.0,1.8461539,-0.030358957,0.010939278,-0.0010097444
530,-9.6,0.5714286,1.8461539,-0.025276616,0.014920586,-0.0009134873
531,-9.6,1.1428572,1.8461539,-0.011637117,0.011202818,-0.0008279385
532,-9.6,1.7142857,1.8461539,-0.006261946,0.013223477,-0.00074429344
533,-9.6,2.2857144,1.8461539,0.0073732054,0.011593978,-0.0006346517
534,-9.6,2.857143,1.8461539,0.012767074,0.011623963,-0.0005032911
535,-9.6,3.4285715,1.8461539,0.026912082,0.011899343,-0.000468474
536,-9.6,4.0,1.8461539,0.032867163,0.010750043,-0.0005036558
537,-9.6,0.0,1.2307693,-0.030408422,0.010981418,-0.0011633344
538,-9.6,0.5714286,1.2307693,-0.025266891,0.015089122,-0.0011444382
539,-9.6,1.1428572,1.2307693,-0.011683452,0.011179831,-0.001070421
540,-9.6,1.7142857,1.2307693,-0.0063443594,0.013309126,-0.00093719823
541,-9.6,2.2857144,1.2307693,0.007289859,0.011598822,-0.0007844334
542,-9.6,2.857143,1.2307693,0.012676558,0.011682169,-0.0006528472
543,-9.6,3.4285715,1.2307693,0.026813516,0.0119231455,-0.00046810397
544,-9.6,4.0,1.2307693,0.032809023,0.010800934,-0.00025632084
545,-9.6,0.0,0.61538464,-0.030631192,0.010955756,-0.001235724
546,-9.6,0.5714286,0.61538464,-0.025346983,0.015105693,-0.0012428879
547,-9.6,1.1428572,0.61538464,-0.01190082,0.011345458,-0.0012394281
548,-9.6,1.7142857,0.61538464,-0.0063282154,0.013418599,-0.0011036117
549,-9.6,2.2857144,0.61538464,0.0070519177,0.011670644,-0.00094653724
550,-9.6,2.857143,0.61538464,0.012648738,0.011834511,-0.0007250048
551,-9.6,3.4285715,0.61538464,0.026571801,0.011960226,-0.00056761043
552,-9.6,4.0,0.61538464,0.032748576,0.011009137,-0.00056280516
553,-9.6,0.0,0.0,-0.031206276,0.01129466,-0.001453454
554,-9.6,0.5714286,0.0,-0.02568693,0.014968491,-0.0013921137
555,-9.6,1.1428572,0.0,-0.012447724,0.011519051,-0.0012121028
556,-9.6,1.7142857,0.0,-0.006632548,0.013538604,-0.0013056116
557,-9.6,2.2857144,0.0,0.0066639483,0.01187847,-0.0010282374
558,-9.6,2.857143,0.0,0.012464686,0.012043841,-0.0008337775
559,-9.6,3.4285715,0.0,0.026284184,0.012166009,-0.000597779
560,-9.6,4.0,0.0,0.032647483,0.011244675,-4.9121114e-05
561,-9.0,0.0,8.0,-0.034454122,0.0062704734,0.0018318384
562,-9.0,0.5714286,8.0,-0.022209646,0.0019231503,0.0019997288
563,-9.0,1.1428572,8.0,-0.015920537,0.005179303,0.00221032
564,-9.0,1.7142857,8.0,-0.0024699224,0.0017623386,0.0017333532
565,-9.0,2.2857144,8.0,0.0030446637,0.0021523007,0.0013826509
566,-9.0,2.857143,8.0,0.016247302,0.0013933035,0.0010748971
567,-9.0,3.4285715,8.0,0.022638943,0.00065333187,0.0006715422
568,-9.0,4.0,8.0,0.036638573,0.0015515327,0.0006724863
569,-9.0,0.0,7.3846154,-0.033968277,0.006786639,0.0019818593
570,-9.0,0.5714286,7.3846154,-0.021414548,0.0016342918,0.0019751294
571,-9.0,1.1428572,7.3846154,-0.015501035,0.0049957954,0.001773478
572,-9.0,1.7142857,7.3846154,-0.00209155,0.0014270974,0.0014614132
573,-9.0,2.2857144,7.3846154,0.0032374458,0.0018917636,0.0011588415
574,-9.0,2.857143,7.3846154,0.01653024,0.0011454227,0.000895886
575,-9.0,3.4285715,7.3846154,0.02276119,0.00038463488,0.0006297236
576,-9.0,4.0,7.3846154,0.036903534,0.0013050878,0.00026206064
577,-9.0,0.0,6.769231,-0.034049574,0.006554059,0.0018001827
578,-9.0,0.5714286,6.769231,-0.02142177,0.001327779,0.0015503009
579,-9.0,1.1428572,6.769231,-0.015705867,0.004918254,0.0013532267
580,-9.0,1.7142857,6.769231,-0.0019365122,0.0013583318,0.001158683
581,-9.0,2.2857144,6.769231,0.0031827197,0.001759555,0.000928081
582,-9.0,2.857143,6.769231,0.01672929,0.0011177639,0.0007083933
583,-9.0,3.4285715,6.769231,0.022762155,0.00021587344,0.00058944884
584,-9.0,4.0,6.769231,0.037076626,0.0012936592,0.0006230913
585,-9.0,0.0,6.1538463,-0.034224294,0.0064759036,0.0010977511
586,-9.0,0.5714286,6.1538463,-0.021385023,0.0014257644,0.0011168749
587,-9.0,1.1428572,6.1538463,-0.015641976,0.004840687,0.0009986906
588,-9.0,1.7142857,6.1538463,-0.0019134885,0.0014032974,0.00084046007
589,-9.0,2.2857144,6.1538463,0.0032367124,0.0017395087,0.0006868376
590,-9.0,2.857143,6.1538463,0.016791463,0.0011425096,0.0005719465
591,-9.0,3.4285715,6.1538463,0.02280821,0.00019368107,0.00041289802
592,-9.0,4.0,6.1538463,0.037126362,0.0012795355,0.0002885097
593,-9.0,0.0,5.5384617,-0.034016125,0.006495732,0.0007953426
594,-9.0,0.5714286,5.5384617,-0.021357754,0.0013614602,0.0007246322
595,-9.0,1.1428572,5.5384617,-0.015649162,0.004913792,0.00064667687
596,-9.0,1.7142857,5.5384617,-0.0018829143,0.0014090892,0.0005671336
597,-9.0,2.2857144,5.5384617,0.0032597422,0.0018018305,0.0004684112
598,-9.0,2.857143,5.5384617,0.01681236,0.0011617301,0.00036657925
599,-9.0,3.4285715,5.5384617,0.022829162,0.00024465536,0.00036075455
600,-9.0,4.0,5.5384617,0.03710152,0.0012934289,0.0004319131
601,-9.0,0.0,4.923077,-0.034092776,0.0064764274,0.0003709145
602,-9.0,0.5714286,4.923077,-0.021354387,0.0013993824,0.00038509895
603,-9.0,1.1428572,4.923077,-0.015602293,0.0049296785,0.00035195932
604,-9.0,1.7142857,4.923077,-0.0018975191,0.0014454286,0.00029861514
605,-9.0,2.2857144,4.923077,0.0032855375,0.0018492168,0.0002453598
606,-9.0,2.857143,4.923077,0.016802453,0.0011942274,0.00021445427
607,-9.0,3.4285715,4.923077,0.022836864,0.000292035,0.00013224794
608,-9.0,4.0,4.923077,0.037070394,0.0013091952,7.292725e-05
609,-9.0,0.0,4.3076925,-0.03402309,0.006488043,0.00010286702
610,-9.0,0.5714286,4.3076925,-0.021348948,0.0013951842,8.039767e-05
611,-9.0,1.1428572,4.3076925,-0.0156100625,0.004954213,6.3732026e-05
612,-9.0,1.7142857,4.3076925,-0.0018981841,0.0014612566,5.4221604e-05
613,-9.0,2.2857144,4.3076925,0.0032801568,0.0018769692,3.6912807e-05
614,-9.0,2.857143,4.3076925,0.016792074,0.0012151796,9.310435e-06
615,-9.0,3.4285715,4.3076925,0.022825442,0.0003188015,5.1036037e-05
616,-9.0,4.0,4.3076925,0.037040815,0.0013269022,0.00011284803
617,-9.0,0.0,3.6923077,-0.03403946,0.0064883637,-0.00023951303
618,-9.0,0.5714286,3.6923077,-0.02136513,0.0013944835,-0.00021815562
619,-9.0,1.1428572,3.6923077,-0.015626635,0.004954211,-0.00020222118
620,-9.0,1.7142857,3.6923077,-0.0019144419,0.0014608466,-0.00019361322
621,-9.0,2.2857144,3.6923077,0.0032635892,0.0018768831,-0.0001769563
622,-9.0,2.857143,3.6923077,0.016775763,0.0012148933,-0.0001502503
623,-9.0,3.4285715,3.6923077,0.022808842,0.00031864148,-0.00019269521
624,-9.0,4.0,3.6923077,0.037024427,0.001326701,-0.00025550323
625,-9.0,0.0,3.0769231,-0.03414253,0.0064771427,-0.0005074866
626,-9.0,0.5714286,3.0769231,-0.021403003,0.0013971952,-0.00052284775
627,-9.0,1.1428572,3.0769231,-0.015651941,0.004929769,-0.0004904261
628,-9.0,1.7142857,3.0769231,-0.0019463374,0.001444136,-0.00043801378
629,-9.0,2.2857144,3.0769231,0.003235853,0.0018489949,-0.00038537997
630,-9.0,2.857143,3.0769231,0.016753513,0.00119336,-0.0003554075
631,-9.0,3.4285715,3.0769231,0.0227871,0.0002915658,-0.00027388812
632,-9.0,4.0,3.0769231,0.03702134,0.0013086422,-0.00021560803
633,-9.0,0.0,2.4615386,-0.034098573,0.0064970786,-0.0009319329
634,-9.0,0.5714286,2.4615386,-0.021438742,0.0013579121,-0.0008624088
635,-9.0,1.1428572,2.4615386,-0.015731968,0.0049138586,-0.00078506576
636,-9.0,1.7142857,2.4615386,-0.001964243,0.0014069944,-0.0007065625
637,-9.0,2.2857144,2.4615386,0.0031769178,0.001801428,-0.00060837495
638,-9.0,2.857143,2.4615386,0.016730813,0.0011603064,-0.00050756446
639,-9.0,3.4285715,2.4615386,0.022746202,0.00024386402,-0.00050234376
640,-9.0,4.0,2.4615386,0.03701971,0.0012924807,-0.00057459826
641,-9.0,0.0,1.8461539,-0.034340262,0.0064775054,-0.0012341077
642,-9.0,0.5714286,1.8461539,-0.021498479,0.0014207303,-0.0012545544
643,-9.0,1.1428572,1.8461539,-0.015757857,0.00484083,-0.0011370948
644,-9.0,1.7142857,1.8461539,-0.0020273922,0.001400335,-0.0009798012
645,-9.0,2.2857144,1.8461539,0.0031207812,0.001738972,-0.00082682475
646,-9.0,2.857143,1.8461539,0.016677301,0.0011405292,-0.0007128781
647,-9.0,3.4285715,1.8461539,0.022692109,0.0001925724,-0.0005545193
648,-9.0,4.0,1.8461539,0.03701192,0.0012782699,-0.00043119118
649,-9.0,0.0,1.2307693,-0.034198154,0.0065568225,-0.0019367238
650,-9.0,0.5714286,1.2307693,-0.021567509,0.0013210007,-0.0016878826
651,-9.0,1.1428572,1.2307693,-0.015854996,0.004918587,-0.0014914819
652,-9.0,1.7142857,1.2307693,-0.0020828904,0.0013544506,-0.0012980421
653,-9.0,2.2857144,1.2307693,0.00303363,0.00175894,-0.001067974
654,-9.0,2.857143,1.2307693,0.016582565,0.001115196,-0.0008493599
655,-9.0,3.4285715,1.2307693,0.022612883,0.00021447134,-0.0007310042
656,-9.0,4.0,1.2307693,0.036929492,0.0012920449,-0.000765744
657,-9.0,0.0,0.61538464,-0.034150675,0.0067899316,-0.002117434
658,-9.0,0.5714286,0.61538464,-0.021592941,0.0016257986,-0.0021125083
659,-9.0,1.1428572,0.61538464,-0.015683237,0.0049964404,-0.0019116972
660,-9.0,1.7142857,0.61538464,-0.0022705744,0.00142222,-0.0016005798
661,-9.0,2.2857144,0.61538464,0.0030553115,0.0018911564,-0.0012988041
662,-9.0,2.857143,0.61538464,0.016350895,0.0011422154,-0.0010367191
663,-9.0,3.4285715,0.61538464,0.022578888,0.0003830177,-0.0007713591
664,-9.0,4.0,0.61538464,0.036723815,0.0013031032,-0.00040471926
665,-9.0,0.0,0.0,-0.034668844,0.0062738047,-0.0019683624
666,-9.0,0.5714286,0.0,-0.022420544,0.0019135682,-0.0021365515
667,-9.0,1.1428572,0.0,-0.016135875,0.005179681,-0.0023481913
668,-9.0,1.7142857,0.0,-0.0026816137,0.0017568369,-0.0018726337
669,-9.0,2.2857144,0.0,0.0028295578,0.002151466,-0.0015223124
670,-9.0,2.857143,0.0,0.016035289,0.0013895934,-0.0012159004
671,-9.0,3.4285715,0.0,0.022423757,0.000651437,-0.00081297976
672,-9.0,4.0,0.0,0.036426134,0.0015491073,-0.0008151404
673,-8.4,0.0,8.0,-0.031121116,-0.00483503,0.004156623
674,-8.4,0.5714286,8.0,-0.02607231,-0.0007424663,0.0042109927
675,-8.4,1.1428572,8.0,-0.011244327,-0.0077039544,0.0029498048
676,-8.4,1.7142857,8.0,-0.005939528,-0.007435647,0.0022232751
677,-8.4,2.2857144,8.0,0.0066493587,-0.00957815,0.0018170736
678,-8.4,2.857143,8.0,0.012652715,-0.010303073,0.0012512577
679,-8.4,3.4285715,8.0,0.025727604,-0.009901782,0.0010506486
680,-8.4,4.0,8.0,0.0335244,-0.011491429,0.00033365504
681,-8.4,0.0,7.3846154,-0.029908368,-0.005623736,0.0036250572
682,-8.4,0.5714286,7.3846154,-0.025548054,-0.0011439455,0.0028398854
683,-8.4,1.1428572,7.3846154,-0.011050547,-0.00829505,0.0023144924
684,-8.4,1.7142857,7.3846154,-0.00580732,-0.0077804197,0.0018172323
685,-8.4,2.2857144,7.3846154,0.006846394,-0.009879807,0.0014114052
686,-8.4,2.857143,7.3846154,0.0127691245,-0.010596989,0.0011118875
687,-8.4,3.4285715,7.3846154,0.025971336,-0.010114367,0.00084894226
688,-8.4,4.0,7.3846154,0.03363581,-0.011763976,0.00088674825
689,-8.4,0.0,6.769231,-0.030648086,-0.0058652447,0.0019738332
690,-8.4,0.5714286,6.769231,-0.025983205,-0.0010281804,0.001984386
691,-8.4,1.1428572,6.769231,-0.010941332,-0.008276429,0.001696666
692,-8.4,1.7142857,6.769231,-0.00594481,-0.007852778,0.00136278
693,-8.4,2.2857144,6.769231,0.0070134285,-0.009865183,0.0011042223
694,-8.4,2.857143,6.769231,0.012759816,-0.010704175,0.00089847017
695,-8.4,3.4285715,6.769231,0.026170248,-0.010088225,0.0007057895
696,-8.4,4.0,6.769231,0.033631608,-0.011934524,0.00048914395
697,-8.4,0.0,6.1538463,-0.03008257,-0.005792746,0.0014117096
698,-8.4,0.5714286,6.1538463,-0.025849113,-0.0010839882,0.0012897452
699,-8.4,1.1428572,6.1538463,-0.010944038,-0.008148611,0.0011536872
700,-8.4,1.7142857,6.1538463,-0.005889787,-0.007802243,0.000991979
701,-8.4,2.2857144,6.1538463,0.007064995,-0.00977506,0.0008188143
702,-8.4,2.857143,6.1538463,0.012808421,-0.010673109,0.0006592752
703,-8.4,3.4285715,6.1538463,0.026226843,-0.01001901,0.00061794795
704,-8.4,4.0,6.1538463,0.033621494,-0.011916453,0.0007237288
705,-8.4,0.0,5.5384617,-0.030352464,-0.005905367,0.00082782796
706,-8.4,0.5714286,5.5384617,-0.025852377,-0.0009958307,0.00079582614
707,-8.4,1.1428572,5.5384617,-0.010903537,-0.0081154965,0.000745627
708,-8.4,1.7142857,5.5384617,-0.005874769,-0.0076857707,0.00063296786
709,-8.4,2.2857144,5.5384617,0.0070875185,-0.009706189,0.0005446544
710,-8.4,2.857143,5.5384617,0.012840585,-0.010564909,0.00046885587
711,-8.4,3.4285715,5.5384617,0.026229331,-0.00996449,0.00037860012
712,-8.4,4.0,5.5384617,0.033615123,-0.011839256,0.00030416722
713,-8.4,0.0,4.923077,-0.030131845,-0.0058604614,0.0004133168
714,-8.4,0.5714286,4.923077,-0.025778767,-0.0009883029,0.00041728278
715,-8.4,1.1428572,4.923077,-0.010914145,-0.008055139,0.00037224547
716,-8.4,1.7142857,4.923077,-0.0058373883,-0.007614068,0.00034219638
717,-8.4,2.2857144,4.923077,0.0070810355,-0.009640172,0.00028128873
718,-8.4,2.857143,4.923077,0.0128561845,-0.0104818,0.00023498434
719,-8.4,3.4285715,4.923077,0.0262088,-0.009904391,0.0002548504
720,-8.4,4.0,4.923077,0.033592507,-0.011764579,0.00035760392
721,-8.4,0.0,4.3076925,-0.030206082,-0.0058834245,9.226526e-05
722,-8.4,0.5714286,4.3076925,-0.025776297,-0.000961985,6.5787375e-05
723,-8.4,1.1428572,4.3076925,-0.010907802,-0.008033748,7.494504e-05
724,-8.4,1.7142857,4.3076925,-0.005841362,-0.007571724,4.363207e-05
725,-8.4,2.2857144,4.3076925,0.007074668,-0.0096034715,4.1575604e-05
726,-8.4,2.857143,4.3076925,0.012850088,-0.010436636,2.7433083e-05
727,-8.4,3.4285715,4.3076925,0.026190354,-0.009869526,-1.4731001e-05
728,-8.4,4.0,4.3076925,0.033568554,-0.0117273955,-8.580854e-05
729,-8.4,0.0,3.6923077,-0.03022235,-0.0058847656,-0.0002612161
730,-8.4,0.5714286,3.6923077,-0.02579281,-0.00096178096,-0.00023557234
731,-8.4,1.1428572,3.6923077,-0.010924101,-0.0080342805,-0.00024559163
732,-8.4,1.7142857,3.6923077,-0.005857874,-0.007571679,-0.00021492738
733,-8.4,2.2857144,3.6923077,0.0070583266,-0.009603805,-0.00021366103
734,-8.4,2.857143,3.6923077,0.012833559,-0.010436695,-0.00020019535
735,-8.4,3.4285715,3.6923077,0.026173983,-0.009869742,-0.0001588684
736,-8.4,4.0,3.6923077,0.033551995,-0.011727542,-8.859386e-05
737,-8.4,0.0,3.0769231,-0.030180521,-0.0058636847,-0.00058232
738,-8.4,0.5714286,3.0769231,-0.025828227,-0.0009880054,-0.00058703445
739,-8.4,1.1428572,3.0769231,-0.010963115,-0.0080565,-0.00054290186
740,-8.4,1.7142857,3.0769231,-0.00588687,-0.0076141167,-0.0005134599
741,-8.4,2.2857144,3.0769231,0.0070319716,-0.009641034,-0.00045340136
742,-8.4,2.857143,3.0769231,0.0128066335,-0.010482083,-0.00040770858
743,-8.4,3.4285715,3.0769231,0.026159622,-0.00990498,-0.00042848
744,-8.4,4.0,3.0769231,0.033542793,-0.011765115,-0.0005319548
745,-8.4,0.0,2.4615386,-0.030433698,-0.005911222,-0.0009967639
746,-8.4,0.5714286,2.4615386,-0.025934884,-0.0009951198,-0.00096548727
747,-8.4,1.1428572,2.4615386,-0.010985099,-0.008117899,-0.00091632566
748,-8.4,1.7142857,2.4615386,-0.0059572905,-0.0076857517,-0.0008041793
749,-8.4,2.2857144,2.4615386,0.007005785,-0.009707698,-0.00071678165
750,-8.4,2.857143,2.4615386,0.012757972,-0.01056532,-0.000641554
751,-8.4,3.4285715,2.4615386,0.026147429,-0.009965498,-0.00055224606
752,-8.4,4.0,2.4615386,0.03353229,-0.011840088,-0.00047852338
753,-8.4,0.0,1.8461539,-0.030196188,-0.005800295,-0.0015807153
754,-8.4,0.5714286,1.8461539,-0.025964582,-0.0010832408,-0.0014594377
755,-8.4,1.1428572,1.8461539,-0.011058285,-0.008151864,-0.0013243128
756,-8.4,1.7142857,1.8461539,-0.006005284,-0.0078023053,-0.0011631801
757,-8.4,2.2857144,1.8461539,0.0069505447,-0.009777089,-0.0009909235
758,-8.4,2.857143,1.8461539,0.012692796,-0.010673748,-0.00083195773
759,-8.4,3.4285715,1.8461539,0.026112162,-0.010020366,-0.00079158775
760,-8.4,4.0,1.8461539,0.03350553,-0.011917687,-0.00089802546
761,-8.4,0.0,1.2307693,-0.030794358,-0.0058765593,-0.0021423546
762,-8.4,0.5714286,1.2307693,-0.026131744,-0.0010268305,-0.002154066
763,-8.4,1.1428572,1.2307693,-0.011088247,-0.008280865,-0.0018671938
764,-8.4,1.7142857,1.2307693,-0.00609331,-0.007852654,-0.0015339558
765,-8.4,2.2857144,1.2307693,0.006866269,-0.0098679215,-0.0012762967
766,-8.4,2.857143,1.2307693,0.012611203,-0.010704891,-0.001071149
767,-8.4,3.4285715,1.2307693,0.026022833,-0.010090003,-0.0008794097
768,-8.4,4.0,1.2307693,0.03348263,-0.011936084,-0.0006635138
769,-8.4,0.0,0.61538464,-0.030086998,-0.005637073,-0.0037942326
770,-8.4,0.5714286,0.61538464,-0.025729535,-0.0011421489,-0.0030090476
771,-8.4,1.1428572,0.61538464,-0.011230251,-0.008300497,-0.0024849833
772,-8.4,1.7142857,0.61538464,-0.0059887413,-0.007780218,-0.0019883702
773,-8.4,2.2857144,0.61538464,0.0066664647,-0.009883172,-0.0015834138
774,-8.4,2.857143,0.61538464,0.012587613,-0.010597815,-0.0012845689
775,-8.4,3.4285715,0.61538464,0.025791146,-0.010116569,-0.0010225367
776,-8.4,4.0,0.61538464,0.03345384,-0.011765864,-0.0010610141
777,-8.4,0.0,0.0,-0.03133306,-0.0048510013,-0.0043222546
778,-8.4,0.5714286,0.0,-0.026287112,-0.0007406585,-0.0043801325
779,-8.4,1.1428572,0.0,-0.011456931,-0.007710255,-0.0031202023
780,-8.4,1.7142857,0.0,-0.0061539295,-0.007435483,-0.002394177
781,-8.4,2.2857144,0.0,0.006436631,-0.009582085,-0.0019891881
782,-8.4,2.857143,0.0,0.012438363,-0.010304019,-0.0014237731
783,-8.4,3.4285715,0.0,0.025514716,-0.009904424,-0.0012243234
784,-8.4,4.0,0.0,0.033309694,-0.011493565,-0.00050804025
785,-7.8,0.0,8.0,-0.034974225,-0.002861522,0.007376594
786,-7.8,0.5714286,8.0,-0.020462364,-0.017142488,0.0043000868
787,-7.8,1.1428572,8.0,-0.013860144,-0.017068362,0.0028414377
788,-7.8,1.7142857,8.0,-0.0023685344,-0.020934138,0.0025323813
789,-7.8,2.2857144,8.0,0.0038321347,-0.021727115,0.001675015
790,-7.8,2.857143,8.0,0.015156186,-0.022150798,0.0016654984
791,-7.8,3.4285715,8.0,0.022692163,-0.02345263,0.0010126632
792,-7.8,4.0,8.0,0.036173284,-0.021931397,0.0012990392
793,-7.8,0.0,7.3846154,-0.035761096,-0.0026125356,0.0029680217
794,-7.8,0.5714286,7.3846154,-0.020951785,-0.018266387,0.0031330439
795,-7.8,1.1428572,7.3846154,-0.014129946,-0.017366217,0.0023407182
796,-7.8,1.7142857,7.3846154,-0.0024517896,-0.021278787,0.0017651449
797,-7.8,2.2857144,7.3846154,0.003783847,-0.022003872,0.0015628372
798,-7.8,2.857143,7.3846154,0.01530672,-0.022259533,0.0011764591
799,-7.8,3.4285715,7.3846154,0.022838762,-0.023727404,0.0011038546
800,-7.8,4.0,7.3846154,0.03642086,-0.02199216,0.0006515576
801,-7.8,0.0,6.769231,-0.035503093,-0.0026081677,0.0020447515
802,-7.8,0.5714286,6.769231,-0.020748168,-0.017718676,0.0018554057
803,-7.8,1.1428572,6.769231,-0.014258591,-0.017395975,0.0016677569
804,-7.8,1.7142857,6.769231,-0.0023200458,-0.021167967,0.0013911074
805,-7.8,2.2857144,6.769231,0.0037541913,-0.022014625,0.0011362879
806,-7.8,2.857143,6.769231,0.015492264,-0.022184122,0.0010038038
807,-7.8,3.4285715,6.769231,0.022859033,-0.023736859,0.0008779654
808,-7.8,4.0,6.769231,0.03655273,-0.021965085,0.0011017044
809,-7.8,0.0,6.1538463,-0.035602883,-0.0026062923,0.0012509845
810,-7.8,0.5714286,6.1538463,-0.02074269,-0.017832706,0.0012268394
811,-7.8,1.1428572,6.1538463,-0.014223239,-0.017146224,0.0011068552
812,-7.8,1.7142857,6.1538463,-0.0022820493,-0.02102292,0.0009920961
813,-7.8,2.2857144,6.1538463,0.003791049,-0.021915497,0.0008396828
814,-7.8,2.857143,6.1538463,0.015566536,-0.022012524,0.0007649965
815,-7.8,3.4285715,6.1538463,0.022886882,-0.023701543,0.0006745182
816,-7.8,4.0,6.1538463,0.036558572,-0.021784704,0.000580721
817,-7.8,0.0,5.5384617,-0.035368133,-0.002586176,0.00068088545
818,-7.8,0.5714286,5.5384617,-0.020668516,-0.017640185,0.00072469347
819,-7.8,1.1428572,5.5384617,-0.014181838,-0.017095808,0.0006990309
820,-7.8,1.7142857,5.5384617,-0.0022558975,-0.020868648,0.0006173965
821,-7.8,2.2857144,5.5384617,0.003835436,-0.021751601,0.0005764446
822,-7.8,2.857143,5.5384617,0.015575412,-0.02192278,0.0004864785
823,-7.8,3.4285715,5.5384617,0.022905385,-0.023513125,0.00053591724
824,-7.8,4.0,5.5384617,0.036522124,-0.021754105,0.0006798288
825,-7.8,0.0,4.923077,-0.035354085,-0.0025881997,0.00038784207
826,-7.8,0.5714286,4.923077,-0.020652564,-0.017662367,0.0003530874
827,-7.8,1.1428572,4.923077,-0.014137026,-0.016942216,0.00033924353
828,-7.8,1.7142857,4.923077,-0.0022531396,-0.020805074,0.00033480782
829,-7.8,2.2857144,4.923077,0.003856004,-0.02162884,0.0002697702
830,-7.8,2.857143,4.923077,0.015570129,-0.021815423,0.0002927814
831,-7.8,3.4285715,4.923077,0.022902811,-0.02342594,0.0002136504
832,-7.8,4.0,4.923077,0.036468428,-0.021634022,0.00019840595
833,-7.8,0.0,4.3076925,-0.035288446,-0.0025789556,-1.8570028e-06
834,-7.8,0.5714286,4.3076925,-0.020635175,-0.017600209,4.772781e-05
835,-7.8,1.1428572,4.3076925,-0.014130834,-0.016924411,5.0156614e-05
836,-7.8,1.7142857,4.3076925,-0.0022545382,-0.020739073,2.2022075e-05
837,-7.8,2.2857144,4.3076925,0.0038560014,-0.02157167,4.606771e-05
838,-7.8,2.857143,4.3076925,0.015556239,-0.02176717,-7.350971e-06
839,-7.8,3.4285715,4.3076925,0.022888316,-0.023353083,7.403582e-05
840,-7.8,4.0,4.3076925,0.036437705,-0.021607378,0.00013366094
841,-7.8,0.0,3.6923077,-0.035304848,-0.002578246,-0.00019914404
842,-7.8,0.5714286,3.6923077,-0.020651596,-0.017600652,-0.00024957547
843,-7.8,1.1428572,3.6923077,-0.0141472295,-0.01692432,-0.00025276744
844,-7.8,1.7142857,3.6923077,-0.0022709533,-0.020739337,-0.00022532357
845,-7.8,2.2857144,3.6923077,0.003839563,-0.021571686,-0.00025005586
846,-7.8,2.857143,3.6923077,0.015539808,-0.021767361,-0.00019731835
847,-7.8,3.4285715,3.6923077,0.022871826,-0.023353169,-0.00027945003
848,-7.8,4.0,3.6923077,0.03642122,-0.021607513,-0.0003398707
849,-7.8,0.0,3.0769231,-0.03540294,-0.0025864283,-0.0005887735
850,-7.8,0.5714286,3.0769231,-0.020701785,-0.017663825,-0.000554958
851,-7.8,1.1428572,3.0769231,-0.014186265,-0.01694178,-0.0005418163
852,-7.8,1.7142857,3.0769231,-0.002302347,-0.020805985,-0.00053814333
853,-7.8,2.2857144,3.0769231,0.0038066588,-0.021628829,-0.00047371958
854,-7.8,2.857143,3.0769231,0.015520866,-0.021816015,-0.00049748353
855,-7.8,3.4285715,3.0769231,0.022853363,-0.023426184,-0.00041903285
856,-7.8,4.0,3.0769231,0.03641903,-0.021634338,-0.0004046595
857,-7.8,0.0,2.4615386,-0.035449874,-0.0025830155,-0.00088183954
858,-7.8,0.5714286,2.4615386,-0.020750567,-0.017642474,-0.00092660973
859,-7.8,1.1428572,2.4615386,-0.014263891,-0.017095216,-0.0009015489
860,-7.8,1.7142857,2.4615386,-0.0023379247,-0.020870073,-0.00082077074
861,-7.8,2.2857144,2.4615386,0.0037532018,-0.021751637,-0.00078034704
862,-7.8,2.857143,2.4615386,0.015493306,-0.021923745,-0.00069122104
863,-7.8,3.4285715,2.4615386,0.022822956,-0.023513546,-0.00074124546
864,-7.8,4.0,2.4615386,0.03643978,-0.021754684,-0.0008861007
865,-7.8,0.0,1.8461539,-0.035717003,-0.002602079,-0.0014518099
866,-7.8,0.5714286,1.8461539,-0.020857533,-0.017836038,-0.0014287076
867,-7.8,1.1428572,1.8461539,-0.014338169,-0.017145276,-0.00130941
868,-7.8,1.7142857,1.8461539,-0.0023968576,-0.021024983,-0.0011954228
869,-7.8,2.2857144,1.8461539,0.0036759,-0.02191552,-0.0010436169
870,-7.8,2.857143,1.8461539,0.015451619,-0.02201387,-0.0009696943
871,-7.8,3.4285715,1.8461539,0.022771506,-0.023702146,-0.00087988883
872,-7.8,4.0,1.8461539,0.03644335,-0.021785432,-0.00078699173
873,-7.8,0.0,1.2307693,-0.035650045,-0.0026021134,-0.0022458567
874,-7.8,0.5714286,1.2307693,-0.020896118,-0.017723031,-0.0020572618
875,-7.8,1.1428572,1.2307693,-0.014406201,-0.017394733,-0.0018702587
876,-7.8,1.7142857,1.2307693,-0.0024678286,-0.021170653,-0.0015944891
877,-7.8,2.2857144,1.2307693,0.0036062847,-0.022014618,-0.0013401456
878,-7.8,2.857143,1.2307693,0.015344417,-0.022185883,-0.0012085603
879,-7.8,3.4285715,1.2307693,0.02271082,-0.023737619,-0.0010832592
880,-7.8,4.0,1.2307693,0.03640451,-0.021966066,-0.0013079718
881,-7.8,0.0,0.61538464,-0.03594002,-0.0026048606,-0.0031684625
882,-7.8,0.5714286,0.61538464,-0.021132646,-0.01827217,-0.003335004
883,-7.8,1.1428572,0.61538464,-0.014310378,-0.017364413,-0.0025433237
884,-7.8,1.7142857,0.61538464,-0.0026324526,-0.021282261,-0.001968364
885,-7.8,2.2857144,0.61538464,0.0036031313,-0.022003723,-0.0017668424
886,-7.8,2.857143,0.61538464,0.015126016,-0.022261783,-0.0013810599
887,-7.8,3.4285715,0.61538464,0.022657763,-0.023728255,-0.0013092731
888,-7.8,4.0,0.61538464,0.036239747,-0.021993348,-0.0008577976
889,-7.8,0.0,0.0,-0.03518697,-0.0028528194,-0.007579494
890,-7.8,0.5714286,0.0,-0.020676756,-0.017148674,-0.004502065
891,-7.8,1.1428572,0.0,-0.01407341,-0.01706659,-0.0030437952
892,-7.8,1.7142857,0.0,-0.0025822837,-0.020938022,-0.0027359403
893,-7.8,2.2857144,0.0,0.0036186876,-0.021727039,-0.0018786913
894,-7.8,2.857143,0.0,0.014942579,-0.022153432,-0.0018703776
895,-7.8,3.4285715,0.0,0.022478497,-0.023453597,-0.0012178145
896,-7.8,4.0,0.0,0.03595934,-0.021932935,-0.001505309
897,-7.2,0.0,8.0,-0.034042485,-0.03597313,0.0009048243
898,-7.2,0.5714286,8.0,-0.020684985,-0.028791757,0.0025060866
899,-7.2,1.1428572,8.0,-0.011400394,-0.034011956,0.0022138003
900,-7.2,1.7142857,8.0,-0.0037466905,-0.033993658,0.001732778
901,-7.2,2.2857144,8.0,0.0055942023,-0.03520317,0.0017757731
902,-7.2,2.857143,8.0,0.013000911,-0.036373794,0.0013987134
903,-7.2,3.4285715,8.0,0.023932466,-0.035284437,0.001564307
904,-7.2,4.0,8.0,0.034190234,-0.03730086,0.00093522243
905,-7.2,0.0,7.3846154,-0.03566058,-0.036213934,0.0022826528
906,-7.2,0.5714286,7.3846154,-0.02193379,-0.02855191,0.0017183048
907,-7.2,1.1428572,7.3846154,-0.011920193,-0.034231517,0.0016794235
908,-7.2,1.7142857,7.3846154,-0.0041750707,-0.034061715,0.0015186882
909,-7.2,2.2857144,7.3846154,0.005546656,-0.035195008,0.0013317908
910,-7.2,2.857143,7.3846154,0.012981036,-0.036472645,0.0012954467
911,-7.2,3.4285715,7.3846154,0.024187453,-0.03520291,0.0011913369
912,-7.2,4.0,7.3846154,0.03439327,-0.03741365,0.0015263965
913,-7.2,0.0,6.769231,-0.034796692,-0.036333114,0.0011216733
914,-7.2,0.5714286,6.769231,-0.02177086,-0.02855003,0.0013128313
915,-7.2,1.1428572,6.769231,-0.011843253,-0.03398596,0.0012246754
916,-7.2,1.7142857,6.769231,-0.0041888994,-0.033988997,0.0011305468
917,-7.2,2.2857144,6.769231,0.005675122,-0.034980018,0.0010668325
918,-7.2,2.857143,6.769231,0.013026809,-0.036417563,0.0010287096
919,-7.2,3.4285715,6.769231,0.024378378,-0.034997486,0.0010204756
920,-7.2,4.0,6.769231,0.0343101,-0.037386104,0.0008912688
921,-7.2,0.0,6.1538463,-0.034997303,-0.036077656,0.0007508027
922,-7.2,0.5714286,6.1538463,-0.021811303,-0.028336879,0.00080996973
923,-7.2,1.1428572,6.1538463,-0.011776968,-0.03379298,0.000839
924,-7.2,1.7142857,6.1538463,-0.004196178,-0.03379384,0.00081001536
925,-7.2,2.2857144,6.1538463,0.0057615587,-0.034754865,0.00079429534
926,-7.2,2.857143,6.1538463,0.013057418,-0.036260433,0.0007606021
927,-7.2,3.4285715,6.1538463,0.024433127,-0.034775153,0.0008413797
928,-7.2,4.0,6.1538463,0.034312207,-0.037271816,0.0010909432
929,-7.2,0.0,5.5384617,-0.03465706,-0.036073655,0.00043918082
930,-7.2,0.5714286,5.5384617,-0.021682043,-0.028202143,0.000479693
931,-7.2,1.1428572,5.5384617,-0.011752165,-0.033620954,0.00051630056
932,-7.2,1.7142857,5.5384617,-0.0041228025,-0.03359153,0.00051913457
933,-7.2,2.2857144,5.5384617,0.0057660826,-0.034593374,0.00051377737
934,-7.2,2.857143,5.5384617,0.01310695,-0.036041472,0.0005415848
935,-7.2,3.4285715,5.5384617,0.024420176,-0.034642246,0.0005314219
936,-7.2,4.0,5.5384617,0.03425846,-0.037059397,0.0005254336
937,-7.2,0.0,4.923077,-0.034687385,-0.03593604,0.00013000738
938,-7.2,0.5714286,4.923077,-0.02163999,-0.028080605,0.00021905404
939,-7.2,1.1428572,4.923077,-0.011720429,-0.033519533,0.00023919951
940,-7.2,1.7142857,4.923077,-0.0041045076,-0.03344029,0.00025278897
941,-7.2,2.2857144,4.923077,0.0057777422,-0.034466144,0.00026323975
942,-7.2,2.857143,4.923077,0.013111457,-0.03589518,0.0002579947
943,-7.2,3.4285715,4.923077,0.024394179,-0.034510177,0.0003399853
944,-7.2,4.0,4.923077,0.034241185,-0.0369377,0.0004899849
945,-7.2,0.0,4.3076925,-0.03459435,-0.03591792,1.1479209e-05
946,-7.2,0.5714286,4.3076925,-0.021611037,-0.028031707,-1.6913758e-05
947,-7.2,1.1428572,4.3076925,-0.011717795,-0.03345212,1.8127653e-06
948,-7.2,1.7142857,4.3076925,-0.004093689,-0.033369917,3.0631556e-06
949,-7.2,2.2857144,4.3076925,0.0057665603,-0.03439673,5.2437426e-06
950,-7.2,2.857143,4.3076925,0.013107992,-0.0358148,2.2858687e-05
951,-7.2,3.4285715,4.3076925,0.024370885,-0.03444844,-1.471314e-05
952,-7.2,4.0,4.3076925,0.03420117,-0.036856987,-6.535227e-05
953,-7.2,0.0,3.6923077,-0.034610562,-0.03591836,-0.00024464188
954,-7.2,0.5714286,3.6923077,-0.021627339,-0.028031362,-0.00021708453
955,-7.2,1.1428572,3.6923077,-0.011734263,-0.03345238,-0.00023639067
956,-7.2,1.7142857,3.6923077,-0.0041100546,-0.03336982,-0.00023839941
957,-7.2,2.2857144,3.6923077,0.0057501006,-0.034396913,-0.00024110902
958,-7.2,2.857143,3.6923077,0.013091575,-0.0358148,-0.0002594538
959,-7.2,3.4285715,3.6923077,0.024354411,-0.03444855,-0.00022247262
960,-7.2,4.0,3.6923077,0.034184694,-0.036857042,-0.00017268282
961,-7.2,0.0,3.0769231,-0.034736708,-0.035937045,-0.000363274
962,-7.2,0.5714286,3.0769231,-0.02168898,-0.02807954,-0.00045300677
963,-7.2,1.1428572,3.0769231,-0.011769737,-0.033520363,-0.00047383012
964,-7.2,1.7142857,3.0769231,-0.00415366,-0.033439968,-0.0004880726
965,-7.2,2.2857144,3.0769231,0.005728388,-0.03446669,-0.0004991583
966,-7.2,2.857143,3.0769231,0.0130622,-0.035895187,-0.00049453776
967,-7.2,3.4285715,3.0769231,0.024344726,-0.03451053,-0.00057721796
968,-7.2,4.0,3.0769231,0.034191757,-0.03693793,-0.0007279557
969,-7.2,0.0,2.4615386,-0.034738757,-0.036075547,-0.0006723834
970,-7.2,0.5714286,2.4615386,-0.02176366,-0.028200416,-0.00071361754
971,-7.2,1.1428572,2.4615386,-0.011834396,-0.033622287,-0.0007509703
972,-7.2,1.7142857,2.4615386,-0.0042047063,-0.033591025,-0.00075438706
973,-7.2,2.2857144,2.4615386,0.005683827,-0.03459427,-0.00074972975
974,-7.2,2.857143,2.4615386,0.013024845,-0.036041494,-0.0007780935
975,-7.2,3.4285715,2.4615386,0.024337802,-0.0346428,-0.0007686935
976,-7.2,4.0,2.4615386,0.034176074,-0.037059754,-0.00076340104
977,-7.2,0.0,1.8461539,-0.035112217,-0.036080085,-0.0009842205
978,-7.2,0.5714286,1.8461539,-0.021925632,-0.028334407,-0.0010439019
979,-7.2,1.1428572,1.8461539,-0.011892043,-0.03379487,-0.0010736687
980,-7.2,1.7142857,1.8461539,-0.0043108817,-0.033793125,-0.0010452952
981,-7.2,2.2857144,1.8461539,0.005646416,-0.034756124,-0.0010302372
982,-7.2,2.857143,1.8461539,0.012942482,-0.03626048,-0.0009971206
983,-7.2,3.4285715,1.8461539,0.024317794,-0.03477594,-0.0010786327
984,-7.2,4.0,1.8461539,0.034196895,-0.037272375,-0.0013288745
985,-7.2,0.0,1.2307693,-0.034943964,-0.036336463,-0.0013548468
986,-7.2,0.5714286,1.2307693,-0.02191767,-0.028546637,-0.0015468249
987,-7.2,1.1428572,1.2307693,-0.011991447,-0.033988513,-0.0014594318
988,-7.2,1.7142857,1.2307693,-0.004336212,-0.03398801,-0.0013658021
989,-7.2,2.2857144,1.2307693,0.0055269464,-0.03498169,-0.0013028092
990,-7.2,2.857143,1.2307693,0.012879182,-0.0364176,-0.0012652059
991,-7.2,3.4285715,1.2307693,0.024230033,-0.03499849,-0.0012577501
992,-7.2,4.0,1.2307693,0.034162,-0.037386797,-0.0011292491
993,-7.2,0.0,0.61538464,-0.03584155,-0.036218293,-0.0025166522
994,-7.2,0.5714286,0.61538464,-0.022113245,-0.028547527,-0.001952502
995,-7.2,1.1428572,0.61538464,-0.012101432,-0.034234874,-0.0019141615
996,-7.2,1.7142857,0.61538464,-0.004355055,-0.03406035,-0.0017540735
997,-7.2,2.2857144,0.61538464,0.0053654634,-0.0351972,-0.0015676975
998,-7.2,2.857143,0.61538464,0.012800761,-0.036472578,-0.0015320109
999,-7.2,3.4285715,0.61538464,0.024006085,-0.035204258,-0.0014285427
1000,-7.2,4.0,0.61538464,0.034212463,-0.037414473,-0.0017643294
1001,-7.2,0.0,0.0,-0.03425589,-0.035977542,-0.0011386869
1002,-7.2,0.5714286,0.0,-0.020897182,-0.028786903,-0.0027408558
1003,-7.2,1.1428572,0.0,-0.011614849,-0.034015603,-0.002448793
1004,-7.2,1.7142857,0.0,-0.0039593684,-0.033992205,-0.001968066
1005,-7.2,2.2857144,0.0,0.0053800098,-0.03520569,-0.0020118824
1006,-7.2,2.857143,0.0,0.012787986,-0.036373723,-0.0016351276
1007,-7.2,3.4285715,0.0,0.023718245,-0.035286073,-0.0018016403
1008,-7.2,4.0,0.0,0.033976804,-0.037301715,-0.0011731477
1009,-6.6,0.0,8.0,-0.034158017,-0.045703437,-0.00021315983
1010,-6.6,0.5714286,8.0,-0.020634335,-0.050725717,-1.2028244e-05
1011,-6.6,1.1428572,8.0,-0.011264342,-0.04774709,0.00082940934
1012,-6.6,1.7142857,8.0,-0.0028866434,-0.049527608,0.0011231387
1013,-6.6,2.2857144,8.0,0.0044971816,-0.0500128,0.001273644
1014,-6.6,2.857143,8.0,0.013444541,-0.049297564,0.0015336665
1015,-6.6,3.4285715,8.0,0.022162156,-0.050934937,0.0015133175
1016,-6.6,4.0,8.0,0.034682985,-0.048821315,0.0022201664
1017,-6.6,0.0,7.3846154,-0.034807965,-0.04462825,-0.00026173273
1018,-6.6,0.5714286,7.3846154,-0.021482434,-0.050402083,0.0004133419
1019,-6.6,1.1428572,7.3846154,-0.012056056,-0.04733273,0.00073242275
1020,-6.6,1.7142857,7.3846154,-0.0031939694,-0.04927221,0.0009406968
1021,-6.6,2.2857144,7.3846154,0.0042543546,-0.049836103,0.0010945189
1022,-6.6,2.857143,7.3846154,0.013556871,-0.048996378,0.001258581
1023,-6.6,3.4285715,7.3846154,0.022337308,-0.050838776,0.0014196868
1024,-6.6,4.0,7.3846154,0.034936074,-0.048524357,0.001290013
1025,-6.6,0.0,6.769231,-0.035173588,-0.044364784,0.00025526108
1026,-6.6,0.5714286,6.769231,-0.021508664,-0.050189428,0.0003551155
1027,-6.6,1.1428572,6.769231,-0.012102288,-0.047138855,0.00057492225
1028,-6.6,1.7142857,6.769231,-0.003144089,-0.048905034,0.00075259275
1029,-6.6,2.2857144,6.769231,0.004265745,-0.049669273,0.0008952733
1030,-6.6,2.857143,6.769231,0.013735101,-0.048608605,0.0009988896
1031,-6.6,3.4285715,6.769231,0.022390092,-0.050701596,0.0011929575
1032,-6.6,4.0,6.769231,0.035083625,-0.04817344,0.0016068006
1033,-6.6,0.0,6.1538463,-0.03468432,-0.044177555,1.6178776e-06
1034,-6.6,0.5714286,6.1538463,-0.021363838,-0.049870785,0.00025894225
1035,-6.6,1.1428572,6.1538463,-0.0121349655,-0.046902694,0.0004084968
1036,-6.6,1.7142857,6.1538463,-0.0030536016,-0.04860505,0.0005472095
1037,-6.6,2.2857144,6.1538463,0.0042769895,-0.049406454,0.0006487475
1038,-6.6,2.857143,6.1538463,0.013834315,-0.048316747,0.00080331287
1039,-6.6,3.4285715,6.1538463,0.02240613,-0.05045626,0.0008806698
1040,-6.6,4.0,6.1538463,0.035032917,-0.047887947,0.0009367776
1041,-6.6,0.0,5.5384617,-0.034752455,-0.04387776,-2.464968e-05
1042,-6.6,0.5714286,5.5384617,-0.021336406,-0.04968646,0.000121960926
1043,-6.6,1.1428572,5.5384617,-0.012026962,-0.04663814,0.00024289884
1044,-6.6,1.7142857,5.5384617,-0.0030613695,-0.04839736,0.00034439075
1045,-6.6,2.2857144,5.5384617,0.004350215,-0.049138322,0.0004407998
1046,-6.6,2.857143,5.5384617,0.013822797,-0.048108175,0.0005106827
1047,-6.6,3.4285715,5.5384617,0.022426197,-0.050191116,0.0006782109
1048,-6.6,4.0,5.5384617,0.034999277,-0.047708567,0.0009315435
1049,-6.6,0.0,4.923077,-0.034479883,-0.043767605,-7.7166354e-05
1050,-6.6,0.5714286,4.923077,-0.02126447,-0.049523998,1.1337875e-05
1051,-6.6,1.1428572,4.923077,-0.012005543,-0.046468392,8.5412925e-05
1052,-6.6,1.7142857,4.923077,-0.0030302329,-0.0482364,0.00015131255
1053,-6.6,2.2857144,4.923077,0.0043564863,-0.04895283,0.0002028369
1054,-6.6,2.857143,4.923077,0.013823981,-0.047949467,0.00028191312
1055,-6.6,3.4285715,4.923077,0.022411866,-0.05000943,0.00029756725
1056,-6.6,4.0,4.923077,0.03491356,-0.047551043,0.00031999953
1057,-6.6,0.0,4.3076925,-0.034504164,-0.04366885,-0.00013153092
1058,-6.6,0.5714286,4.3076925,-0.02125343,-0.04944859,-8.6235406e-05
1059,-6.6,1.1428572,4.3076925,-0.011980456,-0.04637908,-6.102322e-05
1060,-6.6,1.7142857,4.3076925,-0.0030401454,-0.048152838,-4.0003164e-05
1061,-6.6,2.2857144,4.3076925,0.004363311,-0.048858184,-1.745575e-05
1062,-6.6,2.857143,4.3076925,0.013803732,-0.047864743,-1.1950707e-05
1063,-6.6,3.4285715,4.3076925,0.02239454,-0.049914684,6.516884e-05
1064,-6.6,4.0,4.3076925,0.034885436,-0.04747727,0.00016574134
1065,-6.6,0.0,3.6923077,-0.03452064,-0.043668497,-0.00013402132
1066,-6.6,0.5714286,3.6923077,-0.021269865,-0.049448866,-0.00017985782
1067,-6.6,1.1428572,3.6923077,-0.011996766,-0.04637887,-0.00020578453
1068,-6.6,1.7142857,3.6923077,-0.003056622,-0.04815301,-0.0002272187
1069,-6.6,2.2857144,3.6923077,0.0043469444,-0.048858102,-0.0002504756
1070,-6.6,2.857143,3.6923077,0.013787244,-0.047864847,-0.0002564044
1071,-6.6,3.4285715,3.6923077,0.022378115,-0.04991469,-0.0003342865
1072,-6.6,4.0,3.6923077,0.034868903,-0.047477346,-0.0004354099
1073,-6.6,0.0,3.0769231,-0.034528673,-0.043766767,-0.00018826357
1074,-6.6,0.5714286,3.0769231,-0.021313677,-0.04952482,-0.0002775035
1075,-6.6,1.1428572,3.0769231,-0.012054603,-0.046467766,-0.00035216153
1076,-6.6,1.7142857,3.0769231,-0.0030795874,-0.048236907,-0.0004186007
1077,-6.6,2.2857144,3.0769231,0.0043073497,-0.0489526,-0.00047070548
1078,-6.6,2.857143,3.0769231,0.013774536,-0.047949776,-0.0005503315
1079,-6.6,3.4285715,3.0769231,0.022362627,-0.050009407,-0.000566626
1080,-6.6,4.0,3.0769231,0.034863967,-0.047551204,-0.0005897493
1081,-6.6,0.0,2.4615386,-0.034834236,-0.043876216,-0.00024088085
1082,-6.6,0.5714286,2.4615386,-0.021418476,-0.049687836,-0.00038818154
1083,-6.6,1.1428572,2.4615386,-0.012108655,-0.046637103,-0.00050960865
1084,-6.6,1.7142857,2.4615386,-0.0031436651,-0.0483982,-0.00061173143
1085,-6.6,2.2857144,2.4615386,0.004268332,-0.04913795,-0.00070863
1086,-6.6,2.857143,2.4615386,0.013740396,-0.04810868,-0.00077914255
1087,-6.6,3.4285715,2.4615386,0.0223441,-0.050191134,-0.0009472235
1088,-6.6,4.0,2.4615386,0.03491664,-0.04770885,-0.0012013013
1089,-6.6,0.0,1.8461539,-0.034798402,-0.04417549,-0.00026699813
1090,-6.6,0.5714286,1.8461539,-0.021478698,-0.04987267,-0.0005251817
1091,-6.6,1.1428572,1.8461539,-0.012249427,-0.046901256,-0.00067525444
1092,-6.6,1.7142857,1.8461539,-0.003168778,-0.04860622,-0.0008145457
1093,-6.6,2.2857144,1.8461539,0.0041623376,-0.04940595,-0.0009165947
1094,-6.6,2.857143,1.8461539,0.013718965,-0.04831745,-0.0010717673
1095,-6.6,3.4285715,1.8461539,0.022291236,-0.05045627,-0.0011496948
1096,-6.6,4.0,1.8461539,0.034917243,-0.047888305,-0.0012065857
1097,-6.6,0.0,1.2307693,-0.035320606,-0.04436193,-0.0005209935
1098,-6.6,0.5714286,1.2307693,-0.0216565,-0.050192036,-0.00062145054
1099,-6.6,1.1428572,1.2307693,-0.012249268,-0.04713688,-0.00084167504
1100,-6.6,1.7142857,1.2307693,-0.0032923485,-0.048906628,-0.0010199887
1101,-6.6,2.2857144,1.2307693,0.004118487,-0.04966859,-0.0011631143
1102,-6.6,2.857143,1.2307693,0.013586688,-0.048609532,-0.0012673545
1103,-6.6,3.4285715,1.2307693,0.022242503,-0.05070165,-0.0014619668
1104,-6.6,4.0,1.2307693,0.034934826,-0.048173938,-0.0018765448
1105,-6.6,0.0,0.61538464,-0.034987215,-0.04462442,-3.7774794e-06
1106,-6.6,0.5714286,0.61538464,-0.02166338,-0.050405435,-0.0006797454
1107,-6.6,1.1428572,0.61538464,-0.0122356815,-0.04733014,-0.0009993259
1108,-6.6,1.7142857,0.61538464,-0.0033753146,-0.049274337,-0.001208074
1109,-6.6,2.2857144,0.61538464,0.004074517,-0.04983513,-0.0013624245
1110,-6.6,2.857143,0.61538464,0.013375377,-0.04899767,-0.0015270178
1111,-6.6,3.4285715,0.61538464,0.022157159,-0.050838705,-0.0016887226
1112,-6.6,4.0,0.61538464,0.03475415,-0.04852504,-0.0015598139
1113,-6.6,0.0,0.0,-0.03437027,-0.04569954,-5.2444644e-05
1114,-6.6,0.5714286,0.0,-0.020848231,-0.050729346,-0.0002543962
1115,-6.6,1.1428572,0.0,-0.011476602,-0.047744248,-0.0010964528
1116,-6.6,1.7142857,0.0,-0.0031010348,-0.04953,-0.0013906475
1117,-6.6,2.2857144,0.0,0.0042847074,-0.050011713,-0.001541523
1118,-6.6,2.857143,0.0,0.013230106,-0.049299117,-0.0018021788
1119,-6.6,3.4285715,0.0,0.021949407,-0.05093483,-0.0017822712
1120,-6.6,4.0,0.0,0.034468163,-0.048822265,-0.002489939
1121,-6.0,0.0,8.0,-0.032199983,-0.064717785,-0.001447928
1122,-6.0,0.5714286,8.0,-0.020799095,-0.06243651,-0.0007303376
1123,-6.0,1.1428572,8.0,-0.01061786,-0.06481243,-0.00031994208
1124,-6.0,1.7142857,8.0,-0.0034014203,-0.06419759,0.00050153694
1125,-6.0,2.2857144,8.0,0.0047417837,-0.06387654,0.00092755107
1126,-6.0,2.857143,8.0,0.012021196,-0.06518756,0.0014663017
1127,-6.0,3.4285715,8.0,0.021878673,-0.06309008,0.0019773135
1128,-6.0,4.0,8.0,0.032935504,-0.06520781,0.0017785853
1129,-6.0,0.0,7.3846154,-0.032962162,-0.064377986,-0.0011981855
1130,-6.0,0.5714286,7.3846154,-0.02150061,-0.061632127,-0.0006767263
1131,-6.0,1.1428572,7.3846154,-0.011040579,-0.06421111,-8.463618e-05
1132,-6.0,1.7142857,7.3846154,-0.0038350918,-0.06365773,0.00038935358
1133,-6.0,2.2857144,7.3846154,0.00472748,-0.06329965,0.0008843816
1134,-6.0,2.857143,7.3846154,0.012012854,-0.06483064,0.0012076447
1135,-6.0,3.4285715,7.3846154,0.022223486,-0.0625247,0.0016189608
1136,-6.0,4.0,7.3846154,0.03323601,-0.06494428,0.0023355987
1137,-6.0,0.0,6.769231,-0.03275604,-0.063694686,-0.00095385994
1138,-6.0,0.5714286,6.769231,-0.021795165,-0.061096035,-0.00044948817
1139,-6.0,1.1428572,6.769231,-0.0111119505,-0.06369407,-2.128775e-05
1140,-6.0,1.7142857,6.769231,-0.0039147637,-0.06330855,0.00036425033
1141,-6.0,2.2857144,6.769231,0.004840743,-0.06272572,0.0006789165
1142,-6.0,2.857143,6.769231,0.012072288,-0.06455846,0.001056363
1143,-6.0,3.4285715,6.769231,0.022452528,-0.061948206,0.0013149665
1144,-6.0,4.0,6.769231,0.03311378,-0.0646741,0.0014372143
1145,-6.0,0.0,6.1538463,-0.032705467,-0.06325883,-0.00063039054
1146,-6.0,0.5714286,6.1538463,-0.02170904,-0.06080379,-0.00033906236
1147,-6.0,1.1428572,6.1538463,-0.011010875,-0.06325437,-2.7262548e-05
1148,-6.0,1.7142857,6.1538463,-0.0039291983,-0.062952675,0.00026080632
1149,-6.0,2.2857144,6.1538463,0.0049463636,-0.06233224,0.00054664223
1150,-6.0,2.857143,6.1538463,0.012099142,-0.06418595,0.0007574664
1151,-6.0,3.4285715,6.1538463,0.022513924,-0.061578125,0.001085071
1152,-6.0,4.0,6.1538463,0.033126634,-0.06434129,0.0015073331
1153,-6.0,0.0,5.5384617,-0.032452587,-0.06299298,-0.0005231702
1154,-6.0,0.5714286,5.5384617,-0.021616949,-0.06041976,-0.00026394482
1155,-6.0,1.1428572,5.5384617,-0.011024727,-0.06300335,-4.264795e-05
1156,-6.0,1.7142857,5.5384617,-0.0038440982,-0.062608875,0.00015474757
1157,-6.0,2.2857144,5.5384617,0.004928275,-0.06205748,0.00034230162
1158,-6.0,2.857143,5.5384617,0.012158956,-0.06385643,0.0005496369
1159,-6.0,3.4285715,5.5384617,0.02248423,-0.061304633,0.00068338553
1160,-6.0,4.0,5.5384617,0.033040114,-0.06401127,0.0007989424
1161,-6.0,0.0,4.923077,-0.032444246,-0.062764965,-0.00034845367
1162,-6.0,0.5714286,4.923077,-0.021539796,-0.06022432,-0.00021592644
1163,-6.0,1.1428572,4.923077,-0.010977317,-0.062785216,-8.509562e-05
1164,-6.0,1.7142857,4.923077,-0.003831738,-0.062390964,3.853615e-05
1165,-6.0,2.2857144,4.923077,0.0049423226,-0.061859086,0.00015497365
1166,-6.0,2.857143,4.923077,0.012154443,-0.063624255,0.00025135832
1167,-6.0,3.4285715,4.923077,0.022450406,-0.06111832,0.00042424793
1168,-6.0,4.0,4.923077,0.033023193,-0.06379975,0.0006303643
1169,-6.0,0.0,4.3076925,-0.03235322,-0.06267126,-0.00022459158
1170,-6.0,0.5714286,4.3076925,-0.021512682,-0.060102448,-0.00016939527
1171,-6.0,1.1428572,4.3076925,-0.010981871,-0.06268714,-0.00012560352
1172,-6.0,1.7142857,4.3076925,-0.0038171532,-0.062274795,-8.868682e-05
1173,-6.0,2.2857144,4.3076925,0.00492543,-0.0617555,-4.884311e-05
1174,-6.0,2.857143,4.3076925,0.012150993,-0.06351149,-2.8805567e-07
1175,-6.0,3.4285715,4.3076925,0.022422014,-0.061014384,-1.1829585e-05
1176,-6.0,4.0,4.3076925,0.03296969,-0.06368552,-3.0297135e-05
1177,-6.0,0.0,3.6923077,-0.032369483,-0.06267152,-7.302622e-05
1178,-6.0,0.5714286,3.6923077,-0.021528982,-0.06010221,-0.00012903308
1179,-6.0,1.1428572,3.6923077,-0.010998335,-0.06268732,-0.00017318086
1180,-6.0,1.7142857,3.6923077,-0.0038334918,-0.062274646,-0.00021074087
1181,-6.0,2.2857144,3.6923077,0.004908953,-0.061755598,-0.00025088165
1182,-6.0,2.857143,3.6923077,0.012134609,-0.06351143,-0.00030011788
1183,-6.0,3.4285715,3.6923077,0.022405516,-0.061014414,-0.00028894073
1184,-6.0,4.0,3.6923077,0.032953262,-0.06368548,-0.00027130637
1185,-6.0,0.0,3.0769231,-0.03249354,-0.06276559,5.0679577e-05
1186,-6.0,0.5714286,3.0769231,-0.021588791,-0.060223646,-8.241937e-05
1187,-6.0,1.1428572,3.0769231,-0.0110266,-0.062785715,-0.00021377376
1188,-6.0,1.7142857,3.0769231,-0.0038808156,-0.062390547,-0.00033788584
1189,-6.0,2.2857144,3.0769231,0.0048929187,-0.061859358,-0.0004547801
1190,-6.0,2.857143,3.0769231,0.012105288,-0.06362407,-0.0005516854
1191,-6.0,3.4285715,3.0769231,0.022400875,-0.061118465,-0.0007250931
1192,-6.0,4.0,3.0769231,0.032973878,-0.06379969,-0.0009318716
1193,-6.0,0.0,2.4615386,-0.032534406,-0.06299414,0.00022546033
1194,-6.0,0.5714286,2.4615386,-0.021698562,-0.060418595,-3.4361277e-05
1195,-6.0,1.1428572,2.4615386,-0.011106934,-0.06300421,-0.00025629115
1196,-6.0,1.7142857,2.4615386,-0.0039258623,-0.06260817,-0.00045404842
1197,-6.0,2.2857144,2.4615386,0.004845926,-0.06205794,-0.0006421611
1198,-6.0,2.857143,2.4615386,0.012077029,-0.06385614,-0.00084991485
1199,-6.0,3.4285715,2.4615386,0.022401717,-0.06130482,-0.0009842858
1200,-6.0,4.0,2.4615386,0.03295794,-0.06401116,-0.0011004454
1201,-6.0,0.0,1.8461539,-0.03282033,-0.06326036,0.00033249694
1202,-6.0,0.5714286,1.8461539,-0.021823345,-0.060802218,4.071374e-05
1203,-6.0,1.1428572,1.8461539,-0.011125911,-0.06325554,-0.00027166514
1204,-6.0,1.7142857,1.8461539,-0.004043707,-0.06295172,-0.0005601362
1205,-6.0,2.2857144,1.8461539,0.0048310906,-0.062332872,-0.0008464984
1206,-6.0,2.857143,1.8461539,0.011984452,-0.06418556,-0.0010577503
1207,-6.0,3.4285715,1.8461539,0.022398392,-0.06157842,-0.001385957
1208,-6.0,4.0,1.8461539,0.033011593,-0.064341195,-0.0018087868
1209,-6.0,0.0,1.2307693,-0.03290357,-0.0636968,0.00065614586
1210,-6.0,0.5714286,1.2307693,-0.021942023,-0.061093856,0.00015114571
1211,-6.0,1.1428572,1.2307693,-0.011260038,-0.06369571,-0.0002777077
1212,-6.0,1.7142857,1.2307693,-0.0040618503,-0.06330726,-0.00066357607
1213,-6.0,2.2857144,1.2307693,0.004692414,-0.06272658,-0.000978789
1214,-6.0,2.857143,1.2307693,0.011924966,-0.06455797,-0.001356646
1215,-6.0,3.4285715,1.2307693,0.022303924,-0.061948553,-0.0016158578
1216,-6.0,4.0,1.2307693,0.03296605,-0.06467396,-0.0017387434
1217,-6.0,0.0,0.61538464,-0.033143003,-0.06438086,0.0009003232
1218,-6.0,0.5714286,0.61538464,-0.021679992,-0.0616293,0.00037831723
1219,-6.0,1.1428572,0.61538464,-0.011221758,-0.06421326,-0.00021435336
1220,-6.0,1.7142857,0.61538464,-0.00401473,-0.06365601,-0.0006887398
1221,-6.0,2.2857144,0.61538464,0.004546032,-0.06330087,-0.0011842507
1222,-6.0,2.857143,0.61538464,0.011833012,-0.064829886,-0.001507937
1223,-6.0,3.4285715,0.61538464,0.022041736,-0.062525325,-0.0019198238
1224,-6.0,4.0,0.61538464,0.033055667,-0.06494404,-0.0026370524
1225,-6.0,0.0,0.0,-0.03241359,-0.06472079,0.0011499407
1226,-6.0,0.5714286,0.0,-0.02101116,-0.062433474,0.0004318807
1227,-6.0,1.1428572,0.0,-0.01083206,-0.06481484,2.0954247e-05
1228,-6.0,1.7142857,0.0,-0.0036136918,-0.06419566,-0.0008009948
1229,-6.0,2.2857144,0.0,0.004527362,-0.063878,-0.0012274364
1230,-6.0,2.857143,0.0,0.011808747,-0.06518665,-0.0017665994
1231,-6.0,3.4285715,0.0,0.021664027,-0.063090906,-0.0022781878
1232,-6.0,4.0,0.0,0.032722607,-0.065207355,-0.0020800147
1233,-5.4,0.0,8.0,-0.032153778,-0.07725837,-0.0029198634
1234,-5.4,0.5714286,8.0,-0.018967569,-0.07904645,-0.0017680186
1235,-5.4,1.1428572,8.0,-0.011198781,-0.07828423,-0.0007016338
1236,-5.4,1.7142857,8.0,-0.0025708536,-0.07853331,-0.00014770299
1237,-5.4,2.2857144,8.0,0.0033640983,-0.079447046,0.0009094396
1238,-5.4,2.857143,8.0,0.011966483,-0.07745811,0.0014583145
1239,-5.4,3.4285715,8.0,0.019806314,-0.079667866,0.0021619282
1240,-5.4,4.0,8.0,0.0323247,-0.07683666,0.0035029438
1241,-5.4,0.0,7.3846154,-0.032750655,-0.07605084,-0.002051537
1242,-5.4,0.5714286,7.3846154,-0.019477526,-0.078255944,-0.0013915929
1243,-5.4,1.1428572,7.3846154,-0.011678444,-0.07744324,-0.00069549313
1244,-5.4,1.7142857,7.3846154,-0.002677284,-0.077681705,7.34691e-05
1245,-5.4,2.2857144,7.3846154,0.0032255491,-0.07879574,0.00062514935
1246,-5.4,2.857143,7.3846154,0.01222987,-0.07660294,0.0013635386
1247,-5.4,3.4285715,7.3846154,0.020064635,-0.07916505,0.0018856908
1248,-5.4,4.0,7.3846154,0.0326991,-0.075956896,0.0020910348
1249,-5.4,0.0,6.769231,-0.03299834,-0.07549731,-0.0016971955
1250,-5.4,0.5714286,6.769231,-0.019470612,-0.0775302,-0.0010947818
1251,-5.4,1.1428572,6.769231,-0.011918424,-0.07682018,-0.0005010902
1252,-5.4,1.7142857,6.769231,-0.002619372,-0.07692265,3.1691507e-05
1253,-5.4,2.2857144,6.769231,0.0031923838,-0.07833969,0.0006127688
1254,-5.4,2.857143,6.769231,0.012461746,-0.07581115,0.0010313379
1255,-5.4,3.4285715,6.769231,0.020125058,-0.07878617,0.0015917646
1256,-5.4,4.0,6.769231,0.032919753,-0.07524479,0.0022997605
1257,-5.4,0.0,6.1538463,-0.032795917,-0.07495134,-0.0012941686
1258,-5.4,0.5714286,6.1538463,-0.019425081,-0.07689433,-0.0008301104
1259,-5.4,1.1428572,6.1538463,-0.011925204,-0.07635861,-0.00038636522
1260,-5.4,1.7142857,6.1538463,-0.0025434867,-0.076379806,4.618543e-05
1261,-5.4,2.2857144,6.1538463,0.0032088007,-0.077843495,0.00042294923
1262,-5.4,2.857143,6.1538463,0.012571834,-0.07532647,0.00086160115
1263,-5.4,3.4285715,6.1538463,0.020149495,-0.07828803,0.0011629969
1264,-5.4,4.0,6.1538463,0.032854374,-0.074745715,0.0014104568
1265,-5.4,0.0,5.5384617,-0.032673143,-0.074499086,-0.0009189599
1266,-5.4,0.5714286,5.5384617,-0.019357532,-0.07657725,-0.0006158454
1267,-5.4,1.1428572,5.5384617,-0.011838118,-0.07590213,-0.0003068856
1268,-5.4,1.7142857,5.5384617,-0.0025658144,-0.076035485,-1.2609877e-06
1269,-5.4,2.2857144,5.5384617,0.0032821344,-0.07742702,0.00029054578
1270,-5.4,2.857143,5.5384617,0.012540026,-0.07497061,0.00054256147
1271,-5.4,3.4285715,5.5384617,0.020172395,-0.07789346,0.0008776981
1272,-5.4,4.0,5.5384617,0.032804016,-0.07442611,0.0012502157
1273,-5.4,0.0,4.923077,-0.032515418,-0.0742208,-0.00062747276
1274,-5.4,0.5714286,4.923077,-0.019324137,-0.07628477,-0.0004205954
1275,-5.4,1.1428572,4.923077,-0.0118070105,-0.075646766,-0.00023601258
1276,-5.4,1.7142857,4.923077,-0.0025474983,-0.07577955,-6.287648e-05
1277,-5.4,2.2857144,4.923077,0.0032851365,-0.07714973,0.00010924501
1278,-5.4,2.857143,4.923077,0.012533325,-0.07473902,0.00029043164
1279,-5.4,3.4285715,4.923077,0.02015263,-0.07760672,0.00039912638
1280,-5.4,4.0,4.923077,0.032696776,-0.07418649,0.0005039739
1281,-5.4,0.0,4.3076925,-0.032485448,-0.07407419,-0.00030016724
1282,-5.4,0.5714286,4.3076925,-0.0192994,-0.076166965,-0.00025305166
1283,-5.4,1.1428572,4.3076925,-0.011786662,-0.07550004,-0.00019147088
1284,-5.4,1.7142857,4.3076925,-0.0025597662,-0.07565629,-0.00012618818
1285,-5.4,2.2857144,4.3076925,0.0032896036,-0.077012815,-7.3564e-05
1286,-5.4,2.857143,4.3076925,0.012507304,-0.07461136,-2.7068796e-05
1287,-5.4,3.4285715,4.3076925,0.020132752,-0.07747691,8.020967e-05
1288,-5.4,4.0,4.3076925,0.032664567,-0.07407141,0.00019148093
1289,-5.4,0.0,3.6923077,-0.03250186,-0.07407396,-2.9909841e-05
1290,-5.4,0.5714286,3.6923077,-0.019315833,-0.07616711,-7.73625e-05
1291,-5.4,1.1428572,3.6923077,-0.011802986,-0.075499855,-0.00013961052
1292,-5.4,1.7142857,3.6923077,-0.0025762233,-0.07565638,-0.00020509386
1293,-5.4,2.2857144,3.6923077,0.0032732359,-0.077012695,-0.00025832112
1294,-5.4,2.857143,3.6923077,0.012490827,-0.07461139,-0.00030502983
1295,-5.4,3.4285715,3.6923077,0.020116335,-0.07747686,-0.0004129976
1296,-5.4,4.0,3.6923077,0.032648023,-0.074071445,-0.0005246158
1297,-5.4,0.0,3.0769231,-0.032564268,-0.07422019,0.00029757596
1298,-5.4,0.5714286,3.0769231,-0.019373344,-0.07628519,9.006333e-05
1299,-5.4,1.1428572,3.0769231,-0.011856058,-0.07564624,-9.496494e-05
1300,-5.4,1.7142857,3.0769231,-0.0025968354,-0.0757798,-0.00026851086
1301,-5.4,2.2857144,3.0769231,0.0032360256,-0.0771494,-0.0004410285
1302,-5.4,2.857143,3.0769231,0.012483883,-0.074739106,-0.00062262826
1303,-5.4,3.4285715,3.0769231,0.020103423,-0.077606514,-0.0007318206
1304,-5.4,4.0,3.0769231,0.032647207,-0.0741865,-0.0008372309
1305,-5.4,0.0,2.4615386,-0.032754824,-0.074498,0.00058900006
1306,-5.4,0.5714286,2.4615386,-0.01943961,-0.076578006,0.00028524685
1307,-5.4,1.1428572,2.4615386,-0.011919816,-0.07590121,-2.4026742e-05
1308,-5.4,1.7142857,2.4615386,-0.0026480702,-0.076035924,-0.00033019614
1309,-5.4,2.2857144,2.4615386,0.003200291,-0.07742648,-0.00062226714
1310,-5.4,2.857143,2.4615386,0.012457628,-0.074970745,-0.0008748193
1311,-5.4,3.4285715,2.4615386,0.02009036,-0.07789319,-0.0012103224
1312,-5.4,4.0,2.4615386,0.03272136,-0.07442615,-0.0015834924
1313,-5.4,0.0,1.8461539,-0.03291005,-0.07494988,0.000964349
1314,-5.4,0.5714286,1.8461539,-0.019539945,-0.07689533,0.0004995322
1315,-5.4,1.1428572,1.8461539,-0.012039631,-0.07635738,5.5411212e-05
1316,-5.4,1.7142857,1.8461539,-0.0026586228,-0.0763804,-0.00037762642
1317,-5.4,2.2857144,1.8461539,0.0030942115,-0.07784276,-0.0007546861
1318,-5.4,2.857143,1.8461539,0.012456482,-0.07532666,-0.0011938439
1319,-5.4,3.4285715,1.8461539,0.020034676,-0.07828763,-0.0014956401
1320,-5.4,4.0,1.8461539,0.03273872,-0.07474573,-0.0017437906
1321,-5.4,0.0,1.2307693,-0.033145238,-0.07549536,0.0013672316
1322,-5.4,0.5714286,1.2307693,-0.019618455,-0.0775316,0.000764151
1323,-5.4,1.1428572,1.2307693,-0.012065429,-0.07681852,0.00017016142
1324,-5.4,1.7142857,1.2307693,-0.0027675324,-0.07692347,-0.0003631642
1325,-5.4,2.2857144,1.2307693,0.003045171,-0.07833875,-0.00094449805
1326,-5.4,2.857143,1.2307693,0.01231335,-0.075811386,-0.0013635819
1327,-5.4,3.4285715,1.2307693,0.01997755,-0.07878573,-0.0019243859
1328,-5.4,4.0,1.2307693,0.032770924,-0.07524487,-0.0026330187
1329,-5.4,0.0,0.61538464,-0.03292984,-0.07604822,0.0017216182
1330,-5.4,0.5714286,0.61538464,-0.019658446,-0.07825786,0.0010610009
1331,-5.4,1.1428572,0.61538464,-0.011857962,-0.07744108,0.000364507
1332,-5.4,1.7142857,0.61538464,-0.0028585717,-0.0776829,-0.00040493096
1333,-5.4,2.2857144,0.61538464,0.0030458388,-0.07879443,-0.0009568945
1334,-5.4,2.857143,0.61538464,0.012048333,-0.07660346,-0.001695769
1335,-5.4,3.4285715,0.61538464,0.019884624,-0.07916431,-0.0022183175
1336,-5.4,4.0,0.61538464,0.032517143,-0.075957105,-0.0024243542
1337,-5.4,0.0,0.0,-0.032365788,-0.07725559,0.0025900428
1338,-5.4,0.5714286,0.0,-0.019181538,-0.07904852,0.001437315
1339,-5.4,1.1428572,0.0,-0.011410943,-0.07828182,0.00037057756
1340,-5.4,1.7142857,0.0,-0.002785142,-0.0785347,-0.00018372732
1341,-5.4,2.2857144,0.0,0.0031517714,-0.0794455,-0.0012412375
1342,-5.4,2.857143,0.0,0.011751995,-0.07745883,-0.0017905048
1343,-5.4,3.4285715,0.0,0.019593714,-0.07966692,-0.002494522
1344,-5.4,4.0,0.0,0.032109737,-0.076837145,-0.0038362218
1345,-4.8,0.0,8.0,-0.028659703,-0.091774724,-0.0031707026
1346,-4.8,0.5714286,8.0,-0.019523885,-0.09208194,-0.0024243896
1347,-4.8,1.1428572,8.0,-0.009190071,-0.092549756,-0.0014519915
1348,-4.8,1.7142857,8.0,-0.0040436056,-0.09321303,-8.84788e-05
1349,-4.8,2.2857144,8.0,0.0041921195,-0.09161099,0.00056679954
1350,-4.8,2.857143,8.0,0.0095573645,-0.09384014,0.0018369813
1351,-4.8,3.4285715,8.0,0.019598892,-0.09046857,0.0027006175
1352,-4.8,4.0,8.0,0.029172823,-0.093226954,0.0028734629
1353,-4.8,0.0,7.3846154,-0.029010426,-0.09084372,-0.003099687
1354,-4.8,0.5714286,7.3846154,-0.020061426,-0.09092837,-0.0019850282
1355,-4.8,1.1428572,7.3846154,-0.00936057,-0.09147323,-0.0010540725
1356,-4.8,1.7142857,7.3846154,-0.0042924397,-0.09228083,-0.0002654025
1357,-4.8,2.2857144,7.3846154,0.004409841,-0.09049922,0.00072372606
1358,-4.8,2.857143,7.3846154,0.009651464,-0.093097255,0.0013825218
1359,-4.8,3.4285715,7.3846154,0.020130299,-0.0893352,0.0022532092
1360,-4.8,4.0,7.3846154,0.029553821,-0.092656896,0.003421461
1361,-4.8,0.0,6.769231,-0.028840482,-0.08976002,-0.002273179
1362,-4.8,0.5714286,6.769231,-0.020378912,-0.09011781,-0.0015995031
1363,-4.8,1.1428572,6.769231,-0.009305336,-0.09054745,-0.00087330455
1364,-4.8,1.7142857,6.769231,-0.004441263,-0.09159177,-0.00011675606
1365,-4.8,2.2857144,6.769231,0.0046126023,-0.089508414,0.0005007722
1366,-4.8,2.857143,6.769231,0.009705931,-0.09256405,0.0012543101
1367,-4.8,3.4285715,6.769231,0.02046021,-0.08833188,0.0018006574
1368,-4.8,4.0,6.769231,0.029452322,-0.09208285,0.0021829403
1369,-4.8,0.0,6.1538463,-0.028732564,-0.089060694,-0.0018055165
1370,-4.8,0.5714286,6.1538463,-0.020325465,-0.08952139,-0.00122578
1371,-4.8,1.1428572,6.1538463,-0.009278376,-0.089822136,-0.0006622027
1372,-4.8,1.7142857,6.1538463,-0.0044438494,-0.0909752,-0.00012194718
1373,-4.8,2.2857144,6.1538463,0.00470461,-0.088877365,0.00043819184
1374,-4.8,2.857143,6.1538463,0.009739503,-0.09192235,0.00089452
1375,-4.8,3.4285715,6.1538463,0.020534543,-0.08775714,0.0014665484
1376,-4.8,4.0,6.1538463,0.0294712,-0.091514654,0.0020928239
1377,-4.8,0.0,5.5384617,-0.028595924,-0.08859068,-0.0012962383
1378,-4.8,0.5714286,5.5384617,-0.020233756,-0.088942744,-0.00089704536
1379,-4.8,1.1428572,5.5384617,-0.009278438,-0.089401916,-0.00049782783
1380,-4.8,1.7142857,5.5384617,-0.0043724775,-0.09044981,-0.000112463276
1381,-4.8,2.2857144,5.5384617,0.004670505,-0.08844139,0.00026157865
1382,-4.8,2.857143,5.5384617,0.009802007,-0.091435954,0.00064704625
1383,-4.8,3.4285715,5.5384617,0.020482682,-0.08731535,0.0009383244
1384,-4.8,4.0,5.5384617,0.029384825,-0.091004334,0.0011988386
1385,-4.8,0.0,4.923077,-0.028535096,-0.08826424,-0.0008264996
1386,-4.8,0.5714286,4.923077,-0.020156398,-0.08863721,-0.00060160627
1387,-4.8,1.1428572,4.923077,-0.009264084,-0.08907331,-0.00036815676
1388,-4.8,1.7142857,4.923077,-0.004356563,-0.09012752,-0.00012641633
1389,-4.8,2.2857144,4.923077,0.0046676374,-0.08815,9.3580304e-05
1390,-4.8,2.857143,4.923077,0.009791387,-0.09109318,0.00030169755
1391,-4.8,3.4285715,4.923077,0.020441145,-0.08705263,0.0005673686
1392,-4.8,4.0,4.923077,0.029359823,-0.0906926,0.00083608396
1393,-4.8,0.0,4.3076925,-0.028487606,-0.088104576,-0.00040665147
1394,-4.8,0.5714286,4.3076925,-0.020134548,-0.08845584,-0.00031513142
1395,-4.8,1.1428572,4.3076925,-0.009264123,-0.08892849,-0.00023596517
1396,-4.8,1.7142857,4.3076925,-0.0043487404,-0.08996107,-0.00016911919
1397,-4.8,2.2857144,4.3076925,0.004646637,-0.0880003,-8.4635416e-05
1398,-4.8,2.857143,4.3076925,0.009785602,-0.090937115,-8.702116e-06
1399,-4.8,3.4285715,4.3076925,0.020406656,-0.08689855,1.2196231e-05
1400,-4.8,4.0,4.3076925,0.029304177,-0.09052844,3.3866083e-05
1401,-4.8,0.0,3.6923077,-0.0285039,-0.088104665,4.4606295e-05
1402,-4.8,0.5714286,3.6923077,-0.02015086,-0.08845564,-4.768802e-05
1403,-4.8,1.1428572,3.6923077,-0.009280553,-0.088928565,-0.00012698985
1404,-4.8,1.7142857,3.6923077,-0.0043651047,-0.08996091,-0.00019442437
1405,-4.8,2.2857144,3.6923077,0.004630191,-0.08800032,-0.00027898906
1406,-4.8,2.857143,3.6923077,0.009769201,-0.09093702,-0.0003555129
1407,-4.8,3.4285715,3.6923077,0.02039018,-0.08689851,-0.00037657382
1408,-4.8,4.0,3.6923077,0.029287763,-0.090528324,-0.00039900205
1409,-4.8,0.0,3.0769231,-0.028584303,-0.08826449,0.0004642314
1410,-4.8,0.5714286,3.0769231,-0.020205446,-0.08863665,0.0002389439
1411,-4.8,1.1428572,3.0769231,-0.009313336,-0.0890735,5.057537e-06
1412,-4.8,1.7142857,3.0769231,-0.0044056596,-0.09012707,-0.00023699005
1413,-4.8,2.2857144,3.0769231,0.0046182782,-0.08815005,-0.00045733494
1414,-4.8,2.857143,3.0769231,0.00974222,-0.09109289,-0.00066578505
1415,-4.8,3.4285715,3.0769231,0.020391664,-0.08705259,-0.00093186385
1416,-4.8,4.0,3.0769231,0.029310485,-0.090692386,-0.0012010739
1417,-4.8,0.0,2.4615386,-0.028677741,-0.08859117,0.00093403447
1418,-4.8,0.5714286,2.4615386,-0.020315425,-0.08894175,0.0005344482
1419,-4.8,1.1428572,2.4615386,-0.009360569,-0.08940228,0.00013464976
1420,-4.8,1.7142857,2.4615386,-0.0044542886,-0.09044906,-0.00025086734
1421,-4.8,2.2857144,2.4615386,0.004588234,-0.08844147,-0.00062540505
1422,-4.8,2.857143,2.4615386,0.009720058,-0.09143549,-0.0010110546
1423,-4.8,3.4285715,2.4615386,0.020400235,-0.08731521,-0.0013028994
1424,-4.8,4.0,2.4615386,0.029302688,-0.09100393,-0.0015638096
1425,-4.8,0.0,1.8461539,-0.028847301,-0.08906133,0.0014431868
1426,-4.8,0.5714286,1.8461539,-0.020439878,-0.089520074,0.00086315064
1427,-4.8,1.1428572,1.8461539,-0.009393331,-0.08982261,0.0002990547
1428,-4.8,1.7142857,1.8461539,-0.0045584026,-0.09097419,-0.0002414093
1429,-4.8,2.2857144,1.8461539,0.004589435,-0.08887747,-0.00080199714
1430,-4.8,2.857143,1.8461539,0.00962478,-0.09192171,-0.0012585411
1431,-4.8,3.4285715,1.8461539,0.02041911,-0.08775701,-0.0018310898
1432,-4.8,4.0,1.8461539,0.029356131,-0.09151418,-0.0024577403
1433,-4.8,0.0,1.2307693,-0.02898793,-0.08976091,0.0019109717
1434,-4.8,0.5714286,1.2307693,-0.020525899,-0.09011607,0.0012369101
1435,-4.8,1.1428572,1.2307693,-0.009453256,-0.09054814,0.0005101141
1436,-4.8,1.7142857,1.2307693,-0.0045884587,-0.09159046,-0.00024658258
1437,-4.8,2.2857144,1.2307693,0.0044644363,-0.08950856,-0.0008645837
1438,-4.8,2.857143,1.2307693,0.00955853,-0.09256328,-0.0016183153
1439,-4.8,3.4285715,1.2307693,0.020311737,-0.08833163,-0.0021652067
1440,-4.8,4.0,1.2307693,0.02930459,-0.09208221,-0.0025479437
1441,-4.8,0.0,0.61538464,-0.029191071,-0.09084504,0.0027374339
1442,-4.8,0.5714286,0.61538464,-0.020240929,-0.09092608,0.0016223469
1443,-4.8,1.1428572,0.61538464,-0.009541608,-0.09147426,0.0006909043
1444,-4.8,1.7142857,0.61538464,-0.0044721123,-0.092279084,-9.79587e-05
1445,-4.8,2.2857144,0.61538464,0.004228524,-0.09049963,-0.0010875257
1446,-4.8,2.857143,0.61538464,0.009471584,-0.09309612,-0.0017465163
1447,-4.8,3.4285715,0.61538464,0.019948654,-0.089335196,-0.0026177259
1448,-4.8,4.0,0.61538464,0.02937345,-0.09265602,-0.0037863604
1449,-4.8,0.0,0.0,-0.02887324,-0.091776125,0.0028083022
1450,-4.8,0.5714286,0.0,-0.019735992,-0.092079416,0.0020617675
1451,-4.8,1.1428572,0.0,-0.009404135,-0.092550926,0.0010888218
1452,-4.8,1.7142857,0.0,-0.0042559057,-0.093211,-0.0002749532
1453,-4.8,2.2857144,0.0,0.0039778217,-0.09161158,-0.0009305275
1454,-4.8,2.857143,0.0,0.009344888,-0.0938387,-0.0022010193
1455,-4.8,3.4285715,0.0,0.019384297,-0.09046874,-0.0030650876
1456,-4.8,4.0,0.0,0.028959962,-0.09322564,-0.0032383893
1457,-4.2,0.0,8.0,-0.02894757,-0.10526461,-0.004691448
1458,-4.2,0.5714286,8.0,-0.015846265,-0.105404854,-0.0029169102
1459,-4.2,1.1428572,8.0,-0.010727807,-0.106301464,-0.001546594
1460,-4.2,1.7142857,8.0,-0.0019065357,-0.10520126,-0.00059443555
1461,-4.2,2.2857144,8.0,0.001522705,-0.10728641,0.0010544842
1462,-4.2,2.857143,8.0,0.010311432,-0.103871174,0.0018471928
1463,-4.2,3.4285715,8.0,0.01596077,-0.10735042,0.0031228396
1464,-4.2,4.0,8.0,0.028704353,-0.10297967,0.005008022
1465,-4.2,0.0,7.3846154,-0.02947171,-0.10382276,-0.0033737978
1466,-4.2,0.5714286,7.3846154,-0.016064659,-0.10413482,-0.002503234
1467,-4.2,1.1428572,7.3846154,-0.011051565,-0.105080634,-0.0014224757
1468,-4.2,1.7142857,7.3846154,-0.0017630405,-0.1038616,-0.00024230807
1469,-4.2,2.2857144,7.3846154,0.0015186068,-0.10628007,0.0006257711
1470,-4.2,2.857143,7.3846154,0.010827132,-0.10248248,0.0018082268
1471,-4.2,3.4285715,7.3846154,0.016294453,-0.1065595,0.0026487669
1472,-4.2,4.0,7.3846154,0.029286023,-0.101474226,0.0031553123
1473,-4.2,0.0,6.769231,-0.029659232,-0.10293522,-0.0029656477
1474,-4.2,0.5714286,6.769231,-0.015947042,-0.102992795,-0.001984732
1475,-4.2,1.1428572,6.769231,-0.011325532,-0.10415679,-0.0010835711
1476,-4.2,1.7142857,6.769231,-0.0015542686,-0.10270908,-0.00027084956
1477,-4.2,2.2857144,6.769231,0.0014639981,-0.10554532,0.00065719703
1478,-4.2,2.857143,6.769231,0.0111845685,-0.10125047,0.0013562437
1479,-4.2,3.4285715,6.769231,0.016377378,-0.105951756,0.002238078
1480,-4.2,4.0,6.769231,0.029650826,-0.100380726,0.0032321927
1481,-4.2,0.0,6.1538463,-0.029539319,-0.102120616,-0.0021697837
1482,-4.2,0.5714286,6.1538463,-0.015919233,-0.10211594,-0.0015364903
1483,-4.2,1.1428572,6.1538463,-0.011315434,-0.1034238,-0.0008600346
1484,-4.2,1.7142857,6.1538463,-0.0015235553,-0.1019082,-0.00017028258
1485,-4.2,2.2857144,6.1538463,0.0014941955,-0.10478122,0.00044786604
1486,-4.2,2.857143,6.1538463,0.011286816,-0.10054856,0.0011312442
1487,-4.2,3.4285715,6.1538463,0.016408948,-0.10516666,0.0016478313
1488,-4.2,4.0,6.1538463,0.02959653,-0.09963036,0.0021045848
1489,-4.2,0.0,5.5384617,-0.029377129,-0.10148242,-0.0015934338
1490,-4.2,0.5714286,5.5384617,-0.015885238,-0.10160742,-0.0011235162
1491,-4.2,1.1428572,5.5384617,-0.011249174,-0.102782845,-0.00063948054
1492,-4.2,1.7142857,5.5384617,-0.001550369,-0.101394884,-0.00016471537
1493,-4.2,2.2857144,5.5384617,0.001554515,-0.104188144,0.00030667128
1494,-4.2,2.857143,5.5384617,0.011232162,-0.10002172,0.00072956044
1495,-4.2,3.4285715,5.5384617,0.016439484,-0.104614116,0.001223837
1496,-4.2,4.0,5.5384617,0.029523142,-0.09916936,0.0017099385
1497,-4.2,0.0,4.923077,-0.029267289,-0.10108513,-0.0010153358
1498,-4.2,0.5714286,4.923077,-0.015861142,-0.101209275,-0.00073365617
1499,-4.2,1.1428572,4.923077,-0.011208649,-0.10241621,-0.0004493219
1500,-4.2,1.7142857,4.923077,-0.001558718,-0.10103525,-0.00017168232
1501,-4.2,2.2857144,4.923077,0.0015577516,-0.103801005,0.000111978574
1502,-4.2,2.857143,4.923077,0.011210098,-0.09970339,0.00038748008
1503,-4.2,3.4285715,4.923077,0.016412284,-0.10420274,0.0005889612
1504,-4.2,4.0,4.923077,0.029412923,-0.09883076,0.000788867
1505,-4.2,0.0,4.3076925,-0.02922703,-0.10088613,-0.00045866822
1506,-4.2,0.5714286,4.3076925,-0.015847074,-0.10104054,-0.0003801237
1507,-4.2,1.1428572,4.3076925,-0.011198777,-0.1022178,-0.00028344573
1508,-4.2,1.7142857,4.3076925,-0.0015717329,-0.10086431,-0.00018097334
1509,-4.2,2.2857144,4.3076925,0.0015549038,-0.1036152,-9.80232e-05
1510,-4.2,2.857143,4.3076925,0.0111781545,-0.09952655,-1.12058015e-05
1511,-4.2,3.4285715,4.3076925,0.01639339,-0.10403108,0.0001251751
1512,-4.2,4.0,4.3076925,0.029375164,-0.09867355,0.00024072593
1513,-4.2,0.0,3.6923077,-0.029243443,-0.10088596,6.4038526e-05
1514,-4.2,0.5714286,3.6923077,-0.015863491,-0.10104058,-1.4561411e-05
1515,-4.2,1.1428572,3.6923077,-0.01121514,-0.102217615,-0.00011189608
1516,-4.2,1.7142857,3.6923077,-0.0015881478,-0.10086432,-0.00021432707
1517,-4.2,2.2857144,3.6923077,0.0015385016,-0.10361506,-0.00029783184
1518,-4.2,2.857143,3.6923077,0.011161719,-0.0995265,-0.00038463884
1519,-4.2,3.4285715,3.6923077,0.01637695,-0.104031004,-0.000521635
1520,-4.2,4.0,3.6923077,0.029358633,-0.098673545,-0.0006373124
1521,-4.2,0.0,3.0769231,-0.02931623,-0.1010846,0.0006210037
1522,-4.2,0.5714286,3.0769231,-0.015910286,-0.101209365,0.0003387579
1523,-4.2,1.1428572,3.0769231,-0.011257755,-0.102415696,5.4174634e-05
1524,-4.2,1.7142857,3.0769231,-0.0016079923,-0.101035245,-0.00022379603
1525,-4.2,2.2857144,3.0769231,0.0015085934,-0.10380061,-0.00050766196
1526,-4.2,2.857143,3.0769231,0.01116073,-0.09970325,-0.00078347995
1527,-4.2,3.4285715,3.0769231,0.016363038,-0.10420242,-0.0009852692
1528,-4.2,4.0,3.0769231,0.029363455,-0.098830566,-0.0011856366
1529,-4.2,0.0,2.4615386,-0.029458871,-0.10148148,0.0011990435
1530,-4.2,0.5714286,2.4615386,-0.01596725,-0.10160763,0.00072855206
1531,-4.2,1.1428572,2.4615386,-0.011330976,-0.10278196,0.0002444208
1532,-4.2,1.7142857,2.4615386,-0.0016325124,-0.10139491,-0.00023084901
1533,-4.2,2.2857144,2.4615386,0.0014725905,-0.10418749,-0.0007022593
1534,-4.2,2.857143,2.4615386,0.011149883,-0.10002149,-0.0011256457
1535,-4.2,3.4285715,2.4615386,0.0163574,-0.104613684,-0.0016200393
1536,-4.2,4.0,2.4615386,0.029440572,-0.09916911,-0.0021067425
1537,-4.2,0.0,1.8461539,-0.02965361,-0.102119364,0.0017755349
1538,-4.2,0.5714286,1.8461539,-0.016033974,-0.1021162,0.0011415597
1539,-4.2,1.1428572,1.8461539,-0.011429997,-0.103422605,0.00046493343
1540,-4.2,1.7142857,1.8461539,-0.0016385475,-0.101908214,-0.00022524351
1541,-4.2,2.2857144,1.8461539,0.0013794956,-0.10478034,-0.0008434769
1542,-4.2,2.857143,1.8461539,0.011171624,-0.10054825,-0.0015272879
1543,-4.2,3.4285715,1.8461539,0.016294038,-0.10516601,-0.002044067
1544,-4.2,4.0,1.8461539,0.029481059,-0.09962994,-0.0025014486
1545,-4.2,0.0,1.2307693,-0.029806292,-0.10293361,0.0025712855
1546,-4.2,0.5714286,1.2307693,-0.016094714,-0.10299319,0.0015897487
1547,-4.2,1.1428572,1.2307693,-0.011472752,-0.10415525,0.0006885092
1548,-4.2,1.7142857,1.2307693,-0.0017021921,-0.10270912,-0.00012470338
1549,-4.2,2.2857144,1.2307693,0.0013165969,-0.10554424,-0.0010527788
1550,-4.2,2.857143,1.2307693,0.011036405,-0.10125004,-0.0017522911
1551,-4.2,3.4285715,1.2307693,0.016229723,-0.10595107,-0.002634274
1552,-4.2,4.0,1.2307693,0.029502181,-0.10038026,-0.0036289522
1553,-4.2,0.0,0.61538464,-0.02965108,-0.10382063,0.0029794807
1554,-4.2,0.5714286,0.61538464,-0.016245376,-0.10413548,0.0021083166
1555,-4.2,1.1428572,0.61538464,-0.011231267,-0.10507864,0.0010273588
1556,-4.2,1.7142857,0.61538464,-0.0019441097,-0.10386186,-0.00015321706
1557,-4.2,2.2857144,0.61538464,0.0013387408,-0.10627857,-0.0010213589
1558,-4.2,2.857143,0.61538464,0.010645803,-0.10248226,-0.0022042438
1559,-4.2,3.4285715,0.61538464,0.016114293,-0.10655837,-0.0030449561
1560,-4.2,4.0,0.61538464,0.029104289,-0.10147382,-0.0035521826
1561,-4.2,0.0,0.0,-0.029159656,-0.1052622,0.0042971675
1562,-4.2,0.5714286,0.0,-0.016060088,-0.105405584,0.0025218613
1563,-4.2,1.1428572,0.0,-0.010940107,-0.10629916,0.0011514657
1564,-4.2,1.7142857,0.0,-0.0021206173,-0.105201654,0.0001989549
1565,-4.2,2.2857144,0.0,0.0013102421,-0.10728455,-0.001450124
1566,-4.2,2.857143,0.0,0.010097118,-0.10387114,-0.0022431156
1567,-4.2,3.4285715,0.0,0.015748046,-0.10734891,-0.0035190294
1568,-4.2,4.0,0.0,0.028489493,-0.10297961,-0.0054047354
1569,-3.6,0.0,8.0,-0.023394411,-0.11681754,-0.004529733
1570,-3.6,0.5714286,8.0,-0.017152514,-0.11851187,-0.003491069
1571,-3.6,1.1428572,8.0,-0.0069731614,-0.117842495,-0.0019777024
1572,-3.6,1.7142857,8.0,-0.004701534,-0.11974421,-0.00019730964
1573,-3.6,2.2857144,8.0,0.0036460047,-0.11680599,0.0008086724
1574,-3.6,2.857143,8.0,0.006267765,-0.120508336,0.002642794
1575,-3.6,3.4285715,8.0,0.016504299,-0.11521205,0.003792288
1576,-3.6,4.0,8.0,0.023542745,-0.119660705,0.0042585405
1577,-3.6,0.0,7.3846154,-0.02346844,-0.115340844,-0.004359211
1578,-3.6,0.5714286,7.3846154,-0.017601386,-0.116991445,-0.0028028484
1579,-3.6,1.1428572,7.3846154,-0.0068767224,-0.11628786,-0.0015274717
1580,-3.6,1.7142857,7.3846154,-0.004799562,-0.118444405,-0.00036982688
1581,-3.6,2.2857144,7.3846154,0.0041352217,-0.11519821,0.0010124719
1582,-3.6,2.857143,7.3846154,0.0064795394,-0.119477525,0.0019861856
1583,-3.6,3.4285715,7.3846154,0.017315984,-0.11350982,0.0032388503
1584,-3.6,4.0,7.3846154,0.024030019,-0.11898627,0.004766831
1585,-3.6,0.0,6.769231,-0.023199646,-0.113922,-0.003205049
1586,-3.6,0.5714286,6.769231,-0.0179063,-0.11587478,-0.0022933336
1587,-3.6,1.1428572,6.769231,-0.0066691544,-0.11497427,-0.0012632281
1588,-3.6,1.7142857,6.769231,-0.0049776384,-0.11746611,-0.00018177202
1589,-3.6,2.2857144,6.769231,0.0044968044,-0.113793656,0.00073278777
1590,-3.6,2.857143,6.769231,0.006535488,-0.1187398,0.0017918054
1591,-3.6,3.4285715,6.769231,0.017773764,-0.11204464,0.0025930926
1592,-3.6,4.0,6.769231,0.023977464,-0.11816869,0.0032483514
1593,-3.6,0.0,6.1538463,-0.02308156,-0.112958945,-0.0025837503
1594,-3.6,0.5714286,6.1538463,-0.017860452,-0.11500305,-0.0017551784
1595,-3.6,1.1428572,6.1538463,-0.006675988,-0.114010274,-0.0009584378
1596,-3.6,1.7142857,6.1538463,-0.0049559847,-0.11659577,-0.00017565902
1597,-3.6,2.2857144,6.1538463,0.0045450977,-0.11293395,0.00062354805
1598,-3.6,2.857143,6.1538463,0.0065736948,-0.11781515,0.0013175342
1599,-3.6,3.4285715,6.1538463,0.017853407,-0.11128484,0.0021029396
1600,-3.6,4.0,6.1538463,0.024004607,-0.11736803,0.0028982472
1601,-3.6,0.0,5.5384617,-0.023019824,-0.11231895,-0.0017998457
1602,-3.6,0.5714286,5.5384617,-0.017770797,-0.11426715,-0.0012769502
1603,-3.6,1.1428572,5.5384617,-0.006688688,-0.11342087,-0.0007204039
1604,-3.6,1.7142857,5.5384617,-0.0049088714,-0.11589984,-0.00015305266
1605,-3.6,2.2857144,5.5384617,0.0044967555,-0.112339355,0.0003950741
1606,-3.6,2.857143,5.5384617,0.006623737,-0.11716876,0.0009402985
1607,-3.6,3.4285715,5.5384617,0.017764434,-0.110670194,0.0013796008
1608,-3.6,4.0,5.5384617,0.023938967,-0.11666461,0.0017977534
1609,-3.6,0.0,4.923077,-0.022958988,-0.11188693,-0.001157967
1610,-3.6,0.5714286,4.923077,-0.0177074,-0.1138527,-0.0008388548
1611,-3.6,1.1428572,4.923077,-0.0066962973,-0.11299784,-0.0005086023
1612,-3.6,1.7142857,4.923077,-0.0048871324,-0.11547593,-0.00016121173
1613,-3.6,2.2857144,4.923077,0.004467432,-0.11195788,0.00015731265
1614,-3.6,2.857143,4.923077,0.0066083632,-0.116712965,0.00047378003
1615,-3.6,3.4285715,4.923077,0.017720807,-0.11033991,0.0008234053
1616,-3.6,4.0,4.923077,0.023907984,-0.11625224,0.0011416408
1617,-3.6,0.0,4.3076925,-0.022939015,-0.11168038,-0.000522106
1618,-3.6,0.5714286,4.3076925,-0.017689202,-0.11362744,-0.0004148479
1619,-3.6,1.1428572,4.3076925,-0.0066996124,-0.11280765,-0.0003052133
1620,-3.6,1.7142857,4.3076925,-0.00489028,-0.11526372,-0.00020320909
1621,-3.6,2.2857144,4.3076925,0.004443236,-0.11176454,-7.951662e-05
1622,-3.6,2.857143,4.3076925,0.006596485,-0.11651453,2.192222e-05
1623,-3.6,3.4285715,4.3076925,0.01767758,-0.11013666,7.436151e-05
1624,-3.6,4.0,4.3076925,0.023862923,-0.11603745,0.00014128452
1625,-3.6,0.0,3.6923077,-0.022955285,-0.111680344,9.568275e-05
1626,-3.6,0.5714286,3.6923077,-0.017705549,-0.113627255,-1.2405137e-05
1627,-3.6,1.1428572,3.6923077,-0.0067160022,-0.11280764,-0.000121855526
1628,-3.6,1.7142857,3.6923077,-0.004906691,-0.11526355,-0.00022447502
1629,-3.6,2.2857144,3.6923077,0.0044268407,-0.11176449,-0.0003479814
1630,-3.6,2.857143,3.6923077,0.0065800413,-0.1165144,-0.00044997624
1631,-3.6,3.4285715,3.6923077,0.017661154,-0.11013653,-0.0005023332
1632,-3.6,4.0,3.6923077,0.023846492,-0.11603728,-0.0005699519
1633,-3.6,0.0,3.0769231,-0.02300814,-0.11188688,0.00073115807
1634,-3.6,0.5714286,3.0769231,-0.017756544,-0.113852166,0.00041190238
1635,-3.6,1.1428572,3.0769231,-0.006745479,-0.11299776,8.127435e-05
1636,-3.6,1.7142857,3.0769231,-0.0049363025,-0.115475446,-0.00026623128
1637,-3.6,2.2857144,3.0769231,0.0044181547,-0.111957684,-0.00058502174
1638,-3.6,2.857143,3.0769231,0.0065591396,-0.11671259,-0.000901627
1639,-3.6,3.4285715,3.0769231,0.017671429,-0.11033965,-0.0012515594
1640,-3.6,4.0,3.0769231,0.023858577,-0.11625195,-0.0015700872
1641,-3.6,0.0,2.4615386,-0.023101578,-0.11231895,0.0013731393
1642,-3.6,0.5714286,2.4615386,-0.017852584,-0.1142662,0.0008500662
1643,-3.6,1.1428572,2.4615386,-0.006770714,-0.1134208,0.00029298573
1644,-3.6,1.7142857,2.4615386,-0.004990801,-0.11589903,-0.00027427968
1645,-3.6,2.2857144,2.4615386,0.004414616,-0.11233906,-0.00082287955
1646,-3.6,2.857143,2.4615386,0.0065416954,-0.11716817,-0.0013680212
1647,-3.6,3.4285715,2.4615386,0.017682135,-0.11066966,-0.0018078657
1648,-3.6,4.0,2.4615386,0.023856778,-0.11666405,-0.0022261557
1649,-3.6,0.0,1.8461539,-0.023196192,-0.1129589,0.0021569058
1650,-3.6,0.5714286,1.8461539,-0.017975064,-0.11500179,0.0013282618
1651,-3.6,1.1428572,1.8461539,-0.0067907916,-0.11401016,0.00053107634
1652,-3.6,1.7142857,1.8461539,-0.005070704,-0.11659467,-0.0002517137
1653,-3.6,2.2857144,1.8461539,0.004430103,-0.11293353,-0.0010512933
1654,-3.6,2.857143,1.8461539,0.0064588343,-0.11781434,-0.0017452883
1655,-3.6,3.4285715,1.8461539,0.017738186,-0.11128419,-0.002531131
1656,-3.6,4.0,1.8461539,0.023889396,-0.11736739,-0.0033265883
1657,-3.6,0.0,1.2307693,-0.023346914,-0.11392197,0.0027783469
1658,-3.6,0.5714286,1.2307693,-0.018053543,-0.11587318,0.0018664675
1659,-3.6,1.1428572,1.2307693,-0.00681684,-0.11497414,0.00083581416
1660,-3.6,1.7142857,1.2307693,-0.0051250895,-0.11746475,-0.0002455495
1661,-3.6,2.2857144,1.2307693,0.0043489076,-0.113793105,-0.0011605513
1662,-3.6,2.857143,1.2307693,0.006387858,-0.11873889,-0.0022195068
1663,-3.6,3.4285715,1.2307693,0.017625565,-0.11204368,-0.003021301
1664,-3.6,4.0,1.2307693,0.023829557,-0.11816783,-0.0036768098
1665,-3.6,0.0,0.61538464,-0.023648903,-0.11534098,0.0039324136
1666,-3.6,0.5714286,0.61538464,-0.017781159,-0.11698937,0.0023758921
1667,-3.6,1.1428572,0.61538464,-0.007057518,-0.11628789,0.0011001116
1668,-3.6,1.7142857,0.61538464,-0.0049794763,-0.11844261,-5.752613e-05
1669,-3.6,2.2857144,0.61538464,0.0039541596,-0.11519781,-0.0014401862
1670,-3.6,2.857143,0.61538464,0.0062994384,-0.11947615,-0.002413882
1671,-3.6,3.4285715,0.61538464,0.017134605,-0.11350909,-0.0036670151
1672,-3.6,4.0,0.61538464,0.023849417,-0.1189851,-0.0051950943
1673,-3.6,0.0,0.0,-0.023607776,-0.11681772,0.004102916
1674,-3.6,0.5714286,0.0,-0.017364789,-0.11850948,0.0030641926
1675,-3.6,1.1428572,0.0,-0.0071870154,-0.117842585,0.0015503096
1676,-3.6,1.7142857,0.0,-0.004914022,-0.11974204,-0.00023005591
1677,-3.6,2.2857144,0.0,0.003431928,-0.11680574,-0.0012363108
1678,-3.6,2.857143,0.0,0.0060550985,-0.120506495,-0.0030705258
1679,-3.6,3.4285715,0.0,0.0162899,-0.115211524,-0.004220346
1680,-3.6,4.0,0.0,0.023329731,-0.11965883,-0.004686975
1681,-3.0,0.0,8.0,-0.02406993,-0.12958194,-0.005983488
1682,-3.0,0.5714286,8.0,-0.011546552,-0.12916514,-0.003640302
1683,-3.0,1.1428572,8.0,-0.009600114,-0.13102873,-0.0018987798
1684,-3.0,1.7142857,8.0,-0.0009927585,-0.12894724,-0.00040594095
1685,-3.0,2.2857144,8.0,-0.0005551715,-0.13238204,0.0016823073
1686,-3.0,2.857143,8.0,0.008136785,-0.12716903,0.0027711026
1687,-3.0,3.4285715,8.0,0.010987615,-0.13277493,0.004552959
1688,-3.0,4.0,8.0,0.023609793,-0.125663,0.006843004
1689,-3.0,0.0,7.3846154,-0.024527406,-0.1277608,-0.004376441
1690,-3.0,0.5714286,7.3846154,-0.011509446,-0.12738296,-0.0031396516
1691,-3.0,1.1428572,7.3846154,-0.009784445,-0.12940986,-0.0016383186
1692,-3.0,1.7142857,7.3846154,-0.000573664,-0.12711133,-8.199474e-05
1693,-3.0,2.2857144,7.3846154,-0.00037757502,-0.13104527,0.0011770803
1694,-3.0,2.857143,7.3846154,0.008975855,-0.12526853,0.0027163061
1695,-3.0,3.4285715,7.3846154,0.011431393,-0.13183998,0.003821714
1696,-3.0,4.0,7.3846154,0.024516342,-0.12344559,0.0046494477
1697,-3.0,0.0,6.769231,-0.024676213,-0.12649783,-0.003756663
1698,-3.0,0.5714286,6.769231,-0.011279677,-0.12588419,-0.002471714
1699,-3.0,1.1428572,6.769231,-0.01007521,-0.12818067,-0.0012528724
1700,-3.0,1.7142857,6.769231,-0.00021113703,-0.1255814,-0.000110371024
1701,-3.0,2.2857144,6.769231,-0.00047513156,-0.13007084,0.0011271879
1702,-3.0,2.857143,6.769231,0.009473506,-0.12357307,0.0021248027
1703,-3.0,3.4285715,6.769231,0.011555276,-0.13111705,0.003280574
1704,-3.0,4.0,6.769231,0.025018208,-0.12196322,0.004459806
1705,-3.0,0.0,6.1538463,-0.024599817,-0.12545443,-0.002720996
1706,-3.0,0.5714286,6.1538463,-0.011259966,-0.12478989,-0.0019082231
1707,-3.0,1.1428572,6.1538463,-0.010049109,-0.1272049,-0.0009884251
1708,-3.0,1.7142857,6.1538463,-0.00023477852,-0.12455779,-4.7611287e-05
1709,-3.0,2.2857144,6.1538463,-0.00042906214,-0.12906533,0.0008344273
1710,-3.0,2.857143,6.1538463,0.009516833,-0.122690775,0.0017306941
1711,-3.0,3.4285715,6.1538463,0.011557064,-0.13003021,0.0024530953
1712,-3.0,4.0,6.1538463,0.024982845,-0.12100121,0.0031355708
1713,-3.0,0.0,5.5384617,-0.02443598,-0.12466134,-0.0019959013
1714,-3.0,0.5714286,5.5384617,-0.01126269,-0.124122344,-0.0013879711
1715,-3.0,1.1428572,5.5384617,-0.009998251,-0.12642603,-0.0007283601
1716,-3.0,1.7142857,5.5384617,-0.00027001003,-0.1239059,-8.152512e-05
1717,-3.0,2.2857144,5.5384617,-0.00040482762,-0.12832293,0.0005708385
1718,-3.0,2.857143,5.5384617,0.009437268,-0.12202044,0.0011648296
1719,-3.0,3.4285715,5.5384617,0.011594238,-0.1293465,0.0018038825
1720,-3.0,4.0,5.5384617,0.024864776,-0.12043388,0.0023606957
1721,-3.0,0.0,4.923077,-0.02437669,-0.1241831,-0.0012361557
1722,-3.0,0.5714286,4.923077,-0.011250843,-0.12365279,-0.00089745235
1723,-3.0,1.1428572,4.923077,-0.0099623315,-0.12597518,-0.00051821966
1724,-3.0,1.7142857,4.923077,-0.00030608167,-0.12347129,-0.00013092054
1725,-3.0,2.2857144,4.923077,-0.00039778228,-0.12785038,0.00026412227
1726,-3.0,2.857143,4.923077,0.00938946,-0.12163955,0.00063116214
1727,-3.0,3.4285715,4.923077,0.011552493,-0.1288238,0.0009205898
1728,-3.0,4.0,4.923077,0.024790406,-0.120027736,0.0012102025
1729,-3.0,0.0,4.3076925,-0.024339436,-0.12394399,-0.0005672742
1730,-3.0,0.5714286,4.3076925,-0.011249564,-0.123445645,-0.00045624535
1731,-3.0,1.1428572,4.3076925,-0.009960356,-0.1257442,-0.00032365657
1732,-3.0,1.7142857,4.3076925,-0.0003217654,-0.12326737,-0.00018972695
1733,-3.0,2.2857144,4.3076925,-0.00041482897,-0.12763013,-7.045138e-05
1734,-3.0,2.857143,4.3076925,0.009351905,-0.121428534,5.3443273e-05
1735,-3.0,3.4285715,4.3076925,0.011536627,-0.12862276,0.00021698883
1736,-3.0,4.0,4.3076925,0.02474183,-0.11984227,0.0003280085
1737,-3.0,0.0,3.6923077,-0.024355922,-0.12394386,0.000107992826
1738,-3.0,0.5714286,3.6923077,-0.011265952,-0.12344559,-2.6273606e-06
1739,-3.0,1.1428572,3.6923077,-0.009976766,-0.125744,-0.00013601415
1740,-3.0,1.7142857,3.6923077,-0.00033813188,-0.1232673,-0.0002695477
1741,-3.0,2.2857144,3.6923077,-0.00043128544,-0.12762997,-0.0003894432
1742,-3.0,2.857143,3.6923077,0.0093355365,-0.12142839,-0.00051302864
1743,-3.0,3.4285715,3.6923077,0.011520141,-0.12862267,-0.0006771632
1744,-3.0,4.0,3.6923077,0.024725348,-0.11984219,-0.0007880123
1745,-3.0,0.0,3.0769231,-0.024425713,-0.12418258,0.00077742385
1746,-3.0,0.5714286,3.0769231,-0.011299918,-0.12365264,0.00043816806
1747,-3.0,1.1428572,3.0769231,-0.01001153,-0.12597464,5.8910802e-05
1748,-3.0,1.7142857,3.0769231,-0.00035527773,-0.12347106,-0.00032865885
1749,-3.0,2.2857144,3.0769231,-0.0004470223,-0.1278499,-0.0007237283
1750,-3.0,2.857143,3.0769231,0.009340194,-0.12163918,-0.0010909875
1751,-3.0,3.4285715,3.0769231,0.01150319,-0.1288234,-0.0013805227
1752,-3.0,4.0,3.0769231,0.02474105,-0.12002725,-0.0016704701
1753,-3.0,0.0,2.4615386,-0.0245179,-0.12466041,0.0015370391
1754,-3.0,0.5714286,2.4615386,-0.011344638,-0.12412214,0.0009286431
1755,-3.0,1.1428572,2.4615386,-0.010080175,-0.1264251,0.00026916133
1756,-3.0,1.7142857,2.4615386,-0.00035204904,-0.12390555,-0.00037815957
1757,-3.0,2.2857144,2.4615386,-0.00048687268,-0.12832215,-0.001030298
1758,-3.0,2.857143,2.4615386,0.0093551455,-0.1220198,-0.0016247669
1759,-3.0,3.4285715,2.4615386,0.011512077,-0.12934598,-0.0022636515
1760,-3.0,4.0,2.4615386,0.024782337,-0.1204332,-0.0028210192
1761,-3.0,0.0,1.8461539,-0.0247143,-0.1254532,0.0022623294
1762,-3.0,0.5714286,1.8461539,-0.011374582,-0.124789596,0.0014489393
1763,-3.0,1.1428572,1.8461539,-0.010163867,-0.12720366,0.0005291668
1764,-3.0,1.7142857,1.8461539,-0.0003496065,-0.12455731,-0.00041198506
1765,-3.0,2.2857144,1.8461539,-0.0005439453,-0.12906429,-0.0012939291
1766,-3.0,2.857143,1.8461539,0.009401862,-0.122689925,-0.0021905291
1767,-3.0,3.4285715,1.8461539,0.011442013,-0.13002944,-0.002912921
1768,-3.0,4.0,1.8461539,0.0248676,-0.12100012,-0.0035959363
1769,-3.0,0.0,1.2307693,-0.02482361,-0.12649629,0.0032978381
1770,-3.0,0.5714286,1.2307693,-0.0114271715,-0.12588383,0.0020123764
1771,-3.0,1.1428572,1.2307693,-0.010222698,-0.12817915,0.00079369254
1772,-3.0,1.7142857,1.2307693,-0.0003588224,-0.12558074,-0.00034926998
1773,-3.0,2.2857144,1.2307693,-0.0006228083,-0.13006963,-0.0015866036
1774,-3.0,2.857143,1.2307693,0.00932564,-0.12357189,-0.0025846576
1775,-3.0,3.4285715,1.2307693,0.011407398,-0.1311163,-0.0037403156
1776,-3.0,4.0,1.2307693,0.024869807,-0.12196193,-0.0049200114
1777,-3.0,0.0,0.61538464,-0.024707051,-0.12775886,0.0039177565
1778,-3.0,0.5714286,0.61538464,-0.011689949,-0.12738267,0.0026803783
1779,-3.0,1.1428572,0.61538464,-0.009964434,-0.1294079,0.001179077
1780,-3.0,1.7142857,0.61538464,-0.00075448287,-0.12711076,-0.00037757217
1781,-3.0,2.2857144,0.61538464,-0.0005577291,-0.13104358,-0.0016365155
1782,-3.0,2.857143,0.61538464,0.008794813,-0.1252675,-0.0031760784
1783,-3.0,3.4285715,0.61538464,0.011250979,-0.13183863,-0.0042814347
1784,-3.0,4.0,0.61538464,0.024334878,-0.12344429,-0.0051098755
1785,-3.0,0.0,0.0,-0.024282258,-0.12957959,0.005524669
1786,-3.0,0.5714286,0.0,-0.011760205,-0.12916484,0.0031809222
1787,-3.0,1.1428572,0.0,-0.009812594,-0.1310264,0.0014395925
1788,-3.0,1.7142857,0.0,-0.0012066454,-0.12894677,-5.3611893e-05
1789,-3.0,2.2857144,0.0,-0.0007678528,-0.13237989,-0.002141726
1790,-3.0,2.857143,0.0,0.007922697,-0.12716821,-0.0032307606
1791,-3.0,3.4285715,0.0,0.010774703,-0.132773,-0.0050127152
1792,-3.0,4.0,0.0,0.023395088,-0.12566224,-0.0073030614
1793,-2.4,0.0,8.0,-0.01648282,-0.1388045,-0.005623896
1794,-2.4,0.5714286,8.0,-0.013464119,-0.14087804,-0.004062309
1795,-2.4,1.1428572,8.0,-0.004266744,-0.13981245,-0.0018947085
1796,-2.4,1.7142857,8.0,-0.004968028,-0.14268783,0.00023447997
1797,-2.4,2.2857144,8.0,0.002905799,-0.13862008,0.0018132125
1798,-2.4,2.857143,8.0,0.002430491,-0.14430822,0.004109278
1799,-2.4,3.4285715,8.0,0.012237426,-0.13613802,0.0054173246
1800,-2.4,4.0,8.0,0.016588865,-0.14374202,0.006183395
1801,-2.4,0.0,7.3846154,-0.01632064,-0.13677476,-0.005136863
1802,-2.4,0.5714286,7.3846154,-0.013806248,-0.13891174,-0.0032019175
1803,-2.4,1.1428572,7.3846154,-0.003912672,-0.13772212,-0.0015044019
1804,-2.4,1.7142857,7.3846154,-0.004851759,-0.14098655,0.00014126234
1805,-2.4,2.2857144,7.3846154,0.0036987083,-0.13650252,0.0018797321
1806,-2.4,2.857143,7.3846154,0.0028901605,-0.14302821,0.0032466268
1807,-2.4,3.4285715,7.3846154,0.013478326,-0.13386141,0.0048362245
1808,-2.4,4.0,7.3846154,0.017230595,-0.14327678,0.006514267
1809,-2.4,0.0,6.769231,-0.016002284,-0.1350741,-0.0037961055
1810,-2.4,0.5714286,6.769231,-0.014108474,-0.13745813,-0.0025878826
1811,-2.4,1.1428572,6.769231,-0.0036059015,-0.13605636,-0.0012033834
1812,-2.4,1.7142857,6.769231,-0.005091971,-0.13971826,0.00022661209
1813,-2.4,2.2857144,6.769231,0.004187138,-0.13470738,0.0015219486
1814,-2.4,2.857143,6.769231,0.0028724473,-0.14216024,0.0028511393
1815,-2.4,3.4285715,6.769231,0.014002435,-0.1318467,0.0038973817
1816,-2.4,4.0,6.769231,0.017295465,-0.14234433,0.004893173
1817,-2.4,0.0,6.1538463,-0.015887199,-0.13388501,-0.0029903315
1818,-2.4,0.5714286,6.1538463,-0.01406551,-0.13637534,-0.0019615714
1819,-2.4,1.1428572,6.1538463,-0.0036465072,-0.13490972,-0.000917124
1820,-2.4,1.7142857,6.1538463,-0.0050561773,-0.13864571,0.00016090012
1821,-2.4,2.2857144,6.1538463,0.004129941,-0.13365848,0.001209949
1822,-2.4,2.857143,6.1538463,0.0028980053,-0.14099166,0.0021787665
1823,-2.4,3.4285715,6.1538463,0.014036731,-0.13099153,0.0031523895
1824,-2.4,4.0,6.1538463,0.017210472,-0.14131466,0.0040287157
1825,-2.4,0.0,5.5384617,-0.015906712,-0.1331287,-0.0020458635
1826,-2.4,0.5714286,5.5384617,-0.013986291,-0.13555041,-0.0014166279
1827,-2.4,1.1428572,5.5384617,-0.0036751775,-0.1342103,-0.00069547683
1828,-2.4,1.7142857,5.5384617,-0.0050398773,-0.13784613,7.742292e-05
1829,-2.4,2.2857144,5.5384617,0.004083068,-0.13296655,0.00081894995
1830,-2.4,2.857143,5.5384617,0.0028964225,-0.14023261,0.001534568
1831,-2.4,3.4285715,5.5384617,0.013892746,-0.13025995,0.002113692
1832,-2.4,4.0,5.5384617,0.017244095,-0.14047118,0.0026759608
1833,-2.4,0.0,4.923077,-0.015859563,-0.13263221,-0.0013226836
1834,-2.4,0.5714286,4.923077,-0.013944975,-0.13507807,-0.00092957803
1835,-2.4,1.1428572,4.923077,-0.003702668,-0.13374913,-0.00049880974
1836,-2.4,1.7142857,4.923077,-0.005022011,-0.1373732,-3.614675e-05
1837,-2.4,2.2857144,4.923077,0.004013262,-0.13254693,0.0003979815
1838,-2.4,2.857143,4.923077,0.0028830979,-0.1397177,0.0008246077
1839,-2.4,3.4285715,4.923077,0.013855044,-0.12991543,0.0012532074
1840,-2.4,4.0,4.923077,0.017175516,-0.13998586,0.0015946892
1841,-2.4,0.0,4.3076925,-0.015871437,-0.13240474,-0.00057811843
1842,-2.4,0.5714286,4.3076925,-0.013932645,-0.13483988,-0.00046523838
1843,-2.4,1.1428572,4.3076925,-0.0037128103,-0.13354073,-0.00032666608
1844,-2.4,1.7142857,4.3076925,-0.0050367867,-0.13714641,-0.00018004341
1845,-2.4,2.2857144,4.3076925,0.00398904,-0.13234024,-2.1501617e-05
1846,-2.4,2.857143,4.3076925,0.0028524124,-0.13950512,0.000116518284
1847,-2.4,3.4285715,4.3076925,0.013795181,-0.12969789,0.00019612818
1848,-2.4,4.0,4.3076925,0.017170273,-0.13975097,0.00029473467
1849,-2.4,0.0,3.6923077,-0.015887618,-0.13240461,8.7477296e-05
1850,-2.4,0.5714286,3.6923077,-0.013949046,-0.1348397,-2.6559022e-05
1851,-2.4,1.1428572,3.6923077,-0.0037291546,-0.13354066,-0.00016441772
1852,-2.4,1.7142857,3.6923077,-0.005053259,-0.13714622,-0.00031190357
1853,-2.4,2.2857144,3.6923077,0.003972707,-0.1323401,-0.00046987162
1854,-2.4,2.857143,3.6923077,0.0028359015,-0.13950498,-0.00060852454
1855,-2.4,3.4285715,3.6923077,0.01377885,-0.12969762,-0.00068771094
1856,-2.4,4.0,3.6923077,0.017153775,-0.13975076,-0.00078698207
1857,-2.4,0.0,3.0769231,-0.015908763,-0.13263199,0.00083128456
1858,-2.4,0.5714286,3.0769231,-0.01399421,-0.13507754,0.00043837665
1859,-2.4,1.1428572,3.0769231,-0.0037517883,-0.13374884,7.245169e-06
1860,-2.4,1.7142857,3.0769231,-0.00507127,-0.13737266,-0.00045537308
1861,-2.4,2.2857144,3.0769231,0.003964057,-0.13254651,-0.0008896912
1862,-2.4,2.857143,3.0769231,0.0028338123,-0.13971722,-0.0013162796
1863,-2.4,3.4285715,3.0769231,0.013805783,-0.12991485,-0.0017450545
1864,-2.4,4.0,3.0769231,0.017126046,-0.13998555,-0.002086613
1865,-2.4,0.0,2.4615386,-0.015988408,-0.1331284,0.0015547138
1866,-2.4,0.5714286,2.4615386,-0.014068201,-0.13554946,0.000925457
1867,-2.4,1.1428572,2.4615386,-0.0037571457,-0.1342099,0.00020382414
1868,-2.4,1.7142857,2.4615386,-0.005121917,-0.13784522,-0.000568784
1869,-2.4,2.2857144,2.4615386,0.0040010195,-0.1329659,-0.0013107723
1870,-2.4,2.857143,2.4615386,0.0028142817,-0.14023186,-0.0020260424
1871,-2.4,3.4285715,2.4615386,0.013810638,-0.13025886,-0.002605675
1872,-2.4,4.0,2.4615386,0.017161814,-0.14047053,-0.003167779
1873,-2.4,0.0,1.8461539,-0.016001891,-0.13388453,0.0024989655
1874,-2.4,0.5714286,1.8461539,-0.01418031,-0.13637407,0.00147037
1875,-2.4,1.1428572,1.8461539,-0.0037611949,-0.13490914,0.00042558004
1876,-2.4,1.7142857,1.8461539,-0.0051710834,-0.13864447,-0.0006523265
1877,-2.4,2.2857144,1.8461539,0.004015099,-0.1336576,-0.0017016303
1878,-2.4,2.857143,1.8461539,0.002782987,-0.14099064,-0.0026702867
1879,-2.4,3.4285715,1.8461539,0.013921783,-0.13099013,-0.003644204
1880,-2.4,4.0,1.8461539,0.017095102,-0.14131403,-0.004520472
1881,-2.4,0.0,1.2307693,-0.01614943,-0.13507353,0.0033049544
1882,-2.4,0.5714286,1.2307693,-0.014255979,-0.13745657,0.002096745
1883,-2.4,1.1428572,1.2307693,-0.0037534249,-0.1360556,0.0007117655
1884,-2.4,1.7142857,1.2307693,-0.0052396734,-0.13971683,-0.00071790995
1885,-2.4,2.2857144,1.2307693,0.0040394473,-0.13470615,-0.0020136624
1886,-2.4,2.857143,1.2307693,0.0027245635,-0.14215918,-0.0033425135
1887,-2.4,3.4285715,1.2307693,0.013854558,-0.13184473,-0.004389222
1888,-2.4,4.0,1.2307693,0.017147312,-0.14234348,-0.0053850613
1889,-2.4,0.0,0.61538464,-0.016501095,-0.13677411,0.004645503
1890,-2.4,0.5714286,0.61538464,-0.013986316,-0.13890979,0.0027107175
1891,-2.4,1.1428572,0.61538464,-0.004093256,-0.13772139,0.0010128764
1892,-2.4,1.7142857,0.61538464,-0.005031987,-0.14098465,-0.00063258834
1893,-2.4,2.2857144,0.61538464,0.003517862,-0.13650134,-0.0023713186
1894,-2.4,2.857143,0.61538464,0.002709766,-0.14302659,-0.003738013
1895,-2.4,3.4285715,0.61538464,0.013297262,-0.13385968,-0.005327975
1896,-2.4,4.0,0.61538464,0.017049674,-0.14327557,-0.0070057823
1897,-2.4,0.0,0.0,-0.016696066,-0.13880388,0.005132713
1898,-2.4,0.5714286,0.0,-0.0136765605,-0.14087571,0.0035711776
1899,-2.4,1.1428572,0.0,-0.0044804676,-0.1398117,0.0014031335
1900,-2.4,1.7142857,0.0,-0.0051807063,-0.14268547,-0.0007257076
1901,-2.4,2.2857144,0.0,0.0026918568,-0.13861905,-0.0023047556
1902,-2.4,2.857143,0.0,0.002217619,-0.14430596,-0.00460062
1903,-2.4,3.4285715,0.0,0.012023254,-0.1361366,-0.0059088734
1904,-2.4,4.0,0.0,0.016375631,-0.14373967,-0.006675324
1905,-1.8,0.0,8.0,-0.016855361,-0.14872682,-0.006773321
1906,-1.8,0.5714286,8.0,-0.0064651216,-0.14883235,-0.0038845132
1907,-1.8,1.1428572,8.0,-0.0074607283,-0.1511904,-0.0016679057
1908,-1.8,1.7142857,8.0,-6.0385963e-05,-0.14884092,0.0007239256
1909,-1.8,2.2857144,8.0,-0.0023443187,-0.15370223,0.0030954422
1910,-1.8,2.857143,8.0,0.005200999,-0.14671312,0.0046717124
1911,-1.8,3.4285715,8.0,0.005064482,-0.1556917,0.007047411
1912,-1.8,4.0,8.0,0.016877983,-0.14401372,0.009326455
1913,-1.8,0.0,7.3846154,-0.017236724,-0.14642808,-0.005056114
1914,-1.8,0.5714286,7.3846154,-0.0062567755,-0.14648056,-0.003321959
1915,-1.8,1.1428572,7.3846154,-0.0074682077,-0.14906268,-0.0012911248
1916,-1.8,1.7142857,7.3846154,0.0006080544,-0.14640996,0.00074174337
1917,-1.8,2.2857144,7.3846154,-0.0018246202,-0.15197752,0.0026012585
1918,-1.8,2.857143,7.3846154,0.0064092577,-0.14429715,0.0044442485
1919,-1.8,3.4285715,7.3846154,0.005791301,-0.1547148,0.005794908
1920,-1.8,4.0,7.3846154,0.01846765,-0.14094198,0.0071447575
1921,-1.8,0.0,6.769231,-0.017336808,-0.14475773,-0.004121506
1922,-1.8,0.5714286,6.769231,-0.005992601,-0.14469184,-0.0025804832
1923,-1.8,1.1428572,6.769231,-0.0077889026,-0.14755385,-0.0009948573
1924,-1.8,1.7142857,6.769231,0.0009867849,-0.14455089,0.00061643665
1925,-1.8,2.2857144,6.769231,-0.002100161,-0.15073095,0.002227793
1926,-1.8,2.857143,6.769231,0.006962194,-0.14213537,0.0036465542
1927,-1.8,3.4285715,6.769231,0.0058731576,-0.15405402,0.005043507
1928,-1.8,4.0,6.769231,0.018800978,-0.1389487,0.0062310174
1929,-1.8,0.0,6.1538463,-0.017339464,-0.14357564,-0.002941452
1930,-1.8,0.5714286,6.1538463,-0.0059844116,-0.14347097,-0.001978082
1931,-1.8,1.1428572,6.1538463,-0.0077617243,-0.1464275,-0.0007693382
1932,-1.8,1.7142857,6.1538463,0.00090850843,-0.14340053,0.000470105
1933,-1.8,2.2857144,6.1538463,-0.002041723,-0.14959309,0.0017133814
1934,-1.8,2.857143,6.1538463,0.0068088067,-0.14111891,0.0028469411
1935,-1.8,3.4285715,6.1538463,0.0057585463,-0.15268452,0.003806003
1936,-1.8,4.0,6.1538463,0.018876446,-0.13792759,0.004704545
1937,-1.8,0.0,5.5384617,-0.017197873,-0.14271837,-0.0021346654
1938,-1.8,0.5714286,5.5384617,-0.0060124886,-0.14273082,-0.0014253164
1939,-1.8,1.1428572,5.5384617,-0.0077363644,-0.14561859,-0.0005805105
1940,-1.8,1.7142857,5.5384617,0.00086545816,-0.14271107,0.00028572427
1941,-1.8,2.2857144,5.5384617,-0.0020720544,-0.14881551,0.00116906
1942,-1.8,2.857143,5.5384617,0.006753613,-0.14043728,0.0019597367
1943,-1.8,3.4285715,5.5384617,0.0057995208,-0.1519468,0.0027414523
1944,-1.8,4.0,5.5384617,0.018612437,-0.13733983,0.0033147198
1945,-1.8,0.0,4.923077,-0.017202785,-0.14222613,-0.0012911697
1946,-1.8,0.5714286,4.923077,-0.0060118437,-0.14226344,-0.00092746195
1947,-1.8,1.1428572,4.923077,-0.00771817,-0.14515689,-0.00044208483
1948,-1.8,1.7142857,4.923077,0.00080738676,-0.14228845,7.6105636e-05
1949,-1.8,2.2857144,4.923077,-0.002066046,-0.14835387,0.0006063182
1950,-1.8,2.857143,4.923077,0.006637464,-0.14008024,0.0010899735
1951,-1.8,3.4285715,4.923077,0.005731913,-0.15141933,0.0014612471
1952,-1.8,4.0,4.923077,0.018695112,-0.13698317,0.0017763532
1953,-1.8,0.0,4.3076925,-0.01717545,-0.14198342,-0.00062560785
1954,-1.8,0.5714286,4.3076925,-0.0060225492,-0.14205313,-0.00048377336
1955,-1.8,1.1428572,4.3076925,-0.007725032,-0.14493707,-0.00031699523
1956,-1.8,1.7142857,4.3076925,0.0007878014,-0.14209425,-0.00014525047
1957,-1.8,2.2857144,4.3076925,-0.0020987492,-0.14814918,2.5672243e-05
1958,-1.8,2.857143,4.3076925,0.006608156,-0.13989185,0.00017895813
1959,-1.8,3.4285715,4.3076925,0.005714477,-0.1512233,0.0003666373
1960,-1.8,4.0,4.3076925,0.018587733,-0.1368027,0.0004899833
1961,-1.8,0.0,3.6923077,-0.017192109,-0.14198335,0.0001014997
1962,-1.8,0.5714286,3.6923077,-0.0060388786,-0.14205302,-3.904546e-05
1963,-1.8,1.1428572,3.6923077,-0.0077415057,-0.14493687,-0.00020714616
1964,-1.8,1.7142857,3.6923077,0.00077148987,-0.14209412,-0.0003779327
1965,-1.8,2.2857144,3.6923077,-0.0021152832,-0.14814898,-0.00054981397
1966,-1.8,2.857143,3.6923077,0.00659187,-0.13989156,-0.00070237304
1967,-1.8,3.4285715,3.6923077,0.005697911,-0.15122323,-0.0008906806
1968,-1.8,4.0,3.6923077,0.018571382,-0.13680243,-0.0010134325
1969,-1.8,0.0,3.0769231,-0.017251784,-0.14222562,0.00076819217
1970,-1.8,0.5714286,3.0769231,-0.0060609276,-0.14226316,0.0004037985
1971,-1.8,1.1428572,3.0769231,-0.007767431,-0.14515637,-8.136402e-05
1972,-1.8,1.7142857,3.0769231,0.0007582252,-0.14228803,-0.0005998234
1973,-1.8,2.2857144,3.0769231,-0.0021153812,-0.14835326,-0.001129977
1974,-1.8,2.857143,3.0769231,0.006588294,-0.14007959,-0.0016137387
1975,-1.8,3.4285715,3.0769231,0.005682599,-0.1514188,-0.00198491
1976,-1.8,4.0,3.0769231,0.018645823,-0.13698213,-0.0023001505
1977,-1.8,0.0,2.4615386,-0.017280025,-0.14271744,0.0016112982
1978,-1.8,0.5714286,2.4615386,-0.0060944636,-0.1427304,0.0009017072
1979,-1.8,1.1428572,2.4615386,-0.0078183375,-0.14561768,5.7164412e-05
1980,-1.8,1.7142857,2.4615386,0.0007834172,-0.14271043,-0.00080954307
1981,-1.8,2.2857144,2.4615386,-0.0021542043,-0.1488145,-0.0016925059
1982,-1.8,2.857143,2.4615386,0.0066716075,-0.14043613,-0.0024835998
1983,-1.8,3.4285715,2.4615386,0.0057173236,-0.15194619,-0.0032648537
1984,-1.8,4.0,2.4615386,0.01853016,-0.1373383,-0.003838597
1985,-1.8,0.0,1.8461539,-0.017454008,-0.14357448,0.0024184121
1986,-1.8,0.5714286,1.8461539,-0.0060990634,-0.14347035,0.0014545063
1987,-1.8,1.1428572,1.8461539,-0.007876605,-0.14642628,0.0002459093
1988,-1.8,1.7142857,1.8461539,0.0007937418,-0.14339967,-0.0009937558
1989,-1.8,2.2857144,1.8461539,-0.0021568218,-0.14959173,-0.0022368652
1990,-1.8,2.857143,1.8461539,0.006694042,-0.14111745,-0.0033705875
1991,-1.8,3.4285715,1.8461539,0.0056434106,-0.15268363,-0.0043294523
1992,-1.8,4.0,1.8461539,0.018761437,-0.13792524,-0.0052283364
1993,-1.8,0.0,1.2307693,-0.01748456,-0.14475618,0.003598215
1994,-1.8,0.5714286,1.2307693,-0.006140091,-0.14469105,0.002056867
1995,-1.8,1.1428572,1.2307693,-0.007936529,-0.1475524,0.0004715557
1996,-1.8,1.7142857,1.2307693,0.00083915086,-0.14454971,-0.001140142
1997,-1.8,2.2857144,1.2307693,-0.0022480707,-0.15072949,-0.0027510722
1998,-1.8,2.857143,1.2307693,0.0068145506,-0.14213331,-0.0041701924
1999,-1.8,3.4285715,1.2307693,0.005725118,-0.15405326,-0.00556672
2000,-1.8,4.0,1.2307693,0.018652802,-0.13894592,-0.00675456
2001,-1.8,0.0,0.61538464,-0.017416578,-0.14642633,0.004533093
2002,-1.8,0.5714286,0.61538464,-0.006437211,-0.1464797,0.0027983726
2003,-1.8,1.1428572,0.61538464,-0.007648458,-0.14906083,0.00076779345
2004,-1.8,1.7142857,0.61538464,0.00042737724,-0.14640875,-0.0012653233
2005,-1.8,2.2857144,0.61538464,-0.0020051636,-0.15197556,-0.0031245016
2006,-1.8,2.857143,0.61538464,0.0062284414,-0.14429516,-0.0049676606
2007,-1.8,3.4285715,0.61538464,0.005610606,-0.15471327,-0.0063180816
2008,-1.8,4.0,0.61538464,0.018286385,-0.14093907,-0.0076686814
2009,-1.8,0.0,0.0,-0.017067984,-0.14872459,0.0062499554
2010,-1.8,0.5714286,0.0,-0.006678768,-0.14883144,0.0033608829
2011,-1.8,1.1428572,0.0,-0.0076732994,-0.15118816,0.0011446999
2012,-1.8,1.7142857,0.0,-0.00027430494,-0.14883976,-0.0012474863
2013,-1.8,2.2857144,0.0,-0.0025572295,-0.1536996,-0.0036184888
2014,-1.8,2.857143,0.0,0.0049870345,-0.14671144,-0.0051950123
2015,-1.8,3.4285715,0.0,0.004851441,-0.15568924,-0.0075706323
2016,-1.8,4.0,0.0,0.016663382,-0.14401186,-0.009849608
2017,-1.2,0.0,8.0,-0.008228173,-0.15554793,-0.006514113
2018,-1.2,0.5714286,8.0,-0.007954208,-0.15711485,-0.004141725
2019,-1.2,1.1428572,8.0,-0.0015126503,-0.15649024,-0.0010941917
2020,-1.2,1.7142857,8.0,-0.0040847673,-0.16045229,0.0014752586
2021,-1.2,2.2857144,8.0,0.0020975727,-0.1567094,0.004344884
2022,-1.2,2.857143,8.0,-0.0014833402,-0.1650151,0.0070219077
2023,-1.2,3.4285715,8.0,0.0063421996,-0.15306258,0.008204744
2024,-1.2,4.0,8.0,0.0089386795,-0.16648635,0.009816039
2025,-1.2,0.0,7.3846154,-0.0079837,-0.15293577,-0.0054599596
2026,-1.2,0.5714286,7.3846154,-0.008136013,-0.15464072,-0.0032099106
2027,-1.2,1.1428572,7.3846154,-0.0011046213,-0.15381013,-0.0009834263
2028,-1.2,1.7142857,7.3846154,-0.0037987495,-0.15813994,0.0013621983
2029,-1.2,2.2857144,7.3846154,0.0030412409,-0.15384448,0.0037381975
2030,-1.2,2.857143,7.3846154,-0.00043877828,-0.16334267,0.0058556707
2031,-1.2,3.4285715,7.3846154,0.008215113,-0.15021828,0.007816708
2032,-1.2,4.0,7.3846154,0.009718011,-0.16657452,0.009143557
2033,-1.2,0.0,6.769231,-0.0077683176,-0.15109812,-0.004036442
2034,-1.2,0.5714286,6.769231,-0.008390969,-0.15293513,-0.0025540504
2035,-1.2,1.1428572,6.769231,-0.00085778924,-0.15188785,-0.0007619931
2036,-1.2,1.7142857,6.769231,-0.004115429,-0.15666169,0.0011204324
2037,-1.2,2.2857144,6.769231,0.003397822,-0.15181711,0.003013828
2038,-1.2,2.857143,6.769231,-0.00094234035,-0.16224125,0.0048135184
2039,-1.2,3.4285715,6.769231,0.008535775,-0.14742593,0.0062378845
2040,-1.2,4.0,6.769231,0.010014661,-0.16584493,0.007763802
2041,-1.2,0.0,6.1538463,-0.007681012,-0.14978625,-0.003082951
2042,-1.2,0.5714286,6.1538463,-0.008366654,-0.15175125,-0.0019139688
2043,-1.2,1.1428572,6.1538463,-0.00090601586,-0.15070117,-0.0005978392
2044,-1.2,1.7142857,6.1538463,-0.004083687,-0.15555294,0.00084875256
2045,-1.2,2.2857144,6.1538463,0.0032847885,-0.15076059,0.0022691202
2046,-1.2,2.857143,6.1538463,-0.0008547274,-0.1611364,0.0036381076
2047,-1.2,3.4285715,6.1538463,0.008343332,-0.14662534,0.004850023
2048,-1.2,4.0,6.1538463,0.009407596,-0.16450559,0.0057054143
2049,-1.2,0.0,5.5384617,-0.0077471235,-0.14900722,-0.002067578
2050,-1.2,0.5714286,5.5384617,-0.0083278315,-0.15095298,-0.0013724306
2051,-1.2,1.1428572,5.5384617,-0.000937042,-0.15000458,-0.0004797329
2052,-1.2,1.7142857,5.5384617,-0.004111985,-0.1548084,0.0005469379
2053,-1.2,2.2857144,5.5384617,0.0032485125,-0.15016207,0.0015387969
2054,-1.2,2.857143,5.5384617,-0.00097015506,-0.1604786,0.002532395
2055,-1.2,3.4285715,5.5384617,0.008236211,-0.14610514,0.0032289708
2056,-1.2,4.0,5.5384617,0.009931046,-0.16374984,0.003780783
2057,-1.2,0.0,4.923077,-0.0077213496,-0.14851725,-0.0013477076
2058,-1.2,0.5714286,4.923077,-0.008313456,-0.15049599,-0.00091268437
2059,-1.2,1.1428572,4.923077,-0.00097096805,-0.14959575,-0.00037294978
2060,-1.2,1.7142857,4.923077,-0.0041078036,-0.15438926,0.00021627545
2061,-1.2,2.2857144,4.923077,0.0031640152,-0.1498326,0.00081960094
2062,-1.2,2.857143,4.923077,-0.0009689243,-0.1600969,0.0013640102
2063,-1.2,3.4285715,4.923077,0.008114244,-0.14587021,0.0018707373
2064,-1.2,4.0,4.923077,0.009624155,-0.16326137,0.002223815
2065,-1.2,0.0,4.3076925,-0.0077521456,-0.14830281,-0.000588511
2066,-1.2,0.5714286,4.3076925,-0.008314099,-0.15028547,-0.0004767673
2067,-1.2,1.1428572,4.3076925,-0.0009858736,-0.1494097,-0.0003145191
2068,-1.2,1.7142857,4.3076925,-0.0041328254,-0.1542035,-0.000106696825
2069,-1.2,2.2857144,4.3076925,0.0031435932,-0.14967832,8.0500875e-05
2070,-1.2,2.857143,4.3076925,-0.0010229548,-0.15993887,0.00029018134
2071,-1.2,3.4285715,4.3076925,0.0080752345,-0.14573196,0.00037150638
2072,-1.2,4.0,4.3076925,0.00977549,-0.16307017,0.00042684664
2073,-1.2,0.0,3.6923077,-0.007768098,-0.1483026,3.417172e-05
2074,-1.2,0.5714286,3.6923077,-0.008330625,-0.15028533,-7.978795e-05
2075,-1.2,1.1428572,3.6923077,-0.001002138,-0.1494096,-0.00024029969
2076,-1.2,1.7142857,3.6923077,-0.0041493904,-0.15420334,-0.00044965674
2077,-1.2,2.2857144,3.6923077,0.003127322,-0.14967808,-0.00063575874
2078,-1.2,2.857143,3.6923077,-0.0010395672,-0.15993866,-0.0008464608
2079,-1.2,3.4285715,3.6923077,0.008059065,-0.14573142,-0.000926907
2080,-1.2,4.0,3.6923077,0.009758777,-0.16307001,-0.0009828644
2081,-1.2,0.0,3.0769231,-0.007770859,-0.14851703,0.00079167314
2082,-1.2,0.5714286,3.0769231,-0.008362613,-0.15049557,0.0003573888
2083,-1.2,1.1428572,3.0769231,-0.0010201721,-0.14959544,-0.00018281852
2084,-1.2,1.7142857,3.0769231,-0.0041570733,-0.15438874,-0.00077186717
2085,-1.2,2.2857144,3.0769231,0.0031147636,-0.14983205,-0.0013754041
2086,-1.2,2.857143,3.0769231,-0.0010183101,-0.16009603,-0.0019197768
2087,-1.2,3.4285715,3.0769231,0.008065175,-0.14586896,-0.0024265305
2088,-1.2,4.0,3.0769231,0.009574759,-0.163261,-0.0027793553
2089,-1.2,0.0,2.4615386,-0.00782887,-0.14900693,0.0015122172
2090,-1.2,0.5714286,2.4615386,-0.008409723,-0.15095223,0.0008169722
2091,-1.2,1.1428572,2.4615386,-0.0010191677,-0.15000409,-7.604962e-05
2092,-1.2,1.7142857,2.4615386,-0.004193981,-0.15480751,-0.0011023801
2093,-1.2,2.2857144,2.4615386,0.0031663186,-0.15016119,-0.002094678
2094,-1.2,2.857143,2.4615386,-0.0010524058,-0.16047724,-0.0030879024
2095,-1.2,3.4285715,2.4615386,0.008154477,-0.14610285,-0.003784837
2096,-1.2,4.0,2.4615386,0.009848569,-0.16374908,-0.0043361215
2097,-1.2,0.0,1.8461539,-0.007796196,-0.14978571,0.0025271573
2098,-1.2,0.5714286,1.8461539,-0.008481364,-0.15175025,0.0013585218
2099,-1.2,1.1428572,1.8461539,-0.0010208791,-0.15070048,4.218547e-05
2100,-1.2,1.7142857,1.8461539,-0.004198608,-0.15555172,-0.001404284
2101,-1.2,2.2857144,1.8461539,0.003169832,-0.15075946,-0.0028247803
2102,-1.2,2.857143,1.8461539,-0.0009700021,-0.16113453,-0.0041935737
2103,-1.2,3.4285715,1.8461539,0.008228867,-0.14662242,-0.005405529
2104,-1.2,4.0,1.8461539,0.009292108,-0.16450517,-0.0062607517
2105,-1.2,0.0,1.2307693,-0.007915631,-0.15109754,0.003480966
2106,-1.2,0.5714286,1.2307693,-0.008538437,-0.1529339,0.0019986327
2107,-1.2,1.1428572,1.2307693,-0.0010055429,-0.1518869,0.00020625725
2108,-1.2,1.7142857,1.2307693,-0.004263103,-0.15666036,-0.0016757819
2109,-1.2,2.2857144,1.2307693,0.003249933,-0.15181546,-0.0035695152
2110,-1.2,2.857143,1.2307693,-0.0010904352,-0.16223945,-0.0053686355
2111,-1.2,3.4285715,1.2307693,0.008388437,-0.14742216,-0.0067933123
2112,-1.2,4.0,1.2307693,0.009866279,-0.1658442,-0.008318932
2113,-1.2,0.0,0.61538464,-0.008164573,-0.15293492,0.0049041663
2114,-1.2,0.5714286,0.61538464,-0.008316145,-0.1546392,0.0026544891
2115,-1.2,1.1428572,0.61538464,-0.0012852553,-0.15380913,0.0004277744
2116,-1.2,1.7142857,0.61538464,-0.003979187,-0.1581382,-0.0019175243
2117,-1.2,2.2857144,0.61538464,0.0028603573,-0.1538428,-0.004293692
2118,-1.2,2.857143,0.61538464,-0.00061965047,-0.16334035,-0.00641067
2119,-1.2,3.4285715,0.61538464,0.008034458,-0.15021458,-0.008371668
2120,-1.2,4.0,0.61538464,0.009536564,-0.16657339,-0.009697925
2121,-1.2,0.0,0.0,-0.008441543,-0.1555471,0.0059586293
2122,-1.2,0.5714286,0.0,-0.008166601,-0.157113,0.0035863665
2123,-1.2,1.1428572,0.0,-0.001726635,-0.15648916,0.00053848536
2124,-1.2,1.7142857,0.0,-0.0042974656,-0.16045007,-0.0020303435
2125,-1.2,2.2857144,0.0,0.0018832247,-0.15670787,-0.004900315
2126,-1.2,2.857143,0.0,-0.0016965307,-0.16501163,-0.0075764423
2127,-1.2,3.4285715,0.0,0.0061284066,-0.15305956,-0.00875932
2128,-1.2,4.0,0.0,0.008725141,-0.1664832,-0.010371329
2129,-0.6,0.0,8.0,-0.0062759407,-0.15963127,-0.0070245555
2130,-0.6,0.5714286,8.0,-0.0017698881,-0.16090216,-0.0037006456
2131,-0.6,1.1428572,8.0,-0.003104717,-0.16362165,-0.0011059223
2132,-0.6,1.7142857,8.0,0.00046851308,-0.16223621,0.002561839
2133,-0.6,2.2857144,8.0,-0.0020772137,-0.1689706,0.005422125
2134,-0.6,2.857143,8.0,0.002615395,-0.16412129,0.009217956
2135,-0.6,3.4285715,8.0,-0.0024483367,-0.17945084,0.013051844
2136,-0.6,4.0,8.0,0.008438335,-0.15950163,0.01365868
2137,-0.6,0.0,7.3846154,-0.006471717,-0.1569539,-0.0053511416
2138,-0.6,0.5714286,7.3846154,-0.0016352806,-0.15811104,-0.0032449798
2139,-0.6,1.1428572,7.3846154,-0.0030812125,-0.16094953,-0.0006504093
2140,-0.6,1.7142857,7.3846154,0.0008793492,-0.15919515,0.001894291
2141,-0.6,2.2857144,7.3846154,-0.001650655,-0.16645654,0.0046834648
2142,-0.6,2.857143,7.3846154,0.0035535134,-0.16055085,0.007607124
2143,-0.6,3.4285715,7.3846154,-0.00084704766,-0.17785287,0.009894083
2144,-0.6,4.0,7.3846154,0.011775063,-0.15538384,0.012897757
2145,-0.6,0.0,6.769231,-0.0065026637,-0.15499558,-0.0042157746
2146,-0.6,0.5714286,6.769231,-0.0015259429,-0.15613869,-0.002461383
2147,-0.6,1.1428572,6.769231,-0.0032561515,-0.15931953,-0.00058244134
2148,-0.6,1.7142857,6.769231,0.0010295545,-0.15718824,0.0015571225
2149,-0.6,2.2857144,6.769231,-0.0019503927,-0.16515224,0.0036847722
2150,-0.6,2.857143,6.769231,0.0037388238,-0.1585798,0.005868061
2151,-0.6,3.4285715,6.769231,-0.0017964719,-0.17733888,0.007895844
2152,-0.6,4.0,6.769231,0.01043685,-0.15199359,0.009046007
2153,-0.6,0.0,6.1538463,-0.0065514073,-0.15376952,-0.0029255138
2154,-0.6,0.5714286,6.1538463,-0.0015205548,-0.15493038,-0.0019095207
2155,-0.6,1.1428572,6.1538463,-0.0032654803,-0.15816475,-0.00041865188
2156,-0.6,1.7142857,6.1538463,0.0009874103,-0.15611094,0.0011080217
2157,-0.6,2.2857144,6.1538463,-0.001922218,-0.16419399,0.0028042882
2158,-0.6,2.857143,6.1538463,0.003644482,-0.15776864,0.004339945
2159,-0.6,3.4285715,6.1538463,-0.0016816101,-0.17658935,0.0057190326
2160,-0.6,4.0,6.1538463,0.0114002675,-0.15186702,0.0063310363
2161,-0.6,0.0,5.5384617,-0.006492897,-0.15294068,-0.0021377257
2162,-0.6,0.5714286,5.5384617,-0.0015513588,-0.15419565,-0.001344154
2163,-0.6,1.1428572,5.5384617,-0.003268192,-0.15743905,-0.0003703359
2164,-0.6,1.7142857,5.5384617,0.0009565057,-0.15551892,0.0007390871
2165,-0.6,2.2857144,5.5384617,-0.0019910696,-0.16357754,0.0018613898
2166,-0.6,2.857143,5.5384617,0.0036228353,-0.15742373,0.002949832
2167,-0.6,3.4285715,5.5384617,-0.0019049463,-0.17616998,0.0038933828
2168,-0.6,4.0,5.5384617,0.010808934,-0.15181898,0.0044266772
2169,-0.6,0.0,4.923077,-0.0065242755,-0.15247957,-0.0012466038
2170,-0.6,0.5714286,4.923077,-0.0015578178,-0.15378882,-0.00091176736
2171,-0.6,1.1428572,4.923077,-0.0032768247,-0.15702462,-0.00030945975
2172,-0.6,1.7142857,4.923077,0.0009182208,-0.15519628,0.00030917735
2173,-0.6,2.2857144,4.923077,-0.0019951384,-0.16324957,0.0010043493
2174,-0.6,2.857143,4.923077,0.003546176,-0.15724888,0.0016250119
2175,-0.6,3.4285715,4.923077,-0.0019160956,-0.17597504,0.0020899011
2176,-0.6,4.0,4.923077,0.0111563625,-0.15181665,0.002196116
2177,-0.6,0.0,4.3076925,-0.00652096,-0.15225998,-0.0006689669
2178,-0.6,0.5714286,4.3076925,-0.00157484,-0.15359865,-0.0004772104
2179,-0.6,1.1428572,4.3076925,-0.0032908334,-0.15684804,-0.00031079934
2180,-0.6,1.7142857,4.3076925,0.0009003032,-0.15504749,-7.834965e-05
2181,-0.6,2.2857144,4.3076925,-0.0020306169,-0.16311726,0.000128471
2182,-0.6,2.857143,4.3076925,0.0035299608,-0.15716782,0.00032723483
2183,-0.6,3.4285715,4.3076925,-0.0019805497,-0.17587067,0.00053544797
2184,-0.6,4.0,4.3076925,0.0109859025,-0.1517967,0.0007364099
2185,-0.6,0.0,3.6923077,-0.0065380344,-0.15226007,7.955511e-05
2186,-0.6,0.5714286,3.6923077,-0.0015909107,-0.15359856,-0.00010886066
2187,-0.6,1.1428572,3.6923077,-0.0033074883,-0.156848,-0.0002780125
2188,-0.6,1.7142857,3.6923077,0.00088407024,-0.15504733,-0.0005084735
2189,-0.6,2.2857144,3.6923077,-0.0020472181,-0.16311719,-0.0007168728
2190,-0.6,2.857143,3.6923077,0.0035136403,-0.15716748,-0.000914459
2191,-0.6,3.4285715,3.6923077,-0.0019971386,-0.17587043,-0.001123742
2192,-0.6,4.0,3.6923077,0.010969847,-0.15179563,-0.0013235221
2193,-0.6,0.0,3.0769231,-0.0065728906,-0.15247929,0.00065987324
2194,-0.6,0.5714286,3.0769231,-0.0016071479,-0.15378869,0.0003237899
2195,-0.6,1.1428572,3.0769231,-0.0033259783,-0.15702432,-0.00027797424
2196,-0.6,1.7142857,3.0769231,0.0008688837,-0.15519601,-0.0008969836
2197,-0.6,2.2857144,3.0769231,-0.0020444053,-0.16324905,-0.0015919643
2198,-0.6,2.857143,3.0769231,0.0034967228,-0.15724826,-0.0022128082
2199,-0.6,3.4285715,3.0769231,-0.0019653593,-0.17597379,-0.0026776749
2200,-0.6,4.0,3.0769231,0.01110716,-0.15181352,-0.0027837264
2201,-0.6,0.0,2.4615386,-0.0065752603,-0.1529401,0.001549791
2202,-0.6,0.5714286,2.4615386,-0.0016335382,-0.15419534,0.00075657805
2203,-0.6,1.1428572,2.4615386,-0.0033499647,-0.15743853,-0.00021722645
2204,-0.6,1.7142857,2.4615386,0.0008740531,-0.15551846,-0.0013268659
2205,-0.6,2.2857144,2.4615386,-0.0020729285,-0.16357675,-0.0024489001
2206,-0.6,2.857143,2.4615386,0.0035401667,-0.15742266,-0.0035376027
2207,-0.6,3.4285715,2.4615386,-0.0019869371,-0.17616796,-0.004481036
2208,-0.6,4.0,2.4615386,0.010727314,-0.15181364,-0.0050142678
2209,-0.6,0.0,1.8461539,-0.0066656386,-0.15376882,0.0023381643
2210,-0.6,0.5714286,1.8461539,-0.0016355676,-0.15492988,0.0013217657
2211,-0.6,1.1428572,1.8461539,-0.0033801792,-0.158164,-0.00016893627
2212,-0.6,1.7142857,1.8461539,0.0008722488,-0.15611033,-0.0016956847
2213,-0.6,2.2857144,1.8461539,-0.0020370902,-0.16419284,-0.0033918435
2214,-0.6,2.857143,1.8461539,0.0035289777,-0.1577674,-0.00492752
2215,-0.6,3.4285715,1.8461539,-0.0017965429,-0.1765866,-0.0063064266
2216,-0.6,4.0,1.8461539,0.011285567,-0.15185887,-0.006918496
2217,-0.6,0.0,1.2307693,-0.006650462,-0.15499459,0.0036279918
2218,-0.6,0.5714286,1.2307693,-0.0016738665,-0.15613802,0.0018736654
2219,-0.6,1.1428572,1.2307693,-0.0034034108,-0.15931869,-5.102898e-06
2220,-0.6,1.7142857,1.2307693,0.0008812498,-0.15718725,-0.0021448121
2221,-0.6,2.2857144,1.2307693,-0.0020978611,-0.16515113,-0.0042721727
2222,-0.6,2.857143,1.2307693,0.003590167,-0.15857784,-0.006455692
2223,-0.6,3.4285715,1.2307693,-0.0019442689,-0.17733647,-0.008482554
2224,-0.6,4.0,1.2307693,0.010289568,-0.15198539,-0.0096334005
2225,-0.6,0.0,0.61538464,-0.0066514756,-0.15695281,0.004763705
2226,-0.6,0.5714286,0.61538464,-0.0018159351,-0.15811029,0.0026572046
2227,-0.6,1.1428572,0.61538464,-0.0032614667,-0.16094838,6.289245e-05
2228,-0.6,1.7142857,0.61538464,0.00069844065,-0.15919416,-0.002481934
2229,-0.6,2.2857144,0.61538464,-0.0018312813,-0.16645502,-0.0052707572
2230,-0.6,2.857143,0.61538464,0.003372205,-0.16054875,-0.008194523
2231,-0.6,3.4285715,0.61538464,-0.0010278774,-0.17785016,-0.010480779
2232,-0.6,4.0,0.61538464,0.011594046,-0.15537502,-0.013484372
2233,-0.6,0.0,0.0,-0.0064887423,-0.15963002,0.0064368146
2234,-0.6,0.5714286,0.0,-0.0019838251,-0.16090128,0.003112817
2235,-0.6,1.1428572,0.0,-0.0033170811,-0.16362026,0.000518569
2236,-0.6,1.7142857,0.0,0.0002538807,-0.16223522,-0.003149551
2237,-0.6,2.2857144,0.0,-0.0022898854,-0.16896841,-0.006009034
2238,-0.6,2.857143,0.0,0.0023998918,-0.16411974,-0.00980531
2239,-0.6,3.4285715,0.0,-0.0026613704,-0.17944548,-0.013637569
2240,-0.6,4.0,0.0,0.008223807,-0.15949439,-0.014242687
2241,0.0,0.0,8.0,0.00011358593,-0.16218992,-0.0067517827
2242,0.0,0.5714286,8.0,0.000113214584,-0.16342665,-0.0043067136
2243,0.0,1.1428572,8.0,0.000113885086,-0.16321202,-0.0002783165
2244,0.0,1.7142857,8.0,0.000113354436,-0.16786657,0.002117343
2245,0.0,2.2857144,8.0,0.00011437732,-0.16568473,0.00677401
2246,0.0,2.857143,8.0,0.00011349728,-0.17641012,0.009531938
2247,0.0,3.4285715,8.0,0.00011528183,-0.1706722,0.015305913
2248,0.0,4.0,8.0,0.000113509035,-0.20353054,0.022723753
2249,0.0,0.0,7.3846154,9.768426e-05,-0.15949808,-0.0056985803
2250,0.0,0.5714286,7.3846154,9.6750824e-05,-0.16054626,-0.0029845543
2251,0.0,1.1428572,7.3846154,9.7517564e-05,-0.16031629,-0.0007942954
2252,0.0,1.7142857,7.3846154,9.687603e-05,-0.16506639,0.0023520272
2253,0.0,2.2857144,7.3846154,9.778678e-05,-0.16223903,0.0048931013
2254,0.0,2.857143,7.3846154,9.695998e-05,-0.17407395,0.008246576
2255,0.0,3.4285715,7.3846154,9.824942e-05,-0.16533913,0.011885971
2256,0.0,4.0,7.3846154,9.5968164e-05,-0.20456456,0.013350226
2257,0.0,0.0,6.769231,8.07588e-05,-0.15743117,-0.0039805807
2258,0.0,0.5714286,6.769231,8.0547215e-05,-0.15890071,-0.0025915564
2259,0.0,1.1428572,6.769231,8.0971455e-05,-0.15822218,-0.0003851891
2260,0.0,1.7142857,6.769231,8.055988e-05,-0.16361627,0.0015906891
2261,0.0,2.2857144,6.769231,8.12891e-05,-0.1602832,0.0040375316
2262,0.0,2.857143,6.769231,8.052921e-05,-0.17296533,0.0063475315
2263,0.0,3.4285715,6.769231,8.187422e-05,-0.1645411,0.008363609
2264,0.0,4.0,6.769231,7.9982514e-05,-0.20494153,0.00954667
2265,0.0,0.0,6.1538463,6.490753e-05,-0.15628968,-0.0031370483
2266,0.0,0.5714286,6.1538463,6.396409e-05,-0.15758327,-0.0018135167
2267,0.0,1.1428572,6.1538463,6.469871e-05,-0.15715022,-0.00043619465
2268,0.0,1.7142857,6.1538463,6.4025255e-05,-0.16253741,0.0012729306
2269,0.0,2.2857144,6.1538463,6.493009e-05,-0.1593148,0.0029558074
2270,0.0,2.857143,6.1538463,6.396019e-05,-0.17255308,0.004614868
2271,0.0,3.4285715,6.1538463,6.5492895e-05,-0.16346769,0.006215315
2272,0.0,4.0,6.1538463,6.294513e-05,-0.2050102,0.0069762543
2273,0.0,0.0,5.5384617,4.7665308e-05,-0.15537678,-0.0020308367
2274,0.0,0.5714286,5.5384617,4.8010035e-05,-0.15692343,-0.0013420482
2275,0.0,1.1428572,5.5384617,4.7906953e-05,-0.15644372,-0.0003563526
2276,0.0,1.7142857,5.5384617,4.796054e-05,-0.16188318,0.0008280299
2277,0.0,2.2857144,5.5384617,4.8117145e-05,-0.15898001,0.0019439353
2278,0.0,2.857143,5.5384617,4.7917554e-05,-0.17181791,0.003176154
2279,0.0,3.4285715,5.5384617,4.8464586e-05,-0.16390915,0.004039606
2280,0.0,4.0,5.5384617,4.7499776e-05,-0.20491056,0.0041931993
2281,0.0,0.0,4.923077,3.212006e-05,-0.15501095,-0.0013459345
2282,0.0,0.5714286,4.923077,3.1210348e-05,-0.15643181,-0.00091638917
2283,0.0,1.1428572,4.923077,3.1777534e-05,-0.15611511,-0.0002854206
2284,0.0,1.7142857,4.923077,3.133794e-05,-0.1615427,0.0003250504
2285,0.0,2.2857144,4.923077,3.179286e-05,-0.15866452,0.0010810948
2286,0.0,2.857143,4.923077,3.138575e-05,-0.17179877,0.0016840375
2287,0.0,3.4285715,4.923077,3.1944954e-05,-0.1636696,0.0022574516
2288,0.0,4.0,4.923077,3.0977866e-05,-0.20492533,0.002665182
2289,0.0,0.0,4.3076925,1.4473099e-05,-0.15476124,-0.000615877
2290,0.0,0.5714286,4.3076925,1.5477728e-05,-0.15627483,-0.00046804384
2291,0.0,1.1428572,4.3076925,1.4892544e-05,-0.15594001,-0.00034814503
2292,0.0,1.7142857,4.3076925,1.526911e-05,-0.16138217,-4.7923484e-05
2293,0.0,2.2857144,4.3076925,1.5051194e-05,-0.1586143,0.00010570522
2294,0.0,2.857143,4.3076925,1.518483e-05,-0.17161685,0.0003816873
2295,0.0,3.4285715,4.3076925,1.5170109e-05,-0.16377164,0.00050170184
2296,0.0,4.0,4.3076925,1.5122243e-05,-0.20491439,0.00036329962
2297,0.0,0.0,3.6923077,2.6936436e-35,-0.1547613,-1.1909744e-36
2298,0.0,0.5714286,3.6923077,-2.0207694e-06,-0.15627499,-0.00015379481
2299,0.0,1.1428572,3.6923077,-7.5007347e-07,-0.15593992,-0.00026999688
2300,0.0,1.7142857,3.6923077,-1.7370555e-06,-0.16138214,-0.0005728836
2301,0.0,2.2857144,3.6923077,-9.54939e-07,-0.1586143,-0.00072434207
2302,0.0,2.857143,3.6923077,-1.638145e-06,-0.1716168,-0.0010019506
2303,0.0,3.4285715,3.6923077,-1.0196915e-06,-0.16377136,-0.0011205276
2304,0.0,4.0,3.6923077,-1.7042748e-06,-0.20491438,-0.000983227
2305,0.0,0.0,3.0769231,-1.8548139e-05,-0.15501085,0.00072510855
2306,0.0,0.5714286,3.0769231,-1.721503e-05,-0.15643188,0.00029758003
2307,0.0,1.1428572,3.0769231,-1.804175e-05,-0.156115,-0.00033474417
2308,0.0,1.7142857,3.0769231,-1.7487555e-05,-0.1615427,-0.0009443886
2309,0.0,2.2857144,3.0769231,-1.7974684e-05,-0.15866427,-0.0017008545
2310,0.0,2.857143,3.0769231,-1.7585995e-05,-0.17179883,-0.0023034092
2311,0.0,3.4285715,3.0769231,-1.8079016e-05,-0.16366935,-0.0028768252
2312,0.0,4.0,3.0769231,-1.7261724e-05,-0.20492496,-0.003284552
2313,0.0,0.0,2.4615386,-3.361159e-05,-0.15537658,0.0014117038
2314,0.0,0.5714286,2.4615386,-3.4257613e-05,-0.15692316,0.000721992
2315,0.0,1.1428572,2.4615386,-3.409837e-05,-0.15644367,-0.00026305893
2316,0.0,1.7142857,2.4615386,-3.4096494e-05,-0.16188286,-0.0014478763
2317,0.0,2.2857144,2.4615386,-3.4381213e-05,-0.15898006,-0.002563306
2318,0.0,2.857143,2.4615386,-3.3979915e-05,-0.17181744,-0.0037958317
2319,0.0,3.4285715,2.4615386,-3.479057e-05,-0.1639094,-0.004658823
2320,0.0,4.0,2.4615386,-3.3575347e-05,-0.20491035,-0.0048126206
2321,0.0,0.0,1.8461539,-5.1159408e-05,-0.1562894,0.0025168706
2322,0.0,0.5714286,1.8461539,-5.017551e-05,-0.15758303,0.0011939481
2323,0.0,1.1428572,1.8461539,-5.0791085e-05,-0.1571499,-0.00018363654
2324,0.0,1.7142857,1.8461539,-5.0363582e-05,-0.1625372,-0.0018924183
2325,0.0,2.2857144,1.8461539,-5.0915052e-05,-0.15931444,-0.003575621
2326,0.0,2.857143,1.8461539,-5.0409155e-05,-0.17255306,-0.005234061
2327,0.0,3.4285715,1.8461539,-5.12963e-05,-0.16346718,-0.0068350113
2328,0.0,4.0,1.8461539,-4.976075e-05,-0.20501037,-0.007595322
2329,0.0,0.0,1.2307693,-6.657821e-05,-0.15743074,0.0033609704
2330,0.0,0.5714286,1.2307693,-6.6937275e-05,-0.15890034,0.0019716958
2331,0.0,1.1428572,1.2307693,-6.700247e-05,-0.15822172,-0.00023444022
2332,0.0,1.7142857,1.2307693,-6.6906585e-05,-0.16361596,-0.0022104601
2333,0.0,2.2857144,1.2307693,-6.7294466e-05,-0.16028264,-0.004656959
2334,0.0,2.857143,1.2307693,-6.69393e-05,-0.17296499,-0.006967404
2335,0.0,3.4285715,1.2307693,-6.771929e-05,-0.16454105,-0.008982577
2336,0.0,4.0,1.2307693,-6.674115e-05,-0.20494044,-0.010166027
2337,0.0,0.0,0.61538464,-8.3963685e-05,-0.1594977,0.005078586
2338,0.0,0.5714286,0.61538464,-8.292815e-05,-0.16054577,0.0023647875
2339,0.0,1.1428572,0.61538464,-8.366955e-05,-0.16031577,0.00017459008
2340,0.0,1.7142857,0.61538464,-8.31324e-05,-0.16506588,-0.0029717078
2341,0.0,2.2857144,0.61538464,-8.390595e-05,-0.16223834,-0.00551266
2342,0.0,2.857143,0.61538464,-8.323752e-05,-0.1740736,-0.008866224
2343,0.0,3.4285715,0.61538464,-8.435093e-05,-0.1653371,-0.012505363
2344,0.0,4.0,0.61538464,-8.248739e-05,-0.20456804,-0.013969497
2345,0.0,0.0,0.0,-9.9505065e-05,-0.16218913,0.006131826
2346,0.0,0.5714286,0.0,-9.951056e-05,-0.1634261,0.003687132
2347,0.0,1.1428572,0.0,-0.00010001117,-0.1632115,-0.00034163255
2348,0.0,1.7142857,0.0,-9.959191e-05,-0.16786575,-0.0027366583
2349,0.0,2.2857144,0.0,-0.0001004743,-0.16568443,-0.007394117
2350,0.0,2.857143,0.0,-9.973785e-05,-0.17640834,-0.010150478
2351,0.0,3.4285715,0.0,-0.00010130907,-0.17067331,-0.015927104
2352,0.0,4.0,0.0,-9.986076e-05,-0.20352069,-0.023339577
2353,0.6,0.0,8.0,0.006502648,-0.1596304,-0.0070568244
2354,0.6,0.5714286,8.0,0.0019974783,-0.16090178,-0.003732565
2355,0.6,1.1428572,8.0,0.0033311367,-0.16362078,-0.0011382962
2356,0.6,1.7142857,8.0,-0.00024036066,-0.1622356,0.002529877
2357,0.6,2.2857144,8.0,0.0023040983,-0.16896921,0.005389455
2358,0.6,2.857143,8.0,-0.0023865139,-0.16411975,0.009185594
2359,0.6,3.4285715,8.0,0.0026758038,-0.17944765,0.013018285
2360,0.6,4.0,8.0,-0.008210595,-0.15949206,0.013623296
2361,0.6,0.0,7.3846154,0.006665378,-0.15695317,-0.0053832904
2362,0.6,0.5714286,7.3846154,0.001829861,-0.15811072,-0.0032771272
2363,0.6,1.1428572,7.3846154,0.0032751095,-0.16094878,-0.00068247353
2364,0.6,1.7142857,7.3846154,-0.00068441546,-0.15919459,0.0018621028
2365,0.6,2.2857144,7.3846154,0.0018448512,-0.16645543,0.0046513095
2366,0.6,2.857143,7.3846154,-0.0033581224,-0.16054928,0.0075747115
2367,0.6,3.4285715,7.3846154,0.0010414461,-0.17785022,0.009861291
2368,0.6,4.0,7.3846154,-0.011580404,-0.15537624,0.012865292
2369,0.6,0.0,6.769231,0.0066640233,-0.15499492,-0.0042480794
2370,0.6,0.5714286,6.769231,0.0016878829,-0.15613838,-0.0024933177
2371,0.6,1.1428572,6.769231,0.0034170793,-0.1593189,-0.0006147092
2372,0.6,1.7142857,6.769231,-0.0008673022,-0.15718773,0.0015252643
2373,0.6,2.2857144,6.769231,0.0021115178,-0.16515115,0.0036523922
2374,0.6,2.857143,6.769231,-0.0035761488,-0.15857843,0.005836296
2375,0.6,3.4285715,6.769231,0.0019577353,-0.17733575,0.007862945
2376,0.6,4.0,6.769231,-0.010275625,-0.151985,0.009014318
2377,0.6,0.0,6.1538463,0.0066795982,-0.15376894,-0.002957752
2378,0.6,0.5714286,6.1538463,0.0016494289,-0.15493013,-0.0019415774
2379,0.6,1.1428572,6.1538463,0.003393903,-0.15816419,-0.0004507399
2380,0.6,1.7142857,6.1538463,-0.00085832056,-0.15611051,0.0010760169
2381,0.6,2.2857144,6.1538463,0.0020507881,-0.16419305,0.0027722695
2382,0.6,2.857143,6.1538463,-0.0035150785,-0.15776727,0.004307979
2383,0.6,3.4285715,6.1538463,0.0018102982,-0.17658684,0.0056871297
2384,0.6,4.0,6.1538463,-0.011272044,-0.15185724,0.0062991
2385,0.6,0.0,5.5384617,0.006589015,-0.15294024,-0.0021698584
2386,0.6,0.5714286,5.5384617,0.0016473667,-0.15419544,-0.0013762119
2387,0.6,1.1428572,5.5384617,0.0033638342,-0.15743865,-0.00040244247
2388,0.6,1.7142857,5.5384617,-0.0008603057,-0.15551853,0.0007071763
2389,0.6,2.2857144,5.5384617,0.002086809,-0.16357681,0.0018294062
2390,0.6,2.857143,5.5384617,-0.0035264047,-0.1574227,0.0029180173
2391,0.6,3.4285715,5.5384617,0.0020007368,-0.1761677,0.00386186
2392,0.6,4.0,5.5384617,-0.010713573,-0.15181346,0.004394846
2393,0.6,0.0,4.923077,0.006586945,-0.15247935,-0.0012790543
2394,0.6,0.5714286,4.923077,0.0016209238,-0.15378866,-0.0009436882
2395,0.6,1.1428572,4.923077,0.003339843,-0.15702432,-0.00034160409
2396,0.6,1.7142857,4.923077,-0.0008550932,-0.15519603,0.0002773388
2397,0.6,2.2857144,4.923077,0.0020582483,-0.16324908,0.00097233406
2398,0.6,2.857143,4.923077,-0.0034829436,-0.15724814,0.0015934388
2399,0.6,3.4285715,4.923077,0.0019792344,-0.17597392,0.0020581232
2400,0.6,4.0,4.923077,-0.011093505,-0.15181327,0.0021644174
2401,0.6,0.0,4.3076925,0.0065517304,-0.15225978,-0.00070070446
2402,0.6,0.5714286,4.3076925,0.0016050602,-0.15359856,-0.0005094401
2403,0.6,1.1428572,4.3076925,0.0033210323,-0.15684786,-0.00034277872
2404,0.6,1.7142857,4.3076925,-0.0008699868,-0.15504739,-0.000110287685
2405,0.6,2.2857144,4.3076925,0.0020607766,-0.16311699,9.660332e-05
2406,0.6,2.857143,4.3076925,-0.00349956,-0.15716754,0.00029554995
2407,0.6,3.4285715,4.3076925,0.0020107056,-0.17587008,0.0005036994
2408,0.6,4.0,4.3076925,-0.010955889,-0.15179512,0.00070478616
2409,0.6,0.0,3.6923077,0.0065345415,-0.15225996,4.640265e-05
2410,0.6,0.5714286,3.6923077,0.0015889516,-0.15359852,-0.00014026703
2411,0.6,1.1428572,3.6923077,0.0033044065,-0.15684801,-0.00031052297
2412,0.6,1.7142857,3.6923077,-0.000886263,-0.1550473,-0.0005400457
2413,0.6,2.2857144,3.6923077,0.0020442232,-0.16311723,-0.000749035
2414,0.6,2.857143,3.6923077,-0.003515934,-0.15716754,-0.0009458842
2415,0.6,3.4285715,3.6923077,0.0019941642,-0.17587043,-0.001155635
2416,0.6,4.0,3.6923077,-0.010972019,-0.15179572,-0.0013550686
2417,0.6,0.0,3.0769231,0.006538288,-0.15247941,0.0006280252
2418,0.6,0.5714286,3.0769231,0.0015715242,-0.15378873,0.0002915456
2419,0.6,1.1428572,3.0769231,0.003290693,-0.15702444,-0.00030996514
2420,0.6,1.7142857,3.0769231,-0.00090443494,-0.15519615,-0.00092893356
2421,0.6,2.2857144,3.0769231,0.0020089601,-0.16324931,-0.0016238618
2422,0.6,2.857143,3.0769231,-0.0035323456,-0.15724868,-0.002244566
2423,0.6,3.4285715,3.0769231,0.00192988,-0.1759748,-0.0027091526
2424,0.6,4.0,3.0769231,-0.01114258,-0.15181541,-0.0028155113
2425,0.6,0.0,2.4615386,0.006506581,-0.1529404,0.0015174255
2426,0.6,0.5714286,2.4615386,0.0015652191,-0.15419546,0.0007245801
2427,0.6,1.1428572,2.4615386,0.003281982,-0.15743878,-0.00024934357
2428,0.6,1.7142857,2.4615386,-0.0009427099,-0.15551868,-0.0013588028
2429,0.6,2.2857144,2.4615386,0.0020049156,-0.16357724,-0.0024808573
2430,0.6,2.857143,2.4615386,-0.003609071,-0.15742344,-0.0035694342
2431,0.6,3.4285715,2.4615386,0.0019188239,-0.17616943,-0.0045127287
2432,0.6,4.0,2.4615386,-0.010795247,-0.15181983,-0.0050460626
2433,0.6,0.0,1.8461539,0.0065653115,-0.15376915,0.0023059072
2434,0.6,0.5714286,1.8461539,0.0015343933,-0.15493001,0.0012897708
2435,0.6,1.1428572,1.8461539,0.0032792008,-0.15816438,-0.00020114258
2436,0.6,1.7142857,1.8461539,-0.0009734957,-0.15611061,-0.0017275277
2437,0.6,2.2857144,1.8461539,0.0019358944,-0.16419353,-0.003424067
2438,0.6,2.857143,1.8461539,-0.0036304924,-0.15776831,-0.0049591586
2439,0.6,3.4285715,1.8461539,0.0016952141,-0.17658871,-0.0063388767
2440,0.6,4.0,1.8461539,-0.011386437,-0.15186486,-0.0069500357
2441,0.6,0.0,1.2307693,0.0065162675,-0.15499508,0.00359577
2442,0.6,0.5714286,1.2307693,0.0015398698,-0.15613823,0.0018415772
2443,0.6,1.1428572,1.2307693,0.0032698556,-0.15931913,-3.7205682e-05
2444,0.6,1.7142857,1.2307693,-0.0010156655,-0.15718764,-0.0021768536
2445,0.6,2.2857144,1.2307693,0.0019641104,-0.16515186,-0.0043042516
2446,0.6,2.857143,1.2307693,-0.0037249492,-0.15857895,-0.00648777
2447,0.6,3.4285715,1.2307693,0.001810297,-0.17733853,-0.008514827
2448,0.6,4.0,1.2307693,-0.010423449,-0.1519914,-0.0096653495
2449,0.6,0.0,0.61538464,0.006485731,-0.1569533,0.004731385
2450,0.6,0.5714286,0.61538464,0.0016489977,-0.15811047,0.002625214
2451,0.6,1.1428572,0.61538464,0.0030950725,-0.16094898,3.0666124e-05
2452,0.6,1.7142857,0.61538464,-0.00086562097,-0.1591945,-0.0025139134
2453,0.6,2.2857144,0.61538464,0.0016645541,-0.16645594,-0.0053030443
2454,0.6,2.857143,0.61538464,-0.003539839,-0.16054979,-0.008226604
2455,0.6,3.4285715,0.61538464,0.0008608954,-0.17785232,-0.010513455
2456,0.6,4.0,0.61538464,-0.011761239,-0.15538144,-0.013516565
2457,0.6,0.0,0.0,0.0062893527,-0.15963075,0.0064047296
2458,0.6,0.5714286,0.0,0.00178401,-0.16090152,0.0030806928
2459,0.6,1.1428572,0.0,0.0031181949,-0.16362089,0.00048639844
2460,0.6,1.7142857,0.0,-0.00045434714,-0.16223569,-0.0031816685
2461,0.6,2.2857144,0.0,0.0020905833,-0.1689694,-0.0060414225
2462,0.6,2.857143,0.0,-0.002601037,-0.16412105,-0.009837638
2463,0.6,3.4285715,0.0,0.0024614544,-0.17944811,-0.013670784
2464,0.6,4.0,0.0,-0.0084241005,-0.1595026,-0.014277603
2465,1.2,0.0,8.0,0.008455279,-0.15554756,-0.0065782755
2466,1.2,0.5714286,8.0,0.00818067,-0.15711336,-0.0042061945
2467,1.2,1.1428572,8.0,0.0017401486,-0.15648954,-0.0011581989
2468,1.2,1.7142857,8.0,0.0043116417,-0.1604506,0.0014106615
2469,1.2,2.2857144,8.0,-0.0018698084,-0.15670794,0.0042806696
2470,1.2,2.857143,8.0,0.0017108159,-0.16501263,0.006956821
2471,1.2,3.4285715,8.0,-0.006115055,-0.15305887,0.008139836
2472,1.2,4.0,8.0,-0.008711107,-0.16648532,0.009751805
2473,1.2,0.0,7.3846154,0.008178426,-0.15293528,-0.0055242614
2474,1.2,0.5714286,7.3846154,0.008329904,-0.15463951,-0.0032741341
2475,1.2,1.1428572,7.3846154,0.001299188,-0.15380946,-0.001047613
2476,1.2,1.7142857,7.3846154,0.003992851,-0.15813848,0.0012979673
2477,1.2,2.2857144,7.3846154,-0.0028463802,-0.15384318,0.0036739164
2478,1.2,2.857143,7.3846154,0.00063330756,-0.1633405,0.005791171
2479,1.2,3.4285715,7.3846154,-0.008020578,-0.15021494,0.0077521433
2480,1.2,4.0,7.3846154,-0.009522962,-0.16657306,0.009078723
2481,1.2,0.0,6.769231,0.007929826,-0.15109786,-0.004100573
2482,1.2,0.5714286,6.769231,0.008552039,-0.15293401,-0.0026185177
2483,1.2,1.1428572,6.769231,0.0010195505,-0.15188728,-0.00082587835
2484,1.2,1.7142857,6.769231,0.0042767413,-0.1566604,0.0010560054
2485,1.2,2.2857144,6.769231,-0.0032359576,-0.15181589,0.002950003
2486,1.2,2.857143,6.769231,0.0011040682,-0.1622392,0.004748964
2487,1.2,3.4285715,6.769231,-0.008374586,-0.1474226,0.0061739082
2488,1.2,4.0,6.769231,-0.009852778,-0.16584422,0.007699503
2489,1.2,0.0,6.1538463,0.007809924,-0.14978592,-0.0031471835
2490,1.2,0.5714286,6.1538463,0.008495251,-0.1517504,-0.0019782095
2491,1.2,1.1428572,6.1538463,0.001034676,-0.1507006,-0.00066193775
2492,1.2,1.7142857,6.1538463,0.004212429,-0.15555187,0.000784671
2493,1.2,2.2857144,6.1538463,-0.0031560538,-0.15075946,0.0022051272
2494,1.2,2.857143,6.1538463,0.0009838582,-0.1611347,0.0035741166
2495,1.2,3.4285715,6.1538463,-0.008215293,-0.14662184,0.0047860574
2496,1.2,4.0,6.1538463,-0.009278171,-0.16450566,0.005641467
2497,1.2,0.0,5.5384617,0.007842835,-0.14900704,-0.002131879
2498,1.2,0.5714286,5.5384617,0.00842354,-0.15095223,-0.0014367593
2499,1.2,1.1428572,5.5384617,0.0010329686,-0.1500042,-0.00054365373
2500,1.2,1.7142857,5.5384617,0.004207832,-0.15480752,0.00048274215
2501,1.2,2.2857144,5.5384617,-0.003152554,-0.1501612,0.0014750864
2502,1.2,2.857143,5.5384617,0.001066242,-0.16047713,0.0024684255
2503,1.2,3.4285715,5.5384617,-0.008140743,-0.14610283,0.0031654083
2504,1.2,4.0,5.5384617,-0.009834843,-0.16374901,0.0037166863
2505,1.2,0.0,4.923077,0.007784609,-0.14851695,-0.0014116005
2506,1.2,0.5714286,4.923077,0.008376532,-0.15049562,-0.0009771226
2507,1.2,1.1428572,4.923077,0.0010339601,-0.1495954,-0.0004368995
2508,1.2,1.7142857,4.923077,0.0041709086,-0.15438874,0.00015224102
2509,1.2,2.2857144,4.923077,-0.0031009756,-0.14983197,0.0007558339
2510,1.2,2.857143,4.923077,0.0010321446,-0.16009599,0.0013002608
2511,1.2,3.4285715,4.923077,-0.008051448,-0.14586872,0.001807119
2512,1.2,4.0,4.923077,-0.009560894,-0.16326092,0.0021600074
2513,1.2,0.0,4.3076925,0.007782233,-0.14830278,-0.0006536398
2514,1.2,0.5714286,4.3076925,0.008344288,-0.15028517,-0.00054069434
2515,1.2,1.1428572,4.3076925,0.001016156,-0.14940962,-0.00037863568
2516,1.2,1.7142857,4.3076925,0.0041630026,-0.15420315,-0.00017070035
2517,1.2,2.2857144,4.3076925,-0.0031133108,-0.14967807,1.6853393e-05
2518,1.2,2.857143,4.3076925,0.0010531838,-0.1599384,0.0002263309
2519,1.2,3.4285715,4.3076925,-0.008045084,-0.14573132,0.0003080412
2520,1.2,4.0,4.3076925,-0.009745225,-0.16306992,0.00036290273
2521,1.2,0.0,3.6923077,0.0077662296,-0.14830264,-2.8067825e-05
2522,1.2,0.5714286,3.6923077,0.008327763,-0.15028529,-0.00014539793
2523,1.2,1.1428572,3.6923077,0.0009998382,-0.14940955,-0.00030347056
2524,1.2,1.7142857,3.6923077,0.004146496,-0.15420336,-0.0005141605
2525,1.2,2.2857144,3.6923077,-0.0031296571,-0.14967808,-0.0006991636
2526,1.2,2.857143,3.6923077,0.0010366702,-0.15993875,-0.00091040594
2527,1.2,3.4285715,3.6923077,-0.008061415,-0.14573143,-0.0009903106
2528,1.2,4.0,3.6923077,-0.009761702,-0.16307008,-0.0010467861
2529,1.2,0.0,3.0769231,0.007735038,-0.14851701,0.0007265673
2530,1.2,0.5714286,3.0769231,0.008327292,-0.15049577,0.00029344077
2531,1.2,1.1428572,3.0769231,0.0009847583,-0.14959548,-0.00024697508
2532,1.2,1.7142857,3.0769231,0.0041216146,-0.15438905,-0.00083586207
2533,1.2,2.2857144,3.0769231,-0.0031502135,-0.14983234,-0.001439136
2534,1.2,2.857143,3.0769231,0.000982741,-0.1600966,-0.0019835972
2535,1.2,3.4285715,3.0769231,-0.008100454,-0.14586984,-0.002490031
2536,1.2,4.0,3.0769231,-0.009610379,-0.16326152,-0.002843313
2537,1.2,0.0,2.4615386,0.007761053,-0.14900698,0.0014482106
2538,1.2,0.5714286,2.4615386,0.008341587,-0.15095256,0.00075253367
2539,1.2,1.1428572,2.4615386,0.00095084845,-0.15000436,-0.00014004805
2540,1.2,1.7142857,2.4615386,0.0041257837,-0.15480798,-0.0011664407
2541,1.2,2.2857144,2.4615386,-0.003234697,-0.15016179,-0.0021585405
2542,1.2,2.857143,2.4615386,0.0009839481,-0.16047814,-0.003151725
2543,1.2,3.4285715,2.4615386,-0.008222411,-0.1461049,-0.00384859
2544,1.2,4.0,2.4615386,-0.0099172285,-0.16374873,-0.0043999273
2545,1.2,0.0,1.8461539,0.007694786,-0.14978588,0.0024628988
2546,1.2,0.5714286,1.8461539,0.008380395,-0.1517509,0.0012941033
2547,1.2,1.1428572,1.8461539,0.0009198838,-0.15070075,-2.1713662e-05
2548,1.2,1.7142857,1.8461539,0.0040973965,-0.15555249,-0.0014686035
2549,1.2,2.2857144,1.8461539,-0.003270908,-0.1507602,-0.0028884734
2550,1.2,2.857143,1.8461539,0.0008684774,-0.16113581,-0.0042578583
2551,1.2,3.4285715,1.8461539,-0.008329541,-0.14662471,-0.005469178
2552,1.2,4.0,1.8461539,-0.009393893,-0.16450566,-0.0063248365
2553,1.2,0.0,1.2307693,0.0077821524,-0.15109773,0.0034166637
2554,1.2,0.5714286,1.2307693,0.008404798,-0.1529346,0.0019343597
2555,1.2,1.1428572,1.2307693,0.0008715065,-0.15188733,0.00014213826
2556,1.2,1.7142857,1.2307693,0.0041293227,-0.15666126,-0.0017399332
2557,1.2,2.2857144,1.2307693,-0.0033841564,-0.15181634,-0.0036335604
2558,1.2,2.857143,1.2307693,0.0009563197,-0.16224095,-0.005432804
2559,1.2,3.4285715,1.2307693,-0.008522287,-0.14742449,-0.0068574594
2560,1.2,4.0,1.2307693,-0.010000593,-0.1658448,-0.0083828885
2561,1.2,0.0,0.61538464,0.007997383,-0.15293518,0.004840003
2562,1.2,0.5714286,0.61538464,0.008149839,-0.1546402,0.0025900477
2563,1.2,1.1428572,0.61538464,0.0011183885,-0.15380947,0.0003637918
2564,1.2,1.7142857,0.61538464,0.0038125536,-0.15813933,-0.0019819064
2565,1.2,2.2857144,0.61538464,-0.0030274729,-0.15384372,-0.004357688
2566,1.2,2.857143,0.61538464,0.0004525885,-0.16334198,-0.006475192
2567,1.2,3.4285715,0.61538464,-0.00820139,-0.15021719,-0.008435811
2568,1.2,4.0,0.61538464,-0.00970417,-0.1665743,-0.009762755
2569,1.2,0.0,0.0,0.008242371,-0.15554728,0.0058941944
2570,1.2,0.5714286,0.0,0.007967652,-0.15711407,0.0035220867
2571,1.2,1.1428572,0.0,0.0015267727,-0.15648967,0.00047432122
2572,1.2,1.7142857,0.0,0.0040982054,-0.16045132,-0.0020947133
2573,1.2,2.2857144,0.0,-0.0020834024,-0.15670894,-0.004964576
2574,1.2,2.857143,0.0,0.001496702,-0.16501357,-0.007641136
2575,1.2,3.4285715,0.0,-0.006328103,-0.15306257,-0.00882412
2576,1.2,4.0,0.0,-0.008925163,-0.16648401,-0.010435297
2577,1.8,0.0,8.0,0.017082084,-0.14872496,-0.0068697915
2578,1.8,0.5714286,8.0,0.0066923117,-0.14883174,-0.003980809
2579,1.8,1.1428572,8.0,0.0076874145,-0.15118848,-0.0017642207
2580,1.8,1.7142857,8.0,0.00028778834,-0.14883997,0.00062758225
2581,1.8,2.2857144,8.0,0.0025713842,-0.15370011,0.0029990708
2582,1.8,2.857143,8.0,-0.0049735834,-0.14671132,0.0045752334
2583,1.8,3.4285715,8.0,-0.004837324,-0.15569015,0.0069513083
2584,1.8,4.0,8.0,-0.016649935,-0.14401126,0.009230262
2585,1.8,0.0,7.3846154,0.017430427,-0.14642644,-0.005152956
2586,1.8,0.5714286,7.3846154,0.006451122,-0.14648,-0.0034179862
2587,1.8,1.1428572,7.3846154,0.007662174,-0.14906107,-0.0013877013
2588,1.8,1.7142857,7.3846154,-0.00041345358,-0.14640898,0.0006458417
2589,1.8,2.2857144,7.3846154,0.0020188617,-0.1519758,0.0025046642
2590,1.8,2.857143,7.3846154,-0.006214517,-0.14429535,0.0043483097
2591,1.8,3.4285715,7.3846154,-0.0055969567,-0.15471348,0.005698354
2592,1.8,4.0,7.3846154,-0.01827261,-0.14093943,0.0070493747
2593,1.8,0.0,6.769231,0.017498216,-0.14475633,-0.004217917
2594,1.8,0.5714286,6.769231,0.006154104,-0.14469135,-0.0026768667
2595,1.8,1.1428572,6.769231,0.00795018,-0.14755239,-0.0010910203
2596,1.8,1.7142857,6.769231,-0.0008251902,-0.14455011,0.0005202104
2597,1.8,2.2857144,6.769231,0.0022617267,-0.15072933,0.0021317147
2598,1.8,2.857143,6.769231,-0.006800638,-0.14213379,0.0035503616
2599,1.8,3.4285715,6.769231,-0.005711532,-0.15405293,0.0049475445
2600,1.8,4.0,6.769231,-0.018638907,-0.1389463,0.006134956
2601,1.8,0.0,6.1538463,0.017467966,-0.14357443,-0.0030385028
2602,1.8,0.5714286,6.1538463,0.0061128344,-0.14347045,-0.0020739378
2603,1.8,1.1428572,6.1538463,0.007890471,-0.14642644,-0.0008659875
2604,1.8,1.7142857,6.1538463,-0.0007799854,-0.14339964,0.00037446298
2605,1.8,2.2857144,6.1538463,0.0021706875,-0.14959194,0.0016169008
2606,1.8,2.857143,6.1538463,-0.006680346,-0.1411172,0.002751407
2607,1.8,3.4285715,6.1538463,-0.005629563,-0.15268412,0.0037096096
2608,1.8,4.0,6.1538463,-0.01874781,-0.1379248,0.004609248
2609,1.8,0.0,5.5384617,0.017293878,-0.14271754,-0.0022306845
2610,1.8,0.5714286,5.5384617,0.0061082803,-0.1427305,-0.0015219939
2611,1.8,1.1428572,5.5384617,0.00783218,-0.14561757,-0.00067635876
2612,1.8,1.7142857,5.5384617,-0.00076964154,-0.14271058,0.00018937215
2613,1.8,2.2857144,5.5384617,0.0021680382,-0.14881438,0.0010734169
2614,1.8,2.857143,5.5384617,-0.0066578523,-0.1404362,0.0018635916
2615,1.8,3.4285715,5.5384617,-0.0057035494,-0.151946,0.0026458532
2616,1.8,4.0,5.5384617,-0.01851636,-0.13733836,0.0032187724
2617,1.8,0.0,4.923077,0.017265663,-0.14222549,-0.0013888975
2618,1.8,0.5714286,4.923077,0.0060747513,-0.14226304,-0.0010228407
2619,1.8,1.1428572,4.923077,0.007781257,-0.14515647,-0.0005390777
2620,1.8,1.7142857,4.923077,-0.00074441853,-0.14228788,-1.9150637e-05
2621,1.8,2.2857144,4.923077,0.0021291883,-0.14835328,0.00050977693
2622,1.8,2.857143,4.923077,-0.0065745004,-0.1400794,0.0009947998
2623,1.8,3.4285715,4.923077,-0.0056687915,-0.15141888,0.0013648936
2624,1.8,4.0,4.923077,-0.018632082,-0.13698196,0.0016812481
2625,1.8,0.0,4.3076925,0.01720585,-0.14198321,-0.00072035374
2626,1.8,0.5714286,4.3076925,0.006052857,-0.1420532,-0.00058152067
2627,1.8,1.1428572,4.3076925,0.0077551715,-0.14493659,-0.00041212948
2628,1.8,1.7142857,4.3076925,-0.00075753045,-0.14209415,-0.00024195186
2629,1.8,2.2857144,4.3076925,0.0021289384,-0.14814873,-6.962053e-05
2630,1.8,2.857143,4.3076925,-0.0065779155,-0.13989154,8.2752966e-05
2631,1.8,3.4285715,4.3076925,-0.005684287,-0.15122296,0.00027131307
2632,1.8,4.0,4.3076925,-0.018557385,-0.13680226,0.00039398918
2633,1.8,0.0,3.6923077,0.017189138,-0.14198323,-1.1296817e-36
2634,1.8,0.5714286,3.6923077,0.006036496,-0.14205302,-0.00013231498
2635,1.8,1.1428572,3.6923077,0.0077387253,-0.14493684,-0.0003053751
2636,1.8,1.7142857,3.6923077,-0.00077389204,-0.14209409,-0.00047237164
2637,1.8,2.2857144,3.6923077,0.0021124608,-0.148149,-0.00064685283
2638,1.8,2.857143,3.6923077,-0.006594268,-0.13989154,-0.0007971241
2639,1.8,3.4285715,3.6923077,-0.0057007466,-0.1512233,-0.0009872955
2640,1.8,4.0,3.6923077,-0.018573867,-0.1368024,-0.001108224
2641,1.8,0.0,3.0769231,0.017216654,-0.14222576,0.00067339954
2642,1.8,0.5714286,3.0769231,0.0060256175,-0.14226297,0.00030601825
2643,1.8,1.1428572,3.0769231,0.0077319923,-0.14515677,-0.00017648433
2644,1.8,1.7142857,3.0769231,-0.00079361,-0.14228807,-0.0006965898
2645,1.8,2.2857144,3.0769231,0.0020798815,-0.14835367,-0.0012252465
2646,1.8,2.857143,3.0769231,-0.0066236923,-0.14007992,-0.0017100233
2647,1.8,3.4285715,3.0769231,-0.0057180836,-0.1514191,-0.0020802324
2648,1.8,4.0,3.0769231,-0.01868129,-0.13698256,-0.002396167
2649,1.8,0.0,2.4615386,0.017211594,-0.14271808,0.0015135602
2650,1.8,0.5714286,2.4615386,0.0060263206,-0.1427307,0.0008063004
2651,1.8,1.1428572,2.4615386,0.0077501014,-0.14561799,-3.987245e-05
2652,1.8,1.7142857,2.4615386,-0.00085160456,-0.14271094,-0.0009048196
2653,1.8,2.2857144,2.4615386,0.0020857865,-0.14881498,-0.0017891224
2654,1.8,2.857143,2.4615386,-0.0067397333,-0.14043708,-0.0025788117
2655,1.8,3.4285715,2.4615386,-0.0057857917,-0.15194623,-0.00336127
2656,1.8,4.0,2.4615386,-0.018598557,-0.13734001,-0.003933652
2657,1.8,0.0,1.8461539,0.017353233,-0.14357515,0.0023223076
2658,1.8,0.5714286,1.8461539,0.0059982277,-0.14347048,0.0013578093
2659,1.8,1.1428572,1.8461539,0.0077754776,-0.1464272,0.00015001057
2660,1.8,1.7142857,1.8461539,-0.0008946935,-0.14339998,-0.0010901345
2661,1.8,2.2857144,1.8461539,0.0020555158,-0.14959271,-0.0023326026
2662,1.8,2.857143,1.8461539,-0.0067950147,-0.14111839,-0.0034667847
2663,1.8,3.4285715,1.8461539,-0.00574475,-0.15268417,-0.0044250796
2664,1.8,4.0,1.8461539,-0.01886261,-0.13792662,-0.0053242357
2665,1.8,0.0,1.2307693,0.017350681,-0.14475724,0.0035010856
2666,1.8,0.5714286,1.2307693,0.006006236,-0.14469142,0.0019610287
2667,1.8,1.1428572,1.2307693,0.0078028217,-0.14755328,0.00037482008
2668,1.8,1.7142857,1.2307693,-0.00097314984,-0.14455037,-0.0012357683
2669,1.8,2.2857144,1.2307693,0.0021141106,-0.1507305,-0.0028476769
2670,1.8,2.857143,1.2307693,-0.0069485814,-0.1421345,-0.0042657307
2671,1.8,3.4285715,1.2307693,-0.0058591957,-0.15405394,-0.005663177
2672,1.8,4.0,1.2307693,-0.01878731,-0.13894781,-0.0068499013
2673,1.8,0.0,0.61538464,0.01725052,-0.14642747,0.004436704
2674,1.8,0.5714286,0.61538464,0.006270546,-0.14647992,0.0027018567
2675,1.8,1.1428572,0.61538464,0.0074819964,-0.14906219,0.0006717044
2676,1.8,1.7142857,0.61538464,-0.0005942837,-0.14640921,-0.0013616973
2677,1.8,2.2857144,0.61538464,0.0018384346,-0.151977,-0.0032204972
2678,1.8,2.857143,0.61538464,-0.0063955095,-0.14429632,-0.0050640064
2679,1.8,3.4285715,0.61538464,-0.005777483,-0.15471432,-0.0064140027
2680,1.8,4.0,0.61538464,-0.018453779,-0.14094077,-0.007764483
2681,1.8,0.0,0.0,0.01686879,-0.14872612,0.0061530923
2682,1.8,0.5714286,0.0,0.0064791976,-0.14883181,0.0032649213
2683,1.8,1.1428572,0.0,0.007474187,-0.1511895,0.0010479784
2684,1.8,1.7142857,0.0,7.448638e-05,-0.1488405,-0.0013433148
2685,1.8,2.2857144,0.0,0.0023577474,-0.15370105,-0.0037152453
2686,1.8,2.857143,0.0,-0.0051869093,-0.14671291,-0.005290874
2687,1.8,3.4285715,0.0,-0.005051068,-0.15569018,-0.007667066
2688,1.8,4.0,0.0,-0.016863864,-0.14401399,-0.009945194
2689,2.4,0.0,8.0,0.016709683,-0.13880414,-0.0057522934
2690,2.4,0.5714286,8.0,0.013690629,-0.1408759,-0.004191011
2691,2.4,1.1428572,8.0,0.0044940296,-0.13981192,-0.0020228105
2692,2.4,1.7142857,8.0,0.005194756,-0.14268582,0.00010600708
2693,2.4,2.2857144,8.0,-0.002678292,-0.13861904,0.0016851728
2694,2.4,2.857143,8.0,-0.0022035681,-0.14430659,0.0039809938
2695,2.4,3.4285715,8.0,-0.012009692,-0.1361363,0.0052894624
2696,2.4,4.0,8.0,-0.016361706,-0.1437406,0.0060555534
2697,2.4,0.0,7.3846154,0.016515043,-0.13677435,-0.0052655176
2698,2.4,0.5714286,7.3846154,0.014000071,-0.13890992,-0.0033303867
2699,2.4,1.1428572,7.3846154,0.004107143,-0.1377216,-0.0016326557
2700,2.4,1.7142857,7.3846154,0.005045722,-0.14098477,1.2975506e-05
2701,2.4,2.2857144,7.3846154,-0.0035039824,-0.13650158,0.0017516427
2702,2.4,2.857143,7.3846154,-0.0026960457,-0.14302666,0.003118494
2703,2.4,3.4285715,7.3846154,-0.013283439,-0.1338599,0.0047084116
2704,2.4,4.0,7.3846154,-0.017036002,-0.1432755,0.0063865655
2705,2.4,0.0,6.769231,0.016163427,-0.13507381,-0.0039246087
2706,2.4,0.5714286,6.769231,0.014269673,-0.13745654,-0.002716584
2707,2.4,1.1428572,6.769231,0.0037673847,-0.13605587,-0.0013314122
2708,2.4,1.7142857,6.769231,0.005253332,-0.13971679,9.818144e-05
2709,2.4,2.2857144,6.769231,-0.004025496,-0.13470644,0.0013941113
2710,2.4,2.857143,6.769231,-0.0027109277,-0.14215907,0.002722897
2711,2.4,3.4285715,6.769231,-0.013840651,-0.13184504,0.0037697635
2712,2.4,4.0,6.769231,-0.017133737,-0.14234349,0.0047654645
2713,2.4,0.0,6.1538463,0.016015714,-0.13388461,-0.0031188878
2714,2.4,0.5714286,6.1538463,0.014194188,-0.13637415,-0.0020900748
2715,2.4,1.1428572,6.1538463,0.0037749503,-0.13490918,-0.0010453515
2716,2.4,1.7142857,6.1538463,0.0051849545,-0.13864456,3.2729527e-05
2717,2.4,2.2857144,6.1538463,-0.0040013758,-0.13365759,0.0010819519
2718,2.4,2.857143,6.1538463,-0.002769129,-0.14099082,0.0020508
2719,2.4,3.4285715,6.1538463,-0.013908115,-0.13098992,0.0030246594
2720,2.4,4.0,6.1538463,-0.017081253,-0.1413142,0.003901144
2721,2.4,0.0,5.5384617,0.016002188,-0.1331285,-0.0021745511
2722,2.4,0.5714286,5.5384617,0.014082058,-0.13554938,-0.0015452412
2723,2.4,1.1428572,5.5384617,0.003770943,-0.13420998,-0.0008235079
2724,2.4,1.7142857,5.5384617,0.0051357313,-0.13784517,-5.091457e-05
2725,2.4,2.2857144,5.5384617,-0.0039872224,-0.1329659,0.00069122633
2726,2.4,2.857143,5.5384617,-0.002800493,-0.14023183,0.0014064431
2727,2.4,3.4285715,5.5384617,-0.013796842,-0.13025886,0.001986235
2728,2.4,4.0,5.5384617,-0.017148066,-0.14047058,0.002548262
2729,2.4,0.0,4.923077,0.015922675,-0.1326319,-0.0014508917
2730,2.4,0.5714286,4.923077,0.0140080135,-0.1350775,-0.0010582638
2731,2.4,1.1428572,4.923077,0.003765605,-0.1337488,-0.0006269572
2732,2.4,1.7142857,4.923077,0.005085074,-0.13737258,-0.00016425138
2733,2.4,2.2857144,4.923077,-0.003950254,-0.13254645,0.0002700577
2734,2.4,2.857143,4.923077,-0.002820013,-0.13971715,0.00069678057
2735,2.4,3.4285715,4.923077,-0.013792003,-0.12991475,0.0011255333
2736,2.4,4.0,4.923077,-0.017112227,-0.13998538,0.0014672377
2737,2.4,0.0,4.3076925,0.015901478,-0.13240473,-0.0007076921
2738,2.4,0.5714286,4.3076925,0.013962746,-0.13483949,-0.0005934414
2739,2.4,1.1428572,4.3076925,0.0037430981,-0.13354066,-0.00045489482
2740,2.4,1.7142857,4.3076925,0.005066922,-0.13714601,-0.00030822487
2741,2.4,2.2857144,4.3076925,-0.0039587575,-0.13234003,-0.0001492027
2742,2.4,2.857143,4.3076925,-0.0028222422,-0.1395048,-1.1522003e-05
2743,2.4,3.4285715,4.3076925,-0.013764887,-0.12969755,6.873564e-05
2744,2.4,4.0,4.3076925,-0.017140131,-0.13975072,0.00016704282
2745,2.4,0.0,3.6923077,0.01588536,-0.13240461,-3.8888775e-05
2746,2.4,0.5714286,3.6923077,0.01394637,-0.13483962,-0.00015656294
2747,2.4,1.1428572,3.6923077,0.0037266938,-0.1335406,-0.00029167742
2748,2.4,1.7142857,3.6923077,0.0050505106,-0.13714619,-0.0004405731
2749,2.4,2.2857144,3.6923077,-0.003975158,-0.13234004,-0.0005973718
2750,2.4,2.857143,3.6923077,-0.0028386775,-0.139505,-0.0007366096
2751,2.4,3.4285715,3.6923077,-0.013781306,-0.12969755,-0.0008151255
2752,2.4,4.0,3.6923077,-0.017156506,-0.13975081,-0.0009146085
2753,2.4,0.0,3.0769231,0.015873393,-0.13263194,0.00070170726
2754,2.4,0.5714286,3.0769231,0.013958773,-0.1350778,0.0003101589
2755,2.4,1.1428572,3.0769231,0.003716447,-0.13374884,-0.0001210133
2756,2.4,1.7142857,3.0769231,0.005035828,-0.13737294,-0.0005835447
2757,2.4,2.2857144,3.0769231,-0.0039994805,-0.13254665,-0.0010174373
2758,2.4,2.857143,3.0769231,-0.0028692647,-0.13971746,-0.0014443105
2759,2.4,3.4285715,3.0769231,-0.013841239,-0.12991516,-0.0018724642
2760,2.4,4.0,3.0769231,-0.017161673,-0.13998578,-0.0022142676
2761,2.4,0.0,2.4615386,0.015920492,-0.13312848,0.0014264224
2762,2.4,0.5714286,2.4615386,0.014000033,-0.13554992,0.0007967563
2763,2.4,1.1428572,2.4615386,0.0036890323,-0.1342101,7.564768e-05
2764,2.4,1.7142857,2.4615386,0.0050535863,-0.13784567,-0.00069691706
2765,2.4,2.2857144,2.4615386,-0.004069169,-0.13296634,-0.0014387167
2766,2.4,2.857143,2.4615386,-0.0028827162,-0.14023216,-0.0021539032
2767,2.4,3.4285715,2.4615386,-0.013878826,-0.13025974,-0.0027333442
2768,2.4,4.0,2.4615386,-0.017230337,-0.14047049,-0.003295191
2769,2.4,0.0,1.8461539,0.015901012,-0.13388465,0.00237028
2770,2.4,0.5714286,1.8461539,0.014079231,-0.13637497,0.0013416866
2771,2.4,1.1428572,1.8461539,0.0036603005,-0.1349093,0.00029756036
2772,2.4,1.7142857,1.8461539,0.005069965,-0.13864529,-0.00078073423
2773,2.4,2.2857144,1.8461539,-0.004116159,-0.13365808,-0.0018293508
2774,2.4,2.857143,1.8461539,-0.0028841773,-0.14099124,-0.0027984527
2775,2.4,3.4285715,1.8461539,-0.014022939,-0.1309911,-0.0037716562
2776,2.4,4.0,1.8461539,-0.017196603,-0.14131446,-0.0046481956
2777,2.4,0.0,1.2307693,0.016015824,-0.13507366,0.0031763355
2778,2.4,0.5714286,1.2307693,0.014122426,-0.13745761,0.0019682057
2779,2.4,1.1428572,1.2307693,0.0036195104,-0.13605587,0.00058350636
2780,2.4,1.7142857,1.2307693,0.005105907,-0.13971788,-0.00084610714
2781,2.4,2.2857144,1.2307693,-0.004173489,-0.13470669,-0.0021416838
2782,2.4,2.857143,1.2307693,-0.0028585072,-0.14216006,-0.0034704916
2783,2.4,3.4285715,1.2307693,-0.013988758,-0.13184573,-0.004516963
2784,2.4,4.0,1.2307693,-0.01728147,-0.14234413,-0.0055124843
2785,2.4,0.0,0.61538464,0.01633441,-0.13677423,0.004516911
2786,2.4,0.5714286,0.61538464,0.0138199655,-0.13891123,0.002582028
2787,2.4,1.1428572,0.61538464,0.003926456,-0.13772155,0.00088480214
2788,2.4,1.7142857,0.61538464,0.0048655397,-0.140986,-0.0007610253
2789,2.4,2.2857144,0.61538464,-0.00368494,-0.13650192,-0.002499184
2790,2.4,2.857143,0.61538464,-0.0028763535,-0.14302765,-0.0038662506
2791,2.4,3.4285715,0.61538464,-0.013464532,-0.13386078,-0.0054555177
2792,2.4,4.0,0.61538464,-0.017216709,-0.14327644,-0.0071335426
2793,2.4,0.0,0.0,0.016496778,-0.13880399,0.005004071
2794,2.4,0.5714286,0.0,0.013477653,-0.14087728,0.0034426278
2795,2.4,1.1428572,0.0,0.004280773,-0.13981195,0.0012748614
2796,2.4,1.7142857,0.0,0.0049815252,-0.14268698,-0.00085400033
2797,2.4,2.2857144,0.0,-0.0028917396,-0.13861968,-0.0024328933
2798,2.4,2.857143,0.0,-0.0024170245,-0.1443072,-0.0047286707
2799,2.4,3.4285715,0.0,-0.012223366,-0.13613778,-0.006036808
2800,2.4,4.0,0.0,-0.01657527,-0.14374071,-0.0068028737
2801,3.0,0.0,8.0,0.024296323,-0.12957972,-0.0061446046
2802,3.0,0.5714286,8.0,0.011773838,-0.12916507,-0.003800639
2803,3.0,1.1428572,8.0,0.009826567,-0.13102657,-0.0020592872
2804,3.0,1.7142857,8.0,0.0012202801,-0.12894686,-0.00056606386
2805,3.0,2.2857144,8.0,0.0007818239,-0.13238025,0.0015221109
2806,3.0,2.857143,8.0,-0.007909054,-0.12716807,0.0026111915
2807,3.0,3.4285715,8.0,-0.010760771,-0.13277353,0.0043931333
2808,3.0,4.0,8.0,-0.023381462,-0.12566194,0.0066838325
2809,3.0,0.0,7.3846154,0.024720822,-0.12775894,-0.00453742
2810,3.0,0.5714286,7.3846154,0.011703844,-0.12738287,-0.0033001392
2811,3.0,1.1428572,7.3846154,0.009978185,-0.12940794,-0.0017987811
2812,3.0,1.7142857,7.3846154,0.00076834846,-0.12711097,-0.0002420769
2813,3.0,2.2857144,7.3846154,0.0005714734,-0.13104363,0.0010168847
2814,3.0,2.857143,7.3846154,-0.008780956,-0.1252677,0.0025565156
2815,3.0,3.4285715,7.3846154,-0.011237265,-0.13183868,0.0036619126
2816,3.0,4.0,7.3846154,-0.024321083,-0.12344458,0.004490221
2817,3.0,0.0,6.769231,0.024837391,-0.1264962,-0.003917698
2818,3.0,0.5714286,6.769231,0.011441113,-0.12588406,-0.0026321055
2819,3.0,1.1428572,6.769231,0.010236387,-0.1281791,-0.0014133996
2820,3.0,1.7142857,6.769231,0.0003727546,-0.12558095,-0.00027038515
2821,3.0,2.2857144,6.769231,0.00063648174,-0.13006957,0.0009669834
2822,3.0,2.857143,6.769231,-0.009311735,-0.12357211,0.0019650848
2823,3.0,3.4285715,6.769231,-0.011393757,-0.1311162,0.0031207954
2824,3.0,4.0,6.769231,-0.02485595,-0.121962056,0.004300646
2825,3.0,0.0,6.1538463,0.024728136,-0.12545323,-0.0028820948
2826,3.0,0.5714286,6.1538463,0.011388376,-0.12478967,-0.0020687005
2827,3.0,1.1428572,6.1538463,0.01017772,-0.12720366,-0.0011488441
2828,3.0,1.7142857,6.1538463,0.00036336403,-0.12455735,-0.00020769871
2829,3.0,2.2857144,6.1538463,0.0005577932,-0.12906434,0.00067434844
2830,3.0,2.857143,6.1538463,-0.009388126,-0.122689866,0.0015709411
2831,3.0,3.4285715,6.1538463,-0.011428184,-0.13002962,0.0022934133
2832,3.0,4.0,6.1538463,-0.024853878,-0.12100008,0.002976389
2833,3.0,0.0,5.5384617,0.024531815,-0.124660306,-0.002156777
2834,3.0,0.5714286,5.5384617,0.01135843,-0.12412219,-0.001548396
2835,3.0,1.1428572,5.5384617,0.010093996,-0.12642506,-0.0008888949
2836,3.0,1.7142857,5.5384617,0.00036584848,-0.12390555,-0.00024145645
2837,3.0,2.2857144,5.5384617,0.00050067325,-0.12832214,0.0004106509
2838,3.0,2.857143,5.5384617,-0.009341351,-0.12201977,0.001005242
2839,3.0,3.4285715,5.5384617,-0.011498302,-0.12934594,0.0016441154
2840,3.0,4.0,5.5384617,-0.024768542,-0.1204331,0.0022016042
2841,3.0,0.0,4.923077,0.02443943,-0.124182545,-0.0013974737
2842,3.0,0.5714286,4.923077,0.011313778,-0.12365264,-0.0010578837
2843,3.0,1.1428572,4.923077,0.010025302,-0.12597452,-0.0006785863
2844,3.0,1.7142857,4.923077,0.0003691105,-0.12347106,-0.00029103676
2845,3.0,2.2857144,4.923077,0.00046079807,-0.12784979,0.0001041703
2846,3.0,2.857143,4.923077,-0.009326365,-0.12163914,0.00047140004
2847,3.0,3.4285715,4.923077,-0.011489406,-0.12882331,0.00076103455
2848,3.0,4.0,4.923077,-0.024727218,-0.12002729,0.0010509705
2849,3.0,0.0,4.3076925,0.024369694,-0.123943545,-0.0007276605
2850,3.0,0.5714286,4.3076925,0.01127984,-0.12344558,-0.00061687664
2851,3.0,1.1428572,4.3076925,0.009990463,-0.12574382,-0.000484113
2852,3.0,1.7142857,4.3076925,0.00035205056,-0.12326724,-0.0003496368
2853,3.0,2.2857144,4.3076925,0.00044497047,-0.1276298,-0.00023062537
2854,3.0,2.857143,4.3076925,-0.009321605,-0.1214283,-0.000106068124
2855,3.0,3.4285715,4.3076925,-0.01150646,-0.1286225,5.7219575e-05
2856,3.0,4.0,4.3076925,-0.024711398,-0.119841985,0.00016899493
2857,3.0,0.0,3.6923077,0.024353134,-0.12394377,-5.4450597e-05
2858,3.0,0.5714286,3.6923077,0.011263428,-0.12344556,-0.00016223032
2859,3.0,1.1428572,3.6923077,0.009974084,-0.12574396,-0.0002969925
2860,3.0,1.7142857,3.6923077,0.0003356341,-0.12326723,-0.0004292106
2861,3.0,2.2857144,3.6923077,0.00042856648,-0.12762994,-0.00054970203
2862,3.0,2.857143,3.6923077,-0.009338023,-0.12142831,-0.0006725261
2863,3.0,3.4285715,3.6923077,-0.011522865,-0.12862268,-0.0008368978
2864,3.0,4.0,3.6923077,-0.02472792,-0.119842075,-0.00094704324
2865,3.0,0.0,3.0769231,0.024390431,-0.124182865,0.00061700016
2866,3.0,0.5714286,3.0769231,0.011264661,-0.123652585,0.00027751902
2867,3.0,1.1428572,3.0769231,0.0099761095,-0.1259749,-0.0001015439
2868,3.0,1.7142857,3.0769231,0.0003198806,-0.12347108,-0.0004885962
2869,3.0,2.2857144,3.0769231,0.0004115916,-0.12785012,-0.0008838901
2870,3.0,2.857143,3.0769231,-0.0093756495,-0.121639326,-0.0012505199
2871,3.0,3.4285715,3.0769231,-0.011538665,-0.12882353,-0.0015402759
2872,3.0,4.0,3.0769231,-0.024776554,-0.12002741,-0.0018294785
2873,3.0,0.0,2.4615386,0.024449708,-0.1246609,0.0013757086
2874,3.0,0.5714286,2.4615386,0.011276506,-0.124122165,0.00076818257
2875,3.0,1.1428572,2.4615386,0.010011955,-0.12642561,0.00010877443
2876,3.0,1.7142857,2.4615386,0.00028389395,-0.12390569,-0.0005382843
2877,3.0,2.2857144,2.4615386,0.00041852763,-0.12832253,-0.0011902741
2878,3.0,2.857143,2.4615386,-0.0094233425,-0.12202024,-0.001784521
2879,3.0,3.4285715,2.4615386,-0.011580506,-0.12934612,-0.0024232129
2880,3.0,4.0,2.4615386,-0.0248508,-0.12043382,-0.002980225
2881,3.0,0.0,1.8461539,0.024613488,-0.12545405,0.0021013643
2882,3.0,0.5714286,1.8461539,0.011273757,-0.12478955,0.0012885041
2883,3.0,1.1428572,1.8461539,0.010062875,-0.1272045,0.00036858517
2884,3.0,1.7142857,1.8461539,0.00024855757,-0.12455747,-0.000571912
2885,3.0,2.2857144,1.8461539,0.00044288122,-0.12906493,-0.0014541445
2886,3.0,2.857143,1.8461539,-0.009503044,-0.12269043,-0.0023501196
2887,3.0,3.4285715,1.8461539,-0.011543207,-0.13002983,-0.0030726804
2888,3.0,4.0,1.8461539,-0.024968995,-0.121000715,-0.0037549362
2889,3.0,0.0,1.2307693,0.024690121,-0.12649739,0.0031366688
2890,3.0,0.5714286,1.2307693,0.011293248,-0.1258838,0.0018518807
2891,3.0,1.1428572,1.2307693,0.010089123,-0.12818028,0.0006332539
2892,3.0,1.7142857,1.2307693,0.00022478643,-0.12558086,-0.0005093772
2893,3.0,2.2857144,1.2307693,0.00048904994,-0.13007058,-0.001746688
2894,3.0,2.857143,1.2307693,-0.009459816,-0.12357235,-0.002744415
2895,3.0,3.4285715,1.2307693,-0.011541325,-0.131117,-0.0038999615
2896,3.0,4.0,1.2307693,-0.02500441,-0.121962525,-0.005079176
2897,3.0,0.0,0.61538464,0.024541043,-0.1277603,0.0037567622
2898,3.0,0.5714286,0.61538464,0.0115232365,-0.12738247,0.002519903
2899,3.0,1.1428572,0.61538464,0.0097981915,-0.12940934,0.0010185452
2900,3.0,1.7142857,0.61538464,0.0005874481,-0.12711085,-0.00053759734
2901,3.0,2.2857144,0.61538464,0.0003913649,-0.13104475,-0.0017967316
2902,3.0,2.857143,0.61538464,-0.008962065,-0.12526804,-0.003335771
2903,3.0,3.4285715,0.61538464,-0.011417561,-0.13183947,-0.0044412194
2904,3.0,4.0,0.61538464,-0.024502452,-0.12344496,-0.005268965
2905,3.0,0.0,0.0,0.02408347,-0.12958126,0.0053634658
2906,3.0,0.5714286,0.0,0.011560491,-0.1291647,0.0030205091
2907,3.0,1.1428572,0.0,0.009613668,-0.13102806,0.0012791066
2908,3.0,1.7142857,0.0,0.001006758,-0.12894683,-0.00021374901
2909,3.0,2.2857144,0.0,0.00056870776,-0.13238126,-0.0023018536
2910,3.0,2.857143,0.0,-0.008122776,-0.12716872,-0.0033906451
2911,3.0,3.4285715,0.0,-0.0109740365,-0.13277407,-0.0051724156
2912,3.0,4.0,0.0,-0.023595713,-0.12566286,-0.007462191
2913,3.6,0.0,8.0,0.023621462,-0.11681794,-0.00472253
2914,3.6,0.5714286,8.0,0.0173787,-0.118509516,-0.0036839345
2915,3.6,1.1428572,8.0,0.007200722,-0.11784275,-0.0021699981
2916,3.6,1.7142857,8.0,0.004927906,-0.11974219,-0.00038958422
2917,3.6,2.2857144,8.0,-0.0034182046,-0.11680573,0.0006166803
2918,3.6,2.857143,8.0,-0.006041214,-0.120506816,0.0024509374
2919,3.6,3.4285715,8.0,-0.016276168,-0.115211405,0.0036008302
2920,3.6,4.0,8.0,-0.023315905,-0.119659245,0.004067231
2921,3.6,0.0,7.3846154,0.023662856,-0.115341134,-0.0045522484
2922,3.6,0.5714286,7.3846154,0.01779493,-0.11698935,-0.0029956093
2923,3.6,1.1428572,7.3846154,0.007071373,-0.11628807,-0.0017197786
2924,3.6,1.7142857,7.3846154,0.004993233,-0.118442595,-0.0005621553
2925,3.6,2.2857144,7.3846154,-0.0039403075,-0.11519797,0.0008205941
2926,3.6,2.857143,7.3846154,-0.0062856954,-0.119476154,0.0017942705
2927,3.6,3.4285715,7.3846154,-0.01712078,-0.113509215,0.003047469
2928,3.6,4.0,7.3846154,-0.023835732,-0.11898506,0.00457573
2929,3.6,0.0,6.769231,0.023360813,-0.1139222,-0.0033980666
2930,3.6,0.5714286,6.769231,0.018067272,-0.115873106,-0.0024861812
2931,3.6,1.1428572,6.769231,0.006830757,-0.114974305,-0.0014555113
2932,3.6,1.7142857,6.769231,0.0051387856,-0.117464684,-0.0003740884
2933,3.6,2.2857144,6.769231,-0.004335002,-0.11379327,0.00054091867
2934,3.6,2.857143,6.769231,-0.00637417,-0.1187388,0.0015999433
2935,3.6,3.4285715,6.769231,-0.017611686,-0.11204387,0.0024017394
2936,3.6,4.0,6.769231,-0.023815885,-0.11816782,0.0030572033
2937,3.6,0.0,6.1538463,0.02321006,-0.11295894,-0.0027766507
2938,3.6,0.5714286,6.1538463,0.017988903,-0.11500173,-0.0019479832
2939,3.6,1.1428572,6.1538463,0.0068045747,-0.11401024,-0.0011507748
2940,3.6,1.7142857,6.1538463,0.0050845365,-0.116594635,-0.0003679246
2941,3.6,2.2857144,6.1538463,-0.0044163335,-0.11293355,0.00043166603
2942,3.6,2.857143,6.1538463,-0.0064450167,-0.11781439,0.0011257143
2943,3.6,3.4285715,6.1538463,-0.017724432,-0.11128409,0.0019115935
2944,3.6,4.0,6.1538463,-0.023875618,-0.11736742,0.0027071412
2945,3.6,0.0,5.5384617,0.023115328,-0.11231902,-0.0019929865
2946,3.6,0.5714286,5.5384617,0.017866412,-0.114266135,-0.0014697892
2947,3.6,1.1428572,5.5384617,0.0067845196,-0.11342081,-0.0009126469
2948,3.6,1.7142857,5.5384617,0.0050045983,-0.11589898,-0.0003453982
2949,3.6,2.2857144,5.5384617,-0.004400807,-0.112339035,0.00020329452
2950,3.6,2.857143,5.5384617,-0.0065279067,-0.11716814,0.00074842933
2951,3.6,3.4285715,5.5384617,-0.01766832,-0.11066965,0.0011883334
2952,3.6,4.0,5.5384617,-0.023842985,-0.11666407,0.0016066163
2953,3.6,0.0,4.923077,0.02302206,-0.11188685,-0.001350706
2954,3.6,0.5714286,4.923077,0.017770287,-0.113851994,-0.0010316622
2955,3.6,1.1428572,4.923077,0.0067593316,-0.1129978,-0.0007009906
2956,3.6,1.7142857,4.923077,0.0049500577,-0.11547529,-0.00035338398
2957,3.6,2.2857144,4.923077,-0.004404304,-0.11195769,-3.461445e-05
2958,3.6,2.857143,4.923077,-0.0065453798,-0.116712466,0.0002820691
2959,3.6,3.4285715,4.923077,-0.017657578,-0.110339604,0.00063202623
2960,3.6,4.0,4.923077,-0.02384482,-0.116251774,0.00095060637
2961,3.6,0.0,4.3076925,0.022969104,-0.111680426,-0.00071552023
2962,3.6,0.5714286,4.3076925,0.017719261,-0.113627054,-0.0006075899
2963,3.6,1.1428572,4.3076925,0.0067298943,-0.1128076,-0.00049746054
2964,3.6,1.7142857,4.3076925,0.004920388,-0.11526338,-0.00039557298
2965,3.6,2.2857144,4.3076925,-0.004412926,-0.111764416,-0.00027123003
2966,3.6,2.857143,4.3076925,-0.0065663387,-0.11651426,-0.00016996956
2967,3.6,3.4285715,4.3076925,-0.017647212,-0.11013646,-0.00011683102
2968,3.6,4.0,4.3076925,-0.02383276,-0.11603722,-4.9899045e-05
2969,3.6,0.0,3.6923077,0.022952871,-0.1116803,-9.6367345e-05
2970,3.6,0.5714286,3.6923077,0.017702932,-0.11362718,-0.00020576875
2971,3.6,1.1428572,3.6923077,0.0067134625,-0.11280757,-0.0003138182
2972,3.6,1.7142857,3.6923077,0.0049040182,-0.115263514,-0.00041697483
2973,3.6,2.2857144,3.6923077,-0.0044293674,-0.11176441,-0.000539642
2974,3.6,2.857143,3.6923077,-0.0065827277,-0.116514385,-0.00064188085
2975,3.6,3.4285715,3.6923077,-0.01766369,-0.11013643,-0.0006935224
2976,3.6,4.0,3.6923077,-0.023849145,-0.11603729,-0.00076113566
2977,3.6,0.0,3.0769231,0.022972777,-0.11188676,0.0005377379
2978,3.6,0.5714286,3.0769231,0.017721126,-0.11385244,0.0002191508
2979,3.6,1.1428572,3.0769231,0.006710115,-0.112997696,-0.000110989604
2980,3.6,1.7142857,3.0769231,0.0049009,-0.11547566,-0.0004585893
2981,3.6,2.2857144,3.0769231,-0.004453602,-0.11195771,-0.000776751
2982,3.6,2.857143,3.0769231,-0.006594562,-0.116712734,-0.0010935089
2983,3.6,3.4285715,3.0769231,-0.017706936,-0.11033974,-0.0014427557
2984,3.6,4.0,3.0769231,-0.02389413,-0.11625209,-0.0017612475
2985,3.6,0.0,2.4615386,0.023033597,-0.11231884,0.0011803376
2986,3.6,0.5714286,2.4615386,0.017784502,-0.11426676,0.00065723684
2987,3.6,1.1428572,2.4615386,0.0067025423,-0.11342071,0.00010058603
2988,3.6,1.7142857,2.4615386,0.0049225693,-0.11589948,-0.0004664683
2989,3.6,2.2857144,2.4615386,-0.0044828486,-0.11233919,-0.001014804
2990,3.6,2.857143,2.4615386,-0.0066100173,-0.117168404,-0.0015597435
2991,3.6,3.4285715,2.4615386,-0.017750487,-0.110670015,-0.0019992262
2992,3.6,4.0,2.4615386,-0.023925196,-0.11666417,-0.0024171537
2993,3.6,0.0,1.8461539,0.023095308,-0.11295868,0.0019637484
2994,3.6,0.5714286,1.8461539,0.017874166,-0.1150027,0.0011353828
2995,3.6,1.1428572,1.8461539,0.0066897613,-0.11401002,0.000338832
2996,3.6,1.7142857,1.8461539,0.0049697743,-0.116595395,-0.00044408636
2997,3.6,2.2857144,1.8461539,-0.0045313057,-0.11293367,-0.0012430693
2998,3.6,2.857143,1.8461539,-0.0065598586,-0.11781482,-0.00193716
2999,3.6,3.4285715,1.8461539,-0.017839562,-0.111284554,-0.002722376
3000,3.6,4.0,1.8461539,-0.023990685,-0.1173678,-0.0035177143
3001,3.6,0.0,1.2307693,0.023213172,-0.11392165,0.0025854183
3002,3.6,0.5714286,1.2307693,0.017920181,-0.1158744,0.0016736174
3003,3.6,1.1428572,1.2307693,0.006682796,-0.114973865,0.0006434542
3004,3.6,1.7142857,1.2307693,0.004991528,-0.11746583,-0.00043781436
3005,3.6,2.2857144,1.2307693,-0.0044831065,-0.113793135,-0.0013524505
3006,3.6,2.857143,1.2307693,-0.0065215733,-0.11873965,-0.0024113073
3007,3.6,3.4285715,1.2307693,-0.017760003,-0.112043984,-0.0032126384
3008,3.6,4.0,1.2307693,-0.02396349,-0.11816851,-0.00386786
3009,3.6,0.0,0.61538464,0.02348218,-0.11534048,0.003739215
3010,3.6,0.5714286,0.61538464,0.017615067,-0.11699098,0.0021830793
3011,3.6,1.1428572,0.61538464,0.006890511,-0.11628749,0.00090781023
3012,3.6,1.7142857,0.61538464,0.004813321,-0.118443936,-0.00024986907
3013,3.6,2.2857144,0.61538464,-0.0041214176,-0.115197815,-0.0016320297
3014,3.6,2.857143,0.61538464,-0.0064657433,-0.11947709,-0.0026057696
3015,3.6,3.4285715,0.61538464,-0.017302118,-0.11350942,-0.0038583286
3016,3.6,4.0,0.61538464,-0.02401611,-0.118985936,-0.0053861425
3017,3.6,0.0,0.0,0.023408229,-0.11681717,0.003910139
3018,3.6,0.5714286,0.0,0.017166121,-0.11851131,0.0028712885
3019,3.6,1.1428572,0.0,0.006987089,-0.1178421,0.0013579831
3020,3.6,1.7142857,0.0,0.004715137,-0.119743615,-0.00042232723
3021,3.6,2.2857144,0.0,-0.0036320516,-0.11680567,-0.0014282864
3022,3.6,2.857143,0.0,-0.0062541487,-0.12050764,-0.003262338
3023,3.6,3.4285715,0.0,-0.016490322,-0.1152118,-0.004411757
3024,3.6,4.0,0.0,-0.023529023,-0.119659916,-0.0048781787
3025,4.2,0.0,8.0,0.02917358,-0.10526209,-0.0049170074
3026,4.2,0.5714286,8.0,0.016073858,-0.1054058,-0.003141516
3027,4.2,1.1428572,8.0,0.010953915,-0.10629913,-0.0017711432
3028,4.2,1.7142857,8.0,0.0021344025,-0.10520174,-0.0008186071
3029,4.2,2.2857144,8.0,-0.0012964277,-0.10728467,0.0008305068
3030,4.2,2.857143,8.0,-0.010083316,-0.10387108,0.0016235154
3031,4.2,3.4285715,8.0,-0.015734248,-0.10734912,0.0028994216
3032,4.2,4.0,8.0,-0.028475722,-0.102979496,0.0047853757
3033,4.2,0.0,7.3846154,0.029664835,-0.1038206,-0.003599134
3034,4.2,0.5714286,7.3846154,0.01625924,-0.104135655,-0.002728006
3035,4.2,1.1428572,7.3846154,0.01124503,-0.10507856,-0.0016470491
3036,4.2,1.7142857,7.3846154,0.0019579544,-0.10386201,-0.00046640018
3037,4.2,2.2857144,7.3846154,-0.0013249858,-0.10627853,0.00040170673
3038,4.2,2.857143,7.3846154,-0.010631955,-0.10248236,0.0015846728
3039,4.2,3.4285715,7.3846154,-0.016100554,-0.10655837,0.0024253756
3040,4.2,4.0,7.3846154,-0.02909046,-0.101473965,0.0029325008
3041,4.2,0.0,6.769231,0.02982011,-0.10293344,-0.0031910127
3042,4.2,0.5714286,6.769231,0.016108617,-0.10299333,-0.0022094552
3043,4.2,1.1428572,6.769231,0.011486473,-0.10415516,-0.0013081641
3044,4.2,1.7142857,6.769231,0.0017160823,-0.102709256,-0.0004949626
3045,4.2,2.2857144,6.769231,-0.0013028813,-0.10554414,0.0004331785
3046,4.2,2.857143,6.769231,-0.011022531,-0.10125017,0.0011326711
3047,4.2,3.4285715,6.769231,-0.01621602,-0.10595096,0.0020147224
3048,4.2,4.0,6.769231,-0.029488364,-0.10038033,0.003009488
3049,4.2,0.0,6.1538463,0.029667385,-0.10211931,-0.0023952897
3050,4.2,0.5714286,6.1538463,0.016047787,-0.1021163,-0.001761251
3051,4.2,1.1428572,6.1538463,0.0114438115,-0.10342251,-0.001084598
3052,4.2,1.7142857,6.1538463,0.0016523438,-0.10190827,-0.00039440606
3053,4.2,2.2857144,6.1538463,-0.0013656908,-0.1047803,0.00022385997
3054,4.2,2.857143,6.1538463,-0.011157829,-0.10054823,0.0009077009
3055,4.2,3.4285715,6.1538463,-0.016280243,-0.10516606,0.0014244888
3056,4.2,4.0,6.1538463,-0.02946725,-0.09962993,0.0018818593
3057,4.2,0.0,5.5384617,0.029472746,-0.10148135,-0.0018186755
3058,4.2,0.5714286,5.5384617,0.015981054,-0.10160764,-0.0013482552
3059,4.2,1.1428572,5.5384617,0.01134477,-0.10278188,-0.00086411287
3060,4.2,1.7142857,5.5384617,0.0016463288,-0.1013949,-0.00038877668
3061,4.2,2.2857144,5.5384617,-0.0014588038,-0.10418744,8.262782e-05
3062,4.2,2.857143,5.5384617,-0.011136063,-0.10002147,0.0005060611
3063,4.2,3.4285715,5.5384617,-0.016343618,-0.10461362,0.0010004835
3064,4.2,4.0,5.5384617,-0.029426768,-0.099169046,0.0014872347
3065,4.2,0.0,4.923077,0.0293299,-0.101084456,-0.0012409353
3066,4.2,0.5714286,4.923077,0.015924152,-0.10120945,-0.0009584328
3067,4.2,1.1428572,4.923077,0.011271486,-0.1024155,-0.0006738316
3068,4.2,1.7142857,4.923077,0.0016218576,-0.10103529,-0.00039586474
3069,4.2,2.2857144,4.923077,-0.0014948522,-0.10380045,-0.00011194476
3070,4.2,2.857143,4.923077,-0.011146855,-0.09970325,0.00016389867
3071,4.2,3.4285715,4.923077,-0.016349278,-0.10420232,0.00036569493
3072,4.2,4.0,4.923077,-0.029349545,-0.0988306,0.0005661092
3073,4.2,0.0,4.3076925,0.029257191,-0.100885674,-0.0006837609
3074,4.2,0.5714286,4.3076925,0.015877355,-0.10104059,-0.0006049073
3075,4.2,1.1428572,4.3076925,0.011228843,-0.10221742,-0.0005080969
3076,4.2,1.7142857,4.3076925,0.0016020437,-0.1008643,-0.00040498856
3077,4.2,2.2857144,4.3076925,-0.0015247929,-0.10361491,-0.00032210478
3078,4.2,2.857143,4.3076925,-0.0111478,-0.099526435,-0.00023463817
3079,4.2,3.4285715,4.3076925,-0.016363228,-0.10403086,-9.8214245e-05
3080,4.2,4.0,4.3076925,-0.029344702,-0.09867341,1.808335e-05
3081,4.2,0.0,3.6923077,0.0292407,-0.10088589,-0.00016201868
3082,4.2,0.5714286,3.6923077,0.015860902,-0.101040535,-0.00023897311
3083,4.2,1.1428572,3.6923077,0.011212505,-0.10221756,-0.0003367116
3084,4.2,1.7142857,3.6923077,0.0015855894,-0.10086425,-0.0004382635
3085,4.2,2.2857144,3.6923077,-0.0015411547,-0.10361503,-0.0005219514
3086,4.2,2.857143,3.6923077,-0.011164269,-0.09952641,-0.00060804316
3087,4.2,3.4285715,3.6923077,-0.016379604,-0.10403099,-0.00074503984
3088,4.2,4.0,3.6923077,-0.029361213,-0.098673426,-0.0008599188
3089,4.2,0.0,3.0769231,0.02928099,-0.10108488,0.00039587525
3090,4.2,0.5714286,3.0769231,0.015874961,-0.10120917,0.00011396209
3091,4.2,1.1428572,3.0769231,0.011222379,-0.10241594,-0.00017047836
3092,4.2,1.7142857,3.0769231,0.0015725543,-0.10103515,-0.00044782172
3093,4.2,2.2857144,3.0769231,-0.0015439817,-0.10380077,-0.00073174003
3094,4.2,2.857143,3.0769231,-0.01119623,-0.099703245,-0.0010069163
3095,4.2,3.4285715,3.0769231,-0.016398478,-0.104202524,-0.0012086489
3096,4.2,4.0,3.0769231,-0.029399015,-0.098830566,-0.0014082687
3097,4.2,0.0,2.4615386,0.029390773,-0.10148205,0.00097344315
3098,4.2,0.5714286,2.4615386,0.015899051,-0.10160736,0.0005037554
3099,4.2,1.1428572,2.4615386,0.011262856,-0.1027825,1.9896286e-05
3100,4.2,1.7142857,2.4615386,0.0015642556,-0.10139478,-0.00045503554
3101,4.2,2.2857144,2.4615386,-0.0015408096,-0.104187824,-0.0009261902
3102,4.2,2.857143,2.4615386,-0.011218226,-0.10002161,-0.0013492213
3103,4.2,3.4285715,2.4615386,-0.016425723,-0.10461382,-0.0018432975
3104,4.2,4.0,2.4615386,-0.029509118,-0.0991693,-0.0023294822
3105,4.2,0.0,1.8461539,0.029552987,-0.102120295,0.0015502102
3106,4.2,0.5714286,1.8461539,0.01593299,-0.102115735,0.0009168042
3107,4.2,1.1428572,1.8461539,0.011329191,-0.10342347,0.00024027268
3108,4.2,1.7142857,1.8461539,0.0015373378,-0.101908,-0.00044930048
3109,4.2,2.2857144,1.8461539,-0.0014803826,-0.10478092,-0.0010675356
3110,4.2,2.857143,1.8461539,-0.011272991,-0.10054833,-0.0017507742
3111,4.2,3.4285715,1.8461539,-0.01639508,-0.105166376,-0.0022674163
3112,4.2,4.0,1.8461539,-0.02958264,-0.09963006,-0.002724097
3113,4.2,0.0,1.2307693,0.029673016,-0.10293492,0.0023457112
3114,4.2,0.5714286,1.2307693,0.015960654,-0.10299253,0.0013649715
3115,4.2,1.1428572,1.2307693,0.011339376,-0.1041565,0.00046393945
3116,4.2,1.7142857,1.2307693,0.0015679729,-0.10270872,-0.00034885254
3117,4.2,2.2857144,1.2307693,-0.0014501243,-0.10554513,-0.0012767665
3118,4.2,2.857143,1.2307693,-0.011170806,-0.10125001,-0.0019758507
3119,4.2,3.4285715,1.2307693,-0.016363446,-0.10595168,-0.0028575843
3120,4.2,4.0,1.2307693,-0.02963693,-0.1003803,-0.0038516235
3121,4.2,0.0,0.61538464,0.029485319,-0.103822336,0.0027542112
3122,4.2,0.5714286,0.61538464,0.016078433,-0.104134545,0.0018835132
3123,4.2,1.1428572,0.61538464,0.0110652875,-0.105080225,0.00080274465
3124,4.2,1.7142857,0.61538464,0.0017768469,-0.10386132,-0.00037730768
3125,4.2,2.2857144,0.61538464,-0.0015048356,-0.10627969,-0.001245417
3126,4.2,2.857143,0.61538464,-0.010813287,-0.102482155,-0.0024277738
3127,4.2,3.4285715,0.61538464,-0.016280621,-0.106559135,-0.0032683057
3128,4.2,4.0,0.61538464,-0.029272085,-0.10147384,-0.0037749268
3129,4.2,0.0,0.0,0.028961146,-0.10526418,0.0040714326
3130,4.2,0.5714286,0.0,0.015860097,-0.105404526,0.0022972075
3131,4.2,1.1428572,0.0,0.010741459,-0.106301025,0.00092690205
3132,4.2,1.7142857,0.0,0.001920432,-0.10520096,-2.5221541e-05
3133,4.2,2.2857144,0.0,-0.0015090404,-0.10728589,-0.0016740886
3134,4.2,2.857143,0.0,-0.010297514,-0.103870966,-0.0024667566
3135,4.2,3.4285715,0.0,-0.015947042,-0.107349865,-0.003742393
3136,4.2,4.0,0.0,-0.028690327,-0.102979526,-0.005627332
3137,4.8,0.0,8.0,0.028887035,-0.09177645,-0.0034278526
3138,4.8,0.5714286,8.0,0.019749744,-0.0920792,-0.00268148
3139,4.8,1.1428572,8.0,0.009417977,-0.09255113,-0.0017084529
3140,4.8,1.7142857,8.0,0.004269641,-0.09321093,-0.00034468973
3141,4.8,2.2857144,8.0,-0.003963957,-0.0916116,0.00031089855
3142,4.8,2.857143,8.0,-0.009331136,-0.09383878,0.0015814053
3143,4.8,3.4285715,8.0,-0.019370416,-0.09046868,0.0024455115
3144,4.8,4.0,8.0,-0.028946223,-0.09322578,0.002618635
3145,4.8,0.0,7.3846154,0.029205004,-0.09084512,-0.0033571539
3146,4.8,0.5714286,7.3846154,0.020254707,-0.090925954,-0.0022420143
3147,4.8,1.1428572,7.3846154,0.009555441,-0.09147439,-0.001310542
3148,4.8,1.7142857,7.3846154,0.0044858744,-0.09227899,-0.0005217053
3149,4.8,2.2857144,7.3846154,-0.0042146808,-0.09049973,0.0004679231
3150,4.8,2.857143,7.3846154,-0.009457827,-0.09309606,0.001126882
3151,4.8,3.4285715,7.3846154,-0.019934818,-0.08933524,0.0019981333
3152,4.8,4.0,7.3846154,-0.029359749,-0.09265595,0.0031668919
3153,4.8,0.0,6.769231,0.02900177,-0.08976111,-0.002530661
3154,4.8,0.5714286,6.769231,0.020539649,-0.09011594,-0.0018565616
3155,4.8,1.1428572,6.769231,0.009467132,-0.090548255,-0.0011297831
3156,4.8,1.7142857,6.769231,0.0046021896,-0.09159034,-0.0003730387
3157,4.8,2.2857144,6.769231,-0.004450568,-0.08950867,0.00024493778
3158,4.8,2.857143,6.769231,-0.0095447935,-0.09256317,0.0009987289
3159,4.8,3.4285715,6.769231,-0.020297881,-0.088331744,0.0015455944
3160,4.8,4.0,6.769231,-0.029290844,-0.09208215,0.0019282922
3161,4.8,0.0,6.1538463,0.02886119,-0.089061394,-0.0020628227
3162,4.8,0.5714286,6.1538463,0.020453675,-0.08951991,-0.0014828277
3163,4.8,1.1428572,6.1538463,0.009407144,-0.08982271,-0.00091871276
3164,4.8,1.7142857,6.1538463,0.004572194,-0.09097409,-0.0003782307
3165,4.8,2.2857144,6.1538463,-0.0045756195,-0.088877484,0.00018237668
3166,4.8,2.857143,6.1538463,-0.009610995,-0.09192169,0.0006389233
3167,4.8,3.4285715,6.1538463,-0.020405294,-0.08775695,0.0012115149
3168,4.8,4.0,6.1538463,-0.029342387,-0.09151415,0.0018382064
3169,4.8,0.0,5.5384617,0.028691487,-0.08859125,-0.0015538213
3170,4.8,0.5714286,5.5384617,0.020329213,-0.08894166,-0.0011541168
3171,4.8,1.1428572,5.5384617,0.009374389,-0.0894023,-0.0007542912
3172,4.8,1.7142857,5.5384617,0.004468065,-0.090448976,-0.00036878313
3173,4.8,2.2857144,5.5384617,-0.004574403,-0.08844146,5.788997e-06
3174,4.8,2.857143,5.5384617,-0.009706276,-0.09143543,0.00039145397
3175,4.8,3.4285715,5.5384617,-0.02038639,-0.0873152,0.00068330107
3176,4.8,4.0,5.5384617,-0.029288875,-0.09100391,0.00094422075
3177,4.8,0.0,4.923077,0.028598215,-0.08826457,-0.0010837532
3178,4.8,0.5714286,4.923077,0.020219157,-0.088636406,-0.0008586485
3179,4.8,1.1428572,4.923077,0.009327203,-0.0890736,-0.0006247219
3180,4.8,1.7142857,4.923077,0.004419385,-0.090126894,-0.000382647
3181,4.8,2.2857144,4.923077,-0.0046043955,-0.088150084,-0.00016228003
3182,4.8,2.857143,4.923077,-0.009728479,-0.09109276,4.6165635e-05
3183,4.8,3.4285715,4.923077,-0.020377766,-0.08705257,0.00031230837
3184,4.8,4.0,4.923077,-0.029296748,-0.09069224,0.0005814995
3185,4.8,0.0,4.3076925,0.028517686,-0.08810478,-0.0006643093
3186,4.8,0.5714286,4.3076925,0.020164557,-0.08845543,-0.0005722046
3187,4.8,1.1428572,4.3076925,0.009294429,-0.0889286,-0.0004924071
3188,4.8,1.7142857,4.3076925,0.0043788096,-0.08996073,-0.00042548325
3189,4.8,2.2857144,4.3076925,-0.0046162843,-0.0880003,-0.0003403711
3190,4.8,2.857143,4.3076925,-0.009755475,-0.09093689,-0.00026433368
3191,4.8,3.4285715,4.3076925,-0.020376237,-0.08689847,-0.00024276701
3192,4.8,4.0,4.3076925,-0.029273978,-0.090528265,-0.00022079308
3193,4.8,0.0,3.6923077,0.02850144,-0.088104606,-0.00021236774
3194,4.8,0.5714286,3.6923077,0.020148257,-0.08845557,-0.00030499513
3195,4.8,1.1428572,3.6923077,0.009277959,-0.0889285,-0.0003833461
3196,4.8,1.7142857,3.6923077,0.004362477,-0.08996087,-0.00045083812
3197,4.8,2.2857144,3.6923077,-0.004632765,-0.08800024,-0.0005346939
3198,4.8,2.857143,3.6923077,-0.009771833,-0.09093699,-0.0006111729
3199,4.8,3.4285715,3.6923077,-0.020392748,-0.08689842,-0.0006315047
3200,4.8,4.0,3.6923077,-0.029290384,-0.09052832,-0.00065369566
3201,4.8,0.0,3.0769231,0.028548844,-0.08826421,0.00020658421
3202,4.8,0.5714286,3.0769231,0.020170087,-0.08863698,-1.8139779e-05
3203,4.8,1.1428572,3.0769231,0.009277914,-0.08907328,-0.00025139173
3204,4.8,1.7142857,3.0769231,0.0043703,-0.09012729,-0.00049335643
3205,4.8,2.2857144,3.0769231,-0.004653771,-0.088149935,-0.00071307184
3206,4.8,2.857143,3.0769231,-0.009777606,-0.091093004,-0.0009214168
3207,4.8,3.4285715,3.0769231,-0.020427221,-0.08705255,-0.0011868215
3208,4.8,4.0,3.0769231,-0.029345956,-0.090692475,-0.0014557233
3209,4.8,0.0,2.4615386,0.028609715,-0.088590704,0.0006767055
3210,4.8,0.5714286,2.4615386,0.020247417,-0.08894238,0.0002773921
3211,4.8,1.1428572,2.4615386,0.009292295,-0.08940191,-0.000121926045
3212,4.8,1.7142857,2.4615386,0.0043861647,-0.09044951,-0.0005071028
3213,4.8,2.2857144,2.4615386,-0.004656588,-0.088441335,-0.0008812707
3214,4.8,2.857143,2.4615386,-0.009788275,-0.09143569,-0.0012665808
3215,4.8,3.4285715,2.4615386,-0.020468712,-0.08731526,-0.001557955
3216,4.8,4.0,2.4615386,-0.029371036,-0.091004044,-0.0018183637
3217,4.8,0.0,1.8461539,0.028746242,-0.0890606,0.0011856246
3218,4.8,0.5714286,1.8461539,0.020339169,-0.089521125,0.0006060441
3219,4.8,1.1428572,1.8461539,0.00929214,-0.08982201,4.25901e-05
3220,4.8,1.7142857,1.8461539,0.004457631,-0.09097494,-0.00049775117
3221,4.8,2.2857144,1.8461539,-0.0046908,-0.08887721,-0.0010577732
3222,4.8,2.857143,1.8461539,-0.009725664,-0.091922134,-0.0015141463
3223,4.8,3.4285715,1.8461539,-0.020520661,-0.08775698,-0.0020860839
3224,4.8,4.0,1.8461539,-0.029457243,-0.0915145,-0.0027123436
3225,4.8,0.0,1.2307693,0.028854068,-0.08975981,0.0016536046
3226,4.8,0.5714286,1.2307693,0.020392703,-0.09011754,0.0009798345
3227,4.8,1.1428572,1.2307693,0.009319029,-0.09054724,0.00025357702
3228,4.8,1.7142857,1.2307693,0.0044550947,-0.09159157,-0.0005028535
3229,4.8,2.2857144,1.2307693,-0.0045988397,-0.089508116,-0.0011204268
3230,4.8,2.857143,1.2307693,-0.009692052,-0.09256394,-0.0018738805
3231,4.8,3.4285715,1.2307693,-0.020446371,-0.0883315,-0.002420242
3232,4.8,4.0,1.2307693,-0.029438373,-0.09208273,-0.002802542
3233,4.8,0.0,0.61538464,0.029024113,-0.090843625,0.00247978
3234,4.8,0.5714286,0.61538464,0.020075077,-0.09092801,0.0013653081
3235,4.8,1.1428572,0.61538464,0.009374373,-0.09147307,0.00043442906
3236,4.8,1.7142857,0.61538464,0.004306178,-0.0922805,-0.00035427828
3237,4.8,2.2857144,0.61538464,-0.0043959995,-0.09049901,-0.0013433223
3238,4.8,2.857143,0.61538464,-0.009637674,-0.09309698,-0.0020021303
3239,4.8,3.4285715,0.61538464,-0.02011638,-0.08933498,-0.0028727695
3240,4.8,4.0,0.61538464,-0.029539892,-0.09265668,-0.0040408843
3241,4.8,0.0,0.0,0.028673427,-0.09177443,0.0025512048
3242,4.8,0.5714286,0.0,0.019537568,-0.09208165,0.0018046414
3243,4.8,1.1428572,0.0,0.009203895,-0.092549495,0.0008323188
3244,4.8,1.7142857,0.0,0.004057321,-0.09321268,-0.0005311744
3245,4.8,2.2857144,0.0,-0.0041782605,-0.09161081,-0.0011864213
3246,4.8,2.857143,0.0,-0.009543616,-0.09383971,-0.0024565784
3247,4.8,3.4285715,0.0,-0.019584985,-0.09046843,-0.0033201543
3248,4.8,4.0,0.0,-0.029158974,-0.0932265,-0.0034931432
3249,5.4,0.0,8.0,0.032379583,-0.077255085,-0.0032097888
3250,5.4,0.5714286,8.0,0.019195426,-0.07904885,-0.0020568906
3251,5.4,1.1428572,8.0,0.011424605,-0.07828152,-0.0009902422
3252,5.4,1.7142857,8.0,0.0027990537,-0.078534834,-0.00043589642
3253,5.4,2.2857144,8.0,-0.0031380814,-0.079445414,0.0006216044
3254,5.4,2.857143,8.0,-0.011738065,-0.07745879,0.0011708781
3255,5.4,3.4285715,8.0,-0.019580016,-0.07966694,0.0018748778
3256,5.4,4.0,8.0,-0.032095842,-0.076837055,0.003216736
3257,5.4,0.0,7.3846154,0.03294359,-0.07604813,-0.00234123
3258,5.4,0.5714286,7.3846154,0.01967228,-0.07825798,-0.0016806332
3259,5.4,1.1428572,7.3846154,0.011871732,-0.07744092,-0.0009841514
3260,5.4,1.7142857,7.3846154,0.0028723984,-0.07768298,-0.00021469244
3261,5.4,2.2857144,7.3846154,-0.00303207,-0.078794315,0.00033725039
3262,5.4,2.857143,7.3846154,-0.01203449,-0.076603495,0.0010761549
3263,5.4,3.4285715,7.3846154,-0.019870857,-0.07916426,0.0015986948
3264,5.4,4.0,7.3846154,-0.032503292,-0.07595714,0.0018046334
3265,5.4,0.0,6.769231,0.033159085,-0.07549511,-0.0019868372
3266,5.4,0.5714286,6.769231,0.019632315,-0.077531695,-0.0013838065
3267,5.4,1.1428572,6.769231,0.0120791765,-0.07681838,-0.00078978797
3268,5.4,1.7142857,6.769231,0.0027813863,-0.07692355,-0.00025648595
3269,5.4,2.2857144,6.769231,-0.0030314187,-0.078338616,0.00032488292
3270,5.4,2.857143,6.769231,-0.0122995,-0.07581146,0.000743938
3271,5.4,3.4285715,6.769231,-0.019963793,-0.078785606,0.0013047822
3272,5.4,4.0,6.769231,-0.032757122,-0.0752449,0.0020134663
3273,5.4,0.0,6.1538463,0.032923765,-0.07494973,-0.0015840557
3274,5.4,0.5714286,6.1538463,0.019553777,-0.07689548,-0.0011191639
3275,5.4,1.1428572,6.1538463,0.012053406,-0.0763572,-0.0006750494
3276,5.4,1.7142857,6.1538463,0.0026724515,-0.07638047,-0.00024200577
3277,5.4,2.2857144,6.1538463,-0.0030804367,-0.077842675,0.00013505029
3278,5.4,2.857143,6.1538463,-0.012442645,-0.075326644,0.00057423493
3279,5.4,3.4285715,6.1538463,-0.020020898,-0.078287624,0.0008760087
3280,5.4,4.0,6.1538463,-0.032724846,-0.074745715,0.0011241473
3281,5.4,0.0,5.5384617,0.032768663,-0.074497834,-0.0012085598
3282,5.4,0.5714286,5.5384617,0.019453416,-0.076578036,-0.0009048994
3283,5.4,1.1428572,5.5384617,0.011933585,-0.075901106,-0.00059562374
3284,5.4,1.7142857,5.5384617,0.0026619013,-0.07603595,-0.00028943404
3285,5.4,2.2857144,5.5384617,-0.0031865153,-0.0774264,2.6402724e-06
3286,5.4,2.857143,5.5384617,-0.012443784,-0.07497074,0.00025519126
3287,5.4,3.4285715,5.5384617,-0.020076577,-0.07789312,0.00059072766
3288,5.4,4.0,5.5384617,-0.03270753,-0.07442612,0.000963905
3289,5.4,0.0,4.923077,0.03257789,-0.074219935,-0.00091739744
3290,5.4,0.5714286,4.923077,0.01938721,-0.076285385,-0.00070968975
3291,5.4,1.1428572,4.923077,0.011869762,-0.075646,-0.0005246812
3292,5.4,1.7142857,4.923077,0.0026107193,-0.0757799,-0.00035111498
3293,5.4,2.2857144,4.923077,-0.0032223004,-0.07714925,-0.00017861393
3294,5.4,2.857143,4.923077,-0.012469978,-0.074739136,3.0381836e-06
3295,5.4,3.4285715,4.923077,-0.020089667,-0.077606425,0.000112180394
3296,5.4,4.0,4.923077,-0.03263325,-0.07418653,0.00021765287
3297,5.4,0.0,4.3076925,0.032515597,-0.0740737,-0.0005897711
3298,5.4,0.5714286,4.3076925,0.019329675,-0.076167196,-0.00054211396
3299,5.4,1.1428572,4.3076925,0.011816685,-0.075499654,-0.00048025258
3300,5.4,1.7142857,4.3076925,0.0025901082,-0.07565642,-0.00041432702
3301,5.4,2.2857144,4.3076925,-0.0032595133,-0.07701256,-0.0003615121
3302,5.4,2.857143,4.3076925,-0.012476908,-0.07461138,-0.00031438764
3303,5.4,3.4285715,4.3076925,-0.020102583,-0.07747676,-0.00020679671
3304,5.4,4.0,4.3076925,-0.03263409,-0.07407138,-9.478294e-05
3305,5.4,0.0,3.6923077,0.03249907,-0.074073926,-0.00032003364
3306,5.4,0.5714286,3.6923077,0.019313212,-0.076167084,-0.00036629115
3307,5.4,1.1428572,3.6923077,0.011800375,-0.07549981,-0.00042844252
3308,5.4,1.7142857,3.6923077,0.0025736243,-0.07565631,-0.0004932035
3309,5.4,2.2857144,3.6923077,-0.0032758533,-0.07701267,-0.00054629555
3310,5.4,2.857143,3.6923077,-0.0124934055,-0.07461131,-0.0005923167
3311,5.4,3.4285715,3.6923077,-0.02011895,-0.077476844,-0.0007000338
3312,5.4,4.0,3.6923077,-0.032650586,-0.074071355,-0.00081083475
3313,5.4,0.0,3.0769231,0.032529112,-0.07422057,7.927575e-06
3314,5.4,0.5714286,3.0769231,0.019337937,-0.07628479,-0.00019900194
3315,5.4,1.1428572,3.0769231,0.011820719,-0.07564654,-0.000383752
3316,5.4,1.7142857,3.0769231,0.0025613494,-0.07577956,-0.00055664935
3317,5.4,2.2857144,3.0769231,-0.003271381,-0.077149555,-0.00072898297
3318,5.4,2.857143,3.0769231,-0.012519425,-0.07473898,-0.0009099402
3319,5.4,3.4285715,3.0769231,-0.020138822,-0.07760657,-0.001018828
3320,5.4,4.0,3.0769231,-0.032682832,-0.07418641,-0.0011234817
3321,5.4,0.0,2.4615386,0.03268671,-0.07449874,0.0002991209
3322,5.4,0.5714286,2.4615386,0.019371348,-0.07657739,-3.867355e-06
3323,5.4,1.1428572,2.4615386,0.0118517745,-0.075901814,-0.00031270113
3324,5.4,1.7142857,2.4615386,0.0025797093,-0.07603552,-0.0006184442
3325,5.4,2.2857144,2.4615386,-0.0032684288,-0.077426784,-0.00091012014
3326,5.4,2.857143,2.4615386,-0.0125260735,-0.0749706,-0.0011622205
3327,5.4,3.4285715,2.4615386,-0.020158617,-0.07789328,-0.0014972505
3328,5.4,4.0,2.4615386,-0.032789957,-0.07442611,-0.0018698064
3329,5.4,0.0,1.8461539,0.032809604,-0.07495108,0.00067462365
3330,5.4,0.5714286,1.8461539,0.019438809,-0.07689427,0.00021047564
3331,5.4,1.1428572,1.8461539,0.011938949,-0.0763584,-0.00023334639
3332,5.4,1.7142857,1.8461539,0.002557273,-0.07637974,-0.0006657926
3333,5.4,2.2857144,1.8461539,-0.0031949887,-0.077843316,-0.0010426091
3334,5.4,2.857143,1.8461539,-0.012557985,-0.07532637,-0.0014811927
3335,5.4,3.4285715,1.8461539,-0.020135615,-0.078287885,-0.0017826168
3336,5.4,4.0,1.8461539,-0.032840453,-0.074745566,-0.0020300646
3337,5.4,0.0,1.2307693,0.033012006,-0.07549714,0.0010773764
3338,5.4,0.5714286,1.2307693,0.019484269,-0.077530146,0.0004750679
3339,5.4,1.1428572,1.2307693,0.011932205,-0.07681997,-0.00011852886
3340,5.4,1.7142857,1.2307693,0.002633129,-0.076922506,-0.0006513714
3341,5.4,2.2857144,1.2307693,-0.0031785497,-0.078339584,-0.0012323781
3342,5.4,2.857143,1.2307693,-0.01244792,-0.07581092,-0.0016509668
3343,5.4,3.4285715,1.2307693,-0.020111145,-0.07878616,-0.0022113475
3344,5.4,4.0,1.2307693,-0.03290578,-0.07524458,-0.0029192797
3345,5.4,0.0,0.61538464,0.032764245,-0.07605044,0.0014319988
3346,5.4,0.5714286,0.61538464,0.019491302,-0.07825593,0.0007719334
3347,5.4,1.1428572,0.61538464,0.011692138,-0.07744296,7.579796e-05
3348,5.4,1.7142857,0.61538464,0.002691123,-0.07768163,-0.0006931004
3349,5.4,2.2857144,0.61538464,-0.0032117942,-0.07879553,-0.0012447963
3350,5.4,2.857143,0.61538464,-0.0122159785,-0.07660282,-0.001983145
3351,5.4,3.4285715,0.61538464,-0.020050805,-0.07916487,-0.002505282
3352,5.4,4.0,0.61538464,-0.032685112,-0.07595672,-0.002710709
3353,5.4,0.0,0.0,0.03216739,-0.07725834,0.0022999402
3354,5.4,0.5714286,0.0,0.018981293,-0.07904621,0.0011483805
3355,5.4,1.1428572,0.0,0.011212538,-0.07828406,8.195191e-05
3356,5.4,1.7142857,0.0,0.0025846506,-0.078533165,-0.00047193916
3357,5.4,2.2857144,0.0,-0.0033503163,-0.079446785,-0.001529073
3358,5.4,2.857143,0.0,-0.011952642,-0.07745805,-0.0020779192
3359,5.4,3.4285715,0.0,-0.01979246,-0.079667576,-0.0027815376
3360,5.4,4.0,0.0,-0.032310728,-0.07683663,-0.0041223927
3361,6.0,0.0,8.0,0.032427475,-0.06472145,-0.0017694398
3362,6.0,0.5714286,8.0,0.021024765,-0.062432844,-0.001051527
3363,6.0,1.1428572,8.0,0.010846009,-0.06481513,-0.000640542
3364,6.0,1.7142857,8.0,0.0036273126,-0.064195365,0.0001813546
3365,6.0,2.2857144,8.0,-0.0045133918,-0.06387804,0.0006078016
3366,6.0,2.857143,8.0,-0.011795083,-0.06518657,0.0011469577
3367,6.0,3.4285715,8.0,-0.021650046,-0.06309082,0.0016585513
3368,6.0,4.0,8.0,-0.032708917,-0.06520737,0.0014602495
3369,6.0,0.0,7.3846154,0.033156916,-0.0643808,-0.001519887
3370,6.0,0.5714286,7.3846154,0.021693785,-0.061629083,-0.0009979291
3371,6.0,1.1428572,7.3846154,0.011235553,-0.064213336,-0.00040527157
3372,6.0,1.7142857,7.3846154,0.004028515,-0.06365582,6.911244e-05
3373,6.0,2.2857144,7.3846154,-0.004532211,-0.06330091,0.0005646074
3374,6.0,2.857143,7.3846154,-0.011819223,-0.06482977,0.0008882962
3375,6.0,3.4285715,7.3846154,-0.022027908,-0.06252531,0.0013001702
3376,6.0,4.0,7.3846154,-0.03304192,-0.06494395,0.0020174894
3377,6.0,0.0,6.769231,0.03291735,-0.06369703,-0.0012757943
3378,6.0,0.5714286,6.769231,0.021955796,-0.061093677,-0.0007707327
3379,6.0,1.1428572,6.769231,0.011273877,-0.06369577,-0.0003419193
3380,6.0,1.7142857,6.769231,0.0040756087,-0.06330711,4.3947053e-05
3381,6.0,2.2857144,6.769231,-0.0046785716,-0.06272664,0.0003591441
3382,6.0,2.857143,6.769231,-0.011911194,-0.064557835,0.0007370152
3383,6.0,3.4285715,6.769231,-0.022290079,-0.06194861,0.0009962067
3384,6.0,4.0,6.769231,-0.032952245,-0.06467387,0.0011190373
3385,6.0,0.0,6.1538463,0.032834236,-0.063260496,-0.0009520244
3386,6.0,0.5714286,6.1538463,0.021837099,-0.060801942,-0.00066033745
3387,6.0,1.1428572,6.1538463,0.011139746,-0.0632557,-0.00034796027
3388,6.0,1.7142857,6.1538463,0.0040574744,-0.06295157,-5.949882e-05
3389,6.0,2.2857144,6.1538463,-0.0048172497,-0.062332906,0.0002268679
3390,6.0,2.857143,6.1538463,-0.011970676,-0.0641855,0.00043810095
3391,6.0,3.4285715,6.1538463,-0.022384543,-0.061578378,0.0007663332
3392,6.0,4.0,6.1538463,-0.03299784,-0.06434116,0.0011891747
3393,6.0,0.0,5.5384617,0.032548122,-0.06299426,-0.00084517035
3394,6.0,0.5714286,5.5384617,0.021712331,-0.060418483,-0.0005852545
3395,6.0,1.1428572,5.5384617,0.011120754,-0.06300427,-0.000363328
3396,6.0,1.7142857,5.5384617,0.003939631,-0.06260806,-0.00016558265
3397,6.0,2.2857144,5.5384617,-0.0048320824,-0.06205797,2.2524064e-05
3398,6.0,2.857143,5.5384617,-0.012063246,-0.06385607,0.00023029184
3399,6.0,3.4285715,5.5384617,-0.022387847,-0.06130483,0.00036463529
3400,6.0,4.0,5.5384617,-0.032944106,-0.064011134,0.000480797
3401,6.0,0.0,4.923077,0.032507453,-0.06276586,-0.00067017
3402,6.0,0.5714286,4.923077,0.021602469,-0.060223307,-0.0005372313
3403,6.0,1.1428572,4.923077,0.011040475,-0.062785916,-0.0004058453
3404,6.0,1.7142857,4.923077,0.0038945265,-0.06239035,-0.0002817608
3405,6.0,2.2857144,4.923077,-0.0048790206,-0.061859444,-0.00016482787
3406,6.0,2.857143,4.923077,-0.012091547,-0.063623965,-6.7976995e-05
3407,6.0,3.4285715,4.923077,-0.022386953,-0.06111848,0.00010549941
3408,6.0,4.0,4.923077,-0.032960128,-0.063799605,0.00031222182
3409,6.0,0.0,4.3076925,0.032383215,-0.06267169,-0.00054660294
3410,6.0,0.5714286,4.3076925,0.021542674,-0.060102,-0.0004907555
3411,6.0,1.1428572,4.3076925,0.011012186,-0.062687434,-0.00044627278
3412,6.0,1.7142857,4.3076925,0.0038472107,-0.06227449,-0.00040906228
3413,6.0,2.2857144,4.3076925,-0.0048950585,-0.061755646,-0.00036858302
3414,6.0,2.857143,4.3076925,-0.012120858,-0.06351134,-0.00031966882
3415,6.0,3.4285715,4.3076925,-0.022391574,-0.06101442,-0.0003305331
3416,6.0,4.0,4.3076925,-0.03293943,-0.06368546,-0.0003484722
3417,6.0,0.0,3.6923077,0.032367054,-0.062671475,-0.00039465178
3418,6.0,0.5714286,3.6923077,0.02152636,-0.06010214,-0.00045047866
3419,6.0,1.1428572,3.6923077,0.010995708,-0.062687285,-0.00049383147
3420,6.0,1.7142857,3.6923077,0.0038308825,-0.062274624,-0.00053113856
3421,6.0,2.2857144,3.6923077,-0.0049115494,-0.061755534,-0.0005706005
3422,6.0,2.857143,3.6923077,-0.0121372165,-0.06351142,-0.0006195265
3423,6.0,3.4285715,3.6923077,-0.022408089,-0.061014343,-0.0006076115
3424,6.0,4.0,3.6923077,-0.032955877,-0.06368547,-0.0005895155
3425,6.0,0.0,3.0769231,0.03245794,-0.06276506,-0.000271293
3426,6.0,0.5714286,3.0769231,0.021553477,-0.060224134,-0.0004037894
3427,6.0,1.1428572,3.0769231,0.010991134,-0.06278529,-0.0005344406
3428,6.0,1.7142857,3.0769231,0.0038454724,-0.062390793,-0.0006582723
3429,6.0,2.2857144,3.0769231,-0.004928447,-0.06185912,-0.0007745101
3430,6.0,2.857143,3.0769231,-0.012140657,-0.06362415,-0.0008710771
3431,6.0,3.4285715,3.0769231,-0.02243646,-0.06111833,-0.001043783
3432,6.0,4.0,3.0769231,-0.033009302,-0.063799694,-0.0012500475
3433,6.0,0.0,2.4615386,0.032466404,-0.06299322,-9.635353e-05
3434,6.0,0.5714286,2.4615386,0.021630567,-0.060419373,-0.00035565867
3435,6.0,1.1428572,2.4615386,0.01103859,-0.06300352,-0.00057705265
3436,6.0,1.7142857,2.4615386,0.0038577763,-0.06260863,-0.0007743388
3437,6.0,2.2857144,2.4615386,-0.00491435,-0.062057555,-0.00096197875
3438,6.0,2.857143,2.4615386,-0.012145212,-0.063856274,-0.0011692322
3439,6.0,3.4285715,2.4615386,-0.022470241,-0.061304647,-0.0013030436
3440,6.0,4.0,2.4615386,-0.0330263,-0.064011134,-0.0014185604
3441,6.0,0.0,1.8461539,0.032719083,-0.063258916,1.0630084e-05
3442,6.0,0.5714286,1.8461539,0.021722741,-0.06080364,-0.00028062356
3443,6.0,1.1428572,1.8461539,0.011024623,-0.06325438,-0.000592341
3444,6.0,1.7142857,1.8461539,0.00394298,-0.06295254,-0.0008804806
3445,6.0,2.2857144,1.8461539,-0.004932543,-0.062332228,-0.0011662617
3446,6.0,2.857143,1.8461539,-0.012085294,-0.06418586,-0.0013771119
3447,6.0,3.4285715,1.8461539,-0.022500016,-0.0615781,-0.0017046786
3448,6.0,4.0,1.8461539,-0.033112653,-0.064341255,-0.0021269224
3449,6.0,0.0,1.2307693,0.032769684,-0.06369465,0.00033431654
3450,6.0,0.5714286,1.2307693,0.021808889,-0.061095826,-0.00017011711
3451,6.0,1.1428572,1.2307693,0.011125679,-0.06369409,-0.0005984002
3452,6.0,1.7142857,1.2307693,0.003928561,-0.06330845,-0.000983882
3453,6.0,2.2857144,1.2307693,-0.0048269387,-0.06272565,-0.0012985704
3454,6.0,2.857143,1.2307693,-0.012058426,-0.06455846,-0.0016759908
3455,6.0,3.4285715,1.2307693,-0.02243864,-0.061948057,-0.0019345945
3456,6.0,4.0,1.2307693,-0.033099834,-0.06467412,-0.0020568902
3457,6.0,0.0,0.61538464,0.032975815,-0.064378306,0.00057842827
3458,6.0,0.5714286,0.61538464,0.021514226,-0.06163185,5.704861e-05
3459,6.0,1.1428572,0.61538464,0.011054412,-0.06421119,-0.0005350004
3460,6.0,1.7142857,0.61538464,0.003848805,-0.06365757,-0.0010090101
3461,6.0,2.2857144,0.61538464,-0.004713596,-0.06329965,-0.0015040272
3462,6.0,2.857143,0.61538464,-0.011999074,-0.06483054,-0.0018272717
3463,6.0,3.4285715,0.61538464,-0.022209518,-0.06252466,-0.0022385933
3464,6.0,4.0,0.61538464,-0.03322207,-0.06494424,-0.0029551263
3465,6.0,0.0,0.0,0.03221361,-0.06471739,0.0008284747
3466,6.0,0.5714286,0.0,0.020812877,-0.062436618,0.00011065192
3467,6.0,1.1428572,0.0,0.010631579,-0.0648123,-0.00029969748
3468,6.0,1.7142857,0.0,0.0034152446,-0.06419752,-0.0011211971
3469,6.0,2.2857144,0.0,-0.004728007,-0.06387653,-0.0015471944
3470,6.0,2.857143,0.0,-0.012007338,-0.0651874,-0.002085936
3471,6.0,3.4285715,0.0,-0.021864824,-0.06309011,-0.0025969234
3472,6.0,4.0,0.0,-0.03292155,-0.06520762,-0.0023982937
3473,6.6,0.0,8.0,0.03438397,-0.04569816,-0.0005670425
3474,6.6,0.5714286,8.0,0.020862194,-0.050729956,-0.00036516378
3475,6.6,1.1428572,8.0,0.0114901485,-0.047743604,0.00047684647
3476,6.6,1.7142857,8.0,0.0031150316,-0.049530126,0.00077101984
3477,6.6,2.2857144,8.0,-0.004271072,-0.050011482,0.0009218784
3478,6.6,2.857143,8.0,-0.013216127,-0.049299065,0.0011825276
3479,6.6,3.4285715,8.0,-0.021935724,-0.05093476,0.0011625878
3480,6.6,4.0,8.0,-0.034454223,-0.04882209,0.001870332
3481,6.6,0.0,7.3846154,0.03500099,-0.04462443,-0.0006158174
3482,6.6,0.5714286,7.3846154,0.021677162,-0.050405443,6.0201055e-05
3483,6.6,1.1428572,7.3846154,0.012249474,-0.047329873,0.0003797399
3484,6.6,1.7142857,7.3846154,0.0033891026,-0.049274366,0.0005883998
3485,6.6,2.2857144,7.3846154,-0.004060706,-0.049834944,0.000742806
3486,6.6,2.857143,7.3846154,-0.013361564,-0.048997674,0.0009073368
3487,6.6,3.4285715,7.3846154,-0.022143338,-0.050838605,0.0010690773
3488,6.6,4.0,7.3846154,-0.034740306,-0.04852502,0.0009400392
3489,6.6,0.0,6.769231,0.03533449,-0.04436149,-9.844183e-05
3490,6.6,0.5714286,6.769231,0.021670308,-0.05019212,1.8686866e-06
3491,6.6,1.1428572,6.769231,0.012263043,-0.047136698,0.00022204308
3492,6.6,1.7142857,6.769231,0.0033061747,-0.04890668,0.00040036798
3493,6.6,2.2857144,6.769231,-0.004104707,-0.049668442,0.00054344884
3494,6.6,2.857143,6.769231,-0.01357285,-0.04860957,0.00064770743
3495,6.6,3.4285715,6.769231,-0.022228712,-0.05070153,0.00084229186
3496,6.6,4.0,6.769231,-0.034921013,-0.04817394,0.001256926
3497,6.6,0.0,6.1538463,0.034812056,-0.04417523,-0.0003526385
3498,6.6,0.5714286,6.1538463,0.02149254,-0.049872953,-9.440444e-05
3499,6.6,1.1428572,6.1538463,0.01226318,-0.046901003,5.5657092e-05
3500,6.6,1.7142857,6.1538463,0.0031826177,-0.048606336,0.00019490419
3501,6.6,2.2857144,6.1538463,-0.0041485606,-0.04940584,0.00029695508
3502,6.6,2.857143,6.1538463,-0.0137051195,-0.048317466,0.0004521142
3503,6.6,3.4285715,6.1538463,-0.022277433,-0.050456252,0.00053002883
3504,6.6,4.0,6.1538463,-0.03490335,-0.047888283,0.0005868746
3505,6.6,0.0,5.5384617,0.034848083,-0.04387604,-0.00037862407
3506,6.6,0.5714286,5.5384617,0.021432253,-0.049687915,-0.00023140528
3507,6.6,1.1428572,5.5384617,0.012122426,-0.046636984,-0.00011001415
3508,6.6,1.7142857,5.5384617,0.003157495,-0.04839827,-7.889442e-06
3509,6.6,2.2857144,5.5384617,-0.00425455,-0.04913788,8.898839e-05
3510,6.6,2.857143,5.5384617,-0.013726543,-0.04810871,0.0001594889
3511,6.6,3.4285715,5.5384617,-0.022330297,-0.05019109,0.00032757604
3512,6.6,4.0,5.5384617,-0.034902785,-0.047708847,0.00058165164
3513,6.6,0.0,4.923077,0.034542255,-0.043766316,-0.00043145634
3514,6.6,0.5714286,4.923077,0.02132754,-0.049525198,-0.0003420834
3515,6.6,1.1428572,4.923077,0.012068286,-0.046467464,-0.0002674601
3516,6.6,1.7142857,4.923077,0.0030934797,-0.04823709,-0.00020100712
3517,6.6,2.2857144,4.923077,-0.0042936197,-0.04895247,-0.00014895413
3518,6.6,2.857143,4.923077,-0.013760625,-0.04794986,-6.928361e-05
3519,6.6,3.4285715,4.923077,-0.02234885,-0.050009374,-5.30601e-05
3520,6.6,4.0,4.923077,-0.03484999,-0.047551244,-2.9891502e-05
3521,6.6,0.0,4.3076925,0.034534395,-0.04366828,-0.0004855952
3522,6.6,0.5714286,4.3076925,0.021283656,-0.049449027,-0.0004396191
3523,6.6,1.1428572,4.3076925,0.012010488,-0.046378687,-0.00041397876
3524,6.6,1.7142857,4.3076925,0.0030704797,-0.04815312,-0.00039226896
3525,6.6,2.2857144,4.3076925,-0.0043331883,-0.048858017,-0.00036929274
3526,6.6,2.857143,4.3076925,-0.013773346,-0.047864906,-0.00036311147
3527,6.6,3.4285715,4.3076925,-0.022364318,-0.04991466,-0.00028548643
3528,6.6,4.0,4.3076925,-0.034854975,-0.04747734,-0.00018411668
3529,6.6,0.0,3.6923077,0.034517743,-0.043668445,-0.00048840005
3530,6.6,0.5714286,3.6923077,0.02126724,-0.049448907,-0.00053320214
3531,6.6,1.1428572,3.6923077,0.011994149,-0.04637882,-0.000558752
3532,6.6,1.7142857,3.6923077,0.0030540128,-0.048152983,-0.00057947176
3533,6.6,2.2857144,3.6923077,-0.004349557,-0.048858088,-0.00060233154
3534,6.6,2.857143,3.6923077,-0.013789826,-0.0478648,-0.0006075387
3535,6.6,3.4285715,3.6923077,-0.022380717,-0.04991469,-0.0006849671
3536,6.6,4.0,3.6923077,-0.034871437,-0.04747729,-0.00078523223
3537,6.6,0.0,3.0769231,0.0344936,-0.043767437,-0.00054237415
3538,6.6,0.5714286,3.0769231,0.02127822,-0.049524106,-0.00063088746
3539,6.6,1.1428572,3.0769231,0.012019267,-0.04646823,-0.0007051229
3540,6.6,1.7142857,3.0769231,0.003044069,-0.0482365,-0.00077086035
3541,6.6,2.2857144,3.0769231,-0.004342712,-0.04895274,-0.00082255405
3542,6.6,2.857143,3.0769231,-0.013810083,-0.047949538,-0.0009014814
3543,6.6,3.4285715,3.0769231,-0.022398032,-0.05000939,-0.00091728737
3544,6.6,4.0,3.0769231,-0.034899604,-0.047551066,-0.00093959726
3545,6.6,0.0,2.4615386,0.03476597,-0.043877322,-0.00059507636
3546,6.6,0.5714286,2.4615386,0.021350231,-0.049686838,-0.00074160803
3547,6.6,1.1428572,2.4615386,0.012040596,-0.046637814,-0.0008624869
3548,6.6,1.7142857,2.4615386,0.003075269,-0.04839755,-0.0009640576
3549,6.6,2.2857144,2.4615386,-0.0043364973,-0.04913818,-0.0010604174
3550,6.6,2.857143,2.4615386,-0.013808846,-0.048108283,-0.0011303471
3551,6.6,3.4285715,2.4615386,-0.022412388,-0.05019107,-0.0012978376
3552,6.6,4.0,2.4615386,-0.034985207,-0.04770864,-0.0015511847
3553,6.6,0.0,1.8461539,0.03469805,-0.044177327,-0.00062111963
3554,6.6,0.5714286,1.8461539,0.021377519,-0.049870845,-0.0008785328
3555,6.6,1.1428572,1.8461539,0.012148718,-0.046902586,-0.0010281572
3556,6.6,1.7142857,1.8461539,0.0030673854,-0.04860511,-0.0011668456
3557,6.6,2.2857144,1.8461539,-0.004263169,-0.049406413,-0.0012683981
3558,6.6,2.857143,1.8461539,-0.013820455,-0.0483168,-0.001422963
3559,6.6,3.4285715,1.8461539,-0.022392232,-0.050456256,-0.0015003196
3560,6.6,4.0,1.8461539,-0.035018973,-0.047887962,-0.0015564701
3561,6.6,0.0,1.2307693,0.035187185,-0.044364776,-0.0008749165
3562,6.6,0.5714286,1.2307693,0.021522343,-0.050189618,-0.0009747703
3563,6.6,1.1428572,1.2307693,0.012116034,-0.04713873,-0.0011945543
3564,6.6,1.7142857,1.2307693,0.0031578674,-0.048905108,-0.0013722432
3565,6.6,2.2857144,1.2307693,-0.004251912,-0.04966929,-0.0015149396
3566,6.6,2.857143,1.2307693,-0.0137212565,-0.048608605,-0.0016185255
3567,6.6,3.4285715,1.2307693,-0.022376165,-0.0507017,-0.0018126189
3568,6.6,4.0,1.2307693,-0.035069633,-0.048173413,-0.0022263904
3569,6.6,0.0,0.61538464,0.034821536,-0.044627666,-0.00035779993
3570,6.6,0.5714286,0.61538464,0.021496225,-0.050402433,-0.0010329256
3571,6.6,1.1428572,0.61538464,0.012069727,-0.047332577,-0.0013520743
3572,6.6,1.7142857,0.61538464,0.003207847,-0.04927237,-0.0015603824
3573,6.6,2.2857144,0.61538464,-0.0042406167,-0.049836088,-0.0017141507
3574,6.6,2.857143,0.61538464,-0.01354294,-0.048996452,-0.001878256
3575,6.6,3.4285715,0.61538464,-0.022323478,-0.0508388,-0.0020393115
3576,6.6,4.0,0.61538464,-0.034922045,-0.048524376,-0.0019097527
3577,6.6,0.0,0.0,0.03417169,-0.04570422,-0.00040652015
3578,6.6,0.5714286,0.0,0.020647952,-0.050725464,-0.0006076039
3579,6.6,1.1428572,0.0,0.01127821,-0.047747273,-0.0014490539
3580,6.6,1.7142857,0.0,0.0029003604,-0.049527667,-0.0017428049
3581,6.6,2.2857144,0.0,-0.0044833133,-0.050012793,-0.0018932921
3582,6.6,2.857143,0.0,-0.013430738,-0.049297694,-0.0021533116
3583,6.6,3.4285715,0.0,-0.02214823,-0.0509349,-0.0021329734
3584,6.6,4.0,0.0,-0.034669027,-0.048821494,-0.0028397432
3585,7.2,0.0,8.0,0.03426986,-0.035979226,0.00051902246
3586,7.2,0.5714286,8.0,0.02091062,-0.02878535,0.0021215363
3587,7.2,1.1428572,8.0,0.011628846,-0.034015864,0.0018291016
3588,7.2,1.7142857,8.0,0.003973016,-0.033991776,0.0013484617
3589,7.2,2.2857144,8.0,-0.005366082,-0.03520568,0.0013922382
3590,7.2,2.857143,8.0,-0.012774246,-0.036373585,0.0010154371
3591,7.2,3.4285715,8.0,-0.023704324,-0.03528595,0.0011819747
3592,7.2,4.0,8.0,-0.03396301,-0.037301756,0.00055335346
3593,7.2,0.0,7.3846154,0.035855476,-0.036217563,0.0018974999
3594,7.2,0.5714286,7.3846154,0.022127045,-0.02854726,0.0013329404
3595,7.2,1.1428572,7.3846154,0.012115176,-0.03423485,0.001294454
3596,7.2,1.7142857,7.3846154,0.0043688933,-0.03406006,0.0011344935
3597,7.2,2.2857144,7.3846154,-0.0053516873,-0.035197243,0.00094797526
3598,7.2,2.857143,7.3846154,-0.012786915,-0.036472406,0.00091239414
3599,7.2,3.4285715,7.3846154,-0.023992289,-0.035204243,0.0008087957
3600,7.2,4.0,7.3846154,-0.034198634,-0.037414365,0.0011447192
3601,7.2,0.0,6.769231,0.034957632,-0.036336944,0.0007353124
3602,7.2,0.5714286,6.769231,0.021931479,-0.02854636,0.0009272309
3603,7.2,1.1428572,6.769231,0.012005261,-0.033988606,0.0008398803
3604,7.2,1.7142857,6.769231,0.00434999,-0.033987857,0.000746081
3605,7.2,2.2857144,6.769231,-0.0055131125,-0.03498172,0.00068320753
3606,7.2,2.857143,6.769231,-0.012865383,-0.036417495,0.0006454843
3607,7.2,3.4285715,6.769231,-0.024216186,-0.034998517,0.0006381054
3608,7.2,4.0,6.769231,-0.034148153,-0.037386738,0.00050945143
3609,7.2,0.0,6.1538463,0.035126098,-0.036080353,0.0003647334
3610,7.2,0.5714286,6.1538463,0.021939365,-0.028334036,0.0004244123
3611,7.2,1.1428572,6.1538463,0.011905876,-0.03379512,0.00045400628
3612,7.2,1.7142857,6.1538463,0.0043246723,-0.03379296,0.00042571005
3613,7.2,2.2857144,6.1538463,-0.0056326003,-0.03475622,0.00041053735
3614,7.2,2.857143,6.1538463,-0.012928659,-0.036260415,0.0003774861
3615,7.2,3.4285715,6.1538463,-0.024303969,-0.034775943,0.00045892166
3616,7.2,4.0,6.1538463,-0.034183066,-0.03727238,0.0007092311
3617,7.2,0.0,5.5384617,0.03475244,-0.036075648,5.2777563e-05
3618,7.2,0.5714286,5.5384617,0.021777416,-0.02820024,9.400873e-05
3619,7.2,1.1428572,5.5384617,0.01184821,-0.033622406,0.00013142754
3620,7.2,1.7142857,5.5384617,0.0042184875,-0.03359096,0.0001347211
3621,7.2,2.2857144,5.5384617,-0.0056699878,-0.034594353,0.00013011458
3622,7.2,2.857143,5.5384617,-0.013011041,-0.036041476,0.00015840736
3623,7.2,3.4285715,5.5384617,-0.024323931,-0.034642853,0.00014903284
3624,7.2,4.0,5.5384617,-0.034162205,-0.03705978,0.00014366498
3625,7.2,0.0,4.923077,0.034750585,-0.035937622,-0.00025620707
3626,7.2,0.5714286,4.923077,0.021702629,-0.028079,-0.00016656957
3627,7.2,1.1428572,4.923077,0.011783617,-0.033520695,-0.00014578021
3628,7.2,1.7142857,4.923077,0.0041673896,-0.033439785,-0.00013154841
3629,7.2,2.2857144,4.923077,-0.0057145115,-0.034466874,-0.0001204785
3630,7.2,2.857143,4.923077,-0.013048413,-0.035895135,-0.00012513206
3631,7.2,3.4285715,4.923077,-0.024330832,-0.034510605,-4.243888e-05
3632,7.2,4.0,4.923077,-0.034177937,-0.036937956,0.0001082654
3633,7.2,0.0,4.3076925,0.03462426,-0.035918493,-0.00037492375
3634,7.2,0.5714286,4.3076925,0.02164104,-0.028031144,-0.0004026267
3635,7.2,1.1428572,4.3076925,0.01174808,-0.033452556,-0.0003830896
3636,7.2,1.7142857,4.3076925,0.0041238205,-0.03336974,-0.0003813414
3637,7.2,2.2857144,4.3076925,-0.0057362453,-0.034397043,-0.0003784164
3638,7.2,2.857143,4.3076925,-0.013077768,-0.0358148,-0.00036031005
3639,7.2,3.4285715,4.3076925,-0.024340503,-0.034448635,-0.00039708993
3640,7.2,4.0,4.3076925,-0.0341708,-0.036857113,-0.00044710826
3641,7.2,0.0,3.6923077,0.034608148,-0.035918463,-0.0006308059
3642,7.2,0.5714286,3.6923077,0.021624688,-0.028031243,-0.0006028192
3643,7.2,1.1428572,3.6923077,0.011731647,-0.03345243,-0.00062129577
3644,7.2,1.7142857,3.6923077,0.0041074255,-0.033369783,-0.0006228141
3645,7.2,2.2857144,3.6923077,-0.005752689,-0.034396898,-0.00062475563
3646,7.2,2.857143,3.6923077,-0.013094182,-0.0358148,-0.0006426414
3647,7.2,3.4285715,3.6923077,-0.024356974,-0.034448512,-0.0006048266
3648,7.2,4.0,3.6923077,-0.034187302,-0.03685706,-0.0005544605
3649,7.2,0.0,3.0769231,0.034701034,-0.03593612,-0.00074966927
3650,7.2,0.5714286,3.0769231,0.021653682,-0.028080449,-0.0008386923
3651,7.2,1.1428572,3.0769231,0.011734221,-0.033519693,-0.00085875014
3652,7.2,1.7142857,3.0769231,0.0041182754,-0.03344023,-0.0008724664
3653,7.2,2.2857144,3.0769231,-0.0057638884,-0.03446629,-0.0008828306
3654,7.2,2.857143,3.0769231,-0.013097634,-0.035895187,-0.00087769766
3655,7.2,3.4285715,3.0769231,-0.024380248,-0.034510296,-0.00095960323
3656,7.2,4.0,3.0769231,-0.03422725,-0.036937766,-0.001109694
3657,7.2,0.0,2.4615386,0.034670863,-0.036074217,-0.0010586444
3658,7.2,0.5714286,2.4615386,0.021695625,-0.028201625,-0.0010992917
3659,7.2,1.1428572,2.4615386,0.011766034,-0.03362131,-0.0011359012
3660,7.2,1.7142857,2.4615386,0.0041365055,-0.03359136,-0.0011387765
3661,7.2,2.2857144,2.4615386,-0.0057521863,-0.0345936,-0.0011334125
3662,7.2,2.857143,2.4615386,-0.01309315,-0.036041446,-0.0011612559
3663,7.2,3.4285715,2.4615386,-0.024406224,-0.034642383,-0.0011510809
3664,7.2,4.0,2.4615386,-0.03424457,-0.037059452,-0.0011451498
3665,7.2,0.0,1.8461539,0.035010897,-0.036077894,-0.001370486
3666,7.2,0.5714286,1.8461539,0.021825008,-0.028336717,-0.0014295276
3667,7.2,1.1428572,1.8461539,0.011790708,-0.033793095,-0.001458649
3668,7.2,1.7142857,1.8461539,0.0042099697,-0.033793848,-0.00142962
3669,7.2,2.2857144,1.8461539,-0.005747733,-0.034754995,-0.0014139931
3670,7.2,2.857143,1.8461539,-0.013043555,-0.036260508,-0.0013802246
3671,7.2,3.4285715,1.8461539,-0.024419209,-0.034775276,-0.0014610828
3672,7.2,4.0,1.8461539,-0.034298208,-0.037271935,-0.0017105612
3673,7.2,0.0,1.2307693,0.034810383,-0.03633307,-0.0017411066
3674,7.2,0.5714286,1.2307693,0.021784527,-0.02854985,-0.0019324363
3675,7.2,1.1428572,1.2307693,0.011856984,-0.03398617,-0.0018442809
3676,7.2,1.7142857,1.2307693,0.0042027244,-0.03398902,-0.0017502693
3677,7.2,2.2857144,1.2307693,-0.0056613404,-0.034980185,-0.0016864385
3678,7.2,2.857143,1.2307693,-0.0130129,-0.036417685,-0.001648428
3679,7.2,3.4285715,1.2307693,-0.024364512,-0.034997568,-0.0016401005
3680,7.2,4.0,1.2307693,-0.03429609,-0.037386283,-0.0015110439
3681,7.2,0.0,0.61538464,0.03567419,-0.0362152,-0.0029020635
3682,7.2,0.5714286,0.61538464,0.021947384,-0.028551571,-0.0023379417
3683,7.2,1.1428572,0.61538464,0.011934065,-0.03423193,-0.0022991407
3684,7.2,1.7142857,0.61538464,0.0041887686,-0.03406179,-0.0021382996
3685,7.2,2.2857144,0.61538464,-0.005532755,-0.035195205,-0.0019515076
3686,7.2,2.857143,0.61538464,-0.012967242,-0.036472782,-0.0019150573
3687,7.2,3.4285715,0.61538464,-0.024173474,-0.035203055,-0.0018110619
3688,7.2,4.0,0.61538464,-0.03437931,-0.037413843,-0.0021459789
3689,7.2,0.0,0.0,0.034055974,-0.03597195,-0.0015244839
3690,7.2,0.5714286,0.0,0.020698909,-0.028792616,-0.0031255186
3691,7.2,1.1428572,0.0,0.0114140725,-0.034012083,-0.0028335599
3692,7.2,1.7142857,0.0,0.0037605418,-0.033993833,-0.0023523946
3693,7.2,2.2857144,0.0,-0.005580411,-0.03520342,-0.0023954364
3694,7.2,2.857143,0.0,-0.012987043,-0.036373865,-0.0020183884
3695,7.2,3.4285715,0.0,-0.023918584,-0.03528469,-0.0021839577
3696,7.2,4.0,0.0,-0.034176268,-0.037300877,-0.0015549782
3697,7.8,0.0,8.0,0.03520075,-0.0028471586,0.006962082
3698,7.8,0.5714286,8.0,0.020690454,-0.017149659,0.003881635
3699,7.8,1.1428572,8.0,0.014087315,-0.017065575,0.0024246634
3700,7.8,1.7142857,8.0,0.0025959855,-0.020938244,0.002116
3701,7.8,2.2857144,8.0,-0.0036047695,-0.021726714,0.0012592407
3702,7.8,2.857143,8.0,-0.014928839,-0.022153417,0.0012505233
3703,7.8,3.4285715,8.0,-0.022464572,-0.023453522,0.0005982609
3704,7.8,4.0,8.0,-0.03594559,-0.02193267,0.00088544545
3705,7.8,0.0,7.3846154,0.035953816,-0.0026060613,0.0025488308
3706,7.8,0.5714286,7.3846154,0.021146419,-0.018271582,0.002715506
3707,7.8,1.1428572,7.3846154,0.014324167,-0.017364245,0.0019235411
3708,7.8,1.7142857,7.3846154,0.0026462579,-0.02128223,0.0013488168
3709,7.8,2.2857144,7.3846154,-0.0035893123,-0.022003556,0.0011470733
3710,7.8,2.857143,7.3846154,-0.015112203,-0.022261793,0.00076146313
3711,7.8,3.4285715,7.3846154,-0.022643909,-0.023728145,0.0006894767
3712,7.8,4.0,7.3846154,-0.0362259,-0.02199337,0.00023810322
3713,7.8,0.0,6.769231,0.035663795,-0.0026009716,0.0016265481
3714,7.8,0.5714286,6.769231,0.020909956,-0.017723804,0.0014378104
3715,7.8,1.1428572,6.769231,0.0144200055,-0.017394371,0.0012505552
3716,7.8,1.7142857,6.769231,0.0024816156,-0.021170832,0.0009748329
3717,7.8,2.2857144,6.769231,-0.0035924457,-0.022014461,0.0007205002
3718,7.8,2.857143,6.769231,-0.015330621,-0.022185951,0.00058882934
3719,7.8,3.4285715,6.769231,-0.022696964,-0.023737548,0.00046360414
3720,7.8,4.0,6.769231,-0.03639071,-0.021966035,0.0006882181
3721,7.8,0.0,6.1538463,0.035730783,-0.0026019453,0.00083222875
3722,7.8,0.5714286,6.1538463,0.020871274,-0.01783615,0.00080910436
3723,7.8,1.1428572,6.1538463,0.014352008,-0.017145328,0.0006899062
3724,7.8,1.7142857,6.1538463,0.0024106295,-0.021025067,0.00057572697
3725,7.8,2.2857144,6.1538463,-0.0036620514,-0.021915512,0.00042396763
3726,7.8,2.857143,6.1538463,-0.015437825,-0.022013921,0.00035002266
3727,7.8,3.4285715,6.1538463,-0.022757627,-0.023702161,0.00026016225
3728,7.8,4.0,6.1538463,-0.0364295,-0.021785468,0.00016726264
3729,7.8,0.0,5.5384617,0.035463545,-0.002582445,0.00026235034
3730,7.8,0.5714286,5.5384617,0.020764424,-0.017642979,0.00030713523
3731,7.8,1.1428572,5.5384617,0.014277651,-0.017094951,0.00028187793
3732,7.8,1.7142857,5.5384617,0.0023517457,-0.020870393,0.00020120452
3733,7.8,2.2857144,5.5384617,-0.003739388,-0.021751545,0.00016065895
3734,7.8,2.857143,5.5384617,-0.015479476,-0.021923898,7.1556504e-05
3735,7.8,3.4285715,5.5384617,-0.022809107,-0.023513557,0.00012155234
3736,7.8,4.0,5.5384617,-0.03642593,-0.021754716,0.00026639065
3737,7.8,0.0,4.923077,0.03541662,-0.0025856493,-3.086726e-05
3738,7.8,0.5714286,4.923077,0.02071555,-0.017664207,-6.46178e-05
3739,7.8,1.1428572,4.923077,0.014200061,-0.016941741,-7.77465e-05
3740,7.8,1.7142857,4.923077,0.0023161427,-0.020806141,-8.149564e-05
3741,7.8,2.2857144,4.923077,-0.0037928284,-0.021628875,-0.00014592393
3742,7.8,2.857143,4.923077,-0.015507037,-0.021816134,-0.00012217526
3743,7.8,3.4285715,4.923077,-0.022839485,-0.023426257,-0.00020067775
3744,7.8,4.0,4.923077,-0.036405124,-0.021634415,-0.00021504059
3745,7.8,0.0,4.3076925,0.035318494,-0.0025777223,-0.00042041048
3746,7.8,0.5714286,4.3076925,0.020665416,-0.017601125,-0.00036990567
3747,7.8,1.1428572,4.3076925,0.014160981,-0.016924066,-0.0003669396
3748,7.8,1.7142857,4.3076925,0.0022847725,-0.020739727,-0.00039419328
3749,7.8,2.2857144,4.3076925,-0.0038257483,-0.021571597,-0.00036968474
3750,7.8,2.857143,4.3076925,-0.0155259585,-0.021767585,-0.00042225808
3751,7.8,3.4285715,4.3076925,-0.02285796,-0.023353212,-0.00034032305
3752,7.8,4.0,4.3076925,-0.03640733,-0.021607606,-0.00027974712
3753,7.8,0.0,3.6923077,0.035302095,-0.0025783337,-0.00061790127
3754,7.8,0.5714286,3.6923077,0.020648923,-0.017600622,-0.00066720933
3755,7.8,1.1428572,3.6923077,0.014144613,-0.016924426,-0.0006698581
3756,7.8,1.7142857,3.6923077,0.0022683295,-0.020739226,-0.0006415298
3757,7.8,2.2857144,3.6923077,-0.0038421638,-0.02157178,-0.0006658213
3758,7.8,2.857143,3.6923077,-0.015542398,-0.021767294,-0.0006122038
3759,7.8,3.4285715,3.6923077,-0.022874407,-0.02335322,-0.00069382734
3760,7.8,4.0,3.6923077,-0.036423765,-0.02160747,-0.0007532521
3761,7.8,0.0,3.0769231,0.03536768,-0.0025878449,-0.0010073528
3762,7.8,0.5714286,3.0769231,0.02066637,-0.017662875,-0.00097261544
3763,7.8,1.1428572,3.0769231,0.014150759,-0.016941996,-0.00095886237
3764,7.8,1.7142857,3.0769231,0.0022669581,-0.020805478,-0.0009544058
3765,7.8,2.2857144,3.0769231,-0.0038421892,-0.02162878,-0.00088944257
3766,7.8,2.857143,3.0769231,-0.015556263,-0.02181568,-0.00091241195
3767,7.8,3.4285715,3.0769231,-0.022888925,-0.023426011,-0.0008333771
3768,7.8,4.0,3.0769231,-0.0364545,-0.021634161,-0.00081807753
3769,7.8,0.0,2.4615386,0.03538175,-0.002585544,-0.0013005452
3770,7.8,0.5714286,2.4615386,0.02068225,-0.017640555,-0.0013442049
3771,7.8,1.1428572,2.4615386,0.0141955875,-0.017095821,-0.0013186708
3772,7.8,1.7142857,2.4615386,0.0022697009,-0.020868862,-0.0012369751
3773,7.8,2.2857144,2.4615386,-0.0038216142,-0.021751685,-0.0011961207
3774,7.8,2.857143,2.4615386,-0.015561543,-0.021922993,-0.001106137
3775,7.8,3.4285715,2.4615386,-0.022891475,-0.023513248,-0.0011555998
3776,7.8,4.0,2.4615386,-0.036508135,-0.021754289,-0.0012995218
3777,7.8,0.0,1.8461539,0.035616472,-0.0026055183,-0.0018704308
3778,7.8,0.5714286,1.8461539,0.020756437,-0.017833296,-0.0018464493
3779,7.8,1.1428572,1.8461539,0.014236996,-0.017146004,-0.001726366
3780,7.8,1.7142857,1.8461539,0.002295823,-0.02102328,-0.0016117984
3781,7.8,2.2857144,1.8461539,-0.0037771966,-0.021915553,-0.001459317
3782,7.8,2.857143,1.8461539,-0.015552696,-0.02201277,-0.001384673
3783,7.8,3.4285715,1.8461539,-0.022872945,-0.023701707,-0.0012942193
3784,7.8,4.0,1.8461539,-0.036544643,-0.021784842,-0.0012004402
3785,7.8,0.0,1.2307693,0.035516854,-0.0026085742,-0.0026642336
3786,7.8,0.5714286,1.2307693,0.020761767,-0.017718472,-0.0024748868
3787,7.8,1.1428572,1.2307693,0.0142724095,-0.017396225,-0.0022874542
3788,7.8,1.7142857,1.2307693,0.0023337791,-0.021168185,-0.0020107657
3789,7.8,2.2857144,1.2307693,-0.0037403093,-0.022014843,-0.00175593
3790,7.8,2.857143,1.2307693,-0.01547845,-0.022184331,-0.0016235174
3791,7.8,3.4285715,1.2307693,-0.022845052,-0.023737103,-0.0014976084
3792,7.8,4.0,1.2307693,-0.036538772,-0.021965293,-0.0017214303
3793,7.8,0.0,0.61538464,0.035774574,-0.002610264,-0.0035875244
3794,7.8,0.5714286,0.61538464,0.02096554,-0.018267741,-0.0037525422
3795,7.8,1.1428572,0.61538464,0.014143707,-0.017366156,-0.0029605497
3796,7.8,1.7142857,0.61538464,0.0024655636,-0.021279275,-0.0023846733
3797,7.8,2.2857144,0.61538464,-0.0037700038,-0.022004046,-0.0021826166
3798,7.8,2.857143,0.61538464,-0.015292871,-0.022259826,-0.0017960349
3799,7.8,3.4285715,0.61538464,-0.022824835,-0.023727657,-0.0017236396
3800,7.8,4.0,0.61538464,-0.0364069,-0.021992305,-0.0012712197
3801,7.8,0.0,0.0,0.034987815,-0.0028661015,-0.007994383
3802,7.8,0.5714286,0.0,0.020476265,-0.017142233,-0.0049205795
3803,7.8,1.1428572,0.0,0.013873777,-0.017069127,-0.003460544
3804,7.8,1.7142857,0.0,0.00238245,-0.020934382,-0.0031523602
3805,7.8,2.2857144,0.0,-0.0038184063,-0.021727411,-0.0022944333
3806,7.8,2.857143,0.0,-0.0151422415,-0.022151127,-0.0022853573
3807,7.8,3.4285715,0.0,-0.022678327,-0.023452818,-0.0016321786
3808,7.8,4.0,0.0,-0.036159214,-0.021931836,-0.0019188776
3809,8.4,0.0,8.0,0.031346492,-0.0048516435,0.0037031963
3810,8.4,0.5714286,8.0,0.026301336,-0.0007394654,0.0037603502
3811,8.4,1.1428572,8.0,0.011470371,-0.007710535,0.0025007199
3812,8.4,1.7142857,8.0,0.0061680535,-0.0074350815,0.0017744116
3813,8.4,2.2857144,8.0,-0.006423079,-0.009582151,0.0013696183
3814,8.4,2.857143,8.0,-0.012424285,-0.010303869,0.0008039841
3815,8.4,3.4285715,8.0,-0.02550109,-0.00990437,0.00060468673
3816,8.4,4.0,8.0,-0.03329559,-0.011493568,-0.00011184109
3817,8.4,0.0,7.3846154,0.03010054,-0.005637696,0.003174983
3818,8.4,0.5714286,7.3846154,0.025743404,-0.0011416774,0.0023894936
3819,8.4,1.1428572,7.3846154,0.011244032,-0.008300657,0.0018651979
3820,8.4,1.7142857,7.3846154,0.0060025654,-0.007779947,0.0013688278
3821,8.4,2.2857144,7.3846154,-0.0066526704,-0.0098832715,0.00096362556
3822,8.4,2.857143,7.3846154,-0.0125737535,-0.01059768,0.0006649679
3823,8.4,3.4285715,7.3846154,-0.025777353,-0.010116577,0.0004027212
3824,8.4,4.0,7.3846154,-0.033439957,-0.01176584,0.00044138217
3825,8.4,0.0,6.769231,0.030808173,-0.005877221,0.0015228624
3826,8.4,0.5714286,6.769231,0.026145523,-0.001026967,0.0015345449
3827,8.4,1.1428572,6.769231,0.0111019965,-0.008280982,0.0012475838
3828,8.4,1.7142857,6.769231,0.006107182,-0.007852607,0.0009142393
3829,8.4,2.2857144,6.769231,-0.0068525183,-0.009867996,0.0006566796
3830,8.4,2.857143,6.769231,-0.01259731,-0.010704847,0.00045139313
3831,8.4,3.4285715,6.769231,-0.02600905,-0.01009007,0.00025974406
3832,8.4,4.0,6.769231,-0.03346869,-0.011936062,4.3667027e-05
3833,8.4,0.0,6.1538463,0.03020975,-0.005801272,0.0009612673
3834,8.4,0.5714286,6.1538463,0.025978524,-0.0010829027,0.00083988777
3835,8.4,1.1428572,6.1538463,0.011071965,-0.008152366,0.0007047212
3836,8.4,1.7142857,6.1538463,0.0060191806,-0.00780217,0.00054354256
3837,8.4,2.2857144,6.1538463,-0.0069368067,-0.009777302,0.0003712329
3838,8.4,2.857143,6.1538463,-0.0126788905,-0.01067373,0.00021228915
3839,8.4,3.4285715,6.1538463,-0.026098397,-0.010020444,0.00017184704
3840,8.4,4.0,6.1538463,-0.0334916,-0.011917767,0.0002783307
3841,8.4,0.0,5.5384617,0.030447412,-0.0059120664,0.00037719685
3842,8.4,0.5714286,5.5384617,0.02594867,-0.0009952221,0.0003459275
3843,8.4,1.1428572,5.5384617,0.010998859,-0.00811812,0.0002967457
3844,8.4,1.7142857,5.5384617,0.0059711346,-0.0076858355,0.00018454783
3845,8.4,2.2857144,5.5384617,-0.00699201,-0.009707856,9.712918e-05
3846,8.4,2.857143,5.5384617,-0.01274409,-0.010565391,2.185972e-05
3847,8.4,3.4285715,5.5384617,-0.026133616,-0.009965619,-6.74556e-05
3848,8.4,4.0,5.5384617,-0.033518337,-0.011840201,-0.00014125029
3849,8.4,0.0,4.923077,0.030194078,-0.005864903,-3.714577e-05
3850,8.4,0.5714286,4.923077,0.02584214,-0.0009876421,-3.251791e-05
3851,8.4,1.1428572,4.923077,0.010976793,-0.008057089,-7.667983e-05
3852,8.4,1.7142857,4.923077,0.0059007625,-0.0076139946,-0.00010617978
3853,8.4,2.2857144,4.923077,-0.007018228,-0.009641364,-0.00016623145
3854,8.4,2.857143,4.923077,-0.012792719,-0.010482105,-0.00021199128
3855,8.4,3.4285715,4.923077,-0.026145834,-0.009905157,-0.00019120556
3856,8.4,4.0,4.923077,-0.03352884,-0.011765246,-8.778477e-05
3857,8.4,0.0,4.3076925,0.030235998,-0.0058856416,-0.00035830992
3858,8.4,0.5714286,4.3076925,0.025806597,-0.00096182403,-0.00038408817
3859,8.4,1.1428572,4.3076925,0.010937837,-0.008034612,-0.00037391105
3860,8.4,1.7142857,4.3076925,0.0058717215,-0.007571772,-0.00040476883
3861,8.4,2.2857144,4.3076925,-0.007044549,-0.009604037,-0.00040591383
3862,8.4,2.857143,4.3076925,-0.012819662,-0.010436817,-0.00041955028
3863,8.4,3.4285715,4.3076925,-0.026160145,-0.009869923,-0.00046076343
3864,8.4,4.0,4.3076925,-0.033538006,-0.011727732,-0.00053120655
3865,8.4,0.0,3.6923077,0.030219624,-0.0058846897,-0.00071163254
3866,8.4,0.5714286,3.6923077,0.02579017,-0.0009617428,-0.00068542804
3867,8.4,1.1428572,3.6923077,0.010921478,-0.00803433,-0.00069446355
3868,8.4,1.7142857,3.6923077,0.0058552446,-0.0075716814,-0.00066332746
3869,8.4,2.2857144,3.6923077,-0.0070609157,-0.009603819,-0.0006611395
3870,8.4,2.857143,3.6923077,-0.012836161,-0.01043673,-0.0006471926
3871,8.4,3.4285715,3.6923077,-0.02617654,-0.009869735,-0.00060488255
3872,8.4,4.0,3.6923077,-0.03355457,-0.01172759,-0.00053400674
3873,8.4,0.0,3.0769231,0.030145492,-0.0058613354,-0.0010329033
3874,8.4,0.5714286,3.0769231,0.025792504,-0.000988464,-0.0010368937
3875,8.4,1.1428572,3.0769231,0.010927889,-0.008055478,-0.0009917669
3876,8.4,1.7142857,3.0769231,0.005851216,-0.0076142065,-0.0009618628
3877,8.4,2.2857144,3.0769231,-0.0070672412,-0.009640444,-0.000900891
3878,8.4,2.857143,3.0769231,-0.012842285,-0.010481959,-0.00085469685
3879,8.4,3.4285715,3.0769231,-0.02619493,-0.0099046305,-0.00087451155
3880,8.4,4.0,3.0769231,-0.033578496,-0.011764797,-0.0009773485
3881,8.4,0.0,2.4615386,0.030365942,-0.005906735,-0.0014472714
3882,8.4,0.5714286,2.4615386,0.025866246,-0.000995495,-0.0014153405
3883,8.4,1.1428572,2.4615386,0.0109172,-0.008116161,-0.0013652158
3884,8.4,1.7142857,2.4615386,0.0058886413,-0.0076857153,-0.0012525854
3885,8.4,2.2857144,2.4615386,-0.007073755,-0.00970661,-0.0011642992
3886,8.4,2.857143,2.4615386,-0.012826657,-0.010565018,-0.001088545
3887,8.4,3.4285715,2.4615386,-0.026215486,-0.009964779,-0.0009982884
3888,8.4,4.0,2.4615386,-0.033601113,-0.011839483,-0.00092392927
3889,8.4,0.0,1.8461539,0.03009621,-0.0057934434,-0.0020313265
3890,8.4,0.5714286,1.8461539,0.025862845,-0.0010841979,-0.0019092454
3891,8.4,1.1428572,1.8461539,0.010957746,-0.008148877,-0.0017732838
3892,8.4,1.7142857,1.8461539,0.0059036384,-0.007802467,-0.0016115848
3893,8.4,2.2857144,1.8461539,-0.007051228,-0.009775352,-0.0014385119
3894,8.4,2.857143,1.8461539,-0.012794486,-0.010673355,-0.0012789143
3895,8.4,3.4285715,1.8461539,-0.026212981,-0.010019288,-0.0012376885
3896,8.4,4.0,1.8461539,-0.03360743,-0.01191673,-0.0013433917
3897,8.4,0.0,1.2307693,0.030661484,-0.0058659436,-0.0025931727
3898,8.4,0.5714286,1.2307693,0.0259971,-0.0010280259,-0.0026038992
3899,8.4,1.1428572,1.2307693,0.01095497,-0.008276987,-0.0023162637
3900,8.4,1.7142857,1.2307693,0.0059586866,-0.00785294,-0.0019824915
3901,8.4,2.2857144,1.2307693,-0.0069996803,-0.009865583,-0.0017238214
3902,8.4,2.857143,1.2307693,-0.012745867,-0.010704446,-0.001518219
3903,8.4,3.4285715,1.2307693,-0.026156412,-0.010088508,-0.001325433
3904,8.4,4.0,1.2307693,-0.033617556,-0.011934879,-0.0011089718
3905,8.4,0.0,0.61538464,0.02992202,-0.0056250324,-0.0042444034
3906,8.4,0.5714286,0.61538464,0.025561836,-0.0011441695,-0.0034594627
3907,8.4,1.1428572,0.61538464,0.011064169,-0.008295678,-0.002934222
3908,8.4,1.7142857,0.61538464,0.0058212234,-0.0077807372,-0.0024367855
3909,8.4,2.2857144,0.61538464,-0.00683267,-0.009880211,-0.0020311591
3910,8.4,2.857143,0.61538464,-0.012755166,-0.010597318,-0.0017314831
3911,8.4,3.4285715,0.61538464,-0.02595749,-0.010114714,-0.0014687269
3912,8.4,4.0,0.61538464,-0.033621725,-0.011764337,-0.0015063619
3913,8.4,0.0,0.0,0.031134916,-0.0048362785,-0.004775244
3914,8.4,0.5714286,0.0,0.02608576,-0.00074351986,-0.004830664
3915,8.4,1.1428572,0.0,0.011258328,-0.0077044694,-0.0035693285
3916,8.4,1.7142857,0.0,0.005953121,-0.0074360655,-0.0028429744
3917,8.4,2.2857144,0.0,-0.0066353674,-0.0095786145,-0.0024366577
3918,8.4,2.857143,0.0,-0.01263899,-0.010303386,-0.0018710034
3919,8.4,3.4285715,0.0,-0.025713576,-0.009902207,-0.0016702822
3920,8.4,4.0,0.0,-0.03351055,-0.011491739,-0.0009535034
3921,9.0,0.0,8.0,0.03468285,0.006274801,0.0013487921
3922,9.0,0.5714286,8.0,0.022434033,0.0019129167,0.001517082
3923,9.0,1.1428572,8.0,0.016150018,0.00518031,0.001728504
3924,9.0,1.7142857,8.0,0.0026950971,0.0017565461,0.0012530081
3925,9.0,2.2857144,8.0,-0.0028154268,0.0021517405,0.00090262323
3926,9.0,2.857143,8.0,-0.016021745,0.0013895128,0.00059619884
3927,9.0,3.4285715,8.0,-0.022409631,0.0006515273,0.00019324418
3928,9.0,4.0,8.0,-0.036412556,0.0015491779,0.00019540564
3929,9.0,0.0,7.3846154,0.034164555,0.006790305,0.00149796
3930,9.0,0.5714286,7.3846154,0.021606576,0.0016254283,0.001492966
3931,9.0,1.1428572,7.3846154,0.015697166,0.004996684,0.0012920719
3932,9.0,1.7142857,7.3846154,0.0022842723,0.0014220739,0.0009809077
3933,9.0,2.2857144,7.3846154,-0.0030413833,0.0018912781,0.0006791346
3934,9.0,2.857143,7.3846154,-0.016337171,0.0011421457,0.00041700838
3935,9.0,3.4285715,7.3846154,-0.022564927,0.0003830492,0.00015162634
3936,9.0,4.0,7.3846154,-0.036710043,0.001303108,-0.00021509016
3937,9.0,0.0,6.769231,0.034211982,0.0065570846,0.0013173375
3938,9.0,0.5714286,6.769231,0.021581177,0.0013206716,0.0010683016
3939,9.0,1.1428572,6.769231,0.015868882,0.0049186354,0.00087188464
3940,9.0,1.7142857,6.769231,0.0020966125,0.0013542633,0.00067837123
3941,9.0,2.2857144,6.769231,-0.0030197317,0.0017589922,0.00044830673
3942,9.0,2.857143,6.769231,-0.016568812,0.0011150712,0.00022964393
3943,9.0,3.4285715,6.769231,-0.022598969,0.00021448683,0.00011128612
3944,9.0,4.0,6.769231,-0.036915712,0.0012919764,0.00014599478
3945,9.0,0.0,6.1538463,0.034354202,0.0064777257,0.00061454094
3946,9.0,0.5714286,6.1538463,0.021512065,0.001420121,0.0006350362
3947,9.0,1.1428572,6.1538463,0.015771786,0.0048409263,0.0005174715
3948,9.0,1.7142857,6.1538463,0.0020410633,0.0014000346,0.00036018426
3949,9.0,2.2857144,6.1538463,-0.003106836,0.00173897,0.00020713182
3950,9.0,2.857143,6.1538463,-0.016663592,0.001140371,9.320121e-05
3951,9.0,3.4285715,6.1538463,-0.022678128,0.00019249762,-6.523022e-05
3952,9.0,4.0,6.1538463,-0.036998153,0.0012781856,-0.00018857859
3953,9.0,0.0,5.5384617,0.034112412,0.0064973277,0.0003124834
3954,9.0,0.5714286,5.5384617,0.021452377,0.0013573788,0.00024284793
3955,9.0,1.1428572,5.5384617,0.015745874,0.004913848,0.00016548592
3956,9.0,1.7142857,5.5384617,0.0019779324,0.0014066742,8.6918575e-05
3957,9.0,2.2857144,5.5384617,-0.0031629954,0.001801377,-1.12736425e-05
3958,9.0,2.857143,5.5384617,-0.016717073,0.0011600973,-0.00011214375
3959,9.0,3.4285715,5.5384617,-0.022732254,0.00024376094,-0.00011736196
3960,9.0,4.0,5.5384617,-0.03700593,0.0012923678,-4.515639e-05
3961,9.0,0.0,4.923077,0.03415643,0.0064774235,-0.000112118745
3962,9.0,0.5714286,4.923077,0.021416565,0.0013964495,-9.668973e-05
3963,9.0,1.1428572,4.923077,0.015665866,0.0049298387,-0.00012918048
3964,9.0,1.7142857,4.923077,0.0019600051,0.0014437196,-0.00018158296
3965,9.0,2.2857144,4.923077,-0.0032219065,0.0018489412,-0.00023430397
3966,9.0,2.857143,4.923077,-0.016739791,0.0011930936,-0.00026424948
3967,9.0,3.4285715,4.923077,-0.022773102,0.00029142562,-0.00034586005
3968,9.0,4.0,4.923077,-0.03700754,0.0013084682,-0.00040412226
3969,9.0,0.0,4.3076925,0.034053277,0.006488579,-0.00038000767
3970,9.0,0.5714286,4.3076925,0.021378737,0.0013938213,-0.00040132517
3971,9.0,1.1428572,4.3076925,0.015640542,0.004954199,-0.00041743525
3972,9.0,1.7142857,4.3076925,0.0019281155,0.001460424,-0.00042594527
3973,9.0,2.2857144,4.3076925,-0.0032496483,0.0018767893,-0.00044275416
3974,9.0,2.857143,4.3076925,-0.016762024,0.0012146014,-0.0004693768
3975,9.0,3.4285715,4.3076925,-0.02279486,0.00031847093,-0.00042707464
3976,9.0,4.0,4.3076925,-0.037010632,0.0013265215,-0.00036418115
3977,9.0,0.0,3.6923077,0.034036953,0.006488237,-0.0007225329
3978,9.0,0.5714286,3.6923077,0.021362495,0.001394434,-0.00069989683
3979,9.0,1.1428572,3.6923077,0.015623967,0.004954182,-0.0006833727
3980,9.0,1.7142857,3.6923077,0.0019118568,0.0014608189,-0.00067377486
3981,9.0,2.2857144,3.6923077,-0.0032662135,0.0018768301,-0.0006566276
3982,9.0,2.857143,3.6923077,-0.01677833,0.001214875,-0.00062892435
3983,9.0,3.4285715,3.6923077,-0.02281143,0.00031858066,-0.000670814
3984,9.0,4.0,3.6923077,-0.03702697,0.0013266787,-0.0007325165
3985,9.0,0.0,3.0769231,0.03410655,0.0064765364,-0.0009904095
3986,9.0,0.5714286,3.0769231,0.021367991,0.001398715,-0.001004581
3987,9.0,1.1428572,3.0769231,0.015616166,0.0049295863,-0.00097160006
3988,9.0,1.7142857,3.0769231,0.0019112101,0.0014449719,-0.0009181758
3989,9.0,2.2857144,3.0769231,-0.0032716119,0.0018490659,-0.0008650598
3990,9.0,2.857143,3.0769231,-0.01678868,0.0011938756,-0.0008340875
3991,9.0,3.4285715,3.0769231,-0.022822877,0.0002918154,-0.0007520067
3992,9.0,4.0,3.0769231,-0.037056547,0.001308941,-0.00069263286
3993,9.0,0.0,2.4615386,0.034029964,0.0064959596,-0.0014149194
3994,9.0,0.5714286,2.4615386,0.021371277,0.0013605886,-0.0013442076
3995,9.0,1.1428572,2.4615386,0.015663065,0.004913794,-0.0012662143
3996,9.0,1.7142857,2.4615386,0.0018965757,0.0014085581,-0.0011867747
3997,9.0,2.2857144,2.4615386,-0.0032457889,0.0018016769,-0.001088044
3998,9.0,2.857143,2.4615386,-0.01679861,0.0011613341,-0.0009862778
3999,9.0,3.4285715,2.4615386,-0.022815123,0.0002444029,-0.0009804486
4000,9.0,4.0,2.4615386,-0.037087653,0.0012931192,-0.0010516517
4001,9.0,0.0,1.8461539,0.03423802,0.0064758984,-0.0017171851
4002,9.0,0.5714286,1.8461539,0.021398636,0.0014252022,-0.001736351
4003,9.0,1.1428572,1.8461539,0.015655834,0.0048404783,-0.0016183
4004,9.0,1.7142857,1.8461539,0.0019271804,0.0014028513,-0.0014600676
4005,9.0,2.2857144,1.8461539,-0.0032227898,0.0017392483,-0.0013065081
4006,9.0,2.857143,1.8461539,-0.01677768,0.0011421234,-0.0011916215
4007,9.0,3.4285715,1.8461539,-0.022794211,0.00019337267,-0.0010326242
4008,9.0,4.0,1.8461539,-0.037112486,0.0012792187,-0.0009082686
4009,9.0,0.0,1.2307693,0.034063373,0.0065538725,-0.0024196731
4010,9.0,0.5714286,1.2307693,0.021435313,0.0013270687,-0.0021698785
4011,9.0,1.1428572,1.2307693,0.015719756,0.0049180477,-0.0019727857
4012,9.0,1.7142857,1.2307693,0.0019501627,0.0013578219,-0.0017783368
4013,9.0,2.2857144,1.2307693,-0.0031687608,0.0017592263,-0.0015477324
4014,9.0,2.857143,1.2307693,-0.016715545,0.0011173672,-0.0013280886
4015,9.0,3.4285715,1.2307693,-0.022748096,0.00021547635,-0.0012091523
4016,9.0,4.0,1.2307693,-0.037062753,0.0012933282,-0.001242816
4017,9.0,0.0,0.61538464,0.033982087,0.0067866305,-0.00260112
4018,9.0,0.5714286,0.61538464,0.021428118,0.001633425,-0.0025946016
4019,9.0,1.1428572,0.61538464,0.015514893,0.0049955053,-0.0023931048
4020,9.0,1.7142857,0.61538464,0.0021052177,0.0014264847,-0.0020810436
4021,9.0,2.2857144,0.61538464,-0.003223513,0.0018914168,-0.0017785027
4022,9.0,2.857143,0.61538464,-0.01651647,0.0011449468,-0.0015155693
4023,9.0,3.4285715,0.61538464,-0.02274718,0.0003842463,-0.0012494441
4024,9.0,4.0,0.61538464,-0.036889657,0.0013046892,-0.0008818437
4025,9.0,0.0,0.0,0.034467753,0.006269743,-0.002451482
4026,9.0,0.5714286,0.0,0.022223337,0.0019225242,-0.0026191368
4027,9.0,1.1428572,0.0,0.015934188,0.005178635,-0.0028299298
4028,9.0,1.7142857,0.0,0.0024838117,0.0017618418,-0.002352969
4029,9.0,2.2857144,0.0,-0.0030309376,0.002151826,-0.002002293
4030,9.0,2.857143,0.0,-0.016233344,0.0013928193,-0.0016945897
4031,9.0,3.4285715,0.0,-0.022625105,0.0006529,-0.0012912434
4032,9.0,4.0,0.0,-0.0366245,0.0015510644,-0.0012922023
4033,9.6,0.0,8.0,0.031219725,0.01129394,0.0008340937
4034,9.6,0.5714286,8.0,0.02570102,0.014969143,0.00077250035
4035,9.6,1.1428572,8.0,0.012461194,0.011518585,0.00059254374
4036,9.6,1.7142857,8.0,0.0066466825,0.013538967,0.00068594114
4037,9.6,2.2857144,8.0,-0.0066504492,0.011878254,0.00040857322
4038,9.6,2.857143,8.0,-0.012450534,0.012043985,0.00021406455
4039,9.6,3.4285715,8.0,-0.026270637,0.01216596,-2.195898e-05
4040,9.6,4.0,8.0,-0.032633286,0.011244691,-0.0005707049
4041,9.6,0.0,7.3846154,0.030644763,0.010955373,0.00061622576
4042,9.6,0.5714286,7.3846154,0.025360934,0.015106003,0.00062334514
4043,9.6,1.1428572,7.3846154,0.011914458,0.011345166,0.0006198254
4044,9.6,1.7142857,7.3846154,0.0063421885,0.013418751,0.0004839601
4045,9.6,2.2857144,7.3846154,-0.0070382576,0.011670487,0.00032686116
4046,9.6,2.857143,7.3846154,-0.012634743,0.011834566,0.00010529407
4047,9.6,3.4285715,7.3846154,-0.026558122,0.011960159,-5.2126066e-05
4048,9.6,4.0,7.3846154,-0.032734558,0.011009109,-5.6939924e-05
4049,9.6,0.0,6.769231,0.030422075,0.010981007,0.0005438132
4050,9.6,0.5714286,6.769231,0.025280755,0.015089224,0.00052490394
4051,9.6,1.1428572,6.769231,0.011697122,0.011179569,0.00045080748
4052,9.6,1.7142857,6.769231,0.006358275,0.013309159,0.00031757067
4053,9.6,2.2857144,6.769231,-0.007276144,0.01159864,0.00016474442
4054,9.6,2.857143,6.769231,-0.012662625,0.011682162,3.3155895e-05
4055,9.6,3.4285715,6.769231,-0.026799757,0.011923017,-0.00015164894
4056,9.6,4.0,6.769231,-0.032795038,0.010800876,-0.00036347352
4057,9.6,0.0,6.1538463,0.03037255,0.010938776,0.00039029605
4058,9.6,0.5714286,6.1538463,0.025290543,0.014920777,0.00029392986
4059,9.6,1.1428572,6.1538463,0.011650739,0.011202402,0.00020835336
4060,9.6,1.7142857,6.1538463,0.006275903,0.0132235,0.0001246429
4061,9.6,2.2857144,6.1538463,-0.007359541,0.0115937255,1.4996225e-05
4062,9.6,2.857143,6.1538463,-0.012753085,0.011623904,-0.00011642658
4063,9.6,3.4285715,6.1538463,-0.026898388,0.011899188,-0.00015124348
4064,9.6,4.0,6.1538463,-0.032853145,0.010749927,-0.00011611066
4065,9.6,0.0,5.5384617,0.030336523,0.010917405,2.6152826e-05
4066,9.6,0.5714286,5.5384617,0.025192242,0.014977678,4.093004e-05
4067,9.6,1.1428572,5.5384617,0.011583807,0.011143993,7.8834057e-07
4068,9.6,1.7142857,5.5384617,0.0062267063,0.013248795,-8.509561e-05
4069,9.6,2.2857144,5.5384617,-0.0074202362,0.011572892,-0.00015497443
4070,9.6,2.857143,5.5384617,-0.012815753,0.011642332,-0.00021374214
4071,9.6,3.4285715,5.5384617,-0.026945839,0.01188245,-0.0003202222
4072,9.6,4.0,5.5384617,-0.032900322,0.010744214,-0.00041120607
4073,9.6,0.0,4.923077,0.030272122,0.010908183,-0.00015922643
4074,9.6,0.5714286,4.923077,0.025149107,0.014953994,-0.00020676451
4075,9.6,1.1428572,4.923077,0.011564901,0.0111625055,-0.00024314567
4076,9.6,1.7142857,4.923077,0.0061652553,0.013257731,-0.00027207992
4077,9.6,2.2857144,4.923077,-0.0074442984,0.0115790395,-0.0003173897
4078,9.6,2.857143,4.923077,-0.012867201,0.011663479,-0.00037121994
4079,9.6,3.4285715,4.923077,-0.026965728,0.011883215,-0.00034781575
4080,9.6,4.0,4.923077,-0.03292276,0.01076378,-0.00029593104
4081,9.6,0.0,4.3076925,0.030254481,0.010908272,-0.00047705835
4082,9.6,0.5714286,4.3076925,0.025104925,0.01496957,-0.00044975328
4083,9.6,1.1428572,4.3076925,0.011531126,0.01115972,-0.0004501111
4084,9.6,1.7142857,4.3076925,0.0061376896,0.013270594,-0.0004739362
4085,9.6,2.2857144,4.3076925,-0.0074706515,0.011585738,-0.00048373142
4086,9.6,2.857143,4.3076925,-0.01289469,0.011676297,-0.00048567686
4087,9.6,3.4285715,4.3076925,-0.026983032,0.011889097,-0.00054419605
4088,9.6,4.0,4.3076925,-0.032939814,0.010770516,-0.00060050323
4089,9.6,0.0,3.6923077,0.030238075,0.010909056,-0.00065723056
4090,9.6,0.5714286,3.6923077,0.025088357,0.014969437,-0.00068402797
4091,9.6,1.1428572,3.6923077,0.011514956,0.011160242,-0.0006824241
4092,9.6,1.7142857,3.6923077,0.0061210687,0.013270584,-0.00065818493
4093,9.6,2.2857144,3.6923077,-0.00748688,0.011586103,-0.0006472775
4094,9.6,2.857143,3.6923077,-0.01291131,0.011676387,-0.000644925
4095,9.6,3.4285715,3.6923077,-0.02699931,0.011889345,-0.00058524776
4096,9.6,4.0,3.6923077,-0.032956462,0.010770706,-0.0005284406
4097,9.6,0.0,3.0769231,0.030223731,0.010910216,-0.0009750707
4098,9.6,0.5714286,3.0769231,0.025099382,0.014953375,-0.0009269966
4099,9.6,1.1428572,3.0769231,0.011516262,0.011164117,-0.00088943104
4100,9.6,1.7142857,3.0769231,0.0061154733,0.013257727,-0.00086002075
4101,9.6,2.2857144,3.0769231,-0.0074930172,0.011580088,-0.0008136567
4102,9.6,2.857143,3.0769231,-0.01291705,0.011663782,-0.0007593615
4103,9.6,3.4285715,3.0769231,-0.02701453,0.011883914,-0.00078166067
4104,9.6,4.0,3.0769231,-0.0329727,0.010764325,-0.00083298335
4105,9.6,0.0,2.4615386,0.030255236,0.01092081,-0.0011605913
4106,9.6,0.5714286,2.4615386,0.025109421,0.014977032,-0.0011746408
4107,9.6,1.1428572,2.4615386,0.011502778,0.011146447,-0.0011334452
4108,9.6,1.7142857,2.4615386,0.0061437357,0.013248907,-0.0010469747
4109,9.6,2.2857144,2.4615386,-0.007501466,0.011574548,-0.0009761443
4110,9.6,2.857143,2.4615386,-0.012898781,0.011642881,-0.00091679656
4111,9.6,3.4285715,2.4615386,-0.027027246,0.011883574,-0.0008093257
4112,9.6,4.0,2.4615386,-0.032983493,0.010745167,-0.00071769266
4113,9.6,0.0,1.8461539,0.030259334,0.010943472,-0.0015246001
4114,9.6,0.5714286,1.8461539,0.025174534,0.014919473,-0.0014277527
4115,9.6,1.1428572,1.8461539,0.01153726,0.011206056,-0.0013410221
4116,9.6,1.7142857,1.8461539,0.0061597307,0.013223479,-0.0012567741
4117,9.6,2.2857144,1.8461539,-0.007473222,0.011596111,-0.001146121
4118,9.6,2.857143,1.8461539,-0.012869374,0.011624582,-0.0010141605
4119,9.6,3.4285715,1.8461539,-0.027012255,0.011900766,-0.0009782854
4120,9.6,4.0,1.8461539,-0.032969642,0.010751189,-0.0010128089
4121,9.6,0.0,1.2307693,0.030275939,0.010987555,-0.001678397
4122,9.6,0.5714286,1.2307693,0.025131594,0.015087429,-0.0016587068
4123,9.6,1.1428572,1.2307693,0.011551287,0.011184262,-0.0015835734
4124,9.6,1.7142857,1.2307693,0.006208865,0.013309025,-0.0014497342
4125,9.6,2.2857144,1.2307693,-0.0074223066,0.0116017265,-0.0012959294
4126,9.6,2.857143,1.2307693,-0.012812089,0.011682937,-0.0011637374
4127,9.6,3.4285715,1.2307693,-0.02694619,0.011925064,-0.0009779339
4128,9.6,4.0,1.2307693,-0.032944724,0.010802474,-0.00076547335
4129,9.6,0.0,0.61538464,0.030466694,0.010963249,-0.001750609
4130,9.6,0.5714286,0.61538464,0.025178485,0.015103483,-0.0017572659
4131,9.6,1.1428572,0.61538464,0.011736094,0.01135109,-0.0017526707
4132,9.6,1.7142857,0.61538464,0.0061595477,0.013418346,-0.0016161726
4133,9.6,2.2857144,0.61538464,-0.0072168475,0.01167432,-0.0014581071
4134,9.6,2.857143,0.61538464,-0.01281746,0.0118354,-0.0012358916
4135,9.6,3.4285715,0.61538464,-0.026736937,0.011962646,-0.0010774715
4136,9.6,4.0,0.61538464,-0.03291755,0.011011022,-0.0010719742
4137,9.6,0.0,0.0,0.031008845,0.011303262,-0.001968243
4138,9.6,0.5714286,0.0,0.025485326,0.014966074,-0.0019064152
4139,9.6,1.1428572,0.0,0.012250614,0.01152557,-0.0017254113
4140,9.6,1.7142857,0.0,0.0064306916,0.013538401,-0.001818346
4141,9.6,2.2857144,0.0,-0.006861348,0.011882764,-0.001539758
4142,9.6,2.857143,0.0,-0.012666513,0.012044937,-0.0013447923
4143,9.6,3.4285715,0.0,-0.026481802,0.012168896,-0.0011075847
4144,9.6,4.0,0.0,-0.032849472,0.011246865,-0.0005583401
4145,10.2,0.0,8.0,0.034969006,0.024764456,-4.807897e-06
4146,10.2,0.5714286,8.0,0.021722926,0.021208333,0.00017427972
4147,10.2,1.1428572,8.0,0.016213542,0.024088744,0.00025986476
4148,10.2,1.7142857,8.0,0.0026984445,0.021727141,2.7621376e-05
4149,10.2,2.2857144,8.0,-0.0028368575,0.022908451,7.264741e-05
4150,10.2,2.857143,8.0,-0.01652566,0.022259103,-0.00013735452
4151,10.2,3.4285715,8.0,-0.022499893,0.022026863,-0.00027472488
4152,10.2,4.0,8.0,-0.03642167,0.022550419,-0.00019341621
4153,10.2,0.0,7.3846154,0.034684088,0.025061691,0.0002583563
4154,10.2,0.5714286,7.3846154,0.021250263,0.0210216,0.0001683692
4155,10.2,1.1428572,7.3846154,0.015973628,0.02410557,0.000109453504
4156,10.2,1.7142857,7.3846154,0.0022862558,0.02159375,8.651088e-05
4157,10.2,2.2857144,7.3846154,-0.0030356934,0.022799669,-4.673348e-05
4158,10.2,2.857143,7.3846154,-0.0168531,0.022115564,-0.0001318013
4159,10.2,3.4285715,7.3846154,-0.02260312,0.021860236,-0.00030672242
4160,10.2,4.0,7.3846154,-0.03668332,0.02238833,-0.0005931434
4161,10.2,0.0,6.769231,0.03459727,0.02497719,0.00012917376
4162,10.2,0.5714286,6.769231,0.020985588,0.020921778,9.8594894e-05
4163,10.2,1.1428572,6.769231,0.015890151,0.024078885,6.073575e-05
4164,10.2,1.7142857,6.769231,0.0020181611,0.02149581,-1.0608739e-05
4165,10.2,2.2857144,6.769231,-0.0030798113,0.022684371,-8.995047e-05
4166,10.2,2.857143,6.769231,-0.017109774,0.022057207,-0.00022002005
4167,10.2,3.4285715,6.769231,-0.02264637,0.021695156,-0.0002735233
4168,10.2,4.0,6.769231,-0.036948428,0.022357646,-0.00025110855
4169,10.2,0.0,6.1538463,0.03453811,0.02493433,-7.971989e-06
4170,10.2,0.5714286,6.1538463,0.020887002,0.020959869,-1.1765067e-05
4171,10.2,1.1428572,6.1538463,0.015830142,0.02395325,-5.170691e-05
4172,10.2,1.7142857,6.1538463,0.0019375695,0.021487545,-0.000120771554
4173,10.2,2.2857144,6.1538463,-0.0031704046,0.022597732,-0.0001995552
4174,10.2,2.857143,6.1538463,-0.01720911,0.022026919,-0.0002566029
4175,10.2,3.4285715,6.1538463,-0.022738371,0.021620315,-0.00038520733
4176,10.2,4.0,6.1538463,-0.037039686,0.022297783,-0.00051726605
4177,10.2,0.0,5.5384617,0.034469254,0.02492143,-0.00011383657
4178,10.2,0.5714286,5.5384617,0.020850178,0.020875482,-0.00016092604
4179,10.2,1.1428572,5.5384617,0.015761865,0.023968672,-0.00021005771
4180,10.2,1.7142857,5.5384617,0.0018762266,0.02143288,-0.0002390904
4181,10.2,2.2857144,5.5384617,-0.0032337694,0.022591734,-0.00029769936
4182,10.2,2.857143,5.5384617,-0.017269738,0.021984823,-0.00036559618
4183,10.2,3.4285715,5.5384617,-0.022799127,0.021606099,-0.0003610128
4184,10.2,4.0,5.5384617,-0.037081975,0.022259464,-0.00032611936
4185,10.2,0.0,4.923077,0.034409057,0.024928015,-0.00035217192
4186,10.2,0.5714286,4.923077,0.020801423,0.020888701,-0.00032842526
4187,10.2,1.1428572,4.923077,0.015707886,0.023948498,-0.00034085198
4188,10.2,1.7142857,4.923077,0.0018496389,0.021422563,-0.00038281913
4189,10.2,2.2857144,4.923077,-0.0032887156,0.022589386,-0.00041098954
4190,10.2,2.857143,4.923077,-0.017297024,0.021967843,-0.00042955313
4191,10.2,3.4285715,4.923077,-0.022844123,0.02160444,-0.0005082617
4192,10.2,4.0,4.923077,-0.037092015,0.022231488,-0.0005763711
4193,10.2,0.0,4.3076925,0.03437135,0.024922952,-0.00046251004
4194,10.2,0.5714286,4.3076925,0.020779325,0.020875195,-0.000496214
4195,10.2,1.1428572,4.3076925,0.015674507,0.023954215,-0.00051388086
4196,10.2,1.7142857,4.3076925,0.0018223022,0.021416927,-0.00050806755
4197,10.2,2.2857144,4.3076925,-0.0033183896,0.022589864,-0.0005243555
4198,10.2,2.857143,4.3076925,-0.01732002,0.02196366,-0.0005443388
4199,10.2,3.4285715,4.3076925,-0.022869155,0.021604622,-0.0005022001
4200,10.2,4.0,4.3076925,-0.037104085,0.022225978,-0.00045550682
4201,10.2,0.0,3.6923077,0.0343549,0.024922656,-0.0007042127
4202,10.2,0.5714286,3.6923077,0.020763164,0.020875772,-0.0006692526
4203,10.2,1.1428572,3.6923077,0.015657857,0.023954123,-0.0006511192
4204,10.2,1.7142857,3.6923077,0.0018061365,0.021417381,-0.0006557316
4205,10.2,2.2857144,3.6923077,-0.0033350408,0.022589907,-0.00063901715
4206,10.2,2.857143,3.6923077,-0.01733623,0.021963978,-0.00061787275
4207,10.2,3.4285715,3.6923077,-0.02288582,0.021604767,-0.00065953535
4208,10.2,4.0,3.6923077,-0.037120324,0.022226186,-0.0007049926
4209,10.2,0.0,3.0769231,0.03435913,0.02492748,-0.0008145573
4210,10.2,0.5714286,3.0769231,0.02075291,0.020890538,-0.00083707186
4211,10.2,1.1428572,3.0769231,0.015658084,0.023948265,-0.00082412205
4212,10.2,1.7142857,3.0769231,0.0018010498,0.021423858,-0.0007810211
4213,10.2,2.2857144,3.0769231,-0.0033386175,0.022589568,-0.0007523578
4214,10.2,2.857143,3.0769231,-0.017345684,0.021968754,-0.0007326926
4215,10.2,3.4285715,3.0769231,-0.022894124,0.021604912,-0.0006534527
4216,10.2,4.0,3.0769231,-0.037140764,0.022232125,-0.0005841747
4217,10.2,0.0,2.4615386,0.034386467,0.02492049,-0.0010527921
4218,10.2,0.5714286,2.4615386,0.020769283,0.020878261,-0.0010046391
4219,10.2,1.1428572,2.4615386,0.015678816,0.023968417,-0.00095489534
4220,10.2,1.7142857,2.4615386,0.001795247,0.021434931,-0.0009248006
4221,10.2,2.2857144,2.4615386,-0.0033169119,0.022592092,-0.0008656232
4222,10.2,2.857143,2.4615386,-0.017350871,0.021986274,-0.00079670135
4223,10.2,3.4285715,2.4615386,-0.022882383,0.02160691,-0.0008006653
4224,10.2,4.0,2.4615386,-0.03716326,0.022260455,-0.0008344695
4225,10.2,0.0,1.8461539,0.034421798,0.024933008,-0.0011587591
4226,10.2,0.5714286,1.8461539,0.020773793,0.020964,-0.0011537772
4227,10.2,1.1428572,1.8461539,0.0157139,0.0239527,-0.0011132876
4228,10.2,1.7142857,1.8461539,0.0018242022,0.021490512,-0.0010431302
4229,10.2,2.2857144,1.8461539,-0.0032868404,0.022598121,-0.0009638019
4230,10.2,2.857143,1.8461539,-0.017322637,0.022028992,-0.00090568786
4231,10.2,3.4285715,1.8461539,-0.022854995,0.021621382,-0.0007765127
4232,10.2,4.0,1.8461539,-0.037153408,0.022299211,-0.0006433468
4233,10.2,0.0,1.2307693,0.034448028,0.024975024,-0.0012958179
4234,10.2,0.5714286,1.2307693,0.020840017,0.020927165,-0.0012642024
4235,10.2,1.1428572,1.2307693,0.015740575,0.024078032,-0.0012257354
4236,10.2,1.7142857,1.2307693,0.0018724498,0.021499671,-0.0011533503
4237,10.2,2.2857144,1.2307693,-0.0032295326,0.02268477,-0.0010734017
4238,10.2,2.857143,1.2307693,-0.017255709,0.022059884,-0.00094232423
4239,10.2,3.4285715,1.2307693,-0.022796262,0.021696465,-0.0008881694
4240,10.2,4.0,1.2307693,-0.037094608,0.022359425,-0.0009095247
4241,10.2,0.0,0.61538464,0.034501236,0.025058895,-0.0014249204
4242,10.2,0.5714286,0.61538464,0.02107242,0.02102841,-0.0013339852
4243,10.2,1.1428572,0.61538464,0.015790759,0.024104262,-0.0012745068
4244,10.2,1.7142857,0.61538464,0.0021082074,0.021598594,-0.0012504774
4245,10.2,2.2857144,0.61538464,-0.003218766,0.022799984,-0.0011166718
4246,10.2,2.857143,0.61538464,-0.017031321,0.02211888,-0.001030538
4247,10.2,3.4285715,0.61538464,-0.02278641,0.021861749,-0.0008550112
4248,10.2,4.0,0.61538464,-0.036861792,0.022390507,-0.00056753476
4249,10.2,0.0,0.0,0.034753226,0.02476118,-0.0011624027
4250,10.2,0.5714286,0.0,0.02151266,0.021216141,-0.0013398405
4251,10.2,1.1428572,0.0,0.015997369,0.024087172,-0.0014249324
4252,10.2,1.7142857,0.0,0.0024880713,0.02173279,-0.0011916182
4253,10.2,2.2857144,0.0,-0.0030531774,0.02290879,-0.0012361108
4254,10.2,2.857143,0.0,-0.016736249,0.022262974,-0.001024983
4255,10.2,3.4285715,0.0,-0.022716368,0.022028595,-0.0008870484
4256,10.2,4.0,0.0,-0.036632534,0.022553055,-0.0009671398
4257,10.8,0.0,8.0,0.030859316,0.03111328,2.7859194e-05
4258,10.8,0.5714286,8.0,0.025620328,0.034362976,-0.00015413397
4259,10.8,1.1428572,8.0,0.012008131,0.031484094,-0.00025644695
4260,10.8,1.7142857,8.0,0.0067305486,0.033513617,-0.00014441606
4261,10.8,2.2857144,8.0,-0.007092693,0.032087266,-0.00035866658
4262,10.8,2.857143,8.0,-0.012544079,0.032626662,-0.00033561583
4263,10.8,3.4285715,8.0,-0.026713524,0.032599553,-0.00047831063
4264,10.8,4.0,8.0,-0.032296304,0.03195226,-0.00080579537
4265,10.8,0.0,7.3846154,0.030516451,0.030861117,-0.00023416519
4266,10.8,0.5714286,7.3846154,0.025447631,0.03446844,-0.00016067993
4267,10.8,1.1428572,7.3846154,0.011609691,0.031346057,-0.00017399612
4268,10.8,1.7142857,7.3846154,0.006563237,0.03348327,-0.0002694374
4269,10.8,2.2857144,7.3846154,-0.007437506,0.031988822,-0.00028215031
4270,10.8,2.857143,7.3846154,-0.0126689095,0.03252404,-0.00040254096
4271,10.8,3.4285715,7.3846154,-0.02698125,0.03249718,-0.0004426163
4272,10.8,4.0,7.3846154,-0.032384716,0.031843465,-0.0003866486
4273,10.8,0.0,6.769231,0.03016706,0.030857995,-0.00013249392
4274,10.8,0.5714286,6.769231,0.025332943,0.03445351,-0.00018931282
4275,10.8,1.1428572,6.769231,0.011325196,0.031250764,-0.00022775466
4276,10.8,1.7142857,6.769231,0.006480794,0.033426665,-0.00026254536
4277,10.8,2.2857144,6.769231,-0.0077154487,0.031921264,-0.00034033746
4278,10.8,2.857143,6.769231,-0.012721311,0.03240536,-0.00038030592
4279,10.8,3.4285715,6.769231,-0.027240545,0.032460764,-0.00050393847
4280,10.8,4.0,6.769231,-0.032427616,0.031670604,-0.0006850404
4281,10.8,0.0,6.1538463,0.030086672,0.03083971,-0.00021216943
4282,10.8,0.5714286,6.1538463,0.025254762,0.034342363,-0.0002488494
4283,10.8,1.1428572,6.1538463,0.011213656,0.031267032,-0.00028370152
4284,10.8,1.7142857,6.1538463,0.006394689,0.03332506,-0.00032205685
4285,10.8,2.2857144,6.1538463,-0.007818806,0.03189606,-0.00036591073
4286,10.8,2.857143,6.1538463,-0.012817367,0.032315914,-0.00044382998
4287,10.8,3.4285715,6.1538463,-0.027344652,0.03241288,-0.00044466916
4288,10.8,4.0,6.1538463,-0.032530624,0.031596914,-0.0004221589
4289,10.8,0.0,5.5384617,0.030015638,0.03081298,-0.00034122405
4290,10.8,0.5714286,5.5384617,0.025179895,0.03436309,-0.00033827085
4291,10.8,1.1428572,5.5384617,0.0111650545,0.031195242,-0.00035066056
4292,10.8,1.7142857,5.5384617,0.0063244784,0.033315044,-0.00039758242
4293,10.8,2.2857144,5.5384617,-0.00787898,0.031838395,-0.0004301603
4294,10.8,2.857143,5.5384617,-0.012887349,0.03229072,-0.0004567475
4295,10.8,3.4285715,5.5384617,-0.027401756,0.032355346,-0.0005474533
4296,10.8,4.0,5.5384617,-0.03257854,0.03155523,-0.00064489234
4297,10.8,0.0,4.923077,0.029984625,0.03079076,-0.0003972432
4298,10.8,0.5714286,4.923077,0.025128568,0.03433307,-0.0004342407
4299,10.8,1.1428572,4.923077,0.01112478,0.031184863,-0.00045971596
4300,10.8,1.7142857,4.923077,0.0062730373,0.033296566,-0.0004656397
4301,10.8,2.2857144,4.923077,-0.007911777,0.031810164,-0.00049233326
4302,10.8,2.857143,4.923077,-0.0129374815,0.032275572,-0.0005286442
4303,10.8,3.4285715,4.923077,-0.027426623,0.032322127,-0.00049893564
4304,10.8,4.0,4.923077,-0.032620255,0.031540915,-0.00046739372
4305,10.8,0.0,4.3076925,0.029951146,0.030792288,-0.000571442
4306,10.8,0.5714286,4.3076925,0.02509033,0.034338295,-0.00054517237
4307,10.8,1.1428572,4.3076925,0.011101109,0.031171374,-0.00053841184
4308,10.8,1.7142857,4.3076925,0.0062394007,0.03329119,-0.00056107045
4309,10.8,2.2857144,4.3076925,-0.007935676,0.03179925,-0.0005616176
4310,10.8,2.857143,4.3076925,-0.012967977,0.032267656,-0.0005598082
4311,10.8,3.4285715,4.3076925,-0.027445823,0.03230822,-0.00061730493
4312,10.8,4.0,4.3076925,-0.032638595,0.031529456,-0.0006711491
4313,10.8,0.0,3.6923077,0.029934945,0.03079301,-0.00062697683
4314,10.8,0.5714286,3.6923077,0.025073683,0.03433817,-0.00065271254
4315,10.8,1.1428572,3.6923077,0.011084995,0.031171912,-0.0006582346
4316,10.8,1.7142857,3.6923077,0.0062227254,0.03329117,-0.00063513377
4317,10.8,2.2857144,3.6923077,-0.007951831,0.031799644,-0.0006333925
4318,10.8,2.857143,3.6923077,-0.012984672,0.032267764,-0.00063475064
4319,10.8,3.4285715,3.6923077,-0.027462019,0.0323085,-0.0005760328
4320,10.8,4.0,3.6923077,-0.032655325,0.03152966,-0.0005216564
4321,10.8,0.0,3.0769231,0.02993628,0.030792572,-0.00080117077
4322,10.8,0.5714286,3.0769231,0.025078686,0.034332655,-0.00076362333
4323,10.8,1.1428572,3.0769231,0.011076319,0.031186385,-0.00073696877
4324,10.8,1.7142857,3.0769231,0.0062230853,0.03329659,-0.0007305348
4325,10.8,2.2857144,3.0769231,-0.007960294,0.031811275,-0.00070271245
4326,10.8,2.857143,3.0769231,-0.012987522,0.03227593,-0.00066588883
4327,10.8,3.4285715,3.0769231,-0.027475215,0.032322925,-0.0006944318
4328,10.8,4.0,3.0769231,-0.032670375,0.031541526,-0.0007253855
4329,10.8,0.0,2.4615386,0.029934827,0.030816028,-0.0008572639
4330,10.8,0.5714286,2.4615386,0.025096778,0.034362584,-0.00085955445
4331,10.8,1.1428572,2.4615386,0.011084301,0.031197669,-0.00084605854
4332,10.8,1.7142857,2.4615386,0.006241238,0.033315137,-0.00079857523
4333,10.8,2.2857144,2.4615386,-0.0079598725,0.031840175,-0.0007649214
4334,10.8,2.857143,2.4615386,-0.012970707,0.032291356,-0.00073775795
4335,10.8,3.4285715,2.4615386,-0.027482802,0.032356627,-0.00064596126
4336,10.8,4.0,2.4615386,-0.032662045,0.03155629,-0.00054788153
4337,10.8,0.0,1.8461539,0.029973747,0.030843941,-0.0009862644
4338,10.8,0.5714286,1.8461539,0.025138352,0.03434143,-0.00094900583
4339,10.8,1.1428572,1.8461539,0.011100593,0.03127053,-0.00091301976
4340,10.8,1.7142857,1.8461539,0.006278123,0.03332507,-0.0008741239
4341,10.8,2.2857144,1.8461539,-0.007932008,0.031898607,-0.0008291693
4342,10.8,2.857143,1.8461539,-0.012934111,0.03231671,-0.00075070234
4343,10.8,3.4285715,1.8461539,-0.027458025,0.0324147,-0.00074873073
4344,10.8,4.0,1.8461539,-0.032647554,0.031598307,-0.0007706312
4345,10.8,0.0,1.2307693,0.030021725,0.03086377,-0.0010659158
4346,10.8,0.5714286,1.2307693,0.0251832,0.034452137,-0.0010085274
4347,10.8,1.1428572,1.2307693,0.0111799035,0.03125536,-0.00096901366
4348,10.8,1.7142857,1.2307693,0.006330845,0.033426534,-0.00093361695
4349,10.8,2.2857144,1.2307693,-0.007860939,0.031924576,-0.0008547927
4350,10.8,2.857143,1.2307693,-0.012871433,0.03240631,-0.0008141975
4351,10.8,3.4285715,1.2307693,-0.02738626,0.032463085,-0.0006895177
4352,10.8,4.0,1.2307693,-0.03257797,0.031672403,-0.00050777005
4353,10.8,0.0,0.61538464,0.030339075,0.030868268,-0.00096450065
4354,10.8,0.5714286,0.61538464,0.02526445,0.034466412,-0.0010371628
4355,10.8,1.1428572,0.61538464,0.011432176,0.03135182,-0.0010227389
4356,10.8,1.7142857,0.61538464,0.0063798535,0.033482898,-0.0009268017
4357,10.8,2.2857144,0.61538464,-0.0076151844,0.031992953,-0.0009129426
4358,10.8,2.857143,0.61538464,-0.012852495,0.03252506,-0.0007920256
4359,10.8,3.4285715,0.61538464,-0.02715913,0.032500036,-0.0007508056
4360,10.8,4.0,0.61538464,-0.03256854,0.03184557,-0.0008061562
4361,10.8,0.0,0.0,0.030649379,0.031121504,-0.0012257633
4362,10.8,0.5714286,0.0,0.02540394,0.03436078,-0.0010438807
4363,10.8,1.1428572,0.0,0.011798249,0.031490743,-0.00094036513
4364,10.8,1.7142857,0.0,0.0065139206,0.03351317,-0.0010517724
4365,10.8,2.2857144,0.0,-0.0073027518,0.032092057,-0.00083649013
4366,10.8,2.857143,0.0,-0.012760879,0.03262783,-0.00085894106
4367,10.8,3.4285715,0.0,-0.026923819,0.032602906,-0.000715129
4368,10.8,4.0,0.0,-0.032513347,0.03195463,-0.00038712213
4369,11.4,0.0,8.0,0.03519006,0.044605214,-0.00053409446
4370,11.4,0.5714286,8.0,0.021138547,0.04127058,-0.00039916998
4371,11.4,1.1428572,8.0,0.016290842,0.04394691,-0.00038548285
4372,11.4,1.7142857,8.0,0.0022169384,0.04184531,-0.00058491033
4373,11.4,2.2857144,8.0,-0.002760816,0.04315046,-0.00047640808
4374,11.4,2.857143,8.0,-0.017113328,0.04247694,-0.0006351209
4375,11.4,3.4285715,8.0,-0.022341087,0.042448077,-0.0006320877
4376,11.4,4.0,8.0,-0.03682651,0.0429149,-0.0004915271
4377,11.4,0.0,7.3846154,0.034983207,0.04476108,-0.00026814934
4378,11.4,0.5714286,7.3846154,0.020776704,0.041089818,-0.0004101859
4379,11.4,1.1428572,7.3846154,0.016164146,0.04397318,-0.00046243716
4380,11.4,1.7142857,7.3846154,0.001843416,0.041742563,-0.00045393224
4381,11.4,2.2857144,7.3846154,-0.0028785046,0.043102328,-0.0005542127
4382,11.4,2.857143,7.3846154,-0.01742642,0.042416606,-0.00055345695
4383,11.4,3.4285715,7.3846154,-0.022418793,0.04237245,-0.00065450603
4384,11.4,4.0,7.3846154,-0.03705642,0.042831052,-0.00086203846
4385,11.4,0.0,6.769231,0.034930658,0.044708516,-0.0004106839
4386,11.4,0.5714286,6.769231,0.020465933,0.0410119,-0.0004045568
4387,11.4,1.1428572,6.769231,0.01605534,0.043948643,-0.00043292315
4388,11.4,1.7142857,6.769231,0.0015618781,0.041665908,-0.00048478425
4389,11.4,2.2857144,6.769231,-0.002951515,0.043022554,-0.00050549547
4390,11.4,2.857143,6.769231,-0.017697908,0.04236825,-0.0005809546
4391,11.4,3.4285715,6.769231,-0.02244923,0.04224335,-0.00058104296
4392,11.4,4.0,6.769231,-0.037362497,0.04283121,-0.0005380984
4393,11.4,0.0,6.1538463,0.03477557,0.0446534,-0.00040513868
4394,11.4,0.5714286,6.1538463,0.020344213,0.041035004,-0.00042836752
4395,11.4,1.1428572,6.1538463,0.015971098,0.04384139,-0.00045222102
4396,11.4,1.7142857,6.1538463,0.0014369204,0.04165717,-0.00048432784
4397,11.4,2.2857144,6.1538463,-0.003044224,0.04292628,-0.00052753766
4398,11.4,2.857143,6.1538463,-0.01780879,0.04232619,-0.0005441793
4399,11.4,3.4285715,6.1538463,-0.022556996,0.042151134,-0.0006430845
4400,11.4,4.0,6.1538463,-0.03743861,0.042762656,-0.0007718251
4401,11.4,0.0,5.5384617,0.03474481,0.044641774,-0.00043266153
4402,11.4,0.5714286,5.5384617,0.020290649,0.040965006,-0.0004608785
4403,11.4,1.1428572,5.5384617,0.015888939,0.04384309,-0.00049385126
4404,11.4,1.7142857,5.5384617,0.0013895845,0.041591745,-0.0005040793
4405,11.4,2.2857144,5.5384617,-0.0031210466,0.042898558,-0.0005351261
4406,11.4,2.857143,5.5384617,-0.017867923,0.042261444,-0.00057762343
4407,11.4,3.4285715,5.5384617,-0.022618107,0.042111844,-0.0005593524
4408,11.4,4.0,5.5384617,-0.037511267,0.042702604,-0.0005375853
4409,11.4,0.0,4.923077,0.034662653,0.044643264,-0.00053497456
4410,11.4,0.5714286,4.923077,0.02024896,0.04096234,-0.00051932636
4411,11.4,1.1428572,4.923077,0.015844459,0.043816198,-0.0005214812
4412,11.4,1.7142857,4.923077,0.001346371,0.04156388,-0.00054991443
4413,11.4,2.2857144,4.923077,-0.0031690404,0.04287695,-0.00056306773
4414,11.4,2.857143,4.923077,-0.017902233,0.04222131,-0.00056870864
4415,11.4,3.4285715,4.923077,-0.022666821,0.042085055,-0.0006412474
4416,11.4,4.0,4.923077,-0.037515916,0.042652797,-0.0007150193
4417,11.4,0.0,4.3076925,0.034637287,0.044634946,-0.0005513907
4418,11.4,0.5714286,4.3076925,0.020223048,0.040946305,-0.00057869573
4419,11.4,1.1428572,4.3076925,0.015804168,0.043812603,-0.0005949838
4420,11.4,1.7142857,4.3076925,0.0013253695,0.041549828,-0.00058401073
4421,11.4,2.2857144,4.3076925,-0.003204358,0.04286477,-0.0005962944
4422,11.4,2.857143,4.3076925,-0.017923394,0.042204514,-0.00061152125
4423,11.4,3.4285715,4.3076925,-0.022693278,0.04207104,-0.00056767935
4424,11.4,4.0,4.3076925,-0.0375373,0.042633183,-0.00052857184
4425,11.4,0.0,3.6923077,0.034620624,0.044634696,-0.0006793906
4426,11.4,0.5714286,3.6923077,0.02020697,0.040946886,-0.0006508073
4427,11.4,1.1428572,3.6923077,0.015787467,0.043812517,-0.0006340592
4428,11.4,1.7142857,3.6923077,0.0013092641,0.0415503,-0.0006438069
4429,11.4,2.2857144,3.6923077,-0.0032210757,0.04286482,-0.00063110364
4430,11.4,2.857143,3.6923077,-0.017939527,0.042204857,-0.0006146608
4431,11.4,3.4285715,3.6923077,-0.022710022,0.042071205,-0.00065802544
4432,11.4,4.0,3.6923077,-0.03755344,0.042633425,-0.0006958345
4433,11.4,0.0,3.0769231,0.034612663,0.04464283,-0.0006958013
4434,11.4,0.5714286,3.0769231,0.020200647,0.04096407,-0.0007102017
4435,11.4,1.1428572,3.0769231,0.015794436,0.043816052,-0.00070753065
4436,11.4,1.7142857,3.0769231,0.0012980107,0.041565202,-0.00067794067
4437,11.4,2.2857144,3.0769231,-0.0032191528,0.04287718,-0.00066429964
4438,11.4,2.857143,3.0769231,-0.017950673,0.042222295,-0.00065750343
4439,11.4,3.4285715,3.0769231,-0.022717029,0.042085584,-0.00058443384
4440,11.4,4.0,3.0769231,-0.037564453,0.04265351,-0.00050942786
4441,11.4,0.0,2.4615386,0.03466155,0.044641007,-0.0007980438
4442,11.4,0.5714286,2.4615386,0.020210102,0.040967714,-0.00076868513
4443,11.4,1.1428572,2.4615386,0.015805587,0.04384291,-0.0007351465
4444,11.4,1.7142857,2.4615386,0.0013089388,0.041593876,-0.0007238003
4445,11.4,2.2857144,2.4615386,-0.0032045185,0.042898975,-0.00069222174
4446,11.4,2.857143,2.4615386,-0.017948696,0.04226302,-0.00064861774
4447,11.4,3.4285715,2.4615386,-0.022701718,0.04211275,-0.0006662984
4448,11.4,4.0,2.4615386,-0.037592154,0.042703725,-0.00068688975
4449,11.4,0.0,1.8461539,0.034658935,0.044652298,-0.0008255685
4450,11.4,0.5714286,1.8461539,0.020231469,0.041038945,-0.0008011893
4451,11.4,1.1428572,1.8461539,0.015854359,0.043841016,-0.0007767899
4452,11.4,1.7142857,1.8461539,0.0013240715,0.041660212,-0.0007435522
4453,11.4,2.2857144,1.8461539,-0.0031611423,0.042926762,-0.0006998236
4454,11.4,2.857143,1.8461539,-0.017921802,0.042328432,-0.00068205036
4455,11.4,3.4285715,1.8461539,-0.022674108,0.042152323,-0.0005825908
4456,11.4,4.0,1.8461539,-0.037551813,0.04276427,-0.00045267583
4457,11.4,0.0,1.2307693,0.03478059,0.044706706,-0.0008200944
4458,11.4,0.5714286,1.2307693,0.020321054,0.04101706,-0.00082501525
4459,11.4,1.1428572,1.2307693,0.015905142,0.04394796,-0.00079606625
4460,11.4,1.7142857,1.2307693,0.0014168494,0.04166989,-0.0007431409
4461,11.4,2.2857144,1.2307693,-0.0031019,0.043023065,-0.00072183606
4462,11.4,2.857143,1.2307693,-0.01784312,0.042371135,-0.00064531853
4463,11.4,3.4285715,1.2307693,-0.02259983,0.042244826,-0.00064459606
4464,11.4,4.0,1.2307693,-0.037507895,0.0428332,-0.0006864189
4465,11.4,0.0,0.61538464,0.034799617,0.04475865,-0.0009622956
4466,11.4,0.5714286,0.61538464,0.02059974,0.04109637,-0.00081943104
4467,11.4,1.1428572,0.61538464,0.015980402,0.0439721,-0.000766625
4468,11.4,1.7142857,0.61538464,0.0016663247,0.041747537,-0.0007739314
4469,11.4,2.2857144,0.61538464,-0.0030624622,0.04310277,-0.0006731947
4470,11.4,2.857143,0.61538464,-0.017603695,0.04242018,-0.00067276496
4471,11.4,3.4285715,0.61538464,-0.022602988,0.04237413,-0.0005711922
4472,11.4,4.0,0.61538464,-0.037233926,0.042833496,-0.0003625182
4473,11.4,0.0,0.0,0.034973234,0.04460248,-0.00069719605
4474,11.4,0.5714286,0.0,0.020929206,0.041277967,-0.000830268
4475,11.4,1.1428572,0.0,0.016073858,0.043945704,-0.00084353116
4476,11.4,1.7142857,0.0,0.0020074572,0.04185105,-0.00064307405
4477,11.4,2.2857144,0.0,-0.0029779992,0.043150954,-0.0007509319
4478,11.4,2.857143,0.0,-0.01732299,0.042481076,-0.00059116224
4479,11.4,3.4285715,0.0,-0.022558495,0.04244998,-0.0005935929
4480,11.4,4.0,0.0,-0.03703638,0.042917795,-0.0007329648
4481,12.0,0.0,8.0,0.030177869,0.05102746,-0.0004335208
4482,12.0,0.5714286,8.0,0.025894003,0.05423457,-0.0006521354
4483,12.0,1.1428572,8.0,0.011365194,0.05150005,-0.0007662302
4484,12.0,1.7142857,8.0,0.006976904,0.053577866,-0.00067218504
4485,12.0,2.2857144,8.0,-0.007729645,0.052285932,-0.0008654231
4486,12.0,2.857143,8.0,-0.012333362,0.05300299,-0.00076280005
4487,12.0,3.4285715,8.0,-0.027324634,0.05296192,-0.0008365483
4488,12.0,4.0,8.0,-0.03196777,0.052358933,-0.001036173
4489,12.0,0.0,7.3846154,0.029950948,0.050793186,-0.00068117364
4490,12.0,0.5714286,7.3846154,0.025771532,0.05429625,-0.000616185
4491,12.0,1.1428572,7.3846154,0.010940881,0.05136033,-0.0006368258
4492,12.0,1.7142857,7.3846154,0.0069108484,0.053558767,-0.00072972424
4493,12.0,2.2857144,7.3846154,-0.008117817,0.052211497,-0.00070307526
4494,12.0,2.857143,7.3846154,-0.01241238,0.05294435,-0.0007815372
4495,12.0,3.4285715,7.3846154,-0.027579436,0.05290394,-0.00076284236
4496,12.0,4.0,7.3846154,-0.032105874,0.052335992,-0.00067096564
4497,12.0,0.0,6.769231,0.029491154,0.0507257,-0.000506866
4498,12.0,0.5714286,6.769231,0.025688734,0.054279447,-0.00058515347
4499,12.0,1.1428572,6.769231,0.010666806,0.051274203,-0.00061487115
4500,12.0,1.7142857,6.769231,0.0068026884,0.053507507,-0.0006287277
4501,12.0,2.2857144,6.769231,-0.008386674,0.05213984,-0.00068358745
4502,12.0,2.857143,6.769231,-0.012455472,0.052826405,-0.000688728
4503,12.0,3.4285715,6.769231,-0.027878279,0.052870203,-0.0007788565
4504,12.0,4.0,6.769231,-0.032057833,0.052171953,-0.0009454819
4505,12.0,0.0,6.1538463,0.029469464,0.05072826,-0.00052686257
4506,12.0,0.5714286,6.1538463,0.025573494,0.054170128,-0.00054146035
4507,12.0,1.1428572,6.1538463,0.010518945,0.051285014,-0.00057173846
4508,12.0,1.7142857,6.1538463,0.0067253294,0.053403392,-0.00059817085
4509,12.0,2.2857144,6.1538463,-0.008519005,0.052109353,-0.0006216014
4510,12.0,2.857143,6.1538463,-0.012554429,0.05273181,-0.0006758203
4511,12.0,3.4285715,6.1538463,-0.02796976,0.052813187,-0.0006611699
4512,12.0,4.0,6.1538463,-0.032222185,0.05210077,-0.00063336757
4513,12.0,0.0,5.5384617,0.029337486,0.050698366,-0.0005411103
4514,12.0,0.5714286,5.5384617,0.025502339,0.054188292,-0.00054997863
4515,12.0,1.1428572,5.5384617,0.010481434,0.051211912,-0.0005548599
4516,12.0,1.7142857,5.5384617,0.006633761,0.053387143,-0.0005911108
4517,12.0,2.2857144,5.5384617,-0.008565467,0.052043993,-0.0006091829
4518,12.0,2.857143,5.5384617,-0.012631764,0.052690804,-0.00062462135
4519,12.0,3.4285715,5.5384617,-0.02803732,0.052742273,-0.00069876993
4520,12.0,4.0,5.5384617,-0.03223589,0.052036118,-0.00080485235
4521,12.0,0.0,4.923077,0.02934352,0.05068054,-0.00054349867
4522,12.0,0.5714286,4.923077,0.025446218,0.054157276,-0.000568379
4523,12.0,1.1428572,4.923077,0.010429383,0.05119674,-0.0005917556
4524,12.0,1.7142857,4.923077,0.006592825,0.053362083,-0.0005900419
4525,12.0,2.2857144,4.923077,-0.008612017,0.052005235,-0.00061034225
4526,12.0,2.857143,4.923077,-0.012678102,0.05266379,-0.00063493144
4527,12.0,3.4285715,4.923077,-0.028061828,0.052690797,-0.00060205616
4528,12.0,4.0,4.923077,-0.032304,0.052004114,-0.0005708918
4529,12.0,0.0,4.3076925,0.029292641,0.050677765,-0.0006300288
4530,12.0,0.5714286,4.3076925,0.025407769,0.05415927,-0.0006141858
4531,12.0,1.1428572,4.3076925,0.010410067,0.051179554,-0.00060258684
4532,12.0,1.7142857,4.3076925,0.006550885,0.053351533,-0.0006243968
4533,12.0,2.2857144,4.3076925,-0.0086305225,0.051988475,-0.0006195833
4534,12.0,2.857143,4.3076925,-0.012713211,0.052646622,-0.0006182748
4535,12.0,3.4285715,4.3076925,-0.028082328,0.052667737,-0.00066925737
4536,12.0,4.0,4.3076925,-0.03231354,0.051979747,-0.00072951574
4537,12.0,0.0,3.6923077,0.029276624,0.050678473,-0.00063232926
4538,12.0,0.5714286,3.6923077,0.025391022,0.054159164,-0.0006476741
4539,12.0,1.1428572,3.6923077,0.010394031,0.05118011,-0.00065801176
4540,12.0,1.7142857,3.6923077,0.0065341317,0.05335153,-0.00063582096
4541,12.0,2.2857144,3.6923077,-0.008646594,0.051988896,-0.0006394082
4542,12.0,2.857143,3.6923077,-0.0127299875,0.05264675,-0.00064032676
4543,12.0,3.4285715,3.6923077,-0.02809844,0.05266805,-0.0005880913
4544,12.0,4.0,3.6923077,-0.032330364,0.051979974,-0.00052732776
4545,12.0,0.0,3.0769231,0.029295351,0.05068238,-0.0007188649
4546,12.0,0.5714286,3.0769231,0.025396084,0.054156955,-0.00069345726
4547,12.0,1.1428572,3.0769231,0.010381203,0.05119828,-0.0006688818
4548,12.0,1.7142857,3.0769231,0.0065426007,0.053362165,-0.00067014253
4549,12.0,2.2857144,3.0769231,-0.008660264,0.052006416,-0.0006486837
4550,12.0,2.857143,3.0769231,-0.012728396,0.052664213,-0.0006236378
4551,12.0,3.4285715,3.0769231,-0.028110169,0.052691676,-0.0006553189
4552,12.0,4.0,3.0769231,-0.03235435,0.05200481,-0.0006859184
4553,12.0,0.0,2.4615386,0.029257238,0.05070143,-0.0007212942
4554,12.0,0.5714286,2.4615386,0.025418786,0.0541879,-0.0007118379
4555,12.0,1.1428572,2.4615386,0.010401087,0.0512144,-0.00070580095
4556,12.0,1.7142857,2.4615386,0.0065501253,0.05338732,-0.00066906394
4557,12.0,2.2857144,2.4615386,-0.008645949,0.052045897,-0.000649862
4558,12.0,2.857143,2.4615386,-0.012715516,0.052691538,-0.0006339227
4559,12.0,3.4285715,2.4615386,-0.028117964,0.052743692,-0.0005586296
4560,12.0,4.0,2.4615386,-0.032319795,0.052037306,-0.00045195388
4561,12.0,0.0,1.8461539,0.02935703,0.05073253,-0.0007355541
4562,12.0,0.5714286,1.8461539,0.025456496,0.05416938,-0.0007203657
4563,12.0,1.1428572,1.8461539,0.010406518,0.05128856,-0.00068893324
4564,12.0,1.7142857,1.8461539,0.006608144,0.053403527,-0.0006620145
4565,12.0,2.2857144,1.8461539,-0.008631587,0.05211206,-0.0006374399
4566,12.0,2.857143,1.8461539,-0.012671754,0.052732743,-0.0005827263
4567,12.0,3.4285715,1.8461539,-0.028082551,0.0528152,-0.0005962096
4568,12.0,4.0,1.8461539,-0.03233965,0.05210234,-0.0006234262
4569,12.0,0.0,1.2307693,0.029346889,0.050731488,-0.00075543055
4570,12.0,0.5714286,1.2307693,0.025538124,0.054278303,-0.0006766916
4571,12.0,1.1428572,1.2307693,0.010522338,0.05127887,-0.0006458423
4572,12.0,1.7142857,1.2307693,0.0066519487,0.053507514,-0.0006314307
4573,12.0,2.2857144,1.2307693,-0.008531339,0.052143347,-0.0005754884
4574,12.0,2.857143,1.2307693,-0.0126063805,0.052827515,-0.0005697771
4575,12.0,3.4285715,1.2307693,-0.028023189,0.05287275,-0.000478547
4576,12.0,4.0,1.2307693,-0.03220897,0.052173972,-0.00031132647
4577,12.0,0.0,0.61538464,0.0297745,0.050800346,-0.00058150385
4578,12.0,0.5714286,0.61538464,0.025587302,0.05429449,-0.0006456236
4579,12.0,1.1428572,0.61538464,0.010764516,0.051366165,-0.0006238408
4580,12.0,1.7142857,0.61538464,0.0067263623,0.05355856,-0.0005305196
4581,12.0,2.2857144,0.61538464,-0.008294378,0.05221584,-0.0005559342
4582,12.0,2.857143,0.61538464,-0.012597005,0.05294554,-0.00047702467
4583,12.0,3.4285715,0.61538464,-0.027756274,0.052907053,-0.0004945019
4584,12.0,4.0,0.61538464,-0.03229068,0.05233831,-0.0005858235
4585,12.0,0.0,0.0,0.029969363,0.051035684,-0.0008283098
4586,12.0,0.5714286,0.0,0.025676439,0.05423272,-0.000609891
4587,12.0,1.1428572,0.0,0.011156451,0.05150672,-0.00049450813
4588,12.0,1.7142857,0.0,0.0067591933,0.053577613,-0.0005879617
4589,12.0,2.2857144,0.0,-0.007938571,0.05229094,-0.0003936793
4590,12.0,2.857143,0.0,-0.012551246,0.053004336,-0.0004956975
4591,12.0,3.4285715,0.0,-0.027533839,0.052965544,-0.0004208433
4592,12.0,4.0,0.0,-0.03218589,0.05236157,-0.00022066587
