ElementLabel,IntegrationPoint,S11,S22,S33,S12,S13,S23
1,1,0.22745718,-0.08367343,-0.24744943,-0.12615536,-0.23734999,0.013603826
2,1,-0.53678,1.1232153,0.03728279,-0.66494817,0.0014944775,0.040281318
3,1,0.06252818,1.2137675,-0.1349386,0.29908884,-0.0959774,0.021351816
4,1,0.24530932,1.9512386,0.032647528,-0.7379868,-0.046792403,0.081935234
5,1,-1.1573801,2.034946,0.010315898,0.7144437,0.026829172,0.11756035
6,1,0.6315,1.0742661,-0.08742629,0.55284256,-0.07919111,0.10659612
7,1,0.05380822,0.3690289,-0.0784991,0.39670515,-0.038405493,0.0575419
8,1,0.8773865,-0.17371666,-0.3716187,-0.068456054,0.017072165,0.056243982
9,1,-0.48096108,1.0416617,-0.05296969,-0.6966074,-0.032694127,0.07284038
10,1,0.32184547,1.0840033,-0.14838815,0.31704736,0.03583218,0.091990285
11,1,0.5586162,1.8905685,0.13657254,-0.8707844,0.053786557,0.15110046
12,1,-1.2650082,1.9701185,0.047366202,0.5987111,0.033246256,0.19431144
13,1,0.93578976,1.0151765,-0.13442563,0.38082576,0.016129734,0.1877585
14,1,-0.038622554,0.35660386,-0.41939315,0.30724967,-0.103890724,0.08410643
15,1,0.22065894,-0.15385415,-0.07901065,-0.13097802,0.1987377,0.01962574
16,1,-0.32445118,1.0097755,0.18405892,-0.69845515,0.25276107,0.07692109
17,1,0.24566987,1.030949,0.17976046,0.29824686,0.24831448,0.09785447
18,1,0.34650347,1.7970465,0.43908593,-0.9268005,0.2047711,0.113025166
19,1,-1.1339025,1.939081,0.27952015,0.6065855,0.15642396,0.1329621
20,1,0.7220642,0.9750309,-0.07644155,0.37303048,0.096755184,0.12944864
21,1,0.17887948,0.36625814,-0.5422167,0.31628233,0.09662878,0.056642734
22,1,0.7676062,-0.13033615,0.4497165,-0.076204784,0.28241795,0.011716126
23,1,-0.7168695,1.0526063,0.7575231,-0.71614206,0.26690948,0.02897588
24,1,0.107522696,1.0819314,0.6856345,0.28361627,0.23793346,0.051556062
25,1,0.36717737,1.8443676,0.88413,-0.8784449,0.20700899,0.0655138
26,1,-1.328087,1.9442108,0.625164,0.60419863,0.16948013,0.0800987
27,1,0.85176885,0.9894603,0.16289048,0.3848468,0.13874489,0.08638169
28,1,-0.16659391,0.35300568,-0.44264525,0.32056862,0.13683422,0.045481414
29,1,0.05453131,-0.14540109,0.9133211,-0.15039985,0.15863381,-0.003544017
30,1,-0.48631793,1.1005154,1.2027049,-0.7214071,0.147537,0.0065282546
31,1,0.14459944,1.1399599,1.0994862,0.31857052,0.15145358,0.019584764
32,1,0.28994128,1.8854277,1.2497721,-0.8832446,0.1356355,0.031099517
33,1,-1.2105083,1.9737581,0.93243676,0.63719505,0.11581959,0.043013494
34,1,0.6866138,0.99808,0.42361215,0.39147437,0.11439272,0.057249997
35,1,0.14206602,0.37263858,-0.2066297,0.31825727,0.14738679,0.030086262
36,1,0.79136133,-0.10696568,1.1341981,-0.08415637,0.06406449,0.0011019699
37,1,-0.67444617,1.1045809,1.4472375,-0.71047056,0.07668484,0.0008546814
38,1,0.11795155,1.1550788,1.3370667,0.29291317,0.07156355,0.0050195465
39,1,0.34569466,1.9142276,1.4656682,-0.8515748,0.06809773,0.011527395
40,1,-1.298462,1.9851567,1.1346918,0.63171333,0.066086516,0.020157607
41,1,0.816007,1.0090827,0.61733454,0.39847258,0.06296298,0.027471453
42,1,-0.23082128,0.35120636,-0.04817486,0.32421777,0.078972265,0.016079225
43,1,0.09103329,-0.14768958,1.2067151,-0.15298408,-0.00020647775,0.00012655015
44,1,-0.49273786,1.1121097,1.5220003,-0.7278254,-6.371085e-05,0.0003400043
45,1,0.14087935,1.1676915,1.4138354,0.31858668,-5.840704e-05,0.00044472792
46,1,0.29048195,1.9171959,1.5424988,-0.8675836,-2.8114666e-05,0.0004992898
47,1,-1.2253672,1.9921032,1.2038149,0.6460645,3.6999947e-05,0.0004963002
48,1,0.6809965,1.0083474,0.6840097,0.39759928,7.660997e-05,0.00039603672
49,1,0.13076012,0.37564504,0.038174916,0.31929398,0.00017664777,0.00017204252
50,1,0.79158646,-0.107102446,1.1341404,-0.08409851,-0.064250425,-0.00082918967
51,1,-0.67451614,1.1046742,1.4472207,-0.71058905,-0.07688109,-0.0002059503
52,1,0.11787077,1.154963,1.3369658,0.29303733,-0.071672864,-0.0041586505
53,1,0.34593284,1.9142147,1.4656769,-0.8517389,-0.06814107,-0.010555755
54,1,-1.2987518,1.9851234,1.1346931,0.6317531,-0.06601954,-0.0192016
55,1,0.8162247,1.009063,0.6173953,0.39842287,-0.06280609,-0.0266959
56,1,-0.23093429,0.35119691,-0.048193086,0.3242021,-0.07864279,-0.015748965
57,1,0.054268777,-0.14569758,0.9132117,-0.15036273,-0.15901718,0.003759784
58,1,-0.486302,1.1006875,1.2026608,-0.72165966,-0.14764425,-0.0059371716
59,1,0.1444886,1.1397467,1.0992962,0.31884235,-0.15156025,-0.018814296
60,1,0.29034507,1.8853945,1.2497911,-0.8835884,-0.1356851,-0.030220069
61,1,-1.2110535,1.9737002,0.9324457,0.6372837,-0.11574618,-0.04214348
62,1,0.6870275,0.998046,0.4237449,0.39137074,-0.11425061,-0.056547184
63,1,0.14188214,0.37260973,-0.2066541,0.3182285,-0.1470571,-0.029782368
64,1,0.7683016,-0.13074692,0.44952032,-0.07603424,-0.2825292,-0.011529954
65,1,-0.71707046,1.0528702,0.7574968,-0.7164986,-0.2670569,-0.028504595
66,1,0.10729647,1.0816021,0.6853627,0.28397658,-0.2380047,-0.050920025
67,1,0.36787784,1.8443443,0.88417715,-0.8789225,-0.20703746,-0.064784005
68,1,-1.3289425,1.9441268,0.62519014,0.60431963,-0.16941983,-0.07937504
69,1,0.8524072,0.989411,0.16309953,0.38470262,-0.13861246,-0.08578957
70,1,-0.16693647,0.35298163,-0.44264495,0.3205237,-0.13656254,-0.045231283
71,1,0.2202045,-0.15441689,-0.07914675,-0.13088936,-0.19890651,-0.019501159
72,1,-0.32440025,1.0101556,0.18405558,-0.6989407,-0.25277886,-0.076588474
73,1,0.24544549,1.0305408,0.17948091,0.29881847,-0.2483594,-0.097403355
74,1,0.34731337,1.7970101,0.439173,-0.92748356,-0.20480151,-0.11246895
75,1,-1.1350125,1.9390141,0.2795431,0.6067933,-0.15636462,-0.1324255
76,1,0.72289217,0.9749699,-0.076154955,0.37283576,-0.09667461,-0.12902701
77,1,0.17848444,0.36620098,-0.54220045,0.31622854,-0.096417636,-0.05645298
78,1,0.8782063,-0.17453802,-0.37197652,-0.06818468,-0.017271983,-0.05622371
79,1,-0.48134747,1.042201,-0.05274622,-0.697304,0.032721218,-0.0726629
80,1,0.3213595,1.0834849,-0.14869373,0.31780672,-0.035850994,-0.09170097
81,1,0.55994445,1.8906028,0.13673708,-0.8715966,-0.0538066,-0.15075259
82,1,-1.266663,1.970005,0.047314417,0.5990064,-0.03324386,-0.19395699
83,1,0.93700886,1.0151299,-0.13415785,0.38060185,-0.016114682,-0.18752511
84,1,-0.03925921,0.35658357,-0.41936472,0.30717278,0.10397374,-0.084020205
85,1,0.22749756,-0.084514685,-0.24775183,-0.12594049,0.23759107,-0.01358601
86,1,-0.5369481,1.1239543,0.037539363,-0.6656463,-0.0016692732,-0.04025666
87,1,0.06214591,1.2132711,-0.13516024,0.29995745,0.09603143,-0.021235619
88,1,0.24652873,1.9513309,0.032793414,-0.7389157,0.04678299,-0.08180839
89,1,-1.1589909,2.0347757,0.0102350265,0.714851,-0.026856868,-0.117444105
90,1,0.6328316,1.0741174,-0.08730309,0.55258644,0.079188995,-0.10650041
91,1,0.05325624,0.3689142,-0.078496635,0.39664155,0.03839474,-0.057545003
92,1,0.41644987,1.2130443,0.64429367,-0.80600655,0.056830183,0.04091247
93,1,-0.45833716,-0.9384614,-0.38441885,0.2592436,-0.23217338,0.0054586013
94,1,-0.26499915,0.96678317,0.3439756,-1.9287122,-0.0016267196,0.05561994
95,1,-0.46468633,0.26115015,0.05287181,1.1803864,0.06046096,0.039298218
96,1,-1.2848597,0.16743387,-0.102911726,-0.67290425,-0.08025593,0.027047394
97,1,-0.8933337,1.091161,0.2573891,2.1847978,0.08803673,0.03597859
98,1,1.6878355,-0.08886672,-0.23105925,0.8307256,-0.23724866,-0.007978566
99,1,1.4655277,1.3748498,1.0674748,-0.8050291,-0.060033713,0.008761668
100,1,0.6810528,-1.108415,-0.17773922,0.39576092,0.29387298,0.08100521
101,1,0.70538795,1.0251844,0.7683892,-2.2205656,0.29584786,0.07613797
102,1,0.08294476,0.2461717,0.29494977,1.1047329,0.2673576,0.05873067
103,1,-0.7545437,0.07357179,0.050135057,-1.0552317,0.23542102,0.07069497
104,1,-0.62842816,1.0804373,0.38738173,1.8491305,0.0695461,0.052716307
105,1,2.0260534,-0.11938245,-0.08799513,0.6477077,-0.020394228,0.021256378
106,1,1.2242776,1.2581156,1.4992787,-0.7996774,0.8226125,0.050112072
107,1,0.16527401,-1.0810537,0.3882487,0.29005143,0.7120987,0.05356763
108,1,0.14883672,0.9663593,1.1581892,-2.28634,0.6714827,0.03654073
109,1,-0.24458425,0.23038062,0.6534728,1.0697883,0.5827503,0.036447104
110,1,-1.0333561,0.0010213655,0.31478718,-1.1513703,0.4324777,0.028750911
111,1,-0.73286027,1.1132407,0.588143,1.8279063,0.3075878,0.034244664
112,1,1.8270978,-0.17079845,-0.065459356,0.62270993,0.17346144,0.017527819
113,1,0.34563947,1.295493,2.092384,-0.85915256,0.67568624,-0.011011424
114,1,-0.28353685,-1.104503,0.726713,0.29896572,0.6734261,0.004832002
115,1,-0.18443757,0.9468787,1.4950904,-2.2590754,0.62974757,0.006298093
116,1,-0.5849501,0.20922066,0.94004744,1.0858405,0.53380716,-0.0074225147
117,1,-1.1678047,0.0050547533,0.5404363,-1.0830733,0.42280436,-0.0072244825
118,1,-0.920187,1.0829996,0.7517748,1.8506714,0.35182634,-0.0036260295
119,1,1.7686197,-0.14017625,0.12397154,0.63662726,0.40659705,-0.0019826645
120,1,0.7711207,1.294536,2.3099568,-0.79904145,0.44035402,-3.7573074e-05
121,1,-0.32889926,-1.1158295,1.0426044,0.30020306,0.4462827,-0.015929459
122,1,-0.23357324,0.9702264,1.7518519,-2.2510571,0.4111485,-0.024807706
123,1,-0.5452233,0.22555816,1.1483374,1.1504657,0.36363342,-0.025106013
124,1,-1.2146946,0.025704538,0.7327723,-1.0389907,0.32595727,-0.023930367
125,1,-0.9063353,1.0889915,0.92138,1.8830067,0.2990676,-0.01587622
126,1,1.4918886,-0.16809781,0.22796758,0.6421835,0.32975313,-0.0068181152
127,1,0.44262007,1.2753946,2.533628,-0.8659209,0.21689223,-0.012008299
128,1,-0.24927816,-1.0938993,1.2273247,0.28527486,0.2088983,-0.019753683
129,1,-0.1879649,0.9847322,1.9288579,-2.2037077,0.2046909,-0.02070556
130,1,-0.6098353,0.24340664,1.301071,1.1563311,0.1892554,-0.022127807
131,1,-1.2101346,0.041752417,0.8655717,-0.9932703,0.16569337,-0.018805621
132,1,-0.99739754,1.0832016,1.0315801,1.9015802,0.1668514,-0.013450634
133,1,1.5911611,-0.13156815,0.4056593,0.64721894,0.21357793,-0.005250203
134,1,0.83868897,1.306937,2.5912893,-0.7962525,-0.00021815399,9.644799e-05
135,1,-0.3147477,-1.1014183,1.3044349,0.30660546,-0.0002998007,0.00022416987
136,1,-0.24489446,0.9903307,1.9858094,-2.2247148,-0.00018397847,0.00033183588
137,1,-0.57515717,0.24701104,1.3505907,1.184298,-2.9405177e-05,0.00039026127
138,1,-1.2381867,0.048317242,0.9100205,-0.9893035,5.964402e-05,0.0003588065
139,1,-0.9444563,1.0907562,1.084103,1.9068325,0.00024239397,0.00028927813
140,1,1.3879385,-0.16513988,0.4003273,0.65076035,0.00041692008,9.393201e-05
141,1,0.4426034,1.2758847,2.5338583,-0.8660671,-0.21778728,0.012132425
142,1,-0.24922858,-1.0943055,1.2270945,0.28557253,-0.20937325,0.020177934
143,1,-0.18780415,0.9849409,1.9289088,-2.2041945,-0.2050175,0.02136312
144,1,-0.60997224,0.24339183,1.3010192,1.156571,-0.1893498,0.02287505
145,1,-1.2100226,0.04173539,0.8655638,-0.99355066,-0.16555183,0.019507589
146,1,-0.9975074,1.0832243,1.0315654,1.9016001,-0.16638708,0.014010029
147,1,1.5911107,-0.13157643,0.4055758,0.6471573,-0.21271096,0.0054388684
148,1,0.77126414,1.2954943,2.310383,-0.79927206,-0.4406948,0.00021232424
149,1,-0.32878292,-1.1166172,1.0421895,0.30080906,-0.44681942,0.016306788
150,1,-0.23330665,0.9706367,1.7519497,-2.25205,-0.41147184,0.025402261
151,1,-0.5454894,0.22553565,1.1482458,1.15096,-0.36367244,0.025782838
152,1,-1.214477,0.025677558,0.7327607,-1.0395521,-0.32584304,0.024575248
153,1,-0.9065656,1.0890352,0.9213562,1.8830507,-0.29861015,0.01637947
154,1,1.4917655,-0.16810507,0.22782002,0.64206123,-0.32898247,0.0069929804
155,1,0.34568006,1.2969415,2.093158,-0.85958165,-0.67632955,0.011118638
156,1,-0.2833351,-1.1056709,0.7260568,0.29984006,-0.6737546,-0.0045228535
157,1,-0.18395215,0.94750476,1.4952691,-2.2605104,-0.6299838,-0.0057956404
158,1,-0.58535624,0.20920226,0.93991864,1.086558,-0.5338605,0.0079947375
159,1,-1.167487,0.00502201,0.5404184,-1.0838821,-0.42267781,0.007763883
160,1,-0.92052794,1.0830805,0.7517621,1.8507403,-0.3514403,0.0040517496
161,1,1.7684352,-0.1401982,0.12375985,0.63644457,-0.40587434,0.0021326728
162,1,1.2245266,1.2599953,1.499955,-0.8001632,-0.8227585,-0.050044037
163,1,0.16553761,-1.0826788,0.38748574,0.29127395,-0.7123857,-0.05338925
164,1,0.14939292,0.96719134,1.1584557,-2.2883365,-0.6716408,-0.036149003
165,1,-0.24515527,0.23039973,0.6533208,1.0708619,-0.5827173,-0.03600893
166,1,-1.0329269,0.0009866044,0.31477123,-1.1524516,-0.43241313,-0.02834006
167,1,-0.7333531,1.11338,0.58813375,1.8280401,-0.30727407,-0.033933725
168,1,1.8267796,-0.17081234,-0.06565147,0.62247,-0.17295793,-0.017430615
169,1,1.4654565,1.3776736,1.0690773,-0.8057909,0.060188983,-0.00868716
170,1,0.6811337,-1.1106607,-0.17895363,0.39753523,-0.294032,-0.08091672
171,1,0.7061401,1.0263224,0.76885635,-2.2231433,-0.29593667,-0.075912654
172,1,0.08206993,0.24615131,0.29479414,1.1062214,-0.26733902,-0.058419466
173,1,-0.7540122,0.07359347,0.050121527,-1.0565443,-0.23540984,-0.07044523
174,1,-0.62905884,1.080641,0.38741282,1.8493755,-0.06941671,-0.05252219
175,1,2.0256863,-0.11942047,-0.08819768,0.6474246,0.020640079,-0.021211797
176,1,0.4164735,1.2160748,0.64550656,-0.80676913,-0.057381503,-0.040959585
177,1,-0.45817652,-0.9409042,-0.38531935,0.2611315,0.23237115,-0.0053989696
178,1,-0.26431164,0.96826327,0.34441352,-1.9315108,0.0015892299,-0.055530295
179,1,-0.46555796,0.26107684,0.052682698,1.1821643,-0.06052265,-0.039217584
180,1,-1.2841263,0.16750355,-0.10283936,-0.67437786,0.080280095,-0.02692268
181,1,-0.8937537,1.091327,0.25736853,2.1851933,-0.088058956,-0.035946123
182,1,1.687715,-0.08887493,-0.231123,0.83040106,0.23732966,0.008003961
183,1,1.4655881,-2.5705948,-0.9466067,0.18116339,-0.23270766,-0.0076016244
184,1,-1.4151771,1.8198055,1.1188179,-2.0523741,0.37943074,0.121334985
185,1,0.18475324,-2.1627777,-0.21576326,2.057133,0.25516707,0.011255201
186,1,0.1399132,-1.0165473,0.15059383,-2.668281,0.17540835,0.017951816
187,1,-3.0478637,0.25886646,0.424171,1.7799324,0.2958415,0.020076208
188,1,-1.5518912,-1.2471842,-0.36560664,0.438533,-0.0050913356,-0.04629965
189,1,3.5459998,0.9349922,0.58018845,1.6353253,0.06313964,0.020248763
190,1,3.9366148,-2.9373899,-0.29324326,0.2835259,1.0734098,0.11006111
191,1,0.6669657,2.1017928,2.0573812,-2.3723896,0.8557281,0.091931574
192,1,1.5449299,-2.3205385,0.13976671,2.060698,0.89078754,0.03278621
193,1,1.2644846,-1.1204844,0.63937473,-3.1707098,0.8104671,-1.5334987e-05
194,1,-2.4102492,0.28343472,0.8248836,1.5046537,0.55510014,-0.077965
195,1,-0.9894739,-1.3914398,-0.18798013,-0.057243895,0.3652871,-0.07745656
196,1,3.8867347,0.9698886,0.66252863,1.4108174,-0.014702704,-0.03476539
197,1,2.2572916,-2.7305734,1.0564317,0.16509186,1.275133,-0.011963453
198,1,-0.7395761,1.9977723,2.6328948,-2.4239948,1.3177795,0.020676319
199,1,0.38884285,-2.306431,0.8299544,1.9764674,1.2010356,-0.022912255
200,1,0.16439499,-1.1624606,1.1373949,-3.2819088,0.9648447,-0.12102962
201,1,-3.0259016,0.36540487,1.1741174,1.5005584,0.7149047,-0.14659096
202,1,-1.3105727,-1.4572198,0.06958579,-0.1362114,0.47227576,-0.13421434
203,1,3.693953,1.0503607,1.0650444,1.4186841,0.45817068,-0.05566946
204,1,1.555059,-2.8244863,1.4239432,0.24553071,1.1229609,0.011857615
205,1,-1.4744962,2.045025,3.2667737,-2.445263,1.0536891,-0.042669106
206,1,-0.34984708,-2.247331,1.2298019,1.9840587,0.915419,-0.11410106
207,1,-0.1965495,-1.0797057,1.4194872,-3.1722655,0.76443654,-0.15024409
208,1,-3.2524393,0.39100468,1.4293894,1.5784963,0.61426204,-0.17065652
209,1,-1.5157493,-1.4078909,0.33160582,-0.050372213,0.52507913,-0.13817944
210,1,3.2485294,1.0076029,1.3006257,1.4234573,0.49639487,-0.052589875
211,1,1.4416012,-2.7850716,1.8828332,0.17212498,0.6901018,-0.0459613
212,1,-1.5368245,2.0988767,3.4966602,-2.4179602,0.6602658,-0.08883727
213,1,-0.29971203,-2.198084,1.4297476,2.05842,0.62208337,-0.108791865
214,1,-0.29791978,-1.0165503,1.6052256,-3.0926294,0.5482893,-0.14238882
215,1,-3.3522966,0.41524002,1.5766596,1.6825914,0.45426103,-0.14283663
216,1,-1.634715,-1.3830947,0.51534146,0.01469825,0.41811684,-0.11481688
217,1,3.080252,1.0422881,1.6317832,1.4546056,0.5018502,-0.04474016
218,1,1.7272105,-2.7705986,1.9430255,0.2567046,0.33755708,-0.017666137
219,1,-1.4153513,2.1010804,3.6531508,-2.3723583,0.34327513,-0.05409762
220,1,-0.41080132,-2.1694393,1.5444363,2.066941,0.30688334,-0.07465718
221,1,-0.33888748,-0.98733264,1.7008067,-3.003927,0.26683596,-0.08127627
222,1,-3.3770921,0.4355592,1.6761516,1.7358062,0.24113652,-0.08169656
223,1,-1.6882778,-1.3581253,0.64885914,0.07052691,0.23436219,-0.06375242
224,1,2.8539748,1.0018147,1.7215879,1.462891,0.26200807,-0.024872394
225,1,1.5109785,-2.7949517,1.9914272,0.18759233,-0.00070415344,3.5273064e-05
226,1,-1.5248804,2.1087584,3.685797,-2.3788152,-0.00040369882,0.00019810819
227,1,-0.33891585,-2.1637979,1.5870103,2.1107397,-0.00024237935,0.0002897608
228,1,-0.3390155,-0.97171944,1.7335455,-2.998034,-0.00012207968,0.00031438132
229,1,-3.4043877,0.43798935,1.7088004,1.7641447,0.00012568502,0.00034920557
230,1,-1.7169172,-1.3570696,0.68051696,0.085514046,0.00034089247,0.00023206385
231,1,2.8896046,1.0401056,1.8539935,1.4733592,0.0006131234,0.00011360011
232,1,1.7273263,-2.7716537,1.9424828,0.25694516,-0.33834374,0.017831577
233,1,-1.4149776,2.101873,3.6534183,-2.3730478,-0.3441327,0.05449526
234,1,-0.41097295,-2.1695926,1.5442523,2.0673957,-0.30739015,0.075191915
235,1,-0.33865914,-0.987268,1.7007835,-3.004462,-0.26703936,0.081905514
236,1,-3.37729,0.43568766,1.6761371,1.7359934,-0.2409068,0.08236679
237,1,-1.6881998,-1.3581755,0.64879,0.07026412,-0.23368225,0.0642094
238,1,2.8537254,1.0019022,1.7215029,1.4629117,-0.26085746,0.02508406
239,1,1.441855,-2.787135,1.881841,0.1725552,-0.6913401,0.045999527
240,1,-1.5362775,2.1004162,3.4971645,-2.4193485,-0.6609494,0.08920304
241,1,-0.30003837,-2.198372,1.4294019,2.0593464,-0.6225022,0.10928412
242,1,-0.29744372,-1.01641,1.605171,-3.093704,-0.5485043,0.14296833
243,1,-3.3527145,0.4154951,1.5766343,1.68298,-0.45401612,0.14344342
244,1,-1.6345407,-1.3831826,0.5152132,0.014174118,-0.41748315,0.11525088
245,1,3.079711,1.0424471,1.6316175,1.4546502,-0.5007015,0.044929694
246,1,1.5555114,-2.8275828,1.4222707,0.2462491,-1.1234398,-0.01175891
247,1,-1.4733256,2.0473526,3.2676213,-2.4472923,-1.0543363,0.042980444
248,1,-0.35034877,-2.2477446,1.2292686,1.9853942,-0.915786,0.114509225
249,1,-0.19590154,-1.0794854,1.4194087,-3.1738193,-0.76457953,0.15073782
250,1,-3.253041,0.3914155,1.4293708,1.5790786,-0.61405957,0.17118114
251,1,-1.5155555,-1.4080279,0.33142483,-0.051130746,-0.5244985,0.13854386
252,1,3.2477193,1.0078657,1.3004453,1.4235296,-0.4954304,0.05274736
253,1,2.2577395,-2.7346733,1.0549123,0.16595891,-1.2757666,0.012012763
254,1,-0.73835844,2.0009613,2.6339655,-2.4268358,-1.31807,-0.020376034
255,1,0.38819593,-2.3069198,0.8293014,1.9784111,-1.2011855,0.0232115
256,1,0.16535324,-1.1621711,1.1373037,-3.284017,-0.96496475,0.12141377
257,1,-3.0267937,0.36601186,1.1740956,1.5014373,-0.7147032,0.14699654
258,1,-1.310253,-1.4573922,0.069405176,-0.13721105,-0.47183725,0.13448893
259,1,3.6927702,1.0507139,1.0648503,1.4188025,-0.4573309,0.055796646
260,1,3.9369824,-2.943434,-0.29668173,0.2849137,-1.0738295,-0.11013721
261,1,0.6685487,2.106126,2.059387,-2.376166,-0.8559136,-0.09178773
262,1,1.543558,-2.3212812,0.13898654,2.0633154,-0.8908049,-0.032548323
263,1,1.2655187,-1.1200113,0.6393104,-3.1733706,-0.81048685,0.0002495019
264,1,-2.4114554,0.28422228,0.8249144,1.505922,-0.554958,0.078258984
265,1,-0.9891006,-1.3916407,-0.18818992,-0.058443,-0.36500755,0.077582054
266,1,3.8852305,0.9704078,0.66259617,1.411025,0.015193253,0.034830984
267,1,1.4656924,-2.5770175,-0.94907975,0.18256804,0.23328522,0.0076765674
268,1,-1.4137247,1.8247815,1.1203028,-2.0564332,-0.37966725,-0.12135956
269,1,0.18341358,-2.1637118,-0.21637875,2.060131,-0.25524816,-0.011206069
270,1,0.14106841,-1.0157452,0.15073985,-2.6712718,-0.175334,-0.017790088
271,1,-3.0490544,0.25966308,0.42409688,1.7815537,-0.29582122,-0.020031784
272,1,-1.5509702,-1.2473611,-0.36564225,0.43722162,0.005196556,0.046376497
273,1,3.544901,0.93552166,0.5802384,1.6356349,-0.06303115,-0.020254748
274,1,2.4088035,4.010204,2.5569208,-0.717321,1.1576889,0.14404748
275,1,-1.5344356,-5.4546514,-1.0321724,3.5161068,0.6264623,0.015988586
276,1,2.9319823,-1.820225,0.87113225,-2.1758404,0.79967433,0.09178989
277,1,1.4343575,-3.4634192,0.44231793,1.6909829,0.911202,-0.020484332
278,1,-3.0081367,-3.890228,-0.32438076,-3.3687131,0.4050348,-0.16376784
279,1,-3.9351301,0.56073284,0.8120394,2.206997,0.38371468,-0.07155662
280,1,5.9656644,-2.289111,-0.7929466,0.25855404,-0.15298858,-0.086182095
281,1,5.1695094,4.621087,4.4397626,-0.95825315,1.8995886,0.032491714
282,1,0.72798973,-6.0520735,-0.5329722,3.5338502,2.1517856,0.15693955
283,1,4.306852,-1.8110529,2.1382737,-3.019391,2.0255446,-0.00014677514
284,1,1.4790627,-3.4165432,1.1324326,1.3949953,1.55135,-0.25122738
285,1,-2.7180002,-4.085618,-0.058982518,-3.912858,1.0491862,-0.31776887
286,1,-3.5636635,0.68472046,1.2244214,1.837722,0.5725295,-0.3003904
287,1,6.4320626,-2.4105098,-0.36657518,-0.017238704,0.37101948,-0.12429907
288,1,2.229845,4.2688155,5.4508543,-0.954636,2.5294003,0.0737063
289,1,-2.0236354,-5.9149823,0.9634862,3.2654216,2.2278028,-0.03691015
290,1,1.5144068,-1.7545577,2.8815386,-3.1592216,1.795489,-0.27278686
291,1,-0.15679276,-3.2363567,1.5789993,1.540592,1.3344133,-0.38784426
292,1,-3.592876,-4.121431,0.28110832,-3.871738,0.94698817,-0.441354
293,1,-4.0564356,0.79461616,1.6114495,1.9461372,0.7047516,-0.35796723
294,1,5.906581,-2.5304809,0.0706232,0.0017897937,0.5813201,-0.14907075
295,1,1.0025864,4.4940042,6.7377796,-1.0732077,1.519425,-0.12000057
296,1,-3.0497768,-5.7837634,1.3226414,3.3166146,1.3381201,-0.23504001
297,1,1.1342142,-1.5633129,3.127096,-2.9542532,1.1798356,-0.31187576
298,1,-0.4861162,-3.1573133,1.7673091,1.718995,0.9886378,-0.41033077
299,1,-3.8708513,-4.041146,0.44837818,-3.6565678,0.7641306,-0.4159763
300,1,-4.2607517,0.7954457,1.8826946,2.070532,0.6390582,-0.333839
301,1,5.412061,-2.4562557,0.69726,0.052091356,0.74518603,-0.13239428
302,1,1.4244263,4.4550633,6.5755897,-0.9273864,0.8342123,-0.071725555
303,1,-2.640089,-5.719228,1.5014347,3.4106398,0.88292384,-0.19786547
304,1,0.90277594,-1.4754499,3.208203,-2.8547127,0.7800161,-0.28315145
305,1,-0.68824327,-3.1065633,1.8280032,1.9018042,0.6343905,-0.3159195
306,1,-3.9812717,-3.9736338,0.5907278,-3.4861186,0.54951954,-0.31915262
307,1,-4.454596,0.80621874,2.1137,2.1986086,0.5101036,-0.24835518
308,1,5.067971,-2.4774187,0.98839194,0.10141129,0.5665709,-0.09964674
309,1,1.4439813,4.4539523,6.5778008,-1.0053673,0.4260292,-0.044645965
310,1,-2.9872136,-5.702817,1.4849193,3.4167101,0.37340602,-0.11232809
311,1,0.9041607,-1.4410064,3.2321746,-2.7227507,0.35087585,-0.15268347
312,1,-0.67408925,-3.0712743,1.8466913,1.9848301,0.32094896,-0.17478974
313,1,-4.081787,-3.9447236,0.6584053,-3.3671272,0.27720717,-0.1687222
314,1,-4.519496,0.8077851,2.2339752,2.2741754,0.2732187,-0.13240099
315,1,4.864452,-2.4227226,1.3386747,0.13874093,0.34695882,-0.051440965
316,1,1.4680408,4.4776382,6.5366244,-0.9198816,-0.0005444965,0.00010864205
317,1,-2.5768185,-5.6812563,1.4532026,3.4584036,-0.0005838709,0.00015633061
318,1,0.9087689,-1.4286238,3.207631,-2.7290833,-0.0004413013,0.0002905237
319,1,-0.73616546,-3.0706053,1.8595392,2.033591,-9.326439e-05,0.00040383692
320,1,-4.057027,-3.9273555,0.67892176,-3.3347456,0.0001509113,0.00030281764
321,1,-4.56874,0.81436634,2.2949088,2.300801,0.0004422384,0.0002771551
322,1,4.7983804,-2.4573383,1.3285801,0.14642061,0.0007210151,7.531445e-05
323,1,1.4445437,4.455928,6.5785036,-1.0058886,-0.42755085,0.044723745
324,1,-2.9871962,-5.7037463,1.4843415,3.417429,-0.3745402,0.112626515
325,1,0.90471697,-1.4406438,3.2322278,-2.7237804,-0.35173178,0.1532812
326,1,-0.6747301,-3.0708537,1.8467035,1.9851861,-0.32114494,0.17555821
327,1,-4.0813956,-3.9446511,0.6583872,-3.3674314,-0.27690127,0.16932811
328,1,-4.519779,0.8079952,2.2339659,2.2742882,-0.27234435,0.132935
329,1,4.864183,-2.4228928,1.3384728,0.13865907,-0.34549287,0.05160449
330,1,1.4249336,4.458962,6.576914,-0.9284096,-0.8350727,0.07196655
331,1,-2.6397977,-5.7210083,1.5002553,3.412077,-0.88399523,0.19811937
332,1,0.9039242,-1.474726,3.208274,-2.8567774,-0.7808311,0.2837043
333,1,-0.6895444,-3.1057222,1.8280249,1.9025341,-0.6345535,0.31662852
334,1,-3.9804704,-3.9734726,0.5906907,-3.4867315,-0.5492361,0.31972826
335,1,-4.4552026,0.8066329,2.1136913,2.1988509,-0.50926757,0.24883313
336,1,5.0674834,-2.4777353,0.9880157,0.10124521,-0.565221,0.09980723
337,1,1.0041933,4.4997993,6.7398443,-1.0748049,-1.520696,0.12004934
338,1,-3.0496604,-5.7864494,1.3207664,3.3186486,-1.338998,0.2352246
339,1,1.1358153,-1.5621982,3.127197,-2.9572783,-1.1805353,0.31236687
340,1,-0.4879941,-3.156027,1.7673285,1.720076,-0.9887792,0.4109527
341,1,-3.8697507,-4.040901,0.44831076,-3.6574404,-0.76385164,0.41647005
342,1,-4.2616243,0.7960933,1.8827163,2.0709069,-0.63830817,0.33425632
343,1,5.4111786,-2.456759,0.696718,0.051852327,-0.7439007,0.1325412
344,1,2.2316043,4.27669,5.4530463,-0.9566756,-2.5292885,-0.07354268
345,1,-2.0227118,-5.918538,0.9611234,3.2684202,-2.2283323,0.036974955
346,1,1.516793,-1.7531031,2.8815627,-3.163405,-1.7960438,0.27316776
347,1,-0.15949798,-3.2345188,1.5790079,1.5421824,-1.3344549,0.38835192
348,1,-3.5912478,-4.121122,0.28101853,-3.8728719,-0.94677424,0.4417249
349,1,-4.057747,0.79550415,1.6115085,1.9466988,-0.704116,0.35828835
350,1,5.9055,-2.531146,0.070037864,0.0014925814,-0.58030677,0.149172
351,1,5.170725,4.632339,4.4455934,-0.9612895,-1.89949,-0.032273807
352,1,0.7274503,-6.0569386,-0.53629375,3.537799,-2.1516783,-0.15681124
353,1,4.3095055,-1.8089335,2.1385038,-3.024717,-2.0256734,0.00039372777
354,1,1.4754103,-3.4142237,1.1324197,1.397248,-1.5512409,0.25161657
355,1,-2.715943,-4.0852056,-0.059128433,-3.914201,-1.048985,0.3179616
356,1,-3.5652716,0.68587404,1.2245958,1.8385485,-0.5720984,0.30060503
357,1,6.43059,-2.4114532,-0.36729527,-0.01759219,-0.37020975,0.12433856
358,1,2.4102538,4.022327,2.560927,-0.72040963,-1.1585059,-0.14419807
359,1,-1.5344788,-5.4601183,-1.0341517,3.5203788,-0.62646604,-0.01587247
360,1,2.9343877,-1.817255,0.87151647,-2.1820045,-0.79944456,-0.091588765
361,1,1.4297924,-3.4608781,0.4421711,1.6937498,-0.9111502,0.02052638
362,1,-3.005673,-3.8895683,-0.32436863,-3.3701363,-0.4049136,0.16392228
363,1,-3.9365947,0.56193864,0.81207645,2.2081919,-0.383537,0.071553595
364,1,5.9647937,-2.290127,-0.79321015,0.25824127,0.15331675,0.086202145
365,1,2.9143367,-8.030634,-1.9912316,3.180587,1.5143316,0.079501115
366,1,-1.669634,-0.25010246,2.88432,3.018853,2.4425125,0.40466994
367,1,11.7622595,-12.646654,0.14092995,7.0476594,2.2280424,-0.15935567
368,1,7.457777,-11.270692,-0.16366014,-7.2092876,1.1218863,-0.38370687
369,1,-5.0225453,-4.642963,0.7278862,-1.9664834,0.8248994,-0.21941543
370,1,-4.905525,-5.3987813,-0.84647727,-3.8411694,0.3329917,-0.32644066
371,1,6.3875055,2.7114806,1.5512987,0.42558306,0.35659584,-0.06784231
372,1,5.3081913,-9.154926,0.5684429,2.986047,5.2251773,0.33837295
373,1,-1.4024951,0.32182807,5.9910393,1.37976,4.4060936,0.073218085
374,1,8.650151,-12.816912,0.74289006,6.5557666,3.249847,-0.59368205
375,1,5.4039,-11.591699,-0.034480352,-7.858771,2.0783079,-0.7549581
376,1,-6.51544,-4.46318,0.9993755,-2.1570933,1.2644631,-0.74254435
377,1,-4.981012,-5.5919175,-0.7270601,-4.1193357,0.8374508,-0.5774361
378,1,6.6732554,2.9086688,2.2843127,0.307664,0.5305547,-0.24920781
379,1,-1.6170672,-8.513394,4.268046,2.5466413,3.5833018,-0.25552326
380,1,-7.105265,0.55533564,6.423982,1.3504725,2.6529198,-0.5532762
381,1,5.686217,-12.541186,0.8886694,7.087316,1.9707476,-0.74237305
382,1,3.850296,-11.75591,-0.018833598,-7.525361,1.4435885,-0.90288836
383,1,-7.4163065,-4.4038343,1.0826943,-1.7943722,1.0023646,-0.8376634
384,1,-5.332798,-5.7229276,-0.47751838,-3.9521573,0.7505111,-0.6568976
385,1,5.875842,3.0584888,3.2411242,0.41124088,0.8895285,-0.25678957
386,1,-0.9854836,-8.659603,3.1397347,2.896296,1.1778342,-0.19896342
387,1,-6.214071,0.74835604,6.2797174,1.7216722,1.4476826,-0.5084104
388,1,5.479298,-12.528919,0.5264755,7.3835893,1.2792094,-0.69207335
389,1,3.4920883,-11.720384,-0.19728811,-7.114372,0.97686964,-0.76857424
390,1,-7.579308,-4.458809,1.1206608,-1.4792061,0.7907586,-0.7383419
391,1,-5.626282,-5.7078314,-0.16461451,-3.705231,0.73074526,-0.5751381
392,1,5.4290695,2.9869092,3.7583504,0.48489937,0.8088886,-0.22851078
393,1,-0.14898765,-8.600499,2.6208148,2.726343,1.026598,-0.11601765
394,1,-6.8765173,0.7037079,5.781855,1.763399,0.7828732,-0.35975078
395,1,5.1855135,-12.507704,0.25189772,7.6419616,0.6910446,-0.49465618
396,1,3.4233267,-11.695807,-0.3555116,-6.8476768,0.6235828,-0.5520836
397,1,-7.779988,-4.493418,1.1103735,-1.2393684,0.53319657,-0.52899027
398,1,-5.7959714,-5.6835876,0.056544956,-3.520167,0.53305733,-0.40872478
399,1,4.9667907,3.0037043,4.4103384,0.56745905,0.7168091,-0.15980601
400,1,-0.9443831,-8.574874,2.225715,2.847792,0.19582911,-0.07881932
401,1,-6.260952,0.74589366,5.406046,1.8855132,0.31388682,-0.18231167
402,1,5.346454,-12.499898,-0.013680608,7.710488,0.31904867,-0.24889645
403,1,3.3102214,-11.680695,-0.46510407,-6.674711,0.28658387,-0.28373355
404,1,-7.7657213,-4.4923058,1.1085249,-1.1092082,0.27676687,-0.27162457
405,1,-5.9364386,-5.667415,0.22106688,-3.4014218,0.29544237,-0.21117094
406,1,4.79843,2.9509711,4.599501,0.600772,0.35876536,-0.08291659
407,1,0.4398261,-8.594206,1.9127433,2.7602901,-0.0009839202,-1.2645063e-05
408,1,-6.5717816,0.7285042,5.3094444,1.8544567,-0.0009256719,0.00036108532
409,1,5.2426715,-12.490802,-0.07789958,7.7695003,-0.000361118,0.00052035286
410,1,3.3990011,-11.667427,-0.5138815,-6.638666,-4.7910584e-05,0.00036323504
411,1,-7.8506722,-4.4999504,1.1079496,-1.061788,0.00024508036,0.00037713736
412,1,-5.9517317,-5.6630745,0.2557991,-3.3664052,0.00054886914,0.00020704762
413,1,4.683293,2.9855993,4.814778,0.62436557,0.00087888003,0.00012106295
414,1,-0.94437736,-8.5782175,2.2240317,2.8484285,-0.19781554,0.07894013
415,1,-6.259281,0.7474889,5.4066234,1.8833263,-0.31567737,0.18299505
416,1,5.344663,-12.498724,-0.013493574,7.7110586,-0.31974146,0.24990909
417,1,3.3111446,-11.6803665,-0.46502036,-6.674942,-0.28669193,0.28446275
418,1,-7.766464,-4.4917474,1.1086091,-1.1090194,-0.2762744,0.27235198
419,1,-5.9361367,-5.6673894,0.22102372,-3.4013312,-0.2943733,0.21158569
420,1,4.7979975,2.9512334,4.59948,0.6007837,-0.357045,0.08313025
421,1,-0.14727855,-8.607125,2.6172917,2.727668,-1.0285453,0.11590869
422,1,-6.8733125,0.7068515,5.7830143,1.7590659,-0.78464055,0.36045823
423,1,5.1819587,-12.505351,0.2522254,7.6431074,-0.6917546,0.4956083
424,1,3.425188,-11.695131,-0.35535926,-6.8481555,-0.62368214,0.5527959
425,1,-7.7815027,-4.4923024,1.110534,-1.23896,-0.53273064,0.52964914
426,1,-5.7953587,-5.6835303,0.05646203,-3.5199995,-0.53202516,0.40913618
427,1,4.9658155,3.0042124,4.4103055,0.5674976,-0.7151353,0.15999599
428,1,-0.98526895,-8.66932,3.1343784,2.8981147,-1.1794019,0.1991164
429,1,-6.20923,0.75316286,6.281278,1.7152231,-1.4493774,0.5090909
430,1,5.474135,-12.525382,0.5268733,7.385262,-1.2798095,0.6929489
431,1,3.4947362,-11.719334,-0.19712427,-7.115044,-0.97695714,0.76920855
432,1,-7.581498,-4.457119,1.1208972,-1.4785721,-0.7903342,0.73891497
433,1,-5.625465,-5.7077646,-0.16472612,-3.704962,-0.7298021,0.5754909
434,1,5.4277077,2.987708,3.7583656,0.48496395,-0.8073687,0.22866209
435,1,-1.612784,-8.526851,4.260318,2.5491254,-3.585212,0.25521648
436,1,-7.0982695,0.5616715,6.425495,1.3413243,-2.6544642,0.5537854
437,1,5.678792,-12.536183,0.88911426,7.089717,-1.9712486,0.7431511
438,1,3.8541863,-11.7546215,-0.01875273,-7.526199,-1.4436561,0.9033476
439,1,-7.419492,-4.401518,1.083001,-1.7934935,-1.002013,0.8381259
440,1,-5.3316116,-5.722841,-0.47764176,-3.951716,-0.7497152,0.6571526
441,1,5.8737626,3.0595374,3.2412045,0.41132942,-0.888174,0.25690937
442,1,5.309475,-9.173622,0.55589557,2.989827,-5.2239695,-0.3385744
443,1,-1.3932035,0.330552,5.993313,1.3682004,-4.4065595,-0.072901696
444,1,8.640529,-12.810708,0.74287575,6.559188,-3.249852,0.59418094
445,1,5.409031,-11.590149,-0.03443736,-7.85971,-2.078291,0.75518835
446,1,-6.5194993,-4.4602633,0.99967164,-2.1558645,-1.2641929,0.74289143
447,1,-4.9794216,-5.591838,-0.7272218,-4.118646,-0.8368556,0.5775261
448,1,6.6709123,2.9100983,2.2847016,0.30778557,-0.52958846,0.24927442
449,1,2.9153295,-8.050692,-1.9979637,3.1839561,-1.5127779,-0.07910181
450,1,-1.6617632,-0.23934624,2.8856046,3.0051272,-2.4416633,-0.40446144
451,1,11.749013,-12.639641,0.14074074,7.0518317,-2.2280095,0.15934171
452,1,7.4632144,-11.268526,-0.16360511,-7.2101617,-1.1217774,0.3839222
453,1,-5.0276237,-4.6398096,0.7279687,-1.9648144,-0.82476765,0.21942978
454,1,-4.903274,-5.398572,-0.84649396,-3.8400974,-0.33280757,0.3265336
455,1,6.38527,2.7130141,1.5514089,0.42586985,-0.35610512,0.067842655
456,1,-5.6054463,-0.39134413,8.900341,13.053908,7.6753325,0.42399687
457,1,13.740356,-37.272488,-2.050935,22.772747,4.6025996,-0.7087558
458,1,36.173706,-28.358322,-0.1198895,-9.65804,1.8796483,-1.0478609
459,1,2.9742413,-16.003235,0.213875,-7.419681,1.1885142,-0.5008902
460,1,1.7088081,-14.078302,-0.96926945,-12.271158,0.5412902,-0.65072316
461,1,-12.313704,-1.9808469,1.1314691,-6.855748,0.42464823,-0.29918826
462,1,5.222973,-5.456324,-1.426997,-2.5394826,0.26487198,-0.2003074
463,1,-14.949406,1.0192423,15.907517,11.160195,8.137333,-0.61463815
464,1,1.0447866,-39.0498,-4.678794,22.047062,5.0746193,-1.5015048
465,1,27.305542,-29.327765,-1.038286,-10.259693,2.8400986,-1.7643671
466,1,-3.051795,-15.926049,-0.31693092,-7.3115954,1.6073335,-1.4699843
467,1,-1.3196913,-14.470674,-1.4417479,-12.142094,1.0027999,-1.1615976
468,1,-13.283174,-1.7174164,1.2857364,-6.669637,0.66924953,-0.9019282
469,1,5.0619617,-5.667556,-0.8989845,-2.4536865,0.86354166,-0.33378598
470,1,-21.222803,0.4354679,11.273956,12.227564,1.0299971,-0.5888307
471,1,-1.2443289,-39.196983,-6.495573,23.576975,1.6554868,-1.275477
472,1,26.256525,-30.227316,-2.637951,-9.433186,1.3494565,-1.5112685
473,1,-4.193291,-16.279,-0.9911656,-6.586053,0.9136537,-1.4896733
474,1,-1.6250701,-14.7956,-1.8057841,-11.633388,0.70560193,-1.2560672
475,1,-13.525992,-1.7082281,1.5685091,-6.2656956,0.7362218,-0.9347471
476,1,4.591438,-5.886226,-0.25747973,-2.3377056,0.9092549,-0.38465366
477,1,-15.805768,0.56619674,8.453995,11.99804,1.1755092,-0.21699287
478,1,-1.111509,-39.597717,-8.69101,23.6845,0.8348922,-0.775124
479,1,25.738464,-30.40357,-3.798432,-8.850111,0.7457365,-1.1119201
480,1,-4.2942247,-16.62902,-1.6395043,-6.093992,0.6389806,-1.1495152
481,1,-1.8997191,-14.979431,-1.9838566,-11.210308,0.5737605,-1.0621649
482,1,-13.759936,-1.8144068,1.7561237,-5.982402,0.64145887,-0.78633046
483,1,3.8974023,-5.8325114,0.7961581,-2.2120485,1.0156208,-0.31214297
484,1,-18.904936,0.47042665,7.001822,12.128296,-0.06710462,-0.2351138
485,1,-0.9449345,-39.533527,-10.04201,23.856247,0.21517894,-0.4931253
486,1,25.901163,-30.505127,-4.7141085,-8.571177,0.32624444,-0.68598044
487,1,-4.4562426,-16.763752,-2.1361306,-5.7802043,0.3452715,-0.777171
488,1,-1.9293512,-15.03378,-2.0955818,-10.913241,0.40225464,-0.7162159
489,1,-13.963393,-1.9040945,1.9734101,-5.784174,0.5140986,-0.5590664
490,1,3.6087537,-5.8438497,1.2530499,-2.1402237,0.6862584,-0.21758804
491,1,-15.150903,0.48319966,5.644652,12.080483,0.08685881,-0.06260766
492,1,-0.7178149,-39.53613,-10.798428,23.83371,0.08261988,-0.22859725
493,1,25.818853,-30.49345,-5.2461257,-8.412122,0.13516922,-0.33832914
494,1,-4.2934613,-16.810957,-2.4361517,-5.6331906,0.17163126,-0.37848884
495,1,-2.061567,-15.057867,-2.179149,-10.7577095,0.20438883,-0.36698323
496,1,-14.075996,-1.9363121,2.0854099,-5.6674037,0.26796016,-0.2763615
497,1,3.327614,-5.7921343,1.767763,-2.0813565,0.42438313,-0.11077371
498,1,-17.89972,0.4739417,5.685607,12.091242,-0.0013503189,0.0005720261
499,1,-0.5869596,-39.51208,-11.073347,23.866327,-0.0005376898,0.00071677694
500,1,25.966827,-30.487347,-5.4219217,-8.374661,-0.00011623026,0.00042920958
501,1,-4.4181547,-16.82826,-2.5374339,-5.5809584,8.271127e-05,0.00038253196
502,1,-2.014178,-15.052385,-2.1970985,-10.704708,0.00036576562,0.00024898569
503,1,-14.12435,-1.9425362,2.140777,-5.6330667,0.0006339408,0.00022492159
504,1,3.292112,-5.8268895,1.7768856,-2.0760307,0.0010176937,4.32497e-05
505,1,-15.147063,0.49085447,5.648012,12.076887,-0.08879482,0.06357627
506,1,-0.72115284,-39.533073,-10.797632,23.83489,-0.083734065,0.23008014
507,1,25.820015,-30.492716,-5.24589,-8.411838,-0.13541028,0.33908173
508,1,-4.294553,-16.80991,-2.4358792,-5.632849,-0.17147143,0.3793075
509,1,-2.0610688,-15.057763,-2.179163,-10.7572155,-0.20366874,0.36743826
510,1,-14.076249,-1.9360502,2.0854373,-5.6673727,-0.2666952,0.27682158
511,1,3.327402,-5.792191,1.7676361,-2.0811512,-0.42237416,0.11088094
512,1,-18.898775,0.48563814,7.008504,12.121036,0.06438286,0.23622455
513,1,-0.9516095,-39.527653,-10.040452,23.858673,-0.21624646,0.49436033
514,1,25.903471,-30.503662,-4.713547,-8.570613,-0.32651275,0.6868583
515,1,-4.4584723,-16.76162,-2.1356866,-5.7795115,-0.34513402,0.77786946
516,1,-1.928345,-15.03359,-2.095583,-10.912251,-0.40157533,0.7167051
517,1,-13.963935,-1.9035437,1.973469,-5.784104,-0.51289403,0.55944705
518,1,3.6083486,-5.844002,1.2528135,-2.139817,-0.6843162,0.2177075
519,1,-15.794055,0.58847547,8.463532,11.987744,-1.1774638,0.2178988
520,1,-1.1211876,-39.58884,-8.688533,23.688108,-0.8360385,0.7766063
521,1,25.741873,-30.401178,-3.7978966,-8.84931,-0.746052,1.1127282
522,1,-4.2974515,-16.625854,-1.6388311,-6.0928745,-0.6388739,1.1501399
523,1,-1.898283,-14.979127,-1.9839021,-11.208854,-0.5731562,1.0625896
524,1,-13.760755,-1.8135837,1.7562249,-5.982242,-0.64034534,0.7866665
525,1,3.8966684,-5.832739,0.79581165,-2.2114556,-1.0138096,0.3122657
526,1,-21.209812,0.46682355,11.286795,12.212325,-1.0330771,0.5905073
527,1,-1.2584041,-39.18412,-6.4929104,23.581682,-1.6568642,1.2770385
528,1,26.261332,-30.224377,-2.6375694,-9.431909,-1.3496375,1.5117738
529,1,-4.197868,-16.274643,-0.990288,-6.584645,-0.91370386,1.4902056
530,1,-1.6230835,-14.795295,-1.8059318,-11.631274,-0.7050866,1.256378
531,1,-13.527201,-1.7071017,1.568692,-6.2655673,-0.73528093,0.93501496
532,1,4.5905194,-5.886509,-0.2578428,-2.336851,-0.9076481,0.38472956
533,1,-14.923309,1.0612776,15.922275,11.140253,-8.139683,0.61524063
534,1,1.0278344,-39.034077,-4.677676,22.053452,-5.075328,1.5020272
535,1,27.312426,-29.324373,-1.037867,-10.257987,-2.840531,1.7645807
536,1,-3.0575585,-15.9206,-0.3161747,-7.309782,-1.6073922,1.4703577
537,1,-1.3170011,-14.4703245,-1.4419539,-12.139227,-1.0024838,1.1617433
538,1,-13.284669,-1.7160462,1.2859321,-6.669489,-0.66861814,0.9021015
539,1,5.060709,-5.667918,-0.8993611,-2.4525435,-0.86221516,0.3338217
540,1,-5.588202,-0.34432018,8.906296,13.031064,-7.6730776,-0.4245629
541,1,13.714552,-37.254913,-2.050256,22.780632,-4.6034236,0.70843214
542,1,36.18019,-28.353895,-0.120098926,-9.655524,-1.8796781,1.0480692
543,1,2.9662871,-15.997201,0.21444307,-7.4173536,-1.1886202,0.5009062
544,1,1.7118416,-14.077666,-0.96952444,-12.267369,-0.54118776,0.6508332
545,1,-12.315287,-1.9794753,1.1315665,-6.8553176,-0.4243766,0.29918954
546,1,5.2221894,-5.4566107,-1.4269762,-2.5379539,-0.264513,0.20031391
547,1,-25.16761,-118.59694,-14.25758,23.490273,4.647779,-2.7242308
548,1,77.396675,-61.736958,-1.1113434,-12.550013,0.5378437,-2.789738
549,1,21.116613,-34.36067,-1.0044725,-18.537928,0.3201114,-0.99549913
550,1,21.61617,-27.64413,-1.3189409,-21.70132,0.08557403,-1.0764363
551,1,-9.573769,-10.206873,0.86947775,-21.093578,0.118792415,-0.5474528
552,1,-14.222485,-9.616221,-1.4348161,-13.587009,0.0686559,-0.5737595
553,1,-3.4932282,2.6956367,2.0007837,-5.9927697,0.37660792,-0.14668751
554,1,-61.054604,-130.98671,-37.426983,25.050657,0.52612895,-1.823517
555,1,54.832737,-65.585884,-6.004211,-12.477983,0.7818379,-3.6796095
556,1,8.01372,-34.959343,-3.3676116,-17.49328,-0.007962833,-2.6235368
557,1,13.545633,-28.519217,-3.0616777,-20.898048,0.056193992,-1.7845889
558,1,-13.704039,-9.901518,0.519827,-20.108004,0.085173294,-1.5363626
559,1,-15.332029,-9.929799,-1.5798267,-12.753295,0.39538026,-0.99038523
560,1,-3.427225,2.9343154,2.7039824,-5.6498017,0.8699658,-0.45187652
561,1,-47.89163,-130.34244,-46.927223,25.924356,-1.6337669,-0.37801206
562,1,57.81513,-68.590614,-12.422329,-11.414996,-0.80867106,-1.42722
563,1,7.9160533,-36.444965,-5.3439403,-16.683016,-0.3027597,-2.1796489
564,1,13.591457,-29.300608,-4.5288534,-20.131979,-0.16829301,-1.8391997
565,1,-13.846399,-10.203833,0.055522107,-19.38715,0.11991781,-1.4385368
566,1,-15.265355,-10.197138,-1.615676,-12.266243,0.45649314,-1.1313056
567,1,-4.1188493,3.0881822,4.119551,-5.459294,1.173835,-0.4025308
568,1,-53.303837,-131.61604,-50.76536,25.680784,-0.8877898,-0.4738506
569,1,56.76663,-68.094406,-15.585502,-11.272462,-0.6916256,-1.0334508
570,1,7.6205387,-37.285343,-7.4731593,-16.13438,-0.41910875,-1.2296461
571,1,13.181739,-29.840508,-5.2321763,-19.645824,-0.11146203,-1.4163889
572,1,-13.940106,-10.487477,-0.36442795,-18.94516,0.14559345,-1.2270994
573,1,-15.503416,-10.370161,-1.2953246,-11.963357,0.53495747,-0.8919001
574,1,-4.554016,3.0605662,4.7158155,-5.3545094,0.88979423,-0.37243623
575,1,-47.91798,-130.68794,-53.622276,25.900032,-1.1684333,-0.07490357
576,1,57.40535,-68.66943,-17.547836,-11.011875,-0.6210368,-0.49474823
577,1,7.866825,-37.194206,-8.715489,-15.942554,-0.3177459,-0.8496572
578,1,13.315139,-30.054071,-6.000162,-19.305994,-0.093509495,-0.85367966
579,1,-14.01989,-10.733003,-0.5258754,-18.706837,0.14663388,-0.8289107
580,1,-15.705021,-10.321123,-1.1476822,-11.756464,0.3947415,-0.6324584
581,1,-4.920946,2.9023502,5.560266,-5.282927,0.8175177,-0.24245138
582,1,-50.263763,-130.9553,-54.417454,25.648256,-0.39703587,-0.117538765
583,1,57.454174,-68.14613,-18.600124,-10.963266,-0.31655777,-0.25549993
584,1,7.976961,-37.522575,-9.433396,-15.7679825,-0.1713925,-0.3543456
585,1,13.226308,-29.996008,-6.3492575,-19.186918,-0.039266955,-0.44671595
586,1,-14.029357,-10.79465,-0.695276,-18.544907,0.083946995,-0.40465555
587,1,-15.840842,-10.414121,-0.96707326,-11.673737,0.2363674,-0.3148576
588,1,-5.167931,2.9938145,5.810532,-5.2438397,0.3684154,-0.1247536
589,1,-47.449493,-130.49107,-55.148945,25.83429,-0.000348884,0.00022319259
590,1,57.541492,-68.50758,-18.865438,-10.914432,4.0194896e-05,0.00021443094
591,1,8.020555,-37.253925,-9.6784725,-15.767662,-1.994752e-05,0.0002626338
592,1,13.298556,-30.125732,-6.494835,-19.105043,0.00025575657,9.489741e-05
593,1,-14.07738,-10.810772,-0.7183463,-18.527617,0.00041086922,0.00019626247
594,1,-15.905108,-10.3383465,-0.9486997,-11.622732,0.000717547,4.6803638e-05
595,1,-5.194593,2.8586779,6.054148,-5.2337065,0.0010765549,9.0774454e-05
596,1,-50.262985,-130.95108,-54.415653,25.654127,0.39532483,0.11796124
597,1,57.453438,-68.14601,-18.60031,-10.961837,0.31662366,0.25601655
598,1,7.9770427,-37.521473,-9.433022,-15.767066,0.17137319,0.3546807
599,1,13.226149,-29.996155,-6.3493686,-19.186054,0.039729353,0.44705948
600,1,-14.029257,-10.794233,-0.69516253,-18.544672,-0.08311437,0.4049264
601,1,-15.840765,-10.414141,-0.96710837,-11.673109,-0.23497885,0.3150246
602,1,-5.167994,2.9937072,5.8104234,-5.24383,-0.36627215,0.124866866
603,1,-47.916927,-130.67934,-53.61877,25.911892,1.1677331,0.07522126
604,1,57.403873,-68.66953,-17.54825,-11.009022,0.62103605,0.4951009
605,1,7.8669815,-37.191982,-8.714595,-15.940726,0.31766835,0.85010254
606,1,13.3148,-30.054327,-6.0005116,-19.304247,0.09396328,0.8539399
607,1,-14.019701,-10.732191,-0.525573,-18.706366,-0.14586918,0.82920104
608,1,-15.704894,-10.321149,-1.147795,-11.755212,-0.3933802,0.63261706
609,1,-4.9210944,2.902103,5.5600567,-5.2829027,-0.81545293,0.24255738
610,1,-53.301643,-131.60452,-50.760487,25.69812,0.8856123,0.47407115
611,1,56.76474,-68.094185,-15.585778,-11.268166,0.69149995,1.0340732
612,1,7.6206183,-37.281998,-7.472131,-16.131496,0.41897961,1.2299675
613,1,13.181336,-29.840908,-5.2325735,-19.643267,0.11176333,1.4166856
614,1,-13.939922,-10.486211,-0.36405766,-18.94439,-0.1448884,1.2273175
615,1,-15.503246,-10.37025,-1.2954443,-11.9615135,-0.5337294,0.89205647
616,1,-4.554329,3.0603042,4.715553,-5.3544536,-0.88784224,0.37250185
617,1,-47.888947,-130.32413,-46.91999,25.948883,1.6327063,0.37891638
618,1,57.811615,-68.590515,-12.423442,-11.408778,0.80872244,1.4278032
619,1,7.916633,-36.440243,-5.342405,-16.679348,0.30223262,2.179874
620,1,13.590565,-29.301254,-4.529574,-20.128386,0.16859776,1.8394479
621,1,-13.846021,-10.202083,0.05610168,-19.3862,-0.119424626,1.4386936
622,1,-15.2652855,-10.19725,-1.6158643,-12.263663,-0.45541376,1.1314472
623,1,-4.119303,3.0876844,4.1191907,-5.4592514,-1.1721169,0.4026007
624,1,-61.047752,-130.96288,-37.418377,25.081493,-0.5302734,1.8233808
625,1,54.82859,-65.58581,-6.006425,-12.470609,-0.78353983,3.6798003
626,1,8.014731,-34.9535,-3.365663,-17.488739,0.0073011676,2.6236527
627,1,13.544431,-28.520042,-3.0627217,-20.893353,-0.056277443,1.7847202
628,1,-13.703478,-9.899364,0.5205441,-20.106855,-0.08492228,1.5364927
629,1,-15.331984,-9.929868,-1.5800143,-12.749889,-0.39460942,0.9904359
630,1,-3.4278386,2.9336026,2.7035584,-5.6498175,-0.86863065,0.4519074
631,1,-25.165094,-118.57157,-14.252034,23.527662,-4.655232,2.7240188
632,1,77.389885,-61.736813,-1.1136928,-12.539993,-0.53861666,2.7895203
633,1,21.116943,-34.354076,-1.0028132,-18.532303,-0.32084727,0.9955868
634,1,21.614471,-27.644756,-1.3199198,-21.695158,-0.08566071,1.0764675
635,1,-9.573204,-10.20467,0.870037,-21.092058,-0.11875845,0.5475006
636,1,-14.222264,-9.616024,-1.4349042,-13.582505,-0.06842816,0.5737835
637,1,-3.493592,2.694573,2.0003116,-5.992608,-0.37580663,0.14669672
638,1,1.7569325,-79.56249,-8.231549,-54.326534,-11.941596,-1.5673848
639,1,63.771305,-46.10297,0.9816098,-39.618317,-3.8741944,-1.9456226
640,1,31.484034,-37.28354,-3.009504,-35.55095,-2.0447893,-1.0001693
641,1,13.599511,-17.744219,1.5516409,-36.299347,-1.126784,-0.8703058
642,1,-11.662719,-16.685371,-2.1422298,-29.043682,-0.6072777,-0.56678355
643,1,-25.23134,-1.8414918,1.8039439,-23.826832,-0.0678688,-0.459475
644,1,-16.845182,-4.3747964,-1.4928625,-7.883487,0.5847397,-0.2075884
645,1,-23.252817,-87.37119,-20.185772,-54.19568,-9.379562,-1.3320864
646,1,45.83505,-48.61297,-2.5664415,-36.42444,-6.2889867,-2.8183336
647,1,20.289886,-38.536697,-5.1615505,-33.588837,-3.1316817,-2.2801454
648,1,6.8754272,-17.724138,0.55794287,-34.13324,-1.9014678,-1.6470373
649,1,-14.973795,-17.18717,-2.7289574,-27.404882,-0.88749605,-1.395578
650,1,-25.936972,-1.4828773,1.7003697,-22.285236,-0.09677414,-0.95032346
651,1,-16.376587,-4.472965,-0.19599682,-7.125974,1.2127947,-0.39730614
652,1,-17.435682,-87.28888,-27.54105,-55.328083,-3.8330338,-0.4588678
653,1,46.82505,-50.360397,-7.1753964,-36.975624,-3.2330704,-1.3467864
654,1,20.133406,-39.98184,-7.008084,-32.95573,-2.3757274,-1.913779
655,1,6.65267,-18.134527,-0.52483636,-33.306225,-1.3074542,-1.697899
656,1,-14.942065,-17.747139,-3.2667723,-26.582249,-0.5710314,-1.3626212
657,1,-25.665472,-1.3435156,2.069599,-21.679266,0.29647073,-1.0571525
658,1,-16.909393,-4.913903,0.22486857,-6.958651,0.9994392,-0.4031597
659,1,-18.702852,-88.03632,-31.090244,-54.59561,-4.0310783,-0.36382622
660,1,46.417236,-50.215836,-9.90421,-36.3577,-2.5568483,-0.91860205
661,1,19.731014,-40.535183,-8.731023,-32.725082,-1.6509874,-1.1739765
662,1,6.465073,-18.655226,-1.1941303,-32.806057,-0.9779621,-1.304043
663,1,-15.032185,-17.923359,-3.5379548,-26.152159,-0.28107196,-1.1658251
664,1,-25.925318,-1.6066204,2.2365348,-21.363562,0.30515376,-0.8508572
665,1,-17.099415,-4.6801267,1.4400475,-6.8299074,1.1493285,-0.34844583
666,1,-16.564997,-87.33839,-33.172886,-54.79548,-1.7079519,-0.13091423
667,1,46.717712,-50.62529,-11.633721,-36.300663,-1.4724703,-0.48496786
668,1,19.994434,-40.444717,-9.796113,-32.386414,-1.0279859,-0.7802696
669,1,6.422494,-18.90421,-1.8599396,-32.625107,-0.5502233,-0.81807476
670,1,-15.123611,-18.03525,-3.6310594,-25.878817,-0.13082093,-0.7848439
671,1,-26.020212,-1.648024,2.451001,-21.226309,0.33705696,-0.60609215
672,1,-17.731205,-4.8298573,1.9452764,-6.7771554,0.68621075,-0.23382634
673,1,-16.718695,-87.535805,-34.266167,-54.349277,-1.1963564,-0.09382867
674,1,46.89859,-50.294147,-12.55235,-36.10175,-0.7435825,-0.24043426
675,1,19.937044,-40.639572,-10.405847,-32.327072,-0.49201927,-0.3441414
676,1,6.436976,-18.900002,-2.1890523,-32.4403,-0.2662959,-0.41799334
677,1,-15.193871,-18.057062,-3.7407334,-25.791658,-0.035961114,-0.38975248
678,1,-26.280201,-1.766445,2.5844712,-21.124187,0.17206796,-0.30094218
679,1,-17.67511,-4.649207,2.4754696,-6.7578583,0.4520883,-0.11999044
680,1,-15.965334,-87.17712,-34.5716,-54.582268,-0.0012027211,-0.00060553086
681,1,46.891197,-50.53991,-12.817315,-36.106182,-0.00023348426,-0.0003590621
682,1,20.070257,-40.446968,-10.62638,-32.226032,-4.81939e-06,-0.00016775033
683,1,6.3883085,-19.004154,-2.3079238,-32.449306,0.00017620591,-5.489301e-05
684,1,-15.227039,-18.053505,-3.7535558,-25.72059,0.00043716482,-6.257022e-05
685,1,-26.22947,-1.7138368,2.632804,-21.125065,0.000704259,1.5974825e-05
686,1,-18.048237,-4.799025,2.5302958,-6.7417426,0.0011150434,-6.1244704e-05
687,1,-16.721487,-87.54591,-34.2707,-54.350628,1.1944007,0.092923306
688,1,46.901627,-50.294228,-12.552139,-36.09951,0.7430622,0.23964101
689,1,19.93562,-40.64093,-10.406556,-32.326584,0.49195048,0.3438219
690,1,6.438069,-18.899767,-2.1888607,-32.439568,0.2666754,0.41788137
691,1,-15.194245,-18.057436,-3.7409425,-25.7911,0.036796488,0.38963112
692,1,-26.279776,-1.7664397,2.5844896,-21.123945,-0.17064674,0.30097657
693,1,-17.674925,-4.648856,2.4755976,-6.757634,-0.449857,0.1199181
694,1,-16.56859,-87.35816,-33.181976,-54.79824,1.7054943,0.12979728
695,1,46.72369,-50.625652,-11.633316,-36.29626,1.4718989,0.484154
696,1,19.991663,-40.447365,-9.797497,-32.38541,1.0279347,0.78000754
697,1,6.4246645,-18.903763,-1.8595567,-32.623623,0.5505327,0.8178927
698,1,-15.124387,-18.036016,-3.6314697,-25.877712,0.1316327,0.78480357
699,1,-26.019367,-1.6479534,2.451062,-21.225807,-0.33570293,0.6060562
700,1,-17.730978,-4.8292513,1.945548,-6.776717,-0.6840626,0.23378539
701,1,-18.711393,-88.06603,-31.103508,-54.5996,4.028796,0.36302683
702,1,46.42596,-50.216366,-9.903644,-36.351067,2.5562224,0.9177138
703,1,19.72695,-40.539257,-8.732995,-32.723526,1.6507869,1.1737067
704,1,6.468131,-18.654537,-1.1935072,-32.803818,0.97821623,1.3039033
705,1,-15.033301,-17.92448,-3.538565,-26.150486,0.2817896,1.1657919
706,1,-25.924202,-1.606543,2.2366364,-21.362799,-0.30388573,0.85083216
707,1,-17.098993,-4.679189,1.4404135,-6.829252,-1.1472759,0.34844422
708,1,-17.443333,-87.33041,-27.559565,-55.333725,3.8302298,0.45738587
709,1,46.838192,-50.361214,-7.174174,-36.966366,3.2322457,1.3457603
710,1,20.127312,-39.987362,-7.010599,-32.953728,2.3754587,1.9137232
711,1,6.6572666,-18.133387,-0.5239461,-33.303127,1.3075625,1.6977429
712,1,-14.943923,-17.748772,-3.267583,-26.580008,0.57160217,1.3626125
713,1,-25.663889,-1.343297,2.0697958,-21.678228,-0.29536664,1.0571356
714,1,-16.9092,-4.912617,0.22543882,-6.957768,-0.9976183,0.4031157
715,1,-23.272896,-87.42642,-20.208702,-54.203773,9.37521,1.3313255
716,1,45.8512,-48.61299,-2.5628757,-36.41248,6.287778,2.817989
717,1,20.2812,-38.543495,-5.1649218,-33.586338,3.1310213,2.28018
718,1,6.88133,-17.722733,0.5593762,-34.12932,1.9013616,1.6468908
719,1,-14.976441,-17.189028,-2.7299318,-27.401878,0.8878399,1.3956549
720,1,-25.935005,-1.482791,1.7005441,-22.283949,0.09750749,0.95028186
721,1,-16.376217,-4.471043,-0.19513038,-7.124815,-1.2112485,0.3973273
722,1,1.7441058,-79.62395,-8.245282,-54.33525,11.940522,1.567919
723,1,63.79391,-46.10324,0.985848,-39.60355,3.872767,1.9458925
724,1,31.47442,-37.291153,-3.0126603,-35.547276,2.0444813,0.99998724
725,1,13.607169,-17.74279,1.5533682,-36.294518,1.1266309,0.8704345
726,1,-11.665759,-16.687166,-2.143228,-29.039597,0.6073509,0.5667121
727,1,-25.228834,-1.8417268,1.8041556,-23.825056,0.068169,0.4595374
728,1,-16.844923,-4.372261,-1.4920985,-7.8818765,-0.5842389,0.20757295
729,1,51.85201,34.023388,14.057515,-10.074,-5.975658,1.0730705
730,1,19.575468,-24.474447,-3.831876,-57.188213,-5.263313,0.24538876
731,1,43.94307,-13.026634,3.392109,-43.49812,-2.838426,-0.7284318
732,1,-2.939496,-18.20573,-2.7848296,-46.03813,-1.7229131,-0.26931193
733,1,-14.908043,-3.817648,2.4648783,-37.80684,-0.8275869,-0.5329442
734,1,-39.400173,-8.083551,-2.2620845,-28.409954,-0.42216608,-0.24427898
735,1,-36.121067,1.5201547,2.0250273,-11.470099,0.6961484,-0.10484498
736,1,54.881493,38.53358,27.392365,-6.698677,-11.7726145,0.0705262
737,1,15.298276,-25.600792,-4.251406,-54.208805,-7.505628,-0.34063113
738,1,39.68986,-13.102002,3.863771,-40.115715,-4.8712296,-1.0689433
739,1,-5.860019,-18.82331,-3.1861165,-43.57628,-2.8491142,-1.1131351
740,1,-15.948783,-3.4006662,2.5052838,-35.292336,-1.5264829,-0.88884586
741,1,-38.82382,-8.5357895,-1.9894804,-26.425488,-0.19610487,-0.7563015
742,1,-35.311207,1.640193,1.658196,-10.495907,1.1175115,-0.28183922
743,1,44.196583,38.36486,27.06784,-6.6238723,-6.52878,-0.47601357
744,1,11.076302,-25.187128,-4.007336,-53.997795,-5.0595293,-0.9191001
745,1,38.190987,-13.141737,3.132996,-39.28015,-3.4028866,-1.0325352
746,1,-6.793742,-19.321274,-3.456817,-42.613754,-2.088312,-1.156867
747,1,-15.888405,-3.2468019,2.5357807,-34.20675,-0.9523408,-1.0540302
748,1,-38.654915,-8.949399,-1.9913666,-25.706842,0.091758266,-0.78041
749,1,-34.894802,2.102048,3.218226,-10.239288,1.4450241,-0.32777253
750,1,50.5068,38.720467,25.502481,-6.4820123,-4.7308946,-0.13450702
751,1,11.795521,-25.506378,-5.1338186,-53.635956,-3.515107,-0.5831146
752,1,37.95311,-13.16561,2.589086,-38.85524,-2.469015,-0.88828015
753,1,-6.825685,-19.397533,-3.8295004,-42.083965,-1.4592344,-0.9309884
754,1,-16.03354,-3.4757025,2.5164196,-33.71654,-0.5679881,-0.8876577
755,1,-38.581738,-8.834972,-1.5651506,-25.358982,0.321807,-0.6901331
756,1,-35.70793,1.806848,3.6682026,-10.108543,1.0000937,-0.27224067
757,1,46.655914,38.322517,24.625658,-6.298873,-2.9440043,-0.21309912
758,1,11.561603,-25.25967,-5.8456607,-53.33546,-2.1392012,-0.4176595
759,1,37.765583,-13.330079,2.0299773,-38.665504,-1.4830112,-0.55489403
760,1,-7.0406885,-19.382872,-4.024319,-41.785465,-0.86652285,-0.65838635
761,1,-16.149612,-3.553493,2.4763126,-33.50553,-0.28388846,-0.61657643
762,1,-38.958775,-8.866249,-1.286908,-25.16568,0.27070445,-0.4870296
763,1,-35.593616,1.9019301,4.451418,-10.070008,0.92431563,-0.19475198
764,1,50.078217,38.431892,23.739838,-6.3736053,-1.3631514,-0.05058198
765,1,11.774986,-25.34108,-6.3377843,-53.18342,-1.0353878,-0.19433904
766,1,37.71942,-13.272446,1.6809204,-38.514645,-0.71708506,-0.28875345
767,1,-7.042256,-19.390911,-4.181418,-41.658516,-0.4079843,-0.32053795
768,1,-16.34315,-3.605576,2.471881,-33.37983,-0.112981476,-0.3190794
769,1,-38.96752,-8.789998,-1.0842811,-25.103312,0.18022479,-0.24474755
770,1,-36.340374,1.7573411,4.739061,-10.038561,0.39596936,-0.09788697
771,1,47.428123,38.252174,23.690897,-6.23589,-0.0012736295,5.13322e-05
772,1,11.821159,-25.23426,-6.504463,-53.118095,-0.0008634905,-0.00047465652
773,1,37.69363,-13.330391,1.5824231,-38.501316,-0.00022105315,-0.0002840512
774,1,-7.117198,-19.365107,-4.23675,-41.597275,5.026521e-05,-0.0002618909
775,1,-16.332146,-3.6022217,2.4679117,-33.362305,0.00035591522,-0.000118108575
776,1,-39.181423,-8.828611,-1.0234976,-25.066713,0.00067089545,-0.00014580405
777,1,-35.93009,1.8488351,4.9178495,-10.043043,0.0010904454,3.1483047e-05
778,1,50.07746,38.435467,23.741451,-6.3736277,1.3608619,0.05043301
779,1,11.774319,-25.3448,-6.3393245,-53.184887,1.0336776,0.19346192
780,1,37.720695,-13.272232,1.681188,-38.51349,0.71665967,0.28817868
781,1,-7.042872,-19.391987,-4.1819,-41.658558,0.4080648,0.3200278
782,1,-16.342371,-3.60548,2.472008,-33.379208,0.11370117,0.31883743
783,1,-38.967476,-8.790179,-1.0843605,-25.103134,-0.1789112,0.24447222
784,1,-36.339878,1.7569109,4.7389255,-10.038407,-0.39388046,0.09788331
785,1,46.65322,38.32942,24.628948,-6.2989388,2.941366,0.21312399
786,1,11.560415,-25.266857,-5.8486996,-53.338375,2.1374562,0.41687778
787,1,37.76813,-13.329762,2.0304978,-38.663216,1.482544,0.5542199
788,1,-7.0419374,-19.385012,-4.0252314,-41.785534,0.86659384,0.65799093
789,1,-16.148073,-3.5532792,2.4765744,-33.50428,0.28457707,0.6162738
790,1,-38.958744,-8.866672,-1.287084,-25.165325,-0.2694168,0.48685688
791,1,-35.592552,1.9011642,4.451129,-10.0696945,-0.92219734,0.19472371
792,1,50.504395,38.730904,25.50753,-6.481982,4.7287784,0.13424204
793,1,11.793495,-25.51735,-5.1383038,-53.640312,3.5133479,0.582268
794,1,37.95681,-13.165163,2.590046,-38.85183,2.468574,0.8876648
795,1,-6.827529,-19.400743,-3.8308434,-42.084026,1.4592806,0.9306467
796,1,-16.031368,-3.4753952,2.5168445,-33.714653,0.5686235,0.8873906
797,1,-38.58171,-8.835572,-1.5653921,-25.35844,-0.32059994,0.6899909
798,1,-35.706623,1.8056871,3.6678336,-10.108068,-0.99814934,0.27217466
799,1,44.19044,38.378933,27.075108,-6.624403,6.525571,0.47594792
800,1,11.073998,-25.202341,-4.012856,-54.004093,5.057706,0.9183492
801,1,38.19628,-13.1409025,3.134497,-39.275257,3.4024892,1.0320301
802,1,-6.7964854,-19.325737,-3.458583,-42.61394,2.0882683,1.156615
803,1,-15.885394,-3.2461984,2.536474,-34.20407,0.9528922,1.0538301
804,1,-38.655132,-8.950319,-1.9917445,-25.706154,-0.090708114,0.7803142
805,1,-34.892975,2.1004872,3.21766,-10.238614,-1.443186,0.32778072
806,1,54.87442,38.553055,27.405315,-6.6986437,11.772217,-0.07027975
807,1,15.2939825,-25.62072,-4.2582684,-54.21672,7.5045233,0.34027022
808,1,39.696476,-13.100572,3.8663077,-40.10916,4.8710203,1.068635
809,1,-5.863927,-18.828844,-3.1882246,-43.57643,2.8490598,1.1130518
810,1,-15.944992,-3.3999853,2.5062072,-35.288826,1.5268462,0.8886807
811,1,-38.824314,-8.536694,-1.989778,-26.42453,0.1968891,0.7562995
812,1,-35.309334,1.637896,1.6572676,-10.49504,-1.116115,0.28180474
813,1,51.847248,34.044495,14.0681505,-10.074696,5.977283,-1.0732887
814,1,19.574312,-24.497265,-3.837668,-57.197197,5.263608,-0.24543935
815,1,43.952595,-13.025318,3.3952165,-43.490177,2.8382697,0.7284887
816,1,-2.9434116,-18.211782,-2.7869565,-46.03777,1.7229464,0.26916692
817,1,-14.903197,-3.81724,2.4659653,-37.80254,0.8277203,0.5330183
818,1,-39.40083,-8.08411,-2.262371,-28.408321,0.4224471,0.24421288
819,1,-36.11888,1.5170593,2.0241642,-11.468928,-0.69552505,0.10487643
820,1,72.97396,-25.663235,-8.929673,-17.380402,-1.91396,-0.2816222
821,1,45.55536,13.279691,6.286421,-28.980507,-1.9235693,0.32296324
822,1,19.164042,-12.599809,-3.1257055,-55.67083,-2.2202196,0.20670752
823,1,4.4584413,0.5534523,3.3846993,-43.62302,-1.3527445,-0.31157055
824,1,-32.96705,-9.4855995,-2.8257396,-46.169586,-0.92185813,-0.037161913
825,1,-49.555443,3.737913,2.8623333,-30.397734,-0.061550654,-0.26302874
826,1,-61.15553,-3.4740098,-2.1217413,-13.476319,0.47090095,-0.09066075
827,1,77.465416,-28.877123,-11.338248,-17.015839,-6.602128,0.3552369
828,1,50.621975,14.489651,10.131026,-25.441938,-5.331886,0.307605
829,1,20.525177,-13.301051,-2.5196793,-53.09705,-4.072492,-0.1374058
830,1,5.880764,1.0017477,4.238106,-40.349503,-2.6747687,-0.38947046
831,1,-31.668627,-10.199946,-2.7135592,-43.82387,-1.3900377,-0.52033365
832,1,-47.648663,4.313731,3.0357394,-27.897215,-0.2773942,-0.3962818
833,1,-58.803635,-3.685866,-0.48993185,-12.409977,1.7435832,-0.18333356
834,1,74.734886,-28.43829,-6.8358903,-16.135313,-7.4223757,-0.021426255
835,1,46.556618,14.757751,11.164075,-23.828468,-5.0543427,-0.15152349
836,1,18.196001,-13.211206,-1.7385194,-51.85619,-3.4019096,-0.39502898
837,1,5.175374,1.2891114,4.680137,-38.888035,-2.1623855,-0.5834799
838,1,-31.788351,-10.498289,-2.5463848,-42.637444,-0.9640941,-0.58900565
839,1,-46.967934,4.690394,3.7659106,-26.911856,0.31427982,-0.51010084
840,1,-58.90357,-4.230833,-0.5729032,-12.141773,1.3453078,-0.19880038
841,1,72.41295,-28.679005,-6.7771406,-16.151543,-4.4617033,-0.16400173
842,1,47.01257,15.097685,11.806811,-23.516327,-3.5407014,-0.32505456
843,1,18.103539,-13.086257,-1.6446325,-51.158348,-2.509769,-0.42000896
844,1,4.942244,1.3056211,4.847995,-38.233913,-1.467596,-0.5355179
845,1,-31.760704,-10.36039,-2.2722657,-41.99702,-0.5335651,-0.55598384
846,1,-47.169937,4.526084,4.0409427,-26.492073,0.35283503,-0.44919524
847,1,-58.554317,-3.9323924,0.52337825,-11.963658,1.4966545,-0.18577728
848,1,74.752464,-28.361609,-6.662068,-15.9419775,-3.3424544,-0.046140708
849,1,46.352497,14.908425,11.775175,-23.22266,-2.371036,-0.23394457
850,1,17.69137,-12.914996,-1.4992262,-50.815845,-1.5930301,-0.35109663
851,1,4.691908,1.2852327,4.8899183,-37.924793,-0.9282163,-0.3967528
852,1,-32.097626,-10.285166,-2.0553563,-41.656624,-0.25801644,-0.4088833
853,1,-47.22995,4.5280266,4.3693714,-26.304478,0.38748986,-0.3264984
854,1,-59.525917,-3.9880118,0.9701372,-11.881557,0.8874645,-0.12670803
855,1,72.2469,-28.445322,-6.682745,-15.9056225,-1.4370141,-0.066162154
856,1,46.631042,14.998289,11.706125,-23.158953,-1.1136526,-0.13178292
857,1,17.666355,-12.906685,-1.5178235,-50.621925,-0.7722532,-0.17513295
858,1,4.4699907,1.29811,4.9203033,-37.79103,-0.42597058,-0.21433619
859,1,-32.184002,-10.212644,-1.938266,-41.49907,-0.10621379,-0.21045034
860,1,-47.605965,4.457945,4.560505,-26.219723,0.2003154,-0.17187877
861,1,-59.18805,-3.8575568,1.3917613,-11.855383,0.5566023,-0.06921425
862,1,74.69032,-28.30154,-6.8334312,-15.878395,-0.0008458739,-0.00019762249
863,1,46.324474,14.914114,11.684727,-23.09013,-0.00075840764,-2.5999287e-05
864,1,17.56593,-12.8519945,-1.5228113,-50.57642,-0.00043990745,-0.00034337767
865,1,4.469224,1.2921803,4.92651,-37.74182,-2.8861885e-05,-0.00018434717
866,1,-32.316784,-10.210395,-1.8963335,-41.456917,0.00025851192,-0.0002697992
867,1,-47.48643,4.4959974,4.623153,-26.192795,0.00059998373,-8.3740924e-05
868,1,-59.869526,-3.9221592,1.4997737,-11.833999,0.0009447163,-0.00014385664
869,1,72.24621,-28.448463,-6.6840014,-15.905922,1.4348071,0.06598622
870,1,46.63067,15.000433,11.707163,-23.158354,1.112189,0.13167904
871,1,17.666105,-12.908368,-1.518479,-50.622646,0.7713896,0.17448986
872,1,4.4704967,1.29854,4.920592,-37.79021,0.4259075,0.21394044
873,1,-32.18397,-10.213292,-1.9385217,-41.499245,0.10672876,0.20995827
874,1,-47.605453,4.4579988,4.560571,-26.21924,-0.19911695,0.17168832
875,1,-59.187412,-3.8573022,1.3919122,-11.855419,-0.55459017,0.06902205
876,1,74.75117,-28.367666,-6.6644077,-15.942512,3.340868,0.045919623
877,1,46.35147,14.912539,11.77724,-23.221437,2.3695674,0.23375732
878,1,17.690857,-12.918294,-1.5004759,-50.817303,1.5921526,0.35058936
879,1,4.6929054,1.2860649,4.8905063,-37.92316,0.9281846,0.39629173
880,1,-32.09761,-10.286483,-2.055872,-41.65696,0.25851145,0.40851426
881,1,-47.228943,4.528186,4.369534,-26.30352,-0.38630718,0.32623535
882,1,-59.52479,-3.98757,0.9704638,-11.881622,-0.8856226,0.12655954
883,1,72.41094,-28.688173,-6.780704,-16.152534,4.459601,0.16390912
884,1,47.01145,15.10387,11.810061,-23.514578,3.539349,0.3249034
885,1,18.102785,-13.091227,-1.6464767,-51.160496,2.5089955,0.41955003
886,1,4.94368,1.3068429,4.8489175,-38.23145,1.4675562,0.5351038
887,1,-31.760725,-10.362358,-2.2730072,-41.997505,0.5340572,0.5556833
888,1,-47.168583,4.526305,4.041172,-26.49061,-0.35171217,0.44897163
889,1,-58.552612,-3.931754,0.52376956,-11.963769,-1.4947635,0.18570687
890,1,74.73151,-28.450787,-6.8399973,-16.136433,7.421364,0.021360673
891,1,46.55424,14.766385,11.168622,-23.826002,5.0531645,0.15148997
892,1,18.195042,-13.218212,-1.7409723,-51.859226,3.4011838,0.39463687
893,1,5.1772585,1.2909782,4.6815486,-38.884514,2.1624131,0.58317137
894,1,-31.788544,-10.5011215,-2.5474486,-42.638165,0.9644942,0.5887729
895,1,-46.96622,4.690835,3.766316,-26.909782,-0.31325728,0.509939
896,1,-58.901695,-4.229994,-0.5723488,-12.141918,-1.3437102,0.1986916
897,1,77.462975,-28.894228,-11.345739,-17.017622,6.6018004,-0.355477
898,1,50.62031,14.501041,10.137317,-25.438606,5.3316007,-0.30765492
899,1,20.524052,-13.310244,-2.5228271,-53.100792,4.0721908,0.13715957
900,1,5.883242,1.0041617,4.2399797,-40.344837,2.6748862,0.38924292
901,1,-31.669079,-10.203404,-2.7147627,-43.824665,1.3903736,0.52022773
902,1,-47.64672,4.314069,3.0361063,-27.894478,0.278148,0.39618084
903,1,-58.80137,-3.6845086,-0.4891563,-12.410168,-1.742209,0.18333006
904,1,72.97126,-25.682123,-8.937479,-17.382147,1.9131838,0.28165957
905,1,45.553696,13.292166,6.292121,-28.97694,1.9236798,-0.32308537
906,1,19.163992,-12.610295,-3.1290243,-55.674736,2.220373,-0.20684913
907,1,4.4617724,0.5558075,3.3867822,-43.617516,1.3527945,0.31158856
908,1,-32.967392,-9.489073,-2.8269403,-46.169968,0.92204475,0.03704603
909,1,-49.553307,3.737713,2.86267,-30.394344,0.061811686,0.2630749
910,1,-61.153484,-3.4718058,-2.120943,-13.476267,-0.47023097,0.090620704
911,1,97.386444,18.636028,7.913529,-10.469111,-2.791154,0.2733362
912,1,57.225716,-14.349167,-5.2005014,-40.844517,-1.1356608,-0.03687277
913,1,29.060085,8.313154,4.1761804,-40.119568,-0.91171813,0.0029649225
914,1,-7.622979,-8.502348,-3.1882007,-55.21962,-0.94229025,0.1588029
915,1,-36.975998,6.5830555,3.5170546,-40.139896,-0.32712504,-0.18302137
916,1,-66.984566,-7.0319934,-3.291772,-37.157536,-0.3419369,0.028800506
917,1,-86.340195,5.251045,3.2162635,-12.068964,1.3885139,-0.019075362
918,1,102.40543,20.839462,11.561737,-8.942906,-4.822665,-0.04835709
919,1,61.380653,-15.798843,-6.0992403,-39.282253,-3.3828788,0.12714882
920,1,33.801903,8.924413,5.684296,-36.82317,-2.5559347,0.10883121
921,1,-4.3464665,-9.360269,-2.9443552,-52.968216,-1.8362564,-0.07366043
922,1,-33.629944,7.287372,4.209686,-37.08675,-0.9571518,-0.14459972
923,1,-63.851482,-7.927607,-2.930519,-35.036636,0.29212525,-0.19751118
924,1,-83.75342,5.6871614,2.526678,-10.803284,1.5551305,-0.0816677
925,1,101.27494,20.511978,11.434955,-8.703681,-5.380667,0.1148931
926,1,61.178864,-15.990683,-4.6058593,-38.159306,-4.0279565,0.10447699
927,1,32.950233,9.0859,6.600428,-34.960186,-2.8085294,-0.06322749
928,1,-4.589733,-9.580491,-2.3855283,-51.55527,-1.6382298,-0.16569783
929,1,-33.175205,7.6300673,4.875367,-35.48407,-0.61038303,-0.27833578
930,1,-63.211407,-8.339878,-2.8147547,-34.080505,0.48073596,-0.23740815
931,1,-82.289,6.2823825,3.9345534,-10.436568,2.1147842,-0.11883396
932,1,100.81706,20.815088,13.299925,-8.29216,-4.4785266,-0.023069743
933,1,59.79619,-15.965708,-4.0094385,-37.46155,-3.1081285,-0.047548983
934,1,32.542263,9.181103,7.1936584,-34.26783,-2.054978,-0.1208125
935,1,-4.841681,-9.424163,-1.9138677,-50.641243,-1.1797177,-0.218682
936,1,-33.34912,7.560424,5.2201767,-34.788937,-0.244174,-0.26228738
937,1,-63.007893,-8.130295,-2.2429814,-33.521687,0.7113781,-0.23981014
938,1,-82.99505,5.9993763,4.1619678,-10.203473,1.4941003,-0.09464516
939,1,99.75524,20.57557,13.442167,-8.326734,-2.768028,-0.045412805
940,1,60.20062,-15.760277,-3.4475503,-37.182632,-2.1224635,-0.081967965
941,1,32.201088,9.170455,7.4818335,-33.85527,-1.4221815,-0.12947425
942,1,-5.2013288,-9.287632,-1.5830289,-50.197937,-0.7118408,-0.1772792
943,1,-33.618362,7.554448,5.491205,-34.435894,-0.0962991,-0.20796789
944,1,-63.48789,-8.056377,-1.8533771,-33.210697,0.5351712,-0.17855486
945,1,-82.68554,6.015673,4.717798,-10.14684,1.2908405,-0.08368982
946,1,100.57969,20.66064,13.784746,-8.201583,-1.4988835,-0.013492751
947,1,59.480007,-15.778776,-3.2276146,-36.98305,-1.0480773,-0.04880479
948,1,31.983662,9.202053,7.6763206,-33.730537,-0.6804778,-0.08030666
949,1,-5.386364,-9.21171,-1.4008579,-49.959267,-0.35358796,-0.099838264
950,1,-33.89547,7.534907,5.6562757,-34.287846,-0.013598438,-0.112485446
951,1,-63.48631,-7.9497533,-1.6132934,-33.0675,0.3104237,-0.093123496
952,1,-83.58988,5.9059153,4.9959497,-10.068899,0.5685979,-0.035505585
953,1,99.33589,20.556402,13.783427,-8.248757,-0.0010055655,0.00011543356
954,1,59.92045,-15.698779,-3.1682997,-36.969757,-0.00058403023,-0.00025772367
955,1,31.935411,9.187973,7.7205606,-33.6522,-0.00034644819,-6.7393725e-05
956,1,-5.4834657,-9.190826,-1.3430766,-49.9129,-9.548928e-05,-0.00032210938
957,1,-33.91657,7.553371,5.7094846,-34.230736,0.00021275677,-0.00011901088
958,1,-63.74633,-7.9666977,-1.5145805,-33.02857,0.00052260124,-0.00024127381
959,1,-82.99681,5.953659,5.0652456,-10.091009,0.000941381,4.3160293e-05
960,1,100.57903,20.663136,13.785927,-8.201335,1.4973637,0.013534682
961,1,59.479378,-15.78077,-3.2284129,-36.983505,1.0468248,0.0483886
962,1,31.98368,9.203278,7.6769323,-33.72976,0.67978257,0.080107674
963,1,-5.3864117,-9.212657,-1.4012216,-49.959694,0.35341352,0.09927495
964,1,-33.895046,7.535341,5.6565037,-34.28716,0.014027892,0.1121985
965,1,-63.48588,-7.950069,-1.6134006,-33.06772,-0.30937886,0.09269908
966,1,-83.58913,5.9058456,4.995997,-10.068723,-0.5668931,0.035477795
967,1,99.75407,20.580357,13.444425,-8.326275,2.7661533,0.045429017
968,1,60.199524,-15.764172,-3.4491048,-37.183567,2.121352,0.0816834
969,1,32.20103,9.172847,7.483074,-33.85371,1.421569,0.12919833
970,1,-5.2014236,-9.289518,-1.5837678,-50.198772,0.7116541,0.17685974
971,1,-33.617554,7.5553217,5.491693,-34.434536,0.09675466,0.20761122
972,1,-63.487103,-8.057051,-1.8536254,-33.211124,-0.53414935,0.1782721
973,1,-82.68404,6.015575,4.7178435,-10.146494,-1.2889863,0.083630234
974,1,100.81506,20.82229,13.303475,-8.291373,4.477191,0.0230587
975,1,59.79432,-15.971521,-4.0117707,-37.46295,3.107039,0.04732554
976,1,32.54229,9.184648,7.1955175,-34.265503,2.0543902,0.12056936
977,1,-4.8418646,-9.426995,-1.9149383,-50.642483,1.1796029,0.21834125
978,1,-33.348,7.561713,5.2208953,-34.786877,0.24461554,0.26197645
979,1,-63.00682,-8.131307,-2.2433403,-33.522324,-0.7103754,0.23957552
980,1,-82.99302,5.9992886,4.1621337,-10.202924,-1.4924643,0.094531156
981,1,101.272606,20.521877,11.43933,-8.702743,5.3793645,-0.11491742
982,1,61.176567,-15.998912,-4.609093,-38.161263,4.0272064,-0.10470717
983,1,32.950104,9.09093,6.603081,-34.95689,2.8081396,0.0630814
984,1,-4.59002,-9.584581,-2.3870792,-51.55703,1.6381251,0.16541761
985,1,-33.173866,7.631999,4.8764696,-35.48115,0.6108186,0.27811414
986,1,-63.210228,-8.341418,-2.8153431,-34.0814,-0.47984925,0.2372377
987,1,-82.28648,6.2823057,3.9346557,-10.435814,-2.1131434,0.11881865
988,1,102.40298,20.852877,11.568088,-8.941533,4.8216286,0.048444383
989,1,61.37822,-15.809757,-6.103956,-39.284843,3.3823757,-0.12733029
990,1,33.802418,8.930981,5.6877036,-36.8189,2.5557864,-0.108942285
991,1,-4.3467817,-9.365547,-2.9463284,-52.97032,1.8362668,0.07347934
992,1,-33.62831,7.2896953,4.2110147,-37.082947,0.9575014,0.14445612
993,1,-63.850277,-7.9293337,-2.931141,-35.037674,-0.2914517,0.19742978
994,1,-83.75066,5.6868153,2.5266783,-10.802265,-1.5539027,0.081610255
995,1,97.38422,18.650906,7.920192,-10.467581,2.7912369,-0.27336445
996,1,57.22335,-14.36133,-5.2054076,-40.846924,1.1352924,0.036885217
997,1,29.060684,8.320275,4.1795545,-40.114754,0.91166174,-0.0029968077
998,1,-7.623014,-8.508035,-3.1902964,-55.221466,0.94237506,-0.158921
999,1,-36.97423,6.5850997,3.51833,-40.135498,0.32724315,0.18304637
1000,1,-66.98356,-7.033197,-3.2922587,-37.15818,0.34226006,-0.028866634
1001,1,-86.33756,5.2497735,3.2158263,-12.067723,-1.3881513,0.019129355
1002,1,120.31247,-14.097242,-5.7136464,-15.010694,-0.94481605,-0.12053951
1003,1,75.48511,11.954222,4.936564,-29.06997,-1.1506469,0.15313302
1004,1,31.231392,-9.051084,-3.8062356,-53.01279,-0.5988364,0.07615162
1005,1,-6.4522667,8.792238,3.7982042,-43.067253,-0.33280158,-0.061176233
1006,1,-47.733963,-7.990054,-3.7963998,-50.95203,-0.36150247,0.1393287
1007,1,-81.43423,9.362983,4.27,-29.993164,0.48743287,-0.09253799
1008,1,-112.942696,-8.185799,-4.349182,-14.71663,0.3267959,-0.0051701562
1009,1,125.14058,-15.686024,-6.612383,-14.329136,-4.246922,0.16895969
1010,1,80.6573,13.038,6.6994543,-26.180923,-2.392,0.12757668
1011,1,35.51747,-10.015921,-4.0661144,-51.19988,-1.6456534,0.09828149
1012,1,-1.7138654,9.492348,4.7343097,-39.803032,-0.9662973,0.07091265
1013,1,-43.659283,-9.174208,-3.8839753,-48.983788,-0.28432202,-0.013461117
1014,1,-77.671394,10.367177,4.661215,-27.274515,0.41120175,-0.038286276
1015,1,-109.02372,-9.037933,-3.408697,-13.779883,2.5427134,-0.027584797
1016,1,125.57166,-15.491734,-4.5947356,-13.83526,-4.363155,0.016801944
1017,1,80.83329,13.10626,7.2397037,-24.940338,-3.0188274,0.11097462
1018,1,36.26421,-10.321171,-3.3553033,-49.836052,-1.8750792,0.12042262
1019,1,-1.1569883,9.697241,5.4810967,-37.956627,-1.0166413,0.009977782
1020,1,-42.77808,-9.584098,-3.5332255,-47.613087,-0.06570533,-0.041267827
1021,1,-76.32346,10.805025,5.4200583,-26.030182,1.0885421,-0.0991879
1022,1,-108.01191,-9.679391,-3.7832077,-13.406197,2.016775,-0.031048225
1023,1,124.506386,-15.712414,-4.34389,-13.7136965,-3.618439,0.075963795
1024,1,80.51696,13.102171,8.160941,-24.393532,-2.5202184,0.09329206
1025,1,35.57757,-10.278955,-2.7023873,-48.90311,-1.5707726,0.057326872
1026,1,-1.484647,9.621066,5.9754725,-37.138733,-0.643262,0.00052997714
1027,1,-42.9912,-9.423646,-2.980535,-46.731865,0.17593041,-0.06145615
1028,1,-76.562164,10.616739,5.7853475,-25.462091,1.0056953,-0.08870119
1029,1,-107.442924,-9.399131,-2.9501805,-13.182459,2.239529,-0.051769856
1030,1,124.434395,-15.503157,-3.3165193,-13.485518,-2.4951801,0.01654886
1031,1,79.828224,13.036888,8.587165,-24.08054,-1.7087355,0.035221994
1032,1,35.398426,-10.171162,-2.2373543,-48.467125,-1.0281916,0.036455695
1033,1,-1.8956047,9.599342,6.3478994,-36.698227,-0.42947698,-0.013530102
1034,1,-43.377617,-9.313897,-2.584051,-46.267536,0.21284257,-0.050325535
1035,1,-76.70548,10.565428,6.107585,-25.16791,0.8353586,-0.062257312
1036,1,-108.33849,-9.3226595,-2.4993255,-12.999625,1.3549964,-0.015024801
1037,1,123.691475,-15.574449,-3.1371431,-13.50185,-1.2281047,0.008788469
1038,1,79.94719,13.061741,8.931485,-23.982447,-0.88466084,0.011594786
1039,1,35.06151,-10.121521,-1.9532149,-48.19962,-0.53446025,0.009276692
1040,1,-2.1449933,9.5930805,6.549749,-36.53338,-0.18907608,-0.009683156
1041,1,-43.6227,-9.217672,-2.3367548,-46.020462,0.11760923,-0.02528746
1042,1,-77.087654,10.495745,6.34014,-25.03637,0.4236828,-0.034851145
1043,1,-107.88786,-9.223555,-2.2617686,-12.9762335,0.798366,-0.019290084
1044,1,124.0378,-15.483676,-2.8729773,-13.418382,-0.00063948624,-0.00021975883
1045,1,79.502174,13.022525,9.021073,-23.919174,-0.000560232,2.6497475e-05
1046,1,35.069996,-10.097517,-1.86665,-48.171085,-0.00028526678,-0.00033604688
1047,1,-2.2386014,9.603373,6.6335278,-36.45204,-7.3604795e-05,-8.468502e-05
1048,1,-43.714073,-9.210485,-2.2614822,-45.97353,0.00017677409,-0.0003179903
1049,1,-76.98661,10.51874,6.38279,-24.981417,0.00046142226,-4.7885504e-05
1050,1,-108.57081,-9.230216,-2.0911682,-12.905738,0.0007326036,-0.00018412605
1051,1,123.69083,-15.576482,-3.1380115,-13.501957,1.226488,-0.009029308
1052,1,79.94674,13.063354,8.932205,-23.981869,0.8836803,-0.011656258
1053,1,35.061203,-10.122762,-1.9537153,-48.20004,0.53388965,-0.009828644
1054,1,-2.1447651,9.593893,6.5501213,-36.532566,0.18894218,0.009436399
1055,1,-43.622448,-9.218305,-2.3370135,-46.020798,-0.11726034,0.024743795
1056,1,-77.08701,10.496138,6.3403273,-25.035875,-0.4227598,0.034702342
1057,1,-107.887054,-9.223749,-2.2618134,-12.976344,-0.79671466,0.019069843
1058,1,124.433075,-15.507051,-3.3182194,-13.485739,2.493957,-0.01667521
1059,1,79.82724,13.040054,8.588629,-24.079363,1.7077323,-0.03539549
1060,1,35.39791,-10.17363,-2.2383966,-48.467957,1.0276319,-0.036835343
1061,1,-1.8952163,9.600956,6.3486905,-36.696625,0.42940894,0.013193883
1062,1,-43.37713,-9.315172,-2.5846038,-46.26818,-0.21249707,0.04995645
1063,1,-76.70426,10.566237,6.1079907,-25.166937,-0.83440995,0.061999444
1064,1,-108.336945,-9.323074,-2.4993665,-12.99983,-1.353552,0.014871207
1065,1,124.50449,-15.718221,-4.346459,-13.714087,3.6170657,-0.07606872
1066,1,80.5155,13.106822,8.163094,-24.391768,2.519359,-0.09343785
1067,1,35.576687,-10.282628,-2.703898,-48.90436,1.5703061,-0.057630006
1068,1,-1.4840715,9.623446,5.976634,-37.136326,0.6432058,-0.00081612566
1069,1,-42.990593,-9.425563,-2.981335,-46.732838,-0.17555635,0.061162956
1070,1,-76.5605,10.617953,5.78594,-25.460613,-1.0047736,0.08849575
1071,1,-107.440765,-9.399838,-2.950418,-13.182797,-2.2379425,0.051719062
1072,1,125.56914,-15.499837,-4.5981526,-13.835735,4.362105,-0.016857091
1073,1,80.83142,13.112881,7.2427073,-24.937912,3.018083,-0.11104692
1074,1,36.263187,-10.326454,-3.3574934,-49.837852,1.8747102,-0.12068171
1075,1,-1.1563375,9.700693,5.48281,-37.95323,1.016671,-0.010164211
1076,1,-42.77744,-9.586944,-3.5344207,-47.61449,0.06603938,0.041049358
1077,1,-76.32155,10.806852,5.420948,-26.028112,-1.0876672,0.09904973
1078,1,-108.00939,-9.680423,-3.7834446,-13.40663,-2.0154705,0.030936236
1079,1,125.13827,-15.696923,-6.6171727,-14.329812,4.2462435,-0.16904058
1080,1,80.65542,13.046802,6.7035136,-26.17773,2.3914502,-0.12756579
1081,1,35.516346,-10.022844,-4.069056,-51.20208,1.6453929,-0.09844783
1082,1,-1.7128505,9.496762,4.736464,-39.79873,0.966342,-0.07101868
1083,1,-43.658703,-9.17773,-3.8854356,-48.9854,0.2845833,0.013326048
1084,1,-77.66933,10.369234,4.6622224,-27.27186,-0.41057563,0.038224235
1085,1,-109.02102,-9.039012,-3.40917,-13.780425,-2.541629,0.027606409
1086,1,120.31021,-14.109484,-5.7192183,-15.01119,0.9440885,0.12054807
1087,1,75.48328,11.963962,4.9409018,-29.066387,1.1506277,-0.1531679
1088,1,31.230545,-9.0587,-3.809328,-53.014664,0.59868044,-0.07618802
1089,1,-6.4512186,8.796761,3.800329,-43.062454,0.33280483,0.06117591
1090,1,-47.73342,-7.9933376,-3.7977397,-50.953217,0.36163574,-0.13941565
1091,1,-81.43231,9.364364,4.270698,-29.990135,-0.48727983,0.09257747
1092,1,-112.94028,-8.185831,-4.3490477,-14.71696,-0.3261914,0.0050959727
1093,1,144.76945,10.447773,4.4891653,-11.250957,-2.066082,0.11826725
1094,1,90.31035,-8.940323,-3.8670912,-39.398335,-0.27566895,-0.017295817
1095,1,40.130924,9.64405,3.8234124,-39.680973,-0.49644923,0.06775634
1096,1,-9.789913,-8.002008,-3.7872143,-56.61328,-0.18504132,0.13115652
1097,1,-54.358337,10.942676,4.474251,-39.073467,0.21175282,-0.08252225
1098,1,-97.89896,-10.676547,-5.1323895,-38.28146,-0.17052783,0.10450927
1099,1,-138.22017,12.035889,5.906884,-11.178419,1.8772283,-0.022806799
1100,1,149.29697,11.494589,5.8623614,-9.937837,-2.9407248,-0.0065078493
1101,1,94.84671,-9.904312,-4.19033,-37.796448,-1.8506743,0.17187072
1102,1,45.35464,10.352379,4.8645983,-36.456375,-0.89668566,0.16542396
1103,1,-5.220593,-9.136636,-4.0527244,-54.838158,-0.36522648,0.13699766
1104,1,-49.465565,12.027255,5.3816485,-35.922913,0.21136993,0.06686419
1105,1,-93.34296,-12.277792,-5.3197193,-36.615334,1.1874137,-0.0006531458
1106,1,-134.09222,13.335313,5.713824,-9.935464,1.9355673,-0.009571398
1107,1,150.31494,11.338959,6.155374,-9.586577,-3.723028,0.1284002
1108,1,96.01995,-10.06844,-3.2765458,-36.75764,-2.1621428,0.21643989
1109,1,46.235718,10.478709,5.5750484,-34.69784,-1.1531235,0.18989243
1110,1,-4.010342,-9.555327,-3.5796585,-53.488995,-0.2244519,0.17161946
1111,1,-48.387833,12.3515415,6.062622,-34.18186,0.5802236,0.06951986
1112,1,-92.10039,-12.817754,-5.1078486,-35.588673,1.4660747,0.014355604
1113,1,-131.81161,14.013647,6.8348804,-9.532621,3.1361156,-0.043201435
1114,1,149.69301,11.492228,7.5534887,-9.29092,-2.930944,0.050503846
1115,1,95.40326,-10.078596,-2.6383834,-36.140774,-1.9039288,0.18952368
1116,1,45.96436,10.379147,6.202432,-34.005905,-0.9470997,0.20806761
1117,1,-4.5477266,-9.480521,-2.9177747,-52.473732,-0.12873153,0.15963656
1118,1,-48.72754,12.169829,6.5425687,-33.456966,0.71697444,0.07879235
1119,1,-92.19648,-12.607762,-4.532319,-34.913948,1.5816703,0.024151009
1120,1,-132.39766,13.732738,7.1803675,-9.228811,2.2688293,0.012483151
1121,1,148.97467,11.348049,7.934207,-9.278223,-2.0206556,0.06651283
1122,1,95.151474,-10.023891,-1.9857147,-35.82284,-1.3169398,0.15097874
1123,1,45.430515,10.339736,6.6805396,-33.6095,-0.6621898,0.14999232
1124,1,-4.9043202,-9.396516,-2.4793575,-52.00331,-0.021484837,0.13296056
1125,1,-49.261715,12.101411,6.911368,-33.053974,0.5445563,0.07461928
1126,1,-92.72236,-12.480581,-4.030356,-34.527023,1.1315712,0.027705764
1127,1,-131.97902,13.599206,7.4221954,-9.183646,1.8739852,-0.015713932
1128,1,148.7386,11.4218025,8.57173,-9.160212,-1.0171531,0.023533028
1129,1,94.71706,-10.0098715,-1.6568626,-35.645283,-0.6650605,0.074292004
1130,1,45.28695,10.33062,6.9466143,-33.48184,-0.3307797,0.08522942
1131,1,-5.247877,-9.326337,-2.1746702,-51.729443,-0.016588757,0.07209591
1132,1,-49.506607,12.0611,7.125343,-32.90584,0.30332497,0.040834777
1133,1,-92.82679,-12.368633,-3.80337,-34.324387,0.60188705,0.024534967
1134,1,-132.71024,13.509105,7.7428007,-9.04395,0.84645426,0.012004499
1135,1,148.41826,11.343511,8.561869,-9.212448,-0.00074663747,0.00015154011
1136,1,94.789314,-9.98349,-1.5080991,-35.61972,-0.0003807597,-0.0003520743
1137,1,45.09486,10.330636,7.060183,-33.402603,-0.00028234549,-3.5610683e-05
1138,1,-5.289954,-9.312544,-2.10497,-51.690334,-4.575626e-05,-0.00039480568
1139,1,-49.651592,12.068906,7.2077513,-32.826473,0.00011687176,-7.4080184e-05
1140,1,-93.00709,-12.369367,-3.6713655,-34.28372,0.00038654753,-0.00028595937
1141,1,-132.09067,13.504693,7.673912,-9.101384,0.00075161125,8.883964e-05
1142,1,148.73784,11.42343,8.572342,-9.160014,1.0159837,-0.023463994
1143,1,94.7165,-10.011228,-1.6574401,-35.6455,0.6641924,-0.074808575
1144,1,45.286842,10.331677,6.9470406,-33.48109,0.33027735,-0.0854317
1145,1,-5.247891,-9.327163,-2.1750283,-51.72981,0.016480148,-0.07274729
1146,1,-49.506096,12.061775,7.125607,-32.90507,-0.30305466,-0.041065574
1147,1,-92.82614,-12.3692,-3.803611,-34.32466,-0.6011128,-0.025012214
1148,1,-132.70932,13.509567,7.743067,-9.043762,-0.8451482,-0.01199825
1149,1,148.97314,11.351167,7.935529,-9.27777,2.0193095,-0.06659099
1150,1,95.15041,-10.026597,-1.9869671,-35.8233,1.316166,-0.15128325
1151,1,45.43019,10.341861,6.6814947,-33.60803,0.66175276,-0.1503188
1152,1,-4.9042954,-9.39818,-2.4801388,-52.003998,0.021373795,-0.13339326
1153,1,-49.260777,12.102756,6.9119496,-33.05249,-0.5442344,-0.074966826
1154,1,-92.72109,-12.481727,-4.030876,-34.52754,-1.1308079,-0.027976448
1155,1,-131.97726,13.60013,7.4226413,-9.183293,-1.8724737,0.015667144
1156,1,149.69061,11.496797,7.5553646,-9.290229,2.9298325,-0.050545037
1157,1,95.401634,-10.0825405,-2.640117,-36.141476,1.9032116,-0.18977013
1158,1,45.96391,10.382255,6.2038107,-34.003693,0.9467037,-0.20833446
1159,1,-4.5477996,-9.482994,-2.9188883,-52.474777,0.12869245,-0.15997735
1160,1,-48.72622,12.171819,6.5434284,-33.454742,-0.71662635,-0.0790671
1161,1,-92.1948,-12.609495,-4.533096,-34.91475,-1.5808718,-0.02436885
1162,1,-132.3952,13.73424,7.1812105,-9.228242,-2.2675166,-0.012605116
1163,1,150.31212,11.345456,6.158165,-9.585644,3.7220404,-0.12843774
1164,1,96.01792,-10.074112,-3.2790425,-36.75864,2.1615436,-0.2166219
1165,1,46.235107,10.48321,5.577084,-34.694744,1.152832,-0.19004864
1166,1,-4.0104475,-9.558979,-3.5812876,-53.490532,0.22443978,-0.17187563
1167,1,-48.38637,12.354487,6.063939,-34.178753,-0.57985425,-0.06969801
1168,1,-92.09851,-12.8203535,-5.1089916,-35.589813,-1.4653563,-0.014499881
1169,1,-131.80882,14.015759,6.8357983,-9.531876,-3.134723,0.04322416
1170,1,149.29376,11.503296,5.8660192,-9.93663,2.9397364,0.0065273447
1171,1,94.844604,-9.911878,-4.1936326,-37.797695,1.850274,-0.17199649
1172,1,45.354134,10.358304,4.8672853,-36.45245,0.89646894,-0.16548793
1173,1,-5.220802,-9.141354,-4.054798,-54.83994,0.36521062,-0.13716397
1174,1,-49.463936,12.030857,5.3832917,-35.91906,-0.21111794,-0.06693229
1175,1,-93.34118,-12.280821,-5.321091,-36.61665,-1.1868721,0.00057644496
1176,1,-134.0893,13.337754,5.715166,-9.934502,-1.9345746,0.009495276
1177,1,144.76662,10.457698,4.493842,-11.249586,2.065991,-0.11826789
1178,1,90.30858,-8.9488125,-3.870854,-39.39918,0.2753141,0.01730619
1179,1,40.13051,9.650442,3.8262491,-39.676712,0.49643373,-0.067784585
1180,1,-9.789892,-8.006842,-3.7892554,-56.614567,0.18499917,-0.13121481
1181,1,-54.35679,10.945906,4.475671,-39.069332,-0.21167707,0.082547806
1182,1,-97.8974,-10.678739,-5.1333075,-38.282288,0.17079356,-0.10456645
1183,1,-138.21751,12.037059,5.907197,-11.177367,-1.8769877,0.02290283
1184,1,169.64427,-6.7511454,-2.8984785,-15.432873,-0.6411873,-0.05934595
1185,1,107.25184,7.834979,3.2998004,-30.016237,-0.7925826,0.120130174
1186,1,45.591927,-6.915208,-3.311418,-52.911995,0.050524693,0.071057975
1187,1,-8.455144,10.202469,4.0685787,-42.012608,-0.00714045,0.027837683
1188,1,-63.545544,-10.568075,-4.906202,-52.345036,0.08060727,0.15563662
1189,1,-113.35653,14.609146,6.3886185,-27.82111,0.9606776,-0.10747847
1190,1,-163.46864,-15.975143,-7.7021747,-14.468836,0.12500614,0.025738074
1191,1,173.93434,-7.3628836,-2.8320456,-14.604586,-3.060873,0.12566069
1192,1,112.02968,8.409769,4.174943,-27.124395,-1.0408349,0.17128304
1193,1,50.322987,-7.826145,-3.3813832,-51.212803,-0.36489642,0.27167764
1194,1,-2.910225,11.020053,5.107186,-38.61114,0.3315708,0.18735617
1195,1,-58.542023,-12.267444,-5.3922954,-50.851856,0.8684149,0.15039556
1196,1,-108.19011,16.415468,7.4844165,-25.025923,1.335254,0.01236723
1197,1,-157.89308,-18.025772,-7.50656,-13.793143,3.4309447,-0.030648889
1198,1,174.95193,-7.2920456,-1.7239013,-14.238234,-2.6468663,0.11547004
1199,1,113.158516,8.399798,4.8785834,-25.915878,-1.5214665,0.30658287
1200,1,51.551468,-8.157156,-2.750132,-49.952454,-0.3311684,0.3674338
1201,1,-2.0710936,11.237524,5.9236965,-36.775806,0.50676525,0.3031617
1202,1,-57.411003,-12.838946,-4.8983903,-49.588066,1.3686745,0.18764628
1203,1,-106.94327,16.926727,8.216257,-23.779272,2.3469183,0.05735299
1204,1,-156.59781,-18.715162,-7.372905,-13.369606,3.0076468,0.05039784
1205,1,174.45557,-7.3980064,-1.000989,-14.062233,-2.398298,0.16355535
1206,1,112.825195,8.349996,5.7081575,-25.43915,-1.2658395,0.3227588
1207,1,51.064686,-8.126012,-1.9870713,-49.11341,-0.3617376,0.3821108
1208,1,-2.534292,11.077493,6.504743,-36.085754,0.53350526,0.32253978
1209,1,-58.23332,-12.668209,-4.1951427,-48.676804,1.3216598,0.24439028
1210,1,-107.55247,16.66209,8.831074,-23.230183,2.0939295,0.09838611
1211,1,-156.1965,-18.469894,-6.7961173,-13.1816225,3.2529194,0.0016060779
1212,1,173.65556,-7.3187866,0.05717259,-13.900002,-1.5482391,0.09978683
1213,1,112.303,8.343055,6.301605,-25.21943,-0.90831244,0.2511828
1214,1,50.70745,-8.08907,-1.4679108,-48.74628,-0.24284995,0.31630534
1215,1,-3.1804717,11.032347,6.9969397,-35.72549,0.3708703,0.27637482
1216,1,-58.69854,-12.545456,-3.6874056,-48.259018,0.9861524,0.20327532
1217,1,-108.05675,16.529602,9.120306,-22.95496,1.5439826,0.121837735
1218,1,-156.91887,-18.201933,-6.0581207,-12.923773,2.004127,0.06732372
1219,1,173.2166,-7.368996,0.4148669,-13.903721,-0.7867185,0.065583594
1220,1,112.04047,8.334558,6.7200727,-25.150726,-0.45604694,0.14218897
1221,1,50.376236,-8.029521,-1.1016637,-48.54226,-0.12536688,0.17354526
1222,1,-3.417139,11.006723,7.2352176,-35.623405,0.20382762,0.15539664
1223,1,-59.145477,-12.446732,-3.3803217,-48.013966,0.50361556,0.12665585
1224,1,-108.294304,16.451242,9.407667,-22.850786,0.7900348,0.06928311
1225,1,-156.35486,-18.128164,-6.0240808,-12.948875,1.1136546,0.017671097
1226,1,173.00658,-7.3135104,0.7520071,-13.839188,-0.0004557116,-0.0003499557
1227,1,111.89008,8.340169,6.8378334,-25.110945,-0.00043146548,4.76001e-05
1228,1,50.32809,-8.026985,-1.0101764,-48.52524,-0.0001687263,-0.00048742138
1229,1,-3.6088827,11.019963,7.357543,-35.55343,-0.00014012113,-7.993292e-05
1230,1,-59.151356,-12.432287,-3.2883408,-47.992588,0.00010982801,-0.000417186
1231,1,-108.39549,16.445366,9.42379,-22.786829,0.00027047461,-2.2693665e-05
1232,1,-156.8716,-18.073832,-5.7617517,-12.823055,0.0005271233,-0.00023712688
1233,1,173.21571,-7.3702803,0.41428196,-13.903724,0.785574,-0.065951996
1234,1,112.04001,8.335662,6.72043,-25.150192,0.4553503,-0.14232177
1235,1,50.375916,-8.030409,-1.1020567,-48.54254,0.12495601,-0.17430511
1236,1,-3.4169111,11.007534,7.2354703,-35.622555,-0.20402136,-0.15568739
1237,1,-59.145115,-12.447418,-3.3806648,-48.014282,-0.5034362,-0.12734689
1238,1,-108.293365,16.45201,9.407951,-22.850168,-0.7894591,-0.06941524
1239,1,-156.35393,-18.128923,-6.024405,-12.9489975,-1.1124109,-0.017929608
1240,1,173.6538,-7.3212566,0.055788063,-13.90012,1.5473028,-0.09991604
1241,1,112.30194,8.345307,6.3025665,-25.218346,0.9076437,-0.25150594
1242,1,50.70691,-8.090907,-1.4688498,-48.74679,0.24245101,-0.31678286
1243,1,-3.1801329,11.033976,6.99757,-35.723885,-0.3709794,-0.27681297
1244,1,-58.697792,-12.546815,-3.6881495,-48.259583,-0.9859548,-0.2036972
1245,1,-108.054985,16.53111,9.1209135,-22.953787,-1.5433371,-0.12212921
1246,1,-156.91696,-18.20342,-6.0586967,-12.923975,-2.0030794,-0.06748222
1247,1,174.45299,-7.401543,-1.0026534,-14.062387,2.3974128,-0.16369656
1248,1,112.82362,8.353226,5.709437,-25.437511,1.2652341,-0.32299185
1249,1,51.063812,-8.128686,-1.9883505,-49.11419,0.36143422,-0.38249314
1250,1,-2.5337744,11.079868,6.505665,-36.083347,-0.5335607,-0.32287967
1251,1,-58.232407,-12.670239,-4.1962047,-48.677692,-1.3213924,-0.24472213
1252,1,-107.54997,16.664364,8.831997,-23.228415,-2.0932393,-0.098592386
1253,1,-156.19392,-18.47227,-6.797228,-13.181995,-3.2516322,-0.0016249359
1254,1,174.94855,-7.297187,-1.7264644,-14.23848,2.6460042,-0.11554458
1255,1,113.15657,8.404495,4.8806186,-25.91361,1.5209823,-0.30673015
1256,1,51.550365,-8.161103,-2.751986,-49.953636,0.3309398,-0.36771506
1257,1,-2.0705705,11.24103,5.9251437,-36.77244,-0.506743,-0.30337876
1258,1,-57.41002,-12.842038,-4.8999176,-49.58942,-1.3683839,-0.18786708
1259,1,-106.94057,16.930082,8.2176485,-23.776869,-2.3461704,-0.057474285
1260,1,-156.59494,-18.71849,-7.374161,-13.370074,-3.006589,-0.050532315
1261,1,173.93079,-7.3697915,-2.8349826,-14.60489,3.060339,-0.12570885
1262,1,112.02752,8.416071,4.1776195,-27.12154,1.0404059,-0.17132273
1263,1,50.32177,-7.831419,-3.383772,-51.21418,0.36473584,-0.27185336
1264,1,-2.9096453,11.02458,5.109123,-38.607025,-0.33153996,-0.18744877
1265,1,-58.541256,-12.271301,-5.394132,-50.853363,-0.8681913,-0.15054028
1266,1,-108.18737,16.419388,7.486189,-25.023026,-1.3347524,-0.012388045
1267,1,-157.89035,-18.029707,-7.508543,-13.79373,-3.4300003,0.030723244
1268,1,169.6411,-6.75925,-2.90246,-15.432967,0.6406308,0.059348587
1269,1,107.250015,7.842082,3.3030522,-30.013151,0.7925724,-0.12016678
1270,1,45.59115,-6.9209466,-3.3139782,-52.912846,-0.050692383,-0.07108103
1271,1,-8.454545,10.207022,4.070497,-42.008335,0.0071968846,-0.027860919
1272,1,-63.54464,-10.5714035,-4.907677,-52.34589,-0.08055469,-0.15569934
1273,1,-113.35399,14.612026,6.389749,-27.818174,-0.96055734,0.107545115
1274,1,-163.46619,-15.977451,-7.7028437,-14.46914,-0.12448174,-0.025858626
1275,1,196.22745,3.6340249,1.8473032,-12.09966,-1.6940535,0.089233816
1276,1,121.48562,-4.569431,-2.1793988,-40.10372,0.18153788,0.039043207
1277,1,54.83648,7.3993163,3.1801825,-39.105503,-0.12224034,0.18867652
1278,1,-10.216775,-8.632246,-3.7942622,-57.146736,0.522826,0.13475557
1279,1,-69.40936,13.2421255,5.598351,-37.163803,0.6226684,-0.060817607
1280,1,-130.42921,-16.937336,-7.425444,-38.946915,0.13718611,0.15518254
1281,1,-186.58041,21.113155,9.942213,-9.821149,2.537415,-0.10544294
1282,1,200.20515,3.7754662,2.3010988,-10.679036,-1.9221325,0.104718536
1283,1,125.84867,-5.071539,-1.6699197,-38.30167,-0.6743024,0.3649568
1284,1,60.19893,7.8449802,4.084995,-35.76264,0.46865755,0.3761139
1285,1,-5.282507,-9.944754,-3.8747785,-55.56894,1.0898637,0.39731547
1286,1,-63.209095,14.652448,7.263842,-33.71739,1.7116692,0.14204974
1287,1,-124.63058,-19.672087,-8.297525,-37.864788,2.4850523,0.037138946
1288,1,-180.68964,23.954586,11.227274,-8.505237,2.7276633,0.0029469305
1289,1,201.20375,3.6725736,3.358124,-10.323477,-2.2442799,0.22035766
1290,1,126.69349,-5.195744,-0.8297416,-37.409004,-0.6702778,0.5187195
1291,1,60.893913,7.890064,5.068515,-34.0916,0.4330201,0.59280443
1292,1,-4.6864505,-10.434171,-3.177578,-54.431026,1.4849201,0.53651893
1293,1,-63.25296,15.048135,8.252772,-31.99095,2.337275,0.36261055
1294,1,-124.078804,-20.35246,-7.4199295,-36.866497,3.1903908,0.12818874
1295,1,-178.79771,24.62675,12.207409,-8.166499,4.6736355,-0.06424814
1296,1,200.36626,3.7313194,4.6557918,-10.125252,-1.5905972,0.20361318
1297,1,126.43258,-5.1804376,0.08294412,-36.930973,-0.6931246,0.54862255
1298,1,60.397327,7.787262,5.786321,-33.603703,0.30206117,0.6357335
1299,1,-5.599542,-10.353501,-2.3116372,-53.55965,1.2257477,0.6057057
1300,1,-64.20239,14.8476305,8.963507,-31.511967,2.1088898,0.4100697
1301,1,-125.33976,-20.044662,-6.6991444,-36.20634,2.89963,0.25982398
1302,1,-180.00627,24.3728,13.348782,-7.8102713,3.4835467,0.107005134
1303,1,199.73952,3.7265358,5.548056,-10.138717,-1.1252986,0.18280104
1304,1,125.88613,-5.173145,0.8198261,-36.738182,-0.47555622,0.4483896
1305,1,59.901207,7.802193,6.403817,-33.395588,0.19041987,0.52087784
1306,1,-6.0731416,-10.2609215,-1.7853793,-53.2626,0.8547117,0.50345474
1307,1,-65.149475,14.761145,9.429822,-31.252413,1.4598817,0.39054772
1308,1,-125.78355,-19.802114,-5.970041,-35.901234,2.0319214,0.24119866
1309,1,-179.5437,24.025118,13.229825,-7.882297,2.5765789,0.051067043
1310,1,198.9587,3.777472,6.364131,-10.085628,-0.5276362,0.09123026
1311,1,125.62843,-5.1239533,1.2868111,-36.67443,-0.24154082,0.24379264
1312,1,59.564816,7.7947083,6.731099,-33.381416,0.094585404,0.2961304
1313,1,-6.4842978,-10.179685,-1.4094039,-53.098045,0.44185925,0.28929284
1314,1,-65.371796,14.735209,9.700382,-31.245148,0.7653013,0.22397003
1315,1,-126.25876,-19.68249,-5.7280188,-35.72594,1.0342929,0.15974069
1316,1,-179.86305,23.950155,13.638859,-7.6985846,1.2385892,0.06260488
1317,1,198.97293,3.7438338,6.461473,-10.132511,-0.00051479175,0.00026180636
1318,1,125.450035,-5.128163,1.4632627,-36.67321,-0.00020098477,-0.0005868741
1319,1,59.467854,7.81868,6.8789916,-33.354954,-0.0003112408,-5.0511047e-05
1320,1,-6.5658603,-10.167168,-1.323748,-53.107674,-4.8236943e-05,-0.00059156236
1321,1,-65.70574,14.728265,9.801943,-31.187506,-0.00010995629,-0.00010165368
1322,1,-126.18092,-19.641197,-5.5617943,-35.725826,0.00018017257,-0.00037931677
1323,1,-179.45337,23.886925,13.452142,-7.8253164,0.0004917179,0.00012291891
1324,1,198.95772,3.778457,6.3642445,-10.085486,0.5268812,-0.09117044
1325,1,125.627815,-5.124795,1.2864592,-36.674526,0.24097084,-0.24460463
1326,1,59.56478,7.795542,6.7312655,-33.38072,-0.095037244,-0.2964629
1327,1,-6.484438,-10.180251,-1.4097396,-53.098335,-0.44204774,-0.2902513
1328,1,-65.37106,14.736056,9.700564,-31.244177,-0.76539457,-0.22429402
1329,1,-126.25782,-19.683382,-5.7284923,-35.726208,-1.0339605,-0.16035463
1330,1,-179.86185,23.95129,13.639339,-7.6982956,-1.2377603,-0.06259454
1331,1,199.73738,3.728456,5.5488205,-10.138245,1.1245441,-0.18301328
1332,1,125.88502,-5.1749625,0.81874365,-36.73838,0.47502866,-0.44882837
1333,1,59.900948,7.803957,6.404456,-33.394302,-0.19074698,-0.5214224
1334,1,-6.073345,-10.262085,-1.7862034,-53.263042,-0.8548976,-0.50405586
1335,1,-65.14817,14.762777,9.430299,-31.250624,-1.4598589,-0.39104518
1336,1,-125.781624,-19.803835,-5.9710245,-35.901684,-2.0315516,-0.24150959
1337,1,-179.54143,24.027296,13.230697,-7.881799,-2.5755,-0.051132962
1338,1,200.36305,3.7339766,4.656442,-10.124614,1.589832,-0.20370951
1339,1,126.43085,-5.1829977,0.08168486,-36.93128,0.6927364,-0.54901195
1340,1,60.39698,7.789779,5.787188,-33.60176,-0.30234784,-0.63613945
1341,1,-5.5999503,-10.355192,-2.3127608,-53.56036,-1.2258177,-0.606191
1342,1,-64.20045,14.850014,8.96423,-31.509298,-2.1087437,-0.4104266
1343,1,-125.33727,-20.047276,-6.7005806,-36.207123,-2.8991153,-0.26006398
1344,1,-180.00294,24.376268,13.350319,-7.8094363,-3.4825816,-0.107162066
1345,1,201.19977,3.67654,3.3597465,-10.322562,2.2437892,-0.22045016
1346,1,126.69125,-5.1995244,-0.8316684,-37.409527,0.66991603,-0.5189794
1347,1,60.893456,7.8937674,5.06995,-34.088863,-0.43317667,-0.5930688
1348,1,-4.687042,-10.436868,-3.179176,-54.432182,-1.4848796,-0.5368517
1349,1,-63.250877,15.051692,8.254025,-31.987328,-2.3369894,-0.36283764
1350,1,-124.07602,-20.35638,-7.421913,-36.86768,-3.1898143,-0.12832718
1351,1,-178.79422,24.631546,12.2092285,-8.165491,-4.672337,0.064324684
1352,1,200.20052,3.7808707,2.3030233,-10.677935,1.9214814,-0.10473932
1353,1,125.84629,-5.076669,-1.6722205,-38.302303,0.67412865,-0.36510527
1354,1,60.198303,7.8499355,4.0869775,-35.75925,-0.46873978,-0.376255
1355,1,-5.2833753,-9.948445,-3.876725,-55.570244,-1.0898094,-0.39752397
1356,1,-63.20708,14.656866,7.265561,-33.713142,-1.7114178,-0.14211032
1357,1,-124.62826,-19.676716,-8.29986,-37.86611,-2.4844959,-0.037218172
1358,1,-180.68642,23.960276,11.230138,-8.504004,-2.7268069,-0.0030650494
1359,1,196.22331,3.640615,1.8505868,-12.09847,1.6940165,-0.0892405
1360,1,121.48383,-4.575391,-2.1822736,-40.103874,-0.18175118,-0.03904003
1361,1,54.836033,7.404694,3.1824672,-39.102066,0.122296296,-0.18875211
1362,1,-10.217251,-8.635841,-3.7960947,-57.147327,-0.52289355,-0.13479759
1363,1,-69.4075,13.245977,5.599778,-37.159687,-0.62250197,0.060834374
1364,1,-130.42685,-16.940567,-7.4268084,-38.947483,-0.13697822,-0.15526433
1365,1,-186.57747,21.116714,9.943322,-9.82003,-2.5372298,0.10561975
1366,1,222.9814,-0.30834344,-0.303833,-16.108328,-0.31155604,0.042626835
1367,1,138.17451,2.9933517,1.9356383,-30.553421,-0.16771682,0.28061917
1368,1,59.474186,-5.8338747,-2.3551059,-51.837105,0.8374315,0.14759855
1369,1,-4.8655114,7.611385,4.12201,-40.151737,0.64407897,0.24623455
1370,1,-78.44756,-14.632089,-5.5613885,-54.482082,1.1702658,0.1932177
1371,1,-145.05911,20.567049,9.147072,-25.308428,1.8005507,-0.28538474
1372,1,-210.51038,-27.216705,-12.180547,-14.938403,0.10435047,0.08559036
1373,1,226.51743,-0.06706206,1.2107017,-15.130539,-1.8185049,0.26005477
1374,1,142.32657,3.0698907,2.5204785,-27.475883,0.29080865,0.57203037
1375,1,63.69185,-6.6096797,-1.6328281,-49.939064,1.3387803,0.75771296
1376,1,0.9991721,8.097829,5.5615435,-36.4981,2.336699,0.5513602
1377,1,-73.45407,-16.926214,-5.977608,-53.356525,3.0248387,0.44690523
1378,1,-138.0262,23.44931,12.237242,-21.991566,3.5331147,-0.059827358
1379,1,-202.78938,-31.444904,-12.850857,-14.69813,5.3525677,-0.1573098
1380,1,226.64389,0.016081346,2.3740141,-14.874721,-1.2217088,0.36363503
1381,1,142.92827,3.013219,3.750778,-26.421543,-0.04847453,0.8812039
1382,1,63.53997,-6.9044847,-0.74170774,-48.937763,1.4013624,1.0441023
1383,1,0.14119497,8.220443,6.90783,-34.797688,2.5896811,0.94078976
1384,1,-74.38482,-17.659891,-4.9097047,-52.419277,3.697307,0.60890704
1385,1,-139.57658,24.110573,13.306253,-20.758427,4.6132984,0.29098108
1386,1,-203.50606,-32.057987,-10.651694,-14.079411,5.2586102,0.14994618
1387,1,226.25597,-0.011183328,3.911854,-14.784739,-1.0594923,0.386163
1388,1,142.3549,2.9782717,4.7165956,-26.236807,-0.048322987,0.89809364
1389,1,63.09773,-6.831995,0.22766775,-48.42869,0.9828422,1.1086206
1390,1,-0.91532564,8.120352,7.6482167,-34.49842,2.0219905,0.99432534
1391,1,-76.301186,-17.459602,-3.9510663,-51.693287,3.0037186,0.8124712
1392,1,-141.06718,23.796478,14.42794,-20.517057,3.8655236,0.42275205
1393,1,-204.32286,-31.782969,-10.32804,-14.04863,4.616928,0.104624115
1394,1,225.00966,-0.0523562,5.2578297,-14.758921,-0.60146505,0.28820652
1395,1,142.00339,3.0564086,5.5883536,-26.261967,-0.07148884,0.718903
1396,1,62.539036,-6.8038197,0.8350838,-48.344997,0.6577044,0.8946057
1397,1,-1.5716752,8.124015,8.227105,-34.4407,1.39555,0.8500816
1398,1,-76.78193,-17.26441,-3.3380191,-51.58466,2.0693443,0.6945995
1399,1,-142.30519,23.580696,14.703475,-20.433004,2.5781305,0.46164453
1400,1,-204.2657,-31.226025,-9.21436,-13.710442,2.9904795,0.1958265
1401,1,224.81232,-0.06548102,5.9925528,-14.8107605,-0.30179468,0.16689423
1402,1,141.48921,3.0410738,6.1380024,-26.353024,-0.02875951,0.39823514
1403,1,62.28038,-6.7225785,1.2751476,-48.350754,0.32930866,0.4975148
1404,1,-2.0436015,8.101869,8.530554,-34.56098,0.6965733,0.47847202
1405,1,-77.48322,-17.18028,-2.9928594,-51.50762,1.0580086,0.4156803
1406,1,-142.19302,23.532452,15.00898,-20.53334,1.3575717,0.27747163
1407,1,-204.13148,-31.149563,-9.354566,-13.856683,1.5121613,0.102946006
1408,1,224.22052,-0.057203084,6.4075565,-14.798317,-0.00013595159,-0.00065038743
1409,1,141.5304,3.0834475,6.3206396,-26.379911,-0.00035900233,8.076744e-05
1410,1,62.09583,-6.7385154,1.39073,-48.394672,-6.739698e-05,-0.0008180962
1411,1,-2.123321,8.123289,8.652303,-34.564896,-0.00037224367,-0.00015684735
1412,1,-77.451126,-17.153399,-2.8775537,-51.58382,-6.718479e-05,-0.0006428403
1413,1,-142.91907,23.459562,15.037152,-20.515038,-0.00016227961,-8.154052e-05
1414,1,-204.03033,-31.025248,-9.107712,-13.689677,0.00020014809,-0.00030266287
1415,1,224.81108,-0.06615383,5.9923177,-14.81066,0.30127633,-0.16747846
1416,1,141.48892,3.0418506,6.137989,-26.3526,0.028354315,-0.39853358
1417,1,62.279903,-6.722989,1.2749144,-48.350952,-0.3296539,-0.49876428
1418,1,-2.0432684,8.102692,8.530538,-34.560093,-0.6970912,-0.47899225
1419,1,-77.48304,-17.180714,-2.993302,-51.507847,-1.0582566,-0.41674048
1420,1,-142.19138,23.533741,15.009269,-20.532251,-1.3577136,-0.27774945
1421,1,-204.13019,-31.15114,-9.355375,-13.856843,-1.511614,-0.1032727
1422,1,225.00731,-0.053746883,5.2565217,-14.759003,0.60100496,-0.2883596
1423,1,142.0024,3.0582037,5.58905,-26.261131,0.07123791,-0.71954167
1424,1,62.53829,-6.804834,0.8341825,-48.345192,-0.6580889,-0.89536834
1425,1,-1.5711689,8.125638,8.22738,-34.439198,-1.395845,-0.8508138
1426,1,-76.78155,-17.26518,-3.3389933,-51.58493,-2.0695217,-0.69523954
1427,1,-142.30222,23.5831,14.704132,-20.431017,-2.5781305,-0.4621084
1428,1,-204.26299,-31.228992,-9.215927,-13.710632,-2.9900331,-0.19599563
1429,1,226.25229,-0.013003138,3.9108763,-14.784747,1.0593303,-0.38640845
1430,1,142.35349,2.9807448,4.7172747,-26.235548,0.048014686,-0.89851916
1431,1,63.09649,-6.8334203,0.22656403,-48.429016,-0.9830438,-1.1092607
1432,1,-0.9145113,8.12261,7.6486177,-34.496185,-2.02218,-0.99484456
1433,1,-76.300896,-17.46073,-3.9524002,-51.693855,-3.0037265,-0.8129696
1434,1,-141.06262,23.800106,14.42895,-20.51405,-3.8652618,-0.42305785
1435,1,-204.31918,-31.787722,-10.330595,-14.049132,-4.6160507,-0.10461143
1436,1,226.63916,0.013252909,2.372119,-14.874833,1.2212718,-0.3637436
1437,1,142.92648,3.016818,3.7521653,-26.419767,0.04836617,-0.88149583
1438,1,63.538383,-6.9067965,-0.743322,-48.938404,-1.4014549,-1.0445356
1439,1,0.14221331,8.223839,6.9086747,-34.79459,-2.5896723,-0.9411351
1440,1,-74.38459,-17.661976,-4.9115496,-52.42033,-3.6970494,-0.6092128
1441,1,-139.57176,24.115814,13.307992,-20.754545,-4.612645,-0.29113597
1442,1,-203.50201,-32.06453,-10.654746,-14.079993,-5.2577386,-0.15012589
1443,1,226.51219,-0.07103383,1.2089235,-15.130686,1.8184583,-0.26012737
1444,1,142.32443,3.074734,2.5222533,-27.473688,-0.29093468,-0.5721623
1445,1,63.69003,-6.6129947,-1.6348007,-49.9399,-1.3387127,-0.7579513
1446,1,0.99974936,8.102393,5.562924,-36.49437,-2.3364773,-0.55155784
1447,1,-73.454506,-16.929182,-5.979657,-53.35764,-3.0245118,-0.4471035
1448,1,-138.02168,23.455488,12.239676,-21.987259,-3.5325732,0.059836626
1449,1,-202.78635,-31.452621,-12.855061,-14.698903,-5.351405,0.15746962
1450,1,222.97658,-0.31357485,-0.3067077,-16.10827,0.3112791,-0.042624805
1451,1,138.17273,2.9990451,1.9381424,-30.551233,0.1677932,-0.28069478
1452,1,59.472767,-5.837532,-2.3572538,-51.83731,-0.8374464,-0.14761776
1453,1,-4.8652215,7.616023,4.123586,-40.14819,-0.6438595,-0.24634658
1454,1,-78.44762,-14.634191,-5.5628376,-54.482185,-1.1702697,-0.19327274
1455,1,-145.055,20.571535,9.148496,-25.304577,-1.8002653,0.28551367
1456,1,-210.5076,-27.221523,-12.182176,-14.9386635,-0.10372382,-0.08583104
1457,1,251.66785,-3.3629196,-0.19071868,-12.364077,-1.0067881,0.14904921
1458,1,149.91168,-3.0350013,-0.6966322,-38.171234,0.79359376,0.28967616
1459,1,72.595634,0.550256,2.575147,-36.933834,1.0197506,0.6796436
1460,1,-6.3650637,-11.798495,-2.947711,-55.917397,2.2301345,0.22902358
1461,1,-75.57866,9.8659315,6.342888,-35.776794,1.825448,0.10102921
1462,1,-164.37846,-26.741423,-9.536181,-44.221283,1.7845687,0.24779928
1463,1,-230.37215,34.73106,16.204418,-8.36024,4.533013,-0.45649096
1464,1,254.10336,-3.9949687,-0.3204014,-10.9006405,-0.8235103,0.4264356
1465,1,152.57271,-3.1319277,0.71731246,-36.048985,0.86411875,1.1422051
1466,1,76.07295,0.5277053,3.5364604,-33.518944,2.5821877,1.3400517
1467,1,-3.997495,-13.167473,-1.9543388,-54.017967,4.099557,1.2197697
1468,1,-69.43255,10.768765,9.392651,-31.644285,5.213524,0.49624738
1469,1,-159.26682,-31.274738,-11.363103,-43.889946,5.8225265,0.16226456
1470,1,-222.7552,40.43003,22.15237,-6.361585,6.00743,-0.018253047
1471,1,254.4536,-4.1789064,1.83783,-10.7094,-0.7112049,0.61613214
1472,1,152.22122,-3.2840538,1.7381245,-35.57537,0.7183911,1.4986732
1473,1,75.29612,0.463149,4.804806,-32.359707,2.1985958,1.8244354
1474,1,-6.5659227,-13.599187,-0.94314367,-53.401974,3.8082278,1.721525
1475,1,-73.80912,11.084925,11.155894,-29.996433,5.3651175,1.2256961
1476,1,-162.76428,-32.263546,-9.04931,-43.096756,6.672584,0.47917786
1477,1,-225.43677,40.952778,22.962618,-6.241417,7.4755697,-0.023958744
1478,1,253.09152,-4.17599,3.6774879,-10.694768,-0.3565623,0.58296686
1479,1,152.15135,-3.274247,2.971237,-35.54379,0.45146015,1.4843634
1480,1,74.45924,0.2942922,5.492352,-32.359108,1.5985926,1.8055215
1481,1,-7.153043,-13.619372,-0.12800728,-53.152893,2.869079,1.8152106
1482,1,-75.48545,11.081952,11.909459,-30.320326,3.9797661,1.3991609
1483,1,-166.15765,-31.803587,-8.165757,-42.560966,4.863779,0.9406214
1484,1,-226.95486,40.59902,25.190958,-5.8728094,5.5849814,0.33390644
1485,1,252.8399,-4.076145,5.289587,-10.820957,-0.22333395,0.46914455
1486,1,151.46704,-3.3645465,3.8790705,-35.715008,0.30765298,1.1569043
1487,1,73.965576,0.25352746,6.1292567,-32.562187,1.0639261,1.432644
1488,1,-7.8450446,-13.676223,0.34137404,-53.363613,1.9060855,1.4543386
1489,1,-76.62431,10.923069,12.258998,-30.615686,2.7478158,1.2163118
1490,1,-165.88875,-31.381855,-7.5059094,-42.695595,3.3644466,0.8539825
1491,1,-227.10674,39.929764,24.433414,-6.2580314,3.3380537,0.30564922
1492,1,251.74484,-4.0696163,6.45236,-10.889809,-0.067890115,0.24451454
1493,1,151.37625,-3.3274293,4.5011206,-35.891933,0.14965175,0.6264932
1494,1,73.45068,0.16097575,6.472524,-32.791164,0.5183096,0.78544366
1495,1,-8.024001,-13.712062,0.6227773,-53.536373,0.9543711,0.8059774
1496,1,-77.19866,10.854175,12.479657,-31.019917,1.3324679,0.6892756
1497,1,-167.5048,-31.380144,-7.3651204,-42.726154,1.6101152,0.488208
1498,1,-226.03746,39.818405,24.340607,-6.133063,1.7944528,0.16887079
1499,1,252.11943,-4.0525227,6.7152424,-10.939708,-0.00022366973,0.0005625974
1500,1,151.05731,-3.3730056,4.721171,-35.959793,0.0001583648,-0.0010379794
1501,1,73.46878,0.17680416,6.6113787,-32.86493,-0.00042099864,-0.00013160017
1502,1,-8.255108,-13.748918,0.7104528,-53.646557,-7.448243e-05,-0.001050616
1503,1,-77.34095,10.79438,12.49945,-31.075117,-0.0006515883,-0.00031217915
1504,1,-166.64928,-31.258919,-7.3695292,-42.84574,-0.00028020033,-0.00058984134
1505,1,-227.21696,39.656788,24.119493,-6.3479996,-9.421906e-05,6.299289e-05
1506,1,251.74394,-4.069079,6.451883,-10.889935,0.06793803,-0.24445474
1507,1,151.37543,-3.3276408,4.501171,-35.892044,-0.14971569,-0.6278429
1508,1,73.450966,0.1620014,6.4724407,-32.790718,-0.5187636,-0.78614014
1509,1,-8.024883,-13.7117405,0.6226248,-53.536514,-0.95476925,-0.8076949
1510,1,-77.19764,10.855281,12.4795065,-31.018394,-1.3335116,-0.6900589
1511,1,-167.50356,-31.381071,-7.36599,-42.72635,-1.6108491,-0.48915997
1512,1,-226.03513,39.820866,24.341349,-6.13223,-1.7945126,-0.16897985
1513,1,252.83727,-4.074852,5.29028,-10.820772,0.22358732,-0.46961585
1514,1,151.46564,-3.3654525,3.8780477,-35.715054,-0.30785015,-1.1575944
1515,1,73.96592,0.2557339,6.129865,-32.561646,-1.0640635,-1.4336854
1516,1,-7.846703,-13.675604,0.34064084,-53.36353,-1.9065979,-1.4554659
1517,1,-76.6223,10.924973,12.25888,-30.613012,-2.748509,-1.2172353
1518,1,-165.88605,-31.383472,-7.5076714,-42.69582,-3.3648996,-0.8544851
1519,1,-227.10284,39.93429,24.434883,-6.256676,-3.337886,-0.30584955
1520,1,253.0877,-4.174389,3.6773365,-10.694628,0.3563583,-0.58312666
1521,1,152.14897,-3.2754679,2.9703755,-35.543804,-0.4513475,-1.4850341
1522,1,74.45993,0.29729047,5.493037,-32.358273,-1.5987692,-1.8062416
1523,1,-7.155745,-13.61843,-0.12894517,-53.1529,-2.8693266,-1.8161185
1524,1,-75.482445,11.084489,11.909311,-30.316355,-3.980176,-1.3997377
1525,1,-166.15448,-31.806166,-8.16825,-42.561737,-4.863958,-0.9409147
1526,1,-226.94829,40.606346,25.193172,-5.8704863,-5.584645,-0.3341504
1527,1,254.44873,-4.1764636,1.838641,-10.709091,0.7115708,-0.6163318
1528,1,152.21822,-3.2860446,1.736613,-35.575542,-0.7184408,-1.4990904
1529,1,75.29699,0.46732193,4.8060184,-32.358414,-2.1985884,-1.8249052
1530,1,-6.569233,-13.59871,-0.9445403,-53.402313,-3.808274,-1.7220591
1531,1,-73.80524,11.088751,11.156102,-29.9914,-5.36511,-1.226007
1532,1,-162.76022,-32.26757,-9.0527725,-43.09813,-6.67211,-0.47930866
1533,1,-225.42996,40.96262,22.965702,-6.2387857,-7.474008,0.024100536
1534,1,254.09755,-3.9915495,-0.31946567,-10.900197,0.8234006,-0.4264643
1535,1,152.56955,-3.13479,0.71562135,-36.049404,-0.86389273,-1.1424086
1536,1,76.07347,0.5331361,3.538069,-33.517193,-2.5820441,-1.3403213
1537,1,-4.00117,-13.167784,-1.9560791,-54.018623,-4.099277,-1.2200036
1538,1,-69.42959,10.774028,9.39339,-31.638683,-5.2128587,-0.49638042
1539,1,-159.26456,-31.279776,-11.366656,-43.891315,-5.821482,-0.16240537
1540,1,-222.74995,40.44138,22.157427,-6.3586116,-6.006284,0.018056244
1541,1,251.66235,-3.3581321,-0.18838397,-12.363709,1.0069528,-0.14905494
1542,1,149.90892,-3.0386994,-0.6989615,-38.17131,-0.79356426,-0.2896546
1543,1,72.59554,0.55634075,2.5771012,-36.9324,-1.0195571,-0.6798017
1544,1,-6.3691583,-11.798473,-2.9493592,-55.91712,-2.2299526,-0.22900759
1545,1,-75.577,9.870668,6.34383,-35.771614,-1.8247824,-0.10111058
1546,1,-164.37575,-26.744179,-9.537805,-44.221222,-1.784368,-0.24798219
1547,1,-230.36761,34.738422,16.20646,-8.3578415,-4.532683,0.45688668
1548,1,276.11746,3.807988,1.5556608,-13.092643,-0.11626989,0.31080475
1549,1,168.59679,-5.17468,1.0429786,-27.253567,0.7933939,0.89258873
1550,1,72.15105,-12.625807,-1.6373391,-42.344715,1.9908521,0.7399508
1551,1,17.183258,-9.8666725,3.5871103,-36.48185,2.8360825,1.261272
1552,1,-82.27367,-24.7459,-4.193683,-62.069527,5.0485754,0.27981824
1553,1,-171.76166,21.943233,11.9000025,-25.98863,4.391653,-0.7747707
1554,1,-256.0139,-48.14171,-18.024061,-20.838612,1.8361034,0.33499283
1555,1,277.74826,4.6587286,4.756311,-12.007072,-0.40670776,0.7731495
1556,1,169.86554,-5.3893356,1.3615892,-24.802362,1.5284977,1.8590385
1557,1,70.39254,-13.246449,-0.8146189,-40.120037,3.324023,2.4613225
1558,1,16.639849,-10.632054,4.5879364,-32.787266,5.5984097,2.488227
1559,1,-85.84754,-27.320639,-3.3054235,-60.37333,8.445528,1.773855
1560,1,-165.94116,25.228151,19.861946,-20.486403,10.229528,-0.15002325
1561,1,-249.20988,-57.061802,-20.803967,-21.585476,11.030188,-0.48222482
1562,1,276.46652,4.76926,6.709548,-11.988537,-0.041054305,0.9308058
1563,1,169.90024,-5.684498,2.7240849,-24.411814,1.0023078,2.343033
1564,1,68.55965,-14.001444,-0.36460143,-39.811485,2.665261,2.9876
1565,1,14.261826,-11.244108,5.235866,-32.25652,4.459374,3.1432796
1566,1,-92.47377,-28.003649,-2.5852818,-60.99283,6.5838776,2.6849208
1567,1,-177.62953,26.313963,21.652466,-19.187372,8.677795,1.5542301
1568,1,-258.00415,-57.541283,-13.262039,-20.435444,10.66868,0.47306904
1569,1,276.48407,4.7432947,9.153432,-12.0808325,-0.007018155,0.9043576
1570,1,169.18658,-6.005958,3.7490962,-24.60805,0.7840377,2.2093034
1571,1,68.4632,-14.458021,0.22362804,-40.065132,1.9387841,2.8518176
1572,1,13.0957,-11.997676,5.245548,-32.730953,3.257653,2.9771984
1573,1,-92.614395,-28.673698,-2.719358,-61.593884,4.847239,2.7486632
1574,1,-178.30573,26.186724,21.95632,-20.824287,5.9461484,1.9017981
1575,1,-260.22098,-56.633644,-14.175299,-20.823906,5.3849883,0.7395877
1576,1,275.19684,4.5934763,11.098459,-12.28031,0.123228766,0.66561556
1577,1,168.93282,-6.0982924,4.746037,-24.920794,0.48561656,1.685538
1578,1,67.864876,-14.901894,0.59567386,-40.484093,1.2525754,2.173044
1579,1,12.592116,-12.621252,5.2547736,-33.259075,2.1316502,2.3007233
1580,1,-93.49122,-29.25978,-2.77083,-62.458466,3.1088402,2.1608481
1581,1,-181.37335,25.386518,21.335062,-21.731848,3.8768196,1.4796919
1582,1,-256.34998,-55.69975,-14.855324,-20.648273,4.219992,0.48976046
1583,1,275.4668,4.585371,12.277355,-12.3816395,0.051456366,0.3649323
1584,1,168.3988,-6.2560925,5.379971,-25.183212,0.25422147,0.902062
1585,1,67.83333,-15.09928,0.8577077,-40.789284,0.6166427,1.1665243
1586,1,12.09495,-13.049402,5.249286,-33.69018,1.0373939,1.2411823
1587,1,-93.38999,-29.718765,-3.0452797,-62.94442,1.5102185,1.1417402
1588,1,-181.19737,25.2178,20.75423,-22.49792,1.7784823,0.79100806
1589,1,-260.3863,-55.628613,-15.47198,-20.922398,1.5519214,0.30251518
1590,1,274.72293,4.5475855,12.804617,-12.450088,0.00060404406,-0.0012978583
1591,1,168.50388,-6.244261,5.5935483,-25.266214,-0.0003307867,0.000343778
1592,1,67.57533,-15.223939,0.94633394,-40.91401,0.00041522415,-0.0013019656
1593,1,12.1901245,-13.166448,5.2230473,-33.816998,-0.00050926406,-0.00046543885
1594,1,-93.65964,-29.830189,-3.0899057,-63.15684,-0.00025156495,-0.0014031907
1595,1,-182.18636,24.991562,20.543018,-22.611525,-0.0011951401,-0.00052043144
1596,1,-255.92033,-55.314438,-16.064764,-20.806343,-0.0004964891,-0.00034376569
1597,1,275.46558,4.585175,12.27799,-12.38148,-0.05092859,-0.36586797
1598,1,168.399,-6.2553105,5.3794928,-25.183552,-0.25415474,-0.90239894
1599,1,67.83213,-15.098709,0.85801655,-40.789646,-0.6163542,-1.1683906
1600,1,12.0957155,-13.047431,5.2493186,-33.68996,-1.0379624,-1.2424924
1601,1,-93.39229,-29.716549,-3.0450592,-62.944187,-1.5109679,-1.1441938
1602,1,-181.19405,25.220148,20.754702,-22.494598,-1.7806313,-0.7923276
1603,1,-260.38382,-55.632137,-15.473949,-20.92272,-1.5534604,-0.30304807
1604,1,275.19455,4.592365,11.096865,-12.280389,-0.12293385,-0.6656801
1605,1,168.93243,-6.0961127,4.7470856,-24.921715,-0.48502645,-1.6865578
1606,1,67.86266,-14.901108,0.5950934,-40.48408,-1.2527512,-2.1741707
1607,1,12.5939,-12.617618,5.2555046,-33.25932,-2.1317403,-2.3022218
1608,1,-93.49626,-29.254942,-2.7707536,-62.457478,-3.1097445,-2.162732
1609,1,-181.36606,25.390625,21.335503,-21.725267,-3.878866,-1.4810747
1610,1,-256.34372,-55.7061,-14.859392,-20.648418,-4.220882,-0.49003807
1611,1,276.47986,4.74202,9.152894,-12.080721,0.008043817,-0.9047766
1612,1,169.186,-6.0030513,3.7498534,-24.60925,-0.78391355,-2.2099462
1613,1,68.45988,-14.456887,0.2231686,-40.065044,-1.9386812,-2.852825
1614,1,13.098663,-11.992902,5.246448,-32.731308,-3.25781,-2.9781878
1615,1,-92.622375,-28.666649,-2.7193499,-61.59274,-4.847789,-2.7500188
1616,1,-178.29465,26.192467,21.956617,-20.81425,-5.947331,-1.9025463
1617,1,-260.21442,-56.644577,-14.181671,-20.825068,-5.385803,-0.73942673
1618,1,276.4613,4.7672753,6.707998,-11.988405,0.041149564,-0.9309433
1619,1,169.89958,-5.680532,2.7256052,-24.413103,-1.0018917,-2.3435082
1620,1,68.555405,-14.000667,-0.3655514,-39.811546,-2.665247,-2.9882472
1621,1,14.265581,-11.23792,5.2372265,-32.256683,-4.4595013,-3.1438718
1622,1,-92.48333,-27.996204,-2.5857043,-60.991924,-6.584162,-2.6854267
1623,1,-177.61601,26.32153,21.653181,-19.175508,-8.678142,-1.5542008
1624,1,-257.99332,-57.55558,-13.271841,-20.436968,-10.668501,-0.47308758
1625,1,277.74234,4.6561174,4.7548356,-12.007165,0.407496,-0.7732683
1626,1,169.86464,-5.384369,1.3632523,-24.803406,-1.5283858,-1.8592259
1627,1,70.388275,-13.246268,-0.81598604,-40.120705,-3.3238153,-2.4616299
1628,1,16.643288,-10.624347,4.589611,-32.786926,-5.598261,-2.4885023
1629,1,-85.856834,-27.314186,-3.3064024,-60.373043,-8.4452,-1.7737406
1630,1,-165.92873,25.237865,19.862783,-20.474478,-10.227995,0.15029313
1631,1,-249.20422,-57.07776,-20.81499,-21.587254,-11.026669,0.48249575
1632,1,276.11166,3.803913,1.553454,-13.092744,0.11638625,-0.31080577
1633,1,168.5954,-5.16863,1.0451653,-27.255003,-0.7932181,-0.8927108
1634,1,72.1466,-12.625964,-1.6391691,-42.34507,-1.9907535,-0.7399071
1635,1,17.183872,-9.858346,3.5887144,-36.48231,-2.8358212,-1.2614632
1636,1,-82.285545,-24.7382,-4.194715,-62.0676,-5.0481787,-0.27958706
1637,1,-171.75325,21.950594,11.900393,-25.977453,-4.3897104,0.7749709
1638,1,-256.00967,-48.151905,-18.027811,-20.838896,-1.8342562,-0.33568352
1639,1,300.36493,-7.580142,-0.62606233,-9.915441,0.12982424,0.3993909
1640,1,169.66774,-8.822011,-0.30869594,-19.10917,0.8330979,0.9418036
1641,1,101.90769,-18.903826,1.3307335,-27.508884,1.7151773,1.8615668
1642,1,-0.70323527,-32.518463,-2.8501654,-36.2277,3.2881703,1.4837631
1643,1,-22.498507,-37.1413,4.035526,-34.079514,5.2661085,2.6227815
1644,1,-195.09155,-58.321857,-7.7626925,-80.81767,10.90639,0.56179726
1645,1,-275.9478,58.42306,29.863783,-13.569129,13.802622,-2.1595314
1646,1,300.0199,-8.329201,-0.41826543,-9.322295,-0.0106020225,1.012573
1647,1,167.5791,-8.8100395,0.6619775,-17.210857,1.323962,2.7426524
1648,1,97.43472,-19.797783,0.89567566,-25.676338,3.0454316,3.6816838
1649,1,-12.42097,-34.455555,-3.8105817,-34.141365,5.213502,4.439468
1650,1,-34.855698,-40.364918,3.5454636,-30.470407,8.891069,4.8021164
1651,1,-215.99434,-64.579544,-12.120281,-79.99184,14.332074,2.898513
1652,1,-278.47928,70.62176,55.419548,-6.8701186,19.79273,0.19074453
1653,1,300.01456,-8.613349,2.4432263,-9.382228,0.070389986,1.3046741
1654,1,166.88773,-9.534082,1.3758327,-17.015905,0.986917,3.205651
1655,1,97.24366,-21.035484,0.85791314,-25.734152,2.1689184,4.3067245
1656,1,-15.655067,-36.900604,-4.945662,-34.463303,3.8551817,5.0073214
1657,1,-36.575172,-43.412632,1.0996901,-31.53111,5.8076916,5.022465
1658,1,-225.61604,-67.092415,-14.512117,-84.08602,8.417593,4.438384
1659,1,-298.71844,71.28073,51.50331,-8.578476,7.950231,2.0349443
1660,1,298.82382,-8.839587,5.051786,-9.508169,0.2585659,1.1703625
1661,1,166.66553,-9.99287,2.464258,-17.348518,0.7023977,2.9678562
1662,1,96.680916,-22.400848,0.7952542,-26.04291,1.6031477,3.925964
1663,1,-15.820627,-38.848244,-5.8361416,-35.198162,2.8321726,4.4198856
1664,1,-37.434227,-45.979008,-0.9630509,-32.734676,4.2071195,4.529482
1665,1,-225.4766,-70.73988,-17.837523,-86.039314,5.976341,3.798845
1666,1,-288.61578,68.422035,45.36233,-11.114407,6.0725207,1.4274037
1667,1,299.034,-8.8025875,7.2629223,-9.622487,0.12888435,0.8854459
1668,1,166.08899,-10.500781,3.33489,-17.677647,0.47375777,2.2176104
1669,1,96.63764,-23.2688,0.88187844,-26.478243,1.0274826,2.9119077
1670,1,-16.337908,-40.279648,-6.546941,-35.833252,1.7568512,3.2610137
1671,1,-37.259945,-48.249687,-2.4813805,-33.717503,2.5590665,3.2762413
1672,1,-226.49051,-72.906975,-20.409828,-87.781845,3.3970017,2.6442971
1673,1,-298.73474,65.83402,41.67061,-12.796924,3.0329883,1.0507576
1674,1,298.30478,-8.904932,8.742626,-9.751642,0.1317938,0.46090272
1675,1,166.01271,-10.682136,3.9564784,-17.938019,0.22700697,1.171708
1676,1,96.31544,-23.867521,0.91544867,-26.746674,0.49859256,1.5407851
1677,1,-16.117786,-41.143375,-6.968849,-36.26008,0.86664367,1.7210413
1678,1,-37.36521,-49.444176,-3.457627,-34.297047,1.2426811,1.6767559
1679,1,-226.4555,-74.31258,-22.246334,-88.63397,1.636179,1.2696131
1680,1,-291.79956,65.22763,38.524582,-13.662302,1.4929557,0.44976476
1681,1,298.75366,-8.875547,9.171876,-9.759915,-0.0001821814,0.0016169515
1682,1,165.75278,-10.818337,4.171945,-18.016706,0.0011985459,-0.0015810176
1683,1,96.43658,-24.000538,0.9354245,-26.861115,-0.00046688682,0.000116378906
1684,1,-16.378635,-41.46445,-7.081174,-36.396763,0.0006521016,-0.0012960315
1685,1,-37.160885,-49.847584,-3.8681257,-34.511036,-0.000120427525,-0.0008853181
1686,1,-226.43471,-74.533226,-22.821724,-88.908325,-0.00042336213,-0.0019265723
1687,1,-298.4474,64.51822,38.321198,-13.893747,-0.0013905925,-0.00079653005
1688,1,298.3055,-8.904734,8.740964,-9.752482,-0.13037111,-0.4602852
1689,1,166.01227,-10.681785,3.957774,-17.939034,-0.22561981,-1.1733961
1690,1,96.314674,-23.865807,0.91502625,-26.747395,-0.49878123,-1.541578
1691,1,-16.118208,-41.14181,-6.9683204,-36.260735,-0.8659006,-1.7228802
1692,1,-37.365616,-49.440365,-3.4569862,-34.298206,-1.2425731,-1.6789664
1693,1,-226.45917,-74.30543,-22.243896,-88.63333,-1.6371793,-1.27325
1694,1,-291.79123,65.23762,38.529064,-13.656482,-1.495167,-0.45155874
1695,1,299.03198,-8.800389,7.2653055,-9.623574,-0.12655728,-0.8863591
1696,1,166.08794,-10.501223,3.334097,-17.678066,-0.47345245,-2.21837
1697,1,96.63714,-23.26566,0.8830225,-26.48073,-1.0267739,-2.9132326
1698,1,-16.339767,-40.276505,-6.5468283,-35.83349,-1.7569176,-3.2622817
1699,1,-37.25953,-48.242916,-2.4800746,-33.72079,-2.5584939,-3.2782745
1700,1,-226.50009,-72.89063,-20.40527,-87.77982,-3.3984401,-2.6480336
1701,1,-298.71588,65.85341,41.679214,-12.784766,-3.0363286,-1.053131
1702,1,298.82022,-8.837112,5.052681,-9.509208,-0.2582202,-1.1705266
1703,1,166.66447,-9.993546,2.464228,-17.348907,-0.7015223,-2.9687169
1704,1,96.679794,-22.39683,0.79621613,-26.046228,-1.602936,-3.9268532
1705,1,-15.8228445,-38.844,-5.8355885,-35.198437,-2.8321815,-4.4210157
1706,1,-37.43345,-45.97007,-0.9613402,-32.739655,-4.2068357,-4.5306277
1707,1,-225.49051,-70.71532,-17.832588,-86.03649,-5.9776974,-3.8013785
1708,1,-288.5864,68.45358,45.374466,-11.09409,-6.0741763,-1.4294622
1709,1,300.01074,-8.60986,2.444741,-9.383808,-0.069076054,-1.3049039
1710,1,166.88593,-9.535512,1.3749033,-17.016232,-0.9867688,-3.2061026
1711,1,97.24275,-21.030222,0.8595087,-25.73819,-2.1686666,-4.3073344
1712,1,-15.658309,-36.89611,-4.9455,-34.463615,-3.8553357,-5.0080886
1713,1,-36.573826,-43.40203,1.1021701,-31.536922,-5.8083043,-5.023065
1714,1,-225.63383,-67.06517,-14.507278,-84.08335,-8.418202,-4.4382973
1715,1,-298.68484,71.318085,51.51703,-8.554875,-7.952206,-2.0343137
1716,1,300.0151,-8.325281,-0.41673747,-9.323696,0.010901284,-1.0126231
1717,1,167.5772,-8.811889,0.6607242,-17.211836,-1.3234746,-2.7429442
1718,1,97.43434,-19.791428,0.8974365,-25.680183,-3.0455813,-3.6819487
1719,1,-12.424832,-34.451378,-3.8110902,-34.142868,-5.213636,-4.4397855
1720,1,-34.85287,-40.35201,3.5477865,-30.474987,-8.891914,-4.802374
1721,1,-216.00919,-64.55554,-12.115706,-79.99113,-14.3327875,-2.8971155
1722,1,-278.44293,70.660645,55.42829,-6.8482985,-19.791008,-0.18968149
1723,1,300.36005,-7.574715,-0.6241434,-9.917041,-0.12944007,-0.39938927
1724,1,169.6662,-8.824831,-0.31058925,-19.110653,-0.83308387,-0.9417581
1725,1,101.90483,-18.89634,1.3326006,-27.513363,-1.7151679,-1.8618013
1726,1,-0.7071882,-32.5142,-2.8513534,-36.229042,-3.2883673,-1.4836118
1727,1,-22.503477,-37.127792,4.036871,-34.086037,-5.266188,-2.6228728
1728,1,-195.11217,-58.294445,-7.7608266,-80.81331,-10.907119,-0.5613329
1729,1,-275.92776,58.453655,29.864643,-13.548193,-13.797457,2.160895
1730,1,310.07553,-0.9949577,0.9832528,-0.3049576,-0.52696407,0.5215145
1731,1,183.81512,-12.870694,0.3596843,-12.7939825,0.43963027,1.5174474
1732,1,91.133896,-26.46053,-1.3731897,-4.685675,0.66222745,1.8302901
1733,1,40.28529,-43.88128,0.51149756,-17.50014,1.5262215,3.0006907
1734,1,-57.12841,-68.14001,-4.9864593,-14.7427845,2.4638598,2.916501
1735,1,-74.27053,-100.80766,0.42778063,-27.196144,5.2678223,5.8334694
1736,1,-355.71182,-194.27461,-25.592571,-88.69463,17.706894,5.329581
1737,1,309.36804,-0.612872,3.5703208,0.4149903,0.009278639,1.3345565
1738,1,180.71402,-13.204397,0.21766728,-12.736728,0.5489028,3.1676772
1739,1,81.81826,-27.397083,-1.9581577,-3.4915295,1.1842262,4.8517785
1740,1,24.394909,-46.86116,-2.7502587,-16.899817,2.3386128,5.6933684
1741,1,-84.56708,-73.38164,-9.79493,-13.766033,3.5312083,7.5954027
1742,1,-114.78093,-111.923935,-9.639074,-24.579903,8.217074,9.1916275
1743,1,-424.28888,-226.22444,-63.980057,-95.49149,10.982483,4.5832267
1744,1,308.20126,-0.9360258,6.337906,0.43935093,0.157339,1.4477217
1745,1,180.79468,-13.934755,0.9999801,-13.022428,0.3590122,3.91197
1746,1,81.161545,-29.623108,-2.8504612,-3.2391722,0.89935476,5.0609426
1747,1,24.514606,-50.220757,-5.449743,-17.456388,1.428899,6.435255
1748,1,-85.41823,-79.94415,-14.226621,-14.169589,2.6048229,7.376901
1749,1,-108.8228,-122.82429,-22.362677,-27.66629,3.284901,6.5437903
1750,1,-408.99417,-233.99934,-85.11298,-100.838234,2.2447596,3.1006134
1751,1,308.1194,-0.7947614,9.239176,0.43514958,0.022149436,1.4012759
1752,1,180.24171,-14.994975,1.9633659,-13.124865,0.31182128,3.3899877
1753,1,80.90903,-31.252453,-3.4302967,-3.429075,0.6136287,4.686779
1754,1,24.106794,-53.57623,-6.7566357,-17.78722,1.1764947,5.521225
1755,1,-86.35159,-84.92163,-18.839352,-14.839501,1.647456,5.618211
1756,1,-109.12201,-128.10022,-28.751146,-28.686434,2.6827054,5.9029727
1757,1,-422.5464,-248.5427,-97.60289,-101.1485,3.5850482,3.0712686
1758,1,307.59906,-1.346564,11.613636,0.307608,0.15116884,0.9935419
1759,1,180.04173,-15.337653,2.7312675,-13.252246,0.16360196,2.566623
1760,1,80.77655,-32.694687,-3.459854,-3.5879574,0.4258484,3.413746
1761,1,24.43846,-55.872356,-8.359631,-18.1988,0.6461228,3.8210208
1762,1,-85.793564,-87.570145,-21.280367,-14.997028,1.0633184,4.27506
1763,1,-107.3564,-134.55023,-33.729362,-30.0599,1.3628929,3.5108743
1764,1,-417.89966,-253.16394,-106.366776,-102.60463,0.5303812,1.2693709
1765,1,307.84622,-1.0082344,13.088121,0.29299447,0.014840534,0.5330222
1766,1,179.69746,-15.911173,3.3673863,-13.318797,0.104584835,1.3389741
1767,1,80.77016,-33.426086,-3.6546168,-3.760834,0.18654889,1.7674469
1768,1,24.521814,-56.916454,-9.029908,-18.289377,0.35226148,2.0889533
1769,1,-85.68545,-90.15287,-22.859825,-15.378213,0.47972512,1.9863755
1770,1,-106.69255,-135.87997,-36.889965,-30.433764,0.6801896,1.7376103
1771,1,-423.37137,-257.36926,-110.18643,-102.45349,0.93589014,0.8624936
1772,1,307.526,-1.459173,13.632832,0.24753107,0.0032812608,-0.0032899766
1773,1,179.73698,-15.813574,3.5489242,-13.377634,-0.0010816426,0.0012478573
1774,1,80.68441,-33.661327,-3.6605153,-3.749467,0.0013052536,-0.0011318376
1775,1,24.627209,-57.67092,-9.252593,-18.456976,-4.431658e-05,0.00031068543
1776,1,-85.497894,-90.00485,-23.585701,-15.306154,0.0011945852,-0.00090433407
1777,1,-106.48158,-137.54323,-37.624405,-30.731098,0.0008577007,-0.0011701114
1778,1,-419.8533,-257.64862,-112.008995,-103.05944,6.6924185e-05,-0.0011263886
1779,1,307.8493,-1.0064276,13.0953245,0.29105526,-0.010177108,-0.5360167
1780,1,179.69418,-15.909276,3.365385,-13.319573,-0.10547736,-1.3396657
1781,1,80.772156,-33.426094,-3.6536036,-3.7618988,-0.18475108,-1.7676255
1782,1,24.519245,-56.91472,-9.03017,-18.291094,-0.35196477,-2.0899951
1783,1,-85.683105,-90.151665,-22.859026,-15.380413,-0.47781083,-1.9870563
1784,1,-106.69798,-135.8748,-36.88972,-30.43825,-0.67783815,-1.7395941
1785,1,-423.3646,-257.35187,-110.17846,-102.45901,-0.93628365,-0.8649273
1786,1,307.59573,-1.3492894,11.614071,0.3077738,-0.1507702,-0.99371576
1787,1,180.04169,-15.334994,2.733618,-13.254661,-0.16188258,-2.5681129
1788,1,80.77678,-32.694717,-3.4606287,-3.5894287,-0.42599425,-3.414297
1789,1,24.435343,-55.869762,-8.358821,-18.202686,-0.6447087,-3.8214412
1790,1,-85.78933,-87.566376,-21.279524,-15.000369,-1.0627946,-4.2760878
1791,1,-107.36832,-134.54431,-33.72775,-30.071207,-1.3598524,-3.5126276
1792,1,-417.8875,-253.12589,-106.35024,-102.61693,-0.5306736,-1.2706064
1793,1,308.11945,-0.7972112,9.238935,0.4341471,-0.020594282,-1.4015338
1794,1,180.23842,-14.992828,1.9647685,-13.127337,-0.31170127,-3.3903978
1795,1,80.91211,-31.252663,-3.4302983,-3.4313614,-0.6128563,-4.6875095
1796,1,24.100235,-53.57279,-6.7556186,-17.792683,-1.1763574,-5.5220604
1797,1,-86.34331,-84.91769,-18.837992,-14.844097,-1.6469005,-5.6179223
1798,1,-109.14072,-128.08952,-28.750515,-28.702778,-2.6817248,-5.905212
1799,1,-422.5238,-248.48595,-97.577736,-101.16874,-3.5865366,-3.0742307
1800,1,308.19873,-0.9401465,6.3365192,0.43879852,-0.15676464,-1.4479018
1801,1,180.79277,-13.930934,1.0015513,-13.02598,-0.35834056,-3.912492
1802,1,81.16369,-29.624516,-2.8505754,-3.2417247,-0.8993906,-5.0612273
1803,1,24.507944,-50.215614,-5.449275,-17.462938,-1.4288269,-6.4359837
1804,1,-85.4098,-79.94005,-14.223121,-14.175062,-2.6054106,-7.3777823
1805,1,-108.844055,-122.814896,-22.3639,-27.685675,-3.285713,-6.542734
1806,1,-408.9737,-233.9254,-85.08483,-100.86068,-2.246103,-3.1000752
1807,1,309.36636,-0.61693734,3.568435,0.41406155,-0.008282114,-1.3345989
1808,1,180.71155,-13.20025,0.21933682,-12.740607,-0.54874873,-3.1676912
1809,1,81.820175,-27.398312,-1.9590281,-3.4946165,-1.1844039,-4.8525314
1810,1,24.389679,-46.855465,-2.7488444,-16.906898,-2.339251,-5.693198
1811,1,-84.56077,-73.376205,-9.794392,-13.772391,-3.532949,-7.596852
1812,1,-114.79642,-111.91061,-9.634992,-24.59722,-8.220969,-9.19158
1813,1,-424.26312,-226.17517,-63.95942,-95.51869,-10.988566,-4.580313
1814,1,310.07343,-1.000353,0.9814158,-0.3064526,0.5273179,-0.5215729
1815,1,183.8124,-12.865303,0.36159694,-12.798054,-0.439662,-1.5176042
1816,1,91.136,-26.462622,-1.374976,-4.6900554,-0.6621783,-1.8302032
1817,1,40.277267,-43.87377,0.51366353,-17.507786,-1.527279,-3.0012612
1818,1,-57.121784,-68.13454,-4.988432,-14.750191,-2.4642453,-2.915976
1819,1,-74.296104,-100.79126,0.43186963,-27.216303,-5.2720118,-5.834977
1820,1,-355.69632,-194.19922,-25.584892,-88.714165,-17.712568,-5.3322153
1821,1,310.07446,-1.0005395,0.9812794,0.30649108,0.52732337,0.5215859
1822,1,183.8129,-12.865276,0.36149216,12.799102,-0.43953285,1.5173445
1823,1,91.136284,-26.463251,-1.3745115,4.690483,-0.6625791,1.8303376
1824,1,40.277374,-43.87462,0.51246554,17.509287,-1.5267124,3.0005605
1825,1,-57.12196,-68.136246,-4.986381,14.75145,-2.4655898,2.916159
1826,1,-74.29636,-100.79513,0.42804164,27.218658,-5.2706227,5.8325934
1827,1,-355.69827,-194.2094,-25.581236,88.72186,-17.714802,5.328896
1828,1,309.36728,-0.6178789,3.5677848,-0.4136699,-0.008309186,1.3344369
1829,1,180.71178,-13.199811,0.21943991,12.740914,-0.54880905,3.1677406
1830,1,81.821175,-27.39906,-1.9594678,3.495621,-1.1843439,4.8517776
1831,1,24.388365,-46.85531,-2.7488286,16.907661,-2.3396351,5.693157
1832,1,-84.55831,-73.376854,-9.794412,13.773617,-3.5328302,7.595367
1833,1,-114.80132,-111.90986,-9.637674,24.600847,-8.2217,9.189727
1834,1,-424.25845,-226.15575,-63.951614,95.51628,-10.989478,4.581625
1835,1,308.19995,-0.9403209,6.3362007,-0.4386672,-0.15660588,1.4479395
1836,1,180.79254,-13.931044,1.0011303,13.026678,-0.35849077,3.9118862
1837,1,81.16509,-29.624372,-2.8509138,3.2420816,-0.89933646,5.061218
1838,1,24.50618,-50.21556,-5.449301,17.464329,-1.4290527,6.435246
1839,1,-85.40732,-79.938644,-14.22418,14.175576,-2.605224,7.377208
1840,1,-108.84951,-122.81111,-22.363321,27.688488,-3.2862513,6.5439115
1841,1,-408.9688,-233.91612,-85.07801,100.86485,-2.246459,3.099602
1842,1,308.11975,-0.79845923,9.237035,-0.4340396,-0.020961877,1.4011068
1843,1,180.23909,-14.991968,1.9645749,13.127938,-0.3115191,3.390435
1844,1,80.91235,-31.253231,-3.4307725,3.431841,-0.61322016,4.6868024
1845,1,24.099876,-53.57205,-6.75608,17.793568,-1.176049,5.5219507
1846,1,-86.3427,-84.916405,-18.837345,14.844942,-1.647444,5.6184382
1847,1,-109.14339,-128.08894,-28.750856,28.705002,-2.680969,5.9052687
1848,1,-422.52084,-248.4733,-97.57311,101.17072,-3.5871825,3.0751524
1849,1,307.59674,-1.348168,11.613709,-0.30752513,-0.15070908,0.99404615
1850,1,180.04175,-15.335823,2.7315462,13.254846,-0.16271771,2.5667644
1851,1,80.777115,-32.695004,-3.4601371,3.5899084,-0.42557362,3.414187
1852,1,24.435364,-55.869278,-8.358753,18.203382,-0.6451147,3.8216708
1853,1,-85.789894,-87.5667,-21.279692,15.001471,-1.0624748,4.2758417
1854,1,-107.36827,-134.54134,-33.72638,30.07223,-1.3602078,3.5139794
1855,1,-417.8889,-253.12694,-106.34885,102.61874,-0.53072196,1.2717041
1856,1,307.84882,-1.0100266,13.08538,-0.29176697,-0.013068672,0.53241956
1857,1,179.69504,-15.909694,3.3686087,13.3196535,-0.10461365,1.3395799
1858,1,80.77203,-33.426624,-3.655051,3.7623928,-0.18546854,1.7676796
1859,1,24.519075,-56.91451,-9.029544,18.291862,-0.35146514,2.089827
1860,1,-85.682755,-90.15077,-22.858883,15.381021,-0.47816557,1.9873961
1861,1,-106.699265,-135.87637,-36.888508,30.440264,-0.67795503,1.7395087
1862,1,-423.36383,-257.34778,-110.176994,102.4612,-0.9365781,0.86409813
1863,1,307.52078,-1.4593207,13.635519,-0.24879745,-0.0039950195,-0.0020265155
1864,1,179.73985,-15.813844,3.5474741,13.378614,0.002795834,0.0005528057
1865,1,80.68267,-33.661213,-3.659719,3.749585,-0.0012383318,6.404674e-05
1866,1,24.627857,-57.670536,-9.252751,18.457966,0.0016266763,0.00055642804
1867,1,-85.49795,-90.00462,-23.585415,15.3066845,9.0492715e-05,0.0005491858
1868,1,-106.483086,-137.54143,-37.624348,30.733215,0.0016013625,0.00026850234
1869,1,-419.85175,-257.64255,-112.00584,103.061775,-0.00015775865,0.00080042484
1870,1,307.8458,-1.0079565,13.091851,-0.29263362,0.012676382,-0.5343029
1871,1,179.69669,-15.909126,3.3673608,13.319691,0.105495885,-1.3403991
1872,1,80.7702,-33.426373,-3.6546476,3.7611644,0.18579821,-1.7664405
1873,1,24.521263,-56.915607,-9.029784,18.29031,0.35284796,-2.089792
1874,1,-85.6847,-90.15266,-22.85922,15.378984,0.4792631,-1.9857901
1875,1,-106.69443,-135.87804,-36.891277,30.435038,0.68065387,-1.7370044
1876,1,-423.36816,-257.35898,-110.18278,102.45563,0.935712,-0.86288124
1877,1,307.59796,-1.3465269,11.616927,-0.30720818,0.15132576,-0.99420226
1878,1,180.04095,-15.336808,2.7321136,13.252721,0.16291991,-2.5673327
1879,1,80.77631,-32.694324,-3.4598823,3.5887997,0.42615914,-3.4143329
1880,1,24.43831,-55.871944,-8.359279,18.19942,0.6459281,-3.8204243
1881,1,-85.79383,-87.56925,-21.280428,14.998095,1.063371,-4.275751
1882,1,-107.3564,-134.55031,-33.72784,30.061327,1.3627229,-3.5099301
1883,1,-417.8999,-253.16302,-106.3665,102.60556,0.530473,-1.2665246
1884,1,308.11826,-0.79511964,9.239142,-0.43501836,0.021727975,-1.4013206
1885,1,180.24123,-14.994784,1.9646034,13.125441,0.31187093,-3.3903656
1886,1,80.90871,-31.252192,-3.430392,3.4296463,0.61350274,-4.6870775
1887,1,24.106354,-53.57593,-6.7555513,17.788187,1.1765429,-5.521834
1888,1,-86.35099,-84.92164,-18.839947,14.84049,1.6475329,-5.6172585
1889,1,-109.12326,-128.0978,-28.749636,28.688639,2.6821334,-5.9042063
1890,1,-422.54443,-248.54268,-97.60144,101.15124,3.5851846,-3.0743299
1891,1,308.20026,-0.93670535,6.3384733,-0.43921044,0.15735427,-1.4477766
1892,1,180.79335,-13.934018,1.0001811,13.023095,0.3588957,-3.9123764
1893,1,81.16241,-29.623377,-2.8496628,3.239535,0.8994074,-5.061054
1894,1,24.512316,-50.21969,-5.450419,17.45758,1.4289336,-6.435908
1895,1,-85.41521,-79.94386,-14.2236395,14.170147,2.605147,-7.377453
1896,1,-108.82798,-122.82578,-22.365969,27.670168,3.284677,-6.5431576
1897,1,-408.98648,-233.97684,-85.107574,100.84147,2.2449284,-3.1002247
1898,1,309.3666,-0.6131468,3.570097,-0.4150817,0.009178123,-1.3347251
1899,1,180.71344,-13.204005,0.21799386,12.737638,0.54883444,-3.1676104
1900,1,81.81789,-27.396471,-1.9580728,3.4916127,1.1843702,-4.8525767
1901,1,24.394524,-46.860394,-2.7497883,16.9011,2.3386652,-5.6930547
1902,1,-84.56683,-73.379555,-9.7951975,13.766591,3.531695,-7.597227
1903,1,-114.78187,-111.92073,-9.635843,24.581722,8.218255,-9.191904
1904,1,-424.28503,-226.22856,-63.980522,95.4989,10.982727,-4.5802145
1905,1,310.0742,-0.9953821,0.9831298,0.30536997,-0.5270514,-0.52146155
1906,1,183.81409,-12.870025,0.3600262,12.794181,0.439794,-1.5176828
1907,1,91.133965,-26.460066,-1.3737066,4.6865935,0.6619147,-1.8301091
1908,1,40.28381,-43.87941,0.51276386,17.500706,1.5269442,-3.0014582
1909,1,-57.127636,-68.13741,-4.9886904,14.743666,2.4631102,-2.9159133
1910,1,-74.27425,-100.80215,0.43238097,27.197668,5.2701693,-5.835421
1911,1,-355.70743,-194.25577,-25.594494,88.69068,17.705858,-5.332839
1912,1,300.36063,-7.5747795,-0.6240426,9.917423,-0.1294833,0.3993301
1913,1,169.66606,-8.825058,-0.31085572,19.111084,-0.8331202,0.94181824
1914,1,101.90572,-18.896214,1.3327967,27.5143,-1.7151301,1.8614689
1915,1,-0.70900077,-32.51462,-2.8515136,36.23012,-3.288454,1.4836688
1916,1,-22.501808,-37.127937,4.036804,34.086826,-5.2661543,2.6219914
1917,1,-195.11751,-58.295864,-7.760703,80.81661,-10.906389,0.5607131
1918,1,-275.92517,58.460777,29.86591,13.546095,-13.797758,-2.1599712
1919,1,300.01547,-8.324451,-0.4164238,9.323976,0.011041429,1.0125706
1920,1,167.57791,-8.812345,0.6604989,17.212227,-1.3235873,2.7427473
1921,1,97.43366,-19.791023,0.89729476,25.681118,-3.0456228,3.681656
1922,1,-12.4237,-34.4513,-3.8109248,34.143105,-5.2136407,4.4392843
1923,1,-34.85443,-40.351357,3.5470262,30.477076,-8.891965,4.801564
1924,1,-216.00957,-64.55042,-12.114757,79.98948,-14.332031,2.8961103
1925,1,-278.439,70.65944,55.42935,6.847527,-19.791746,0.18874985
1926,1,300.01096,-8.609532,2.4442723,9.384115,-0.06931761,1.3047684
1927,1,166.88635,-9.535515,1.3747119,17.016333,-0.9867181,3.2058618
1928,1,97.24271,-21.029964,0.8593635,25.739141,-2.1687977,4.307073
1929,1,-15.658362,-36.895145,-4.9456577,34.46367,-3.8553283,5.0076137
1930,1,-36.574036,-43.400696,1.1020273,31.538157,-5.8082247,5.0229936
1931,1,-225.63628,-67.059906,-14.506832,84.08222,-8.418731,4.4382496
1932,1,-298.67975,71.324234,51.519756,8.550003,-7.952653,2.0340629
1933,1,298.8204,-8.836525,5.053152,9.509482,-0.25821114,1.170591
1934,1,166.66452,-9.993923,2.4633443,17.349033,-0.7018739,2.968323
1935,1,96.68009,-22.396091,0.79651856,26.046843,-1.6029463,3.9266613
1936,1,-15.823471,-38.843506,-5.8359246,35.19862,-2.832357,4.420955
1937,1,-37.432934,-45.968323,-0.9609409,32.74028,-4.2068334,4.530721
1938,1,-225.49327,-70.71204,-17.831903,86.03624,-5.9782395,3.802376
1939,1,-288.58163,68.45904,45.37732,11.091084,-6.0751576,1.4305545
1940,1,299.03192,-8.800812,7.2629194,9.623592,-0.1274184,0.88557535
1941,1,166.08794,-10.50111,3.3348744,17.678196,-0.47382078,2.2185056
1942,1,96.6371,-23.26541,0.8824213,26.480782,-1.0269884,2.9128683
1943,1,-16.339895,-40.27602,-6.5463166,35.834026,-1.7568862,3.2624478
1944,1,-37.2599,-48.241707,-2.479908,33.72108,-2.558643,3.278461
1945,1,-226.50073,-72.88906,-20.40367,87.78002,-3.398885,2.648752
1946,1,-298.71533,65.85509,41.68085,12.784178,-3.036859,1.0533454
1947,1,298.30313,-8.903199,8.744979,9.751766,-0.13265562,0.46190166
1948,1,166.01228,-10.682698,3.9551225,17.938414,-0.22623175,1.1720884
1949,1,96.31481,-23.86518,0.9168004,26.747898,-0.49848992,1.5422565
1950,1,-16.118881,-41.141552,-6.9692144,36.26089,-0.8662081,1.7225085
1951,1,-37.365177,-49.43933,-3.4558063,34.29879,-1.2425114,1.6793572
1952,1,-226.46106,-74.304085,-22.24293,88.63369,-1.6373358,1.2727089
1953,1,-291.78906,65.240005,38.530216,13.655353,-1.4949695,0.45147425
1954,1,298.7526,-8.876196,9.168211,9.7599,0.0016708213,9.141793e-05
1955,1,165.7522,-10.818393,4.174268,18.016066,-0.0018285994,0.00036919006
1956,1,96.43684,-24.000048,0.93416303,26.862036,0.0016598133,0.00055609446
1957,1,-16.379202,-41.463985,-7.0800157,36.39663,-0.0008149074,0.0008887356
1958,1,-37.160595,-49.846817,-3.868371,34.512077,0.0007211966,0.0012608051
1959,1,-226.4363,-74.52986,-22.820814,88.90781,-0.0007576674,0.0012763111
1960,1,-298.44424,64.52131,38.322727,13.89174,-0.0013973291,0.00062218116
1961,1,298.30316,-8.903913,8.745078,9.752302,0.13161936,-0.46158963
1962,1,166.0122,-10.682702,3.9554336,17.938526,0.22556764,-1.1714268
1963,1,96.31541,-23.866636,0.916517,26.747364,0.4995874,-1.5411142
1964,1,-16.11845,-41.143147,-6.9692836,36.26028,0.8659202,-1.7209319
1965,1,-37.364857,-49.442932,-3.4565818,34.29777,1.2432086,-1.6768404
1966,1,-226.45692,-74.310455,-22.246468,88.63391,1.6355855,-1.2688196
1967,1,-291.79614,65.23267,38.526276,13.659294,1.4928266,-0.4495096
1968,1,299.03293,-8.802614,7.262576,9.622902,0.127093,-0.885344
1969,1,166.0886,-10.500607,3.3355567,17.678555,0.47383344,-2.2179325
1970,1,96.63717,-23.268417,0.88193405,26.478657,1.027188,-2.9120107
1971,1,-16.338,-40.27908,-6.5464892,35.833908,1.7569374,-3.2610428
1972,1,-37.260212,-48.24859,-2.4811625,33.717815,2.5590475,-3.2764025
1973,1,-226.49077,-72.90568,-20.408161,87.78208,3.396813,-2.6440346
1974,1,-298.7336,65.83395,41.670967,12.797344,3.0325818,-1.0497267
1975,1,298.82266,-8.83896,5.052696,9.508281,0.25860038,-1.1704733
1976,1,166.66476,-9.993168,2.4642322,17.348852,0.70191413,-2.9679813
1977,1,96.680565,-22.400057,0.7957074,26.043512,1.6031203,-3.9262085
1978,1,-15.820954,-38.848007,-5.835752,35.198547,2.8323357,-4.4201097
1979,1,-37.434414,-45.977627,-0.9627197,32.735523,4.206755,-4.5294065
1980,1,-225.47734,-70.7373,-17.836107,86.03908,5.976794,-3.7998455
1981,1,-288.61313,68.424,45.363007,11.113179,6.073364,-1.429133
1982,1,300.01288,-8.613061,2.443236,9.382627,0.070092715,-1.3047712
1983,1,166.88719,-9.534014,1.3760043,17.015696,0.9869574,-3.2058659
1984,1,97.243126,-21.034988,0.8582396,25.735163,2.1687787,-4.306901
1985,1,-15.65554,-36.899506,-4.9454675,34.462925,3.8553073,-5.0077324
1986,1,-36.574432,-43.411957,1.1006355,31.532549,5.8079042,-5.02261
1987,1,-225.61969,-67.087364,-14.512387,84.08579,8.41748,-4.4388356
1988,1,-298.70892,71.28931,51.505535,8.5729265,7.950336,-2.0349636
1989,1,300.0184,-8.328978,-0.41795236,9.322544,-0.010608329,-1.0125632
1990,1,167.57791,-8.809936,0.6619653,17.210829,1.3238183,-2.74281
1991,1,97.43506,-19.796873,0.89596033,25.676857,3.0455928,-3.6819124
1992,1,-12.422534,-34.454597,-3.8105228,34.14153,5.2133975,-4.4396386
1993,1,-34.853874,-40.362514,3.5459337,30.470331,8.891623,-4.8028264
1994,1,-215.99733,-64.576706,-12.11969,79.9923,14.332367,-2.8976436
1995,1,-278.47263,70.63092,55.421432,6.8657207,19.791021,-0.18995477
1996,1,300.36307,-7.5794625,-0.62595636,9.915512,0.12980276,-0.3994701
1997,1,169.6674,-8.821963,-0.30882472,19.109402,0.8330609,-0.94172204
1998,1,101.90619,-18.90278,1.3309001,27.50924,1.7151898,-1.8618158
1999,1,-0.7025005,-32.516945,-2.85013,36.22751,3.2882264,-1.4837098
2000,1,-22.501421,-37.13895,4.0353913,34.080173,5.26611,-2.623058
2001,1,-195.09015,-58.31673,-7.76169,80.814514,10.907015,-0.56172025
2002,1,-275.94626,58.420753,29.86298,13.568393,13.801428,2.1605887
2003,1,276.11157,3.8040118,1.5533934,13.093005,0.11647385,0.3108519
2004,1,168.59586,-5.1682963,1.0454429,27.25538,-0.7932552,0.89253896
2005,1,72.14565,-12.626218,-1.6395372,42.345985,-1.9907155,0.73998386
2006,1,17.184666,-9.857768,3.589054,36.482464,-2.835848,1.2610972
2007,1,-82.287674,-24.738815,-4.19515,62.069256,-5.0478144,0.27950773
2008,1,-171.75308,21.952953,11.900881,25.976166,-4.389636,-0.7749274
2009,1,-256.0088,-48.156124,-18.029121,20.839695,-1.8341582,0.33514223
2010,1,277.74246,4.6554976,4.754443,12.007155,0.40741628,0.773189
2011,1,169.86464,-5.383877,1.3632843,24.804083,-1.5283064,1.8591233
2012,1,70.38848,-13.246275,-0.8159271,40.120827,-3.3238454,2.4613533
2013,1,16.643026,-10.624045,4.58933,32.78798,-5.5981874,2.4883003
2014,1,-85.8573,-27.312574,-3.3062131,60.37262,-8.444912,1.7732629
2015,1,-165.92813,25.236965,19.862333,20.474394,-10.227746,-0.15036856
2016,1,-249.20244,-57.075943,-20.81484,21.586605,-11.027019,-0.48224667
2017,1,276.46115,4.767166,6.708181,11.988496,0.041320276,0.93094736
2018,1,169.89984,-5.6803217,2.7256176,24.41364,-1.0020387,2.343316
2019,1,68.555046,-14.000204,-0.36567244,39.81158,-2.6652365,2.9881418
2020,1,14.266245,-11.237455,5.2372065,32.257244,-4.459476,3.1435504
2021,1,-92.48493,-27.99462,-2.5857475,60.991684,-6.5842824,2.6854835
2022,1,-177.61357,26.322138,21.652967,19.173843,-8.678179,1.553919
2023,1,-257.99216,-57.55765,-13.272248,20.4376,-10.669023,0.4731447
2024,1,276.47958,4.7416673,9.152091,12.080646,0.0077874693,0.90455925
2025,1,169.18625,-6.002322,3.750303,24.609468,-0.7839515,2.210024
2026,1,68.45926,-14.457006,0.22289748,40.065254,-1.9387947,2.852487
2027,1,13.099313,-11.9918995,5.2467537,32.731346,-3.2578647,2.9784305
2028,1,-92.62377,-28.6658,-2.7195783,61.592854,-4.847904,2.749916
2029,1,-178.29291,26.19374,21.957115,20.81262,-5.9479322,1.9029887
2030,1,-260.2138,-56.646576,-14.182496,20.825174,-5.386154,0.7392986
2031,1,275.1937,4.592667,11.098485,12.280458,-0.12337842,0.6661371
2032,1,168.93213,-6.096201,4.7468424,24.921692,-0.4852164,1.6861001
2033,1,67.86258,-14.900563,0.5956279,40.48425,-1.2529147,2.1748152
2034,1,12.593791,-12.616873,5.2551985,33.259277,-2.1317809,2.3017614
2035,1,-93.49654,-29.254395,-2.7702045,62.457554,-3.1099687,2.1632855
2036,1,-181.36575,25.391548,21.33578,21.724644,-3.8792336,1.4809766
2037,1,-256.34262,-55.70677,-14.859638,20.64829,-4.2213106,0.49027672
2038,1,275.46405,4.583965,12.2771015,12.381635,-0.050359048,0.3650058
2039,1,168.39839,-6.253483,5.3819637,25.183327,-0.25495946,0.90429986
2040,1,67.831635,-15.098842,0.8562496,40.78961,-0.61624193,1.1672274
2041,1,12.095935,-13.046711,5.2507677,33.69016,-1.0380374,1.2433339
2042,1,-93.39304,-29.715918,-3.045584,62.94414,-1.5111338,1.1436431
2043,1,-181.19339,25.22062,20.755487,22.49404,-1.7806973,0.7927682
2044,1,-260.38318,-55.632446,-15.474264,20.922802,-1.553757,0.30279702
2045,1,274.72192,4.549808,12.811296,12.449185,-0.003677201,0.0021334353
2046,1,168.50276,-6.2436104,5.5903053,25.266338,0.002140357,0.00017509954
2047,1,67.57538,-15.223923,0.9484466,40.913982,-0.001452009,0.00069395144
2048,1,12.1902,-13.165702,5.2220163,33.817272,0.00074071926,0.00087541126
2049,1,-93.66037,-29.829535,-3.0888848,63.15677,-0.0011813473,0.0010904934
2050,1,-182.18503,24.992321,20.542778,22.610668,-0.00076146,0.00080272387
2051,1,-255.91937,-55.31582,-16.065256,20.806267,-0.00085665105,0.000105893334
2052,1,275.46442,4.582821,12.271478,12.382088,0.04850956,-0.36257514
2053,1,168.39929,-6.2559977,5.3830733,25.183556,0.2558888,-0.9025739
2054,1,67.83213,-15.099377,0.85606784,40.789307,0.6154166,-1.1664634
2055,1,12.095668,-13.048882,5.2506847,33.690506,1.038191,-1.2412826
2056,1,-93.39123,-29.718157,-3.0458531,62.9444,1.5096632,-1.1416625
2057,1,-181.19565,25.218485,20.754993,22.496973,1.7784729,-0.7909661
2058,1,-260.3856,-55.630318,-15.472966,20.923092,1.5515796,-0.30236405
2059,1,275.1964,4.593658,11.097386,12.280586,0.12368701,-0.6655911
2060,1,168.93205,-6.098915,4.7451572,24.921106,0.48471943,-1.6844628
2061,1,67.86493,-14.901918,0.59674317,40.484463,1.2530713,-2.173609
2062,1,12.591707,-12.620562,5.2543626,33.2591,2.131311,-2.300539
2063,1,-93.49103,-29.259455,-2.7700586,62.458546,3.1089895,-2.1610417
2064,1,-181.37294,25.387186,21.335007,21.731512,3.87664,-1.4795377
2065,1,-256.3486,-55.69977,-14.855623,20.6479,4.219971,-0.49022523
2066,1,276.48248,4.7427435,9.152769,12.080775,-0.007446218,-0.90431744
2067,1,169.18617,-6.005082,3.7491233,24.608292,0.78412676,-2.209567
2068,1,68.46256,-14.458349,0.2234082,40.065292,1.9385886,-2.8514361
2069,1,13.095802,-11.997003,5.2461066,32.731167,3.2577305,-2.9776192
2070,1,-92.61499,-28.672794,-2.7192576,61.593693,4.8471875,-2.7486768
2071,1,-178.30455,26.1869,21.956383,20.823566,5.946345,-1.9021848
2072,1,-260.21878,-56.633606,-14.1760235,20.823782,5.3848333,-0.7390191
2073,1,276.465,4.769379,6.7095375,11.988493,-0.041009698,-0.9308316
2074,1,169.89972,-5.684386,2.7241964,24.412165,1.0022022,-2.342964
2075,1,68.55865,-14.000885,-0.3646254,39.81128,2.6652803,-2.988009
2076,1,14.262848,-11.243622,5.236138,32.25667,4.4594064,-3.1430686
2077,1,-92.475716,-28.002289,-2.585318,60.992794,6.5838757,-2.6853895
2078,1,-177.62628,26.315496,21.652779,19.185017,8.6779375,-1.5541712
2079,1,-258.00183,-57.545197,-13.264263,20.436169,10.668395,-0.4734078
2080,1,277.7463,4.6587987,4.7561016,12.007004,-0.4067294,-0.7732142
2081,1,169.86517,-5.3888083,1.3616883,24.802406,1.5284501,-1.8591696
2082,1,70.39129,-13.246255,-0.81469077,40.12008,3.3239913,-2.4612558
2083,1,16.640902,-10.630859,4.588227,32.7868,5.5984206,-2.488646
2084,1,-85.84926,-27.319939,-3.3056471,60.373493,8.445584,-1.7735287
2085,1,-165.93806,25.230604,19.86204,20.483707,10.229005,0.14991282
2086,1,-249.20804,-57.06601,-20.806175,21.585905,11.029266,0.48239502
2087,1,276.11578,3.8075376,1.555574,13.092548,-0.11632583,-0.31074458
2088,1,168.59578,-5.1741285,1.0431782,27.25372,0.7934141,-0.8927133
2089,1,72.1509,-12.625217,-1.6374958,42.344234,1.9908184,-0.7399155
2090,1,17.1823,-9.865771,3.5871456,36.482086,2.836039,-1.2613901
2091,1,-82.273705,-24.74391,-4.193477,62.06785,5.048665,-0.279804
2092,1,-171.76068,21.94224,11.899339,25.98818,4.39107,0.77513176
2093,1,-256.01236,-48.13925,-18.023361,20.837862,1.8357484,-0.3354026
2094,1,251.66212,-3.3580272,-0.18843964,12.363715,1.0069617,0.14894924
2095,1,149.90863,-3.039052,-0.6990787,38.17201,-0.79351944,0.28971058
2096,1,72.595695,0.55700666,2.577296,36.932384,-1.0195738,0.67968464
2097,1,-6.3699136,-11.799054,-2.9496663,55.918262,-2.2298028,0.22897097
2098,1,-75.57683,9.871864,6.3442483,35.77108,-1.8248267,0.10112434
2099,1,-164.3761,-26.746075,-9.538553,44.222294,-1.7841514,0.24781962
2100,1,-230.36646,34.741413,16.207684,8.357389,-4.532937,-0.45656958
2101,1,254.09727,-3.991029,-0.3190723,10.900442,0.8235868,0.42650136
2102,1,152.56966,-3.1349282,0.715473,36.049458,-0.86389744,1.1423498
2103,1,76.073364,0.5333,3.5380867,33.51783,-2.581958,1.3401148
2104,1,-4.001215,-13.16722,-1.956032,54.018604,-4.099198,1.2200207
2105,1,-69.42982,10.773629,9.393059,31.639132,-5.2127175,0.49617392
2106,1,-159.26392,-31.278711,-11.3665495,43.890953,-5.8214936,0.16249704
2107,1,-222.74895,40.440224,22.157114,6.3587456,-6.0064163,-0.018261775
2108,1,254.4486,-4.1764183,1.838403,10.709123,0.71161956,0.6162445
2109,1,152.21791,-3.2862527,1.7366829,35.575638,-0.71833664,1.4989301
2110,1,75.29733,0.4678061,4.806084,32.35873,-2.198592,1.825029
2111,1,-6.569835,-13.598437,-0.9446687,53.402416,-3.808277,1.7217379
2112,1,-73.80454,11.088932,11.15599,29.991116,-5.365095,1.2261589
2113,1,-162.75975,-32.26764,-9.052915,43.098404,-6.6723146,0.47923112
2114,1,-225.42879,40.963737,22.966122,6.238323,-7.4744782,-0.02396639
2115,1,253.08699,-4.1740227,3.678224,10.694706,0.35648543,0.5831906
2116,1,152.14886,-3.2753677,2.9702234,35.543987,-0.45135257,1.4852068
2117,1,74.46004,0.29759866,5.493236,32.35819,-1.5987626,1.8059187
2118,1,-7.1561046,-13.618183,-0.12900342,53.15323,-2.8693504,1.8164811
2119,1,-75.481964,11.085155,11.909295,30.315742,-3.9803646,1.3994682
2120,1,-166.15398,-31.806993,-8.16859,42.562096,-4.8641267,0.94110173
2121,1,-226.9474,40.608025,25.193882,5.8702226,-5.5850263,0.33408347
2122,1,252.83688,-4.074631,5.2900553,10.820678,0.2239424,0.46961764
2123,1,151.4649,-3.3660188,3.878444,35.715145,-0.3079598,1.1574512
2124,1,73.96593,0.25665918,6.130286,32.5616,-1.0639993,1.4342358
2125,1,-7.8469677,-13.675626,0.34020904,53.363678,-1.9067322,1.4551321
2126,1,-76.62215,10.925441,12.259242,30.612709,-2.748646,1.2175573
2127,1,-165.88556,-31.383505,-7.5080442,42.695816,-3.3652046,0.8543494
2128,1,-227.10234,39.934437,24.435162,6.2565475,-3.3381534,0.30596477
2129,1,251.7419,-4.0688124,6.4539557,10.889747,0.06718877,0.24474058
2130,1,151.37527,-3.3270643,4.501814,35.892265,-0.14898832,0.6286774
2131,1,73.45047,0.16266946,6.471897,32.79071,-0.51910675,0.7859374
2132,1,-8.024835,-13.711687,0.6231491,53.536526,-0.9547262,0.8077826
2133,1,-77.197525,10.855826,12.479254,31.01824,-1.3336567,0.69010305
2134,1,-167.50317,-31.381466,-7.3659377,42.726357,-1.6110799,0.4891649
2135,1,-226.03415,39.821823,24.341373,6.1320424,-1.7948145,0.16908303
2136,1,252.11893,-4.0502443,6.720846,10.940403,0.0036519885,0.00343732
2137,1,151.05577,-3.373041,4.7180495,35.959778,-0.0019324758,-0.00084079953
2138,1,73.46913,0.17722434,6.613462,32.864876,0.0010128876,0.0013148584
2139,1,-8.255752,-13.748751,0.7092305,53.646656,-0.0011477019,0.00019938822
2140,1,-77.34046,10.794488,12.500255,31.074821,-6.473722e-05,0.0008975323
2141,1,-166.64879,-31.258945,-7.370032,42.84591,-0.0008959029,0.00017919211
2142,1,-227.2163,39.656967,24.119858,6.3479905,-0.0002584211,0.00036826942
2143,1,251.74277,-4.071471,6.446593,10.889261,-0.06471147,-0.24150188
2144,1,151.3762,-3.3278222,4.504463,35.891785,0.14807175,-0.62766844
2145,1,73.45033,0.16137855,6.470625,32.79124,0.519398,-0.7847876
2146,1,-8.024185,-13.712302,0.62410295,53.536373,0.95360327,-0.8064837
2147,1,-77.198166,10.854816,12.479054,31.019629,1.3328283,-0.68897283
2148,1,-167.50443,-31.381052,-7.3650384,42.726425,1.6097299,-0.4884631
2149,1,-226.03613,39.82035,24.340855,6.132664,1.7943063,-0.16883586
2150,1,252.83904,-4.07539,5.288894,10.820784,-0.223664,-0.4694417
2151,1,151.46628,-3.3659565,3.8775342,35.71492,0.3085284,-1.1555151
2152,1,73.965454,0.25393292,6.1306615,32.562065,1.0634207,-1.4334159
2153,1,-7.845259,-13.676406,0.34050205,53.3637,1.906407,-1.4538542
2154,1,-76.62411,10.923255,12.259634,30.61542,2.7475438,-1.2167321
2155,1,-165.88791,-31.381706,-7.5064025,42.69552,3.3644054,-0.85380954
2156,1,-227.1058,39.92929,24.433262,6.258073,3.3377635,-0.30554038
2157,1,253.09003,-4.175708,3.6770658,10.694885,-0.35612196,-0.58275527
2158,1,152.1509,-3.2740688,2.9710176,35.543762,0.45132405,-1.4846636
2159,1,74.458916,0.29425675,5.492071,32.35902,1.5988048,-1.8049084
2160,1,-7.153127,-13.619184,-0.12755522,53.15278,2.868934,-1.8157656
2161,1,-75.485146,11.082109,11.909098,30.320042,3.9798207,-1.3988364
2162,1,-166.15672,-31.80358,-8.1657095,42.56079,4.863578,-0.9408506
2163,1,-226.95306,40.599407,25.190643,5.872621,5.5847363,-0.33410984
2164,1,254.45216,-4.1790166,1.8374859,10.709273,-0.7111539,-0.61617106
2165,1,152.22012,-3.2843585,1.7378684,35.5753,0.71849203,-1.4985492
2166,1,75.296326,0.46372586,4.8049884,32.359497,2.1985974,-1.8247058
2167,1,-6.566742,-13.599173,-0.94343984,53.401993,3.8082302,-1.7212762
2168,1,-73.808044,11.085489,11.156189,29.995438,5.3650913,-1.2260344
2169,1,-162.76343,-32.264606,-9.050217,43.09721,6.672377,-0.4789706
2170,1,-225.43465,40.95523,22.9635,6.2407765,7.474949,0.024059352
2171,1,254.10167,-3.9948778,-0.3203292,10.900542,-0.8234432,-0.42644888
2172,1,152.5717,-3.1319072,0.7170642,36.048977,0.8641563,-1.1422507
2173,1,76.073044,0.5281939,3.536666,33.518394,2.5821471,-1.3400066
2174,1,-3.9981968,-13.167426,-1.9545751,54.018085,4.0995426,-1.2199391
2175,1,-69.43157,10.769824,9.392796,31.642939,5.213334,-0.49612343
2176,1,-159.26595,-31.276281,-11.363763,43.89038,5.822272,-0.16243656
2177,1,-222.7535,40.43299,22.153511,6.360973,6.007124,0.01813842
2178,1,251.66618,-3.362535,-0.19083793,12.364055,-1.0067114,-0.14909534
2179,1,149.91107,-3.0350466,-0.69652694,38.170715,0.79355747,-0.28961247
2180,1,72.595116,0.5506236,2.5749695,36.933846,1.0197414,-0.6797869
2181,1,-6.365084,-11.797771,-2.9474857,55.916367,2.2301466,-0.22890212
2182,1,-75.578514,9.865634,6.342572,35.776592,1.825257,-0.10110132
2183,1,-164.37706,-26.73996,-9.535855,44.220123,1.7845657,-0.24790752
2184,1,-230.3709,34.729393,16.20359,8.360172,4.5327377,0.45675358
2185,1,222.9761,-0.31394032,-0.30668163,16.108538,0.31134382,0.042721786
2186,1,138.1726,2.9996705,1.9383663,30.551138,0.16784681,0.28061932
2187,1,59.472404,-5.838161,-2.3575695,51.83824,-0.83740187,0.14764163
2188,1,-4.865109,7.616902,4.1239576,40.147903,-0.643867,0.24631982
2189,1,-78.44795,-14.635238,-5.563344,54.483276,-1.1701788,0.19322824
2190,1,-145.05452,20.573212,9.149165,25.304068,-1.8003542,-0.2854309
2191,1,-210.5068,-27.223679,-12.183236,14.939002,-0.103713855,0.08565192
2192,1,226.51198,-0.07137021,1.2086171,15.130687,1.8186654,0.26004818
2193,1,142.32422,3.0749617,2.5223792,27.474018,-0.2908744,0.5721247
2194,1,63.690063,-6.612912,-1.6348038,49.93998,-1.3386275,0.7579479
2195,1,0.9995622,8.102287,5.562789,36.494865,-2.3364444,0.55149394
2196,1,-73.45439,-16.928598,-5.9795394,53.357574,-3.0245025,0.447106
2197,1,-138.02124,23.454922,12.239469,21.987476,-3.5325737,-0.059859324
2198,1,-202.7854,-31.451735,-12.854684,14.698785,-5.3517904,-0.15733103
2199,1,226.63855,0.013158845,2.372414,14.874873,1.2214307,0.36379388
2200,1,142.92651,3.0171576,3.7522821,26.419878,0.048530884,0.88151646
2201,1,63.538143,-6.906906,-0.743429,48.93859,-1.4014196,1.0444375
2202,1,0.14244287,8.224091,6.908726,34.794662,-2.589622,0.94117534
2203,1,-74.38464,-17.661917,-4.9116683,52.420547,-3.697109,0.6091888
2204,1,-139.57085,24.116198,13.308019,20.75424,-4.612809,0.2911302
2205,1,-203.50128,-32.065197,-10.655041,14.080167,-5.257928,0.15006068
2206,1,226.25208,-0.01331545,3.910498,14.7848625,1.0597305,0.3863742
2207,1,142.35315,2.9810264,4.7175837,26.23544,0.048070423,0.89844525
2208,1,63.09638,-6.833515,0.22652625,48.42933,-0.9829666,1.1094036
2209,1,-0.9143998,8.123026,7.6486397,34.49595,-2.0222206,0.9947565
2210,1,-76.300766,-17.461002,-3.9525952,51.694218,-3.0038207,0.8130456
2211,1,-141.06192,23.800945,14.429237,20.51364,-3.865547,0.42307645
2212,1,-204.31851,-31.788742,-10.331092,14.049254,-4.6164804,0.10467904
2213,1,225.00606,-0.0540991,5.2570558,14.758952,0.6008385,0.28838077
2214,1,142.00217,3.0588303,5.5895,26.261023,0.071616545,0.7197973
2215,1,62.538002,-6.8051553,0.83388853,48.34545,-0.65808696,0.8953151
2216,1,-1.5711137,8.126212,8.227659,34.439026,-1.3958861,0.8509328
2217,1,-76.78144,-17.265388,-3.3392868,51.58509,-2.0696526,0.69520324
2218,1,-142.30171,23.58349,14.704323,20.43083,-2.57835,0.4621607
2219,1,-204.26239,-31.229288,-9.216132,13.710661,-2.9903853,0.19594757
2220,1,224.8106,-0.06629672,5.9928956,14.810967,0.30283436,0.16775423
2221,1,141.48816,3.0423126,6.1378813,26.352667,0.028183402,0.3986502
2222,1,62.27982,-6.723065,1.2751158,48.35104,-0.32947713,0.49877033
2223,1,-2.0433488,8.103058,8.530394,34.560013,-0.6971849,0.4791076
2224,1,-77.48285,-17.180805,-2.9932823,51.507927,-1.0584015,0.41661003
2225,1,-142.19084,23.534061,15.009275,20.532087,-1.3579346,0.2779125
2226,1,-204.12956,-31.151506,-9.355534,13.856911,-1.5119205,0.103177376
2227,1,224.21986,-0.058272455,6.404997,14.798466,-0.0007725249,-0.0015558582
2228,1,141.52974,3.08418,6.322651,26.379963,0.0009902241,0.001558882
2229,1,62.095387,-6.7387986,1.3894634,48.39467,-0.00096753216,-0.00024321933
2230,1,-2.123166,8.123659,8.65315,34.5648,0.000277905,0.0008757691
2231,1,-77.45111,-17.15359,-2.8780918,51.583897,-0.0006856916,9.658005e-05
2232,1,-142.91843,23.45997,15.037481,20.514854,-5.5825807e-05,0.00049349805
2233,1,-204.0295,-31.025694,-9.108164,13.689658,-0.00016804191,-0.00014164248
2234,1,224.81032,-0.064932175,5.995191,14.810434,-0.301916,-0.16845135
2235,1,141.48874,3.0409992,6.13616,26.352732,-0.027665852,-0.39709476
2236,1,62.28009,-6.722836,1.276343,48.350815,0.32862687,-0.4982137
2237,1,-2.0435388,8.102166,8.52989,34.560715,0.6970655,-0.47804618
2238,1,-77.483086,-17.180632,-2.9925578,51.507805,1.0575552,-0.4160433
2239,1,-142.19221,23.53312,15.008926,20.532976,1.3575417,-0.27722704
2240,1,-204.13068,-31.150639,-9.355064,13.856889,1.5117499,-0.10305913
2241,1,225.00804,-0.053255983,5.256276,14.758772,-0.60006493,-0.2875277
2242,1,142.00272,3.057016,5.589294,26.26153,-0.071635,-0.7192202
2243,1,62.538727,-6.8044863,0.8343537,48.345,0.6580339,-0.8942223
2244,1,-1.5716982,8.124393,8.227667,34.44044,1.395341,-0.8503692
2245,1,-76.78166,-17.264643,-3.3383956,51.584633,2.0693564,-0.69445944
2246,1,-142.30452,23.580858,14.703632,20.432835,2.577893,-0.46176443
2247,1,-204.26457,-31.225971,-9.214541,13.710372,2.9901767,-0.19592166
2248,1,226.25485,-0.011414371,3.9116263,14.784707,-1.0595239,-0.38627353
2249,1,142.35416,2.978365,4.716212,26.236639,-0.047845136,-0.8977763
2250,1,63.09748,-6.8321037,0.22782683,48.42849,0.98281085,-1.1087731
2251,1,-0.915334,8.120358,7.6480575,34.498207,2.0220468,-0.99417573
2252,1,-76.30086,-17.459509,-3.9509933,51.69312,3.0035815,-0.8126164
2253,1,-141.06622,23.796484,14.42777,20.516798,3.8653681,-0.42275012
2254,1,-204.32152,-31.782984,-10.328182,14.048604,4.6166077,-0.10448896
2255,1,226.64221,0.016053801,2.3737972,14.87469,-1.2212888,-0.3636041
2256,1,142.92769,3.0135732,3.7508771,26.421165,-0.048448108,-0.8812589
2257,1,63.539413,-6.9048057,-0.74201524,48.937794,1.4014618,-1.0440137
2258,1,0.14151591,8.220917,6.9080753,34.797,2.5896559,-0.94087833
2259,1,-74.38475,-17.66044,-4.9101048,52.419502,3.6971846,-0.60884964
2260,1,-139.57527,24.111849,13.306762,20.757557,4.6130667,-0.2910658
2261,1,-203.50458,-32.059795,-10.652629,14.079566,5.2583685,-0.15008204
2262,1,226.5159,-0.06720252,1.2104754,15.130539,-1.8183539,-0.26005125
2263,1,142.32585,3.0701919,2.5205762,27.47536,0.2909372,-0.5720278
2264,1,63.69136,-6.6099234,-1.6330371,49.939083,1.3387966,-0.7577391
2265,1,0.9994295,8.098425,5.5617137,36.497208,2.3366563,-0.5513561
2266,1,-73.4539,-16.926876,-5.9779367,53.356686,3.0247793,-0.4469629
2267,1,-138.02493,23.45077,12.237732,21.99059,3.5329425,0.05986899
2268,1,-202.7881,-31.446915,-12.85195,14.698279,5.351995,0.1574505
2269,1,222.97997,-0.30852106,-0.30374599,16.108067,-0.31147134,-0.042577762
2270,1,138.17383,2.9935327,1.9355663,30.553274,-0.16769955,-0.28068072
2271,1,59.474037,-5.833687,-2.3550255,51.836304,0.8374518,-0.14753793
2272,1,-4.8655596,7.61128,4.1218457,40.151577,0.64400613,-0.24629246
2273,1,-78.446945,-14.631322,-5.561162,54.48103,1.1703022,-0.19323014
2274,1,-145.05798,20.566204,9.146723,25.30829,1.800409,0.28545827
2275,1,-210.50914,-27.215395,-12.179809,14.938092,0.10423665,-0.08578592
2276,1,196.22285,3.641303,1.8506843,12.098403,1.6941549,0.08913903
2277,1,121.483475,-4.576164,-2.1826003,40.104527,-0.1817315,0.039081782
2278,1,54.835987,7.405531,3.182847,39.10185,0.12232605,0.18872365
2279,1,-10.217502,-8.636665,-3.7965178,57.148365,-0.5228613,0.13479951
2280,1,-69.40729,13.24706,5.600245,37.159317,-0.622543,-0.060811758
2281,1,-130.42653,-16.941847,-7.4274087,38.94823,-0.13694349,0.15522143
2282,1,-186.5766,21.11833,9.944202,9.819891,-2.5374033,-0.1054975
2283,1,200.20003,3.7811527,2.3033547,10.678012,1.9215994,0.104790896
2284,1,125.84619,-5.0768085,-1.6723015,38.30238,0.6743109,0.36510152
2285,1,60.198105,7.850011,4.0869718,35.759613,-0.46870035,0.37623703
2286,1,-5.283363,-9.948239,-3.8766723,55.57035,-1.0897759,0.39752024
2287,1,-63.206993,14.656624,7.265421,33.71345,-1.7114078,0.14211875
2288,1,-124.62772,-19.676228,-8.299729,37.86609,-2.4846518,0.03722794
2289,1,-180.68565,23.959665,11.229751,8.5040865,-2.7268984,0.0029835864
2290,1,201.19948,3.6767688,3.3596652,10.322592,2.244211,0.22040798
2291,1,126.69097,-5.1997914,-0.83174753,37.40967,0.67000693,0.5189507
2292,1,60.893505,7.894048,5.070082,34.08894,-0.43307105,0.5930892
2293,1,-4.6871758,-10.436935,-3.1793005,54.432434,-1.4848806,0.5368534
2294,1,-63.25046,15.051901,8.25405,31.987242,-2.3370576,0.36282027
2295,1,-124.07555,-20.356585,-7.42202,36.86791,-3.1899524,0.12838046
2296,1,-178.79337,24.63199,12.209423,8.165415,-4.6728034,-0.06426011
2297,1,200.3623,3.7343736,4.656922,10.124496,1.5898943,0.2037238
2298,1,126.43063,-5.183311,0.0815951,36.93151,0.6930004,0.5490793
2299,1,60.39686,7.7901692,5.7873006,33.6016,-0.30228224,0.63611406
2300,1,-5.5999517,-10.355458,-2.3128982,53.560745,-1.2258245,0.6062224
2301,1,-64.20015,14.850529,8.964369,31.50899,-2.1088595,0.4104475
2302,1,-125.33672,-20.04787,-6.700914,36.207424,-2.899339,0.26004738
2303,1,-180.0023,24.377012,13.35061,7.809347,-3.4828575,0.10712016
2304,1,199.73683,3.729009,5.549084,10.138287,1.1253248,0.18310651
2305,1,125.8845,-5.1754527,0.81846946,36.738567,0.47508898,0.44880444
2306,1,59.900898,7.804487,6.4047613,33.394146,-0.19063757,0.521472
2307,1,-6.0734143,-10.262406,-1.7864614,53.263287,-0.8549143,0.504064
2308,1,-65.147865,14.76318,9.430451,31.250435,-1.460008,0.39105123
2309,1,-125.78117,-19.804102,-5.9712033,35.90183,-2.0318003,0.24153373
2310,1,-179.54076,24.027578,13.230765,7.881766,-2.5758693,0.051180717
2311,1,198.95688,3.7787712,6.3639407,10.085359,0.52657753,0.09105573
2312,1,125.62744,-5.1251955,1.286654,36.674633,0.24147329,0.24454801
2313,1,59.564438,7.795937,6.7312665,33.380623,-0.09505469,0.29661873
2314,1,-6.484392,-10.18045,-1.4097841,53.098465,-0.442064,0.29009384
2315,1,-65.37088,14.736313,9.700603,31.244022,-0.7655096,0.22446541
2316,1,-126.25735,-19.683556,-5.7286167,35.72631,-1.0341878,0.1601798
2317,1,-179.86118,23.951502,13.63935,7.698232,-1.2380683,0.06269931
2318,1,198.97154,3.7446454,6.463252,10.132268,0.00039859454,0.0011639949
2319,1,125.44962,-5.128861,1.4620116,36.67325,-0.0005499866,-0.00054496963
2320,1,59.467567,7.8192005,6.879874,33.354828,0.0003108993,0.0009180754
2321,1,-6.565923,-10.167517,-1.3243295,53.10774,-0.0005310116,-6.3426094e-05
2322,1,-65.70542,14.728638,9.8022995,31.187326,9.820229e-05,0.00057526096
2323,1,-126.180435,-19.641575,-5.562129,35.725903,-0.00025524796,-2.6659292e-05
2324,1,-179.45258,23.887371,13.452295,7.8252993,0.00019405168,0.00030580556
2325,1,198.95784,3.7773924,6.3625875,10.085779,-0.5270128,-0.09023903
2326,1,125.62748,-5.124008,1.2878907,36.674374,-0.24171598,-0.24457715
2327,1,59.56468,7.7948966,6.73048,33.381104,0.095101595,-0.2955414
2328,1,-6.48444,-10.179953,-1.4090486,53.098198,0.44147962,-0.28974316
2329,1,-65.37144,14.735563,9.700242,31.24478,0.7654275,-0.22366498
2330,1,-126.25827,-19.682985,-5.7281337,35.726135,1.0339408,-0.16002841
2331,1,-179.86212,23.950867,13.639054,7.698423,1.2383343,-0.06246485
2332,1,199.73802,3.7274115,5.5492873,10.138561,-1.125369,-0.18322352
2333,1,125.88541,-5.1738467,0.8189885,36.738136,-0.47500378,-0.4481479
2334,1,59.900948,7.80272,6.4043517,33.39525,0.19034687,-0.52103674
2335,1,-6.0731874,-10.261347,-1.7857206,53.262592,0.85480905,-0.50335175
2336,1,-65.14914,14.761419,9.430019,31.252138,1.4597061,-0.39065227
2337,1,-125.78288,-19.802277,-5.9702225,35.9012,2.0317354,-0.24118085
2338,1,-179.54271,24.02515,13.229738,7.882258,2.5762448,-0.051012635
2339,1,200.36493,3.7315648,4.6555,10.125086,-1.5898405,-0.20344754
2340,1,126.431915,-5.1806974,0.08306943,36.930786,-0.6930645,-0.5486929
2341,1,60.396957,7.787413,5.7862515,33.60343,0.30223995,-0.6356679
2342,1,-5.599522,-10.353583,-2.3116143,53.559486,1.2256943,-0.60575104
2343,1,-64.20204,14.847647,8.963474,31.511667,2.1088119,-0.4100778
2344,1,-125.338974,-20.044624,-6.6991706,36.206234,2.8994274,-0.25982445
2345,1,-180.00504,24.372782,13.348703,7.8101707,3.4832213,-0.10713055
2346,1,201.20247,3.672813,3.358264,10.323327,-2.2441592,-0.22039437
2347,1,126.69267,-5.1961045,-0.83006644,37.409,-0.6699941,-0.5186766
2348,1,60.89377,7.8904734,5.0687494,34.090977,0.43307182,-0.5928127
2349,1,-4.686613,-10.434627,-3.1778448,54.43114,1.4849068,-0.536516
2350,1,-63.252342,15.048843,8.253066,31.990139,2.3371873,-0.36264202
2351,1,-124.07799,-20.3535,-7.4204555,36.866703,3.1902122,-0.12818015
2352,1,-178.79643,24.628092,12.207874,8.16625,4.6731367,0.06436371
2353,1,200.20372,3.7757895,2.3012152,10.678779,-1.9218023,-0.104702555
2354,1,125.84789,-5.071905,-1.6700912,38.301647,-0.67421305,-0.3649681
2355,1,60.198734,7.8454466,4.085159,35.761883,0.46870446,-0.37611946
2356,1,-5.2825923,-9.94525,-3.8750093,55.568977,1.0898656,-0.39731935
2357,1,-63.208485,14.653253,7.264139,33.716442,1.711587,-0.14204179
2358,1,-124.62972,-19.673195,-8.298028,37.864933,2.4848394,-0.03715303
2359,1,-180.68837,23.956087,11.22804,8.504951,2.7275097,-0.0030639898
2360,1,196.22617,3.6340954,1.8472149,12.099568,-1.6939756,-0.089299254
2361,1,121.48506,-4.5694356,-2.1793797,40.103096,0.18159841,-0.03899202
2362,1,54.83627,7.3992567,3.180117,39.10528,-0.12223177,-0.18871926
2363,1,-10.21657,-8.631899,-3.794148,57.145824,0.52285,-0.13474286
2364,1,-69.4088,13.241687,5.598141,37.163563,0.62260264,0.060834445
2365,1,-130.42819,-16.936592,-7.425146,38.946228,0.13716163,-0.15522484
2366,1,-186.57924,21.112177,9.941541,9.821101,2.5372224,0.10558984
2367,1,169.64061,-6.7602606,-2.9027076,15.433223,0.64066744,-0.05924924
2368,1,107.24975,7.843096,3.3034854,30.012962,0.7926586,0.12012483
2369,1,45.59085,-6.921856,-3.3144152,52.913765,-0.05068604,0.071102865
2370,1,-8.454478,10.207932,4.07092,42.008053,0.007202542,0.027862333
2371,1,-63.544586,-10.572303,-4.908117,52.346817,-0.080547065,0.15568782
2372,1,-113.35346,14.61308,6.3902426,27.817938,-0.960634,-0.10751275
2373,1,-163.46541,-15.978616,-7.7035747,14.469409,-0.12451172,0.025774991
2374,1,173.93044,-7.370045,-2.835271,14.604914,3.060714,0.12565851
2375,1,112.02719,8.416244,4.177714,27.121725,1.0404729,0.17132027
2376,1,50.32171,-7.831455,-3.3837922,51.21434,0.36482328,0.27185664
2377,1,-2.90972,11.024548,5.1090717,38.607323,-0.33152866,0.18746507
2378,1,-58.54103,-12.271067,-5.3940644,50.853493,-0.86825204,0.150537
2379,1,-108.1869,16.419086,7.4860296,25.023209,-1.3348107,0.012409068
2380,1,-157.88956,-18.029243,-7.5082173,13.793748,-3.430367,-0.030651918
2381,1,174.94803,-7.297521,-1.7264113,14.238521,2.646132,0.11556856
2382,1,113.156395,8.404841,4.8807755,25.91361,1.5212277,0.30674604
2383,1,51.55017,-8.161329,-2.752128,49.953873,0.33100173,0.36771592
2384,1,-2.0704312,11.241246,5.925226,36.772446,-0.5067336,0.30337015
2385,1,-57.409863,-12.842149,-4.9000125,49.589676,-1.3684459,0.18791169
2386,1,-106.93995,16.93028,8.217681,23.776806,-2.3463953,0.05745241
2387,1,-156.59421,-18.718758,-7.3743854,13.370168,-3.006767,0.050492592
2388,1,174.45248,-7.402044,-1.002953,14.062509,2.3979614,0.16371086
2389,1,112.82325,8.35369,5.70963,25.437366,1.2653624,0.32296732
2390,1,51.06372,-8.129075,-1.9884981,49.114525,0.36153498,0.3825098
2391,1,-2.5337217,11.080304,6.505798,36.083107,-0.53356797,0.32289144
2392,1,-58.23214,-12.670643,-4.1964235,48.678055,-1.3215076,0.24471216
2393,1,-107.54946,16.664892,8.832209,23.228222,-2.093454,0.098633505
2394,1,-156.19319,-18.472795,-6.7974887,13.182109,-3.2520666,0.0016695417
2395,1,173.65305,-7.3219395,0.05547492,13.900137,1.5472832,0.099845566
2396,1,112.30161,8.3459,6.302954,25.2182,0.9079549,0.25153252
2397,1,50.706654,-8.091372,-1.4691144,48.747025,0.24252374,0.31678444
2398,1,-3.1800294,11.034396,6.9977574,35.72369,-0.37100774,0.27680323
2399,1,-58.697613,-12.547097,-3.6883175,48.259792,-0.98606545,0.20371902
2400,1,-108.054474,16.531366,9.120972,22.95367,-1.5435693,0.12210693
2401,1,-156.91634,-18.20361,-6.0588307,12.924029,-2.0033958,0.067447595
2402,1,173.21483,-7.3707323,0.41459528,13.90379,0.78630805,0.06598645
2403,1,112.039474,8.33617,6.7204204,25.150028,0.45537347,0.14240691
2404,1,50.375755,-8.030827,-1.1021284,48.54269,0.12511384,0.17415428
2405,1,-3.4169486,11.007865,7.235574,35.622364,-0.2040517,0.15584508
2406,1,-59.144863,-12.447626,-3.380796,48.01443,-0.50356877,0.12717184
2407,1,-108.29291,16.452183,9.40801,22.850042,-0.78969365,0.069577634
2408,1,-156.35321,-18.129044,-6.0245194,12.9490595,-1.1127884,0.017823054
2409,1,173.00589,-7.3142886,0.75080335,13.839351,-0.00044573934,-0.00062253437
2410,1,111.88935,8.340883,6.8387814,25.11073,8.2462335e-05,0.00075803295
2411,1,50.32786,-8.027539,-1.0107777,48.525322,-0.0003771552,-0.0001920163
2412,1,-3.608877,11.0203905,7.3579583,35.55321,0.000117268726,0.0006024779
2413,1,-59.15116,-12.432634,-3.2886379,47.992695,-0.00022637832,-3.1005504e-05
2414,1,-108.394966,16.445719,9.423973,22.78668,0.00018719984,0.0003718037
2415,1,-156.87085,-18.074192,-5.761976,12.823075,0.00017926659,-0.00017006519
2416,1,173.2152,-7.3691998,0.4158117,13.903522,-0.7864827,-0.06626033
2417,1,112.03999,8.334747,6.719517,25.150524,-0.45561296,-0.14164148
2418,1,50.37582,-8.029785,-1.1013432,48.542355,-0.12550172,-0.17402025
2419,1,-3.4170537,11.007002,7.235083,35.623035,0.20403199,-0.15504421
2420,1,-59.145298,-12.447062,-3.3803227,48.014133,0.5033381,-0.12697859
2421,1,-108.29371,16.451641,9.40773,22.850504,0.78990346,-0.069042124
2422,1,-156.35405,-18.128658,-6.0243535,12.948959,1.1132456,-0.017847255
2423,1,173.6546,-7.319717,0.05606896,13.900005,-1.5475943,-0.09952106
2424,1,112.30224,8.343771,6.302319,25.219137,-0.9082739,-0.25131983
2425,1,50.707123,-8.089638,-1.4683125,48.74628,-0.242628,-0.31624436
2426,1,-3.1804469,11.032731,6.997195,35.725155,0.37079403,-0.2764365
2427,1,-58.69829,-12.545713,-3.6875534,48.25901,0.98608136,-0.20326705
2428,1,-108.05612,16.529732,9.120354,22.954758,1.543766,-0.12186967
2429,1,-156.91792,-18.201944,-6.0581374,12.923757,2.003799,-0.06738355
2430,1,174.45436,-7.398356,-1.0007894,14.062213,-2.3982065,-0.16367662
2431,1,112.82446,8.350322,5.708097,25.438873,-1.2654852,-0.32273698
2432,1,51.064407,-8.126281,-1.9870948,49.11328,-0.3616903,-0.3821151
2433,1,-2.5343046,11.077636,6.5047956,36.085407,0.5335247,-0.3225662
2434,1,-58.232967,-12.668278,-4.19519,48.676685,1.3215508,-0.24437915
2435,1,-107.55175,16.662083,8.831047,23.22995,2.0937126,-0.09842495
2436,1,-156.19548,-18.46987,-6.7961807,13.181606,3.2525492,-0.001514476
2437,1,174.95074,-7.2924614,-1.724253,14.238182,-2.646371,-0.115416
2438,1,113.15787,8.400228,4.8788953,25.915398,-1.5213403,-0.30659276
2439,1,51.55107,-8.157611,-2.750377,49.952503,-0.33107454,-0.3674476
2440,1,-2.0709355,11.238021,5.923934,36.775066,0.5067625,-0.30315733
2441,1,-57.410694,-12.839583,-4.8986764,49.588196,1.3685772,-0.18765132
2442,1,-106.94245,16.927574,8.21661,23.778708,2.3466897,-0.057354815
2443,1,-156.59668,-18.716131,-7.373292,13.369656,3.0074213,-0.050494157
2444,1,173.9331,-7.36341,-2.8322272,14.604607,-3.0606775,-0.12570432
2445,1,112.02904,8.410286,4.175117,27.123798,-1.0406746,-0.17127429
2446,1,50.322678,-7.8266764,-3.3815901,51.212795,-0.36482856,-0.27167618
2447,1,-2.910033,11.020635,5.1074276,38.61026,0.33155107,-0.1873606
2448,1,-58.541637,-12.268147,-5.3926086,50.8519,0.8683483,-0.15040162
2449,1,-108.18925,16.416374,7.4848146,25.02528,1.3351432,-0.012356418
2450,1,-157.89201,-18.026894,-7.507226,13.793194,3.4305143,0.030747779
2451,1,169.64316,-6.751097,-2.8984427,15.432613,-0.6410364,0.05943047
2452,1,107.25125,7.8349156,3.2997854,30.01599,-0.7925291,-0.120186366
2453,1,45.59184,-6.915058,-3.311356,52.9112,0.0505429,-0.0710291
2454,1,-8.45498,10.202232,4.0684705,42.012302,-0.0071409154,-0.02784236
2455,1,-63.54496,-10.567653,-4.906018,52.34422,0.0805969,-0.15565254
2456,1,-113.355644,14.608594,6.388347,27.820917,0.96060216,0.10750979
2457,1,-163.46751,-15.974398,-7.701613,14.468607,0.12493213,-0.025846133
2458,1,144.76616,10.459078,4.494267,11.249485,2.06617,0.11815486
2459,1,90.308136,-8.95006,-3.871389,39.399883,0.27530843,-0.017255317
2460,1,40.13039,9.651481,3.8267252,39.676445,0.49648798,0.06776723
2461,1,-9.790032,-8.00772,-3.7896805,56.615566,0.18498506,0.13122158
2462,1,-54.356503,10.946731,4.4760575,39.06908,-0.21170026,-0.08252565
2463,1,-97.896965,-10.6795225,-5.1337204,38.28296,0.17077678,0.10455287
2464,1,-138.21667,12.037871,5.907767,11.177312,-1.8771452,-0.022834625
2465,1,149.2933,11.503549,5.8663297,9.936691,2.9398603,-0.0064742467
2466,1,94.84439,-9.912045,-4.19374,37.7978,1.850467,0.17199317
2467,1,45.3539,10.358408,4.867323,36.452682,0.8965045,0.1655029
2468,1,-5.220752,-9.14132,-4.054793,54.84015,0.36521077,0.13716349
2469,1,-49.463757,12.030746,5.3832183,35.91928,-0.21115038,0.066965714
2470,1,-93.34066,-12.280579,-5.320985,36.61677,-1.1870469,-0.0005757474
2471,1,-134.08852,13.337397,5.714834,9.934564,-1.9347031,-0.009539183
2472,1,150.31169,11.345927,6.158253,9.585618,3.722528,0.12841648
2473,1,96.01757,-10.074512,-3.279198,36.758827,2.1616778,0.2166122
2474,1,46.23507,10.483522,5.577225,34.694725,1.1529249,0.19005005
2475,1,-4.010494,-9.55916,-3.5814052,53.490807,0.2244401,0.17190725
2476,1,-48.386044,12.354648,6.063981,34.178722,-0.5799572,0.06968319
2477,1,-92.09805,-12.820468,-5.1090717,35.59002,-1.4655005,0.014546611
2478,1,-131.808,14.015927,6.8359246,9.531864,-3.1351557,-0.043178596
2479,1,149.68997,11.497436,7.555762,9.290158,2.9299705,0.05052812
2480,1,95.40133,-10.0831,-2.6403127,36.141705,1.9034663,0.18978776
2481,1,45.963757,10.382751,6.204003,34.00347,0.9467928,0.20832877
2482,1,-4.547744,-9.4834,-2.9190795,52.47514,0.12867811,0.15997289
2483,1,-48.72596,12.172238,6.5435863,33.45451,-0.7167288,0.07909526
2484,1,-92.19429,-12.609889,-4.5333223,34.915012,-1.5811065,0.0243535
2485,1,-132.39449,13.734594,7.1812906,9.228184,-2.2677844,0.012575049
2486,1,148.97241,11.352,7.936063,9.277708,2.0198886,0.06664278
2487,1,95.14995,-10.027265,-1.9873219,35.823467,1.3163022,0.15125406
2488,1,45.430084,10.342388,6.6817694,33.607815,0.66185737,0.15030967
2489,1,-4.904329,-9.398558,-2.4803298,52.00424,0.021371966,0.13339859
2490,1,-49.260483,12.103043,6.9120445,33.052303,-0.5443662,0.07494917
2491,1,-92.72067,-12.4819,-4.0309668,34.5277,-1.13104,0.027997335
2492,1,-131.97653,13.60024,7.4226475,9.183264,-1.872874,-0.01563763
2493,1,148.73712,11.424053,8.572309,9.15993,1.0160518,0.023471652
2494,1,94.71602,-10.011836,-1.657477,35.645645,0.6645125,0.074707076
2495,1,45.28658,10.332175,6.947206,33.480846,0.3303329,0.08554437
2496,1,-5.2478666,-9.327515,-2.1751788,51.729992,0.016475355,0.072587326
2497,1,-49.50588,12.06201,7.1257176,32.904865,-0.30317003,0.041202538
2498,1,-92.82569,-12.3693285,-3.803721,34.324787,-0.6013405,0.024851043
2499,1,-132.70862,13.509621,7.7430544,9.043703,-0.8454582,0.0120912595
2500,1,148.41714,11.3443575,8.562915,9.21225,-0.00022228983,0.00052340445
2501,1,94.78884,-9.984252,-1.5087918,35.619843,-0.0003433234,-0.00026831863
2502,1,45.09457,10.331212,7.0606785,33.402336,-1.0648544e-05,0.000527849
2503,1,-5.289978,-9.312986,-2.1052842,51.690464,-0.00021566106,-6.181042e-05
2504,1,-49.651333,12.06924,7.2079597,32.826233,0.00013169085,0.0004249811
2505,1,-93.006645,-12.369653,-3.6715431,34.283817,7.018927e-05,-5.121892e-05
2506,1,-132.08992,13.504952,7.6739883,9.101334,0.0003899369,0.00026017692
2507,1,148.73785,11.422222,8.571245,9.160241,-1.0167565,-0.023069235
2508,1,94.71628,-10.010238,-1.6565669,35.645294,-0.6649671,-0.074714504
2509,1,45.28675,10.330939,6.9465394,33.481503,-0.33053908,-0.0849001
2510,1,-5.247964,-9.326661,-2.1746502,51.729588,-0.016721984,-0.07241941
2511,1,-49.506313,12.061397,7.1253934,32.905487,0.30331418,-0.040592916
2512,1,-92.82633,-12.368948,-3.803476,34.324512,0.6016075,-0.02478766
2513,1,-132.70941,13.509437,7.742939,9.043847,0.8461677,-0.01184255
2514,1,148.9735,11.3490505,7.935203,9.278093,-2.0204642,-0.06667995
2515,1,95.150856,-10.024697,-1.9863168,35.822845,-1.3165891,-0.15093017
2516,1,45.43022,10.340287,6.6809163,33.609142,-0.6621592,-0.15003358
2517,1,-4.904362,-9.3969145,-2.4795465,52.003338,-0.021441167,-0.1329699
2518,1,-49.261414,12.10162,6.911473,33.053658,0.54442817,-0.07463546
2519,1,-92.72183,-12.48067,-4.030402,34.527027,1.1313524,-0.027716558
2520,1,-131.97816,13.599158,7.422128,9.183577,1.8736175,0.015756404
2521,1,149.69208,11.492723,7.5533633,9.29076,-2.9303942,-0.05042212
2522,1,95.40259,-10.079055,-2.6384015,36.14072,-1.9038037,-0.18952681
2523,1,45.96404,10.379468,6.2025514,34.00553,-0.94695985,-0.20810552
2524,1,-4.5477185,-9.480752,-2.9178526,52.473648,-0.12875122,-0.15961264
2525,1,-48.72722,12.169919,6.5426373,33.45662,0.71687317,-0.07883113
2526,1,-92.195885,-12.607774,-4.532332,34.913887,1.5814679,-0.024126124
2527,1,-132.39668,13.732707,7.1803894,9.22871,2.2685194,-0.012561145
2528,1,150.31389,11.339518,6.155815,9.586438,-3.722818,-0.12846568
2529,1,96.019264,-10.068972,-3.27688,36.757637,-2.1619005,-0.21644963
2530,1,46.2355,10.479176,5.575315,34.69721,-1.1530532,-0.18988122
2531,1,-4.0103583,-9.555836,-3.5798662,53.489056,-0.22446714,-0.17163023
2532,1,-48.38742,12.352092,6.0628667,34.181187,0.5801269,-0.0695154
2533,1,-92.09974,-12.818423,-5.1081347,35.588745,1.4659036,-0.014350741
2534,1,-131.81068,14.014321,6.8350973,9.532447,3.1356804,0.043279774
2535,1,149.29593,11.495359,5.862586,9.937566,-2.9403822,0.006573044
2536,1,94.84606,-9.905011,-4.190546,37.796463,-1.8505408,-0.17189185
2537,1,45.354523,10.352984,4.864855,36.455566,-0.8966472,-0.16542286
2538,1,-5.220555,-9.1372385,-4.0529714,54.83815,-0.36522192,-0.1369976
2539,1,-49.465065,12.027884,5.381945,35.9221,0.21130662,-0.066846736
2540,1,-93.342285,-12.278511,-5.3200555,36.615364,1.187229,0.00065129605
2541,1,-134.0912,13.336136,5.7143407,9.935243,1.9354131,0.009500446
2542,1,144.76845,10.44761,4.4891663,11.250864,-2.0659838,-0.118383095
2543,1,90.309906,-8.940186,-3.8670685,39.397736,-0.2756332,0.017358528
2544,1,40.13078,9.64388,3.823346,39.680645,-0.49640295,-0.067784674
2545,1,-9.78965,-8.001778,-3.787104,56.612453,-0.18506144,-0.13115472
2546,1,-54.357853,10.942347,4.474087,39.073147,0.21173276,0.08254367
2547,1,-97.898155,-10.676119,-5.1321573,38.280895,-0.1705685,-0.10452733
2548,1,-138.21915,12.035332,5.9064155,11.178331,1.8770787,0.022892838
2549,1,120.30976,-14.111306,-5.7198057,15.011506,0.94412005,-0.12040313
2550,1,75.48292,11.965467,4.9415245,29.066109,1.1507424,0.15310298
2551,1,31.230145,-9.059862,-3.809836,53.015682,0.598641,0.07621988
2552,1,-6.45105,8.797584,3.8007338,43.06219,0.33283234,-0.061156992
2553,1,-47.73333,-7.9940524,-3.7980876,50.95408,0.3616066,0.13940576
2554,1,-81.43177,9.364951,4.271018,29.990004,-0.4873467,-0.09254924
2555,1,-112.93945,-8.186321,-4.3494873,14.717219,-0.3262437,-0.0051470436
2556,1,125.13794,-15.697156,-6.617462,14.329798,4.2466555,0.16896819
2557,1,80.655014,13.046986,6.7036724,26.177889,2.3915377,0.12758182
2558,1,35.516243,-10.022964,-4.0691304,51.202286,1.6454482,0.09845228
2559,1,-1.7128947,9.496771,4.7364554,39.79895,0.966335,0.071061425
2560,1,-43.658443,-9.177657,-3.8854027,48.985603,0.28450516,-0.013321151
2561,1,-77.66885,10.369059,4.6620913,27.272015,-0.41067275,-0.03818917
2562,1,-109.020164,-9.038713,-3.4088898,13.780481,-2.5419683,-0.02755782
2563,1,125.56861,-15.500485,-4.598216,13.835854,4.3623214,0.016881082
2564,1,80.831184,13.113392,7.2429256,24.937822,3.0183096,0.11105524
2565,1,36.26297,-10.326803,-3.357657,49.838127,1.8747855,0.12069502
2566,1,-1.1562002,9.700917,5.482898,37.953186,1.0166498,0.01016192
2567,1,-42.777275,-9.587073,-3.5345085,47.614742,0.065961346,-0.040998165
2568,1,-76.320984,10.806941,5.4209623,26.02809,-1.0878918,-0.09905405
2569,1,-108.008606,-9.6805,-3.7836077,13.406712,-2.0156784,-0.030958284
2570,1,124.50387,-15.718996,-4.3467646,13.714143,3.6175666,0.07607773
2571,1,80.515114,13.107499,8.163403,24.391592,2.5195508,0.093407705
2572,1,35.576565,-10.283164,-2.7041218,48.90469,1.5703979,0.057631098
2573,1,-1.4840096,9.623875,5.9768023,37.13607,0.6432013,0.000826484
2574,1,-42.99035,-9.425914,-2.9815295,46.733147,-0.17567717,-0.06116612
2575,1,-76.560036,10.618259,5.7860537,25.460468,-1.004978,-0.08846346
2576,1,-107.43997,-9.400035,-2.9505134,13.182893,-2.238358,-0.051684417
2577,1,124.43241,-15.50806,-3.3186822,13.485834,2.4941216,0.016621932
2578,1,79.826836,13.040833,8.589091,24.079163,1.7079909,0.035406627
2579,1,35.397663,-10.174198,-2.238662,48.468204,1.0277339,0.036810637
2580,1,-1.8951024,9.601341,6.348852,36.69638,0.4293878,-0.013208921
2581,1,-43.37696,-9.315419,-2.5847232,46.268383,-0.21260598,-0.049952026
2582,1,-76.70377,10.566367,6.1079984,25.166805,-0.8346386,-0.062015444
2583,1,-108.33625,-9.323097,-2.4994338,12.9998865,-1.3538527,-0.014896346
2584,1,123.68998,-15.577307,-3.1380215,13.5020075,1.2269887,0.008990435
2585,1,79.946236,13.064083,8.932419,23.98162,0.88382953,0.01170841
2586,1,35.06098,-10.123333,-1.9539042,48.200268,0.534012,0.009695328
2587,1,-2.1447375,9.594254,6.55029,36.53228,0.18893157,-0.009339928
2588,1,-43.62225,-9.2185335,-2.337149,46.02096,-0.11737829,-0.024886586
2589,1,-77.08658,10.49623,6.3403716,25.035715,-0.42298976,-0.034583963
2590,1,-107.88634,-9.223722,-2.2618449,12.976406,-0.7971066,-0.01916364
2591,1,124.03713,-15.484658,-2.8738072,13.418505,-0.00042598325,-0.00029636867
2592,1,79.50155,13.02334,9.021729,23.918901,-0.0002497647,0.0004030209
2593,1,35.06974,-10.098151,-1.8670299,48.17126,-0.00028133593,-9.693915e-05
2594,1,-2.2385652,9.603782,6.633796,36.45173,1.5541571e-05,0.0004100071
2595,1,-43.713905,-9.210806,-2.261653,45.97366,-1.3795878e-05,-1.7416105e-05
2596,1,-76.986145,10.518956,6.382891,24.98123,0.00029372066,0.00030864205
2597,1,-108.5701,-9.230369,-2.0912466,12.905777,0.0004165463,-0.0001289825
2598,1,123.69043,-15.5750885,-3.136894,13.501807,-1.2277896,-0.009129896
2599,1,79.94669,13.062246,8.931465,23.982218,-0.8843662,-0.011326078
2600,1,35.061153,-10.121969,-1.9532377,48.199757,-0.5344378,-0.009569493
2601,1,-2.1449292,9.593383,6.5498357,36.532997,-0.18900004,0.009894767
2602,1,-43.62253,-9.217971,-2.3368292,46.02059,0.11744017,0.025048517
2603,1,-77.087166,10.495972,6.340222,25.036123,0.42349872,0.035041757
2604,1,-107.88713,-9.223751,-2.2618728,12.976279,0.7979673,0.019126553
2605,1,124.43365,-15.50427,-3.3174262,13.485521,-2.4947252,-0.016466832
2606,1,79.82756,13.037746,8.587758,24.080248,-1.7085973,-0.0352535
2607,1,35.398117,-10.17179,-2.2376554,48.4672,-1.0280294,-0.036484078
2608,1,-1.8955588,9.599672,6.348099,36.697845,-0.429509,0.0135264
2609,1,-43.377422,-9.314107,-2.584113,46.26756,0.2127495,0.050299764
2610,1,-76.70497,10.565453,6.107608,25.167677,0.8351496,0.06225813
2611,1,-108.33771,-9.322544,-2.499225,12.999627,1.3546853,0.014979205
2612,1,124.505486,-15.713129,-4.343902,13.713747,-3.618207,-0.07602878
2613,1,80.516365,13.102738,8.161079,24.39319,-2.5199234,-0.093329094
2614,1,35.577248,-10.279412,-2.702519,48.90311,-1.5707061,-0.057296075
2615,1,-1.4845965,9.621286,5.9756217,37.138317,-0.64325774,-0.0005712745
2616,1,-42.990963,-9.423797,-2.9805877,46.731804,0.1758261,0.06149091
2617,1,-76.56161,10.616735,5.7853723,25.461828,1.0054796,0.088683665
2618,1,-107.44215,-9.399075,-2.9501781,13.182455,2.2391498,0.05183392
2619,1,125.57082,-15.492412,-4.5952744,13.835194,-4.362697,-0.016736982
2620,1,80.83269,13.10684,7.2400928,24.93991,-3.0186775,-0.11097201
2621,1,36.263916,-10.321706,-3.3555298,49.83609,-1.8750004,-0.12043674
2622,1,-1.1568922,9.697669,5.481327,37.95596,-1.0166588,-0.009961275
2623,1,-42.777786,-9.5845995,-3.5334013,47.61311,-0.06580032,0.04128482
2624,1,-76.32291,10.80552,5.420286,26.029734,1.0883281,0.09920108
2625,1,-108.011055,-9.679839,-3.783307,13.406199,2.0165405,0.030997302
2626,1,125.13964,-15.687113,-6.612675,14.329226,-4.2466774,-0.16906251
2627,1,80.65686,13.038873,6.6997447,26.180271,-2.3918698,-0.12755768
2628,1,35.51721,-10.016647,-4.0663776,51.19991,-1.645608,-0.09828271
2629,1,-1.7136003,9.492917,4.734592,39.802162,-0.96633065,-0.07088596
2630,1,-43.658985,-9.174779,-3.8842297,48.98376,-0.28439915,0.013465181
2631,1,-77.67073,10.367722,4.6615057,27.273947,0.41108602,0.038314115
2632,1,-109.022896,-9.038503,-3.409091,13.779893,2.5423572,0.027650423
2633,1,120.31161,-14.096951,-5.7136817,15.010433,-0.94467837,0.12069796
2634,1,75.48465,11.953995,4.9365478,29.06973,-1.1505657,-0.15321805
2635,1,31.231457,-9.050907,-3.8061564,53.012005,-0.5988769,-0.07612009
2636,1,-6.4521365,8.79205,3.7981062,43.066856,-0.3327726,0.06119389
2637,1,-47.733444,-7.9897933,-3.7962496,50.951313,-0.3615469,-0.13934577
2638,1,-81.43355,9.362649,4.2698092,29.992887,0.48737395,0.09256894
2639,1,-112.94177,-8.185394,-4.3487883,14.716418,0.32671303,0.005105174
2640,1,97.38389,18.653296,7.920963,10.467372,2.7914736,0.27315104
2641,1,57.22259,-14.363204,-5.206085,40.847908,1.1352266,-0.036783535
2642,1,29.060713,8.321354,4.1800513,40.11445,0.91174334,0.0030009546
2643,1,-7.6232424,-8.508935,-3.1906772,55.222473,0.942322,0.1589147
2644,1,-36.973812,6.5856004,3.5186183,40.13533,0.32722506,-0.182986
2645,1,-66.98319,-7.0336494,-3.2925217,37.158775,0.34222472,0.028851604
2646,1,-86.33666,5.2499714,3.216143,12.067693,-1.3882931,-0.019081762
2647,1,102.402596,20.853031,11.568536,8.94167,4.821868,-0.048338108
2648,1,61.377964,-15.809951,-6.104157,39.284924,3.3825254,0.1273175
2649,1,33.802113,8.931064,5.6877823,36.819138,2.5558138,0.10899303
2650,1,-4.3466687,-9.365644,-2.9463563,52.97056,1.8362348,-0.07345789
2651,1,-33.628147,7.289603,4.210947,37.083134,0.9574313,-0.14438954
2652,1,-63.84975,-7.929235,-2.9310627,35.03782,-0.29161176,-0.19740927
2653,1,-83.74981,5.686553,2.5263817,10.802324,-1.5540705,-0.08163381
2654,1,101.27208,20.522795,11.4396515,8.702588,5.3798556,0.114869155
2655,1,61.176155,-15.999573,-4.6092954,38.161545,4.027416,0.10469462
2656,1,32.95012,9.091325,6.6032457,34.956768,2.8081856,-0.06307337
2657,1,-4.590097,-9.58484,-2.38723,51.557316,1.6381054,-0.16536175
2658,1,-33.173527,7.6320977,4.8764873,35.481094,0.61069965,-0.27810204
2659,1,-63.209805,-8.341478,-2.8154206,34.08158,-0.48001334,-0.23717785
2660,1,-82.2856,6.2823033,3.934713,10.435802,-2.113531,-0.118776396
2661,1,100.8144,20.82319,13.304078,8.291379,4.477466,-0.02307693
2662,1,59.79395,-15.972303,-4.012044,37.46319,3.1072628,-0.04731943
2663,1,32.542183,9.185202,7.1957536,34.26523,2.0544968,-0.12058742
2664,1,-4.841824,-9.427409,-1.915161,50.642788,1.179573,-0.21834108
2665,1,-33.347744,7.5620017,5.2209916,34.786663,0.2445087,-0.26194617
2666,1,-63.006348,-8.131531,-2.2434916,33.52251,-0.71060103,-0.23957184
2667,1,-82.99226,5.9993477,4.1620655,10.202872,-1.4927315,-0.09454546
2668,1,99.753296,20.5816,13.445181,8.326111,2.7666125,-0.04539121
2669,1,60.19903,-15.765104,-3.4495325,37.1838,2.1215596,-0.08175039
2670,1,32.200954,9.173442,7.483366,33.85342,1.421662,-0.12921621
2671,1,-5.2014675,-9.289923,-1.5839616,50.19901,0.7116583,-0.17688143
2672,1,-33.61726,7.555519,5.4917393,34.434303,0.09663263,-0.20762189
2673,1,-63.486725,-8.057142,-1.8536882,33.211254,-0.5343696,-0.1782609
2674,1,-82.683266,6.01551,4.7177744,10.1464405,-1.2893784,-0.08360783
2675,1,100.578384,20.664196,13.786267,8.201249,1.4975814,-0.013533239
2676,1,59.478825,-15.781668,-3.2286415,36.983757,1.0470781,-0.048487138
2677,1,31.983532,9.203844,7.677186,33.72942,0.6798799,-0.08006402
2678,1,-5.386439,-9.213062,-1.4014075,49.959908,0.3534075,-0.099405155
2679,1,-33.8948,7.5355067,5.656593,34.2869,0.013918704,-0.112118885
2680,1,-63.485497,-7.9501424,-1.6134763,33.067825,-0.3095977,-0.092823565
2681,1,-83.58844,5.9057302,4.995916,10.068646,-0.56718445,-0.035404447
2682,1,99.33498,20.557564,13.784322,8.248598,-0.0005943952,0.0002699712
2683,1,59.919926,-15.6997385,-3.168854,36.969986,-0.00042383987,-0.00012938771
2684,1,31.935232,9.188561,7.7209373,33.651855,-0.00018504114,0.00034392875
2685,1,-5.483518,-9.191293,-1.343295,49.913074,-0.00014959039,-4.400307e-06
2686,1,-33.916313,7.553595,5.7096105,34.230442,0.00015088031,0.00034996384
2687,1,-63.745968,-7.966883,-1.5146699,33.028656,0.00027397615,-1.4612652e-05
2688,1,-82.99611,5.9536943,5.065245,10.090933,0.00056708883,0.00020542686
2689,1,100.579,20.661509,13.784774,8.201511,-1.4985362,0.013698574
2690,1,59.47935,-15.779496,-3.2277231,36.98319,-1.0479046,0.048559044
2691,1,31.983505,9.202488,7.676484,33.73019,-0.68031365,0.08046549
2692,1,-5.3864284,-9.212117,-1.4009559,49.959415,-0.35363567,0.09961854
2693,1,-33.895214,7.5351005,5.6563745,34.287506,-0.013663499,0.11263775
2694,1,-63.485928,-7.9499497,-1.6133542,33.067574,0.31018978,0.09293282
2695,1,-83.58918,5.9059815,4.9960155,10.068807,0.56832,0.035638858
2696,1,99.754364,20.576803,13.443033,8.326672,-2.7677474,0.04537061
2697,1,60.200047,-15.761286,-3.4480975,37.182777,-2.1221726,0.081922345
2698,1,32.200893,9.170999,7.4821687,33.85489,-1.4221174,0.1294713
2699,1,-5.2013927,-9.288049,-1.5831558,50.198017,-0.7118156,0.17723607
2700,1,-33.618088,7.5545363,5.491288,34.43556,-0.09640978,0.20797898
2701,1,-63.487488,-8.056403,-1.8533531,33.210705,0.5349584,0.17854193
2702,1,-82.68485,6.0154696,4.7177186,10.146755,1.2904717,0.08372868
2703,1,100.81642,20.816097,13.300035,8.291913,-4.4780674,0.023104843
2704,1,59.795532,-15.966501,-4.0096684,37.461674,-3.107976,0.047576513
2705,1,32.54208,9.181533,7.193902,34.26741,-2.0548463,0.12076158
2706,1,-4.8417344,-9.424528,-1.9139633,50.64125,-1.1797434,0.21872087
2707,1,-33.348816,7.5604906,5.220287,34.78855,-0.24427839,0.26227933
2708,1,-63.007496,-8.130327,-2.2429638,33.521645,0.7111807,0.23984355
2709,1,-82.994316,5.9992604,4.1620054,10.203357,1.4938143,0.09460527
2710,1,101.27419,20.512705,11.435509,8.703636,-5.380378,-0.11498307
2711,1,61.1783,-15.991371,-4.606261,38.159313,-4.027717,-0.10449388
2712,1,32.950005,9.086334,6.6007175,34.959637,-2.808497,0.06325157
2713,1,-4.589693,-9.580971,-2.3856626,51.555264,-1.6382596,0.165732
2714,1,-33.17492,7.630412,4.87556,35.48351,-0.6104889,0.2783662
2715,1,-63.210922,-8.340289,-2.8148804,34.080467,0.48056358,0.23745108
2716,1,-82.288345,6.2826414,3.934621,10.436421,2.114403,0.11889378
2717,1,102.40466,20.84098,11.562082,8.942539,-4.8222904,0.04849251
2718,1,61.380054,-15.799992,-6.099565,39.282448,-3.3827825,-0.12718302
2719,1,33.80204,8.925148,5.684636,36.822285,-2.5559404,-0.10879034
2720,1,-4.346515,-9.3608675,-2.9445925,52.96819,-1.8362942,0.07368319
2721,1,-33.62946,7.287817,4.2099543,37.08598,-0.95723945,0.14466216
2722,1,-63.85104,-7.928027,-2.9307256,35.03658,0.2919643,0.19753532
2723,1,-83.752686,5.6875005,2.5269923,10.803065,1.5549481,0.081632964
2724,1,97.385605,18.635536,7.9136057,10.469098,-2.7910202,-0.27357832
2725,1,57.22563,-14.348856,-5.2004976,40.84383,-1.1357077,0.036985375
2726,1,29.059956,8.313023,4.1761336,40.119194,-0.911647,-0.002968986
2727,1,-7.622594,-8.50219,-3.1881056,55.218834,-0.9423687,-0.15881705
2728,1,-36.975666,6.582862,3.5169408,40.13946,-0.32714188,0.18308732
2729,1,-66.983894,-7.031747,-3.2916033,37.157024,-0.34198767,-0.02881909
2730,1,-86.339424,5.250757,3.215937,12.068833,1.3883868,0.019133482
2731,1,72.97082,-25.685413,-8.938309,17.382792,1.9132624,-0.28131628
2732,1,45.55327,13.294117,6.2927666,28.976488,1.9238247,0.32298857
2733,1,19.163214,-12.61174,-3.1294544,55.676147,2.220267,0.20686696
2734,1,4.462516,0.55610067,3.3870585,43.61733,1.3527948,-0.31145838
2735,1,-32.967617,-9.489728,-2.8271854,46.17061,0.9220086,-0.037071
2736,1,-49.552628,3.737912,2.8628557,30.394327,0.061749797,-0.26301122
2737,1,-61.15267,-3.4718091,-2.1211762,13.476443,-0.47029853,-0.09065039
2738,1,77.4628,-28.894175,-11.346065,17.017422,6.6023073,0.3552969
2739,1,50.619682,14.501127,10.137629,25.438925,5.3317494,0.30770957
2740,1,20.524082,-13.310541,-2.522976,53.101044,4.0721173,-0.13710383
2741,1,5.8831644,1.0040392,4.2399025,40.345043,2.6748216,-0.3891131
2742,1,-31.668743,-10.203551,-2.714774,43.824833,1.3902825,-0.52015096
2743,1,-47.646317,4.313908,3.0359802,27.894566,0.27802628,-0.39612493
2744,1,-58.800434,-3.6843069,-0.48891363,12.410209,-1.7424926,-0.1832768
2745,1,74.730804,-28.452154,-6.8400097,16.136786,7.4218163,-0.021306045
2746,1,46.554096,14.767189,11.168989,23.825752,5.053307,-0.1514925
2747,1,18.194794,-13.218745,-1.7412777,51.85955,3.4012418,-0.39459047
2748,1,5.1775155,1.291114,4.681557,38.884377,2.162332,-0.58313185
2749,1,-31.788433,-10.501294,-2.5476,42.638348,0.9643902,-0.5886722
2750,1,-46.965668,4.6908073,3.7662864,26.909721,-0.31346294,-0.5099035
2751,1,-58.90089,-4.229925,-0.57245666,12.141974,-1.3439317,-0.19869375
2752,1,72.410126,-28.689167,-6.7809744,16.15247,4.4599934,-0.16391598
2753,1,47.011097,15.104703,11.810463,23.514347,3.539614,-0.3249762
2754,1,18.102661,-13.091839,-1.6467848,51.16082,2.509061,-0.41958463
2755,1,4.943859,1.3071152,4.8489666,38.23116,1.4675406,-0.5350886
2756,1,-31.760548,-10.362656,-2.2732153,41.997665,0.5339293,-0.55566525
2757,1,-47.168125,4.5264344,4.041173,26.490465,-0.35190815,-0.44892144
2758,1,-58.55181,-3.931719,0.52376205,11.963808,-1.4951402,-0.18567306
2759,1,74.750565,-28.369259,-6.6649976,15.942749,3.3411174,-0.046034865
2760,1,46.350994,14.913609,11.777852,23.22116,2.3697956,-0.23379017
2761,1,17.69063,-12.919047,-1.5008197,50.81765,1.5922804,-0.35066068
2762,1,4.6931505,1.2863146,4.89059,37.922825,0.9281576,-0.3963257
2763,1,-32.097527,-10.286729,-2.0560284,41.657074,0.2584067,-0.40851557
2764,1,-47.22846,4.528197,4.369486,26.303333,-0.3865222,-0.3262422
2765,1,-59.524128,-3.9874246,0.97044474,11.881653,-0.8858954,-0.12657462
2766,1,72.245316,-28.449839,-6.6843386,15.906034,1.435226,-0.06598296
2767,1,46.630234,15.001386,11.707569,23.15805,1.1123819,-0.13168408
2768,1,17.66585,-12.909105,-1.5187571,50.623016,0.7714911,-0.17461951
2769,1,4.4707193,1.2987236,4.9207006,37.789852,0.42591155,-0.21390547
2770,1,-32.183895,-10.213539,-1.938675,41.49932,0.106617704,-0.21007574
2771,1,-47.605022,4.457986,4.560558,26.219046,-0.19932708,-0.17161071
2772,1,-59.186752,-3.8571222,1.3919462,11.85544,-0.5549641,-0.06909815
2773,1,74.689644,-28.302986,-6.8342614,15.878564,-0.0005950755,-0.00016925808
2774,1,46.32394,14.915094,11.685325,23.089836,-0.00050762674,0.00026055006
2775,1,17.565687,-12.852786,-1.5231653,50.576744,-0.00036500205,3.6463254e-05
2776,1,4.4694233,1.2923893,4.9266577,37.74144,-4.676149e-07,0.00036680332
2777,1,-32.31671,-10.210719,-1.8964741,41.45698,0.00013437723,2.1499705e-05
2778,1,-47.486004,4.4960628,4.6231847,26.192566,0.00041007964,0.00025296284
2779,1,-59.868923,-3.922109,1.4997966,11.834011,0.0006730722,-7.620516e-05
2780,1,72.24604,-28.446503,-6.682975,15.905741,-1.4366621,0.06602809
2781,1,46.630558,14.999084,11.706382,23.158724,-1.1134013,0.13188557
2782,1,17.66612,-12.907405,-1.5180534,50.622185,-0.7721806,0.174925
2783,1,4.4701567,1.2982603,4.9204173,37.79063,-0.42592734,0.21444045
2784,1,-32.183903,-10.21297,-1.93837,41.49912,-0.106336415,0.21027398
2785,1,-47.605556,4.4580026,4.5605593,26.219465,0.20012936,0.1720082
2786,1,-59.187454,-3.8575277,1.3917884,11.855391,0.5562306,0.06908657
2787,1,74.75171,-28.363045,-6.663044,15.9419985,-3.342099,0.046079233
2788,1,46.351974,14.909375,11.775699,23.222385,-2.3708618,0.23392291
2789,1,17.691097,-12.91578,-1.499505,50.8161,-1.5928681,0.35102087
2790,1,4.6921096,1.2853236,4.890056,37.92439,-0.9282328,0.39674655
2791,1,-32.097546,-10.285408,-2.0553832,41.656597,-0.25810233,0.40885946
2792,1,-47.22953,4.527933,4.369376,26.304235,0.38729492,0.3265094
2793,1,-59.525337,-3.9877656,0.9703343,11.881535,0.8871929,0.12667553
2794,1,72.41235,-28.680494,-6.7776365,16.151852,-4.4614215,0.16397181
2795,1,47.012077,15.098561,11.807163,23.515985,-3.5403981,0.32498083
2796,1,18.103222,-13.087028,-1.6448501,51.15859,-2.5097153,0.420027
2797,1,4.9424706,1.3056968,4.848195,38.23346,-1.4675876,0.5355116
2798,1,-31.760632,-10.3606415,-2.2723103,41.996952,-0.53366894,0.5560292
2799,1,-47.169487,4.526004,4.04099,26.491772,0.35264093,0.44922215
2800,1,-58.55379,-3.9322276,0.523467,11.963641,1.4963039,0.1858303
2801,1,74.73435,-28.439009,-6.83668,16.135113,-7.4218435,0.021526067
2802,1,46.55592,14.758339,11.164489,23.828196,-5.0542445,0.15153769
2803,1,18.195805,-13.211829,-1.7386613,51.856308,-3.4018433,0.39507818
2804,1,5.175531,1.2892809,4.680341,38.887474,-2.162442,0.583545
2805,1,-31.788158,-10.498715,-2.5464587,42.637314,-0.9641904,0.5890942
2806,1,-46.967552,4.690652,3.7660556,26.911482,0.31409356,0.51014996
2807,1,-58.903023,-4.2309866,-0.5728401,12.141715,1.3450795,0.19878718
2808,1,77.464554,-28.879343,-11.338798,17.016237,-6.6018186,-0.35546783
2809,1,50.621914,14.490976,10.131441,25.44108,-5.331784,-0.30754828
2810,1,20.52477,-13.301939,-2.519951,53.097206,-4.0725856,0.13746314
2811,1,5.8812776,1.0021603,4.238422,40.3486,-2.6748528,0.38960183
2812,1,-31.668617,-10.200333,-2.713753,43.82371,-1.3901166,0.5204216
2813,1,-47.648094,4.314013,3.0359416,27.896702,-0.2775149,0.3963388
2814,1,-58.803154,-3.6860123,-0.49012032,12.409931,1.7432952,0.18339682
2815,1,72.9733,-25.662367,-8.929881,17.379967,-1.9137983,0.2819963
2816,1,45.555107,13.27937,6.28654,28.980434,-1.9234737,-0.32309464
2817,1,19.164663,-12.599697,-3.1257126,55.669903,-2.2203789,-0.20669678
2818,1,4.4583135,0.55347806,3.38469,43.62245,-1.3527459,0.31171247
2819,1,-32.96639,-9.485426,-2.8256557,46.168964,-0.9219054,0.03713234
2820,1,-49.55503,3.7377288,2.8622103,30.39729,-0.06160593,0.26310185
2821,1,-61.15488,-3.4737883,-2.1214514,13.476135,0.4708146,0.09062535
2822,1,51.84719,34.04899,14.069167,10.0741825,5.977806,1.0726812
2823,1,19.571974,-24.500408,-3.8380532,57.199776,5.2633634,0.24560949
2824,1,43.954315,-13.02577,3.3952556,43.490013,2.838152,-0.7281337
2825,1,-2.9443488,-18.21287,-2.787115,46.03831,1.7229662,-0.26918945
2826,1,-14.902305,-3.8172555,2.4660738,37.80262,0.8276386,-0.53287363
2827,1,-39.40074,-8.084452,-2.2625184,28.408438,0.42242292,-0.24423668
2828,1,-36.117958,1.5169368,2.0243292,11.468993,-0.6956305,-0.104838766
2829,1,54.87384,38.5523,27.406506,6.699376,11.773046,0.070594415
2830,1,15.294011,-25.621237,-4.2587066,54.21678,7.504243,-0.34018713
2831,1,39.696198,-13.100835,3.8660488,40.10936,4.870888,-1.0683079
2832,1,-5.8636603,-18.829374,-3.1883597,43.576584,2.848974,-1.1128112
2833,1,-15.944859,-3.4001706,2.5061245,35.288837,1.5267541,-0.8885855
2834,1,-38.823807,-8.536754,-1.9897703,26.424599,0.19674541,-0.75619876
2835,1,-35.308495,1.6376778,1.6570206,10.495033,-1.1162865,-0.2818163
2836,1,44.189342,38.381,27.076214,6.6238165,6.525934,-0.47609717
2837,1,11.073798,-25.203606,-4.013558,54.004498,5.0579824,-0.91837305
2838,1,38.196644,-13.1406145,3.1344457,39.27482,3.4023993,-1.0320238
2839,1,-6.796712,-19.326014,-3.4589543,42.61407,2.0881884,-1.1564401
2840,1,-15.884903,-3.2462616,2.5364382,34.20395,0.9527753,-1.0537232
2841,1,-38.654827,-8.950339,-1.9918557,25.706156,-0.09087306,-0.78022647
2842,1,-34.89211,2.1003249,3.2176352,10.238587,-1.4435053,-0.3277178
2843,1,50.503807,38.73181,25.50846,6.482257,4.729097,-0.1344235
2844,1,11.793003,-25.51848,-5.138704,53.640747,3.5136042,-0.5825102
2845,1,37.957195,-13.164973,2.5899792,38.85135,2.4686644,-0.88771456
2846,1,-6.8277073,-19.4011,-3.8311331,42.084064,1.4592258,-0.93066555
2847,1,-16.03097,-3.4752226,2.5167913,33.71444,0.568508,-0.8873156
2848,1,-38.58137,-8.835728,-1.565521,25.358408,-0.32079855,-0.6899539
2849,1,-35.70591,1.8056142,3.6676598,10.108023,-0.9983877,-0.2721686
2850,1,46.65203,38.331383,24.63002,6.298802,2.9417665,-0.21301763
2851,1,11.559922,-25.268713,-5.8493743,53.339123,2.1376755,-0.41699788
2852,1,37.76863,-13.329532,2.0306852,38.66267,1.4826277,-0.55436814
2853,1,-7.042272,-19.385445,-4.0255475,41.78558,0.86658585,-0.65800375
2854,1,-16.147583,-3.5532036,2.476566,33.504005,0.28446513,-0.61630565
2855,1,-38.958527,-8.866688,-1.2871804,25.165276,-0.26961538,-0.48682505
2856,1,-35.591866,1.9009211,4.4509726,10.069622,-0.92254794,-0.19470647
2857,1,50.07674,38.43706,23.742128,6.3736596,1.3610438,-0.050536428
2858,1,11.773617,-25.346401,-6.33989,53.18564,1.0338999,-0.19355929
2859,1,37.72125,-13.272219,1.6812994,38.51296,0.71675116,-0.28815937
2860,1,-7.0432196,-19.392416,-4.182134,41.658554,0.40805322,-0.32019103
2861,1,-16.341913,-3.6054423,2.4720197,33.378944,0.11360371,-0.3187705
2862,1,-38.967266,-8.790232,-1.084435,25.103027,-0.17910907,-0.24458818
2863,1,-36.339287,1.7566968,4.738767,10.038341,-0.3941303,-0.09782347
2864,1,47.427025,38.25381,23.691833,6.235868,-0.0008558869,0.0002630775
2865,1,11.820625,-25.235958,-6.5052695,53.118782,-0.0007343307,0.00021227654
2866,1,37.694103,-13.330305,1.5825642,38.50076,-0.00010386219,0.00040270586
2867,1,-7.117525,-19.365618,-4.236987,41.597275,4.238139e-05,5.1528794e-05
2868,1,-16.331705,-3.6021593,2.4679635,33.36199,0.00027156188,0.0002154085
2869,1,-39.181244,-8.828733,-1.0235633,25.06662,0.00047148697,-1.917303e-05
2870,1,-35.929523,1.8486955,4.9177732,10.042961,0.0007421801,0.00012129859
2871,1,50.07731,38.43328,23.740175,6.37363,-1.362906,0.050562225
2872,1,11.774565,-25.342701,-6.3384266,53.184,-1.0351725,0.19415845
2873,1,37.719795,-13.2723875,1.6809862,38.51409,-0.7169523,0.28883263
2874,1,-7.0425234,-19.39143,-4.181624,41.6585,-0.4079957,0.32032338
2875,1,-16.342747,-3.605545,2.4719708,33.379482,-0.11304926,0.3191883
2876,1,-38.967327,-8.790121,-1.0843233,25.103218,0.18002805,0.24458443
2877,1,-36.33986,1.7571954,4.739056,10.038467,0.39573234,0.09798725
2878,1,46.654964,38.32395,24.626451,6.2990427,-2.9436572,0.21319315
2879,1,11.561007,-25.261263,-5.846485,53.336075,-2.138916,0.4175546
2880,1,37.766087,-13.330141,2.0300534,38.664967,-1.4829047,0.5547797
2881,1,-7.041024,-19.383362,-4.024412,41.78539,-0.8664876,0.65835243
2882,1,-16.149174,-3.553571,2.4763618,33.505226,-0.28397617,0.61655587
2883,1,-38.958607,-8.866291,-1.2868485,25.165512,0.2705225,0.48704073
2884,1,-35.593132,1.9016534,4.451327,10.069937,0.9239876,0.19478108
2885,1,50.506016,38.72247,25.502754,6.4816947,-4.730567,0.13437851
2886,1,11.794922,-25.508265,-5.1345735,53.63675,-3.5148952,0.58297545
2887,1,37.953587,-13.165666,2.5893815,38.85469,-2.4688394,0.88823354
2888,1,-6.82604,-19.398094,-3.8296301,42.0839,-1.4592549,0.930987
2889,1,-16.033068,-3.4757993,2.5165904,33.716156,-0.56807333,0.88771564
2890,1,-38.5816,-8.834987,-1.5651239,25.358816,0.32164183,0.6901761
2891,1,-35.707485,1.8065804,3.6682286,10.10843,0.9998552,0.27222922
2892,1,44.196182,38.365158,27.068016,6.6244326,-6.528406,0.47587007
2893,1,11.075586,-25.188322,-4.00771,53.998325,-5.0591917,0.91914064
2894,1,38.19129,-13.142024,3.1332176,39.279728,-3.4029107,1.0325791
2895,1,-6.7938433,-19.321844,-3.4567742,42.613518,-2.0883543,1.1570351
2896,1,-15.888126,-3.2466063,2.535921,34.2063,-0.9524159,1.0541496
2897,1,-38.65464,-8.949697,-1.9913936,25.706629,0.09160933,0.7804879
2898,1,-34.89446,2.1021423,3.2182302,10.23917,1.4447205,0.3278414
2899,1,54.88076,38.536854,27.392761,6.697829,-11.771812,-0.070169665
2900,1,15.297189,-25.602797,-4.2518864,54.209667,-7.50589,0.34070188
2901,1,39.690807,-13.10167,3.8642921,40.1146,-4.8713574,1.0692934
2902,1,-5.8606477,-18.823605,-3.1862948,43.576004,-2.8491452,1.1133983
2903,1,-15.9481,-3.400385,2.5055037,35.291748,-1.5265521,0.8889392
2904,1,-38.823734,-8.535959,-1.9895777,26.425188,-0.19622763,0.7564118
2905,1,-35.310833,1.6402268,1.6583519,10.495763,1.1173439,0.28182426
2906,1,51.85082,34.021645,14.057935,10.07457,-5.9753966,-1.0737607
2907,1,19.577236,-24.474222,-3.8322804,57.186783,-5.263638,-0.24521971
2908,1,43.942497,-13.026035,3.3924375,43.497215,-2.8385272,0.72880673
2909,1,-2.9388812,-18.205463,-2.7849405,46.037495,-1.7228909,0.2692883
2910,1,-14.907885,-3.8175898,2.4649005,37.806137,-0.8276502,0.5331032
2911,1,-39.399643,-8.083338,-2.261993,28.409592,-0.42218354,0.24425097
2912,1,-36.120674,1.5199325,2.0247858,11.46987,0.6960427,0.104889706
2913,1,1.7414358,-79.63502,-8.244937,54.33959,11.941428,-1.5665584
2914,1,63.79578,-46.106194,0.9845849,39.60348,3.871601,-1.9447379
2915,1,31.473701,-37.293182,-3.012274,35.547356,2.04498,-0.9999039
2916,1,13.607797,-17.743286,1.5530921,36.294685,1.1262594,-0.87016857
2917,1,-11.66582,-16.687832,-2.143175,29.039413,0.6074902,-0.56670374
2918,1,-25.228386,-1.8417051,1.8041648,23.825277,0.0680457,-0.4594592
2919,1,-16.844212,-4.3723073,-1.4922148,7.8817635,-0.5842896,-0.20758681
2920,1,-23.273808,-87.425285,-20.208029,54.20201,9.375549,-1.3317583
2921,1,45.851418,-48.612965,-2.56418,36.4121,6.2874904,-2.8171632
2922,1,20.280983,-38.54454,-5.165317,33.58647,3.1307745,-2.2794266
2923,1,6.881623,-17.722954,0.55933446,34.12907,1.9013914,-1.6467619
2924,1,-14.976335,-17.189363,-2.7300982,27.401926,0.88767415,-1.395362
2925,1,-25.934555,-1.4829314,1.7004952,22.283834,0.09744638,-0.9502556
2926,1,-16.375439,-4.470898,-0.19498695,7.124824,-1.2114727,-0.3972447
2927,1,-17.444086,-87.3347,-27.560062,55.334686,3.8304062,-0.45767882
2928,1,46.838863,-50.359932,-7.173777,36.965054,3.2325304,-1.3464637
2929,1,20.126799,-39.987335,-7.011622,32.953545,2.3753123,-1.9134321
2930,1,6.6576695,-18.133465,-0.5239171,33.303,1.3075126,-1.6974865
2931,1,-14.943863,-17.748789,-3.2678237,26.579773,0.5715096,-1.3625177
2932,1,-25.66343,-1.3434148,2.069736,21.678226,-0.29553902,-1.0569752
2933,1,-16.90849,-4.912449,0.2253523,6.957667,-0.99779433,-0.40311706
2934,1,-18.712654,-88.06873,-31.104702,54.59955,4.0291886,-0.36307392
2935,1,46.42679,-50.2167,-9.90352,36.350296,2.55625,-0.9178219
2936,1,19.726313,-40.53947,-8.733147,32.72327,1.650926,-1.1740637
2937,1,6.4685516,-18.654146,-1.193806,32.80347,0.97811013,-1.3037786
2938,1,-15.033306,-17.924719,-3.538675,26.150347,0.2817111,-1.1657339
2939,1,-25.923754,-1.6063752,2.2365377,21.362656,-0.3040634,-0.8507662
2940,1,-17.098425,-4.6792097,1.4403967,6.8291917,-1.1475819,-0.34839663
2941,1,-16.570301,-87.36355,-33.18398,54.799225,1.7056441,-0.13014361
2942,1,46.72506,-50.625267,-11.632883,36.295124,1.4721756,-0.48446307
2943,1,19.990765,-40.448044,-9.797936,32.38523,1.0278997,-0.77994853
2944,1,6.4252405,-18.903597,-1.8594104,32.623306,0.550579,-0.81810105
2945,1,-15.124514,-18.036045,-3.631734,25.877434,0.13148825,-0.7847083
2946,1,-26.018927,-1.6480143,2.451026,21.225729,-0.33586052,-0.60609174
2947,1,-17.730484,-4.828951,1.9454956,6.776604,-0.6842958,-0.23377346
2948,1,-16.723253,-87.55046,-34.272633,54.351414,1.1947683,-0.092768624
2949,1,46.902836,-50.294712,-12.551962,36.09859,0.7431579,-0.23960517
2950,1,19.934855,-40.641434,-10.406776,32.326298,0.4920837,-0.34411773
2951,1,6.438546,-18.899658,-2.1888633,32.439243,0.26660863,-0.41771275
2952,1,-15.194341,-18.057594,-3.7410343,25.790815,0.03674142,-0.38986453
2953,1,-26.279388,-1.7664015,2.58443,21.123829,-0.17084984,-0.30083638
2954,1,-17.674522,-4.648746,2.4756074,6.7575274,-0.4501645,-0.12000661
2955,1,-15.966834,-87.18169,-34.57381,54.582973,-0.0010527456,0.00030766326
2956,1,46.892418,-50.53998,-12.817143,36.10514,-5.0580697e-05,0.00055141904
2957,1,20.06945,-40.447582,-10.626725,32.225784,3.3728178e-05,0.00010308039
2958,1,6.38882,-19.004053,-2.3078341,32.448933,0.00022682625,-4.904769e-05
2959,1,-15.227168,-18.053692,-3.7536666,25.720308,0.00030839667,3.3718166e-05
2960,1,-26.229094,-1.7138019,2.6328113,21.124922,0.0005554128,-2.8341841e-05
2961,1,-18.047892,-4.798917,2.5303216,6.741633,0.0008814574,-4.843058e-05
2962,1,-16.72026,-87.5401,-34.26797,54.34978,-1.1960038,0.093928605
2963,1,46.8998,-50.293938,-12.552498,36.100636,-0.74343365,0.24050325
2964,1,19.936256,-40.64027,-10.406209,32.326836,-0.4918666,0.34378517
2965,1,6.4374714,-18.899927,-2.1889007,32.4399,-0.26632527,0.41819578
2966,1,-15.193989,-18.05725,-3.7408576,25.79137,-0.036007922,0.389465
2967,1,-26.27986,-1.7664752,2.5845368,21.12403,0.17188317,0.3011118
2968,1,-17.674772,-4.64902,2.4755268,6.7577467,0.45178777,0.11986341
2969,1,-16.56631,-87.342354,-33.175312,54.79591,-1.7076671,0.13051817
2970,1,46.718876,-50.62582,-11.633779,36.299767,-1.4721373,0.4846574
2971,1,19.993681,-40.44523,-9.796312,32.38608,-1.0279379,0.7803163
2972,1,6.422996,-18.90425,-1.8599534,32.62474,-0.5501324,0.8178416
2973,1,-15.123737,-18.035498,-3.6309438,25.878496,-0.13093354,0.7849155
2974,1,-26.019863,-1.6480439,2.450983,21.226147,0.33692482,0.60604936
2975,1,-17.730976,-4.8297515,1.9454788,6.7770324,0.6859859,0.2338215
2976,1,-18.70476,-88.04213,-31.092611,54.59696,-4.030747,0.36393875
2977,1,46.418606,-50.21566,-9.904144,36.356586,-2.556617,0.9185581
2978,1,19.730217,-40.536167,-8.731493,32.724876,-1.650755,1.1735681
2979,1,6.4656024,-18.65547,-1.1936216,32.805702,-0.97801024,1.3041538
2980,1,-15.032323,-17.923462,-3.538065,26.15175,-0.28109697,1.1658647
2981,1,-25.924997,-1.6067917,2.2366574,21.363432,0.3049913,0.8509022
2982,1,-17.099184,-4.679823,1.4401495,6.8297586,1.1490567,0.34849945
2983,1,-17.436317,-87.29113,-27.543676,55.327923,-3.8326957,0.4586712
2984,1,46.82571,-50.362175,-7.1757965,36.97544,-3.232615,1.3461044
2985,1,20.133078,-39.982933,-7.0074296,32.955395,-2.3757699,1.9140508
2986,1,6.652887,-18.134317,-0.524779,33.305664,-1.3074262,1.6981627
2987,1,-14.942025,-17.747526,-3.2666764,26.581976,-0.5710765,1.362684
2988,1,-25.665232,-1.3432591,2.0697124,21.678953,0.2963296,1.0573146
2989,1,-16.90928,-4.914054,0.22495742,6.95856,0.9992734,0.40314674
2990,1,-23.254684,-87.37953,-20.189339,54.198425,-9.378799,1.3315136
2991,1,45.83622,-48.613235,-2.5648804,36.423237,-6.289134,2.8192022
2992,1,20.28907,-38.536716,-5.1615987,33.58821,-3.1317813,2.2809596
2993,1,6.875844,-17.7238,0.5581659,34.132797,-1.9013549,1.6471342
2994,1,-14.973849,-17.187185,-2.7289555,27.4043,-0.8876043,1.3958924
2995,1,-25.936666,-1.4826791,1.7004632,22.285048,-0.09680011,0.9503269
2996,1,-16.376486,-4.472978,-0.19607118,7.1257668,1.2125697,0.3973938
2997,1,1.7573783,-79.559326,-8.233743,54.323353,-11.940587,1.5688994
2998,1,63.772034,-46.10015,0.9834742,39.616478,-3.8751984,1.946813
2999,1,31.483477,-37.282574,-3.010347,35.55034,-2.0442379,1.0002474
3000,1,13.600004,-17.74361,1.5521634,36.29846,-1.1270936,0.87060165
3001,1,-11.66269,-16.685007,-2.1424298,29.043257,-0.60711104,0.5667737
3002,1,-25.230902,-1.8415335,1.8039794,23.826311,-0.06797599,0.459564
3003,1,-16.845015,-4.3744826,-1.4926817,7.883371,0.5847049,0.2075688
3004,1,-25.16786,-118.58124,-14.249838,-23.532574,-4.656078,-2.7215953
3005,1,77.391106,-61.740486,-1.1163228,12.539502,-0.53807706,-2.788035
3006,1,21.11617,-34.355015,-1.0014828,18.531937,-0.3212034,-0.9956703
3007,1,21.61494,-27.645876,-1.3208007,21.6948,-0.08548407,-1.076041
3008,1,-9.57335,-10.204704,0.8704975,21.092152,-0.11889357,-0.54757875
3009,1,-14.221878,-9.616392,-1.4351645,13.582188,-0.06841349,-0.5736334
3010,1,-3.4930558,2.6947875,2.0004652,5.9926863,-0.3758682,-0.1467037
3011,1,-61.04724,-130.95366,-37.415127,-25.082054,-0.53052247,-1.8243809
3012,1,54.82745,-65.58615,-6.008454,12.469806,-0.7834676,-3.6786613
3013,1,8.015299,-34.953873,-3.3656216,17.488417,0.0073472136,-2.622723
3014,1,13.544151,-28.520235,-3.062889,20.893122,-0.056357693,-1.7846702
3015,1,-13.703104,-9.899643,0.5204239,20.106712,-0.08494109,-1.536091
3016,1,-15.331736,-9.929805,-1.5799757,12.749739,-0.3947232,-0.9904585
3017,1,-3.4271796,2.9333029,2.7033908,5.649772,-0.8687384,-0.4518336
3018,1,-47.889503,-130.32526,-46.918346,-25.951544,1.6328733,-0.37910885
3019,1,57.81128,-68.58824,-12.422671,11.408639,0.8086382,-1.4287198
3020,1,7.916312,-36.439507,-5.343487,16.678944,0.30230564,-2.1794605
3021,1,13.590764,-29.301388,-4.529412,20.12807,0.1685614,-1.8391411
3022,1,-13.84596,-10.201856,0.05583542,19.386116,-0.11949338,-1.4386168
3023,1,-15.264905,-10.197395,-1.6158975,12.263414,-0.45552507,-1.1312382
3024,1,-4.118727,3.0878386,4.119144,5.459242,-1.1723417,-0.40258247
3025,1,-53.301228,-131.60004,-50.758965,-25.70005,0.8856618,-0.47385433
3026,1,56.763897,-68.09499,-15.586006,11.267439,0.6915279,-1.033986
3027,1,7.6207037,-37.280964,-7.4715633,16.131182,0.41897327,-1.230453
3028,1,13.181157,-29.840746,-5.2332406,19.642927,0.11175227,-1.4164661
3029,1,-13.939687,-10.48606,-0.36386758,18.94426,-0.1449756,-1.2272731
3030,1,-15.502979,-10.370149,-1.2956654,11.961264,-0.5338725,-0.8919766
3031,1,-4.5539103,3.060083,4.715423,5.354434,-0.8880126,-0.37247136
3032,1,-47.917088,-130.67851,-53.61765,-25.914753,1.1679944,-0.0758228
3033,1,57.403355,-68.66882,-17.548046,11.008442,0.6210756,-0.4954521
3034,1,7.8669047,-37.19168,-8.714603,15.940316,0.31773025,-0.8499083
3035,1,13.314724,-30.054285,-6.000409,19.303833,0.09391078,-0.85423726
3036,1,-14.019565,-10.731886,-0.52577287,18.70628,-0.1459367,-0.82902837
3037,1,-15.704666,-10.321205,-1.1477946,11.754894,-0.39354548,-0.6326795
3038,1,-4.9207034,2.9022005,5.559903,5.282899,-0.8157229,-0.24250431
3039,1,-50.263115,-130.94955,-54.41506,-25.656782,0.3954467,-0.11750572
3040,1,57.452995,-68.14642,-18.600107,10.961119,0.31677842,-0.2561088
3041,1,7.976917,-37.520824,-9.43275,15.766651,0.17139614,-0.35492483
3042,1,13.226089,-29.996208,-6.3495398,19.185621,0.03973584,-0.44691345
3043,1,-14.029159,-10.79406,-0.69506496,18.544552,-0.08321837,-0.405108
3044,1,-15.840544,-10.414073,-0.96721,11.6727915,-0.2351262,-0.31495488
3045,1,-5.1677456,2.993558,5.81031,5.243817,-0.36647657,-0.12488173
3046,1,-47.449474,-130.48912,-55.147953,-25.836918,-2.8912415e-05,-0.00039096604
3047,1,57.540913,-68.5076,-18.865541,10.913748,0.00017463054,-0.00022194535
3048,1,8.020523,-37.253418,-9.67825,15.767214,6.701119e-05,-3.254462e-05
3049,1,13.298435,-30.125793,-6.494914,19.1046,0.00022344019,-0.00050519756
3050,1,-14.077257,-10.810576,-0.7182813,18.52747,0.0003523855,6.79003e-05
3051,1,-15.90494,-10.338376,-0.94874036,11.622415,0.0005467749,-0.00031996143
3052,1,-5.1943684,2.8586545,6.0540943,5.233687,0.0007994442,6.560817e-05
3053,1,-50.263447,-130.95331,-54.416607,-25.65075,-0.39684963,0.118011065
3054,1,57.453503,-68.14558,-18.600273,10.962584,-0.31638148,0.2553728
3055,1,7.9769797,-37.52224,-9.433345,15.767505,-0.17133462,0.35411507
3056,1,13.226174,-29.996077,-6.3491993,19.186476,-0.039237496,0.44679078
3057,1,-14.029227,-10.794463,-0.6952572,18.544737,0.08386037,0.4044898
3058,1,-15.840702,-10.414205,-0.9670356,11.673416,0.23622873,0.31488034
3059,1,-5.1677375,2.993861,5.8105288,5.243815,0.3682199,0.12476136
3060,1,-47.917747,-130.68475,-53.621433,-25.902477,-1.1681764,0.07436364
3061,1,57.404705,-68.67014,-17.548334,11.011058,-0.62091243,0.49432307
3062,1,7.8668923,-37.193584,-8.715103,15.942149,-0.31759807,0.8497611
3063,1,13.314989,-30.05423,-6.000363,19.30549,-0.0935344,0.853341
3064,1,-14.019747,-10.733023,-0.52560097,18.706684,0.14660726,0.82904613
3065,1,-15.704889,-10.321021,-1.1476939,11.756115,0.39458764,0.6323668
3066,1,-4.920853,2.9020588,5.5602627,5.2829123,0.81726974,0.24250273
3067,1,-53.304176,-131.61719,-50.765656,-25.683758,-0.88752943,0.4738317
3068,1,56.766518,-68.09378,-15.585435,11.271961,-0.69135183,1.0333331
3069,1,7.6203804,-37.28557,-7.473322,16.13385,-0.4190754,1.2290998
3070,1,13.181782,-29.840847,-5.231665,19.645319,-0.11137186,1.4165429
3071,1,-13.940075,-10.487327,-0.36447278,18.945005,0.1455252,1.2271007
3072,1,-15.503277,-10.370289,-1.2951616,11.96299,0.53485435,0.8919552
3073,1,-4.5539374,3.0606837,4.7158613,5.3544917,0.8896199,0.37244692
3074,1,-47.89206,-130.3397,-46.92798,-25.925869,-1.6335788,0.37770313
3075,1,57.81502,-68.59309,-12.423039,11.414007,-0.8085301,1.4261968
3076,1,7.91604,-36.445053,-5.342643,16.68251,-0.3025916,2.1800125
3077,1,13.591326,-29.300695,-4.529056,20.131588,-0.16824307,1.8394505
3078,1,-13.846277,-10.203729,0.05588064,19.386824,0.119891495,1.4385881
3079,1,-15.26525,-10.197131,-1.6157088,12.265987,0.45641327,1.1314815
3080,1,-4.1188984,3.0880983,4.119599,5.459215,1.173622,0.40254205
3081,1,-61.055424,-130.99365,-37.42952,-25.054434,0.5264651,1.8226988
3082,1,54.83337,-65.58586,-6.002291,12.477753,0.7821331,3.6808026
3083,1,8.012934,-34.958344,-3.367356,17.49273,-0.00771551,2.624418
3084,1,13.545957,-28.51922,-3.0616338,20.89752,0.056183845,1.7846416
3085,1,-13.704167,-9.90096,0.5200644,20.107782,0.0852371,1.5367231
3086,1,-15.331785,-9.929949,-1.5799165,12.752896,0.3952839,0.99035376
3087,1,-3.4273338,2.9346108,2.704129,5.6497803,0.8698769,0.4519403
3088,1,-25.165178,-118.58429,-14.259047,-23.49023,4.6478996,2.7266061
3089,1,77.394424,-61.73342,-1.1091264,12.549153,0.53851414,2.7912638
3090,1,21.117338,-34.359043,-1.00549,18.537443,0.31986535,0.9954429
3091,1,21.61557,-27.643204,-1.3182294,21.700773,0.08581989,1.0768386
3092,1,-9.573305,-10.206597,0.869116,21.093164,0.11868518,0.5473746
3093,1,-14.22241,-9.615882,-1.4345909,13.586673,0.068697296,0.5738982
3094,1,-3.4931834,2.6953263,2.0006,5.992637,0.37652126,0.14668143
3095,1,-5.587922,-0.34103614,8.907446,-13.030444,-7.673406,0.4245176
3096,1,13.7113495,-37.256474,-2.050745,-22.783066,-4.6027327,-0.707788
3097,1,36.18164,-28.354778,-0.12001779,9.655572,-1.8798114,-1.0477498
3098,1,2.9650416,-15.997357,0.2143936,7.4168735,-1.188515,-0.50083405
3099,1,1.7125611,-14.078103,-0.9695494,12.267205,-0.54122984,-0.65069485
3100,1,-12.315459,-1.979332,1.1316007,6.85524,-0.4243822,-0.29919347
3101,1,5.222676,-5.4569807,-1.4270908,2.537864,-0.26455423,-0.20029663
3102,1,-14.92174,1.0637349,15.924349,-11.138799,-8.140273,-0.61513233
3103,1,1.0268537,-39.03234,-4.67805,-22.053534,-5.0748353,-1.5016525
3104,1,27.312393,-29.324627,-1.0381455,10.2573805,-2.8403437,-1.7639618
3105,1,-3.0575175,-15.920517,-0.31613776,7.3097196,-1.6074072,-1.4701314
3106,1,-1.3169327,-14.470437,-1.4420687,12.138901,-1.0024593,-1.1615347
3107,1,-13.284355,-1.7161204,1.2859017,6.6694517,-0.6686934,-0.9020135
3108,1,5.061143,-5.6678157,-0.8993336,2.4524217,-0.86231554,-0.33377182
3109,1,-21.209606,0.4698097,11.2886715,-12.2108,-1.0330521,-0.5907004
3110,1,-1.259599,-39.18271,-6.4925294,-23.581852,-1.65705,-1.2772223
3111,1,26.261644,-30.223572,-2.6378608,9.431931,-1.3494414,-1.5115999
3112,1,-4.198291,-16.274359,-0.99037725,6.584363,-0.913686,-1.4899378
3113,1,-1.6227046,-14.795201,-1.8060038,11.631124,-0.70511997,-1.2562507
3114,1,-13.527083,-1.7070545,1.5686169,6.2654405,-0.7353634,-0.934874
3115,1,4.5909843,-5.8865414,-0.25795218,2.336787,-0.90776247,-0.38470188
3116,1,-15.7924185,0.59168786,8.465376,-11.986228,-1.1772838,-0.2178528
3117,1,-1.1228898,-39.587387,-8.6880455,-23.688522,-0.8359378,-0.7766237
3118,1,25.742281,-30.400759,-3.797861,8.849226,-0.7461353,-1.1128753
3119,1,-4.297869,-16.625175,-1.6388965,6.0927663,-0.6388122,-1.1500467
3120,1,-1.8979999,-14.979112,-1.9840082,11.20858,-0.573231,-1.0624937
3121,1,-13.760611,-1.8133945,1.7561815,5.982227,-0.64044553,-0.78659415
3122,1,3.8969626,-5.832815,0.7956999,2.211334,-1.0140206,-0.31222233
3123,1,-18.897617,0.48914954,7.01027,-12.119265,0.06443981,-0.23628588
3124,1,-0.953257,-39.52621,-10.039965,-23.85918,-0.21625383,-0.49452215
3125,1,25.903885,-30.503284,-4.7134027,8.570447,-0.32642978,-0.68685645
3126,1,-4.458974,-16.761108,-2.1356275,5.7793627,-0.34519842,-0.77793753
3127,1,-1.9280303,-15.033454,-2.0956576,10.912008,-0.4016168,-0.71666074
3128,1,-13.963877,-1.9034414,1.9734156,5.7840576,-0.5130343,-0.55942684
3129,1,3.6086044,-5.843975,1.2526745,2.1397185,-0.6844706,-0.2177008
3130,1,-15.145563,0.49439406,5.64984,-12.0753565,-0.0885518,-0.06368578
3131,1,-0.72300065,-39.531868,-10.797134,-23.835545,-0.083626054,-0.23005064
3132,1,25.820543,-30.492327,-5.2457337,8.411722,-0.1354053,-0.33923796
3133,1,-4.295124,-16.80941,-2.435777,5.63265,-0.17145796,-0.37924773
3134,1,-2.0607517,-15.0577,-2.1791933,10.756953,-0.20376433,-0.36754012
3135,1,-14.076227,-1.9359063,2.0854156,5.667337,-0.26682198,-0.27675796
3136,1,3.3275537,-5.79225,1.76753,2.0810442,-0.42262384,-0.11092385
3137,1,-17.898314,0.47739863,5.687161,-12.08957,-0.0012231517,-0.00057952787
3138,1,-0.5886765,-39.510715,-11.072895,-23.866898,-0.00038460453,-0.0006722014
3139,1,25.96727,-30.487005,-5.4217668,8.374489,-5.5429966e-05,-0.0005023357
3140,1,-4.418678,-16.82776,-2.5373251,5.5807595,5.0082817e-05,-0.00041670635
3141,1,-2.0138981,-15.052353,-2.1970932,10.704435,0.00030901827,-0.0003200795
3142,1,-14.124344,-1.942395,2.1407886,5.633016,0.00048788078,-0.00020533409
3143,1,3.2922218,-5.8269453,1.7768105,2.0759223,0.00085139315,-0.00012857774
3144,1,-15.149466,0.48658684,5.6462703,-12.07882,0.08708804,0.062447157
3145,1,-0.7193525,-39.53463,-10.798129,-23.834146,0.082755305,0.22865863
3146,1,25.819191,-30.4931,-5.2460437,8.411883,0.13518368,0.3381186
3147,1,-4.2939053,-16.810528,-2.4359884,5.632988,0.17165674,0.37852034
3148,1,-2.061333,-15.057836,-2.1791368,10.757428,0.20430215,0.3668418
3149,1,-14.075993,-1.9362131,2.0854583,5.6673374,0.2678415,0.27642247
3150,1,3.3276818,-5.7921486,1.7677351,2.0812504,0.42413735,0.1107055
3151,1,-18.90326,0.4739285,7.0031524,-12.126663,-0.06695433,0.23510599
3152,1,-0.946734,-39.532196,-10.041783,-23.856846,0.2151797,0.49287608
3153,1,25.901697,-30.504904,-4.71399,8.570941,0.3263417,0.6858355
3154,1,-4.4567676,-16.763376,-2.1359708,5.7799964,0.34524354,0.7770726
3155,1,-1.9290786,-15.033807,-2.095479,10.912898,0.40222225,0.71618825
3156,1,-13.963419,-1.9040263,1.97346,5.7841516,0.5139773,0.559071
3157,1,3.608751,-5.843873,1.2531065,2.14009,0.6861054,0.21757121
3158,1,-15.804702,0.56953764,8.455111,-11.99656,1.1755197,0.21671307
3159,1,-1.1129352,-39.59696,-8.690974,-23.685272,0.83497995,0.77478254
3160,1,25.738945,-30.403463,-3.7981617,8.849844,0.74574125,1.1117144
3161,1,-4.29474,-16.628878,-1.6392429,6.0936847,0.63904595,1.1494912
3162,1,-1.8994219,-14.979417,-1.9837358,11.210044,0.5737311,1.0622262
3163,1,-13.76001,-1.8143697,1.7561922,5.982303,0.64136213,0.7863509
3164,1,3.8973742,-5.832523,0.79618174,2.211961,1.0154341,0.31217784
3165,1,-21.222052,0.43692106,11.274082,-12.227155,1.0301143,0.5884963
3166,1,-1.245579,-39.196457,-6.4950967,-23.577871,1.6553565,1.2751294
3167,1,26.256779,-30.22767,-2.6375363,9.432837,1.3497217,1.5113499
3168,1,-4.193596,-16.278582,-0.9908243,6.5858192,0.9137116,1.4898655
3169,1,-1.6249421,-14.795676,-1.8057406,11.633105,0.70560473,1.2561536
3170,1,-13.52598,-1.7080339,1.5686506,6.2656083,0.73615474,0.93484294
3171,1,4.5912814,-5.8863173,-0.25747502,2.3376052,0.90914816,0.38466993
3172,1,-14.94859,1.0221124,15.907431,-11.159371,8.136988,0.61491823
3173,1,1.0433469,-39.04984,-4.678083,-22.048174,5.0752234,1.5019069
3174,1,27.306334,-29.327114,-1.0378382,10.259963,2.8403451,1.7648953
3175,1,-3.0525641,-15.925431,-0.3168133,7.311159,1.6073943,1.4702041
3176,1,-1.3191932,-14.470574,-1.441666,12.141937,1.0028456,1.1617386
3177,1,-13.283342,-1.7171164,1.2858177,6.6694846,0.6692056,0.90200615
3178,1,5.0618343,-5.6677823,-0.89908063,2.4536252,0.86342895,0.33381966
3179,1,-5.604075,-0.38867703,8.899945,-13.051708,7.674731,-0.42413598
3180,1,13.740001,-37.268826,-2.0503924,-22.771513,4.6034145,0.70941204
3181,1,36.173004,-28.357016,-0.119864084,9.657537,1.8795466,1.0482059
3182,1,2.9744494,-16.002403,0.21394767,7.4197073,1.1886501,0.50091755
3183,1,1.708647,-14.077844,-0.9692414,12.270729,0.5412706,0.650862
3184,1,-12.313445,-1.9808108,1.1314456,6.855675,0.42464718,0.29916152
3185,1,5.2228107,-5.456029,-1.4268965,2.5393476,0.26484966,0.20032287
3186,1,2.9152427,-8.052708,-1.9986211,-3.184387,-1.5126923,0.0791895
3187,1,-1.6622062,-0.23834604,2.885923,-3.0044258,-2.4415674,0.40437853
3188,1,11.747946,-12.639982,0.14055455,-7.052889,-2.2277765,-0.15916908
3189,1,7.4637246,-11.268757,-0.16355662,7.210362,-1.121802,-0.38381407
3190,1,-5.028116,-4.6397333,0.7279572,1.9644135,-0.82471937,-0.2193938
3191,1,-4.902919,-5.398781,-0.8465427,3.840102,-0.33282351,-0.3264761
3192,1,6.385415,2.7133493,1.5515115,-0.42597485,-0.35612744,-0.06784127
3193,1,5.309524,-9.174542,0.55530846,-2.990064,-5.2241225,0.3385169
3194,1,-1.3928744,0.33078018,5.9935102,-1.3676893,-4.4063315,0.07300311
3195,1,8.639847,-12.810199,0.7428157,-6.559428,-3.2496264,-0.59400266
3196,1,5.409293,-11.590247,-0.03453703,7.8595085,-2.0782013,-0.75494933
3197,1,-6.5195904,-4.460184,0.9996813,2.1557643,-1.2641802,-0.7427881
3198,1,-4.9791474,-5.591839,-0.72726554,4.118461,-0.8368756,-0.57742304
3199,1,6.6712065,2.9100761,2.2846675,-0.30780426,-0.52963406,-0.24925825
3200,1,-1.6129738,-8.528068,4.2601285,-2.549375,-3.5852933,-0.25516555
3201,1,-7.0976086,0.5623588,6.425627,-1.3404348,-2.654361,-0.5537127
3202,1,5.678047,-12.535745,0.8890674,-7.0899153,-1.9711574,-0.74305284
3203,1,3.8545408,-11.754367,-0.01881956,7.526228,-1.4435745,-0.9032095
3204,1,-7.419665,-4.4013824,1.0829364,1.7933148,-1.0020179,-0.8379752
3205,1,-5.3312793,-5.722798,-0.47768486,3.9516358,-0.74976754,-0.6570742
3206,1,5.8739576,3.0596023,3.241188,-0.41138574,-0.88829607,-0.25685722
3207,1,-0.98552,-8.670677,3.133904,-2.8983133,-1.1792793,-0.19919495
3208,1,-6.2086763,0.753886,6.281624,-1.7142622,-1.4493465,-0.5091638
3209,1,5.4733553,-12.524757,0.52688354,-7.3854814,-1.2797511,-0.6928928
3210,1,3.4951208,-11.719171,-0.19718176,7.1151247,-0.97694314,-0.7691674
3211,1,-7.5817122,-4.456795,1.1208733,1.478444,-0.79035413,-0.73882675
3212,1,-5.625161,-5.707787,-0.16481242,3.7048728,-0.72988844,-0.5754257
3213,1,5.4278593,2.987867,3.7583027,-0.48499027,-0.8074718,-0.22864199
3214,1,-0.14716794,-8.608633,2.6167834,-2.7280166,-1.0284066,-0.11591085
3215,1,-6.872692,0.7075673,5.7833714,-1.7580746,-0.7845457,-0.3604588
3216,1,5.181038,-12.504762,0.2523152,-7.643362,-0.6917487,-0.49566942
3217,1,3.4256332,-11.694928,-0.35536128,6.8482213,-0.6236771,-0.55276746
3218,1,-7.781789,-4.4920363,1.1105155,1.2388533,-0.5327832,-0.52963114
3219,1,-5.7950587,-5.683475,0.056406856,3.5199146,-0.53212863,-0.40909898
3220,1,4.9658513,3.0043008,4.410247,-0.5675171,-0.71532327,-0.15997535
3221,1,-0.9444128,-8.579795,2.2233214,-2.8486736,-0.19768305,-0.078909904
3222,1,-6.258714,0.7483263,5.407024,-1.8823261,-0.31562197,-0.18309116
3223,1,5.3437757,-12.498211,-0.013384717,-7.711384,-0.3196935,-0.24987796
3224,1,3.3115582,-11.680175,-0.4649855,6.675038,-0.2867115,-0.28454128
3225,1,-7.766759,-4.4914775,1.1086259,1.1088778,-0.27633515,-0.27230647
3226,1,-5.935877,-5.667373,0.22097702,3.4012685,-0.2944879,-0.21163005
3227,1,4.7979956,2.9513752,4.5994325,-0.60081273,-0.3571936,-0.083100505
3228,1,0.43994185,-8.595709,1.9121352,-2.7606027,-0.0008403485,3.172967e-05
3229,1,-6.5711713,0.7292406,5.309762,-1.8534791,-0.0008132986,-0.0004352443
3230,1,5.2417727,-12.490254,-0.07779306,-7.769802,-0.00033281193,-0.00052979204
3231,1,3.3994148,-11.667271,-0.51382655,6.63873,-6.231406e-05,-0.00043406466
3232,1,-7.850977,-4.4996843,1.1079897,1.0616494,0.0001829964,-0.00036456058
3233,1,-5.951492,-5.6630764,0.2557738,3.3663313,0.0004277311,-0.00026517527
3234,1,4.683233,2.9857397,4.8147736,-0.6243896,0.0006694344,-6.549936e-05
3235,1,-0.9443427,-8.5763035,2.2249558,-2.848083,0.19597192,0.07888729
3236,1,-6.2603,0.74655527,5.406322,-1.8845869,0.3139377,0.18217538
3237,1,5.345586,-12.499338,-0.0135740675,-7.710751,0.31908998,0.2489076
3238,1,3.3106055,-11.680569,-0.46504828,6.6747193,0.28656003,0.28360498
3239,1,-7.766006,-4.4920735,1.1086024,1.1090833,0.2767114,0.27165765
3240,1,-5.9362297,-5.6674066,0.22106747,3.401326,0.29532748,0.21109353
3241,1,4.7983365,2.951071,4.5995374,-0.6007885,0.35861984,0.08295341
3242,1,-0.14885056,-8.602053,2.620007,-2.7266157,1.0267031,0.115944386
3243,1,-6.875857,0.7044371,5.782062,-1.7624606,0.7829327,0.3596704
3244,1,5.1846223,-12.50726,0.25199056,-7.6423306,0.691032,0.49452806
3245,1,3.4237576,-11.695719,-0.35538873,6.8476896,0.6235888,0.5520322
3246,1,-7.780305,-4.4932327,1.110452,1.2392185,0.53314793,0.52897495
3247,1,-5.7957687,-5.683588,0.056586787,3.520072,0.53295666,0.40871784
3248,1,4.966659,3.0038145,4.4103775,-0.5674774,0.71662486,0.15982157
3249,1,-0.985474,-8.661182,3.138738,-2.8967435,1.1779046,0.19890624
3250,1,-6.21352,0.7490042,6.279989,-1.7209432,1.4475944,0.5082307
3251,1,5.478465,-12.52865,0.5266271,-7.384011,1.2792577,0.69198835
3252,1,3.492487,-11.720308,-0.19712478,7.1143556,0.9768862,0.7685657
3253,1,-7.579607,-4.4586854,1.1207675,1.4790432,0.7907391,0.7383545
3254,1,-5.6261005,-5.707808,-0.16455504,3.705156,0.73067003,0.5751779
3255,1,5.428877,2.9869838,3.7584293,-0.48492602,0.8087766,0.22851059
3256,1,-1.6166487,-8.514057,4.267187,-2.5467644,3.5832224,0.2555538
3257,1,-7.105291,0.55560565,6.4242034,-1.3501077,2.6529682,0.55324614
3258,1,5.6857414,-12.540813,0.8889407,-7.0876865,1.9708371,0.74238044
3259,1,3.8504925,-11.755955,-0.018712755,7.525355,1.4436742,0.9029686
3260,1,-7.416476,-4.403556,1.0828528,1.7942201,1.0023668,0.8377536
3261,1,-5.3326993,-5.7229934,-0.4775163,3.9521003,0.7504641,0.6569444
3262,1,5.875619,3.0586383,3.2411914,-0.41125736,0.88940126,0.256825
3263,1,5.3078504,-9.156433,0.5673854,-2.9863963,5.224774,-0.33850804
3264,1,-1.4020114,0.32274118,5.991291,-1.378973,4.406281,-0.073121436
3265,1,8.649556,-12.816667,0.7430469,-6.5561695,3.2500346,0.59384423
3266,1,5.4042816,-11.591405,-0.034347516,7.8589835,2.078395,0.7551276
3267,1,-6.5157104,-4.4628606,0.99943864,2.1568508,1.2644794,0.74262667
3268,1,-4.9808216,-5.591944,-0.727051,4.119362,0.8374284,0.57749414
3269,1,6.6729703,2.9089146,2.2844172,-0.30771837,0.53051096,0.24921687
3270,1,2.914192,-8.031199,-1.9914273,-3.1806529,1.5141838,-0.07931467
3271,1,-1.6684611,-0.24978858,2.884226,-3.017944,2.4424949,-0.40472987
3272,1,11.761502,-12.645524,0.14108779,-7.047301,2.2282584,0.15950441
3273,1,7.457932,-11.270259,-0.16366906,7.2090864,1.1218454,0.38381436
3274,1,-5.0226235,-4.642663,0.7279013,1.9665484,0.82494587,0.21941929
3275,1,-4.905403,-5.398575,-0.84643364,3.840965,0.33297837,0.32649636
3276,1,6.38732,2.7113667,1.5512286,-0.42554587,0.35656255,0.06783655
3277,1,2.4102771,4.0235276,2.5613785,0.72064143,-1.1586094,0.14412934
3278,1,-1.5349519,-5.4609523,-1.0344378,-3.5210173,-0.6263473,0.015938219
3279,1,2.934367,-1.8170106,0.87164545,2.1824234,-0.799423,0.09157839
3280,1,1.429438,-3.4609392,0.4420998,-1.694303,-0.91105735,-0.02046817
3281,1,-3.0054913,-3.8896587,-0.32436633,3.370309,-0.4049171,-0.16387837
3282,1,-3.936652,0.56207645,0.8121025,-2.2084796,-0.3835269,-0.071540184
3283,1,5.9649377,-2.2903442,-0.7932967,-0.25820002,0.15331933,-0.08618543
3284,1,5.170786,4.6328635,4.4459896,0.96143377,-1.8994468,0.03231181
3285,1,0.72723746,-6.0570893,-0.5364893,-3.5380447,-2.1515849,0.1568185
3286,1,4.309514,-1.8089478,2.1384742,3.0248573,-2.0255315,-0.00031106552
3287,1,1.4751866,-3.414063,1.1324102,-1.3974383,-1.5511532,-0.2515374
3288,1,-2.7157724,-4.0852323,-0.059179552,3.9141228,-1.0489492,-0.3178509
3289,1,-3.5652015,0.6858987,1.2245826,-1.8386447,-0.5721037,-0.30056024
3290,1,6.4307656,-2.4114654,-0.36731312,0.017556325,-0.37025887,-0.12430452
3291,1,2.2315156,4.277407,5.453326,0.9568582,-2.5293167,0.07351738
3292,1,-2.0227237,-5.918877,0.96098596,-3.2687213,-2.2282615,-0.036960833
3293,1,1.516995,-1.7529088,2.881546,3.1637414,-1.7959445,-0.2730946
3294,1,-0.15975462,-3.2343922,1.5789453,-1.5423871,-1.3343967,-0.38825879
3295,1,-3.5910165,-4.121043,0.28098568,3.8729012,-0.9467566,-0.4416435
3296,1,-4.0577006,0.7955483,1.6114603,-1.9468243,-0.70415294,-0.35821104
3297,1,5.9056826,-2.531175,0.06995687,-0.0014948628,-0.58035344,-0.14915574
3298,1,1.0041265,4.5006266,6.740359,1.0749954,-1.5206252,-0.12002085
3299,1,-3.0497067,-5.786808,1.3205521,-3.318951,-1.3389306,-0.23519827
3300,1,1.1359967,-1.5620277,3.1272001,2.9577036,-1.1804821,-0.31235313
3301,1,-0.4882419,-3.1557894,1.7672974,-1.7202789,-0.98874986,-0.41088337
3302,1,-3.8695285,-4.040875,0.4482441,3.6575208,-0.76386356,-0.4164119
3303,1,-4.261597,0.7962271,1.8826907,-2.0710154,-0.6383676,-0.33419636
3304,1,5.411282,-2.4568584,0.6966116,-0.051840518,-0.74402267,-0.1325125
3305,1,1.4249315,4.459852,6.577324,0.92867595,-0.8349641,-0.07198863
3306,1,-2.639876,-5.721378,1.5000765,-3.4124079,-0.8839411,-0.19814913
3307,1,0.9041459,-1.4745426,3.2082984,2.8572114,-0.78078854,-0.2836803
3308,1,-0.68985397,-3.1055045,1.828003,-1.9027172,-0.6345519,-0.31661582
3309,1,-3.980227,-3.973406,0.5906536,3.4868143,-0.54927295,-0.31968918
3310,1,-4.4552274,0.8067229,2.1136515,-2.1989346,-0.50934774,-0.24880569
3311,1,5.067558,-2.4777915,0.98788816,-0.10122931,-0.5653305,-0.09980099
3312,1,1.4446414,4.4568877,6.579003,1.0061071,-0.42743582,-0.044754133
3313,1,-2.9872558,-5.7042093,1.4841037,-3.417779,-0.37445393,-0.11259972
3314,1,0.9048971,-1.440424,3.2322803,2.7242434,-0.3517091,-0.15333387
3315,1,-0.675025,-3.0706606,1.8467005,-1.9854082,-0.32115263,-0.17552195
3316,1,-4.081181,-3.944596,0.65836173,3.3675478,-0.27694863,-0.16935207
3317,1,-4.519818,0.80809987,2.2339442,-2.2743886,-0.27244413,-0.13289511
3318,1,4.864197,-2.422976,1.338361,-0.13862829,-0.34566012,-0.0516218
3319,1,1.4680736,4.4785304,6.5369678,0.9201215,-0.00041031378,-0.00015561862
3320,1,-2.5768652,-5.681663,1.452993,-3.4587524,-0.0005329814,-0.000148683
3321,1,0.9089716,-1.4284476,3.2076774,2.7295215,-0.00041280096,-0.00034368978
3322,1,-0.73647636,-3.0704083,1.8595524,-2.0338044,-0.00010600808,-0.0003892141
3323,1,-4.0568123,-3.9273224,0.6789145,3.3348458,9.312253e-05,-0.00034410838
3324,1,-4.568802,0.8144748,2.2949066,-2.3008926,0.00034540438,-0.00024588537
3325,1,4.79837,-2.4574296,1.3284857,-0.14639474,0.0005853089,-0.00012268525
3326,1,1.4441359,4.4547944,6.5781593,1.0055909,0.42613703,0.04458177
3327,1,-2.9872553,-5.7031827,1.4846755,-3.4170341,0.3734782,0.112347595
3328,1,0.90435463,-1.4408835,3.2322114,2.7231333,0.3508831,0.15259077
3329,1,-0.67438537,-3.0710828,1.8467311,-1.985021,0.32093576,0.17481302
3330,1,-4.0815897,-3.9447045,0.6584087,3.3671925,0.2771541,0.1686641
3331,1,-4.5195646,0.80787206,2.2339933,-2.2742498,0.27312067,0.13243638
3332,1,4.8644056,-2.4227936,1.3386104,-0.13872594,0.3467873,0.051406503
3333,1,1.4244858,4.4559813,6.5758586,0.92756265,0.8342955,0.07170498
3334,1,-2.6401095,-5.7197094,1.50118,-3.4110427,0.8829339,0.19779707
3335,1,0.9029794,-1.4752903,3.2082758,2.8551152,0.78003275,0.28312135
3336,1,-0.6885519,-3.106434,1.8280392,-1.9020559,0.6343747,0.31589162
3337,1,-3.9810653,-3.973613,0.5907733,3.4862027,0.54947853,0.31914544
3338,1,-4.4546847,0.8062893,2.1137228,-2.1987019,0.51002103,0.2483611
3339,1,5.0678945,-2.4774961,0.98837477,-0.101387605,0.5664566,0.09963653
3340,1,1.002851,4.494915,6.737999,1.0734463,1.5194898,0.119987786
3341,1,-3.0499322,-5.784218,1.3223829,-3.3170173,1.3381501,0.23503122
3342,1,1.1344016,-1.5631754,3.1271856,2.9545631,1.1798326,0.31184015
3343,1,-0.48641208,-3.1572242,1.7673728,-1.7192281,0.9886537,0.41032946
3344,1,-3.8706596,-4.0411196,0.44843403,3.6566327,0.76410925,0.41600147
3345,1,-4.260852,0.7954892,1.8827282,-2.0706108,0.6389921,0.3338547
3346,1,5.4119496,-2.4563053,0.69723773,-0.05206582,0.7450591,0.13241349
3347,1,2.2298985,4.269199,5.450831,0.95469975,2.529282,-0.07375718
3348,1,-2.023674,-5.9151635,0.9633076,-3.2656765,2.2278118,0.03689749
3349,1,1.5144391,-1.7545375,2.8815982,3.1594388,1.7955425,0.27281404
3350,1,-0.15692864,-3.2361646,1.5791041,-1.5407778,1.3344535,0.3878835
3351,1,-3.5927732,-4.1214757,0.28112394,3.8718085,0.9469937,0.44139725
3352,1,-4.056497,0.79475105,1.6115223,-1.9461999,0.704709,0.35800818
3353,1,5.9064126,-2.5305798,0.07060165,-0.0017615785,0.58126587,0.14907493
3354,1,5.1693764,4.6220126,4.4401097,0.9584675,1.8995103,-0.03240867
3355,1,0.72791576,-6.0525703,-0.53321147,-3.5342255,2.151781,-0.15694456
3356,1,4.307086,-1.8107685,2.1383584,3.0198283,2.0256357,0.00020322946
3357,1,1.4788424,-3.4164062,1.1324675,-1.3952385,1.5513922,0.2512863
3358,1,-2.7178147,-4.0855556,-0.05895693,3.913029,1.0492051,0.31783494
3359,1,-3.5637522,0.6848661,1.2244651,-1.8378284,0.5725141,0.30042002
3360,1,6.4318852,-2.410636,-0.36664602,0.017299583,0.370955,0.12432126
3361,1,2.4087749,4.0105395,2.5569615,0.7174403,1.1576647,-0.1441592
3362,1,-1.5341684,-5.454567,-1.0321316,-3.5161238,0.6265508,-0.015905146
3363,1,2.9321978,-1.8201416,0.8710712,2.176104,0.79963344,-0.09179336
3364,1,1.4340967,-3.463081,0.44236788,-1.6909034,0.91127753,0.02052023
3365,1,-3.0079622,-3.8900826,-0.3243762,3.3686483,0.4050125,0.16380878
3366,1,-3.9351535,0.56075704,0.81202126,-2.2069275,0.38371822,0.0715527
3367,1,5.9655275,-2.2890413,-0.7929004,-0.2585708,-0.15299775,0.086198464
3368,1,1.4657035,-2.577702,-0.9493487,-0.18272649,0.23336335,-0.007636774
3369,1,-1.4138726,1.8253044,1.1205013,2.0567555,-0.37968212,0.12133507
3370,1,0.18318652,-2.163996,-0.21649848,-2.0606272,-0.25517985,0.011250024
3371,1,0.14115457,-1.0157062,0.15078293,2.6715217,-0.17533353,0.017798167
3372,1,-3.0491672,0.25969493,0.4240791,-1.7818829,-0.29578528,0.020058936
3373,1,-1.550849,-1.247439,-0.36566988,-0.43710965,0.005196243,-0.04635934
3374,1,3.5448992,0.9356159,0.5802852,-1.6357197,-0.06304232,0.020250212
3375,1,3.9369955,-2.9437015,-0.29685822,-0.28497618,-1.0738976,0.110109866
3376,1,0.668511,2.106299,2.0594943,2.3763227,-0.8558254,0.09181178
3377,1,1.5433881,-2.32127,0.138941,-2.0635114,-0.8907381,0.03258288
3378,1,1.2655407,-1.1200361,0.6392722,3.1733992,-0.8104297,-0.00018463127
3379,1,-2.4114876,0.2842705,0.8249057,-1.5060487,-0.554925,-0.07821577
3380,1,-0.9889789,-1.3916503,-0.18822254,0.058421463,-0.36501083,-0.077532895
3381,1,3.885296,0.97041315,0.6625736,-1.4110594,0.015193686,-0.03482793
3382,1,2.2576618,-2.7350473,1.0548327,-0.16606535,-1.2757045,-0.011990501
3383,1,-0.73829526,2.001259,2.634054,2.4270551,-1.3180249,0.020403385
3384,1,0.38810524,-2.3069816,0.82922125,-1.9786215,-1.2011185,-0.023170995
3385,1,0.16544658,-1.1621089,1.1372794,3.2841322,-0.96491545,-0.12135155
3386,1,-3.0268295,0.3660445,1.1740476,-1.5015795,-0.7146923,-0.14692877
3387,1,-1.3101071,-1.4573767,0.06936939,0.1372402,-0.47185117,-0.13444102
3388,1,3.6928172,1.0507249,1.0648266,-1.4188379,-0.4573948,-0.05576685
3389,1,1.5554292,-2.8280232,1.4220632,-0.24634844,-1.1233912,0.011752637
3390,1,-1.4732484,2.047685,3.2677748,2.4475548,-1.0542858,-0.042964756
3391,1,-0.3504247,-2.2477865,1.2291908,-1.9856281,-0.9157479,-0.11446206
3392,1,-0.19581075,-1.0794513,1.4193635,3.1740048,-0.7645522,-0.15069279
3393,1,-3.2530773,0.3915058,1.4293408,-1.5792248,-0.6140672,-0.17112014
3394,1,-1.515428,-1.4080571,0.3313622,0.051196992,-0.52454334,-0.13850097
3395,1,3.2477417,1.0079236,1.3003976,-1.4235634,-0.49549323,-0.052732233
3396,1,1.4418063,-2.7876,1.8816996,-0.17267917,-0.6912434,-0.0459839
3397,1,-1.5361935,2.100761,3.4972973,2.419646,-0.6608846,-0.08917836
3398,1,-0.30016,-2.1984196,1.4293245,-2.0595758,-0.6224728,-0.10926813
3399,1,-0.29732707,-1.016364,1.6051415,3.093894,-0.54849976,-0.14292729
3400,1,-3.3527803,0.41556528,1.5765964,-1.6831,-0.45404005,-0.143405
3401,1,-1.634422,-1.383186,0.5151601,-0.014099528,-0.41754973,-0.115216464
3402,1,3.0796928,1.0424818,1.6315653,-1.4546745,-0.5008195,-0.044911794
3403,1,1.727317,-2.7721703,1.9422375,-0.25705156,-0.33823824,-0.017819462
3404,1,-1.4148902,2.1022735,3.653589,2.3733563,-0.3440885,-0.05451822
3405,1,-0.41108072,-2.1696782,1.5441669,-2.0676482,-0.3073626,-0.07515405
3406,1,-0.33856466,-0.98721284,1.7007644,3.0046837,-0.26704425,-0.08190663
3407,1,-3.3773541,0.43575168,1.6761112,-1.7361324,-0.240948,-0.08232269
3408,1,-1.6881027,-1.35819,0.64874035,-0.07016445,-0.23375481,-0.06420982
3409,1,2.8536868,1.0019447,1.7214494,-1.4629405,-0.2609664,-0.025062429
3410,1,1.5109819,-2.7954261,1.9912428,-0.18770565,-0.00061001105,-5.8507794e-06
3411,1,-1.5247933,2.109112,3.6859238,2.3791158,-0.00033341424,-0.00022316595
3412,1,-0.33902827,-2.163867,1.586937,-2.110985,-0.0002273372,-0.0002657927
3413,1,-0.338915,-0.9716867,1.733534,2.998242,-0.00013602163,-0.00032973374
3414,1,-3.4044623,0.43805486,1.7087868,-1.7642739,8.5862535e-05,-0.00031090886
3415,1,-1.7168283,-1.3570955,0.6804768,-0.085419655,0.0002549173,-0.0002482221
3416,1,2.8895402,1.0401553,1.8539623,-1.4733826,0.00047135967,-7.952166e-05
3417,1,1.7272205,-2.7710447,1.9427668,-0.25682056,0.3376552,0.01768626
3418,1,-1.4152396,2.1013942,3.6532767,2.3726223,0.3433055,0.054050364
3419,1,-0.41090968,-2.1694925,1.5443752,-2.0671635,0.30690032,0.07468675
3420,1,-0.33879477,-0.9873242,1.7007989,3.0040987,0.26682094,0.0812475
3421,1,-3.3771622,0.435618,1.6761574,-1.7359161,0.24109347,0.081733346
3422,1,-1.6882062,-1.3581499,0.64883244,-0.07044919,0.23428532,0.063731186
3423,1,2.8538966,1.0018554,1.72158,-1.4629059,0.26189846,0.024896545
3424,1,1.4416649,-2.7855783,1.8825604,-0.17222445,0.69017917,0.045961596
3425,1,-1.53675,2.0992515,3.4967823,2.4182408,0.6603017,0.088837236
3426,1,-0.29981545,-2.1981988,1.4296763,-2.0586984,0.62208545,0.108778894
3427,1,-0.29782596,-1.0165206,1.6052475,3.0928276,0.5482802,0.14239568
3428,1,-3.3523736,0.41526902,1.5766634,-1.682732,0.4542271,0.14284971
3429,1,-1.6346481,-1.3831139,0.5153395,-0.014602281,0.41804674,0.114825785
3430,1,3.0801518,1.0423216,1.6317793,-1.4546264,0.5017259,0.044752747
3431,1,1.555128,-2.8249812,1.4236244,-0.24567088,1.1229516,-0.011869915
3432,1,-1.4744045,2.0453641,3.266887,2.445513,1.0536956,0.042648617
3433,1,-0.3499927,-2.2474368,1.2297467,-1.9843111,0.9154341,0.11411295
3434,1,-0.1964468,-1.0796832,1.4195154,3.1724212,0.76443654,0.15025939
3435,1,-3.2525203,0.39102292,1.4294072,-1.5786085,0.6142441,0.17067644
3436,1,-1.5156974,-1.4079007,0.331613,0.050458163,0.52502817,0.13820152
3437,1,3.2484078,1.0076222,1.3006436,-1.4234706,0.49632373,0.052591052
3438,1,2.2573178,-2.7307658,1.0562967,-0.16513252,1.2751226,0.011989858
3439,1,-0.7396065,1.9979383,2.632958,2.4241457,1.3177714,-0.020670753
3440,1,0.38879243,-2.3064387,0.8299334,-1.976659,1.2010666,0.022925045
3441,1,0.16444615,-1.1624956,1.1373978,3.2820487,0.9648638,0.12106242
3442,1,-3.0259328,0.36548898,1.1741619,-1.5006484,0.71490073,0.14662412
3443,1,-1.3105502,-1.4572817,0.06957146,0.13630068,0.47225177,0.13424064
3444,1,3.693815,1.0504175,1.0650572,-1.4186878,0.45809507,0.055688836
3445,1,3.9365115,-2.9378996,-0.29354846,-0.28367612,1.0733666,-0.11011327
3446,1,0.66705865,2.1021724,2.0575368,2.3726537,0.85577905,-0.091905154
3447,1,1.5448614,-2.320658,0.13970993,-2.0609407,0.8908031,-0.03276317
3448,1,1.2645972,-1.1204125,0.63939625,3.1709464,0.8104969,5.3258424e-05
3449,1,-2.4103088,0.28349394,0.8248997,-1.5047809,0.5551076,0.07799269
3450,1,-0.9894287,-1.3914719,-0.18798749,0.057380997,0.3652717,0.07748314
3451,1,3.8865755,0.9699538,0.66256833,-1.41083,-0.014711904,0.03476397
3452,1,1.4655261,-2.570739,-0.9466474,-0.1812068,-0.23273154,0.0076676137
3453,1,-1.4149581,1.819896,1.118799,2.0525105,0.3794211,-0.12137027
3454,1,0.18474844,-2.1626582,-0.21572801,-2.0571156,0.255229,-0.011217029
3455,1,0.13995804,-1.0165142,0.15057234,2.6683404,0.17537832,-0.017943643
3456,1,-3.0478833,0.25892833,0.42417613,-1.7798856,0.29587215,-0.020063715
3457,1,-1.5518383,-1.2471385,-0.36558816,-0.43850765,-0.005103437,0.046315536
3458,1,3.5458972,0.9349761,0.58015734,-1.6352938,0.06313434,-0.020258186
3459,1,0.4164861,1.2163892,0.64563406,0.8068514,-0.057435494,0.04094171
3460,1,-0.4582586,-0.94121337,-0.3854385,-0.26135942,0.23242304,0.005420659
3461,1,-0.26431435,0.96841305,0.34448102,1.9317293,0.0015811478,0.055529628
3462,1,-0.46563622,0.26101068,0.052641768,-1.1824805,-0.060492553,0.03924568
3463,1,-1.2840601,0.16750386,-0.10283498,0.67449945,0.08027479,0.026935177
3464,1,-0.89378035,1.0913727,0.25737238,-2.1853185,-0.08804544,0.035957653
3465,1,1.6877375,-0.088884234,-0.23114558,-0.83038324,0.23733452,-0.00799646
3466,1,1.4654378,1.3777938,1.0691527,0.80582434,0.060257092,0.008706854
3467,1,0.6810837,-1.1107529,-0.17902556,-0.39763576,-0.2940281,0.08093163
3468,1,0.7061223,1.0263537,0.7688614,2.223223,-0.29588476,0.07595196
3469,1,0.082008995,0.24616957,0.2947751,-1.1063539,-0.26730758,0.058460534
3470,1,-0.7539796,0.07358712,0.05009473,1.0565407,-0.23539567,0.07049581
3471,1,-0.6290379,1.0806543,0.38739598,-1.84942,-0.06940194,0.052548688
3472,1,2.0257235,-0.11941183,-0.088194706,-0.64742464,0.020619854,0.02122988
3473,1,1.2245218,1.2601678,1.500004,0.8002127,-0.8227784,0.050043073
3474,1,0.16551852,-1.0828283,0.38742265,-0.2914018,-0.7123342,0.05341451
3475,1,0.14944196,0.9672812,1.1584694,2.2884648,-0.6716012,0.036198806
3476,1,-0.24521065,0.23039442,0.65327466,-1.0710008,-0.58268714,0.036066048
3477,1,-1.0328622,0.0010085606,0.31474352,1.152486,-0.43239656,0.028396362
3478,1,-0.7333376,1.1133882,0.5880958,-1.8280907,-0.30729094,0.033979632
3479,1,1.8268172,-0.17079696,-0.06567881,-0.6224631,-0.17297323,0.017442798
3480,1,0.3456153,1.297145,2.093285,0.8596219,-0.67627233,-0.011099101
3481,1,-0.28333282,-1.1058398,0.7259671,-0.2999903,-0.6737175,0.004558743
3482,1,-0.1839009,0.9475938,1.4952822,2.2606876,-0.6299518,0.005840124
3483,1,-0.58540344,0.20921612,0.93987817,-1.0867144,-0.5338476,-0.007932381
3484,1,-1.1674262,0.0050235307,0.540373,1.0839579,-0.4226804,-0.0077069467
3485,1,-0.92052317,1.0831147,0.7517245,-1.8507882,-0.35146877,-0.0040024756
3486,1,1.7684618,-0.14020486,0.12371469,-0.63642955,-0.40594015,-0.0021125674
3487,1,0.7712585,1.2957076,2.310473,0.7993321,-0.44062927,-0.00020829748
3488,1,-0.32880032,-1.1167939,1.0421073,-0.3009649,-0.44678545,-0.016279705
3489,1,-0.23324578,0.97072995,1.7519672,2.2522376,-0.4114519,-0.025352215
3490,1,-0.5455563,0.2255416,1.1481992,-1.151102,-0.36366796,-0.025731508
3491,1,-1.2144091,0.025686137,0.7327218,1.0396333,-0.32586306,-0.024519963
3492,1,-0.9065771,1.0890551,0.92131245,-1.8830842,-0.2986516,-0.016338026
3493,1,1.4917811,-0.1681022,0.2277606,-0.6420424,-0.3290516,-0.006979968
3494,1,0.4425718,1.2761278,2.5339925,0.8661258,-0.21771596,-0.01212848
3495,1,-0.24922751,-1.0945119,1.2269847,-0.28572828,-0.20932141,-0.020137312
3496,1,-0.18775456,0.9850514,1.9289323,2.2044015,-0.20500356,-0.021338174
3497,1,-0.61003476,0.2433835,1.3009753,-1.1567277,-0.18935603,-0.022817548
3498,1,-1.2099617,0.041742288,0.8655304,0.9936546,-0.16557544,-0.019472664
3499,1,-0.9975279,1.0832424,1.031527,-1.9016382,-0.16644394,-0.013964061
3500,1,1.5911173,-0.13157399,0.40552336,-0.6471323,-0.2128091,-0.00543477
3501,1,0.8387012,1.3071543,2.591363,0.79630834,-0.00012688187,-0.000111579575
3502,1,-0.31474677,-1.1016045,1.3043405,-0.30675954,-0.00027654445,-0.00019138593
3503,1,-0.24484368,0.99042356,1.9858294,2.2249157,-0.0001685836,-0.000314571
3504,1,-0.57522196,0.2470062,1.3505557,-1.1844461,-3.5868503e-05,-0.00033772952
3505,1,-1.2381264,0.04831289,0.9099967,0.989403,2.6153595e-05,-0.00033652797
3506,1,-0.94448334,1.0907762,1.0840781,-1.906864,0.00019069345,-0.000245432
3507,1,1.3879339,-0.16514628,0.40028387,-0.6507366,0.00032871115,-0.00010155797
3508,1,0.44261375,1.275599,2.533714,0.86598045,0.21695709,0.012001044
3509,1,-0.2492848,-1.0940685,1.2272189,-0.2854137,0.2089404,0.019789375
3510,1,-0.18790552,0.9848031,1.9288759,2.203883,0.20469514,0.020711381
3511,1,-0.6099007,0.24340497,1.3010502,-1.156461,0.18924525,0.022177385
3512,1,-1.2100793,0.04173936,0.8655559,0.9933542,0.16566512,0.018822521
3513,1,-0.9974246,1.083216,1.0315709,-1.9016011,0.1667952,0.013491617
3514,1,1.5911478,-0.1315744,0.40563193,-0.6471988,0.21347587,0.005245985
3515,1,0.7711523,1.2947707,2.3100154,0.79908484,0.4403942,3.5523273e-05
3516,1,-0.32888886,-1.1160396,1.042494,-0.30036202,0.4462962,0.015938189
3517,1,-0.2335337,0.97032535,1.7518843,2.2512558,0.41115296,0.024834264
3518,1,-0.5452823,0.22552751,1.1483151,-1.1506263,0.36362535,0.025134832
3519,1,-1.2146395,0.025701188,0.7327793,1.039094,0.32593256,0.023962324
3520,1,-0.9063718,1.0889937,0.9213755,-1.8830366,0.29902247,0.015902404
3521,1,1.4918665,-0.16809738,0.22796625,-0.64216006,0.32968026,0.006822145
3522,1,0.3456762,1.2957237,2.0924623,0.85922813,0.675726,0.011023669
3523,1,-0.28356776,-1.1046919,0.7266066,-0.29911372,0.6734255,-0.004810297
3524,1,-0.18438336,0.94695926,1.4951222,2.2592354,0.62975144,-0.0062803
3525,1,-0.58502215,0.2091905,0.94003683,-1.0859724,0.53381,0.0074550407
3526,1,-1.167745,0.0050477395,0.54044765,1.0831597,0.42278984,0.0072593316
3527,1,-0.92022973,1.0829946,0.7517816,-1.8506869,0.35179308,0.003652908
3528,1,1.7685906,-0.1401727,0.1239706,-0.636602,0.40652376,0.0019975808
3529,1,1.2242696,1.2581916,1.4992638,0.799684,0.82258564,-0.050124574
3530,1,0.1652805,-1.0811493,0.38818908,-0.2901492,0.7121165,-0.053556122
3531,1,0.14883839,0.9663815,1.1582091,2.2864637,0.67149115,-0.03651301
3532,1,-0.24460414,0.23039275,0.6534816,-1.0698975,0.58276206,-0.03641559
3533,1,-1.0333251,0.0009810062,0.31478655,1.1514596,0.4324794,-0.028716352
3534,1,-0.73289204,1.1132687,0.58816653,-1.8279098,0.30756292,-0.03421772
3535,1,1.8270478,-0.17081937,-0.06545724,-0.6226831,0.17343654,-0.017522158
3536,1,1.4654803,1.3750863,1.0675911,0.8050891,-0.06004185,-0.0087325135
3537,1,0.68103516,-1.1086204,-0.17783731,-0.39592826,0.29386792,-0.08100319
3538,1,0.70546615,1.0252861,0.7684354,2.220759,0.29588598,-0.07611245
3539,1,0.08289105,0.2461441,0.29494196,-1.1048665,0.26736426,-0.058704242
3540,1,-0.7544779,0.073567405,0.050143268,1.0553598,0.23542418,-0.0706639
3541,1,-0.6284749,1.0804539,0.38739583,-1.8491479,0.06955069,-0.05269864
3542,1,2.0260103,-0.11939614,-0.08801301,-0.647675,-0.020417728,-0.021243526
3543,1,0.41642922,1.2131095,0.64429814,0.80601174,0.056848753,-0.040944394
3544,1,-0.4582782,-0.9384897,-0.38441083,-0.2592952,-0.23214981,-0.0054319007
3545,1,-0.26493293,0.96679497,0.34396333,1.9287968,-0.0016425415,-0.055624574
3546,1,-0.46472254,0.26118517,0.052883502,-1.1803672,0.060493756,-0.03927933
3547,1,-1.2848225,0.16743481,-0.102909,0.6729324,-0.08027464,-0.027037816
3548,1,-0.8933392,1.0911447,0.25738138,-2.1847472,0.088052124,-0.035973318
3549,1,1.6877997,-0.08886051,-0.23104313,-0.8307028,-0.23725127,0.0079874145
3550,1,0.22752509,-0.08459839,-0.247785,0.1259269,0.23761559,0.013591241
3551,1,-0.5370131,1.124056,0.037579585,0.6657124,-0.001690344,0.04025802
3552,1,0.06212104,1.2132249,-0.13518514,-0.3000869,0.09605239,0.021255784
3553,1,0.24663754,1.9513549,0.032809183,0.73898876,0.046773028,0.081829585
3554,1,-1.1591588,2.034764,0.010219069,-0.7149421,-0.02684552,0.11746674
3555,1,0.6329871,1.0741036,-0.08731103,-0.5525696,0.07918708,0.10650981
3556,1,0.053192094,0.3689071,-0.07849738,-0.3966416,0.03839785,0.05754749
3557,1,0.87826884,-0.17456341,-0.37198967,0.068174936,-0.017299373,0.056223594
3558,1,-0.48140478,1.0422478,-0.05271974,0.69733506,0.032749005,0.0726832
3559,1,0.3213323,1.0834976,-0.14870238,-0.317862,-0.035843223,0.09174261
3560,1,0.55999994,1.890613,0.13673227,0.8716087,-0.053795315,0.15080923
3561,1,-1.266741,1.9699942,0.04728193,-0.59904027,-0.033234484,0.19400665
3562,1,0.93707836,1.0151137,-0.13418731,-0.38061062,-0.016116105,0.18756185
3563,1,-0.039271917,0.35657492,-0.41939378,-0.30717224,0.103980094,0.08402979
3564,1,0.22012821,-0.15446217,-0.0791448,0.13087742,-0.19887988,0.019516377
3565,1,-0.32436574,1.0102131,0.18408029,0.6989761,-0.2527705,0.07662667
3566,1,0.24540119,1.0305258,0.17945647,-0.2988825,-0.24834077,0.0974596
3567,1,0.34739417,1.7970259,0.43915436,0.92751765,-0.20478706,0.11253903
3568,1,-1.1351035,1.9390028,0.27948424,-0.6068343,-0.15636173,0.13249514
3569,1,0.7229735,0.97495925,-0.076207116,-0.37283266,-0.09667391,0.12908135
3570,1,0.17846262,0.36618727,-0.54225016,-0.31622618,-0.09643501,0.0564767
3571,1,0.76840764,-0.13080035,0.4495116,0.07601485,-0.28251502,0.011547075
3572,1,-0.71714306,1.0529212,0.75752413,0.71654135,-0.26704523,0.028552916
3573,1,0.107284404,1.0815754,0.68532693,-0.28404877,-0.23799393,0.05098924
3574,1,0.36797094,1.8443512,0.88414466,0.87897503,-0.20703045,0.06486214
3575,1,-1.3290634,1.9441179,0.6251211,-0.6043606,-0.16942248,0.07945454
3576,1,0.85252243,0.9893964,0.16303667,-0.38469386,-0.1386223,0.08585321
3577,1,-0.16697654,0.3529779,-0.44271445,-0.3205194,-0.1365818,0.045258045
3578,1,0.05419275,-0.14575966,0.91321355,0.15034533,-0.1589895,-0.003733647
3579,1,-0.4862819,1.1007385,1.2026803,0.72170854,-0.14762768,0.0059955646
3580,1,0.14444166,1.1397133,1.0992547,-0.31891528,-0.15155323,0.018886002
3581,1,0.2904463,1.8853965,1.2497604,0.883645,-0.13568537,0.030301917
3582,1,-1.211173,1.9736881,0.9323767,-0.63731855,-0.11575241,0.042223834
3583,1,0.68712366,0.99803364,0.42368707,-0.3913584,-0.11426776,0.056614526
3584,1,0.14185002,0.37260127,-0.20672649,-0.3182243,-0.14709076,0.029811362
3585,1,0.7916771,-0.10716819,1.1341174,0.08407655,-0.06421331,0.0008547066
3586,1,-0.67456454,1.1047324,1.4472377,0.710641,-0.07687206,0.00025885465
3587,1,0.1178422,1.154919,1.3369215,-0.29311213,-0.07166553,0.0042347102
3588,1,0.34603548,1.9142191,1.4656526,0.8518039,-0.068142615,0.010630902
3589,1,-1.2988838,1.9851063,1.134635,-0.63179034,-0.066030845,0.019282393
3590,1,0.8163379,1.009051,0.61735195,-0.3984062,-0.06282357,0.026756234
3591,1,-0.23097992,0.35118857,-0.048257116,-0.32419732,-0.07867712,0.01577905
3592,1,0.09100298,-0.14775401,1.2066911,0.15297036,-0.00018127965,-9.6301694e-05
3593,1,-0.49275246,1.1121593,1.5220013,0.72787863,-4.310916e-05,-0.00029077567
3594,1,0.14084926,1.1676519,1.4137923,-0.31865975,-5.5615004e-05,-0.00037310575
3595,1,0.290579,1.9171928,1.542483,0.8676474,-3.1776035e-05,-0.00043193324
3596,1,-1.2254931,1.9920869,1.2037731,-0.6460987,2.6670912e-05,-0.00041934804
3597,1,0.68110037,1.0083324,0.6839853,-0.39758193,5.469082e-05,-0.00034144416
3598,1,0.13071871,0.3756389,0.03813317,-0.31928876,0.0001350606,-0.00014127755
3599,1,0.7914091,-0.10702041,1.134147,0.08413516,0.064097665,-0.001078356
3600,1,-0.6744506,1.1046256,1.4472324,0.7105172,0.07668993,-0.0008136627
3601,1,0.117906876,1.1550403,1.337028,-0.29297653,0.07156796,-0.0049543767
3602,1,0.34579343,1.9142189,1.4656612,0.85162944,0.068093374,-0.011467248
3603,1,-1.2985796,1.9851385,1.13467,-0.6317406,0.06607556,-0.020087056
3604,1,0.8160982,1.009066,0.6173312,-0.3984579,0.06294382,-0.027421685
3605,1,-0.23086405,0.3512008,-0.048190076,-0.32421154,0.07893846,-0.01605137
3606,1,0.05454183,-0.14547202,0.91326565,0.150393,0.15865901,0.0035629983
3607,1,-0.48636883,1.1005692,1.2026974,0.7214623,0.14754423,-0.0064874473
3608,1,0.14458509,1.1399112,1.0994507,-0.31864837,0.15145405,-0.019534769
3609,1,0.2900355,1.8854219,1.2497822,0.88330984,0.13563147,-0.031040939
3610,1,-1.2106392,1.9737301,0.93242705,-0.63722956,0.11581169,-0.04295321
3611,1,0.68672484,0.99806625,0.42363337,-0.39145505,0.114374444,-0.057199243
3612,1,0.14201821,0.3726292,-0.20662554,-0.31824985,0.14735137,-0.030062618
3613,1,0.76765627,-0.13039906,0.449654,0.07617857,0.28240988,-0.011708095
3614,1,-0.7168527,1.0526555,0.75752413,0.7161918,0.26691556,-0.028948797
3615,1,0.10745545,1.0818806,0.6856108,-0.28368172,0.23793381,-0.05151123
3616,1,0.36728477,1.8443543,0.8841475,0.878496,0.20700882,-0.06546227
3617,1,-1.3282043,1.9441793,0.6251692,-0.6042229,0.16947468,-0.08004432
3618,1,0.8518514,0.9894442,0.16292347,-0.3848279,0.13873349,-0.086334646
3619,1,-0.16663925,0.35299572,-0.44262314,-0.3205621,0.13681193,-0.04546336
3620,1,0.2206413,-0.15387975,-0.07902277,0.1309792,0.19873823,-0.019614015
3621,1,-0.32451,1.0097855,0.18405771,0.6984787,0.25275758,-0.076900855
3622,1,0.24569258,1.0309129,0.1797525,-0.2982996,0.24832278,-0.09781985
3623,1,0.34653923,1.7970105,0.43909788,0.92684823,0.20477672,-0.11297837
3624,1,-1.133974,1.939059,0.27953377,-0.60660344,0.15642147,-0.1329151
3625,1,0.7221288,0.975005,-0.0764092,-0.3730105,0.09675275,-0.12940973
3626,1,0.17884514,0.3662562,-0.54219365,-0.316276,0.09660855,-0.056624785
3627,1,0.8774266,-0.17378789,-0.37165257,0.068428025,0.017073968,-0.056251265
3628,1,-0.48097107,1.0416988,-0.052943815,0.696654,-0.032679252,-0.07282456
3629,1,0.3218006,1.0839312,-0.14840601,-0.31711635,0.0358344,-0.09196374
3630,1,0.5587297,1.8905472,0.13658838,0.870853,0.05379257,-0.15106285
3631,1,-1.265138,1.9700868,0.04736721,-0.59873843,0.033251084,-0.19427508
3632,1,0.9358936,1.015159,-0.13439949,-0.3807952,0.016124608,-0.18773143
3633,1,-0.038683806,0.35660073,-0.41937482,-0.30723986,-0.10388853,-0.084098876
3634,1,0.22743803,-0.0836975,-0.24744622,0.12614214,-0.2373567,-0.013593974
3635,1,-0.5367536,1.1232044,0.037281502,0.6649614,0.0014944713,-0.040285077
3636,1,0.06250635,1.2137364,-0.13493912,-0.2990966,-0.095961705,-0.021334812
3637,1,0.24535312,1.9512057,0.032650534,0.73801005,-0.046805248,-0.08192203
3638,1,-1.1574157,2.0349166,0.01031321,-0.7144254,0.02684205,-0.11754423
3639,1,0.6315212,1.074248,-0.08741336,-0.55283016,-0.07919708,-0.10658553
3640,1,0.053798012,0.36901927,-0.07850094,-0.3966961,-0.038401686,-0.057542015
