NodeLabel,X_mm,Y_mm,Z_mm,U1_mm,U2_mm,U3_mm
1,-12.0,0.0,8.0,-0.031034373,0.05278566,0.00024816024
2,-12.0,0.5714286,8.0,-0.026421621,0.05598192,2.7759283e-05
3,-12.0,1.1428572,8.0,-0.011635709,0.053220857,-7.738328e-05
4,-12.0,1.7142857,8.0,-0.0069072573,0.055396754,6.192517e-06
5,-12.0,2.2857144,8.0,0.008099493,0.053975742,-0.0001684342
6,-12.0,2.857143,8.0,0.013061485,0.054874647,-6.22638e-05
7,-12.0,3.4285715,8.0,0.028335597,0.054605786,-0.00013734079
8,-12.0,4.0,8.0,0.033326138,0.05425168,-0.00030881184
9,-12.0,0.0,7.3846154,-0.030841094,0.052581962,5.78362e-08
10,-12.0,0.5714286,7.3846154,-0.026312329,0.056030627,7.1446295e-05
11,-12.0,1.1428572,7.3846154,-0.011256007,0.05309162,4.9575665e-05
12,-12.0,1.7142857,7.3846154,-0.006850112,0.05537997,-3.591066e-05
13,-12.0,2.2857144,7.3846154,0.0084453635,0.053903468,-7.716404e-06
14,-12.0,2.857143,7.3846154,0.01311994,0.05482308,-7.815853e-05
15,-12.0,3.4285715,7.3846154,0.028553508,0.05454473,-5.7879013e-05
16,-12.0,4.0,7.3846154,0.033435993,0.054233294,1.7950628e-05
17,-12.0,0.0,6.769231,-0.030431828,0.052523386,0.00018421555
18,-12.0,0.5714286,6.769231,-0.026246177,0.056009337,0.00010341613
19,-12.0,1.1428572,6.769231,-0.011023631,0.0530159,7.741439e-05
20,-12.0,1.7142857,6.769231,-0.006762021,0.055329196,6.724056e-05
21,-12.0,2.2857144,6.769231,0.008668257,0.053828668,1.7243872e-05
22,-12.0,2.857143,6.769231,0.013145817,0.05471453,1.2189879e-05
23,-12.0,3.4285715,6.769231,0.028800592,0.054501243,-7.207597e-05
24,-12.0,4.0,6.769231,0.033375293,0.054085918,-0.00022386394
25,-12.0,0.0,6.1538463,-0.030440781,0.05253126,0.00015445283
26,-12.0,0.5714286,6.1538463,-0.026155759,0.055907294,0.00014853236
27,-12.0,1.1428572,6.1538463,-0.010914859,0.053026423,0.00012192347
28,-12.0,1.7142857,6.1538463,-0.0067105703,0.0552285,9.739244e-05
29,-12.0,2.2857144,6.1538463,0.008759823,0.053801674,7.66764e-05
30,-12.0,2.857143,6.1538463,0.013213689,0.054622006,2.857617e-05
31,-12.0,3.4285715,6.1538463,0.02885166,0.054446243,4.2887546e-05
32,-12.0,4.0,6.1538463,0.03349856,0.0540139,6.296265e-05
33,-12.0,0.0,5.5384617,-0.030342927,0.052508175,0.00015000069
34,-12.0,0.5714286,5.5384617,-0.026113417,0.05591912,0.00013890144
35,-12.0,1.1428572,5.5384617,-0.010909542,0.05296262,0.00013459974
36,-12.0,1.7142857,5.5384617,-0.0066511757,0.05521094,0.00010253261
37,-12.0,2.2857144,5.5384617,0.008770242,0.05374188,8.653694e-05
38,-12.0,2.857143,5.5384617,0.013256434,0.054581054,7.181993e-05
39,-12.0,3.4285715,5.5384617,0.028877102,0.05437983,3.8609223e-06
40,-12.0,4.0,5.5384617,0.033478335,0.053948786,-9.2039794e-05
41,-12.0,0.0,4.923077,-0.030379413,0.0524935,0.00013739757
42,-12.0,0.5714286,4.923077,-0.02608768,0.055891052,0.000117191834
43,-12.0,1.1428572,4.923077,-0.010891401,0.052950017,9.59003e-05
44,-12.0,1.7142857,4.923077,-0.006641975,0.055186216,9.778375e-05
45,-12.0,2.2857144,4.923077,0.008780343,0.05370758,7.8848985e-05
46,-12.0,2.857143,4.923077,0.013267443,0.05455412,5.809618e-05
47,-12.0,3.4285715,4.923077,0.02886356,0.05433183,8.896804e-05
48,-12.0,4.0,4.923077,0.033504773,0.053915728,0.0001146145
49,-12.0,0.0,4.3076925,-0.030361088,0.052492034,5.608213e-05
50,-12.0,0.5714286,4.3076925,-0.026081778,0.05589158,6.918291e-05
51,-12.0,1.1428572,4.3076925,-0.010904979,0.05293512,7.931787e-05
52,-12.0,1.7142857,4.3076925,-0.0066340775,0.055175826,5.8928174e-05
53,-12.0,2.2857144,4.3076925,0.00876441,0.05369241,6.3140564e-05
54,-12.0,2.857143,4.3076925,0.013267104,0.054537203,6.2972904e-05
55,-12.0,3.4285715,4.3076925,0.028847303,0.05431038,1.505996e-05
56,-12.0,4.0,4.3076925,0.03347895,0.053891197,-3.8796377e-05
57,-12.0,0.0,3.6923077,-0.030378504,0.052491322,4.6243324e-05
58,-12.0,0.5714286,3.6923077,-0.026099892,0.055891637,3.233454e-05
59,-12.0,1.1428572,3.6923077,-0.010922363,0.05293452,2.0958681e-05
60,-12.0,1.7142857,3.6923077,-0.006652186,0.055175755,4.0687497e-05
61,-12.0,2.2857144,3.6923077,0.00874698,0.053691942,3.5283552e-05
62,-12.0,2.857143,3.6923077,0.013248958,0.05453701,3.478211e-05
63,-12.0,3.4285715,3.6923077,0.028829841,0.054310016,8.146362e-05
64,-12.0,4.0,3.6923077,0.033460792,0.05389091,0.00013450086
65,-12.0,0.0,3.0769231,-0.030431483,0.052491397,-3.5130724e-05
66,-12.0,0.5714286,3.0769231,-0.02614187,0.055891205,-1.566217e-05
67,-12.0,1.1428572,3.0769231,-0.0109435795,0.052948248,4.3724986e-06
68,-12.0,1.7142857,3.0769231,-0.0066963113,0.055186,1.8464696e-06
69,-12.0,2.2857144,3.0769231,0.008728066,0.053706173,1.955909e-05
70,-12.0,2.857143,3.0769231,0.013213,0.05455355,3.9671464e-05
71,-12.0,3.4285715,3.0769231,0.028811136,0.054330733,7.536893e-06
72,-12.0,4.0,3.0769231,0.033450186,0.053914864,-1.8881086e-05
73,-12.0,0.0,2.4615386,-0.030429829,0.0525047,-4.767887e-05
74,-12.0,0.5714286,2.4615386,-0.026203828,0.055919386,-3.7325637e-05
75,-12.0,1.1428572,2.4615386,-0.010996516,0.0529597,-3.4347653e-05
76,-12.0,1.7142857,2.4615386,-0.0067417077,0.055210583,-2.8742245e-06
77,-12.0,2.2857144,2.4615386,0.008683089,0.05373957,1.1850714e-05
78,-12.0,2.857143,2.4615386,0.013165727,0.0545801,2.595732e-05
79,-12.0,3.4285715,2.4615386,0.02878975,0.054378036,9.2616276e-05
80,-12.0,4.0,2.4615386,0.033387467,0.053947352,0.00018776942
81,-12.0,0.0,1.8461539,-0.030562392,0.052526437,-5.2204537e-05
82,-12.0,0.5714286,1.8461539,-0.026282296,0.05590769,-4.697235e-05
83,-12.0,1.1428572,1.8461539,-0.0110365935,0.053022385,-2.1642316e-05
84,-12.0,1.7142857,1.8461539,-0.0068373717,0.05522803,2.2665254e-06
85,-12.0,2.2857144,1.8461539,0.008637868,0.053798478,2.1708793e-05
86,-12.0,2.857143,1.8461539,0.01308667,0.054620706,6.918996e-05
87,-12.0,3.4285715,1.8461539,0.028729405,0.05444377,5.3580618e-05
88,-12.0,4.0,1.8461539,0.03337127,0.054011915,3.2798765e-05
89,-12.0,0.0,1.2307693,-0.030588008,0.05251693,-8.195738e-05
90,-12.0,0.5714286,1.2307693,-0.026409172,0.056010183,-1.7882537e-06
91,-12.0,1.1428572,1.2307693,-0.011179985,0.05301053,2.2868457e-05
92,-12.0,1.7142857,1.2307693,-0.006925213,0.055328816,3.242681e-05
93,-12.0,2.2857144,1.2307693,0.008511644,0.053824503,8.114049e-05
94,-12.0,2.857143,1.2307693,0.012982358,0.05471298,8.55606e-05
95,-12.0,3.4285715,1.2307693,0.028643662,0.054498114,0.0001685211
96,-12.0,4.0,1.2307693,0.03321157,0.0540834,0.00031958663
97,-12.0,0.0,0.61538464,-0.031032106,0.052573983,0.00010237722
98,-12.0,0.5714286,0.61538464,-0.0265115,0.056031894,3.011185e-05
99,-12.0,1.1428572,0.61538464,-0.011447076,0.05308503,5.070977e-05
100,-12.0,1.7142857,0.61538464,-0.007049623,0.055379685,0.00013561193
101,-12.0,2.2857144,0.61538464,0.00825401,0.05389837,0.000106078776
102,-12.0,2.857143,0.61538464,0.012920188,0.05482135,0.00017591895
103,-12.0,3.4285715,0.61538464,0.028361758,0.054540902,0.00015430586
104,-12.0,4.0,0.61538464,0.03323592,0.054230396,7.7817866e-05
105,-12.0,0.0,0.0,-0.031260546,0.05277695,-0.00014621015
106,-12.0,0.5714286,0.0,-0.026656618,0.055982955,7.3964344e-05
107,-12.0,1.1428572,0.0,-0.01186209,0.05321355,0.00017775543
108,-12.0,1.7142857,0.0,-0.007142471,0.055396263,9.3408475e-05
109,-12.0,2.2857144,0.0,0.007872848,0.05397,0.00026689004
110,-12.0,2.857143,0.0,0.0128259715,0.05487263,0.00015996341
111,-12.0,3.4285715,0.0,0.0281086,0.054601394,0.00023380129
112,-12.0,4.0,0.0,0.03309033,0.054248378,0.0004045146
113,-11.4,0.0,8.0,-0.036028285,0.04603178,0.00012252195
114,-11.4,0.5714286,8.0,-0.021687001,0.042699836,0.00026231553
115,-11.4,1.1428572,8.0,-0.016554948,0.045410275,0.0002677128
116,-11.4,1.7142857,8.0,-0.0021674305,0.043221205,8.473969e-05
117,-11.4,2.2857144,8.0,0.0031370998,0.04466627,0.00018866966
118,-11.4,2.857143,8.0,0.017823229,0.043804884,3.5719007e-05
119,-11.4,3.4285715,8.0,0.023360405,0.043994416,4.8854617e-05
120,-11.4,4.0,8.0,0.03816113,0.044202913,0.0001619172
121,-11.4,0.0,7.3846154,-0.035843436,0.046162125,0.00039137283
122,-11.4,0.5714286,7.3846154,-0.021362944,0.04253847,0.00024744833
123,-11.4,1.1428572,7.3846154,-0.01644441,0.04543228,0.0002012074
124,-11.4,1.7142857,7.3846154,-0.001829717,0.043124072,0.00021036279
125,-11.4,2.2857144,7.3846154,0.0032354654,0.044624835,0.00011592937
126,-11.4,2.857143,7.3846154,0.018097837,0.04374339,0.00011745148
127,-11.4,3.4285715,7.3846154,0.023415668,0.043927547,1.942351e-05
128,-11.4,4.0,7.3846154,0.038355734,0.044115387,-0.00016808798
129,-11.4,0.0,6.769231,-0.03580644,0.046109814,0.00024065333
130,-11.4,0.5714286,6.769231,-0.021093888,0.042473607,0.00025614368
131,-11.4,1.1428572,6.769231,-0.016356183,0.045405537,0.00023018503
132,-11.4,1.7142857,6.769231,-0.001591889,0.043051902,0.00018071006
133,-11.4,2.2857144,6.769231,0.0032876006,0.044552658,0.00016184423
134,-11.4,2.857143,6.769231,0.018323475,0.04369021,9.204076e-05
135,-11.4,3.4285715,6.769231,0.02342561,0.043811914,9.182566e-05
136,-11.4,4.0,6.769231,0.03861068,0.04410399,0.00012363683
137,-11.4,0.0,6.1538463,-0.035678156,0.046056397,0.00025806183
138,-11.4,0.5714286,6.1538463,-0.021008031,0.042496763,0.00023100726
139,-11.4,1.1428572,6.1538463,-0.01629732,0.04530474,0.0002084391
140,-11.4,1.7142857,6.1538463,-0.001505366,0.04304731,0.00017972816
141,-11.4,2.2857144,6.1538463,0.0033509738,0.04445989,0.00013915612
142,-11.4,2.857143,6.1538463,0.018393602,0.043652676,0.00012182461
143,-11.4,3.4285715,6.1538463,0.023499668,0.043724325,2.906472e-05
144,-11.4,4.0,6.1538463,0.038644362,0.04403899,-8.777691e-05
145,-11.4,0.0,5.5384617,-0.0356739,0.04604314,0.00021772567
146,-11.4,0.5714286,5.5384617,-0.020986075,0.04243897,0.00019559724
147,-11.4,1.1428572,5.5384617,-0.01624569,0.045304395,0.00016589844
148,-11.4,1.7142857,5.5384617,-0.0014922809,0.04298994,0.0001552623
149,-11.4,2.2857144,5.5384617,0.0033945634,0.044434138,0.00012605404
150,-11.4,2.857143,5.5384617,0.018414114,0.043595403,8.7601285e-05
151,-11.4,3.4285715,5.5384617,0.023524594,0.043686315,0.00010428773
152,-11.4,4.0,5.5384617,0.038672067,0.04398469,0.000120295954
153,-11.4,0.0,4.923077,-0.035622127,0.04604535,0.00012174886
154,-11.4,0.5714286,4.923077,-0.020976922,0.042438183,0.00013459435
155,-11.4,1.1428572,4.923077,-0.016231839,0.04527979,0.00013225754
156,-11.4,1.7142857,4.923077,-0.0014836891,0.042967662,0.00010547318
157,-11.4,2.2857144,4.923077,0.003408735,0.044413913,9.329229e-05
158,-11.4,2.857143,4.923077,0.018411012,0.043560855,8.6162814e-05
159,-11.4,3.4285715,4.923077,0.0235358,0.043661546,1.8663413e-05
160,-11.4,4.0,4.923077,0.038637698,0.043939315,-4.7784564e-05
161,-11.4,0.0,4.3076925,-0.035628397,0.04603719,9.610367e-05
162,-11.4,0.5714286,4.3076925,-0.020983515,0.042425614,7.098183e-05
163,-11.4,1.1428572,4.3076925,-0.016224802,0.04527653,5.5578483e-05
164,-11.4,1.7142857,4.3076925,-0.0014963907,0.042956058,6.482105e-05
165,-11.4,2.2857144,4.3076925,0.0034094648,0.044402987,5.2539704e-05
166,-11.4,2.857143,4.3076925,0.01839659,0.043546636,3.8826227e-05
167,-11.4,3.4285715,4.3076925,0.023526313,0.043648195,7.910996e-05
168,-11.4,4.0,4.3076925,0.03862106,0.043921903,0.00011195043
169,-11.4,0.0,3.6923077,-0.035646353,0.046037327,-2.814473e-05
170,-11.4,0.5714286,3.6923077,-0.021000916,0.042424966,-4.2944002e-06
171,-11.4,1.1428572,3.6923077,-0.016242849,0.045276545,1.0354354e-05
172,-11.4,1.7142857,3.6923077,-0.0015138483,0.04295554,-8.629719e-08
173,-11.4,2.2857144,3.6923077,0.0033913848,0.044402868,1.1485903e-05
174,-11.4,2.857143,3.6923077,0.018379094,0.043546245,2.4010498e-05
175,-11.4,3.4285715,3.6923077,0.023508178,0.043647967,-1.7047283e-05
176,-11.4,4.0,3.6923077,0.0386035,0.043921605,-5.118146e-05
177,-11.4,0.0,3.0769231,-0.035676226,0.046045702,-5.372763e-05
178,-11.4,0.5714286,3.0769231,-0.02102924,0.042436272,-6.791479e-05
179,-11.4,1.1428572,3.0769231,-0.01628596,0.045279812,-6.6310706e-05
180,-11.4,1.7142857,3.0769231,-0.0015360645,0.042966127,-4.0750052e-05
181,-11.4,2.2857144,3.0769231,0.0033544952,0.044413563,-2.9248506e-05
182,-11.4,2.857143,3.0769231,0.018358523,0.04355967,-2.33451e-05
183,-11.4,3.4285715,3.0769231,0.023481447,0.043660883,4.341768e-05
184,-11.4,4.0,3.0769231,0.03858512,0.04393842,0.00010852862
185,-11.4,0.0,2.4615386,-0.035763916,0.046043746,-0.00014978091
186,-11.4,0.5714286,2.4615386,-0.021073215,0.042435806,-0.0001289445
187,-11.4,1.1428572,2.4615386,-0.016335893,0.04530444,-9.991638e-05
188,-11.4,1.7142857,2.4615386,-0.0015795872,0.04298741,-9.055582e-05
189,-11.4,2.2857144,2.4615386,0.0033041819,0.04443355,-6.1992905e-05
190,-11.4,2.857143,2.4615386,0.018326627,0.04359347,-2.4797839e-05
191,-11.4,3.4285715,2.4615386,0.023434,0.043685198,-4.2189575e-05
192,-11.4,4.0,2.4615386,0.038584366,0.04398323,-5.9529855e-05
193,-11.4,0.0,1.8461539,-0.035804357,0.04605726,-0.00019002886
194,-11.4,0.5714286,1.8461539,-0.02113008,0.042492382,-0.00016432551
195,-11.4,1.1428572,1.8461539,-0.016423637,0.045304816,-0.00014246137
196,-11.4,1.7142857,1.8461539,-0.0016275612,0.0430438,-0.00011501091
197,-11.4,2.2857144,1.8461539,0.003224412,0.044459097,-7.509021e-05
198,-11.4,2.857143,1.8461539,0.018271167,0.043649998,-5.9026148e-05
199,-11.4,3.4285715,1.8461539,0.023372853,0.04372279,3.3036726e-05
200,-11.4,4.0,1.8461539,0.038521703,0.04403698,0.00014852152
201,-11.4,0.0,1.2307693,-0.03596878,0.04611129,-0.0001726748
202,-11.4,0.5714286,1.2307693,-0.021250626,0.04246774,-0.00018949372
203,-11.4,1.1428572,1.2307693,-0.016518764,0.045405917,-0.00016418399
204,-11.4,1.7142857,1.2307693,-0.0017488546,0.043047268,-0.00011598607
205,-11.4,2.2857144,1.2307693,0.0031247442,0.044551786,-9.777687e-05
206,-11.4,2.857143,1.2307693,0.01816624,0.04368675,-2.9233874e-05
207,-11.4,3.4285715,1.2307693,0.023262432,0.043809995,-2.972249e-05
208,-11.4,4.0,1.2307693,0.038453124,0.044101484,-6.2822466e-05
209,-11.4,0.0,0.61538464,-0.036041997,0.04616418,-0.00032352816
210,-11.4,0.5714286,0.61538464,-0.021554606,0.04253121,-0.00018071446
211,-11.4,1.1428572,0.61538464,-0.016643135,0.045432914,-0.00013518296
212,-11.4,1.7142857,0.61538464,-0.0020215581,0.043118376,-0.0001456489
213,-11.4,2.2857144,0.61538464,0.0030364404,0.04462393,-5.18323e-05
214,-11.4,2.857143,0.61538464,0.017905707,0.043739144,-5.465424e-05
215,-11.4,3.4285715,0.61538464,0.023216324,0.04392536,4.2693617e-05
216,-11.4,4.0,0.61538464,0.038163316,0.044112306,0.0002288745
217,-11.4,0.0,0.0,-0.03626248,0.046033602,-5.419354e-05
218,-11.4,0.5714286,0.0,-0.021913908,0.04269188,-0.00019570622
219,-11.4,1.1428572,0.0,-0.016789407,0.045410722,-0.00020175106
220,-11.4,1.7142857,0.0,-0.0023945677,0.04321482,-1.989899e-05
221,-11.4,2.2857144,0.0,0.0029023378,0.044665124,-0.00012464183
222,-11.4,2.857143,0.0,0.017595807,0.043800034,2.7139646e-05
223,-11.4,3.4285715,0.0,0.023125295,0.043991882,1.325179e-05
224,-11.4,4.0,0.0,0.037933357,0.044199295,-0.000101069716
225,-10.8,0.0,8.0,-0.031683095,0.03224808,0.00065546314
226,-10.8,0.5714286,8.0,-0.026188329,0.035489056,0.00047327296
227,-10.8,1.1428572,8.0,-0.0122636,0.0325691,0.00038977168
228,-10.8,1.7142857,8.0,-0.0067065135,0.034688205,0.00049452006
229,-10.8,2.2857144,8.0,0.0074828407,0.03310543,0.0002872056
230,-10.8,2.857143,8.0,0.01323277,0.03382393,0.00031115575
231,-10.8,3.4285715,8.0,0.02774433,0.033564467,0.00016393779
232,-10.8,4.0,8.0,0.033609338,0.033162314,-0.00013042598
233,-10.8,0.0,7.3846154,-0.031374864,0.032030456,0.00039023356
234,-10.8,0.5714286,7.3846154,-0.026037592,0.035584025,0.00047477602
235,-10.8,1.1428572,7.3846154,-0.011898934,0.032443687,0.00046229578
236,-10.8,1.7142857,7.3846154,-0.0065602665,0.034660555,0.0003719018
237,-10.8,2.2857144,7.3846154,0.007793244,0.03300705,0.00035959104
238,-10.8,2.857143,7.3846154,0.013334455,0.03373034,0.00024297096
239,-10.8,3.4285715,7.3846154,0.027976383,0.033460084,0.00020586548
240,-10.8,4.0,7.3846154,0.03367352,0.033064175,0.00024729574
241,-10.8,0.0,6.769231,-0.031065853,0.032034874,0.00050294993
242,-10.8,0.5714286,6.769231,-0.025944421,0.035563342,0.00044106136
243,-10.8,1.1428572,6.769231,-0.011656751,0.03235873,0.00040581773
244,-10.8,1.7142857,6.769231,-0.0064995736,0.03460924,0.00037411417
245,-10.8,2.2857144,6.769231,0.008026676,0.03294104,0.0002995927
246,-10.8,2.857143,6.769231,0.013362617,0.03362566,0.00025921283
247,-10.8,3.4285715,6.769231,0.028190792,0.033419155,0.00014122411
248,-10.8,4.0,6.769231,0.033691388,0.03291116,-2.1427553e-05
249,-10.8,0.0,6.1538463,-0.031020243,0.032021984,0.00040599811
250,-10.8,0.5714286,6.1538463,-0.025890475,0.035460543,0.0003786761
251,-10.8,1.1428572,6.1538463,-0.011580834,0.032378756,0.0003465738
252,-10.8,1.7142857,6.1538463,-0.0064417883,0.03451315,0.0003091885
253,-10.8,2.2857144,6.1538463,0.008091299,0.032923445,0.0002668918
254,-10.8,2.857143,6.1538463,0.013427927,0.03354358,0.0001948038
255,-10.8,3.4285715,6.1538463,0.028252443,0.033377726,0.00019378118
256,-10.8,4.0,6.1538463,0.033757325,0.032844257,0.00021144275
257,-10.8,0.0,5.5384617,-0.03097907,0.03200473,0.0002844088
258,-10.8,0.5714286,5.5384617,-0.025844866,0.035477653,0.00028575253
259,-10.8,1.1428572,5.5384617,-0.011565024,0.032317813,0.00027319312
260,-10.8,1.7142857,5.5384617,-0.006402537,0.034505963,0.00022925485
261,-10.8,2.2857144,5.5384617,0.008115,0.032875482,0.00019851631
262,-10.8,2.857143,5.5384617,0.013462345,0.033522446,0.00017189885
263,-10.8,3.4285715,5.5384617,0.028269062,0.03333026,8.7391934e-05
264,-10.8,4.0,5.5384617,0.03376687,0.03280668,1.9162235e-06
265,-10.8,0.0,4.923077,-0.030979885,0.031987123,0.00021762625
266,-10.8,0.5714286,4.923077,-0.02582325,0.035451986,0.00018532235
267,-10.8,1.1428572,4.923077,-0.0115576,0.032313287,0.00016130047
268,-10.8,1.7142857,4.923077,-0.006383746,0.03449023,0.00015531985
269,-10.8,2.2857144,4.923077,0.008112053,0.032854743,0.00012908972
270,-10.8,2.857143,4.923077,0.013476957,0.033510797,9.647867e-05
271,-10.8,3.4285715,4.923077,0.028255142,0.03330353,0.0001239717
272,-10.8,4.0,4.923077,0.03376899,0.03279559,0.00015179031
273,-10.8,0.0,4.3076925,-0.030978123,0.031991392,4.7733112e-05
274,-10.8,0.5714286,4.3076925,-0.025817595,0.035457376,7.180127e-05
275,-10.8,1.1428572,4.3076925,-0.01156703,0.032303166,7.7026336e-05
276,-10.8,1.7142857,4.3076925,-0.006383574,0.034486663,5.5116794e-05
277,-10.8,2.2857144,4.3076925,0.008101263,0.032847084,5.4238684e-05
278,-10.8,2.857143,4.3076925,0.013472033,0.03350471,5.4118376e-05
279,-10.8,3.4285715,4.3076925,0.028237857,0.03329319,-1.6245382e-07
280,-10.8,4.0,4.3076925,0.033750743,0.032785583,-4.7899637e-05
281,-10.8,0.0,3.6923077,-0.03099569,0.031990677,-1.4609755e-05
282,-10.8,0.5714286,3.6923077,-0.025835605,0.035457473,-3.9529354e-05
283,-10.8,1.1428572,3.6923077,-0.011584495,0.03230259,-4.5965153e-05
284,-10.8,1.7142857,3.6923077,-0.006401605,0.03448662,-2.4802375e-05
285,-10.8,2.2857144,3.6923077,0.00808375,0.03284665,-2.5080684e-05
286,-10.8,2.857143,3.6923077,0.01345397,0.03350455,-2.5715246e-05
287,-10.8,3.4285715,3.6923077,0.028220309,0.03329287,2.7373402e-05
288,-10.8,4.0,3.6923077,0.033732668,0.03278533,7.42579e-05
289,-10.8,0.0,3.0769231,-0.031032171,0.031985085,-0.0001845751
290,-10.8,0.5714286,3.0769231,-0.025877189,0.035452258,-0.00015303266
291,-10.8,1.1428572,3.0769231,-0.01161006,0.032311577,-0.00013024718
292,-10.8,1.7142857,3.0769231,-0.006437805,0.03449011,-0.000124985
293,-10.8,2.2857144,3.0769231,0.008059499,0.03285344,-9.994837e-05
294,-10.8,2.857143,3.0769231,0.013422775,0.033510324,-6.805259e-05
295,-10.8,3.4285715,3.0769231,0.028202457,0.03330255,-9.677706e-05
296,-10.8,4.0,3.0769231,0.033714656,0.032794844,-0.00012539116
297,-10.8,0.0,2.4615386,-0.03106651,0.032001305,-0.0002512769
298,-10.8,0.5714286,2.4615386,-0.02593482,0.035478104,-0.00025342815
299,-10.8,1.1428572,2.4615386,-0.011652429,0.032314986,-0.00024215964
300,-10.8,1.7142857,2.4615386,-0.0064926483,0.034505755,-0.00019888938
301,-10.8,2.2857144,2.4615386,0.008027411,0.032873347,-0.00016938614
302,-10.8,2.857143,2.4615386,0.013372056,0.033521652,-0.00014345406
303,-10.8,3.4285715,2.4615386,0.028181281,0.03332867,-6.0206625e-05
304,-10.8,4.0,2.4615386,0.033676416,0.032805435,2.4486259e-05
305,-10.8,0.0,1.8461539,-0.031142408,0.032017257,-0.00037299417
306,-10.8,0.5714286,1.8461539,-0.026016401,0.035461176,-0.00034635977
307,-10.8,1.1428572,1.8461539,-0.011703222,0.03237483,-0.00031551108
308,-10.8,1.7142857,1.8461539,-0.00656795,0.034512874,-0.00027881764
309,-10.8,2.2857144,1.8461539,0.007968698,0.032920476,-0.00023775225
310,-10.8,2.857143,1.8461539,0.013301516,0.033542488,-0.00016634872
311,-10.8,3.4285715,1.8461539,0.028129576,0.033375517,-0.00016658791
312,-10.8,4.0,1.8461539,0.03363062,0.032842524,-0.00018497845
313,-10.8,0.0,1.2307693,-0.03122309,0.032028496,-0.00046984944
314,-10.8,0.5714286,1.2307693,-0.026106516,0.035564493,-0.0004086991
315,-10.8,1.1428572,1.2307693,-0.011813972,0.03235348,-0.0003747573
316,-10.8,1.7142857,1.2307693,-0.006661927,0.034609083,-0.00034371845
317,-10.8,2.2857144,1.2307693,0.007869186,0.032937154,-0.00027044024
318,-10.8,2.857143,1.2307693,0.013199996,0.033624347,-0.00023075184
319,-10.8,3.4285715,1.2307693,0.028033001,0.03341635,-0.000114017836
320,-10.8,4.0,1.2307693,0.033528488,0.03290894,4.786229e-05
321,-10.8,0.0,0.61538464,-0.03156688,0.032022506,-0.00035706974
322,-10.8,0.5714286,0.61538464,-0.026235698,0.035585634,-0.0004424517
323,-10.8,1.1428572,0.61538464,-0.012091155,0.032437213,-0.00043121303
324,-10.8,1.7142857,0.61538464,-0.006758665,0.034660522,-0.0003414796
325,-10.8,2.2857144,0.61538464,0.0076007573,0.03300225,-0.00033042865
326,-10.8,2.857143,0.61538464,0.013135758,0.03372888,-0.000214488
327,-10.8,3.4285715,0.61538464,0.027783575,0.033456612,-0.00017865018
328,-10.8,4.0,0.61538464,0.03347445,0.033061586,-0.00022078762
329,-10.8,0.0,0.0,-0.031910624,0.032239452,-0.0006226923
330,-10.8,0.5714286,0.0,-0.026422177,0.03549047,-0.00044083357
331,-10.8,1.1428572,0.0,-0.012491106,0.032561883,-0.0003585815
332,-10.8,1.7142857,0.0,-0.006940656,0.03468798,-0.00046415415
333,-10.8,2.2857144,0.0,0.0072550615,0.033099994,-0.0002579701
334,-10.8,2.857143,0.0,0.012998345,0.03382218,-0.0002826816
335,-10.8,3.4285715,0.0,0.027516235,0.033560447,-0.00013670811
336,-10.8,4.0,0.0,0.033374608,0.033159364,0.0001569157
337,-10.2,0.0,8.0,-0.035822656,0.02557988,0.00058818015
338,-10.2,0.5714286,8.0,-0.022253348,0.02201355,0.00078740274
339,-10.2,1.1428572,8.0,-0.016518822,0.024931388,0.0008687818
340,-10.2,1.7142857,8.0,-0.0026434849,0.022453412,0.00065251644
341,-10.2,2.2857144,8.0,0.00318487,0.023775091,0.0006946821
342,-10.2,2.857143,8.0,0.017260997,0.022903156,0.00048073797
343,-10.2,3.4285715,8.0,0.02348114,0.022876555,0.000354398
344,-10.2,4.0,8.0,0.03777029,0.023147559,0.00041097545
345,-10.2,0.0,7.3846154,-0.03556512,0.025853341,0.0008650124
346,-10.2,0.5714286,7.3846154,-0.021817705,0.021850185,0.00076919637
347,-10.2,1.1428572,7.3846154,-0.01630418,0.02494912,0.00072025403
348,-10.2,1.7142857,7.3846154,-0.002264038,0.022324476,0.00070119
349,-10.2,2.2857144,7.3846154,0.0033578177,0.023672001,0.00056904217
350,-10.2,2.857143,7.3846154,0.017551327,0.022758244,0.00048301637
351,-10.2,3.4285715,7.3846154,0.023560075,0.02272514,0.00031210383
352,-10.2,4.0,7.3846154,0.037999157,0.022986706,5.3063064e-05
353,-10.2,0.0,6.769231,-0.035501268,0.025767218,0.0007164107
354,-10.2,0.5714286,6.769231,-0.021591837,0.021765554,0.0006985004
355,-10.2,1.1428572,6.769231,-0.016242953,0.024921212,0.0006637627
356,-10.2,1.7142857,6.769231,-0.0020397976,0.022232132,0.00059432024
357,-10.2,2.2857144,6.769231,0.0033765608,0.023571761,0.00051629276
358,-10.2,2.857143,6.769231,0.017765114,0.022702493,0.0003927588
359,-10.2,3.4285715,6.769231,0.023576718,0.022580337,0.00034335532
360,-10.2,4.0,6.769231,0.038216073,0.02295242,0.00035936557
361,-10.2,0.0,6.1538463,-0.035463985,0.025726987,0.0005881622
362,-10.2,0.5714286,6.1538463,-0.021527823,0.021804644,0.00058042153
363,-10.2,1.1428572,6.1538463,-0.016209695,0.024802728,0.0005420876
364,-10.2,1.7142857,6.1538463,-0.0019945265,0.022234963,0.00047621457
365,-10.2,2.2857144,6.1538463,0.0034383081,0.023495167,0.00040194136
366,-10.2,2.857143,6.1538463,0.01782364,0.02268301,0.00034627985
367,-10.2,3.4285715,6.1538463,0.023635536,0.02251742,0.00022680509
368,-10.2,4.0,6.1538463,0.038263083,0.022902485,0.000112627815
369,-10.2,0.0,5.5384617,-0.03542462,0.025712304,0.0004656513
370,-10.2,0.5714286,5.5384617,-0.02152076,0.021734335,0.00042491502
371,-10.2,1.1428572,5.5384617,-0.016169935,0.02482159,0.00037904433
372,-10.2,1.7142857,5.5384617,-0.0019677961,0.02219244,0.00035155413
373,-10.2,2.2857144,5.5384617,0.00346805,0.023495678,0.0002956106
374,-10.2,2.857143,5.5384617,0.017846141,0.022653518,0.00023396114
375,-10.2,3.4285715,5.5384617,0.023658594,0.022509234,0.000240241
376,-10.2,4.0,5.5384617,0.03826184,0.022876179,0.0002732247
377,-10.2,0.0,4.923077,-0.0353916,0.025722066,0.0002313341
378,-10.2,0.5714286,4.923077,-0.021503985,0.021753354,0.0002547528
379,-10.2,1.1428572,4.923077,-0.016147407,0.02480536,0.00024330313
380,-10.2,1.7142857,4.923077,-0.0019746018,0.022190945,0.00020295137
381,-10.2,2.2857144,4.923077,0.0034891814,0.023497775,0.00017751094
382,-10.2,2.857143,4.923077,0.017835991,0.022645095,0.00015883491
383,-10.2,3.4285715,4.923077,0.023666471,0.022513084,8.661352e-05
384,-10.2,4.0,4.923077,0.038232304,0.022856181,2.8040906e-05
385,-10.2,0.0,4.3076925,-0.03538676,0.025717137,0.000117423086
386,-10.2,0.5714286,4.3076925,-0.021513835,0.021743493,8.4824955e-05
387,-10.2,1.1428572,4.3076925,-0.016146349,0.02481311,6.828589e-05
388,-10.2,1.7142857,4.3076925,-0.0019811338,0.02218911,7.351818e-05
389,-10.2,2.2857144,4.3076925,0.0034844293,0.023500817,5.706631e-05
390,-10.2,2.857143,4.3076925,0.017823465,0.02264506,3.921053e-05
391,-10.2,3.4285715,4.3076925,0.023655292,0.022515481,7.872876e-05
392,-10.2,4.0,4.3076925,0.038206812,0.022854857,0.00012035151
393,-10.2,0.0,3.6923077,-0.035404544,0.025717348,-0.00011884288
394,-10.2,0.5714286,3.6923077,-0.021531316,0.021742843,-8.744483e-05
395,-10.2,1.1428572,3.6923077,-0.016164346,0.024813155,-7.169436e-05
396,-10.2,1.7142857,3.6923077,-0.0019986527,0.022188623,-7.8072175e-05
397,-10.2,2.2857144,3.6923077,0.0034664152,0.023500726,-6.2367726e-05
398,-10.2,2.857143,3.6923077,0.017805893,0.022644704,-4.561544e-05
399,-10.2,3.4285715,3.6923077,0.023637235,0.022515284,-8.593071e-05
400,-10.2,4.0,3.6923077,0.03818916,0.022854598,-0.00012873618
401,-10.2,0.0,3.0769231,-0.035445586,0.025722539,-0.00023266753
402,-10.2,0.5714286,3.0769231,-0.02155651,0.021751396,-0.00025738214
403,-10.2,1.1428572,3.0769231,-0.016201295,0.0248055,-0.00024668718
404,-10.2,1.7142857,3.0769231,-0.0020272154,0.022189477,-0.00020751849
405,-10.2,2.2857144,3.0769231,0.0034351633,0.023497505,-0.00018278536
406,-10.2,2.857143,3.0769231,0.01778327,0.022644024,-0.00016525916
407,-10.2,3.4285715,3.0769231,0.023612339,0.022512514,-9.378905e-05
408,-10.2,4.0,3.0769231,0.038179487,0.02285541,-3.6453654e-05
409,-10.2,0.0,2.4615386,-0.03551418,0.025713166,-0.00046706622
410,-10.2,0.5714286,2.4615386,-0.021608265,0.021731112,-0.0004275535
411,-10.2,1.1428572,2.4615386,-0.01625982,0.024821803,-0.00038238082
412,-10.2,1.7142857,2.4615386,-0.002055454,0.022190027,-0.00035613356
413,-10.2,2.2857144,2.4615386,0.003378013,0.023495212,-0.0003008543
414,-10.2,2.857143,2.4615386,0.017758274,0.022651764,-0.0002403956
415,-10.2,3.4285715,2.4615386,0.02356837,0.022508267,-0.00024738826
416,-10.2,4.0,2.4615386,0.038173728,0.022874912,-0.00028161492
417,-10.2,0.0,1.8461539,-0.035589788,0.025728134,-0.000589392
418,-10.2,0.5714286,1.8461539,-0.021650365,0.021800151,-0.00058301975
419,-10.2,1.1428572,1.8461539,-0.01633549,0.024803039,-0.00054541964
420,-10.2,1.7142857,1.8461539,-0.0021172715,0.022231597,-0.00048075814
421,-10.2,2.2857144,1.8461539,0.0033122613,0.023494538,-0.00040717615
422,-10.2,2.857143,1.8461539,0.017700654,0.022680571,-0.00035270042
423,-10.2,3.4285715,1.8461539,0.023509244,0.022516087,-0.00023394363
424,-10.2,4.0,1.8461539,0.038139857,0.022900745,-0.0001210383
425,-10.2,0.0,1.2307693,-0.035662785,0.025769103,-0.0007178167
426,-10.2,0.5714286,1.2307693,-0.021749305,0.021759488,-0.0007011001
427,-10.2,1.1428572,1.2307693,-0.01640487,0.024921864,-0.00066702574
428,-10.2,1.7142857,1.2307693,-0.0021974847,0.022227677,-0.00059885654
429,-10.2,2.2857144,1.2307693,0.003214404,0.023571072,-0.00052149274
430,-10.2,2.857143,1.2307693,0.01760711,0.022699337,-0.0003991678
431,-10.2,3.4285715,1.2307693,0.023414282,0.022578651,-0.00035047662
432,-10.2,4.0,1.2307693,0.038057696,0.022950232,-0.00036770213
433,-10.2,0.0,0.61538464,-0.035762906,0.02585589,-0.0008663076
434,-10.2,0.5714286,0.61538464,-0.022010248,0.021842662,-0.0007717314
435,-10.2,1.1428572,0.61538464,-0.01650202,0.024950083,-0.0007235154
436,-10.2,1.7142857,0.61538464,-0.0024568418,0.02231894,-0.000705662
437,-10.2,2.2857144,0.61538464,0.0031596837,0.023671312,-0.0005742292
438,-10.2,2.857143,0.61538464,0.017358232,0.022754334,-0.00048939144
439,-10.2,3.4285715,0.61538464,0.023361648,0.022723215,-0.00031922458
440,-10.2,4.0,0.61538464,0.037805744,0.022983998,-6.144049e-05
441,-10.2,0.0,0.0,-0.036055837,0.025582211,-0.0005892106
442,-10.2,0.5714286,0.0,-0.022481201,0.022005258,-0.0007899112
443,-10.2,1.1428572,0.0,-0.016752426,0.02493222,-0.0008720608
444,-10.2,1.7142857,0.0,-0.0028715595,0.022447182,-0.0006569291
445,-10.2,2.2857144,0.0,0.0029510038,0.02377417,-0.00069981284
446,-10.2,2.857143,0.0,0.017032603,0.022898665,-0.0004871093
447,-10.2,3.4285715,0.0,0.023247005,0.022874294,-0.0003614754
448,-10.2,4.0,0.0,0.037541494,0.023144322,-0.00041933058
449,-9.6,0.0,8.0,-0.03199897,0.011822723,0.0014002861
450,-9.6,0.5714286,8.0,-0.026289152,0.0154963285,0.0013362142
451,-9.6,1.1428572,8.0,-0.012729784,0.011980167,0.0011895216
452,-9.6,1.7142857,8.0,-0.006651941,0.014099237,0.0012828775
453,-9.6,2.2857144,8.0,0.0070670308,0.012214892,0.0009969022
454,-9.6,2.857143,8.0,0.013129921,0.012548208,0.000802272
455,-9.6,3.4285715,8.0,0.027309418,0.0124301305,0.00056655466
456,-9.6,4.0,8.0,0.0339126,0.011731408,6.518797e-05
457,-9.6,0.0,7.3846154,-0.031464476,0.011525125,0.0011669431
458,-9.6,0.5714286,7.3846154,-0.025979668,0.015629837,0.0011970568
459,-9.6,1.1428572,7.3846154,-0.012216621,0.011818832,0.0011982454
460,-9.6,1.7142857,7.3846154,-0.006380582,0.013981994,0.0010630814
461,-9.6,2.2857144,7.3846154,0.0074135596,0.012006123,0.0009047424
462,-9.6,2.857143,7.3846154,0.013282875,0.012355354,0.0006885259
463,-9.6,3.4285715,7.3846154,0.027561761,0.012229774,0.0005426654
464,-9.6,4.0,7.3846154,0.033986136,0.011519814,0.0005294411
465,-9.6,0.0,6.769231,-0.031276535,0.011561346,0.0011117116
466,-9.6,0.5714286,6.769231,-0.025923753,0.015601674,0.0010829637
467,-9.6,1.1428572,6.769231,-0.012042968,0.011663413,0.0010117232
468,-9.6,1.7142857,6.769231,-0.006419979,0.013888508,0.0008819935
469,-9.6,2.2857144,6.769231,0.0076118433,0.011944615,0.0007360961
470,-9.6,2.857143,6.769231,0.013284485,0.012225255,0.0006091706
471,-9.6,3.4285715,6.769231,0.027760664,0.012196034,0.0004357855
472,-9.6,4.0,6.769231,0.03401649,0.011339222,0.00025214936
473,-9.6,0.0,6.1538463,-0.031262875,0.01152156,0.0009274214
474,-9.6,0.5714286,6.1538463,-0.025955763,0.015443711,0.00084089366
475,-9.6,1.1428572,6.1538463,-0.012026904,0.0117013585,0.0007591471
476,-9.6,1.7142857,6.1538463,-0.0063643535,0.013814691,0.0006815563
477,-9.6,2.2857144,6.1538463,0.0076565444,0.0119546605,0.0005769429
478,-9.6,2.857143,6.1538463,0.013343814,0.012181635,0.00045697865
479,-9.6,3.4285715,6.1538463,0.027815739,0.012184343,0.0004289939
480,-9.6,4.0,6.1538463,0.034036733,0.011303087,0.0004640615
481,-9.6,0.0,5.5384617,-0.031249803,0.011514786,0.000564014
482,-9.6,0.5714286,5.5384617,-0.02588555,0.015504113,0.0005827153
483,-9.6,1.1428572,5.5384617,-0.011992858,0.01165644,0.0005467236
484,-9.6,1.7142857,5.5384617,-0.0063460832,0.013847802,0.00046579944
485,-9.6,2.2857144,5.5384617,0.0076817186,0.011948173,0.00040305342
486,-9.6,2.857143,5.5384617,0.0133704245,0.012208026,0.00034890583
487,-9.6,3.4285715,5.5384617,0.027822966,0.012182281,0.00025275288
488,-9.6,4.0,5.5384617,0.03404539,0.011305498,0.00017805204
489,-9.6,0.0,4.923077,-0.031218426,0.011509816,0.0003785138
490,-9.6,0.5714286,4.923077,-0.025870886,0.0154837575,0.00033427723
491,-9.6,1.1428572,4.923077,-0.012004345,0.01168454,0.0003016113
492,-9.6,1.7142857,4.923077,-0.0063164174,0.013861181,0.00027655027
493,-9.6,2.2857144,4.923077,0.0076703173,0.011964051,0.0002339858
494,-9.6,2.857143,4.923077,0.013386504,0.01223501,0.00018704496
495,-9.6,3.4285715,4.923077,0.027803928,0.012191858,0.00021183469
496,-9.6,4.0,4.923077,0.034028515,0.011331702,0.00026270378
497,-9.6,0.0,4.3076925,-0.03123041,0.011514217,6.8622794e-05
498,-9.6,0.5714286,4.3076925,-0.025858846,0.01550149,9.695841e-05
499,-9.6,1.1428572,4.3076925,-0.012003649,0.011685346,9.5780524e-05
500,-9.6,1.7142857,4.3076925,-0.006322141,0.013876782,7.287311e-05
501,-9.6,2.2857144,4.3076925,0.007662183,0.011975023,6.4479755e-05
502,-9.6,2.857143,4.3076925,0.013378593,0.012250589,6.170203e-05
503,-9.6,3.4285715,4.3076925,0.027784806,0.012202459,6.9943376e-06
504,-9.6,4.0,4.3076925,0.03400925,0.011341116,-4.2953183e-05
505,-9.6,0.0,3.6923077,-0.031248132,0.011513409,-0.00010492601
506,-9.6,0.5714286,3.6923077,-0.025876788,0.015501636,-0.00013411808
507,-9.6,1.1428572,3.6923077,-0.012021163,0.011684776,-0.00013409909
508,-9.6,1.7142857,3.6923077,-0.0063401195,0.013876752,-0.00011195106
509,-9.6,2.2857144,3.6923077,0.0076445984,0.01197463,-0.00010458068
510,-9.6,2.857143,3.6923077,0.013360602,0.01225046,-0.000102552025
511,-9.6,3.4285715,3.6923077,0.027767176,0.012202186,-4.8914208e-05
512,-9.6,4.0,3.6923077,0.03399125,0.0113409,1.846118e-07
513,-9.6,0.0,3.0769231,-0.031270813,0.011507622,-0.00041488503
514,-9.6,0.5714286,3.0769231,-0.025924642,0.01548424,-0.00037140414
515,-9.6,1.1428572,3.0769231,-0.012056997,0.0116827935,-0.0003399408
516,-9.6,1.7142857,3.0769231,-0.006370291,0.013861117,-0.00031559553
517,-9.6,2.2857144,3.0769231,0.00761754,0.011962861,-0.00027410677
518,-9.6,2.857143,3.0769231,0.0133325355,0.012234629,-0.00022786322
519,-9.6,3.4285715,3.0769231,0.027751012,0.012191023,-0.0002537751
520,-9.6,4.0,3.0769231,0.033974383,0.011331049,-0.00030542718
521,-9.6,0.0,2.4615386,-0.031337682,0.0115110045,-0.000600258
522,-9.6,0.5714286,2.4615386,-0.0259752,0.015504853,-0.00061978394
523,-9.6,1.1428572,2.4615386,-0.012080542,0.011653587,-0.0005850637
524,-9.6,1.7142857,2.4615386,-0.0064359154,0.013847662,-0.0005047962
525,-9.6,2.2857144,2.4615386,0.007593774,0.011946223,-0.0004431867
526,-9.6,2.857143,2.4615386,0.013280483,0.012207379,-0.00038969118
527,-9.6,3.4285715,2.4615386,0.0277348,0.012180921,-0.00029470952
528,-9.6,4.0,2.4615386,0.033955276,0.011304414,-0.00022076559
529,-9.6,0.0,1.8461539,-0.03138539,0.011516422,-0.000963808
530,-9.6,0.5714286,1.8461539,-0.026081245,0.015444768,-0.00087792083
531,-9.6,1.1428572,1.8461539,-0.012149743,0.011697352,-0.0007974194
532,-9.6,1.7142857,1.8461539,-0.006490086,0.013814521,-0.00072054577
533,-9.6,2.2857144,1.8461539,0.007533417,0.011951939,-0.0006170394
534,-9.6,2.857143,1.8461539,0.013217904,0.012180742,-0.0004977583
535,-9.6,3.4285715,1.8461539,0.027692322,0.012182455,-0.00047092896
536,-9.6,4.0,1.8461539,0.033910505,0.0113015575,-0.00050672377
537,-9.6,0.0,1.2307693,-0.031434566,0.011554238,-0.0011477089
538,-9.6,0.5714286,1.2307693,-0.026085231,0.015603367,-0.0011198906
539,-9.6,1.1428572,1.2307693,-0.012200762,0.011658071,-0.0010499781
540,-9.6,1.7142857,1.2307693,-0.006581759,0.013888442,-0.0009208984
541,-9.6,2.2857144,1.2307693,0.0074536307,0.011941055,-0.0007761849
542,-9.6,2.857143,1.2307693,0.013122565,0.012224179,-0.00064991444
543,-9.6,3.4285715,1.2307693,0.027602095,0.012193625,-0.0004777197
544,-9.6,4.0,1.2307693,0.033854287,0.011337257,-0.00029484407
545,-9.6,0.0,0.61538464,-0.031657245,0.011516324,-0.0012032858
546,-9.6,0.5714286,0.61538464,-0.026177045,0.015632065,-0.0012339221
547,-9.6,1.1428572,0.61538464,-0.012409668,0.011812143,-0.0012363482
548,-9.6,1.7142857,0.61538464,-0.0065782466,0.013982094,-0.0011019825
549,-9.6,2.2857144,0.61538464,0.0072201462,0.012001682,-0.00094473537
550,-9.6,2.857143,0.61538464,0.01308506,0.012354167,-0.000729283
551,-9.6,3.4285715,0.61538464,0.027367987,0.012226772,-0.0005845524
552,-9.6,4.0,0.61538464,0.033787917,0.011517495,-0.00057206984
553,-9.6,0.0,0.0,-0.032227483,0.011813105,-0.0014364587
554,-9.6,0.5714286,0.0,-0.026522217,0.015498512,-0.0013731724
555,-9.6,1.1428572,0.0,-0.012958045,0.011972661,-0.0012275192
556,-9.6,1.7142857,0.0,-0.0068853875,0.014099144,-0.0013215976
557,-9.6,2.2857144,0.0,0.0068383124,0.012209835,-0.0010369367
558,-9.6,2.857143,0.0,0.01289641,0.012546765,-0.0008428928
559,-9.6,3.4285715,0.0,0.027080351,0.012426625,-0.0006085001
560,-9.6,4.0,0.0,0.033678804,0.011728752,-0.00010783676
561,-9.0,0.0,8.0,-0.035503123,0.0065357736,0.0018526083
562,-9.0,0.5714286,8.0,-0.022965247,0.0021460806,0.0020701694
563,-9.0,1.1428572,8.0,-0.016502965,0.005453403,0.0022827878
564,-9.0,1.7142857,8.0,-0.002616523,0.0017964664,0.0017956255
565,-9.0,2.2857144,8.0,0.0031710581,0.00233138,0.0014395477
566,-9.0,2.857143,8.0,0.016766038,0.0013432278,0.0011427752
567,-9.0,3.4285715,8.0,0.023392245,0.0007994812,0.00076229294
568,-9.0,4.0,8.0,0.037721403,0.0014772249,0.00075412367
569,-9.0,0.0,7.3846154,-0.03502117,0.0070291013,0.0020357354
570,-9.0,0.5714286,7.3846154,-0.022178994,0.0018793938,0.0020105732
571,-9.0,1.1428572,7.3846154,-0.016093709,0.005273523,0.0018127288
572,-9.0,1.7142857,7.3846154,-0.002254712,0.0014648226,0.0015070683
573,-9.0,2.2857144,7.3846154,0.0033587895,0.0020885854,0.0012128338
574,-9.0,2.857143,7.3846154,0.017040595,0.0011040432,0.0009587846
575,-9.0,3.4285715,7.3846154,0.023517784,0.0005611457,0.00071081653
576,-9.0,4.0,7.3846154,0.03798676,0.0012467109,0.0003864501
577,-9.0,0.0,6.769231,-0.03509791,0.006782599,0.0018002302
578,-9.0,0.5714286,6.769231,-0.022190344,0.0015964066,0.0015641777
579,-9.0,1.1428572,6.769231,-0.016282782,0.0052113486,0.001374528
580,-9.0,1.7142857,6.769231,-0.00209995,0.0014155642,0.0011942704
581,-9.0,2.2857144,6.769231,0.0033135358,0.0019795957,0.00097407337
582,-9.0,2.857143,6.769231,0.017232863,0.0010872777,0.00077178207
583,-9.0,3.4285715,6.769231,0.023523,0.00042131767,0.0006702045
584,-9.0,4.0,6.769231,0.03814372,0.0012395083,0.00070411444
585,-9.0,0.0,6.1538463,-0.0352493,0.006715631,0.0010907254
586,-9.0,0.5714286,6.1538463,-0.022149824,0.0017142714,0.0011212083
587,-9.0,1.1428572,6.1538463,-0.01621034,0.005144584,0.0010157092
588,-9.0,1.7142857,6.1538463,-0.002081691,0.0014774974,0.0008686653
589,-9.0,2.2857144,6.1538463,0.0033713495,0.0019758504,0.0007308555
590,-9.0,2.857143,6.1538463,0.017286232,0.0011270992,0.0006274677
591,-9.0,3.4285715,6.1538463,0.023566369,0.00041559906,0.00048521836
592,-9.0,4.0,6.1538463,0.038182635,0.0012397398,0.00038685478
593,-9.0,0.0,5.5384617,-0.035038378,0.0067359717,0.0007946225
594,-9.0,0.5714286,5.5384617,-0.022118704,0.0016627626,0.0007303629
595,-9.0,1.1428572,5.5384617,-0.016211316,0.005223902,0.0006625251
596,-9.0,1.7142857,5.5384617,-0.0020503842,0.0014986392,0.00059505674
597,-9.0,2.2857144,5.5384617,0.0033940417,0.0020461068,0.0005066096
598,-9.0,2.857143,5.5384617,0.017302006,0.0011618619,0.00041851948
599,-9.0,3.4285715,5.5384617,0.02358258,0.00047526526,0.00042255744
600,-9.0,4.0,5.5384617,0.03814688,0.0012692636,0.00049609446
601,-9.0,0.0,4.923077,-0.03510608,0.006721622,0.00038041893
602,-9.0,0.5714286,4.923077,-0.022111926,0.0017119296,0.00040128175
603,-9.0,1.1428572,4.923077,-0.016160894,0.0052424315,0.0003733564
604,-9.0,1.7142857,4.923077,-0.0020659624,0.0015450013,0.000326888
605,-9.0,2.2857144,4.923077,0.0034193664,0.0020990008,0.00028205005
606,-9.0,2.857143,4.923077,0.017287528,0.0012041744,0.00025690105
607,-9.0,3.4285715,4.923077,0.023585659,0.0005292798,0.00018437378
608,-9.0,4.0,4.923077,0.038110033,0.001294341,0.00013750717
609,-9.0,0.0,4.3076925,-0.03503625,0.006734201,0.00012793399
610,-9.0,0.5714286,4.3076925,-0.022106048,0.0017120759,0.000105963096
611,-9.0,1.1428572,4.3076925,-0.01616764,0.005269117,9.256162e-05
612,-9.0,1.7142857,4.3076925,-0.0020673242,0.001565578,8.5512045e-05
613,-9.0,2.2857144,4.3076925,0.0034127878,0.0021294178,7.026853e-05
614,-9.0,2.857143,4.3076925,0.01727433,0.0012301261,4.674931e-05
615,-9.0,3.4285715,4.3076925,0.023571368,0.0005590982,8.8807465e-05
616,-9.0,4.0,4.3076925,0.03807567,0.0013173923,0.00014786006
617,-9.0,0.0,3.6923077,-0.035053976,0.0067345486,-0.0001989038
618,-9.0,0.5714286,3.6923077,-0.022123571,0.0017113407,-0.00017810598
619,-9.0,1.1428572,3.6923077,-0.016185582,0.005269137,-0.00016549212
620,-9.0,1.7142857,3.6923077,-0.0020849274,0.0015651502,-0.00015939934
621,-9.0,2.2857144,3.6923077,0.0033948522,0.0021293482,-0.0001448669
622,-9.0,2.857143,3.6923077,0.017256666,0.0012298301,-0.0001222958
623,-9.0,3.4285715,3.6923077,0.023553398,0.00055894884,-0.00016513483
624,-9.0,4.0,3.6923077,0.03805793,0.0013171906,-0.0002252367
625,-9.0,0.0,3.0769231,-0.035159945,0.0067224135,-0.00045130771
626,-9.0,0.5714286,3.0769231,-0.022164548,0.0017096184,-0.00047342348
627,-9.0,1.1428572,3.0769231,-0.016214646,0.005242596,-0.00044625605
628,-9.0,1.7142857,3.0769231,-0.0021188164,0.0015436535,-0.00040079042
629,-9.0,2.2857144,3.0769231,0.0033655763,0.002098826,-0.0003566167
630,-9.0,2.857143,3.0769231,0.01723454,0.0012032816,-0.00033246822
631,-9.0,3.4285715,3.0769231,0.023531778,0.000528836,-0.00026067375
632,-9.0,4.0,3.0769231,0.038056917,0.0012937849,-0.00021491433
633,-9.0,0.0,2.4615386,-0.03512765,0.0067374455,-0.00086552894
634,-9.0,0.5714286,2.4615386,-0.02220638,0.0016590313,-0.0008025331
635,-9.0,1.1428572,2.4615386,-0.01630096,0.005224077,-0.00073534687
636,-9.0,1.7142857,2.4615386,-0.002138439,0.0014964602,-0.0006689895
637,-9.0,2.2857144,2.4615386,0.003304375,0.0020457802,-0.00058111735
638,-9.0,2.857143,2.4615386,0.017213708,0.0011603987,-0.00049411925
639,-9.0,3.4285715,2.4615386,0.023492765,0.00047451744,-0.000498804
640,-9.0,4.0,2.4615386,0.0380583,0.0012683157,-0.00057350995
641,-9.0,0.0,1.8461539,-0.035374854,0.0067174113,-0.0011613884
642,-9.0,0.5714286,1.8461539,-0.022272632,0.0017089568,-0.00119329
643,-9.0,1.1428572,1.8461539,-0.016335798,0.005144893,-0.0010885382
644,-9.0,1.7142857,1.8461539,-0.0022050107,0.0014744131,-0.00094251276
645,-9.0,2.2857144,1.8461539,0.0032458366,0.0019754225,-0.0008053807
646,-9.0,2.857143,1.8461539,0.017162623,0.0011250663,-0.000703017
647,-9.0,3.4285715,1.8461539,0.023440665,0.00041454876,-0.0005614908
648,-9.0,4.0,1.8461539,0.03805872,0.0012384756,-0.00046426427
649,-9.0,0.0,1.2307693,-0.035258785,0.0067856004,-0.0018710983
650,-9.0,0.5714286,1.2307693,-0.022348117,0.0015892803,-0.0016361488
651,-9.0,1.1428572,1.2307693,-0.016444225,0.005211894,-0.0014472067
652,-9.0,1.7142857,1.2307693,-0.0022584388,0.0014115298,-0.0012681294
653,-9.0,2.2857144,1.2307693,0.0031521313,0.001979129,-0.0010485046
654,-9.0,2.857143,1.2307693,0.017073987,0.0010846377,-0.00084736274
655,-9.0,3.4285715,1.2307693,0.02336139,0.00042000032,-0.00074641337
656,-9.0,4.0,1.2307693,0.0379844,0.0012378948,-0.0007814961
657,-9.0,0.0,0.61538464,-0.035218634,0.0070327143,-0.0021055965
658,-9.0,0.5714286,0.61538464,-0.022372102,0.00187045,-0.0020823334
659,-9.0,1.1428572,0.61538464,-0.016290959,0.0052744676,-0.0018853623
660,-9.0,1.7142857,0.61538464,-0.0024485425,0.0014597428,-0.0015807288
661,-9.0,2.2857144,0.61538464,0.0031616057,0.0020881733,-0.0012873359
662,-9.0,2.857143,0.61538464,0.016846403,0.0011007442,-0.0010342296
663,-9.0,3.4285715,0.61538464,0.023320405,0.0005596325,-0.00078710256
664,-9.0,4.0,0.61538464,0.037792154,0.0012447294,-0.00046383284
665,-9.0,0.0,0.0,-0.03573563,0.0065395245,-0.0019233696
666,-9.0,0.5714286,0.0,-0.023193538,0.0021359487,-0.00214134
667,-9.0,1.1428572,0.0,-0.016736118,0.005454148,-0.0023550536
668,-9.0,1.7142857,0.0,-0.002845701,0.0017907174,-0.0018694097
669,-9.0,2.2857144,0.0,0.0029381549,0.002330777,-0.0015137374
670,-9.0,2.857143,0.0,0.01653649,0.0013394108,-0.0012183944
671,-9.0,3.4285715,0.0,0.023159243,0.0007977075,-0.00083838106
672,-9.0,4.0,0.0,0.037491392,0.0014748103,-0.00083150156
673,-8.4,0.0,8.0,-0.032045096,-0.0048329416,0.0041867006
674,-8.4,0.5714286,8.0,-0.026948242,-0.0007502162,0.0042277025
675,-8.4,1.1428572,8.0,-0.011739208,-0.007958981,0.0029700494
676,-8.4,1.7142857,8.0,-0.0061491556,-0.007555582,0.0022422203
677,-8.4,2.2857144,8.0,0.006826475,-0.009898774,0.0018606533
678,-8.4,2.857143,8.0,0.013129956,-0.010443907,0.0013064016
679,-8.4,3.4285715,8.0,0.026520332,-0.010254448,0.001127949
680,-8.4,4.0,8.0,0.03453172,-0.011643355,0.0004869472
681,-8.4,0.0,7.3846154,-0.030852048,-0.005584976,0.0035782144
682,-8.4,0.5714286,7.3846154,-0.026439948,-0.0011445236,0.0028156168
683,-8.4,1.1428572,7.3846154,-0.011563065,-0.008536918,0.0023147152
684,-8.4,1.7142857,7.3846154,-0.0060250424,-0.007879097,0.0018397395
685,-8.4,2.2857144,7.3846154,0.007015824,-0.010187726,0.0014440409
686,-8.4,2.857143,7.3846154,0.013245717,-0.010704707,0.0011720562
687,-8.4,3.4285715,7.3846154,0.026763538,-0.010447687,0.00093670026
688,-8.4,4.0,7.3846154,0.034644287,-0.011872843,0.0009762211
689,-8.4,0.0,6.769231,-0.031572185,-0.005793413,0.001915943
690,-8.4,0.5714286,6.769231,-0.026853072,-0.0010231484,0.0019494996
691,-8.4,1.1428572,6.769231,-0.0114459,-0.0084954,0.0016905349
692,-8.4,1.7142857,6.769231,-0.0061507197,-0.007931215,0.0013775888
693,-8.4,2.2857144,6.769231,0.007179064,-0.010158118,0.0011422981
694,-8.4,2.857143,6.769231,0.013241278,-0.010781169,0.0009540283
695,-8.4,3.4285715,6.769231,0.026951415,-0.010413636,0.0007858159
696,-8.4,4.0,6.769231,0.034639064,-0.012009226,0.000606774
697,-8.4,0.0,6.1538463,-0.031007532,-0.005702736,0.0013731512
698,-8.4,0.5714286,6.1538463,-0.026709544,-0.0010780966,0.0012618899
699,-8.4,1.1428572,6.1538463,-0.011452917,-0.008353542,0.0011455421
700,-8.4,1.7142857,6.1538463,-0.006089966,-0.007867294,0.0010081808
701,-8.4,2.2857144,6.1538463,0.007224929,-0.010051142,0.0008520218
702,-8.4,2.857143,6.1538463,0.013288977,-0.010734652,0.0007149444
703,-8.4,3.4285715,6.1538463,0.02699769,-0.010329172,0.0006909565
704,-8.4,4.0,6.1538463,0.0346218,-0.0119716665,0.00080221443
705,-8.4,0.0,5.5384617,-0.031267136,-0.005798354,0.0008039029
706,-8.4,0.5714286,5.5384617,-0.02670104,-0.0009868235,0.0007834086
707,-8.4,1.1428572,5.5384617,-0.0114060445,-0.008308144,0.0007468954
708,-8.4,1.7142857,5.5384617,-0.0060726977,-0.007744597,0.0006499068
709,-8.4,2.2857144,5.5384617,0.007245383,-0.009967962,0.0005785333
710,-8.4,2.857143,5.5384617,0.013317756,-0.010617559,0.00051613664
711,-8.4,3.4285715,5.5384617,0.026992025,-0.010260001,0.0004419027
712,-8.4,4.0,5.5384617,0.034610208,-0.011885073,0.00038691607
713,-8.4,0.0,4.923077,-0.031045768,-0.005743568,0.00041128483
714,-8.4,0.5714286,4.923077,-0.026624108,-0.0009790858,0.0004201635
715,-8.4,1.1428572,4.923077,-0.011416749,-0.008238139,0.0003846115
716,-8.4,1.7142857,4.923077,-0.0060337624,-0.0076694246,0.00036461363
717,-8.4,2.2857144,4.923077,0.0072363266,-0.0098922355,0.0003129862
718,-8.4,2.857143,4.923077,0.013330261,-0.010529181,0.0002777738
719,-8.4,3.4285715,4.923077,0.026966158,-0.010190055,0.0003048856
720,-8.4,4.0,4.923077,0.034580834,-0.011802736,0.00040957468
721,-8.4,0.0,4.3076925,-0.031117901,-0.0057608983,0.00011282151
722,-8.4,0.5714286,4.3076925,-0.026618902,-0.00095159514,8.879586e-05
723,-8.4,1.1428572,4.3076925,-0.011409495,-0.008212712,9.954709e-05
724,-8.4,1.7142857,4.3076925,-0.00603812,-0.007624914,7.1953466e-05
725,-8.4,2.2857144,4.3076925,0.0072283424,-0.00985109,7.338856e-05
726,-8.4,2.857143,4.3076925,0.01332187,-0.010481071,6.158735e-05
727,-8.4,3.4285715,4.3076925,0.026943933,-0.010150532,2.4037176e-05
728,-8.4,4.0,4.3076925,0.034554113,-0.011762366,-4.0355953e-05
729,-8.4,0.0,3.6923077,-0.031135516,-0.005762283,-0.00021874812
730,-8.4,0.5714286,3.6923077,-0.02663677,-0.0009513762,-0.00019561392
731,-8.4,1.1428572,3.6923077,-0.011427145,-0.008213251,-0.00020727771
732,-8.4,1.7142857,3.6923077,-0.006055992,-0.007624858,-0.0001803964
733,-8.4,2.2857144,3.6923077,0.0072106463,-0.009851429,-0.00018266417
734,-8.4,2.857143,3.6923077,0.013303978,-0.010481118,-0.00017160596
735,-8.4,3.4285715,3.6923077,0.026926203,-0.010150752,-0.00013493458
736,-8.4,4.0,3.6923077,0.034536187,-0.011762506,-7.1411276e-05
737,-8.4,0.0,3.0769231,-0.031098453,-0.005746996,-0.00051726814
738,-8.4,0.5714286,3.0769231,-0.026677657,-0.0009786657,-0.0005269448
739,-8.4,1.1428572,3.0769231,-0.011469762,-0.0082395775,-0.00049235986
740,-8.4,1.7142857,3.0769231,-0.006087335,-0.0076694014,-0.0004730162
741,-8.4,2.2857144,3.0769231,0.007183207,-0.009893132,-0.00042229673
742,-8.4,2.857143,3.0769231,0.013276611,-0.010529421,-0.00038774632
743,-8.4,3.4285715,3.0769231,0.026912915,-0.010190651,-0.00041582005
744,-8.4,4.0,3.0769231,0.034527007,-0.011803253,-0.000521285
745,-8.4,0.0,2.4615386,-0.031355076,-0.0058045113,-0.00090982957
746,-8.4,0.5714286,2.4615386,-0.026790349,-0.0009859796,-0.0008900913
747,-8.4,1.1428572,2.4615386,-0.011494353,-0.008310629,-0.00085469184
748,-8.4,1.7142857,2.4615386,-0.0061620306,-0.00774449,-0.00075825123
749,-8.4,2.2857144,2.4615386,0.0071568857,-0.009969512,-0.00068786374
750,-8.4,2.857143,2.4615386,0.013228316,-0.010617907,-0.00062607485
751,-8.4,3.4285715,2.4615386,0.026903342,-0.010261019,-0.00055286026
752,-8.4,4.0,2.4615386,0.034520533,-0.011885878,-0.0004986184
753,-8.4,0.0,1.8461539,-0.031130511,-0.005710744,-0.0014791482
754,-8.4,0.5714286,1.8461539,-0.026834551,-0.0010771013,-0.0013686056
755,-8.4,1.1428572,1.8461539,-0.011576603,-0.008356956,-0.0012532651
756,-8.4,1.7142857,1.8461539,-0.0062150047,-0.007867208,-0.0011165141
757,-8.4,2.2857144,1.8461539,0.007101013,-0.010053239,-0.0009613282
758,-8.4,2.857143,1.8461539,0.013163792,-0.010735198,-0.0008248711
759,-8.4,3.4285715,1.8461539,0.026873518,-0.010330539,-0.00080190186
760,-8.4,4.0,1.8461539,0.034496255,-0.011972862,-0.00091386674
761,-8.4,0.0,1.2307693,-0.031730536,-0.0058053187,-0.002021443
762,-8.4,0.5714286,1.2307693,-0.027013855,-0.0010215315,-0.0020562075
763,-8.4,1.1428572,1.2307693,-0.011604962,-0.008500006,-0.0017981573
764,-8.4,1.7142857,1.2307693,-0.0063114837,-0.007930908,-0.0014858821
765,-8.4,2.2857144,1.2307693,0.0070197294,-0.010160936,-0.0012515823
766,-8.4,2.857143,1.2307693,0.013080378,-0.010781762,-0.0010639369
767,-8.4,3.4285715,1.2307693,0.026791794,-0.010415434,-0.00089675235
768,-8.4,4.0,1.2307693,0.03447777,-0.01201073,-0.00071848126
769,-8.4,0.0,0.61538464,-0.03104541,-0.0055990373,-0.0036844371
770,-8.4,0.5714286,0.61538464,-0.026636403,-0.0011423054,-0.0029217852
771,-8.4,1.1428572,0.61538464,-0.011757631,-0.008542607,-0.0024222725
772,-8.4,1.7142857,0.61538464,-0.0062214453,-0.007878635,-0.0019480222
773,-8.4,2.2857144,0.61538464,0.006821005,-0.010191209,-0.0015532313
774,-8.4,2.857143,0.61538464,0.013049197,-0.010705372,-0.0012819899
775,-8.4,3.4285715,0.61538464,0.026568428,-0.010449914,-0.0010475911
776,-8.4,4.0,0.61538464,0.034447275,-0.011874662,-0.001087845
777,-8.4,0.0,0.0,-0.032274492,-0.0048497864,-0.0042892387
778,-8.4,0.5714286,0.0,-0.027180804,-0.00074787333,-0.0043338146
779,-8.4,1.1428572,0.0,-0.011969353,-0.007965572,-0.0030775585
780,-8.4,1.7142857,0.0,-0.0063812905,-0.007555117,-0.0023502242
781,-8.4,2.2857144,0.0,0.0065961704,-0.0099028405,-0.001969986
782,-8.4,2.857143,0.0,0.01289786,-0.010444672,-0.001416139
783,-8.4,3.4285715,0.0,0.026289834,-0.010257114,-0.00123894
784,-8.4,4.0,0.0,0.034299232,-0.01164542,-0.0005986699
785,-7.8,0.0,8.0,-0.03606314,-0.0029386918,0.007341879
786,-7.8,0.5714286,8.0,-0.021269348,-0.01758567,0.004289107
787,-7.8,1.1428572,8.0,-0.014412925,-0.017391378,0.0028266867
788,-7.8,1.7142857,8.0,-0.002548655,-0.02143594,0.002554417
789,-7.8,2.2857144,8.0,0.0039756047,-0.022072475,0.0017032372
790,-7.8,2.857143,8.0,0.015660206,-0.022690993,0.0017216981
791,-7.8,3.4285715,8.0,0.023454057,-0.023805207,0.0011153219
792,-7.8,4.0,8.0,0.0371644,-0.022474557,0.0013936685
793,-7.8,0.0,7.3846154,-0.036834985,-0.0026994832,0.0028668474
794,-7.8,0.5714286,7.3846154,-0.021752227,-0.018691609,0.0030816563
795,-7.8,1.1428572,7.3846154,-0.014675572,-0.017668476,0.002338242
796,-7.8,1.7142857,7.3846154,-0.0026291886,-0.021762837,0.0017687902
797,-7.8,2.2857144,7.3846154,0.0039324574,-0.022318859,0.0016014022
798,-7.8,2.857143,7.3846154,0.01581188,-0.02278267,0.0012318986
799,-7.8,3.4285715,7.3846154,0.023604183,-0.024032665,0.0011887229
800,-7.8,4.0,7.3846154,0.037411712,-0.022518802,0.00079387566
801,-7.8,0.0,6.769231,-0.036568295,-0.002706449,0.0019800076
802,-7.8,0.5714286,6.769231,-0.021548718,-0.01812652,0.0018009838
803,-7.8,1.1428572,6.769231,-0.014798205,-0.017682387,0.0016488878
804,-7.8,1.7142857,6.769231,-0.0025020964,-0.021635985,0.0014067885
805,-7.8,2.2857144,6.769231,0.0039060656,-0.022299325,0.001165667
806,-7.8,2.857143,6.769231,0.015989743,-0.022695372,0.0010653714
807,-7.8,3.4285715,6.769231,0.023622258,-0.024009744,0.0009628415
808,-7.8,4.0,6.769231,0.03752898,-0.02247676,0.001192891
809,-7.8,0.0,6.1538463,-0.036652,-0.0027090292,0.0011971334
810,-7.8,0.5714286,6.1538463,-0.021535404,-0.018226726,0.0011907656
811,-7.8,1.1428572,6.1538463,-0.014753059,-0.017428676,0.0010937431
812,-7.8,1.7142857,6.1538463,-0.002464167,-0.021471074,0.0010007021
813,-7.8,2.2857144,6.1538463,0.0039440095,-0.022187041,0.00087633054
814,-7.8,2.857143,6.1538463,0.016056485,-0.022506177,0.00081583543
815,-7.8,3.4285715,6.1538463,0.023644296,-0.02395581,0.00075162586
816,-7.8,4.0,6.1538463,0.037524972,-0.022285761,0.0006823345
817,-7.8,0.0,5.5384617,-0.03641143,-0.0026944794,0.0006519275
818,-7.8,0.5714286,5.5384617,-0.021457145,-0.01802099,0.0007036502
819,-7.8,1.1428572,5.5384617,-0.014708136,-0.017371625,0.00069635006
820,-7.8,1.7142857,5.5384617,-0.0024372432,-0.021306466,0.0006326802
821,-7.8,2.2857144,5.5384617,0.003986579,-0.02201254,0.0006066575
822,-7.8,2.857143,5.5384617,0.016060295,-0.022402758,0.00053750153
823,-7.8,3.4285715,5.5384617,0.02365653,-0.02375836,0.00059799606
824,-7.8,4.0,5.5384617,0.03747837,-0.02223613,0.000751214
825,-7.8,0.0,4.923077,-0.036391612,-0.0026990948,0.00038303377
826,-7.8,0.5714286,4.923077,-0.021437036,-0.018033678,0.00035342172
827,-7.8,1.1428572,4.923077,-0.014660564,-0.017216962,0.00034844855
828,-7.8,1.7142857,4.923077,-0.002434358,-0.021231772,0.00035445564
829,-7.8,2.2857144,4.923077,0.004005526,-0.021886624,0.000302034
830,-7.8,2.857143,4.923077,0.016051129,-0.022284517,0.00033212503
831,-7.8,3.4285715,4.923077,0.023648601,-0.023664957,0.00026691053
832,-7.8,4.0,4.923077,0.037419874,-0.02210775,0.00026024182
833,-7.8,0.0,4.3076925,-0.036325127,-0.0026914473,1.4716047e-05
834,-7.8,0.5714286,4.3076925,-0.021419154,-0.017966926,6.720088e-05
835,-7.8,1.1428572,4.3076925,-0.014654198,-0.017196923,7.366161e-05
836,-7.8,1.7142857,4.3076925,-0.0024363226,-0.021162359,4.8933096e-05
837,-7.8,2.2857144,4.3076925,0.0040038433,-0.021826118,7.556901e-05
838,-7.8,2.857143,4.3076925,0.016034693,-0.02223209,2.8206603e-05
839,-7.8,3.4285715,4.3076925,0.023630947,-0.023588868,0.00010917531
840,-7.8,4.0,4.3076925,0.037384897,-0.022075433,0.00017076179
841,-7.8,0.0,3.6923077,-0.036342874,-0.0026906913,-0.00015535763
842,-7.8,0.5714286,3.6923077,-0.021436932,-0.0179674,-0.00020872304
843,-7.8,1.1428572,3.6923077,-0.014671947,-0.017196795,-0.00021601951
844,-7.8,1.7142857,3.6923077,-0.0024540946,-0.02116265,-0.00019201393
845,-7.8,2.2857144,3.6923077,0.003986046,-0.021826109,-0.00021940743
846,-7.8,2.857143,3.6923077,0.016016904,-0.022232294,-0.00017275679
847,-7.8,3.4285715,3.6923077,0.023613093,-0.023588937,-0.00025454318
848,-7.8,4.0,3.6923077,0.03736705,-0.022075567,-0.00031695628
849,-7.8,0.0,3.0769231,-0.036444493,-0.002697153,-0.0005235935
850,-7.8,0.5714286,3.0769231,-0.021490328,-0.01803521,-0.00049497595
851,-7.8,1.1428572,3.0769231,-0.0147138685,-0.017216465,-0.00049076346
852,-7.8,1.7142857,3.0769231,-0.002487632,-0.021232707,-0.0004975753
853,-7.8,2.2857144,3.0769231,0.003952101,-0.021886574,-0.000445827
854,-7.8,2.857143,3.0769231,0.015997792,-0.022285119,-0.0004767152
855,-7.8,3.4285715,3.0769231,0.023595061,-0.023665171,-0.00041223774
856,-7.8,4.0,3.0769231,0.03736639,-0.022108063,-0.00040648677
857,-7.8,0.0,2.4615386,-0.03649989,-0.002691069,-0.00079250336
858,-7.8,0.5714286,2.4615386,-0.021545982,-0.018023426,-0.000845268
859,-7.8,1.1428572,2.4615386,-0.014796964,-0.017370896,-0.0008385908
860,-7.8,1.7142857,2.4615386,-0.0025260507,-0.021307962,-0.00077585503
861,-7.8,2.2857144,2.4615386,0.0038975459,-0.022012487,-0.0007503888
862,-7.8,2.857143,2.4615386,0.0159714,-0.02240375,-0.0006821416
863,-7.8,3.4285715,2.4615386,0.023567282,-0.023758724,-0.0007432603
864,-7.8,4.0,2.4615386,0.037389223,-0.022236697,-0.0008974872
865,-7.8,0.0,1.8461539,-0.036775514,-0.0027045056,-0.0013375763
866,-7.8,0.5714286,1.8461539,-0.021659747,-0.018230222,-0.0013323183
867,-7.8,1.1428572,1.8461539,-0.014877478,-0.01742758,-0.0012360382
868,-7.8,1.7142857,1.8461539,-0.0025884656,-0.02147321,-0.0011438135
869,-7.8,2.2857144,1.8461539,0.00381934,-0.022186954,-0.0010200983
870,-7.8,2.857143,1.8461539,0.015932063,-0.02250755,-0.0009604282
871,-7.8,3.4285715,1.8461539,0.023519374,-0.023956344,-0.0008969299
872,-7.8,4.0,1.8461539,0.037400223,-0.022286477,-0.00082860386
873,-7.8,0.0,1.2307693,-0.036727335,-0.0026998606,-0.00212076
874,-7.8,0.5714286,1.2307693,-0.021708893,-0.018131176,-0.0019425397
875,-7.8,1.1428572,1.2307693,-0.014958006,-0.0176809,-0.0017911043
876,-7.8,1.7142857,1.2307693,-0.0026620885,-0.021638786,-0.0015499616
877,-7.8,2.2857144,1.2307693,0.0037459238,-0.02229916,-0.0013093548
878,-7.8,2.857143,1.2307693,0.015829671,-0.022697177,-0.0012100184
879,-7.8,3.4285715,1.2307693,0.023461776,-0.024010401,-0.0011080747
880,-7.8,4.0,1.2307693,0.037368514,-0.022477718,-0.0013391536
881,-7.8,0.0,0.61538464,-0.037028655,-0.00269142,-0.0030068604
882,-7.8,0.5714286,0.61538464,-0.021948038,-0.018697636,-0.0032233126
883,-7.8,1.1428572,0.61538464,-0.014870907,-0.017666377,-0.0024805567
884,-7.8,1.7142857,0.61538464,-0.0028247829,-0.02176645,-0.0019118035
885,-7.8,2.2857144,0.61538464,0.003736794,-0.022318507,-0.0017452287
886,-7.8,2.857143,0.61538464,0.01561623,-0.022784978,-0.0013763997
887,-7.8,3.4285715,0.61538464,0.023408199,-0.02403339,-0.0013340655
888,-7.8,4.0,0.61538464,0.037215628,-0.022519976,-0.00094012194
889,-7.8,0.0,0.0,-0.03629339,-0.0029287713,-0.0074846675
890,-7.8,0.5714286,0.0,-0.021501433,-0.017592313,-0.0044306717
891,-7.8,1.1428572,0.0,-0.014643816,-0.017389188,-0.0029688084
892,-7.8,1.7142857,0.0,-0.0027800507,-0.021440012,-0.0026977393
893,-7.8,2.2857144,0.0,0.0037444918,-0.022072155,-0.0018467575
894,-7.8,2.857143,0.0,0.015428943,-0.022693692,-0.0018664541
895,-7.8,3.4285715,0.0,0.023222687,-0.023806037,-0.0012604232
896,-7.8,4.0,0.0,0.036932778,-0.022476044,-0.0015399144
897,-7.2,0.0,8.0,-0.03514433,-0.036254145,0.0009510179
898,-7.2,0.5714286,8.0,-0.02150822,-0.029040191,0.002541477
899,-7.2,1.1428572,8.0,-0.011919853,-0.034510978,0.0022584973
900,-7.2,1.7142857,8.0,-0.0039597573,-0.03440921,0.0017641089
901,-7.2,2.2857144,8.0,0.0057692947,-0.035808407,0.0018336128
902,-7.2,2.857143,8.0,0.01346906,-0.036818333,0.0014681094
903,-7.2,3.4285715,8.0,0.02472402,-0.035934884,0.0016529509
904,-7.2,4.0,8.0,0.035097398,-0.03775066,0.0011065537
905,-7.2,0.0,7.3846154,-0.03674232,-0.036459837,0.002282148
906,-7.2,0.5714286,7.3846154,-0.022736236,-0.028789816,0.0017182418
907,-7.2,1.1428572,7.3846154,-0.012423375,-0.03471765,0.0016884948
908,-7.2,1.7142857,7.3846154,-0.0043713143,-0.03445573,0.001554823
909,-7.2,2.2857144,7.3846154,0.005728829,-0.035787508,0.001373064
910,-7.2,2.857143,7.3846154,0.013460205,-0.036879007,0.0013665152
911,-7.2,3.4285715,7.3846154,0.024978597,-0.035838187,0.0012910613
912,-7.2,4.0,7.3846154,0.03530016,-0.037809283,0.0016282448
913,-7.2,0.0,6.769231,-0.035874505,-0.036541626,0.0010787168
914,-7.2,0.5714286,6.769231,-0.022565946,-0.028774068,0.0012962747
915,-7.2,1.1428572,6.769231,-0.0123553155,-0.034445688,0.0012292239
916,-7.2,1.7142857,6.769231,-0.0043848366,-0.034356274,0.0011512442
917,-7.2,2.2857144,6.769231,0.005850924,-0.035557482,0.0011135454
918,-7.2,2.857143,6.769231,0.013502827,-0.03678768,0.0010914846
919,-7.2,3.4285715,6.769231,0.02515926,-0.035623707,0.0011091144
920,-7.2,4.0,6.769231,0.035211366,-0.037747417,0.0010170088
921,-7.2,0.0,6.1538463,-0.03606359,-0.036260597,0.0007222766
922,-7.2,0.5714286,6.1538463,-0.022594878,-0.02855483,0.00079173537
923,-7.2,1.1428572,6.1538463,-0.012277603,-0.034233283,0.00083874835
924,-7.2,1.7142857,6.1538463,-0.0043890025,-0.034146383,0.0008325607
925,-7.2,2.2857144,6.1538463,0.0059352154,-0.03531142,0.0008320029
926,-7.2,2.857143,6.1538463,0.013529391,-0.036614064,0.00082235376
927,-7.2,3.4285715,6.1538463,0.02520401,-0.035383634,0.0009199596
928,-7.2,4.0,6.1538463,0.035203397,-0.037609007,0.0011798322
929,-7.2,0.0,5.5384617,-0.03571514,-0.03623651,0.00042074686
930,-7.2,0.5714286,5.5384617,-0.022462914,-0.02841471,0.0004729696
931,-7.2,1.1428572,5.5384617,-0.012251908,-0.034047995,0.00052174216
932,-7.2,1.7142857,5.5384617,-0.004314609,-0.03393384,0.0005394255
933,-7.2,2.2857144,5.5384617,0.0059374613,-0.03513554,0.0005511228
934,-7.2,2.857143,5.5384617,0.013572997,-0.036383413,0.00059186865
935,-7.2,3.4285715,5.5384617,0.02518462,-0.035235167,0.00059884344
936,-7.2,4.0,5.5384617,0.035142396,-0.037387393,0.0006090473
937,-7.2,0.0,4.923077,-0.035739936,-0.03608572,0.0001289246
938,-7.2,0.5714286,4.923077,-0.022417506,-0.028291427,0.00022416614
939,-7.2,1.1428572,4.923077,-0.012215705,-0.03393553,0.0002531053
940,-7.2,1.7142857,4.923077,-0.0042972453,-0.03377883,0.00027648525
941,-7.2,2.2857144,4.923077,0.0059479102,-0.034996707,0.0002956475
942,-7.2,2.857143,4.923077,0.013573437,-0.0362319,0.00030186799
943,-7.2,3.4285715,4.923077,0.025153557,-0.035091635,0.00039082408
944,-7.2,4.0,4.923077,0.035118245,-0.037256803,0.00054693647
945,-7.2,0.0,4.3076925,-0.035645075,-0.036060907,3.1602653e-05
946,-7.2,0.5714286,4.3076925,-0.022388848,-0.0282409,4.706953e-06
947,-7.2,1.1428572,4.3076925,-0.012213346,-0.033863917,2.5181444e-05
948,-7.2,1.7142857,4.3076925,-0.004287169,-0.03370534,2.9848055e-05
949,-7.2,2.2857144,4.3076925,0.005935213,-0.034922916,3.575897e-05
950,-7.2,2.857143,4.3076925,0.0135669755,-0.036147743,5.5529403e-05
951,-7.2,3.4285715,4.3076925,0.025127456,-0.03502523,2.2957116e-05
952,-7.2,4.0,4.3076925,0.03507483,-0.037172742,-2.4431503e-05
953,-7.2,0.0,3.6923077,-0.035662636,-0.036061328,-0.00020702864
954,-7.2,0.5714286,3.6923077,-0.022406502,-0.02824054,-0.00018105828
955,-7.2,1.1428572,3.6923077,-0.01223117,-0.03386418,-0.00020212763
956,-7.2,1.7142857,3.6923077,-0.0043048896,-0.033705223,-0.00020763639
957,-7.2,2.2857144,3.6923077,0.005917393,-0.0349231,-0.00021409131
958,-7.2,2.857143,3.6923077,0.013549199,-0.03614773,-0.00023467306
959,-7.2,3.4285715,3.6923077,0.025109623,-0.035025343,-0.00020270799
960,-7.2,4.0,3.6923077,0.03505699,-0.037172787,-0.00015624921
961,-7.2,0.0,3.0769231,-0.03579333,-0.036086768,-0.0003044679
962,-7.2,0.5714286,3.0769231,-0.022470526,-0.028290242,-0.0004004615
963,-7.2,1.1428572,3.0769231,-0.012269095,-0.033936415,-0.00043011538
964,-7.2,1.7142857,3.0769231,-0.004350457,-0.033778444,-0.0004542093
965,-7.2,2.2857144,3.0769231,0.005894475,-0.03499728,-0.00047404395
966,-7.2,2.857143,3.0769231,0.013520104,-0.03623186,-0.000480948
967,-7.2,3.4285715,3.0769231,0.025100015,-0.03509199,-0.00057063287
968,-7.2,4.0,3.0769231,0.03506473,-0.037257,-0.00072754367
969,-7.2,0.0,2.4615386,-0.035803594,-0.0362384,-0.0005962303
970,-7.2,0.5714286,2.4615386,-0.022551274,-0.028412834,-0.00064922246
971,-7.2,1.1428572,2.4615386,-0.012340933,-0.034049388,-0.000698805
972,-7.2,1.7142857,2.4615386,-0.004403285,-0.03393324,-0.0007171043
973,-7.2,2.2857144,2.4615386,0.0058484077,-0.03513647,-0.00072956464
974,-7.2,2.857143,2.4615386,0.013484099,-0.036383368,-0.00077090185
975,-7.2,3.4285715,2.4615386,0.025095439,-0.035235725,-0.000778702
976,-7.2,4.0,2.4615386,0.035053194,-0.03738771,-0.00078963535
977,-7.2,0.0,1.8461539,-0.036188,-0.036263056,-0.0008979841
978,-7.2,0.5714286,1.8461539,-0.022718633,-0.028552117,-0.0009680043
979,-7.2,1.1428572,1.8461539,-0.012402195,-0.034235276,-0.0010157984
980,-7.2,1.7142857,1.8461539,-0.004513187,-0.034145523,-0.0010102737
981,-7.2,2.2857144,1.8461539,0.005810555,-0.035312723,-0.0010104257
982,-7.2,2.857143,1.8461539,0.013404942,-0.03661401,-0.0010014011
983,-7.2,3.4285715,1.8461539,0.025079142,-0.03538442,-0.0010997945
984,-7.2,4.0,1.8461539,0.03507855,-0.037609503,-0.0013603938
985,-7.2,0.0,1.2307693,-0.03603396,-0.03654502,-0.0012541654
986,-7.2,0.5714286,1.2307693,-0.022724882,-0.028770378,-0.0014725918
987,-7.2,1.1428572,1.2307693,-0.012515755,-0.03444836,-0.0014063736
988,-7.2,1.7142857,1.2307693,-0.004544329,-0.034355104,-0.0013289176
989,-7.2,2.2857144,1.2307693,0.0056905015,-0.03555921,-0.0012920118
990,-7.2,2.857143,1.2307693,0.013342978,-0.036787584,-0.0012705007
991,-7.2,3.4285715,1.2307693,0.02499865,-0.035624724,-0.0012889768
992,-7.2,4.0,1.2307693,0.03505101,-0.037748024,-0.0011976056
993,-7.2,0.0,0.61538464,-0.036938235,-0.036464177,-0.0024584658
994,-7.2,0.5714286,0.61538464,-0.022930495,-0.028785048,-0.0018947785
995,-7.2,1.1428572,0.61538464,-0.012619583,-0.034721177,-0.0018656082
996,-7.2,1.7142857,0.61538464,-0.004566188,-0.034454107,-0.0017326423
997,-7.2,2.2857144,0.61538464,0.005532668,-0.035789788,-0.0015514453
998,-7.2,2.857143,0.61538464,0.013264998,-0.036878765,-0.0015456099
999,-7.2,3.4285715,0.61538464,0.024782237,-0.035839558,-0.0014708437
1000,-7.2,4.0,0.61538464,0.035104387,-0.037809994,-0.0018088107
1001,-7.2,0.0,0.0,-0.035375405,-0.036258753,-0.0011272596
1002,-7.2,0.5714286,0.0,-0.0217379,-0.029034756,-0.002718636
1003,-7.2,1.1428572,0.0,-0.012152048,-0.034514844,-0.0024358698
1004,-7.2,1.7142857,0.0,-0.0041900068,-0.03440746,-0.0019418235
1005,-7.2,2.2857144,0.0,0.0055373893,-0.03581102,-0.0020122083
1006,-7.2,2.857143,0.0,0.01323851,-0.03681807,-0.0016470414
1007,-7.2,3.4285715,0.0,0.024492074,-0.035936527,-0.0018328673
1008,-7.2,4.0,0.0,0.034866303,-0.03775141,-0.001287097
1009,-6.6,0.0,8.0,-0.035166755,-0.0461314,-0.00023138411
1010,-6.6,0.5714286,8.0,-0.021478675,-0.05112771,3.654339e-05
1011,-6.6,1.1428572,8.0,-0.011766843,-0.0481104,0.000899597
1012,-6.6,1.7142857,8.0,-0.0030682932,-0.050074965,0.0012000854
1013,-6.6,2.2857144,8.0,0.004645832,-0.050464597,0.0013444558
1014,-6.6,2.857143,8.0,0.01394633,-0.049953837,0.0016254572
1015,-6.6,3.4285715,8.0,0.022903902,-0.051405422,0.0016344868
1016,-6.6,4.0,8.0,0.035584435,-0.049500704,0.0023304252
1017,-6.6,0.0,7.3846154,-0.035808347,-0.045066625,-0.00022179607
1018,-6.6,0.5714286,7.3846154,-0.022329552,-0.05077487,0.00045029618
1019,-6.6,1.1428572,7.3846154,-0.012549896,-0.047682025,0.0007792476
1020,-6.6,1.7142857,7.3846154,-0.0033678678,-0.049811747,0.0009942496
1021,-6.6,2.2857144,7.3846154,0.00441592,-0.05026113,0.0011641826
1022,-6.6,2.857143,7.3846154,0.01406266,-0.04964498,0.0013388423
1023,-6.6,3.4285715,7.3846154,0.023085155,-0.051263895,0.0015220207
1024,-6.6,4.0,7.3846154,0.035834588,-0.049198344,0.0014387771
1025,-6.6,0.0,6.769231,-0.036141112,-0.044820126,0.00026887955
1026,-6.6,0.5714286,6.769231,-0.022339249,-0.05053996,0.0003767771
1027,-6.6,1.1428572,6.769231,-0.012586284,-0.04747039,0.0006034006
1028,-6.6,1.7142857,6.769231,-0.0033208195,-0.049422417,0.00079738034
1029,-6.6,2.2857144,6.769231,0.0044264575,-0.050062038,0.0009519657
1030,-6.6,2.857143,6.769231,0.01423495,-0.04924749,0.0010758833
1031,-6.6,3.4285715,6.769231,0.023128672,-0.0510879,0.0012906656
1032,-6.6,4.0,6.769231,0.03596937,-0.048838094,0.0017114385
1033,-6.6,0.0,6.1538463,-0.035649158,-0.04462216,-3.8339076e-07
1034,-6.6,0.5714286,6.1538463,-0.022184908,-0.050195817,0.00027167343
1035,-6.6,1.1428572,6.1538463,-0.012615518,-0.047218382,0.00043295004
1036,-6.6,1.7142857,6.1538463,-0.0032261882,-0.049102053,0.0005822961
1037,-6.6,2.2857144,6.1538463,0.004435726,-0.04978038,0.00070075673
1038,-6.6,2.857143,6.1538463,0.014327216,-0.048934907,0.00086934364
1039,-6.6,3.4285715,6.1538463,0.023136798,-0.050824534,0.00096437323
1040,-6.6,4.0,6.1538463,0.035909697,-0.048536837,0.0010437171
1041,-6.6,0.0,5.5384617,-0.035705507,-0.04432001,-2.098117e-05
1042,-6.6,0.5714286,5.5384617,-0.022147868,-0.049997263,0.00013238547
1043,-6.6,1.1428572,5.5384617,-0.012502164,-0.046943728,0.00026349546
1044,-6.6,1.7142857,5.5384617,-0.0032326947,-0.048877515,0.0003766489
1045,-6.6,2.2857144,5.5384617,0.004505907,-0.049500532,0.0004843004
1046,-6.6,2.857143,5.5384617,0.014311573,-0.048710268,0.00056748826
1047,-6.6,3.4285715,5.5384617,0.023148185,-0.050546557,0.00074764836
1048,-6.6,4.0,5.5384617,0.035867695,-0.048338242,0.0010098241
1049,-6.6,0.0,4.923077,-0.03543304,-0.044205487,-6.658457e-05
1050,-6.6,0.5714286,4.923077,-0.02207189,-0.049822025,2.8583529e-05
1051,-6.6,1.1428572,4.923077,-0.012481449,-0.04676977,0.00010773083
1052,-6.6,1.7142857,4.923077,-0.0031996595,-0.048705015,0.00018055993
1053,-6.6,2.2857144,4.923077,0.0045091854,-0.049308814,0.0002400482
1054,-6.6,2.857143,4.923077,0.014309398,-0.048539102,0.00032686035
1055,-6.6,3.4285715,4.923077,0.023128347,-0.050358932,0.00035119595
1056,-6.6,4.0,4.923077,0.035777844,-0.048170123,0.00038197273
1057,-6.6,0.0,4.3076925,-0.035455413,-0.044105444,-0.000110193316
1058,-6.6,0.5714286,4.3076925,-0.022058843,-0.049741864,-6.3726846e-05
1059,-6.6,1.1428572,4.3076925,-0.012456029,-0.046677485,-3.5335906e-05
1060,-6.6,1.7142857,4.3076925,-0.0032100573,-0.04861641,-1.2067756e-05
1061,-6.6,2.2857144,4.3076925,0.0045139245,-0.04921057,1.32732885e-05
1062,-6.6,2.857143,4.3076925,0.0142871225,-0.048449464,2.1477017e-05
1063,-6.6,3.4285715,4.3076925,0.023107247,-0.050259735,0.00010085559
1064,-6.6,4.0,4.3076925,0.035746496,-0.04809039,0.00020346051
1065,-6.6,0.0,3.6923077,-0.035473242,-0.04410508,-0.00010032148
1066,-6.6,0.5714286,3.6923077,-0.02207663,-0.049742136,-0.0001473253
1067,-6.6,1.1428572,3.6923077,-0.012473689,-0.046677254,-0.00017652886
1068,-6.6,1.7142857,3.6923077,-0.003227894,-0.048616584,-0.00020020938
1069,-6.6,2.2857144,3.6923077,0.0044962037,-0.049210474,-0.00022635428
1070,-6.6,2.857143,3.6923077,0.014269273,-0.04844957,-0.00023498114
1071,-6.6,3.4285715,3.6923077,0.023089463,-0.050259728,-0.00031521462
1072,-6.6,4.0,3.6923077,0.035728596,-0.04809046,-0.0004183713
1073,-6.6,0.0,3.0769231,-0.035485867,-0.044204567,-0.00014378554
1074,-6.6,0.5714286,3.0769231,-0.02212517,-0.049822863,-0.0002397252
1075,-6.6,1.1428572,3.0769231,-0.012534556,-0.046769064,-0.00031951873
1076,-6.6,1.7142857,3.0769231,-0.003253097,-0.04870554,-0.00039292092
1077,-6.6,2.2857144,3.0769231,0.004455987,-0.04930853,-0.00045304827
1078,-6.6,2.857143,3.0769231,0.014255863,-0.04853942,-0.0005404452
1079,-6.6,3.4285715,3.0769231,0.023075035,-0.05035887,-0.0005654786
1080,-6.6,4.0,3.0769231,0.035724152,-0.048170283,-0.0005969798
1081,-6.6,0.0,2.4615386,-0.035794042,-0.044318356,-0.00018948792
1082,-6.6,0.5714286,2.4615386,-0.022236707,-0.049998645,-0.00034359284
1083,-6.6,1.1428572,2.4615386,-0.012590612,-0.046942573,-0.00047523386
1084,-6.6,1.7142857,2.4615386,-0.0033217901,-0.048878383,-0.00058907096
1085,-6.6,2.2857144,2.4615386,0.004417249,-0.049500074,-0.0006972531
1086,-6.6,2.857143,2.4615386,0.014222361,-0.04871078,-0.00078112195
1087,-6.6,3.4285715,2.4615386,0.02305929,-0.05054651,-0.0009618766
1088,-6.6,4.0,2.4615386,0.03577824,-0.048338514,-0.0012248516
1089,-6.6,0.0,1.8461539,-0.035772678,-0.04461993,-0.00020992458
1090,-6.6,0.5714286,1.8461539,-0.02230926,-0.05019773,-0.000482898
1091,-6.6,1.1428572,1.8461539,-0.012739431,-0.04721676,-0.0006447367
1092,-6.6,1.7142857,1.8461539,-0.0033508872,-0.049103264,-0.00079471397
1093,-6.6,2.2857144,1.8461539,0.004311591,-0.049779754,-0.00091372343
1094,-6.6,2.857143,1.8461539,0.014202328,-0.04893562,-0.0010829743
1095,-6.6,3.4285715,1.8461539,0.023012396,-0.050824456,-0.0011786107
1096,-6.6,4.0,1.8461539,0.035784464,-0.048537184,-0.0012587912
1097,-6.6,0.0,1.2307693,-0.03630027,-0.04481705,-0.0004795595
1098,-6.6,0.5714286,1.2307693,-0.022499288,-0.05054258,-0.0005881037
1099,-6.6,1.1428572,1.2307693,-0.012745413,-0.04746819,-0.00081518275
1100,-6.6,1.7142857,1.2307693,-0.0034813308,-0.049424063,-0.0010098568
1101,-6.6,2.2857144,1.2307693,0.0042670136,-0.050061192,-0.001164928
1102,-6.6,2.857143,1.2307693,0.014074268,-0.04924844,-0.0012895203
1103,-6.6,3.4285715,1.2307693,0.02296886,-0.05108783,-0.0015048897
1104,-6.6,4.0,1.2307693,0.03580828,-0.048838582,-0.0019264553
1105,-6.6,0.0,0.61538464,-0.036002427,-0.045062523,1.1310372e-05
1106,-6.6,0.5714286,0.61538464,-0.022525439,-0.050778262,-0.0006617012
1107,-6.6,1.1428572,0.61538464,-0.012744357,-0.04767913,-0.0009911878
1108,-6.6,1.7142857,0.61538464,-0.0035641983,-0.04981396,-0.0012067083
1109,-6.6,2.2857144,0.61538464,0.0042212005,-0.05025994,-0.0013772092
1110,-6.6,2.857143,0.61538464,0.013866163,-0.049646314,-0.0015524512
1111,-6.6,3.4285715,0.61538464,0.022890087,-0.051263668,-0.0017362706
1112,-6.6,4.0,0.61538464,0.03563763,-0.049199022,-0.0016538381
1113,-6.6,0.0,0.0,-0.035396513,-0.046127036,2.0843638e-05
1114,-6.6,0.5714286,0.0,-0.021710247,-0.051131453,-0.00024800043
1115,-6.6,1.1428572,0.0,-0.011996618,-0.048107155,-0.0011117017
1116,-6.6,1.7142857,0.0,-0.0033004268,-0.05007747,-0.0014126742
1117,-6.6,2.2857144,0.0,0.004415794,-0.050463255,-0.001557461
1118,-6.6,2.857143,0.0,0.013714145,-0.049955428,-0.0018391387
1119,-6.6,3.4285715,0.0,0.022673544,-0.051405136,-0.0018486525
1120,-6.6,4.0,0.0,0.03535184,-0.04950163,-0.0025454694
1121,-6.0,0.0,8.0,-0.033156097,-0.0650906,-0.0014340107
1122,-6.0,0.5714286,8.0,-0.021615315,-0.06294128,-0.000716983
1123,-6.0,1.1428572,8.0,-0.011129664,-0.065302454,-0.00026509713
1124,-6.0,1.7142857,8.0,-0.0035710905,-0.0646381,0.00058084703
1125,-6.0,2.2857144,8.0,0.004908639,-0.06447118,0.0010210327
1126,-6.0,2.857143,8.0,0.012494468,-0.06564197,0.0015686014
1127,-6.0,3.4285715,8.0,0.022631932,-0.06376339,0.002093205
1128,-6.0,4.0,8.0,0.03376068,-0.06565098,0.0019558398
1129,-6.0,0.0,7.3846154,-0.033911157,-0.06469323,-0.0012034697
1130,-6.0,0.5714286,7.3846154,-0.022309909,-0.06212634,-0.0006432467
1131,-6.0,1.1428572,7.3846154,-0.011558592,-0.06467478,-3.036473e-05
1132,-6.0,1.7142857,7.3846154,-0.004000719,-0.06407777,0.0004575773
1133,-6.0,2.2857144,7.3846154,0.0048954235,-0.06388841,0.0009632236
1134,-6.0,2.857143,7.3846154,0.012494718,-0.06524805,0.0013034267
1135,-6.0,3.4285715,7.3846154,0.022973971,-0.06319739,0.0017351814
1136,-6.0,4.0,7.3846154,0.034059055,-0.06533171,0.0024552424
1137,-6.0,0.0,6.769231,-0.03369299,-0.06397849,-0.0009214178
1138,-6.0,0.5714286,6.769231,-0.022588164,-0.06159372,-0.00041644907
1139,-6.0,1.1428572,6.769231,-0.0116201425,-0.064141706,2.4591702e-05
1140,-6.0,1.7142857,6.769231,-0.0040732166,-0.063706085,0.00042069686
1141,-6.0,2.2857144,6.769231,0.0050071604,-0.0633025,0.00074973167
1142,-6.0,2.857143,6.769231,0.012550527,-0.06493908,0.0011407479
1143,-6.0,3.4285715,6.769231,0.023193464,-0.06261827,0.0014155261
1144,-6.0,4.0,6.769231,0.03392786,-0.06502538,0.0015662889
1145,-6.0,0.0,6.1538463,-0.03362087,-0.063536815,-0.0006113936
1146,-6.0,0.5714286,6.1538463,-0.022490634,-0.061290838,-0.0003094199
1147,-6.0,1.1428572,6.1538463,-0.011512069,-0.063683815,1.08598015e-05
1148,-6.0,1.7142857,6.1538463,-0.0040877066,-0.06333382,0.00030990588
1149,-6.0,2.2857144,6.1538463,0.0051112766,-0.06288936,0.0006069302
1150,-6.0,2.857143,6.1538463,0.012570636,-0.06454999,0.00083149155
1151,-6.0,3.4285715,6.1538463,0.023244571,-0.06222773,0.0011736708
1152,-6.0,4.0,6.1538463,0.033929277,-0.06467129,0.0016069823
1153,-6.0,0.0,5.5384617,-0.03336441,-0.06325327,-0.0005031896
1154,-6.0,0.5714286,5.5384617,-0.022391215,-0.06089873,-0.0002370792
1155,-6.0,1.1428572,5.5384617,-0.011519539,-0.063417755,-8.574136e-06
1156,-6.0,1.7142857,5.5384617,-0.0040005962,-0.06297953,0.00019605395
1157,-6.0,2.2857144,5.5384617,0.005091607,-0.06259853,0.00039300954
1158,-6.0,2.857143,5.5384617,0.012624117,-0.06420783,0.00061094505
1159,-6.0,3.4285715,5.5384617,0.023208734,-0.061939403,0.0007553284
1160,-6.0,4.0,5.5384617,0.03383523,-0.0643316,0.0008829765
1161,-6.0,0.0,4.923077,-0.0333472,-0.063019216,-0.00032796818
1162,-6.0,0.5714286,4.923077,-0.022311613,-0.06070003,-0.0001918251
1163,-6.0,1.1428572,4.923077,-0.0114682475,-0.06318825,-5.528123e-05
1164,-6.0,1.7142857,4.923077,-0.0039901505,-0.06275587,7.364124e-05
1165,-6.0,2.2857144,4.923077,0.005105348,-0.062388405,0.0001961327
1166,-6.0,2.857143,4.923077,0.0126145,-0.06397016,0.0002986485
1167,-6.0,3.4285715,4.923077,0.023170607,-0.06173963,0.00047837003
1168,-6.0,4.0,4.923077,0.03381158,-0.06411218,0.0006916142
1169,-6.0,0.0,4.3076925,-0.03325639,-0.06291997,-0.00019991463
1170,-6.0,0.5714286,4.3076925,-0.022283796,-0.060575604,-0.00014270055
1171,-6.0,1.1428572,4.3076925,-0.01147202,-0.063085556,-9.829156e-05
1172,-6.0,1.7142857,4.3076925,-0.0039762617,-0.062636495,-5.9619244e-05
1173,-6.0,2.2857144,4.3076925,0.005087158,-0.062279772,-1.8043344e-05
1174,-6.0,2.857143,4.3076925,0.012607997,-0.06385329,3.325576e-05
1175,-6.0,3.4285715,4.3076925,0.023139736,-0.06163133,2.3988407e-05
1176,-6.0,4.0,4.3076925,0.03375481,-0.06399448,6.708149e-06
1177,-6.0,0.0,3.6923077,-0.033274006,-0.06292021,-4.5266137e-05
1178,-6.0,0.5714286,3.6923077,-0.022301447,-0.060575355,-0.00010339587
1179,-6.0,1.1428572,3.6923077,-0.011489841,-0.06308573,-0.00014814278
1180,-6.0,1.7142857,3.6923077,-0.0039939526,-0.06263632,-0.0001875637
1181,-6.0,2.2857144,3.6923077,0.00506932,-0.062279873,-0.0002294193
1182,-6.0,2.857143,3.6923077,0.012590258,-0.06385321,-0.00028150302
1183,-6.0,3.4285715,3.6923077,0.023121875,-0.061631363,-0.00027258435
1184,-6.0,4.0,3.6923077,0.033737022,-0.06399442,-0.00025623717
1185,-6.0,0.0,3.0769231,-0.033400558,-0.06301985,8.2603394e-05
1186,-6.0,0.5714286,3.0769231,-0.022364654,-0.060699288,-5.4165823e-05
1187,-6.0,1.1428572,3.0769231,-0.011521605,-0.063188754,-0.00019126128
1188,-6.0,1.7142857,3.0769231,-0.004043284,-0.06275538,-0.00032072267
1189,-6.0,2.2857144,3.0769231,0.0050518597,-0.06238868,-0.00044369983
1190,-6.0,2.857143,3.0769231,0.012561278,-0.063969925,-0.00054679415
1191,-6.0,3.4285715,3.0769231,0.02311698,-0.061739773,-0.0007270628
1192,-6.0,4.0,3.0769231,0.03375819,-0.06411207,-0.0009410274
1193,-6.0,0.0,2.4615386,-0.033453003,-0.06325441,0.00025788377
1194,-6.0,0.5714286,2.4615386,-0.022479583,-0.060897466,-8.859198e-06
1195,-6.0,1.1428572,2.4615386,-0.011608531,-0.06341861,-0.00023805004
1196,-6.0,1.7142857,2.4615386,-0.004089125,-0.06297872,-0.00044307575
1197,-6.0,2.2857144,2.4615386,0.005002454,-0.06259899,-0.00064063934
1198,-6.0,2.857143,2.4615386,0.012535409,-0.064207464,-0.00085903157
1199,-6.0,3.4285715,2.4615386,0.023119403,-0.061939582,-0.0010040863
1200,-6.0,4.0,2.4615386,0.033746257,-0.06433142,-0.0011323715
1201,-6.0,0.0,1.8461539,-0.03374522,-0.06353834,0.0003658938
1202,-6.0,0.5714286,1.8461539,-0.022614386,-0.06128912,6.34347e-05
1203,-6.0,1.1428572,1.8461539,-0.011636607,-0.06368499,-0.00025747405
1204,-6.0,1.7142857,1.8461539,-0.004211684,-0.063332714,-0.00055695424
1205,-6.0,2.2857144,1.8461539,0.0049864757,-0.06288999,-0.00085456
1206,-6.0,2.857143,1.8461539,0.012446454,-0.06454949,-0.0010795797
1207,-6.0,3.4285715,1.8461539,0.023119489,-0.062228013,-0.0014224176
1208,-6.0,4.0,1.8461539,0.033804726,-0.06467109,-0.0018563324
1209,-6.0,0.0,1.2307693,-0.033852722,-0.06398059,0.0006760922
1210,-6.0,0.5714286,1.2307693,-0.02274717,-0.061591364,0.00017046678
1211,-6.0,1.1428572,1.2307693,-0.01178045,-0.064143345,-0.00027127337
1212,-6.0,1.7142857,1.2307693,-0.004232471,-0.0637046,-0.0006677476
1213,-6.0,2.2857144,1.2307693,0.004846574,-0.06330337,-0.0009973717
1214,-6.0,2.857143,1.2307693,0.012391008,-0.06493844,-0.0013888408
1215,-6.0,3.4285715,1.2307693,0.023032578,-0.06261861,-0.0016642739
1216,-6.0,4.0,1.2307693,0.0337679,-0.0650251,-0.0018157081
1217,-6.0,0.0,0.61538464,-0.034106936,-0.064696096,0.0009580122
1218,-6.0,0.5714286,0.61538464,-0.022504117,-0.062123265,0.00039718527
1219,-6.0,1.1428572,0.61538464,-0.011754732,-0.064676955,-0.00021631997
1220,-6.0,1.7142857,0.61538464,-0.0041952105,-0.0640758,-0.00070468703
1221,-6.0,2.2857144,0.61538464,0.004698976,-0.06388966,-0.0012108668
1222,-6.0,2.857143,0.61538464,0.012299989,-0.0652471,-0.0015515239
1223,-6.0,3.4285715,0.61538464,0.02277719,-0.06319803,-0.0019839013
1224,-6.0,4.0,0.61538464,0.03386379,-0.06533129,-0.0027046008
1225,-6.0,0.0,0.0,-0.033387385,-0.06509368,0.0011883841
1226,-6.0,0.5714286,0.0,-0.021844884,-0.0629379,0.00047089256
1227,-6.0,1.1428572,0.0,-0.0113615645,-0.06530493,1.8406774e-05
1228,-6.0,1.7142857,0.0,-0.0038008953,-0.064635865,-0.00082804513
1229,-6.0,2.2857144,0.0,0.00467647,-0.064472675,-0.0012686853
1230,-6.0,2.857143,0.0,0.01226445,-0.06564084,-0.00181671
1231,-6.0,3.4285715,0.0,0.022399513,-0.063764215,-0.0023419333
1232,-6.0,4.0,0.0,0.033530176,-0.065650344,-0.0022051511
1233,-5.4,0.0,8.0,-0.033057615,-0.077821314,-0.0029408985
1234,-5.4,0.5714286,8.0,-0.019731598,-0.07945486,-0.001742872
1235,-5.4,1.1428572,8.0,-0.011714982,-0.07880587,-0.000660246
1236,-5.4,1.7142857,8.0,-0.0027330653,-0.07906367,-7.901862e-05
1237,-5.4,2.2857144,8.0,0.0035175614,-0.0799041,0.0009997106
1238,-5.4,2.857143,8.0,0.012444847,-0.07807523,0.0015688291
1239,-5.4,3.4285715,8.0,0.020507885,-0.08008398,0.0023003954
1240,-5.4,4.0,8.0,0.03312986,-0.07748346,0.003629123
1241,-5.4,0.0,7.3846154,-0.033646017,-0.07662387,-0.0020285705
1242,-5.4,0.5714286,7.3846154,-0.020241011,-0.07862251,-0.0013671796
1243,-5.4,1.1428572,7.3846154,-0.0121910265,-0.077946626,-0.0006502169
1244,-5.4,1.7142857,7.3846154,-0.0028431565,-0.07819145,0.00014230973
1245,-5.4,2.2857144,7.3846154,0.0033825326,-0.079222895,0.0007098034
1246,-5.4,2.857143,7.3846154,0.012707191,-0.077218466,0.0014643319
1247,-5.4,3.4285715,7.3846154,0.020769432,-0.079531536,0.0020030811
1248,-5.4,4.0,7.3846154,0.033500675,-0.07662161,0.0022401211
1249,-5.4,0.0,6.769231,-0.033869203,-0.076066494,-0.0016895337
1250,-5.4,0.5714286,6.769231,-0.020221885,-0.077863924,-0.0010604523
1251,-5.4,1.1428572,6.769231,-0.012422149,-0.07731279,-0.0004525399
1252,-5.4,1.7142857,6.769231,-0.002782361,-0.077419944,9.34332e-05
1253,-5.4,2.2857144,6.769231,0.0033522926,-0.07873683,0.0006893319
1254,-5.4,2.857143,6.769231,0.012934669,-0.07642551,0.0011221893
1255,-5.4,3.4285715,6.769231,0.02082013,-0.07911204,0.0016993636
1256,-5.4,4.0,6.769231,0.03370748,-0.07590481,0.0024185039
1257,-5.4,0.0,6.1538463,-0.033656616,-0.07550524,-0.0012614089
1258,-5.4,0.5714286,6.1538463,-0.020163218,-0.07722088,-0.00079447485
1259,-5.4,1.1428572,6.1538463,-0.012420188,-0.076839074,-0.00034221346
1260,-5.4,1.7142857,6.1538463,-0.0027040578,-0.076862216,0.00010211061
1261,-5.4,2.2857144,6.1538463,0.0033657998,-0.0782267,0.0004888324
1262,-5.4,2.857143,6.1538463,0.0130372355,-0.07592161,0.0009407115
1263,-5.4,3.4285715,6.1538463,0.020835038,-0.07860106,0.0012541522
1264,-5.4,4.0,6.1538463,0.033633087,-0.075391784,0.001514971
1265,-5.4,0.0,5.5384617,-0.033522457,-0.075052276,-0.0008945987
1266,-5.4,0.5714286,5.5384617,-0.020088164,-0.07689027,-0.00058226625
1267,-5.4,1.1428572,5.5384617,-0.012329253,-0.076375954,-0.0002668756
1268,-5.4,1.7142857,5.5384617,-0.0027241597,-0.07650468,4.5809582e-05
1269,-5.4,2.2857144,5.5384617,0.003436384,-0.0778005,0.00034670756
1270,-5.4,2.857143,5.5384617,0.013001129,-0.0755531,0.00060636946
1271,-5.4,3.4285715,5.5384617,0.020848965,-0.0781939,0.0009518583
1272,-5.4,4.0,5.5384617,0.033575352,-0.07505525,0.0013354655
1273,-5.4,0.0,4.923077,-0.033364736,-0.074768536,-0.0005986445
1274,-5.4,0.5714286,4.923077,-0.020048514,-0.07659009,-0.0003893634
1275,-5.4,1.1428572,4.923077,-0.012296661,-0.07611666,-0.00020186046
1276,-5.4,1.7142857,4.923077,-0.002703794,-0.07623939,-2.4074812e-05
1277,-5.4,2.2857144,4.923077,0.0034358206,-0.07751868,0.00015221362
1278,-5.4,2.857143,4.923077,0.012991833,-0.075309694,0.00034016886
1279,-5.4,3.4285715,4.923077,0.020823017,-0.07790446,0.00045407048
1280,-5.4,4.0,4.923077,0.033465113,-0.07480537,0.00056215655
1281,-5.4,0.0,4.3076925,-0.033332966,-0.07462197,-0.00027602038
1282,-5.4,0.5714286,4.3076925,-0.02002275,-0.07646856,-0.0002270991
1283,-5.4,1.1428572,4.3076925,-0.012276444,-0.07596776,-0.00016351661
1284,-5.4,1.7142857,4.3076925,-0.002716349,-0.076111935,-9.6833064e-05
1285,-5.4,2.2857144,4.3076925,0.0034383317,-0.077378884,-4.194516e-05
1286,-5.4,2.857143,4.3076925,0.012963774,-0.07517816,5.2986024e-06
1287,-5.4,3.4285715,4.3076925,0.020799475,-0.07777034,0.00011502244
1288,-5.4,4.0,4.3076925,0.03343046,-0.07468534,0.00023057748
1289,-5.4,0.0,3.6923077,-0.03335073,-0.07462173,-4.350169e-06
1290,-5.4,0.5714286,3.6923077,-0.02004054,-0.0764687,-5.3567866e-05
1291,-5.4,1.1428572,3.6923077,-0.012294121,-0.07596756,-0.00011793528
1292,-5.4,1.7142857,3.6923077,-0.0027341638,-0.07611202,-0.0001847825
1293,-5.4,2.2857144,3.6923077,0.0034206093,-0.07737874,-0.00024038862
1294,-5.4,2.857143,3.6923077,0.012945935,-0.07517818,-0.00028781165
1295,-5.4,3.4285715,3.6923077,0.020781698,-0.07777026,-0.00039833743
1296,-5.4,4.0,3.6923077,0.03341255,-0.07468538,-0.00051420525
1297,-5.4,0.0,3.0769231,-0.03341764,-0.07476787,0.0003184906
1298,-5.4,0.5714286,3.0769231,-0.020101788,-0.07659049,0.000108547436
1299,-5.4,1.1428572,3.0769231,-0.012349761,-0.07611607,-7.9456644e-05
1300,-5.4,1.7142857,3.0769231,-0.0027572073,-0.07623964,-0.00025767626
1301,-5.4,2.2857144,3.0769231,0.0033826474,-0.07751829,-0.00043441606
1302,-5.4,2.857143,3.0769231,0.012938306,-0.075309776,-0.00062280823
1303,-5.4,3.4285715,3.0769231,0.02076974,-0.0779042,-0.0007372641
1304,-5.4,4.0,3.0769231,0.03341145,-0.07480537,-0.0008459325
1305,-5.4,0.0,2.4615386,-0.033610888,-0.07505111,0.0006143885
1306,-5.4,0.5714286,2.4615386,-0.020177018,-0.07689098,0.00030136737
1307,-5.4,1.1428572,2.4615386,-0.012417713,-0.07637495,-1.43621955e-05
1308,-5.4,1.7142857,2.4615386,-0.0028132051,-0.076505095,-0.00032764362
1309,-5.4,2.2857144,2.4615386,0.0033477673,-0.077799864,-0.00062883465
1310,-5.4,2.857143,2.4615386,0.012911923,-0.07555321,-0.0008890825
1311,-5.4,3.4285715,2.4615386,0.020760141,-0.07819355,-0.0012349687
1312,-5.4,4.0,2.4615386,0.033485875,-0.07505528,-0.001619279
1313,-5.4,0.0,1.8461539,-0.033780206,-0.07550367,0.0009813433
1314,-5.4,0.5714286,1.8461539,-0.020287571,-0.07722185,0.00051359844
1315,-5.4,1.1428572,1.8461539,-0.012544078,-0.07683772,6.0933344e-05
1316,-5.4,1.7142857,1.8461539,-0.0028287023,-0.07686279,-0.00038393095
1317,-5.4,2.2857144,1.8461539,0.0032417276,-0.07822584,-0.0007709715
1318,-5.4,2.857143,1.8461539,0.012912353,-0.075921774,-0.0012234126
1319,-5.4,3.4285715,1.8461539,0.020710718,-0.07860055,-0.0015372795
1320,-5.4,4.0,1.8461539,0.03350788,-0.075391784,-0.0017988376
1321,-5.4,0.0,1.2307693,-0.034028254,-0.07606441,0.0014093225
1322,-5.4,0.5714286,1.2307693,-0.020381937,-0.07786528,0.0007795188
1323,-5.4,1.1428572,1.2307693,-0.012581319,-0.07731097,0.00017127942
1324,-5.4,1.7142857,1.2307693,-0.0029427526,-0.07742074,-0.0003752797
1325,-5.4,2.2857144,1.2307693,0.0031928946,-0.078735724,-0.00097147125
1326,-5.4,2.857143,1.2307693,0.012774011,-0.07642574,-0.001404884
1327,-5.4,3.4285715,1.2307693,0.020660408,-0.07911145,-0.0019824726
1328,-5.4,4.0,1.2307693,0.033546362,-0.07590487,-0.0027023037
1329,-5.4,0.0,0.61538464,-0.033840038,-0.076621056,0.0017483907
1330,-5.4,0.5714286,0.61538464,-0.020436876,-0.078624405,0.0010862928
1331,-5.4,1.1428572,0.61538464,-0.012385383,-0.07794425,0.000368899
1332,-5.4,1.7142857,0.61538464,-0.0030394208,-0.07819264,-0.000424155
1333,-5.4,2.2857144,0.61538464,0.003187955,-0.079221375,-0.0009919514
1334,-5.4,2.857143,0.61538464,0.012510642,-0.07721897,-0.0017470194
1335,-5.4,3.4285715,0.61538464,0.020574523,-0.079530604,-0.0022861934
1336,-5.4,4.0,0.61538464,0.033303674,-0.076621816,-0.0025239652
1337,-5.4,0.0,0.0,-0.033287134,-0.077818245,0.0026608384
1338,-5.4,0.5714286,0.0,-0.019963246,-0.07945694,0.0014618435
1339,-5.4,1.1428572,0.0,-0.011944665,-0.07880319,0.00037885725
1340,-5.4,1.7142857,0.0,-0.0029650682,-0.07906508,-0.00020279015
1341,-5.4,2.2857144,0.0,0.0032876825,-0.079902306,-0.0012819245
1342,-5.4,2.857143,0.0,0.012212606,-0.07807594,-0.0018514675
1343,-5.4,3.4285715,0.0,0.020277698,-0.08008282,-0.0025834723
1344,-5.4,4.0,0.0,0.032897104,-0.07748392,-0.0039129467
1345,-4.8,0.0,8.0,-0.029448705,-0.09211256,-0.0031858718
1346,-4.8,0.5714286,8.0,-0.020279745,-0.092657894,-0.002420866
1347,-4.8,1.1428572,8.0,-0.009652097,-0.09298368,-0.0014132024
1348,-4.8,1.7142857,8.0,-0.0042366036,-0.09371638,-2.321594e-05
1349,-4.8,2.2857144,8.0,0.004359794,-0.092149824,0.0006567719
1350,-4.8,2.857143,8.0,0.00998681,-0.09425841,0.0019506236
1351,-4.8,3.4285715,8.0,0.020291038,-0.09107633,0.0028324712
1352,-4.8,4.0,8.0,0.029893864,-0.09358153,0.0030564198
1353,-4.8,0.0,7.3846154,-0.029795216,-0.091120064,-0.0031119278
1354,-4.8,0.5714286,7.3846154,-0.020812888,-0.0914963,-0.0019604568
1355,-4.8,1.1428572,7.3846154,-0.009823779,-0.09187336,-0.0010082361
1356,-4.8,1.7142857,7.3846154,-0.004482251,-0.0927591,-0.00020253148
1357,-4.8,2.2857144,7.3846154,0.004576712,-0.09102424,0.00081116427
1358,-4.8,2.857143,7.3846154,0.010086473,-0.093472876,0.0014882014
1359,-4.8,3.4285715,7.3846154,0.020819388,-0.089953266,0.0023787268
1360,-4.8,4.0,7.3846154,0.030271953,-0.09294075,0.003560324
1361,-4.8,0.0,6.769231,-0.029610185,-0.09000816,-0.0022425186
1362,-4.8,0.5714286,6.769231,-0.02111303,-0.09068312,-0.0015682457
1363,-4.8,1.1428572,6.769231,-0.009762663,-0.09092284,-0.00082665024
1364,-4.8,1.7142857,6.769231,-0.0046256,-0.09204958,-5.1591345e-05
1365,-4.8,2.2857144,6.769231,0.00477692,-0.09002859,0.00057929126
1366,-4.8,2.857143,6.769231,0.010138075,-0.0929013,0.0013505126
1367,-4.8,3.4285715,6.769231,0.021139035,-0.08895731,0.0019111913
1368,-4.8,4.0,6.769231,0.030159948,-0.09233296,0.0023075133
1369,-4.8,0.0,6.1538463,-0.029489014,-0.08930215,-0.001785282
1370,-4.8,0.5714286,6.1538463,-0.021047747,-0.09006913,-0.0011892122
1371,-4.8,1.1428572,6.1538463,-0.009729196,-0.090188816,-0.0006137292
1372,-4.8,1.7142857,6.1538463,-0.0046253596,-0.091420695,-6.4942695e-05
1373,-4.8,2.2857144,6.1538463,0.004866096,-0.08938379,0.00050985604
1374,-4.8,2.857143,6.1538463,0.010165463,-0.092249855,0.00097560434
1375,-4.8,3.4285715,6.1538463,0.021200858,-0.0883632,0.0015608106
1376,-4.8,4.0,6.1538463,0.030168843,-0.091749296,0.0022028582
1377,-4.8,0.0,5.5384617,-0.029346108,-0.08881985,-0.0012594569
1378,-4.8,0.5714286,5.5384617,-0.020948675,-0.089489855,-0.00086025504
1379,-4.8,1.1428572,5.5384617,-0.009723648,-0.08975833,-0.00045535277
1380,-4.8,1.7142857,5.5384617,-0.004553328,-0.090890095,-6.1495535e-05
1381,-4.8,2.2857144,5.5384617,0.0048297103,-0.08893762,0.0003188839
1382,-4.8,2.857143,5.5384617,0.010221419,-0.0917542,0.00071524107
1383,-4.8,3.4285715,5.5384617,0.02114305,-0.087913394,0.0010136181
1384,-4.8,4.0,5.5384617,0.030074323,-0.09123309,0.0012774176
1385,-4.8,0.0,4.923077,-0.029279586,-0.0884901,-0.00079936045
1386,-4.8,0.5714286,4.923077,-0.02086966,-0.08918103,-0.0005694491
1387,-4.8,1.1428572,4.923077,-0.009705507,-0.08942428,-0.00033158142
1388,-4.8,1.7142857,4.923077,-0.0045388937,-0.090565406,-8.668998e-05
1389,-4.8,2.2857144,4.923077,0.004826755,-0.088638425,0.00013957286
1390,-4.8,2.857143,4.923077,0.010205476,-0.09141029,0.0003508317
1391,-4.8,3.4285715,4.923077,0.021097284,-0.08763849,0.000622608
1392,-4.8,4.0,4.923077,0.03004408,-0.090918526,0.00089989975
1393,-4.8,0.0,4.3076925,-0.029231982,-0.088327065,-0.0003780283
1394,-4.8,0.5714286,4.3076925,-0.020846933,-0.0889994,-0.00028766794
1395,-4.8,1.1428572,4.3076925,-0.009704915,-0.089276776,-0.0002082222
1396,-4.8,1.7142857,4.3076925,-0.004531996,-0.09039779,-0.00013960201
1397,-4.8,2.2857144,4.3076925,0.0048041893,-0.08848585,-5.4620778e-05
1398,-4.8,2.857143,4.3076925,0.010196792,-0.09125171,2.462441e-05
1399,-4.8,3.4285715,4.3076925,0.02106045,-0.087482624,4.625873e-05
1400,-4.8,4.0,4.3076925,0.029985264,-0.090752356,6.5628206e-05
1401,-4.8,0.0,3.6923077,-0.029249635,-0.08832714,6.312093e-05
1402,-4.8,0.5714286,3.6923077,-0.0208646,-0.08899919,-2.8148545e-05
1403,-4.8,1.1428572,3.6923077,-0.009722699,-0.08927685,-0.00010766707
1404,-4.8,1.7142857,3.6923077,-0.0045497157,-0.09039761,-0.00017700883
1405,-4.8,2.2857144,3.6923077,0.004786385,-0.08848587,-0.00026201282
1406,-4.8,2.857143,3.6923077,0.010179034,-0.09125159,-0.00034197597
1407,-4.8,3.4285715,3.6923077,0.021042615,-0.08748259,-0.00036371857
1408,-4.8,4.0,3.6923077,0.029967492,-0.090752214,-0.0003839679
1409,-4.8,0.0,3.0769231,-0.029332852,-0.08849032,0.00048418087
1410,-4.8,0.5714286,3.0769231,-0.020922765,-0.089180425,0.00025383243
1411,-4.8,1.1428572,3.0769231,-0.009758828,-0.08942445,1.5506797e-05
1412,-4.8,1.7142857,3.0769231,-0.0045920517,-0.090564914,-0.00022974344
1413,-4.8,2.2857144,3.0769231,0.00477332,-0.08863845,-0.00045637428
1414,-4.8,2.857143,3.0769231,0.010152239,-0.09140994,-0.00066801894
1415,-4.8,3.4285715,3.0769231,0.021043716,-0.08763844,-0.00094022043
1416,-4.8,4.0,3.0769231,0.029990664,-0.09091825,-0.0012180601
1417,-4.8,0.0,2.4615386,-0.029434701,-0.08882029,0.00094433554
1418,-4.8,0.5714286,2.4615386,-0.021037105,-0.08948879,0.0005447223
1419,-4.8,1.1428572,2.4615386,-0.009812558,-0.08975866,0.00013918192
1420,-4.8,1.7142857,2.4615386,-0.0046419105,-0.09088926,-0.0002548447
1421,-4.8,2.2857144,2.4615386,0.0047406466,-0.08893767,-0.00063577294
1422,-4.8,2.857143,2.4615386,0.010132687,-0.09175365,-0.0010323321
1423,-4.8,3.4285715,2.4615386,0.021053795,-0.08791323,-0.0013313274
1424,-4.8,4.0,2.4615386,0.02998539,-0.0912326,-0.0015955399
1425,-4.8,0.0,1.8461539,-0.029613227,-0.089302726,0.0014700277
1426,-4.8,0.5714286,1.8461539,-0.021171631,-0.09006771,0.0008736423
1427,-4.8,1.1428572,1.8461539,-0.009853642,-0.09018925,0.00029759036
1428,-4.8,1.7142857,1.8461539,-0.004749394,-0.09141957,-0.00025142264
1429,-4.8,2.2857144,1.8461539,0.004741412,-0.089383855,-0.0008267248
1430,-4.8,2.857143,1.8461539,0.0100412415,-0.0922491,-0.0012927052
1431,-4.8,3.4285715,1.8461539,0.021075893,-0.08836302,-0.0018784864
1432,-4.8,4.0,1.8461539,0.030044254,-0.09174869,-0.0025209324
1433,-4.8,0.0,1.2307693,-0.02976983,-0.090008974,0.0019273938
1434,-4.8,0.5714286,1.2307693,-0.021272184,-0.09068125,0.0012527166
1435,-4.8,1.1428572,1.2307693,-0.009922792,-0.090923466,0.00051047065
1436,-4.8,1.7142857,1.2307693,-0.004784979,-0.092048116,-0.0002647621
1437,-4.8,2.2857144,1.2307693,0.004616519,-0.090028696,-0.0008961583
1438,-4.8,2.857143,1.2307693,0.0099784685,-0.09290038,-0.0016676039
1439,-4.8,3.4285715,1.2307693,0.020978298,-0.088957034,-0.002228871
1440,-4.8,4.0,1.2307693,0.02999999,-0.092332155,-0.002625667
1441,-4.8,0.0,0.61538464,-0.029990794,-0.091121316,0.0027967577
1442,-4.8,0.5714286,0.61538464,-0.021007236,-0.091493845,0.0016448258
1443,-4.8,1.1428572,0.61538464,-0.010019771,-0.091874346,0.0006920775
1444,-4.8,1.7142857,0.61538464,-0.0046767825,-0.092757165,-0.000113838934
1445,-4.8,2.2857144,0.61538464,0.00438041,-0.09102462,-0.0011280278
1446,-4.8,2.857143,0.61538464,0.0098917065,-0.09347154,-0.0018052736
1447,-4.8,3.4285715,0.61538464,0.020622725,-0.089953244,-0.0026963733
1448,-4.8,4.0,0.61538464,0.030076662,-0.09293966,-0.0038783906
1449,-4.8,0.0,0.0,-0.02967991,-0.09211394,0.0028705436
1450,-4.8,0.5714286,0.0,-0.020509375,-0.09265513,0.0021053143
1451,-4.8,1.1428572,0.0,-0.009883846,-0.092984825,0.0010970326
1452,-4.8,1.7142857,0.0,-0.0044664494,-0.09371412,-0.00029323233
1453,-4.8,2.2857144,0.0,0.004127776,-0.09215038,-0.0009735533
1454,-4.8,2.857143,0.0,0.009756757,-0.09425675,-0.002267746
1455,-4.8,3.4285715,0.0,0.020058684,-0.09107647,-0.0031500692
1456,-4.8,4.0,0.0,0.029663399,-0.09358001,-0.0033744855
1457,-4.2,0.0,8.0,-0.029719355,-0.10582154,-0.0047220346
1458,-4.2,0.5714286,8.0,-0.016483746,-0.10572622,-0.0029123097
1459,-4.2,1.1428572,8.0,-0.011220934,-0.106839254,-0.0015122842
1460,-4.2,1.7142857,8.0,-0.00204385,-0.10562994,-0.00053242693
1461,-4.2,2.2857144,8.0,0.0016238156,-0.10773328,0.001149379
1462,-4.2,2.857143,8.0,0.0107562095,-0.10439214,0.0019690697
1463,-4.2,3.4285715,8.0,0.016557373,-0.10768924,0.0032725853
1464,-4.2,4.0,8.0,0.02941181,-0.10353167,0.0051609445
1465,-4.2,0.0,7.3846154,-0.030232014,-0.10438272,-0.003365218
1466,-4.2,0.5714286,7.3846154,-0.016697315,-0.10440914,-0.002484879
1467,-4.2,1.1428572,7.3846154,-0.0115417475,-0.10559991,-0.00138125
1468,-4.2,1.7142857,7.3846154,-0.0018977792,-0.10426243,-0.00017205926
1469,-4.2,2.2857144,7.3846154,0.0016243698,-0.106692925,0.0007129646
1470,-4.2,2.857143,7.3846154,0.011273249,-0.103000686,0.0019211118
1471,-4.2,3.4285715,7.3846154,0.01689572,-0.106838696,0.0027818417
1472,-4.2,4.0,7.3846154,0.029992336,-0.10206341,0.0033032026
1473,-4.2,0.0,6.769231,-0.030400997,-0.10348536,-0.0029587683
1474,-4.2,0.5714286,6.769231,-0.016570248,-0.10323505,-0.0019512416
1475,-4.2,1.1428572,6.769231,-0.011805674,-0.10466668,-0.0010332898
1476,-4.2,1.7142857,6.769231,-0.0016904317,-0.10309433,-0.00020660419
1477,-4.2,2.2857144,6.769231,0.0015721878,-0.105928734,0.0007433483
1478,-4.2,2.857143,6.769231,0.011623134,-0.10177531,0.0014549246
1479,-4.2,3.4285715,6.769231,0.01696844,-0.10618502,0.0023536654
1480,-4.2,4.0,6.769231,0.03034239,-0.10097047,0.003369738
1481,-4.2,0.0,6.1538463,-0.030267786,-0.10265559,-0.0021304146
1482,-4.2,0.5714286,6.1538463,-0.016533136,-0.10235608,-0.0014971738
1483,-4.2,1.1428572,6.1538463,-0.011786929,-0.10391992,-0.0008125061
1484,-4.2,1.7142857,6.1538463,-0.0016597944,-0.10228595,-0.00010709159
1485,-4.2,2.2857144,6.1538463,0.0016005037,-0.105154306,0.00051943597
1486,-4.2,2.857143,6.1538463,0.011715923,-0.1010586,0.0012191789
1487,-4.2,3.4285715,6.1538463,0.016992992,-0.10539551,0.0017456968
1488,-4.2,4.0,6.1538463,0.03027478,-0.10020946,0.0022028107
1489,-4.2,0.0,5.5384617,-0.030100105,-0.10201771,-0.0015640017
1490,-4.2,0.5714286,5.5384617,-0.01649253,-0.101837836,-0.0010847948
1491,-4.2,1.1428572,5.5384617,-0.011717207,-0.10327863,-0.00059388555
1492,-4.2,1.7142857,5.5384617,-0.0016852398,-0.101765744,-0.00011324759
1493,-4.2,2.2857144,5.5384617,0.0016575719,-0.10455753,0.00036899652
1494,-4.2,2.857143,5.5384617,0.011656531,-0.10052582,0.0007971507
1495,-4.2,3.4285715,5.5384617,0.017013747,-0.1048335,0.0013011412
1496,-4.2,4.0,5.5384617,0.030196777,-0.09973804,0.0018004037
1497,-4.2,0.0,4.923077,-0.02999002,-0.101618744,-0.0009785413
1498,-4.2,0.5714286,4.923077,-0.016463703,-0.10143925,-0.0006986668
1499,-4.2,1.1428572,4.923077,-0.011676349,-0.10291182,-0.00041281446
1500,-4.2,1.7142857,4.923077,-0.0016922177,-0.10140291,-0.00012954915
1501,-4.2,2.2857144,4.923077,0.0016567085,-0.104170784,0.00015689366
1502,-4.2,2.857143,4.923077,0.011631993,-0.100200295,0.00043966257
1503,-4.2,3.4285715,4.923077,0.016981238,-0.104426004,0.00064425723
1504,-4.2,4.0,4.923077,0.030082583,-0.09939174,0.00084143627
1505,-4.2,0.0,4.3076925,-0.029949829,-0.10142093,-0.00043560035
1506,-4.2,0.5714286,4.3076925,-0.016449096,-0.10126903,-0.00035417796
1507,-4.2,1.1428572,4.3076925,-0.011666633,-0.102714285,-0.00025564744
1508,-4.2,1.7142857,4.3076925,-0.0017059501,-0.101230964,-0.00015273978
1509,-4.2,2.2857144,4.3076925,0.0016520057,-0.10398487,-6.694671e-05
1510,-4.2,2.857143,4.3076925,0.011597751,-0.10002257,1.9607809e-05
1511,-4.2,3.4285715,4.3076925,0.016958697,-0.104252085,0.00015855678
1512,-4.2,4.0,4.3076925,0.030043645,-0.09923267,0.0002796252
1513,-4.2,0.0,3.6923077,-0.029967597,-0.10142075,8.532885e-05
1514,-4.2,0.5714286,3.6923077,-0.016466867,-0.10126905,3.9545976e-06
1515,-4.2,1.1428572,3.6923077,-0.011684353,-0.102714084,-9.539284e-05
1516,-4.2,1.7142857,3.6923077,-0.0017237179,-0.101230964,-0.00019816817
1517,-4.2,2.2857144,3.6923077,0.0016342448,-0.10398471,-0.0002846666
1518,-4.2,2.857143,3.6923077,0.011579961,-0.100022525,-0.00037112873
1519,-4.2,3.4285715,3.6923077,0.016940894,-0.10425198,-0.0005108339
1520,-4.2,4.0,3.6923077,0.030025754,-0.099232666,-0.0006319486
1521,-4.2,0.0,3.0769231,-0.030043025,-0.101618186,0.0006286382
1522,-4.2,0.5714286,3.0769231,-0.016516905,-0.10143931,0.00034817157
1523,-4.2,1.1428572,3.0769231,-0.01172952,-0.10291126,6.202554e-05
1524,-4.2,1.7142857,3.0769231,-0.0017455589,-0.10140288,-0.00022158894
1525,-4.2,2.2857144,3.0769231,0.0016034817,-0.10417034,-0.00050828484
1526,-4.2,2.857143,3.0769231,0.0115785515,-0.10020015,-0.0007913847
1527,-4.2,3.4285715,3.0769231,0.016927917,-0.10442563,-0.0009963375
1528,-4.2,4.0,3.0769231,0.030029036,-0.09939154,-0.0011939867
1529,-4.2,0.0,2.4615386,-0.030188615,-0.1020167,0.001214045
1530,-4.2,0.5714286,2.4615386,-0.016581317,-0.101838,0.0007342145
1531,-4.2,1.1428572,2.4615386,-0.011805784,-0.10327767,0.0002432063
1532,-4.2,1.7142857,2.4615386,-0.0017741625,-0.10176572,-0.00023799621
1533,-4.2,2.2857144,2.4615386,0.0015688668,-0.1045568,-0.00072027015
1534,-4.2,2.857143,2.4615386,0.01156746,-0.10052555,-0.0011489777
1535,-4.2,3.4285715,2.4615386,0.01692487,-0.104832985,-0.0016530936
1536,-4.2,4.0,2.4615386,0.030107396,-0.099737756,-0.0021530117
1537,-4.2,0.0,1.8461539,-0.03039156,-0.102654256,0.001780616
1538,-4.2,0.5714286,1.8461539,-0.016657354,-0.102356285,0.0011466347
1539,-4.2,1.1428572,1.8461539,-0.01191098,-0.103918634,0.00046178137
1540,-4.2,1.7142857,1.8461539,-0.0017842765,-0.10228591,-0.00024410995
1541,-4.2,2.2857144,1.8461539,0.0014763067,-0.10515332,-0.00087073154
1542,-4.2,2.857143,1.8461539,0.011591225,-0.10105824,-0.0015709621
1543,-4.2,3.4285715,1.8461539,0.016868565,-0.10539476,-0.0020976828
1544,-4.2,4.0,1.8461539,0.030149784,-0.100209,-0.002555474
1545,-4.2,0.0,1.2307693,-0.030560238,-0.103483655,0.0026088413
1546,-4.2,0.5714286,1.2307693,-0.016730119,-0.10323536,0.0016006439
1547,-4.2,1.1428572,1.2307693,-0.011965084,-0.104665026,0.00068260595
1548,-4.2,1.7142857,1.2307693,-0.0018505647,-0.1030943,-0.00014461948
1549,-4.2,2.2857144,1.2307693,0.0014125828,-0.10592752,-0.001094619
1550,-4.2,2.857143,1.2307693,0.011462736,-0.10177483,-0.0018067033
1551,-4.2,3.4285715,1.2307693,0.016808558,-0.106184185,-0.0027056138
1552,-4.2,4.0,1.2307693,0.03018148,-0.100969955,-0.0037223038
1553,-4.2,0.0,0.61538464,-0.030426236,-0.10438045,0.0030153492
1554,-4.2,0.5714286,0.61538464,-0.01689297,-0.10440974,0.0021343597
1555,-4.2,1.1428572,0.61538464,-0.011736311,-0.10559774,0.0010305068
1556,-4.2,1.7142857,0.61538464,-0.0020938078,-0.104262635,-0.00017913948
1557,-4.2,2.2857144,0.61538464,0.0014296237,-0.10669124,-0.0010642326
1558,-4.2,2.857143,0.61538464,0.011076932,-0.10300041,-0.0022728653
1559,-4.2,3.4285715,0.61538464,0.016700653,-0.10683737,-0.0031337806
1560,-4.2,4.0,0.61538464,0.029795587,-0.10206299,-0.0036558628
1561,-4.2,0.0,0.0,-0.029948976,-0.10581892,0.004372188
1562,-4.2,0.5714286,0.0,-0.016715234,-0.1057269,0.0025616346
1563,-4.2,1.1428572,0.0,-0.011450783,-0.106836736,0.0011615374
1564,-4.2,1.7142857,0.0,-0.0022756197,-0.105630286,0.00018127501
1565,-4.2,2.2857144,0.0,0.0013937801,-0.10773121,-0.0015007056
1566,-4.2,2.857143,0.0,0.010524172,-0.104392044,-0.0023207185
1567,-4.2,3.4285715,0.0,0.016327046,-0.10768751,-0.0036245184
1568,-4.2,4.0,0.0,0.029179186,-0.10353157,-0.005513467
1569,-3.6,0.0,8.0,-0.023981156,-0.117019355,-0.0045564715
1570,-3.6,0.5714286,8.0,-0.017811375,-0.119016506,-0.0034856906
1571,-3.6,1.1428572,8.0,-0.0073436825,-0.118133105,-0.0019466188
1572,-3.6,1.7142857,8.0,-0.004912563,-0.12021167,-0.000121324425
1573,-3.6,2.2857144,8.0,0.0037985377,-0.1171966,0.00090866996
1574,-3.6,2.857143,8.0,0.006601795,-0.120857604,0.0027734323
1575,-3.6,3.4285715,8.0,0.01711799,-0.11568461,0.003951966
1576,-3.6,4.0,8.0,0.02410763,-0.11991106,0.0044482346
1577,-3.6,0.0,7.3846154,-0.024047669,-0.11548484,-0.0043703304
1578,-3.6,0.5714286,7.3846154,-0.01825421,-0.11748564,-0.0027809234
1579,-3.6,1.1428572,7.3846154,-0.007241883,-0.1165386,-0.0014792066
1580,-3.6,1.7142857,7.3846154,-0.005006495,-0.1188845,-0.00030162133
1581,-3.6,2.2857144,7.3846154,0.0042944304,-0.11556869,0.0011154484
1582,-3.6,2.857143,7.3846154,0.0068197534,-0.11978169,0.002105334
1583,-3.6,3.4285715,7.3846154,0.017928684,-0.11399975,0.0033764746
1584,-3.6,4.0,7.3846154,0.024594191,-0.119146444,0.0049391636
1585,-3.6,0.0,6.769231,-0.023766464,-0.11403925,-0.0031734111
1586,-3.6,0.5714286,6.769231,-0.018543277,-0.11636379,-0.0022584733
1587,-3.6,1.1428572,6.769231,-0.0070334845,-0.115200035,-0.0012126587
1588,-3.6,1.7142857,6.769231,-0.005179054,-0.117890745,-0.00010808643
1589,-3.6,2.2857144,6.769231,0.0046474803,-0.114159025,0.0008194101
1590,-3.6,2.857143,6.769231,0.0068736346,-0.11900231,0.0019020818
1591,-3.6,3.4285715,6.769231,0.018374909,-0.112552494,0.002717098
1592,-3.6,4.0,6.769231,0.024528567,-0.118290916,0.0033692904
1593,-3.6,0.0,6.1538463,-0.02364441,-0.113074064,-0.0025547463
1594,-3.6,0.5714286,6.1538463,-0.01848478,-0.115478486,-0.00171385
1595,-3.6,1.1428572,6.1538463,-0.00703751,-0.11423511,-0.00090451393
1596,-3.6,1.7142857,6.1538463,-0.0051543624,-0.117009714,-0.00011314135
1597,-3.6,2.2857144,6.1538463,0.0046903905,-0.113294065,0.0007041347
1598,-3.6,2.857143,6.1538463,0.006906663,-0.11807136,0.0014054773
1599,-3.6,3.4285715,6.1538463,0.01843872,-0.11177444,0.0022039048
1600,-3.6,4.0,6.1538463,0.024551982,-0.11748033,0.003022011
1601,-3.6,0.0,5.5384617,-0.023577027,-0.112429366,-0.0017532683
1602,-3.6,0.5714286,5.5384617,-0.018390842,-0.11474747,-0.0012346917
1603,-3.6,1.1428572,5.5384617,-0.0070460346,-0.11364221,-0.00067406904
1604,-3.6,1.7142857,5.5384617,-0.0051075434,-0.11631561,-9.7286495e-05
1605,-3.6,2.2857144,5.5384617,0.004638719,-0.11269577,0.00045667
1606,-3.6,2.857143,5.5384617,0.006950349,-0.117422365,0.0010136986
1607,-3.6,3.4285715,5.5384617,0.018345948,-0.11115923,0.0014578844
1608,-3.6,4.0,5.5384617,0.024474826,-0.11677415,0.0018708742
1609,-3.6,0.0,4.923077,-0.02351453,-0.11199933,-0.0011256789
1610,-3.6,0.5714286,4.923077,-0.018326495,-0.11433453,-0.00080382434
1611,-3.6,1.1428572,4.923077,-0.0070512216,-0.113220885,-0.0004695311
1612,-3.6,1.7142857,4.923077,-0.0050882376,-0.115894824,-0.000119890596
1613,-3.6,2.2857144,4.923077,0.004608877,-0.11231331,0.0002052907
1614,-3.6,2.857143,4.923077,0.0069293557,-0.11697072,0.00052405364
1615,-3.6,3.4285715,4.923077,0.018297642,-0.11082123,0.0008789026
1616,-3.6,4.0,4.923077,0.024442602,-0.11636609,0.0012051762
1617,-3.6,0.0,4.3076925,-0.023495024,-0.11179319,-0.0004920092
1618,-3.6,0.5714286,4.3076925,-0.01830832,-0.11411239,-0.0003877744
1619,-3.6,1.1428572,4.3076925,-0.0070547117,-0.11303168,-0.00027880393
1620,-3.6,1.7142857,4.3076925,-0.005092438,-0.1156849,-0.00017459458
1621,-3.6,2.2857144,4.3076925,0.0045824656,-0.11212079,-5.0631978e-05
1622,-3.6,2.857143,4.3076925,0.006914976,-0.11677328,5.3960506e-05
1623,-3.6,3.4285715,4.3076925,0.018252613,-0.11061947,0.000106269625
1624,-3.6,4.0,4.3076925,0.024393551,-0.11615128,0.00016885388
1625,-3.6,0.0,3.6923077,-0.023512645,-0.11179313,0.000107443615
1626,-3.6,0.5714286,3.6923077,-0.01832602,-0.1141122,2.1752621e-06
1627,-3.6,1.1428572,3.6923077,-0.007072453,-0.113031656,-0.0001064705
1628,-3.6,1.7142857,3.6923077,-0.00511021,-0.1156847,-0.00021148496
1629,-3.6,2.2857144,3.6923077,0.0045647197,-0.112120725,-0.00033513896
1630,-3.6,2.857143,3.6923077,0.0068971696,-0.116773136,-0.00044045775
1631,-3.6,3.4285715,3.6923077,0.018234838,-0.110619344,-0.00049257406
1632,-3.6,4.0,3.6923077,0.02437576,-0.11615109,-0.00055601005
1633,-3.6,0.0,3.0769231,-0.02356774,-0.11199925,0.0007406291
1634,-3.6,0.5714286,3.0769231,-0.018379714,-0.11433396,0.00041861073
1635,-3.6,1.1428572,3.0769231,-0.0071044634,-0.11322078,8.3921645e-05
1636,-3.6,1.7142857,3.0769231,-0.00514148,-0.1158943,-0.0002658758
1637,-3.6,2.2857144,3.0769231,0.0045555364,-0.112313084,-0.0005913362
1638,-3.6,2.857143,3.0769231,0.0068760565,-0.11697029,-0.0009102824
1639,-3.6,3.4285715,3.0769231,0.01824419,-0.11082094,-0.0012654451
1640,-3.6,4.0,3.0769231,0.024389103,-0.11636574,-0.0015920548
1641,-3.6,0.0,2.4615386,-0.023665551,-0.11242932,0.0013683289
1642,-3.6,0.5714286,2.4615386,-0.018479405,-0.11474647,0.00084956863
1643,-3.6,1.1428572,2.4615386,-0.0071348343,-0.11364209,0.00028834646
1644,-3.6,1.7142857,2.4615386,-0.0051962556,-0.116314724,-0.00028834157
1645,-3.6,2.2857144,2.4615386,0.004549802,-0.11269542,-0.0008428348
1646,-3.6,2.857143,2.4615386,0.006861519,-0.1174217,-0.001399775
1647,-3.6,3.4285715,2.4615386,0.018256856,-0.11115865,-0.0018445621
1648,-3.6,4.0,2.4615386,0.02438584,-0.11677351,-0.0022576835
1649,-3.6,0.0,1.8461539,-0.023768516,-0.113073945,0.0021696473
1650,-3.6,0.5714286,1.8461539,-0.018608892,-0.11547714,0.0013286875
1651,-3.6,1.1428572,1.8461539,-0.007161791,-0.114234924,0.00051885954
1652,-3.6,1.7142857,1.8461539,-0.0052785845,-0.11700853,-0.0002725314
1653,-3.6,2.2857144,1.8461539,0.004565911,-0.113293566,-0.0010902312
1654,-3.6,2.857143,1.8461539,0.0067822905,-0.11807046,-0.0017915851
1655,-3.6,3.4285715,1.8461539,0.018313995,-0.11177371,-0.002590503
1656,-3.6,4.0,1.8461539,0.024427233,-0.11747958,-0.003408763
1657,-3.6,0.0,1.2307693,-0.023925921,-0.11403913,0.0027884848
1658,-3.6,0.5714286,1.2307693,-0.018702716,-0.116362095,0.0018733712
1659,-3.6,1.1428572,1.2307693,-0.007193365,-0.11519981,0.00082694757
1660,-3.6,1.7142857,1.2307693,-0.0053387145,-0.11788928,-0.0002775316
1661,-3.6,2.2857144,1.2307693,0.0044873767,-0.11415838,-0.0012055184
1662,-3.6,2.857143,1.2307693,0.006713781,-0.11900127,-0.0022881376
1663,-3.6,3.4285715,1.2307693,0.018214475,-0.112551466,-0.0031037081
1664,-3.6,4.0,1.2307693,0.024368422,-0.118289925,-0.0037561562
1665,-3.6,0.0,0.61538464,-0.024243068,-0.11548488,0.0039852816
1666,-3.6,0.5714286,0.61538464,-0.018448858,-0.11748344,0.0023957165
1667,-3.6,1.1428572,0.61538464,-0.00743762,-0.116538554,0.0010935594
1668,-3.6,1.7142857,0.61538464,-0.005201292,-0.11888254,-8.402765e-05
1669,-3.6,2.2857144,0.61538464,0.0040984075,-0.11556821,-0.001501508
1670,-3.6,2.857143,0.61538464,0.0066247503,-0.11978014,-0.0024913757
1671,-3.6,3.4285715,0.61538464,0.017732313,-0.11399896,-0.003763039
1672,-3.6,4.0,0.61538464,0.024398653,-0.11914506,-0.005325844
1673,-3.6,0.0,0.0,-0.02421217,-0.11701947,0.004171431
1674,-3.6,0.5714286,0.0,-0.018041205,-0.11901393,0.003100582
1675,-3.6,1.1428572,0.0,-0.007575203,-0.11813313,0.0015609253
1676,-3.6,1.7142857,0.0,-0.005142628,-0.1202093,-0.0002643332
1677,-3.6,2.2857144,0.0,0.0035667734,-0.11719627,-0.0012946447
1678,-3.6,2.857143,0.0,0.006371528,-0.12085556,-0.0031595104
1679,-3.6,3.4285715,0.0,0.016885865,-0.11568401,-0.0043384214
1680,-3.6,4.0,0.0,0.023876993,-0.11990899,-0.0048350636
1681,-3.0,0.0,8.0,-0.024658626,-0.1299696,-0.0060128896
1682,-3.0,0.5714286,8.0,-0.012020206,-0.12929553,-0.0036400307
1683,-3.0,1.1428572,8.0,-0.010028093,-0.13144335,-0.0018490459
1684,-3.0,1.7142857,8.0,-0.0010896729,-0.1291731,-0.00033558768
1685,-3.0,2.2857144,8.0,-0.0005234942,-0.13274996,0.0018088839
1686,-3.0,2.857143,8.0,0.008513092,-0.12749495,0.0029203661
1687,-3.0,3.4285715,8.0,0.01144747,-0.13299584,0.0047159083
1688,-3.0,4.0,8.0,0.024195168,-0.1260298,0.0070402585
1689,-3.0,0.0,7.3846154,-0.025105407,-0.12814283,-0.0043659434
1690,-3.0,0.5714286,7.3846154,-0.011975241,-0.12746595,-0.0031139457
1691,-3.0,1.1428572,7.3846154,-0.010209657,-0.12980375,-0.0015894248
1692,-3.0,1.7142857,7.3846154,-0.0006620824,-0.12730119,4.244359e-06
1693,-3.0,2.2857144,7.3846154,-0.00034310413,-0.13137981,0.0012798383
1694,-3.0,2.857143,7.3846154,0.009360392,-0.12558886,0.002853845
1695,-3.0,3.4285715,7.3846154,0.011895357,-0.13199793,0.003979988
1696,-3.0,4.0,7.3846154,0.0250986,-0.12386737,0.004793598
1697,-3.0,0.0,6.769231,-0.025238905,-0.12687358,-0.003735736
1698,-3.0,0.5714286,6.769231,-0.011739955,-0.12594143,-0.002432612
1699,-3.0,1.1428572,6.769231,-0.010492002,-0.12856792,-0.0011942732
1700,-3.0,1.7142857,6.769231,-0.00030709984,-0.12575512,-3.6607416e-05
1701,-3.0,2.2857144,6.769231,-0.00043741753,-0.1303825,0.0012284647
1702,-3.0,2.857143,6.769231,0.0098428745,-0.12390275,0.0022353588
1703,-3.0,3.4285715,6.769231,0.012009084,-0.13121781,0.0034085265
1704,-3.0,4.0,6.769231,0.025590044,-0.12239593,0.0046259975
1705,-3.0,0.0,6.1538463,-0.025150612,-0.12582162,-0.0026713447
1706,-3.0,0.5714286,6.1538463,-0.011717135,-0.12485131,-0.0018609314
1707,-3.0,1.1428572,6.1538463,-0.01045648,-0.12758496,-0.00093477324
1708,-3.0,1.7142857,6.1538463,-0.00033476597,-0.12473407,2.2655162e-05
1709,-3.0,2.2857144,6.1538463,-0.00039315244,-0.12936802,0.0009130408
1710,-3.0,2.857143,6.1538463,0.0098758,-0.12301516,0.0018274045
1711,-3.0,3.4285715,6.1538463,0.012008809,-0.13013108,0.0025579846
1712,-3.0,4.0,6.1538463,0.02553239,-0.12142219,0.00322895
1713,-3.0,0.0,5.5384617,-0.024986466,-0.1250355,-0.001954511
1714,-3.0,0.5714286,5.5384617,-0.011714311,-0.12418417,-0.0013435573
1715,-3.0,1.1428572,5.5384617,-0.010405038,-0.12681329,-0.00067834236
1716,-3.0,1.7142857,5.5384617,-0.0003692837,-0.12408403,-2.608677e-05
1717,-3.0,2.2857144,5.5384617,-0.00037275392,-0.1286306,0.0006367338
1718,-3.0,2.857143,5.5384617,0.009791049,-0.12234402,0.0012353134
1719,-3.0,3.4285715,5.5384617,0.012035527,-0.12944454,0.0018827363
1720,-3.0,4.0,5.5384617,0.025418716,-0.12085219,0.0024515656
1721,-3.0,0.0,4.923077,-0.024927929,-0.124561824,-0.0011925452
1722,-3.0,0.5714286,4.923077,-0.011700388,-0.12372069,-0.0008585913
1723,-3.0,1.1428572,4.923077,-0.010369548,-0.12636879,-0.00048013031
1724,-3.0,1.7142857,4.923077,-0.0004055474,-0.12365381,-8.7681634e-05
1725,-3.0,2.2857144,4.923077,-0.0003706576,-0.1281645,0.00031013435
1726,-3.0,2.857143,4.923077,0.00974107,-0.12196426,0.0006831177
1727,-3.0,3.4285715,4.923077,0.011990786,-0.12893052,0.000973991
1728,-3.0,4.0,4.923077,0.025336755,-0.120440476,0.0012576287
1729,-3.0,0.0,4.3076925,-0.024891999,-0.12432691,-0.0005435872
1730,-3.0,0.5714286,4.3076925,-0.011699269,-0.12351599,-0.00043124013
1731,-3.0,1.1428572,4.3076925,-0.010368356,-0.12614216,-0.00029671384
1732,-3.0,1.7142857,4.3076925,-0.00042246585,-0.123453066,-0.00016279807
1733,-3.0,2.2857144,4.3076925,-0.0003894613,-0.12794803,-4.140725e-05
1734,-3.0,2.857143,4.3076925,0.009700838,-0.121755734,8.271467e-05
1735,-3.0,3.4285715,4.3076925,0.011971349,-0.12873161,0.00024840777
1736,-3.0,4.0,4.3076925,0.025289793,-0.12025725,0.00036279234
1737,-3.0,0.0,3.6923077,-0.02490985,-0.124326766,0.00012328631
1738,-3.0,0.5714286,3.6923077,-0.011717011,-0.123515934,1.15703215e-05
1739,-3.0,1.1428572,3.6923077,-0.010386126,-0.12614195,-0.00012400886
1740,-3.0,1.7142857,3.6923077,-0.00044017943,-0.12345299,-0.0002573432
1741,-3.0,2.2857144,3.6923077,-0.0004072835,-0.12794785,-0.000379574
1742,-3.0,2.857143,3.6923077,0.009683123,-0.121755585,-0.0005032306
1743,-3.0,3.4285715,3.6923077,0.011953495,-0.12873149,-0.0006697024
1744,-3.0,4.0,3.6923077,0.025271954,-0.12025716,-0.0007837687
1745,-3.0,0.0,3.0769231,-0.024981022,-0.12456128,0.0007729408
1746,-3.0,0.5714286,3.0769231,-0.011753516,-0.1237205,0.0004383907
1747,-3.0,1.1428572,3.0769231,-0.010422824,-0.12636822,5.9877708e-05
1748,-3.0,1.7142857,3.0769231,-0.00045880172,-0.12365354,-0.00033285766
1749,-3.0,2.2857144,3.0769231,-0.00042397418,-0.128164,-0.00073073956
1750,-3.0,2.857143,3.0769231,0.009687745,-0.121963836,-0.0011039482
1751,-3.0,3.4285715,3.0769231,0.0119374,-0.12893009,-0.0013949714
1752,-3.0,4.0,3.0769231,0.025283335,-0.120439954,-0.0016789404
1753,-3.0,0.0,2.4615386,-0.025075179,-0.1250345,0.0015347567
1754,-3.0,0.5714286,2.4615386,-0.0118030375,-0.12418393,0.0009232975
1755,-3.0,1.1428572,2.4615386,-0.010493746,-0.12681232,0.00025822953
1756,-3.0,1.7142857,2.4615386,-0.00045809665,-0.12408363,-0.00039458412
1757,-3.0,2.2857144,2.4615386,-0.00046158634,-0.12862976,-0.0010571578
1758,-3.0,2.857143,2.4615386,0.009702152,-0.12234331,-0.0016562825
1759,-3.0,3.4285715,2.4615386,0.011946572,-0.12944394,-0.0023035181
1760,-3.0,4.0,2.4615386,0.025329472,-0.120851435,-0.002872959
1761,-3.0,0.0,1.8461539,-0.025274597,-0.12582034,0.0022518272
1762,-3.0,0.5714286,1.8461539,-0.011841222,-0.12485095,0.0014407275
1763,-3.0,1.1428572,1.8461539,-0.010580747,-0.12758365,0.00051458867
1764,-3.0,1.7142857,1.8461539,-0.00045906912,-0.1247335,-0.0004432206
1765,-3.0,2.2857144,1.8461539,-0.0005175492,-0.1293669,-0.0013335117
1766,-3.0,2.857143,1.8461539,0.00975135,-0.1230142,-0.0022482574
1767,-3.0,3.4285715,1.8461539,0.011884231,-0.13013022,-0.0029788255
1768,-3.0,4.0,1.8461539,0.025407648,-0.12142102,-0.0036503817
1769,-3.0,0.0,1.2307693,-0.025398523,-0.12687194,0.0033160201
1770,-3.0,0.5714286,1.2307693,-0.011899644,-0.12594096,0.0020123457
1771,-3.0,1.1428572,1.2307693,-0.010651704,-0.12856631,0.0007741821
1772,-3.0,1.7142857,1.2307693,-0.0004669792,-0.12575436,-0.00038400516
1773,-3.0,2.2857144,1.2307693,-0.0005973197,-0.13038118,-0.0016488412
1774,-3.0,2.857143,1.2307693,0.009682805,-0.12390146,-0.0026562242
1775,-3.0,3.4285715,1.2307693,0.011848964,-0.13121694,-0.0038292801
1776,-3.0,4.0,1.2307693,0.0254294,-0.12239455,-0.005047264
1777,-3.0,0.0,0.61538464,-0.02529993,-0.12814079,0.0039464133
1778,-3.0,0.5714286,0.61538464,-0.012170674,-0.12746558,0.0026937595
1779,-3.0,1.1428572,0.61538464,-0.010404539,-0.12980166,0.001169259
1780,-3.0,1.7142857,0.61538464,-0.0008578472,-0.12730053,-0.00042477067
1781,-3.0,2.2857144,0.61538464,-0.00053815945,-0.13137798,-0.0017002297
1782,-3.0,2.857143,0.61538464,0.009164386,-0.12558773,-0.0032746247
1783,-3.0,3.4285715,0.61538464,0.011700018,-0.13199641,-0.004400713
1784,-3.0,4.0,0.61538464,0.024902148,-0.123866014,-0.0052150814
1785,-3.0,0.0,0.0,-0.024888536,-0.12996708,0.005593167
1786,-3.0,0.5714286,0.0,-0.012251516,-0.12929517,0.0032197188
1787,-3.0,1.1428572,0.0,-0.010258159,-0.13144085,0.0014289529
1788,-3.0,1.7142857,0.0,-0.0013212267,-0.12917253,-8.492763e-05
1789,-3.0,2.2857144,0.0,-0.00075377873,-0.13274762,-0.0022292547
1790,-3.0,2.857143,0.0,0.0082813185,-0.127494,-0.0033410194
1791,-3.0,3.4285715,0.0,0.011216927,-0.13299373,-0.0051366617
1792,-3.0,4.0,0.0,0.023962725,-0.12602894,-0.007461377
1793,-2.4,0.0,8.0,-0.016835693,-0.13875234,-0.0056518726
1794,-2.4,0.5714286,8.0,-0.013967849,-0.14113057,-0.004045228
1795,-2.4,1.1428572,8.0,-0.0045116283,-0.13984177,-0.0018583423
1796,-2.4,1.7142857,8.0,-0.005161524,-0.14300205,0.00034444116
1797,-2.4,2.2857144,8.0,0.0030208668,-0.1387469,0.0019344863
1798,-2.4,2.857143,8.0,0.002644779,-0.14454433,0.0042755594
1799,-2.4,3.4285715,8.0,0.01273671,-0.13638173,0.005620116
1800,-2.4,4.0,8.0,0.016983984,-0.14384708,0.0063612564
1801,-2.4,0.0,7.3846154,-0.016663516,-0.13667642,-0.0051328395
1802,-2.4,0.5714286,7.3846154,-0.014306812,-0.13915193,-0.0031759557
1803,-2.4,1.1428572,7.3846154,-0.004154411,-0.13770643,-0.0014454272
1804,-2.4,1.7142857,7.3846154,-0.005045547,-0.14127132,0.0002246786
1805,-2.4,2.2857144,7.3846154,0.003824966,-0.13660078,0.002008982
1806,-2.4,2.857143,7.3846154,0.0031011663,-0.14322741,0.0033837415
1807,-2.4,3.4285715,7.3846154,0.013977587,-0.13412379,0.004988854
1808,-2.4,4.0,7.3846154,0.017626666,-0.14328162,0.0067357966
1809,-2.4,0.0,6.769231,-0.016341632,-0.13495682,-0.003756283
1810,-2.4,0.5714286,6.769231,-0.0145943565,-0.13769644,-0.002542858
1811,-2.4,1.1428572,6.769231,-0.0038515446,-0.1360249,-0.001147459
1812,-2.4,1.7142857,6.769231,-0.0052826568,-0.1399963,0.0003093704
1813,-2.4,2.2857144,6.769231,0.0042965473,-0.13479605,0.0016180687
1814,-2.4,2.857143,6.769231,0.0030854654,-0.14232147,0.002975123
1815,-2.4,3.4285715,6.769231,0.014486365,-0.13213947,0.004031516
1816,-2.4,4.0,6.769231,0.01767016,-0.14229186,0.0050062896
1817,-2.4,0.0,6.1538463,-0.016228197,-0.13377325,-0.0029443852
1818,-2.4,0.5714286,6.1538463,-0.0145397,-0.13661152,-0.001913885
1819,-2.4,1.1428572,6.1538463,-0.003893687,-0.13488649,-0.00085903436
1820,-2.4,1.7142857,6.1538463,-0.0052411123,-0.13892181,0.0002267226
1821,-2.4,2.2857144,6.1538463,0.004231558,-0.13375643,0.0012933661
1822,-2.4,2.857143,6.1538463,0.0031058474,-0.14114381,0.0022686736
1823,-2.4,3.4285715,6.1538463,0.014503742,-0.13127375,0.0032535398
1824,-2.4,4.0,6.1538463,0.017598022,-0.14125963,0.004155234
1825,-2.4,0.0,5.5384617,-0.016243616,-0.13302186,-0.0019901204
1826,-2.4,0.5714286,5.5384617,-0.014460624,-0.13579687,-0.0013681261
1827,-2.4,1.1428572,5.5384617,-0.003918825,-0.13419369,-0.00064690347
1828,-2.4,1.7142857,5.5384617,-0.005228368,-0.13813326,0.00013295098
1829,-2.4,2.2857144,5.5384617,0.0041810125,-0.13307057,0.00088033517
1830,-2.4,2.857143,5.5384617,0.0030991775,-0.14039524,0.0016043172
1831,-2.4,3.4285715,5.5384617,0.014359664,-0.13054402,0.0021856644
1832,-2.4,4.0,5.5384617,0.017613757,-0.14041562,0.0027392032
1833,-2.4,0.0,4.923077,-0.016196704,-0.13253257,-0.0012834747
1834,-2.4,0.5714286,4.923077,-0.014419337,-0.13533255,-0.000892258
1835,-2.4,1.1428572,4.923077,-0.0039457968,-0.1337401,-0.00045955656
1836,-2.4,1.7142857,4.923077,-0.005212498,-0.13767025,4.178034e-06
1837,-2.4,2.2857144,4.923077,0.0041093836,-0.13265875,0.00044234024
1838,-2.4,2.857143,4.923077,0.0030798605,-0.1398891,0.0008711505
1839,-2.4,3.4285715,4.923077,0.01431735,-0.13020271,0.0013019878
1840,-2.4,4.0,4.923077,0.01755268,-0.13994257,0.0016454643
1841,-2.4,0.0,4.3076925,-0.016209478,-0.13230889,-0.0005478761
1842,-2.4,0.5714286,4.3076925,-0.01440814,-0.13509972,-0.00043848396
1843,-2.4,1.1428572,4.3076925,-0.003956535,-0.13353619,-0.00030195268
1844,-2.4,1.7142857,4.3076925,-0.0052289334,-0.13744897,-0.00015417473
1845,-2.4,2.2857144,4.3076925,0.0040828288,-0.13245675,5.3617987e-06
1846,-2.4,2.857143,4.3076925,0.003047593,-0.1396822,0.00014416898
1847,-2.4,3.4285715,4.3076925,0.014256962,-0.12998775,0.00022243429
1848,-2.4,4.0,4.3076925,0.017541336,-0.13970906,0.00031882577
1849,-2.4,0.0,3.6923077,-0.016226998,-0.13230874,9.386258e-05
1850,-2.4,0.5714286,3.6923077,-0.014425898,-0.13509955,-1.7047661e-05
1851,-2.4,1.1428572,3.6923077,-0.0039742277,-0.13353612,-0.00015257542
1852,-2.4,1.7142857,3.6923077,-0.0052467734,-0.13744876,-0.00030152555
1853,-2.4,2.2857144,3.6923077,0.004065154,-0.1324566,-0.00046025863
1854,-2.4,2.857143,3.6923077,0.0030297118,-0.13968204,-0.0005999453
1855,-2.4,3.4285715,3.6923077,0.014239289,-0.12998748,-0.00067759503
1856,-2.4,4.0,3.6923077,0.017523473,-0.13970883,-0.00077485945
1857,-2.4,0.0,3.0769231,-0.016249979,-0.13253231,0.0008284882
1858,-2.4,0.5714286,3.0769231,-0.014472656,-0.13533199,0.0004374988
1859,-2.4,1.1428572,3.0769231,-0.003998972,-0.1337398,4.4001877e-06
1860,-2.4,1.7142857,3.0769231,-0.005265839,-0.13766968,-0.00045932032
1861,-2.4,2.2857144,3.0769231,0.0040561254,-0.13265829,-0.0008976816
1862,-2.4,2.857143,3.0769231,0.0030264948,-0.1398886,-0.0013264916
1863,-2.4,3.4285715,3.0769231,0.014264036,-0.13020205,-0.0017574982
1864,-2.4,4.0,3.0769231,0.01749911,-0.13994221,-0.0021010851
1865,-2.4,0.0,2.4615386,-0.016332084,-0.13302155,0.0015354358
1866,-2.4,0.5714286,2.4615386,-0.014549313,-0.13579588,0.0009134089
1867,-2.4,1.1428572,2.4615386,-0.004007576,-0.13419324,0.00019163349
1868,-2.4,1.7142857,2.4615386,-0.005317196,-0.13813229,-0.000587896
1869,-2.4,2.2857144,2.4615386,0.004092192,-0.13306984,-0.0013358187
1870,-2.4,2.857143,2.4615386,0.0030102504,-0.14039443,-0.0020594175
1871,-2.4,3.4285715,2.4615386,0.014270781,-0.13054283,-0.0026413433
1872,-2.4,4.0,2.4615386,0.017524682,-0.14041492,-0.0031946867
1873,-2.4,0.0,1.8461539,-0.016352395,-0.13377273,0.002489429
1874,-2.4,0.5714286,1.8461539,-0.014664017,-0.1366102,0.0014591274
1875,-2.4,1.1428572,1.8461539,-0.004017851,-0.13488585,0.00040389903
1876,-2.4,1.7142857,1.8461539,-0.0053655407,-0.13892053,-0.00068174873
1877,-2.4,2.2857144,1.8461539,0.004107248,-0.13375543,-0.0017486823
1878,-2.4,2.857143,1.8461539,0.002981308,-0.14114276,-0.0027238263
1879,-2.4,3.4285715,1.8461539,0.0143793225,-0.13127221,-0.0037090287
1880,-2.4,4.0,1.8461539,0.017473096,-0.14125891,-0.0046106516
1881,-2.4,0.0,1.2307693,-0.016500965,-0.13495621,0.0033016
1882,-2.4,0.5714286,1.2307693,-0.014754075,-0.13769482,0.0020881805
1883,-2.4,1.1428572,1.2307693,-0.0040112683,-0.13602407,0.00069223094
1884,-2.4,1.7142857,1.2307693,-0.0054425886,-0.1399948,-0.0007642447
1885,-2.4,2.2857144,1.2307693,0.0041366676,-0.1347947,-0.0020734197
1886,-2.4,2.857143,1.2307693,0.002925346,-0.14232033,-0.003430112
1887,-2.4,3.4285715,1.2307693,0.014326285,-0.13213734,-0.0044870237
1888,-2.4,4.0,1.2307693,0.017509755,-0.14229093,-0.0054618446
1889,-2.4,0.0,0.61538464,-0.016858937,-0.13667569,0.0046778894
1890,-2.4,0.5714286,0.61538464,-0.014501778,-0.13914989,0.002721198
1891,-2.4,1.1428572,0.61538464,-0.0043499367,-0.13770561,0.000990317
1892,-2.4,1.7142857,0.61538464,-0.005240686,-0.14126933,-0.00067959237
1893,-2.4,2.2857144,0.61538464,0.0036291722,-0.1365995,-0.0024641848
1894,-2.4,2.857143,0.61538464,0.002905854,-0.14322565,-0.0038387356
1895,-2.4,3.4285715,0.61538464,0.013781559,-0.13412192,-0.0054442664
1896,-2.4,4.0,0.61538464,0.017430782,-0.14328021,-0.007190963
1897,-2.4,0.0,0.0,-0.017066583,-0.13875169,0.0051971707
1898,-2.4,0.5714286,0.0,-0.014197875,-0.1411281,0.0035905556
1899,-2.4,1.1428572,0.0,-0.004743019,-0.13984095,0.0014031623
1900,-2.4,1.7142857,0.0,-0.0053918133,-0.14299954,-0.0007992336
1901,-2.4,2.2857144,0.0,0.0027892583,-0.13874577,-0.00238964
1902,-2.4,2.857143,0.0,0.0024142805,-0.14454189,-0.004730503
1903,-2.4,3.4285715,0.0,0.012504847,-0.13638017,-0.0060753156
1904,-2.4,4.0,0.0,0.016753102,-0.14384459,-0.006816836
1905,-1.8,0.0,8.0,-0.017184155,-0.14872073,-0.0067842645
1906,-1.8,0.5714286,8.0,-0.0067638443,-0.14862008,-0.003889795
1907,-1.8,1.1428572,8.0,-0.0077400864,-0.15128846,-0.0016139533
1908,-1.8,1.7142857,8.0,-9.6539625e-05,-0.14873707,0.00080296816
1909,-1.8,2.2857144,8.0,-0.0023708455,-0.15392342,0.003271263
1910,-1.8,2.857143,8.0,0.0054559084,-0.14673276,0.004844576
1911,-1.8,3.4285715,8.0,0.005372415,-0.15576613,0.007211994
1912,-1.8,4.0,8.0,0.017330281,-0.14413252,0.009585045
1913,-1.8,0.0,7.3846154,-0.01756154,-0.14641687,-0.005042228
1914,-1.8,0.5714286,7.3846154,-0.006552231,-0.14623311,-0.0032905852
1915,-1.8,1.1428572,7.3846154,-0.0077577187,-0.14914265,-0.0012468051
1916,-1.8,1.7142857,7.3846154,0.00056730595,-0.14625797,0.0008302325
1917,-1.8,2.2857144,7.3846154,-0.0018619173,-0.1521666,0.0027152242
1918,-1.8,2.857143,7.3846154,0.0066770394,-0.14430161,0.004604112
1919,-1.8,3.4285715,7.3846154,0.006088125,-0.15474243,0.0059664613
1920,-1.8,4.0,7.3846154,0.01890239,-0.14111756,0.0072596865
1921,-1.8,0.0,6.769231,-0.017647786,-0.14474751,-0.0040824455
1922,-1.8,0.5714286,6.769231,-0.006288538,-0.14443088,-0.0025418417
1923,-1.8,1.1428572,6.769231,-0.008067416,-0.14763366,-0.0009382897
1924,-1.8,1.7142857,6.769231,0.0009383704,-0.14439636,0.00068263337
1925,-1.8,2.2857144,6.769231,-0.0021365758,-0.15091507,0.0023240445
1926,-1.8,2.857143,6.769231,0.007203202,-0.14213876,0.0037524682
1927,-1.8,3.4285715,6.769231,0.0061644283,-0.15401159,0.0051693674
1928,-1.8,4.0,6.769231,0.019239223,-0.13916655,0.0064048395
1929,-1.8,0.0,6.1538463,-0.017641345,-0.14356673,-0.002886477
1930,-1.8,0.5714286,6.1538463,-0.0062821433,-0.14321768,-0.0019260633
1931,-1.8,1.1428572,6.1538463,-0.008031269,-0.14651045,-0.0007197726
1932,-1.8,1.7142857,6.1538463,0.0008532951,-0.14325988,0.0005309271
1933,-1.8,2.2857144,6.1538463,-0.0020743257,-0.14978023,0.0017803755
1934,-1.8,2.857143,6.1538463,0.007041498,-0.14114474,0.0029274093
1935,-1.8,3.4285715,6.1538463,0.006052204,-0.1526369,0.0038916764
1936,-1.8,4.0,6.1538463,0.019281618,-0.13813032,0.004775382
1937,-1.8,0.0,5.5384617,-0.017501581,-0.14271896,-0.002083899
1938,-1.8,0.5714286,5.5384617,-0.006306395,-0.14248507,-0.0013799233
1939,-1.8,1.1428572,5.5384617,-0.00800837,-0.14571218,-0.00053424155
1940,-1.8,1.7142857,5.5384617,0.00081230036,-0.14258094,0.00033236953
1941,-1.8,2.2857144,5.5384617,-0.0021126869,-0.14901833,0.0012201975
1942,-1.8,2.857143,5.5384617,0.006980504,-0.140471,0.0020135292
1943,-1.8,3.4285715,5.5384617,0.0060850796,-0.15191966,0.0027969894
1944,-1.8,4.0,5.5384617,0.019040069,-0.13754939,0.0033683148
1945,-1.8,0.0,4.923077,-0.017507162,-0.14223522,-0.0012454883
1946,-1.8,0.5714286,4.923077,-0.00630601,-0.14202479,-0.00088754145
1947,-1.8,1.1428572,4.923077,-0.007990389,-0.14526027,-0.00040751963
1948,-1.8,1.7142857,4.923077,0.00075282913,-0.14216642,0.00011144419
1949,-1.8,2.2857144,4.923077,-0.0021089572,-0.1485679,0.00064218644
1950,-1.8,2.857143,4.923077,0.0068629184,-0.14012583,0.0011260838
1951,-1.8,3.4285715,4.923077,0.0060171597,-0.15139987,0.0014934237
1952,-1.8,4.0,4.923077,0.01911024,-0.13719088,0.0018041641
1953,-1.8,0.0,4.3076925,-0.017481249,-0.14199719,-0.0006019225
1954,-1.8,0.5714286,4.3076925,-0.006317501,-0.14181851,-0.00046095185
1955,-1.8,1.1428572,4.3076925,-0.007998708,-0.14504537,-0.00029297327
1956,-1.8,1.7142857,4.3076925,0.00073233637,-0.14197734,-0.00012232776
1957,-1.8,2.2857144,4.3076925,-0.0021442615,-0.14836936,4.8329035e-05
1958,-1.8,2.857143,4.3076925,0.006831262,-0.13994136,0.00020158924
1959,-1.8,3.4285715,4.3076925,0.0059977686,-0.15121093,0.0003900053
1960,-1.8,4.0,4.3076925,0.019008985,-0.13701391,0.0005103679
1961,-1.8,0.0,3.6923077,-0.017499294,-0.14199713,0.0001113508
1962,-1.8,0.5714286,3.6923077,-0.0063351816,-0.1418184,-2.785534e-05
1963,-1.8,1.1428572,3.6923077,-0.008016547,-0.14504518,-0.00019761782
1964,-1.8,1.7142857,3.6923077,0.00071468245,-0.1419772,-0.00036694575
1965,-1.8,2.2857144,3.6923077,-0.0021621713,-0.14836915,-0.00053891324
1966,-1.8,2.857143,3.6923077,0.0068136435,-0.13994107,-0.00069118245
1967,-1.8,3.4285715,3.6923077,0.005979827,-0.15121083,-0.0008804882
1968,-1.8,4.0,3.6923077,0.01899129,-0.13701363,-0.0010000201
1969,-1.8,0.0,3.0769231,-0.017560216,-0.14223468,0.0007563756
1970,-1.8,0.5714286,3.0769231,-0.0063591525,-0.14202449,0.00039763132
1971,-1.8,1.1428572,3.0769231,-0.008043732,-0.14525972,-8.216647e-05
1972,-1.8,1.7142857,3.0769231,0.0006996075,-0.14216599,-0.0006014226
1973,-1.8,2.2857144,3.0769231,-0.0021623785,-0.14856726,-0.0011321409
1974,-1.8,2.857143,3.0769231,0.0068097054,-0.14012507,-0.0016161456
1975,-1.8,3.4285715,3.0769231,0.0059637623,-0.15139933,-0.0019834186
1976,-1.8,4.0,3.0769231,0.019056903,-0.13718975,-0.0022942678
1977,-1.8,0.0,2.4615386,-0.017590545,-0.14271797,0.001594293
1978,-1.8,0.5714286,2.4615386,-0.0063951686,-0.14248464,0.00089007535
1979,-1.8,1.1428572,2.4615386,-0.00809712,-0.14571124,4.4686047e-05
1980,-1.8,1.7142857,2.4615386,0.00072346744,-0.14258027,-0.0008224815
1981,-1.8,2.2857144,2.4615386,-0.002201628,-0.14901726,-0.0017098911
1982,-1.8,2.857143,2.4615386,0.006891741,-0.14046973,-0.0025037234
1983,-1.8,3.4285715,2.4615386,0.005996098,-0.15191898,-0.0032866693
1984,-1.8,4.0,2.4615386,0.018950995,-0.13754772,-0.0038585356
1985,-1.8,0.0,1.8461539,-0.017765367,-0.14356552,0.0023972825
1986,-1.8,0.5714286,1.8461539,-0.00640629,-0.14321704,0.001436261
1987,-1.8,1.1428572,1.8461539,-0.008155662,-0.14650919,0.00023010375
1988,-1.8,1.7142857,1.8461539,0.0007290417,-0.14325897,-0.0010208332
1989,-1.8,2.2857144,1.8461539,-0.0021989555,-0.1497788,-0.002270126
1990,-1.8,2.857143,1.8461539,0.006917287,-0.14114308,-0.0034173469
1991,-1.8,3.4285715,1.8461539,0.005927537,-0.15263596,-0.0043814178
1992,-1.8,4.0,1.8461539,0.01915714,-0.13812777,-0.0052655092
1993,-1.8,0.0,1.2307693,-0.017807787,-0.1447459,0.0035929286
1994,-1.8,0.5714286,1.2307693,-0.00644825,-0.14443006,0.0020519784
1995,-1.8,1.1428572,1.2307693,-0.008227257,-0.14763217,0.00044878296
1996,-1.8,1.7142857,1.2307693,0.000778523,-0.1443951,-0.0011726199
1997,-1.8,2.2857144,1.2307693,-0.0022967283,-0.15091354,-0.0028135537
1998,-1.8,2.857143,1.2307693,0.007043388,-0.14213651,-0.004242402
1999,-1.8,3.4285715,1.2307693,0.0060041426,-0.15401076,-0.005658845
2000,-1.8,4.0,1.2307693,0.019078825,-0.13916355,-0.0068946835
2001,-1.8,0.0,0.61538464,-0.017756265,-0.14641507,0.0045530517
2002,-1.8,0.5714286,0.61538464,-0.0067476192,-0.1462322,0.002800773
2003,-1.8,1.1428572,0.61538464,-0.0079528745,-0.14914073,0.00075723755
2004,-1.8,1.7142857,0.61538464,0.00037167154,-0.1462567,-0.0013200592
2005,-1.8,2.2857144,0.61538464,-0.002057386,-0.15216453,-0.0032047092
2006,-1.8,2.857143,0.61538464,0.006481282,-0.14429945,-0.0050937845
2007,-1.8,3.4285715,0.61538464,0.0058924933,-0.15474077,-0.006455879
2008,-1.8,4.0,0.61538464,0.018706158,-0.14111455,-0.0077499365
2009,-1.8,0.0,0.0,-0.017414406,-0.14871839,0.0062946486
2010,-1.8,0.5714286,0.0,-0.0069951676,-0.14861915,0.0033999213
2011,-1.8,1.1428572,0.0,-0.0079702595,-0.15128611,0.0011245417
2012,-1.8,1.7142857,0.0,-0.00032814418,-0.14873585,-0.0012927928
2013,-1.8,2.2857144,0.0,-0.002601399,-0.15392067,-0.0037605204
2014,-1.8,2.857143,0.0,0.005224289,-0.1467309,-0.005334115
2015,-1.8,3.4285715,0.0,0.005141722,-0.15576354,-0.0077014635
2016,-1.8,4.0,0.0,0.017097963,-0.1441304,-0.010074476
2017,-1.2,0.0,8.0,-0.008389547,-0.15511464,-0.0065447064
2018,-1.2,0.5714286,8.0,-0.008198679,-0.15692465,-0.004134348
2019,-1.2,1.1428572,8.0,-0.00163978,-0.15610501,-0.001088278
2020,-1.2,1.7142857,8.0,-0.0041650357,-0.16039167,0.0015500343
2021,-1.2,2.2857144,8.0,0.0021887945,-0.1564334,0.00445396
2022,-1.2,2.857143,8.0,-0.0014271035,-0.16515012,0.007233562
2023,-1.2,3.4285715,8.0,0.006676118,-0.15301488,0.008437961
2024,-1.2,4.0,8.0,0.009174206,-0.16642667,0.00991931
2025,-1.2,0.0,7.3846154,-0.008140377,-0.15248778,-0.0054418757
2026,-1.2,0.5714286,7.3846154,-0.008387067,-0.15444745,-0.0031965033
2027,-1.2,1.1428572,7.3846154,-0.0012416296,-0.15339246,-0.00095059135
2028,-1.2,1.7142857,7.3846154,-0.0039033545,-0.15805885,0.0014118045
2029,-1.2,2.2857144,7.3846154,0.003112899,-0.15352154,0.0038323987
2030,-1.2,2.857143,7.3846154,-0.00041398295,-0.16345145,0.005972273
2031,-1.2,3.4285715,7.3846154,0.008552523,-0.15016834,0.007962549
2032,-1.2,4.0,7.3846154,0.009947082,-0.16643876,0.009395101
2033,-1.2,0.0,6.769231,-0.0079299575,-0.1506392,-0.004000809
2034,-1.2,0.5714286,6.769231,-0.008625756,-0.15274273,-0.0025110836
2035,-1.2,1.1428572,6.769231,-0.0009993765,-0.15146533,-0.00072788424
2036,-1.2,1.7142857,6.769231,-0.0042069126,-0.15658334,0.0011717154
2037,-1.2,2.2857144,6.769231,0.003466711,-0.15150599,0.0030681181
2038,-1.2,2.857143,6.769231,-0.0009127873,-0.16235198,0.0048891003
2039,-1.2,3.4285715,6.769231,0.00884711,-0.14741051,0.006321471
2040,-1.2,4.0,6.769231,0.010210195,-0.16559832,0.00783204
2041,-1.2,0.0,6.1538463,-0.00784445,-0.14933191,-0.0030308238
2042,-1.2,0.5714286,6.1538463,-0.008596385,-0.15156005,-0.0018720522
2043,-1.2,1.1428572,6.1538463,-0.0010506038,-0.15028697,-0.00055501226
2044,-1.2,1.7142857,6.1538463,-0.0041710823,-0.15547912,0.00088704034
2045,-1.2,2.2857144,6.1538463,0.0033420785,-0.15046786,0.002311393
2046,-1.2,2.857143,6.1538463,-0.00082384987,-0.16124982,0.0036792567
2047,-1.2,3.4285715,6.1538463,0.008647613,-0.14665423,0.0048895683
2048,-1.2,4.0,6.1538463,0.009646717,-0.16427335,0.0057403157
2049,-1.2,0.0,5.5384617,-0.00790871,-0.14855975,-0.0020143033
2050,-1.2,0.5714286,5.5384617,-0.008558386,-0.15076843,-0.0013259519
2051,-1.2,1.1428572,5.5384617,-0.0010794224,-0.14959712,-0.0004435756
2052,-1.2,1.7142857,5.5384617,-0.004202483,-0.15474302,0.0005795432
2053,-1.2,2.2857144,5.5384617,0.0033075598,-0.14987779,0.001567662
2054,-1.2,2.857143,5.5384617,-0.00094765215,-0.16061126,0.0025563024
2055,-1.2,3.4285715,5.5384617,0.008538894,-0.14613324,0.003242672
2056,-1.2,4.0,5.5384617,0.01015146,-0.1635387,0.0037855867
2057,-1.2,0.0,4.923077,-0.007882825,-0.14807397,-0.001308714
2058,-1.2,0.5714286,4.923077,-0.008545642,-0.15031789,-0.00087869813
2059,-1.2,1.1428572,4.923077,-0.0011136932,-0.14919254,-0.00034229938
2060,-1.2,1.7142857,4.923077,-0.0041992418,-0.1543317,0.00024195669
2061,-1.2,2.2857144,4.923077,0.0032201752,-0.1495544,0.0008405389
2062,-1.2,2.857143,4.923077,-0.0009474949,-0.16023539,0.001380395
2063,-1.2,3.4285715,4.923077,0.008419151,-0.14591153,0.0018815442
2064,-1.2,4.0,4.923077,0.009859726,-0.16306043,0.0022284137
2065,-1.2,0.0,4.3076925,-0.007914691,-0.14786306,-0.0005610425
2066,-1.2,0.5714286,4.3076925,-0.008547532,-0.15011057,-0.0004523655
2067,-1.2,1.1428572,4.3076925,-0.0011294658,-0.14900953,-0.0002943632
2068,-1.2,1.7142857,4.3076925,-0.004225852,-0.15414916,-8.822418e-05
2069,-1.2,2.2857144,4.3076925,0.003198876,-0.14940314,9.828048e-05
2070,-1.2,2.857143,4.3076925,-0.0010039095,-0.16008262,0.00030462467
2071,-1.2,3.4285715,4.3076925,0.00837856,-0.14577328,0.00038299864
2072,-1.2,4.0,4.3076925,0.010004778,-0.16287567,0.0004376612
2073,-1.2,0.0,3.6923077,-0.007931951,-0.14786282,3.823966e-05
2074,-1.2,0.5714286,3.6923077,-0.008565426,-0.15011044,-7.339864e-05
2075,-1.2,1.1428572,3.6923077,-0.0011470725,-0.14900944,-0.00022906305
2076,-1.2,1.7142857,3.6923077,-0.004243793,-0.15414898,-0.0004372745
2077,-1.2,2.2857144,3.6923077,0.0031812652,-0.1494029,-0.00062228326
2078,-1.2,2.857143,3.6923077,-0.0010219003,-0.16008238,-0.00083001377
2079,-1.2,3.4285715,3.6923077,0.008361068,-0.14577271,-0.0009072188
2080,-1.2,4.0,3.6923077,0.009986686,-0.16287547,-0.0009627659
2081,-1.2,0.0,3.0769231,-0.0079364525,-0.14807376,0.0007836955
2082,-1.2,0.5714286,3.0769231,-0.008598871,-0.15031746,0.00035458207
2083,-1.2,1.1428572,3.0769231,-0.0011669645,-0.14919223,-0.0001823727
2084,-1.2,1.7142857,3.0769231,-0.004252594,-0.15433116,-0.00076646206
2085,-1.2,2.2857144,3.0769231,0.0031668572,-0.1495538,-0.001365262
2086,-1.2,2.857143,3.0769231,-0.0010009677,-0.16023448,-0.0019051246
2087,-1.2,3.4285715,3.0769231,0.008366062,-0.14591011,-0.0024062835
2088,-1.2,4.0,3.0769231,0.009806225,-0.16306005,-0.0027529183
2089,-1.2,0.0,2.4615386,-0.007997227,-0.14855948,0.0014901421
2090,-1.2,0.5714286,2.4615386,-0.008647046,-0.15076765,0.00080163236
2091,-1.2,1.1428572,2.4615386,-0.0011683651,-0.14959663,-8.112983e-05
2092,-1.2,1.7142857,2.4615386,-0.0042912452,-0.1547421,-0.0011038552
2093,-1.2,2.2857144,2.4615386,0.0032185516,-0.14987688,-0.0020925044
2094,-1.2,2.857143,2.4615386,-0.0010366838,-0.16060981,-0.003080712
2095,-1.2,3.4285715,2.4615386,0.008450428,-0.14613074,-0.0037675388
2096,-1.2,4.0,2.4615386,0.01006218,-0.16353783,-0.004309839
2097,-1.2,0.0,1.8461539,-0.007969209,-0.14933136,0.0025061036
2098,-1.2,0.5714286,1.8461539,-0.008720594,-0.15155903,0.0013477255
2099,-1.2,1.1428572,1.8461539,-0.0011749775,-0.15028627,3.0481366e-05
2100,-1.2,1.7142857,1.8461539,-0.0042955107,-0.15547787,-0.001411491
2101,-1.2,2.2857144,1.8461539,0.0032176147,-0.15046667,-0.002835958
2102,-1.2,2.857143,1.8461539,-0.0009486551,-0.1612479,-0.004203655
2103,-1.2,3.4285715,1.8461539,0.008523752,-0.14665096,-0.005414007
2104,-1.2,4.0,1.8461539,0.009521642,-0.16427287,-0.0062646037
2105,-1.2,0.0,1.2307693,-0.008089472,-0.15063863,0.0034764844
2106,-1.2,0.5714286,1.2307693,-0.008785423,-0.15274146,0.0019868119
2107,-1.2,1.1428572,1.2307693,-0.0011593805,-0.15146433,0.00020321696
2108,-1.2,1.7142857,1.2307693,-0.00436679,-0.15658198,-0.001695927
2109,-1.2,2.2857144,1.2307693,0.0033065774,-0.15150428,-0.0035927559
2110,-1.2,2.857143,1.2307693,-0.0010731207,-0.16235012,-0.0054130824
2111,-1.2,3.4285715,1.2307693,0.00868763,-0.1474064,-0.006845852
2112,-1.2,4.0,1.2307693,0.010049546,-0.1655976,-0.008356116
2113,-1.2,0.0,0.61538464,-0.008336279,-0.1524869,0.0049171615
2114,-1.2,0.5714286,0.61538464,-0.008582102,-0.1544459,0.0026721938
2115,-1.2,1.1428572,0.61538464,-0.0014372288,-0.15339144,0.0004260558
2116,-1.2,1.7142857,0.61538464,-0.004098707,-0.15805705,-0.0019360393
2117,-1.2,2.2857144,0.61538464,0.0029170355,-0.1535198,-0.004356789
2118,-1.2,2.857143,0.61538464,-0.0006097882,-0.16344902,-0.0064961645
2119,-1.2,3.4285715,0.61538464,0.008356952,-0.1501644,-0.008486419
2120,-1.2,4.0,0.61538464,0.009750634,-0.16643737,-0.009918305
2121,-1.2,0.0,0.0,-0.00862056,-0.1551138,0.006020391
2122,-1.2,0.5714286,0.0,-0.008428666,-0.15692273,0.0036101225
2123,-1.2,1.1428572,0.0,-0.0018714706,-0.15610392,0.00056364737
2124,-1.2,1.7142857,0.0,-0.0043953466,-0.16038936,-0.002073985
2125,-1.2,2.2857144,0.0,0.0019567204,-0.15643182,-0.00497831
2126,-1.2,2.857143,0.0,-0.0016579556,-0.1651465,-0.0077569466
2127,-1.2,3.4285715,0.0,0.006444681,-0.15301153,-0.008961372
2128,-1.2,4.0,0.0,0.008942989,-0.16642353,-0.010443533
2129,-0.6,0.0,8.0,-0.0063467734,-0.15919864,-0.0070193615
2130,-0.6,0.5714286,8.0,-0.0018872583,-0.16031423,-0.0037416215
2131,-0.6,1.1428572,8.0,-0.0031657058,-0.16329274,-0.0011066103
2132,-0.6,1.7142857,8.0,0.00045043655,-0.16167198,0.0025666663
2133,-0.6,2.2857144,8.0,-0.0020417075,-0.16873515,0.0054778317
2134,-0.6,2.857143,8.0,0.0027191502,-0.16360806,0.009316881
2135,-0.6,3.4285715,8.0,-0.0023647803,-0.17943382,0.013188465
2136,-0.6,4.0,8.0,0.008770346,-0.15940087,0.013972944
2137,-0.6,0.0,7.3846154,-0.0065426994,-0.15652771,-0.0053482233
2138,-0.6,0.5714286,7.3846154,-0.001754095,-0.15751432,-0.0032289773
2139,-0.6,1.1428572,7.3846154,-0.003156186,-0.16061734,-0.00064662594
2140,-0.6,1.7142857,7.3846154,0.00084654,-0.15860258,0.0019088547
2141,-0.6,2.2857144,7.3846154,-0.00164706,-0.16620897,0.0047176355
2142,-0.6,2.857143,7.3846154,0.0036251356,-0.16000117,0.007649484
2143,-0.6,3.4285715,7.3846154,-0.000821845,-0.17784368,0.009954074
2144,-0.6,4.0,7.3846154,0.012065725,-0.15527916,0.01290227
2145,-0.6,0.0,6.769231,-0.006567179,-0.15457143,-0.004174078
2146,-0.6,0.5714286,6.769231,-0.0016485752,-0.15553328,-0.0024368633
2147,-0.6,1.1428572,6.769231,-0.0033211142,-0.15899126,-0.00055702694
2148,-0.6,1.7142857,6.769231,0.0009951972,-0.15659268,0.0015722163
2149,-0.6,2.2857144,6.769231,-0.0019327361,-0.16490512,0.0037065872
2150,-0.6,2.857143,6.769231,0.0038232768,-0.15804967,0.005872182
2151,-0.6,3.4285715,6.769231,-0.001754639,-0.17732348,0.007893746
2152,-0.6,4.0,6.769231,0.010767567,-0.15203547,0.009020985
2153,-0.6,0.0,6.1538463,-0.0066127195,-0.15334772,-0.0028785807
2154,-0.6,0.5714286,6.1538463,-0.0016451478,-0.15432733,-0.0018657154
2155,-0.6,1.1428572,6.1538463,-0.0033280419,-0.15783216,-0.00039257636
2156,-0.6,1.7142857,6.1538463,0.00094781676,-0.15552464,0.0011278472
2157,-0.6,2.2857144,6.1538463,-0.001904212,-0.16394088,0.0028097997
2158,-0.6,2.857143,6.1538463,0.003710055,-0.15725394,0.004333898
2159,-0.6,3.4285715,6.1538463,-0.0016476328,-0.17656162,0.0056867264
2160,-0.6,4.0,6.1538463,0.011714829,-0.15194412,0.0062740385
2161,-0.6,0.0,5.5384617,-0.006554427,-0.15252182,-0.0020901167
2162,-0.6,0.5714286,5.5384617,-0.0016768783,-0.1535935,-0.0013067841
2163,-0.6,1.1428572,5.5384617,-0.003330993,-0.15710986,-0.00034060396
2164,-0.6,1.7142857,5.5384617,0.0009172262,-0.15493274,0.0007548894
2165,-0.6,2.2857144,5.5384617,-0.0019750139,-0.16332723,0.0018666089
2166,-0.6,2.857143,5.5384617,0.003693758,-0.15690427,0.0029363038
2167,-0.6,3.4285715,5.5384617,-0.0018661475,-0.17615339,0.0038633377
2168,-0.6,4.0,5.5384617,0.011144525,-0.15188584,0.0043858504
2169,-0.6,0.0,4.923077,-0.0065873098,-0.15206553,-0.0012065363
2170,-0.6,0.5714286,4.923077,-0.0016836524,-0.15318796,-0.0008764342
2171,-0.6,1.1428572,4.923077,-0.0033410366,-0.15669788,-0.0002865666
2172,-0.6,1.7142857,4.923077,0.0008775741,-0.15461016,0.00032509828
2173,-0.6,2.2857144,4.923077,-0.0019797909,-0.16299972,0.0010102584
2174,-0.6,2.857143,4.923077,0.003611478,-0.15672879,0.0016196236
2175,-0.6,3.4285715,4.923077,-0.0018800414,-0.17595308,0.0020712004
2176,-0.6,4.0,4.923077,0.011484348,-0.15188634,0.0021705958
2177,-0.6,0.0,4.3076925,-0.0065845884,-0.15184757,-0.00064781157
2178,-0.6,0.5714286,4.3076925,-0.0017025892,-0.15299852,-0.00045853245
2179,-0.6,1.1428572,4.3076925,-0.0033558363,-0.15652248,-0.00029192702
2180,-0.6,1.7142857,4.3076925,0.0008584504,-0.15446173,-6.401277e-05
2181,-0.6,2.2857144,4.3076925,-0.0020168067,-0.16286755,0.00013966588
2182,-0.6,2.857143,4.3076925,0.0035956968,-0.15664533,0.0003333408
2183,-0.6,3.4285715,4.3076925,-0.0019438541,-0.17585148,0.00053992594
2184,-0.6,4.0,4.3076925,0.011318576,-0.15186515,0.0007372479
2185,-0.6,0.0,3.6923077,-0.006603114,-0.15184772,8.630511e-05
2186,-0.6,0.5714286,3.6923077,-0.0017199653,-0.15299845,-9.853513e-05
2187,-0.6,1.1428572,3.6923077,-0.0033738867,-0.15652247,-0.00026881334
2188,-0.6,1.7142857,3.6923077,0.00084088644,-0.15446156,-0.0004940827
2189,-0.6,2.2857144,3.6923077,-0.0020347903,-0.16286747,-0.0006998714
2190,-0.6,2.857143,3.6923077,0.0035780377,-0.15664497,-0.00089195697
2191,-0.6,3.4285715,3.6923077,-0.0019618215,-0.17585124,-0.0010999821
2192,-0.6,4.0,3.6923077,0.011301207,-0.15186398,-0.0012957795
2193,-0.6,0.0,3.0769231,-0.0066399095,-0.15206526,0.0006485579
2194,-0.6,0.5714286,3.0769231,-0.0017370743,-0.15318786,0.00031684947
2195,-0.6,1.1428572,3.0769231,-0.003394258,-0.1566976,-0.00027236802
2196,-0.6,1.7142857,3.0769231,0.0008241527,-0.1546099,-0.00088447565
2197,-0.6,2.2857144,3.0769231,-0.0020331272,-0.16299918,-0.0015694526
2198,-0.6,2.857143,3.0769231,0.0035579314,-0.15672815,-0.0021789873
2199,-0.6,3.4285715,3.0769231,-0.0019333535,-0.17595178,-0.0026305793
2200,-0.6,4.0,3.0769231,0.011431111,-0.15188292,-0.0027297747
2201,-0.6,0.0,2.4615386,-0.0066436473,-0.15252122,0.0015305412
2202,-0.6,0.5714286,2.4615386,-0.0017658732,-0.15359318,0.0007477047
2203,-0.6,1.1428572,2.4615386,-0.0034195257,-0.15710935,-0.0002184853
2204,-0.6,1.7142857,2.4615386,0.00082794024,-0.15493228,-0.001314256
2205,-0.6,2.2857144,2.4615386,-0.0020636283,-0.16332643,-0.0024256501
2206,-0.6,2.857143,2.4615386,0.0036042433,-0.15690316,-0.0034956892
2207,-0.6,3.4285715,2.4615386,-0.0019548826,-0.17615132,-0.0044225533
2208,-0.6,4.0,2.4615386,0.011056184,-0.15188,-0.0049450435
2209,-0.6,0.0,1.8461539,-0.006736367,-0.153347,0.002319772
2210,-0.6,0.5714286,1.8461539,-0.0017697015,-0.15432683,0.0013064101
2211,-0.6,1.1428572,1.8461539,-0.0034522333,-0.15783139,-0.00016657208
2212,-0.6,1.7142857,1.8461539,0.0008231209,-0.15552405,-0.001687049
2213,-0.6,2.2857144,1.8461539,-0.00202857,-0.1639397,-0.0033689407
2214,-0.6,2.857143,1.8461539,0.0035849814,-0.15725268,-0.004893013
2215,-0.6,3.4285715,1.8461539,-0.0017720107,-0.17655875,-0.0062457253
2216,-0.6,4.0,1.8461539,0.011590689,-0.15193522,-0.006833082
2217,-0.6,0.0,1.2307693,-0.0067272466,-0.15457042,0.0036147072
2218,-0.6,0.5714286,1.2307693,-0.0018087606,-0.1555326,0.0018775886
2219,-0.6,1.1428572,1.2307693,-0.0034805525,-0.15899041,-2.0488221e-06
2220,-0.6,1.7142857,1.2307693,0.0008346091,-0.15659167,-0.0021314896
2221,-0.6,2.2857144,1.2307693,-0.002092385,-0.16490403,-0.0042655175
2222,-0.6,2.857143,1.2307693,0.0036623136,-0.15804763,-0.006431419
2223,-0.6,3.4285715,1.2307693,-0.001914614,-0.17732106,-0.00845193
2224,-0.6,4.0,1.2307693,0.0106081385,-0.1520264,-0.00958002
2225,-0.6,0.0,0.61538464,-0.006737292,-0.15652663,0.004789296
2226,-0.6,0.5714286,0.61538464,-0.0019497314,-0.15751354,0.002669646
2227,-0.6,1.1428572,0.61538464,-0.0033513512,-0.16061614,8.7553104e-05
2228,-0.6,1.7142857,0.61538464,0.0006506507,-0.15860158,-0.0024680581
2229,-0.6,2.2857144,0.61538464,-0.0018426101,-0.1662074,-0.0052764793
2230,-0.6,2.857143,0.61538464,0.0034288117,-0.15999904,-0.008208452
2231,-0.6,3.4285715,0.61538464,-0.0010175759,-0.17784083,-0.010512276
2232,-0.6,4.0,0.61538464,0.011869771,-0.1552701,-0.013460551
2233,-0.6,0.0,0.0,-0.0065772464,-0.15919732,0.0064600124
2234,-0.6,0.5714286,0.0,-0.0021188983,-0.16031337,0.0031822452
2235,-0.6,1.1428572,0.0,-0.003395662,-0.16329129,0.0005477032
2236,-0.6,1.7142857,0.0,0.00021806067,-0.16167098,-0.0031259377
2237,-0.6,2.2857144,0.0,-0.002271991,-0.1687329,-0.0060363035
2238,-0.6,2.857143,0.0,0.0024858413,-0.16360646,-0.009875756
2239,-0.6,3.4285715,0.0,-0.0025954396,-0.17942843,-0.013745778
2240,-0.6,4.0,0.0,0.008538113,-0.15939265,-0.014528143
2241,0.0,0.0,8.0,0.00012289772,-0.16153216,-0.0067933253
2242,0.0,0.5714286,8.0,0.0001225161,-0.16296026,-0.0043046055
2243,0.0,1.1428572,8.0,0.00012321748,-0.16255714,-0.00032776027
2244,0.0,1.7142857,8.0,0.00012265478,-0.16748847,0.0021186043
2245,0.0,2.2857144,8.0,0.00012374307,-0.16500783,0.0067787687
2246,0.0,2.857143,8.0,0.00012279097,-0.1760719,0.0095531605
2247,0.0,3.4285715,8.0,0.00012471825,-0.1699411,0.015379513
2248,0.0,4.0,8.0,0.00012273923,-0.20341507,0.022640582
2249,0.0,0.0,7.3846154,0.00010569957,-0.15883206,-0.0056720427
2250,0.0,0.5714286,7.3846154,0.00010467418,-0.16009538,-0.0029904128
2251,0.0,1.1428572,7.3846154,0.000105511164,-0.1596458,-0.00079555786
2252,0.0,1.7142857,7.3846154,0.00010480156,-0.16468175,0.0023495294
2253,0.0,2.2857144,7.3846154,0.000105791376,-0.1615417,0.0048871418
2254,0.0,2.857143,7.3846154,0.00010488664,-0.1737329,0.008265378
2255,0.0,3.4285715,7.3846154,0.0001062904,-0.16459131,0.011835884
2256,0.0,4.0,7.3846154,0.000103765364,-0.20446925,0.013287688
2257,0.0,0.0,6.769231,8.734857e-05,-0.15677094,-0.003953655
2258,0.0,0.5714286,6.769231,8.714562e-05,-0.15844193,-0.0025594241
2259,0.0,1.1428572,6.769231,8.757971e-05,-0.15754622,-0.00037238048
2260,0.0,1.7142857,6.769231,8.7147564e-05,-0.16323529,0.0015928748
2261,0.0,2.2857144,6.769231,8.791743e-05,-0.15957877,0.0040379455
2262,0.0,2.857143,6.769231,8.70973e-05,-0.17261934,0.0063234395
2263,0.0,3.4285715,6.769231,8.855027e-05,-0.16380155,0.008297442
2264,0.0,4.0,6.769231,8.6436536e-05,-0.20480308,0.009441785
2265,0.0,0.0,6.1538463,7.0214424e-05,-0.15561755,-0.0030932
2266,0.0,0.5714286,6.1538463,6.917109e-05,-0.1571253,-0.0017757484
2267,0.0,1.1428572,6.1538463,6.997789e-05,-0.15647693,-0.0004178191
2268,0.0,1.7142857,6.1538463,6.9229565e-05,-0.16214402,0.0012855106
2269,0.0,2.2857144,6.1538463,7.022085e-05,-0.15862516,0.0029427472
2270,0.0,2.857143,6.1538463,6.91435e-05,-0.17217259,0.0045824586
2271,0.0,3.4285715,6.1538463,7.0844915e-05,-0.16275245,0.006148251
2272,0.0,4.0,6.1538463,6.7968154e-05,-0.20486756,0.0068980292
2273,0.0,0.0,5.5384617,5.1514646e-05,-0.15471393,-0.0019800449
2274,0.0,0.5714286,5.5384617,5.1910658e-05,-0.15646331,-0.0013068826
2275,0.0,1.1428572,5.5384617,5.1785286e-05,-0.15576747,-0.0003289362
2276,0.0,1.7142857,5.5384617,5.184443e-05,-0.16149436,0.00083323027
2277,0.0,2.2857144,5.5384617,5.2010866e-05,-0.15827471,0.0019386136
2278,0.0,2.857143,5.5384617,5.178257e-05,-0.17144467,0.003148123
2279,0.0,3.4285715,5.5384617,5.2392137e-05,-0.16316761,0.0039816657
2280,0.0,4.0,5.5384617,5.12636e-05,-0.20476949,0.004125722
2281,0.0,0.0,4.923077,3.472864e-05,-0.1543451,-0.0013156006
2282,0.0,0.5714286,4.923077,3.36967e-05,-0.15597467,-0.00088325096
2283,0.0,1.1428572,4.923077,3.4337427e-05,-0.15543911,-0.00026784852
2284,0.0,1.7142857,4.923077,3.3834986e-05,-0.16114911,0.00033843995
2285,0.0,2.2857144,4.923077,3.4346438e-05,-0.15796126,0.0010780914
2286,0.0,2.857143,4.923077,3.3877535e-05,-0.17141156,0.0016671489
2287,0.0,3.4285715,4.923077,3.451637e-05,-0.1629249,0.0022267855
2288,0.0,4.0,4.923077,3.3395656e-05,-0.20478392,0.0026322505
2289,0.0,0.0,4.3076925,1.5544945e-05,-0.15409775,-0.00058871537
2290,0.0,0.5714286,4.3076925,1.6697282e-05,-0.15581766,-0.0004503958
2291,0.0,1.1428572,4.3076925,1.6031647e-05,-0.15526289,-0.00032978487
2292,0.0,1.7142857,4.3076925,1.6453663e-05,-0.16099007,-3.817999e-05
2293,0.0,2.2857144,4.3076925,1.6206572e-05,-0.15790549,0.00011456787
2294,0.0,2.857143,4.3076925,1.63528e-05,-0.17123005,0.00038462543
2295,0.0,3.4285715,4.3076925,1.6337583e-05,-0.16302058,0.0004991101
2296,0.0,4.0,4.3076925,1.6260517e-05,-0.20477368,0.00035685676
2297,0.0,0.0,3.6923077,2.7546996e-35,-0.15409786,-1.1632966e-36
2298,0.0,0.5714286,3.6923077,-2.310937e-06,-0.15581788,-0.000146322
2299,0.0,1.1428572,3.6923077,-8.726601e-07,-0.15526278,-0.00026208206
2300,0.0,1.7142857,3.6923077,-1.9824292e-06,-0.16099007,-0.0005571994
2301,0.0,2.2857144,3.6923077,-1.107454e-06,-0.1579055,-0.0007071439
2302,0.0,2.857143,3.6923077,-1.8693918e-06,-0.17122999,-0.0009793334
2303,0.0,3.4285715,3.6923077,-1.1817302e-06,-0.16302031,-0.0010919529
2304,0.0,4.0,3.6923077,-1.9345166e-06,-0.20477365,-0.0009511856
2305,0.0,0.0,3.0769231,-2.0235153e-05,-0.154345,0.0007202047
2306,0.0,0.5714286,3.0769231,-1.8700615e-05,-0.15597478,0.00029053766
2307,0.0,1.1428572,3.0769231,-1.9633053e-05,-0.15543899,-0.0003266516
2308,0.0,1.7142857,3.0769231,-1.9014948e-05,-0.16114913,-0.00093193335
2309,0.0,2.2857144,3.0769231,-1.9549565e-05,-0.15796101,-0.0016720919
2310,0.0,2.857143,3.0769231,-1.912162e-05,-0.17141163,-0.0022607283
2311,0.0,3.4285715,3.0769231,-1.9664416e-05,-0.16292463,-0.0028203689
2312,0.0,4.0,3.0769231,-1.875122e-05,-0.20478354,-0.0032258446
2313,0.0,0.0,2.4615386,-3.641985e-05,-0.15471373,0.001386924
2314,0.0,0.5714286,2.4615386,-3.7209105e-05,-0.15646301,0.0007125245
2315,0.0,1.1428572,2.4615386,-3.6994494e-05,-0.15576746,-0.00026461875
2316,0.0,1.7142857,2.4615386,-3.7011396e-05,-0.16149403,-0.0014273195
2317,0.0,2.2857144,2.4615386,-3.7303722e-05,-0.15827477,-0.0025321832
2318,0.0,2.857143,2.4615386,-3.6877518e-05,-0.17144416,-0.0037420292
2319,0.0,3.4285715,2.4615386,-3.774716e-05,-0.16316788,-0.0045750854
2320,0.0,4.0,2.4615386,-3.6393536e-05,-0.20476928,-0.004719371
2321,0.0,0.0,1.8461539,-5.55446e-05,-0.15561725,0.002498693
2322,0.0,0.5714286,1.8461539,-5.439341e-05,-0.15712507,0.0011820145
2323,0.0,1.1428572,1.8461539,-5.5096567e-05,-0.15647656,-0.00017624757
2324,0.0,1.7142857,1.8461539,-5.460489e-05,-0.16214383,-0.0018791972
2325,0.0,2.2857144,1.8461539,-5.522481e-05,-0.15862478,-0.0035367887
2326,0.0,2.857143,1.8461539,-5.4640026e-05,-0.17217258,-0.005175846
2327,0.0,3.4285715,1.8461539,-5.5656394e-05,-0.1627519,-0.006742191
2328,0.0,4.0,1.8461539,-5.386889e-05,-0.20486772,-0.007491268
2329,0.0,0.0,1.2307693,-7.213438e-05,-0.1567705,0.0033598999
2330,0.0,0.5714286,1.2307693,-7.257711e-05,-0.15844154,0.0019653246
2331,0.0,1.1428572,1.2307693,-7.2636256e-05,-0.15754576,-0.00022145447
2332,0.0,1.7142857,1.2307693,-7.252205e-05,-0.16323496,-0.0021868714
2333,0.0,2.2857144,1.2307693,-7.295399e-05,-0.1595782,-0.004631581
2334,0.0,2.857143,1.2307693,-7.254239e-05,-0.172619,-0.0069175386
2335,0.0,3.4285715,1.2307693,-7.341951e-05,-0.16380146,-0.008890588
2336,0.0,4.0,1.2307693,-7.226012e-05,-0.20480202,-0.0100353975
2337,0.0,0.0,0.61538464,-9.105351e-05,-0.15883164,0.005077769
2338,0.0,0.5714286,0.61538464,-8.9867586e-05,-0.1600949,0.0023964401
2339,0.0,1.1428572,0.61538464,-9.068665e-05,-0.15964523,0.00020162274
2340,0.0,1.7142857,0.61538464,-9.009523e-05,-0.16468126,-0.0029434164
2341,0.0,2.2857144,0.61538464,-9.0933936e-05,-0.16154099,-0.005480928
2342,0.0,2.857143,0.61538464,-9.020324e-05,-0.17373258,-0.008859237
2343,0.0,3.4285715,0.61538464,-9.141886e-05,-0.16458926,-0.012429484
2344,0.0,4.0,0.61538464,-8.9341294e-05,-0.20447274,-0.013881127
2345,0.0,0.0,0.0,-0.00010778577,-0.16153139,0.006199199
2346,0.0,0.5714286,0.0,-0.00010785147,-0.16295965,0.0037107873
2347,0.0,1.1428572,0.0,-0.000108371016,-0.16255663,-0.00026639324
2348,0.0,1.7142857,0.0,-0.00010791993,-0.1674876,-0.002712158
2349,0.0,2.2857144,0.0,-0.00010887024,-0.16500753,-0.007373073
2350,0.0,2.857143,0.0,-0.00010806725,-0.17607005,-0.010145921
2351,0.0,3.4285715,0.0,-0.00010977134,-0.16994224,-0.01597495
2352,0.0,4.0,0.0,-0.00010814234,-0.20340514,-0.023230527
2353,0.6,0.0,8.0,0.0065920716,-0.15919773,-0.0070542893
2354,0.6,0.5714286,8.0,0.0021335466,-0.16031387,-0.0037762106
2355,0.6,1.1428572,8.0,0.0034106865,-0.16329184,-0.0011416529
2356,0.6,1.7142857,8.0,-0.00020356891,-0.16167139,0.0025320563
2357,0.6,2.2857144,8.0,0.002287177,-0.16873373,0.005442484
2358,0.6,2.857143,8.0,-0.0024714991,-0.1636065,0.009281863
2359,0.6,3.4285715,8.0,0.0026108494,-0.1794306,0.013152222
2360,0.6,4.0,8.0,-0.008523955,-0.15939054,0.013934665
2361,0.6,0.0,7.3846154,0.006752223,-0.156527,-0.0053830636
2362,0.6,0.5714286,7.3846154,0.0019646217,-0.15751399,-0.0032637906
2363,0.6,1.1428572,7.3846154,0.0033659649,-0.16061658,-0.0006813541
2364,0.6,1.7142857,7.3846154,-0.0006356462,-0.15860201,0.0018740038
2365,0.6,2.2857144,7.3846154,0.0018571406,-0.16620785,0.0046828254
2366,0.6,2.857143,7.3846154,-0.0034137499,-0.15999961,0.007614404
2367,0.6,3.4285715,7.3846154,0.001032099,-0.17784095,0.009918604
2368,0.6,4.0,7.3846154,-0.01185517,-0.15527116,0.0128672365
2369,0.6,0.0,6.769231,0.006741726,-0.15457074,-0.0042090607
2370,0.6,0.5714286,6.769231,0.0018237735,-0.15553299,-0.0024714547
2371,0.6,1.1428572,6.769231,0.0034951875,-0.1589906,-0.0005919783
2372,0.6,1.7142857,6.769231,-0.0008196868,-0.15659216,0.0015377235
2373,0.6,2.2857144,6.769231,0.0021070056,-0.16490403,0.0036715174
2374,0.6,2.857143,6.769231,-0.0036473172,-0.15804827,0.00583781
2375,0.6,3.4285715,6.769231,0.0019290216,-0.17732029,0.00785811
2376,0.6,4.0,6.769231,-0.010593214,-0.15202615,0.008986756
2377,0.6,0.0,6.1538463,0.006751353,-0.15334713,-0.0029135107
2378,0.6,0.5714286,6.1538463,0.0017845307,-0.15432708,-0.0019004471
2379,0.6,1.1428572,6.1538463,0.0034669244,-0.15783158,-0.0004273177
2380,0.6,1.7142857,6.1538463,-0.00080820936,-0.15552422,0.0010931697
2381,0.6,2.2857144,6.1538463,0.0020432256,-0.16393991,0.0027751448
2382,0.6,2.857143,6.1538463,-0.0035701038,-0.15725254,0.0042992663
2383,0.6,3.4285715,6.1538463,0.0017867257,-0.17655903,0.0056521976
2384,0.6,4.0,6.1538463,-0.011576213,-0.15193348,0.006239473
2385,0.6,0.0,5.5384617,0.00665833,-0.15252136,-0.0021249093
2386,0.6,0.5714286,5.5384617,0.001780693,-0.15359329,-0.0013415025
2387,0.6,1.1428572,5.5384617,0.0034343686,-0.15710944,-0.00037540196
2388,0.6,1.7142857,5.5384617,-0.0008132224,-0.15493235,0.0007203532
2389,0.6,2.2857144,5.5384617,0.0020784806,-0.16332649,0.0018319451
2390,0.6,2.857143,5.5384617,-0.0035895118,-0.1569032,0.002901877
2391,0.6,3.4285715,5.5384617,0.0019696401,-0.17615102,0.0038291758
2392,0.6,4.0,5.5384617,-0.011041487,-0.15187977,0.004351398
2393,0.6,0.0,4.923077,0.006654986,-0.15206532,-0.0012417384
2394,0.6,0.5714286,4.923077,0.0017518231,-0.1531878,-0.0009110229
2395,0.6,1.1428572,4.923077,0.0034091019,-0.1566976,-0.00032136065
2396,0.6,1.7142857,4.923077,-0.00080938777,-0.1546099,0.00029058472
2397,0.6,2.2857144,4.923077,0.002047939,-0.16299923,0.00097561453
2398,0.6,2.857143,4.923077,-0.0035431825,-0.15672801,0.0015854071
2399,0.6,3.4285715,4.923077,0.0019481964,-0.17595191,0.0020368
2400,0.6,4.0,4.923077,-0.011416508,-0.15188257,0.0021362612
2401,0.6,0.0,4.3076925,0.0066177673,-0.15184738,-0.0006820913
2402,0.6,0.5714286,4.3076925,0.0017351488,-0.15299845,-0.00049347396
2403,0.6,1.1428572,4.3076925,0.003388367,-0.1565223,-0.0003265752
2404,0.6,1.7142857,4.3076925,-0.00082579267,-0.15446164,-9.858464e-05
2405,0.6,2.2857144,4.3076925,0.0020492834,-0.16286726,0.00010513165
2406,0.6,2.857143,4.3076925,-0.0035629508,-0.15664503,0.00029904454
2407,0.6,3.4285715,4.3076925,0.0019763147,-0.17585085,0.000505532
2408,0.6,4.0,4.3076925,-0.011286264,-0.15186341,0.00070301816
2409,0.6,0.0,3.6923077,0.006599091,-0.15184759,5.015621e-05
2410,0.6,0.5714286,3.6923077,0.0017177168,-0.15299839,-0.0001324351
2411,0.6,1.1428572,3.6923077,0.003370355,-0.15652248,-0.0003040952
2412,0.6,1.7142857,3.6923077,-0.000843413,-0.15446152,-0.00052824884
2413,0.6,2.2857144,3.6923077,0.0020313621,-0.16286753,-0.00073470874
2414,0.6,2.857143,3.6923077,-0.0035806824,-0.15664501,-0.00092599686
2415,0.6,3.4285715,3.6923077,0.0019584168,-0.17585126,-0.001134514
2416,0.6,4.0,3.6923077,-0.011303723,-0.1518641,-0.0013299428
2417,0.6,0.0,3.0769231,0.0066023353,-0.15206538,0.00061416096
2418,0.6,0.5714286,3.0769231,0.0016983134,-0.15318789,0.00028187985
2419,0.6,1.1428572,3.0769231,0.0033558768,-0.15669772,-0.00030701997
2420,0.6,1.7142857,3.0769231,-0.0008628082,-0.15461002,-0.00091906666
2421,0.6,2.2857144,3.0769231,0.0019945693,-0.16299947,-0.0016040177
2422,0.6,2.857143,3.0769231,-0.0035966607,-0.15672858,-0.0022133498
2423,0.6,3.4285715,3.0769231,0.001894768,-0.1759528,-0.0026647097
2424,0.6,4.0,3.0769231,-0.011469593,-0.15188505,-0.002764173
2425,0.6,0.0,2.4615386,0.0065690386,-0.15252154,0.0014954257
2426,0.6,0.5714286,2.4615386,0.0016917262,-0.15359329,0.00071304716
2427,0.6,1.1428572,2.4615386,0.003345751,-0.15710959,-0.00025326788
2428,0.6,1.7142857,2.4615386,-0.00090246415,-0.1549325,-0.0013488577
2429,0.6,2.2857144,2.4615386,0.0019898373,-0.16332693,-0.0024602462
2430,0.6,2.857143,2.4615386,-0.0036790378,-0.15690395,-0.0035301698
2431,0.6,3.4285715,2.4615386,0.0018810095,-0.17615283,-0.0044568493
2432,0.6,4.0,2.4615386,-0.011129908,-0.15188661,-0.0049794833
2433,0.6,0.0,1.8461539,0.0066276393,-0.15334734,0.0022848526
2434,0.6,0.5714286,1.8461539,0.0016599541,-0.15432695,0.0012717432
2435,0.6,1.1428572,1.8461539,0.003342727,-0.15783179,-0.00020145663
2436,0.6,1.7142857,1.8461539,-0.0009329201,-0.15552431,-0.0017215371
2437,0.6,2.2857144,1.8461539,0.001918842,-0.1639404,-0.003403829
2438,0.6,2.857143,1.8461539,-0.0036950752,-0.15725362,-0.004927285
2439,0.6,3.4285715,1.8461539,0.0016621718,-0.17656094,-0.0062808297
2440,0.6,4.0,1.8461539,-0.011700018,-0.15194193,-0.006867205
2441,0.6,0.0,1.2307693,0.0065817176,-0.15457092,0.003579795
2442,0.6,0.5714286,1.2307693,0.0016634787,-0.15553282,0.0018428318
2443,0.6,1.1428572,1.2307693,0.0033357965,-0.15899086,-3.6820562e-05
2444,0.6,1.7142857,1.2307693,-0.0009803483,-0.15659206,-0.0021661855
2445,0.6,2.2857144,1.2307693,0.0019474316,-0.16490477,-0.004300264
2446,0.6,2.857143,1.2307693,-0.0038084434,-0.15804876,-0.006466129
2447,0.6,3.4285715,1.2307693,0.0017694435,-0.17732319,-0.008486899
2448,0.6,4.0,1.2307693,-0.010753232,-0.15203305,-0.009614556
2449,0.6,0.0,0.61538464,0.006557724,-0.15652712,0.0047542816
2450,0.6,0.5714286,0.61538464,0.0017687858,-0.15751372,0.0026349965
2451,0.6,1.1428572,0.61538464,0.0031710062,-0.16061676,5.265038e-05
2452,0.6,1.7142857,0.61538464,-0.00083182956,-0.15860191,-0.0025026873
2453,0.6,2.2857144,0.61538464,0.0016619174,-0.16620836,-0.0053114374
2454,0.6,2.857143,0.61538464,-0.0036104878,-0.16000012,-0.008243178
2455,0.6,3.4285715,0.61538464,0.00083665043,-0.17784306,-0.010547653
2456,0.6,4.0,0.61538464,-0.012050931,-0.15527688,-0.013495303
2457,0.6,0.0,0.0,0.0063611204,-0.15919809,0.006425274
2458,0.6,0.5714286,0.0,0.0019023533,-0.1603136,0.0031474433
2459,0.6,1.1428572,0.0,0.003180161,-0.16329195,0.00051286665
2460,0.6,1.7142857,0.0,-0.00043530983,-0.16167146,-0.0031607142
2461,0.6,2.2857144,0.0,0.0020560483,-0.16873391,-0.0060713543
2462,0.6,2.857143,0.0,-0.0027038213,-0.1636078,-0.009910758
2463,0.6,3.4285715,0.0,0.0023788495,-0.17943108,-0.01378166
2464,0.6,4.0,0.0,-0.008755139,-0.15940155,-0.014565943
2465,1.2,0.0,8.0,0.00863532,-0.15511428,-0.006614212
2466,1.2,0.5714286,8.0,0.008443701,-0.1569231,-0.0042041834
2467,1.2,1.1428572,8.0,0.0018859608,-0.1561043,-0.0011575792
2468,1.2,1.7142857,8.0,0.004410502,-0.16038992,0.0014800766
2469,1.2,2.2857144,8.0,-0.0019423426,-0.15643188,0.0043844567
2470,1.2,2.857143,8.0,0.0016732275,-0.16514756,0.007163086
2471,1.2,3.4285715,8.0,-0.0064303814,-0.15301086,0.008367709
2472,1.2,4.0,8.0,-0.008927973,-0.16642559,0.009849747
2473,1.2,0.0,7.3846154,0.008351073,-0.15248728,-0.0055115214
2474,1.2,0.5714286,7.3846154,0.008596844,-0.15444623,-0.0032660528
2475,1.2,1.1428572,7.3846154,0.0014521402,-0.15339178,-0.0010201199
2476,1.2,1.7142857,7.3846154,0.004113332,-0.15805735,0.001342268
2477,1.2,2.2857144,7.3846154,-0.0029020768,-0.1535202,0.003762783
2478,1.2,2.857143,7.3846154,0.0006243996,-0.16344917,0.0059024584
2479,1.2,3.4285715,7.3846154,-0.008342101,-0.15016477,0.007892663
2480,1.2,4.0,7.3846154,-0.009736087,-0.16643713,0.009324945
2481,1.2,0.0,6.769231,0.008104695,-0.15063897,-0.0040702745
2482,1.2,0.5714286,6.769231,0.00879998,-0.15274157,-0.0025809284
2483,1.2,1.1428572,6.769231,0.001174373,-0.15146475,-0.0007970522
2484,1.2,1.7142857,6.769231,0.004381393,-0.15658201,0.0011019217
2485,1.2,2.2857144,6.769231,-0.0032916244,-0.15150473,0.0029990356
2486,1.2,2.857143,6.769231,0.0010877114,-0.16234984,0.004819179
2487,1.2,3.4285715,6.769231,-0.008672812,-0.14740683,0.006252248
2488,1.2,4.0,6.769231,-0.010035083,-0.16559754,0.0077624572
2489,1.2,0.0,6.1538463,0.007983885,-0.14933157,-0.003100389
2490,1.2,0.5714286,6.1538463,0.008735461,-0.1515592,-0.001941622
2491,1.2,1.1428572,6.1538463,0.0011897573,-0.15028638,-0.00062445743
2492,1.2,1.7142857,6.1538463,0.00431029,-0.15547803,0.00081766746
2493,1.2,2.2857144,6.1538463,-0.0032028544,-0.15046667,0.0022420739
2494,1.2,2.857143,6.1538463,0.00096346624,-0.16124806,0.003609995
2495,1.2,3.4285715,6.1538463,-0.008509216,-0.14665037,0.00482031
2496,1.2,4.0,6.1538463,-0.009506744,-0.16427335,0.0056711314
2497,1.2,0.0,5.5384617,0.008012204,-0.14855959,-0.0020839968
2498,1.2,0.5714286,5.5384617,0.0086618345,-0.15076764,-0.001395639
2499,1.2,1.1428572,5.5384617,0.0011831364,-0.14959675,-0.00051278673
2500,1.2,1.7142857,5.5384617,0.00430608,-0.1547421,0.00050998916
2501,1.2,2.2857144,5.5384617,-0.003203829,-0.1498769,0.0014987072
2502,1.2,2.857143,5.5384617,0.0010515009,-0.16060972,0.0024870054
2503,1.2,3.4285715,5.5384617,-0.0084357485,-0.14613068,0.0031739094
2504,1.2,4.0,5.5384617,-0.010047472,-0.16353779,0.0037161733
2505,1.2,0.0,4.923077,0.007951161,-0.14807367,-0.0013778241
2506,1.2,0.5714286,4.923077,0.008613777,-0.15031753,-0.00094853336
2507,1.2,1.1428572,4.923077,0.0011817346,-0.14919217,-0.00041157828
2508,1.2,1.7142857,4.923077,0.004267395,-0.15433116,0.00017263588
2509,1.2,2.2857144,4.923077,-0.0031520934,-0.14955372,0.00077145715
2510,1.2,2.857143,4.923077,0.0010157654,-0.16023444,0.0013114058
2511,1.2,3.4285715,4.923077,-0.0083513735,-0.14590986,0.001812645
2512,1.2,4.0,4.923077,-0.009791402,-0.16305995,0.0021593666
2513,1.2,0.0,4.3076925,0.007947104,-0.14786305,-0.00063188316
2514,1.2,0.5714286,4.3076925,0.008580057,-0.15011027,-0.00052152603
2515,1.2,1.1428572,4.3076925,0.0011620884,-0.14900947,-0.0003638395
2516,1.2,1.7142857,4.3076925,0.0042583565,-0.15414879,-0.00015754269
2517,1.2,2.2857144,4.3076925,-0.0031662625,-0.14940289,2.9384059e-05
2518,1.2,2.857143,4.3076925,0.0010364655,-0.16008212,0.00023545799
2519,1.2,3.4285715,4.3076925,-0.008346109,-0.14577256,0.00031432995
2520,1.2,4.0,4.3076925,-0.009972184,-0.1628754,0.00036840004
2521,1.2,0.0,3.6923077,0.0079298075,-0.14786287,-2.8648294e-05
2522,1.2,0.5714286,3.6923077,0.008562137,-0.1501104,-0.0001448062
2523,1.2,1.1428572,3.6923077,0.0011444336,-0.14900939,-0.00029731097
2524,1.2,1.7142857,3.6923077,0.004240468,-0.15414901,-0.0005072141
2525,1.2,2.2857144,3.6923077,-0.0031839455,-0.14940289,-0.00069090386
2526,1.2,2.857143,3.6923077,0.0010185704,-0.16008247,-0.00089925947
2527,1.2,3.4285715,3.6923077,-0.008363765,-0.14577273,-0.00097585795
2528,1.2,4.0,3.6923077,-0.009990044,-0.16287555,-0.0010319673
2529,1.2,0.0,3.0769231,0.007897447,-0.14807372,0.0007128832
2530,1.2,0.5714286,3.0769231,0.00856045,-0.15031765,0.00028539574
2531,1.2,1.1428572,3.0769231,0.0011284561,-0.14919226,-0.0002518938
2532,1.2,1.7142857,3.0769231,0.004214021,-0.15433149,-0.00083577173
2533,1.2,2.2857144,3.0769231,-0.003205402,-0.14955412,-0.0014342488
2534,1.2,2.857143,3.0769231,0.0009622784,-0.16023509,-0.0019742583
2535,1.2,3.4285715,3.0769231,-0.008404402,-0.1459111,-0.0024749818
2536,1.2,4.0,3.0769231,-0.009844981,-0.16306059,-0.0028221942
2537,1.2,0.0,2.4615386,0.007923654,-0.14855951,0.0014209057
2538,1.2,0.5714286,2.4615386,0.008573104,-0.15076798,0.0007317941
2539,1.2,1.1428572,2.4615386,0.0010941962,-0.14959691,-0.00015045972
2540,1.2,1.7142857,2.4615386,0.004217257,-0.15474258,-0.0011732084
2541,1.2,2.2857144,2.4615386,-0.0032927806,-0.14987752,-0.0021616854
2542,1.2,2.857143,2.4615386,0.00096241874,-0.16061077,-0.0031497837
2543,1.2,3.4285715,2.4615386,-0.00852414,-0.146133,-0.0038365726
2544,1.2,4.0,2.4615386,-0.010136679,-0.16353756,-0.004378882
2545,1.2,0.0,1.8461539,0.007859161,-0.14933151,0.0024364607
2546,1.2,0.5714286,1.8461539,0.008611104,-0.15155971,0.0012779448
2547,1.2,1.1428572,1.8461539,0.0010654457,-0.15028653,-3.8713504e-05
2548,1.2,1.7142857,1.8461539,0.004185752,-0.15547869,-0.0014811704
2549,1.2,2.2857144,1.8461539,-0.0033272211,-0.15046743,-0.0029049048
2550,1.2,2.857143,1.8461539,0.00083856046,-0.16124922,-0.0042732796
2551,1.2,3.4285715,1.8461539,-0.008632862,-0.14665355,-0.005482882
2552,1.2,4.0,1.8461539,-0.009632045,-0.1642734,-0.006333996
2553,1.2,0.0,1.2307693,0.007944799,-0.1506388,0.0034068343
2554,1.2,0.5714286,1.2307693,0.008640552,-0.15274216,0.001917206
2555,1.2,1.1428572,1.2307693,0.0010140585,-0.15146479,0.00013375435
2556,1.2,1.7142857,1.2307693,0.004221786,-0.1565829,-0.0017653834
2557,1.2,2.2857144,1.2307693,-0.00345209,-0.15150519,-0.0036621212
2558,1.2,2.857143,1.2307693,0.000927752,-0.16235168,-0.0054825502
2559,1.2,3.4285715,1.2307693,-0.008832686,-0.14740898,-0.0069153016
2560,1.2,4.0,1.2307693,-0.010195139,-0.16559824,-0.008425294
2561,1.2,0.0,0.61538464,0.008155001,-0.15248717,0.004847686
2562,1.2,0.5714286,0.61538464,0.008401869,-0.15444693,0.0026023688
2563,1.2,1.1428572,0.61538464,0.0012563689,-0.1533918,0.00035678275
2564,1.2,1.7142857,0.61538464,0.0039181197,-0.15805824,-0.0020057813
2565,1.2,2.2857144,0.61538464,-0.0030981572,-0.15352075,-0.004426062
2566,1.2,2.857143,0.61538464,0.0004287503,-0.16345073,-0.0065660523
2567,1.2,3.4285715,0.61538464,-0.008537833,-0.15016723,-0.008555819
2568,1.2,4.0,0.61538464,-0.009932273,-0.16643843,-0.009988512
2569,1.2,0.0,0.0,0.008404751,-0.15511398,0.0059505515
2570,1.2,0.5714286,0.0,0.008213083,-0.15692383,0.0035405282
2571,1.2,1.1428572,0.0,0.0016548721,-0.15610445,0.00049414067
2572,1.2,1.7142857,0.0,0.0041794428,-0.16039066,-0.00214367
2573,1.2,2.2857144,0.0,-0.002173657,-0.15643293,-0.0050479053
2574,1.2,2.857143,0.0,0.001441429,-0.16514853,-0.007826967
2575,1.2,3.4285715,0.0,-0.0066610584,-0.15301481,-0.009031563
2576,1.2,4.0,0.0,-0.009159727,-0.1664244,-0.01051277
2577,1.8,0.0,8.0,0.017429475,-0.1487188,-0.0068887146
2578,1.8,0.5714286,8.0,0.007009691,-0.14861946,-0.0039941086
2579,1.8,1.1428572,8.0,0.0079853535,-0.15128644,-0.0017182397
2580,1.8,1.7142857,8.0,0.0003425961,-0.14873609,0.0006986129
2581,1.8,2.2857144,8.0,0.0026165307,-0.15392117,0.0031669326
2582,1.8,2.857143,8.0,-0.005209876,-0.14673081,0.0047400626
2583,1.8,3.4285715,8.0,-0.0051266365,-0.15576443,0.007107968
2584,1.8,4.0,8.0,-0.017083567,-0.14412992,0.009480895
2585,1.8,0.0,7.3846154,0.017771102,-0.14641516,-0.0051471726
2586,1.8,0.5714286,7.3846154,0.0067625092,-0.14623252,-0.003394557
2587,1.8,1.1428572,7.3846154,0.0079675615,-0.149141,-0.0013514311
2588,1.8,1.7142857,7.3846154,-0.00035677056,-0.14625691,0.0007264181
2589,1.8,2.2857144,7.3846154,0.0020720512,-0.15216479,0.0026105843
2590,1.8,2.857143,7.3846154,-0.0064663887,-0.14429963,0.004500275
2591,1.8,3.4285715,7.3846154,-0.005877882,-0.15474102,0.0058618793
2592,1.8,4.0,7.3846154,-0.018691415,-0.14111482,0.0071564647
2593,1.8,0.0,6.769231,0.017822394,-0.14474608,-0.004186803
2594,1.8,0.5714286,6.769231,0.0064632557,-0.14443037,-0.0026462774
2595,1.8,1.1428572,6.769231,0.008241868,-0.14763212,-0.0010423935
2596,1.8,1.7142857,6.769231,-0.0007635773,-0.14439555,0.00057838584
2597,1.8,2.2857144,6.769231,0.0023113384,-0.15091333,0.002220051
2598,1.8,2.857143,6.769231,-0.0070284987,-0.14213702,0.0036482757
2599,1.8,3.4285715,6.769231,-0.0059896098,-0.1540104,0.005065527
2600,1.8,4.0,6.769231,-0.019063957,-0.139164,0.0063008103
2601,1.8,0.0,6.1538463,0.017780311,-0.14356545,-0.002991699
2602,1.8,0.5714286,6.1538463,0.00642104,-0.14321715,-0.002029813
2603,1.8,1.1428572,6.1538463,0.0081704995,-0.1465094,-0.000824513
2604,1.8,1.7142857,6.1538463,-0.0007143094,-0.14325891,0.00042742208
2605,1.8,2.2857144,6.1538463,0.0022137887,-0.14977904,0.0016758409
2606,1.8,2.857143,6.1538463,-0.006902628,-0.1411428,0.002824043
2607,1.8,3.4285715,6.1538463,-0.005912724,-0.15263648,0.0037872698
2608,1.8,4.0,6.1538463,-0.019142544,-0.13812728,0.0046722936
2609,1.8,0.0,5.5384617,0.017605374,-0.14271812,-0.002187734
2610,1.8,0.5714286,5.5384617,0.0064099613,-0.14248475,-0.001484753
2611,1.8,1.1428572,5.5384617,0.008111941,-0.1457111,-0.00063795224
2612,1.8,1.7142857,5.5384617,-0.0007087254,-0.14258045,0.00022794302
2613,1.8,2.2857144,5.5384617,0.002216437,-0.14901711,0.0011167135
2614,1.8,2.857143,5.5384617,-0.006877029,-0.14046982,0.0019093775
2615,1.8,3.4285715,5.5384617,-0.005981355,-0.15191875,0.002693568
2616,1.8,4.0,5.5384617,-0.018936241,-0.1375478,0.003264389
2617,1.8,0.0,4.923077,0.017575076,-0.1422345,-0.0013516571
2618,1.8,0.5714286,4.923077,0.0063739535,-0.14202434,-0.0009906477
2619,1.8,1.1428572,4.923077,0.008058537,-0.14525989,-0.0005127329
2620,1.8,1.7142857,4.923077,-0.00068483036,-0.1421658,8.420906e-06
2621,1.8,2.2857144,4.923077,0.002177158,-0.14856729,0.0005375543
2622,1.8,2.857143,4.923077,-0.0067949495,-0.14012486,0.0010231382
2623,1.8,3.4285715,4.923077,-0.005948987,-0.15139939,0.0013890456
2624,1.8,4.0,4.923077,-0.019042198,-0.13718954,0.0017012848
2625,1.8,0.0,4.3076925,0.017514007,-0.14199702,-0.00070398906
2626,1.8,0.5714286,4.3076925,0.006350155,-0.14181866,-0.000567251
2627,1.8,1.1428572,4.3076925,0.008031171,-0.14504486,-0.00039574047
2628,1.8,1.7142857,4.3076925,-0.00069973175,-0.14197725,-0.00022722142
2629,1.8,2.2857144,4.3076925,0.0021767765,-0.14836887,-5.4720498e-05
2630,1.8,2.857143,4.3076925,-0.0067987056,-0.13994102,9.7342134e-05
2631,1.8,3.4285715,4.3076925,-0.005965259,-0.15121056,0.0002868973
2632,1.8,4.0,4.3076925,-0.018976312,-0.13701345,0.0004063747
2633,1.8,0.0,3.6923077,0.017495876,-0.141997,-1.1185773e-36
2634,1.8,0.5714286,3.6923077,0.006332449,-0.1418184,-0.00012812947
2635,1.8,1.1428572,3.6923077,0.008013352,-0.14504513,-0.0003044694
2636,1.8,1.7142857,3.6923077,-0.0007174362,-0.14197718,-0.0004689049
2637,1.8,2.2857144,3.6923077,0.0021589245,-0.14836916,-0.00064419233
2638,1.8,2.857143,3.6923077,-0.006816393,-0.13994104,-0.0007935971
2639,1.8,3.4285715,3.6923077,-0.005983089,-0.15121092,-0.0009852072
2640,1.8,4.0,3.6923077,-0.018994134,-0.13701358,-0.001102513
2641,1.8,0.0,3.0769231,0.017522017,-0.14223477,0.00065425714
2642,1.8,0.5714286,3.0769231,0.006320752,-0.1420242,0.00029129602
2643,1.8,1.1428572,3.0769231,0.008005184,-0.14526019,-0.00018492017
2644,1.8,1.7142857,3.0769231,-0.00073808426,-0.142166,-0.00070638844
2645,1.8,2.2857144,3.0769231,0.0021237643,-0.14856772,-0.0012351661
2646,1.8,2.857143,3.0769231,-0.0068481853,-0.14012545,-0.0017204786
2647,1.8,3.4285715,3.0769231,-0.006002362,-0.15139966,-0.002086519
2648,1.8,4.0,3.0769231,-0.01909546,-0.13719022,-0.0023982907
2649,1.8,0.0,2.4615386,0.017516267,-0.1427187,0.0014881128
2650,1.8,0.5714286,2.4615386,0.006321195,-0.14248496,0.00078693853
2651,1.8,1.1428572,2.4615386,0.008023078,-0.14571151,-6.0579692e-05
2652,1.8,1.7142857,2.4615386,-0.00079747953,-0.14258085,-0.0009255256
2653,1.8,2.2857144,2.4615386,0.0021273878,-0.14901774,-0.0018146121
2654,1.8,2.857143,2.4615386,-0.00696566,-0.14047082,-0.0026067079
2655,1.8,3.4285715,2.4615386,-0.006070386,-0.15191904,-0.0033911248
2656,1.8,4.0,2.4615386,-0.019025218,-0.13754956,-0.0039613587
2657,1.8,0.0,1.8461539,0.017656093,-0.14356619,0.0022933565
2658,1.8,0.5714286,1.8461539,0.006296932,-0.14321716,0.0013314027
2659,1.8,1.1428572,1.8461539,0.008045989,-0.14651018,0.0001263439
2660,1.8,1.7142857,1.8461539,-0.00083851063,-0.14325929,-0.0011253001
2661,1.8,2.2857144,1.8461539,0.0020890883,-0.14977987,-0.0023737056
2662,1.8,2.857143,1.8461539,-0.007026745,-0.14114416,-0.0035215763
2663,1.8,3.4285715,1.8461539,-0.0060374388,-0.15263656,-0.0044848667
2664,1.8,4.0,1.8461539,-0.019266825,-0.1381293,-0.0053693815
2665,1.8,0.0,1.2307693,0.01766263,-0.14474703,0.0034876221
2666,1.8,0.5714286,1.2307693,0.006303132,-0.14443046,0.0019482541
2667,1.8,1.1428572,1.2307693,0.008082314,-0.14763305,0.000343937
2668,1.8,1.7142857,1.2307693,-0.00092378014,-0.14439584,-0.0012760988
2669,1.8,2.2857144,1.2307693,0.0021515065,-0.1509146,-0.0029182395
2670,1.8,2.857143,1.2307693,-0.007188643,-0.14213787,-0.004345768
2671,1.8,3.4285715,1.2307693,-0.006149485,-0.15401149,-0.00576334
2672,1.8,4.0,1.2307693,-0.019224597,-0.13916564,-0.006997831
2673,1.8,0.0,0.61538464,0.017576313,-0.14641623,0.004448704
2674,1.8,0.5714286,0.61538464,0.006566975,-0.14623243,0.0026961865
2675,1.8,1.1428572,0.61538464,0.007772472,-0.14914216,0.0006532241
2676,1.8,1.7142857,0.61538464,-0.0005525649,-0.14625716,-0.0014244829
2677,1.8,2.2857144,0.61538464,0.0018766971,-0.1521661,-0.0033086042
2678,1.8,2.857143,0.61538464,-0.006662325,-0.14430071,-0.005198162
2679,1.8,3.4285715,0.61538464,-0.006073341,-0.15474194,-0.006559679
2680,1.8,4.0,0.61538464,-0.018887553,-0.14111632,-0.007853714
2681,1.8,0.0,0.0,0.01719854,-0.14872001,0.006189719
2682,1.8,0.5714286,0.0,0.0067788875,-0.14861956,0.0032960207
2683,1.8,1.1428572,0.0,0.0077545075,-0.1512875,0.0010197425
2684,1.8,1.7142857,0.0,0.00011160874,-0.14873669,-0.0013965099
2685,1.8,2.2857144,0.0,0.0023852333,-0.15392219,-0.0038653605
2686,1.8,2.857143,0.0,-0.005440853,-0.14673255,-0.0054378663
2687,1.8,3.4285715,0.0,-0.005358038,-0.15576455,-0.0078059374
2688,1.8,4.0,0.0,-0.017315187,-0.14413272,-0.010177894
2689,2.4,0.0,8.0,0.01708117,-0.13875194,-0.00579094
2690,2.4,0.5714286,8.0,0.0142129315,-0.1411283,-0.004184635
2691,2.4,1.1428572,8.0,0.0047575524,-0.13984117,-0.0019970532
2692,2.4,1.7142857,8.0,0.0054068402,-0.1429999,0.0002052933
2693,2.4,2.2857144,8.0,-0.0027747233,-0.13874575,0.0017958488
2694,2.4,2.857143,8.0,-0.0023992627,-0.14454255,0.004136637
2695,2.4,3.4285715,8.0,-0.012490317,-0.13637988,0.005481709
2696,2.4,4.0,8.0,-0.01673821,-0.1438455,0.006222825
2697,2.4,0.0,7.3846154,0.016873877,-0.13667592,-0.0052721673
2698,2.4,0.5714286,7.3846154,0.014516502,-0.13915004,-0.0033150793
2699,2.4,1.1428572,7.3846154,0.0043648034,-0.13770583,-0.0015843386
2700,2.4,1.7142857,7.3846154,0.0052553895,-0.14126945,8.576904e-05
2701,2.4,2.2857144,7.3846154,-0.003614324,-0.13659975,0.0018702658
2702,2.4,2.857143,7.3846154,-0.0028911668,-0.14322573,0.0032450145
2703,2.4,3.4285715,7.3846154,-0.013766775,-0.13412218,0.0048504616
2704,2.4,4.0,7.3846154,-0.017416151,-0.14328016,0.006597566
2705,2.4,0.0,6.769231,0.016515942,-0.13495652,-0.0038954613
2706,2.4,0.5714286,6.769231,0.014768737,-0.13769476,-0.0026822677
2707,2.4,1.1428572,6.769231,0.004026215,-0.13602437,-0.001286085
2708,2.4,1.7142857,6.769231,0.005457204,-0.13999474,0.00017026861
2709,2.4,2.2857144,6.769231,-0.0041217306,-0.134795,0.001479669
2710,2.4,2.857143,6.769231,-0.002910763,-0.14232023,0.0028362493
2711,2.4,3.4285715,6.769231,-0.014311395,-0.13213767,0.0038933759
2712,2.4,4.0,6.769231,-0.017495228,-0.14229093,0.004868002
2713,2.4,0.0,6.1538463,0.016367214,-0.13377279,-0.003083592
2714,2.4,0.5714286,6.1538463,0.014678862,-0.13661028,-0.002053047
2715,2.4,1.1428572,6.1538463,0.0040325816,-0.13488589,-0.0009979211
2716,2.4,1.7142857,6.1538463,0.005380384,-0.1389206,8.795173e-05
2717,2.4,2.2857144,6.1538463,-0.004092561,-0.13375542,0.0011547519
2718,2.4,2.857143,6.1538463,-0.0029664803,-0.1411429,0.002130149
2719,2.4,3.4285715,6.1538463,-0.014364696,-0.131272,0.003115237
2720,2.4,4.0,6.1538463,-0.017458282,-0.14125907,0.004017143
2721,2.4,0.0,5.5384617,0.016346818,-0.13302164,-0.0021295478
2722,2.4,0.5714286,5.5384617,0.014564156,-0.13579579,-0.0015074284
2723,2.4,1.1428572,5.5384617,0.0040223445,-0.13419332,-0.00078552956
2724,2.4,1.7142857,5.5384617,0.0053319824,-0.13813224,-6.0546113e-06
2725,2.4,2.2857144,5.5384617,-0.004077427,-0.13306983,0.0007420804
2726,2.4,2.857143,5.5384617,-0.0029954957,-0.1403944,0.0014655689
2727,2.4,3.4285715,5.5384617,-0.014256018,-0.13054281,0.0020477145
2728,2.4,4.0,5.5384617,-0.017509962,-0.14041498,0.002600926
2729,2.4,0.0,4.923077,0.01626489,-0.13253221,-0.001422205
2730,2.4,0.5714286,4.923077,0.014487434,-0.13533199,-0.0010316668
2731,2.4,1.1428572,4.923077,0.0040137563,-0.13373974,-0.0005983523
2732,2.4,1.7142857,4.923077,0.005280622,-0.13766962,-0.0001345099
2733,2.4,2.2857144,4.923077,-0.004041361,-0.13265823,0.00030380266
2734,2.4,2.857143,4.923077,-0.0030117228,-0.13988851,0.00073279627
2735,2.4,3.4285715,4.923077,-0.014249298,-0.13020194,0.0011637383
2736,2.4,4.0,4.923077,-0.017484324,-0.13994204,0.001507515
2737,2.4,0.0,4.3076925,0.01624182,-0.1323089,-0.0006885248
2738,2.4,0.5714286,4.3076925,0.014440557,-0.13509934,-0.00057724834
2739,2.4,1.1428572,4.3076925,0.0039891633,-0.13353612,-0.0004408408
2740,2.4,1.7142857,4.3076925,0.0052613886,-0.13744855,-0.0002929849
2741,2.4,2.2857144,4.3076925,-0.004050218,-0.13245653,-0.00013287041
2742,2.4,2.857143,4.3076925,-0.0030151047,-0.13968186,5.5151436e-06
2743,2.4,3.4285715,4.3076925,-0.014224342,-0.12998737,8.456456e-05
2744,2.4,4.0,4.3076925,-0.017508876,-0.13970879,0.00018054653
2745,2.4,0.0,3.6923077,0.016224405,-0.13230874,-4.2400115e-05
2746,2.4,0.5714286,3.6923077,0.014422819,-0.13509946,-0.00015821787
2747,2.4,1.1428572,3.6923077,0.003971408,-0.13353606,-0.00029019633
2748,2.4,1.7142857,3.6923077,0.005243612,-0.13744873,-0.00044095615
2749,2.4,2.2857144,3.6923077,-0.004067964,-0.13245654,-0.0005982497
2750,2.4,2.857143,3.6923077,-0.003032906,-0.13968207,-0.00073863723
2751,2.4,3.4285715,3.6923077,-0.014242108,-0.1299874,-0.0008155172
2752,2.4,4.0,3.6923077,-0.017526623,-0.13970889,-0.00091303966
2753,2.4,0.0,3.0769231,0.016211519,-0.13253225,0.00068783725
2754,2.4,0.5714286,3.0769231,0.014434112,-0.13533227,0.000298714
2755,2.4,1.1428572,3.0769231,0.0039605387,-0.13373978,-0.00013451882
2756,2.4,1.7142857,3.0769231,0.0052272915,-0.13767,-0.0005981242
2757,2.4,2.2857144,3.0769231,-0.004094642,-0.13265845,-0.0010359625
2758,2.4,2.857143,3.0769231,-0.0030650527,-0.13988885,-0.0014651379
2759,2.4,3.4285715,3.0769231,-0.014302587,-0.13020241,-0.0018953906
2760,2.4,4.0,3.0769231,-0.017537856,-0.13994248,-0.0022393258
2761,2.4,0.0,2.4615386,0.016258353,-0.13302164,0.0013966111
2762,2.4,0.5714286,2.4615386,0.014475341,-0.13579635,0.000773986
2763,2.4,1.1428572,2.4615386,0.0039336532,-0.13419347,5.2800144e-05
2764,2.4,1.7142857,2.4615386,0.0052430397,-0.13813277,-0.0007266155
2765,2.4,2.2857144,2.4615386,-0.004166139,-0.13307033,-0.0014743845
2766,2.4,2.857143,2.4615386,-0.0030845115,-0.14039476,-0.002197812
2767,2.4,3.4285715,2.4615386,-0.014344771,-0.1305438,-0.0027795902
2768,2.4,4.0,2.4615386,-0.017599046,-0.14041495,-0.0033325914
2769,2.4,0.0,1.8461539,0.016242996,-0.13377286,0.002350007
2770,2.4,0.5714286,1.8461539,0.014554384,-0.13661115,0.0013197436
2771,2.4,1.1428572,1.8461539,0.003908445,-0.13488604,0.00026528456
2772,2.4,1.7142857,1.8461539,0.005255876,-0.1389214,-0.0008208357
2773,2.4,2.2857144,1.8461539,-0.0042168195,-0.133756,-0.00188694
2774,2.4,2.857143,1.8461539,-0.0030910424,-0.14114338,-0.0028626241
2775,2.4,3.4285715,1.8461539,-0.014488994,-0.13127328,-0.0038469753
2776,2.4,4.0,1.8461539,-0.017583169,-0.1412594,-0.0047489647
2777,2.4,0.0,1.2307693,0.016356114,-0.13495637,0.003162315
2778,2.4,0.5714286,1.2307693,0.014609296,-0.1376959,0.0019489817
2779,2.4,1.1428572,1.2307693,0.0038661093,-0.13602439,0.0005533042
2780,2.4,1.7142857,1.2307693,0.005297569,-0.1399959,-0.00090304605
2781,2.4,2.2857144,1.2307693,-0.004281939,-0.13479532,-0.002212069
2782,2.4,2.857143,1.2307693,-0.003070552,-0.14232129,-0.0035686526
2783,2.4,3.4285715,1.2307693,-0.014471726,-0.13213845,-0.0046253474
2784,2.4,4.0,1.2307693,-0.017655194,-0.14229168,-0.005599777
2785,2.4,0.0,0.61538464,0.016678272,-0.13667583,0.0045386353
2786,2.4,0.5714286,0.61538464,0.014321485,-0.13915141,0.0025817927
2787,2.4,1.1428572,0.61538464,0.0041691624,-0.13770582,0.0008516427
2788,2.4,1.7142857,0.61538464,0.005060297,-0.14127074,-0.0008187087
2789,2.4,2.2857144,0.61538464,-0.0038102388,-0.13660015,-0.0026026142
2790,2.4,2.857143,0.61538464,-0.0030863865,-0.14322682,-0.003977618
2791,2.4,3.4285715,0.61538464,-0.013962831,-0.13412313,-0.005582324
2792,2.4,4.0,0.61538464,-0.017611796,-0.14328122,-0.0073293066
2793,2.4,0.0,0.0,0.016850607,-0.13875183,0.005057817
2794,2.4,0.5714286,0.0,0.013982352,-0.14112975,0.003451352
2795,2.4,1.1428572,0.0,0.0045266273,-0.13984126,0.0012642273
2796,2.4,1.7142857,0.0,0.0051759765,-0.14300115,-0.0009381509
2797,2.4,2.2857144,0.0,-0.0030058315,-0.13874649,-0.0025284213
2798,2.4,2.857143,0.0,-0.0026303588,-0.14454326,-0.0048691332
2799,2.4,3.4285715,0.0,-0.012721672,-0.13638143,-0.0062138434
2800,2.4,4.0,0.0,-0.016969435,-0.14384578,-0.006954915
2801,3.0,0.0,8.0,0.024903603,-0.12996723,-0.0061873444
2802,3.0,0.5714286,8.0,0.01226612,-0.1292954,-0.0038136684
2803,3.0,1.1428572,8.0,0.010273109,-0.13144104,-0.0020228748
2804,3.0,1.7142857,8.0,0.0013358338,-0.12917261,-0.0005089758
2805,3.0,2.2857144,8.0,0.00076871895,-0.132748,0.0016354115
2806,3.0,2.857143,8.0,-0.008266707,-0.12749389,0.0027472305
2807,3.0,3.4285715,8.0,-0.011202033,-0.13299426,0.0045428565
2808,3.0,4.0,8.0,-0.02394814,-0.12602869,0.0068679373
2809,3.0,0.0,7.3846154,0.025314657,-0.12814087,-0.0045403047
2810,3.0,0.5714286,7.3846154,0.012185555,-0.12746578,-0.0032877508
2811,3.0,1.1428572,7.3846154,0.010419261,-0.1298017,-0.0017631918
2812,3.0,1.7142857,7.3846154,0.0008726867,-0.12730075,-0.0001691073
2813,3.0,2.2857144,7.3846154,0.00055287214,-0.13137801,0.001106377
2814,3.0,2.857143,7.3846154,-0.009149563,-0.12558794,0.0026808348
2815,3.0,3.4285715,7.3846154,-0.011685339,-0.13199645,0.0038069782
2816,3.0,4.0,7.3846154,-0.024887383,-0.123866305,0.004621202
2817,3.0,0.0,6.769231,0.02541329,-0.12687184,-0.0039101136
2818,3.0,0.5714286,6.769231,0.011914569,-0.12594122,-0.0026063018
2819,3.0,1.1428572,6.769231,0.010666355,-0.12856625,-0.0013681254
2820,3.0,1.7142857,6.769231,0.00048189738,-0.12575457,-0.00020986925
2821,3.0,2.2857144,6.769231,0.00061194523,-0.13038112,0.0010549865
2822,3.0,2.857143,6.769231,-0.009667918,-0.12390168,0.0020624385
2823,3.0,3.4285715,6.769231,-0.011834375,-0.13121684,0.00323553
2824,3.0,4.0,6.769231,-0.02541457,-0.12239469,0.0044536963
2825,3.0,0.0,6.1538463,0.025289387,-0.12582037,-0.0028458424
2826,3.0,0.5714286,6.1538463,0.011855997,-0.12485102,-0.002034728
2827,3.0,1.1428572,6.1538463,0.010595574,-0.12758365,-0.0011084822
2828,3.0,1.7142857,6.1538463,0.0004737956,-0.12473355,-0.00015070592
2829,3.0,2.2857144,6.1538463,0.00053236773,-0.12936693,0.0007397223
2830,3.0,2.857143,6.1538463,-0.009736652,-0.12301415,0.0016544332
2831,3.0,3.4285715,6.1538463,-0.011869433,-0.13013037,0.0023851132
2832,3.0,4.0,6.1538463,-0.025392957,-0.12142099,0.0030566033
2833,3.0,0.0,5.5384617,0.025090095,-0.12503438,-0.0021286858
2834,3.0,0.5714286,5.5384617,0.011817795,-0.124183975,-0.0015172824
2835,3.0,1.1428572,5.5384617,0.010508543,-0.12681228,-0.0008522143
2836,3.0,1.7142857,5.5384617,0.00047286585,-0.124083616,-0.00019923817
2837,3.0,2.2857144,5.5384617,0.0004763548,-0.12862973,0.00046326668
2838,3.0,2.857143,5.5384617,-0.009687391,-0.12234326,0.0010625529
2839,3.0,3.4285715,5.5384617,-0.011931832,-0.1294439,0.0017097496
2840,3.0,4.0,5.5384617,-0.025314717,-0.12085133,0.0022793417
2841,3.0,0.0,4.923077,0.02499569,-0.124561265,-0.0013673468
2842,3.0,0.5714286,4.923077,0.011768352,-0.1237205,-0.0010323342
2843,3.0,1.1428572,4.923077,0.0104375705,-0.1263681,-0.00065376784
2844,3.0,1.7142857,4.923077,0.00047359994,-0.12365353,-0.0002610871
2845,3.0,2.2857144,4.923077,0.00043872406,-0.12816384,0.00013697648
2846,3.0,2.857143,4.923077,-0.009672955,-0.1219638,0.0005101277
2847,3.0,3.4285715,4.923077,-0.0119226435,-0.12892999,0.0008012732
2848,3.0,4.0,4.923077,-0.025268536,-0.12043999,0.0010852184
2849,3.0,0.0,4.3076925,0.024924608,-0.124326415,-0.0007171094
2850,3.0,0.5714286,4.3076925,0.011731876,-0.12351591,-0.000605236
2851,3.0,1.1428572,4.3076925,0.010400783,-0.12614177,-0.00047048784
2852,3.0,1.7142857,4.3076925,0.0004550829,-0.123452924,-0.0003359213
2853,3.0,2.2857144,4.3076925,0.0004219215,-0.12794769,-0.0002148615
2854,3.0,2.857143,4.3076925,-0.00966821,-0.12175548,-8.995033e-05
2855,3.0,3.4285715,4.3076925,-0.011938863,-0.12873133,7.541004e-05
2856,3.0,4.0,4.3076925,-0.025257025,-0.120256945,0.0001906622
2857,3.0,0.0,3.6923077,0.02490665,-0.12432667,-5.301304e-05
2858,3.0,0.5714286,3.6923077,0.0117141185,-0.123515904,-0.00016107465
2859,3.0,1.1428572,3.6923077,0.010383041,-0.1261419,-0.00029845265
2860,3.0,1.7142857,3.6923077,0.00043731663,-0.123452924,-0.00043015447
2861,3.0,2.2857144,3.6923077,0.00040415552,-0.12794784,-0.00055313465
2862,3.0,2.857143,3.6923077,-0.009685977,-0.1217555,-0.0006758792
2863,3.0,3.4285715,3.6923077,-0.01195663,-0.12873152,-0.00084265764
2864,3.0,4.0,3.6923077,-0.025274899,-0.12025704,-0.00095592195
2865,3.0,0.0,3.0769231,0.024942633,-0.12456159,0.0005993772
2866,3.0,0.5714286,3.0769231,0.011715183,-0.12372046,0.00026437634
2867,3.0,1.1428572,3.0769231,0.010384299,-0.1263685,-0.00011389794
2868,3.0,1.7142857,3.0769231,0.00042031074,-0.123653576,-0.00050601084
2869,3.0,2.2857144,3.0769231,0.0003854406,-0.12816422,-0.00090418325
2870,3.0,2.857143,3.0769231,-0.009726297,-0.121964015,-0.0012766384
2871,3.0,3.4285715,3.0769231,-0.011975985,-0.12893026,-0.0015679506
2872,3.0,4.0,3.0769231,-0.025321944,-0.12044013,-0.0018510652
2873,3.0,0.0,2.4615386,0.025001181,-0.125035,0.001359939
2874,3.0,0.5714286,2.4615386,0.011729091,-0.124183975,0.0007495191
2875,3.0,1.1428572,2.4615386,0.010419711,-0.12681288,8.4569634e-05
2876,3.0,1.7142857,2.4615386,0.00038414006,-0.1240838,-0.00056800334
2877,3.0,2.2857144,2.4615386,0.0003874165,-0.12863018,-0.0012303445
2878,3.0,2.857143,2.4615386,-0.009776152,-0.12234379,-0.0018292665
2879,3.0,3.4285715,2.4615386,-0.012020833,-0.12944412,-0.0024762456
2880,3.0,4.0,2.4615386,-0.02540376,-0.12085209,-0.0030453424
2881,3.0,0.0,1.8461539,0.025165236,-0.12582125,0.002077556
2882,3.0,0.5714286,1.8461539,0.011731898,-0.124850936,0.0012669894
2883,3.0,1.1428572,1.8461539,0.010471217,-0.12758453,0.00034066226
2884,3.0,1.7142857,1.8461539,0.00034950546,-0.12473372,-0.000616371
2885,3.0,2.2857144,1.8461539,0.00040794743,-0.12936759,-0.0015070125
2886,3.0,2.857143,1.8461539,-0.009861052,-0.123014785,-0.0024210247
2887,3.0,3.4285715,1.8461539,-0.011993975,-0.13013066,-0.003151808
2888,3.0,4.0,1.8461539,-0.025517583,-0.12142169,-0.0038225094
2889,3.0,0.0,1.2307693,0.025253812,-0.1268731,0.0031414456
2890,3.0,0.5714286,1.2307693,0.011754473,-0.125941,0.0018385259
2891,3.0,1.1428572,1.2307693,0.010506892,-0.12856752,0.0006004497
2892,3.0,1.7142857,1.2307693,0.0003217071,-0.12575452,-0.00055739295
2893,3.0,2.2857144,1.2307693,0.00045231043,-0.13038224,-0.001822168
2894,3.0,2.857143,1.2307693,-0.009828225,-0.12390199,-0.0028292062
2895,3.0,3.4285715,1.2307693,-0.011994155,-0.13121773,-0.004002115
2896,3.0,4.0,1.2307693,-0.025575276,-0.122395195,-0.005219589
2897,3.0,0.0,0.61538464,0.025119988,-0.12814233,0.0037720688
2898,3.0,0.5714286,0.61538464,0.011990005,-0.12746543,0.0025199777
2899,3.0,1.1428572,0.61538464,0.010224369,-0.1298032,0.0009953987
2900,3.0,1.7142857,0.61538464,0.00067682867,-0.1273007,-0.0005980459
2901,3.0,2.2857144,0.61538464,0.0003578646,-0.13137925,-0.0018737278
2902,3.0,2.857143,0.61538464,-0.009345637,-0.12558833,-0.0034475161
2903,3.0,3.4285715,0.61538464,-0.011880551,-0.13199738,-0.0045737177
2904,3.0,4.0,0.61538464,-0.025083745,-0.12386673,-0.0053873174
2905,3.0,0.0,0.0,0.024673143,-0.12996884,0.0054185856
2906,3.0,0.5714286,0.0,0.012035104,-0.12929508,0.0030459932
2907,3.0,1.1428572,0.0,0.010042604,-0.13144264,0.0012551557
2908,3.0,1.7142857,0.0,0.0011046451,-0.12917265,-0.00025834073
2909,3.0,2.2857144,0.0,0.0005379854,-0.13274914,-0.0024026406
2910,3.0,2.857143,0.0,-0.008498109,-0.12749459,-0.0035141364
2911,3.0,3.4285715,0.0,-0.01143293,-0.13299495,-0.0053095687
2912,3.0,4.0,0.0,-0.024180105,-0.1260296,-0.007633664
2913,3.6,0.0,8.0,0.024226818,-0.117019676,-0.0047652833
2914,3.6,0.5714286,8.0,0.018056097,-0.11901399,-0.0036945504
2915,3.6,1.1428572,8.0,0.007589885,-0.11813329,-0.002154846
2916,3.6,1.7142857,8.0,0.0051574833,-0.12020946,-0.00032953377
2917,3.6,2.2857144,8.0,-0.003552078,-0.11719627,0.0007007883
2918,3.6,2.857143,8.0,-0.006356678,-0.12085588,0.0025656987
2919,3.6,3.4285715,8.0,-0.016871164,-0.115683906,0.0037446835
2920,3.6,4.0,8.0,-0.023862198,-0.11990938,0.0042411042
2921,3.6,0.0,7.3846154,0.024258021,-0.115485035,-0.0045793443
2922,3.6,0.5714286,7.3846154,0.018463599,-0.117483415,-0.002989668
2923,3.6,1.1428572,7.3846154,0.0074524516,-0.11653875,-0.0016874552
2924,3.6,1.7142857,7.3846154,0.005216018,-0.11888252,-0.0005098827
2925,3.6,2.2857144,7.3846154,-0.004083584,-0.11556839,0.0009076893
2926,3.6,2.857143,7.3846154,-0.0066100433,-0.11978013,0.0018975409
2927,3.6,3.4285715,7.3846154,-0.01771752,-0.1139991,0.003169271
2928,3.6,4.0,7.3846154,-0.02438401,-0.11914502,0.0047322614
2929,3.6,0.0,6.769231,0.023940789,-0.114039384,-0.003382449
2930,3.6,0.5714286,6.769231,0.018717412,-0.116362005,-0.0024673187
2931,3.6,1.1428572,6.769231,0.007208268,-0.11519999,-0.0014208705
2932,3.6,1.7142857,6.769231,0.005353368,-0.1178892,-0.0003163386
2933,3.6,2.2857144,6.769231,-0.004472489,-0.11415855,0.0006116644
2934,3.6,2.857143,6.769231,-0.0066991393,-0.11900118,0.001694347
2935,3.6,3.4285715,6.769231,-0.018199619,-0.11255166,0.0025099302
2936,3.6,4.0,6.769231,-0.024353793,-0.1182899,0.0031623272
2937,3.6,0.0,6.1538463,0.023783382,-0.113073975,-0.0027636047
2938,3.6,0.5714286,6.1538463,0.0186237,-0.11547708,-0.001922637
2939,3.6,1.1428572,6.1538463,0.007176547,-0.114235006,-0.0011127994
2940,3.6,1.7142857,6.1538463,0.0052933875,-0.11700849,-0.00032132486
2941,3.6,2.2857144,6.1538463,-0.0045511727,-0.11329359,0.0004963695
2942,3.6,2.857143,6.1538463,-0.0067675067,-0.1180705,0.001197795
2943,3.6,3.4285715,6.1538463,-0.018299274,-0.111773625,0.0019967388
2944,3.6,4.0,6.1538463,-0.024412496,-0.1174796,0.0028151046
2945,3.6,0.0,5.5384617,0.02368025,-0.1124294,-0.00196246
2946,3.6,0.5714286,5.5384617,0.018494211,-0.11474639,-0.0014435316
2947,3.6,1.1428572,5.5384617,0.0071496093,-0.11364209,-0.0008822222
2948,3.6,1.7142857,5.5384617,0.005211024,-0.11631468,-0.0003055796
2949,3.6,2.2857144,5.5384617,-0.004535024,-0.11269538,0.0002490367
2950,3.6,2.857143,5.5384617,-0.006846763,-0.11742167,0.0008059529
2951,3.6,3.4285715,5.5384617,-0.018242074,-0.11115863,0.0012508156
2952,3.6,4.0,5.5384617,-0.024371076,-0.11677352,0.0016639216
2953,3.6,0.0,4.923077,0.023582654,-0.1119992,-0.0013343231
2954,3.6,0.5714286,4.923077,0.018394424,-0.11433378,-0.0010126102
2955,3.6,1.1428572,4.923077,0.0071192873,-0.11322082,-0.00067788595
2956,3.6,1.7142857,4.923077,0.0051562064,-0.11589413,-0.00032795258
2957,3.6,2.2857144,4.923077,-0.004540719,-0.112313084,-2.5341144e-06
2958,3.6,2.857143,4.923077,-0.006861327,-0.11697016,0.0003165055
2959,3.6,3.4285715,4.923077,-0.018229375,-0.11082089,0.0006716933
2960,3.6,4.0,4.923077,-0.02437438,-0.11636555,0.000998354
2961,3.6,0.0,4.3076925,0.023527429,-0.11179323,-0.00070156384
2962,3.6,0.5714286,4.3076925,0.0183407,-0.11411198,-0.0005964904
2963,3.6,1.1428572,4.3076925,0.007087323,-0.11303161,-0.00048695845
2964,3.6,1.7142857,4.3076925,0.0051248665,-0.115684524,-0.00038291363
2965,3.6,2.2857144,4.3076925,-0.004549825,-0.11212064,-0.00025818014
2966,3.6,2.857143,4.3076925,-0.0068825115,-0.11677299,-0.00015381836
2967,3.6,3.4285715,4.3076925,-0.018219912,-0.110619254,-0.00010070603
2968,3.6,4.0,4.3076925,-0.02436107,-0.11615103,-3.8157843e-05
2969,3.6,0.0,3.6923077,0.023509867,-0.1117931,-0.000100289064
2970,3.6,0.5714286,3.6923077,0.018323008,-0.11411211,-0.00020734021
2971,3.6,1.1428572,3.6923077,0.0070695425,-0.11303159,-0.0003142662
2972,3.6,1.7142857,3.6923077,0.0051071355,-0.115684666,-0.00041997578
2973,3.6,2.2857144,3.6923077,-0.0045676185,-0.112120636,-0.00054261636
2974,3.6,2.857143,3.6923077,-0.0069002593,-0.11677312,-0.0006482607
2975,3.6,3.4285715,3.6923077,-0.018237745,-0.11061923,-0.0006995379
2976,3.6,4.0,3.6923077,-0.024378818,-0.11615112,-0.00076303096
2977,3.6,0.0,3.0769231,0.023529297,-0.11199914,0.0005310657
2978,3.6,0.5714286,3.0769231,0.018341186,-0.11433425,0.00020988216
2979,3.6,1.1428572,3.0769231,0.0070660096,-0.11322074,-0.00012425047
2980,3.6,1.7142857,3.0769231,0.005102976,-0.11589453,-0.00047419104
2981,3.6,2.2857144,3.0769231,-0.0045940806,-0.11231312,-0.0007989023
2982,3.6,2.857143,3.0769231,-0.006914584,-0.116970465,-0.001118051
2983,3.6,3.4285715,3.0769231,-0.018282803,-0.110821046,-0.0014724269
2984,3.6,4.0,3.0769231,-0.02442777,-0.1163659,-0.0017990412
2985,3.6,0.0,2.4615386,0.023591755,-0.112429254,0.0011596195
2986,3.6,0.5714286,2.4615386,0.018405521,-0.11474706,0.00064075843
2987,3.6,1.1428572,2.4615386,0.007060858,-0.11364203,7.997539e-05
2988,3.6,1.7142857,2.4615386,0.005122206,-0.11631523,-0.00049642206
2989,3.6,2.2857144,2.4615386,-0.0046238396,-0.11269558,-0.0010506598
2990,3.6,2.857143,2.4615386,-0.0069356645,-0.11742199,-0.001607337
2991,3.6,3.4285715,2.4615386,-0.018331029,-0.111159034,-0.0020517518
2992,3.6,4.0,2.4615386,-0.024460092,-0.116773695,-0.002464468
2993,3.6,0.0,1.8461539,0.023659138,-0.113073766,0.001960429
2994,3.6,0.5714286,1.8461539,0.018499458,-0.11547811,0.0011198026
2995,3.6,1.1428572,1.8461539,0.0070522465,-0.114234835,0.00031070353
2996,3.6,1.7142857,1.8461539,0.0051691257,-0.11700932,-0.0004808573
2997,3.6,2.2857144,1.8461539,-0.004675637,-0.11329376,-0.0012978625
2998,3.6,2.857143,1.8461539,-0.006891852,-0.118071005,-0.001999337
2999,3.6,3.4285715,1.8461539,-0.018423911,-0.111774124,-0.0027975484
3000,3.6,4.0,1.8461539,-0.024537079,-0.11748007,-0.0036157004
3001,3.6,0.0,1.2307693,0.023780927,-0.11403887,0.0025795999
3002,3.6,0.5714286,1.2307693,0.018558139,-0.1163634,0.0016645323
3003,3.6,1.1428572,1.2307693,0.007048082,-0.11519959,0.0006186328
3004,3.6,1.7142857,1.2307693,0.0051939175,-0.117890455,-0.00048571444
3005,3.6,2.2857144,1.2307693,-0.0046328222,-0.11415846,-0.0014133074
3006,3.6,2.857143,1.2307693,-0.0068587433,-0.11900214,-0.0024957987
3007,3.6,3.4285715,1.2307693,-0.018360185,-0.11255181,-0.003310865
3008,3.6,4.0,1.2307693,-0.024513617,-0.11829072,-0.0039630095
3009,3.6,0.0,0.61538464,0.02406239,-0.11548443,0.0037760467
3010,3.6,0.5714286,0.61538464,0.018268848,-0.11748516,0.0021869077
3011,3.6,1.1428572,0.61538464,0.007256633,-0.116538204,0.0008853271
3012,3.6,1.7142857,0.61538464,0.0050212224,-0.11888399,-0.0002923134
3013,3.6,2.2857144,0.61538464,-0.004279663,-0.11556827,-0.0017092236
3014,3.6,2.857143,0.61538464,-0.0068049864,-0.11978122,-0.0026991423
3015,3.6,3.4285715,0.61538464,-0.017913848,-0.11399932,-0.0039701667
3016,3.6,4.0,0.61538464,-0.024579303,-0.11914606,-0.005532692
3017,3.6,0.0,0.0,0.023995923,-0.11701898,0.0039626877
3018,3.6,0.5714286,0.0,0.017825944,-0.11901589,0.0028916793
3019,3.6,1.1428572,0.0,0.0073585804,-0.11813269,0.001352657
3020,3.6,1.7142857,0.0,0.004927122,-0.120211035,-0.00047253404
3021,3.6,2.2857144,0.0,-0.0037836113,-0.11719625,-0.0015025134
3022,3.6,2.857143,0.0,-0.0065872176,-0.12085688,-0.003367193
3023,3.6,3.4285715,0.0,-0.017103035,-0.115684316,-0.0045456546
3024,3.6,4.0,0.0,-0.024092944,-0.11991027,-0.00504208
3025,4.2,0.0,8.0,0.029963892,-0.10581883,-0.0049662497
3026,4.2,0.5714286,8.0,0.016729983,-0.10572711,-0.003155523
3027,4.2,1.1428572,8.0,0.0114655625,-0.106836714,-0.0017554447
3028,4.2,1.7142857,8.0,0.0022903804,-0.10563038,-0.00077515584
3029,4.2,2.2857144,8.0,-0.0013789997,-0.10773133,0.0009068614
3030,4.2,2.857143,8.0,-0.010509398,-0.104392,0.0017268927
3031,4.2,3.4285715,8.0,-0.016312284,-0.10768771,0.0030306897
3032,4.2,4.0,8.0,-0.02916445,-0.10353149,0.00491988
3033,4.2,0.0,7.3846154,0.030440947,-0.10438043,-0.0036092456
3034,4.2,0.5714286,7.3846154,0.016907815,-0.10440992,-0.0027282801
3035,4.2,1.1428572,7.3846154,0.0117510455,-0.10559767,-0.0016244268
3036,4.2,1.7142857,7.3846154,0.0021086268,-0.10426279,-0.00041470604
3037,4.2,2.2857144,7.3846154,-0.0014149031,-0.10669119,0.00047035384
3038,4.2,2.857143,7.3846154,-0.011062112,-0.10300053,0.0016790703
3039,4.2,3.4285715,7.3846154,-0.016685952,-0.10683736,0.0025399767
3040,4.2,4.0,7.3846154,-0.029780785,-0.102063134,0.0030619646
3041,4.2,0.0,6.769231,0.030575037,-0.10348346,-0.0032027883
3042,4.2,0.5714286,6.769231,0.016745005,-0.10323551,-0.00219458
3043,4.2,1.1428572,6.769231,0.011979766,-0.10466493,-0.0012764953
3044,4.2,1.7142857,6.769231,0.0018654378,-0.10309444,-0.00044927193
3045,4.2,2.2857144,6.769231,-0.0013979102,-0.105927415,0.00050078967
3046,4.2,2.857143,6.769231,-0.011447883,-0.10177496,0.0012128607
3047,4.2,3.4285715,6.769231,-0.0167939,-0.106184065,0.0021118387
3048,4.2,4.0,6.769231,-0.030166687,-0.100970045,0.0031286194
3049,4.2,0.0,6.1538463,0.03040629,-0.10265421,-0.0023746295
3050,4.2,0.5714286,6.1538463,0.016672146,-0.1023564,-0.0017405638
3051,4.2,1.1428572,6.1538463,0.011925763,-0.10391853,-0.0010556674
3052,4.2,1.7142857,6.1538463,0.0017990441,-0.10228597,-0.000349775
3053,4.2,2.2857144,6.1538463,-0.0014615349,-0.105153285,0.00027689376
3054,4.2,2.857143,6.1538463,-0.01157646,-0.10105822,0.0009771482
3055,4.2,3.4285715,6.1538463,-0.016853806,-0.1053948,0.0015038857
3056,4.2,4.0,6.1538463,-0.030135002,-0.100209,0.0019616634
3057,4.2,0.0,5.5384617,0.03020348,-0.10201656,-0.0018078695
3058,4.2,0.5714286,5.5384617,0.01659609,-0.10183801,-0.0013281448
3059,4.2,1.1428572,5.5384617,0.011820549,-0.10327759,-0.0008371425
3060,4.2,1.7142857,5.5384617,0.0017889485,-0.10176571,-0.00035584735
3061,4.2,2.2857144,5.5384617,-0.0015541114,-0.10455674,0.00012640613
3062,4.2,2.857143,5.5384617,-0.011552672,-0.10052552,0.0005551726
3063,4.2,3.4285715,5.5384617,-0.01691012,-0.10483292,0.0010593153
3064,4.2,4.0,5.5384617,-0.030092629,-0.0997377,0.0015592857
3065,4.2,0.0,4.923077,0.030057648,-0.101618044,-0.0012228815
3066,4.2,0.5714286,4.923077,0.016531747,-0.101439394,-0.0009420784
3067,4.2,1.1428572,4.923077,0.011744221,-0.102911055,-0.0006559026
3068,4.2,1.7142857,4.923077,0.0017603941,-0.101402916,-0.00037230784
3069,4.2,2.2857144,4.923077,-0.0015887717,-0.10417017,-8.554505e-05
3070,4.2,2.857143,4.923077,-0.011563707,-0.10020014,0.00019758362
3071,4.2,3.4285715,4.923077,-0.016913189,-0.10442551,0.00040253633
3072,4.2,4.0,4.923077,-0.030014154,-0.09939157,0.00060024863
3073,4.2,0.0,4.3076925,0.02998232,-0.10142045,-0.000679271
3074,4.2,0.5714286,4.3076925,0.016481707,-0.10126906,-0.00059758045
3075,4.2,1.1428572,4.3076925,0.011699019,-0.10271388,-0.0004989307
3076,4.2,1.7142857,4.3076925,0.0017385909,-0.10123093,-0.0003952776
3077,4.2,2.2857144,4.3076925,-0.001619576,-0.10398456,-0.0003095878
3078,4.2,2.857143,4.3076925,-0.011565062,-0.10002244,-0.00022228532
3079,4.2,3.4285715,4.3076925,-0.016926212,-0.10425184,-8.3317245e-05
3080,4.2,4.0,4.3076925,-0.030010846,-0.099232525,3.858121e-05
3081,4.2,0.0,3.6923077,0.029964454,-0.10142068,-0.0001596129
3082,4.2,0.5714286,3.6923077,0.0164639,-0.101269014,-0.00023897902
3083,4.2,1.1428572,3.6923077,0.011681322,-0.10271403,-0.00033887863
3084,4.2,1.7142857,3.6923077,0.0017207841,-0.10123089,-0.00044060548
3085,4.2,2.2857144,3.6923077,-0.0016372959,-0.103984684,-0.0005273621
3086,4.2,2.857143,3.6923077,-0.011582888,-0.10002243,-0.0006129776
3087,4.2,3.4285715,3.6923077,-0.016943946,-0.10425197,-0.0007527384
3088,4.2,4.0,3.6923077,-0.030028716,-0.09923254,-0.0008729395
3089,4.2,0.0,3.0769231,0.030004684,-0.10161849,0.00038493093
3090,4.2,0.5714286,3.0769231,0.016478496,-0.10143913,0.00010475597
3091,4.2,1.1428572,3.0769231,0.011691047,-0.10291153,-0.00018126184
3092,4.2,1.7142857,3.0769231,0.0017070232,-0.1014028,-0.0004641379
3093,4.2,2.2857144,3.0769231,-0.00164197,-0.10417053,-0.00075092324
3094,4.2,2.857143,3.0769231,-0.011617155,-0.10020015,-0.0010332832
3095,4.2,3.4285715,3.0769231,-0.016966464,-0.104425766,-0.0012382003
3096,4.2,4.0,3.0769231,-0.030067708,-0.09939155,-0.0014350202
3097,4.2,0.0,2.4615386,0.030114723,-0.102017306,0.0009696964
3098,4.2,0.5714286,2.4615386,0.016507305,-0.101837754,0.00049077946
3099,4.2,1.1428572,2.4615386,0.0117318565,-0.10327827,1.0265944e-07
3100,4.2,1.7142857,2.4615386,0.0017000972,-0.10176562,-0.0004807623
3101,4.2,2.2857144,2.4615386,-0.0016429012,-0.10455719,-0.0009627172
3102,4.2,2.857143,2.4615386,-0.011641622,-0.100525685,-0.0013910519
3103,4.2,3.4285715,2.4615386,-0.016999017,-0.10483318,-0.0018948065
3104,4.2,4.0,2.4615386,-0.030181777,-0.09973796,-0.0023941773
3105,4.2,0.0,1.8461539,0.030282412,-0.102655254,0.0015366683
3106,4.2,0.5714286,1.8461539,0.016547862,-0.10235587,0.0009032646
3107,4.2,1.1428572,1.8461539,0.0118016545,-0.103919566,0.00021849036
3108,4.2,1.7142857,1.8461539,0.0016745392,-0.10228573,-0.0004867051
3109,4.2,2.2857144,1.8461539,-0.0015857179,-0.105153985,-0.0011133415
3110,4.2,2.857143,1.8461539,-0.011701133,-0.10105835,-0.0018129257
3111,4.2,3.4285715,1.8461539,-0.016978148,-0.10539521,-0.0023395042
3112,4.2,4.0,1.8461539,-0.030259924,-0.10020914,-0.0027965368
3113,4.2,0.0,1.2307693,0.030415766,-0.10348505,0.0023645381
3114,4.2,0.5714286,1.2307693,0.016584812,-0.103234746,0.0013572356
3115,4.2,1.1428572,1.2307693,0.01182049,-0.10466638,0.00043943946
3116,4.2,1.7142857,1.2307693,0.0017050966,-0.10309394,-0.00038733604
3117,4.2,2.2857144,1.2307693,-0.0015573403,-0.105928525,-0.0013371393
3118,4.2,2.857143,1.2307693,-0.011608407,-0.10177482,-0.0020487546
3119,4.2,3.4285715,1.2307693,-0.016953528,-0.106184915,-0.002947391
3120,4.2,4.0,1.2307693,-0.030327525,-0.100970015,-0.0039633852
3121,4.2,0.0,0.61538464,0.030246569,-0.10438228,0.0027714402
3122,4.2,0.5714286,0.61538464,0.016712055,-0.104408845,0.001890931
3123,4.2,1.1428572,0.61538464,0.011556434,-0.10559946,0.00078727433
3124,4.2,1.7142857,0.61538464,0.0019125487,-0.10426212,-0.0004217794
3125,4.2,2.2857144,0.61538464,-0.0016096294,-0.106692515,-0.0013068395
3126,4.2,2.857143,0.61538464,-0.011258435,-0.103000335,-0.002514881
3127,4.2,3.4285715,0.61538464,-0.016880916,-0.1068383,-0.0033755992
3128,4.2,4.0,0.61538464,-0.029977426,-0.102063,-0.0038970294
3129,4.2,0.0,0.0,0.029733898,-0.10582105,0.0041277306
3130,4.2,0.5714286,0.0,0.01649854,-0.10572588,0.0023183646
3131,4.2,1.1428572,0.0,0.011235542,-0.10683878,0.00091836863
3132,4.2,1.7142857,0.0,0.0020587177,-0.105629615,-6.146443e-05
3133,4.2,2.2857144,0.0,-0.0016091907,-0.10773273,-0.0017432068
3134,4.2,2.857143,0.0,-0.010741317,-0.10439189,-0.0025628554
3135,4.2,3.4285715,0.0,-0.016542677,-0.107688665,-0.003866356
3136,4.2,4.0,0.0,-0.029396802,-0.10353148,-0.0057544746
3137,4.8,0.0,8.0,0.029694673,-0.09211425,-0.0034643381
3138,4.8,0.5714286,8.0,0.020524098,-0.09265492,-0.002699258
3139,4.8,1.1428572,8.0,0.009898666,-0.09298502,-0.0016908918
3140,4.8,1.7142857,8.0,0.0044811503,-0.09371404,-0.0003006397
3141,4.8,2.2857144,8.0,-0.0041129356,-0.09215042,0.00037969748
3142,4.8,2.857143,8.0,-0.009742042,-0.094256826,0.0016739075
3143,4.8,3.4285715,8.0,-0.020043831,-0.091076426,0.0025562672
3144,4.8,4.0,8.0,-0.029648695,-0.09358012,0.0027805176
3145,4.8,0.0,7.3846154,0.030005723,-0.091121405,-0.0033906985
3146,4.8,0.5714286,7.3846154,0.021021986,-0.0914937,-0.0022387225
3147,4.8,1.1428572,7.3846154,0.010034581,-0.09187449,-0.0012859469
3148,4.8,1.7142857,7.3846154,0.0046915123,-0.09275705,-0.00048005366
3149,4.8,2.2857144,7.3846154,-0.004365593,-0.09102473,0.0005341979
3150,4.8,2.857143,7.3846154,-0.009876986,-0.09347148,0.001211413
3151,4.8,3.4285715,7.3846154,-0.020607917,-0.089953296,0.0021025587
3152,4.8,4.0,7.3846154,-0.030062003,-0.09293959,0.0032846937
3153,4.8,0.0,6.769231,0.029784644,-0.09000919,-0.0025213303
3154,4.8,0.5714286,6.769231,0.0212869,-0.09068111,-0.0018466034
3155,4.8,1.1428572,6.769231,0.009937652,-0.090923585,-0.0011043655
3156,4.8,1.7142857,6.769231,0.00479967,-0.092048,-0.00032909028
3157,4.8,2.2857144,6.769231,-0.004601672,-0.09002881,0.00030228702
3158,4.8,2.857143,6.769231,-0.009963774,-0.09290026,0.0010737919
3159,4.8,3.4285715,6.769231,-0.020963464,-0.088957146,0.0016350356
3160,4.8,4.0,6.769231,-0.029985283,-0.09233209,0.0020317973
3161,4.8,0.0,6.1538463,0.029628104,-0.089302786,-0.0020638735
3162,4.8,0.5714286,6.1538463,0.021186398,-0.090067536,-0.0014675456
3163,4.8,1.1428572,6.1538463,0.00986843,-0.09018935,-0.00089148636
3164,4.8,1.7142857,6.1538463,0.0047641527,-0.09141946,-0.0003424409
3165,4.8,2.2857144,6.1538463,-0.004726624,-0.08938388,0.00023287444
3166,4.8,2.857143,6.1538463,-0.010026492,-0.09224907,0.0006988641
3167,4.8,3.4285715,6.1538463,-0.021061106,-0.08836298,0.0012846879
3168,4.8,4.0,6.1538463,-0.030029546,-0.091748655,0.0019271765
3169,4.8,0.0,5.5384617,0.029449405,-0.088820376,-0.0015383946
3170,4.8,0.5714286,5.5384617,0.021051865,-0.0894887,-0.0011386296
3171,4.8,1.1428572,5.5384617,0.009827349,-0.08975867,-0.0007330434
3172,4.8,1.7142857,5.5384617,0.004656656,-0.09088917,-0.00033904114
3173,4.8,2.2857144,5.5384617,-0.0047258465,-0.08893766,4.193414e-05
3174,4.8,2.857143,5.5384617,-0.010117937,-0.09175358,0.0004385065
3175,4.8,3.4285715,5.5384617,-0.021038981,-0.08791322,0.00073750626
3176,4.8,4.0,5.5384617,-0.029970607,-0.09123256,0.0010017325
3177,4.8,0.0,4.923077,0.029347748,-0.0884904,-0.0010778775
3178,4.8,0.5714286,4.923077,0.02093744,-0.089180164,-0.0008477717
3179,4.8,1.1428572,4.923077,0.009773668,-0.08942456,-0.0006094085
3180,4.8,1.7142857,4.923077,0.0046067447,-0.09056471,-0.00036411948
3181,4.8,2.2857144,4.923077,-0.0047584665,-0.088638484,-0.0001374647
3182,4.8,2.857143,4.923077,-0.010137531,-0.091409795,7.416918e-05
3183,4.8,3.4285715,4.923077,-0.02102885,-0.087638415,0.0003464517
3184,4.8,4.0,4.923077,-0.02997596,-0.090918094,0.00062425656
3185,4.8,0.0,4.3076925,0.029264385,-0.08832726,-0.00065706624
3186,4.8,0.5714286,4.3076925,0.02087926,-0.088998966,-0.0005660461
3187,4.8,1.1428572,4.3076925,0.009737549,-0.08927687,-0.00048588036
3188,4.8,1.7142857,4.3076925,0.0045643835,-0.090397425,-0.00041720504
3189,4.8,2.2857144,4.3076925,-0.004771503,-0.08848584,-0.00033150055
3190,4.8,2.857143,4.3076925,-0.010164347,-0.091251455,-0.00025216193
3191,4.8,3.4285715,4.3076925,-0.021027694,-0.08748253,-0.00022977873
3192,4.8,4.0,4.3076925,-0.029952742,-0.09075215,-0.00021010946
3193,4.8,0.0,3.6923077,0.029246796,-0.08832708,-0.00021502336
3194,4.8,0.5714286,3.6923077,0.020861605,-0.088999115,-0.00030681287
3195,4.8,1.1428572,3.6923077,0.0097197285,-0.089276776,-0.0003852216
3196,4.8,1.7142857,3.6923077,0.0045466935,-0.090397574,-0.0004546759
3197,4.8,2.2857144,3.6923077,-0.0047893403,-0.08848578,-0.00053884735
3198,4.8,2.857143,3.6923077,-0.01018206,-0.09125157,-0.000618807
3199,4.8,3.4285715,3.6923077,-0.021045566,-0.08748248,-0.0006397068
3200,4.8,4.0,3.6923077,-0.02997051,-0.090752214,-0.00065975694
3201,4.8,0.0,3.0769231,0.029294305,-0.088490054,0.000205151
3202,4.8,0.5714286,3.0769231,0.020884307,-0.089180775,-2.455797e-05
3203,4.8,1.1428572,3.0769231,0.009720309,-0.08942424,-0.00026215854
3204,4.8,1.7142857,3.0769231,0.004553597,-0.09056515,-0.00050735025
3205,4.8,2.2857144,3.0769231,-0.004811918,-0.08863834,-0.0007332555
3206,4.8,2.857143,3.0769231,-0.010190727,-0.09141008,-0.0009448055
3207,4.8,3.4285715,3.0769231,-0.021082386,-0.08763839,-0.0012162525
3208,4.8,4.0,3.0769231,-0.030029241,-0.09091837,-0.0014937861
3209,4.8,0.0,2.4615386,0.029360862,-0.088819854,0.0006657452
3210,4.8,0.5714286,2.4615386,0.020963302,-0.089489475,0.00026638468
3211,4.8,1.1428572,2.4615386,0.009738474,-0.08975829,-0.00013865919
3212,4.8,1.7142857,2.4615386,0.004567979,-0.09088978,-0.00053227873
3213,4.8,2.2857144,2.4615386,-0.0048148213,-0.08893754,-0.000912818
3214,4.8,2.857143,2.4615386,-0.010206719,-0.09175391,-0.0013089881
3215,4.8,3.4285715,2.4615386,-0.021128105,-0.0879133,-0.0016074784
3216,4.8,4.0,2.4615386,-0.030059565,-0.09123278,-0.0018711523
3217,4.8,0.0,1.8461539,0.029503658,-0.08930203,0.0011910971
3218,4.8,0.5714286,1.8461539,0.021062411,-0.09006884,0.0005952298
3219,4.8,1.1428572,1.8461539,0.009743922,-0.090188675,1.989995e-05
3220,4.8,1.7142857,1.8461539,0.004640112,-0.09142041,-0.0005289952
3221,4.8,2.2857144,1.8461539,-0.0048513208,-0.08938361,-0.0011036587
3222,4.8,2.857143,1.8461539,-0.01015065,-0.09224962,-0.0015694557
3223,4.8,3.4285715,1.8461539,-0.021186003,-0.088363014,-0.0021545666
3224,4.8,4.0,1.8461539,-0.030153906,-0.09174912,-0.0027965964
3225,4.8,0.0,1.2307693,0.029624715,-0.09000792,0.0016487567
3226,4.8,0.5714286,1.2307693,0.021127792,-0.09068283,0.000974351
3227,4.8,1.1428572,1.2307693,0.009777316,-0.090922594,0.00023267888
3228,4.8,1.7142857,1.2307693,0.0046404013,-0.09204936,-0.0005422425
3229,4.8,2.2857144,1.2307693,-0.0047621927,-0.09002826,-0.0011731745
3230,4.8,2.857143,1.2307693,-0.010123221,-0.09290117,-0.0019443078
3231,4.8,3.4285715,1.2307693,-0.021124225,-0.088956915,-0.0025049946
3232,4.8,4.0,1.2307693,-0.030145021,-0.09233281,-0.0029013325
3233,4.8,0.0,0.61538464,0.029809872,-0.09111993,0.002517738
3234,4.8,0.5714286,0.61538464,0.020827496,-0.091495916,0.0013664924
3235,4.8,1.1428572,0.61538464,0.009838543,-0.091873184,0.00041436983
3236,4.8,1.7142857,0.61538464,0.0044969567,-0.092758745,-0.00039138424
3237,4.8,2.2857144,0.61538464,-0.004561903,-0.09102401,-0.0014049858
3238,4.8,2.857143,0.61538464,-0.010071713,-0.09347257,-0.0020820324
3239,4.8,3.4285715,0.61538464,-0.020804495,-0.08995302,-0.0029725083
3240,4.8,4.0,0.61538464,-0.030257044,-0.092940494,-0.0041539683
3241,4.8,0.0,0.0,0.029463382,-0.09211226,0.0025921816
3242,4.8,0.5714286,0.0,0.020294389,-0.09265756,0.0018268898
3243,4.8,1.1428572,0.0,0.009666887,-0.092983395,0.00081928755
3244,4.8,1.7142857,0.0,0.0042512785,-0.093716,-0.0005706633
3245,4.8,2.2857144,0.0,-0.004344963,-0.092149615,-0.0012506215
3246,4.8,2.857143,0.0,-0.009972096,-0.094257966,-0.002544445
3247,4.8,3.4285715,0.0,-0.020276155,-0.09107615,-0.003426228
3248,4.8,4.0,0.0,-0.029879045,-0.093581066,-0.0036503116
3249,5.4,0.0,8.0,0.03330191,-0.07781775,-0.0032548038
3250,5.4,0.5714286,8.0,0.019978117,-0.07945727,-0.0020556445
3251,5.4,1.1428572,8.0,0.011959292,-0.07880288,-0.00097275473
3252,5.4,1.7142857,8.0,0.002979958,-0.07906521,-0.00039106136
3253,5.4,2.2857144,8.0,-0.0032730289,-0.07990221,0.0006880636
3254,5.4,2.857143,8.0,-0.012197701,-0.078075916,0.0012576134
3255,5.4,3.4285715,8.0,-0.020263037,-0.08008283,0.0019896058
3256,5.4,4.0,8.0,-0.03288224,-0.07748386,0.003319228
3257,5.4,0.0,7.3846154,0.03385475,-0.07662096,-0.0023422427
3258,5.4,0.5714286,7.3846154,0.020451687,-0.07862454,-0.0016801595
3259,5.4,1.1428572,7.3846154,0.012400121,-0.07794407,-0.0009627706
3260,5.4,1.7142857,7.3846154,0.0030542226,-0.07819273,-0.00016969771
3261,5.4,2.2857144,7.3846154,-0.0031732214,-0.07922125,0.0003980795
3262,5.4,2.857143,7.3846154,-0.012495825,-0.077219024,0.0011531801
3263,5.4,3.4285715,7.3846154,-0.020559793,-0.07953054,0.0016923443
3264,5.4,4.0,7.3846154,-0.03328885,-0.07662186,0.0019300287
3265,5.4,0.0,6.769231,0.034043074,-0.07606413,-0.002003145
3266,5.4,0.5714286,6.769231,0.020396778,-0.077865385,-0.0013734002
3267,5.4,1.1428572,6.769231,0.012596028,-0.077310815,-0.00076514005
3268,5.4,1.7142857,6.769231,0.0029575862,-0.07742084,-0.00021859769
3269,5.4,2.2857144,6.769231,-0.0031781816,-0.07873558,0.00037762738
3270,5.4,2.857143,6.769231,-0.012759184,-0.07642581,0.00081101427
3271,5.4,3.4285715,6.769231,-0.020645695,-0.079111315,0.0013886451
3272,5.4,4.0,6.769231,-0.033531584,-0.075904906,0.0021085239
3273,5.4,0.0,6.1538463,0.033794884,-0.07550351,-0.0015753045
3274,5.4,0.5714286,6.1538463,0.020302376,-0.07722201,-0.001107467
3275,5.4,1.1428572,6.1538463,0.012558822,-0.076837525,-0.0006547953
3276,5.4,1.7142857,6.1538463,0.0028435052,-0.076862864,-0.0002099336
3277,5.4,2.2857144,6.1538463,-0.003226988,-0.07822575,0.00017711041
3278,5.4,2.857143,6.1538463,-0.012897541,-0.075921774,0.00062957755
3279,5.4,3.4285715,6.1538463,-0.020695973,-0.078600526,0.00094342435
3280,5.4,4.0,6.1538463,-0.03349303,-0.07539178,0.0012049747
3281,5.4,0.0,5.5384617,0.03362571,-0.075050935,-0.0012081498
3282,5.4,0.5714286,5.5384617,0.020191796,-0.07689102,-0.0008952463
3283,5.4,1.1428572,5.5384617,0.012432451,-0.076374836,-0.00057952665
3284,5.4,1.7142857,5.5384617,0.0028280076,-0.076505125,-0.0002662107
3285,5.4,2.2857144,5.5384617,-0.0033330235,-0.077799775,3.497919e-05
3286,5.4,2.857143,5.5384617,-0.012897109,-0.07555321,0.0002952289
3287,5.4,3.4285715,5.5384617,-0.02074539,-0.07819348,0.00064115186
3288,5.4,4.0,5.5384617,-0.033471074,-0.07505526,0.0010254674
3289,5.4,0.0,4.923077,0.033432223,-0.07476762,-0.00091259775
3290,5.4,0.5714286,4.923077,0.020116625,-0.076590694,-0.00070240535
3291,5.4,1.1428572,4.923077,0.012364431,-0.07611582,-0.00051441725
3292,5.4,1.7142857,4.923077,0.0027720632,-0.076239735,-0.00033617707
3293,5.4,2.2857144,4.923077,-0.003367956,-0.07751813,-0.0001594577
3294,5.4,2.857143,4.923077,-0.012923428,-0.075309806,2.9001454e-05
3295,5.4,3.4285715,4.923077,-0.020755015,-0.077904105,0.00014339204
3296,5.4,4.0,4.923077,-0.033396512,-0.0748054,0.00025214438
3297,5.4,0.0,4.3076925,0.033365436,-0.07462145,-0.0005895666
3298,5.4,0.5714286,4.3076925,0.020055354,-0.07646877,-0.00054008357
3299,5.4,1.1428572,4.3076925,0.012308784,-0.07596734,-0.00047622353
3300,5.4,1.7142857,4.3076925,0.0027490226,-0.076112054,-0.00040880585
3301,5.4,2.2857144,4.3076925,-0.0034059228,-0.0773786,-0.00035372825
3302,5.4,2.857143,4.3076925,-0.0129310405,-0.07517817,-0.00030577675
3303,5.4,3.4285715,4.3076925,-0.020766983,-0.07777016,-0.00019573081
3304,5.4,4.0,4.3076925,-0.03339764,-0.0746853,-7.936279e-05
3305,5.4,0.0,3.6923077,0.033347547,-0.07462169,-0.0003185663
3306,5.4,0.5714286,3.6923077,0.020037536,-0.07646867,-0.00036639356
3307,5.4,1.1428572,3.6923077,0.0122911185,-0.07596751,-0.00043070098
3308,5.4,1.7142857,3.6923077,0.0027311826,-0.07611195,-0.0004967162
3309,5.4,2.2857144,3.6923077,-0.0034236186,-0.07737872,-0.0005522105
3310,5.4,2.857143,3.6923077,-0.012948899,-0.0751781,-0.00059883983
3311,5.4,3.4285715,3.6923077,-0.020784708,-0.077770256,-0.00070913567
3312,5.4,4.0,3.6923077,-0.033415496,-0.074685276,-0.0008240845
3313,5.4,0.0,3.0769231,0.03337939,-0.07476828,4.899594e-06
3314,5.4,0.5714286,3.0769231,0.020063287,-0.07659009,-0.00020443951
3315,5.4,1.1428572,3.0769231,0.012311332,-0.07611641,-0.00039217068
3316,5.4,1.7142857,3.0769231,0.002718616,-0.07623939,-0.00056964834
3317,5.4,2.2857144,3.0769231,-0.0034210985,-0.07751848,-0.0007462066
3318,5.4,2.857143,3.0769231,-0.012976959,-0.07530965,-0.0009338763
3319,5.4,3.4285715,3.0769231,-0.02080824,-0.0779043,-0.0010480182
3320,5.4,4.0,3.0769231,-0.033450194,-0.07480528,-0.0011558593
3321,5.4,0.0,2.4615386,0.03353699,-0.07505191,0.00030047706
3322,5.4,0.5714286,2.4615386,0.020102944,-0.07689038,-1.1696669e-05
3323,5.4,1.1428572,2.4615386,0.012343873,-0.07637562,-0.00032692344
3324,5.4,1.7142857,2.4615386,0.0027390255,-0.0765047,-0.00063975836
3325,5.4,2.2857144,2.4615386,-0.003421713,-0.07780024,-0.0009404989
3326,5.4,2.857143,2.4615386,-0.012986202,-0.075553074,-0.0012002594
3327,5.4,3.4285715,2.4615386,-0.020834215,-0.0781937,-0.0015456276
3328,5.4,4.0,2.4615386,-0.033560313,-0.075055234,-0.0019292814
3329,5.4,0.0,1.8461539,0.03367126,-0.07550496,0.0006676744
3330,5.4,0.5714286,1.8461539,0.020177908,-0.0772208,0.00020061641
3331,5.4,1.1428572,1.8461539,0.0124349,-0.076838836,-0.00025174202
3332,5.4,1.7142857,1.8461539,0.0027188084,-0.076862134,-0.0006959415
3333,5.4,2.2857144,1.8461539,-0.0033510162,-0.07822651,-0.001082722
3334,5.4,2.857143,1.8461539,-0.013022417,-0.07592149,-0.0015345282
3335,5.4,3.4285715,1.8461539,-0.020820182,-0.07860089,-0.0018479927
3336,5.4,4.0,1.8461539,-0.033618193,-0.07539163,-0.0021087984
3337,5.4,0.0,1.2307693,0.03388384,-0.07606631,0.001095435
3338,5.4,0.5714286,1.2307693,0.020236494,-0.07786384,0.0004664955
3339,5.4,1.1428572,1.2307693,0.012436897,-0.07731257,-0.00014130263
3340,5.4,1.7142857,1.2307693,0.0027970818,-0.07741978,-0.00068734697
3341,5.4,2.2857144,1.2307693,-0.0033374873,-0.0787367,-0.0012831684
3342,5.4,2.857143,1.2307693,-0.012919874,-0.07642527,-0.001716041
3343,5.4,3.4285715,1.2307693,-0.020805238,-0.07911199,-0.0022931707
3344,5.4,4.0,1.2307693,-0.03369253,-0.07590458,-0.003012244
3345,5.4,0.0,0.61538464,0.03366056,-0.076623455,0.0014348383
3346,5.4,0.5714286,0.61538464,0.020255748,-0.07862248,0.00077329396
3347,5.4,1.1428572,0.61538464,0.012205682,-0.07794631,5.6280333e-05
3348,5.4,1.7142857,0.61538464,0.0028579615,-0.07819136,-0.000736168
3349,5.4,2.2857144,0.61538464,-0.0033678096,-0.07922266,-0.001303679
3350,5.4,2.857143,0.61538464,-0.012692327,-0.07721832,-0.0020581644
3351,5.4,3.4285715,0.61538464,-0.02075463,-0.07953133,-0.002596893
3352,5.4,4.0,0.61538464,-0.03348571,-0.07662141,-0.0028340104
3353,5.4,0.0,0.0,0.033072192,-0.077821225,0.0023466963
3354,5.4,0.5714286,0.0,0.01974628,-0.079454616,0.0011489914
3355,5.4,1.1428572,0.0,0.011729698,-0.07880568,6.633896e-05
3356,5.4,1.7142857,0.0,0.0027478316,-0.0790635,-0.0005148569
3357,5.4,2.2857144,0.0,-0.0035028148,-0.07990382,-0.0015935716
3358,5.4,2.857143,0.0,-0.012430034,-0.07807513,-0.002162657
3359,5.4,3.4285715,0.0,-0.020493058,-0.080083676,-0.0028942267
3360,5.4,4.0,0.0,-0.0331149,-0.077483386,-0.0042227977
3361,6.0,0.0,8.0,0.033402245,-0.06509432,-0.0017821157
3362,6.0,0.5714286,8.0,0.021859452,-0.06293727,-0.0010647755
3363,6.0,1.1428572,8.0,0.011376494,-0.06530522,-0.0006122193
3364,6.0,1.7142857,8.0,0.0038154789,-0.064635545,0.00023417477
3365,6.0,2.2857144,8.0,-0.004661523,-0.06447273,0.0006748224
3366,6.0,2.857143,8.0,-0.012249821,-0.06564074,0.0012228428
3367,6.0,3.4285715,8.0,-0.022384558,-0.06376415,0.0017480683
3368,6.0,4.0,8.0,-0.03351552,-0.065650344,0.0016111716
3369,6.0,0.0,7.3846154,0.034121837,-0.064696044,-0.0015517956
3370,6.0,0.5714286,7.3846154,0.02251888,-0.06212303,-0.0009910202
3371,6.0,1.1428572,7.3846154,0.011769502,-0.064677045,-0.00037753754
3372,6.0,1.7142857,7.3846154,0.0042099613,-0.064075604,0.00011082995
3373,6.0,2.2857144,7.3846154,-0.00468418,-0.063889705,0.00061699515
3374,6.0,2.857143,7.3846154,-0.012285236,-0.06524698,0.0009576549
3375,6.0,3.4285715,7.3846154,-0.022762388,-0.06319802,0.0013900239
3376,6.0,4.0,7.3846154,-0.033849083,-0.0653312,0.002110805
3377,6.0,0.0,6.769231,0.03386748,-0.06398083,-0.0012699837
3378,6.0,0.5714286,6.769231,0.022761906,-0.06159117,-0.0007642881
3379,6.0,1.1428572,6.769231,0.01179527,-0.06414343,-0.00032258034
3380,6.0,1.7142857,6.769231,0.004247192,-0.06370444,7.388761e-05
3381,6.0,2.2857144,6.769231,-0.004831754,-0.06330343,0.00040349885
3382,6.0,2.857143,6.769231,-0.012376274,-0.0649383,0.0007949836
3383,6.0,3.4285715,6.769231,-0.023017757,-0.06261867,0.0010703966
3384,6.0,4.0,6.769231,-0.033753134,-0.06502501,0.0012217837
3385,6.0,0.0,6.1538463,0.033760108,-0.063538484,-0.0009596324
3386,6.0,0.5714286,6.1538463,0.022629108,-0.061288826,-0.00065728446
3387,6.0,1.1428572,6.1538463,0.011651416,-0.06368516,-0.00033638623
3388,6.0,1.7142857,6.1538463,0.0042264173,-0.06333255,-3.6907677e-05
3389,6.0,2.2857144,6.1538463,-0.0049716607,-0.06289004,0.00026070062
3390,6.0,2.857143,6.1538463,-0.012431714,-0.06454942,0.00048570384
3391,6.0,3.4285715,6.1538463,-0.023104666,-0.062227983,0.00082856935
3392,6.0,4.0,6.1538463,-0.033790007,-0.06467105,0.0012624935
3393,6.0,0.0,5.5384617,0.03346768,-0.063254535,-0.0008518561
3394,6.0,0.5714286,5.5384617,0.022494318,-0.060897347,-0.00058499357
3395,6.0,1.1428572,5.5384617,0.011623322,-0.06341868,-0.00035579343
3396,6.0,1.7142857,5.5384617,0.0041038613,-0.0629786,-0.00015078664
3397,6.0,2.2857144,5.5384617,-0.004987639,-0.06259902,4.6775553e-05
3398,6.0,2.857143,5.5384617,-0.012520658,-0.06420739,0.0002651838
3399,6.0,3.4285715,5.5384617,-0.023104563,-0.061939597,0.00041021043
3400,6.0,4.0,5.5384617,-0.033731453,-0.06433138,0.00053850387
3401,6.0,0.0,4.923077,0.03341545,-0.0630201,-0.00067628676
3402,6.0,0.5714286,4.923077,0.022379294,-0.060698934,-0.00053971884
3403,6.0,1.1428572,4.923077,0.011536453,-0.06318896,-0.00040258866
3404,6.0,1.7142857,4.923077,0.0040579606,-0.062755175,-0.00027315604
3405,6.0,2.2857144,4.923077,-0.005036988,-0.06238877,-0.00015012904
3406,6.0,2.857143,4.923077,-0.012546572,-0.063969806,-4.7101843e-05
3407,6.0,3.4285715,4.923077,-0.023102086,-0.06173979,0.00013325455
3408,6.0,4.0,4.923077,-0.03374347,-0.06411198,0.00034714566
3409,6.0,0.0,4.3076925,0.033288706,-0.06292039,-0.0005485963
3410,6.0,0.5714286,4.3076925,0.022316102,-0.060575128,-0.00049067516
3411,6.0,1.1428572,4.3076925,0.011504664,-0.06308584,-0.00044549
3412,6.0,1.7142857,4.3076925,0.0040086363,-0.06263615,-0.00040651634
3413,6.0,2.2857144,4.3076925,-0.005054451,-0.062279917,-0.00036422722
3414,6.0,2.857143,4.3076925,-0.012575541,-0.06385312,-0.00031255116
3415,6.0,3.4285715,4.3076925,-0.023106957,-0.061631363,-0.00032107125
3416,6.0,4.0,4.3076925,-0.03372222,-0.0639944,-0.0003378031
3417,6.0,0.0,3.6923077,0.0332712,-0.06292017,-0.00039345335
3418,6.0,0.5714286,3.6923077,0.022298435,-0.06057528,-0.00045146636
3419,6.0,1.1428572,3.6923077,0.011486831,-0.06308569,-0.00049531995
3420,6.0,1.7142857,3.6923077,0.0039909533,-0.0626363,-0.0005344907
3421,6.0,2.2857144,3.6923077,-0.0050723017,-0.062279806,-0.0005755718
3422,6.0,2.857143,3.6923077,-0.012593255,-0.063853204,-0.0006273504
3423,6.0,3.4285715,3.6923077,-0.023124833,-0.06163129,-0.000617598
3424,6.0,4.0,3.6923077,-0.03374003,-0.06399442,-0.0006007952
3425,6.0,0.0,3.0769231,0.03336186,-0.06301931,-0.00026603913
3426,6.0,0.5714286,3.0769231,0.022326251,-0.060699824,-0.0004021523
3427,6.0,1.1428572,3.0769231,0.011483034,-0.063188314,-0.0005384562
3428,6.0,1.7142857,3.0769231,0.00400485,-0.062755674,-0.0006676325
3429,6.0,2.2857144,3.0769231,-0.005090499,-0.062388435,-0.0007898729
3430,6.0,2.857143,3.0769231,-0.012599746,-0.06397003,-0.00089261326
3431,6.0,3.4285715,3.0769231,-0.023155686,-0.061739635,-0.0010721078
3432,6.0,4.0,3.0769231,-0.033796716,-0.064112104,-0.0012855391
3433,6.0,0.0,2.4615386,0.033379193,-0.063253485,-9.0533526e-05
3434,6.0,0.5714286,2.4615386,0.022405794,-0.06089832,-0.0003567431
3435,6.0,1.1428572,2.4615386,0.011534371,-0.06341791,-0.0005853727
3436,6.0,1.7142857,2.4615386,0.004015238,-0.06297926,-0.0007898648
3437,6.0,2.2857144,2.4615386,-0.0050767087,-0.06259859,-0.0009869202
3438,6.0,2.857143,2.4615386,-0.012609404,-0.06420766,-0.0012047618
3439,6.0,3.4285715,2.4615386,-0.02319377,-0.061939407,-0.0013492121
3440,6.0,4.0,2.4615386,-0.033820443,-0.06433145,-0.0014768115
3441,6.0,0.0,1.8461539,0.03363545,-0.0635369,1.736019e-05
3442,6.0,0.5714286,1.8461539,0.022505295,-0.06129066,-0.00028450982
3443,6.0,1.1428572,1.8461539,0.011526779,-0.063683815,-0.00060468586
3444,6.0,1.7142857,1.8461539,0.0041024564,-0.06333365,-0.0009038141
3445,6.0,2.2857144,1.8461539,-0.0050964877,-0.06288933,-0.0012007767
3446,6.0,2.857143,1.8461539,-0.012555814,-0.064549886,-0.0014253611
3447,6.0,3.4285715,1.8461539,-0.023229688,-0.06222769,-0.0017675037
3448,6.0,4.0,1.8461539,-0.033914316,-0.06467123,-0.002200793
3449,6.0,0.0,1.2307693,0.03370758,-0.06397843,0.0003276783
3450,6.0,0.5714286,1.2307693,0.02260285,-0.06159349,-0.00017738024
3451,6.0,1.1428572,1.2307693,0.011634832,-0.064141706,-0.00061851967
3452,6.0,1.7142857,1.2307693,0.0040879813,-0.06370596,-0.0010145567
3453,6.0,2.2857144,1.2307693,-0.0049923877,-0.06330241,-0.0013436137
3454,6.0,2.857143,1.2307693,-0.012535689,-0.06493906,-0.0017346035
3455,6.0,3.4285715,1.2307693,-0.023178602,-0.062618114,-0.0020093755
3456,6.0,4.0,1.2307693,-0.033912934,-0.06502537,-0.0021601839
3457,6.0,0.0,0.61538464,0.03392577,-0.06469352,0.0006094408
3458,6.0,0.5714286,0.61538464,0.022324476,-0.062126037,4.9328002e-05
3459,6.0,1.1428572,0.61538464,0.01157339,-0.064674854,-0.0005634975
3460,6.0,1.7142857,0.61538464,0.0040153973,-0.06407758,-0.0010514678
3461,6.0,2.2857144,0.61538464,-0.004880568,-0.06388839,-0.0015570975
3462,6.0,2.857143,0.61538464,-0.012479967,-0.06524793,-0.0018972782
3463,6.0,3.4285715,0.61538464,-0.022959026,-0.063197345,-0.0023290378
3464,6.0,4.0,0.61538464,-0.03404414,-0.06533164,-0.0030489967
3465,6.0,0.0,0.0,0.033170678,-0.06509022,0.00084036554
3466,6.0,0.5714286,0.0,0.021630058,-0.06294135,0.00012306978
3467,6.0,1.1428572,0.0,0.0111443475,-0.06530231,-0.00032878094
3468,6.0,1.7142857,0.0,0.0035858788,-0.064638,-0.0011747368
3469,6.0,2.2857144,0.0,-0.004893891,-0.06447115,-0.0016149043
3470,6.0,2.857143,0.0,-0.0124796415,-0.06564179,-0.002162462
3471,6.0,3.4285715,0.0,-0.022617105,-0.06376339,-0.0026870382
3472,6.0,4.0,0.0,-0.033745755,-0.06565077,-0.0025497612
3473,6.6,0.0,8.0,0.03541119,-0.046125654,-0.00061455416
3474,6.6,0.5714286,8.0,0.021725193,-0.05113206,-0.0003457737
3475,6.6,1.1428572,8.0,0.012011123,-0.04810648,0.0005178603
3476,6.6,1.7142857,8.0,0.0033154027,-0.050077613,0.00081881817
3477,6.6,2.2857144,8.0,-0.0044011925,-0.050463006,0.000963587
3478,6.6,2.857143,8.0,-0.013699193,-0.049955394,0.001245258
3479,6.6,3.4285715,8.0,-0.022658892,-0.051405054,0.0012547448
3480,6.6,4.0,8.0,-0.03533693,-0.04950148,0.0019516257
3481,6.6,0.0,7.3846154,0.03601717,-0.045062494,-0.00060513365
3482,6.6,0.5714286,7.3846154,0.022540193,-0.050778285,6.792278e-05
3483,6.6,1.1428572,7.3846154,0.012759118,-0.04767884,0.00039737328
3484,6.6,1.7142857,7.3846154,0.0035789602,-0.049813997,0.0006128023
3485,6.6,2.2857144,7.3846154,-0.004206423,-0.050259743,0.0007833615
3486,6.6,2.857143,7.3846154,-0.013851374,-0.049646325,0.0009585429
3487,6.6,3.4285715,7.3846154,-0.022875302,-0.05126356,0.001142397
3488,6.6,4.0,7.3846154,-0.03562281,-0.049199007,0.001059847
3489,6.6,0.0,6.769231,0.03631513,-0.044816595,-0.00011408795
3490,6.6,0.5714286,6.769231,0.022514073,-0.050542682,-5.703972e-06
3491,6.6,1.1428572,6.769231,0.012760152,-0.047467988,0.00022131739
3492,6.6,1.7142857,6.769231,0.0034961358,-0.049424127,0.00041600646
3493,6.6,2.2857144,6.769231,-0.0042522703,-0.050061032,0.000571033
3494,6.6,2.857143,6.769231,-0.014059454,-0.049248483,0.00069564505
3495,6.6,3.4285715,6.769231,-0.022954106,-0.051087704,0.00091098953
3496,6.6,4.0,6.769231,-0.035793494,-0.04883859,0.0013326053
3497,6.6,0.0,6.1538463,0.035787288,-0.044619653,-0.0003839647
3498,6.6,0.5714286,6.1538463,0.022324076,-0.050198026,-0.000110922105
3499,6.6,1.1428572,6.1538463,0.012754151,-0.047216494,5.09128e-05
3500,6.6,1.7142857,6.1538463,0.0033657022,-0.049103394,0.00020084217
3501,6.6,2.2857144,6.1538463,-0.004296848,-0.04977963,0.00031985546
3502,6.6,2.857143,6.1538463,-0.014187508,-0.048935644,0.0004890946
3503,6.6,3.4285715,6.1538463,-0.022997629,-0.050824422,0.00058471854
3504,6.6,4.0,6.1538463,-0.035769597,-0.04853717,0.00066486
3505,6.6,0.0,5.5384617,0.03580886,-0.04431816,-0.00040422674
3506,6.6,0.5714286,5.5384617,0.022251453,-0.049998727,-0.0002502213
3507,6.6,1.1428572,5.5384617,0.0126053495,-0.04694244,-0.000118622535
3508,6.6,1.7142857,5.5384617,0.0033365928,-0.048878457,-4.777806e-06
3509,6.6,2.2857144,5.5384617,-0.004402499,-0.04949999,0.000103384074
3510,6.6,2.857143,5.5384617,-0.014207535,-0.04871082,0.00018724057
3511,6.6,3.4285715,5.5384617,-0.023044521,-0.050546456,0.00036800536
3512,6.6,4.0,5.5384617,-0.03576341,-0.048338518,0.0006309748
3513,6.6,0.0,4.923077,0.035500407,-0.044204105,-0.00045020485
3514,6.6,0.5714286,4.923077,0.022140004,-0.049823243,-0.00035409332
3515,6.6,1.1428572,4.923077,0.012549203,-0.04676874,-0.00027433527
3516,6.6,1.7142857,4.923077,0.003267963,-0.04870573,-0.00020091074
3517,6.6,2.2857144,4.923077,-0.00444129,-0.049308386,-0.00014084557
3518,6.6,2.857143,4.923077,-0.014240979,-0.048539504,-5.338762e-05
3519,6.6,3.4285715,4.923077,-0.023060288,-0.05035883,-2.8440441e-05
3520,6.6,4.0,4.923077,-0.035709202,-0.04817032,3.1261404e-06
3521,6.6,0.0,4.3076925,0.03548797,-0.044104833,-0.00049353275
3522,6.6,0.5714286,4.3076925,0.022091387,-0.049742293,-0.00044634385
3523,6.6,1.1428572,4.3076925,0.012488376,-0.046677053,-0.00041750682
3524,6.6,1.7142857,4.3076925,0.003242724,-0.0486167,-0.00039346988
3525,6.6,2.2857144,4.3076925,-0.0044814805,-0.049210373,-0.0003676767
3526,6.6,2.857143,4.3076925,-0.0142544005,-0.048449628,-0.0003587267
3527,6.6,3.4285715,4.3076925,-0.023074698,-0.05025969,-0.00027881545
3528,6.6,4.0,4.3076925,-0.035713695,-0.04809045,-0.00017534483
3529,6.6,0.0,3.6923077,0.03546995,-0.044105027,-0.00048405796
3530,6.6,0.5714286,3.6923077,0.022073623,-0.049742177,-0.00052990153
3531,6.6,1.1428572,3.6923077,0.012470681,-0.046677206,-0.0005587122
3532,6.6,1.7142857,3.6923077,0.0032248995,-0.048616555,-0.0005815927
3533,6.6,2.2857144,3.6923077,-0.0044992063,-0.04921046,-0.00060733187
3534,6.6,2.857143,3.6923077,-0.01427224,-0.048449516,-0.0006151477
3535,6.6,3.4285715,3.6923077,-0.023092456,-0.050259728,-0.00069492136
3536,6.6,4.0,3.6923077,-0.035731517,-0.048090406,-0.00079713017
3537,6.6,0.0,3.0769231,0.035447717,-0.044205293,-0.00052717444
3538,6.6,0.5714286,3.0769231,0.022086607,-0.049822126,-0.0006223406
3539,6.6,1.1428572,3.0769231,0.012496137,-0.046769585,-0.0007016974
3540,6.6,1.7142857,3.0769231,0.0032144675,-0.048705116,-0.0007743154
3541,6.6,2.2857144,3.0769231,-0.0044944445,-0.049308706,-0.0008340119
3542,6.6,2.857143,3.0769231,-0.014294525,-0.04853917,-0.0009206368
3543,6.6,3.4285715,3.0769231,-0.023113543,-0.050358877,-0.0009451569
3544,6.6,4.0,3.0769231,-0.03576291,-0.048170146,-0.0009757742
3545,6.6,0.0,2.4615386,0.035719976,-0.044319555,-0.0005730101
3546,6.6,0.5714286,2.4615386,0.022162657,-0.049997635,-0.0007262789
3547,6.6,1.1428572,2.4615386,0.012516759,-0.046943378,-0.00085730274
3548,6.6,1.7142857,2.4615386,0.003247566,-0.0488777,-0.00097055157
3549,6.6,2.2857144,2.4615386,-0.0044912226,-0.04950037,-0.0010781416
3550,6.6,2.857143,2.4615386,-0.014296646,-0.048710372,-0.0011613806
3551,6.6,3.4285715,2.4615386,-0.0231334,-0.050546497,-0.0013414978
3552,6.6,4.0,2.4615386,-0.03585265,-0.048338305,-0.0016036906
3553,6.6,0.0,1.8461539,0.03566385,-0.044621907,-0.0005933215
3554,6.6,0.5714286,1.8461539,0.02219955,-0.050195865,-0.00086548517
3555,6.6,1.1428572,1.8461539,0.0126302345,-0.04721825,-0.0010268494
3556,6.6,1.7142857,1.8461539,0.0032409383,-0.049102105,-0.0011761591
3557,6.6,2.2857144,1.8461539,-0.004420935,-0.04978032,-0.0012946358
3558,6.6,2.857143,1.8461539,-0.014312384,-0.048934948,-0.0014632216
3559,6.6,3.4285715,1.8461539,-0.023121927,-0.05082451,-0.0015582454
3560,6.6,4.0,1.8461539,-0.035894774,-0.04853684,-0.0016376309
3561,6.6,0.0,1.2307693,0.036155667,-0.044820093,-0.0008627964
3562,6.6,0.5714286,1.2307693,0.022353882,-0.05054013,-0.000970674
3563,6.6,1.1428572,1.2307693,0.012600992,-0.04747024,-0.001197258
3564,6.6,1.7142857,1.2307693,0.0033355642,-0.049422484,-0.0013912636
3565,6.6,2.2857144,1.2307693,-0.004411653,-0.050062034,-0.0015458615
3566,6.6,2.857143,1.2307693,-0.014220133,-0.04924748,-0.001669744
3567,6.6,3.4285715,1.2307693,-0.023113765,-0.051087983,-0.001884553
3568,6.6,4.0,1.2307693,-0.035954397,-0.048838057,-0.002305254
3569,6.6,0.0,0.61538464,0.03582286,-0.045066036,-0.0003719302
3570,6.6,0.5714286,0.61538464,0.022344308,-0.050775208,-0.001044104
3571,6.6,1.1428572,0.61538464,0.012564525,-0.047681842,-0.0013731385
3572,6.6,1.7142857,0.61538464,0.003382715,-0.049811903,-0.0015881658
3573,6.6,2.2857144,0.61538464,-0.004401215,-0.050261088,-0.0017580431
3574,6.6,2.857143,0.61538464,-0.014047755,-0.049645044,-0.0019327453
3575,6.6,3.4285715,0.61538464,-0.02307035,-0.0512639,-0.0021158694
3576,6.6,4.0,0.61538464,-0.03581958,-0.049198348,-0.002032733
3577,6.6,0.0,0.0,0.03518138,-0.046132125,-0.0003625665
3578,6.6,0.5714286,0.0,0.021493247,-0.051127456,-0.00063041033
3579,6.6,1.1428572,0.0,0.011781676,-0.048110563,-0.0014934719
3580,6.6,1.7142857,0.0,0.003082978,-0.05007501,-0.001793983
3581,6.6,2.2857144,0.0,-0.004630997,-0.05046457,-0.0019383329
3582,6.6,2.857143,0.0,-0.013931551,-0.049953945,-0.0022193284
3583,6.6,3.4285715,0.0,-0.022889003,-0.051405367,-0.0022283662
3584,6.6,4.0,0.0,-0.03556949,-0.049500857,-0.0029242327
3585,7.2,0.0,8.0,0.03539036,-0.036260393,0.00053339207
3586,7.2,0.5714286,8.0,0.021752292,-0.029033156,0.0021250807
3587,7.2,1.1428572,8.0,0.012167026,-0.034515135,0.0018419517
3588,7.2,1.7142857,8.0,0.004204622,-0.03440701,0.0013479852
3589,7.2,2.2857144,8.0,-0.005522489,-0.035811037,0.0014183357
3590,7.2,2.857143,8.0,-0.0132238,-0.036817916,0.0010531218
3591,7.2,3.4285715,8.0,-0.024477184,-0.035936423,0.0012389728
3592,7.2,4.0,8.0,-0.034851532,-0.037751444,0.0006930861
3593,7.2,0.0,7.3846154,0.03695314,-0.036463473,0.0018651077
3594,7.2,0.5714286,7.3846154,0.022945268,-0.028784754,0.0013009923
3595,7.2,1.1428572,7.3846154,0.012634299,-0.03472117,0.0012716629
3596,7.2,1.7142857,7.3846154,0.0045809955,-0.03445381,0.0011388334
3597,7.2,2.2857144,7.3846154,-0.005517918,-0.035789844,0.0009574913
3598,7.2,2.857143,7.3846154,-0.013250184,-0.036878586,0.000951765
3599,7.2,3.4285715,7.3846154,-0.024767468,-0.03583955,0.0008768698
3600,7.2,4.0,7.3846154,-0.03508959,-0.037809886,0.0012149664
3601,7.2,0.0,6.769231,0.03604859,-0.036545523,0.0006603866
3602,7.2,0.5714286,6.769231,0.022739654,-0.028770082,0.0008787663
3603,7.2,1.1428572,6.769231,0.01253055,-0.03444847,0.00081259443
3604,7.2,1.7142857,6.769231,0.004559071,-0.03435494,0.00073496415
3605,7.2,2.2857144,6.769231,-0.0056756916,-0.035559252,0.00069818104
3606,7.2,2.857143,6.769231,-0.013328214,-0.036787476,0.0006765508
3607,7.2,3.4285715,6.769231,-0.024983829,-0.035624754,0.00069510454
3608,7.2,4.0,6.769231,-0.035036195,-0.037747964,0.0006035882
3609,7.2,0.0,6.1538463,0.036202863,-0.03626333,0.00030427976
3610,7.2,0.5714286,6.1538463,0.022733329,-0.02855172,0.00037428865
3611,7.2,1.1428572,6.1538463,0.0124170035,-0.03423555,0.00042190508
3612,7.2,1.7142857,6.1538463,0.0045279455,-0.034145344,0.0004164593
3613,7.2,2.2857144,6.1538463,-0.0057957666,-0.035312835,0.00041649715
3614,7.2,2.857143,6.1538463,-0.01339015,-0.036613934,0.0004075383
3615,7.2,3.4285715,6.1538463,-0.025064345,-0.035384435,0.0005058574
3616,7.2,4.0,6.1538463,-0.03506375,-0.037609503,0.00076652074
3617,7.2,0.0,5.5384617,0.035818238,-0.036238514,2.369818e-06
3618,7.2,0.5714286,5.5384617,0.022565993,-0.02841264,5.5376295e-05
3619,7.2,1.1428572,5.5384617,0.01235572,-0.034049515,0.00010503493
3620,7.2,1.7142857,5.5384617,0.004418034,-0.033933166,0.0001232097
3621,7.2,2.2857144,5.5384617,-0.0058335965,-0.035136558,0.00013572053
3622,7.2,2.857143,5.5384617,-0.013469325,-0.036383342,0.00017698988
3623,7.2,3.4285715,5.5384617,-0.025080591,-0.03523578,0.00018481443
3624,7.2,4.0,5.5384617,-0.035038352,-0.03738773,0.0001956782
3625,7.2,0.0,4.923077,0.035808187,-0.036087338,-0.00028921897
3626,7.2,0.5714286,4.923077,0.022485137,-0.028289674,-0.00019334831
3627,7.2,1.1428572,4.923077,0.012283947,-0.03393676,-0.00016372337
3628,7.2,1.7142857,4.923077,0.004365154,-0.033778243,-0.00013964658
3629,7.2,2.2857144,4.923077,-0.005879627,-0.034997467,-0.00011981359
3630,7.2,2.857143,4.923077,-0.013505347,-0.0362318,-0.00011295623
3631,7.2,3.4285715,4.923077,-0.02508515,-0.035092067,-2.3241555e-05
3632,7.2,4.0,4.923077,-0.035049934,-0.037257027,0.00013362041
3633,7.2,0.0,4.3076925,0.03567729,-0.03606147,-0.00038676933
3634,7.2,0.5714286,4.3076925,0.022421164,-0.028240297,-0.00041292128
3635,7.2,1.1428572,4.3076925,0.012245958,-0.033864364,-0.00039155153
3636,7.2,1.7142857,4.3076925,0.0043196236,-0.033705134,-0.0003863633
3637,7.2,2.2857144,4.3076925,-0.0059025665,-0.034923233,-0.00037963377
3638,7.2,2.857143,4.3076925,-0.013534422,-0.036147717,-0.000359344
3639,7.2,3.4285715,4.3076925,-0.025094738,-0.035025425,-0.0003910526
3640,7.2,4.0,4.3076925,-0.035042122,-0.037172854,-0.00043779137
3641,7.2,0.0,3.6923077,0.03565985,-0.036061443,-0.0006250987
3642,7.2,0.5714286,3.6923077,0.022403456,-0.028240409,-0.000598705
3643,7.2,1.1428572,3.6923077,0.01222817,-0.033864237,-0.00061886397
3644,7.2,1.7142857,3.6923077,0.0043018702,-0.033705182,-0.00062386296
3645,7.2,2.2857144,3.6923077,-0.0059203682,-0.034923084,-0.0006294635
3646,7.2,2.857143,3.6923077,-0.013552195,-0.03614773,-0.0006495736
3647,7.2,3.4285715,3.6923077,-0.025112571,-0.035025302,-0.00061668665
3648,7.2,4.0,3.6923077,-0.035059985,-0.03717281,-0.0005696385
3649,7.2,0.0,3.0769231,0.035754543,-0.03608581,-0.0007228351
3650,7.2,0.5714286,3.0769231,0.022432158,-0.028291246,-0.00081806054
3651,7.2,1.1428572,3.0769231,0.012230466,-0.033935696,-0.00084686605
3652,7.2,1.7142857,3.0769231,0.0043119784,-0.033778753,-0.00087040977
3653,7.2,2.2857144,3.0769231,-0.005933083,-0.034996852,-0.0008894499
3654,7.2,2.857143,3.0769231,-0.013558643,-0.03623189,-0.00089581206
3655,7.2,3.4285715,3.0769231,-0.02513865,-0.03509175,-0.0009846522
3656,7.2,4.0,3.0769231,-0.035103332,-0.037256856,-0.0011408845
3657,7.2,0.0,2.4615386,0.03572991,-0.036237057,-0.00101442
3658,7.2,0.5714286,2.4615386,0.022477454,-0.02841416,-0.0010667902
3659,7.2,1.1428572,2.4615386,0.012266747,-0.03404836,-0.0011155821
3660,7.2,1.7142857,2.4615386,0.004329277,-0.033933643,-0.0011332917
3661,7.2,2.2857144,2.4615386,-0.005922594,-0.03513577,-0.0011449885
3662,7.2,2.857143,2.4615386,-0.013558225,-0.03638337,-0.0011857653
3663,7.2,3.4285715,2.4615386,-0.025169695,-0.0352353,-0.0011927279
3664,7.2,4.0,2.4615386,-0.035127528,-0.037387446,-0.0012029842
3665,7.2,0.0,1.8461539,0.036078136,-0.03626083,-0.0013162213
3666,7.2,0.5714286,1.8461539,0.022609545,-0.028554643,-0.0013855348
3667,7.2,1.1428572,1.8461539,0.012292307,-0.034233395,-0.0014326202
3668,7.2,1.7142857,1.8461539,0.004403761,-0.03414637,-0.0014263968
3669,7.2,2.2857144,1.8461539,-0.0059204204,-0.035311546,-0.0014259297
3670,7.2,2.857143,1.8461539,-0.013514554,-0.036614124,-0.0014162016
3671,7.2,3.4285715,1.8461539,-0.025189117,-0.035383746,-0.0015138898
3672,7.2,4.0,1.8461539,-0.035188418,-0.03760911,-0.0017736754
3673,7.2,0.0,1.2307693,0.035889156,-0.036541566,-0.0016723542
3674,7.2,0.5714286,1.2307693,0.022580571,-0.028773855,-0.0018900981
3675,7.2,1.1428572,1.2307693,0.012370008,-0.03444589,-0.0018230658
3676,7.2,1.7142857,1.2307693,0.00439963,-0.034356277,-0.0017451977
3677,7.2,2.2857144,1.2307693,-0.005836174,-0.035557643,-0.0017073795
3678,7.2,2.857143,1.2307693,-0.013487943,-0.036787782,-0.0016854324
3679,7.2,3.4285715,1.2307693,-0.02514442,-0.035623785,-0.0017029631
3680,7.2,4.0,1.2307693,-0.035196375,-0.037747577,-0.0016110044
3681,7.2,0.0,0.61538464,0.03675688,-0.036461078,-0.0028758063
3682,7.2,0.5714286,0.61538464,0.022750778,-0.02878945,-0.0023121187
3683,7.2,1.1428572,0.61538464,0.012438215,-0.034718066,-0.002282443
3684,7.2,1.7142857,0.61538464,0.0043859766,-0.034455784,-0.0021486653
3685,7.2,2.2857144,0.61538464,-0.0057139574,-0.035787698,-0.0019670124
3686,7.2,2.857143,0.61538464,-0.013445437,-0.036879126,-0.0019603514
3687,7.2,3.4285715,0.61538464,-0.024963642,-0.035838325,-0.0018850127
3688,7.2,4.0,0.61538464,-0.03528522,-0.037809458,-0.0022220567
3689,7.2,0.0,0.0,0.03515876,-0.03625301,-0.0015448559
3690,7.2,0.5714286,0.0,0.021523112,-0.029041043,-0.0031351382
3691,7.2,1.1428572,0.0,0.011934496,-0.0345111,-0.0028524913
3692,7.2,1.7142857,0.0,0.0039745728,-0.034409374,-0.002357958
3693,7.2,2.2857144,0.0,-0.005754531,-0.03580864,-0.0024275037
3694,7.2,2.857143,0.0,-0.01345422,-0.03681839,-0.0020620131
3695,7.2,3.4285715,0.0,-0.02470916,-0.03593512,-0.002246827
3696,7.2,4.0,0.0,-0.035082456,-0.037750673,-0.0017005254
3697,7.8,0.0,8.0,0.036308147,-0.0029230122,0.0068931077
3698,7.8,0.5714286,8.0,0.021516103,-0.01759333,0.003835997
3699,7.8,1.1428572,8.0,0.014658695,-0.01738815,0.002375443
3700,7.8,1.7142857,8.0,0.0027947228,-0.021440256,0.002103571
3701,7.8,2.2857144,8.0,-0.0037296002,-0.022071816,0.0012530709
3702,7.8,2.857143,8.0,-0.015414233,-0.022693697,0.0012723752
3703,7.8,3.4285715,8.0,-0.02320779,-0.023805952,0.00066663686
3704,7.8,4.0,8.0,-0.03691806,-0.0224758,0.00094581896
3705,7.8,0.0,7.3846154,0.037043408,-0.0026926033,0.0024129958
3706,7.8,0.5714286,7.3846154,0.021962784,-0.018697072,0.0026295842
3707,7.8,1.1428572,7.3846154,0.014885665,-0.01766619,0.0018865421
3708,7.8,1.7142857,7.3846154,0.0028395606,-0.021766435,0.0013180223
3709,7.8,2.2857144,7.3846154,-0.0037220041,-0.02231833,0.0011512323
3710,7.8,2.857143,7.3846154,-0.015601445,-0.022784999,0.0007825702
3711,7.8,3.4285715,7.3846154,-0.023393374,-0.024033276,0.0007400437
3712,7.8,4.0,7.3846154,-0.03720081,-0.022520002,0.00034620482
3713,7.8,0.0,6.769231,0.03674205,-0.0026986708,0.0015272264
3714,7.8,0.5714286,6.769231,0.021723708,-0.018131979,0.0013488723
3715,7.8,1.1428572,6.769231,0.014972779,-0.017680524,0.0011971676
3716,7.8,1.7142857,6.769231,0.0026768486,-0.02163898,0.0009560743
3717,7.8,2.2857144,6.769231,-0.0037311148,-0.022298995,0.0007154793
3718,7.8,2.857143,6.769231,-0.015814904,-0.022697253,0.0006160587
3719,7.8,3.4285715,6.769231,-0.02344695,-0.024010329,0.00051419117
3720,7.8,4.0,6.769231,-0.037353743,-0.022477692,0.0007451682
3721,7.8,0.0,6.1538463,0.036790255,-0.002704344,0.0007437528
3722,7.8,0.5714286,6.1538463,0.021674456,-0.01823036,0.0007384727
3723,7.8,1.1428572,6.1538463,0.014892287,-0.01742761,0.00064231246
3724,7.8,1.7142857,6.1538463,0.0026032084,-0.021473313,0.0005498874
3725,7.8,2.2857144,6.1538463,-0.003804521,-0.022186933,0.00042621867
3726,7.8,2.857143,6.1538463,-0.015917297,-0.022507614,0.0003665299
3727,7.8,3.4285715,6.1538463,-0.023504524,-0.023956351,0.0003029747
3728,7.8,4.0,6.1538463,-0.0373854,-0.022286516,0.0002346534
3729,7.8,0.0,5.5384617,0.036514524,-0.0026904533,0.00019879047
3730,7.8,0.5714286,5.5384617,0.021560812,-0.01802395,0.00025157223
3731,7.8,1.1428572,5.5384617,0.014811692,-0.017370617,0.00024468347
3732,7.8,1.7142857,5.5384617,0.0025408412,-0.021308292,0.00018206183
3733,7.8,2.2857144,5.5384617,-0.0038827597,-0.022012385,0.00015647308
3734,7.8,2.857143,5.5384617,-0.0159566,-0.022403909,8.824711e-05
3735,7.8,3.4285715,5.5384617,-0.023552457,-0.023758732,0.00014934254
3736,7.8,4.0,5.5384617,-0.037374403,-0.022236733,0.00030354704
3737,7.8,0.0,4.923077,0.03645913,-0.002696342,-7.030381e-05
3738,7.8,0.5714286,4.923077,0.02150506,-0.018035615,-9.883688e-05
3739,7.8,1.1428572,4.923077,0.014728635,-0.017216405,-0.00010303016
3740,7.8,1.7142857,4.923077,0.002502396,-0.021232877,-9.628891e-05
3741,7.8,2.2857144,4.923077,-0.0039372984,-0.021886608,-0.00014805087
3742,7.8,2.857143,4.923077,-0.015982993,-0.022285243,-0.00011716308
3743,7.8,3.4285715,4.923077,-0.023580208,-0.023665238,-0.00018170687
3744,7.8,4.0,4.923077,-0.037351515,-0.022108136,-0.00018742894
3745,7.8,0.0,4.3076925,0.036357477,-0.002690127,-0.00043843375
3746,7.8,0.5714286,4.3076925,0.021451723,-0.01796789,-0.0003849614
3747,7.8,1.1428572,4.3076925,0.0146866655,-0.017196527,-0.00037794665
3748,7.8,1.7142857,4.3076925,0.0024688826,-0.021163044,-0.0004017086
3749,7.8,2.2857144,4.3076925,-0.003971259,-0.021826008,-0.0003745838
3750,7.8,2.857143,4.3076925,-0.016002085,-0.02223252,-0.00042102506
3751,7.8,3.4285715,4.3076925,-0.023598252,-0.023588978,-0.00033947706
3752,7.8,4.0,4.3076925,-0.037352186,-0.022075657,-0.00027686506
3753,7.8,0.0,3.6923077,0.036339726,-0.0026907925,-0.00060876133
3754,7.8,0.5714286,3.6923077,0.021433868,-0.01796736,-0.0006608924
3755,7.8,1.1428572,3.6923077,0.014668944,-0.017196918,-0.0006676213
3756,7.8,1.7142857,3.6923077,0.0024510825,-0.021162521,-0.0006426423
3757,7.8,2.2857144,3.6923077,-0.003989035,-0.021826213,-0.00066957896
3758,7.8,2.857143,3.6923077,-0.01601988,-0.022232216,-0.0006219601
3759,7.8,3.4285715,3.6923077,-0.023616064,-0.023588996,-0.0007032199
3760,7.8,4.0,3.6923077,-0.03736998,-0.022075519,-0.00076455035
3761,7.8,0.0,3.0769231,0.036406163,-0.0026986988,-0.000976767
3762,7.8,0.5714286,3.0769231,0.021451814,-0.018034201,-0.0009471666
3763,7.8,1.1428572,3.0769231,0.014675261,-0.017216723,-0.0009423132
3764,7.8,1.7142857,3.0769231,0.0024491455,-0.02123218,-0.00094827055
3765,7.8,2.2857144,3.0769231,-0.003990741,-0.021886552,-0.0008959474
3766,7.8,2.857143,3.0769231,-0.01603629,-0.022284774,-0.00092596945
3767,7.8,3.4285715,3.0769231,-0.023633739,-0.023665017,-0.0008608764
3768,7.8,4.0,3.0769231,-0.037404966,-0.022107888,-0.0008541228
3769,7.8,0.0,2.4615386,0.036426,-0.0026938193,-0.0012458506
3770,7.8,0.5714286,2.4615386,0.021471841,-0.018021377,-0.0012973984
3771,7.8,1.1428572,2.4615386,0.014722851,-0.017371614,-0.0012902193
3772,7.8,1.7142857,2.4615386,0.0024520138,-0.021306686,-0.0012264883
3773,7.8,2.2857144,2.4615386,-0.003971786,-0.022012604,-0.0012005606
3774,7.8,2.857143,2.4615386,-0.016045455,-0.02240297,-0.0011313888
3775,7.8,3.4285715,2.4615386,-0.02364164,-0.023758471,-0.0011919029
3776,7.8,4.0,2.4615386,-0.037463408,-0.022236304,-0.0013451355
3777,7.8,0.0,1.8461539,0.036666542,-0.0027082139,-0.0017907827
3778,7.8,0.5714286,1.8461539,0.021550115,-0.018227328,-0.0017846073
3779,7.8,1.1428572,1.8461539,0.01476778,-0.01742844,-0.0016874827
3780,7.8,1.7142857,1.8461539,0.0024789057,-0.021471433,-0.0015946343
3781,7.8,2.2857144,1.8461539,-0.0039291843,-0.022187084,-0.0014701943
3782,7.8,2.857143,1.8461539,-0.016041674,-0.02250642,-0.0014097397
3783,7.8,3.4285715,1.8461539,-0.02362938,-0.023955962,-0.0013455531
3784,7.8,4.0,1.8461539,-0.037510067,-0.022285894,-0.0012762757
3785,7.8,0.0,1.2307693,0.03658301,-0.002706836,-0.0025737532
3786,7.8,0.5714286,1.2307693,0.021563275,-0.018126318,-0.002394694
3787,7.8,1.1428572,1.2307693,0.014812986,-0.017682616,-0.002242813
3788,7.8,1.7142857,1.2307693,0.0025167952,-0.021636203,-0.0020006788
3789,7.8,2.2857144,1.2307693,-0.0038912115,-0.022299524,-0.0017595394
3790,7.8,2.857143,1.2307693,-0.015974957,-0.022695577,-0.0016593117
3791,7.8,3.4285715,1.2307693,-0.023607297,-0.02400997,-0.0015567127
3792,7.8,4.0,1.2307693,-0.03751405,-0.02247696,-0.0017868452
3793,7.8,0.0,0.61538464,0.03684941,-0.0026971553,-0.003460546
3794,7.8,0.5714286,0.61538464,0.021766942,-0.018692983,-0.0036753719
3795,7.8,1.1428572,0.61538464,0.014690298,-0.01766839,-0.002932313
3796,7.8,1.7142857,0.61538464,0.0026439268,-0.021763323,-0.0023625512
3797,7.8,2.2857144,0.61538464,-0.0039176424,-0.022319015,-0.0021954083
3798,7.8,2.857143,0.61538464,-0.015797058,-0.022782953,-0.0018257069
3799,7.8,3.4285715,0.61538464,-0.023589278,-0.024032904,-0.0017827306
3800,7.8,4.0,0.61538464,-0.037396774,-0.022518938,-0.0013877603
3801,7.8,0.0,0.0,0.03607767,-0.002943297,-0.007933856
3802,7.8,0.5714286,0.0,0.021284217,-0.017585423,-0.004883858
3803,7.8,1.1428572,0.0,0.014427517,-0.017392129,-0.0034200177
3804,7.8,1.7142857,0.0,0.0025635387,-0.021436179,-0.0031486258
3805,7.8,2.2857144,0.0,-0.0039609075,-0.022072757,-0.00229689
3806,7.8,2.857143,0.0,-0.015645288,-0.022691308,-0.0023157797
3807,7.8,3.4285715,0.0,-0.023439243,-0.023805385,-0.001709069
3808,7.8,4.0,0.0,-0.03714935,-0.022474973,-0.0019877339
3809,8.4,0.0,8.0,0.032288864,-0.0048504206,0.0036959825
3810,8.4,0.5714286,8.0,0.02719602,-0.00074663863,0.0037397852
3811,8.4,1.1428572,8.0,0.011983752,-0.007965883,0.0024838487
3812,8.4,1.7142857,8.0,0.006396395,-0.0075546913,0.0017562265
3813,8.4,2.2857144,8.0,-0.006581653,-0.009902932,0.0013761839
3814,8.4,2.857143,8.0,-0.0128828045,-0.010444507,0.0008221224
3815,8.4,3.4285715,8.0,-0.026275238,-0.0102570765,0.0006450707
3816,8.4,4.0,8.0,-0.034284156,-0.011645418,4.5721363e-06
3817,8.4,0.0,7.3846154,0.031059923,-0.005599737,0.0030909798
3818,8.4,0.5714286,7.3846154,0.026651246,-0.001141804,0.0023280084
3819,8.4,1.1428572,7.3846154,0.011772384,-0.008542785,0.0018282494
3820,8.4,1.7142857,7.3846154,0.0062362426,-0.007878353,0.0013542492
3821,8.4,2.2857144,7.3846154,-0.006806242,-0.010191321,0.00095921214
3822,8.4,2.857143,7.3846154,-0.013034362,-0.01070523,0.0006881579
3823,8.4,3.4285715,7.3846154,-0.026553666,-0.010449932,0.00045354813
3824,8.4,4.0,7.3846154,-0.03443241,-0.0118746385,0.00049397576
3825,8.4,0.0,6.769231,0.03174531,-0.005806038,0.001427705
3826,8.4,0.5714286,6.769231,0.027028607,-0.0010216495,0.0014624594
3827,8.4,1.1428572,6.769231,0.011619679,-0.008500147,0.0012043188
3828,8.4,1.7142857,6.769231,0.00632633,-0.007930848,0.0008919333
3829,8.4,2.2857144,6.769231,-0.0070050107,-0.010161024,0.00065773557
3830,8.4,2.857143,6.769231,-0.01306551,-0.010781713,0.00046995128
3831,8.4,3.4285715,6.769231,-0.026777042,-0.010415506,0.0003028579
3832,8.4,4.0,6.769231,-0.034462854,-0.012010709,0.0001244125
3833,8.4,0.0,6.1538463,0.031145034,-0.005711771,0.000885485
3834,8.4,0.5714286,6.1538463,0.026849473,-0.0010767364,0.00077482674
3835,8.4,1.1428572,6.1538463,0.011591248,-0.00835748,0.0006594458
3836,8.4,1.7142857,6.1538463,0.006229875,-0.007867059,0.0005226467
3837,8.4,2.2857144,6.1538463,-0.0070863073,-0.010053465,0.0003674073
3838,8.4,2.857143,6.1538463,-0.013148912,-0.01073517,0.00023097426
3839,8.4,3.4285715,6.1538463,-0.026858782,-0.010330627,0.00020793194
3840,8.4,4.0,6.1538463,-0.03448135,-0.01197294,0.00031994111
3841,8.4,0.0,5.5384617,0.031369746,-0.005805408,0.000316012
3842,8.4,0.5714286,5.5384617,0.026805103,-0.000986059,0.00029629775
3843,8.4,1.1428572,5.5384617,0.01150908,-0.008310865,0.00026088202
3844,8.4,1.7142857,5.5384617,0.0061768484,-0.0077445605,0.00016439198
3845,8.4,2.2857144,5.5384617,-0.0071421447,-0.0099696815,9.39822e-05
3846,8.4,2.857143,5.5384617,-0.013213457,-0.0106179705,3.2151853e-05
3847,8.4,3.4285715,5.5384617,-0.02688856,-0.0102611445,-4.1068084e-05
3848,8.4,4.0,5.5384617,-0.034505602,-0.011885987,-9.538017e-05
3849,8.4,0.0,4.923077,0.031112963,-0.00574825,-7.6409306e-05
3850,8.4,0.5714286,4.923077,0.026692549,-0.0009782754,-6.684098e-05
3851,8.4,1.1428572,4.923077,0.0114844,-0.008240184,-0.00010144818
3852,8.4,1.7142857,4.923077,0.006102203,-0.0076692645,-0.00012085912
3853,8.4,2.2857144,4.923077,-0.0071684984,-0.009893471,-0.00017155865
3854,8.4,2.857143,4.923077,-0.01326172,-0.010529437,-0.00020618712
3855,8.4,3.4285715,4.923077,-0.026898157,-0.010190831,-0.00017808747
3856,8.4,4.0,4.923077,-0.034512073,-0.011803384,-7.2687486e-05
3857,8.4,0.0,4.3076925,0.031150118,-0.0057632104,-0.00037501022
3858,8.4,0.5714286,4.3076925,0.026651524,-0.0009513945,-0.0003983043
3859,8.4,1.1428572,4.3076925,0.011441846,-0.008213595,-0.00038643583
3860,8.4,1.7142857,4.3076925,0.006070812,-0.007624937,-0.00041354794
3861,8.4,2.2857144,4.3076925,-0.0071959025,-0.009851666,-0.00041112135
3862,8.4,2.857143,4.3076925,-0.013289103,-0.010481232,-0.000422385
3863,8.4,3.4285715,4.3076925,-0.026911398,-0.010150931,-0.00045890594
3864,8.4,4.0,4.3076925,-0.03452122,-0.011762694,-0.0005226323
3865,8.4,0.0,3.6923077,0.031132394,-0.0057621994,-0.000706382
3866,8.4,0.5714286,3.6923077,0.026633749,-0.00095132575,-0.00068268593
3867,8.4,1.1428572,3.6923077,0.011424132,-0.00821331,-0.00069327786
3868,8.4,1.7142857,3.6923077,0.0060529765,-0.007624854,-0.00066590105
3869,8.4,2.2857144,3.6923077,-0.0072136237,-0.009851444,-0.0006671582
3870,8.4,2.857143,3.6923077,-0.013306968,-0.010481154,-0.0006555974
3871,8.4,3.4285715,3.6923077,-0.026929148,-0.010150742,-0.00061785453
3872,8.4,4.0,3.6923077,-0.03453915,-0.011762558,-0.0005537069
3873,8.4,0.0,3.0769231,0.031060372,-0.0057444917,-0.0010051124
3874,8.4,0.5714286,3.0769231,0.026638806,-0.0009792218,-0.0010140274
3875,8.4,1.1428572,3.0769231,0.0114314575,-0.008238489,-0.0009783491
3876,8.4,1.7142857,3.0769231,0.0060485606,-0.007669546,-0.0009585219
3877,8.4,2.2857144,3.0769231,-0.0072215647,-0.009892513,-0.00090680626
3878,8.4,2.857143,3.0769231,-0.013315386,-0.010529327,-0.00087172387
3879,8.4,3.4285715,3.0769231,-0.026951317,-0.010190294,-0.0008987636
3880,8.4,4.0,3.0769231,-0.034565844,-0.011802945,-0.0010035563
3881,8.4,0.0,2.4615386,0.03128156,-0.005799755,-0.001397565
3882,8.4,0.5714286,2.4615386,0.026715882,-0.0009864613,-0.0013771459
3883,8.4,1.1428572,2.4615386,0.011420665,-0.008308821,-0.0013407206
3884,8.4,1.7142857,2.4615386,0.0060875425,-0.0077445237,-0.0012437517
3885,8.4,2.2857144,2.4615386,-0.007230653,-0.009968386,-0.0011724072
3886,8.4,2.857143,2.4615386,-0.013302851,-0.010617658,-0.0011100547
3887,8.4,3.4285715,2.4615386,-0.026977208,-0.010260287,-0.0010358166
3888,8.4,4.0,2.4615386,-0.034595214,-0.011885297,-0.0009809026
3889,8.4,0.0,1.8461539,0.031022122,-0.0057034735,-0.0019670203
3890,8.4,0.5714286,1.8461539,0.026724236,-0.0010782866,-0.0018556328
3891,8.4,1.1428572,1.8461539,0.011467585,-0.0083538145,-0.0017393624
3892,8.4,1.7142857,1.8461539,0.006104789,-0.007867502,-0.0016020173
3893,8.4,2.2857144,1.8461539,-0.0072101974,-0.010051434,-0.0014459499
3894,8.4,2.857143,1.8461539,-0.013274064,-0.010734886,-0.0013088103
3895,8.4,3.4285715,1.8461539,-0.026982855,-0.010329446,-0.0012849258
3896,8.4,4.0,1.8461539,-0.03460676,-0.011971936,-0.0013961057
3897,8.4,0.0,1.2307693,0.031586528,-0.005794147,-0.0025094955
3898,8.4,0.5714286,1.2307693,0.026867935,-0.0010229719,-0.0025432296
3899,8.4,1.1428572,1.2307693,0.011460498,-0.008495962,-0.0022843669
3900,8.4,1.7142857,1.2307693,0.006165567,-0.007931362,-0.0019715324
3901,8.4,2.2857144,1.2307693,-0.00716435,-0.010158518,-0.0017361267
3902,8.4,2.857143,1.2307693,-0.013226351,-0.010781424,-0.0015480069
3903,8.4,3.4285715,1.2307693,-0.026936606,-0.010413919,-0.0013796864
3904,8.4,4.0,1.2307693,-0.03462403,-0.0120095685,-0.0012008235
3905,8.4,0.0,0.61538464,0.03086664,-0.0055862917,-0.0041718017
3906,8.4,0.5714286,0.61538464,0.026454698,-0.001144727,-0.0034094292
3907,8.4,1.1428572,0.61538464,0.011577641,-0.008537559,-0.0029086769
3908,8.4,1.7142857,0.61538464,0.0060399184,-0.007879396,-0.0024335245
3909,8.4,2.2857144,0.61538464,-0.0070011346,-0.010188131,-0.0020380255
3910,8.4,2.857143,0.61538464,-0.013230781,-0.010705024,-0.0017658811
3911,8.4,3.4285715,0.61538464,-0.026748717,-0.010448025,-0.0015307117
3912,8.4,4.0,0.61538464,-0.03462922,-0.011873194,-0.0015700684
3913,8.4,0.0,0.0,0.032059863,-0.0048342934,-0.0047794743
3914,8.4,0.5714286,0.0,0.02696264,-0.0007512653,-0.0048216037
3915,8.4,1.1428572,0.0,0.011754177,-0.007959496,-0.0035638076
3916,8.4,1.7142857,0.0,0.0061637135,-0.007555993,-0.0028361504
3917,8.4,2.2857144,0.0,-0.006811516,-0.009899229,-0.0024544692
3918,8.4,2.857143,0.0,-0.013115255,-0.010444213,-0.0019003745
3919,8.4,3.4285715,0.0,-0.026505329,-0.010254861,-0.0017218128
3920,8.4,4.0,0.0,-0.034516882,-0.01164366,-0.0010810121
3921,9.0,0.0,8.0,0.035750628,0.006540537,0.0013295811
3922,9.0,0.5714286,8.0,0.023207983,0.0021352808,0.0015476488
3923,9.0,1.1428572,8.0,0.01675125,0.005454808,0.0017611312
3924,9.0,1.7142857,8.0,0.0028601426,0.0017904,0.0012755522
3925,9.0,2.2857144,8.0,-0.00292304,0.0023310718,0.0009198178
3926,9.0,2.857143,8.0,-0.016521985,0.0013393093,0.00062446104
3927,9.0,3.4285715,8.0,-0.023144135,0.0007978095,0.00024441656
3928,9.0,4.0,8.0,-0.03747685,0.0014748663,0.00023752819
3929,9.0,0.0,7.3846154,0.03523349,0.0070331227,0.0015118959
3930,9.0,0.5714286,7.3846154,0.022386694,0.0018700437,0.0014885549
3931,9.0,1.1428572,7.3846154,0.01630587,0.005274733,0.0012915053
3932,9.0,1.7142857,7.3846154,0.002463205,0.0014595794,0.0009868247
3933,9.0,2.2857144,7.3846154,-0.0031466987,0.002088306,0.00069343485
3934,9.0,2.857143,7.3846154,-0.016831713,0.0011006626,0.00044028895
3935,9.0,3.4285715,7.3846154,-0.023305465,0.0005596691,0.0001931396
3936,9.0,4.0,7.3846154,-0.037777416,0.0012447289,-0.0001301988
3937,9.0,0.0,6.769231,0.035273597,0.0067858803,0.001277496
3938,9.0,0.5714286,6.769231,0.022362744,0.0015889119,0.0010423443
3939,9.0,1.1428572,6.769231,0.016459087,0.0052119577,0.0008533772
3940,9.0,1.7142857,6.769231,0.002273125,0.0014113253,0.00067422685
3941,9.0,2.2857144,6.769231,-0.0031372553,0.0019791904,0.00045460643
3942,9.0,2.857143,6.769231,-0.017059267,0.0010845038,0.00025341663
3943,9.0,3.4285715,6.769231,-0.023346497,0.000420017,0.00015246533
3944,9.0,4.0,6.769231,-0.037969653,0.0012378234,0.00018751246
3945,9.0,0.0,6.1538463,0.03538977,0.006717646,0.00056757766
3946,9.0,0.5714286,6.1538463,0.022287175,0.0017083129,0.0005995383
3947,9.0,1.1428572,6.1538463,0.016350703,0.005145005,0.0004946872
3948,9.0,1.7142857,6.1538463,0.0022196432,0.0014740934,0.0003486658
3949,9.0,2.2857144,6.1538463,-0.0032309128,0.001975432,0.0002114576
3950,9.0,2.857143,6.1538463,-0.017147949,0.0011248962,0.00010911019
3951,9.0,3.4285715,6.1538463,-0.023425704,0.0004144808,-3.248719e-05
3952,9.0,4.0,6.1538463,-0.038043987,0.0012383859,-0.00012973082
3953,9.0,0.0,5.5384617,0.035142466,0.0067377137,0.00027186098
3954,9.0,0.5714286,5.5384617,0.022220971,0.0016584661,0.0002087457
3955,9.0,1.1428572,5.5384617,0.016315844,0.0052240826,0.00014153575
3956,9.0,1.7142857,5.5384617,0.002153091,0.0014961238,7.511618e-05
3957,9.0,2.2857144,5.5384617,-0.003289475,0.002045739,-1.2760792e-05
3958,9.0,2.857143,5.5384617,-0.017199002,0.0011601802,-9.981784e-05
3959,9.0,3.4285715,5.5384617,-0.023477837,0.00047441834,-9.513106e-05
3960,9.0,4.0,5.5384617,-0.03804355,0.0012681986,-2.0474865e-05
3961,9.0,0.0,4.923077,0.03517482,0.006722703,-0.00014254985
3962,9.0,0.5714286,4.923077,0.022179062,0.001708844,-0.00012034559
3963,9.0,1.1428572,4.923077,0.01622955,0.0052426825,-0.00014758437
3964,9.0,1.7142857,4.923077,0.0021334437,0.0015432229,-0.00019303102
3965,9.0,2.2857144,4.923077,-0.0033506502,0.002098782,-0.00023730134
3966,9.0,2.857143,4.923077,-0.017219853,0.0012030081,-0.00026141232
3967,9.0,3.4285715,4.923077,-0.023516798,0.00052869995,-0.0003333072
3968,9.0,4.0,4.923077,-0.03804215,0.0012936108,-0.00037903708
3969,9.0,0.0,4.3076925,0.035068773,0.006734786,-0.00039485018
3970,9.0,0.5714286,4.3076925,0.022138134,0.0017106509,-0.00041558646
3971,9.0,1.1428572,4.3076925,0.016200464,0.005269142,-0.00042841258
3972,9.0,1.7142857,4.3076925,0.0020995617,0.0015647148,-0.00043437417
3973,9.0,2.2857144,4.3076925,-0.0033799328,0.0021292644,-0.00044908733
3974,9.0,2.857143,4.3076925,-0.017241962,0.0012295328,-0.00047154503
3975,9.0,3.4285715,4.3076925,-0.023538433,0.0005587811,-0.00042887765
3976,9.0,4.0,4.3076925,-0.038043164,0.0013170115,-0.00036866023
3977,9.0,0.0,3.6923077,0.035051085,0.0067344056,-0.0007218672
3978,9.0,0.5714286,3.6923077,0.022120545,0.0017112973,-0.00069968274
3979,9.0,1.1428572,3.6923077,0.016182521,0.005269105,-0.0006864503
3980,9.0,1.7142857,3.6923077,0.0020819576,0.0015651275,-0.0006792767
3981,9.0,2.2857144,3.6923077,-0.0033978666,0.002129291,-0.00066423113
3982,9.0,2.857143,3.6923077,-0.017259618,0.0012298158,-0.0006405727
3983,9.0,3.4285715,3.6923077,-0.023556374,0.00055888447,-0.00068283145
3984,9.0,4.0,3.6923077,-0.03806086,0.001317169,-0.00074173755
3985,9.0,0.0,3.0769231,0.035120826,0.0067217536,-0.00097414135
3986,9.0,0.5714286,3.0769231,0.022126487,0.0017112343,-0.00099498
3987,9.0,1.1428572,3.0769231,0.01617574,0.0052423575,-0.00096723996
3988,9.0,1.7142857,3.0769231,0.0020806156,0.0015445331,-0.00092066947
3989,9.0,2.2857144,3.0769231,-0.0034044648,0.002098863,-0.00087598764
3990,9.0,2.857143,3.0769231,-0.017272789,0.001203817,-0.0008507543
3991,9.0,3.4285715,3.0769231,-0.02357069,0.0005290674,-0.0007783687
3992,9.0,4.0,3.0769231,-0.038095213,0.0012940859,-0.0007314296
3993,9.0,0.0,2.4615386,0.035053182,0.0067362087,-0.0013884484
3994,9.0,0.5714286,2.4615386,0.022133173,0.0016618671,-0.0013241781
3995,9.0,1.1428572,2.4615386,0.016226193,0.0052239215,-0.0012562901
3996,9.0,1.7142857,2.4615386,0.0020650045,0.001498098,-0.0011889273
3997,9.0,2.2857144,2.4615386,-0.0033791098,0.0020459658,-0.0011004726
3998,9.0,2.857143,2.4615386,-0.01728729,0.0011614629,-0.0010124454
3999,9.0,3.4285715,2.4615386,-0.02356756,0.0004750198,-0.0010164806
4000,9.0,4.0,2.4615386,-0.03813204,0.0012689573,-0.0010900615
4001,9.0,0.0,1.8461539,0.035264,0.006715646,-0.0016843757
4002,9.0,0.5714286,1.8461539,0.022164386,0.0017136883,-0.0017149064
4003,9.0,1.1428572,1.8461539,0.016225172,0.005144392,-0.0016095511
4004,9.0,1.7142857,1.8461539,0.0020963426,0.001477045,-0.0014625035
4005,9.0,2.2857144,1.8461539,-0.0033564495,0.0019756004,-0.0013247551
4006,9.0,2.857143,1.8461539,-0.017271481,0.0011267117,-0.0012213732
4007,9.0,3.4285715,1.8461539,-0.023551384,0.0004152963,-0.0010791712
4008,9.0,4.0,1.8461539,-0.038167786,0.0012394255,-0.000980839
4009,9.0,0.0,1.2307693,0.035112668,0.006782433,-0.0023939668
4010,9.0,0.5714286,1.2307693,0.022204837,0.0015956813,-0.0021579918
4011,9.0,1.1428572,1.2307693,0.016297644,0.0052111573,-0.0019683153
4012,9.0,1.7142857,1.2307693,0.0021145581,0.001415046,-0.0017881559
4013,9.0,2.2857144,1.2307693,-0.0032985988,0.00197928,-0.0015679561
4014,9.0,2.857143,1.2307693,-0.017218152,0.0010868765,-0.001365706
4015,9.0,3.4285715,1.2307693,-0.023507956,0.00042093248,-0.0012641371
4016,9.0,4.0,1.2307693,-0.038128875,0.0012391773,-0.001298071
4017,9.0,0.0,0.61538464,0.035035957,0.0070290943,-0.0026291907
4018,9.0,0.5714286,0.61538464,0.022193512,0.001878503,-0.0026042687
4019,9.0,1.1428572,0.61538464,0.016108539,0.0052732457,-0.002406591
4020,9.0,1.7142857,0.61538464,0.0022693363,0.0014641994,-0.0021009303
4021,9.0,2.2857144,0.61538464,-0.0033438795,0.0020882504,-0.0018067257
4022,9.0,2.857143,0.61538464,-0.017025858,0.0011035661,-0.0015526977
4023,9.0,3.4285715,0.61538464,-0.023502788,0.000560764,-0.0013047655
4024,9.0,4.0,0.61538464,-0.037971906,0.0012463161,-0.0009804546
4025,9.0,0.0,0.0,0.035517715,0.006535062,-0.0024464906
4026,9.0,0.5714286,0.0,0.022979887,0.002145411,-0.0026638054
4027,9.0,1.1428572,0.0,0.01651758,0.0054527377,-0.002876627
4028,9.0,1.7142857,0.0,0.002631376,0.001795968,-0.0023894731
4029,9.0,2.2857144,0.0,-0.00315636,0.0023309093,-0.0020334194
4030,9.0,2.857143,0.0,-0.01675111,0.0013427509,-0.001736698
4031,9.0,3.4285715,0.0,-0.023377426,0.00079905114,-0.0013562219
4032,9.0,4.0,0.0,-0.037706353,0.0014767699,-0.001348075
4033,9.6,0.0,8.0,0.032241877,0.011812376,0.00084286527
4034,9.6,0.5714286,8.0,0.026537292,0.01549918,0.00077932386
4035,9.6,1.1428572,8.0,0.01297247,0.011972171,0.00063372887
4036,9.6,1.7142857,8.0,0.006900511,0.014099531,0.0007276959
4037,9.6,2.2857144,8.0,-0.0068238564,0.012209596,0.00044304022
4038,9.6,2.857143,8.0,-0.01288127,0.012546926,0.00024894922
4039,9.6,3.4285715,8.0,-0.027065845,0.012426557,1.4531329e-05
4040,9.6,4.0,8.0,-0.03366362,0.011728779,-0.00048621272
4041,9.6,0.0,7.3846154,0.031671777,0.011515908,0.00060956745
4042,9.6,0.5714286,7.3846154,0.026191978,0.015632397,0.00064015604
4043,9.6,1.1428572,7.3846154,0.012424265,0.0118118245,0.0006425122
4044,9.6,1.7142857,7.3846154,0.0065932027,0.013982262,0.00050809776
4045,9.6,2.2857144,7.3846154,-0.007205526,0.012001509,0.00035082805
4046,9.6,2.857143,7.3846154,-0.013070081,0.0123542305,0.00013534092
4047,9.6,3.4285715,7.3846154,-0.027353343,0.012226694,-9.415082e-06
4048,9.6,4.0,7.3846154,-0.033772912,0.011517468,-2.1911856e-05
4049,9.6,0.0,6.769231,0.031449173,0.011553797,0.0005539521
4050,9.6,0.5714286,6.769231,0.026100075,0.015603489,0.00052612094
4051,9.6,1.1428572,6.769231,0.01221539,0.011657781,0.00045613488
4052,9.6,1.7142857,6.769231,0.006596655,0.013888487,0.00032703922
4053,9.6,2.2857144,6.769231,-0.007438954,0.011940859,0.00018226448
4054,9.6,2.857143,6.769231,-0.01310765,0.012224178,5.599211e-05
4055,9.6,3.4285715,6.769231,-0.027587371,0.012193491,-0.00011626303
4056,9.6,4.0,6.769231,-0.03383932,0.011337197,-0.00029917608
4057,9.6,0.0,6.1538463,0.031399943,0.011515892,0.00037013998
4058,9.6,0.5714286,6.1538463,0.026096152,0.015444972,0.00028413846
4059,9.6,1.1428572,6.1538463,0.012164322,0.0116969105,0.00020360207
4060,9.6,1.7142857,6.1538463,0.0065050237,0.013814556,0.00012666456
4061,9.6,2.2857144,6.1538463,-0.0075187925,0.011951669,2.3152985e-05
4062,9.6,2.857143,6.1538463,-0.013202934,0.012180692,-9.6189346e-05
4063,9.6,3.4285715,6.1538463,-0.027677663,0.012182289,-0.00012301952
4064,9.6,4.0,6.1538463,-0.033895504,0.011301443,-8.727574e-05
4065,9.6,0.0,5.5384617,0.031352237,0.011510357,6.4566407e-06
4066,9.6,0.5714286,5.5384617,0.02599007,0.015504949,2.600012e-05
4067,9.6,1.1428572,5.5384617,0.012095115,0.011653125,-8.756708e-06
4068,9.6,1.7142857,5.5384617,0.0064508477,0.013847638,-8.905681e-05
4069,9.6,2.2857144,5.5384617,-0.007579141,0.011945909,-0.00015071355
4070,9.6,2.857143,5.5384617,-0.013265519,0.012207278,-0.00020422685
4071,9.6,3.4285715,5.5384617,-0.027720105,0.012180707,-0.00029925993
4072,9.6,4.0,5.5384617,-0.03394025,0.0113042295,-0.0003732368
4073,9.6,0.0,4.923077,0.031285327,0.011506913,-0.00017877108
4074,9.6,0.5714286,4.923077,0.025939543,0.0154844215,-0.00022238727
4075,9.6,1.1428572,4.923077,0.012071555,0.011682222,-0.0002538608
4076,9.6,1.7142857,4.923077,0.0063852347,0.013861096,-0.00027828256
4077,9.6,2.2857144,4.923077,-0.007602922,0.01196248,-0.000319756
4078,9.6,2.857143,4.923077,-0.013317547,0.012234506,-0.00036608631
4079,9.6,3.4285715,4.923077,-0.027736343,0.012190762,-0.00034015218
4080,9.6,4.0,4.923077,-0.033959348,0.011330845,-0.00028858395
4081,9.6,0.0,4.3076925,0.03126264,0.011512647,-0.00048883224
4082,9.6,0.5714286,4.3076925,0.02589165,0.015501714,-0.00045974625
4083,9.6,1.1428572,4.3076925,0.012035709,0.011684195,-0.0004596421
4084,9.6,1.7142857,4.3076925,0.006355064,0.013876689,-0.00048196467
4085,9.6,2.2857144,4.3076925,-0.0076299785,0.011974216,-0.0004892406
4086,9.6,2.857143,4.3076925,-0.0133456085,0.012250294,-0.00049142743
4087,9.6,3.4285715,4.3076925,-0.027752476,0.012201889,-0.0005449759
4088,9.6,4.0,4.3076925,-0.03397617,0.011340638,-0.00059423357
4089,9.6,0.0,3.6923077,0.0312449,0.011513475,-0.0006622187
4090,9.6,0.5714286,3.6923077,0.025873715,0.015501564,-0.0006907924
4091,9.6,1.1428572,3.6923077,0.012018202,0.011684747,-0.00068953057
4092,9.6,1.7142857,3.6923077,0.00633707,0.0138766635,-0.0006667935
4093,9.6,2.2857144,3.6923077,-0.0076475493,0.011974598,-0.00065828825
4094,9.6,2.857143,3.6923077,-0.013363603,0.012250375,-0.00065569323
4095,9.6,3.4285715,3.6923077,-0.027770102,0.012202144,-0.00060086994
4096,9.6,4.0,3.6923077,-0.033994198,0.011340826,-0.0005511063
4097,9.6,0.0,3.0769231,0.031232923,0.011509033,-0.00097229995
4098,9.6,0.5714286,3.0769231,0.025885701,0.01548374,-0.0009281236
4099,9.6,1.1428572,3.0769231,0.012018901,0.011683924,-0.0008953622
4100,9.6,1.7142857,3.0769231,0.006331335,0.013861042,-0.00087044504
4101,9.6,2.2857144,3.0769231,-0.0076556695,0.011963579,-0.0008278215
4102,9.6,2.857143,3.0769231,-0.013371518,0.012234781,-0.0007810042
4103,9.6,3.4285715,3.0769231,-0.027789183,0.012191485,-0.00080573786
4104,9.6,4.0,3.0769231,-0.034013424,0.011331381,-0.00085671997
4105,9.6,0.0,2.4615386,0.031264257,0.011513932,-0.0011576734
4106,9.6,0.5714286,2.4615386,0.02590041,0.015504203,-0.0011764459
4107,9.6,1.1428572,2.4615386,0.012007393,0.011655727,-0.0011405575
4108,9.6,1.7142857,2.4615386,0.006361018,0.013847671,-0.0010596327
4109,9.6,2.2857144,2.4615386,-0.00766709,0.011947647,-0.000996946
4110,9.6,2.857143,2.4615386,-0.0133554125,0.012207776,-0.000942815
4111,9.6,3.4285715,2.4615386,-0.027808249,0.012181869,-0.0008467109
4112,9.6,4.0,2.4615386,-0.034030296,0.0113051655,-0.00077204173
4113,9.6,0.0,1.8461539,0.031277355,0.011520818,-0.0015212265
4114,9.6,0.5714286,1.8461539,0.025970552,0.01544352,-0.0014347043
4115,9.6,1.1428572,1.8461539,0.012041475,0.011700779,-0.0013529265
4116,9.6,1.7142857,1.8461539,0.0063792467,0.013814414,-0.0012754205
4117,9.6,2.2857144,1.8461539,-0.0076418766,0.011954172,-0.0011708204
4118,9.6,2.857143,1.8461539,-0.013328838,0.012181292,-0.0010509037
4119,9.6,3.4285715,1.8461539,-0.02780096,0.012183921,-0.0010229346
4120,9.6,4.0,1.8461539,-0.03402164,0.011302678,-0.0010580344
4121,9.6,0.0,1.2307693,0.031290993,0.011560636,-0.0017053037
4122,9.6,0.5714286,1.2307693,0.025938591,0.015601493,-0.0016766676
4123,9.6,1.1428572,1.2307693,0.012057507,0.011662746,-0.001605568
4124,9.6,1.7142857,1.2307693,0.0064348956,0.013888192,-0.0014758301
4125,9.6,2.2857144,1.2307693,-0.007597212,0.011944085,-0.0013299983
4126,9.6,2.857143,1.2307693,-0.013269471,0.012224855,-0.0012030806
4127,9.6,3.4285715,1.2307693,-0.027745934,0.012195597,-0.0010297484
4128,9.6,4.0,1.2307693,-0.03400138,0.011338765,-0.00084615266
4129,9.6,0.0,0.61538464,0.031478982,0.011524176,-0.0017607723
4130,9.6,0.5714286,0.61538464,0.025994444,0.015629593,-0.0017908319
4131,9.6,1.1428572,0.61538464,0.012231174,0.011818091,-0.001792029
4132,9.6,1.7142857,0.61538464,0.0063954615,0.013981628,-0.0016569498
4133,9.6,2.2857144,0.61538464,-0.007398891,0.0120055275,-0.001498622
4134,9.6,2.857143,0.61538464,-0.013267908,0.012354926,-0.00128245
4135,9.6,3.4285715,0.61538464,-0.02754697,0.012229265,-0.0011366103
4136,9.6,4.0,0.61538464,-0.033971045,0.011519335,-0.0011234016
4137,9.6,0.0,0.0,0.032013606,0.0118221305,-0.0019937404
4138,9.6,0.5714286,0.0,0.026303774,0.0154957725,-0.001930013
4139,9.6,1.1428572,0.0,0.012744495,0.011979561,-0.0017832905
4140,9.6,1.7142857,0.0,0.006666656,0.014098681,-0.0018767415
4141,9.6,2.2857144,0.0,-0.0070522036,0.012214337,-0.0015907787
4142,9.6,2.857143,0.0,-0.013115114,0.0125477025,-0.0013961884
4143,9.6,3.4285715,0.0,-0.027294494,0.0124296015,-0.0011605065
4144,9.6,4.0,0.0,-0.033897687,0.01173088,-0.00065921433
4145,10.2,0.0,8.0,0.036070906,0.025582865,-4.627084e-06
4146,10.2,0.5714286,8.0,0.022495613,0.022004684,0.00019620286
4147,10.2,1.1428572,8.0,0.016767547,0.024932675,0.00027820418
4148,10.2,1.7142857,8.0,0.0028859815,0.02244681,6.307542e-05
4149,10.2,2.2857144,8.0,-0.002935856,0.023774397,0.0001058986
4150,10.2,2.857143,8.0,-0.017018147,0.022898488,-0.0001068252
4151,10.2,3.4285715,8.0,-0.023231836,0.02287436,-0.0002325055
4152,10.2,4.0,8.0,-0.03752701,0.023144266,-0.0001746404
4153,10.2,0.0,7.3846154,0.035777822,0.025856176,0.00027260877
4154,10.2,0.5714286,7.3846154,0.022024766,0.021842236,0.0001779392
4155,10.2,1.1428572,7.3846154,0.016516998,0.024950298,0.00012968465
4156,10.2,1.7142857,7.3846154,0.0024714086,0.022318663,0.00011180612
4157,10.2,2.2857144,7.3846154,-0.003144675,0.0236714,-1.9686106e-05
4158,10.2,2.857143,7.3846154,-0.01734364,0.022754168,-0.000104537874
4159,10.2,3.4285715,7.3846154,-0.0233466,0.022723204,-0.000274758
4160,10.2,4.0,7.3846154,-0.037791096,0.022983922,-0.00053259777
4161,10.2,0.0,6.769231,0.03567765,0.025769278,0.00012411052
4162,10.2,0.5714286,6.769231,0.021763911,0.021759145,0.000107325344
4163,10.2,1.1428572,6.769231,0.016419768,0.024921926,7.3209434e-05
4164,10.2,1.7142857,6.769231,0.00221212,0.022227414,4.9749624e-06
4165,10.2,2.2857144,6.769231,-0.0031994765,0.023571068,-7.239629e-05
4166,10.2,2.857143,6.769231,-0.017592438,0.022699147,-0.00019478331
4167,10.2,3.4285715,6.769231,-0.02339933,0.022578593,-0.00024348235
4168,10.2,4.0,6.769231,-0.038042996,0.022950107,-0.00022629976
4169,10.2,0.0,6.1538463,0.035604674,0.025728278,-4.379758e-06
4170,10.2,0.5714286,6.1538463,0.021664899,0.021799639,-1.0762105e-05
4171,10.2,1.1428572,6.1538463,0.01635042,0.02480312,-4.8405112e-05
4172,10.2,1.7142857,6.1538463,0.0021318549,0.022231238,-0.00011309447
4173,10.2,2.2857144,6.1538463,-0.003297285,0.023494504,-0.00018673256
4174,10.2,2.857143,6.1538463,-0.01768603,0.022680324,-0.00024122154
4175,10.2,3.4285715,6.1538463,-0.023494218,0.022515973,-0.0003600382
4176,10.2,4.0,6.1538463,-0.038125172,0.022900568,-0.00047297886
4177,10.2,0.0,5.5384617,0.03552908,0.02571333,-0.00012661988
4178,10.2,0.5714286,5.5384617,0.021622805,0.021730583,-0.00016621417
4179,10.2,1.1428572,5.5384617,0.016274758,0.024821827,-0.0002114434
4180,10.2,1.7142857,5.5384617,0.002070026,0.022189619,-0.00023772664
4181,10.2,2.2857144,5.5384617,-0.003363032,0.023495128,-0.0002930376
4182,10.2,2.857143,5.5384617,-0.01774365,0.022651471,-0.00035353831
4183,10.2,3.4285715,5.5384617,-0.023553351,0.022508102,-0.00034657214
4184,10.2,4.0,5.5384617,-0.038159065,0.022874715,-0.0003123843
4185,10.2,0.0,4.923077,0.035460465,0.025722668,-0.000361154
4186,10.2,0.5714286,4.923077,0.021571005,0.021750731,-0.00033639083
4187,10.2,1.1428572,4.923077,0.016216235,0.02480553,-0.00034714324
4188,10.2,1.7142857,4.923077,0.002041774,0.022188993,-0.00038631546
4189,10.2,2.2857144,4.923077,-0.003420166,0.0234974,-0.00041112668
4190,10.2,2.857143,4.923077,-0.017768657,0.02264367,-0.00042864314
4191,10.2,3.4285715,4.923077,-0.023597276,0.022512311,-0.00050019735
4192,10.2,4.0,4.923077,-0.038164794,0.02285515,-0.0005575305
4193,10.2,0.0,4.3076925,0.03541943,0.02571747,-0.00047488863
4194,10.2,0.5714286,4.3076925,0.021545818,0.021742184,-0.0005062597
4195,10.2,1.1428572,4.3076925,0.01617929,0.024813138,-0.0005221869
4196,10.2,1.7142857,4.3076925,0.0020132032,0.022188097,-0.00051572284
4197,10.2,2.2857144,4.3076925,-0.0034514116,0.02350058,-0.0005315752
4198,10.2,2.857143,4.3076925,-0.017791275,0.022644313,-0.0005482539
4199,10.2,3.4285715,4.3076925,-0.023622176,0.022515038,-0.0005080826
4200,10.2,4.0,4.3076925,-0.038174488,0.022854311,-0.00046520447
4201,10.2,0.0,3.6923077,0.035401598,0.02571715,-0.0007113059
4202,10.2,0.5714286,3.6923077,0.021528319,0.02174279,-0.00067855883
4203,10.2,1.1428572,3.6923077,0.016161267,0.02481303,-0.00066215487
4204,10.2,1.7142857,3.6923077,0.0019957006,0.022188578,-0.0006673032
4205,10.2,2.2857144,3.6923077,-0.0034694392,0.02350061,-0.0006510178
4206,10.2,2.857143,3.6923077,-0.017808825,0.022644645,-0.0006330646
4207,10.2,3.4285715,3.6923077,-0.02364022,0.022515181,-0.00067275116
4208,10.2,4.0,3.6923077,-0.038192075,0.022854527,-0.00071427634
4209,10.2,0.0,3.0769231,0.035406433,0.025722086,-0.00082503393
4210,10.2,0.5714286,3.0769231,0.02151849,0.021752652,-0.0008484649
4211,10.2,1.1428572,3.0769231,0.016162315,0.02480525,-0.000837165
4212,10.2,1.7142857,3.0769231,0.0019891711,0.022190358,-0.00079676096
4213,10.2,2.2857144,3.0769231,-0.003474195,0.02349755,-0.0007714326
4214,10.2,2.857143,3.0769231,-0.01782134,0.022644624,-0.0007527195
4215,10.2,3.4285715,3.0769231,-0.02365141,0.022512767,-0.00068060705
4216,10.2,4.0,3.0769231,-0.038217578,0.022855805,-0.0006220049
4217,10.2,0.0,2.4615386,0.035439435,0.025712295,-0.0010594698
4218,10.2,0.5714286,2.4615386,0.021535221,0.021733504,-0.00101872
4219,10.2,1.1428572,2.4615386,0.016184848,0.02482149,-0.0009728365
4220,10.2,1.7142857,2.4615386,0.0019823532,0.02219179,-0.0009454092
4221,10.2,2.2857144,2.4615386,-0.003453049,0.02349543,-0.0008894922
4222,10.2,2.857143,2.4615386,-0.017831497,0.022652995,-0.0008278835
4223,10.2,3.4285715,2.4615386,-0.023643496,0.022508884,-0.00083419256
4224,10.2,4.0,2.4615386,-0.038247082,0.022875741,-0.0008672073
4225,10.2,0.0,1.8461539,0.03547877,0.025726823,-0.0011817939
4226,10.2,0.5714286,1.8461539,0.021542339,0.021803971,-0.0011741485
4227,10.2,1.1428572,1.8461539,0.01622457,0.024802446,-0.0011359223
4228,10.2,1.7142857,1.8461539,0.00200912,0.022234375,-0.0010700533
4229,10.2,2.2857144,1.8461539,-0.0034233492,0.023494806,-0.0009958348
4230,10.2,2.857143,1.8461539,-0.01780895,0.0226825,-0.00094019633
4231,10.2,3.4285715,1.8461539,-0.023620488,0.022516996,-0.00082076923
4232,10.2,4.0,1.8461539,-0.038248304,0.022902047,-0.0007066346
4233,10.2,0.0,1.2307693,0.035516057,0.025766935,-0.0013102342
4234,10.2,0.5714286,1.2307693,0.021606306,0.021764785,-0.0012923061
4235,10.2,1.1428572,1.2307693,0.016257841,0.024920905,-0.0012575412
4236,10.2,1.7142857,1.2307693,0.0020543614,0.022231488,-0.0011881888
4237,10.2,2.2857144,1.2307693,-0.0033615755,0.023571352,-0.001110167
4238,10.2,2.857143,1.2307693,-0.017750453,0.022701945,-0.0009866916
4239,10.2,3.4285715,1.2307693,-0.023561621,0.02257985,-0.0009373006
4240,10.2,4.0,1.2307693,-0.038201287,0.022951938,-0.0009533459
4241,10.2,0.0,0.61538464,0.035579883,0.025853124,-0.0014585879
4242,10.2,0.5714286,0.61538464,0.021832231,0.02184938,-0.0013629334
4243,10.2,1.1428572,0.61538464,0.016319016,0.024948757,-0.0013140853
4244,10.2,1.7142857,0.61538464,0.0022786441,0.022323782,-0.0012950244
4245,10.2,2.2857144,0.61538464,-0.0033428874,0.02367155,-0.0011629408
4246,10.2,2.857143,0.61538464,-0.017536612,0.022757646,-0.0010769299
4247,10.2,3.4285715,0.61538464,-0.02354505,0.022724632,-0.00090607017
4248,10.2,4.0,0.61538464,-0.037984345,0.022986168,-0.00064708333
4249,10.2,0.0,0.0,0.03583727,0.025579281,-0.0011820927
4250,10.2,0.5714286,0.0,0.022267971,0.022012873,-0.0013811281
4251,10.2,1.1428572,0.0,0.016533514,0.024930822,-0.0014626129
4252,10.2,1.7142857,0.0,0.00265822,0.022452783,-0.0012463441
4253,10.2,2.2857144,0.0,-0.0031700705,0.023774529,-0.0012885777
4254,10.2,2.857143,0.0,-0.01724616,0.022902552,-0.0010746507
4255,10.2,3.4285715,0.0,-0.023466226,0.022875981,-0.0009483606
4256,10.2,4.0,0.0,-0.03775533,0.023146996,-0.0010049316
4257,10.8,0.0,8.0,0.03192495,0.03223879,2.906796e-05
4258,10.8,0.5714286,8.0,0.026437283,0.035490938,-0.0001530066
4259,10.8,1.1428572,8.0,0.012505489,0.032561403,-0.00023521607
4260,10.8,1.7142857,8.0,0.006955818,0.034688275,-0.0001297169
4261,10.8,2.2857144,8.0,-0.007240651,0.0330997,-0.000335926
4262,10.8,2.857143,8.0,-0.012983155,0.033822294,-0.00031126055
4263,10.8,3.4285715,8.0,-0.02750178,0.033560306,-0.0004572636
4264,10.8,4.0,8.0,-0.03335936,0.033159357,-0.0007509734
4265,10.8,0.0,7.3846154,0.031581372,0.032022063,-0.00023669332
4266,10.8,0.5714286,7.3846154,0.0262507,0.035585888,-0.00015130978
4267,10.8,1.1428572,7.3846154,0.012105667,0.03243684,-0.00016260304
4268,10.8,1.7142857,7.3846154,0.006773697,0.034660645,-0.0002524008
4269,10.8,2.2857144,7.3846154,-0.007586217,0.033002,-0.00026345832
4270,10.8,2.857143,7.3846154,-0.013120695,0.033728898,-0.0003794629
4271,10.8,3.4285715,7.3846154,-0.027769009,0.033456467,-0.00041531547
4272,10.8,4.0,7.3846154,-0.033459365,0.033061516,-0.00037320756
4273,10.8,0.0,6.769231,0.031237625,0.032028068,-0.00012389026
4274,10.8,0.5714286,6.769231,0.0261214,0.035564557,-0.00018508577
4275,10.8,1.1428572,6.769231,0.011828566,0.032353155,-0.00021907271
4276,10.8,1.7142857,6.769231,0.006676862,0.034609087,-0.00025012938
4277,10.8,2.2857144,6.769231,-0.007854555,0.03293691,-0.00032347318
4278,10.8,2.857143,6.769231,-0.013185028,0.033624284,-0.00036317107
4279,10.8,3.4285715,6.769231,-0.028018324,0.033416167,-0.00047996946
4280,10.8,4.0,6.769231,-0.03351346,0.03290882,-0.00064188987
4281,10.8,0.0,6.1538463,0.03115694,0.032016754,-0.0002207078
4282,10.8,0.5714286,6.1538463,0.026031347,0.035461288,-0.00024741
4283,10.8,1.1428572,6.1538463,0.011717764,0.03237439,-0.0002783094
4284,10.8,1.7142857,6.1538463,0.006582928,0.034512866,-0.00031505
4285,10.8,2.2857144,6.1538463,-0.007954118,0.032920152,-0.00035613793
4286,10.8,2.857143,6.1538463,-0.013286496,0.03354239,-0.00042759388
4287,10.8,3.4285715,6.1538463,-0.028114961,0.03337528,-0.00042737438
4288,10.8,4.0,6.1538463,-0.03361557,0.032842364,-0.0004090285
4289,10.8,0.0,5.5384617,0.031080972,0.032000687,-0.00034250025
4290,10.8,0.5714286,5.5384617,0.025949752,0.03547815,-0.00034036502
4291,10.8,1.1428572,5.5384617,0.011666945,0.03231449,-0.000351653
4292,10.8,1.7142857,5.5384617,0.0065076402,0.034505703,-0.00039496835
4293,10.8,2.2857144,5.5384617,-0.008012845,0.03287297,-0.0004245085
4294,10.8,2.857143,5.5384617,-0.013357017,0.0335215,-0.00045047465
4295,10.8,3.4285715,5.5384617,-0.028166655,0.033328395,-0.00053376576
4296,10.8,4.0,5.5384617,-0.033661306,0.032805197,-0.00061850663
4297,10.8,0.0,4.923077,0.031046648,0.031984415,-0.00040908868
4298,10.8,0.5714286,4.923077,0.025892148,0.03545233,-0.00044074963
4299,10.8,1.1428572,4.923077,0.011624561,0.032311,-0.0004635599
4300,10.8,1.7142857,4.923077,0.0064528077,0.034490038,-0.000468889
4301,10.8,2.2857144,4.923077,-0.008044947,0.032852996,-0.0004939241
4302,10.8,2.857143,4.923077,-0.0134077165,0.03351014,-0.0005258963
4303,10.8,3.4285715,4.923077,-0.028187856,0.033302218,-0.0004971677
4304,10.8,4.0,4.923077,-0.033699553,0.03279458,-0.00046863154
4305,10.8,0.0,4.3076925,0.031010104,0.031989917,-0.0005791418
4306,10.8,0.5714286,4.3076925,0.025850536,0.03545747,-0.000554319
4307,10.8,1.1428572,4.3076925,0.011598981,0.032301962,-0.00054779195
4308,10.8,1.7142857,4.3076925,0.0064166123,0.03448651,-0.0005691024
4309,10.8,2.2857144,4.3076925,-0.0080692,0.03284616,-0.0005687586
4310,10.8,2.857143,4.3076925,-0.013438898,0.03350432,-0.000568259
4311,10.8,3.4285715,4.3076925,-0.028205683,0.03329249,-0.00062128797
4312,10.8,4.0,4.3076925,-0.03371751,0.032785006,-0.0006683128
4313,10.8,0.0,3.6923077,0.03099258,0.031990673,-0.0006413447
4314,10.8,0.5714286,3.6923077,0.025832519,0.035457328,-0.00066561607
4315,10.8,1.1428572,3.6923077,0.011581532,0.032302532,-0.0006707927
4316,10.8,1.7142857,3.6923077,0.00639856,0.034486476,-0.00064902764
4317,10.8,2.2857144,3.6923077,-0.008086693,0.032846574,-0.0006480665
4318,10.8,2.857143,3.6923077,-0.013456973,0.03350442,-0.0006481032
4319,10.8,3.4285715,3.6923077,-0.028223218,0.033292785,-0.00059374014
4320,10.8,4.0,3.6923077,-0.03373562,0.03278521,-0.0005461641
4321,10.8,0.0,3.0769231,0.03099429,0.031986307,-0.0008114067
4322,10.8,0.5714286,3.0769231,0.02583814,0.035451874,-0.00077915826
4323,10.8,1.1428572,3.0769231,0.011572096,0.032312598,-0.0007550702
4324,10.8,1.7142857,3.0769231,0.006398728,0.03449002,-0.00074920454
4325,10.8,2.2857144,3.0769231,-0.008097476,0.03285417,-0.000722945
4326,10.8,2.857143,3.0769231,-0.013461894,0.03351048,-0.00069043256
4327,10.8,3.4285715,3.0769231,-0.028240472,0.033303056,-0.0007178994
4328,10.8,4.0,3.0769231,-0.033753823,0.032795187,-0.0007458149
4329,10.8,0.0,2.4615386,0.030993499,0.03200388,-0.00087805954
4330,10.8,0.5714286,2.4615386,0.025859773,0.035477567,-0.00087949727
4331,10.8,1.1428572,2.4615386,0.011579513,0.03231705,-0.00086702063
4332,10.8,1.7142857,2.4615386,0.0064175236,0.034505732,-0.00082310307
4333,10.8,2.2857144,2.4615386,-0.008100429,0.032874856,-0.0007924034
4334,10.8,2.857143,2.4615386,-0.01344727,0.0335221,-0.0007658232
4335,10.8,3.4285715,2.4615386,-0.028254407,0.03332974,-0.000681354
4336,10.8,4.0,2.4615386,-0.03375172,0.03280625,-0.0005959284
4337,10.8,0.0,1.8461539,0.031034663,0.032021187,-0.0009998238
4338,10.8,0.5714286,1.8461539,0.025905319,0.03546024,-0.00097248406
4339,10.8,1.1428572,1.8461539,0.011595356,0.03237807,-0.0009403645
4340,10.8,1.7142857,1.8461539,0.006456731,0.034512777,-0.0009030487
4341,10.8,2.2857144,1.8461539,-0.008076685,0.032922845,-0.000860774
4342,10.8,2.857143,1.8461539,-0.013412893,0.033543132,-0.0007887314
4343,10.8,3.4285715,1.8461539,-0.028237721,0.033377193,-0.0007877355
4344,10.8,4.0,1.8461539,-0.033742175,0.032843743,-0.0008054303
4345,10.8,0.0,1.2307693,0.031080293,0.032034095,-0.0010965713
4346,10.8,0.5714286,1.2307693,0.025959298,0.035563037,-0.0010347939
4347,10.8,1.1428572,1.2307693,0.011671253,0.032357983,-0.0009996579
4348,10.8,1.7142857,1.2307693,0.0065145316,0.03460883,-0.00096794876
4349,10.8,2.2857144,1.2307693,-0.008012086,0.032940395,-0.00089349394
4350,10.8,2.857143,1.2307693,-0.01334756,0.033625163,-0.000853127
4351,10.8,3.4285715,1.2307693,-0.028176105,0.033418592,-0.0007351972
4352,10.8,4.0,1.2307693,-0.03367624,0.032910604,-0.0005725868
4353,10.8,0.0,0.61538464,0.03138932,0.032029543,-0.0009840888
4354,10.8,0.5714286,0.61538464,0.026052387,0.035583645,-0.0010685717
4355,10.8,1.1428572,0.61538464,0.011913478,0.032442905,-0.0010560859
4356,10.8,1.7142857,0.61538464,0.006575162,0.03466009,-0.00096576795
4357,10.8,2.2857144,0.61538464,-0.007778597,0.033006363,-0.0009534667
4358,10.8,2.857143,0.61538464,-0.01331946,0.033729803,-0.00083690515
4359,10.8,3.4285715,0.61538464,-0.02796162,0.033459462,-0.00079981756
4360,10.8,4.0,0.61538464,-0.0336584,0.033063587,-0.0008412747
4361,10.8,0.0,0.0,0.031697687,0.032247394,-0.0012490066
4362,10.8,0.5714286,0.0,0.026203023,0.035488486,-0.0010670635
4363,10.8,1.1428572,0.0,0.012278256,0.0325684,-0.0009835622
4364,10.8,1.7142857,0.0,0.00672129,0.034687605,-0.0010883887
4365,10.8,2.2857144,0.0,-0.0074680843,0.03310476,-0.0008810797
4366,10.8,2.857143,0.0,-0.013217888,0.03382332,-0.0009050904
4367,10.8,3.4285715,0.0,-0.027729478,0.033563826,-0.00075789273
4368,10.8,4.0,0.0,-0.033594362,0.03316167,-0.00046361508
4369,11.4,0.0,8.0,0.036277656,0.046034135,-0.00053964707
4370,11.4,0.5714286,8.0,0.021928243,0.04269132,-0.00039801537
4371,11.4,1.1428572,8.0,0.016804593,0.045411076,-0.00039209364
4372,11.4,1.7142857,8.0,0.0024089266,0.043214414,-0.0005739595
4373,11.4,2.2857144,8.0,-0.0028871214,0.044665292,-0.0004692621
4374,11.4,2.857143,8.0,-0.017581422,0.043799803,-0.0006210748
4375,11.4,3.4285715,8.0,-0.02311005,0.043991912,-0.00060723186
4376,11.4,4.0,8.0,-0.037918955,0.04419919,-0.00049290847
4377,11.4,0.0,7.3846154,0.03605697,0.046164412,-0.00027017304
4378,11.4,0.5714286,7.3846154,0.021569047,0.042530753,-0.00041308432
4379,11.4,1.1428572,7.3846154,0.016658187,0.045433074,-0.00045864822
4380,11.4,1.7142857,7.3846154,0.002036043,0.043118045,-0.00044819602
4381,11.4,2.2857144,7.3846154,-0.0030213522,0.044623975,-0.0005420839
4382,11.4,2.857143,7.3846154,-0.017891193,0.04373892,-0.0005392685
4383,11.4,3.4285715,7.3846154,-0.023201192,0.043925304,-0.0006366805
4384,11.4,4.0,7.3846154,-0.038148742,0.044112176,-0.00082291046
4385,11.4,0.0,6.769231,0.035983715,0.0461114,-0.00042105818
4386,11.4,0.5714286,6.769231,0.021265188,0.04246737,-0.00040427802
4387,11.4,1.1428572,6.769231,0.016533704,0.04540593,-0.0004296322
4388,11.4,1.7142857,6.769231,0.001763445,0.04304696,-0.0004778902
4389,11.4,2.2857144,6.769231,-0.0031097673,0.044551734,-0.0004961092
4390,11.4,2.857143,6.769231,-0.018151615,0.043686517,-0.00056471454
4391,11.4,3.4285715,6.769231,-0.023247425,0.043809883,-0.0005642396
4392,11.4,4.0,6.769231,-0.038438477,0.04410131,-0.000531183
4393,11.4,0.0,6.1538463,0.035819266,0.046057343,-0.00040373253
4394,11.4,0.5714286,6.1538463,0.021144563,0.04249187,-0.00042946634
4395,11.4,1.1428572,6.1538463,0.016438622,0.045304835,-0.0004513601
4396,11.4,1.7142857,6.1538463,0.0016420935,0.0430434,-0.00047884352
4397,11.4,2.2857144,6.1538463,-0.0032093835,0.044459015,-0.00051881233
4398,11.4,2.857143,6.1538463,-0.018256595,0.043649692,-0.0005349
4399,11.4,3.4285715,6.1538463,-0.023357771,0.04372263,-0.0006270169
4400,11.4,4.0,6.1538463,-0.038507063,0.04403675,-0.00074254646
4401,11.4,0.0,5.5384617,0.03577891,0.046043847,-0.00044391808
4402,11.4,0.5714286,5.5384617,0.02108769,0.042435255,-0.00046482097
4403,11.4,1.1428572,5.5384617,0.016350895,0.045304418,-0.000493913
4404,11.4,1.7142857,5.5384617,0.0015940947,0.04298695,-0.00050330197
4405,11.4,2.2857144,5.5384617,-0.0032891314,0.04443342,-0.0005319025
4406,11.4,2.857143,5.5384617,-0.018312072,0.043593116,-0.00056913344
4407,11.4,3.4285715,5.5384617,-0.023418905,0.04368498,-0.00055177754
4408,11.4,4.0,5.5384617,-0.03856978,0.043982968,-0.00053447427
4409,11.4,0.0,4.923077,0.035691157,0.04604575,-0.00054008054
4410,11.4,0.5714286,4.923077,0.021043666,0.0424356,-0.0005258653
4411,11.4,1.1428572,4.923077,0.016300973,0.04527977,-0.00052752043
4412,11.4,1.7142857,4.923077,0.0015505513,0.042965595,-0.0005530895
4413,11.4,2.2857144,4.923077,-0.0033394247,0.044413403,-0.00056466163
4414,11.4,2.857143,4.923077,-0.018343981,0.043559253,-0.000570563
4415,11.4,3.4285715,4.923077,-0.023466308,0.043660622,-0.00063740404
4416,11.4,4.0,4.923077,-0.038570497,0.043938097,-0.00070252526
4417,11.4,0.0,4.3076925,0.035661336,0.04603737,-0.0005655817
4418,11.4,0.5714286,4.3076925,0.02101535,0.04242427,-0.0005894208
4419,11.4,1.1428572,4.3076925,0.016257863,0.04527646,-0.0006042306
4420,11.4,1.7142857,4.3076925,0.0015283291,0.04295495,-0.0005937213
4421,11.4,2.2857144,4.3076925,-0.0033763072,0.04440266,-0.00060542306
4422,11.4,2.857143,4.3076925,-0.018364549,0.04354578,-0.00061789044
4423,11.4,3.4285715,4.3076925,-0.02349304,0.043647658,-0.00057696237
4424,11.4,4.0,4.3076925,-0.038588908,0.04392124,-0.00054277794
4425,11.4,0.0,3.6923077,0.035643283,0.046037104,-0.0006899649
4426,11.4,0.5714286,3.6923077,0.020997936,0.04242488,-0.00066473056
4427,11.4,1.1428572,3.6923077,0.016239787,0.045276362,-0.00064944307
4428,11.4,1.7142857,3.6923077,0.00151089,0.042955454,-0.0006586199
4429,11.4,2.2857144,3.6923077,-0.0033944054,0.044402704,-0.0006464851
4430,11.4,2.857143,3.6923077,-0.018382017,0.04354614,-0.0006326931
4431,11.4,3.4285715,3.6923077,-0.023511168,0.04364782,-0.0006731273
4432,11.4,4.0,3.6923077,-0.03860639,0.043921493,-0.00070589664
4433,11.4,0.0,3.0769231,0.03563706,0.046045277,-0.0007154455
4434,11.4,0.5714286,3.0769231,0.020991357,0.042437416,-0.0007283175
4435,11.4,1.1428572,3.0769231,0.016246818,0.045279592,-0.00072611705
4436,11.4,1.7142857,3.0769231,0.0014981899,0.04296699,-0.00069929607
4437,11.4,2.2857144,3.0769231,-0.0033936754,0.044413608,-0.0006872094
4438,11.4,2.857143,3.0769231,-0.018396432,0.043560293,-0.0006800585
4439,11.4,3.4285715,3.0769231,-0.023520662,0.043661144,-0.00061265513
4440,11.4,4.0,3.0769231,-0.038623054,0.043938845,-0.0005461968
4441,11.4,0.0,2.4615386,0.03568876,0.046043,-0.00081154815
4442,11.4,0.5714286,2.4615386,0.021000477,0.0424381,-0.00078940386
4443,11.4,1.1428572,2.4615386,0.016260665,0.04530418,-0.0007597034
4444,11.4,1.7142857,2.4615386,0.0015067753,0.04298921,-0.00074911583
4445,11.4,2.2857144,2.4615386,-0.0033794972,0.044433795,-0.00071994466
4446,11.4,2.857143,2.4615386,-0.018399533,0.043594785,-0.0006815224
4447,11.4,3.4285715,2.4615386,-0.023509428,0.043685876,-0.0006982491
4448,11.4,4.0,2.4615386,-0.038657375,0.043984152,-0.0007142862
4449,11.4,0.0,1.8461539,0.035693023,0.04605613,-0.0008517031
4450,11.4,0.5714286,1.8461539,0.021022497,0.042496003,-0.0008247518
4451,11.4,1.1428572,1.8461539,0.016312247,0.045304365,-0.000802275
4452,11.4,1.7142857,1.8461539,0.001519907,0.043046616,-0.00077357376
4453,11.4,2.2857144,1.8461539,-0.0033359576,0.044459432,-0.00073304994
4454,11.4,2.857143,1.8461539,-0.018378967,0.043652065,-0.0007157467
4455,11.4,3.4285715,1.8461539,-0.02348456,0.043723796,-0.0006230327
4456,11.4,4.0,1.8461539,-0.038629647,0.044038445,-0.0005062399
4457,11.4,0.0,1.2307693,0.035821263,0.046109438,-0.00083449425
4458,11.4,0.5714286,1.2307693,0.021108313,0.04247277,-0.00084995595
4459,11.4,1.1428572,1.2307693,0.01637112,0.045405127,-0.0008239754
4460,11.4,1.7142857,1.2307693,0.0016064078,0.043051157,-0.00077457965
4461,11.4,2.2857144,1.2307693,-0.003272567,0.044552155,-0.00075572217
4462,11.4,2.857143,1.2307693,-0.018308861,0.043689553,-0.00068597676
4463,11.4,3.4285715,1.2307693,-0.023410466,0.043811332,-0.00068577775
4464,11.4,4.0,1.2307693,-0.038595937,0.0441034,-0.0007176273
4465,11.4,0.0,0.61538464,0.035858247,0.04616177,-0.0009849832
4466,11.4,0.5714286,0.61538464,0.021377442,0.04253762,-0.0008411982
4467,11.4,1.1428572,0.61538464,0.016459279,0.045431808,-0.0007950452
4468,11.4,1.7142857,0.61538464,0.0018442944,0.043123297,-0.00080420275
4469,11.4,2.2857144,0.61538464,-0.0032205011,0.044624284,-0.000709833
4470,11.4,2.857143,0.61538464,-0.018083155,0.04374269,-0.00071136846
4471,11.4,3.4285715,0.61538464,-0.023400607,0.043926932,-0.00061339804
4472,11.4,4.0,0.61538464,-0.038340967,0.044114742,-0.00042593494
4473,11.4,0.0,0.0,0.036042925,0.046031136,-0.0007164303
4474,11.4,0.5714286,0.0,0.021701584,0.042699065,-0.00085607823
4475,11.4,1.1428572,0.0,0.016569698,0.045409646,-0.0008615457
4476,11.4,1.7142857,0.0,0.0021821128,0.043220468,-0.0006785767
4477,11.4,2.2857144,0.0,-0.0031222466,0.044665623,-0.00078257476
4478,11.4,2.857143,0.0,-0.017808443,0.043804172,-0.0006296353
4479,11.4,3.4285715,0.0,-0.023345435,0.043993734,-0.0006428263
4480,11.4,4.0,0.0,-0.038146216,0.04420224,-0.00075588125
4481,12.0,0.0,8.0,0.03127473,0.052776262,-0.00044742814
4482,12.0,0.5714286,8.0,0.026671838,0.05598335,-0.0006678061
4483,12.0,1.1428572,8.0,0.011876372,0.053213045,-0.00077156204
4484,12.0,1.7142857,8.0,0.0071577355,0.055396505,-0.0006872783
4485,12.0,2.2857144,8.0,-0.007858537,0.053969666,-0.00086078764
4486,12.0,2.857143,8.0,-0.012810682,0.0548727,-0.00075390155
4487,12.0,3.4285715,8.0,-0.028094241,0.054601204,-0.0008277755
4488,12.0,4.0,8.0,-0.03307498,0.05424832,-0.0009985652
4489,12.0,0.0,7.3846154,0.031046554,0.052573495,-0.0006961534
4490,12.0,0.5714286,7.3846154,0.026526583,0.05603209,-0.00062387803
4491,12.0,1.1428572,7.3846154,0.0114614945,0.053084616,-0.0006445288
4492,12.0,1.7142857,7.3846154,0.0070647467,0.05537977,-0.00072949566
4493,12.0,2.2857144,7.3846154,-0.008239561,0.053898077,-0.0006999632
4494,12.0,2.857143,7.3846154,-0.012905035,0.054821327,-0.00076987076
4495,12.0,3.4285715,7.3846154,-0.028347278,0.054540705,-0.0007482689
4496,12.0,4.0,7.3846154,-0.033220753,0.05423028,-0.00067181635
4497,12.0,0.0,6.769231,0.030602451,0.052516464,-0.00051178364
4498,12.0,0.5714286,6.769231,0.026424116,0.056010198,-0.0005920075
4499,12.0,1.1428572,6.769231,0.011194527,0.053010162,-0.00061670184
4500,12.0,1.7142857,6.769231,0.0069402,0.05532878,-0.00062627747
4501,12.0,2.2857144,6.769231,-0.008497063,0.05382421,-0.0006750534
4502,12.0,2.857143,6.769231,-0.012967336,0.054712873,-0.00067948346
4503,12.0,3.4285715,6.769231,-0.028629037,0.054497883,-0.00076250586
4504,12.0,4.0,6.769231,-0.03319648,0.054083228,-0.00091361353
4505,12.0,0.0,6.1538463,0.030576885,0.0525259,-0.0005415148
4506,12.0,0.5714286,6.1538463,0.026297307,0.05590774,-0.0005468028
4507,12.0,1.1428572,6.1538463,0.011051066,0.05302191,-0.00057218585
4508,12.0,1.7142857,6.1538463,0.006852421,0.055227973,-0.00059613556
4509,12.0,2.2857144,6.1538463,-0.008623354,0.053798106,-0.00061560137
4510,12.0,2.857143,6.1538463,-0.013071583,0.05462056,-0.0006631285
4511,12.0,3.4285715,6.1538463,-0.02871485,0.054443482,-0.0006475419
4512,12.0,4.0,6.1538463,-0.033356164,0.054011706,-0.00062680204
4513,12.0,0.0,5.5384617,0.030444179,0.052504044,-0.00054610043
4514,12.0,0.5714286,5.5384617,0.02621884,0.055919375,-0.0005564802
4515,12.0,1.1428572,5.5384617,0.011010958,0.05295916,-0.0005594707
4516,12.0,1.7142857,5.5384617,0.006756777,0.055210482,-0.00059098843
4517,12.0,2.2857144,5.5384617,-0.0086686,0.05373914,-0.00060574384
4518,12.0,2.857143,5.5384617,-0.013150611,0.054579895,-0.0006198851
4519,12.0,3.4285715,5.5384617,-0.028775198,0.0543777,-0.00068658177
4520,12.0,4.0,5.5384617,-0.033372276,0.05394706,-0.000781788
4521,12.0,0.0,4.923077,0.030445892,0.052490685,-0.0005585479
4522,12.0,0.5714286,4.923077,0.026156921,0.05589121,-0.0005781288
4523,12.0,1.1428572,4.923077,0.010957991,0.052947626,-0.00059818866
4524,12.0,1.7142857,4.923077,0.0067114052,0.055185866,-0.0005957229
4525,12.0,2.2857144,4.923077,-0.0087136,0.05370567,-0.0006134332
4526,12.0,2.857143,4.923077,-0.013197853,0.054553308,-0.00063361484
4527,12.0,3.4285715,4.923077,-0.028796615,0.054330334,-0.00060147746
4528,12.0,4.0,4.923077,-0.033435006,0.053914532,-0.000575136
4529,12.0,0.0,4.3076925,0.030392809,0.052490514,-0.0006400031
4530,12.0,0.5714286,4.3076925,0.02611491,0.055891562,-0.0006261907
4531,12.0,1.1428572,4.3076925,0.010936766,0.052933842,-0.00061472866
4532,12.0,1.7142857,4.3076925,0.0066672806,0.055175576,-0.0006345922
4533,12.0,2.2857144,4.3076925,-0.008732515,0.053691383,-0.00062912685
4534,12.0,2.857143,4.3076925,-0.0132338,0.05453671,-0.00062874873
4535,12.0,3.4285715,4.3076925,-0.028815296,0.05430956,-0.00067537534
4536,12.0,4.0,4.3076925,-0.033445545,0.053890515,-0.00072854816
4537,12.0,0.0,3.6923077,0.030375483,0.05249125,-0.00064971106
4538,12.0,0.5714286,3.6923077,0.02609679,0.055891443,-0.0006630036
4539,12.0,1.1428572,3.6923077,0.010919397,0.052934423,-0.00067309744
4540,12.0,1.7142857,3.6923077,0.006649148,0.05517556,-0.0006528388
4541,12.0,2.2857144,3.6923077,-0.00874992,0.053691827,-0.0006569736
4542,12.0,2.857143,3.6923077,-0.013251962,0.054536834,-0.00065694924
4543,12.0,3.4285715,3.6923077,-0.028832741,0.05430989,-0.00060896145
4544,12.0,4.0,3.6923077,-0.033463754,0.053890746,-0.0005552588
4545,12.0,0.0,3.0769231,0.030393716,0.05249261,-0.00073118636
4546,12.0,0.5714286,3.0769231,0.026102653,0.05589085,-0.0007110357
4547,12.0,1.1428572,3.0769231,0.010905819,0.05294925,-0.0006896824
4548,12.0,1.7142857,3.0769231,0.00665704,0.05518592,-0.0006916693
4549,12.0,2.2857144,3.0769231,-0.008765847,0.053706925,-0.00067270896
4550,12.0,2.857143,3.0769231,-0.013252298,0.05455372,-0.0006520442
4551,12.0,3.4285715,3.0769231,-0.028848968,0.05433127,-0.0006828939
4552,12.0,4.0,3.0769231,-0.03348952,0.053915236,-0.0007086339
4553,12.0,0.0,2.4615386,0.030357298,0.05250725,-0.00074366055
4554,12.0,0.5714286,2.4615386,0.026128411,0.05591893,-0.0007326598
4555,12.0,1.1428572,2.4615386,0.010923949,0.05296178,-0.00072843244
4556,12.0,1.7142857,2.4615386,0.0066662477,0.055210616,-0.00069638883
4557,12.0,2.2857144,2.4615386,-0.008755752,0.05374116,-0.0006804234
4558,12.0,2.857143,2.4615386,-0.013241279,0.054580614,-0.00066574547
4559,12.0,3.4285715,2.4615386,-0.028862523,0.054379206,-0.0005978181
4560,12.0,4.0,2.4615386,-0.03346311,0.053948257,-0.00050197274
4561,12.0,0.0,1.8461539,0.030455118,0.052530374,-0.00074828987
4562,12.0,0.5714286,1.8461539,0.026170667,0.0559069,-0.00074234715
4563,12.0,1.1428572,1.8461539,0.010929323,0.053025648,-0.0007157262
4564,12.0,1.7142857,1.8461539,0.006725575,0.055228036,-0.0006912565
4565,12.0,2.2857144,1.8461539,-0.008745267,0.053800974,-0.00067056314
4566,12.0,2.857143,1.8461539,-0.013198593,0.05462146,-0.0006225037
4567,12.0,3.4285715,1.8461539,-0.028836997,0.05444561,-0.0006368424
4568,12.0,4.0,1.8461539,-0.03348334,0.054013286,-0.00065695104
4569,12.0,0.0,1.2307693,0.03044623,0.052522514,-0.0007778521
4570,12.0,0.5714286,1.2307693,0.026261112,0.056008928,-0.0006971641
4571,12.0,1.1428572,1.2307693,0.011038074,0.05301507,-0.0006712608
4572,12.0,1.7142857,1.2307693,0.0067770425,0.05532869,-0.00066108396
4573,12.0,2.2857144,1.2307693,-0.0086537255,0.05382792,-0.0006111488
4574,12.0,2.857143,1.2307693,-0.013130697,0.05471394,-0.0006061078
4575,12.0,3.4285715,1.2307693,-0.028785964,0.05450057,-0.00052189897
4576,12.0,4.0,1.2307693,-0.033360098,0.05408526,-0.00037015261
4577,12.0,0.0,0.61538464,0.03085547,0.052580986,-0.0005939234
4578,12.0,0.5714286,0.61538464,0.02632718,0.05603014,-0.00066525576
4579,12.0,1.1428572,0.61538464,0.011270504,0.053090755,-0.00064337783
4580,12.0,1.7142857,0.61538464,0.0068650586,0.05537941,-0.00055796286
4581,12.0,2.2857144,0.61538464,-0.008430761,0.05390268,-0.0005861659
4582,12.0,2.857143,0.61538464,-0.013104898,0.054822437,-0.0005157809
4583,12.0,3.4285715,0.61538464,-0.028538786,0.054543998,-0.0005360765
4584,12.0,4.0,0.61538464,-0.033420824,0.054232597,-0.0006119369
4585,12.0,0.0,0.0,0.03104895,0.052784875,-0.0008417323
4586,12.0,0.5714286,0.0,0.026436353,0.055981267,-0.0006215553
4587,12.0,1.1428572,0.0,0.01165033,0.05322006,-0.0005164247
4588,12.0,1.7142857,0.0,0.0069220746,0.05539607,-0.0006000712
4589,12.0,2.2857144,0.0,-0.008084778,0.053974967,-0.00042544722
4590,12.0,2.857143,0.0,-0.013046557,0.054873932,-0.00053167826
4591,12.0,3.4285715,0.0,-0.028320786,0.054605037,-0.00045661943
4592,12.0,4.0,0.0,-0.03331112,0.05425093,-0.00028523218
