ElementLabel,IntegrationPoint,S11,S22,S33,S12,S13,S23
1,1,0.3086814,-0.045331024,-0.23464076,-0.17790551,-0.22104104,0.010718588
2,1,-0.58785504,1.2971275,0.041432068,-0.74785995,0.0058665955,0.03271119
3,1,0.08360239,1.4584603,-0.11159406,0.28150105,-0.08427023,0.024349546
4,1,0.13290735,2.1811602,0.047162298,-0.665424,-0.030881438,0.09275169
5,1,-1.0439019,2.0860748,0.0072584,0.81983936,0.02394093,0.12634355
6,1,0.6296314,1.0872393,-0.08261346,0.5344441,-0.07164673,0.11304273
7,1,0.057261657,0.36307788,-0.07770885,0.4080906,-0.03540796,0.05776204
8,1,0.91103995,-0.12848625,-0.3451946,-0.11821262,0.021389183,0.050640363
9,1,-0.53314984,1.2201236,-0.02639486,-0.7658252,-0.017724238,0.06802683
10,1,0.34880263,1.3435194,-0.071745396,0.2912695,0.05656117,0.09700237
11,1,0.4031617,2.128409,0.1781843,-0.80805486,0.07005302,0.16175866
12,1,-1.1184177,2.0157495,0.0610008,0.6914579,0.047293104,0.20600787
13,1,0.91453665,1.0228919,-0.12257294,0.35078332,0.028422853,0.19463745
14,1,-0.022930522,0.34580332,-0.3903545,0.31610945,-0.07997348,0.08610012
15,1,0.30328593,-0.10793586,-0.057838876,-0.1814647,0.19696952,0.019500373
16,1,-0.3934766,1.1892068,0.23843844,-0.7751065,0.25557157,0.07720415
17,1,0.25490046,1.2894484,0.2815192,0.26510832,0.2511879,0.098030165
18,1,0.20216729,2.0410807,0.5104974,-0.85664564,0.21257018,0.11337217
19,1,-1.0121874,1.9907744,0.3165615,0.70233727,0.16958223,0.13332468
20,1,0.7015789,0.9911054,-0.030577278,0.34638897,0.115891576,0.13139828
21,1,0.17174031,0.35891154,-0.46542,0.32818937,0.12585711,0.058753885
22,1,0.8043319,-0.085816644,0.46346384,-0.12924305,0.2755188,0.011812989
23,1,-0.7633738,1.2295554,0.8002832,-0.7937052,0.2566875,0.02628329
24,1,0.13149616,1.3461592,0.7878827,0.2523667,0.23334204,0.047820266
25,1,0.21653679,2.0912771,0.96287113,-0.8084673,0.2080061,0.061983127
26,1,-1.1897292,2.003261,0.68421113,0.7003621,0.17561129,0.07688952
27,1,0.8187917,1.0092691,0.24458596,0.36263332,0.15236868,0.08659813
28,1,-0.15380974,0.3464968,-0.30830878,0.3320817,0.16505636,0.04636499
29,1,0.13406561,-0.09885321,0.9024636,-0.2014193,0.1436144,-0.0045512966
30,1,-0.5400275,1.2762455,1.2261809,-0.7958393,0.14143176,0.0040787994
31,1,0.16394417,1.4022331,1.1914883,0.28493735,0.14659269,0.015075249
32,1,0.14628805,2.1359816,1.3285384,-0.81186694,0.13423952,0.026474915
33,1,-1.0821257,2.0357187,1.0044761,0.735619,0.120971374,0.040074054
34,1,0.6659891,1.0196514,0.5341179,0.36992425,0.124046385,0.0561595
35,1,0.12786798,0.3666464,-0.029257001,0.33174276,0.16409956,0.030451182
36,1,0.8434255,-0.06283761,1.1035329,-0.13436203,0.060279373,0.0008799107
37,1,-0.7180066,1.2786627,1.4569055,-0.78618526,0.07190827,-0.0011155163
38,1,0.14088905,1.4193214,1.4202757,0.2600887,0.06864105,0.0021676978
39,1,0.1988746,2.1646287,1.5436767,-0.7795796,0.06765874,0.0089036245
40,1,-1.1634051,2.0494761,1.2150337,0.72897565,0.067546345,0.01816585
41,1,0.78157675,1.0317056,0.74379057,0.37918344,0.06746883,0.027037881
42,1,-0.21225178,0.34626797,0.15718481,0.3370827,0.08867447,0.01614855
43,1,0.1631503,-0.10118677,1.171335,-0.20402601,-0.00022304103,0.0001408947
44,1,-0.54354143,1.2863826,1.5256112,-0.80131,-7.266884e-05,0.000375571
45,1,0.16158585,1.4305462,1.494402,0.285536,-6.653728e-05,0.00049587624
46,1,0.14665033,2.1686432,1.6198214,-0.7959115,-3.1577445e-05,0.00055720675
47,1,-1.0953443,2.0567045,1.2863628,0.74457145,3.88364e-05,0.0005533475
48,1,0.6605879,1.0314466,0.8166801,0.37751496,8.192943e-05,0.00044109803
49,1,0.11484548,0.3699701,0.25207844,0.33314088,0.00019346407,0.00019094847
50,1,0.8436688,-0.06298647,1.1034757,-0.13430211,-0.0604896,-0.00057926093
51,1,-0.71810424,1.2787601,1.4568837,-0.7863054,-0.072125554,0.0018343488
52,1,0.14084423,1.4191848,1.4201697,0.2602185,-0.068764135,-0.0012083773
53,1,0.19909115,2.1646187,1.5436783,-0.7797659,-0.06770893,-0.00781934
54,1,-1.1636935,2.0494375,1.2150284,0.7290284,-0.06747625,-0.017098472
55,1,0.7818039,1.031685,0.7438397,0.37912035,-0.06729977,-0.026174545
56,1,-0.21237446,0.346259,0.15715382,0.33706954,-0.088313736,-0.015781028
57,1,0.1338062,-0.099169955,0.9023604,-0.20138197,-0.14402185,0.0047921934
58,1,-0.54004914,1.2764263,1.2261249,-0.7960933,-0.14155656,-0.0034248002
59,1,0.16389716,1.4019778,1.1912887,0.28522146,-0.14671415,-0.014215777
60,1,0.1466481,2.1359544,1.3285443,-0.8122571,-0.13429487,-0.025491986
61,1,-1.0826639,2.0356512,1.0044746,0.7357347,-0.12089324,-0.03910288
62,1,0.66641515,1.019615,0.53423053,0.36979342,-0.12389271,-0.055374343
63,1,0.12767687,0.36662024,-0.029303208,0.33171874,-0.16373625,-0.030113485
64,1,0.8050623,-0.086262904,0.46326944,-0.12906753,-0.27565822,-0.011608069
65,1,-0.7636523,1.2298291,0.8002398,-0.79406947,-0.256849,-0.025759133
66,1,0.1313749,1.3457716,0.7875973,0.252744,-0.23342444,-0.047110595
67,1,0.21717514,2.0912633,0.96290106,-0.80901134,-0.20803942,-0.061166823
68,1,-1.1905825,2.0031652,0.6842278,0.7005212,-0.17554538,-0.07607944
69,1,0.8194577,1.0092179,0.2447725,0.3624502,-0.15222311,-0.08593519
70,1,-0.15418051,0.34647545,-0.30833238,0.33204484,-0.16475314,-0.04608506
71,1,0.30287293,-0.10854027,-0.05796938,-0.18137138,-0.19713822,-0.019360835
72,1,-0.3935051,1.1896057,0.23841406,-0.7755943,-0.25560504,-0.07683596
73,1,0.25480554,1.2889571,0.2812237,0.2657015,-0.25124085,-0.09752551
74,1,0.20288831,2.041065,0.5105691,-0.85742193,-0.21260095,-0.11275024
75,1,-1.0132823,1.9906955,0.31658107,0.7026021,-0.1695155,-0.13272396
76,1,0.70243126,0.9910433,-0.030306557,0.34613985,-0.1157973,-0.13092154
77,1,0.17132793,0.35886097,-0.46542126,0.32814676,-0.12561595,-0.05854086
78,1,0.9118883,-0.12936449,-0.3455253,-0.11793911,-0.021598151,-0.050612755
79,1,-0.53366935,1.2206869,-0.026200498,-0.766528,0.017756177,-0.06782934
80,1,0.3485162,1.342905,-0.072055206,0.29206273,-0.056586906,-0.09668115
81,1,0.40435836,2.1284726,0.17833386,-0.80898076,-0.07007207,-0.16136794
82,1,-1.1200581,2.015626,0.060956746,0.6918284,-0.047283918,-0.20561132
83,1,0.9157917,1.022851,-0.12231396,0.3504926,-0.02840008,-0.19437045
84,1,-0.023614638,0.3457915,-0.39033034,0.31604862,0.080079526,-0.08600017
85,1,0.30878398,-0.04624554,-0.23493856,-0.17768236,0.22127292,-0.010702786
86,1,-0.588171,1.2979205,0.041691422,-0.7485731,-0.0060455147,-0.032678608
87,1,0.08341209,1.4578573,-0.11182759,0.28242004,0.08433466,-0.024222441
88,1,0.13400687,2.1813016,0.047309157,-0.66649175,0.030865071,-0.09261008
89,1,-1.0455154,2.0858896,0.007180306,0.82034206,-0.02396539,-0.12620969
90,1,0.6310186,1.0870919,-0.08249348,0.5341093,0.0716482,-0.11293753
91,1,0.05666488,0.36297092,-0.077703,0.40804595,0.03539964,-0.057760626
92,1,0.65638936,1.249336,0.59876955,-0.92321557,0.04485541,0.038799062
93,1,-0.4598777,-0.9030914,-0.3585075,0.055749904,-0.20145585,0.009287095
94,1,-0.5405032,1.0777596,0.3479221,-1.9350982,0.028997956,0.056474417
95,1,-0.50298893,0.18793577,0.025428394,1.4060824,0.07295655,0.03281521
96,1,-1.1080891,0.23003018,-0.05428515,-0.6055545,-0.051226635,0.02551684
97,1,-0.787016,1.0571408,0.23766026,2.2949905,0.09400731,0.035231087
98,1,1.7055953,-0.10375742,-0.2068495,0.78618646,-0.21386331,-0.007980665
99,1,1.6563253,1.3884826,0.98613554,-0.9061256,-0.036182262,0.010251551
100,1,0.63360804,-1.061363,-0.121063,0.18793377,0.31972134,0.08045379
101,1,0.36314404,1.1280184,0.746692,-2.2200692,0.32711208,0.07024475
102,1,0.0067263064,0.15836246,0.26649785,1.2988961,0.30501586,0.0515107
103,1,-0.60239846,0.15125084,0.12930046,-1.019415,0.2683017,0.06235624
104,1,-0.5290854,1.0466679,0.38626456,1.9439247,0.10718662,0.04726071
105,1,2.03663,-0.13243847,-0.050747044,0.59357697,0.029714696,0.019496981
106,1,1.4038728,1.279612,1.431553,-0.9116027,0.81472075,0.045777738
107,1,0.10820469,-1.0319825,0.4165335,0.06835939,0.7051397,0.044315733
108,1,-0.19657964,1.0712701,1.1302413,-2.285112,0.6776661,0.025887374
109,1,-0.33824223,0.1449708,0.62394875,1.2577319,0.5989932,0.023688067
110,1,-0.9094321,0.0844426,0.40492487,-1.1019621,0.4590018,0.014809601
111,1,-0.6608696,1.0770656,0.6000278,1.9319034,0.34840527,0.022214493
112,1,1.8102514,-0.18015689,0.008759419,0.5736419,0.25175646,0.012734996
113,1,0.55877864,1.3123347,1.982136,-0.9685151,0.6395515,-0.016398387
114,1,-0.31286964,-1.0450289,0.7489735,0.07600623,0.6562574,-0.006477293
115,1,-0.5163316,1.0563991,1.4582168,-2.2580597,0.61865115,-0.008529694
116,1,-0.6627727,0.13638113,0.9109173,1.2788178,0.53401256,-0.024902582
117,1,-1.0371132,0.093747534,0.63588494,-1.0205035,0.44189474,-0.023218771
118,1,-0.84333897,1.0508233,0.7876777,1.9621377,0.3906516,-0.01679628
119,1,1.7359403,-0.15118006,0.22801138,0.59260875,0.46637326,-0.008018954
120,1,0.98534125,1.3109051,2.1782877,-0.9086208,0.41825676,-0.0039813686
121,1,-0.34900698,-1.050627,1.049641,0.075473815,0.42300978,-0.027169205
122,1,-0.55345774,1.0886489,1.7069802,-2.2438173,0.3967367,-0.039291304
123,1,-0.62156445,0.15874767,1.1181703,1.3468016,0.3622504,-0.039202973
124,1,-1.0869218,0.11817906,0.8391071,-0.97154546,0.33599186,-0.037020195
125,1,-0.8385399,1.0584313,0.9743985,2.0010207,0.32409447,-0.026365021
126,1,1.472511,-0.17760655,0.36707738,0.60090303,0.37838507,-0.011029198
127,1,0.67382157,1.2942423,2.3853567,-0.97427803,0.19534048,-0.015455444
128,1,-0.26157725,-1.0238875,1.218739,0.065169044,0.19680057,-0.026588274
129,1,-0.50920093,1.1025541,1.874447,-2.1947646,0.19628847,-0.028504437
130,1,-0.6827133,0.18069872,1.2712317,1.3529716,0.18585517,-0.030395856
131,1,-1.0829206,0.13516131,0.97413385,-0.9211312,0.17080133,-0.025940139
132,1,-0.9214895,1.055231,1.1008873,2.0204527,0.17977582,-0.018983431
133,1,1.5583375,-0.14180605,0.5647348,0.60795105,0.23431756,-0.0076649557
134,1,1.0560727,1.321862,2.4267209,-0.90297157,-0.00025394882,0.000104324354
135,1,-0.32730085,-1.032476,1.2918154,0.08507717,-0.00032958703,0.00025123626
136,1,-0.5591366,1.1102465,1.9286298,-2.214544,-0.0002022991,0.00036821992
137,1,-0.64676344,0.18451907,1.3181192,1.3819245,-3.7918195e-05,0.0004336706
138,1,-1.1086968,0.14284271,1.0227257,-0.9178339,6.3043866e-05,0.00039800868
139,1,-0.875693,1.0619714,1.1552175,2.0275843,0.00026263567,0.00032123583
140,1,1.3731488,-0.17451951,0.56729686,0.6116652,0.00045589678,0.000103266546
141,1,0.67379904,1.2947649,2.3855824,-0.9744256,-0.19631894,0.015593812
142,1,-0.2615071,-1.0243318,1.2185066,0.06547962,-0.19732851,0.027062496
143,1,-0.50902593,1.1028093,1.8745044,-2.195297,-0.1966522,0.029233597
144,1,-0.6828666,0.18066496,1.2711691,1.3532419,-0.18596761,0.031225987
145,1,-1.0827978,0.1351568,0.97412556,-0.92146194,-0.17065077,0.026718993
146,1,-0.9216133,1.0552615,1.100867,2.0204957,-0.1792729,0.019603726
147,1,1.558288,-0.1418228,0.5646381,0.6078779,-0.23336855,0.007871889
148,1,0.9854782,1.3119192,2.1786854,-0.9088517,-0.41866803,0.0041697673
149,1,-0.3488595,-1.0514903,1.0492258,0.07610329,-0.4235984,0.027589163
150,1,-0.55316025,1.08915,1.7070918,-2.2449005,-0.3970939,0.03995133
151,1,-0.621862,0.15869063,1.1180559,1.3473558,-0.36230433,0.039952803
152,1,-1.0866823,0.1181755,0.83909667,-0.972207,-0.3358685,0.03773588
153,1,-0.83879775,1.0584916,0.97436476,2.0011106,-0.32359555,0.026922587
154,1,1.4723893,-0.17763127,0.36690533,0.60075814,-0.37753645,0.011222634
155,1,0.5587977,1.3138766,1.9828962,-0.96894735,-0.6402381,0.016520167
156,1,-0.31260374,-1.0463024,0.74831474,0.076923646,-0.65663,0.006822256
157,1,-0.51579934,1.0571599,1.4584116,-2.2596323,-0.618917,0.009085641
158,1,-0.6632276,0.1363139,0.9107593,1.2796243,-0.53407717,0.02553367
159,1,-1.0367646,0.09374988,0.6358692,-1.02146,-0.44175535,0.023817383
160,1,-0.8437229,1.0509307,0.78765595,1.9622754,-0.39022422,0.017266508
161,1,1.7357571,-0.15122955,0.22776662,0.59239215,-0.4655721,0.00818472
162,1,1.404117,1.2816118,1.4322021,-0.91209316,-0.81492615,-0.045701925
163,1,0.10854125,-1.0337551,0.4157719,0.06962687,-0.70544714,-0.04411098
164,1,-0.1959587,1.0722972,1.1305376,-2.2872887,-0.67783964,-0.025453286
165,1,-0.33887622,0.14492343,0.62375176,1.2589335,-0.5989663,-0.023208298
166,1,-0.90896004,0.08445811,0.4049185,-1.1032431,-0.4589224,-0.014355444
167,1,-0.6614234,1.0772408,0.60000885,1.9321364,-0.34805253,-0.021870503
168,1,1.8099331,-0.18020684,0.008532174,0.57335657,-0.2511814,-0.012626445
169,1,1.6562103,1.3914533,0.98765236,-0.90688676,0.03633101,-0.010174803
170,1,0.633789,-1.0638002,-0.12225958,0.18977138,-0.31990853,-0.08035449
171,1,0.36397013,1.129406,0.74720097,-2.222879,-0.32719958,-0.06999416
172,1,0.0057504675,0.1582595,0.2662925,1.3005601,-0.3049946,-0.051171713
173,1,-0.6018176,0.15134308,0.12929718,-1.0209719,-0.26827878,-0.06208167
174,1,-0.5298032,1.0469184,0.38629183,1.9443036,-0.107025705,-0.047047924
175,1,2.0362456,-0.13252722,-0.05098592,0.593236,-0.029421726,-0.019447148
176,1,0.6563706,1.2525918,0.59997225,-0.9239919,-0.04540011,-0.038840167
177,1,-0.4596322,-0.90579116,-0.35945168,0.057738274,0.20166275,-0.009224314
178,1,-0.53974205,1.0795522,0.34842417,-1.9381827,-0.02905429,-0.0563789
179,1,-0.5039732,0.18776064,0.025192115,1.4080887,-0.0730059,-0.032725167
180,1,-1.1073028,0.2301895,-0.05419785,-0.6073221,0.051254947,-0.025381906
181,1,-0.7875345,1.0573598,0.23763996,2.2955594,-0.0940219,-0.0351952
182,1,1.7054666,-0.103820056,-0.2069367,0.78579646,0.21397081,0.008007557
183,1,2.0348616,-2.5845616,-0.853854,0.026310697,-0.20140009,-0.0007332402
184,1,-1.6432168,1.8491611,1.0706859,-2.2126958,0.3866693,0.12473557
185,1,-0.24004464,-2.4112442,-0.25030166,2.1807942,0.26777497,0.010576159
186,1,0.060698576,-1.0576582,0.20278041,-2.5562098,0.21431997,0.009901216
187,1,-2.6510475,-0.06034878,0.3597045,2.017124,0.31135523,0.002725314
188,1,-1.2769979,-1.3458823,-0.30964345,0.28698552,0.02318039,-0.05288246
189,1,3.5330873,0.9572928,0.5527945,1.6316707,0.08677978,0.019435124
190,1,4.3891363,-2.910043,-0.15282854,0.12563089,1.0545195,0.110282615
191,1,0.32128713,2.0862982,1.918564,-2.5085459,0.85738057,0.09422282
192,1,1.015251,-2.6045017,0.09487324,2.1494732,0.91446155,0.028039245
193,1,1.0632863,-1.1549549,0.6775796,-3.0881371,0.8373815,-0.027141485
194,1,-2.1140218,-0.04348118,0.7352564,1.7141118,0.5864614,-0.108930126
195,1,-0.76476127,-1.4643818,-0.11879494,-0.22546233,0.402751,-0.0948163
196,1,3.845409,0.9984528,0.6658523,1.4060292,0.064652,-0.03907312
197,1,2.727432,-2.7165227,1.0938209,-2.076167e-05,1.2320323,-0.014232257
198,1,-1.0678273,1.98086,2.474374,-2.5700815,1.2909487,0.010677645
199,1,-0.1518063,-2.5728793,0.73324996,2.0460577,1.1826597,-0.04548681
200,1,-0.052257687,-1.1802855,1.1332895,-3.183025,0.96011215,-0.15081833
201,1,-2.7324162,0.033523005,1.0665965,1.722965,0.73082423,-0.17436434
202,1,-1.1085324,-1.5279032,0.1588137,-0.28448302,0.5220961,-0.1542645
203,1,3.5958364,1.0705103,1.0764297,1.4189881,0.53596216,-0.063620746
204,1,2.068428,-2.7946837,1.437055,0.07668225,1.0744898,0.0041449657
205,1,-1.7785469,2.030937,3.0433495,-2.5923882,1.0034745,-0.06398463
206,1,-0.85488546,-2.496522,1.0867985,2.0640206,0.88276184,-0.13988551
207,1,-0.38949877,-1.0984772,1.3806273,-3.051103,0.75632817,-0.17568325
208,1,-2.9625754,0.05966112,1.3131791,1.8150896,0.63114285,-0.19396196
209,1,-1.331176,-1.4829946,0.419855,-0.1807842,0.5689397,-0.1555458
210,1,3.1503103,1.0288894,1.337974,1.4295954,0.5804669,-0.05931596
211,1,1.9791503,-2.7510114,1.833047,0.0037304973,0.6271814,-0.05482829
212,1,-1.8027593,2.0860043,3.2261868,-2.5520825,0.61763686,-0.10616111
213,1,-0.7921321,-2.447266,1.2534388,2.144812,0.59316796,-0.12729976
214,1,-0.49207076,-1.0349824,1.5484177,-2.9615853,0.5351762,-0.16133532
215,1,-3.0617945,0.08292606,1.4523276,1.9293803,0.46371055,-0.15914203
216,1,-1.4513066,-1.4585656,0.6127526,-0.10735949,0.45138407,-0.12703635
217,1,2.9681866,1.0623488,1.6819147,1.4644628,0.55268383,-0.049791176
218,1,2.283175,-2.7386239,1.8400503,0.09259864,0.30641404,-0.019346656
219,1,-1.681576,2.0819478,3.3532927,-2.5052834,0.31475103,-0.061435286
220,1,-0.88888454,-2.4144497,1.3507354,2.1556754,0.28794357,-0.08506275
221,1,-0.5201712,-1.0081292,1.6295007,-2.865984,0.25961867,-0.090740375
222,1,-3.0837786,0.10471596,1.5530218,1.9838907,0.24511078,-0.089949034
223,1,-1.5094036,-1.4357846,0.74628013,-0.045466743,0.25033426,-0.06985809
224,1,2.7627861,1.0222703,1.7819039,1.4740388,0.29268205,-0.027192317
225,1,2.0689425,-2.7573633,1.8886023,0.018584467,-0.0007616405,4.29699e-05
226,1,-1.769959,2.0922916,3.369315,-2.5093894,-0.0004419096,0.00021405866
227,1,-0.8138937,-2.4108002,1.384943,2.200891,-0.00027043282,0.0003206514
228,1,-0.52293867,-0.992102,1.6617477,-2.8604565,-0.00013316299,0.0003463844
229,1,-3.110207,0.106210604,1.5816,2.0143752,0.00013782631,0.0003829349
230,1,-1.5331461,-1.4333042,0.7834146,-0.030646103,0.00037085876,0.0002491388
231,1,2.7839198,1.0601705,1.9193581,1.4852004,0.0006694678,0.00012392482
232,1,2.2833,-2.7397447,1.8395216,0.092851214,-0.30729365,0.019529548
233,1,-1.6811664,2.0828326,3.3535714,-2.506026,-0.315694,0.061867885
234,1,-0.8890662,-2.4146576,1.350537,2.1561706,-0.28850633,0.08565343
235,1,-0.51991194,-1.0080051,1.6294966,-2.8666046,-0.2598417,0.09143424
236,1,-3.0840285,0.104862936,1.5530035,1.9841193,-0.244858,0.0906822
237,1,-1.5093055,-1.4358367,0.7462059,-0.045761727,-0.24959227,0.07035019
238,1,2.7625244,1.0223863,1.7818176,1.474072,-0.29142123,0.027423419
239,1,1.9794025,-2.7531917,1.8321087,0.004178405,-0.6285217,0.05487762
240,1,-1.8021328,2.0877235,3.2266986,-2.5535777,-0.61839586,0.10655921
241,1,-0.7924724,-2.447657,1.2530617,2.1458192,-0.5936402,0.12784003
242,1,-0.4915312,-1.034727,1.5484022,-2.962829,-0.5354119,0.16197437
243,1,-3.0623186,0.083220296,1.4522939,1.9298505,-0.46344012,0.1598033
244,1,-1.4510909,-1.4586579,0.61261606,-0.10794667,-0.45069003,0.12750305
245,1,2.967615,1.0625644,1.6817479,1.4645319,-0.5514245,0.049994636
246,1,2.0689216,-2.797972,1.4353949,0.077438645,-1.0750529,-0.004043151
247,1,-1.7772547,2.0335255,3.0442066,-2.5945785,-1.0041903,0.064318545
248,1,-0.8554093,-2.497086,1.086218,2.0654762,-0.88317806,0.14033061
249,1,-0.38875756,-1.0980867,1.3805987,-3.0529096,-0.75648576,0.17622636
250,1,-2.9633324,0.060133655,1.3131522,1.8157966,-0.630914,0.1945291
251,1,-1.3309264,-1.483142,0.41965997,-0.18163605,-0.5682989,0.15593731
252,1,3.14946,1.029241,1.3377979,1.4297065,-0.5793973,0.05948431
253,1,2.7278929,-2.720865,1.0923593,0.00088743406,-1.2326853,0.014291058
254,1,-1.066426,1.9844198,2.4754403,-2.57313,-1.2912844,-0.01035775
255,1,-0.15246631,-2.573584,0.73251176,2.0481758,-1.1828438,0.045805078
256,1,-0.051170807,-1.1797619,1.1332717,-3.1854703,-0.9602445,0.15123804
257,1,-2.733533,0.034209233,1.0665567,1.7240219,-0.73059726,0.17479834
258,1,-1.1081353,-1.5280882,0.1586232,-0.285606,-0.52160305,0.15455599
259,1,3.5945811,1.0709798,1.0762423,1.4191588,-0.5350304,0.063754775
260,1,4.3895245,-2.9163902,-0.15610836,0.1270679,-1.0549828,-0.11035207
261,1,0.3230502,2.0911093,1.9205635,-2.5126,-0.8575645,-0.09406036
262,1,1.0138081,-2.605518,0.09397978,2.1523237,-0.9144899,-0.027785461
263,1,1.0644896,-1.1541793,0.67759305,-3.0912077,-0.8373998,0.027391184
264,1,-2.1155174,-0.04259845,0.7352695,1.7156234,-0.58629787,0.10923878
265,1,-0.76430064,-1.4646032,-0.119017825,-0.2268101,-0.4024348,0.09494696
266,1,3.8438008,0.99912816,0.6659468,1.4063067,-0.064085014,0.039143298
267,1,2.034961,-2.5914402,-0.85631275,0.02779599,0.20196569,0.00079993205
268,1,-1.641565,1.8547571,1.0722673,-2.2171004,-0.38693503,-0.12475603
269,1,-0.24148344,-2.4125216,-0.25104386,2.184098,-0.26783493,-0.010517069
270,1,0.062002584,-1.056487,0.20300268,-2.559701,-0.21424422,-0.009731841
271,1,-2.6525931,-0.059451044,0.35960513,2.0190728,-0.31132436,-0.0026832968
272,1,-1.2759665,-1.3460808,-0.3096862,0.285497,-0.023058588,0.052963167
273,1,3.531862,0.9580055,0.5528746,1.632076,-0.086647265,-0.019440114
274,1,3.1982923,3.9969838,2.3963416,-0.8140149,1.1086441,0.14670265
275,1,-2.0174222,-5.7141466,-0.98555833,3.5025253,0.631729,0.037987307
276,1,2.211285,-1.9631919,0.8975049,-1.9515017,0.82563657,0.09586884
277,1,1.6114143,-4.262272,0.31260097,2.077183,0.90070325,-0.053501416
278,1,-2.333597,-4.215515,-0.25365147,-3.6284664,0.40309346,-0.1891997
279,1,-3.5942261,0.33537582,0.7326683,2.0973747,0.38096854,-0.0787772
280,1,5.84837,-2.4540055,-0.7387174,0.07294426,-0.10761635,-0.085147455
281,1,5.8170853,4.526013,4.138773,-1.0410832,1.8499742,0.04723326
282,1,0.105336934,-6.307476,-0.43049008,3.4708004,2.1185045,0.17306444
283,1,3.3583307,-1.9827356,2.045829,-2.8313644,1.9872705,-0.025825536
284,1,1.4290649,-4.277724,0.87779325,1.7473582,1.5146346,-0.30343318
285,1,-2.1801445,-4.376805,-0.0071480395,-4.184812,1.0307531,-0.36263236
286,1,-3.3085728,0.47232604,1.1372541,1.731857,0.5978839,-0.3189633
287,1,6.233437,-2.5635707,-0.33245602,-0.1960505,0.43854856,-0.12632711
288,1,2.9148238,4.19024,5.1722445,-1.0561066,2.4287598,0.06592834
289,1,-2.6409092,-6.1429152,0.9238939,3.1717455,2.1142993,-0.06475793
290,1,0.6035715,-1.9054004,2.660046,-2.935,1.7043881,-0.31217933
291,1,-0.14003456,-4.098576,1.2353878,1.9230968,1.2818956,-0.42638424
292,1,-3.0319908,-4.4224224,0.30650172,-4.1090817,0.93939596,-0.47336873
293,1,-3.8180823,0.5602885,1.5083911,1.8542941,0.73825,-0.3768992
294,1,5.6696606,-2.6742997,0.12534633,-0.16618255,0.67380303,-0.15396985
295,1,1.7528663,4.404134,6.278561,-1.1647835,1.3669318,-0.13602531
296,1,-3.582156,-5.992415,1.1811967,3.253327,1.2288533,-0.26183906
297,1,0.27050802,-1.7269224,2.8190928,-2.6984336,1.1024336,-0.33769757
298,1,-0.4754468,-4.0232368,1.3797891,2.117872,0.9461095,-0.4362454
299,1,-3.3247316,-4.3524013,0.45115918,-3.8680377,0.7623296,-0.43559852
300,1,-4.0464354,0.55492234,1.787477,1.9890038,0.6804923,-0.34632373
301,1,5.1414466,-2.60473,0.74659306,-0.11115747,0.8129815,-0.13722299
302,1,2.2464025,4.3545313,5.996171,-1.0070097,0.73041564,-0.072517894
303,1,-3.1622908,-5.937336,1.2847972,3.350796,0.79163814,-0.2089582
304,1,0.057949383,-1.644217,2.8502138,-2.5897365,0.7148341,-0.30044273
305,1,-0.65661204,-3.9760842,1.4067094,2.3109167,0.60117877,-0.32913786
306,1,-3.4315093,-4.2900496,0.5829273,-3.6869411,0.54842615,-0.32986513
307,1,-4.2494035,0.5612333,2.0105143,2.1240218,0.53751355,-0.2554948
308,1,4.811406,-2.626419,1.0399215,-0.05803522,0.62566465,-0.10189292
309,1,2.26992,4.353497,5.962582,-1.093624,0.3656259,-0.048563607
310,1,-3.455711,-5.9149656,1.2168984,3.3574455,0.32615086,-0.11816083
311,1,0.09247325,-1.6183578,2.839999,-2.4508276,0.31762964,-0.15855706
312,1,-0.6366544,-3.939947,1.4131554,2.3923368,0.3035167,-0.1810665
313,1,-3.529596,-4.265092,0.6380456,-3.5618045,0.27676818,-0.17312603
314,1,-4.3106833,0.56351006,2.134467,2.1997874,0.28911424,-0.1351344
315,1,4.598692,-2.5708406,1.3915524,-0.019681765,0.37195358,-0.052454263
316,1,2.3249576,4.371335,5.8856506,-0.99770474,-0.0005976814,0.000112304006
317,1,-3.0641956,-5.896989,1.1805971,3.4000015,-0.00063724973,0.00017713803
318,1,0.09246813,-1.6051509,2.807843,-2.4600108,-0.0004719688,0.0003169636
319,1,-0.69251925,-3.9408371,1.4176997,2.443283,-9.209849e-05,0.0004374884
320,1,-3.5028749,-4.2467494,0.6603593,-3.5296946,0.00016878238,0.00031750402
321,1,-4.363993,0.56770384,2.1904433,2.227577,0.0004818239,0.00029543022
322,1,4.549731,-2.6070516,1.3763034,-0.011781544,0.00078532804,7.526724e-05
323,1,2.2705026,4.3556056,5.963284,-1.0941845,-0.36728317,0.048642017
324,1,-3.4556699,-5.916015,1.2163222,3.3582122,-0.32737994,0.11849286
325,1,0.093120076,-1.6178468,2.8401067,-2.4520109,-0.31854597,0.15921451
326,1,-0.6374332,-3.9394894,1.4131628,2.3927596,-0.3037117,0.1818941
327,1,-3.5291438,-4.265001,0.63803124,-3.5621402,-0.27642557,0.17376529
328,1,-4.311015,0.5637511,2.134454,2.1999264,-0.28816172,0.13569891
329,1,4.5984316,-2.5710473,1.3913361,-0.019763876,-0.3703614,0.052618623
330,1,2.246963,4.358682,5.997454,-1.0081065,-0.7313809,0.07277186
331,1,-3.1619468,-5.939342,1.2836292,3.3523324,-0.7928166,0.2092434
332,1,0.059279922,-1.6432058,2.8503878,-2.592108,-0.71571326,0.3010506
333,1,-0.6581937,-3.975164,1.40672,2.3117769,-0.6013395,0.3299002
334,1,-3.430584,-4.2898517,0.582898,-3.687615,-0.54810715,0.33047098
335,1,-4.250114,0.56170774,2.0104988,2.124316,-0.5365993,0.25599706
336,1,4.810943,-2.626806,1.0395173,-0.05820127,-0.6241897,0.102058314
337,1,1.7545375,4.4103203,6.280609,-1.1665083,-1.3683367,0.13608204
338,1,-3.5819507,-5.995437,1.1793096,3.2554967,-1.2298313,0.26204583
339,1,0.27239305,-1.7253792,2.8193367,-2.701918,-1.1031927,0.33823907
340,1,-0.47773355,-4.0218263,1.3797926,2.11915,-0.9462496,0.43690705
341,1,-3.323454,-4.3521085,0.45109916,-3.8690004,-0.76201457,0.4361158
342,1,-4.0474577,0.5556673,1.7874944,1.9894596,-0.679668,0.34675634
343,1,5.1405835,-2.605348,0.7460101,-0.11139788,-0.81157905,0.13737258
344,1,2.91677,4.198628,5.174257,-1.0582877,-2.4287493,-0.065769926
345,1,-2.639825,-6.1469507,0.92149097,3.1749537,-2.1149204,0.064822756
346,1,0.60635525,-1.9033612,2.6602576,-2.9398124,-1.7050024,0.3125965
347,1,-0.14332607,-4.0965815,1.2353582,1.9249661,-1.2819297,0.4269139
348,1,-3.0301106,-4.4220486,0.30643332,-4.110328,-0.9391502,0.47375023
349,1,-3.819619,0.5612977,1.5084428,1.8549659,-0.73754776,0.37722847
350,1,5.668612,-2.675112,0.12472073,-0.16647759,-0.67268276,0.15407357
351,1,5.818396,4.5379148,4.1443253,-1.0443243,-1.8498486,-0.04700643
352,1,0.104922704,-6.3129535,-0.43392158,3.4750319,-2.118434,-0.17293033
353,1,3.3615148,-1.9798733,2.0462592,-2.8374467,-1.9874258,0.026082661
354,1,1.4246664,-4.275223,0.87772864,1.7499896,-1.5145223,0.3038282
355,1,-2.1777647,-4.376325,-0.0072720204,-4.1862774,-1.0305338,0.3628167
356,1,-3.3104718,0.4736341,1.1374388,1.7328249,-0.597404,0.3191835
357,1,6.231967,-2.5647113,-0.33322942,-0.19639921,-0.43765828,0.12636507
358,1,3.199857,4.010031,2.4003344,-0.81736475,-1.1094666,-0.14683655
359,1,-2.0174043,-5.72041,-0.98773485,3.5071483,-0.63168615,-0.037856575
360,1,2.2141726,-1.9593276,0.8980719,-1.9585897,-0.8254142,-0.09566261
361,1,1.6059152,-4.2595615,0.31237373,2.0804644,-0.9006482,0.053530805
362,1,-2.330762,-4.2147617,-0.2536064,-3.6300454,-0.40297142,0.18935579
363,1,-3.5960422,0.33677062,0.73271537,2.098791,-0.38077384,0.078770235
364,1,5.84751,-2.4552634,-0.7390258,0.07264047,0.10798021,0.08516644
365,1,3.7682033,-8.124504,-1.7483289,3.20028,1.5189844,0.10577981
366,1,-2.9096117,-0.56265754,2.7787323,3.4912322,2.4012382,0.4240413
367,1,11.174127,-14.114841,-0.08434405,7.8302526,2.1294658,-0.19604845
368,1,8.392772,-11.869331,-0.08619526,-7.6429844,1.0367179,-0.42550066
369,1,-4.7165275,-5.119227,0.60711217,-2.2150733,0.76711935,-0.24039747
370,1,-4.222579,-5.6173787,-0.74141973,-4.3312006,0.3253437,-0.33018637
371,1,5.846789,2.7880256,1.4496071,0.18167213,0.36624232,-0.063300595
372,1,5.9788904,-9.147973,0.9312796,2.9423442,5.0469823,0.3395678
373,1,-2.906706,-0.0853295,5.524674,1.7911465,4.190826,0.050621904
374,1,7.79037,-14.414945,0.26466477,7.2860045,3.0575275,-0.6424437
375,1,6.200227,-12.172238,-0.013000135,-8.297249,1.9397987,-0.8143186
376,1,-6.2835574,-4.92126,0.8456886,-2.3922668,1.1917789,-0.7814854
377,1,-4.3532767,-5.7547364,-0.60912514,-4.5739646,0.82800883,-0.57876074
378,1,6.0578804,2.9922523,2.170396,0.08339074,0.60664713,-0.24235646
379,1,-0.81648576,-8.514747,4.22203,2.5067866,3.2571712,-0.27981523
380,1,-8.43832,0.14160961,5.745361,1.8395941,2.4108937,-0.59034175
381,1,5.009313,-14.130131,0.2641023,7.877099,1.8005949,-0.7664221
382,1,4.7160344,-12.345565,-0.06070947,-7.9109907,1.3478961,-0.9278209
383,1,-7.1552353,-4.880903,0.91920185,-2.0042033,0.9666113,-0.8547923
384,1,-4.7337594,-5.881945,-0.32593024,-4.3822527,0.78302,-0.65677524
385,1,5.1884522,3.1164873,3.0825543,0.1872103,0.9578827,-0.2541387
386,1,-0.01570769,-8.645552,2.9176462,2.896025,0.9474368,-0.19499645
387,1,-7.5044765,0.29949725,5.480268,2.2441664,1.2571561,-0.51041317
388,1,4.794456,-14.118023,-0.14848246,8.175323,1.1437744,-0.7003152
389,1,4.343744,-12.309625,-0.27351665,-7.469079,0.9013909,-0.7726029
390,1,-7.328907,-4.9431796,0.96080536,-1.6743923,0.7724003,-0.73942536
391,1,-5.070398,-5.8774185,-0.019598944,-4.125186,0.7579288,-0.5718796
392,1,4.730041,3.0468526,3.5973444,0.26402906,0.88511395,-0.22558358
393,1,0.82035315,-8.582781,2.3642259,2.7047443,0.86596006,-0.11871642
394,1,-8.078414,0.25371453,4.9175963,2.280953,0.6466111,-0.36039096
395,1,4.573268,-14.08699,-0.46050033,8.435586,0.595216,-0.48985204
396,1,4.294282,-12.283719,-0.44443607,-7.1958475,0.5738772,-0.5485256
397,1,-7.5234466,-4.977279,0.9423452,-1.4295789,0.5220978,-0.5247005
398,1,-5.240846,-5.852187,0.2050504,-3.9364562,0.55931765,-0.40237638
399,1,4.248205,3.0604944,4.2376027,0.34564325,0.75968707,-0.15688169
400,1,0.10775432,-8.55156,1.9243214,2.8452063,0.11991248,-0.07732168
401,1,-7.442187,0.28905687,4.5284247,2.4081044,0.2509266,-0.17984961
402,1,4.739262,-14.071818,-0.73427755,8.490997,0.27273875,-0.24584484
403,1,4.183681,-12.266001,-0.56597424,-7.0187073,0.26136553,-0.27967754
404,1,-7.5032573,-4.9730144,0.94410443,-1.3005939,0.27214244,-0.26757428
405,1,-5.392033,-5.8392577,0.36143306,-3.8169549,0.30734876,-0.20737782
406,1,4.1001706,3.0064857,4.412092,0.3776969,0.38643393,-0.08115558
407,1,1.4465251,-8.569794,1.6289731,2.7423286,-0.0010441453,-2.6957691e-06
408,1,-7.73549,0.27231464,4.420737,2.371856,-0.000974672,0.00038467042
409,1,4.6544576,-14.0601635,-0.8041917,8.552041,-0.00037079523,0.0005542541
410,1,4.2773175,-12.251321,-0.6136,-6.984875,-4.099432e-05,0.00036937886
411,1,-7.587511,-4.9812946,0.938018,-1.2530651,0.00026833842,0.00039586172
412,1,-5.399112,-5.8317447,0.39913014,-3.782538,0.0005921327,0.00020414284
413,1,3.9703834,3.0423567,4.632659,0.40158024,0.00094229,0.00012774789
414,1,0.10778022,-8.555134,1.9227067,2.8458753,-0.122004405,0.07746735
415,1,-7.4402814,0.29096782,4.5290914,2.405632,-0.2528229,0.18059042
416,1,4.737176,-14.070576,-0.73410344,8.49168,-0.27344984,0.24691123
417,1,4.1847205,-12.265647,-0.5658842,-7.018946,-0.26146293,0.28043094
418,1,-7.504105,-4.97242,0.94417727,-1.30038,-0.2716025,0.26832896
419,1,-5.391699,-5.8392506,0.3613774,-3.8168383,-0.30619523,0.20779279
420,1,4.0997396,3.0067842,4.4120693,0.37770933,-0.38458124,0.08137981
421,1,0.8221699,-8.589855,2.3608634,2.706149,-0.86803526,0.11861178
422,1,-8.07475,0.2574608,4.9189296,2.2760499,-0.64847916,0.36115238
423,1,4.569112,-14.084489,-0.4601947,8.436949,-0.5959494,0.4908642
424,1,4.296383,-12.282989,-0.44427708,-7.196341,-0.57396436,0.54925877
425,1,-7.525177,-4.976092,0.9424851,-1.429121,-0.52158535,0.52538043
426,1,-5.2401633,-5.8521643,0.20494258,-3.9362366,-0.55820113,0.4027886
427,1,4.2472224,3.0610702,4.237569,0.34568447,-0.7578899,0.15707318
428,1,-0.015411992,-8.655948,2.9124935,2.8979561,-0.94909984,0.19517305
429,1,-7.4989133,0.3052228,5.482098,2.236862,-1.2589747,0.5111668
430,1,4.7884207,-14.114244,-0.1481304,8.17731,-1.1444026,0.7012353
431,1,4.346734,-12.308502,-0.2733462,-7.4697733,-0.9014679,0.77325463
432,1,-7.331413,-4.941372,0.9610147,-1.6736804,-0.7719305,0.7400083
433,1,-5.06949,-5.8774166,-0.01974763,-4.124839,-0.7569062,0.5722298
434,1,4.7286754,3.047764,3.5973644,0.2640976,-0.8834717,0.22573592
435,1,-0.81197274,-8.529118,4.2146544,2.509406,-3.259272,0.27951428
436,1,-8.430291,0.14920685,5.747194,1.8292301,-2.4125628,0.5909037
437,1,5.0006595,-14.12481,0.26446974,7.8799367,-1.8011119,0.76722956
438,1,4.7204175,-12.344174,-0.060611144,-7.9118414,-1.34795,0.9282783
439,1,-7.1588655,-4.8784504,0.91947204,-2.0032198,-0.9662207,0.8552495
440,1,-4.732447,-5.881938,-0.32608786,-4.3816996,-0.78215086,0.65702736
441,1,5.1863375,3.1176775,3.0826411,0.18730587,-0.95642215,0.25425422
442,1,5.9805026,-9.167841,0.9189496,2.9463747,-5.0458846,-0.33977962
443,1,-2.896031,-0.07501485,5.527321,1.7781317,-4.19138,-0.050298452
444,1,7.779199,-14.408362,0.2645485,7.290014,-3.0575502,0.6429368
445,1,6.2059655,-12.170605,-0.0129385125,-8.298167,-1.939783,0.81451654
446,1,-6.288179,-4.9181714,0.8459716,-2.3909056,-1.1914873,0.78183025
447,1,-4.351557,-5.754766,-0.60933125,-4.5731134,-0.827358,0.57883906
448,1,6.055484,2.9938555,2.1708143,0.08351353,-0.6055922,0.24242385
449,1,3.769334,-8.146168,-1.7551636,3.203904,-1.5173603,-0.10538084
450,1,-2.9004424,-0.5499743,2.7803402,3.4757383,-2.4004345,-0.42382708
451,1,11.158916,-14.107506,-0.084685154,7.835248,-2.1294456,0.19599865
452,1,8.398958,-11.867031,-0.08607047,-7.6438584,-1.036627,0.42570916
453,1,-4.7223134,-5.115874,0.60716885,-2.2131677,-0.76697576,0.24040341
454,1,-4.2201443,-5.617298,-0.7414576,-4.3299284,-0.3251451,0.3302747
455,1,5.844458,2.7898037,1.4497552,0.18199082,-0.36570713,0.06330378
456,1,-5.965804,-1.0325973,8.391961,13.893224,7.3801937,0.42488477
457,1,11.947619,-39.51186,-2.2650337,24.323147,4.31509,-0.72197264
458,1,37.39196,-29.158619,-0.015160007,-10.234159,1.6801571,-1.0809629
459,1,2.892494,-16.488503,0.12511325,-7.941078,1.0678467,-0.521746
460,1,2.5650473,-14.29298,-0.83592254,-12.8781,0.48878106,-0.66331136
461,1,-11.941011,-2.0118139,1.0397087,-7.536989,0.39664984,-0.29060462
462,1,4.2522044,-5.5264378,-1.2995002,-2.7842522,0.3163309,-0.18403637
463,1,-15.25768,0.18596308,14.578698,11.944936,7.5600095,-0.6202268
464,1,-0.7265231,-41.363007,-5.035344,23.497177,4.6720386,-1.4982245
465,1,28.631721,-30.071972,-0.9373576,-10.843188,2.5715034,-1.7783867
466,1,-3.0227811,-16.363874,-0.3620993,-7.7990947,1.4410051,-1.5015507
467,1,-0.36205754,-14.57616,-1.248804,-12.68131,0.92404896,-1.1662382
468,1,-12.876841,-1.7000942,1.2654812,-7.2923574,0.67897534,-0.87931114
469,1,4.029232,-5.6937757,-0.7912053,-2.6639106,0.9241195,-0.3132986
470,1,-21.12868,-0.3879443,9.879151,13.120565,0.646215,-0.57047296
471,1,-2.7863991,-41.429287,-6.8699965,25.11872,1.3742746,-1.2350695
472,1,27.63227,-30.922668,-2.5135543,-9.951492,1.182153,-1.4815977
473,1,-4.15182,-16.696032,-1.0021993,-7.041733,0.8210546,-1.4782164
474,1,-0.70234036,-14.867739,-1.5303679,-12.129512,0.6798303,-1.2409997
475,1,-13.184544,-1.7088113,1.5643282,-6.869936,0.76551384,-0.90642273
476,1,3.480033,-5.8974504,-0.14011468,-2.5433948,0.99966615,-0.37073743
477,1,-15.738022,-0.26805028,7.1727242,12.843225,0.9267297,-0.2035731
478,1,-2.5953732,-41.76541,-9.000751,25.170557,0.615317,-0.7381067
479,1,27.12175,-31.044086,-3.6483686,-9.345589,0.6014686,-1.0723653
480,1,-4.219529,-17.011799,-1.6150672,-6.530342,0.5681911,-1.1199006
481,1,-1.000165,-15.045319,-1.6792469,-11.6930485,0.5589193,-1.0346761
482,1,-13.435133,-1.8046768,1.7815299,-6.578184,0.6780692,-0.7617908
483,1,2.743818,-5.841593,0.87851405,-2.4156973,1.0723006,-0.2983311
484,1,-18.688904,-0.3601814,5.767162,12.987258,-0.22067171,-0.22754851
485,1,-2.312115,-41.647533,-10.283258,25.329893,0.09393641,-0.46788606
486,1,27.313412,-31.109034,-4.5311904,-9.07142,0.24421583,-0.6542968
487,1,-4.365526,-17.12487,-2.0899744,-6.2153573,0.30192336,-0.74912703
488,1,-1.0326734,-15.082354,-1.7714043,-11.3909235,0.39764708,-0.6916108
489,1,-13.655417,-1.8937842,2.0011551,-6.378814,0.5383856,-0.5378904
490,1,2.4543757,-5.853426,1.3088167,-2.346602,0.73871684,-0.2089419
491,1,-14.989012,-0.3463144,4.4819703,12.9209175,0.017370658,-0.057616796
492,1,-2.0928602,-41.625114,-10.99453,25.284159,0.018999007,-0.21522944
493,1,27.225527,-31.077868,-5.037293,-8.909939,0.09282309,-0.32154414
494,1,-4.186448,-17.15394,-2.3716335,-6.071831,0.15054096,-0.36267886
495,1,-1.173069,-15.102275,-1.8503138,-11.23619,0.20180969,-0.35248998
496,1,-13.757343,-1.9174504,2.118522,-6.262363,0.28253692,-0.2647745
497,1,2.160848,-5.7979302,1.8185073,-2.2872622,0.44488963,-0.10532594
498,1,-17.659756,-0.3570057,4.518558,12.937834,-0.0014230978,0.0005873972
499,1,-1.9130871,-41.5878,-11.254379,25.314703,-0.0005613146,0.00074514875
500,1,27.381968,-31.064049,-5.203903,-8.876712,-0.00012098209,0.00042440702
501,1,-4.3116393,-17.16894,-2.469399,-6.019841,8.627195e-05,0.0003993355
502,1,-1.1201903,-15.089818,-1.8621175,-11.183452,0.00039153823,0.00023942848
503,1,-13.814575,-1.9268478,2.1710052,-6.228857,0.0006734843,0.00023448443
504,1,2.13873,-5.8354783,1.808587,-2.284477,0.0010836474,3.4267505e-05
505,1,-14.984711,-0.3379536,4.485356,12.916904,-0.019427266,0.058631156
506,1,-2.096696,-41.621956,-10.993778,25.285536,-0.02018323,0.21676755
507,1,27.226812,-31.07713,-5.0370703,-8.909604,-0.093076244,0.32230622
508,1,-4.1876717,-17.15285,-2.3713815,-6.071464,-0.1503674,0.36351392
509,1,-1.1725234,-15.102188,-1.8503369,-11.235628,-0.20104386,0.35294086
510,1,-13.757616,-1.9171716,2.1185393,-6.2623463,-0.28118756,0.26524025
511,1,2.1606622,-5.7980013,1.818375,-2.2870347,-0.44276097,0.10542006
512,1,-18.681904,-0.34355664,5.7738905,12.979102,0.21780023,0.22872558
513,1,-2.319717,-41.641407,-10.281807,25.332684,-0.09506825,0.46918884
514,1,27.315954,-31.10756,-4.530655,-9.070742,-0.2444877,0.6551833
515,1,-4.3680096,-17.122648,-2.0895662,-6.2146163,-0.30178115,0.74984545
516,1,-1.031577,-15.082191,-1.7714328,-11.389804,-0.39691603,0.6920941
517,1,-13.656005,-1.8932016,2.0012,-6.378765,-0.5371025,0.53826964
518,1,2.4540286,-5.853601,1.3085675,-2.3461556,-0.7366475,0.20905623
519,1,-15.724859,-0.24365242,7.182368,12.831645,-0.9288124,0.2045307
520,1,-2.6064928,-41.756126,-8.998422,25.174707,-0.6165275,0.73964393
521,1,27.125488,-31.041672,-3.6478715,-9.344631,-0.60180724,1.0732054
522,1,-4.2231307,-17.00847,-1.6144626,-6.5291495,-0.56806725,1.1205275
523,1,-0.9986087,-15.045076,-1.6793252,-11.691395,-0.55826914,1.0350888
524,1,-13.436017,-1.8037947,1.7816142,-6.5780597,-0.6768764,0.76212084
525,1,2.743153,-5.841868,0.8781545,-2.4150403,-1.0703757,0.29844645
526,1,-21.113947,-0.35365206,9.892154,13.103454,-0.64942706,0.57224464
527,1,-2.8023698,-41.415825,-6.8675222,25.124119,-1.375754,1.2367215
528,1,27.63757,-30.91966,-2.5132585,-9.94999,-1.1823225,1.482096
529,1,-4.156912,-16.6915,-1.0014048,-7.040219,-0.8210973,1.4787216
530,1,-0.7001795,-14.867508,-1.5305402,-12.127126,-0.6792709,1.2412993
531,1,-13.185863,-1.7076198,1.5644882,-6.86985,-0.7645009,0.906675
532,1,3.4792054,-5.8977904,-0.14048585,-2.5424576,-0.997952,0.3708099
533,1,-15.228839,0.23175512,14.593802,11.922625,-7.5626216,0.6208649
534,1,-0.7458272,-41.34651,-5.03452,23.504465,-4.6727734,1.4987302
535,1,28.639122,-30.068619,-0.93702054,-10.841123,-2.5719366,1.7785228
536,1,-3.029151,-16.358217,-0.36138818,-7.7971616,-1.4410644,1.501905
537,1,-0.3592141,-14.575916,-1.2490416,-12.6780615,-0.92369264,1.1663576
538,1,-12.878464,-1.6986551,1.2656746,-7.292268,-0.67829245,0.8794775
539,1,4.028054,-5.694192,-0.79159343,-2.6626518,-0.9226989,0.31332976
540,1,-5.9458766,-0.9809575,8.398223,13.867701,-7.3780665,-0.4254585
541,1,11.918605,-39.49374,-2.2646148,24.332428,-4.3159146,0.72155374
542,1,37.399284,-29.154203,-0.015318222,-10.231238,-1.6802105,1.0811357
543,1,2.8836782,-16.48224,0.1256271,-7.9385056,-1.0679413,0.52175397
544,1,2.568366,-14.292463,-0.8361737,-12.873831,-0.48867232,0.6634049
545,1,-11.9428,-2.0103326,1.0398118,-7.536576,-0.3963485,0.2906079
546,1,4.2514935,-5.526836,-1.2995051,-2.782571,-0.31593993,0.18404074
547,1,-28.383924,-122.53837,-13.686526,25.103016,4.3468122,-2.6712217
548,1,78.9177,-62.68005,-0.8401406,-13.059504,0.40200892,-2.7612903
549,1,20.991705,-34.665188,-0.9345432,-19.36599,0.25054327,-1.0008569
550,1,22.243793,-27.841242,-1.155977,-22.423883,0.055555064,-1.0767571
551,1,-9.2423525,-10.219351,0.7921464,-22.077826,0.100905225,-0.5516711
552,1,-13.874977,-9.567608,-1.2442397,-14.076792,0.1017054,-0.54783875
553,1,-4.9749227,2.6657653,1.8102262,-6.289906,0.4050032,-0.13201419
554,1,-63.280174,-134.34908,-35.59193,26.65299,0.23299313,-1.7242965
555,1,56.971607,-66.208405,-5.3700294,-12.953533,0.60362655,-3.5564246
556,1,8.337727,-35.099007,-3.003498,-18.235651,-0.10610598,-2.6019242
557,1,14.521956,-28.552273,-2.7265377,-21.499077,0.008837113,-1.7749658
558,1,-13.149607,-9.8293,0.553696,-20.996168,0.09200595,-1.5172542
559,1,-14.900026,-9.768683,-1.3092465,-13.141179,0.43417278,-0.9474444
560,1,-4.963472,2.8953662,2.477773,-5.9087343,0.97919136,-0.42049855
561,1,-50.136166,-133.3831,-44.315754,27.517336,-1.7864554,-0.32385448
562,1,59.8935,-68.977615,-11.434554,-11.812626,-0.93355286,-1.309827
563,1,8.121985,-36.472374,-4.8441057,-17.390038,-0.36626467,-2.0969274
564,1,14.480154,-29.237616,-4.0094724,-20.667364,-0.1894847,-1.8034118
565,1,-13.3639145,-10.104663,0.16632338,-20.227169,0.139,-1.3956993
566,1,-14.914091,-10.011585,-1.2444811,-12.621856,0.52334696,-1.0857848
567,1,-5.7393312,3.0373204,3.8155096,-5.707034,1.2475287,-0.37942088
568,1,-55.322845,-134.4585,-47.77888,27.207035,-1.0153399,-0.43994188
569,1,58.987286,-68.34106,-14.346573,-11.680044,-0.78499967,-0.96940476
570,1,7.9650807,-37.191048,-6.863029,-16.811947,-0.47498098,-1.1581087
571,1,14.093741,-29.725826,-4.6505537,-20.163498,-0.12531485,-1.3573405
572,1,-13.45104,-10.352737,-0.17276448,-19.760191,0.16796261,-1.1857462
573,1,-15.186724,-10.175156,-0.91538894,-12.308786,0.5822978,-0.8487051
574,1,-6.2052965,3.0030708,4.388133,-5.598855,0.9738541,-0.3557021
575,1,-49.941452,-133.38977,-50.382236,27.417135,-1.2293518,-0.053958572
576,1,59.559544,-68.840096,-16.150734,-11.406721,-0.67272013,-0.4465649
577,1,8.198867,-37.05218,-8.001434,-16.623356,-0.34598985,-0.8026736
578,1,14.222275,-29.885637,-5.366901,-19.814707,-0.10150219,-0.8101484
579,1,-13.542653,-10.582326,-0.30264828,-19.513731,0.1632951,-0.78960544
580,1,-15.39379,-10.115758,-0.7514837,-12.099904,0.43286628,-0.6038046
581,1,-6.5957794,2.8604026,5.21697,-5.5221453,0.86050683,-0.22716154
582,1,-52.192677,-133.58624,-51.07238,27.128138,-0.4322102,-0.10778354
583,1,59.657455,-68.27089,-17.11528,-11.363884,-0.34317178,-0.2358395
584,1,8.342915,-37.341694,-8.669543,-16.440996,-0.18685423,-0.32878968
585,1,14.132015,-29.812721,-5.6824117,-19.699146,-0.041837305,-0.42264202
586,1,-13.544721,-10.622813,-0.4536981,-19.346783,0.092470236,-0.38489693
587,1,-15.538427,-10.20618,-0.5697053,-12.017842,0.25404054,-0.29696366
588,1,-6.833097,2.9437091,5.4336023,-5.485202,0.39671737,-0.11878249
589,1,-49.41957,-133.09378,-51.749577,27.325544,-0.0004277238,0.0002567591
590,1,59.698456,-68.62232,-17.353407,-11.311583,1.8862473e-05,0.00019784678
591,1,8.37743,-37.068146,-8.890389,-16.44632,-3.4359535e-05,0.00026414183
592,1,14.205303,-29.927914,-5.82065,-19.61397,0.0002615974,9.844463e-05
593,1,-13.597188,-10.640253,-0.469846,-19.33085,0.00043069973,0.00019330655
594,1,-15.594514,-10.125925,-0.5514223,-11.966744,0.0007579164,4.3415184e-05
595,1,-6.871111,2.8180563,5.691251,-5.472071,0.0011315007,9.608362e-05
596,1,-52.191845,-133.5817,-51.070614,27.134726,0.43031308,0.10818318
597,1,59.656586,-68.27087,-17.11545,-11.362296,0.3432221,0.23635706
598,1,8.343008,-37.340508,-8.669168,-16.440014,0.18679987,0.32916543
599,1,14.131828,-29.812893,-5.682536,-19.698189,0.04231697,0.42294645
600,1,-13.544605,-10.622379,-0.45358616,-19.346554,-0.091600016,0.38520125
601,1,-15.538334,-10.206189,-0.5697482,-12.017156,-0.2525728,0.29709798
602,1,-6.8331285,2.94357,5.433486,-5.485203,-0.39445513,0.118914105
603,1,-49.940296,-133.38054,-50.378704,27.430473,1.2285037,0.05437265
604,1,59.55779,-68.840195,-16.151138,-11.40357,0.6726737,0.44696727
605,1,8.199061,-37.049847,-8.000585,-16.621391,0.34588906,0.8030978
606,1,14.22187,-29.885931,-5.36723,-19.812775,0.101967566,0.8104373
607,1,-13.542431,-10.581457,-0.3023876,-19.513268,-0.16248877,0.7898766
608,1,-15.393637,-10.115795,-0.7515949,-12.0985365,-0.43142596,0.6039625
609,1,-6.5958567,2.860144,5.2167487,-5.5221376,-0.8583338,0.2272637
610,1,-55.32033,-134.44553,-47.773926,27.226429,1.0129801,0.44015253
611,1,58.98492,-68.341034,-14.346918,-11.675277,0.78486836,0.97003055
612,1,7.9652348,-37.18743,-6.861969,-16.80885,0.47482452,1.1584848
613,1,14.093219,-29.726274,-4.651024,-20.160677,0.12563568,1.3576164
614,1,-13.450801,-10.351408,-0.17239492,-19.759418,-0.16721876,1.1859552
615,1,-15.1865225,-10.175239,-0.9155303,-12.306779,-0.5809929,0.8488519
616,1,-6.2055216,3.002742,4.387859,-5.598823,-0.97179073,0.35576287
617,1,-50.13319,-133.36343,-44.3084,27.544909,1.7852597,0.3248052
618,1,59.889366,-68.97744,-11.435605,-11.805786,0.9335831,1.3105303
619,1,8.12266,-36.46732,-4.842736,-17.3861,0.36570948,2.0971146
620,1,14.479121,-29.238373,-4.010172,-20.663387,0.18980458,1.8036253
621,1,-13.3634815,-10.102812,0.16684936,-20.226236,-0.1384687,1.3958491
622,1,-14.913988,-10.01172,-1.2446693,-12.619039,-0.5221944,1.085901
623,1,-5.7396727,3.0367746,3.815141,-5.707024,-1.2457125,0.37949005
624,1,-63.272587,-134.3223,-35.583023,26.687323,-0.23730335,1.7242852
625,1,56.96659,-66.208534,-5.3724737,-12.9453745,-0.605345,3.5565124
626,1,8.338947,-35.092876,-3.001608,-18.230759,0.10544603,2.601937
627,1,14.520513,-28.553223,-2.727578,-21.493893,-0.008901801,1.7750933
628,1,-13.148959,-9.827083,0.5543678,-20.995016,-0.09171846,1.5173393
629,1,-14.899975,-9.768741,-1.3094188,-13.137473,-0.43334228,0.94749784
630,1,-4.9639707,2.8945358,2.4773335,-5.9087877,-0.97777605,0.4205227
631,1,-28.381182,-122.51169,-13.680784,25.14525,-4.3545003,2.6707501
632,1,78.91015,-62.680416,-0.8427531,-13.048391,-0.40267414,2.7609067
633,1,20.992111,-34.658318,-0.93279016,-19.359869,-0.2513109,1.0009557
634,1,22.241907,-27.842062,-1.1570259,-22.417044,-0.055600725,1.0767412
635,1,-9.241747,-10.217051,0.79273295,-22.076275,-0.10086336,0.5517264
636,1,-13.8747425,-9.567426,-1.2443457,-14.0718565,-0.10145388,0.54784745
637,1,-4.975191,2.6646185,1.8097686,-6.2897773,-0.4041591,0.13202362
638,1,0.23247483,-82.91091,-8.017206,-57.258766,-11.528692,-1.5420183
639,1,64.58397,-47.284515,0.963194,-41.104744,-3.647689,-1.9342479
640,1,31.956024,-37.991276,-2.8040018,-36.533756,-1.9084802,-1.0160799
641,1,13.98778,-17.956224,1.4511803,-37.59929,-1.0424697,-0.87545425
642,1,-11.35714,-16.734653,-1.9185699,-29.781898,-0.5329269,-0.57469314
643,1,-25.234325,-1.9572165,1.6215818,-24.567991,-0.035374567,-0.43787754
644,1,-18.676973,-4.2033434,-1.286795,-8.02532,0.65514153,-0.1916737
645,1,-24.192352,-90.451385,-19.526453,-56.970955,-9.014364,-1.2774024
646,1,47.028732,-49.629837,-2.4529595,-37.638428,-6.0600348,-2.7447467
647,1,21.100592,-39.099686,-4.7382402,-34.35127,-2.9779303,-2.2709012
648,1,7.5227304,-17.851355,0.5396586,-35.267654,-1.7758213,-1.6491693
649,1,-14.476234,-17.09275,-2.3770494,-27.97039,-0.7884024,-1.3823587
650,1,-25.86836,-1.5655972,1.5824659,-22.915977,0.016246716,-0.912874
651,1,-18.263311,-4.2420626,-0.03960207,-7.2144423,1.3002837,-0.36759815
652,1,-18.202911,-90.162346,-26.448273,-58.108086,-3.7228673,-0.4172298
653,1,48.076756,-51.21572,-6.8574224,-38.23275,-3.1322129,-1.2581358
654,1,20.888758,-40.446804,-6.479595,-33.63296,-2.3129237,-1.8499234
655,1,7.255977,-18.208757,-0.42767847,-34.36839,-1.2375003,-1.6680284
656,1,-14.503046,-17.603544,-2.8137393,-27.072805,-0.4872236,-1.326411
657,1,-25.673933,-1.4426816,1.9853909,-22.26407,0.3823425,-1.0152829
658,1,-18.864042,-4.659951,0.37548366,-7.0386477,1.1186697,-0.38327327
659,1,-19.374104,-90.773605,-29.70831,-57.253815,-3.9391868,-0.3372033
660,1,47.76762,-50.9691,-9.412002,-37.54101,-2.475634,-0.8630473
661,1,20.574278,-40.900345,-8.120406,-33.390064,-1.5849767,-1.1124299
662,1,7.087262,-18.685534,-1.0395315,-33.826935,-0.92028,-1.2531965
663,1,-14.596993,-17.757792,-3.0294237,-26.620108,-0.21638402,-1.1265016
664,1,-25.95611,-1.6891137,2.180598,-21.924501,0.38274992,-0.8120119
665,1,-19.098684,-4.4318833,1.5600637,-6.8970623,1.2185919,-0.33016592
666,1,-17.178673,-89.98071,-31.623783,-57.44521,-1.6782418,-0.11428246
667,1,48.062675,-51.316788,-11.013218,-37.482254,-1.4383125,-0.444039
668,1,20.83549,-40.761612,-9.106504,-33.022186,-0.99704117,-0.7370755
669,1,7.0475984,-18.896414,-1.6647732,-33.635395,-0.51126134,-0.7781883
670,1,-14.6988735,-17.851175,-3.093377,-26.336145,-0.08865046,-0.74814117
671,1,-26.065428,-1.723365,2.4066672,-21.774155,0.38486883,-0.5784205
672,1,-19.730833,-4.58587,2.0167835,-6.84678,0.7474266,-0.22109225
673,1,-17.31481,-90.12706,-32.613308,-56.940784,-1.1741819,-0.085486665
674,1,48.26632,-50.95001,-11.860926,-37.262383,-0.7215629,-0.22219175
675,1,20.796064,-40.92516,-9.676202,-32.968258,-0.47273785,-0.32082617
676,1,7.0625825,-18.873768,-1.9605597,-33.436882,-0.24769488,-0.39564395
677,1,-14.767163,-17.862316,-3.195202,-26.249443,-0.013881665,-0.37068966
678,1,-26.321877,-1.8317543,2.5458004,-21.66685,0.19717312,-0.28411257
679,1,-19.684309,-4.40109,2.5509338,-6.8217688,0.4759492,-0.11309734
680,1,-16.548622,-89.7522,-32.894375,-57.19169,-0.0012727679,-0.0006443146
681,1,48.24586,-51.185707,-12.101263,-37.27,-0.00024732164,-0.00036549932
682,1,20.924652,-40.72437,-9.875721,-32.856388,-1.1507489e-05,-0.00018870403
683,1,7.016098,-18.970566,-2.0768824,-33.449352,0.00018341282,-3.5477005e-05
684,1,-14.801855,-17.853733,-3.1972063,-26.17505,0.00045698433,-8.5378495e-05
685,1,-26.273937,-1.7801667,2.5927868,-21.666603,0.0007403537,3.3496166e-05
686,1,-20.047033,-4.5579967,2.5728202,-6.8095336,0.0011711654,-7.66069e-05
687,1,-17.318033,-90.13807,-32.617813,-56.942287,1.1720868,0.084498696
688,1,48.269806,-50.94999,-11.860632,-37.25985,0.7210084,0.22138742
689,1,20.794445,-40.92657,-9.676883,-32.96772,0.47266525,0.3205074
690,1,7.063811,-18.873484,-1.9603673,-33.436085,0.24808207,0.39552432
691,1,-14.767573,-17.862696,-3.1953988,-26.248829,0.014762651,0.37056485
692,1,-26.32139,-1.8317547,2.5458064,-21.666603,-0.19568047,0.2841485
693,1,-19.684082,-4.4006963,2.5510647,-6.821527,-0.47361344,0.113009706
694,1,-17.183025,-90.00232,-31.632818,-57.448273,1.6756619,0.11313794
695,1,48.069527,-51.316833,-11.012657,-37.47722,1.4377339,0.44323096
696,1,20.83231,-40.764393,-9.107857,-33.021095,0.99697167,0.73679835
697,1,7.05005,-18.895859,-1.6643633,-33.63377,0.51159275,0.77802306
698,1,-14.699733,-17.851948,-3.0937881,-26.334932,0.0894991,0.74808145
699,1,-26.064459,-1.7233092,2.406718,-21.773643,-0.38344136,0.57838947
700,1,-19.730526,-4.585167,2.017051,-6.8463106,-0.7451698,0.22104351
701,1,-19.383862,-90.80576,-29.721434,-57.25813,3.9367652,0.33635956
702,1,47.77766,-50.969254,-9.41124,-37.533463,2.4749835,0.862134
703,1,20.569653,-40.90457,-8.122309,-33.38837,1.584782,1.112198
704,1,7.090711,-18.684666,-1.0389196,-33.82448,0.92054,1.2530341
705,1,-14.598226,-17.75895,-3.0300086,-26.618288,0.21714637,1.1264642
706,1,-25.954826,-1.6890327,2.1806731,-21.92371,-0.3814114,0.8119749
707,1,-19.098146,-4.430842,1.5604354,-6.8963656,-1.2164407,0.33015987
708,1,-18.212059,-90.20764,-26.46663,-58.114315,3.7199755,0.41570178
709,1,48.09172,-51.215816,-6.855922,-38.22214,3.1313922,1.2571459
710,1,20.88181,-40.452538,-6.4821224,-33.630783,2.3126264,1.8498418
711,1,7.261134,-18.207418,-0.42675623,-34.36502,1.2376186,1.6678444
712,1,-14.505099,-17.605207,-2.8145401,-27.070345,0.4878333,1.3263898
713,1,-25.672132,-1.4424961,1.9855646,-22.26301,-0.38117433,1.0152501
714,1,-18.863712,-4.658484,0.3760533,-7.0377016,-1.1167519,0.38322753
715,1,-24.214655,-90.510735,-19.549166,-56.979538,9.009819,1.276652
716,1,47.047176,-49.6291,-2.4492872,-37.62489,6.0587525,2.7443078
717,1,21.090925,-39.106865,-4.741552,-34.348587,2.9772344,2.2708695
718,1,7.529321,-17.849731,0.54108,-35.263363,1.7757351,1.649003
719,1,-14.479117,-17.094667,-2.3779855,-27.967113,0.7887718,1.3824054
720,1,-25.866146,-1.5655675,1.5825975,-22.914642,-0.015455799,0.91282976
721,1,-18.262793,-4.239914,-0.038709164,-7.213208,-1.2986559,0.36760896
722,1,0.21717651,-82.97867,-8.03092,-57.268646,11.527499,1.5424182
723,1,64.609505,-47.284325,0.96741515,-41.088013,3.6460946,1.934422
724,1,31.94515,-37.999413,-2.8070824,-36.529736,1.9082309,1.0158832
725,1,13.996258,-17.95461,1.4528675,-37.59401,1.0422889,0.87555546
726,1,-11.360506,-16.736523,-1.9195311,-29.777386,0.53303105,0.5746205
727,1,-25.23155,-1.9575198,1.6217676,-24.566149,0.035694636,0.437929
728,1,-18.67658,-4.2005463,-1.2860261,-8.02358,-0.65460783,0.19166273
729,1,54.22186,34.750008,13.421278,-10.484615,-6.0072994,1.0639757
730,1,18.304403,-26.763693,-3.9776087,-60.108147,-5.126259,0.23130204
731,1,45.24474,-13.921011,3.2012043,-45.127106,-2.689712,-0.76487434
732,1,-2.8607006,-18.920431,-2.6347685,-47.4394,-1.6055343,-0.30240995
733,1,-14.684101,-4.1893125,2.2432861,-39.069965,-0.7509523,-0.5426636
734,1,-39.833164,-8.012608,-1.9745139,-28.963032,-0.33006227,-0.24381618
735,1,-38.237453,1.2217339,1.7519993,-11.691979,0.7361291,-0.09167861
736,1,56.954205,38.982235,25.727283,-6.9736137,-11.55733,0.037045572
737,1,13.824811,-28.047537,-4.686717,-56.82479,-7.290423,-0.38054922
738,1,40.89388,-14.056585,3.4504595,-41.46838,-4.670647,-1.0977677
739,1,-5.782662,-19.478909,-2.9980226,-44.72499,-2.6769443,-1.1575829
740,1,-15.701645,-3.7612169,2.2450452,-36.372173,-1.3765806,-0.9029462
741,1,-39.256824,-8.353193,-1.6348417,-26.817556,-0.07360681,-0.73982686
742,1,-37.470516,1.3130492,1.3909615,-10.665504,1.2610875,-0.2690792
743,1,46.6632,38.735916,24.997559,-6.9892178,-6.3037243,-0.48271438
744,1,9.88487,-27.622185,-4.6109767,-56.623234,-4.900491,-0.92462224
745,1,39.54022,-14.090738,2.6508934,-40.596107,-3.2800603,-1.0308859
746,1,-6.6610246,-19.96505,-3.284993,-43.667435,-1.9759978,-1.1551161
747,1,-15.638944,-3.618936,2.300343,-35.211555,-0.84083635,-1.0486892
748,1,-39.125324,-8.750922,-1.5902846,-26.048685,0.20934322,-0.7590204
749,1,-37.132706,1.7478346,2.9022744,-10.390133,1.5366937,-0.31542888
750,1,52.928375,39.020325,23.363262,-6.843331,-4.606141,-0.12899372
751,1,10.61646,-27.916838,-5.772849,-56.20761,-3.38157,-0.5634608
752,1,39.253704,-14.107659,2.0900314,-40.142696,-2.3613567,-0.86743814
753,1,-6.678685,-20.020823,-3.6515954,-43.110424,-1.3665437,-0.91326135
754,1,-15.815037,-3.8491035,2.2988067,-34.68947,-0.47859064,-0.8650278
755,1,-39.079437,-8.642009,-1.158037,-25.679277,0.40412104,-0.67067015
756,1,-37.95417,1.4599425,3.3178003,-10.251598,1.0959355,-0.26228908
757,1,49.17107,38.592304,22.473494,-6.6674643,-2.8473885,-0.21132271
758,1,10.514657,-27.637833,-6.484122,-55.87765,-2.058765,-0.40388367
759,1,39.1121,-14.251861,1.5257938,-39.939632,-1.4130346,-0.53163177
760,1,-6.8831344,-19.995861,-3.839076,-42.79676,-0.8053861,-0.6360134
761,1,-15.929476,-3.9169643,2.2660577,-34.467278,-0.22604156,-0.5969383
762,1,-39.463497,-8.674821,-0.88412213,-25.477522,0.32855615,-0.4667089
763,1,-37.856216,1.5682262,4.111354,-10.204205,0.97376883,-0.18602367
764,1,52.542492,38.679287,21.602589,-6.7496595,-1.3237048,-0.04748052
765,1,10.704739,-27.705593,-6.955915,-55.709515,-0.9932853,-0.18438515
766,1,39.043392,-14.185465,1.1905961,-39.779335,-0.6814574,-0.27593297
767,1,-6.8698244,-19.991621,-3.996552,-42.66626,-0.3762907,-0.30755463
768,1,-16.132957,-3.963619,2.271206,-34.33456,-0.08351278,-0.30558968
769,1,-39.4699,-8.599664,-0.68479574,-25.41366,0.2072196,-0.23458205
770,1,-38.58714,1.4185449,4.3530064,-10.173631,0.42579886,-0.09342145
771,1,49.937805,38.49569,21.557312,-6.607169,-0.0013279391,5.364796e-05
772,1,10.807464,-27.589827,-7.1205845,-55.63723,-0.00089576974,-0.00052272674
773,1,39.034508,-14.237899,1.0903388,-39.766037,-0.00021757666,-0.00028511116
774,1,-6.948901,-19.964367,-4.04438,-42.601704,5.8966776e-05,-0.0002875265
775,1,-16.114847,-3.9575703,2.2638576,-34.317642,0.00037577044,-0.00010866666
776,1,-39.684406,-8.637137,-0.62626,-25.374868,0.0007063978,-0.00016637931
777,1,-38.182922,1.521358,4.5596695,-10.1737385,0.0011386145,4.686832e-05
778,1,52.541542,38.68303,21.604103,-6.7497454,1.3213391,0.04733848
779,1,10.703963,-27.709734,-6.9574857,-55.71117,0.991507,0.18341711
780,1,39.044895,-14.185175,1.1908876,-39.777992,0.6810398,0.27535084
781,1,-6.8705344,-19.992764,-3.9970288,-42.666306,0.3763859,0.30700627
782,1,-16.132061,-3.963501,2.2713313,-34.333866,0.08427505,0.3053524
783,1,-39.469826,-8.599826,-0.68486404,-25.413467,-0.20583889,0.23428048
784,1,-38.586575,1.4180559,4.3528585,-10.173467,-0.42360675,0.09343746
785,1,49.16793,38.599533,22.476591,-6.6676493,2.844631,0.21132156
786,1,10.513317,-27.645859,-6.487224,-55.88093,2.056967,0.40304562
787,1,39.115078,-14.251377,1.5263586,-39.936954,1.412578,0.5309351
788,1,-6.884564,-19.998142,-3.839986,-42.796852,0.8054718,0.635597
789,1,-15.927709,-3.9166932,2.2663236,-34.465878,0.22677353,0.5966265
790,1,-39.463425,-8.6752205,-0.884285,-25.477144,-0.3271998,0.46652186
791,1,-37.85501,1.5673643,4.1110525,-10.203866,-0.9715548,0.18599667
792,1,52.92535,39.03113,23.368002,-6.8435025,4.6039634,0.12871416
793,1,10.614181,-27.929022,-5.7774386,-56.21248,3.3797376,0.56256354
794,1,39.258038,-14.106971,2.091038,-40.138714,2.3609207,0.8667948
795,1,-6.6807857,-20.024239,-3.6529322,-43.110516,1.3666011,0.9129073
796,1,-15.812549,-3.8487048,2.2992306,-34.687355,0.47926664,0.8647397
797,1,-39.079346,-8.642587,-1.1582543,-25.678701,-0.4028487,0.6705208
798,1,-37.95268,1.4586502,3.3174078,-10.251086,-1.0938929,0.26222047
799,1,46.65616,38.750656,25.004377,-6.9900093,6.30035,0.48262846
800,1,9.882276,-27.639133,-4.616667,-56.630287,4.898594,0.92380136
801,1,39.546394,-14.089542,2.652463,-40.59041,3.2796576,1.0303568
802,1,-6.6641765,-19.969803,-3.286765,-43.667686,1.9759547,1.1548386
803,1,-15.63549,-3.6182249,2.3010397,-35.208572,0.84142506,1.0484719
804,1,-39.125504,-8.7518015,-1.5906333,-26.047955,-0.20822984,0.7589112
805,1,-37.13063,1.746077,2.9016967,-10.389408,-1.53477,0.31543165
806,1,56.945858,39.0022,25.73967,-6.973972,11.556838,-0.03682231
807,1,13.820061,-28.06959,-4.6937475,-56.83358,7.289173,0.38015455
808,1,40.901566,-14.054747,3.4530451,-41.460873,4.6703978,1.0974219
809,1,-5.7870355,-19.48482,-3.0001144,-44.7252,2.676879,1.1574765
810,1,-15.697344,-3.7604346,2.2459466,-36.368282,1.3769659,0.90276504
811,1,-39.257267,-8.354028,-1.6350816,-26.81653,0.07443887,0.7398142
812,1,-37.468372,1.3104794,1.3899899,-10.6645775,-1.2596154,0.2690466
813,1,54.216095,34.77233,13.431786,-10.485671,6.0090046,-1.0641284
814,1,18.302702,-26.789219,-3.983521,-60.118397,5.126434,-0.23135836
815,1,45.25579,-13.919309,3.2043664,-45.11794,2.6895125,0.7649076
816,1,-2.86532,-18.926954,-2.6369107,-47.439056,1.6055628,0.30225977
817,1,-14.678593,-4.18881,2.2443752,-39.06519,0.75108814,0.54272604
818,1,-39.833847,-8.013091,-1.9747823,-28.961256,0.3303614,0.24375106
819,1,-38.23497,1.2183056,1.7511278,-11.690725,-0.7354691,0.09170305
820,1,76.184135,-26.269806,-8.351904,-17.89681,-2.041803,-0.24789721
821,1,46.584846,14.003191,6.156824,-30.04697,-2.0185606,0.354444
822,1,18.681206,-13.976407,-3.143371,-58.36505,-2.2261436,0.19095281
823,1,5.254125,0.07542649,3.1903827,-45.25177,-1.3055732,-0.3439897
824,1,-33.475906,-9.907258,-2.61043,-47.668278,-0.8586533,-0.059001945
825,1,-50.415432,3.3170593,2.5478578,-31.242294,-0.021631815,-0.26159838
826,1,-63.589287,-3.1725824,-1.8068826,-13.69951,0.56611145,-0.08949705
827,1,80.607735,-29.291756,-10.218269,-17.398495,-6.776895,0.3745582
828,1,51.471146,15.18128,9.757261,-26.256718,-5.363693,0.30939922
829,1,19.7919,-14.768721,-2.701726,-55.498146,-4.0169935,-0.17488608
830,1,6.5012817,0.46763867,3.888323,-41.719193,-2.581469,-0.4337524
831,1,-32.26767,-10.545337,-2.4756854,-45.075752,-1.2776058,-0.5543755
832,1,-48.573395,3.8470936,2.6746576,-28.582434,-0.14726616,-0.39894357
833,1,-61.307095,-3.3044367,-0.21125297,-12.559826,1.844108,-0.17517483
834,1,77.81745,-28.82213,-5.9356,-16.45853,-7.374666,-0.04471133
835,1,47.459736,15.444704,10.609183,-24.615807,-4.99696,-0.19065237
836,1,17.59972,-14.657051,-2.0625634,-54.186295,-3.318832,-0.42039162
837,1,5.871438,0.72896445,4.240086,-40.189957,-2.069959,-0.60649353
838,1,-32.350918,-10.8405075,-2.315548,-43.801044,-0.85846734,-0.6013962
839,1,-47.909138,4.191698,3.384394,-27.55054,0.41930166,-0.51105887
840,1,-61.431454,-3.8396525,-0.2945786,-12.278894,1.4657879,-0.19819681
841,1,75.65703,-29.00939,-6.058334,-16.502527,-4.3863034,-0.16472502
842,1,47.94737,15.736332,11.1222105,-24.33444,-3.4772143,-0.33539638
843,1,17.51021,-14.531624,-2.0271199,-53.457226,-2.4405715,-0.43190482
844,1,5.59472,0.73561776,4.368083,-39.514732,-1.3902571,-0.5386352
845,1,-32.33274,-10.7120695,-2.053898,-43.136288,-0.4509387,-0.5563503
846,1,-48.147957,4.02289,3.6569855,-27.114521,0.43887675,-0.4435169
847,1,-61.1065,-3.5417678,0.8082275,-12.089234,1.5661744,-0.18067499
848,1,77.92504,-28.679947,-6.002578,-16.271414,-3.276329,-0.04708075
849,1,47.29354,15.528599,11.015688,-24.037167,-2.304055,-0.23583452
850,1,17.133636,-14.355593,-1.9234757,-53.105865,-1.5299045,-0.34953892
851,1,5.356514,0.71154046,4.3877053,-39.20364,-0.87159497,-0.39331403
852,1,-32.67137,-10.638653,-1.8494153,-42.78679,-0.20108147,-0.4014678
853,1,-48.21066,4.0270123,3.9885569,-26.922327,0.4410196,-0.3196292
854,1,-62.065075,-3.6202729,1.1936182,-12.009001,0.941897,-0.1241497
855,1,75.49104,-28.742592,-6.0629597,-16.246225,-1.3988777,-0.06551529
856,1,47.60027,15.606184,10.914929,-23.983582,-1.082039,-0.13061951
857,1,17.12115,-14.343425,-1.9636385,-52.90204,-0.7411272,-0.17244284
858,1,5.121766,0.72513074,4.410411,-39.069847,-0.3961539,-0.20964222
859,1,-32.748154,-10.56798,-1.7411398,-42.630024,-0.07777848,-0.20559554
860,1,-48.593506,3.9595103,4.1725135,-26.835308,0.22760257,-0.16616124
861,1,-61.7199,-3.4808638,1.6399349,-11.978365,0.57911134,-0.06612872
862,1,77.86877,-28.601164,-6.2136292,-16.210009,-0.00087897124,-0.00022550025
863,1,47.2739,15.518414,10.885021,-23.912533,-0.00079878914,-2.3901735e-05
864,1,17.024683,-14.286623,-1.9717324,-52.857353,-0.0004546013,-0.0003948162
865,1,5.129585,0.7187759,4.409542,-39.021263,-2.2758955e-05,-0.00018427806
866,1,-32.885334,-10.564278,-1.6990101,-42.586037,0.00027460148,-0.00030530058
867,1,-48.467796,3.9976923,4.2373233,-26.810078,0.00062864093,-7.226242e-05
868,1,-62.394783,-3.5602143,1.7028904,-11.960658,0.0009908389,-0.00016687228
869,1,75.49024,-28.745924,-6.0641813,-16.246548,1.3965647,0.06529185
870,1,47.599792,15.608481,10.91593,-23.982964,1.0805086,0.13051108
871,1,17.120878,-14.345339,-1.9643273,-52.902866,0.74023515,0.17171067
872,1,5.1223803,0.7256118,4.410697,-39.068897,0.39610288,0.2092344
873,1,-32.748116,-10.56868,-1.7413958,-42.63023,0.078325346,0.20504701
874,1,-48.592903,3.959555,4.1725707,-26.834764,-0.22634408,0.16597883
875,1,-61.719185,-3.4805577,1.6400943,-11.978404,-0.5770101,0.0659032
876,1,77.92351,-28.68636,-6.00484,-16.272001,3.274674,0.046852153
877,1,47.292297,15.533001,11.017672,-24.035896,2.3025062,0.23561504
878,1,17.133104,-14.3593445,-1.924794,-53.107536,1.5289952,0.34897402
879,1,5.3577123,0.7124797,4.388293,-39.201748,0.87157977,0.39281854
880,1,-32.671345,-10.640084,-1.849939,-42.78719,0.20160685,0.40106654
881,1,-48.20947,4.0271726,3.988711,-26.921244,-0.439776,0.31935394
882,1,-62.063805,-3.6197615,1.1939484,-12.009075,-0.93996453,0.12399227
883,1,75.65469,-29.01903,-6.0617576,-16.503588,4.384091,0.16461837
884,1,47.945923,15.742927,11.125343,-24.332634,3.475789,0.33521372
885,1,17.509413,-14.537274,-2.0290618,-53.45969,2.439764,0.43139562
886,1,5.596437,0.7370029,4.3690047,-39.51188,1.3902292,0.5381847
887,1,-32.332745,-10.714217,-2.0546498,-43.13687,0.4514614,0.5560269
888,1,-48.14635,4.023122,3.6572025,-27.112871,-0.43769148,0.44327465
889,1,-61.104576,-3.541031,0.80863345,-12.08936,-1.5641983,0.18059728
890,1,77.8135,-28.835363,-5.939467,-16.459766,7.3735595,0.044643506
891,1,47.456905,15.453941,10.613592,-24.613266,4.9956827,0.19060302
892,1,17.598707,-14.665006,-2.0651395,-54.18978,3.318063,0.41994822
893,1,5.873704,0.73106015,4.241503,-40.1859,2.0699959,0.6061606
894,1,-32.351128,-10.843579,-2.3166215,-43.801907,0.8588941,0.60113883
895,1,-47.907097,4.1921425,3.3847847,-27.54821,-0.41822284,0.5108854
896,1,-61.42933,-3.838672,-0.29401666,-12.27906,-1.4641047,0.19808489
897,1,80.60482,-29.309584,-10.225221,-17.400364,6.7766047,-0.37478584
898,1,51.468872,15.193353,9.763408,-26.253317,5.3633494,-0.30945763
899,1,19.790682,-14.779089,-2.704979,-55.502407,4.01664,0.17461197
900,1,6.504207,0.47031847,3.8902,-41.71388,2.5815814,0.43350673
901,1,-32.268158,-10.549074,-2.4768813,-45.076694,1.2779527,0.55425644
902,1,-48.57108,3.8473976,2.674984,-28.579388,0.14806512,0.3988335
903,1,-61.30453,-3.3028555,-0.21043073,-12.56004,-1.8426673,0.17516245
904,1,76.180954,-26.289953,-8.359514,-17.898756,2.0410542,0.24788336
905,1,46.582653,14.0166235,6.1625094,-30.043266,2.0187058,-0.35456994
906,1,18.6811,-13.988317,-3.1467683,-58.36963,2.2262626,-0.19109592
907,1,5.258103,0.07807607,3.1924984,-45.245434,1.305614,0.3439986
908,1,-33.47637,-9.911061,-2.6116471,-47.6688,0.8588417,0.058883797
909,1,-50.412857,3.3168147,2.5481908,-31.238499,0.021905271,0.2616394
910,1,-63.586956,-3.1701045,-1.8060796,-13.699467,-0.56540924,0.089460395
911,1,101.29482,19.068775,7.4438806,-10.776256,-2.8351471,0.262676
912,1,58.951843,-15.094398,-5.007103,-42.228718,-1.1771413,-0.020601518
913,1,29.542187,8.857024,4.087699,-41.630917,-0.96430814,0.018922687
914,1,-8.007893,-9.222353,-3.0627015,-57.65543,-0.9622935,0.14578454
915,1,-37.430927,6.37776,3.2594478,-41.542446,-0.31640577,-0.19375587
916,1,-68.71306,-7.037278,-2.943144,-38.29505,-0.28359893,0.022504833
917,1,-89.20425,4.848813,2.8190646,-12.365715,1.4059762,-0.015503025
918,1,106.24917,21.124907,10.756271,-9.189109,-4.945912,-0.039003573
919,1,63.10243,-16.530123,-5.7299056,-40.441017,-3.4931793,0.15264805
920,1,34.200043,9.457645,5.5277834,-38.065155,-2.6062422,0.11471121
921,1,-4.85189,-10.086162,-2.833879,-55.12212,-1.8214136,-0.09728398
922,1,-34.187637,7.031898,3.8660586,-38.257935,-0.8984215,-0.16464849
923,1,-65.63329,-7.8290544,-2.5293803,-35.969444,0.3822005,-0.20519005
924,1,-86.645744,5.197126,2.1115572,-11.031147,1.6869195,-0.085445456
925,1,105.12065,20.794968,10.749187,-8.928121,-5.488094,0.120174766
926,1,62.858322,-16.689621,-4.2717123,-39.202084,-4.0697727,0.103508435
927,1,33.311695,9.630981,6.369087,-36.11093,-2.7997336,-0.07969654
928,1,-5.0800295,-10.274483,-2.315101,-53.59987,-1.5878794,-0.18003996
929,1,-33.723328,7.3456507,4.4887815,-36.579243,-0.5302827,-0.29241502
930,1,-65.00491,-8.225046,-2.400555,-34.95955,0.5854439,-0.2434799
931,1,-85.22284,5.780344,3.5078661,-10.654234,2.199003,-0.11692397
932,1,104.59729,21.057423,12.529808,-8.502669,-4.4730244,-0.035563745
933,1,61.503277,-16.614319,-3.7132738,-38.489647,-3.1060307,-0.061997738
934,1,32.921146,9.71669,6.903452,-35.41847,-2.0332341,-0.12867655
935,1,-5.3369727,-10.111012,-1.8762532,-52.650143,-1.133188,-0.22775644
936,1,-33.926266,7.274551,4.818928,-35.869038,-0.17960708,-0.26516122
937,1,-64.81719,-8.020979,-1.8298359,-34.381477,0.7837118,-0.2410806
938,1,-85.92765,5.4867325,3.693795,-10.419294,1.5715686,-0.09758912
939,1,103.56835,20.80397,12.596937,-8.557141,-2.7491062,-0.043958467
940,1,61.88107,-16.405624,-3.1924646,-38.212536,-2.1019638,-0.084945396
941,1,32.55617,9.6991415,7.159588,-35.008625,-1.3937911,-0.13551793
942,1,-5.7056785,-9.968973,-1.5678997,-52.204742,-0.6723261,-0.17734884
943,1,-34.19535,7.2665014,5.081537,-35.5175,-0.050741356,-0.2075449
944,1,-65.30595,-7.952473,-1.461673,-34.068962,0.58472395,-0.17499395
945,1,-85.61291,5.5286655,4.2986603,-10.361983,1.331429,-0.08048155
946,1,104.32974,20.874453,12.912522,-8.420824,-1.4776732,-0.015264768
947,1,61.17132,-16.411728,-3.0055325,-38.011547,-1.030597,-0.049888827
948,1,32.35176,9.7241745,7.3327193,-34.89716,-0.66235656,-0.080315776
949,1,-5.885435,-9.891161,-1.4012852,-51.9657,-0.33279607,-0.09954453
950,1,-34.480335,7.2492614,5.241587,-35.373726,0.009689649,-0.10970438
951,1,-65.29562,-7.8486905,-1.222447,-33.929466,0.3336491,-0.09079362
952,1,-86.503136,5.4080253,4.5235715,-10.288033,0.58876675,-0.035165727
953,1,103.126495,20.769688,12.892435,-8.481451,-0.0010476357,0.00013895273
954,1,61.599842,-16.33194,-2.9507434,-38.001957,-0.0006106311,-0.00030446865
955,1,32.29117,9.708521,7.3679705,-34.817574,-0.00037046507,-6.3539184e-05
956,1,-5.987043,-9.868774,-1.344784,-51.922062,-0.0001006922,-0.0003781561
957,1,-34.495388,7.2667494,5.2913647,-35.31979,0.00021897152,-0.0001144815
958,1,-65.561195,-7.86603,-1.1325419,-33.889515,0.0005447807,-0.0002817859
959,1,-85.9027,5.47115,4.6342053,-10.308458,0.0009782056,6.3088904e-05
960,1,104.32897,20.87709,12.913649,-8.420565,1.476097,0.015335923
961,1,61.1706,-16.413876,-3.006319,-38.012043,1.0292811,0.04940099
962,1,32.35176,9.72551,7.3333178,-34.89631,0.6616174,0.080106035
963,1,-5.88546,-9.892236,-1.401665,-51.966198,0.33261135,0.09888989
964,1,-34.479836,7.2497287,5.241807,-35.37294,-0.009244592,0.10940875
965,1,-65.29512,-7.8490276,-1.22255,-33.92972,-0.3325615,0.09030851
966,1,-86.50228,5.4079266,4.5236106,-10.287831,-0.58698916,0.035161857
967,1,103.56696,20.80901,12.599099,-8.556644,2.7471583,0.043963764
968,1,61.87979,-16.409803,-3.1939864,-38.213562,2.1007974,0.08463065
969,1,32.556057,9.701749,7.160805,-35.006916,1.3931389,0.13520148
970,1,-5.705722,-9.971119,-1.5686744,-52.205723,0.6721262,0.17687434
971,1,-34.194397,7.267454,5.082016,-35.51595,0.05121933,0.20715359
972,1,-65.305016,-7.953211,-1.4619224,-34.069454,-0.5836577,0.17467941
973,1,-85.61121,5.528544,4.2987027,-10.361587,-1.3294998,0.08041569
974,1,104.594925,21.064962,12.533208,-8.501841,4.4716306,0.035548702
975,1,61.50114,-16.620546,-3.7155416,-38.491196,3.1048844,0.06175153
976,1,32.92108,9.720556,6.905285,-35.415916,2.0326087,0.12839727
977,1,-5.337091,-10.114242,-1.877376,-52.651608,1.1330663,0.22737241
978,1,-33.924946,7.2759686,4.81964,-35.866688,0.18007378,0.264815
979,1,-64.81591,-8.022099,-1.8301969,-34.38222,-0.7826635,0.24082552
980,1,-85.92535,5.4866185,3.6939526,-10.418669,-1.5698547,0.097469345
981,1,105.11788,20.805403,10.753446,-8.927106,5.4867897,-0.12019867
982,1,62.85564,-16.69844,-4.274833,-39.20424,4.0689816,-0.10375119
983,1,33.311424,9.636462,6.3717113,-36.10734,2.7993057,0.07952824
984,1,-5.080246,-10.279118,-2.3167036,-53.601936,1.5877668,0.17972095
985,1,-33.721745,7.347752,4.4898734,-36.575928,0.5307432,0.29217294
986,1,-65.0035,-8.226722,-2.4011407,-34.960594,-0.5845065,0.24328913
987,1,-85.21997,5.7802253,3.5079682,-10.653378,-2.1972945,0.11690049
988,1,106.24625,21.13885,10.762246,-9.187683,4.944866,0.039073244
989,1,63.0996,-16.541739,-5.734433,-40.443832,3.4926724,-0.15284948
990,1,34.200367,9.464743,5.5311675,-38.060543,2.6060748,-0.11483733
991,1,-4.852132,-10.092103,-2.8358884,-55.124573,1.8214191,0.09708106
992,1,-34.185745,7.0344005,3.8673692,-38.25366,0.8987903,0.16449235
993,1,-65.631836,-7.8309045,-2.5299728,-35.970646,-0.38149318,0.20509873
994,1,-86.64259,5.196665,2.1115177,-11.030006,-1.6856238,0.0853912
995,1,101.29214,19.084555,7.4503827,-10.774619,2.8352208,-0.26267695
996,1,58.94902,-15.10753,-5.011931,-42.231438,1.1767471,0.02059502
997,1,29.542665,8.864798,4.0910873,-41.625668,0.9642726,-0.018965187
998,1,-8.007826,-9.228821,-3.0648339,-57.657677,0.9623741,-0.1459064
999,1,-37.428825,6.3800054,3.260739,-41.53744,0.31652847,0.19377515
1000,1,-68.71181,-7.038624,-2.9436395,-38.295864,0.28394,-0.022571532
1001,1,-89.20119,4.847398,2.818636,-12.364309,-1.4055889,0.01555116
1002,1,124.86044,-14.447231,-5.322176,-15.444704,-1.0676813,-0.10627548
1003,1,78.01966,12.487761,4.7387466,-30.000277,-1.203218,0.1522909
1004,1,32.051918,-9.667187,-3.687128,-55.098713,-0.62025917,0.0829746
1005,1,-6.792367,9.218086,3.6491392,-44.69351,-0.34590623,-0.055597432
1006,1,-48.965313,-8.263906,-3.5262682,-52.96812,-0.35201684,0.13411728
1007,1,-83.7107,9.231727,3.8794768,-30.915596,0.5003915,-0.08577762
1008,1,-116.44391,-7.9177647,-3.8713093,-15.1657,0.43224537,-0.0076592234
1009,1,129.68044,-15.935816,-5.9875817,-14.668232,-4.398866,0.17199904
1010,1,83.170425,13.527523,6.3732824,-26.930897,-2.477429,0.13566013
1011,1,36.35996,-10.652894,-3.8845162,-53.037487,-1.6928229,0.112145066
1012,1,-2.0776558,9.899144,4.5462165,-41.172565,-0.97514665,0.07928744
1013,1,-44.900417,-9.388765,-3.531437,-50.739223,-0.24112074,-0.017305456
1014,1,-79.96649,10.141617,4.1915965,-28.02284,0.5040964,-0.037981253
1015,1,-112.52436,-8.645898,-2.8645072,-14.1398535,2.6389635,-0.020852719
1016,1,130.04303,-15.747431,-4.049082,-14.152164,-4.4341884,0.02073897
1017,1,83.3217,13.57977,6.9372196,-25.638395,-3.0894732,0.12183485
1018,1,37.065945,-10.936406,-3.155598,-51.53991,-1.8980523,0.13203517
1019,1,-1.5749341,10.099257,5.266291,-39.22375,-0.9903542,0.012809709
1020,1,-44.05805,-9.765818,-3.1636968,-49.260483,-1.5263455e-05,-0.037489533
1021,1,-78.63698,10.557301,4.945981,-26.727858,1.1815535,-0.09918584
1022,1,-111.5304,-9.279038,-3.2424428,-13.754201,2.1266663,-0.034338947
1023,1,128.94376,-15.924513,-3.733218,-14.020585,-3.6692584,0.08039865
1024,1,82.95827,13.557107,7.8417773,-25.074461,-2.5426197,0.09840397
1025,1,36.35702,-10.859719,-2.5086684,-50.571278,-1.5702044,0.062341858
1026,1,-1.9158449,10.026622,5.75239,-38.386234,-0.61529267,0.0074238153
1027,1,-44.275692,-9.594039,-2.6187973,-48.347054,0.23127964,-0.057299603
1028,1,-78.89247,10.371084,5.2998157,-26.15236,1.0745015,-0.083169945
1029,1,-110.96714,-8.979961,-2.3548439,-13.518432,2.3025284,-0.046052147
1030,1,128.79936,-15.705025,-2.7104309,-13.787388,-2.4914684,0.013929588
1031,1,82.25862,13.492878,8.2617855,-24.772736,-1.7148774,0.035822395
1032,1,36.16209,-10.737617,-2.0510514,-50.136543,-1.0200287,0.04250721
1033,1,-2.3485613,10.008611,6.115319,-37.95115,-0.40587404,-0.0080225095
1034,1,-44.679924,-9.477103,-2.2307475,-47.879528,0.24976581,-0.042263746
1035,1,-79.02645,10.328526,5.6371245,-25.861847,0.87983394,-0.05731139
1036,1,-111.85193,-8.932851,-1.9835652,-13.341835,1.390791,-0.014193297
1037,1,128.04657,-15.764948,-2.5386918,-13.814325,-1.2249987,0.010811715
1038,1,82.34264,13.507452,8.598586,-24.68564,-0.8798502,0.013758779
1039,1,35.80723,-10.678032,-1.7734782,-49.872753,-0.52666456,0.011796613
1040,1,-2.6025972,10.004736,6.313849,-37.79783,-0.17519808,-0.0051147263
1041,1,-44.918694,-9.377713,-1.9902791,-47.63818,0.13680463,-0.020843245
1042,1,-79.415375,10.262158,5.859385,-25.735441,0.44403383,-0.030113643
1043,1,-111.37726,-8.819956,-1.7047638,-13.3175535,0.8159997,-0.01640982
1044,1,128.35944,-15.672709,-2.273076,-13.722779,-0.0006606812,-0.00026760218
1045,1,81.90846,13.470379,8.680608,-24.625154,-0.0005893496,4.674523e-05
1046,1,35.819077,-10.651952,-1.6880703,-49.85028,-0.0002999425,-0.00040081592
1047,1,-2.7014496,10.014712,6.3937945,-37.71968,-9.157155e-05,-7.793881e-05
1048,1,-45.018204,-9.368429,-1.9159784,-47.592537,0.00017757372,-0.00037809843
1049,1,-79.30159,10.287144,5.9088097,-25.68533,0.00046913623,-3.3133e-05
1050,1,-112.06657,-8.843143,-1.584691,-13.25044,0.0007571182,-0.00022150783
1051,1,128.0458,-15.767088,-2.5395193,-13.814434,1.223324,-0.011112819
1052,1,82.3421,13.509167,8.599274,-24.685009,0.8788242,-0.0138108125
1053,1,35.806892,-10.679385,-1.7739762,-49.873226,0.5260594,-0.012445727
1054,1,-2.6023352,10.00563,6.314213,-37.796917,0.17503566,0.0048559606
1055,1,-44.918377,-9.37842,-1.9905422,-47.638577,-0.13645624,0.020206852
1056,1,-79.41464,10.262578,5.859565,-25.73488,-0.4430902,0.029969616
1057,1,-111.37634,-8.820157,-1.7048018,-13.317678,-0.81429386,0.01613629
1058,1,128.7978,-15.709102,-2.7120655,-13.787634,2.4902058,-0.014067399
1059,1,82.25746,13.496228,8.263191,-24.771448,1.7138346,-0.036027905
1060,1,36.161514,-10.740305,-2.0520897,-50.137486,1.019437,-0.04293479
1061,1,-2.3481266,10.01039,6.116102,-37.949356,0.40578973,0.007640246
1062,1,-44.679302,-9.478542,-2.231317,-47.880283,-0.24942046,0.04184357
1063,1,-79.025055,10.329411,5.6375265,-25.860754,-0.8788565,0.057028238
1064,1,-111.850174,-8.933311,-1.9836026,-13.342071,-1.3892936,0.014025736
1065,1,128.94153,-15.930559,-3.7356238,-14.021004,3.667865,-0.08051203
1066,1,82.95653,13.562025,7.8438444,-25.072525,2.5417297,-0.09857326
1067,1,36.356037,-10.863725,-2.5101712,-50.572704,1.5697148,-0.062681444
1068,1,-1.9152138,10.029258,5.7535524,-38.38354,0.6152258,-0.007751368
1069,1,-44.274902,-9.596215,-2.6196263,-48.348206,-0.23089506,0.056970183
1070,1,-78.890564,10.372424,5.3004103,-26.150696,-1.0735418,0.08293642
1071,1,-110.96467,-8.98075,-2.355077,-13.518819,-2.3008862,0.045989443
1072,1,130.04008,-15.755931,-4.0523787,-14.152695,4.4331155,-0.020805685
1073,1,83.31948,13.586771,6.9401135,-25.63575,3.088718,-0.121928446
1074,1,37.064774,-10.942157,-3.1577544,-51.541946,1.8976692,-0.13232245
1075,1,-1.5742377,10.103057,5.267999,-39.219975,0.990381,-0.013021006
1076,1,-44.0572,-9.769011,-3.164911,-49.26213,0.00036805987,0.037239134
1077,1,-78.634766,10.55929,4.9468675,-26.72554,-1.1806417,0.0990334
1078,1,-111.52751,-9.280175,-3.2426767,-13.754701,-2.1252954,0.03422255
1079,1,129.67767,-15.947115,-5.9920254,-14.668946,4.398189,-0.17207424
1080,1,83.168106,13.536772,6.3771577,-26.927465,2.4768589,-0.13565722
1081,1,36.358673,-10.660389,-3.8874013,-53.03996,1.6925628,-0.112334885
1082,1,-2.076606,9.903956,4.548368,-41.167816,0.9751958,-0.07940787
1083,1,-44.899612,-9.392679,-3.5329003,-50.741108,0.24139862,0.017153613
1084,1,-79.9641,10.143815,4.192578,-28.01989,-0.50342983,0.037911557
1085,1,-112.52124,-8.647026,-2.864939,-14.140469,-2.6378314,0.020863794
1086,1,124.857735,-14.4601555,-5.3275857,-15.445262,1.0669597,0.10626349
1087,1,78.01738,12.498129,4.7429767,-29.99638,1.2032043,-0.1523198
1088,1,32.050888,-9.675509,-3.6901934,-55.100903,0.6200864,-0.08302113
1089,1,-6.7912416,9.223063,3.6512787,-44.688168,0.3459212,0.055589974
1090,1,-48.964546,-8.267636,-3.5276322,-52.96961,0.35216027,-0.13420744
1091,1,-83.70844,9.233264,3.8801966,-30.91219,-0.5002279,0.0858125
1092,1,-116.441055,-7.9178514,-3.8711984,-15.166109,-0.4316132,0.007590746
1093,1,149.95955,10.712862,4.2001047,-11.557983,-2.1061018,0.11013892
1094,1,93.56632,-9.31784,-3.6604486,-40.771923,-0.3189087,-0.0020160528
1095,1,41.36642,10.220532,3.7030122,-41.08158,-0.51519877,0.071551286
1096,1,-10.158964,-8.433962,-3.6210344,-58.94601,-0.18316993,0.1398811
1097,1,-56.129963,11.288186,4.206762,-40.447315,0.23374298,-0.07137406
1098,1,-100.79048,-10.682562,-4.6887712,-39.583485,-0.10641253,0.10121063
1099,1,-142.39287,11.866197,5.3417263,-11.499694,1.8936201,-0.014820608
1100,1,154.51117,11.691159,5.4904604,-10.171686,-3.0610466,0.001307298
1101,1,98.147224,-10.2459545,-3.853761,-38.971504,-1.9361968,0.19075683
1102,1,46.59839,10.9298935,4.7167234,-37.619064,-0.9199766,0.18545438
1103,1,-5.534641,-9.571844,-3.8147137,-56.917946,-0.3446325,0.15494241
1104,1,-51.241722,12.314167,5.038969,-37.080032,0.26548773,0.08622332
1105,1,-96.19933,-12.168383,-4.731646,-37.705025,1.2877148,0.009028821
1106,1,-138.22865,13.011201,5.0347967,-10.193038,2.087085,-0.01217321
1107,1,155.4305,11.542632,5.8973174,-9.80355,-3.8077571,0.13464099
1108,1,99.24869,-10.398216,-2.9190962,-37.85802,-2.2132194,0.23648651
1109,1,47.412525,11.046339,5.432878,-35.778557,-1.1690838,0.21611811
1110,1,-4.3854814,-9.965751,-3.2968125,-55.43557,-0.19589795,0.19893394
1111,1,-50.209568,12.61846,5.7129955,-35.249573,0.6511708,0.08628911
1112,1,-94.99269,-12.67833,-4.511855,-36.60945,1.5653507,0.029636163
1113,1,-135.9773,13.686747,6.1995044,-9.769974,3.2348568,-0.033201482
1114,1,154.72481,11.662856,7.2804418,-9.506809,-2.9461877,0.05728576
1115,1,98.59226,-10.381355,-2.2409484,-37.22642,-1.9329157,0.20975581
1116,1,47.101173,10.940312,6.0733123,-35.07598,-0.9497129,0.23456424
1117,1,-4.956142,-9.864202,-2.6347983,-54.37845,-0.10008333,0.18469983
1118,1,-50.574852,12.443275,6.1963277,-34.505222,0.76999784,0.101837575
1119,1,-95.07354,-12.454296,-3.919193,-35.909622,1.6541106,0.039389234
1120,1,-136.55301,13.378245,6.459301,-9.465977,2.3328996,0.015086133
1121,1,153.94801,11.516144,7.703412,-9.503586,-2.02952,0.073036835
1122,1,98.289375,-10.314702,-1.5733151,-36.91086,-1.3214785,0.16617677
1123,1,46.53382,10.905953,6.555523,-34.6906,-0.6577707,0.1694436
1124,1,-5.331385,-9.76287,-2.1921134,-53.911533,-0.0006129191,0.15497787
1125,1,-51.10955,12.385493,6.5667067,-34.106945,0.57919484,0.09311229
1126,1,-95.60867,-12.32857,-3.4457662,-35.52199,1.1720706,0.044312067
1127,1,-136.10493,13.281055,6.7733417,-9.419963,1.9140902,-0.007847734
1128,1,153.66127,11.581156,8.350487,-9.385982,-1.0094643,0.02551077
1129,1,97.83754,-10.287596,-1.2317983,-36.744152,-0.6660818,0.0817452
1130,1,46.3716,10.898071,6.826164,-34.580822,-0.32632846,0.0964464
1131,1,-5.693704,-9.682518,-1.8899264,-53.644367,-0.0052191042,0.083998
1132,1,-51.367676,12.350314,6.7807775,-33.96919,0.32037142,0.05256095
1133,1,-95.688095,-12.2117815,-3.2175338,-35.327606,0.6223048,0.033390675
1134,1,-136.8367,13.176352,7.0303197,-9.284553,0.85674274,0.014913299
1135,1,153.33453,11.502833,8.347174,-9.447313,-0.00076720613,0.00019951732
1136,1,97.89057,-10.261114,-1.0794629,-36.722908,-0.0003893437,-0.0004274412
1137,1,46.16977,10.898968,6.9399486,-34.50595,-0.00031018144,-1.7237124e-05
1138,1,-5.734982,-9.6643095,-1.8189018,-53.611237,-5.442131e-05,-0.00047316114
1139,1,-51.505436,12.36016,6.8621626,-33.894745,9.735279e-05,-6.0265716e-05
1140,1,-95.884674,-12.214856,-3.096606,-35.287014,0.00038922642,-0.00034603497
1141,1,-136.18883,13.1893635,7.0020742,-9.343466,0.0007642382,0.000119376906
1142,1,153.66039,11.582854,8.351043,-9.385773,1.0082756,-0.02540219
1143,1,97.83689,-10.289022,-1.2323517,-36.744392,0.665186,-0.082361534
1144,1,46.371468,10.89921,6.8265667,-34.579983,0.3257872,-0.09665253
1145,1,-5.6936936,-9.683425,-1.890286,-53.64479,0.005085036,-0.08476557
1146,1,-51.367077,12.351061,6.781035,-33.968327,-0.3201282,-0.052796498
1147,1,-95.68734,-12.212406,-3.2177746,-35.327927,-0.62152755,-0.033953093
1148,1,-136.83568,13.176851,7.0305853,-9.284346,-0.8554167,-0.01487319
1149,1,153.94623,11.519376,7.704663,-9.503079,2.0281596,-0.073129304
1150,1,98.288155,-10.317535,-1.5745282,-36.911373,1.320683,-0.16651672
1151,1,46.53342,10.908239,6.556443,-34.688957,0.6573101,-0.16982184
1152,1,-5.3313007,-9.7647085,-2.1929073,-53.912327,0.00047709316,-0.15546869
1153,1,-51.108456,12.386993,6.567288,-34.105286,-0.5788819,-0.09350362
1154,1,-95.6072,-12.32985,-3.446297,-35.522587,-1.1713014,-0.044622686
1155,1,-136.10297,13.2820835,6.773791,-9.419572,-1.9125453,0.007790584
1156,1,154.72205,11.667556,7.2821336,-9.506052,2.9450667,-0.05733869
1157,1,98.59039,-10.385484,-2.2426052,-37.22722,1.932192,-0.2100329
1158,1,47.100597,10.943659,6.074647,-35.073505,0.9493,-0.23487288
1159,1,-4.9561434,-9.866948,-2.6359353,-54.37967,0.10003543,-0.1850827
1160,1,-50.573326,12.445514,6.1971993,-34.502724,-0.7696465,-0.102153085
1161,1,-95.07157,-12.456249,-3.919993,-35.910553,-1.6532937,-0.0396314
1162,1,-136.55023,13.379918,6.460159,-9.465352,-2.3315437,-0.015215761
1163,1,155.4272,11.549381,5.89999,-9.802514,3.8067899,-0.13468137
1164,1,99.24633,-10.40416,-2.9214928,-37.85915,2.2126122,-0.2366855
1165,1,47.41174,11.05117,5.4348474,-35.77512,1.16879,-0.21630253
1166,1,-4.3855247,-9.969781,-3.298447,-55.437347,0.19588964,-0.19922327
1167,1,-50.207874,12.621737,5.714316,-35.246117,-0.65078586,-0.08648896
1168,1,-94.99048,-12.681224,-4.5130105,-36.61077,-1.5645949,-0.029803935
1169,1,-135.97412,13.689086,6.200436,-9.76915,-3.2334244,0.03321405
1170,1,154.50742,11.700117,5.493799,-10.170382,3.0600634,-0.0012965247
1171,1,98.14475,-10.25385,-3.8568838,-38.97288,1.9358047,-0.1908953
1172,1,46.597637,10.936213,4.719325,-37.614758,0.91975623,-0.18552886
1173,1,-5.53479,-9.5770035,-3.8167796,-56.919994,0.34462845,-0.15513013
1174,1,-51.239864,12.318118,5.0406103,-37.075775,-0.26521415,-0.08630295
1175,1,-96.197205,-12.171696,-4.733003,-37.706535,-1.2871459,-0.009117337
1176,1,-138.22528,13.01382,5.036111,-10.191991,-2.086043,0.0121021485
1177,1,149.95612,10.723254,4.2046213,-11.556484,2.1060042,-0.110126875
1178,1,93.564156,-9.326806,-3.6640801,-40.77291,0.31854835,0.0020150787
1179,1,41.36576,10.2274065,3.7057896,-41.076874,0.5151944,-0.0715798
1180,1,-10.158891,-8.439301,-3.6230757,-58.94758,0.18312703,-0.1399467
1181,1,-56.12816,11.291792,4.208209,-40.442707,-0.23366025,0.07139447
1182,1,-100.78858,-10.685069,-4.689728,-39.584522,0.106696926,-0.1012677
1183,1,-142.38977,11.867571,5.342084,-11.498531,-1.8933623,0.014906666
1184,1,175.60468,-6.886556,-2.658527,-15.949365,-0.7142578,-0.05070602
1185,1,111.15533,8.125284,3.1431828,-30.9086,-0.80843425,0.11555392
1186,1,47.391632,-7.350407,-3.1687617,-55.06358,0.05533407,0.096096866
1187,1,-8.99795,10.814558,3.9250035,-43.560646,0.02536857,0.03755611
1188,1,-65.69301,-10.887456,-4.6244416,-54.31555,0.11575529,0.16241053
1189,1,-116.9352,14.82042,5.9144416,-28.672508,0.99933976,-0.09090071
1190,1,-168.21443,-15.891351,-7.02491,-14.871752,0.2668236,0.017174358
1191,1,179.88597,-7.4459906,-2.5000234,-15.039242,-3.1433647,0.13102649
1192,1,115.94249,8.682198,4.004889,-27.818943,-1.0816408,0.19390136
1193,1,52.158672,-8.263712,-3.164281,-53.13752,-0.3636599,0.31086144
1194,1,-3.4691346,11.629398,4.9328823,-39.91132,0.38205424,0.22612211
1195,1,-60.63941,-12.560867,-4.9783936,-52.580235,0.9623225,0.17134878
1196,1,-111.787056,16.482857,6.8267503,-25.735806,1.453114,0.028857192
1197,1,-162.62178,-17.74935,-6.613922,-14.1029415,3.562368,-0.017575378
1198,1,180.80571,-7.3801484,-1.3709729,-14.662366,-2.6850035,0.1325449
1199,1,116.9858,8.664055,4.7638373,-26.569704,-1.5627515,0.34442228
1200,1,53.305824,-8.581974,-2.482273,-51.772404,-0.32849264,0.41489336
1201,1,-2.717499,11.837208,5.7371135,-37.991188,0.5502148,0.34874633
1202,1,-59.585663,-13.097431,-4.4570704,-51.192448,1.448523,0.22773993
1203,1,-110.548874,16.96991,7.577355,-24.429459,2.460697,0.07760864
1204,1,-161.32524,-18.436554,-6.5679173,-13.663096,3.1199145,0.054299586
1205,1,180.19984,-7.4586563,-0.5441315,-14.482483,-2.4157596,0.17669806
1206,1,116.583046,8.60592,5.617077,-26.10159,-1.2757593,0.35877398
1207,1,52.763847,-8.526334,-1.7032044,-50.913704,-0.35795164,0.4302878
1208,1,-3.2180712,11.675038,6.329148,-37.29274,0.5665141,0.37072292
1209,1,-60.41621,-12.8975315,-3.7609243,-50.250927,1.3802339,0.2845704
1210,1,-111.17188,16.70364,8.155198,-23.862917,2.1584823,0.1297448
1211,1,-160.88777,-18.14831,-5.9048676,-13.456375,3.3306878,0.016980832
1212,1,179.32907,-7.3759303,0.5399773,-14.327831,-1.5321901,0.11092671
1213,1,116.01179,8.598452,6.241033,-25.904873,-0.91096133,0.28010055
1214,1,52.368763,-8.472828,-1.1683307,-50.56092,-0.23375735,0.3541653
1215,1,-3.8975363,11.638956,6.8171306,-36.94903,0.39232555,0.31543022
1216,1,-60.90237,-12.763888,-3.265223,-49.836273,1.0207378,0.2391908
1217,1,-111.62982,16.589735,8.4544115,-23.594381,1.5869576,0.14741917
1218,1,-161.6035,-17.916645,-5.293716,-13.203017,2.022089,0.07771287
1219,1,178.84628,-7.4166064,0.93908715,-14.340996,-0.78004074,0.0715387
1220,1,115.71204,8.587697,6.671709,-25.855116,-0.45212516,0.15756133
1221,1,52.006798,-8.402302,-0.79502296,-50.371906,-0.12046992,0.19428511
1222,1,-4.147497,11.617979,7.0576715,-36.86832,0.21533498,0.17747697
1223,1,-61.34754,-12.653597,-2.9668171,-49.602245,0.51991343,0.14707474
1224,1,-111.88859,16.510069,8.722074,-23.496479,0.80517215,0.08501262
1225,1,-160.98029,-17.825632,-5.237422,-13.232047,1.1299182,0.024089353
1226,1,178.62042,-7.361472,1.2789409,-14.275665,-0.0004476731,-0.00043909918
1227,1,115.55517,8.594787,6.7977657,-25.822937,-0.00045372944,9.197487e-05
1228,1,51.954735,-8.396136,-0.70073295,-50.363297,-0.00016960345,-0.0005883591
1229,1,-4.35145,11.632386,7.1787333,-36.805004,-0.00017930388,-6.0243307e-05
1230,1,-61.36353,-12.63807,-2.8774643,-49.586155,9.839879e-05,-0.0005019262
1231,1,-111.95402,16.511997,8.7399235,-23.439146,0.0002465154,4.613415e-06
1232,1,-161.53151,-17.787802,-5.024037,-13.104693,0.0005235934,-0.00029015148
1233,1,178.84528,-7.4179254,0.93854415,-14.340988,0.7788937,-0.07199498
1234,1,115.711525,8.588847,6.672017,-25.854527,0.45141265,-0.15767507
1235,1,52.006435,-8.403232,-0.795402,-50.37223,0.120038204,-0.1951833
1236,1,-4.1472178,11.618874,7.057906,-36.86735,-0.21558201,-0.17777643
1237,1,-61.347088,-12.654358,-2.9671648,-49.602615,-0.5197673,-0.14788705
1238,1,-111.88751,16.51092,8.722351,-23.49579,-0.8046326,-0.08513052
1239,1,-160.97922,-17.826462,-5.2377486,-13.232185,-1.1286687,-0.024416924
1240,1,179.32704,-7.378445,0.5386167,-14.327975,1.5312644,-0.11107008
1241,1,116.01056,8.600791,6.2419267,-25.903664,0.91029143,-0.28047404
1242,1,52.36815,-8.474763,-1.1692598,-50.56151,0.23333696,-0.35470062
1243,1,-3.8971312,11.64077,6.817747,-36.947216,-0.39246136,-0.3159314
1244,1,-60.901436,-12.765416,-3.2659945,-49.836914,-1.0205741,-0.23966904
1245,1,-111.6278,16.591427,8.45502,-23.59309,-1.5863241,-0.14774048
1246,1,-161.60136,-17.918299,-5.294294,-13.203251,-2.0210397,-0.07788488
1247,1,180.19685,-7.462213,-0.54564494,-14.482661,2.4149044,-0.17685267
1248,1,116.58122,8.609262,5.618238,-26.09976,1.275155,-0.3590396
1249,1,52.76285,-8.529157,-1.704464,-50.914623,0.3576461,-0.43071508
1250,1,-3.217473,11.677693,6.3300624,-37.290012,-0.5665839,-0.3711139
1251,1,-60.415043,-12.899834,-3.7620358,-50.25196,-1.3799747,-0.2849394
1252,1,-111.16904,16.706205,8.156135,-23.860964,-2.1577866,-0.12998165
1253,1,-160.88487,-18.15095,-5.906002,-13.456793,-3.329382,-0.017011218
1254,1,180.80182,-7.385398,-1.3734583,-14.662661,2.6841578,-0.13262942
1255,1,116.98352,8.668931,4.7657413,-26.567188,1.5622876,-0.34459302
1256,1,53.30454,-8.586142,-2.48408,-51.773777,0.3282686,-0.4152033
1257,1,-2.716901,11.841091,5.738539,-37.98741,-0.550186,-0.3489929
1258,1,-59.5844,-13.100898,-4.458635,-51.19401,-1.4482182,-0.22799107
1259,1,-110.54577,16.973656,7.5787506,-24.426819,-2.4599264,-0.07774302
1260,1,-161.32198,-18.440245,-6.5691843,-13.663635,-3.1188118,-0.05443672
1261,1,179.88182,-7.4530015,-2.5026815,-15.039585,3.1428566,-0.13107605
1262,1,115.939896,8.688724,4.007371,-27.81582,1.0812224,-0.1939488
1263,1,52.157234,-8.269261,-3.1665885,-53.1391,0.36351684,-0.31105563
1264,1,-3.4685297,11.634346,4.934794,-39.906754,-0.38201028,-0.22622554
1265,1,-60.63837,-12.565119,-4.980251,-52.581963,-0.9620759,-0.17151058
1266,1,-111.78392,16.48715,6.828506,-25.732655,-1.4525758,-0.028885284
1267,1,-162.61864,-17.753593,-6.6158667,-14.103596,-3.561392,0.017635945
1268,1,175.60088,-6.894936,-2.6623552,-15.949501,0.71371144,0.050698273
1269,1,111.15304,8.132718,3.1462834,-30.905207,0.80843294,-0.11558645
1270,1,47.390617,-7.3564916,-3.171245,-55.064625,-0.05550176,-0.09612935
1271,1,-8.997326,10.819564,3.9269075,-43.55588,-0.025300777,-0.037580054
1272,1,-65.69185,-10.891203,-4.625953,-54.316628,-0.11568767,-0.16247869
1273,1,-116.93225,14.823701,5.9156237,-28.669277,-0.99921167,0.09096077
1274,1,-168.21156,-15.894013,-7.025634,-14.872133,-0.2662843,-0.017282361
1275,1,202.9772,3.5776281,1.686117,-12.371813,-1.7169358,0.084708385
1276,1,126.12512,-4.812838,-2.0155137,-41.598377,0.17658748,0.061833136
1277,1,57.077297,7.747564,3.0800352,-40.41525,-0.09786683,0.19982836
1278,1,-10.634999,-9.254717,-3.666214,-59.597607,0.5570925,0.16989821
1279,1,-72.22699,13.874206,5.3479767,-38.467777,0.7015515,-0.051284797
1280,1,-134.53972,-17.181822,-6.9107256,-40.078472,0.22103697,0.14314148
1281,1,-191.83542,21.16048,9.138632,-10.077485,2.547948,-0.09108345
1282,1,206.91675,3.6863053,2.170207,-10.8633375,-1.9755993,0.11946641
1283,1,130.44142,-5.2779264,-1.444203,-39.61393,-0.69895154,0.40583545
1284,1,62.378513,8.205506,3.996891,-36.81117,0.50688,0.43223098
1285,1,-5.7354794,-10.624979,-3.7069771,-57.792343,1.1643941,0.4536044
1286,1,-66.13288,15.227054,6.877218,-34.815212,1.8172449,0.18405466
1287,1,-128.74155,-19.79938,-7.512168,-38.788193,2.638231,0.043690816
1288,1,-185.96794,23.745129,10.086011,-8.727553,2.8909204,-0.0051063085
1289,1,207.77379,3.586375,3.3100917,-10.509721,-2.2646768,0.23943949
1290,1,131.1939,-5.398631,-0.56320024,-38.685272,-0.68878603,0.57679987
1291,1,62.96107,8.238903,4.9810715,-35.0771,0.4416835,0.6666505
1292,1,-5.2225504,-11.098411,-2.9831066,-56.542942,1.5375912,0.60764605
1293,1,-66.24857,15.603701,7.8173847,-33.02342,2.420798,0.4149974
1294,1,-128.25427,-20.43689,-6.6900225,-37.69546,3.282942,0.1664102
1295,1,-184.05815,24.42031,11.187822,-8.355948,4.7980413,-0.04890446
1296,1,206.84232,3.6278448,4.638854,-10.3216915,-1.5762978,0.2275964
1297,1,130.85536,-5.3718734,0.39317283,-38.214863,-0.6995797,0.6054879
1298,1,62.413193,8.134424,5.7096357,-34.615105,0.31233895,0.7074529
1299,1,-6.1870313,-10.988464,-2.1397848,-55.652237,1.2551552,0.6784634
1300,1,-67.227066,15.397308,8.495831,-32.540222,2.1587543,0.47091153
1301,1,-129.44748,-20.096571,-5.9819393,-37.01927,2.9654384,0.3031728
1302,1,-185.24501,24.120155,12.138894,-7.996069,3.507511,0.12251918
1303,1,206.14075,3.6247156,5.6020794,-10.353097,-1.1106668,0.19801314
1304,1,130.247,-5.355162,1.1539202,-38.047977,-0.46965495,0.49067613
1305,1,61.861187,8.1478815,6.3297567,-34.43997,0.19895336,0.577072
1306,1,-6.687215,-10.880483,-1.6237823,-55.384117,0.87579036,0.5615582
1307,1,-68.17995,15.325122,8.938029,-32.300053,1.486024,0.4434349
1308,1,-129.91484,-19.86175,-5.321844,-36.716152,2.0541434,0.28067863
1309,1,-184.67133,23.81765,12.054292,-8.071369,2.6069493,0.06458538
1310,1,205.32312,3.6680532,6.431385,-10.307744,-0.51205397,0.10020832
1311,1,129.95483,-5.3008337,1.6445494,-38.006348,-0.23766461,0.2664414
1312,1,61.502026,8.141184,6.660006,-34.458244,0.09969768,0.32619828
1313,1,-7.1316633,-10.791365,-1.2572343,-55.239,0.4497094,0.32185954
1314,1,-68.41884,15.297052,9.190815,-32.318104,0.7764321,0.25328118
1315,1,-130.3296,-19.727695,-5.108186,-36.555534,1.0461152,0.18323635
1316,1,-185.03087,23.726044,12.381874,-7.884952,1.2308984,0.07267918
1317,1,205.32579,3.6368113,6.5496774,-10.362231,-0.0005141807,0.00036007844
1318,1,129.76367,-5.304313,1.8220886,-38.01225,-0.000177398,-0.00071785215
1319,1,61.39168,8.164027,6.8100204,-34.440845,-0.00035509712,-8.051962e-06
1320,1,-7.2071834,-10.775682,-1.1752435,-55.2613,-5.0995975e-05,-0.00071069115
1321,1,-68.74724,15.293582,9.2860775,-32.266556,-0.0001703152,-7.694506e-05
1322,1,-130.29382,-19.695791,-4.9560227,-36.560272,0.0001579913,-0.000461306
1323,1,-184.53996,23.680891,12.206418,-8.023723,0.0004708685,0.00016842199
1324,1,205.32204,3.6690443,6.4314165,-10.307612,0.5113421,-0.100089096
1325,1,129.95412,-5.3016663,1.6442376,-38.006462,0.23710361,-0.26740652
1326,1,61.501995,8.142072,6.6601267,-34.45745,-0.10019148,-0.32652667
1327,1,-7.13181,-10.791954,-1.2575628,-55.23934,-0.44993305,-0.32298276
1328,1,-68.41796,15.29802,9.190986,-32.31699,-0.77661407,-0.25360996
1329,1,-130.3285,-19.728691,-5.1086664,-36.55584,-1.0458343,-0.18395907
1330,1,-185.02953,23.727291,12.382353,-7.884636,-1.2301191,-0.07262328
1331,1,206.13832,3.6266308,5.602784,-10.352571,1.1099604,-0.198256
1332,1,130.24573,-5.3569803,1.1528654,-38.04823,0.4691367,-0.4911586
1333,1,61.86087,8.14978,6.330351,-34.43852,-0.19928873,-0.5776933
1334,1,-6.6873994,-10.881726,-1.624626,-55.38463,-0.87601864,-0.56223005
1335,1,-68.17838,15.327011,8.938517,-32.298027,-1.4860492,-0.44399458
1336,1,-129.9126,-19.863684,-5.322864,-36.716656,-2.0538275,-0.2810305
1337,1,-184.66878,23.820068,12.055147,-8.070822,-2.605888,-0.064662874
1338,1,206.8387,3.630437,4.639282,-10.321001,1.5755687,-0.2277043
1339,1,130.85335,-5.374415,0.3920017,-38.21526,0.6992238,-0.6059205
1340,1,62.412754,8.137125,5.7104354,-34.612907,-0.31263015,-0.70791113
1341,1,-6.1874385,-10.990288,-2.1409395,-55.653084,-1.2552387,-0.67899835
1342,1,-67.22476,15.400082,8.496581,-32.537197,-2.1586342,-0.4713181
1343,1,-129.44455,-20.099527,-5.983442,-37.02015,-2.9649398,-0.30343497
1344,1,-185.2413,24.123987,12.140439,-7.9951735,-3.5065486,-0.122682594
1345,1,207.76924,3.5903356,3.311584,-10.508716,2.2642534,-0.23954298
1346,1,131.19127,-5.402427,-0.56503063,-38.685925,0.6884464,-0.5770813
1347,1,62.960487,8.242862,4.982417,-35.074028,-0.44182503,-0.66694564
1348,1,-5.2231727,-11.10132,-2.984722,-56.544308,-1.5375433,-0.6080107
1349,1,-66.24608,15.607784,7.8186593,-33.01934,-2.4205005,-0.41524807
1350,1,-128.25102,-20.441286,-6.6920595,-37.696796,-3.2823455,-0.16657034
1351,1,-184.0542,24.425621,11.189621,-8.354848,-4.7967253,0.048970144
1352,1,206.91142,3.6916978,2.171827,-10.862151,1.9749843,-0.119489364
1353,1,130.43858,-5.283104,-1.4463313,-39.614697,0.6988103,-0.40599424
1354,1,62.377663,8.210771,3.998759,-36.807423,-0.5069391,-0.43238148
1355,1,-5.7363987,-10.628912,-3.7089193,-57.793858,-1.1643127,-0.45383102
1356,1,-66.130516,15.232012,6.878956,-34.81051,-1.8169634,-0.18412411
1357,1,-128.73875,-19.804453,-7.514526,-38.78966,-2.637642,-0.043782283
1358,1,-185.9643,23.751257,10.08881,-8.726242,-2.8900228,0.00499826
1359,1,202.9723,3.5843518,1.6892366,-12.370528,1.7169163,-0.08470846
1360,1,126.12283,-4.818924,-2.0182354,-41.59865,-0.17678785,-0.061837148
1361,1,57.076572,7.753303,3.0822203,-40.411438,0.09794211,-0.19990072
1362,1,-10.63556,-9.258575,-3.66803,-59.598377,-0.5571473,-0.1699495
1363,1,-72.22479,13.878593,5.3494434,-38.46318,-0.7013756,0.051300682
1364,1,-134.53694,-17.185522,-6.912165,-40.07919,-0.22079979,-0.14322247
1365,1,-191.83203,21.16454,9.1398,-10.076271,-2.5477452,0.09123917
1366,1,230.44298,-0.15514268,-0.17518611,-16.563272,-0.34718668,0.05462716
1367,1,143.629,2.7984743,1.8171828,-31.226639,-0.17217879,0.29366618
1368,1,62.32071,-6.5198746,-2.2554612,-54.088356,0.87538344,0.20044915
1369,1,-5.2603545,8.068384,4.031692,-41.657413,0.7144296,0.2626361
1370,1,-81.74061,-15.529255,-5.382789,-56.608013,1.2072086,0.21316075
1371,1,-149.95345,21.07988,8.623035,-26.089731,1.8829409,-0.27863044
1372,1,-216.12051,-27.311367,-11.216015,-15.221489,0.2757896,0.05714367
1373,1,233.84978,0.13148032,1.3441437,-15.51842,-1.8563143,0.27706075
1374,1,147.64845,2.8724203,2.4196486,-27.93946,0.270176,0.6334153
1375,1,66.33566,-7.312872,-1.5363953,-51.979652,1.3629284,0.8528902
1376,1,0.407805,8.551932,5.4268913,-37.716766,2.421907,0.6301762
1377,1,-76.889496,-17.927586,-5.7269073,-55.26319,3.1375918,0.48277846
1378,1,-143.13751,23.780169,11.308786,-22.657606,3.6315353,-0.041551
1379,1,-208.49228,-31.231716,-11.365347,-14.873825,5.505053,-0.14958033
1380,1,233.8511,0.20728344,2.5494618,-15.263527,-1.2294011,0.39690694
1381,1,148.15016,2.7914157,3.6716208,-26.877907,-0.07659194,0.95785964
1382,1,66.12743,-7.6123276,-0.65130615,-50.934223,1.393636,1.1484071
1383,1,-0.5780354,8.676608,6.680614,-35.966373,2.6113222,1.043894
1384,1,-77.90231,-18.631296,-4.7089887,-54.204082,3.7535448,0.68369573
1385,1,-144.66168,24.39554,12.33755,-21.388422,4.694813,0.3273375
1386,1,-209.19858,-31.836916,-9.457373,-14.223994,5.277193,0.16270928
1387,1,233.36601,0.18465595,4.1679244,-15.18472,-1.0512297,0.4109662
1388,1,147.48586,2.7424355,4.6507196,-26.730373,-0.05360231,0.967488
1389,1,65.63377,-7.547506,0.29636335,-50.442883,0.9757917,1.2031342
1390,1,-1.6559937,8.562206,7.3660703,-35.721317,2.0322723,1.0926661
1391,1,-79.830505,-18.381386,-3.8292003,-53.480164,3.020584,0.8994206
1392,1,-146.17723,24.064777,13.336684,-21.134182,3.8695707,0.4807234
1393,1,-209.83229,-31.503368,-9.100085,-14.18674,4.6505847,0.12521026
1394,1,232.06415,0.1421127,5.5356603,-15.173117,-0.58169985,0.3085731
1395,1,147.06737,2.8078685,5.5442395,-26.790773,-0.07267766,0.7694312
1396,1,65.03352,-7.524699,0.8940153,-50.40253,0.6540048,0.96349275
1397,1,-2.3762035,8.553408,7.9042473,-35.71336,1.3940681,0.9258845
1398,1,-80.33347,-18.186869,-3.2858534,-53.41396,2.0718954,0.76123506
1399,1,-147.3256,23.875723,13.549985,-21.078602,2.5733943,0.514267
1400,1,-209.80513,-30.989101,-8.186486,-13.844699,2.936094,0.22099023
1401,1,231.84276,0.13307211,6.312272,-15.236082,-0.29180354,0.1760523
1402,1,146.5182,2.7867734,6.0981936,-26.908228,-0.026291395,0.42369825
1403,1,64.753296,-7.4492455,1.3282638,-50.436172,0.32673553,0.533849
1404,1,-2.850687,8.520676,8.18021,-35.87898,0.69411486,0.51797163
1405,1,-81.04471,-18.096563,-2.9829426,-53.35965,1.0519104,0.4533323
1406,1,-147.25891,23.807463,13.795095,-21.199467,1.3410335,0.30254608
1407,1,-209.51625,-30.89552,-8.396728,-14.014658,1.4951798,0.11044671
1408,1,231.23956,0.13911659,6.721828,-15.225517,-7.331597e-05,-0.0008233408
1409,1,146.54782,2.8267937,6.290521,-26.944292,-0.00038916466,0.00018290972
1410,1,64.563484,-7.4663815,1.4401934,-50.492825,-2.8001938e-05,-0.0009840411
1411,1,-2.9513378,8.53861,8.294859,-35.892456,-0.00045288104,-0.000121459736
1412,1,-81.007805,-18.07478,-2.8849611,-53.45222,-8.5685635e-05,-0.000768553
1413,1,-147.91028,23.747217,13.795627,-21.186464,-0.0002430402,-4.801763e-05
1414,1,-209.52005,-30.790709,-8.193359,-13.831182,0.00016269226,-0.00037431458
1415,1,231.84137,0.13243571,6.3121166,-15.23595,0.29134735,-0.17676629
1416,1,146.51791,2.787559,6.098101,-26.907799,0.025908042,-0.42394665
1417,1,64.752686,-7.449576,1.3280833,-50.436424,-0.32706362,-0.5353085
1418,1,-2.8502643,8.521612,8.180164,-35.87793,-0.69473225,-0.51850766
1419,1,-81.04446,-18.097034,-2.9833858,-53.359917,-1.0522337,-0.45456478
1420,1,-147.25702,23.808937,13.795381,-21.19822,-1.3413073,-0.30281425
1421,1,-209.51477,-30.897251,-8.397541,-14.014831,-1.4946897,-0.11085586
1422,1,232.06154,0.14079438,5.5343475,-15.173244,0.58131254,-0.30872568
1423,1,147.06625,2.809726,5.5448914,-26.789902,0.07248183,-0.7701476
1424,1,65.03257,-7.5256205,0.89314044,-50.402786,-0.65439945,-0.9643306
1425,1,-2.3755763,8.555285,7.904522,-35.711613,-1.3944049,-0.9267165
1426,1,-80.332924,-18.187746,-3.28688,-53.41425,-2.0721629,-0.7619465
1427,1,-147.32214,23.878487,13.550668,-21.076366,-2.5734723,-0.5147781
1428,1,-209.80211,-30.99238,-8.188055,-13.844913,-2.9357212,-0.22117288
1429,1,233.36186,0.18300755,4.167138,-15.184749,1.0511721,-0.41123927
1430,1,147.48424,2.7449539,4.6512713,-26.72905,0.053325895,-0.96795005
1431,1,65.6322,-7.548793,0.2953193,-50.443317,-0.97597176,-1.2038381
1432,1,-1.6550008,8.564811,7.3664737,-35.7187,-2.0324914,-1.0932509
1433,1,-79.83001,-18.382704,-3.8306198,-53.480812,-3.0206351,-0.8999611
1434,1,-146.17198,24.068953,13.337737,-21.13081,-3.869364,-0.48106357
1435,1,-209.82817,-31.508587,-9.102699,-14.187272,-4.6497326,-0.12520757
1436,1,233.8458,0.20460166,2.5476427,-15.263696,1.2290068,-0.397017
1437,1,148.1481,2.7950926,3.672886,-26.876022,0.076535925,-0.95817727
1438,1,66.12539,-7.614522,-0.6528387,-50.935036,-1.3937103,-1.1488707
1439,1,-0.5767898,8.680465,6.6814513,-35.962795,-2.6113126,-1.0442683
1440,1,-77.90188,-18.633692,-4.710932,-54.205303,-3.753291,-0.6840236
1441,1,-144.65605,24.40154,12.339312,-21.384087,-4.6941423,-0.32750192
1442,1,-209.19405,-31.844147,-9.460445,-14.224651,-5.2763,-0.1628872
1443,1,233.84381,0.12766223,1.3426253,-15.51862,1.8563474,-0.27714184
1444,1,147.64592,2.8773746,2.421234,-27.937157,-0.27026874,-0.6335528
1445,1,66.333374,-7.316103,-1.5382506,-51.980675,-1.3628331,-0.8531326
1446,1,0.40850303,8.557015,5.42824,-37.712555,-2.4216514,-0.6303762
1447,1,-76.88975,-17.930857,-5.7290397,-55.264454,-3.1372182,-0.48299158
1448,1,-143.13232,23.787054,11.31124,-22.65288,-3.6309428,0.041555155
1449,1,-208.48878,-31.23999,-11.369509,-14.874639,-5.5038495,0.14971799
1450,1,230.43735,-0.16034167,-0.1779057,-16.563274,0.34693557,-0.05463143
1451,1,143.62672,2.8043566,1.8195261,-31.22435,0.17227212,-0.293736
1452,1,62.318726,-6.523476,-2.2575,-54.088726,-0.8753838,-0.20047161
1453,1,-5.2600574,8.073543,4.0332313,-41.65339,-0.71417874,-0.26274025
1454,1,-81.740555,-15.5316515,-5.3842964,-56.60822,-1.2071763,-0.21322726
1455,1,-149.94868,21.085068,8.624545,-26.085451,-1.8826447,0.2787497
1456,1,-216.11731,-27.316814,-11.217715,-15.221805,-0.27513856,-0.057356782
1457,1,259.72815,-3.8570902,-0.26747662,-12.442256,-1.028166,0.14690876
1458,1,155.84825,-3.3301775,-0.5920494,-39.177887,0.76620144,0.32333142
1459,1,76.607895,0.06124367,2.4675598,-37.915363,0.99739057,0.7361024
1460,1,-6.7688384,-13.308269,-2.9662206,-58.7327,2.2642388,0.30813414
1461,1,-79.324265,10.506089,6.21261,-37.229122,1.9383154,0.08538748
1462,1,-170.2493,-27.70792,-9.076941,-45.544235,1.8055128,0.21802734
1463,1,-236.32445,34.902157,15.054073,-8.5960655,4.501487,-0.4341573
1464,1,261.98578,-4.5129104,-0.33538592,-10.9106865,-0.86930853,0.44695315
1465,1,158.26924,-3.3688145,0.8095781,-36.905334,0.79390454,1.2122277
1466,1,79.814064,0.02879563,3.3623068,-34.238094,2.5269532,1.4651695
1467,1,-4.8689737,-14.848021,-2.1544921,-56.629635,4.0851417,1.3624675
1468,1,-73.56052,11.375535,9.048502,-32.80702,5.269518,0.55874825
1469,1,-165.32579,-32.225704,-10.52382,-44.994057,5.9341435,0.13847451
1470,1,-228.95538,40.179974,20.12811,-6.5904603,6.0137353,-0.03583503
1471,1,262.20654,-4.701682,1.8544779,-10.730773,-0.7344688,0.6395994
1472,1,157.85204,-3.5526376,1.8380479,-36.422966,0.664588,1.5791316
1473,1,79.03726,-0.10913085,4.5506587,-33.06932,2.128658,1.9425398
1474,1,-7.3717003,-15.309906,-1.2892343,-56.020817,3.7437046,1.8591607
1475,1,-78.04131,11.70584,10.568338,-31.172632,5.31436,1.3489071
1476,1,-168.91064,-33.13538,-8.388298,-44.060898,6.6250377,0.5463939
1477,1,-231.44064,40.66821,21.106457,-6.4460883,7.50503,-0.01389684
1478,1,260.75916,-4.7128763,3.7019644,-10.721635,-0.36035714,0.6080556
1479,1,157.68646,-3.5728185,3.085455,-36.411594,0.42166966,1.5480502
1480,1,78.13393,-0.3246576,5.2014365,-33.121914,1.5503559,1.9010396
1481,1,-7.9935513,-15.379967,-0.58003414,-55.813763,2.814442,1.9292281
1482,1,-79.71278,11.6445675,11.148679,-31.614367,3.9224284,1.5027239
1483,1,-172.17876,-32.604958,-7.677175,-43.577568,4.788007,1.0289335
1484,1,-232.95602,40.274372,23.003002,-6.064917,5.4076867,0.3740072
1485,1,260.46732,-4.6171317,5.348442,-10.860579,-0.22125894,0.48228568
1486,1,156.94406,-3.6762598,3.9942393,-36.609524,0.29131097,1.199487
1487,1,77.61322,-0.4041631,5.8130007,-33.36675,1.0284779,1.4971268
1488,1,-8.689054,-15.4745455,-0.18578342,-56.0911,1.8566047,1.5299435
1489,1,-80.90781,11.4473505,11.390752,-31.972572,2.6832385,1.2925477
1490,1,-171.95914,-32.225033,-7.188465,-43.763313,3.2731721,0.901487
1491,1,-232.81967,39.650555,22.08653,-6.495089,3.231955,0.31578615
1492,1,259.35226,-4.617973,6.5005755,-10.933995,-0.06377826,0.25181302
1493,1,156.82686,-3.6483903,4.627683,-36.803936,0.14317492,0.6468915
1494,1,77.08359,-0.51491463,6.138308,-33.62852,0.5007658,0.81688577
1495,1,-8.873841,-15.533992,0.054307424,-56.29316,0.928291,0.8445956
1496,1,-81.45434,11.346194,11.531361,-32.43491,1.2952894,0.72290784
1497,1,-173.4754,-32.211155,-7.163777,-43.809517,1.5548507,0.5117135
1498,1,-231.88074,39.514866,21.887985,-6.346418,1.711461,0.17782074
1499,1,259.72678,-4.5996757,6.7786784,-10.987195,-0.00022057373,0.00079119654
1500,1,156.49591,-3.6968515,4.842758,-36.877075,0.0002648737,-0.001261752
1501,1,77.09737,-0.5062961,6.2752113,-33.71086,-0.000494284,-3.1545726e-05
1502,1,-9.102547,-15.578535,0.12560047,-56.42168,-1.849718e-05,-0.0012404061
1503,1,-81.62384,11.281521,11.528026,-32.492886,-0.0007774352,-0.0002969434
1504,1,-172.67242,-32.105366,-7.196315,-43.943764,-0.00032535693,-0.0007017096
1505,1,-232.85844,39.378613,21.629059,-6.590919,-0.00016282333,0.00011728319
1506,1,259.35135,-4.6174707,6.499977,-10.934224,0.063975796,-0.2516371
1507,1,156.82585,-3.6484942,4.627845,-36.80408,-0.14314921,-0.6484573
1508,1,77.083954,-0.51383424,6.138137,-33.628075,-0.5012483,-0.81754315
1509,1,-8.874981,-15.533477,0.05422837,-56.293373,-0.92866284,-0.8465694
1510,1,-81.45307,11.347551,11.531236,-32.43308,-1.2965126,-0.72374684
1511,1,-173.47395,-32.212208,-7.1646295,-43.809734,-1.5557235,-0.51282215
1512,1,-231.87811,39.517597,21.888744,-6.345484,-1.7116526,-0.17789556
1513,1,260.46442,-4.6158767,5.349196,-10.860414,0.22166203,-0.48282278
1514,1,156.94243,-3.6770697,3.993229,-36.60962,-0.29146123,-1.2002022
1515,1,77.61361,-0.40178314,5.813587,-33.366276,-1.0285591,-1.4982759
1516,1,-8.691173,-15.4736,-0.18647256,-56.09105,-1.8571548,-1.5311826
1517,1,-80.90533,11.449758,11.390744,-31.96937,-2.6840415,-1.2936053
1518,1,-171.95596,-32.226902,-7.1902814,-43.763508,-3.2737896,-0.9020549
1519,1,-232.81528,39.655582,22.088028,-6.4935493,-3.2318718,-0.31601045
1520,1,260.755,-4.711412,3.7016037,-10.721582,0.36021385,-0.6082067
1521,1,157.68364,-3.5738664,3.0847247,-36.411655,-0.4214639,-1.5487779
1522,1,78.13471,-0.3214758,5.202057,-33.121136,-1.550511,-1.901816
1523,1,-7.996954,-15.378557,-0.58089906,-55.81387,-2.8146908,-1.9302216
1524,1,-79.70906,11.647794,11.148669,-31.609592,-3.9229195,-1.5033802
1525,1,-172.17493,-32.60797,-7.6797714,-43.578365,-4.788279,-1.0292512
1526,1,-232.94873,40.28242,23.005255,-6.062361,-5.407458,-0.37425476
1527,1,262.20117,-4.699366,1.85522,-10.73053,0.734975,-0.6398245
1528,1,157.84843,-3.5544508,1.8366497,-36.42321,-0.6645977,-1.5795697
1529,1,79.03826,-0.10472263,4.551801,-33.06806,-2.1286235,-1.943039
1530,1,-7.3759174,-15.308975,-1.290545,-56.02133,-3.74375,-1.8597221
1531,1,-78.03654,11.710551,10.568709,-31.166636,-5.3143773,-1.349231
1532,1,-168.90588,-33.140076,-8.39191,-44.06243,-6.6246066,-0.5465193
1533,1,-231.43295,40.67913,21.109436,-6.443142,-7.503474,0.014033672
1534,1,261.97937,-4.5096254,-0.33469284,-10.910311,0.86923736,-0.4469763
1535,1,158.26544,-3.3715217,0.80807704,-36.905865,-0.7936338,-1.212435
1536,1,79.81455,0.034511227,3.3638015,-34.236374,-2.5267932,-1.4654406
1537,1,-4.8734517,-14.847927,-2.1561277,-56.630497,-4.084859,-1.3626801
1538,1,-73.556816,11.381727,9.049357,-32.800545,-5.268814,-0.55885583
1539,1,-165.32288,-32.231316,-10.527547,-44.995518,-5.9330177,-0.13862604
1540,1,-228.94943,40.19217,20.133028,-6.587247,-6.012512,0.03565968
1541,1,259.72192,-3.8523257,-0.2653008,-12.441967,1.0283676,-0.14690992
1542,1,155.84479,-3.3337693,-0.5942175,-39.1781,-0.7661607,-0.32331485
1543,1,76.6076,0.06766088,2.4694011,-37.913998,-0.997191,-0.73624426
1544,1,-6.7738976,-13.307852,-2.9677937,-58.732582,-2.2640529,-0.3081085
1545,1,-79.322105,10.511684,6.213599,-37.2231,-1.937601,-0.085449435
1546,1,-170.24612,-27.71124,-9.078702,-45.544216,-1.8052253,-0.21821783
1547,1,-236.31929,34.910446,15.056157,-8.593398,-4.501122,0.4345025
1548,1,284.13446,4.12257,1.5720849,-13.031409,-0.16937818,0.31420472
1549,1,175.80635,-5.795147,0.94745606,-27.552397,0.7094412,0.9053354
1550,1,75.49319,-13.502481,-1.5953918,-43.548134,1.884357,0.8084618
1551,1,18.991379,-10.842423,3.4589949,-37.49824,2.6977513,1.3603543
1552,1,-87.257065,-27.542326,-4.4021897,-65.55423,4.9676914,0.36733
1553,1,-178.67155,22.693245,11.522607,-27.190603,4.516845,-0.8227666
1554,1,-262.65305,-48.58076,-16.684788,-21.33904,1.9396411,0.25916967
1555,1,285.54837,5.0234857,4.664176,-11.900392,-0.47959074,0.7707158
1556,1,176.92966,-5.995854,1.2774091,-24.969355,1.3939202,1.8976667
1557,1,73.46204,-14.097308,-0.8173284,-41.15128,3.1330912,2.5887017
1558,1,18.151062,-11.705771,4.235765,-33.525543,5.3703985,2.6559522
1559,1,-91.550316,-30.52191,-3.9685843,-63.694748,8.232226,1.9373076
1560,1,-173.43813,25.862776,18.739058,-21.429272,10.064419,-0.09533179
1561,1,-256.0541,-57.03134,-18.283646,-21.910425,11.074704,-0.50382763
1562,1,284.13974,5.1118994,6.590843,-11.872367,-0.0862289,0.94204855
1563,1,176.88628,-6.3414397,2.6666384,-24.571354,0.9157806,2.3840063
1564,1,71.6805,-14.921416,-0.38573954,-40.824768,2.52984,3.0814648
1565,1,15.929183,-12.433399,4.699107,-33.025932,4.2789574,3.2658923
1566,1,-97.881516,-31.307308,-3.5834546,-64.449,6.3513017,2.8170772
1567,1,-185.04262,26.881313,20.059101,-20.301064,8.402346,1.6920404
1568,1,-264.802,-57.395756,-11.4314785,-20.674637,10.221927,0.54578054
1569,1,284.06592,5.0800276,9.046979,-11.962517,-0.03270919,0.9089882
1570,1,176.07121,-6.69601,3.7048292,-24.775873,0.72732705,2.237737
1571,1,71.53328,-15.433016,0.18754843,-41.10321,1.8372929,2.9089139
1572,1,14.71558,-13.269551,4.6200805,-33.562977,3.1109054,3.054946
1573,1,-98.07243,-32.085274,-3.8883252,-65.124756,4.6630983,2.8366377
1574,1,-185.76807,26.590721,20.050907,-22.127869,5.6940494,1.9596884
1575,1,-266.5002,-56.45708,-12.782035,-21.188442,5.0680013,0.7594393
1576,1,282.73926,4.9245815,10.967122,-12.161065,0.10903043,0.6678665
1577,1,175.7874,-6.8042483,4.715506,-25.101433,0.45253828,1.6972553
1578,1,70.91807,-15.903329,0.54150516,-41.54511,1.1845526,2.2043083
1579,1,14.262646,-13.94596,4.573714,-34.13057,2.0287921,2.342446
1580,1,-98.87623,-32.738106,-4.076792,-66.07217,2.95748,2.1999495
1581,1,-188.776,25.739468,19.234156,-23.085188,3.6652923,1.5059208
1582,1,-262.7942,-55.603348,-13.692448,-20.986624,3.9553425,0.49723879
1583,1,282.99667,4.9179416,12.150297,-12.260222,0.04527934,0.36449435
1584,1,175.22316,-6.9710793,5.347156,-25.369455,0.2383666,0.9059265
1585,1,70.8846,-16.11392,0.7998087,-41.865158,0.5830887,1.1790525
1586,1,13.762542,-14.400372,4.531543,-34.591335,0.9835079,1.2580584
1587,1,-98.77637,-33.225456,-4.418497,-66.57672,1.4343309,1.1559105
1588,1,-188.57721,25.528109,18.554956,-23.902554,1.6783073,0.79580504
1589,1,-266.51065,-55.50437,-14.427061,-21.30649,1.4333912,0.30440202
1590,1,282.24588,4.8778043,12.660648,-12.330355,0.0008034948,-0.0016732144
1591,1,175.33202,-6.9599795,5.5673666,-25.455793,-0.00042910923,0.00059751625
1592,1,70.62126,-16.243107,0.88202685,-41.994984,0.0005838752,-0.0015378271
1593,1,13.872354,-14.523947,4.496906,-34.72262,-0.00061942753,-0.00039211754
1594,1,-99.02585,-33.346966,-4.4922414,-66.809296,-0.00019268044,-0.0015951636
1595,1,-189.5678,25.302986,18.318659,-24.012928,-0.0013504259,-0.0005235962
1596,1,-262.28534,-55.227314,-15.031209,-21.163345,-0.0005484545,-0.00042848257
1597,1,282.99536,4.9178143,12.151198,-12.259984,-0.04461415,-0.36564004
1598,1,175.22348,-6.970351,5.346485,-25.36994,-0.23824628,-0.90610665
1599,1,70.88318,-16.113182,0.8002508,-41.865643,-0.58264226,-1.1811755
1600,1,13.763359,-14.398252,4.5314736,-34.591164,-0.9841593,-1.2593648
1601,1,-98.77913,-33.222836,-4.4181743,-66.57653,-1.4350628,-1.1586511
1602,1,-188.57326,25.530966,18.555584,-23.898636,-1.6806945,-0.79722726
1603,1,-266.50784,-55.508274,-14.42898,-21.306833,-1.4350768,-0.30503166
1604,1,282.7369,4.923476,10.965444,-12.161212,-0.108612604,-0.6678654
1605,1,175.78688,-6.8020062,4.716594,-25.102629,-0.4517594,-1.6983945
1606,1,70.91553,-15.902348,0.54093486,-41.54514,-1.1847208,-2.2054882
1607,1,14.264559,-13.942048,4.574411,-34.131077,-2.0288265,-2.3440733
1608,1,-98.88226,-32.73246,-4.0766377,-66.07114,-2.958454,-2.2019975
1609,1,-188.76744,25.744627,19.23495,-23.077448,-3.6675563,-1.5075009
1610,1,-262.78714,-55.610363,-13.696416,-20.98674,-3.9563887,-0.4975785
1611,1,284.0613,5.0788465,9.04674,-11.962396,0.03396517,-0.90947634
1612,1,176.0704,-6.693089,3.7054667,-24.777407,-0.7271472,-2.2384164
1613,1,71.5295,-15.431599,0.18719238,-41.103138,-1.8371352,-2.9100022
1614,1,14.718767,-13.264513,4.6208935,-33.563683,-3.1110528,-3.0559895
1615,1,-98.08191,-32.077038,-3.8881922,-65.12362,-4.663683,-2.8381155
1616,1,-185.75493,26.597965,20.051613,-22.11604,-5.695407,-1.9605458
1617,1,-266.49274,-56.469013,-12.788274,-21.189564,-5.06894,-0.75930154
1618,1,284.13412,5.109999,6.589388,-11.872221,0.0863312,-0.9421738
1619,1,176.88535,-6.337474,2.6680756,-24.573004,-0.91528076,-2.384514
1620,1,71.675606,-14.920367,-0.3865974,-40.82485,-2.5298057,-3.0821404
1621,1,15.933319,-12.426872,4.7003965,-33.026478,-4.279094,-3.2665093
1622,1,-97.892944,-31.298674,-3.583768,-64.4482,-6.3516173,-2.8175824
1623,1,-185.02667,26.890764,20.060335,-20.287111,-8.402726,-1.691983
1624,1,-264.79004,-57.411663,-11.4411955,-20.676332,-10.221919,-0.5457514
1625,1,285.54187,5.020975,4.662919,-11.900506,0.480505,-0.7708475
1626,1,176.92836,-5.990876,1.278888,-24.970736,-1.393799,-1.8978618
1627,1,73.45717,-14.096908,-0.8185435,-41.15208,-3.1328783,-2.5889962
1628,1,18.154665,-11.697652,4.2373204,-33.525555,-5.370282,-2.6562123
1629,1,-91.56113,-30.514399,-3.9694145,-63.694626,-8.23194,-1.9371144
1630,1,-173.42355,25.874283,18.740341,-21.415607,-10.062873,0.09570193
1631,1,-256.0474,-57.048416,-18.294756,-21.912245,-11.071089,0.50407404
1632,1,284.12802,4.11852,1.5700514,-13.031567,0.16950732,-0.31421226
1633,1,175.80444,-5.789011,0.9494756,-27.554213,-0.7092525,-0.9054478
1634,1,75.48808,-13.502437,-1.5970814,-43.548656,-1.8842732,-0.8084241
1635,1,18.991865,-10.833668,3.4604895,-37.499153,-2.6975055,-1.3605056
1636,1,-87.270676,-27.533596,-4.4031262,-65.55238,-4.9673433,-0.3670582
1637,1,-178.66151,22.70222,11.523175,-27.177742,-4.5148516,0.82299185
1638,1,-262.6482,-48.592216,-16.688667,-21.339367,-1.9376544,-0.25980186
1639,1,308.30103,-7.9007206,-0.63869655,-9.895439,0.08320398,0.3715573
1640,1,176.88628,-8.756633,-0.17517608,-18.938404,0.73415387,0.9446932
1641,1,106.58862,-19.428207,1.2735459,-28.103354,1.5601097,1.8983198
1642,1,-0.90326387,-33.608234,-2.787424,-37.045563,3.0386333,1.5602344
1643,1,-23.625515,-38.632122,3.905918,-34.91465,4.9049,2.722195
1644,1,-205.4774,-62.797604,-8.0872345,-85.22092,10.425642,0.64227885
1645,1,-283.94598,58.650784,28.234423,-14.413371,13.586691,-2.1161911
1646,1,307.82947,-8.623596,-0.3754953,-9.285515,-0.086967885,0.9869286
1647,1,174.78914,-8.6074295,0.92379993,-16.946287,1.1867403,2.7287538
1648,1,102.25808,-20.234278,0.8775833,-26.156826,2.8047054,3.7325957
1649,1,-12.602948,-35.52581,-3.6622329,-34.797188,4.8586397,4.5694003
1650,1,-35.860565,-41.995472,3.1367974,-31.019379,8.384094,4.901642
1651,1,-226.897,-69.66369,-12.875116,-84.301926,13.714057,3.0405438
1652,1,-286.9825,70.17433,51.20757,-7.619905,18.83409,0.29909006
1653,1,307.62137,-8.916187,2.472716,-9.329036,0.029738512,1.2844329
1654,1,173.982,-9.345985,1.7209638,-16.72968,0.90033644,3.1784396
1655,1,102.02026,-21.487062,0.9504648,-26.198032,2.0177193,4.3261147
1656,1,-15.758778,-38.01372,-4.771055,-35.09719,3.6401932,5.04338
1657,1,-37.315422,-45.134632,0.61085695,-32.17411,5.5022244,5.051332
1658,1,-236.08806,-72.339935,-15.4950695,-88.71789,7.9505467,4.4670835
1659,1,-306.38907,70.49743,46.613903,-9.745911,7.28024,2.0462005
1660,1,306.34018,-9.138054,5.034582,-9.449246,0.22286335,1.1487737
1661,1,173.69577,-9.803355,2.864734,-17.053017,0.6424434,2.939749
1662,1,101.41073,-22.874706,0.94856435,-26.508593,1.4919224,3.9092417
1663,1,-15.876807,-39.954796,-5.6383576,-35.85204,2.6541512,4.4099035
1664,1,-38.15929,-47.744724,-1.4486004,-33.432114,3.9368196,4.5095253
1665,1,-236.01823,-76.0712,-18.899603,-90.730835,5.5940943,3.7479234
1666,1,-296.59845,67.520905,40.463642,-12.331153,5.58505,1.3818465
1667,1,306.4959,-9.097035,7.219318,-9.554488,0.110571146,0.8684765
1668,1,173.08173,-10.311636,3.7605727,-17.373556,0.4376773,2.1865327
1669,1,101.36755,-23.728167,1.0644737,-26.955227,0.95642346,2.8875136
1670,1,-16.362097,-41.380726,-6.325542,-36.491127,1.6425365,3.2366476
1671,1,-37.85074,-50.017063,-2.9745643,-34.43966,2.391531,3.231729
1672,1,-236.84123,-78.22226,-21.4969,-92.543175,3.157529,2.5912132
1673,1,-306.34222,64.96565,36.852043,-14.071829,2.738729,1.0297467
1674,1,305.745,-9.203191,8.6606455,-9.682786,0.12203561,0.45052627
1675,1,173.00525,-10.48227,4.3976326,-17.633093,0.20982967,1.1530071
1676,1,101.03028,-24.323444,1.1154695,-27.224741,0.46269923,1.5240618
1677,1,-16.108793,-42.2272,-6.735639,-36.923016,0.80817354,1.7019997
1678,1,-37.9593,-51.200832,-3.9471767,-35.036045,1.1522847,1.647758
1679,1,-236.88326,-79.62677,-23.2902,-93.40308,1.5143765,1.2407808
1680,1,-299.6637,64.341034,33.805347,-14.94391,1.3529222,0.43435234
1681,1,306.18933,-9.168072,9.0893,-9.686235,-0.00031112347,0.0022198996
1682,1,172.73293,-10.621171,4.6119995,-17.7076,0.0015696983,-0.0019890356
1683,1,101.16413,-24.448246,1.1442927,-27.343273,-0.00069314067,0.00031394567
1684,1,-16.375038,-42.546192,-6.8477263,-37.060642,0.0008421005,-0.0014623674
1685,1,-37.713696,-51.5979,-4.3549128,-35.24857,-0.00021102176,-0.000846126
1686,1,-236.76665,-79.83858,-23.863533,-93.69233,-0.0004075495,-0.002124361
1687,1,-306.05884,63.64118,33.608074,-15.189225,-0.0015352662,-0.00082326744
1688,1,305.74625,-9.203098,8.658623,-9.6839,-0.12024325,-0.44961292
1689,1,173.00478,-10.481711,4.399336,-17.634386,-0.20809153,-1.1550647
1690,1,101.02928,-24.321598,1.1148069,-27.225588,-0.46303907,-1.524761
1691,1,-16.109219,-42.225506,-6.735019,-36.923775,-0.80726755,-1.7040207
1692,1,-37.95993,-51.196854,-3.946645,-35.03751,-1.152219,-1.6499999
1693,1,-236.88754,-79.618774,-23.287706,-93.40241,-1.5154276,-1.2447032
1694,1,-299.65396,64.35238,33.810047,-14.937127,-1.3553483,-0.4362595
1695,1,306.4937,-9.094677,7.222252,-9.555737,-0.10778566,-0.86962664
1696,1,173.08052,-10.312006,3.759783,-17.374063,-0.43731925,-2.1873474
1697,1,101.36686,-23.72488,1.0656483,-26.958168,-0.9555948,-2.8890035
1698,1,-16.364162,-41.377316,-6.325515,-36.49138,-1.6426419,-3.2379239
1699,1,-37.85057,-50.009987,-2.9733784,-34.443672,-2.3908854,-3.233925
1700,1,-236.8523,-78.20427,-21.492218,-92.54105,-3.1590762,-2.5951898
1701,1,-306.32056,64.987686,36.86112,-14.05777,-2.7422895,-1.0322673
1702,1,306.33627,-9.135538,5.0354404,-9.450386,-0.22256298,-1.1489052
1703,1,173.69456,-9.804002,2.8649666,-17.053417,-0.64142066,-2.9407198
1704,1,101.40923,-22.870611,0.94938266,-26.512465,-1.4916922,-3.9101882
1705,1,-15.879152,-39.950214,-5.6377363,-35.85234,-2.6541717,-4.4111166
1706,1,-38.158955,-47.73554,-1.4472055,-33.43816,-3.936487,-4.510669
1707,1,-236.03429,-76.04393,-18.89454,-90.7278,-5.5956283,-3.7507331
1708,1,-296.56476,67.55647,40.476566,-12.307846,-5.586872,-1.3841456
1709,1,307.61728,-8.912629,2.4742653,-9.3308115,-0.028242622,-1.284689
1710,1,173.97993,-9.347408,1.7201376,-16.72998,-0.9002063,-3.1789043
1711,1,102.01903,-21.481754,0.9519738,-26.202744,-2.0174408,-4.326756
1712,1,-15.762275,-38.008896,-4.770903,-35.097492,-3.640366,-5.044171
1713,1,-37.314384,-45.123745,0.61314327,-32.181175,-5.5029006,-5.051946
1714,1,-236.10846,-72.30997,-15.49032,-88.71513,-7.951171,-4.466873
1715,1,-306.35052,70.5401,46.6286,-9.718476,-7.2823596,-2.045527
1716,1,307.82428,-8.619652,-0.37408122,-9.287061,0.087244965,-0.9869817
1717,1,174.78693,-8.609269,0.9226959,-16.947351,-1.1861949,-2.7290525
1718,1,102.25731,-20.227854,0.87918925,-26.161285,-2.804893,-3.7328746
1719,1,-12.607143,-35.52141,-3.662676,-34.7989,-4.8587866,-4.569677
1720,1,-35.858112,-41.982105,3.1388545,-31.024994,-8.385088,-4.9018693
1721,1,-226.91399,-69.637405,-12.870341,-84.30137,-13.714819,-3.0389354
1722,1,-286.9417,70.217186,51.216934,-7.595377,-18.832481,-0.29772797
1723,1,308.29565,-7.8952203,-0.63696676,-9.897211,-0.0827712,-0.3715536
1724,1,176.88437,-8.759491,-0.17689317,-18.94007,-0.73415196,-0.9446594
1725,1,106.58523,-19.42059,1.2752373,-28.108528,-1.5600914,-1.898538
1726,1,-0.9075116,-33.60375,-2.788462,-37.04717,-3.038891,-1.5600902
1727,1,-23.631302,-38.61821,3.907012,-34.922432,-4.9049864,-2.722195
1728,1,-205.50023,-62.767925,-8.085101,-85.2165,-10.426608,-0.641762
1729,1,-283.92255,58.685417,28.235401,-14.389622,-13.581418,2.1174772
1730,1,317.77588,-0.85441804,0.9642311,-0.13147795,-0.5242555,0.49483725
1731,1,191.40991,-12.897289,0.38779348,-13.039932,0.40815252,1.471256
1732,1,95.31038,-26.431328,-1.2094158,-4.4119086,0.57813615,1.8550211
1733,1,41.104847,-44.122513,0.5592345,-18.031494,1.4022943,3.013609
1734,1,-60.665955,-68.86119,-4.640127,-14.876848,2.2209508,2.9586995
1735,1,-79.297874,-102.323456,0.6679557,-27.860235,4.912023,5.827684
1736,1,-370.88028,-200.65785,-24.573729,-93.435555,16.683502,5.2652674
1737,1,316.9354,-0.4340837,3.4642189,0.6062771,-0.0016219668,1.2740736
1738,1,188.46915,-13.093574,0.4205702,-12.981105,0.48016745,3.1021023
1739,1,86.39725,-27.168543,-1.546259,-3.1382866,1.0826048,4.833102
1740,1,25.892893,-46.908157,-2.4033399,-17.399632,2.1458797,5.717281
1741,1,-87.30203,-73.90035,-8.892376,-13.789165,3.2705686,7.592904
1742,1,-118.50607,-113.190865,-8.772076,-25.02575,7.737911,9.061451
1743,1,-438.18292,-232.35751,-60.92523,-100.44424,10.264141,4.527082
1744,1,315.57983,-0.73785365,6.162182,0.6223459,0.12896326,1.406153
1745,1,188.37126,-13.825908,1.3665502,-13.249376,0.3259924,3.8292155
1746,1,85.60292,-29.332727,-2.2473836,-2.866405,0.8323267,5.003631
1747,1,25.89617,-50.163208,-4.7566276,-17.961843,1.3273993,6.3895044
1748,1,-88.31797,-80.340614,-13.073021,-14.151347,2.4633553,7.2501216
1749,1,-112.44665,-123.89716,-20.787836,-28.340677,3.0456855,6.3650975
1750,1,-423.36835,-240.27469,-80.778946,-105.924286,1.9085422,3.0095406
1751,1,315.3749,-0.6201161,9.0177765,0.63061446,0.013546786,1.3632001
1752,1,187.75548,-14.852193,2.385281,-13.342975,0.28327638,3.308537
1753,1,85.362915,-30.906553,-2.6537533,-3.0564325,0.56517047,4.6202626
1754,1,25.558535,-53.442616,-5.9609528,-18.2877,1.0944285,5.415696
1755,1,-88.94451,-85.122765,-17.421291,-14.840419,1.5127808,5.4920316
1756,1,-112.404915,-129.0709,-26.810446,-29.359827,2.4716356,5.719075
1757,1,-436.7855,-254.60092,-92.402336,-106.186615,3.3322384,2.9483783
1758,1,314.8013,-1.1408155,11.334411,0.497027,0.13863145,0.9596788
1759,1,187.52884,-15.175296,3.2081842,-13.463494,0.14825505,2.5101638
1760,1,85.20896,-32.307396,-2.618451,-3.2115033,0.39631364,3.3383548
1761,1,25.918375,-55.635838,-7.4495373,-18.708275,0.59247106,3.7447298
1762,1,-88.36727,-87.69332,-19.695385,-14.970718,0.99322724,4.1553164
1763,1,-110.65013,-135.34755,-31.509354,-30.790426,1.2574046,3.3643382
1764,1,-432.33447,-259.08682,-100.572655,-107.70976,0.41297045,1.21498
1765,1,315.01456,-0.8137214,12.77596,0.49349692,0.011450295,0.5184598
1766,1,187.17729,-15.729163,3.865062,-13.529296,0.09704201,1.2985883
1767,1,85.212265,-32.993538,-2.7764206,-3.3854628,0.17058192,1.7329
1768,1,26.01846,-56.649673,-8.048597,-18.791162,0.32712376,2.0370512
1769,1,-88.175934,-90.17153,-21.210752,-15.36626,0.43743876,1.9200991
1770,1,-109.876755,-136.6114,-34.46831,-31.15918,0.61896354,1.6766998
1771,1,-437.73203,-263.24625,-104.098724,-107.52693,0.86669433,0.8304647
1772,1,314.69034,-1.2543027,13.303601,0.44048256,0.0044533564,-0.004466237
1773,1,187.21764,-15.626994,4.0479336,-13.58531,-0.0016559467,0.0016715584
1774,1,85.122,-33.227066,-2.7538204,-3.3713963,0.0016829527,-0.0013935497
1775,1,26.13334,-57.36663,-8.275383,-18.966888,-0.00026562464,0.00047204306
1776,1,-88.00154,-90.019035,-21.87849,-15.276743,0.0013536665,-0.0010226746
1777,1,-109.71498,-138.24811,-35.14836,-31.473015,0.0008165165,-0.0011596616
1778,1,-434.32455,-263.5023,-105.810524,-108.17071,-3.7748418e-05,-0.0012352588
1779,1,315.0182,-0.811155,12.785395,0.4910648,-0.0056849224,-0.5224786
1780,1,187.17336,-15.726793,3.8624954,-13.530218,-0.098308146,-1.2994008
1781,1,85.21456,-32.9935,-2.7751472,-3.3865876,-0.16849858,-1.7330967
1782,1,26.015434,-56.647816,-8.049021,-18.793123,-0.32700282,-2.038144
1783,1,-88.17319,-90.1703,-21.209911,-15.368668,-0.43536,-1.9207817
1784,1,-109.88323,-136.60608,-34.46823,-31.164408,-0.61659884,-1.6787746
1785,1,-437.7242,-263.2268,-104.09055,-107.533356,-0.8673831,-0.8330839
1786,1,314.7975,-1.1438261,11.335166,0.49733332,-0.13839829,-0.9597983
1787,1,187.52876,-15.172334,3.2110658,-13.46621,-0.14621402,-2.5120797
1788,1,85.20913,-32.307255,-2.619392,-3.2130966,-0.39662853,-3.3389487
1789,1,25.9148,-55.63317,-7.4487367,-18.712624,-0.59094495,-3.7451756
1790,1,-88.36242,-87.68932,-19.69459,-14.9744215,-0.99277145,-4.1564226
1791,1,-110.664024,-135.34167,-31.507961,-30.803387,-1.2542031,-3.366181
1792,1,-432.32034,-259.0446,-100.55586,-107.72393,-0.41356722,-1.2163036
1793,1,315.3751,-0.622642,9.01788,0.6295027,-0.011801882,-1.3635212
1794,1,187.75166,-14.850053,2.38669,-13.345616,-0.28326946,-3.308938
1795,1,85.366394,-30.906702,-2.653541,-3.0589294,-0.56431454,-4.621149
1796,1,25.550982,-53.43908,-5.9601107,-18.293833,-1.0943532,-5.416562
1797,1,-88.93499,-85.11858,-17.419985,-14.84544,-1.5122404,-5.491718
1798,1,-112.42688,-129.06006,-26.810177,-29.378607,-2.4706118,-5.721528
1799,1,-436.75964,-254.53793,-92.37671,-106.20978,-3.3339596,-2.9515502
1800,1,315.57706,-0.74218446,6.1609397,0.6218244,-0.12845297,-1.4063461
1801,1,188.36911,-13.821948,1.3681242,-13.2533,-0.32524917,-3.8297923
1802,1,85.605316,-29.33421,-2.2474356,-2.8691247,-0.8324346,-5.0039015
1803,1,25.888527,-50.157936,-4.7562447,-17.969213,-1.327338,-6.390302
1804,1,-88.30819,-80.3363,-13.069552,-14.157319,-2.4640238,-7.25099
1805,1,-112.471436,-123.88781,-20.789713,-28.362764,-3.046621,-6.3639703
1806,1,-423.34433,-240.19254,-80.75005,-105.9502,-1.9099665,-3.00905
1807,1,316.93362,-0.43825802,3.4624734,0.6052777,0.0027000066,-1.2741041
1808,1,188.46626,-13.089394,0.42214212,-12.985307,-0.48005563,-3.102119
1809,1,86.399376,-27.169788,-1.5470066,-3.1416829,-1.0827607,-4.8338957
1810,1,25.886814,-46.902378,-2.4020908,-17.407516,-2.1465993,-5.717067
1811,1,-87.294846,-73.89474,-8.891803,-13.796171,-3.2723584,-7.594401
1812,1,-118.524376,-113.17731,-8.768466,-25.045422,-7.742064,-9.061213
1813,1,-438.15408,-232.30302,-60.90418,-100.47476,-10.270382,-4.523838
1814,1,317.77356,-0.85995185,0.96263087,-0.13306417,0.5245995,-0.49490517
1815,1,191.40678,-12.891796,0.38951752,-13.044393,-0.40815958,-1.4714143
1816,1,95.31264,-26.433516,-1.2110479,-4.416739,-0.5781188,-1.8549302
1817,1,41.09589,-44.11482,0.56127506,-18.04006,-1.4033326,-3.014195
1818,1,-60.658405,-68.85564,-4.642081,-14.885056,-2.2214084,-2.9581218
1819,1,-79.32664,-102.30691,0.67193455,-27.883005,-4.916262,-5.829158
1820,1,-370.8621,-200.57635,-24.565987,-93.45803,-16.68945,-5.267946
1821,1,317.77472,-0.86012,0.96252507,0.13310178,0.52461565,0.4949092
1822,1,191.4074,-12.891785,0.3894103,13.045509,-0.40803742,1.4711506
1823,1,95.31304,-26.434156,-1.2105893,4.4171953,-0.57851493,1.855063
1824,1,41.096043,-44.115707,0.56006896,18.041683,-1.4027652,3.0134792
1825,1,-60.658493,-68.85739,-4.6400075,14.8863945,-2.2227728,2.9583194
1826,1,-79.3269,-102.31088,0.6680473,27.885563,-4.914826,5.826759
1827,1,-370.86417,-200.58656,-24.562332,93.46629,-16.691734,5.2646203
1828,1,316.9346,-0.43927175,3.4617283,-0.6048648,0.002637165,1.2739418
1829,1,188.4666,-13.088913,0.42223886,12.985626,-0.48009887,3.1021683
1830,1,86.40045,-27.170599,-1.5474979,3.1427612,-1.0827153,4.8331046
1831,1,25.885471,-46.902225,-2.402038,17.40833,-2.1469827,5.717031
1832,1,-87.29223,-73.89548,-8.891904,13.797499,-3.272242,7.5928698
1833,1,-118.52971,-113.1767,-8.771034,25.04935,-7.7428226,9.059416
1834,1,-438.14908,-232.28285,-60.896614,100.47222,-10.271292,4.5253005
1835,1,315.5784,-0.742309,6.160719,-0.6216813,-0.12824988,1.406398
1836,1,188.36885,-13.822121,1.3675513,13.254021,-0.32544422,3.8291168
1837,1,85.60689,-29.334051,-2.2477484,2.869529,-0.8323658,5.0039015
1838,1,25.886614,-50.15796,-4.756364,17.970715,-1.3275955,6.38949
1839,1,-88.30549,-80.33488,-13.070573,14.157856,-2.4638305,7.250419
1840,1,-112.47744,-123.884186,-20.789062,28.365934,-3.0472314,6.36514
1841,1,-423.33908,-240.18297,-80.743546,105.95473,-1.9102831,3.0084355
1842,1,315.37543,-0.62407315,9.015513,-0.62938726,-0.012283129,1.3629754
1843,1,187.75247,-14.849092,2.3865058,13.346283,-0.28303778,3.3090096
1844,1,85.36667,-30.907381,-2.6542182,3.0594318,-0.56476104,4.620287
1845,1,25.550611,-53.438362,-5.9605145,18.294796,-1.0940198,5.4164295
1846,1,-88.93429,-85.11733,-17.41933,14.846374,-1.5128299,5.4922376
1847,1,-112.42994,-129.05957,-26.81062,29.381107,-2.4698107,5.7214346
1848,1,-436.75626,-254.5242,-92.372055,106.212105,-3.3346682,2.9524488
1849,1,314.7986,-1.1424165,11.334934,-0.49707383,-0.13830735,0.96030796
1850,1,187.52884,-15.1734495,3.2082753,13.466345,-0.14732508,2.510289
1851,1,85.20965,-32.307686,-2.618651,3.2135694,-0.39611176,3.3388095
1852,1,25.91471,-55.63274,-7.4487844,18.71342,-0.5914439,3.7453997
1853,1,-88.36286,-87.68965,-19.694727,14.975599,-0.99240303,4.156103
1854,1,-110.66426,-135.33852,-31.506687,30.804642,-1.2546161,3.3675773
1855,1,-432.32144,-259.04504,-100.554276,107.72603,-0.41360265,1.2173924
1856,1,315.0178,-0.8157,12.7726345,-0.4920765,-0.009510765,0.5176293
1857,1,187.17445,-15.727607,3.866481,13.530148,-0.09722447,1.2993
1858,1,85.214455,-32.99412,-2.776918,3.3871326,-0.16944385,1.7330858
1859,1,26.015245,-56.647636,-8.048279,18.793945,-0.32635012,2.0379841
1860,1,-88.17272,-90.16936,-21.209797,15.369349,-0.43584052,1.9211279
1861,1,-109.8848,-136.60768,-34.467087,31.166714,-0.6166511,1.6787055
1862,1,-437.7231,-263.22192,-104.08894,107.53587,-0.86769027,0.83221734
1863,1,314.684,-1.2543863,13.30714,-0.4420275,-0.005498303,-0.0027773133
1864,1,187.22108,-15.627418,4.0460343,13.586413,0.0035662092,0.0006258128
1865,1,85.11995,-33.226868,-2.7527797,3.3714683,-0.0017427863,6.219274e-05
1866,1,26.134075,-57.366276,-8.275685,18.968002,0.0019664282,0.00058105047
1867,1,-88.00158,-90.01874,-21.878143,15.277321,-0.000102309845,0.00054095424
1868,1,-109.7168,-138.24632,-35.14836,31.475445,0.0017522684,0.0003415653
1869,1,-434.32263,-263.49545,-105.8073,108.17337,-0.00033603975,0.00092927844
1870,1,315.01428,-0.8130919,12.780988,-0.4929549,0.008409756,-0.5202655
1871,1,187.17616,-15.726502,3.8649619,13.530396,0.0982727,-1.300459
1872,1,85.212326,-32.993847,-2.7764542,3.3857923,0.16956289,-1.7316755
1873,1,26.017801,-56.648724,-8.048459,18.792234,0.32791114,-2.0380714
1874,1,-88.175095,-90.17131,-21.210205,15.367099,0.4368396,-1.9193794
1875,1,-109.878975,-136.6094,-34.46961,31.16071,0.61952084,-1.6761855
1876,1,-437.7285,-263.23526,-104.09501,107.529396,0.8664757,-0.83085495
1877,1,314.79993,-1.1406988,11.338586,-0.4965832,0.13890879,-0.9604846
1878,1,187.52785,-15.174285,3.2093303,13.464083,0.14728221,-2.51119
1879,1,85.20871,-32.306828,-2.6185572,3.212466,0.39674082,-3.3390086
1880,1,25.918081,-55.635418,-7.44918,18.70898,0.59219617,-3.744123
1881,1,-88.36743,-87.69233,-19.695423,14.971892,0.9933364,-4.156071
1882,1,-110.6504,-135.34767,-31.507942,30.792124,1.2572036,-3.363347
1883,1,-432.3344,-259.08508,-100.5722,107.71095,0.41308287,-1.2121538
1884,1,315.3737,-0.62058175,9.01767,-0.6304793,0.012934688,-1.3632311
1885,1,187.75491,-14.852024,2.3866878,13.343621,0.2833674,-3.308908
1886,1,85.36252,-30.906237,-2.6536984,3.057064,0.5649608,-4.6207156
1887,1,25.557997,-53.44226,-5.9599667,18.2888,1.0945071,-5.416287
1888,1,-88.9438,-85.122734,-17.421875,14.841475,1.5128368,-5.4910955
1889,1,-112.40648,-129.06839,-26.809002,29.362352,2.4710963,-5.7203794
1890,1,-436.7832,-254.60045,-92.400826,106.189705,3.332399,-2.951398
1891,1,315.57877,-0.7384726,6.162958,-0.62218887,0.12901787,-1.4062278
1892,1,188.36978,-13.825131,1.3667833,13.250099,0.32581154,-3.8296573
1893,1,85.6038,-29.333017,-2.2466016,2.866803,0.8323862,-5.0037217
1894,1,25.893702,-50.16209,-4.7571964,17.963144,1.3274184,-6.390239
1895,1,-88.31474,-80.34031,-13.070179,14.151976,2.4636886,-7.2506385
1896,1,-112.45226,-123.89871,-20.791178,28.344864,3.04545,-6.364445
1897,1,-423.36005,-240.25102,-80.77357,105.92795,1.908749,-3.0092149
1898,1,316.9338,-0.43441358,3.4639647,-0.6063795,-0.00177068,-1.2742386
1899,1,188.46848,-13.093173,0.42092168,12.982084,0.48010018,-3.1020546
1900,1,86.39678,-27.167912,-1.5461371,3.1383808,1.0827289,-4.8339243
1901,1,25.89245,-46.907383,-2.4029257,17.401028,2.1459289,-5.7169523
1902,1,-87.30181,-73.89821,-8.892576,13.789768,3.2710583,-7.5947814
1903,1,-118.50716,-113.18762,-8.769017,25.027752,7.7391086,-9.06165
1904,1,-438.17877,-232.36156,-60.92571,100.45227,10.264321,-4.523967
1905,1,317.7744,-0.8548384,0.9641498,0.13191386,-0.5243437,-0.49478465
1906,1,191.40869,-12.896608,0.38811186,13.040151,0.40830615,-1.4714843
1907,1,95.310394,-26.430864,-1.2098794,4.4129057,0.5778177,-1.8548473
1908,1,41.103184,-44.12061,0.5604462,18.032122,1.4030176,-3.014387
1909,1,-60.66512,-68.85856,-4.6423187,14.877814,2.220189,-2.958093
1910,1,-79.30194,-102.317856,0.6725293,27.861923,4.9144025,-5.829671
1911,1,-370.8754,-200.63824,-24.575674,93.43145,16.682405,-5.268522
1912,1,308.29633,-7.8953238,-0.6369207,9.897616,-0.08283824,0.37150067
1913,1,176.88432,-8.759712,-0.17717229,18.940516,-0.73418766,0.944713
1914,1,106.58622,-19.420494,1.2754519,28.109554,-1.5600629,1.8981996
1915,1,-0.9093549,-33.60422,-2.788674,37.048332,-3.038978,1.5601317
1916,1,-23.629492,-38.618412,3.9070182,34.923325,-4.9049845,2.721305
1917,1,-205.50592,-62.769466,-8.085089,85.22009,-10.425829,0.6411179
1918,1,-283.91968,58.692802,28.236738,14.387392,-13.581794,-2.1166127
1919,1,307.82474,-8.618752,-0.37370995,9.287353,0.0874059,0.98692095
1920,1,174.78769,-8.609778,0.9224389,16.947777,-1.1863452,2.7288382
1921,1,102.2566,-20.227455,0.8790232,26.162292,-2.804948,3.7325597
1922,1,-12.605887,-35.521366,-3.6625233,34.799156,-4.858816,4.569156
1923,1,-35.859905,-41.98153,3.13808,31.027315,-8.385146,4.9010177
1924,1,-226.91437,-69.632065,-12.869399,84.299614,-13.71409,3.037895
1925,1,-286.93756,70.21616,51.218044,7.594446,-18.833279,0.29687604
1926,1,307.6175,-8.912336,2.4735794,9.331125,-0.028576028,1.2845234
1927,1,173.98045,-9.347397,1.7199622,16.730087,-0.90016454,3.1786633
1928,1,102.018936,-21.481546,0.9517373,26.203772,-2.0176082,4.3264403
1929,1,-15.762247,-38.00791,-4.771032,35.097553,-3.6403718,5.043666
1930,1,-37.31474,-45.12248,0.61291784,32.18257,-5.50284,5.0518384
1931,1,-236.11107,-72.304344,-15.489749,88.71393,-7.951721,4.4668183
1932,1,-306.34506,70.546394,46.63134,9.713346,-7.2827945,2.0451944
1933,1,306.33652,-9.134837,5.0360765,9.450678,-0.2225929,1.1490288
1934,1,173.69461,-9.8044615,2.8638563,17.053532,-0.641872,2.9401958
1935,1,101.40956,-22.869875,0.9497234,26.513138,-1.4917486,3.9099855
1936,1,-15.879825,-39.949745,-5.638139,35.8525,-2.654382,4.4109907
1937,1,-38.15844,-47.733753,-1.446767,33.438908,-3.9365032,4.510771
1938,1,-236.0374,-76.04044,-18.893887,90.72756,-5.5961585,3.7516477
1939,1,-296.55942,67.562614,40.479473,12.304369,-5.587815,1.3852134
1940,1,306.49368,-9.095342,7.219091,9.555757,-0.1088877,0.86854553
1941,1,173.0805,-10.311857,3.7607996,17.374102,-0.43785653,2.1875508
1942,1,101.36682,-23.724745,1.0648438,26.958164,-0.95590323,2.8884919
1943,1,-16.36428,-41.37681,-6.32489,36.49194,-1.6425947,3.2381432
1944,1,-37.85099,-50.008747,-2.9733012,34.444046,-2.3910604,3.2340453
1945,1,-236.85312,-78.20237,-21.490595,92.54122,-3.159523,2.5959358
1946,1,-306.31958,64.98973,36.862816,14.056929,-2.7428174,1.0324773
1947,1,305.7432,-9.201201,8.663683,9.682846,-0.12336789,0.4518102
1948,1,173.00478,-10.482849,4.39605,17.63342,-0.20896903,1.1533064
1949,1,101.02945,-24.320976,1.1169118,27.226145,-0.46266127,1.525678
1950,1,-16.109987,-42.225216,-6.7361097,36.923893,-0.80768764,1.7034801
1951,1,-37.959457,-51.19578,-3.9453733,35.038208,-1.1520987,1.6505057
1952,1,-236.88974,-79.61717,-23.286787,93.40279,-1.5156357,1.2440869
1953,1,-299.6513,64.355225,33.8113,14.9356785,-1.3551419,0.4362302
1954,1,306.18845,-9.169074,9.084558,9.686151,0.0020160044,8.247656e-05
1955,1,172.73216,-10.621126,4.614949,17.706724,-0.0025303315,0.00036797288
1956,1,101.16445,-24.447737,1.1426765,27.344343,0.002144469,0.0005702436
1957,1,-16.375685,-42.545677,-6.8463826,37.060467,-0.0011364856,0.0009345714
1958,1,-37.713398,-51.5971,-4.3552995,35.24978,0.00095427723,0.001296022
1959,1,-236.76852,-79.83489,-23.862532,93.69176,-0.0009164822,0.0014001919
1960,1,-306.0552,63.64469,33.609673,15.186911,-0.0015074972,0.00072567916
1961,1,305.74316,-9.201912,8.663834,9.683737,0.12163989,-0.45149097
1962,1,173.00465,-10.482913,4.3963532,17.633833,0.20783335,-1.152635
1963,1,101.03021,-24.322435,1.1166736,27.225552,0.46402654,-1.5245025
1964,1,-16.109552,-42.226936,-6.7361484,36.923237,0.8072065,-1.7018617
1965,1,-37.958984,-51.199528,-3.9461396,35.036926,1.1529589,-1.6478494
1966,1,-236.8849,-79.62431,-23.29032,93.402985,1.5136942,-1.2399783
1967,1,-299.65982,64.34651,33.80713,14.940528,1.3528446,-0.43413255
1968,1,306.49475,-9.09719,7.2187815,9.555054,0.1080793,-0.86831045
1969,1,173.08128,-10.31135,3.7614615,17.374723,0.43773916,-2.1869717
1970,1,101.367,-23.72781,1.064466,26.95578,0.9559803,-2.8876123
1971,1,-16.362213,-41.380054,-6.325079,36.49185,1.6426777,-3.2367046
1972,1,-37.851032,-50.015903,-2.9743707,34.44009,2.3914742,-3.231903
1973,1,-236.8417,-78.220726,-21.495241,92.54344,3.157328,-2.5909321
1974,1,-306.34064,64.96597,36.852463,14.072016,2.7383294,-1.028695
1975,1,306.33896,-9.137342,5.035692,9.44936,0.22298609,-1.1489165
1976,1,173.69489,-9.803704,2.8647034,17.053371,0.64175105,-2.9398599
1977,1,101.41033,-22.873857,0.94905555,26.509348,1.4918846,-3.909535
1978,1,-15.8772,-39.95455,-5.6379695,35.85248,2.6542873,-4.410127
1979,1,-38.15953,-47.743294,-1.448327,33.43312,3.9364276,-4.509437
1980,1,-236.01918,-76.06826,-18.898184,90.73057,5.594585,-3.748967
1981,1,-296.59528,67.52319,40.46441,12.329698,5.585849,-1.3835908
1982,1,307.61954,-8.915943,2.4726524,9.329473,0.029303176,-1.2845303
1983,1,173.98143,-9.34588,1.721192,16.72948,0.9003907,-3.1786783
1984,1,102.01961,-21.48659,0.9507742,26.199156,2.017515,-4.3262863
1985,1,-15.759251,-38.012558,-4.770844,35.09681,3.640309,-5.0438175
1986,1,-37.31474,-45.13399,0.61177343,32.17576,5.502432,-5.051474
1987,1,-236.09201,-72.33464,-15.4954195,88.717705,7.95039,-4.4674788
1988,1,-306.3788,70.50693,46.61625,9.739711,7.2803273,-2.0462308
1989,1,307.82788,-8.623362,-0.3751361,9.285789,-0.086975,-0.9869172
1990,1,174.78777,-8.607329,0.9237981,16.946264,1.1865423,-2.728911
1991,1,102.25838,-20.233345,0.8778702,26.157423,2.8048716,-3.7328422
1992,1,-12.604663,-35.524837,-3.6621845,34.797398,4.8585095,-4.5695653
1993,1,-35.85865,-41.99297,3.1372511,31.019337,8.384687,-4.90238
1994,1,-226.90033,-69.66073,-12.874487,84.30251,13.714323,-3.0396492
1995,1,-286.9753,70.183945,51.20945,7.6152234,18.832384,-0.2982006
1996,1,308.29898,-7.900033,-0.6386089,9.895522,0.08316128,-0.3716401
1997,1,176.88582,-8.756595,-0.17530166,18.938673,0.73411626,-0.94461685
1998,1,106.58695,-19.427143,1.273696,28.103765,1.5601017,-1.8985672
1999,1,-0.90252995,-33.60666,-2.787356,37.045387,3.0387032,-1.5601908
2000,1,-23.62866,-38.62972,3.9057128,34.915432,4.904874,-2.722459
2001,1,-205.47586,-62.792103,-8.086117,85.21754,10.426364,-0.64223355
2002,1,-283.94415,58.64871,28.233545,14.412429,13.585432,2.1171753
2003,1,284.128,4.118664,1.570063,13.031843,0.16960882,0.31425387
2004,1,175.80496,-5.788702,0.949754,27.554636,-0.7093179,0.9052738
2005,1,75.4871,-13.502705,-1.5974842,43.54964,-1.8842342,0.8084939
2006,1,18.992773,-10.833095,3.4608634,37.49935,-2.6975586,1.3601199
2007,1,-87.27302,-27.534292,-4.403599,65.554214,-4.966961,0.36695492
2008,1,-178.66125,22.704733,11.523724,27.176382,-4.514797,-0.8229667
2009,1,-262.64725,-48.596527,-16.689981,21.34021,-1.9375725,0.25931296
2010,1,285.54205,5.0202947,4.662436,11.900484,0.48035133,0.77076143
2011,1,176.92838,-5.99036,1.2789022,24.97147,-1.3937168,1.8977495
2012,1,73.45742,-14.096945,-0.81847084,41.15221,-3.1329408,2.5886781
2013,1,18.154346,-11.697369,4.237014,33.526733,-5.370224,2.6560113
2014,1,-91.561646,-30.512653,-3.9692116,63.69418,-8.23166,1.9365563
2015,1,-173.42285,25.87344,18.739965,21.41547,-10.062608,-0.09577443
2016,1,-256.04553,-57.04663,-18.294563,21.911592,-11.071503,-0.5038906
2017,1,284.13397,5.1099043,6.5896983,11.872343,0.086508386,0.9421917
2018,1,176.88559,-6.337314,2.6680315,24.573591,-0.91549563,2.3842742
2019,1,71.67528,-14.9198265,-0.38670924,40.824863,-2.5298212,3.082056
2020,1,15.933958,-12.42645,4.700342,33.027134,-4.279087,3.2660952
2021,1,-97.89467,-31.29689,-3.58375,64.447914,-6.3517613,2.817683
2022,1,-185.02397,26.891514,20.06015,20.285252,-8.40277,1.6916188
2023,1,-264.78882,-57.413666,-11.441504,20.676905,-10.222458,0.54584473
2024,1,284.061,5.078439,9.045708,11.96227,0.033604678,0.90918434
2025,1,176.07066,-6.692271,3.7059672,24.77763,-0.72725075,2.2385433
2026,1,71.52877,-15.431801,0.18688759,41.10335,-1.837293,2.9095387
2027,1,14.719496,-13.26343,4.621253,33.56372,-3.1111434,3.0563285
2028,1,-98.08354,-32.076077,-3.8884554,65.12375,-4.6638064,2.8379111
2029,1,-185.7529,26.59946,20.052229,22.114143,-5.6960354,1.9610658
2030,1,-266.49203,-56.471176,-12.789052,21.189705,-5.0693,0.7591551
2031,1,282.73587,4.9239264,10.967509,12.161259,-0.109308496,0.66847694
2032,1,175.78647,-6.8022943,4.7162232,25.102583,-0.45202222,1.6977532
2033,1,70.91542,-15.901632,0.54167366,41.545242,-1.1849775,2.2063596
2034,1,14.264439,-13.94128,4.5739446,34.131027,-2.0288744,2.3434467
2035,1,-98.882645,-32.7318,-4.0759463,66.071205,-2.9587004,2.2026634
2036,1,-188.76695,25.745728,19.235218,23.076653,-3.6679337,1.5073326
2037,1,-262.7859,-55.61121,-13.696633,20.986588,-3.956818,0.49784264
2038,1,282.9936,4.91635,12.150128,12.260207,-0.043828305,0.36444464
2039,1,175.22264,-6.9680862,5.349613,25.36958,-0.23940167,0.9086845
2040,1,70.88254,-16.113312,0.798016,41.865513,-0.58251005,1.1796339
2041,1,13.763639,-14.397505,4.5332255,34.59142,-0.98424757,1.2604532
2042,1,-98.7801,-33.222034,-4.4188643,66.57645,-1.4352602,1.157926
2043,1,-188.5724,25.531504,18.556522,23.89793,-1.6807424,0.7977735
2044,1,-266.50705,-55.50859,-14.42933,21.306921,-1.4353801,0.30470118
2045,1,282.24487,4.880919,12.669454,12.329091,-0.00508133,0.0028758629
2046,1,175.33058,-6.959202,5.563107,25.455902,0.0028489765,0.000118833355
2047,1,70.62137,-16.243086,0.88472265,41.994953,-0.0019350182,0.00072904123
2048,1,13.872405,-14.52308,4.4955297,34.722927,0.0010463141,0.00093950523
2049,1,-99.026726,-33.34623,-4.4910097,66.80923,-0.0014075513,0.00117459
2050,1,-189.56621,25.30401,18.318369,24.01187,-0.00075088115,0.0008801245
2051,1,-262.28427,-55.228912,-15.031645,21.163237,-0.0009661487,8.9393e-05
2052,1,282.9939,4.9145494,12.142551,12.260894,0.0411193,-0.36124834
2053,1,175.22392,-6.971152,5.3511057,25.36994,0.24057876,-0.9065847
2054,1,70.88313,-16.11396,0.7977219,41.865166,0.5814096,-1.1789683
2055,1,13.763365,-14.399873,4.533196,34.591785,0.98457444,-1.2581761
2056,1,-98.77784,-33.22466,-4.4192,66.57667,1.4335922,-1.1558355
2057,1,-188.57523,25.52887,18.555813,23.901447,1.6783718,-0.79574263
2058,1,-266.5098,-55.506054,-14.4280405,21.307194,1.4330162,-0.30424652
2059,1,282.739,4.924949,10.965898,12.161425,0.10964356,-0.6678841
2060,1,175.78656,-6.805223,4.7141905,25.101917,0.4512282,-1.6957655
2061,1,70.918175,-15.903346,0.54292125,41.54557,1.1852069,-2.2050493
2062,1,14.262191,-13.945201,4.5730796,34.13065,2.0283127,-2.3421679
2063,1,-98.8761,-32.7377,-4.0758696,66.07228,2.9576874,-2.2002037
2064,1,-188.77544,25.740328,19.234097,23.08472,3.6650662,-1.5057263
2065,1,-262.79266,-55.60361,-13.69274,20.986277,3.9553316,-0.49771002
2066,1,284.06415,5.0794315,9.046223,11.962432,-0.03337912,-0.90892655
2067,1,176.0708,-6.694975,3.7048242,24.776188,0.7274398,-2.2381046
2068,1,71.53253,-15.433444,0.18720154,41.103443,1.8369731,-2.9083414
2069,1,14.715705,-13.268864,4.620763,33.56327,3.1110058,-3.0554857
2070,1,-98.0732,-32.084198,-3.8882973,65.12457,4.6630006,-2.8365707
2071,1,-185.76668,26.590967,20.051075,22.126997,5.694267,-1.960152
2072,1,-266.4978,-56.457027,-12.782783,21.188284,5.067833,-0.7588736
2073,1,284.13815,5.1120515,6.5908585,11.872358,-0.08617844,-0.94207096
2074,1,176.88562,-6.341424,2.6667264,24.571774,0.9156014,-2.3838909
2075,1,71.67941,-14.920744,-0.38574338,40.82456,2.529848,-3.0819635
2076,1,15.930273,-12.432914,4.699327,33.02617,4.27896,-3.265576
2077,1,-97.883736,-31.305847,-3.5834312,64.44902,6.351298,-2.8176246
2078,1,-185.03894,26.883236,20.059467,20.29839,8.402463,-1.691933
2079,1,-264.79953,-57.400024,-11.433652,20.675436,10.221643,-0.54612255
2080,1,285.54623,5.023586,4.6639576,11.900309,-0.47965512,-0.7707885
2081,1,176.9292,-5.995306,1.2774612,24.96944,1.393847,-1.8978095
2082,1,73.46063,-14.097129,-0.8173741,41.15136,3.1330369,-2.588587
2083,1,18.15217,-11.704488,4.236047,33.52507,5.370404,-2.656441
2084,1,-91.55223,-30.521132,-3.9688056,63.69498,8.2322855,-1.9369154
2085,1,-173.43471,25.865519,18.739244,21.42631,10.063886,0.09521276
2086,1,-256.05212,-57.03564,-18.285826,21.910833,11.073717,0.5039959
2087,1,284.13263,4.1221085,1.5720046,13.031333,-0.16945283,-0.3141437
2088,1,175.8052,-5.7945747,0.94769245,27.55259,0.7094556,-0.9054577
2089,1,75.49297,-13.501841,-1.5955937,43.547646,1.8843181,-0.80844444
2090,1,18.990309,-10.841478,3.459047,37.498547,2.6977024,-1.3604416
2091,1,-87.25711,-27.54013,-4.40197,65.55242,4.967798,-0.3673459
2092,1,-178.67041,22.692308,11.521949,27.190044,4.5162525,0.8231553
2093,1,-262.6514,-48.57836,-16.684074,21.33828,1.9392685,-0.25953132
2094,1,259.7217,-3.8522751,-0.26547804,12.441977,1.028348,0.14679593
2095,1,155.84447,-3.3341215,-0.59426534,39.178852,-0.76611143,0.32336617
2096,1,76.607796,0.06835222,2.4695473,37.914,-0.9972271,0.7361328
2097,1,-6.7747416,-13.308486,-2.9680681,58.73384,-2.2639,0.30803412
2098,1,-79.321915,10.512981,6.2140207,37.222527,-1.9376439,0.085477404
2099,1,-170.24648,-27.71324,-9.079457,45.54536,-1.8050025,0.21804345
2100,1,-236.31802,34.91349,15.05737,8.592946,-4.501397,-0.43422014
2101,1,261.97906,-4.5090365,-0.33419588,10.910593,0.8694344,0.44703057
2102,1,158.26556,-3.371645,0.807903,36.90592,-0.7936759,1.2123678
2103,1,79.81445,0.0346446,3.3638325,34.23708,-2.5267165,1.4651873
2104,1,-4.8735294,-14.847271,-2.1560764,56.63048,-4.0847883,1.3627172
2105,1,-73.55699,11.381338,9.049042,32.800995,-5.2686653,0.558581
2106,1,-165.32214,-32.23023,-10.527434,44.995136,-5.933039,0.13873944
2107,1,-228.94836,40.191044,20.13271,6.587361,-6.012667,-0.035851315
2108,1,262.20105,-4.6993794,1.8548588,10.73055,0.7349747,0.6397067
2109,1,157.84808,-3.5546892,1.8367717,36.4233,-0.6645091,1.5793761
2110,1,79.03862,-0.104172654,4.5518694,33.068428,-2.1286533,1.943206
2111,1,-7.376609,-15.30866,-1.2906725,56.021416,-3.7437742,1.8593109
2112,1,-78.03574,11.710799,10.56864,31.166279,-5.314371,1.3494399
2113,1,-168.90532,-33.14013,-8.392064,44.06268,-6.624826,0.54638463
2114,1,-231.43173,40.68018,21.10986,6.442685,-7.5039845,-0.013894541
2115,1,260.75412,-4.710996,3.7026827,10.721693,0.36027324,0.6082901
2116,1,157.68349,-3.5736523,3.084603,36.411846,-0.42150083,1.549006
2117,1,78.13482,-0.32122213,5.2022376,33.12102,-1.5505425,1.9013892
2118,1,-7.997404,-15.3782,-0.5808643,55.814224,-2.8147225,1.9307003
2119,1,-79.708466,11.64858,11.1486225,31.608845,-3.923139,1.5030208
2120,1,-172.17433,-32.6089,-7.680063,43.57874,-4.788465,1.0295031
2121,1,-232.94775,40.28428,23.00595,6.0620413,-5.407849,0.37416142
2122,1,260.46405,-4.6157,5.3489013,10.860297,0.22211224,0.48283625
2123,1,156.94145,-3.6777587,3.9937236,36.60968,-0.2916855,1.1999865
2124,1,77.61362,-0.40068972,5.814166,33.366226,-1.0284804,1.4990294
2125,1,-8.691555,-15.473574,-0.18703087,56.091198,-1.8573378,1.5307299
2126,1,-80.90511,11.450292,11.391242,31.968971,-2.6841881,1.2940199
2127,1,-171.95538,-32.226917,-7.1906924,43.763496,-3.2741191,0.9018613
2128,1,-232.81468,39.655727,22.088358,6.4934,-3.2321494,0.31614992
2129,1,259.34885,-4.6173115,6.5024047,10.933969,0.06283132,0.25197122
2130,1,156.82568,-3.6475673,4.6289124,36.80438,-0.14217897,0.6496157
2131,1,77.08328,-0.51306385,6.137284,33.628063,-0.5017388,0.8172819
2132,1,-8.874924,-15.533364,0.054993067,56.293343,-0.928602,0.8466787
2133,1,-81.45294,11.348227,11.530873,32.432877,-1.2966688,0.72379345
2134,1,-173.47348,-32.212692,-7.1644964,43.809708,-1.5559632,0.5128023
2135,1,-231.877,39.518757,21.888786,6.345267,-1.7119609,0.17803738
2136,1,259.7264,-4.5966544,6.7860713,10.988211,0.0049701324,0.004639434
2137,1,156.49396,-3.6967442,4.838716,36.87708,-0.0025932135,-0.001224263
2138,1,77.09783,-0.5058765,6.2778497,33.71077,0.0014048308,0.0016087476
2139,1,-9.10338,-15.57825,0.124048635,56.421818,-0.0014462715,0.00011751284
2140,1,-81.62323,11.281647,11.529054,32.49249,2.563813e-05,0.001062522
2141,1,-172.67184,-32.10536,-7.1969204,43.943935,-0.0010794633,0.00014912873
2142,1,-232.8577,39.378723,21.62946,6.5908937,-0.00029248878,0.00043184243
2143,1,259.34985,-4.620618,6.4929075,10.933224,-0.05949511,-0.24769653
2144,1,156.82693,-3.6488569,4.632067,36.803715,0.14097477,-0.6484413
2145,1,77.08313,-0.51448363,6.1357846,33.62868,0.5022114,-0.8160036
2146,1,-8.874037,-15.534249,0.056046944,56.29312,0.92725664,-0.84525174
2147,1,-81.45378,11.346983,11.530546,32.43459,1.2957969,-0.7225078
2148,1,-173.47495,-32.2122,-7.163563,43.809776,1.554365,-0.51204103
2149,1,-231.87926,39.517033,21.888208,6.3460007,1.7113442,-0.17773806
2150,1,260.46652,-4.6162586,5.3475566,10.860375,-0.22187419,-0.48271823
2151,1,156.94319,-3.6780436,3.9921927,36.609394,0.29247382,-1.1975884
2152,1,77.61315,-0.40377697,5.814786,33.366653,1.0277574,-1.4981129
2153,1,-8.689374,-15.474704,-0.18690291,56.09122,1.8570268,-1.5293113
2154,1,-80.90752,11.44754,11.391581,31.972242,2.6828897,-1.293062
2155,1,-171.9582,-32.224842,-7.189045,43.763256,3.2731557,-0.90125513
2156,1,-232.8186,39.65007,22.086437,6.495086,3.2316496,-0.31571323
2157,1,260.7575,-4.7126327,3.7013657,10.721825,-0.35981265,-0.6077651
2158,1,157.68599,-3.5724576,3.0852458,36.411606,0.42140532,-1.548453
2159,1,78.13357,-0.32482496,5.200964,33.121838,1.5506252,-1.9001948
2160,1,-7.9936624,-15.379706,-0.5794099,55.813675,2.8142278,-1.929915
2161,1,-79.71241,11.644792,11.148242,31.614023,3.9225047,-1.5023068
2162,1,-172.17767,-32.60501,-7.6770678,43.57739,4.787788,-1.0292258
2163,1,-232.95404,40.274895,23.002695,6.0647254,5.4074326,-0.3741675
2164,1,262.20502,-4.7018447,1.8540677,10.730622,-0.7344937,-0.63964444
2165,1,157.85078,-3.5530066,1.8377432,36.42291,0.66469353,-1.5789407
2166,1,79.037506,-0.10845358,4.5508547,33.069134,2.1286259,-1.9428948
2167,1,-7.3726983,-15.309913,-1.28959,56.020878,3.7437077,-1.8587897
2168,1,-78.04005,11.706564,10.568725,31.171488,5.314319,-1.3493347
2169,1,-168.90968,-33.136593,-8.389261,44.061405,6.624834,-0.5461216
2170,1,-231.43839,40.67082,21.107302,6.4453955,7.504372,0.013961977
2171,1,261.98395,-4.512836,-0.33532354,10.910615,-0.86925477,-0.44697684
2172,1,158.2681,-3.3687255,0.80932224,36.905346,0.79392517,-1.2122824
2173,1,79.81413,0.029281853,3.362499,34.237514,2.5268931,-1.4650736
2174,1,-4.869781,-14.847912,-2.154715,56.629807,4.0851226,-1.3626939
2175,1,-73.559395,11.376744,9.048655,32.80551,5.2693114,-0.5585454
2176,1,-165.32477,-32.227352,-10.524488,44.994514,5.9338517,-0.13869338
2177,1,-228.95355,40.18302,20.129196,6.5898333,6.013412,0.035750873
2178,1,259.72635,-3.8566968,-0.26764753,12.442239,-1.0280924,-0.14694197
2179,1,155.84753,-3.3302147,-0.59189594,39.17736,0.76615286,-0.32327178
2180,1,76.607285,0.061654698,2.4673314,37.915405,0.9973795,-0.7362517
2181,1,-6.768894,-13.30745,-2.9659584,58.731594,2.2642486,-0.30799302
2182,1,-79.324036,10.505818,6.2122965,37.228863,1.938119,-0.0854702
2183,1,-170.2478,-27.70644,-9.076647,45.543026,1.8054804,-0.21810976
2184,1,-236.32307,34.90054,15.053271,8.595967,4.5011973,0.43438601
2185,1,230.43681,-0.16066992,-0.17775086,16.563564,0.34700054,0.05473428
2186,1,143.62659,2.804997,1.8197045,31.224253,0.17232326,0.2936608
2187,1,62.318317,-6.5241365,-2.257794,54.08974,-0.875343,0.20048153
2188,1,-5.2599516,8.0744915,4.0335965,41.65308,-0.7141809,0.26271766
2189,1,-81.7409,-15.532775,-5.3848,56.609394,-1.2070855,0.2131739
2190,1,-149.94817,21.086813,8.625201,26.08493,-1.8827293,-0.27867088
2191,1,-216.11646,-27.319006,-11.218745,15.222155,-0.27514443,0.057204746
2192,1,233.84361,0.12729059,1.3422486,15.518623,1.8565518,0.27704105
2193,1,147.64568,2.8776002,2.421373,27.937521,-0.27022552,0.6335055
2194,1,66.3334,-7.315983,-1.5382379,51.98076,-1.3627509,0.85312766
2195,1,0.40832552,8.556906,5.428102,37.713085,-2.4216254,0.63029283
2196,1,-76.8896,-17.930243,-5.728922,55.264378,-3.13721,0.482994
2197,1,-143.1318,23.786493,11.311034,22.653097,-3.6309497,-0.041580774
2198,1,-208.48778,-31.239117,-11.369125,14.874527,-5.5042715,-0.14959498
2199,1,233.84505,0.20454161,2.548056,15.263725,1.2291275,0.3970845
2200,1,148.14812,2.7954607,3.6730125,26.876146,0.076707974,0.9582042
2201,1,66.1251,-7.614622,-0.6529404,50.93523,-1.3936923,1.1487488
2202,1,-0.5765361,8.680764,6.681532,35.96284,-2.611266,1.0443182
2203,1,-77.9019,-18.633633,-4.711065,54.20552,-3.7533584,0.6839855
2204,1,-144.65506,24.401953,12.339357,21.383762,-4.6943264,0.32750258
2205,1,-209.19328,-31.844784,-9.460716,14.22481,-5.276502,0.16282773
2206,1,233.36168,0.18269885,4.166741,15.184892,1.0516529,0.41120243
2207,1,147.48383,2.7452128,4.651586,26.728928,0.053332046,0.9678518
2208,1,65.63204,-7.5488315,0.29536328,50.44364,-0.97589564,1.2040247
2209,1,-1.6548606,8.565271,7.3664694,35.718407,-2.0325463,1.0931447
2210,1,-79.82985,-18.382984,-3.830784,53.48119,-3.02075,0.9000568
2211,1,-146.17119,24.069862,13.338017,21.130346,-3.8696597,0.48106617
2212,1,-209.82742,-31.509668,-9.103154,14.187412,-4.650186,0.1252796
2213,1,232.06001,0.14044319,5.535015,15.173153,0.5809567,0.3087304
2214,1,147.06596,2.810426,5.5454836,26.789766,0.07294635,0.7704987
2215,1,65.032196,-7.5259304,0.8928111,50.403088,-0.6544146,0.9642709
2216,1,-2.3755205,8.55596,7.904868,35.711384,-1.3944656,0.926877
2217,1,-80.3328,-18.187973,-3.2872024,53.414417,-2.072303,0.76189023
2218,1,-147.32155,23.878958,13.550893,21.076132,-2.5737083,0.51484424
2219,1,-209.80144,-30.992739,-8.188269,13.844935,-2.9360764,0.22111998
2220,1,231.8409,0.13244915,6.313123,15.236381,0.2933764,0.1771776
2221,1,146.51701,2.7880456,6.0978417,26.907938,0.02564978,0.42411882
2222,1,64.75257,-7.4495454,1.3284316,50.43652,-0.32685694,0.53532463
2223,1,-2.850385,8.522032,8.179946,35.877827,-0.69484746,0.5186607
2224,1,-81.04421,-18.097118,-2.9833138,53.359985,-1.0523984,0.4543911
2225,1,-147.2564,23.809317,13.795384,21.198023,-1.3415362,0.3030246
2226,1,-209.51405,-30.897675,-8.397697,14.014901,-1.4950153,0.11070754
2227,1,231.23904,0.13782112,6.7185616,15.22576,-0.00095946953,-0.0021357294
2228,1,146.54706,2.8276653,6.2930417,26.944424,0.001362787,0.002011516
2229,1,64.5629,-7.466628,1.4386413,50.4928,-0.0012495688,-0.00041833942
2230,1,-2.9511306,8.539028,8.295889,35.89234,0.00041345388,0.0010769669
2231,1,-81.0078,-18.07498,-2.88559,53.452286,-0.0008745138,4.3346776e-05
2232,1,-147.90953,23.747683,13.796023,21.186264,-5.345917e-05,0.0005954944
2233,1,-209.51913,-30.79119,-8.193803,13.831157,-0.00024408159,-0.00019069387
2234,1,231.84032,0.13390107,6.3157063,15.235607,-0.29203883,-0.17815474
2235,1,146.51768,2.786543,6.095777,26.907871,-0.02486994,-0.4221572
2236,1,64.75298,-7.4494925,1.3298173,50.436237,0.32579345,-0.5347708
2237,1,-2.8506346,8.520995,8.17935,35.87867,0.6947773,-0.5174006
2238,1,-81.04452,-18.096949,-2.982516,53.359848,1.0513225,-0.45380062
2239,1,-147.25801,23.808205,13.794993,21.199062,1.3410659,-0.30222985
2240,1,-209.51532,-30.89667,-8.397196,14.014872,1.494737,-0.11062574
2241,1,232.06233,0.14106986,5.5336185,15.172917,-0.5798886,-0.30762908
2242,1,147.06662,2.808497,5.545368,26.790218,-0.0729189,-0.76982635
2243,1,65.03317,-7.5254707,0.89313495,50.40253,0.65441585,-0.96297604
2244,1,-2.3762083,8.553818,7.9049215,35.71307,1.3937914,-0.92623466
2245,1,-80.33318,-18.187134,-3.286283,53.413933,2.0719326,-0.7610553
2246,1,-147.32481,23.875935,13.550191,21.0784,2.573128,-0.5144113
2247,1,-209.80388,-30.989113,-8.186694,13.8446455,2.935788,-0.22106445
2248,1,233.36487,0.18449949,4.1677303,15.184707,-1.0514067,-0.41112253
2249,1,147.48503,2.7424479,4.650124,26.730217,-0.05300705,-0.9670479
2250,1,65.63349,-7.5475774,0.2965993,50.44265,0.97572786,-1.2033019
2251,1,-1.6559902,8.56218,7.3658605,35.721073,2.0323377,-1.0924691
2252,1,-79.83011,-18.38129,-3.8290973,53.479992,3.0204341,-0.8995808
2253,1,-146.17615,24.064812,13.336512,21.13389,3.8694031,-0.48070756
2254,1,-209.83083,-31.503424,-9.10025,14.186712,4.65024,-0.12509073
2255,1,233.84924,0.20727122,2.5491748,15.263496,-1.2288928,-0.3968598
2256,1,148.14954,2.7918098,3.6717162,26.8775,-0.07661842,-0.95793444
2257,1,66.12678,-7.6126823,-0.6516711,50.934296,1.3937497,-1.1482673
2258,1,-0.5776605,8.677178,6.680893,35.965595,2.611287,-1.0439914
2259,1,-77.90221,-18.631962,-4.7094226,54.20435,3.75341,-0.6836149
2260,1,-144.66022,24.396973,12.338072,21.387484,4.6945567,-0.32742566
2261,1,-209.19699,-31.83886,-9.458277,14.224164,5.276925,-0.16283222
2262,1,233.84811,0.13138029,1.3439202,15.518433,-1.8562057,-0.27704763
2263,1,147.64763,2.8727036,2.4196997,27.93891,0.27032503,-0.63339585
2264,1,66.3351,-7.3130913,-1.53659,51.979694,1.3629322,-0.85292435
2265,1,0.4080918,8.552592,5.427044,37.71578,2.421858,-0.6301472
2266,1,-76.88925,-17.928305,-5.7272367,55.26337,3.13752,-0.48284075
2267,1,-143.13614,23.781713,11.309264,22.656572,3.6313465,0.04160251
2268,1,-208.4909,-31.23377,-11.366401,14.873978,5.504452,0.14970994
2269,1,230.44136,-0.15531917,-0.17506686,16.563002,-0.3470946,-0.054590568
2270,1,143.62822,2.798678,1.8170934,31.226496,-0.17217492,-0.29372382
2271,1,62.3205,-6.519647,-2.2553823,54.087505,0.87540466,-0.20038472
2272,1,-5.26038,8.068297,4.031537,41.65722,0.7143494,-0.26268962
2273,1,-81.73992,-15.528459,-5.382586,56.606895,1.2072325,-0.21316953
2274,1,-149.9522,21.079063,8.622717,26.089556,1.8827944,0.27869523
2275,1,-216.11917,-27.310095,-11.215316,15.22117,0.27566516,-0.05732163
2276,1,202.97182,3.5850246,1.6892229,12.37046,1.7170647,0.08460295
2277,1,126.12243,-4.81972,-2.0185292,41.59936,-0.17677063,0.061872113
2278,1,57.0765,7.7541885,3.0825908,40.4112,0.097973675,0.1998759
2279,1,-10.635831,-9.259458,-3.6684496,59.5995,-0.557116,0.16994627
2280,1,-72.224556,13.879739,5.3499007,38.462795,-0.7014123,-0.051278815
2281,1,-134.53656,-17.186844,-6.9127426,40.079987,-0.22077319,0.14318578
2282,1,-191.8311,21.166174,9.140644,10.076135,-2.5479264,-0.09113429
2283,1,206.91087,3.692005,2.1722238,10.862227,1.9750805,0.11954906
2284,1,130.43848,-5.283235,-1.4463986,39.614777,0.6990052,0.40598965
2285,1,62.37744,8.210848,3.9987454,36.80781,-0.5069023,0.43235764
2286,1,-5.736381,-10.628691,-3.708859,57.79397,-1.1642778,0.45382348
2287,1,-66.13039,15.231779,6.87882,34.81083,-1.8169538,0.18413399
2288,1,-128.73817,-19.803965,-7.5143986,38.789642,-2.6378071,0.043789815
2289,1,-185.96346,23.750664,10.088437,8.726322,-2.8901327,-0.005065905
2290,1,207.76892,3.590556,3.3114612,10.508762,2.2647383,0.23949309
2291,1,131.19092,-5.402699,-0.5650983,38.686077,0.6885189,0.57704526
2292,1,62.960537,8.243169,4.982571,35.074093,-0.44171733,0.6669684
2293,1,-5.223304,-11.101387,-2.984852,56.54457,-1.5375473,0.6080133
2294,1,-66.2456,15.608027,7.8186975,33.019238,-2.4205801,0.41522866
2295,1,-128.25047,-20.441492,-6.692166,37.69703,-3.2824924,0.16662584
2296,1,-184.05328,24.426046,11.189811,8.35478,-4.797217,-0.048911806
2297,1,206.83783,3.6308227,4.639787,10.320846,1.5755361,0.22771205
2298,1,130.85309,-5.374709,0.39198732,38.215504,0.6995254,0.6060094
2299,1,62.41259,8.137539,5.71053,34.61272,-0.3125665,0.70788765
2300,1,-6.1874332,-10.990555,-2.14105,55.653492,-1.255256,0.6790366
2301,1,-67.22441,15.40065,8.496717,32.536846,-2.1587539,0.4713404
2302,1,-129.44394,-20.100151,-5.983759,37.02047,-2.9651835,0.30342162
2303,1,-185.2406,24.124767,12.140714,7.9950705,-3.5068347,0.12264214
2304,1,206.1377,3.6272235,5.603146,10.352647,1.1109416,0.19840282
2305,1,130.2451,-5.357476,1.1525674,38.048454,0.46916834,0.49113762
2306,1,61.860813,8.150368,6.330697,34.438328,-0.19917086,0.5777625
2307,1,-6.687485,-10.882061,-1.6248924,55.384903,-0.87603575,0.5622438
2308,1,-68.178024,15.327481,8.938684,32.29779,-1.4862193,0.444004
2309,1,-129.9121,-19.863998,-5.3230457,36.716812,-2.0540833,0.2810535
2310,1,-184.66803,23.820415,12.055237,8.070783,-2.6062796,0.06470881
2311,1,205.32115,3.6692622,6.4308567,10.307467,0.51087,0.0999264
2312,1,129.95372,-5.302025,1.6445966,38.006603,0.23771986,0.2673377
2313,1,61.501568,8.142491,6.660073,34.457355,-0.10022945,0.32674226
2314,1,-7.1317496,-10.792135,-1.2575768,55.23948,-0.44995773,0.32277846
2315,1,-68.417755,15.298317,9.191026,32.316803,-0.7767335,0.25383323
2316,1,-130.32796,-19.728888,-5.1087914,36.55595,-1.0460796,0.1837307
2317,1,-185.02878,23.72754,12.3823805,7.884565,-1.2304304,0.07278127
2318,1,205.32416,3.6377327,6.5518923,10.361901,0.0006034495,0.0015389877
2319,1,129.76328,-5.305089,1.8205745,38.012302,-0.0006863502,-0.00078232156
2320,1,61.39133,8.164612,6.811061,34.44073,0.00044390943,0.0011619966
2321,1,-7.207261,-10.776052,-1.1759068,55.261345,-0.000689025,-0.00015286024
2322,1,-68.74685,15.29401,9.2864895,32.26637,0.00013296088,0.0007081249
2323,1,-130.29327,-19.696213,-4.956376,36.56034,-0.00035459932,-7.932991e-05
2324,1,-184.53906,23.681387,12.206576,8.023708,0.00018093357,0.00037377648
2325,1,205.32228,3.6678307,6.429335,10.3080015,-0.5113088,-0.09887548
2326,1,129.95367,-5.3007846,1.6459517,38.006252,-0.23795567,-0.2674904
2327,1,61.50188,8.141328,6.6591973,34.45788,0.10036078,-0.32540512
2328,1,-7.131823,-10.791635,-1.2567626,55.239174,0.44920227,-0.32244948
2329,1,-68.418434,15.297437,9.190625,32.31768,0.7766337,-0.25287727
2330,1,-130.32904,-19.728235,-5.108266,36.55575,1.0456992,-0.18360503
2331,1,-185.02985,23.7268,12.382062,7.8847804,1.2306494,-0.07246777
2332,1,206.13899,3.6256857,5.603575,10.3529,-1.1108452,-0.19857763
2333,1,130.24617,-5.355919,1.1529253,38.04792,-0.46897358,-0.49034423
2334,1,61.860893,8.1484375,6.3303523,34.43957,0.19883846,-0.5772624
2335,1,-6.687269,-10.88096,-1.6241498,55.384106,0.87591267,-0.5614202
2336,1,-68.17954,15.325434,8.938251,32.299744,1.4858224,-0.44355473
2337,1,-129.9141,-19.861961,-5.3220367,36.71613,2.053953,-0.28065172
2338,1,-184.67021,23.817745,12.054226,8.071316,2.6065936,-0.064544365
2339,1,206.84087,3.6280077,4.6383367,10.321496,-1.5753615,-0.22736208
2340,1,130.85463,-5.3721046,0.39337906,38.21465,-0.69955015,-0.60556424
2341,1,62.412754,8.134547,5.7095084,34.614803,0.31254834,-0.7073589
2342,1,-6.186996,-10.988549,-2.1397467,55.65206,1.2550952,-0.6784975
2343,1,-67.22667,15.397332,8.495805,32.539883,2.1586628,-0.4709189
2344,1,-129.44658,-20.09656,-5.9819756,37.019165,2.9652243,-0.3031669
2345,1,-185.24365,24.120165,12.138843,7.9959645,3.5071664,-0.12263839
2346,1,207.77237,3.5866375,3.3102562,10.50957,-2.2646317,-0.2394884
2347,1,131.19296,-5.399015,-0.56358975,38.68529,-0.68845046,-0.576728
2348,1,62.96092,8.239359,4.9813123,35.076397,0.44173324,-0.66664934
2349,1,-5.222732,-11.09894,-2.9833918,56.54309,1.5375737,-0.607633
2350,1,-66.24786,15.604512,7.8176904,33.022526,2.4207034,-0.4150164
2351,1,-128.25336,-20.438036,-6.6905446,37.69569,3.2827432,-0.16640386
2352,1,-184.05676,24.421747,11.188258,8.355684,4.7975197,0.04901795
2353,1,206.91515,3.6865933,2.170264,10.863055,-1.9752065,-0.119448215
2354,1,130.44055,-5.278277,-1.444349,39.613922,-0.6988797,-0.40584993
2355,1,62.37827,8.205999,3.9970248,36.81034,0.5069308,-0.43222436
2356,1,-5.735545,-10.62551,-3.7072027,57.792397,1.1643939,-0.45359978
2357,1,-66.13221,15.227928,6.877512,34.81419,1.8171494,-0.18404263
2358,1,-128.74059,-19.800539,-7.512656,38.788345,2.638002,-0.043698207
2359,1,-185.96658,23.746664,10.086741,8.727257,2.8907418,0.0049963915
2360,1,202.97578,3.5777054,1.6860133,12.3717165,-1.716872,-0.084764995
2361,1,126.12447,-4.8128357,-2.0155065,41.597713,0.17665802,-0.061781816
2362,1,57.07707,7.747513,3.0799809,40.414993,-0.09785975,-0.19986588
2363,1,-10.634777,-9.254348,-3.6661208,59.59663,0.5571115,-0.16988552
2364,1,-72.22633,13.873777,5.347789,38.467495,0.70148665,0.051305287
2365,1,-134.5386,-17.181095,-6.9104586,40.07776,0.22100152,-0.14317803
2366,1,-191.83414,21.159542,9.138002,10.077428,2.5477457,0.09121823
2367,1,175.60031,-6.8959503,-2.66251,15.949773,0.7137449,-0.050599847
2368,1,111.152725,8.133772,3.1466959,30.905006,0.8085241,0.11554916
2369,1,47.390285,-7.3574533,-3.1716735,55.06562,-0.055493474,0.09614739
2370,1,-8.9972725,10.820533,3.9273245,43.555576,-0.025293194,0.037581958
2371,1,-65.69177,-10.892151,-4.626377,54.31763,-0.11568256,0.16247013
2372,1,-116.93168,14.824781,5.91609,28.669033,-0.99928766,-0.090932235
2373,1,-168.21072,-15.895184,-7.026324,14.872419,-0.26632458,0.017211383
2374,1,179.88144,-7.4532785,-2.5029993,15.039617,3.1432793,0.13102326
2375,1,115.93953,8.688903,4.0074553,27.816017,1.0812879,0.1939437
2376,1,52.15716,-8.269297,-3.1665964,53.139267,0.36360842,0.31105706
2377,1,-3.4686007,11.634326,4.934741,39.907066,-0.38199654,0.2262448
2378,1,-60.63811,-12.564889,-4.9801893,52.5821,-0.96214026,0.17150562
2379,1,-111.78339,16.48686,6.828357,25.732843,-1.4526427,0.028911863
2380,1,-162.61777,-17.753147,-6.615558,14.1036215,-3.5617764,-0.017572535
2381,1,180.80124,-7.3857346,-1.3733674,14.66269,2.6842399,0.13265167
2382,1,116.98332,8.669294,4.7659144,26.56718,1.5625572,0.3446108
2383,1,53.304314,-8.586375,-2.4842227,51.774036,0.32833377,0.41520748
2384,1,-2.7167397,11.841333,5.7386274,37.9874,-0.55018157,0.3489814
2385,1,-59.584206,-13.101015,-4.4587307,51.194283,-1.448282,0.2280412
2386,1,-110.54509,16.97386,7.5787816,24.426752,-2.4601662,0.07772151
2387,1,-161.32118,-18.440496,-6.569398,13.663729,-3.1190062,0.054403685
2388,1,180.19629,-7.462707,-0.54588985,14.48281,2.4155595,0.17688282
2389,1,116.58077,8.60974,5.618399,26.099596,1.275271,0.35901532
2390,1,52.762753,-8.529558,-1.7045854,50.91498,0.3577504,0.43073362
2391,1,-3.2174163,11.678172,6.3301916,37.289738,-0.56658804,0.37113202
2392,1,-60.414726,-12.900264,-3.7622507,50.25235,-1.3801056,0.28492877
2393,1,-111.16847,16.706764,8.15634,23.860752,-2.1580083,0.13002352
2394,1,-160.88406,-18.151499,-5.906244,13.456919,-3.3298361,0.017053599
2395,1,179.32623,-7.379172,0.5382411,14.327984,1.5311424,0.11096824
2396,1,116.01019,8.601416,6.2423563,25.903502,0.9106513,0.28050914
2397,1,52.367844,-8.475245,-1.1695241,50.561775,0.23341218,0.35471103
2398,1,-3.8970063,11.641236,6.817936,36.946983,-0.3924999,0.31591973
2399,1,-60.901226,-12.765729,-3.2661576,49.837154,-1.020686,0.23969537
2400,1,-111.62721,16.591728,8.455081,23.592949,-1.5865743,0.14771642
2401,1,-161.60066,-17.918531,-5.2944374,13.203312,-2.0213625,0.07785308
2402,1,178.84424,-7.418305,0.9390934,14.341065,0.77977234,0.07204385
2403,1,115.71093,8.589343,6.6719065,25.854345,0.45139796,0.15779467
2404,1,52.006264,-8.403652,-0.7954358,50.372395,0.12021635,0.19498613
2405,1,-4.147277,11.619238,7.0580106,36.867134,-0.2156165,0.17798798
2406,1,-61.34678,-12.654587,-2.967305,49.60278,-0.5199142,0.14765996
2407,1,-111.88699,16.511126,8.7224245,23.495646,-0.80487424,0.08534043
2408,1,-160.97842,-17.82661,-5.2378726,13.232253,-1.1290665,0.024258919
2409,1,178.61977,-7.3623147,1.2774789,14.275895,-0.0005104579,-0.0008434642
2410,1,115.5543,8.595569,6.798863,25.822691,0.00016438539,0.00097508304
2411,1,51.95449,-8.396737,-0.7014063,50.363373,-0.0004698082,-0.00030362795
2412,1,-4.351455,11.632862,7.1791906,36.804775,0.00016085402,0.00075408304
2413,1,-61.363293,-12.638456,-2.877779,49.58625,-0.0003151647,-8.8483896e-05
2414,1,-111.953415,16.512392,8.740119,23.438993,0.00019386347,0.00046184103
2415,1,-161.53069,-17.788202,-5.0242586,13.1047125,0.00015072417,-0.00022444632
2416,1,178.8446,-7.41673,0.9403455,14.340706,-0.7798181,-0.07244101
2417,1,115.71155,8.587822,6.670958,25.854912,-0.45160735,-0.15682168
2418,1,52.006294,-8.402539,-0.79459566,50.372005,-0.12067845,-0.19491328
2419,1,-4.147392,11.618259,7.0574846,36.867893,0.21560858,-0.17700358
2420,1,-61.34733,-12.653952,-2.9667873,49.60244,0.51957035,-0.14749292
2421,1,-111.88792,16.510496,8.722127,23.496166,0.8050632,-0.084697194
2422,1,-160.97937,-17.826157,-5.2376842,13.23214,1.1294811,-0.02434059
2423,1,179.32805,-7.37694,0.5386494,14.327852,-1.5314361,-0.11057325
2424,1,116.010895,8.599208,6.241826,25.904537,-0.9109603,-0.2802771
2425,1,52.368378,-8.473434,-1.1687562,50.560913,-0.233495,-0.3540779
2426,1,-3.8974993,11.639369,6.8173904,36.94865,0.39223072,-0.31549883
2427,1,-60.902092,-12.764185,-3.2653654,49.836266,1.0206667,-0.2391769
2428,1,-111.629105,16.5899,8.454467,23.594154,1.586723,-0.1474533
2429,1,-161.60245,-17.916702,-5.2937403,13.203011,2.0217483,-0.07776578
2430,1,180.19847,-7.458941,-0.543776,14.48246,-2.415734,-0.17685512
2431,1,116.58221,8.606224,5.616929,26.10128,-1.2753444,-0.35873643
2432,1,52.763542,-8.526609,-1.7032093,50.913563,-0.35790604,-0.43027955
2433,1,-3.2180967,11.67519,6.329203,37.292347,0.5665329,-0.37075263
2434,1,-60.4158,-12.897628,-3.760983,50.25081,1.3801214,-0.28454405
2435,1,-111.17109,16.703655,8.15519,23.862658,2.1582458,-0.12978952
2436,1,-160.88664,-18.148314,-5.9049506,13.456361,3.3302946,-0.016888458
2437,1,180.8044,-7.3806086,-1.3714083,14.662308,-2.6844134,-0.13247037
2438,1,116.98509,8.664516,4.7641654,26.56917,-1.5626347,-0.34442952
2439,1,53.305363,-8.582476,-2.4825299,51.772472,-0.32838753,-0.4149024
2440,1,-2.7173162,11.837768,5.7373533,37.990368,0.5502138,-0.34872645
2441,1,-59.585308,-13.098147,-4.4573536,51.192596,1.4484123,-0.22774793
2442,1,-110.54797,16.970827,7.5776997,24.428852,2.4604547,-0.07759747
2443,1,-161.32402,-18.437588,-6.5682797,13.663152,3.119663,-0.054393418
2444,1,179.88458,-7.4464912,-2.5001514,15.039271,-3.143198,-0.13107473
2445,1,115.94175,8.68272,4.005019,27.818296,-1.0814539,-0.19388485
2446,1,52.158337,-8.264272,-3.1644766,53.13752,-0.36358875,-0.31085294
2447,1,-3.468937,11.63003,4.933119,39.910355,0.38202962,-0.22612321
2448,1,-60.638954,-12.561625,-4.978704,52.580284,0.9622502,-0.17134401
2449,1,-111.78611,16.483803,6.827133,25.73512,1.4529865,-0.028847048
2450,1,-162.62062,-17.750496,-6.6145577,14.102995,3.5619204,0.017671516
2451,1,175.60342,-6.8865137,-2.658507,15.949089,-0.7140813,0.05078585
2452,1,111.15468,8.125228,3.1431832,30.908318,-0.80838174,-0.11560756
2453,1,47.39152,-7.350247,-3.168714,55.062733,0.05535416,-0.09606832
2454,1,-8.997741,10.814324,3.9249113,43.56029,0.02537031,-0.037555117
2455,1,-65.69236,-10.887037,-4.624276,54.314686,0.11573758,-0.16242453
2456,1,-116.93422,14.819889,5.9142,28.672285,0.9992619,0.09093113
2457,1,-168.2132,-15.890639,-7.0243917,14.871512,0.26673916,-0.017272335
2458,1,149.95561,10.724657,4.204977,11.556379,2.1062014,0.11001803
2459,1,93.56366,-9.328106,-3.664599,40.773666,0.3185464,-0.0019688064
2460,1,41.365604,10.228504,3.706257,41.07659,0.51525015,0.07156416
2461,1,-10.159037,-8.440242,-3.6234925,58.948658,0.18311282,0.13995568
2462,1,-56.127853,11.292651,4.2085767,40.44244,-0.2336823,-0.07137404
2463,1,-100.7881,-10.685868,-4.690112,39.585243,0.106674485,0.101259165
2464,1,-142.38887,11.868373,5.342612,11.498475,-1.8935243,-0.014846646
2465,1,154.5069,11.700401,5.494127,10.170439,3.0601747,0.0013469263
2466,1,98.1445,-10.25403,-3.8569725,38.972992,1.936015,0.19089223
2467,1,46.597378,10.936332,4.7193556,37.615,0.9197959,0.18554652
2468,1,-5.5347323,-9.576983,-3.8167777,56.920223,0.34462702,0.15512922
2469,1,-51.23965,12.31802,5.040545,37.076008,-0.265249,0.08634137
2470,1,-96.19664,-12.171466,-4.73291,37.70667,-1.2873284,0.009118436
2471,1,-138.22443,13.013476,5.0357995,10.192054,-2.0861878,-0.012138519
2472,1,155.4267,11.549867,5.9000764,9.802494,3.8073478,0.13466519
2473,1,99.24593,-10.404577,-2.9216528,37.859352,2.2127454,0.23667674
2474,1,47.411694,11.051504,5.4349904,35.77508,1.1688867,0.21630153
2475,1,-4.3855615,-9.969977,-3.2985654,55.437645,0.19589278,0.1992602
2476,1,-50.2075,12.621909,5.714354,35.24607,-0.65089846,0.086474195
2477,1,-94.98997,-12.681336,-4.5130877,36.61099,-1.5647489,0.029853672
2478,1,-135.97322,13.6892395,6.200552,9.76914,-3.233873,-0.03317156
2479,1,154.72134,11.668204,7.282483,9.505963,2.9451466,0.057309825
2480,1,98.59006,-10.386064,-2.2427614,37.227467,1.9324741,0.21005148
2481,1,47.10041,10.944192,6.0748296,35.073254,0.9493956,0.23487161
2482,1,-4.9560633,-9.867388,-2.636126,54.380066,0.10001369,0.18507586
2483,1,-50.573032,12.445968,6.197356,34.50246,-0.7697509,0.10218431
2484,1,-95.071,-12.456663,-3.9202137,35.91084,-1.6535434,0.039617542
2485,1,-136.54945,13.380284,6.4602246,9.465287,-2.331825,0.0151884435
2486,1,153.9454,11.520262,7.7052717,9.5030155,2.0288367,0.07320236
2487,1,98.28763,-10.318234,-1.5748976,36.911556,1.3208071,0.16648716
2488,1,46.533302,10.9088,6.5567145,34.688713,0.65742016,0.1698083
2489,1,-5.3313365,-9.765116,-2.1930902,53.912594,0.00047812675,0.1554792
2490,1,-51.10811,12.387314,6.5673757,34.10506,-0.5790267,0.09348214
2491,1,-95.60673,-12.330053,-3.4463878,35.52277,-1.1715404,0.044644058
2492,1,-136.10214,13.282221,6.7738037,9.419536,-1.9129646,-0.007764206
2493,1,153.65964,11.58343,8.350838,9.385682,1.0082814,0.025418634
2494,1,97.83635,-10.289624,-1.2323079,36.744553,0.66554576,0.08222641
2495,1,46.37116,10.899733,6.826714,34.579712,0.32583746,0.09680918
2496,1,-5.69365,-9.683809,-1.8904424,53.644993,0.00507787,0.08455723
2497,1,-51.366833,12.351329,6.78116,33.968086,-0.32024798,0.05297776
2498,1,-95.68682,-12.2125635,-3.217898,35.328068,-0.62176967,0.033746067
2499,1,-136.8349,13.176928,7.030584,9.284279,-0.8557353,0.015010515
2500,1,153.33324,11.503732,8.348385,9.447062,-0.00017317099,0.0006848161
2501,1,97.89008,-10.261929,-1.080235,36.72305,-0.00039332669,-0.0003809416
2502,1,46.16942,10.899591,6.940476,34.50566,1.7053768e-05,0.00066810224
2503,1,-5.734995,-9.664797,-1.8192306,53.611366,-0.00027717988,-0.00012167509
2504,1,-51.505142,12.360529,6.862379,33.894485,0.00014581613,0.0005261842
2505,1,-95.88417,-12.215176,-3.096786,35.287117,3.4302153e-05,-9.8093835e-05
2506,1,-136.18799,13.189656,7.0021544,9.343412,0.00039544542,0.00032245906
2507,1,153.6605,11.58153,8.349776,9.386061,-1.0090377,-0.024890065
2508,1,97.836624,-10.287933,-1.2313836,36.74414,-0.6660172,-0.08230708
2509,1,46.371384,10.89838,6.8260303,34.58045,-0.3260392,-0.095999904
2510,1,-5.693807,-9.682858,-1.8898782,53.644535,-0.0053962534,-0.08442114
2511,1,-51.367336,12.350628,6.780818,33.968792,0.32038748,-0.052238613
2512,1,-95.68757,-12.212121,-3.2176301,35.32775,0.6219914,-0.03371579
2513,1,-136.8358,13.1767025,7.030457,9.284441,0.8564501,-0.0146825705
2514,1,153.94666,11.517217,7.704543,9.5034275,-2.0293531,-0.07325228
2515,1,98.28868,-10.315553,-1.5739691,36.910862,-1.3210807,-0.16610327
2516,1,46.533478,10.906533,6.555902,34.69021,-0.65775186,-0.16949263
2517,1,-5.331435,-9.763306,-2.192294,53.911564,-0.0005600537,-0.15498416
2518,1,-51.109196,12.385723,6.566807,34.106586,0.57905483,-0.09312655
2519,1,-95.60808,-12.32869,-3.4458098,35.522007,1.1718408,-0.04432493
2520,1,-136.10399,13.281036,6.773287,9.419882,1.9137015,0.007887117
2521,1,154.7238,11.663304,7.2801566,9.50664,-2.9455585,-0.057179973
2522,1,98.59151,-10.381812,-2.240914,37.22636,-1.932799,-0.20975748
2523,1,47.100792,10.940644,6.073419,35.075565,-0.9495581,-0.2346066
2524,1,-4.95612,-9.864465,-2.6348844,54.37837,-0.10010147,-0.18466063
2525,1,-50.574497,12.443388,6.1964145,34.504833,0.7698842,-0.10188406
2526,1,-95.07287,-12.454338,-3.91922,35.90957,1.653897,-0.0393528
2527,1,-136.55196,13.378239,6.4593463,9.465867,2.3325698,-0.015165125
2528,1,155.4293,11.543252,5.8978186,9.803394,-3.807576,-0.13471909
2529,1,99.24792,-10.39879,-2.919453,37.858025,-2.212945,-0.23649232
2530,1,47.412277,11.046848,5.4331417,35.77786,-1.1690078,-0.21609648
2531,1,-4.3854995,-9.96632,-3.2970161,55.435646,-0.19591756,-0.19894688
2532,1,-50.209106,12.619061,5.7132344,35.24884,0.651069,-0.08627057
2533,1,-94.99196,-12.67905,-4.512127,36.609535,1.5651598,-0.02963456
2534,1,-135.97626,13.687459,6.1997066,9.769786,3.2344036,0.033281326
2535,1,154.51001,11.6919155,5.4906116,10.171395,-3.060648,-0.0012347715
2536,1,98.146515,-10.246674,-3.8539479,38.97152,-1.9360602,-0.19077754
2537,1,46.59823,10.930538,4.716971,37.618183,-0.91993374,-0.18545066
2538,1,-5.534575,-9.572497,-3.8149586,56.917946,-0.3446269,-0.154933
2539,1,-51.241177,12.314838,5.0392632,37.07915,0.2654147,-0.086204566
2540,1,-96.198586,-12.169132,-4.7319655,37.705055,1.2875204,-0.009023077
2541,1,-138.22754,13.012039,5.0352874,10.192801,2.0869076,0.012107126
2542,1,149.95842,10.712713,4.2001367,11.557875,-2.106005,-0.11025194
2543,1,93.56581,-9.317703,-3.6604447,40.771286,-0.31886345,0.0020775613
2544,1,41.36627,10.220362,3.7029543,41.081203,-0.51515067,-0.07157575
2545,1,-10.1586685,-8.43373,-3.6209352,58.94512,-0.18319324,-0.13987778
2546,1,-56.129414,11.287866,4.206614,40.446945,0.23372363,0.0713975
2547,1,-100.789604,-10.682157,-4.6885657,39.582886,-0.10646136,-0.1012254
2548,1,-142.39175,11.865672,5.3412995,11.499595,1.8934648,0.014899513
2549,1,124.85723,-14.46202,-5.3281198,15.445594,1.0669951,-0.10612579
2550,1,78.01696,12.499701,4.7435884,29.996094,1.2033236,0.15225887
2551,1,32.050446,-9.676758,-3.6906953,55.102,0.6200471,0.08305504
2552,1,-6.7910776,9.223936,3.651674,44.687885,0.34594923,-0.055572003
2553,1,-48.964428,-8.268393,-3.5279622,52.970547,0.35212764,0.13420247
2554,1,-83.70785,9.233848,3.880488,30.912046,-0.5002955,-0.08578608
2555,1,-116.44016,-7.918317,-3.871598,15.166388,-0.43167332,-0.007634981
2556,1,129.6773,-15.947389,-5.9923058,14.668939,4.398651,0.17200616
2557,1,83.16764,13.536979,6.3772984,26.92763,2.4769504,0.13567439
2558,1,36.35855,-10.660533,-3.8874743,53.040184,1.692621,0.11233962
2559,1,-2.0766494,9.903977,4.5483623,41.168045,0.97518843,0.07945577
2560,1,-44.899323,-9.392627,-3.53288,50.74133,0.24131504,-0.017146612
2561,1,-79.96358,10.143646,4.192459,28.020046,-0.5035363,-0.03787222
2562,1,-112.52032,-8.646738,-2.864681,14.140532,-2.6381817,-0.02081868
2563,1,130.03949,-15.756603,-4.052439,14.152812,4.433307,0.020823892
2564,1,83.31921,13.587311,6.94034,25.635647,3.0889661,0.12193492
2565,1,37.064533,-10.9425335,-3.1579182,51.542244,1.8977503,0.13233943
2566,1,-1.5740826,10.1033,5.268082,39.21991,0.99035424,0.013018651
2567,1,-44.057003,-9.769153,-3.1649983,49.262405,0.0002857724,-0.037183926
2568,1,-78.63415,10.559373,4.946873,26.725508,-1.1808773,-0.09903476
2569,1,-111.52666,-9.280237,-3.242832,13.754787,-2.12552,-0.034240484
2570,1,128.94083,-15.931361,-3.7358634,14.0210705,3.668436,0.08052943
2571,1,82.95608,13.562737,7.8441277,25.072329,2.5419211,0.098542966
2572,1,36.355904,-10.8643055,-2.5103917,50.573055,1.5698092,0.06267899
2573,1,-1.915145,10.029725,5.75372,38.383247,0.6152248,0.0077641974
2574,1,-44.274616,-9.596595,-2.6198251,48.34854,-0.2310267,-0.0569734
2575,1,-78.890045,10.372741,5.300515,26.150528,-1.0737554,-0.08290421
2576,1,-110.963806,-8.980947,-2.3551648,13.518923,-2.3013163,-0.04595607
2577,1,128.79709,-15.710168,-2.7125735,13.787731,2.4903252,0.014001448
2578,1,82.257,13.497052,8.263662,24.771227,1.7141161,0.03603774
2579,1,36.161232,-10.740912,-2.052347,50.137753,1.0195438,0.0429121
2580,1,-2.3479953,10.010806,6.116253,37.949074,0.40576345,-0.0076603275
2581,1,-44.679104,-9.478818,-2.2314317,47.880512,-0.2495318,-0.04183858
2582,1,-79.024506,10.329556,5.637531,25.860596,-0.87909883,-0.05704526
2583,1,-111.84941,-8.933348,-1.9836775,13.342134,-1.3896056,-0.014049326
2584,1,128.04485,-15.767888,-2.5393872,13.814485,1.2238861,0.011053144
2585,1,82.341545,13.509907,8.599429,24.684736,0.8789655,0.01389304
2586,1,35.806652,-10.679995,-1.7741569,49.873478,0.5261892,0.012271684
2587,1,-2.602314,10.006025,6.314389,37.796593,0.17502375,-0.004721685
2588,1,-44.918137,-9.378686,-1.9906929,47.638763,-0.13658267,-0.020391876
2589,1,-79.41415,10.2626915,5.85962,25.734697,-0.44332856,-0.029815666
2590,1,-111.37554,-8.820147,-1.7048432,13.317748,-0.81470275,-0.016270421
2591,1,128.35873,-15.673742,-2.2740128,13.722932,-0.00047122812,-0.00039506075
2592,1,81.90774,13.47124,8.6813,24.624851,-0.00024556028,0.0005168987
2593,1,35.8188,-10.652638,-1.6884626,49.850468,-0.00032185213,-0.00015544385
2594,1,-2.70142,10.015159,6.3940654,37.71934,2.4733758e-05,0.00050772127
2595,1,-45.017998,-9.368789,-1.9161505,47.592678,-4.3847795e-05,-5.6165238e-05
2596,1,-79.30106,10.287382,5.908911,25.685123,0.00030712152,0.0003795376
2597,1,-112.06579,-8.84332,-1.5847708,13.250482,0.0004227663,-0.00017346215
2598,1,128.04536,-15.765569,-2.5382843,13.814244,-1.224675,-0.011268426
2599,1,82.342094,13.507952,8.598483,24.685402,-0.87952423,-0.013389955
2600,1,35.80682,-10.678499,-1.7734717,49.8729,-0.52666384,-0.012181244
2601,1,-2.6025233,10.005051,6.3139224,37.797405,-0.17509829,0.005403098
2602,1,-44.9185,-9.378037,-1.9903486,47.63833,0.13660875,0.02053331
2603,1,-79.41482,10.262395,5.859464,25.735165,0.44385153,0.030364132
2604,1,-111.37644,-8.820161,-1.7048608,13.317602,0.8155797,0.016183166
2605,1,128.79855,-15.706206,-2.7114415,13.787402,-2.490973,-0.013820265
2606,1,82.25786,13.493778,8.262397,24.772423,-1.7147456,-0.035865635
2607,1,36.161736,-10.73829,-2.0513494,50.136623,-1.0198491,-0.042534065
2608,1,-2.348512,10.008962,6.1155086,37.950726,-0.40591148,0.008021131
2609,1,-44.679703,-9.4773445,-2.2308009,47.879562,0.249669,0.042233694
2610,1,-79.02587,10.328563,5.637149,25.861586,0.87961143,0.057316642
2611,1,-111.85106,-8.932749,-1.983466,13.341841,1.390465,0.014147553
2612,1,128.94272,-15.9251995,-3.7331116,14.020632,-3.6690392,-0.08047687
2613,1,82.95759,13.557682,7.8418655,25.074085,-2.5422947,-0.09844193
2614,1,36.356663,-10.860213,-2.5087984,50.57128,-1.5701333,-0.062300526
2615,1,-1.915803,10.026867,5.752551,38.385773,-0.61529016,-0.007472996
2616,1,-44.275414,-9.594229,-2.618863,48.347,0.23117098,0.057347022
2617,1,-78.89185,10.3710985,5.299858,26.152065,1.0742693,0.08314659
2618,1,-110.96626,-8.979924,-2.354852,13.518431,2.30213,0.046119906
2619,1,130.0421,-15.748183,-4.0496874,14.152099,-4.4336743,-0.020663861
2620,1,83.32102,13.580399,6.937615,25.637932,-3.0893166,-0.12183022
2621,1,37.06561,-10.936998,-3.1558208,51.53995,-1.8979667,-0.13205118
2622,1,-1.5748307,10.099728,5.2665176,39.223022,-0.9903708,-0.012781207
2623,1,-44.057716,-9.766367,-3.1638615,49.260513,-0.00012136695,0.037505418
2624,1,-78.63636,10.55782,4.9462,26.727371,1.1813288,0.09920915
2625,1,-111.52946,-9.279507,-3.242526,13.754205,2.1264083,0.034290057
2626,1,129.67938,-15.936905,-5.987804,14.668321,-4.3986187,-0.17210737
2627,1,83.169914,13.528428,6.3735456,26.930197,-2.477281,-0.13563858
2628,1,36.359676,-10.653678,-3.8847764,53.03752,-1.6927733,-0.11214065
2629,1,-2.0773768,9.89976,4.5465007,41.171608,-0.9751852,-0.07925765
2630,1,-44.90007,-9.389379,-3.5316863,50.739193,-0.24120286,0.017318405
2631,1,-79.96576,10.1421795,4.191874,28.022224,0.503966,0.038011
2632,1,-112.52345,-8.64647,-2.8648741,14.139863,2.6385946,0.020916643
2633,1,124.85948,-14.446961,-5.3222513,15.444429,-1.0675228,0.1064308
2634,1,78.01916,12.487537,4.738744,29.999992,-1.2031349,-0.15237352
2635,1,32.051983,-9.667006,-3.6870518,55.09787,-0.62029916,-0.08294124
2636,1,-6.7922044,9.2179,3.6490483,44.69305,-0.34587637,0.055616915
2637,1,-48.964737,-8.263656,-3.5261297,52.967354,-0.3520674,-0.13413043
2638,1,-83.70995,9.231414,3.8793108,30.91528,0.50033134,0.085808955
2639,1,-116.442894,-7.917392,-3.8709536,15.165476,0.43215245,0.0076008374
2640,1,101.29175,19.087002,7.4511194,10.774413,2.8354783,0.26247326
2641,1,58.948185,-15.109509,-5.0126057,42.232487,1.1766815,-0.020493824
2642,1,29.54266,8.865948,4.091582,41.62535,0.96435547,0.018968796
2643,1,-8.008074,-9.22981,-3.06521,57.658783,0.9623151,0.14590737
2644,1,-37.42835,6.3805094,3.2610097,41.53725,0.31651142,-0.1937153
2645,1,-68.7114,-7.039075,-2.9438767,38.2965,0.28389877,0.022559857
2646,1,-89.20021,4.8475533,2.818915,12.364275,-1.4057338,-0.015507671
2647,1,106.2458,21.139055,10.762683,9.187819,4.94511,-0.038971905
2648,1,63.099304,-16.541971,-5.7346153,40.44392,3.49284,0.15283641
2649,1,34.20003,9.464845,5.5312448,38.06079,2.6060987,0.114893936
2650,1,-4.8520074,-10.092238,-2.8359303,55.124836,1.8213806,-0.09705489
2651,1,-34.185543,7.03431,3.8673086,38.25384,0.8987147,-0.1644193
2652,1,-65.631256,-7.830819,-2.529909,35.970806,-0.38166037,-0.20507601
2653,1,-86.64166,5.1964045,2.11124,11.030062,-1.6858065,-0.08540983
2654,1,105.11728,20.806355,10.753788,8.926949,5.4873376,0.12015401
2655,1,62.85517,-16.699144,-4.275036,39.20454,4.0691957,0.10373942
2656,1,33.311436,9.636888,6.3718677,36.10719,2.7993531,-0.079521395
2657,1,-5.080313,-10.2794075,-2.3168595,53.60225,1.5877463,-0.17966102
2658,1,-33.721363,7.347853,4.489881,36.57585,0.53061527,-0.29215747
2659,1,-65.00303,-8.22678,-2.401215,34.96079,-0.58468187,-0.24322666
2660,1,-85.21901,5.7802014,3.508012,10.653359,-2.197693,-0.11685916
2661,1,104.59419,21.065908,12.533762,8.501837,4.4718766,-0.035573166
2662,1,61.500725,-16.621382,-3.7157931,38.491447,3.105125,-0.061748605
2663,1,32.92095,9.72116,6.905518,35.415615,2.0327241,-0.12841627
2664,1,-5.337031,-10.114704,-1.8776094,52.65194,1.1330317,-0.2273747
2665,1,-33.924652,7.276274,4.8197327,35.86644,0.17996278,-0.2647843
2666,1,-64.81539,-8.022328,-1.8303461,34.382423,-0.7829004,-0.24081935
2667,1,-85.924515,5.486665,3.6938725,10.418609,-1.5701374,-0.0974819
2668,1,103.56611,20.810318,12.599888,8.556472,2.7476661,-0.043921925
2669,1,61.879234,-16.410793,-3.194413,38.21381,2.1010063,-0.084701166
2670,1,32.555965,9.702385,7.161086,35.006596,1.3932353,-0.1352243
2671,1,-5.7057614,-9.97157,-1.5688643,52.205986,0.6721329,-0.17689766
2672,1,-34.194057,7.2676663,5.082052,35.515675,0.051088464,-0.20716669
2673,1,-65.304596,-7.953315,-1.4619858,34.069603,-0.58388644,-0.17467026
2674,1,-85.61037,5.5284767,4.2986326,10.361523,-1.3299067,-0.08039466
2675,1,104.32827,20.878147,12.913868,8.420475,1.4762919,-0.015310377
2676,1,61.169983,-16.414806,-3.006505,38.012318,1.0295484,-0.049529657
2677,1,32.351578,9.726114,7.333566,34.895935,0.6617167,-0.08003262
2678,1,-5.885474,-9.892697,-1.4018646,51.96644,0.3326032,-0.09905652
2679,1,-34.47955,7.2499156,5.2419057,35.37264,-0.009358187,-0.10929919
2680,1,-65.294685,-7.8491216,-1.2226362,33.92984,-0.33279157,-0.09046717
2681,1,-86.50152,5.4078155,4.523535,10.287744,-0.5872928,-0.035055976
2682,1,103.12545,20.7709,12.893389,8.481266,-0.00060256594,0.00034920682
2683,1,61.59927,-16.332956,-2.9513173,38.0022,-0.00045687545,-0.00018339102
2684,1,32.29095,9.70915,7.3683434,34.817196,-0.00019148728,0.00043046667
2685,1,-5.987086,-9.869298,-1.3450058,51.922256,-0.00017261342,-3.536788e-05
2686,1,-34.4951,7.266992,5.291487,35.319458,0.0001655654,0.00041990043
2687,1,-65.56078,-7.8662367,-1.1326307,33.889606,0.00027595487,-4.969782e-05
2688,1,-85.90192,5.471195,4.6342077,10.308371,0.00059252646,0.00025198984
2689,1,104.329,20.875322,12.912418,8.42077,-1.477313,0.015556195
2690,1,61.17057,-16.412472,-3.0055926,38.011684,-1.0304303,0.04956642
2691,1,32.35158,9.724628,7.332862,34.896786,-0.6621723,0.08054118
2692,1,-5.885503,-9.89161,-1.4013839,51.965866,-0.332859,0.09926031
2693,1,-34.48004,7.2494617,5.241683,35.37334,0.009631104,0.10991063
2694,1,-65.29519,-7.848898,-1.2225027,33.929554,0.33339694,0.0905488
2695,1,-86.50236,5.408086,4.523636,10.28793,0.58847713,0.035351586
2696,1,103.56734,20.805273,12.597856,8.557068,-2.7488232,0.043898553
2697,1,61.88043,-16.406694,-3.193027,38.212685,-2.1016488,0.084900774
2698,1,32.55594,9.699719,7.159911,35.008213,-1.3937267,0.13551587
2699,1,-5.7057447,-9.9694395,-1.5680228,52.204838,-0.6722963,0.17729941
2700,1,-34.195034,7.2665963,5.081614,35.517117,-0.05085927,0.2075608
2701,1,-65.3055,-7.9525123,-1.4616455,34.068974,0.5845001,0.17497502
2702,1,-85.612144,5.528459,4.298589,10.361885,1.3310425,0.0805224
2703,1,104.59658,21.058418,12.529797,8.502417,-4.4725256,0.035607383
2704,1,61.50254,-16.615147,-3.7134712,38.489784,-3.1058724,0.06202815
2705,1,32.92092,9.717151,6.9036927,35.418007,-2.0330915,0.12861742
2706,1,-5.337022,-10.111435,-1.876361,52.65017,-1.1332116,0.22780547
2707,1,-33.925926,7.274634,4.819052,35.868603,-0.17971992,0.2651476
2708,1,-64.816734,-8.021034,-1.8298261,34.381443,0.7835038,0.24112311
2709,1,-85.92684,5.4866242,3.693848,10.419163,1.5712641,0.097547546
2710,1,105.119804,20.795778,10.749779,8.928063,-5.4877963,-0.12027201
2711,1,62.857685,-16.690376,-4.2721252,39.202095,-4.069512,-0.10352513
2712,1,33.311428,9.631459,6.369374,36.11034,-2.7996953,0.079729125
2713,1,-5.079983,-10.275023,-2.31523,53.599873,-1.5879128,0.18007495
2714,1,-33.723007,7.3460145,4.4889684,36.57862,-0.5303939,0.29245588
2715,1,-65.00437,-8.225476,-2.400667,34.95951,0.5852552,0.24352342
2716,1,-85.22211,5.780605,3.5079272,10.654073,2.1986077,0.11698481
2717,1,106.248314,21.126434,10.756535,9.188729,-4.9454947,0.039142344
2718,1,63.10177,-16.53133,-5.7302117,40.441223,-3.4930718,-0.15268257
2719,1,34.20017,9.458438,5.5281267,38.064194,-2.6062503,-0.114665724
2720,1,-4.851927,-10.086822,-2.8341172,55.122097,-1.8214539,0.097316965
2721,1,-34.187103,7.032371,3.8663251,38.257088,-0.8985171,0.16471714
2722,1,-65.632805,-7.8294835,-2.5295706,35.969383,0.3820325,0.20521969
2723,1,-86.644936,5.197453,2.1118479,11.030911,1.686717,0.085415594
2724,1,101.29388,19.068316,7.443993,10.776224,-2.8350024,-0.2629133
2725,1,58.95173,-15.094086,-5.007105,42.22799,-1.1771835,0.020714551
2726,1,29.542059,8.856891,4.08765,41.63049,-0.964237,-0.018926976
2727,1,-8.007454,-9.222197,-3.0626082,57.654575,-0.9623791,-0.14579163
2728,1,-37.430565,6.377583,3.2593436,41.541946,-0.31642053,0.19382398
2729,1,-68.712326,-7.0370507,-2.9429958,38.294506,-0.28365695,-0.022520758
2730,1,-89.20341,4.8485513,2.8187718,12.365565,1.405845,0.01555712
2731,1,76.18046,-26.293339,-8.360318,17.899437,2.0411472,-0.24755156
2732,1,46.582146,14.018678,6.1631684,30.042824,2.0188577,0.35447413
2733,1,18.68023,-13.989931,-3.1472125,58.37119,2.22614,0.19112802
2734,1,5.2589326,0.07836961,3.1927714,45.245213,1.3056165,-0.3438665
2735,1,-33.4766,-9.911748,-2.6118803,47.669487,0.8587998,-0.05890467
2736,1,-50.412106,3.3169856,2.5483534,31.238474,0.02184234,-0.2615756
2737,1,-63.58607,-3.1700616,-1.806279,13.699649,-0.5654834,-0.08948657
2738,1,80.60458,-29.309599,-10.225498,17.40017,6.777173,0.37461025
2739,1,51.468166,15.193467,9.763706,26.253654,5.3634906,0.30951792
2740,1,19.79071,-14.779451,-2.7051494,55.50269,4.0165577,-0.17454718
2741,1,6.5041423,0.47019282,3.8901246,41.714077,2.5815103,-0.4333648
2742,1,-32.267788,-10.549247,-2.476904,45.076878,1.2778568,-0.5541765
2743,1,-48.570618,3.8472364,2.6748662,28.579464,0.1479331,-0.3987733
2744,1,-61.303524,-3.3026521,-0.21020612,12.560084,-1.8429579,-0.17511135
2745,1,77.81269,-28.836786,-5.9394665,16.460129,7.374002,-0.044593383
2746,1,47.456726,15.454799,10.61395,24.612988,4.9958405,-0.19060946
2747,1,17.598448,-14.665601,-2.0654533,54.19014,3.3181257,-0.41990176
2748,1,5.8740034,0.7312119,4.241502,40.18572,2.0699086,-0.6061187
2749,1,-32.351,-10.843763,-2.3167717,43.802105,0.8587839,-0.60103303
2750,1,-47.90648,4.1921043,3.3847468,27.548132,-0.41843665,-0.5108468
2751,1,-61.42846,-3.8385775,-0.29411557,12.2791195,-1.4643428,-0.19808377
2752,1,75.65379,-29.020086,-6.0619726,16.503525,4.3845177,-0.16462784
2753,1,47.9455,15.743822,11.125731,24.332392,3.4760659,-0.33529583
2754,1,17.509285,-14.53797,-2.0293832,53.46005,2.4398339,-0.4314367
2755,1,5.596654,0.7373025,4.369058,39.511536,1.390216,-0.53817195
2756,1,-32.332546,-10.71453,-2.0548615,43.13704,0.45132548,-0.5560081
2757,1,-48.145836,4.0232463,3.657196,27.112703,-0.43789795,-0.44322458
2758,1,-61.10371,-3.5409737,0.80862945,12.0894,-1.5645863,-0.18056405
2759,1,77.922844,-28.68803,-6.0054483,16.272255,3.2749054,-0.04696896
2760,1,47.291756,15.534126,11.018278,24.035614,2.3027432,-0.23564884
2761,1,17.132853,-14.360188,-1.9251337,53.10793,1.5291306,-0.34905085
2762,1,5.358006,0.7127503,4.3883696,39.201355,0.87154955,-0.39285573
2763,1,-32.671253,-10.640349,-1.8500888,42.787315,0.20149887,-0.40107116
2764,1,-48.208923,4.027186,3.9886587,26.921028,-0.44000208,-0.31936026
2765,1,-62.06308,-3.6196032,1.1939255,12.009108,-0.9402512,-0.12400743
2766,1,75.48925,-28.747318,-6.06442,16.246666,1.3970139,-0.06531234
2767,1,47.59929,15.609473,10.916297,23.982649,1.0807042,-0.13049054
2768,1,17.120605,-14.346169,-1.9646147,52.903282,0.7403373,-0.17186725
2769,1,5.1226406,0.7258184,4.410817,39.06848,0.3961073,-0.20917553
2770,1,-32.748028,-10.568954,-1.7415572,42.630314,0.078207396,-0.20519422
2771,1,-48.59241,3.95955,4.172564,26.83454,-0.22656329,-0.16587752
2772,1,-61.71846,-3.4803736,1.6401209,11.978426,-0.577398,-0.06600796
2773,1,77.86803,-28.602673,-6.2144976,16.210197,-0.00063319755,-0.00021590221
2774,1,47.27328,15.519443,10.8856125,23.912228,-0.0005382744,0.00033374495
2775,1,17.024422,-14.287506,-1.9720939,52.85772,-0.00038543448,1.6956867e-05
2776,1,5.129818,0.7190055,4.4096866,39.020824,1.2676339e-05,0.00043195652
2777,1,-32.88525,-10.564629,-1.6991464,42.58611,0.0001371455,-8.742419e-06
2778,1,-48.46731,3.9977653,4.2373548,26.80982,0.0004345352,0.00029873592
2779,1,-62.39412,-3.560164,1.7029116,11.960671,0.00070292654,-0.000109927336
2780,1,75.49007,-28.743797,-6.063091,16.246338,-1.3985127,0.06531626
2781,1,47.59972,15.607006,10.915137,23.983353,-1.0817703,0.13077927
2782,1,17.120886,-14.344223,-1.9638762,52.902325,-0.7410618,0.17218241
2783,1,5.1219687,0.72529274,4.4105225,39.06939,-0.39610153,0.20979233
2784,1,-32.748047,-10.568326,-1.7412409,42.630077,-0.07791393,0.20537156
2785,1,-48.593037,3.9595652,4.172567,26.83502,0.2274107,0.16633135
2786,1,-61.71924,-3.4808207,1.6399684,11.978371,0.5787231,0.065956004
2787,1,77.924225,-28.68146,-6.003591,16.271439,-3.2759535,0.047029834
2788,1,47.292934,15.529602,11.016196,24.036886,-2.3038785,0.23581341
2789,1,17.133339,-14.356465,-1.9237647,53.10615,-1.5297288,0.34945413
2790,1,5.356752,0.7116422,4.3878365,39.203182,-0.87161267,0.39331165
2791,1,-32.671288,-10.638915,-1.8494362,42.786766,-0.20117097,0.40143612
2792,1,-48.21018,4.026915,3.9885647,26.922052,0.44081327,0.31964585
2793,1,-62.06443,-3.6200147,1.1938146,12.008975,0.9416098,0.12411383
2794,1,75.65633,-29.010891,-6.0587416,16.502848,-4.3860173,0.16468404
2795,1,47.94681,15.737237,11.122517,24.334084,-3.4768858,0.3353118
2796,1,17.509863,-14.53249,-2.0273514,53.457508,-2.4405093,0.43192777
2797,1,5.5949783,0.73571026,4.368292,39.514214,-1.3902465,0.5386208
2798,1,-32.332657,-10.712355,-2.053947,43.136223,-0.4510474,0.5564033
2799,1,-48.14745,4.022818,3.6570442,27.114185,0.43866935,0.44354057
2800,1,-61.10591,-3.541602,0.8083126,12.089217,1.5658084,0.18073086
2801,1,77.81686,-28.822945,-5.9364448,16.458334,-7.374095,0.044817567
2802,1,47.458946,15.445346,10.6096,24.615534,-4.9968467,0.19066907
2803,1,17.5995,-14.657771,-2.062712,54.18644,-3.3187575,0.4204395
2804,1,5.8716226,0.72914875,4.2402916,40.18933,-2.0700157,0.60656756
2805,1,-32.350708,-10.840959,-2.3156097,43.800903,-0.8585723,0.6014886
2806,1,-47.90871,4.19196,3.3845334,27.55013,0.4191072,0.5111141
2807,1,-61.430855,-3.8397985,-0.29450607,12.2788315,1.4655391,0.1981864
2808,1,80.60679,-29.294006,-10.218753,17.3989,-6.776551,-0.3747918
2809,1,51.471035,15.182676,9.757656,26.25581,-5.363588,-0.30933535
2810,1,19.791464,-14.769711,-2.702001,55.498325,-4.017089,0.17495708
2811,1,6.5018535,0.46809462,3.8886464,41.71819,-2.5815587,0.43389696
2812,1,-32.26766,-10.545741,-2.4758725,45.07558,-1.2776862,0.55447024
2813,1,-48.57277,3.8473763,2.6748486,28.581875,-0.14739963,0.39900428
2814,1,-61.306564,-3.3045588,-0.21141754,12.559776,1.8438107,0.17523594
2815,1,76.18338,-26.268969,-8.352142,17.896355,-2.0416203,0.24826305
2816,1,46.584568,14.002869,6.1569347,30.046862,-2.0184622,-0.35457787
2817,1,18.681906,-13.976288,-3.143366,58.364037,-2.226317,-0.19092673
2818,1,5.253997,0.07548463,3.190372,45.25111,-1.305569,0.34413663
2819,1,-33.4752,-9.90709,-2.6103506,47.66761,-0.8587058,0.058975972
2820,1,-50.414978,3.3168972,2.5477524,31.241796,-0.021687603,0.26167294
2821,1,-63.588585,-3.172377,-1.8066214,13.699317,0.5660167,0.089465395
2822,1,54.215965,34.776924,13.432821,10.485198,6.009581,1.0635358
2823,1,18.300148,-26.792685,-3.9839523,60.121223,5.12615,0.23155287
2824,1,45.25766,-13.919785,3.2044196,45.11773,2.6893942,-0.7645436
2825,1,-2.8663206,-18.928099,-2.6370733,47.43963,1.6055793,-0.30227724
2826,1,-14.677621,-4.18884,2.2444756,39.06527,0.75100476,-0.54258025
2827,1,-39.83372,-8.013415,-1.9749111,28.961367,0.33033338,-0.24377277
2828,1,-38.233974,1.2181376,1.7512634,11.690794,-0.7355766,-0.09166707
2829,1,56.94513,39.001495,25.740864,6.974729,11.557686,0.03713474
2830,1,13.820096,-28.070206,-4.694217,56.83365,7.288889,-0.38006213
2831,1,40.9013,-14.055004,3.4527938,41.46105,4.6702557,-1.0970758
2832,1,-5.7867665,-19.485386,-3.0002582,44.72536,2.676792,-1.1572316
2833,1,-15.697159,-3.760616,2.2458694,36.368282,1.3768677,-0.902663
2834,1,-39.256714,-8.354091,-1.6350802,26.816603,0.07429086,-0.73971236
2835,1,-37.46746,1.310253,1.3897563,10.664566,-1.2598003,-0.26905417
2836,1,46.654938,38.752796,25.005482,6.9894104,6.300729,-0.4827889
2837,1,9.882029,-27.640514,-4.6173596,56.63074,4.898897,-0.9238426
2838,1,39.546837,-14.089211,2.652409,40.58988,3.279571,-1.0303557
2839,1,-6.6644454,-19.970095,-3.2871308,43.667824,1.9758718,-1.1546582
2840,1,-15.634933,-3.6182868,2.3009977,35.20843,0.8413049,-1.0483626
2841,1,-39.12516,-8.75181,-1.5907377,26.04795,-0.2084061,-0.7588213
2842,1,-37.1297,1.7458879,2.9016597,10.389378,-1.5350965,-0.3153702
2843,1,52.924667,39.032093,23.368855,6.8438163,4.6042686,-0.12889427
2844,1,10.613626,-27.93031,-5.7778296,56.212975,3.38,-0.56281036
2845,1,39.25849,-14.106742,2.0910003,40.13816,2.361024,-0.86685544
2846,1,-6.680991,-20.024612,-3.6532233,43.110546,1.3665447,-0.91292983
2847,1,-15.812098,-3.8485224,2.29918,34.68712,0.47914594,-0.8646649
2848,1,-39.078968,-8.642732,-1.1583785,25.678661,-0.40305546,-0.67048216
2849,1,-37.951904,1.4585524,3.3172278,10.251036,-1.0941472,-0.2622135
2850,1,49.166607,38.601562,22.477642,6.6675277,2.8450556,-0.21121496
2851,1,10.512763,-27.647884,-6.487909,55.88176,2.0571923,-0.40316653
2852,1,39.11566,-14.251117,1.5265574,39.936333,1.4126623,-0.5310836
2853,1,-6.8849435,-19.998598,-3.8402827,42.7969,0.8054669,-0.6356162
2854,1,-15.927156,-3.916605,2.2663114,34.465565,0.22665502,-0.59665895
2855,1,-39.463177,-8.675231,-0.8843766,25.477089,-0.32740772,-0.4664935
2856,1,-37.854267,1.5671043,4.110895,10.203788,-0.9719176,-0.1859793
2857,1,52.540726,38.684635,21.604666,6.7498107,1.3215141,-0.047420233
2858,1,10.703188,-27.71149,-6.9580398,55.712006,0.99173397,-0.18353325
2859,1,39.04553,-14.185134,1.1910167,39.777378,0.6811351,-0.2753085
2860,1,-6.8709173,-19.99322,-3.9972594,42.6663,0.37637094,-0.30719176
2861,1,-16.131552,-3.9634476,2.2713547,34.333572,0.084173806,-0.3052674
2862,1,-39.46959,-8.599879,-0.6849405,25.413351,-0.206047,-0.23441935
2863,1,-38.58593,1.4178346,4.352706,10.173393,-0.4238712,-0.09335569
2864,1,49.936565,38.49737,21.558243,6.607166,-0.0008885308,0.00032060785
2865,1,10.806875,-27.591682,-7.121402,55.637985,-0.00076706056,0.00021050226
2866,1,39.035053,-14.237782,1.090486,39.765396,-9.638292e-05,0.00046189094
2867,1,-6.9492664,-19.964905,-4.0446053,42.601704,4.611492e-05,2.3414825e-05
2868,1,-16.114355,-3.9574938,2.2639103,34.31729,0.00028938305,0.00025427277
2869,1,-39.684196,-8.637261,-0.62632036,25.374767,0.00049374084,-4.950217e-05
2870,1,-38.1823,1.5212129,4.559597,10.173649,0.00077797164,0.00015044028
2871,1,52.541477,38.68069,21.602821,6.7497144,-1.3234525,0.047509704
2872,1,10.704261,-27.707352,-6.956548,55.710148,-0.9930699,0.18416311
2873,1,39.04383,-14.18538,1.1906693,39.7787,-0.6813144,0.27605313
2874,1,-6.870133,-19.99216,-3.996754,42.666237,-0.3763098,0.30730256
2875,1,-16.132502,-3.9635804,2.2712972,34.334175,-0.08358064,0.3057314
2876,1,-39.469677,-8.59978,-0.6848285,25.413557,0.2070098,0.23438297
2877,1,-38.586567,1.4183805,4.353001,10.173531,0.42554718,0.09355714
2878,1,49.16998,38.593792,22.474283,6.6676707,-2.8470304,0.2114108
2879,1,10.513999,-27.639585,-6.4849577,55.87832,-2.0584638,0.40377498
2880,1,39.112675,-14.251892,1.5258671,39.939014,-1.4129279,0.5315232
2881,1,-6.8835115,-19.996372,-3.839164,42.796673,-0.8053467,0.63596886
2882,1,-15.928987,-3.917039,2.2661095,34.466938,-0.22613561,0.5969225
2883,1,-39.4633,-8.674856,-0.88405687,25.47734,0.32836333,0.46671346
2884,1,-37.855675,1.5679327,4.1112704,10.204127,0.97342575,0.18605664
2885,1,52.927483,39.02234,23.36343,6.843022,-4.6057954,0.12887381
2886,1,10.615805,-27.918873,-5.773611,56.20847,-3.3813546,0.56332463
2887,1,39.25425,-14.107688,2.0903244,40.14206,-2.361164,0.86737597
2888,1,-6.6790824,-20.021421,-3.6517227,43.11036,-1.3665622,0.9132624
2889,1,-15.814512,-3.8491852,2.2989872,34.68904,-0.4786831,0.86508304
2890,1,-39.079277,-8.642028,-1.1580081,25.6791,0.40394685,0.67071855
2891,1,-37.95368,1.4596679,3.3178341,10.251476,1.0956789,0.26227656
2892,1,46.662697,38.736267,24.997725,6.9898314,-6.3033404,0.48255476
2893,1,9.88411,-27.623556,-4.611399,56.62382,-4.9001164,0.9246455
2894,1,39.54056,-14.091017,2.6511283,40.595623,-3.2800758,1.03093
2895,1,-6.6611366,-19.965649,-3.2849402,43.667175,-1.9760438,1.1552888
2896,1,-15.638636,-3.6187255,2.3004835,35.21106,-0.84091336,1.0488138
2897,1,-39.125027,-8.751218,-1.5902991,26.048458,0.20918003,0.7591002
2898,1,-37.13232,1.7479162,2.9022765,10.390004,1.5363789,0.31549692
2899,1,56.953396,38.98554,25.727552,6.9727745,-11.556474,-0.03668432
2900,1,13.823614,-28.049738,-4.68718,56.82575,-7.290678,0.3806323
2901,1,40.894936,-14.056196,3.4509943,41.46714,-4.67078,1.0981389
2902,1,-5.783346,-19.479218,-2.9981952,44.724693,-2.6769714,1.157854
2903,1,-15.700911,-3.7609167,2.245265,36.37153,-1.3766567,0.9030464
2904,1,-39.256725,-8.353351,-1.634924,26.817234,-0.07373453,0.7399394
2905,1,-37.4701,1.313058,1.3910983,10.665352,1.2609028,0.2690685
2906,1,54.22053,34.748276,13.421692,10.485191,-6.006996,-1.0646552
2907,1,18.306303,-26.76345,-3.9779873,60.106586,-5.1266117,-0.23110364
2908,1,45.244167,-13.920336,3.201518,45.12608,-2.689807,0.7652612
2909,1,-2.8600864,-18.920155,-2.6348684,47.438717,-1.605514,0.30239084
2910,1,-14.683912,-4.189226,2.2433102,39.069187,-0.7510162,0.5428254
2911,1,-39.83261,-8.012399,-1.9744338,28.962645,-0.3300841,0.2437897
2912,1,-38.237022,1.2215202,1.7517818,11.691732,0.73601943,0.09172102
2913,1,0.2141579,-82.990364,-8.030585,57.273293,11.5284395,-1.541056
2914,1,64.61161,-47.28734,0.9661824,41.08789,3.6448853,-1.9332469
2915,1,31.944344,-38.00151,-2.8067122,36.5298,1.9087473,-1.0157919
2916,1,13.996957,-17.955112,1.4525989,37.59419,1.0419095,-0.8752895
2917,1,-11.360561,-16.737192,-1.9194746,29.777174,0.5331723,-0.5746077
2918,1,-25.231041,-1.9575135,1.6217637,24.56639,0.035569623,-0.43785274
2919,1,-18.67581,-4.200562,-1.2861192,8.0234585,-0.6546641,-0.19167404
2920,1,-24.21574,-90.50976,-19.548515,56.97767,9.010184,-1.2771025
2921,1,47.0475,-49.629,-2.4505155,37.62441,6.0584817,-2.743491
2922,1,21.090643,-39.10795,-4.741973,34.348724,2.976977,-2.270106
2923,1,7.5296764,-17.849941,0.54105294,35.263084,1.7757714,-1.6488664
2924,1,-14.479003,-17.095013,-2.378159,27.967155,0.788602,-1.3821146
2925,1,-25.865637,-1.5657088,1.5825554,22.914522,-0.0155242365,-0.9127983
2926,1,-18.26196,-4.2397585,-0.03857908,7.2132144,-1.2988845,-0.3675296
2927,1,-18.212957,-90.21229,-26.467182,58.115387,3.7201397,-0.41598627
2928,1,48.09251,-51.21447,-6.8554654,38.220688,3.1317034,-1.2578714
2929,1,20.881205,-40.4525,-6.4831133,33.630577,2.3124895,-1.8495655
2930,1,7.2615895,-18.20749,-0.42674267,34.36488,1.2375648,-1.6675838
2931,1,-14.505034,-17.60522,-2.814767,27.070082,0.48773935,-1.3262937
2932,1,-25.671621,-1.4426205,1.9854951,22.26301,-0.38135397,-1.01509
2933,1,-18.862953,-4.6582985,0.37597662,7.037592,-1.1169434,-0.38322628
2934,1,-19.385307,-90.80877,-29.722607,57.258087,3.9371848,-0.3364056
2935,1,47.778637,-50.969555,-9.411096,37.532593,2.47501,-0.86223114
2936,1,20.568926,-40.904816,-8.122431,33.388096,1.5849321,-1.1125684
2937,1,7.0911827,-18.684242,-1.0392066,33.824097,0.9204354,-1.2529175
2938,1,-14.598233,-17.75919,-3.0301197,26.61813,0.21706204,-1.1264036
2939,1,-25.954332,-1.6888709,2.1805723,21.92356,-0.3815978,-0.8119114
2940,1,-19.097532,-4.4308357,1.5604196,6.896301,-1.2167565,-0.3301126
2941,1,-17.184933,-90.008095,-31.634832,57.449356,1.675801,-0.11348054
2942,1,48.07106,-51.31639,-11.012192,37.47595,1.438028,-0.44354033
2943,1,20.831322,-40.765095,-9.1082735,33.0209,0.99693555,-0.73673433
2944,1,7.05068,-18.895681,-1.6642066,33.633427,0.51164186,-0.77823615
2945,1,-14.699865,-17.85197,-3.0940433,26.334625,0.0893493,-0.74799204
2946,1,-26.063974,-1.7233723,2.4066792,21.773563,-0.38360825,-0.5784218
2947,1,-19.72999,-4.584856,2.016998,6.8461895,-0.74541783,-0.22103372
2948,1,-17.320004,-90.142914,-32.619663,56.943127,1.1724796,-0.08435451
2949,1,48.271175,-50.950436,-11.860445,37.258812,0.72110194,-0.22132125
2950,1,20.793598,-40.927094,-9.677082,32.967415,0.47280806,-0.32082397
2951,1,7.064336,-18.873352,-1.9603589,33.435726,0.24800964,-0.3953343
2952,1,-14.767673,-17.862864,-3.195486,26.248522,0.014704729,-0.37081897
2953,1,-26.320963,-1.8317105,2.5457497,21.666477,-0.19589467,-0.2839947
2954,1,-19.683638,-4.400579,2.5510702,6.821416,-0.4739338,-0.11311667
2955,1,-16.550304,-89.757095,-32.896572,57.19245,-0.0011192712,0.0003004142
2956,1,48.247227,-51.185722,-12.101057,37.268833,-5.0966995e-05,0.0006015477
2957,1,20.92376,-40.725,-9.876044,32.856117,2.0121055e-05,9.455417e-05
2958,1,7.0166583,-18.970444,-2.0767918,33.448944,0.00024094571,-3.1828284e-05
2959,1,-14.8019905,-17.853924,-3.1973083,26.174744,0.0003163879,1.6892383e-05
2960,1,-26.273521,-1.7801276,2.5927947,21.666452,0.0005850767,-8.428428e-06
2961,1,-20.046648,-4.557884,2.5728447,6.8094177,0.0009205849,-7.0386486e-05
2962,1,-17.316568,-90.131645,-32.615013,56.94133,-1.1738117,0.085557066
2963,1,48.267677,-50.949738,-11.861043,37.26114,-0.7214129,0.22230516
2964,1,20.795187,-40.925873,-9.676559,32.968,-0.47257912,0.320436
2965,1,7.063126,-18.873676,-1.9604017,33.436447,-0.24772748,0.39588124
2966,1,-14.76729,-17.8625,-3.1953232,26.249126,-0.013933758,0.37037128
2967,1,-26.321495,-1.8317902,2.5458665,21.666685,0.19697784,0.2843069
2968,1,-19.683933,-4.400888,2.5509958,6.821647,0.47563404,0.11294192
2969,1,-17.180164,-89.984985,-31.626184,57.44566,-1.677956,0.11388912
2970,1,48.063984,-51.31726,-11.013244,37.48124,-1.4379671,0.4437305
2971,1,20.834642,-40.76213,-9.106685,33.02182,-0.99699455,0.73712647
2972,1,7.0481505,-18.896431,-1.6647985,33.63499,-0.5111672,0.77795607
2973,1,-14.699009,-17.851429,-3.0932524,26.335798,-0.088769816,0.74820447
2974,1,-26.06504,-1.7233869,2.406653,21.773983,0.38472646,0.57838625
2975,1,-19.730568,-4.585746,2.0169837,6.84665,0.74718565,0.22108234
2976,1,-19.376202,-90.77973,-29.710573,57.255257,-3.9388433,0.33731794
2977,1,47.769142,-50.96885,-9.411913,37.53975,-2.4754035,0.8630175
2978,1,20.573402,-40.901344,-8.120891,33.38984,-1.5847315,1.1120143
2979,1,7.0878406,-18.685766,-1.0390184,33.82655,-0.92032933,1.2532979
2980,1,-14.59714,-17.757898,-3.029527,26.619665,-0.21641436,1.126549
2981,1,-25.955757,-1.68928,2.1807237,21.924362,0.3825764,0.81205314
2982,1,-19.098421,-4.4315786,1.5601661,6.896904,1.2183065,0.3302219
2983,1,-18.203695,-90.16485,-26.450888,58.107883,-3.7225285,0.4170461
2984,1,48.077557,-51.217457,-6.857821,38.232487,-3.1317334,1.2574345
2985,1,20.888367,-40.447937,-6.478951,33.6326,-2.3129554,1.850181
2986,1,7.2562356,-18.208513,-0.4276024,34.367775,-1.2374752,1.6683004
2987,1,-14.503017,-17.603937,-2.813643,27.072508,-0.4872723,1.3264757
2988,1,-25.673668,-1.4424237,1.9855059,22.263739,0.38219243,1.0154465
2989,1,-18.863901,-4.660083,0.3755759,7.038551,1.1184857,0.38326335
2990,1,-24.194374,-90.46016,-19.529953,56.97389,-9.013567,1.2768053
2991,1,47.030064,-49.630062,-2.451436,37.637096,-6.0601563,2.745607
2992,1,21.09969,-39.099705,-4.7382603,34.350586,-2.978039,2.271729
2993,1,7.5231853,-17.850985,0.5398767,35.26717,-1.7757031,1.6492739
2994,1,-14.476303,-17.09276,-2.3770359,27.969759,-0.7885163,1.3826728
2995,1,-25.868034,-1.5653994,1.5825487,22.91578,0.016210916,0.91288364
2996,1,-18.26319,-4.2420573,-0.03965765,7.214223,1.3000505,0.36768213
2997,1,0.23291922,-82.90778,-8.01944,57.25536,-11.527618,1.5435458
2998,1,64.58477,-47.281532,0.9650547,41.1027,-3.648729,1.9354616
2999,1,31.955383,-37.990273,-2.8048189,36.533104,-1.9079118,1.0161633
3000,1,13.988305,-17.955578,1.4516891,37.598316,-1.0427877,0.87575203
3001,1,-11.357125,-16.734282,-1.9187641,29.781437,-0.53275913,0.5746877
3002,1,-25.233864,-1.9572479,1.6216253,24.56743,-0.035485312,0.43796495
3003,1,-18.676785,-4.203028,-1.2866334,8.025194,0.65509987,0.1916573
3004,1,-28.384203,-122.52156,-13.678618,-25.150616,-4.3553643,-2.6683333
3005,1,78.91147,-62.684185,-0.84531677,13.047839,-0.4021076,-2.7594042
3006,1,20.991291,-34.659264,-0.931524,19.359486,-0.25167304,-1.0010304
3007,1,22.242414,-27.843206,-1.1578608,22.416643,-0.055417314,-1.0763172
3008,1,-9.241879,-10.217085,0.79316026,22.076391,-0.1010001,-0.5517987
3009,1,-13.874308,-9.567793,-1.2445838,14.071511,-0.1014412,-0.54770136
3010,1,-4.974603,2.6648207,1.809902,6.2898655,-0.40422252,-0.13203047
3011,1,-63.27204,-134.31276,-35.579845,-26.688036,-0.23755825,-1.725306
3012,1,56.965313,-66.20887,-5.374413,12.944505,-0.60527045,-3.5553906
3013,1,8.339563,-35.093243,-3.0016081,18.230408,0.10550404,-2.6010013
3014,1,14.520215,-28.553425,-2.7277336,21.493635,-0.008982825,-1.7750334
3015,1,-13.148546,-9.827359,0.5542446,20.99487,-0.091737874,-1.516945
3016,1,-14.899692,-9.768683,-1.3093866,13.137306,-0.4334593,-0.94751173
3017,1,-4.963259,2.8942397,2.477178,5.9087434,-0.9778965,-0.42045173
3018,1,-50.13375,-133.36449,-44.306805,-27.547886,1.7854617,-0.32497734
3019,1,59.888943,-68.97516,-11.434829,11.8056135,0.9335013,-1.3114699
3020,1,8.122312,-36.46654,-4.843781,17.38567,0.36578467,-2.0967221
3021,1,14.479322,-29.238518,-4.010041,20.663034,0.18977109,-1.8033148
3022,1,-13.363403,-10.10258,0.1665975,20.226154,-0.13854131,-1.3957703
3023,1,-14.913571,-10.011859,-1.2447094,12.618766,-0.5223143,-1.0856959
3024,1,-5.739056,3.036908,3.8150883,5.707019,-1.2459445,-0.37947053
3025,1,-55.3199,-134.4409,-47.772484,-27.2286,1.0130383,-0.4399527
3026,1,58.984005,-68.34188,-14.347145,11.674476,0.78491133,-0.969932
3027,1,7.965317,-37.186386,-6.861393,16.80851,0.47482127,-1.158982
3028,1,14.093021,-29.726109,-4.651675,20.1603,0.12562455,-1.3574089
3029,1,-13.450544,-10.351258,-0.17222206,19.759287,-0.16730991,-1.1859076
3030,1,-15.186231,-10.175135,-0.91574216,12.306506,-0.581144,-0.8487747
3031,1,-6.205058,3.002522,4.387727,5.5988054,-0.9719772,-0.3557314
3032,1,-49.940483,-133.37962,-50.377613,-27.433645,1.2287958,-0.054954305
3033,1,59.5572,-68.839516,-16.15094,11.402936,0.6727201,-0.44732407
3034,1,8.198982,-37.04953,-8.000601,16.62095,0.3459576,-0.802898
3035,1,14.221785,-29.885908,-5.367114,19.812319,0.10191335,-0.8107392
3036,1,-13.542283,-10.581139,-0.30258927,19.513182,-0.16256101,-0.7897102
3037,1,-15.393384,-10.115852,-0.75159764,12.098193,-0.4316012,-0.6040228
3038,1,-6.5954323,2.860229,5.216597,5.522137,-0.8586157,-0.22721331
3039,1,-52.191975,-133.58008,-51.070072,-27.137653,0.43043968,-0.10771349
3040,1,59.656082,-68.27131,-17.115265,11.361513,0.343391,-0.23644765
3041,1,8.342878,-37.339848,-8.668889,16.439566,0.18682429,-0.32939762
3042,1,14.131754,-29.812958,-5.6827106,19.697718,0.042324882,-0.42281318
3043,1,-13.544492,-10.622198,-0.45348334,19.346428,-0.091711,-0.3853683
3044,1,-15.538094,-10.206129,-0.56985414,12.016816,-0.25272933,-0.29704896
3045,1,-6.8328433,2.9434278,5.4333787,5.4851894,-0.39467606,-0.11891153
3046,1,-49.419563,-133.09169,-51.748577,-27.328451,-8.823316e-05,-0.00038975617
3047,1,59.6978,-68.622345,-17.353518,11.310838,0.0001590137,-0.00023977442
3048,1,8.377396,-37.067623,-8.89018,16.445837,6.134245e-05,1.0803082e-05
3049,1,14.205167,-29.927986,-5.8207235,19.613487,0.00022361611,-0.0005410056
3050,1,-13.597052,-10.640049,-0.4697857,19.330698,0.00036988157,9.826631e-05
3051,1,-15.594326,-10.125962,-0.5514622,11.966402,0.0005741431,-0.0003440186
3052,1,-6.870852,2.818036,5.6912017,5.472052,0.00084168074,8.535802e-05
3053,1,-52.192333,-133.58414,-51.07159,-27.130898,-0.43201473,0.10828108
3054,1,59.656693,-68.27034,-17.115416,11.36314,-0.342985,0.23570143
3055,1,8.342933,-37.341335,-8.669504,16.440485,-0.18679446,0.3285835
3056,1,14.131865,-29.812801,-5.6823554,19.69866,-0.041807592,0.42269725
3057,1,-13.5445795,-10.62262,-0.45368394,19.34661,0.09237728,0.38475502
3058,1,-15.538268,-10.206263,-0.56966394,12.017495,0.2538914,0.2969594
3059,1,-6.832872,2.9437444,5.4336004,5.48518,0.3965052,0.11881597
3060,1,-49.941216,-133.3864,-50.38136,-27.419836,-1.2290761,0.05343758
3061,1,59.55882,-68.84082,-16.15123,11.405828,-0.672591,0.44613808
3062,1,8.198936,-37.051537,-8.001066,16.622925,-0.34583443,0.80279243
3063,1,14.222105,-29.885794,-5.3671055,19.814157,-0.101530254,0.8098042
3064,1,-13.542495,-10.582347,-0.30237985,19.51357,0.16326363,0.78974134
3065,1,-15.393645,-10.115656,-0.75149184,12.099529,0.4327014,0.60371345
3066,1,-6.595653,2.8601146,5.216973,5.522131,0.8602448,0.22721437
3067,1,-55.32317,-134.45953,-47.779163,-27.210314,-1.0150722,0.43992308
3068,1,58.987103,-68.34041,-14.346503,11.679501,-0.7847118,0.9693154
3069,1,7.964924,-37.19123,-6.8632073,16.811378,-0.4749475,1.1575528
3070,1,14.093776,-29.72619,-4.650061,20.16295,-0.12522379,1.3574905
3071,1,-13.451002,-10.352569,-0.17279388,19.76003,0.16788867,1.1857513
3072,1,-15.186569,-10.17529,-0.9152342,12.308391,0.58218527,0.84876245
3073,1,-6.205197,3.0031793,4.3881845,5.5988393,0.973663,0.35571337
3074,1,-50.1366,-133.38013,-44.316376,-27.51904,-1.7862525,0.32357195
3075,1,59.89335,-68.9801,-11.435303,11.811546,-0.93340814,1.3087903
3076,1,8.122002,-36.472446,-4.8428535,17.389496,-0.36609277,2.0972757
3077,1,14.479996,-29.2377,-4.0096436,20.666933,-0.18943335,1.8036691
3078,1,-13.36378,-10.104549,0.16666065,20.226828,0.138969,1.3957558
3079,1,-14.913984,-10.0115795,-1.2445004,12.621576,0.5232565,1.0859593
3080,1,-5.739359,3.0372398,3.8155546,5.706953,1.2473054,0.37943414
3081,1,-63.280983,-134.356,-35.59439,-26.657125,0.23333979,1.7234527
3082,1,56.972248,-66.20839,-5.3682117,12.953261,0.60392237,3.557597
3083,1,8.336895,-35.097946,-3.0032015,18.235062,-0.10584815,2.6028125
3084,1,14.522274,-28.552279,-2.7265089,21.498493,0.008823552,1.7750298
3085,1,-13.149742,-9.828724,0.5539353,20.995935,0.09206696,1.5176104
3086,1,-14.899779,-9.768827,-1.3093272,13.140745,0.4340708,0.947422
3087,1,-4.963571,2.8956473,2.4779046,5.9087143,0.9790871,0.42056084
3088,1,-28.381227,-122.525185,-13.687916,-25.103077,4.346927,2.6735828
3089,1,78.915184,-62.676422,-0.8379919,13.058561,0.40270254,2.7628255
3090,1,20.99248,-34.663498,-0.935514,19.365452,0.2502867,1.0008097
3091,1,22.243132,-27.840292,-1.1553001,22.423286,0.055806167,1.0771577
3092,1,-9.241872,-10.219057,0.7918096,22.077374,0.100793935,0.551599
3093,1,-13.874909,-9.567266,-1.244033,14.076427,0.10174429,0.54797417
3094,1,-4.974866,2.6654563,1.8100609,6.2897644,0.4049122,0.1320079
3095,1,-5.945499,-0.97745204,8.399408,-13.867007,-7.3784385,0.42543176
3096,1,11.915079,-39.49543,-2.2651465,-24.335094,-4.3151765,-0.72087723
3097,1,37.400867,-29.155117,-0.015221588,10.231283,-1.680353,-1.0808089
3098,1,2.8823504,-16.48241,0.12556253,7.9379992,-1.0678291,-0.52167886
3099,1,2.5691495,-14.292915,-0.83618975,12.873641,-0.48871687,-0.66326386
3100,1,-11.942957,-2.0101838,1.0398363,7.536509,-0.39635402,-0.29061198
3101,1,4.252029,-5.527216,-1.2996072,2.7824726,-0.31598684,-0.18402185
3102,1,-15.227145,0.23453456,14.59592,-11.920956,-7.563219,-0.620759
3103,1,-0.74694836,-41.344685,-5.034916,-23.504566,-4.6722794,-1.4983515
3104,1,28.63908,-30.0689,-0.9373178,10.840452,-2.5717323,-1.777887
3105,1,-3.0291157,-16.358128,-0.36135358,7.7970977,-1.441083,-1.5016738
3106,1,-0.35912704,-14.576042,-1.2491648,12.677702,-0.9236662,-1.1661463
3107,1,-12.878121,-1.6987259,1.2656497,7.292234,-0.6783748,-0.87938756
3108,1,4.0285306,-5.6940956,-0.791578,2.662522,-0.922805,-0.31328067
3109,1,-21.113607,-0.35041207,9.894017,-13.101768,-0.64938796,-0.5724506
3110,1,-2.803765,-41.414352,-6.8671346,-25.124342,-1.3759564,-1.2369297
3111,1,27.637932,-30.918823,-2.5135534,9.950011,-1.1821251,-1.4819318
3112,1,-4.1573954,-16.69121,-1.0015095,7.03991,-0.82107556,-1.4784492
3113,1,-0.69975746,-14.867418,-1.5306132,12.126952,-0.6793105,-1.2411715
3114,1,-13.185736,-1.7075709,1.5644076,6.8697214,-0.7645875,-0.9065331
3115,1,3.4797103,-5.8978267,-0.14058992,2.5423863,-0.9980813,-0.37078133
3116,1,-15.723069,-0.24015717,7.1842055,-12.829962,-0.9286128,-0.20447813
3117,1,-2.6083953,-41.754646,-8.997965,-25.175201,-0.61640984,-0.7396606
3118,1,27.125925,-31.041258,-3.6478245,9.34452,-0.60189867,-1.0733676
3119,1,-4.22359,-17.007767,-1.6145377,6.5290365,-0.5680054,-1.120441
3120,1,-0.99830526,-15.045069,-1.679435,11.691085,-0.5583478,-1.0349915
3121,1,-13.43586,-1.803602,1.7815665,6.578049,-0.6769867,-0.76205045
3122,1,2.7434804,-5.841945,0.8780417,2.414908,-1.070596,-0.29840353
3123,1,-18.680595,-0.3397981,5.7756047,-12.977164,0.21786983,-0.22879557
3124,1,-2.3215675,-41.63994,-10.28135,-25.333275,-0.09507435,-0.46935344
3125,1,27.316408,-31.107191,-4.530513,9.070547,-0.24439454,-0.6551794
3126,1,-4.3685637,-17.12213,-2.0895076,6.21445,-0.30185193,-0.74991924
3127,1,-1.0312357,-15.082061,-1.7715125,11.389533,-0.3969614,-0.69205385
3128,1,-13.655943,-1.8930931,2.0011456,6.3787174,-0.53725237,-0.53824806
3129,1,2.4543157,-5.853583,1.3084285,2.34605,-0.7368183,-0.20905101
3130,1,-14.98306,-0.33414662,4.487165,-12.915218,-0.019163309,-0.058743425
3131,1,-2.098753,-41.620743,-10.993322,-25.286285,-0.020057587,-0.21671987
3132,1,27.22738,-31.076748,-5.03692,8.909466,-0.093073,-0.3224759
3133,1,-4.188294,-17.152338,-2.3712852,6.071245,-0.15035045,-0.36343953
3134,1,-1.1721841,-15.10214,-1.85037,11.235335,-0.20114812,-0.35305756
3135,1,-13.75759,-1.9170154,2.1185174,6.26231,-0.28132397,-0.2651674
3136,1,2.1608422,-5.7980742,1.818267,2.2869189,-0.44302344,-0.10547566
3137,1,-17.658194,-0.3532966,4.5200605,-12.935993,-0.0012864892,-0.0006215535
3138,1,-1.9150015,-41.586407,-11.253964,-25.315353,-0.00039953014,-0.00067073747
3139,1,27.382442,-31.063711,-5.203754,8.876511,-5.01624e-05,-0.00051226874
3140,1,-4.3122115,-17.16843,-2.469302,6.0196238,4.946746e-05,-0.00041213594
3141,1,-1.1198901,-15.089798,-1.8621156,11.183148,0.00033060712,-0.00033280492
3142,1,-13.814567,-1.926697,2.1710174,6.228805,0.00051671086,-0.00019375191
3143,1,2.1388676,-5.8355465,1.8085122,2.2843602,0.0008997923,-0.00014138443
3144,1,-14.987422,-0.34265986,4.483596,-12.919089,0.017618287,0.057443682
3145,1,-2.0945864,-41.623577,-10.994266,-25.284662,0.019153047,0.21531728
3146,1,27.22589,-31.07752,-5.0372286,8.909669,0.09283699,0.3213167
3147,1,-4.186938,-17.153502,-2.3714807,6.071612,0.15057072,0.36273342
3148,1,-1.172817,-15.10225,-1.8503072,11.235876,0.20171395,0.3523284
3149,1,-13.757337,-1.9173493,2.11857,6.2622952,0.28240883,0.26485276
3150,1,2.1609416,-5.7979493,1.818484,2.2871466,0.44463024,0.10523918
3151,1,-18.687065,-0.35642105,5.768452,-12.985455,-0.22050035,0.22753614
3152,1,-2.3141124,-41.64617,-10.283059,-25.330566,0.09394293,0.4676451
3153,1,27.313978,-31.108809,-4.5310826,9.071152,0.244324,0.65415573
3154,1,-4.366096,-17.124483,-2.0898368,6.215137,0.301891,0.7490289
3155,1,-1.032385,-15.082393,-1.7713019,11.390542,0.3976106,0.6915802
3156,1,-13.655441,-1.8937097,2.0012066,6.378794,0.53825426,0.5379001
3157,1,2.454396,-5.853456,1.3088726,2.3464568,0.7385471,0.20892279
3158,1,-15.736801,-0.264453,7.173865,-12.841582,0.9267648,0.20330729
3159,1,-2.596989,-41.764606,-9.000744,-25.171406,0.615427,0.7377741
3160,1,27.122276,-31.04398,-3.6481361,9.345298,0.60146993,1.072153
3161,1,-4.2200975,-17.011648,-1.6148064,6.530007,0.5682569,1.1198736
3162,1,-0.9998449,-15.045316,-1.679133,11.692759,0.5588867,1.0347425
3163,1,-13.435213,-1.8046296,1.7816035,6.578081,0.67796165,0.76181185
3164,1,2.7438087,-5.841615,0.878539,2.415602,1.072102,0.2983674
3165,1,-21.127798,-0.38628024,9.879258,-13.120028,0.64636105,0.57013375
3166,1,-2.7878017,-41.428722,-6.8695817,-25.119696,1.3741333,1.2347077
3167,1,27.632547,-30.923048,-2.5131428,9.951092,1.1824222,1.4816728
3168,1,-4.152154,-16.695593,-1.0018663,7.0414925,0.8211182,1.4784169
3169,1,-0.70220953,-14.867821,-1.5303208,12.129193,0.6798268,1.2410898
3170,1,-13.184535,-1.7086099,1.5644677,6.8698487,0.7654416,0.90652233
3171,1,3.4798868,-5.8975444,-0.1401083,2.5432844,0.9995431,0.37075585
3172,1,-15.256666,0.18904234,14.578631,-11.944014,7.55966,0.6205003
3173,1,-0.72817713,-41.36304,-5.034663,-23.498413,4.6726513,1.4986278
3174,1,28.632593,-30.071291,-0.93690985,10.843472,2.571768,1.7789317
3175,1,-3.0236359,-16.363226,-0.36198375,7.798626,1.4410639,1.501777
3176,1,-0.3615341,-14.576059,-1.2487195,12.681126,0.92409617,1.1663848
3177,1,-12.877031,-1.6997844,1.2655563,7.2922006,0.6789233,0.8793921
3178,1,4.029111,-5.694005,-0.79128975,2.6638384,0.92399883,0.3133324
3179,1,-5.964232,-1.0296152,8.391525,-13.890763,7.379553,-0.42501345
3180,1,11.9471855,-39.507965,-2.2644744,-24.321827,4.315956,0.7226522
3181,1,37.391205,-29.157257,-0.015143369,10.233599,1.6800476,1.0813156
3182,1,2.892695,-16.48762,0.12519331,7.9410944,1.067989,0.52177703
3183,1,2.5648692,-14.292512,-0.83590263,12.87763,0.48875952,0.6634533
3184,1,-11.940758,-2.0117679,1.0396955,7.536903,0.39664742,0.2905788
3185,1,4.2520423,-5.526143,-1.2994134,2.7841063,0.31630296,0.18405353
3186,1,3.7692547,-8.148283,-1.7558087,-3.2043653,-1.5172863,0.105463594
3187,1,-2.9008923,-0.5488725,2.780677,-3.4749799,-2.400325,0.42375472
3188,1,11.157684,-14.107919,-0.08489239,-7.836427,-2.1292012,-0.19580884
3189,1,8.399559,-11.867269,-0.08601175,7.6440716,-1.0366552,-0.42559838
3190,1,-4.722855,-5.1158056,0.6071483,2.2127373,-0.76692504,-0.24036394
3191,1,-4.2197375,-5.6175213,-0.74150056,4.3299265,-0.32516444,-0.33021662
3192,1,5.8446307,2.7901585,1.44985,-0.1820967,-0.36573118,-0.06330283
3193,1,5.98054,-9.168868,0.918394,-2.946632,-5.046066,0.33972257
3194,1,-2.8956163,-0.074674346,5.5275345,-1.7775205,-4.1911354,0.050409935
3195,1,7.7783985,-14.407824,0.26447463,-7.2902975,-3.0573132,-0.642742
3196,1,6.206263,-12.170716,-0.013042156,8.29794,-1.9396901,-0.81426656
3197,1,-6.288283,-4.918084,0.84597903,2.3907962,-1.1914767,-0.78172225
3198,1,-4.3512535,-5.7547793,-0.60938215,4.5729094,-0.82738084,-0.5787331
3199,1,6.0558095,2.9938471,2.1707904,-0.08353261,-0.6056487,-0.2424063
3200,1,-0.81219214,-8.530411,4.214506,-2.509662,-3.2593417,-0.27946466
3201,1,-8.429538,0.1500197,5.747358,-1.8282177,-2.4124672,-0.59083736
3202,1,4.9998045,-14.124334,0.26441076,-7.8801713,-1.8010197,-0.7671328
3203,1,4.720814,-12.343902,-0.060681146,7.91187,-1.3478657,-0.92813516
3204,1,-7.1590667,-4.878309,0.91940075,2.00302,-0.96622825,-0.8550945
3205,1,-4.732082,-5.881899,-0.3261342,4.3816085,-0.7822107,-0.65694684
3206,1,5.186555,3.1177511,3.082621,-0.18736593,-0.95655155,-0.2542022
3207,1,-0.015660807,-8.657397,2.9120333,-2.8981695,-0.94896895,-0.19525605
3208,1,-7.49829,0.3060742,5.4824886,-2.2357936,-1.2589428,-0.511245
3209,1,4.7875233,-14.113589,-0.14812288,-8.177572,-1.1443474,-0.70118535
3210,1,4.3471646,-12.308324,-0.27340236,7.4698524,-0.9014572,-0.77321637
3211,1,-7.3316603,-4.941034,0.960984,1.6735389,-0.77195406,-0.73991936
3212,1,-5.06916,-5.8774447,-0.019837664,4.124734,-0.75699997,-0.57216305
3213,1,4.728846,3.047936,3.597303,-0.2641246,-0.88359,-0.2257151
3214,1,0.8222747,-8.591433,2.3604019,-2.7065132,-0.8678783,-0.118607596
3215,1,-8.074046,0.2583001,4.9193172,-2.2749507,-0.648376,-0.3611541
3216,1,4.5680614,-14.083878,-0.46010783,-8.437257,-0.59594375,-0.49092808
3217,1,4.296875,-12.282777,-0.44427392,7.1964035,-0.5739617,-0.5492337
3218,1,-7.525499,-4.975812,0.9424626,1.4289994,-0.5216443,-0.525363
3219,1,-5.23984,-5.8521175,0.20488152,3.9361377,-0.55831397,-0.40275323
3220,1,4.247272,3.061173,4.2375116,-0.34570667,-0.7580895,-0.15705216
3221,1,0.1077511,-8.556798,1.9220154,-2.8461344,-0.12186171,-0.07743277
3222,1,-7.439642,0.29193398,4.529526,-2.4045265,-0.25276121,-0.18069452
3223,1,4.7361627,-14.070046,-0.73399884,-8.4920635,-0.27339667,-0.24686886
3224,1,4.1851797,-12.265449,-0.5658466,7.019041,-0.2614848,-0.28051928
3225,1,-7.504439,-4.9721355,0.94419265,1.3002188,-0.27166918,-0.2682759
3226,1,-5.391417,-5.8392477,0.36132464,3.8167634,-0.3063197,-0.20784709
3227,1,4.099752,3.0069473,4.412027,-0.37774166,-0.3847467,-0.0813411
3228,1,1.446638,-8.57137,1.628416,-2.7426577,-0.0008814298,4.670761e-05
3229,1,-7.7347984,0.27317578,4.421083,-2.370772,-0.00084697694,-0.00047197638
3230,1,4.653433,-14.059596,-0.8040965,-8.552396,-0.00033768857,-0.00054328365
3231,1,4.277775,-12.251157,-0.61354244,6.9849353,-5.6650333e-05,-0.00045624538
3232,1,-7.5878544,-4.9810157,0.93805426,1.2529081,0.00020088,-0.00036709371
3233,1,-5.398852,-5.8317595,0.39910093,3.7824502,0.0004597185,-0.0002803808
3234,1,3.9703352,3.0425158,4.6326604,-0.40160733,0.0007201712,-5.631329e-05
3235,1,0.10779322,-8.553073,1.923577,-2.8455086,0.12006924,0.07740098
3236,1,-7.4414463,0.28984293,4.5287294,-2.4070706,0.25098678,0.17970264
3237,1,4.738271,-14.071232,-0.73418057,-8.491306,0.27278796,0.2458742
3238,1,4.1841035,-12.265868,-0.5659217,7.0187063,0.26133978,0.27953497
3239,1,-7.503577,-4.9727726,0.94417816,1.300454,0.272082,0.26762074
3240,1,-5.391807,-5.8392577,0.36143258,3.816842,0.30722365,0.20728676
3241,1,4.1000896,3.0065973,4.412132,-0.37771496,0.38627177,0.08120644
3242,1,0.8204941,-8.584406,2.3634763,-2.7050278,0.86608756,0.11865231
3243,1,-8.07767,0.25457352,4.9178276,-2.279906,0.6466856,0.3603098
3244,1,4.5722537,-14.086529,-0.46042946,-8.436005,0.5952059,0.48972452
3245,1,4.294757,-12.283623,-0.44431284,7.1958528,0.57388306,0.54847085
3246,1,-7.523803,-4.977085,0.9424205,1.4294122,0.5220436,0.524688
3247,1,-5.240626,-5.852199,0.20509021,3.9363444,0.55920774,0.40236762
3248,1,4.248083,3.0606203,4.23765,-0.3456626,0.75949043,0.1569001
3249,1,-0.01570009,-8.647211,2.9166582,-2.8964896,0.94752455,0.19493131
3250,1,-7.5038333,0.30025306,5.480547,-2.2433379,1.2570735,0.5102268
3251,1,4.7934995,-14.117738,-0.14833894,-8.175802,1.1438249,0.7002249
3252,1,4.3441863,-12.30955,-0.27335736,7.469056,0.9014075,0.7725943
3253,1,-7.329245,-4.943045,0.96091557,1.6742108,0.77237815,0.7394403
3254,1,-5.070202,-5.877407,-0.01954228,4.1250987,0.75784594,0.57192326
3255,1,4.7298527,3.0469434,3.5974283,-0.2640589,0.8849872,0.22558452
3256,1,-0.8160299,-8.515479,4.221195,-2.5069308,3.2571137,0.2798414
3257,1,-8.438304,0.14195232,5.7455974,-1.839172,2.410942,0.5903031
3258,1,5.0087337,-14.1297455,0.2643619,-7.8775215,1.8006903,0.7664295
3259,1,4.7162695,-12.34561,-0.060577285,7.9109735,1.3479874,0.9279076
3260,1,-7.1554413,-4.88061,0.91935694,2.004041,0.9666124,0.85488874
3261,1,-4.733653,-5.8820176,-0.32592547,4.3821797,0.78296536,0.65682614
3262,1,5.1882286,3.1166494,3.082625,-0.18722741,0.95774704,0.25417462
3263,1,5.9785757,-9.149552,0.93018126,-2.9427154,5.046558,-0.33970073
3264,1,-2.9061525,-0.08431807,5.5249543,-1.7902743,4.191038,-0.050514124
3265,1,7.789673,-14.414678,0.26482555,-7.286459,3.0577323,0.6426213
3266,1,6.2006593,-12.171915,-0.012862629,8.297478,1.9398934,0.8144994
3267,1,-6.2838826,-4.920922,0.8457516,2.3920016,1.1917951,0.7815737
3268,1,-4.3530755,-5.754764,-0.60911274,4.573983,0.8279839,0.5788228
3269,1,6.0575843,2.99251,2.1704943,-0.083448336,0.6065916,0.24236771
3270,1,3.768042,-8.125138,-1.7485176,-3.2003403,1.5188118,-0.10559565
3271,1,-2.9082775,-0.5622109,2.7786503,-3.4901667,2.401238,-0.42409116
3272,1,11.173286,-14.113593,-0.08418503,-7.8298707,2.1296997,0.19621257
3273,1,8.392929,-11.868868,-0.086204685,7.64276,1.0366758,0.42561167
3274,1,-4.716626,-5.118892,0.6071321,2.2151346,0.7671697,0.24040446
3275,1,-4.222465,-5.6171713,-0.7413838,4.330972,0.32532763,0.33024338
3276,1,5.8465962,2.78792,1.449548,-0.18163823,0.36620602,0.063294835
3277,1,3.1998851,4.0112815,2.4007769,0.81760454,-1.1095759,0.14676994
3278,1,-2.0179067,-5.7213116,-0.98802966,-3.5078282,-0.6315621,0.03792023
3279,1,2.2141404,-1.959029,0.8982139,1.9590435,-0.8253838,0.09565685
3280,1,1.6054991,-4.259655,0.3122928,-2.081086,-0.9005523,-0.05346458
3281,1,-2.3305357,-4.2148514,-0.2535985,3.6302345,-0.40297598,-0.18931063
3282,1,-3.5961092,0.33691216,0.73273695,-2.0991051,-0.38076404,-0.07875434
3283,1,5.847684,-2.4555016,-0.7391082,-0.072596826,0.10797881,-0.08514937
3284,1,5.818453,4.538503,4.14472,1.0444853,-1.8498082,0.04704427
3285,1,0.104701094,-6.3131514,-0.4341201,-3.4753034,-2.1183355,0.1729401
3286,1,3.3615477,-1.9798437,2.0462391,2.8376248,-1.9872717,-0.025991349
3287,1,1.4243892,-4.275052,0.8777125,-1.7502148,-1.5144289,-0.30373812
3288,1,-2.177563,-4.376357,-0.007323987,4.186192,-1.030498,-0.36269948
3289,1,-3.310402,0.4736686,1.1374272,-1.7329338,-0.5974132,-0.3191353
3290,1,6.2321677,-2.564741,-0.33325684,0.1963593,-0.43771255,-0.12633066
3291,1,2.916667,4.1993904,5.174538,1.0584825,-2.428783,0.06574408
3292,1,-2.6398306,-6.1473327,0.9213497,-3.1752746,-2.1148448,-0.0648057
3293,1,0.60659367,-1.903109,2.6602573,2.9402082,-1.7049001,-0.31251907
3294,1,-0.14363357,-4.096438,1.2352889,-1.9252023,-1.2818689,-0.4268155
3295,1,-3.02985,-4.4219613,0.30639926,4.110361,-0.9391335,-0.4736624
3296,1,-3.819578,0.5613494,1.5083922,-1.8551084,-0.73758894,-0.37714761
3297,1,5.6688166,-2.6751497,0.124639384,0.16647393,-0.672741,-0.15405495
3298,1,1.7544587,4.411203,6.281129,1.1667161,-1.3682498,-0.13605364
3299,1,-3.5819945,-5.99584,1.1790962,-3.2558148,-1.2297612,-0.26202223
3300,1,0.27260903,-1.7251447,2.8193595,2.702401,-1.1031398,-0.3382249
3301,1,-0.47803378,-4.0215716,1.3797576,-2.1193817,-0.94622177,-0.43683642
3302,1,-3.3232021,-4.352071,0.4510332,3.8690872,-0.76202995,-0.43605515
3303,1,-4.0474405,0.5558126,1.7874658,-1.9895824,-0.6797349,-0.346694
3304,1,5.1407037,-2.6054614,0.74589837,0.1114079,-0.8117098,-0.13734363
3305,1,2.246961,4.35961,5.997839,1.0083841,-0.7312642,-0.07279802
3306,1,-3.1620266,-5.9397564,1.2834587,-3.352685,-0.79275715,-0.20927241
3307,1,0.059534553,-1.6429585,2.8504388,2.5925999,-0.71567005,-0.30102807
3308,1,-0.658562,-3.97493,1.406696,-2.3119926,-0.60134083,-0.32988688
3309,1,-3.4303107,-4.2897773,0.5828631,3.687705,-0.54814893,-0.33043218
3310,1,-4.2501526,0.5618122,2.010458,-2.1244137,-0.5366877,-0.25596812
3311,1,4.811033,-2.6268778,1.0393858,0.058215678,-0.624314,-0.10205232
3312,1,2.2705975,4.3566155,5.9637775,1.094417,-0.3671503,-0.048674624
3313,1,-3.4557264,-5.916526,1.2160887,-3.3585837,-0.32728466,-0.11845812
3314,1,0.09332917,-1.6175634,2.8401825,2.452531,-0.31852135,-0.15927307
3315,1,-0.6377862,-3.9392824,1.4131608,-2.3930185,-0.30372095,-0.18185104
3316,1,-3.5289018,-4.26494,0.63800716,3.5622663,-0.2764788,-0.17379579
3317,1,-4.311069,0.56387174,2.1344335,-2.2000442,-0.28827116,-0.13565302
3318,1,4.598458,-2.57115,1.3912194,0.019794462,-0.37054038,-0.052642934
3319,1,2.3249881,4.372267,5.885966,0.99795747,-0.00045480882,-0.00017538604
3320,1,-3.0642395,-5.8974414,1.1803917,-3.4003718,-0.0005783914,-0.00015501906
3321,1,0.0927027,-1.6049114,2.807914,2.4605062,-0.0004387779,-0.00038084056
3322,1,-0.6928897,-3.9406266,1.4177101,-2.4435315,-0.0001059759,-0.00040923932
3323,1,-3.5026333,-4.2467103,0.6603554,3.5298023,0.00010503446,-0.00037169282
3324,1,-4.3640714,0.5678269,2.1904428,-2.2276847,0.00037600205,-0.00025189907
3325,1,4.549733,-2.6071613,1.3762068,0.011806215,0.0006332295,-0.00013485397
3326,1,2.2700722,4.354388,5.962941,1.0938591,0.36575258,0.048494194
3327,1,-3.455749,-5.915376,1.2166545,-3.3577878,0.3262348,0.118192755
3328,1,0.09270059,-1.6181759,2.8400526,2.4512641,0.3176398,0.15845488
3329,1,-0.63700867,-3.9397407,1.4131932,-2.3925583,0.30350295,0.18110012
3330,1,-3.529374,-4.2650676,0.6380523,3.5618725,0.2767093,0.17305803
3331,1,-4.310767,0.563608,2.1344867,-2.199875,0.28900686,0.13517942
3332,1,4.5986567,-2.5709252,1.3914899,0.019693568,0.3717701,0.05240973
3333,1,2.2464564,4.3554883,5.9964046,1.0071977,0.730511,0.07249103
3334,1,-3.1623006,-5.9378667,1.2845373,-3.3512185,0.7916553,0.20889078
3335,1,0.05818564,-1.6439949,2.8503072,2.5901926,0.7148537,0.30040923
3336,1,-0.6569807,-3.9759474,1.4067411,-2.3112035,0.60116124,0.32911134
3337,1,-3.4312768,-4.2900243,0.5829771,3.6870303,0.54838103,0.32985657
3338,1,-4.24951,0.5613152,2.0105417,-2.1241302,0.53742266,0.25550422
3339,1,4.81134,-2.6265137,1.0399032,0.058056664,0.625536,0.101881474
3340,1,1.7531391,4.4050875,6.2787743,1.1650307,1.3670155,0.13601445
3341,1,-3.5823104,-5.9929137,1.1809373,-3.253759,1.2288877,0.26182586
3342,1,0.2707234,-1.7267383,2.8191946,2.6987906,1.1024315,0.3376594
3343,1,-0.4758,-4.0231385,1.3798565,-2.1181426,0.9461262,0.43624464
3344,1,-3.3245158,-4.3523755,0.45121813,3.868108,0.7623057,0.43562686
3345,1,-4.0465546,0.5549784,1.7875161,-1.989097,0.6804192,0.34634215
3346,1,5.1413417,-2.6047957,0.7465714,0.111181915,0.8128449,0.13724332
3347,1,2.9149017,4.19066,5.172177,1.0561801,2.4286423,-0.06598049
3348,1,-2.640945,-6.1431284,0.92371464,-3.1720223,2.1143148,0.06474544
3349,1,0.6036152,-1.9053422,2.660129,2.9352467,1.7044474,0.31220844
3350,1,-0.14021452,-4.098375,1.2354918,-1.9233098,1.2819415,0.42642838
3351,1,-3.0318706,-4.4224625,0.30652705,4.1091566,0.9394017,0.47341856
3352,1,-3.8181634,0.5604343,1.5084652,-1.8543668,0.7382034,0.37694433
3353,1,5.6694937,-2.6744125,0.12532377,0.16620935,0.67373705,0.15397692
3354,1,5.816952,4.526977,4.13911,1.0413071,1.8498812,-0.04715117
3355,1,0.10527127,-6.3080072,-0.43073744,-3.4711995,2.118507,-0.17306694
3356,1,3.3585994,-1.9823974,2.0459297,2.8318558,1.9873781,0.025891408
3357,1,1.4288006,-4.2775707,0.87783146,-1.747629,1.5146849,0.30350205
3358,1,-2.1799397,-4.3767257,-0.0071174875,4.185,1.0307746,0.36270455
3359,1,-3.3086867,0.47248256,1.1372975,-1.7319783,0.597865,0.31899676
3360,1,6.2332554,-2.563706,-0.33252308,0.19611308,0.438479,0.1263497
3361,1,3.1982517,3.9973652,2.3963623,0.8141542,1.1086117,-0.14681064
3362,1,-2.0171204,-5.7140837,-0.9855263,-3.5025406,0.6318195,-0.0379019
3363,1,2.2115657,-1.9630508,0.8974555,1.9518349,0.82560533,-0.09586756
3364,1,1.611102,-4.261879,0.31265047,-2.0771022,0.90078413,0.053544156
3365,1,-2.333413,-4.2153573,-0.25364748,3.628397,0.40307125,0.18924233
3366,1,-3.5942686,0.33541948,0.7326558,-2.097308,0.38097262,0.078775205
3367,1,5.8482256,-2.4539437,-0.7386795,-0.072966166,-0.10762942,0.08516425
3368,1,2.034974,-2.5921512,-0.8565707,-0.027960034,0.20204005,-0.0007613255
3369,1,-1.6417215,1.8553164,1.072469,2.217435,-0.38694683,0.124734394
3370,1,-0.24173486,-2.4128475,-0.25117245,-2.1846323,-0.2677631,0.010562526
3371,1,0.062087722,-1.0564233,0.20305192,2.559974,-0.21423924,0.009742144
3372,1,-2.6527195,-0.059429053,0.35958305,-2.0194435,-0.31128782,0.0027145245
3373,1,-1.2758273,-1.3461603,-0.3097113,-0.28537095,-0.023059396,-0.0529454
3374,1,3.531868,0.9581115,0.55291957,-1.6321721,-0.08666025,0.019436311
3375,1,4.3895335,-2.9166906,-0.15627685,-0.12713584,-1.0550555,0.11032476
3376,1,0.3230181,2.0913196,1.9206718,2.5127747,-0.8574715,0.09408589
3377,1,1.0136214,-2.6055262,0.09392678,-2.1525438,-0.91441596,0.027824884
3378,1,1.0645206,-1.1541885,0.677559,3.091251,-0.83733624,-0.027319834
3379,1,-2.1155634,-0.04254423,0.73525834,-1.7157744,-0.5862634,-0.109188825
3380,1,-0.7641622,-1.4646183,-0.11905308,0.22678964,-0.40243933,-0.09489387
3381,1,3.8438761,0.999147,0.6659308,-1.4063475,-0.06409083,-0.03913809
3382,1,2.7278006,-2.7212603,1.0922908,-0.0009982379,-1.2326171,-0.014267874
3383,1,-1.0663518,1.9847529,2.4755352,2.5733676,-1.291237,0.010386416
3384,1,-0.15255901,-2.5736642,0.7324228,-2.0484068,-1.1827718,-0.04576009
3385,1,-0.05106448,-1.1796765,1.1332519,3.1856115,-0.960192,-0.15116903
3386,1,-2.7335846,0.03424949,1.0665053,-1.7241873,-0.7305859,-0.17472488
3387,1,-1.1079738,-1.5280713,0.15858549,0.28564093,-0.52162117,-0.15450306
3388,1,3.5946324,1.0709977,1.0762168,-1.4192008,-0.53509957,-0.063724004
3389,1,2.0688317,-2.798439,1.4351965,-0.07754353,-1.0750027,0.004036773
3390,1,-1.7771696,2.0338945,3.0443654,2.594859,-1.0041354,-0.064300604
3391,1,-0.8554889,-2.4971483,1.0861355,-2.0657277,-0.88313764,-0.14028111
3392,1,-0.38865238,-1.0980245,1.3805603,3.0531244,-0.75645846,-0.17617707
3393,1,-2.9633856,0.060232453,1.3131186,-1.8159641,-0.6309238,-0.19446364
3394,1,-1.3307854,-1.4831693,0.41959536,0.18171108,-0.56834847,-0.15589099
3395,1,3.1494849,1.0293105,1.3377504,-1.4297466,-0.57947135,-0.059467398
3396,1,1.9793451,-2.7536728,1.8319911,-0.0043043704,-0.6284102,-0.054859705
3397,1,-1.8020389,2.0881047,3.2268343,2.5538936,-0.6183261,-0.106535025
3398,1,-0.79260015,-2.4477262,1.2529789,-2.146068,-0.5936096,-0.12782119
3399,1,-0.4914016,-1.034654,1.5483823,2.9630497,-0.53540874,-0.16193144
3400,1,-3.062404,0.08330089,1.4522539,-1.9299917,-0.4634683,-0.15976162
3401,1,-1.4509593,-1.4586619,0.6125604,0.10803123,-0.45076355,-0.12746733
3402,1,2.9675958,1.0626122,1.6816953,-1.4645624,-0.5515517,-0.04997559
3403,1,2.283289,-2.7402854,1.839283,-0.092963405,-0.3071818,-0.019514697
3404,1,-1.6810716,2.083269,3.3537455,2.5063517,-0.31564397,-0.061893925
3405,1,-0.8891794,-2.4147656,1.3504497,-2.1564436,-0.2884765,-0.08560931
3406,1,-0.5198068,-1.0079231,1.6294861,2.866858,-0.25984848,-0.091437645
3407,1,-3.0841126,0.10493645,1.5529779,-1.9842824,-0.24490358,-0.09063217
3408,1,-1.5091966,-1.4358531,0.7461542,0.045873445,-0.2496725,-0.07035385
3409,1,2.7624848,1.0224437,1.7817667,-1.4741083,-0.29154378,-0.027396774
3410,1,2.068939,-2.757855,1.8884389,-0.018701853,-0.00065114384,-1.4925379e-06
3411,1,-1.7698619,2.0926807,3.3694432,2.5097072,-0.00036438013,-0.0002459718
3412,1,-0.81401145,-2.4108925,1.3848639,-2.2011569,-0.00025328202,-0.0002861091
3413,1,-0.52282697,-0.99204355,1.6617469,2.860695,-0.00014844546,-0.00036890453
3414,1,-3.1103032,0.106284894,1.581586,-2.0145276,9.336418e-05,-0.00033460135
3415,1,-1.5330459,-1.4333322,0.78337425,0.03075087,0.00027646284,-0.00027333363
3416,1,2.7838535,1.0602344,1.9193308,-1.4852308,0.00051735406,-8.147842e-05
3417,1,2.28318,-2.7390945,1.8397912,-0.09271796,0.30652028,0.019371377
3418,1,-1.6814526,2.082296,3.3534188,2.505563,0.31478775,0.061382
3419,1,-0.88899845,-2.4145246,1.3506703,-2.1559157,0.28796342,0.08510043
3420,1,-0.52006763,-1.0080975,1.6295019,2.8661826,0.25960177,0.090706326
3421,1,-3.0838695,0.10478224,1.5530281,-1.9840207,0.24506347,0.08999363
3422,1,-1.5093218,-1.4358102,0.7462557,0.04555161,0.2502495,0.06983122
3423,1,2.7627068,1.0223225,1.7819003,-1.4740593,0.29255906,0.027223635
3424,1,1.9792072,-2.751536,1.8327949,-0.0038349736,0.6272743,0.0548325
3425,1,-1.8026743,2.0864136,3.226308,2.5523756,0.6176791,0.106159166
3426,1,-0.79223996,-2.4474082,1.2533596,-2.1451113,0.5931715,0.127289
3427,1,-0.49196643,-1.0349284,1.5484506,2.9618113,0.53516597,0.16134197
3428,1,-3.0618935,0.082959495,1.4523332,-1.9295444,0.46367237,0.15915847
3429,1,-1.4512295,-1.4585872,0.6127526,0.10746477,0.45130703,0.12704541
3430,1,2.9680836,1.0623955,1.6819189,-1.46449,0.5525498,0.04980581
3431,1,2.0685031,-2.7951994,1.4367255,-0.076827,1.0744886,-0.004159753
3432,1,-1.7784433,2.031305,3.0434597,2.592653,1.0034869,0.06396547
3433,1,-0.855041,-2.496649,1.0867426,-2.0642967,0.88277847,0.13989864
3434,1,-0.3893877,-1.0984379,1.3806638,3.0512834,0.7563283,0.17570089
3435,1,-2.9626772,0.059685443,1.3132019,-1.8152235,0.6311232,0.19398545
3436,1,-1.3311162,-1.4830086,0.41986442,0.18087925,0.56888324,0.15557131
3437,1,3.1501849,1.028921,1.337998,-1.4296147,0.58038485,0.059318617
3438,1,2.727463,-2.7167327,1.0936931,-2.576611e-05,1.2320231,0.014259473
3439,1,-1.0678489,1.9810501,2.474433,2.570242,1.2909434,-0.010671243
3440,1,-0.15186389,-2.5729032,0.7332242,-2.046266,1.182696,0.045502942
3441,1,-0.052201718,-1.1803044,1.1333057,3.1831844,0.9601348,0.15085652
3442,1,-2.7324636,0.033612598,1.0666419,-1.7230695,0.7308214,0.17440248
3443,1,-1.1085068,-1.5279663,0.1588039,0.28458098,0.52206755,0.15429558
3444,1,3.5956922,1.070578,1.0764474,-1.4189962,0.5358807,0.063640974
3445,1,4.3890314,-2.9105697,-0.15314157,-0.12578635,1.0544717,-0.11033344
3446,1,0.32139143,2.0867047,1.9187194,2.508826,0.8574333,-0.09419353
3447,1,1.0151843,-2.6046362,0.09481445,-2.1497326,0.9144844,-0.028011544
3448,1,1.0634117,-1.1548586,0.67760843,3.0884063,0.8374181,0.027185602
3449,1,-2.1141,-0.04341476,0.7352741,-1.7142551,0.5864702,0.1089638
3450,1,-0.7647133,-1.46441,-0.11879899,0.22561377,0.40273488,0.09484629
3451,1,3.8452384,0.9985251,0.6658909,-1.4060471,0.06463564,0.039073814
3452,1,2.0347843,-2.5847235,-0.8538851,-0.026357766,-0.20142826,0.0007971774
3453,1,-1.6429683,1.8492862,1.0706728,2.2128546,0.38666475,-0.12476865
3454,1,-0.24004011,-2.4111245,-0.25027364,-2.1807773,0.26783884,-0.01053488
3455,1,0.06076169,-1.0576042,0.20276359,2.5563,0.21429399,-0.009890762
3456,1,-2.651092,-0.060265034,0.35971072,-2.017079,0.3113867,-0.002709616
3457,1,-1.2769426,-1.3458375,-0.3096277,-0.28695595,0.023167448,0.05289908
3458,1,3.532973,0.95728755,0.5527689,-1.6316402,0.08677317,-0.019443976
3459,1,0.6563791,1.2529185,0.6000943,0.92407376,-0.045453317,0.0388227
3460,1,-0.45971164,-0.90611887,-0.35957125,-0.057973787,0.20171517,0.009245657
3461,1,-0.5397538,1.0797228,0.34849542,1.9384118,-0.02905943,0.056380514
3462,1,-0.5040608,0.18767715,0.025147073,-1.4084343,-0.07297441,0.032755762
3463,1,-1.1072308,0.23019722,-0.054191746,0.6074593,0.051251467,0.025396142
3464,1,-0.7875638,1.0574049,0.23764174,-2.2957063,-0.09400872,0.03520874
3465,1,1.7054956,-0.10383195,-0.20695846,-0.7857737,0.21397507,-0.0079997545
3466,1,1.6561892,1.3915907,0.987729,0.9069221,0.03639754,0.010194982
3467,1,0.63374066,-1.0639076,-0.12232929,-0.18987943,-0.31990188,0.080371454
3468,1,0.36395392,1.1294553,0.74720824,2.22297,-0.3271426,0.0700374
3469,1,0.0056792824,0.15827268,0.26626864,-1.3007118,-0.30495933,0.051218603
3470,1,-0.6017789,0.15133932,0.12926973,1.020976,-0.2682622,0.062137507
3471,1,-0.5297829,1.0469358,0.3862738,-1.9443614,-0.107012264,0.047078744
3472,1,2.0362897,-0.13252445,-0.050987817,-0.5932347,-0.029444413,0.019466272
3473,1,1.4041039,1.2817943,1.4322526,0.91214174,-0.8149461,0.045701668
3474,1,0.108526245,-1.0339178,0.41570967,-0.06976183,-0.7053927,0.04413937
3475,1,-0.19590381,1.0724069,1.1305555,2.2874308,-0.6777968,0.025507856
3476,1,-0.33893642,0.14491372,0.62370044,-1.2590895,-0.5989329,0.023271527
3477,1,-0.90888923,0.08448626,0.4048891,1.10329,-0.45890546,0.014418744
3478,1,-0.66141,1.0772518,0.5999676,-1.9321992,-0.34807074,0.021921424
3479,1,1.8099749,-0.18019256,0.008501776,-0.5733471,-0.2512033,0.012641219
3480,1,0.55872506,1.3140941,1.983027,0.96898764,-0.6401715,-0.016499111
3481,1,-0.312596,-1.0464853,0.7482283,-0.07708026,-0.6565906,-0.0067834505
3482,1,-0.51574296,1.0572695,1.458428,2.2598233,-0.6188838,-0.009036036
3483,1,-0.6632801,0.13632187,0.91071373,-1.2797959,-0.53406334,-0.025465576
3484,1,-1.036698,0.09375922,0.6358226,1.0215523,-0.44175917,-0.023754317
3485,1,-0.84372145,1.0509682,0.7876143,-1.9623353,-0.39025632,-0.017212382
3486,1,1.7357874,-0.15123914,0.22771491,-0.5923732,-0.46564308,-0.008163024
3487,1,0.9854667,1.3121401,2.1787696,0.90890986,-0.41859934,-0.0041659134
3488,1,-0.3488721,-1.0516807,1.0491484,-0.0762642,-0.42356068,-0.027558282
3489,1,-0.5530949,1.0892642,1.7071142,2.245103,-0.3970726,-0.03989746
3490,1,-0.6219351,0.1586906,1.1180043,-1.3475132,-0.36230087,-0.03989589
3491,1,-1.086609,0.11819026,0.83905697,0.972306,-0.33589074,-0.037675925
3492,1,-0.8388132,1.0585163,0.9743178,-2.0011559,-0.3236415,-0.026876923
3493,1,1.4724071,-0.17763266,0.36683974,-0.60073495,-0.3776146,-0.011208499
3494,1,0.67376196,1.2950203,2.3857183,0.97448486,-0.19623554,-0.015590443
3495,1,-0.26149976,-1.0245516,1.218401,-0.065640934,-0.19727297,-0.027016679
3496,1,-0.508973,1.1029398,1.8745311,2.1955192,-0.19663729,-0.029207105
3497,1,-0.6829356,0.18064973,1.2711222,-1.3534149,-0.18597457,-0.031161563
3498,1,-1.0827322,0.13516942,0.97409177,0.9215852,-0.17067768,-0.026682433
3499,1,-0.92163825,1.0552843,1.100827,-2.0205467,-0.17933482,-0.019552434
3500,1,1.5582966,-0.14182508,0.56457984,-0.6078476,-0.23347408,-0.007869552
3501,1,1.0560797,1.3220873,2.4267852,0.9030262,-0.00015848859,-0.00012494749
3502,1,-0.32729447,-1.032676,1.2917242,-0.085236825,-0.00030179627,-0.00021082399
3503,1,-0.5590817,1.1103593,1.9286548,2.21476,-0.00018544677,-0.00035232218
3504,1,-0.6468349,0.18450667,1.3180804,-1.3820887,-4.562709e-05,-0.00037201372
3505,1,-1.1086318,0.14284348,1.0227033,0.91795176,2.6466787e-05,-0.0003772852
3506,1,-0.8757247,1.0619957,1.1551921,-2.0276287,0.00020568383,-0.00026992548
3507,1,1.373146,-0.17453079,0.5672504,-0.61163694,0.00035750552,-0.000114824434
3508,1,0.67380923,1.2944596,2.3854425,0.9743357,0.19541758,0.015446397
3509,1,-0.26157838,-1.0240711,1.2186346,-0.06531366,0.19684695,0.026630143
3510,1,-0.50913674,1.1026428,1.8744682,2.194953,0.19629371,0.028509716
3511,1,-0.6827855,0.18068938,1.2712084,-1.3531157,0.18584418,0.030452983
3512,1,-1.0828613,0.13515273,0.97412056,0.9212308,0.17076954,0.025956744
3513,1,-0.9215207,1.0552487,1.1008788,-2.020485,0.17971441,0.019030632
3514,1,1.5583254,-0.14181632,0.5647075,-0.6079278,0.23420776,0.007657624
3515,1,0.9853686,1.3111479,2.1783295,0.90866244,0.4183039,0.0039776103
3516,1,-0.34899017,-1.0508524,1.049531,-0.075637475,0.42302766,0.027181197
3517,1,-0.5534143,1.0887669,1.7070179,2.244029,0.39674222,0.03932013
3518,1,-0.6216305,0.15870643,1.1181457,-1.3469789,0.36224097,0.039236657
3519,1,-1.0868628,0.11818009,0.8391176,0.9716661,0.33596468,0.037055273
3520,1,-0.83858114,1.0584362,0.974397,-2.0010636,0.3240443,0.026395308
3521,1,1.4724904,-0.17761081,0.36707643,-0.60087574,0.3783033,0.01103356
3522,1,0.5588134,1.3125753,1.982211,0.96858907,0.63959676,0.016412746
3523,1,-0.3128947,-1.0452306,0.74886733,-0.07616136,0.6562594,0.0065007145
3524,1,-0.51627463,1.0564938,1.4582504,2.2582328,0.61865705,0.008551169
3525,1,-0.66285294,0.13634288,0.9109074,-1.2789657,0.5340153,0.024939835
3526,1,-1.0370498,0.093741946,0.6358996,1.0206056,0.44187856,0.023258626
3527,1,-0.8433869,1.0508215,0.78768826,-1.962164,0.39061457,0.016827155
3528,1,1.7359115,-0.15118118,0.22801228,-0.5925798,0.46629357,0.008035348
3529,1,1.4038675,1.2796962,1.4315245,0.91160995,0.81469584,-0.045789693
3530,1,0.10821595,-1.0320891,0.41647413,-0.06846239,0.70515907,-0.044301566
3531,1,-0.19657683,1.0713043,1.1302661,2.285245,0.67767733,-0.025855407
3532,1,-0.33826804,0.14497592,0.6239558,-1.2578515,0.5990078,-0.023651136
3533,1,-0.9093989,0.08440459,0.40492982,1.1020653,0.45900336,-0.014768897
3534,1,-0.6609066,1.0770959,0.6000533,-1.9319143,0.34837866,-0.022183143
3535,1,1.8102009,-0.18018173,0.008762042,-0.5736114,0.25172427,-0.012726992
3536,1,1.6562712,1.3887264,0.98624974,0.9061834,-0.036194097,-0.010222414
3537,1,0.6335983,-1.0615793,-0.12116073,-0.18810847,0.31971997,-0.080449775
3538,1,0.36322844,1.1281339,0.7467409,2.220278,0.3271537,-0.07021488
3539,1,0.0066694487,0.15832873,0.26648986,-1.2990398,0.30502564,-0.051478717
3540,1,-0.60232943,0.15125266,0.12931143,1.019563,0.2683068,-0.06232021
3541,1,-0.5291396,1.0466859,0.38627943,-1.9439498,0.10718887,-0.047239162
3542,1,2.0365837,-0.13245262,-0.050763283,-0.5935393,0.029688617,-0.019483235
3543,1,0.65636164,1.2494102,0.5987665,0.92322004,0.04487201,-0.03882961
3544,1,-0.45981157,-0.90313053,-0.35850254,-0.055805743,-0.20143338,-0.009260045
3545,1,-0.54042137,1.0777872,0.34791487,1.9352009,0.028986491,-0.056477223
3546,1,-0.5030296,0.18797417,0.025438298,-1.406064,0.07298947,-0.032793544
3547,1,-1.1080505,0.23003365,-0.05428196,0.6055991,-0.05124417,-0.02550553
3548,1,-0.78702813,1.0571312,0.23765469,-2.2949414,0.09402249,-0.035224076
3549,1,1.7055563,-0.10375578,-0.20683627,-0.78616095,-0.21386774,0.007989847
3550,1,0.3088174,-0.04633328,-0.23496948,0.17766874,0.22129638,0.010708155
3551,1,-0.5882507,1.2980266,0.041731212,0.7486388,-0.0060655614,0.03268072
3552,1,0.08340407,1.4578043,-0.11185316,-0.28255457,0.08435633,0.024244072
3553,1,0.13409922,2.1813307,0.047324773,0.66657037,0.03085594,0.092633754
3554,1,-1.0456774,2.0858743,0.0071637174,-0.82044524,-0.02395384,0.12623487
3555,1,0.6311762,1.0870786,-0.082501926,-0.5340874,0.07164646,0.112948835
3556,1,0.05659998,0.36296335,-0.07770438,-0.40804887,0.03540217,0.057763718
3557,1,0.9119495,-0.1293952,-0.345537,0.11792858,-0.021625089,0.050613064
3558,1,-0.5337335,1.2207389,-0.026175378,0.7665604,0.017785033,0.06785158
3559,1,0.34849748,1.3429143,-0.07206454,-0.29212263,-0.05657762,0.09672697
3560,1,0.40440786,2.1284866,0.17832693,0.8089977,-0.07005873,0.16143036
3561,1,-1.1201372,2.015615,0.060922585,-0.6918701,-0.04727404,0.20566753
3562,1,0.91586626,1.0228337,-0.122346304,-0.35049924,-0.028401343,0.19441217
3563,1,-0.023629902,0.3457837,-0.39035994,-0.3160496,0.080084436,0.08601198
3564,1,0.30280384,-0.10858859,-0.057963997,0.18135928,-0.1971103,0.019377243
3565,1,-0.39348054,1.1896667,0.23843867,0.77562934,-0.2555961,0.076877646
3566,1,0.2547732,1.2889369,0.2811969,-0.2657695,-0.25122064,0.09758751
3567,1,0.2029627,2.0410848,0.51054704,0.8574626,-0.2125854,0.11282792
3568,1,-1.0133733,1.9906839,0.31651878,-0.7026503,-0.16951205,0.13280158
3569,1,0.70251703,0.99103314,-0.030362615,-0.34613365,-0.11579757,0.1309829
3570,1,0.17130557,0.35884735,-0.46547478,-0.32814577,-0.12563479,0.05856737
3571,1,0.8051663,-0.08632123,0.46326387,0.12904659,-0.27564403,0.011627054
3572,1,-0.7637339,1.2298825,0.80026674,0.7941116,-0.2568358,0.025812339
3573,1,0.13137692,1.3457382,0.78756,-0.25281927,-0.233413,0.047186658
3574,1,0.21725833,2.0912735,0.96286464,0.809071,-0.20803244,0.061253168
3575,1,-1.1907005,2.0031552,0.6841553,-0.7005687,-0.1755483,0.07616734
3576,1,0.8195751,1.0092038,0.24470499,-0.36243692,-0.15223393,0.086006045
3577,1,-0.15422295,0.3464719,-0.30840662,-0.33204204,-0.1647756,0.046114843
3578,1,0.13373473,-0.09923499,0.90236795,0.20136504,-0.14398967,-0.0047634025
3579,1,-0.54004014,1.2764795,1.2261435,0.7961411,-0.1415389,0.0034887271
3580,1,0.16386597,1.4019369,1.191246,-0.28529757,-0.14670691,0.014294996
3581,1,0.146738,2.1359591,1.3285102,0.8123218,-0.1342952,0.025581809
3582,1,-1.0827802,2.0356379,1.0044029,-0.7357765,-0.12090053,0.03919135
3583,1,0.6665139,1.0196023,0.534168,-0.3697759,-0.12391122,0.055447917
3584,1,0.12764324,0.3666126,-0.02938079,-0.331716,-0.16377258,0.030145237
3585,1,0.84376323,-0.063056484,1.1034545,0.13427874,-0.060451094,0.0006076991
3586,1,-0.71816367,1.2788198,1.4568995,0.786357,-0.07211519,-0.0017765729
3587,1,0.14083147,1.4191332,1.4201252,-0.26029608,-0.06875623,0.0012925935
3588,1,0.19918175,2.1646252,1.5436512,0.7798389,-0.067711025,0.007901477
3589,1,-1.1638218,2.049419,1.2149689,-0.7290728,-0.06748846,0.017187327
3590,1,0.781919,1.0316724,0.7437924,-0.37909812,-0.06731902,0.026239805
3591,1,-0.21242228,0.34625125,0.1570861,-0.33706665,-0.08835182,0.015814291
3592,1,0.16311966,-0.10125456,1.1713144,0.20401223,-0.00019276427,-0.00010634759
3593,1,-0.54356605,1.2864338,1.5256106,0.80136234,-5.0792638e-05,-0.0003223854
3594,1,0.16157137,1.4304984,1.4943583,-0.2856122,-6.334873e-05,-0.00041559595
3595,1,0.14673571,2.1686418,1.6198039,0.7959836,-3.562069e-05,-0.00048412997
3596,1,-1.0954671,2.0566864,1.2863204,-0.74461275,2.746866e-05,-0.00046787658
3597,1,0.66069406,1.0314308,0.81665325,-0.37749234,5.8014502e-05,-0.00038297658
3598,1,0.11480199,0.36996475,0.25203502,-0.33313724,0.00014899982,-0.00015650726
3599,1,0.8434818,-0.06289694,1.1034795,0.13434044,0.060314603,-0.0008531631
3600,1,-0.71802264,1.2787087,1.4568981,0.7862312,0.0719148,0.0011607251
3601,1,0.14085914,1.4192747,1.4202368,-0.2601548,0.06864612,-0.002094445
3602,1,0.198963,2.1646214,1.5436687,0.7796414,0.0676537,-0.008837568
3603,1,-1.1635202,2.049456,1.2150124,-0.7290093,0.0675344,-0.018087395
3604,1,0.7816706,1.0316883,0.74378663,-0.3791644,0.06744774,-0.026984077
3605,1,-0.21229656,0.346263,0.1571701,-0.33707753,0.08863695,-0.016117273
3606,1,0.1340726,-0.098927855,0.9024083,0.20141205,0.14364338,0.0045733554
3607,1,-0.5400874,1.2763008,1.2261701,0.79589283,0.14144038,-0.0040331273
3608,1,0.16394602,1.4021753,1.1914523,-0.28501794,0.14659338,-0.015018366
3609,1,0.14636937,2.1359768,1.3285487,0.81194,0.13423528,-0.026409535
3610,1,-1.0822525,2.035688,1.0044688,-0.73566103,0.12096211,-0.040006533
3611,1,0.66610163,1.0196368,0.5341397,-0.36989987,0.12402664,-0.056103345
3612,1,0.12781803,0.3666375,-0.029250002,-0.33173683,0.16406113,-0.030424874
3613,1,0.80439174,-0.08588332,0.46339524,0.12921707,0.2755139,-0.011803561
3614,1,-0.7633696,1.229605,0.8002799,0.7937552,0.25669473,-0.02625124
3615,1,0.13144313,1.3461004,0.7878597,-0.25243536,0.2333426,-0.0477694
3616,1,0.21663445,2.0912635,0.9628896,0.8085253,0.20800582,-0.06192448
3617,1,-1.1898453,2.003227,0.6842201,-0.70039266,0.17560549,-0.07682755
3618,1,0.8188777,1.0092516,0.24462079,-0.36260992,0.15235575,-0.086544715
3619,1,-0.15385771,0.34648743,-0.30828348,-0.3320764,0.16503099,-0.046344135
3620,1,0.3032674,-0.10796505,-0.05785337,0.18146434,0.19696972,-0.019487346
3621,1,-0.3935382,1.1892165,0.2384336,0.77512944,0.25556904,-0.07718067
3622,1,0.2549304,1.2894037,0.2815108,-0.265163,0.25119746,-0.09799
3623,1,0.20219599,2.0410433,0.51051164,0.85669935,0.21257651,-0.11331817
3624,1,-1.0122569,1.9907496,0.3165782,-0.70235926,0.1695801,-0.13327023
3625,1,0.701644,0.9910783,-0.030542301,-0.3463647,0.11588778,-0.13135275
3626,1,0.17170416,0.35891008,-0.4653942,-0.3281839,0.12583508,-0.058733325
3627,1,0.9110841,-0.12856112,-0.34523153,0.11818415,0.0213904,-0.050647113
3628,1,-0.5331705,1.2201587,-0.026371699,0.7658714,-0.017709725,-0.06800901
3629,1,0.3487728,1.3434376,-0.07176261,-0.29134098,0.05656503,-0.096971445
3630,1,0.40326643,2.128386,0.17820047,0.8081317,0.07006065,-0.16171469
3631,1,-1.1185459,2.015715,0.061004367,-0.69148916,0.047297865,-0.20596483
3632,1,0.91464233,1.0228752,-0.12254493,-0.35074744,0.028417856,-0.1946054
3633,1,-0.022994507,0.3457999,-0.39033538,-0.31610063,-0.0799733,-0.08609044
3634,1,0.30866268,-0.045358703,-0.23463596,0.17789125,-0.22104822,-0.010709161
3635,1,-0.58783305,1.2971168,0.04143085,0.74787277,0.005867806,-0.032714047
3636,1,0.08358939,1.4584212,-0.11159561,-0.28150988,-0.08425528,-0.024330681
3637,1,0.13294928,2.181126,0.04716571,0.6654567,-0.030892843,-0.09273577
3638,1,-1.0439407,2.0860455,0.007256593,-0.8198219,0.023953667,-0.12632428
3639,1,0.6296557,1.08722,-0.082600564,-0.5344277,-0.07165283,-0.1130304
3640,1,0.057248402,0.36306962,-0.07770956,-0.4080814,-0.035404325,-0.05776148
