ElementLabel,IntegrationPoint,LE11,LE22,LE33,LE12,LE13,LE23
1,1,7.583924e-06,-1.6960447e-06,-1.7470875e-05,-2.861749e-05,-4.3567816e-05,3.2348382e-06
2,1,-1.9098803e-05,9.638419e-05,-3.1446223e-05,-0.00014968596,1.0725377e-06,8.368783e-06
3,1,-4.92641e-06,0.000104243314,-5.1217565e-05,6.23307e-05,-1.7640079e-05,1.7143598e-06
4,1,-7.041665e-06,0.00016066404,-6.371836e-05,-0.0001680725,-7.2927e-06,1.7183218e-05
5,1,-3.8168757e-05,0.0001756442,-5.9440375e-05,0.00015463664,4.7794906e-06,2.7467024e-05
6,1,7.719286e-06,8.858916e-05,-4.5894845e-05,0.000119140335,-1.3789571e-05,2.6847376e-05
7,1,-6.1027725e-07,3.2650212e-05,-1.8765553e-05,8.7745895e-05,-7.66527e-06,1.481257e-05
8,1,2.208698e-05,-9.168224e-06,-2.6878499e-05,-1.6681252e-05,6.1979244e-06,1.2577733e-05
9,1,-1.6839116e-05,9.144445e-05,-3.5814548e-05,-0.00015478389,-3.6265758e-06,1.2687099e-05
10,1,1.4985953e-06,9.153283e-05,-4.8215777e-05,6.6268905e-05,9.546104e-06,1.4584355e-05
11,1,-1.2653401e-06,0.00015038166,-5.4383992e-05,-0.00019459291,1.2083939e-05,2.861716e-05
12,1,-4.008569e-05,0.000169554,-5.2537212e-05,0.00013144872,7.085062e-06,4.202012e-05
13,1,1.4286322e-05,8.3426705e-05,-4.8156224e-05,8.314686e-05,3.82146e-06,4.3961034e-05
14,1,-3.8724667e-07,4.2248408e-05,-4.3241074e-05,6.862277e-05,-1.8713574e-05,2.0259631e-05
15,1,6.7263163e-06,-1.3511459e-05,1.9071942e-07,-2.8974275e-05,4.2639393e-05,9.0254105e-07
16,1,-1.4835817e-05,7.982504e-05,-1.4751262e-05,-0.00015519359,5.3677923e-05,1.000972e-05
17,1,-2.1100159e-06,7.7206816e-05,-1.8644436e-05,6.233933e-05,5.133998e-05,1.2157352e-05
18,1,-6.8246195e-06,0.00013408085,-2.468155e-05,-0.00020435004,4.134365e-05,1.5142747e-05
19,1,-3.8676535e-05,0.0001578647,-3.212591e-05,0.00013390838,3.115479e-05,2.1866097e-05
20,1,9.81812e-06,7.8519544e-05,-3.9020324e-05,8.218955e-05,1.8898587e-05,2.4601552e-05
21,1,4.3260584e-06,4.4476335e-05,-5.1673407e-05,7.092737e-05,1.91084e-05,1.1420243e-05
22,1,1.4679594e-05,-3.2523018e-05,4.1097046e-05,-1.8252003e-05,6.4014646e-05,-2.1778574e-06
23,1,-2.7266135e-05,6.666385e-05,3.4593108e-05,-0.00015849,5.6925343e-05,-5.0306653e-06
24,1,-8.627532e-06,6.568209e-05,2.3207773e-05,6.0867198e-05,5.020765e-05,-1.6971132e-06
25,1,-9.629512e-06,0.00012319957,1.0976139e-05,-0.00019257423,4.2880987e-05,1.2335747e-06
26,1,-4.4938486e-05,0.00014781338,-1.9788804e-06,0.00013518329,3.375141e-05,6.5796025e-06
27,1,1.0826683e-05,7.041021e-05,-1.9270878e-05,8.593157e-05,2.7220816e-05,1.2390617e-05
28,1,-3.183268e-06,4.0744817e-05,-3.803749e-05,7.1709386e-05,2.7615068e-05,8.07327e-06
29,1,-4.258832e-06,-4.493429e-05,8.562898e-05,-3.3121036e-05,3.5306704e-05,-5.900961e-06
30,1,-2.5695268e-05,5.4227497e-05,7.015906e-05,-0.00015841931,3.313049e-05,-9.397144e-06
31,1,-1.1051487e-05,5.660758e-05,5.6583547e-05,6.9345406e-05,3.2823453e-05,-8.221262e-06
32,1,-1.4052908e-05,0.000115073315,4.115787e-05,-0.0001913612,2.8008388e-05,-5.5975e-06
33,1,-4.462053e-05,0.0001393028,2.239441e-05,0.00014397978,2.334803e-05,-8.587727e-07
34,1,5.77119e-06,6.2899046e-05,4.080841e-06,8.8434994e-05,2.2460525e-05,6.3536354e-06
35,1,9.657858e-07,3.17111e-05,-1.8226136e-05,7.168515e-05,2.9177429e-05,4.71301e-06
36,1,1.0951414e-05,-5.3808842e-05,9.823996e-05,-1.9420522e-05,1.5780806e-05,-2.3434989e-06
37,1,-3.1438558e-05,4.7440113e-05,9.247381e-05,-0.00015569675,1.6694714e-05,-6.2165714e-06
38,1,-1.3392124e-05,5.024271e-05,7.674355e-05,6.520503e-05,1.519008e-05,-6.444952e-06
39,1,-1.4291579e-05,0.00011000565,5.8203095e-05,-0.00018333428,1.4081831e-05,-4.8446586e-06
40,1,-4.7832254e-05,0.00013394907,3.9750237e-05,0.00014417383,1.307732e-05,-1.6391382e-06
41,1,7.11058e-06,5.630147e-05,1.9745308e-05,9.066633e-05,1.237127e-05,2.3744494e-06
42,1,-7.211293e-06,2.613662e-05,-6.549026e-07,7.281854e-05,1.5901504e-05,2.436687e-06
43,1,-5.5683067e-06,-5.516939e-05,0.00011055802,-3.369426e-05,-3.546196e-08,3.0216132e-08
44,1,-2.7985012e-05,4.444675e-05,9.7477394e-05,-0.00015915191,-1.1416405e-08,7.9984574e-08
45,1,-1.3331385e-05,4.8607875e-05,8.269799e-05,7.088038e-05,-1.0152046e-08,1.0683216e-07
46,1,-1.6129994e-05,0.000108041866,6.500987e-05,-0.00018609683,-4.8637854e-09,1.1990583e-07
47,1,-4.6731686e-05,0.00013177932,4.4924807e-05,0.00014748776,6.3204495e-09,1.202915e-07
48,1,3.966021e-06,5.4643482e-05,2.6365577e-05,9.071418e-05,1.33802365e-08,9.521933e-08
49,1,-1.0236562e-06,2.2901879e-05,4.4595636e-06,7.201231e-05,3.0694906e-08,4.182749e-08
50,1,1.0956881e-05,-5.38175e-05,9.823748e-05,-1.9410285e-05,-1.5811433e-05,2.4081178e-06
51,1,-3.1440264e-05,4.7447535e-05,9.246971e-05,-0.00015571802,-1.6728703e-05,6.3692887e-06
52,1,-1.3392362e-05,5.0237497e-05,7.6740405e-05,6.5227876e-05,-1.5209391e-05,6.651569e-06
53,1,-1.4287258e-05,0.000110003035,5.8202753e-05,-0.00018336446,-1.40892935e-05,5.078349e-06
54,1,-4.7837315e-05,0.00013394773,3.9753042e-05,0.00014418113,-1.3065925e-05,1.8707905e-06
55,1,7.1143304e-06,5.6297096e-05,1.9749055e-05,9.065675e-05,-1.2343965e-05,-2.1875628e-06
56,1,-7.2133466e-06,2.6136728e-05,-6.54495e-07,7.281549e-05,-1.5844376e-05,-2.3565192e-06
57,1,-4.261696e-06,-4.4949815e-05,8.562998e-05,-3.311408e-05,-3.5370027e-05,5.9516974e-06
58,1,-2.5695637e-05,5.4240885e-05,7.014993e-05,-0.00015846455,-3.3149383e-05,9.536721e-06
59,1,-1.1051129e-05,5.6597728e-05,5.657739e-05,6.939538e-05,-3.28419e-05,8.405754e-06
60,1,-1.4045605e-05,0.000115068,4.1157942e-05,-0.00019142455,-2.8016873e-05,5.8098935e-06
61,1,-4.463009e-05,0.0001393004,2.2400014e-05,0.00014399634,-2.3335655e-05,1.0695222e-06
62,1,5.778213e-06,6.289049e-05,4.089024e-06,8.841491e-05,-2.2435883e-05,-6.183279e-06
63,1,9.625358e-07,3.171014e-05,-1.8224673e-05,7.1679664e-05,-2.9120529e-05,-4.6395385e-06
64,1,1.4695687e-05,-3.2548913e-05,4.109015e-05,-1.8221683e-05,-6.403306e-05,2.2209956e-06
65,1,-2.727118e-05,6.668378e-05,3.458397e-05,-0.00015855428,-5.6949928e-05,5.141804e-06
66,1,-8.628246e-06,6.56669e-05,2.3200357e-05,6.0933395e-05,-5.02198e-05,1.8497881e-06
67,1,-9.617083e-06,0.00012319243,1.0976339e-05,-0.00019266199,-4.2886062e-05,-1.0566698e-06
68,1,-4.495358e-05,0.00014781007,-1.9695376e-06,0.00013520569,-3.3741202e-05,-6.403601e-06
69,1,1.0837459e-05,7.039725e-05,-1.9258277e-05,8.590373e-05,-2.719826e-05,-1.2246282e-05
70,1,-3.189652e-06,4.074421e-05,-3.8033362e-05,7.170096e-05,-2.7568258e-05,-8.0126e-06
71,1,6.7218225e-06,-1.3544323e-05,1.9925612e-07,-2.8956794e-05,-4.266353e-05,-8.7376367e-07
72,1,-1.4837061e-05,7.985122e-05,-1.4762825e-05,-0.00015528098,-5.3681673e-05,-9.930902e-06
73,1,-2.1102549e-06,7.7185745e-05,-1.8649776e-05,6.244463e-05,-5.1348263e-05,-1.20484665e-05
74,1,-6.810298e-06,0.00013407136,-2.4678891e-05,-0.0002044769,-4.1348845e-05,-1.5007144e-05
75,1,-3.869653e-05,0.00015786392,-3.211576e-05,0.00013394772,-3.114522e-05,-2.1734746e-05
76,1,9.832236e-06,7.850264e-05,-3.9003407e-05,8.2151746e-05,-1.8884863e-05,-2.4497518e-05
77,1,4.3187465e-06,4.447357e-05,-5.1667343e-05,7.091747e-05,-1.907288e-05,-1.1373799e-05
78,1,2.2107548e-05,-9.221306e-06,-2.688162e-05,-1.6631797e-05,-6.230505e-06,-1.2572258e-05
79,1,-1.6850623e-05,9.147907e-05,-3.581365e-05,-0.00015491205,3.6309882e-06,-1.2644432e-05
80,1,1.4946941e-06,9.1505186e-05,-4.8218048e-05,6.641176e-05,-9.550531e-06,-1.4514542e-05
81,1,-1.2422228e-06,0.00015037277,-5.4381002e-05,-0.00019474718,-1.2087797e-05,-2.853117e-05
82,1,-4.011532e-05,0.00016955516,-5.2528176e-05,0.00013150543,-7.0846127e-06,-4.1932883e-05
83,1,1.4307963e-05,8.340961e-05,-4.8143316e-05,8.310306e-05,-3.818772e-06,-4.3902455e-05
84,1,-3.9912914e-07,4.2249132e-05,-4.3234726e-05,6.8608526e-05,1.8727756e-05,-2.0237687e-05
85,1,7.5910602e-06,-1.7486904e-06,-1.746662e-05,-2.8576615e-05,4.3604963e-05,-3.2310659e-06
86,1,-1.9107345e-05,9.643047e-05,-3.1449108e-05,-0.00014981652,-1.1012796e-06,-8.362188e-06
87,1,-4.929425e-06,0.00010421501,-5.1215928e-05,6.2493185e-05,1.7648792e-05,-1.6863398e-06
88,1,-7.0202013e-06,0.00016066073,-6.3717824e-05,-0.00016824856,7.2902303e-06,-1.7151811e-05
89,1,-3.8197613e-05,0.00017564258,-5.9432317e-05,0.00015471298,-4.783536e-06,-2.7437774e-05
90,1,7.7443565e-06,8.856882e-05,-4.5889603e-05,0.00011909074,1.37891475e-05,-2.6824027e-05
91,1,-6.2015135e-07,3.2645105e-05,-1.8759198e-05,8.773406e-05,7.663958e-06,-1.4812466e-05
92,1,-9.608825e-07,8.048215e-05,5.7207544e-06,-0.0001807646,1.22316305e-05,1.05874215e-05
93,1,-5.877955e-07,-6.5094035e-05,4.0779614e-06,5.0227813e-05,-4.126757e-05,2.407903e-07
94,1,-1.3541463e-05,7.35875e-05,-4.0894993e-06,-0.00043783567,2.9976038e-06,1.1044398e-05
95,1,-1.1309807e-05,2.0364603e-05,-1.6303537e-06,0.00025161024,1.2589576e-05,6.2895933e-06
96,1,-2.8898774e-05,2.51638e-05,-4.5654315e-06,-0.0001621354,-1.3307222e-05,4.025529e-06
97,1,-2.8002863e-05,8.60045e-05,-1.0518072e-05,0.00047747509,1.6875403e-05,7.09559e-06
98,1,3.9333998e-05,-1.07026235e-05,-2.4599833e-05,0.0001808509,-4.388519e-05,-2.3567898e-06
99,1,1.7663064e-05,7.2974944e-05,2.705555e-05,-0.000179056,-3.4819152e-06,8.710147e-07
100,1,2.3060455e-05,-9.317107e-05,2.1560276e-05,7.789184e-05,6.5804794e-05,1.5913558e-05
101,1,3.667118e-06,5.8716225e-05,2.1868036e-05,-0.0004949709,6.340602e-05,1.0708669e-05
102,1,-1.4431196e-06,7.747032e-06,1.5824922e-05,0.00023708325,5.6114615e-05,5.5255646e-06
103,1,-1.8517909e-05,1.0348793e-05,8.28913e-06,-0.00023940047,4.818843e-05,9.70053e-06
104,1,-2.3234103e-05,7.9654186e-05,-7.3548813e-07,0.00040868897,1.486925e-05,8.173661e-06
105,1,4.5595538e-05,-1.9350098e-05,-1.3951247e-05,0.00014183047,-3.0893727e-06,3.9067095e-06
106,1,1.1047429e-05,5.0597395e-05,7.009147e-05,-0.00017837966,0.00017787902,9.057141e-06
107,1,8.484857e-06,-0.00010534752,6.914841e-05,5.7270136e-05,0.00015000708,4.415545e-06
108,1,-1.0128764e-05,4.4857803e-05,5.955431e-05,-0.0005060904,0.00013990844,-2.6208834e-06
109,1,-1.0439905e-05,-3.1875984e-06,4.8336282e-05,0.0002319734,0.0001197203,-3.8031967e-06
110,1,-2.561064e-05,-1.949409e-06,3.4954974e-05,-0.00025492272,8.672494e-05,-4.4350845e-06
111,1,-2.6528576e-05,7.5695665e-05,1.6291307e-05,0.0004063107,6.09584e-05,6.960621e-07
112,1,4.1572173e-05,-2.38124e-05,-7.067253e-06,0.00013784037,3.7406055e-05,1.5532294e-06
113,1,-1.2888057e-05,4.006739e-05,0.00012173104,-0.00018984292,0.00014586691,-7.2102716e-06
114,1,-3.875149e-06,-0.00011560448,0.0001020699,6.0261646e-05,0.00014559011,-9.363622e-06
115,1,-2.0002937e-05,3.4552348e-05,9.096423e-05,-0.00049688545,0.00013332992,-1.1852067e-05
116,1,-1.9976707e-05,-1.1639947e-05,7.5713535e-05,0.00023972448,0.00010985651,-1.5935746e-05
117,1,-3.016811e-05,-8.164095e-06,5.537271e-05,-0.00023534869,8.533825e-05,-1.4426722e-05
118,1,-3.1323616e-05,6.863248e-05,3.3857443e-05,0.00041451183,7.021808e-05,-9.872109e-06
119,1,3.8766073e-05,-2.8271352e-05,1.08625745e-05,0.00014199346,8.187637e-05,-3.8417134e-06
120,1,-5.3040844e-06,3.0682928e-05,0.00013597032,-0.00017714295,0.00010109191,-3.2753587e-06
121,1,-7.619886e-06,-0.0001261156,0.00012878515,6.2223065e-05,9.637218e-05,-1.2988918e-05
122,1,-2.3389905e-05,2.8605617e-05,0.000112134214,-0.0004905561,8.651087e-05,-1.8098732e-05
123,1,-2.0776006e-05,-1.7122702e-05,9.24514e-05,0.00025809358,7.500802e-05,-1.819076e-05
124,1,-3.2639517e-05,-1.2450189e-05,7.1722934e-05,-0.00022117482,6.520873e-05,-1.648513e-05
125,1,-3.212218e-05,6.3117855e-05,4.9090388e-05,0.0004245471,5.9530485e-05,-1.1363915e-05
126,1,3.2340628e-05,-3.3481007e-05,2.506248e-05,0.00014435602,6.7850655e-05,-4.424214e-06
127,1,-1.4048224e-05,2.4212031e-05,0.00015660789,-0.00019032635,4.630406e-05,-5.3527037e-06
128,1,-7.054067e-06,-0.00013035806,0.0001418782,6.090649e-05,4.4657478e-05,-1.0423983e-05
129,1,-2.3474217e-05,2.3839231e-05,0.00012544621,-0.00047766845,4.2926695e-05,-1.1862406e-05
130,1,-2.314867e-05,-2.020573e-05,0.00010505884,0.000262681,3.8517424e-05,-1.2351662e-05
131,1,-3.338659e-05,-1.5523308e-05,8.242391e-05,-0.00020830362,3.318977e-05,-1.0651783e-05
132,1,-3.461524e-05,5.927904e-05,6.014189e-05,0.0004303319,3.3220196e-05,-7.552588e-06
133,1,3.2792355e-05,-3.7660662e-05,4.001219e-05,0.00014607771,4.2923246e-05,-2.891292e-06
134,1,-5.239361e-06,2.2772827e-05,0.00015596824,-0.00017591444,-3.770997e-08,2.171725e-08
135,1,-8.835362e-06,-0.0001330567,0.00014862668,6.566262e-05,-5.1973096e-08,5.5887558e-08
136,1,-2.5097108e-05,2.2798104e-05,0.00013035985,-0.0004809265,-3.2450078e-08,7.98638e-08
137,1,-2.2715914e-05,-2.166395e-05,0.00010868217,0.0002695706,-5.6261826e-09,9.6938884e-08
138,1,-3.4337296e-05,-1.6330843e-05,8.6395354e-05,-0.0002063751,1.0416601e-08,8.7207944e-08
139,1,-3.388608e-05,5.7765104e-05,6.418006e-05,0.00043220556,4.2430365e-08,7.233642e-08
140,1,2.8923043e-05,-3.9288276e-05,4.2404463e-05,0.00014708855,7.306543e-08,2.171481e-08
141,1,-1.405207e-05,2.4240311e-05,0.00015660802,-0.00019035215,-4.646088e-05,5.3811173e-06
142,1,-7.0498904e-06,-0.00013038026,0.0001418738,6.09611e-05,-4.4740682e-05,1.0529521e-05
143,1,-2.3472567e-05,2.385152e-05,0.00012544244,-0.00047775696,-4.298414e-05,1.2021354e-05
144,1,-2.3150767e-05,-2.0205225e-05,0.00010505679,0.0002627252,-3.8534792e-05,1.25369e-05
145,1,-3.3384444e-05,-1.5525113e-05,8.2423576e-05,-0.00020835592,-3.316526e-05,1.0823561e-05
146,1,-3.4617373e-05,5.92813e-05,6.0141334e-05,0.0004303352,-3.3138884e-05,7.691884e-06
147,1,3.2791664e-05,-3.7659123e-05,4.0007933e-05,0.00014606613,-4.277154e-05,2.935808e-06
148,1,-5.3076383e-06,3.073839e-05,0.00013596608,-0.00017718448,-0.00010115031,3.3168094e-06
149,1,-7.6114434e-06,-0.00012616006,0.00012877876,6.233411e-05,-9.6464224e-05,1.3081074e-05
150,1,-2.3387569e-05,2.8630395e-05,0.00011212704,-0.0004907369,-8.6567576e-05,1.8244767e-05
151,1,-2.0780111e-05,-1.7121585e-05,9.244764e-05,0.0002581852,-7.5016076e-05,1.8357652e-05
152,1,-3.2635413e-05,-1.2453359e-05,7.172244e-05,-0.0002212802,-6.51891e-05,1.664529e-05
153,1,-3.212667e-05,6.312231e-05,4.9089584e-05,0.00042455507,-5.945083e-05,1.1488734e-05
154,1,3.2338736e-05,-3.3477638e-05,2.5055002e-05,0.00014433259,-6.7716115e-05,4.4672547e-06
155,1,-1.2898528e-05,4.014699e-05,0.00012173848,-0.00018991917,-0.00014597095,7.2367834e-06
156,1,-3.8620888e-06,-0.00011566842,0.00010205784,6.0421946e-05,-0.00014564542,9.440244e-06
157,1,-1.999809e-05,3.458862e-05,9.095449e-05,-0.00049714645,-0.00013337127,1.197623e-05
158,1,-1.9983177e-05,-1.1636836e-05,7.570813e-05,0.00023985682,-0.00010986669,1.6077434e-05
159,1,-3.0162097e-05,-8.168337e-06,5.5371496e-05,-0.00023550006,-8.5317035e-05,1.4562395e-05
160,1,-3.133045e-05,6.863981e-05,3.3857228e-05,0.000414524,-7.0151116e-05,9.97847e-06
161,1,3.8763344e-05,-2.8267095e-05,1.0851644e-05,0.00014195839,-8.17513e-05,3.879635e-06
162,1,1.1039462e-05,5.0709787e-05,7.007771e-05,-0.00017846799,-0.0001779032,-9.039424e-06
163,1,8.501798e-06,-0.00010544197,6.914255e-05,5.7495974e-05,-0.00015005445,-4.3709115e-06
164,1,-1.012442e-05,4.490678e-05,5.954447e-05,-0.00050645776,-0.00013993602,2.7191243e-06
165,1,-1.0449523e-05,-3.1805766e-06,4.832889e-05,0.00023217381,-0.00011971591,3.9127417e-06
166,1,-2.5602592e-05,-1.9543284e-06,3.495344e-05,-0.00025512726,-8.67146e-05,4.539535e-06
167,1,-2.6538604e-05,7.570811e-05,1.6290478e-05,0.000406336,-6.0904553e-05,-6.1700166e-07
168,1,4.1566836e-05,-2.3807832e-05,-7.0763463e-06,0.00013779412,-3.7319187e-05,-1.5279071e-06
169,1,1.7638358e-05,7.313404e-05,2.7076452e-05,-0.00017919505,3.5113208e-06,-8.544933e-07
170,1,2.3080027e-05,-9.329995e-05,2.1544973e-05,7.822327e-05,-6.583405e-05,-1.5891588e-05
171,1,3.6726517e-06,5.8782367e-05,2.1861437e-05,-0.00049545406,-6.342275e-05,-1.0650315e-05
172,1,-1.4583233e-06,7.752661e-06,1.582017e-05,0.0002373642,-5.6112112e-05,-5.4474453e-06
173,1,-1.8508072e-05,1.034815e-05,8.285146e-06,-0.00023965236,-4.818709e-05,-9.635444e-06
174,1,-2.3247138e-05,7.967088e-05,-7.3518595e-07,0.00040873667,-1.4846794e-05,-8.123887e-06
175,1,4.558982e-05,-1.93461e-05,-1.3960568e-05,0.00014177544,3.13138e-06,-3.894475e-06
176,1,-9.825237e-07,8.066603e-05,5.713142e-06,-0.00018090683,-1.2319166e-05,-1.0596749e-05
177,1,-5.6677305e-07,-6.524486e-05,4.086322e-06,5.0582203e-05,4.1299245e-05,-2.2684617e-07
178,1,-1.3538458e-05,7.367883e-05,-4.1063636e-06,-0.00043836446,-3.0061142e-06,-1.1021631e-05
179,1,-1.1324669e-05,2.0368321e-05,-1.6363456e-06,0.0002519426,-1.25993565e-05,-6.2677123e-06
180,1,-2.8885963e-05,2.5164132e-05,-4.566648e-06,-0.0001624168,1.3310925e-05,-3.99447e-06
181,1,-2.8011746e-05,8.601862e-05,-1.05214895e-05,0.00047754883,-1.6878701e-05,-7.0859132e-06
182,1,3.9331884e-05,-1.0700984e-05,-2.4602901e-05,0.00018078847,4.3898854e-05,2.3629818e-06
183,1,5.720703e-05,-0.00019826481,4.392797e-06,3.501476e-05,-3.9049337e-05,-2.1910212e-06
184,1,-4.7389476e-05,0.00012849405,3.4141158e-05,-0.00046615527,7.755621e-05,2.9149869e-05
185,1,2.0852274e-05,-0.00017927373,5.4483477e-05,0.00044297907,5.187067e-05,-5.3945024e-07
186,1,8.940098e-06,-8.904094e-05,4.5959754e-05,-0.0006093539,3.7858466e-05,7.9263896e-07
187,1,-7.076842e-05,2.2377542e-05,4.3991484e-05,0.00038021532,5.7292138e-05,7.8450097e-07
188,1,-2.5495629e-05,-8.297134e-05,2.5067411e-05,8.088354e-05,5.24502e-07,-1.3946401e-05
189,1,6.920993e-05,3.646395e-05,-8.599405e-06,0.00035707565,1.1278223e-05,4.3674845e-06
190,1,0.00010719077,-0.000263162,5.8155645e-05,5.5410488e-05,0.00022327517,2.5787356e-05
191,1,-1.0795619e-05,0.00010881434,8.483305e-05,-0.00052875036,0.00017670983,1.7195063e-05
192,1,4.7795176e-05,-0.0002121193,8.23507e-05,0.00044333749,0.00018304335,-3.441521e-07
193,1,2.937517e-05,-0.00011780567,8.198846e-05,-0.0007101251,0.00016431166,-1.15609155e-05
194,1,-6.033426e-05,8.672033e-06,7.141619e-05,0.00032694396,0.000110263085,-3.058155e-05
195,1,-1.3873704e-05,-0.00010232633,4.1045263e-05,-1.9154117e-05,7.22255e-05,-2.6443397e-05
196,1,7.584157e-05,3.4084693e-05,-3.9282104e-06,0.0003113699,6.452671e-07,-1.1146006e-05
197,1,6.2865656e-05,-0.00027829997,0.0001638197,3.1965374e-05,0.00026575782,-7.2168295e-06
198,1,-4.343202e-05,9.024787e-05,0.00014441407,-0.00053796696,0.0002751993,-4.766158e-06
199,1,1.8601482e-05,-0.00022459278,0.00014373977,0.00042746778,0.00024729356,-1.9820536e-05
200,1,2.870449e-06,-0.0001288621,0.00012956197,-0.00072626444,0.00019498247,-4.688346e-05
201,1,-7.569319e-05,7.827496e-06,0.000100504665,0.00033152278,0.00014276455,-5.1272844e-05
202,1,-2.1444457e-05,-0.00011372651,6.7218316e-05,-2.9735e-05,9.436395e-05,-4.354639e-05
203,1,6.933315e-05,2.7735558e-05,2.8417904e-05,0.00031483106,9.339583e-05,-1.7439608e-05
204,1,4.3854587e-05,-0.000292057,0.00020070866,4.843417e-05,0.0002429781,-1.1172632e-06
205,1,-6.565604e-05,7.9498175e-05,0.00019715952,-0.00053953857,0.00022049842,-2.2667904e-05
206,1,-1.7304733e-06,-0.0002265034,0.00017751526,0.0004347907,0.00018811891,-4.494765e-05
207,1,-7.839083e-06,-0.0001285511,0.00015096615,-0.0006950262,0.00015479141,-5.4248256e-05
208,1,-8.258745e-05,3.2211574e-06,0.0001220047,0.000354442,0.00012220774,-5.7287623e-05
209,1,-2.7526796e-05,-0.00011736992,8.8788525e-05,-5.3265103e-06,0.00010480841,-4.4544933e-05
210,1,5.883038e-05,1.8278117e-05,5.3740678e-05,0.0003184353,0.00010439945,-1.6640643e-05
211,1,3.6839036e-05,-0.00030039265,0.00023381812,3.447767e-05,0.0001409334,-1.6011374e-05
212,1,-6.944594e-05,7.8460835e-05,0.00021068493,-0.0005290773,0.00013495801,-3.2624546e-05
213,1,-2.5355318e-06,-0.00022839729,0.00018934422,0.0004562366,0.00012585998,-3.9761817e-05
214,1,-1.1572021e-05,-0.00012858227,0.00016369009,-0.00067112356,0.00010927346,-4.8861606e-05
215,1,-8.561119e-05,9.364497e-07,0.0001335703,0.0003822702,9.018787e-05,-4.706334e-05
216,1,-3.107886e-05,-0.0001211529,0.0001046478,1.3196862e-05,8.3686355e-05,-3.656991e-05
217,1,5.2957315e-05,1.0648455e-05,8.228909e-05,0.00032671055,0.00010236247,-1.4105703e-05
218,1,4.398706e-05,-0.0003007401,0.00022927058,5.271295e-05,6.9023954e-05,-5.9964573e-06
219,1,-6.72263e-05,7.373252e-05,0.00021910507,-0.0005169524,6.9022506e-05,-1.8458239e-05
220,1,-5.402189e-06,-0.00022850196,0.0001966346,0.00046160715,6.1376326e-05,-2.5723828e-05
221,1,-1.2930494e-05,-0.00012899123,0.00016959172,-0.00064806786,5.307236e-05,-2.7419032e-05
222,1,-8.668556e-05,-6.2894236e-07,0.00014132235,0.00039704493,4.7622547e-05,-2.6574573e-05
223,1,-3.2996082e-05,-0.00012349819,0.00011538969,2.8045013e-05,4.6874477e-05,-2.0213878e-05
224,1,4.8064885e-05,5.2384194e-06,9.315886e-05,0.00032982283,5.461224e-05,-7.740279e-06
225,1,3.911663e-05,-0.00030253732,0.00023555539,3.816707e-05,-1.229477e-07,1.1547095e-08
226,1,-6.977539e-05,7.453269e-05,0.00022073186,-0.0005178192,-7.1231426e-08,4.63391e-08
227,1,-4.1574717e-06,-0.00022964063,0.00019855482,0.0004719905,-4.2907114e-08,7.402965e-08
228,1,-1.314176e-05,-0.00012881712,0.00017169464,-0.00064527965,-2.1082707e-08,7.672615e-08
229,1,-8.737926e-05,-1.3394695e-06,0.00014377476,0.00040424202,2.2569814e-08,8.863046e-08
230,1,-3.373473e-05,-0.00012440662,0.00011850054,3.2135325e-05,6.056871e-08,5.5131995e-08
231,1,4.7581132e-05,3.6236625e-06,0.00010338955,0.0003322287,1.08745674e-07,3.016177e-08
232,1,4.3997286e-05,-0.00030079886,0.00022926329,5.2757132e-05,-6.915907e-05,6.040189e-06
233,1,-6.722476e-05,7.377832e-05,0.00021909787,-0.0005170767,-6.9172886e-05,1.8552553e-05
234,1,-5.403477e-06,-0.0002285077,0.00019662833,0.00046169097,-6.146624e-05,2.5860427e-05
235,1,-1.2926579e-05,-0.00012898739,0.00016958763,-0.00064816634,-5.3107655e-05,2.757419e-05
236,1,-8.6689804e-05,-6.190741e-07,0.00014131938,0.00039707945,-4.758128e-05,2.674401e-05
237,1,-3.2994187e-05,-0.00012350053,0.000115386654,2.799592e-05,-4.6753954e-05,2.032433e-05
238,1,4.805989e-05,5.247946e-06,9.315281e-05,0.00032982626,-5.440812e-05,7.79566e-06
239,1,3.685926e-05,-0.0003005103,0.00023381077,3.4557015e-05,-0.00014114848,1.6023016e-05
240,1,-6.9446134e-05,7.855221e-05,0.0002106699,-0.0005293288,-0.0001350796,3.2715347e-05
241,1,-2.5378874e-06,-0.0002284085,0.00018933201,0.00045640784,-0.00012593517,3.9885195e-05
242,1,-1.1563908e-05,-0.00012857339,0.00016368105,-0.00067132263,-0.00010931133,4.9008824e-05
243,1,-8.562009e-05,9.562264e-07,0.00013356446,0.00038234284,-9.014465e-05,4.721556e-05
244,1,-3.1074826e-05,-0.000121157245,0.000104641986,1.3097853e-05,-8.357446e-05,3.6678535e-05
245,1,5.2946605e-05,1.0666851e-05,8.2277504e-05,0.0003267185,-0.00010215963,1.4153418e-05
246,1,4.3887932e-05,-0.00029222597,0.00020067865,4.856537e-05,-0.00024305677,1.1413745e-06
247,1,-6.565007e-05,7.963074e-05,0.00019714005,-0.00053990574,-0.00022061104,2.274457e-05
248,1,-1.7342538e-06,-0.0002265172,0.00017749536,0.0004350363,-0.0001881853,4.505137e-05
249,1,-7.828082e-06,-0.00012853707,0.000150952,-0.00069531385,-0.00015481786,5.4375847e-05
250,1,-8.260057e-05,3.2526452e-06,0.000121996294,0.0003545498,-0.00012217264,5.742047e-05
251,1,-2.7521966e-05,-0.00011737663,8.878051e-05,-5.4697293e-06,-0.00010470694,4.4638728e-05
252,1,5.8813963e-05,1.8305609e-05,5.3726897e-05,0.0003184482,-0.00010422988,1.6680338e-05
253,1,6.290129e-05,-0.00027854598,0.00016383454,3.212668e-05,-0.0002658529,7.2284456e-06
254,1,-4.3431373e-05,9.043728e-05,0.00014438375,-0.00053848635,-0.000275249,4.841944e-06
255,1,1.8596045e-05,-0.00022460888,0.00014371377,0.0004278288,-0.00024732185,1.9896703e-05
256,1,2.8868187e-06,-0.0001288439,0.00012954354,-0.0007266595,-0.00019500538,4.6984787e-05
257,1,-7.571282e-05,7.874879e-06,0.000100491496,0.00033168736,-0.00014273048,5.1377774e-05
258,1,-2.1437021e-05,-0.00011373697,6.721079e-05,-2.9925717e-05,-9.428808e-05,4.3618496e-05
259,1,6.930925e-05,2.777302e-05,2.8401671e-05,0.00031485295,-9.324993e-05,1.7472681e-05
260,1,0.00010724442,-0.00026350035,5.8104524e-05,5.566863e-05,-0.00022334319,-2.5802447e-05
261,1,-1.0799259e-05,0.00010906307,8.482972e-05,-0.00052945496,-0.00017674045,-1.7156224e-05
262,1,4.7777998e-05,-0.00021214796,8.23281e-05,0.00044382978,-0.00018304805,4.0477863e-07
263,1,2.9392244e-05,-0.000117773554,8.196486e-05,-0.00071063114,-0.00016431746,1.16251285e-05
264,1,-6.0361137e-05,8.732189e-06,7.140274e-05,0.00032718354,-0.00011023945,3.065798e-05
265,1,-1.3864634e-05,-0.00010233725,4.1035742e-05,-1.9385661e-05,-7.217797e-05,2.6479296e-05
266,1,7.5809876e-05,3.4128563e-05,-3.9308825e-06,0.0003114093,-5.60688e-07,1.1163492e-05
267,1,5.7254718e-05,-0.0001986558,4.4120297e-06,3.5278976e-05,3.9144248e-05,2.2056013e-06
268,1,-4.739517e-05,0.00012880193,3.4090284e-05,-0.00046692163,-7.7597295e-05,-2.9152807e-05
269,1,2.083583e-05,-0.00017931752,5.447518e-05,0.0004435381,-5.188384e-05,5.5461976e-07
270,1,8.956688e-06,-8.8991e-05,4.5939938e-05,-0.0006099226,-3.784752e-05,-7.5245947e-07
271,1,-7.079476e-05,2.24415e-05,4.3970398e-05,0.00038051658,-5.7288617e-05,-7.696403e-07
272,1,-2.547764e-05,-8.298673e-05,2.5065128e-05,8.063179e-05,-5.067214e-07,1.3965838e-05
273,1,6.91857e-05,3.65061e-05,-8.605044e-06,0.00035713287,-1.1259904e-05,-4.3682876e-06
274,1,1.7606872e-05,0.00024267679,4.7724563e-05,-0.00016593278,0.0002271475,3.6593858e-05
275,1,9.65749e-06,-0.0004200576,0.000111965244,0.00076458097,0.00012675542,2.7892754e-06
276,1,7.221676e-05,-0.00019474227,0.00011180859,-0.0005020175,0.00016150027,1.9611829e-05
277,1,5.257894e-05,-0.00031946137,0.00014209097,0.00035712498,0.00017782883,-1.177679e-05
278,1,-4.1324198e-05,-0.00029552143,0.00012584438,-0.0007723951,7.938637e-05,-4.6658828e-05
279,1,-9.62575e-05,4.205685e-05,6.892381e-05,0.00047101767,7.355417e-05,-2.1788648e-05
280,1,0.00014882896,-0.00020237878,-1.9191219e-05,4.684544e-05,-2.6845568e-05,-2.3157978e-05
281,1,6.247002e-05,0.00021500624,0.00015399377,-0.00021359706,0.00038458724,6.002281e-06
282,1,5.7279434e-05,-0.00049793714,0.00016420805,0.0007640017,0.00043581694,3.3554275e-05
283,1,9.187464e-05,-0.00023859275,0.00020171996,-0.00067449536,0.00040439106,-1.3650962e-05
284,1,4.7727503e-05,-0.00033600337,0.00019419476,0.00030083364,0.00030477747,-7.986528e-05
285,1,-3.6561265e-05,-0.00031824294,0.00015127345,-0.0008773112,0.00020453865,-9.394637e-05
286,1,-9.109747e-05,3.684104e-05,9.543032e-05,0.00040145486,0.000112136484,-8.5324005e-05
287,1,0.00015780464,-0.0002283617,1.6415908e-05,-7.67467e-06,7.5792006e-05,-3.4611185e-05
288,1,-5.530796e-06,0.00017178238,0.00026965828,-0.0002148274,0.00052141194,1.3168169e-05
289,1,-1.29187365e-05,-0.00051362236,0.00029232804,0.00070795906,0.00044824,-2.4204493e-05
290,1,2.6145746e-05,-0.00023770692,0.00027271878,-0.0006935907,0.00035612768,-8.9131594e-05
291,1,9.007874e-06,-0.00032513175,0.00023166568,0.00033930276,0.00026192612,-0.00011779992
292,1,-5.7167774e-05,-0.00032531776,0.00018442098,-0.00085876696,0.00018447822,-0.00012868426
293,1,-0.00010360968,3.5790796e-05,0.0001252521,0.00043125747,0.00013821809,-0.00010174717
294,1,0.00014552545,-0.000249046,5.9916372e-05,1.7250584e-07,0.00012199717,-4.1489588e-05
295,1,-4.5773344e-05,0.0001612073,0.00036406636,-0.00023640614,0.00029709248,-3.743779e-05
296,1,-4.118695e-05,-0.00050435634,0.00031629714,0.0007264637,0.00026150723,-7.50261e-05
297,1,1.3737608e-05,-0.00022671645,0.00028370437,-0.0006398611,0.0002291593,-9.6849806e-05
298,1,-5.7066904e-07,-0.0003218401,0.00024410695,0.00038528963,0.00019092196,-0.00012185036
299,1,-6.473948e-05,-0.0003224224,0.00019590056,-0.0008038982,0.00014797763,-0.00012041209
300,1,-0.00010927054,2.7810052e-05,0.00014903072,0.00046407312,0.00012613548,-9.45807e-05
301,1,0.00013119301,-0.0002604393,0.00011118277,1.3927308e-05,0.0001517581,-3.723076e-05
302,1,-3.3938806e-05,0.00016583045,0.0003332447,-0.00020378974,0.00015281909,-2.0524858e-05
303,1,-3.3422115e-05,-0.0005044033,0.00031675323,0.00075114536,0.00016573882,-5.837456e-05
304,1,8.3446985e-06,-0.00021993095,0.00028395432,-0.0006115053,0.00014800648,-8.456393e-05
305,1,-5.102222e-06,-0.00031811235,0.0002455219,0.00043020543,0.000120845754,-9.2459e-05
306,1,-6.790191e-05,-0.00032109985,0.00020508673,-0.00076122413,0.00010575078,-9.154428e-05
307,1,-0.00011444067,2.2071157e-05,0.0001682283,0.0004959274,0.000100832585,-7.022561e-05
308,1,0.00012273311,-0.00026998163,0.00013760537,2.6646487e-05,0.00011809414,-2.7788563e-05
309,1,-3.1332755e-05,0.00016740402,0.00032814842,-0.00021989516,7.942177e-05,-1.3308926e-05
310,1,-3.98635e-05,-0.0004981112,0.00031071395,0.00075378775,6.892346e-05,-3.2970966e-05
311,1,8.5684e-06,-0.00021730334,0.0002807957,-0.0005799619,6.5341075e-05,-4.446122e-05
312,1,-4.6980504e-06,-0.00031574242,0.0002443599,0.00045131656,6.0671737e-05,-5.0673094e-05
313,1,-7.0261805e-05,-0.00032047697,0.00020914171,-0.00073221716,5.3360043e-05,-4.8238064e-05
314,1,-0.00011628079,1.8436498e-05,0.00017853716,0.000514487,5.4196218e-05,-3.724566e-05
315,1,0.000115962794,-0.00027580414,0.00016615693,3.5635047e-05,7.077131e-05,-1.44267015e-05
316,1,-3.17546e-05,0.00017143047,0.00032055232,-0.00020086905,-9.585922e-08,2.2556474e-08
317,1,-3.109157e-05,-0.00049747917,0.00030373823,0.0007640013,-1.0152946e-07,4.2560067e-08
318,1,9.123903e-06,-0.00021519493,0.00027720613,-0.00058018684,-7.578023e-08,6.967332e-08
319,1,-5.92819e-06,-0.00031561102,0.00024474252,0.0004627623,-1.48620485e-08,1.0219807e-07
320,1,-6.98076e-05,-0.00031997,0.00021018783,-0.0007241029,2.765126e-08,7.1869295e-08
321,1,-0.00011762847,1.7205273e-05,0.00018328874,0.0005210559,7.958479e-08,7.1472165e-08
322,1,0.000115155395,-0.00027798556,0.00016604546,3.7771806e-05,1.2939441e-07,1.4995884e-08
323,1,-3.1335632e-05,0.0001675187,0.00032813556,-0.00021998861,-7.9688994e-05,1.3323062e-05
324,1,-3.9855506e-05,-0.00049816136,0.00031070394,0.00075392064,-6.912128e-05,3.3051707e-05
325,1,8.576374e-06,-0.0002172825,0.00028078735,-0.0005801499,-6.548827e-05,4.460649e-05
326,1,-4.7120707e-06,-0.00031571125,0.00024435343,0.00045138327,-6.0703518e-05,5.0867304e-05
327,1,-7.025497e-05,-0.00032047383,0.00020913726,-0.00073227304,-5.3304422e-05,4.838432e-05
328,1,-0.000116287236,1.8452592e-05,0.00017853272,0.0005145078,-5.4039054e-05,3.738228e-05
329,1,0.000115959185,-0.00027580955,0.00016615067,3.5619996e-05,-7.050878e-05,1.4462047e-05
330,1,-3.3956105e-05,0.00016606289,0.00033321552,-0.00020397379,-0.0001529713,2.0582089e-05
331,1,-3.3401724e-05,-0.0005045002,0.00031672863,0.00075141154,-0.00016592724,5.8440666e-05
332,1,8.361305e-06,-0.00021988731,0.00028393482,-0.00061188446,-0.00014814836,8.4706124e-05
333,1,-5.1305506e-06,-0.00031804992,0.00024550842,0.00043034344,-0.000120872864,9.2635695e-05
334,1,-6.788803e-05,-0.0003210925,0.00020507735,-0.0007613389,-0.000105700004,9.168986e-05
335,1,-0.00011445436,2.2103437e-05,0.00016822007,0.0004959734,-0.000100683035,7.034603e-05
336,1,0.00012272663,-0.00026999225,0.0001375937,2.6614905e-05,-0.00011785313,2.7828037e-05
337,1,-4.5781824e-05,0.00016154247,0.000364028,-0.00023669415,-0.00029732025,3.745214e-05
338,1,-4.116108e-05,-0.0005044947,0.0003162524,0.0007268359,-0.00026166617,7.5078504e-05
339,1,1.3760388e-05,-0.00022664889,0.00028367311,-0.00064041757,-0.00022928353,9.697829e-05
340,1,-6.11888e-07,-0.0003217434,0.00024408472,0.0003854919,-0.00019094735,0.00012200877
341,1,-6.4720465e-05,-0.00032241005,0.0001958852,-0.00080406206,-0.0001479293,0.00012054091
342,1,-0.00010929071,2.7859485e-05,0.00014901975,0.00046414338,-0.00012600239,9.468738e-05
343,1,0.00013118058,-0.0002604563,0.00011116719,1.3881565e-05,-0.00015153027,3.7268957e-05
344,1,-5.5478613e-06,0.0001722664,0.00026955438,-0.00021520015,-0.0005213916,-1.3128231e-05
345,1,-1.2870612e-05,-0.00051381596,0.00029226977,0.0007085129,-0.0004483362,2.4221858e-05
346,1,2.618172e-05,-0.0002376157,0.0002726686,-0.0006943702,-0.00035623022,8.923664e-05
347,1,8.948127e-06,-0.0003249907,0.00023163008,0.00033960078,-0.00026193538,0.00011793275
348,1,-5.7138957e-05,-0.00032530303,0.00018439982,-0.00085898297,-0.00018444259,0.00012878406
349,1,-0.00010363975,3.5859906e-05,0.00012523853,0.0004313628,-0.00013810699,0.00010183258
350,1,0.00014551035,-0.00024907364,5.990383e-05,1.1484916e-07,-0.000121819096,4.151673e-05
351,1,6.240321e-05,0.00021564469,0.0001540389,-0.00021415934,-0.00038455136,-5.9534773e-06
352,1,5.731222e-05,-0.00049819605,0.00016413158,0.0007647448,-0.00043580175,-3.352386e-05
353,1,9.191215e-05,-0.00023845745,0.00020165954,-0.0006755054,-0.0004044209,1.3720939e-05
354,1,4.7646507e-05,-0.00033582258,0.00019414892,0.0003012569,-0.00030476134,7.9968995e-05
355,1,-3.6524125e-05,-0.00031821892,0.00015124181,-0.0008775717,-0.0002045057,9.400328e-05
356,1,-9.113516e-05,3.6927202e-05,9.541796e-05,0.00040161057,-0.00011206229,8.5381274e-05
357,1,0.00015778479,-0.00022840283,1.6403495e-05,-7.743967e-06,-7.565269e-05,3.4623463e-05
358,1,1.7548917e-05,0.00024342477,4.763654e-05,-0.00016651816,-0.00022727546,-3.6623318e-05
359,1,9.697081e-06,-0.00042039301,0.00011198664,0.00076537865,-0.00012675456,-2.7621586e-06
360,1,7.224498e-05,-0.00019454914,0.00011173581,-0.0005031896,-0.00016146565,-1.9562474e-05
361,1,5.247998e-05,-0.00031925316,0.0001420327,0.00035763704,-0.00017782097,1.1794642e-05
362,1,-4.128143e-05,-0.0002954847,0.00012581283,-0.0007726689,-7.936615e-05,4.6698515e-05
363,1,-9.629219e-05,4.2148513e-05,6.890029e-05,0.00047123656,-7.3524076e-05,2.1791388e-05
364,1,0.00014881844,-0.00020243842,-1.9175708e-05,4.678417e-05,2.6901327e-05,2.3163668e-05
365,1,0.00013244848,-0.0006350629,9.93782e-05,0.0006941083,0.00030696098,2.0761881e-05
366,1,-5.129687e-05,-9.772024e-05,0.0002458973,0.0006504153,0.00048188248,0.0001002767
367,1,0.00034099774,-0.0011454907,0.0003619947,0.0015478213,0.00043186918,-4.9721468e-05
368,1,0.00023579667,-0.0009803401,0.00031917734,-0.001631102,0.0002168205,-0.00010490723
369,1,-8.809867e-05,-0.00038388098,0.00024267203,-0.0004607658,0.00015810397,-6.223796e-05
370,1,-7.335481e-05,-0.00039122603,0.00014809018,-0.00087685784,6.460168e-05,-8.828591e-05
371,1,0.00011225523,0.0001372682,-9.99668e-06,8.4067855e-05,6.981584e-05,-1.8793573e-05
372,1,0.00017345336,-0.00082054874,0.00033877752,0.00064516213,0.0010450806,8.030808e-05
373,1,-7.012261e-05,-0.00014489163,0.00046211152,0.00030895814,0.0008616676,2.017184e-06
374,1,0.0002688082,-0.0011554003,0.0004316514,0.0014526373,0.00062903954,-0.00017057422
375,1,0.00019123769,-0.0009928663,0.00034979393,-0.0017527315,0.00040084834,-0.00020957142
376,1,-0.00012279666,-0.00036871905,0.000265859,-0.0004885175,0.00024292438,-0.0002045435
377,1,-7.383736e-05,-0.00040859473,0.00016383559,-0.000923241,0.00016134208,-0.00015762434
378,1,0.00011503402,0.00012693858,3.986482e-05,6.456188e-05,0.000110523164,-6.701932e-05
379,1,-5.720066e-06,-0.0008336074,0.00063125655,0.0005565771,0.00068492,-7.5675605e-05
380,1,-0.00019917128,-0.000101649464,0.00051353144,0.0003177658,0.0005036476,-0.00016144851
381,1,0.00020202063,-0.0011184285,0.00044562953,0.0015734505,0.00037279245,-0.00020780039
382,1,0.00015757645,-0.0009946187,0.00036342937,-0.0016707093,0.00027358867,-0.0002489209
383,1,-0.00014270877,-0.00036061186,0.00027383852,-0.00040139412,0.00019072236,-0.00022943685
384,1,-8.139276e-05,-0.0004245932,0.00019098076,-0.0008779227,0.00014631778,-0.00017810195
385,1,9.315994e-05,0.00011240308,0.00011442773,9.015196e-05,0.00018034168,-6.931899e-05
386,1,1.4108106e-05,-0.0008024934,0.0005146826,0.0006352164,0.00018826562,-5.198785e-05
387,1,-0.00018206776,-8.447771e-05,0.0004768066,0.0004056106,0.00025522537,-0.00013826156
388,1,0.00019865594,-0.0011027736,0.0004124798,0.0016430262,0.00023188572,-0.00019053294
389,1,0.00015030245,-0.000982641,0.00034617347,-0.0015737345,0.00017950016,-0.00020933678
390,1,-0.00014582952,-0.00036502347,0.00027879447,-0.00032676608,0.00014827611,-0.00020067257
391,1,-8.9093664e-05,-0.0004313841,0.00021634367,-0.0008178523,0.00014233244,-0.00015498447
392,1,8.202812e-05,9.193959e-05,0.00016080028,0.00010885365,0.00016841045,-6.1108774e-05
393,1,3.891772e-05,-0.0007824874,0.00045769155,0.00060007436,0.00017778025,-3.195442e-05
394,1,-0.00019069773,-6.49368e-05,0.00043211624,0.00041731185,0.00013143262,-9.640728e-05
395,1,0.00019504684,-0.0010889975,0.00038563943,0.0017007793,0.00011952539,-0.0001323686
396,1,0.00015031085,-0.0009743813,0.00033071125,-0.0015114255,0.000112647154,-0.00014938497
397,1,-0.00014920397,-0.00036596283,0.00027861525,-0.00027084452,9.955961e-05,-0.00014240948
398,1,-9.362189e-05,-0.00043573763,0.00023424641,-0.0007742374,0.00010452262,-0.00010945756
399,1,6.8525194e-05,7.53106e-05,0.00021519953,0.00012779915,0.00014579647,-4.2657903e-05
400,1,2.2962175e-05,-0.0007609837,0.00042446709,0.00062748115,2.2491131e-05,-2.0586354e-05
401,1,-0.00017526001,-5.259944e-05,0.0003939238,0.0004456108,5.0042934e-05,-4.861502e-05
402,1,0.00020058209,-0.001079254,0.00035993144,0.0017163774,5.4060085e-05,-6.6550754e-05
403,1,0.00014883127,-0.0009685396,0.00032006885,-0.0014716596,5.0742223e-05,-7.5798736e-05
404,1,-0.00014846862,-0.00036570363,0.000277921,-0.00024059277,5.1591673e-05,-7.287712e-05
405,1,-9.740739e-05,-0.0004388813,0.0002471092,-0.0007465884,5.7999547e-05,-5.631757e-05
406,1,6.4764754e-05,6.5942804e-05,0.00023148145,0.0001357462,7.446187e-05,-2.2060529e-05
407,1,5.706746e-05,-0.0007600553,0.00038983847,0.0006091388,-1.673091e-07,2.6653686e-09
408,1,-0.00018032717,-4.859508e-05,0.0003864496,0.00043989357,-1.5878007e-07,8.324474e-08
409,1,0.00019907425,-0.0010757869,0.00035432377,0.0017295117,-6.064344e-08,1.2741343e-07
410,1,0.00015128097,-0.0009660424,0.00031454972,-0.0014631717,-7.330826e-09,8.383071e-08
411,1,-0.00015006072,-0.00036581574,0.00027806757,-0.00022969785,4.4651333e-08,9.6407675e-08
412,1,-9.78222e-05,-0.00043950565,0.00024986398,-0.0007384736,9.8756686e-08,4.6594515e-08
413,1,6.0618262e-05,6.255435e-05,0.000249506,0.00014097463,1.5880359e-07,3.449835e-08
414,1,2.2986995e-05,-0.0007611709,0.0004244542,0.00062759826,-2.2827664e-05,2.0624808e-05
415,1,-0.00017524014,-5.251266e-05,0.00039390888,0.0004452119,-5.0348477e-05,4.877209e-05
416,1,0.0002005422,-0.0010791701,0.0003599219,0.0017164851,-5.4177348e-05,6.679899e-05
417,1,0.00014884607,-0.0009685246,0.000320062,-0.0014717003,-5.075918e-05,7.5969125e-05
418,1,-0.00014848563,-0.00036566416,0.00027791588,-0.00024055627,-5.150224e-05,7.306298e-05
419,1,-9.740194e-05,-0.0004388804,0.00024710476,-0.00074657134,-5.7807363e-05,5.641397e-05
420,1,6.475486e-05,6.596383e-05,0.00023147573,0.00013574831,-7.415155e-05,2.2120325e-05
421,1,3.899885e-05,-0.0007828637,0.00045764752,0.0006003192,-0.00017811148,3.1931813e-05
422,1,-0.00019066127,-6.476421e-05,0.00043208958,0.00041652165,-0.00013173479,9.658096e-05
423,1,0.0001949681,-0.0010888301,0.0003856177,0.001700998,-0.00011964571,0.00013259622
424,1,0.00015034051,-0.00097434886,0.00033069606,-0.0015115133,-0.00011266407,0.00014956306
425,1,-0.00014923856,-0.00036588294,0.00027860422,-0.00027076385,-9.9475365e-05,0.00014257462
426,1,-9.361085e-05,-0.00043573615,0.00023423768,-0.00077420793,-0.00010433795,0.00010956175
427,1,6.850331e-05,7.535322e-05,0.00021518902,0.00012780732,-0.00014549514,4.2706997e-05
428,1,1.4185952e-05,-0.0008030235,0.00051461445,0.0006355487,-0.0001885328,5.2028732e-05
429,1,-0.00018201208,-8.421052e-05,0.00047675453,0.00040443413,-0.00025552115,0.00013843302
430,1,0.00019854093,-0.0011025174,0.00041244007,0.0016433421,-0.00023199154,0.00019075256
431,1,0.00015034423,-0.0009825864,0.00034614475,-0.0015738589,-0.00017951634,0.00020950055
432,1,-0.00014588004,-0.0003649018,0.00027877686,-0.00032664204,-0.00014820091,0.0002008207
433,1,-8.9078996e-05,-0.00043138227,0.00021633161,-0.0008178058,-0.0001421648,0.0001550786
434,1,8.199664e-05,9.200351e-05,0.0001607871,0.0001088672,-0.00016813872,6.114827e-05
435,1,-5.534077e-06,-0.0008343656,0.0006311259,0.00055703346,-0.0006852563,7.560928e-05
436,1,-0.00019908257,-0.00010127843,0.00051341916,0.00031607097,-0.00050392974,0.00016159462
437,1,0.00020185474,-0.0011180565,0.0004455619,0.0015739017,-0.00037288325,0.00020800222
438,1,0.00015764094,-0.0009945505,0.0003633826,-0.0016708686,-0.0002736039,0.00024904867
439,1,-0.00014278202,-0.00036043988,0.0002738117,-0.00040122558,-0.00019066142,0.0002295624
440,1,-8.13711e-05,-0.00042459235,0.00019096574,-0.0008778445,-0.00014617758,0.00017817266
441,1,9.311289e-05,0.00011248929,0.00011441422,9.0169175e-05,-0.00018010152,6.935209e-05
442,1,0.00017363502,-0.0008215442,0.00033847924,0.0006458693,-0.0010448762,-8.035589e-05
443,1,-7.00049e-05,-0.00014437511,0.00046196222,0.00030677186,-0.000861769,-1.9260033e-06
444,1,0.00026859387,-0.0011549164,0.0004315308,0.001453276,-0.0006290486,0.00017071693
445,1,0.00019132512,-0.0009927783,0.0003497266,-0.0017529175,-0.00040084863,0.00020964607
446,1,-0.00012289037,-0.00036849876,0.00026581791,-0.0004882854,-0.00024287848,0.00020463855
447,1,-7.380751e-05,-0.00040859298,0.0001638152,-0.00092311716,-0.00016123902,0.00015765526
448,1,0.00011497843,0.00012704471,3.986236e-05,6.458487e-05,-0.00011035413,6.7037894e-05
449,1,0.00013260441,-0.00063631055,9.94927e-05,0.0006947442,-0.0003066901,-2.0681036e-05
450,1,-5.120815e-05,-9.702652e-05,0.0002456334,0.00064780214,-0.00048175195,-0.00010022551
451,1,0.00034071118,-0.001144913,0.00036185075,0.0015485823,-0.00043186828,4.9734183e-05
452,1,0.00023588676,-0.0009802073,0.00031908893,-0.001631272,-0.00021680258,0.00010496534
453,1,-8.821142e-05,-0.00038363234,0.0002426143,-0.00046046134,-0.00015808195,6.224889e-05
454,1,-7.331417e-05,-0.00039121974,0.0001480708,-0.00087665976,-6.456936e-05,8.831098e-05
455,1,0.00011220305,0.00013738527,-1.001984e-05,8.411854e-05,-6.973239e-05,1.8794402e-05
456,1,-0.00017169339,-0.00027720127,0.0007453778,0.0028951485,0.0014964965,0.00010402029
457,1,0.0005482491,-0.0031543924,0.0010038282,0.0050529093,0.00088304747,-0.00019278882
458,1,0.0009787453,-0.0025857757,0.0007138353,-0.0021792862,0.00035973318,-0.00027647972
459,1,0.00015984832,-0.0013635933,0.00053138414,-0.0016722659,0.00022659164,-0.00013494388
460,1,0.00012730045,-0.0011493356,0.0003861363,-0.0027454116,0.00010337184,-0.00017422075
461,1,-0.00027153638,-0.00012503534,0.00022874102,-0.0015438054,8.010344e-05,-8.141404e-05
462,1,0.00015129213,-0.00043943225,4.401077e-05,-0.00057294103,5.6668607e-05,-5.375279e-05
463,1,-0.00042412375,-0.00031410184,0.001266637,0.0025005904,0.0015444213,-0.00016750574
464,1,0.00029694012,-0.0031299798,0.0009286106,0.004908768,0.00095997716,-0.00039895572
465,1,0.0007977665,-0.0025731348,0.00071772514,-0.0022838148,0.0005387768,-0.00046455322
466,1,3.333169e-05,-0.00130505,0.00052090496,-0.001634601,0.00030404574,-0.0003917646
467,1,6.786361e-05,-0.0011453684,0.00037802616,-0.0027008576,0.00018971352,-0.000311155
468,1,-0.0002928461,-0.00010513504,0.0002383342,-0.001491247,0.0001296064,-0.00024181185
469,1,0.00014908133,-0.00047242938,9.333393e-05,-0.00054793264,0.00017553211,-8.968596e-05
470,1,-0.0005318398,-0.00016545223,0.00092714094,0.0027349812,0.00012539708,-0.00014697936
471,1,0.00025618458,-0.0030657898,0.0007929766,0.005234317,0.00027884988,-0.0003248415
472,1,0.00078650855,-0.0025830574,0.0006237371,-0.002099015,0.00023998742,-0.0003941802
473,1,1.3506218e-05,-0.0013023845,0.0004806049,-0.001469966,0.00016537323,-0.0003921217
474,1,6.4795764e-05,-0.0011564977,0.00036124428,-0.0025811824,0.00013069867,-0.00033410132
475,1,-0.0002986934,-0.00011210633,0.00026016484,-0.0013960064,0.00014306876,-0.00024771554
476,1,0.00013841085,-0.0005078707,0.00015578885,-0.0005190062,0.00019084533,-0.00010154569
477,1,-0.0003975044,-9.82608e-05,0.00066796015,0.0026859317,0.00017964531,-5.3497395e-05
478,1,0.00027475253,-0.0030221518,0.0006241953,0.0052552107,0.000120679295,-0.00019245103
479,1,0.0007831167,-0.002553416,0.0005355954,-0.0019690893,0.00011965281,-0.0002830767
480,1,1.7737377e-05,-0.0013066059,0.00043872517,-0.0013583456,0.00011005677,-0.00029990356
481,1,6.154042e-05,-0.0011622936,0.00035237722,-0.0024827765,0.000104909974,-0.000278532
482,1,-0.00030318263,-0.00012560104,0.0002804173,-0.0013295022,0.00012570471,-0.00020669094
483,1,0.00011799946,-0.00053207943,0.00024051974,-0.0004896786,0.0002071422,-8.1687234e-05
484,1,-0.000453953,-4.2432195e-05,0.0005749728,0.0027143997,-4.8631282e-05,-5.908754e-05
485,1,0.00028719564,-0.0029729533,0.0005148422,0.005290056,1.5975733e-05,-0.00012290699
486,1,0.0007928468,-0.0025298041,0.0004626366,-0.0019076918,4.571018e-05,-0.00017325085
487,1,1.856156e-05,-0.0012986916,0.00040247198,-0.0012878563,5.641936e-05,-0.00019973885
488,1,6.236305e-05,-0.001161813,0.0003447368,-0.0024150282,7.362227e-05,-0.0001863135
489,1,-0.0003077099,-0.0001381906,0.00030107022,-0.0012834958,0.00010115784,-0.00014556576
490,1,0.00011024393,-0.000545517,0.00027647195,-0.00047314272,0.00014311621,-5.6707508e-05
491,1,-0.00036561422,-2.1165215e-05,0.00044583465,0.002704625,-2.572718e-07,-1.5165182e-05
492,1,0.00029655625,-0.0029492725,0.00045362956,0.00528548,1.6364602e-06,-5.62905e-05
493,1,0.0007944594,-0.0025102375,0.00042034124,-0.0018718145,1.6927923e-05,-8.509618e-05
494,1,2.4624145e-05,-0.0012923898,0.00037824223,-0.0012547146,2.770578e-05,-9.6882664e-05
495,1,6.04835e-05,-0.0011597044,0.00033881364,-0.0023793823,3.734909e-05,-9.463033e-05
496,1,-0.0003101799,-0.00014329451,0.00031146122,-0.0012569156,5.3019656e-05,-7.15587e-05
497,1,0.00010096458,-0.00055581826,0.00031815335,-0.00045978313,8.682104e-05,-2.861136e-05
498,1,-0.0004233397,-7.69572e-06,0.00046647972,0.0027065985,-2.3279893e-07,1.285933e-07
499,1,0.00030175893,-0.002938866,0.00043047155,0.005291346,-9.655053e-08,1.698096e-07
500,1,0.00079876743,-0.0025045187,0.0004049594,-0.001863308,-2.2641451e-08,9.67688e-08
501,1,2.2811091e-05,-0.0012896066,0.0003713498,-0.0012429825,1.4815161e-08,9.614571e-08
502,1,6.1705934e-05,-0.0011585485,0.00033686255,-0.0023674765,6.474154e-08,5.632423e-08
503,1,-0.00031143392,-0.00014535364,0.000316209,-0.0012489236,1.1459793e-07,6.135822e-08
504,1,0.000100772995,-0.0005583794,0.0003178763,-0.00045871155,1.837993e-07,4.617219e-09
505,1,-0.00036559958,-2.0743319e-05,0.00044581588,0.002703965,-8.61432e-08,1.5378768e-05
506,1,0.00029647624,-0.002949066,0.00045361192,0.005285698,-1.8361238e-06,5.6643086e-05
507,1,0.0007944758,-0.0025101996,0.00042033108,-0.0018717594,-1.697177e-05,8.525899e-05
508,1,2.4597548e-05,-0.0012923211,0.00037823836,-0.0012546483,-2.7679209e-05,9.709268e-05
509,1,6.049214e-05,-0.0011596998,0.0003388082,-0.0023792898,-3.722001e-05,9.473281e-05
510,1,-0.00031018624,-0.00014327606,0.0003114578,-0.0012569075,-5.279203e-05,7.1683535e-05
511,1,0.00010096094,-0.0005558181,0.00031814855,-0.00045974494,-8.645718e-05,2.8629003e-05
512,1,-0.00045394935,-4.158467e-05,0.0005749394,0.0027130733,4.816533e-05,5.934322e-05
513,1,0.000287037,-0.0029725635,0.0005148161,0.0052905143,-1.6160659e-05,0.00012318007
514,1,0.000792879,-0.0025297313,0.00046262523,-0.0019075875,-4.5761884e-05,0.00017346397
515,1,1.8507471e-05,-0.0012985467,0.00040245525,-0.0012877196,-5.6393146e-05,0.00019990963
516,1,6.238056e-05,-0.001161807,0.0003447291,-0.0024148445,-7.350247e-05,0.00018643918
517,1,-0.00030772365,-0.0001381501,0.00030106242,-0.0012834778,-0.0001009404,0.00014566457
518,1,0.00011023715,-0.0005455218,0.00027646474,-0.00047306754,-0.00014276653,5.6737423e-05
519,1,-0.00039745183,-9.703707e-05,0.00066788937,0.0026840616,-0.000179986,5.3707856e-05
520,1,0.0002745187,-0.0030215667,0.00062416727,0.0052558896,-0.00012088196,0.00019280422
521,1,0.00078316365,-0.0025532832,0.0005355521,-0.0019689407,-0.00011970668,0.00028327634
522,1,1.7658138e-05,-0.001306391,0.00043870276,-0.0013581236,-0.000110039306,0.0003000671
523,1,6.156533e-05,-0.0011622796,0.00035236072,-0.0024825104,-0.000104802195,0.0002786473
524,1,-0.0003032036,-0.00012554051,0.0002804068,-0.0013294624,-0.00012550506,0.00020678081
525,1,0.00011798695,-0.0005320848,0.00024050869,-0.0004895711,-0.00020681643,8.172085e-05
526,1,-0.0005318211,-0.00016367256,0.00092701835,0.0027321668,-0.0001259292,0.00014739808
527,1,0.00025584502,-0.0030649044,0.0007928761,0.0052352063,-0.0002790912,0.0003252311
528,1,0.00078657956,-0.0025828881,0.0006236646,-0.0020987766,-0.00024002221,0.00039432914
529,1,1.3393961e-05,-0.0013020782,0.00048056638,-0.0014696947,-0.00016538304,0.0003922718
530,1,6.4831314e-05,-0.0011564834,0.00036121852,-0.0025807887,-0.00013060706,0.00033419183
531,1,-0.00029872393,-0.00011202197,0.00026015245,-0.0013959762,-0.00014290187,0.00024779292
532,1,0.00013839477,-0.0005078799,0.0001557793,-0.00051884784,-0.00019055883,0.000101568156
533,1,-0.00042392992,-0.0003116585,0.0012662834,0.0024968323,-0.0015448264,0.0001676849
534,1,0.00029653253,-0.0031288206,0.00092834217,0.0049099647,-0.000960119,0.0003991385
535,1,0.0007978739,-0.002572928,0.0007176227,-0.0022835087,-0.0005388519,0.0004646438
536,1,3.3189855e-05,-0.0013046521,0.0005208307,-0.0016342555,-0.00030405668,0.00039187633
537,1,6.791294e-05,-0.0011453476,0.00037798952,-0.0027003225,-0.00018965853,0.00031120764
538,1,-0.0002928836,-0.00010503235,0.00023831605,-0.001491216,-0.00012949477,0.00024186296
539,1,0.00014905952,-0.00047244033,9.332648e-05,-0.0005477197,-0.00017529845,8.9698595e-05
540,1,-0.00017164537,-0.00027409833,0.0007443431,0.0028907731,-0.001496121,-0.0001041267
541,1,0.00054766797,-0.003153,0.0010035008,0.0050543253,-0.0008832037,0.00019275087
542,1,0.0009788399,-0.0025854637,0.00071365514,-0.0021788185,-0.00035973417,0.000276548
543,1,0.00015966535,-0.0013631334,0.0005312895,-0.0016718404,-0.0002266128,0.00013496014
544,1,0.0001273534,-0.0011492897,0.00038608295,-0.002744701,-0.000103352104,0.00017425601
545,1,-0.0002715739,-0.00012493212,0.00022871699,-0.0015437272,-8.005668e-05,8.141936e-05
546,1,0.00015127646,-0.00043944627,4.402349e-05,-0.0005726547,-5.6603778e-05,5.375637e-05
547,1,0.00025834024,-0.009350716,0.0030128642,0.005247211,0.0008763938,-0.00070663507
548,1,0.0021057199,-0.0056018797,0.0014943837,-0.0028139502,9.640678e-05,-0.0007243627
549,1,0.0006796857,-0.0029686254,0.00093594735,-0.004133786,5.7627352e-05,-0.00026024587
550,1,0.0006531241,-0.002390582,0.0006868184,-0.0048257606,1.3659148e-05,-0.00028413854
551,1,-0.00016027883,-0.0008178633,0.00046488747,-0.0047007147,2.0391335e-05,-0.00014607304
552,1,-0.00025376675,-0.00066152884,0.00030167945,-0.0030212514,1.4126798e-05,-0.00015308552
553,1,-0.00011300038,0.00018389085,8.620058e-05,-0.0013377846,7.761068e-05,-3.9733342e-05
554,1,-0.00031428962,-0.009367297,0.0018144568,0.0055782166,4.6684883e-05,-0.00044899638
555,1,0.0016697744,-0.0056034676,0.0013495898,-0.0027780603,0.00013142676,-0.0009322389
556,1,0.00041634694,-0.0028642626,0.00084479427,-0.0038987212,-1.2725662e-05,-0.00068307813
557,1,0.000496004,-0.0023545327,0.00062285265,-0.0046379226,3.6988863e-06,-0.0004675789
558,1,-0.00024669856,-0.00076073245,0.00045090023,-0.004480086,1.2255754e-05,-0.0004074825
559,1,-0.00027271328,-0.0006744573,0.00030561074,-0.0028299498,7.676297e-05,-0.00026339552
560,1,-0.00011295613,0.00017694988,0.00013459317,-0.0012581949,0.00018560534,-0.000119638775
561,1,1.3307806e-05,-0.009089831,0.0010050394,0.005754744,-0.00036456858,-8.0873695e-05
562,1,0.0017816145,-0.0056419,0.0009221134,-0.0025454874,-0.00018750971,-0.00033674232
563,1,0.00043028995,-0.0029122506,0.00072841125,-0.0037170628,-7.351502e-05,-0.00055061316
564,1,0.00050788745,-0.0023677086,0.0005318502,-0.0044623706,-4.1647025e-05,-0.0004789456
565,1,-0.00024551226,-0.00076821336,0.00042125382,-0.004316629,1.8879535e-05,-0.00037615784
566,1,-0.00026874008,-0.0006949988,0.00031261044,-0.0027169432,9.195288e-05,-0.00029776574
567,1,-0.00013445505,0.00014815923,0.00024268309,-0.0012144073,0.00024164768,-0.00010536918
568,1,-7.165748e-05,-0.009034146,0.00079408503,0.005699283,-0.0002090442,-0.00011378972
569,1,0.0017761715,-0.005491674,0.0006735999,-0.0025090205,-0.00015829214,-0.0002505724
570,1,0.00044243984,-0.002901597,0.0005858356,-0.0035939408,-9.697102e-05,-0.00030183117
571,1,0.0005069817,-0.002382027,0.0004921784,-0.0043502487,-3.0112296e-05,-0.00036050734
572,1,-0.00024228649,-0.00077582157,0.00039762686,-0.0042140996,2.5134495e-05,-0.00031888706
573,1,-0.00027360307,-0.00071662694,0.00034344848,-0.0026469103,0.00010744609,-0.0002306675
574,1,-0.0001453148,0.00012870863,0.00029182094,-0.001189735,0.00018859381,-9.70906e-05
575,1,5.1817027e-05,-0.008898685,0.00051886815,0.0057417974,-0.00025353295,-1.2047973e-05
576,1,0.0018023482,-0.0054766745,0.00054023287,-0.0024501244,-0.00013816045,-0.000115008
577,1,0.0004541395,-0.0028535707,0.0004859706,-0.0035482831,-7.2058574e-05,-0.00021080773
578,1,0.0005156483,-0.0023712763,0.00043602145,-0.0042728167,-2.4362553e-05,-0.00021422913
579,1,-0.00024110792,-0.00078864256,0.0003924373,-0.0041576973,2.7079015e-05,-0.00021167766
580,1,-0.00027847715,-0.0007157948,0.00035471682,-0.0025997448,8.031664e-05,-0.00016318215
581,1,-0.00015665672,9.235224e-05,0.00036599924,-0.0011727838,0.0001691168,-6.188817e-05
582,1,1.0151031e-05,-0.008878852,0.00048370543,0.0056866976,-8.979743e-05,-2.782655e-05
583,1,0.0018075668,-0.005400799,0.00044400897,-0.002437577,-7.0484144e-05,-6.0738686e-05
584,1,0.00046315326,-0.002855717,0.00044013205,-0.0035081801,-3.8946466e-05,-8.590424e-05
585,1,0.0005157395,-0.0023538163,0.0004073407,-0.0042445106,-1.0539211e-05,-0.00011211069
586,1,-0.00023957742,-0.0007866489,0.0003806913,-0.00412019,1.5698806e-05,-0.0001027616
587,1,-0.00028159225,-0.0007279303,0.00037253962,-0.0025801847,4.8224607e-05,-8.008125e-05
588,1,-0.00016325855,9.349762e-05,0.00038123594,-0.0011639668,7.788569e-05,-3.2140542e-05
589,1,6.9791975e-05,-0.008834835,0.00039652578,0.005724903,-8.799782e-08,5.6556217e-08
590,1,0.0018121122,-0.0054212944,0.00043562835,-0.0024265912,-3.960339e-09,4.3547224e-08
591,1,0.00046391287,-0.0028265023,0.00041290023,-0.003507405,-8.978239e-09,7.695356e-08
592,1,0.00051890593,-0.0023590848,0.0003994065,-0.004226135,4.3058844e-08,1.1796748e-08
593,1,-0.00024029204,-0.00078694033,0.00037976084,-0.0041154977,7.274624e-08,6.219055e-08
594,1,-0.00028343865,-0.0007216623,0.00037167734,-0.0025688957,1.2958652e-07,2.508048e-09
595,1,-0.00016464913,7.516712e-05,0.000407091,-0.0011612348,1.9701409e-07,3.2121974e-08
596,1,1.0136253e-05,-0.00887861,0.0004836969,0.0056877825,8.946503e-05,2.7944216e-05
597,1,0.0018075536,-0.005400776,0.0004439947,-0.0024373156,7.047449e-05,6.085317e-05
598,1,0.000463148,-0.002855653,0.00044012436,-0.0035080079,3.893373e-05,8.598886e-05
599,1,0.0005157378,-0.0023538235,0.00040734076,-0.0042443494,1.0616668e-05,0.000112195776
600,1,-0.00023957813,-0.00078662334,0.00038068614,-0.0041201427,-1.555038e-05,0.00010283807
601,1,-0.0002815906,-0.0007279325,0.0003725387,-0.0025800676,-4.797415e-05,8.011952e-05
602,1,-0.0001632594,9.3494855e-05,0.00038123268,-0.0011639642,-7.749461e-05,3.218004e-05
603,1,5.177676e-05,-0.008898177,0.0005188393,0.005743986,0.00025336246,1.210401e-05
604,1,0.0018023255,-0.0054766675,0.0005402171,-0.0024496035,0.00013814226,0.00011507656
605,1,0.00045412677,-0.0028534434,0.0004859686,-0.0035479371,7.203845e-05,0.00021093003
606,1,0.0005156455,-0.0023712828,0.00043600792,-0.004272492,2.4440804e-05,0.00021428954
607,1,-0.00024111023,-0.00078859716,0.00039243634,-0.0041576,-2.6942444e-05,0.00021176394
608,1,-0.0002784741,-0.0007157951,0.00035470963,-0.0025995122,-8.00708e-05,0.00016322316
609,1,-0.00015665896,9.234242e-05,0.00036599554,-0.0011727765,-0.00016873925,6.1919374e-05
610,1,-7.1695176e-05,-0.009033522,0.0007940621,0.0057024965,0.00020864129,0.00011383702
611,1,0.0017761383,-0.0054916353,0.00067359075,-0.0025082387,0.0001582623,0.00025073483
612,1,0.00044241914,-0.0029013967,0.0005858078,-0.003593389,9.6948985e-05,0.00030190553
613,1,0.00050697883,-0.0023820463,0.00049217383,-0.004349774,3.016506e-05,0.00036059893
614,1,-0.0002422922,-0.00077574095,0.00039761377,-0.00421394,-2.5007119e-05,0.00031895132
615,1,-0.00027359877,-0.0007166358,0.0003434449,-0.0026465692,-0.0001072248,0.00023071683
616,1,-0.00014532097,0.00012870585,0.0002918137,-0.0011897194,-0.00018823893,9.711048e-05
617,1,1.3230769e-05,-0.009088732,0.0010049595,0.0057592993,0.00036434928,8.110467e-05
618,1,0.0017815558,-0.0056418558,0.0009220635,-0.0025443316,0.00018753468,0.00033688024
619,1,0.00043026885,-0.002911969,0.00072838523,-0.003716361,7.34222e-05,0.00055069826
620,1,0.00050787715,-0.0023677254,0.0005318263,-0.0044616982,4.1704458e-05,0.0004790306
621,1,-0.0002455176,-0.00076810626,0.00042124253,-0.0043164343,-1.8791425e-05,0.00037621096
622,1,-0.00026873767,-0.0006950038,0.0003126014,-0.0027164621,-9.175836e-05,0.00029781493
623,1,-0.00013446287,0.0001481414,0.00024267791,-0.0012143943,-0.00024133624,0.00010538959
624,1,-0.00031431502,-0.009365917,0.0018143043,0.00558405,-4.7382608e-05,0.00044895045
625,1,0.0016697026,-0.005603362,0.0013494774,-0.0027766833,-0.00013169814,0.0009323547
626,1,0.00041632506,-0.002863896,0.00084474665,-0.003897856,1.2611145e-05,0.00068315223
627,1,0.0004959896,-0.0023545465,0.0006228135,-0.004637035,-3.70815e-06,0.00046762906
628,1,-0.00024670348,-0.0007605969,0.00045088222,-0.0044798604,-1.221056e-05,0.0004075376
629,1,-0.00027271174,-0.0006744568,0.00030559994,-0.0028293063,-7.662543e-05,0.0002634153
630,1,-0.00011296567,0.00017691992,0.00013458976,-0.0012581954,-0.00018536742,0.00011965192
631,1,0.0002582295,-0.009348923,0.0030124185,0.0052542044,-0.0008776184,0.00070666656
632,1,0.0021055865,-0.0056017064,0.0014942625,-0.0028120745,-9.654202e-05,0.0007243718
633,1,0.00067965215,-0.0029681788,0.0009358434,-0.004132725,-5.7746092e-05,0.0002602759
634,1,0.000653095,-0.0023905702,0.0006867828,-0.004824602,-1.3674998e-05,0.0002841697
635,1,-0.00016028108,-0.00081772,0.00046485144,-0.00470042,-2.038263e-05,0.00014608967
636,1,-0.00025376474,-0.00066150853,0.00030166766,-0.0030204058,-1.4085844e-05,0.00015310118
637,1,-0.00011300185,0.00018383069,8.620215e-05,-0.0013377513,-7.7472025e-05,3.97367e-05
638,1,0.00056795933,-0.006409392,0.002013688,-0.012136566,-0.0023238875,-0.00040507404
639,1,0.0016912181,-0.0042856093,0.0012176562,-0.00879844,-0.00075091905,-0.0005078714
640,1,0.0009382436,-0.0032053431,0.0008184179,-0.007883834,-0.00039887763,-0.0002622275
641,1,0.00039655337,-0.0016122014,0.0006245273,-0.008064004,-0.00022016127,-0.00022944887
642,1,-0.00015092807,-0.001242539,0.00046678033,-0.0064358604,-0.000117803436,-0.00015191414
643,1,-0.00056449254,-5.3338325e-05,0.0003546829,-0.0052953693,-1.45619815e-05,-0.00012267679
644,1,-0.00034711332,-0.00020625949,0.0001418483,-0.001746548,0.00012365828,-5.523048e-05
645,1,0.00013975814,-0.0064830068,0.0014717011,-0.01208934,-0.0018153075,-0.00033113963
646,1,0.0013395114,-0.0042563104,0.0011117193,-0.008111872,-0.0012223155,-0.00071994367
647,1,0.0007179746,-0.003166755,0.00075383077,-0.007456284,-0.00061253976,-0.00059442536
648,1,0.0002594055,-0.0015401703,0.00058163115,-0.0075966585,-0.00037343544,-0.00043299276
649,1,-0.00021402356,-0.0012429641,0.00045568135,-0.006074727,-0.00017447273,-0.00037027258
650,1,-0.00057829113,-2.0986052e-05,0.00033970983,-0.004958465,-1.5824851e-05,-0.00025313377
651,1,-0.00033999918,-0.00025716922,0.00024167875,-0.0015793449,0.00025084583,-0.000105524356
652,1,0.00030085738,-0.0062704054,0.00086529524,-0.0123103615,-0.0007429651,-0.00010493617
653,1,0.001392554,-0.0042452957,0.00079480605,-0.00821047,-0.0006209118,-0.00032556272
654,1,0.00073012157,-0.0032154638,0.0006497127,-0.0073051,-0.00046313295,-0.00048690243
655,1,0.000262048,-0.0015359444,0.0005082541,-0.0074111484,-0.0002566937,-0.0004424774
656,1,-0.00020724506,-0.0012685684,0.00042995467,-0.005887519,-0.00011156863,-0.00035733997
657,1,-0.00057399814,-2.45504e-05,0.0003616091,-0.0048214,6.332048e-05,-0.00027803343
658,1,-0.00034883447,-0.00030215213,0.000292592,-0.0015405223,0.00021602094,-0.0001058337
659,1,0.00030105526,-0.0062077446,0.0006292495,-0.012142286,-0.00079663424,-8.646958e-05
660,1,0.0014003129,-0.004140623,0.00058122666,-0.008068027,-0.00049687,-0.00022345064
661,1,0.0007356947,-0.0031957235,0.00053000747,-0.00724256,-0.00031913118,-0.00029069325
662,1,0.00026577152,-0.0015522726,0.00047067474,-0.0072940034,-0.00018982905,-0.00033336933
663,1,-0.00020541526,-0.0012720841,0.00041350257,-0.0057881474,-5.247713e-05,-0.0003028941
664,1,-0.00057772215,-4.9329963e-05,0.00038487118,-0.004748404,6.721727e-05,-0.00022042695
665,1,-0.00036002096,-0.00032100437,0.00038248373,-0.0015114333,0.0002401777,-9.035606e-05
666,1,0.00035295432,-0.006097469,0.00043715545,-0.012175259,-0.00034105347,-2.803522e-05
667,1,0.0014184788,-0.0041182037,0.00046108046,-0.008048021,-0.00028879062,-0.00011503836
668,1,0.0007470235,-0.0031533195,0.00044243148,-0.007161841,-0.00020069418,-0.00019374756
669,1,0.0002705825,-0.0015476542,0.00042467198,-0.0072466424,-0.000105646664,-0.00020613275
670,1,-0.0002056648,-0.0012764428,0.00041009326,-0.005724549,-2.2777273e-05,-0.00020064483
671,1,-0.0005801478,-5.872157e-05,0.0004039006,-0.0047146133,7.2544404e-05,-0.00015631525
672,1,-0.00037441164,-0.0003447211,0.00042728885,-0.0014994581,0.00014750806,-6.0117287e-05
673,1,0.0003589278,-0.00607647,0.00036198358,-0.012075908,-0.0002393047,-2.1857955e-05
674,1,0.0014264092,-0.004062983,0.00037963057,-0.008002196,-0.00014582805,-5.744917e-05
675,1,0.00075094146,-0.0031474913,0.00040140047,-0.0071449922,-9.56088e-05,-8.402466e-05
676,1,0.0002731165,-0.0015357744,0.00039892946,-0.0072025517,-5.09643e-05,-0.00010502099
677,1,-0.00020605161,-0.0012733192,0.00040180818,-0.0057026865,-4.8660086e-06,-9.906747e-05
678,1,-0.0005855621,-7.0428345e-05,0.00041986772,-0.0046904488,3.7519658e-05,-7.657152e-05
679,1,-0.00037729825,-0.00034747587,0.0004649834,-0.0014942263,9.531856e-05,-3.0656833e-05
680,1,0.00037356417,-0.006042675,0.00032358273,-0.012122865,-2.189877e-07,-1.5095682e-07
681,1,0.00142901,-0.0040736673,0.00036771872,-0.008001452,-4.9032398e-08,-6.302956e-08
682,1,0.0007539634,-0.0031256222,0.00037778702,-0.007121855,-5.0711795e-09,-4.4130054e-08
683,1,0.00027341963,-0.0015394365,0.00039279572,-0.0072029103,2.8974178e-08,1.2421547e-09
684,1,-0.00020667019,-0.0012722294,0.00040137957,-0.0056865076,7.8461916e-08,-2.0544507e-08
685,1,-0.0005849981,-6.806333e-05,0.00042165405,-0.0046896944,1.2784948e-07,1.7107457e-08
686,1,-0.00038441355,-0.0003586547,0.00047331981,-0.0014910256,2.0433424e-07,-2.4175128e-08
687,1,0.0003589517,-0.006077032,0.00036199056,-0.012076145,0.00023893273,2.1652282e-05
688,1,0.0014264649,-0.004063005,0.00037962603,-0.008001779,0.00014572234,5.7291774e-05
689,1,0.000750926,-0.0031475578,0.0004013993,-0.0071448996,9.55873e-05,8.394182e-05
690,1,0.00027313476,-0.0015357693,0.00039892958,-0.0072024106,5.1029965e-05,0.00010502261
691,1,-0.00020605527,-0.0012733378,0.00040180693,-0.0057025803,5.014686e-06,9.902981e-05
692,1,-0.00058555446,-7.043056e-05,0.000419867,-0.0046904003,-3.7260463e-05,7.660283e-05
693,1,-0.00037729758,-0.00034745663,0.0004649812,-0.0014941834,-9.490904e-05,3.0626703e-05
694,1,0.00035303607,-0.006098564,0.00043713787,-0.012175747,0.0003406098,2.7772656e-05
695,1,0.001418589,-0.0041182693,0.0004610806,-0.008047205,0.00028867405,0.00011485853
696,1,0.0007469936,-0.003153449,0.00044243073,-0.00716165,0.0002006813,0.000193697
697,1,0.00027061865,-0.001547644,0.0004246709,-0.007246355,0.00010569977,0.00020609936
698,1,-0.00020567249,-0.0012764834,0.0004100941,-0.0057243407,2.2924063e-05,0.00020064501
699,1,-0.00058013323,-5.8720412e-05,0.00040389807,-0.0047145113,-7.2297706e-05,0.00015631724
700,1,-0.0003744125,-0.00034469148,0.00042728946,-0.0014993761,-0.00014711455,6.0108832e-05
701,1,0.00030111964,-0.0062093986,0.0006292717,-0.012143011,0.0007962107,8.6298445e-05
702,1,0.0014004747,-0.004140713,0.0005812234,-0.008066789,0.00049675733,0.00022325164
703,1,0.0007356523,-0.003195931,0.0005300132,-0.0072422647,0.0003190942,0.0002906353
704,1,0.00026582117,-0.0015522584,0.0004706817,-0.00729357,0.00018987706,0.00033335047
705,1,-0.00020542597,-0.0012721418,0.00041350027,-0.0057878303,5.260732e-05,0.0003029018
706,1,-0.0005777036,-4.9329457e-05,0.00038487068,-0.0047482494,-6.698543e-05,0.00022043043
707,1,-0.0003600208,-0.00032095652,0.00038247957,-0.0015113099,-0.00023980146,9.036078e-05
708,1,0.00030102418,-0.006272742,0.00086528604,-0.012311365,0.00074246805,0.00010457899
709,1,0.0013927992,-0.0042454517,0.0007948244,-0.008208738,0.0006207705,0.00032531196
710,1,0.0007300494,-0.003215752,0.0006497427,-0.0073047164,0.0004630915,0.0004869092
711,1,0.00026212327,-0.001535907,0.0005082522,-0.0074105435,0.00025671735,0.0004424631
712,1,-0.00020726671,-0.0012686537,0.00042995892,-0.005887096,0.000111673195,0.00035735345
713,1,-0.0005739723,-2.4542122e-05,0.00036160753,-0.004821188,-6.3119216e-05,0.00027804333
714,1,-0.000348842,-0.000302085,0.00029259236,-0.001540357,-0.00021568948,0.00010582784
715,1,0.00013979134,-0.006486177,0.0014718472,-0.012090878,0.0018145257,0.0003309393
716,1,0.001339802,-0.0042564846,0.0011118581,-0.0081095835,0.001222121,0.0007198778
717,1,0.00071786094,-0.0031670802,0.0007538462,-0.007455797,0.00061243615,0.0005944731
718,1,0.00025950317,-0.0015401337,0.00058164797,-0.0075959004,0.0003734181,0.00043297608
719,1,-0.00021405975,-0.0012430492,0.0004556837,-0.0060741487,0.00017453896,0.00037031085
720,1,-0.00057825627,-2.0990672e-05,0.00033970745,-0.0049582114,1.5956666e-05,0.00025313394
721,1,-0.00034000963,-0.00025706095,0.00024167931,-0.0015791232,-0.0002505657,0.00010553343
722,1,0.00056811125,-0.006413202,0.0020145306,-0.012138078,0.0023236487,0.00040522034
723,1,0.0016916207,-0.0042858184,0.001217808,-0.008795596,0.00075070775,0.0005079687
724,1,0.00093811395,-0.0032057075,0.0008184626,-0.007883131,0.00039881302,0.00026220313
725,1,0.00039668172,-0.0016121768,0.0006245537,-0.008063067,0.00022014475,0.00022949497
726,1,-0.0001509724,-0.00124261,0.000466778,-0.0064350865,0.00011781428,0.00015190957
727,1,-0.0005644452,-5.3372383e-05,0.00035468893,-0.005295018,1.461866e-05,0.00012269875
728,1,-0.00034712855,-0.00020610126,0.00014182643,-0.0017462441,-0.00012356625,5.5229622e-05
729,1,0.00086198584,0.0020805656,-0.00036497522,-0.0022112275,-0.0012013493,0.000273279
730,1,0.0005971834,-0.0020446724,0.00040760465,-0.01271392,-0.0010285642,5.6356945e-05
731,1,0.0010344926,-0.0014710298,0.00042280724,-0.0096469335,-0.0005542468,-0.00019375114
732,1,5.4296703e-05,-0.0014061958,0.00041543497,-0.01020211,-0.00033616417,-7.4500516e-05
733,1,-0.00032576153,-0.00030447615,0.00040773614,-0.008388673,-0.00016219231,-0.0001420074
734,1,-0.00081938977,-0.0003495457,0.00034539183,-0.006291384,-7.915591e-05,-6.696631e-05
735,1,-0.00082848733,0.00028463293,0.0003278375,-0.0025447684,0.00014321522,-2.929097e-05
736,1,0.0008243542,0.0020051303,0.0004834962,-0.0014878198,-0.002345205,5.770493e-06
737,1,0.0005114903,-0.0020905929,0.00044134646,-0.012057083,-0.0014715068,-0.000105448555
738,1,0.0009402344,-0.0014612809,0.0004783089,-0.008923617,-0.0009540064,-0.00028603413
739,1,-2.0519622e-06,-0.001422695,0.000421646,-0.009664809,-0.000558415,-0.00029885786
740,1,-0.00034898962,-0.0002682382,0.00040141374,-0.007848777,-0.00029847887,-0.00023901896
741,1,-0.0008037229,-0.0003956168,0.00037675656,-0.005855973,-3.4074186e-05,-0.00020262782
742,1,-0.00080592127,0.00029583287,0.00029409022,-0.0023317914,0.00024279617,-7.5984186e-05
743,1,0.0005946981,0.002076334,0.0004881136,-0.0014776426,-0.0012810752,-0.00012499874
744,1,0.00041566108,-0.0020375217,0.00046043636,-0.011996728,-0.0009885704,-0.00024522966
745,1,0.0009116144,-0.0014317054,0.0004285147,-0.008732339,-0.00066333683,-0.00027587934
746,1,-1.8080758e-05,-0.0014447381,0.00041814317,-0.009446782,-0.00040779982,-0.00030658816
747,1,-0.00034785928,-0.00025856183,0.0003974664,-0.0076080314,-0.00018418502,-0.00028138486
748,1,-0.0007963218,-0.00042850123,0.00038995393,-0.0056947526,2.7124997e-05,-0.00020676074
749,1,-0.00080630684,0.00027844723,0.0004004451,-0.0022745843,0.0003032853,-8.6282605e-05
750,1,0.0007385849,0.0021183863,0.00029995534,-0.0014477228,-0.0009289944,-3.375495e-05
751,1,0.0004396034,-0.0020260292,0.00036470257,-0.011907204,-0.0006788603,-0.00014808157
752,1,0.0009097129,-0.001414117,0.00038326296,-0.008631454,-0.0004763557,-0.00023097015
753,1,-1.530345e-05,-0.0014373065,0.00038896184,-0.0093235,-0.00028059958,-0.00024509334
754,1,-0.0003487394,-0.00027502744,0.00040338354,-0.0074957735,-0.00010524915,-0.00023286731
755,1,-0.0007966141,-0.00043394536,0.00042016403,-0.005615983,7.377511e-05,-0.00018154198
756,1,-0.00082276907,0.00024526662,0.00044799966,-0.0022458003,0.0002168608,-7.1427785e-05
757,1,0.00066675444,0.0021363883,0.0002626112,-0.0014091373,-0.0005821117,-5.519854e-05
758,1,0.00044011415,-0.001980243,0.00029751164,-0.011834052,-0.00041602273,-0.00010649065
759,1,0.00091091933,-0.0014060526,0.00034118525,-0.0085817985,-0.00028495106,-0.00014139578
760,1,-1.7970919e-05,-0.0014279702,0.0003730695,-0.009252144,-0.00016449926,-0.00017032019
761,1,-0.00034985927,-0.00027902483,0.0004030584,-0.0074446783,-4.941037e-05,-0.00016085822
762,1,-0.0008054762,-0.0004432095,0.0004454639,-0.005571895,6.232691e-05,-0.00012620963
763,1,-0.00082495256,0.00022717175,0.0005091433,-0.0022356466,0.00019654456,-5.0406896e-05
764,1,0.0007431227,0.0021522657,0.00016680612,-0.0014257398,-0.00026844247,-1.2474947e-05
765,1,0.00044789305,-0.0019715629,0.00025853503,-0.011797785,-0.00020044086,-4.8583435e-05
766,1,0.0009119127,-0.0013892723,0.00031133005,-0.008544901,-0.00013741781,-7.341806e-05
767,1,-1.6591679e-05,-0.0014227119,0.00035945588,-0.009220715,-7.6543016e-05,-8.228461e-05
768,1,-0.00035355674,-0.00028172057,0.00040604707,-0.00741424,-1.8157272e-05,-8.216336e-05
769,1,-0.0008070323,-0.00044381153,0.00045945824,-0.0055567087,4.1029132e-05,-6.337029e-05
770,1,-0.00084140844,0.00021129167,0.0005378833,-0.0022289085,8.6087435e-05,-2.5351263e-05
771,1,0.0006904527,0.0021544583,0.0001844902,-0.0013963063,-2.2879964e-07,2.9743704e-08
772,1,0.000450519,-0.0019575178,0.00024084003,-0.01178176,-1.51759e-07,-1.2273888e-07
773,1,0.00091248634,-0.0013903457,0.00030477805,-0.008540773,-3.9976285e-08,-4.7489088e-08
774,1,-1.7835286e-05,-0.0014183383,0.00035499773,-0.009206061,9.155105e-09,-7.1520695e-08
775,1,-0.0003532301,-0.00028125886,0.00040512736,-0.007409465,6.470482e-08,-1.0404286e-08
776,1,-0.00081182085,-0.00044746627,0.00046688135,-0.0055482173,1.2326521e-07,-4.599306e-08
777,1,-0.00083432026,0.00021044462,0.0005495249,-0.002228839,2.0242028e-07,2.2431614e-08
778,1,0.0007430857,0.0021524725,0.00016680671,-0.0014257442,0.0002680391,1.2452351e-05
779,1,0.00044790804,-0.0019717743,0.0002585413,-0.011798046,0.00020013747,4.8366805e-05
780,1,0.0009119343,-0.0013892704,0.0003113322,-0.0085446825,0.0001373409,7.331205e-05
781,1,-1.6594695e-05,-0.0014227697,0.00035945728,-0.0092207175,7.65583e-05,8.215335e-05
782,1,-0.00035354315,-0.00028172112,0.0004060479,-0.0074141184,1.828833e-05,8.213252e-05
783,1,-0.0008070297,-0.0004438232,0.00045945798,-0.0055566733,-4.0787545e-05,6.329227e-05
784,1,-0.0008413969,0.00021126411,0.00053788477,-0.002228879,-8.5700005e-05,2.5370897e-05
785,1,0.00066665985,0.0021367858,0.00026263323,-0.0014091486,0.00058163947,5.5210494e-05
786,1,0.00044014433,-0.0019806467,0.00029751819,-0.011834574,0.00041571498,0.00010631245
787,1,0.0009109635,-0.0014060572,0.0003411911,-0.008581364,0.0002848688,0.00014124547
788,1,-1.7977776e-05,-0.0014280875,0.00037307653,-0.009252148,0.00016451287,0.00017023426
789,1,-0.00034983276,-0.0002790239,0.00040306014,-0.0074444343,4.9537568e-05,0.00016079738
790,1,-0.0008054719,-0.0004432372,0.00044546436,-0.0055718236,-6.208979e-05,0.00012617347
791,1,-0.0008249289,0.00022712484,0.00050914165,-0.0022355854,-0.00019615093,5.0405026e-05
792,1,0.0007384718,0.0021189856,0.0002999764,-0.0014477052,0.0009286159,3.3684155e-05
793,1,0.0004396458,-0.0020266525,0.00036472172,-0.01190799,0.0006785474,0.00014788218
794,1,0.00090977584,-0.0014141313,0.000383288,-0.008630803,0.0004762769,0.00023083003
795,1,-1.531322e-05,-0.0014374848,0.00038897354,-0.0093235,0.00028061157,0.0002450246
796,1,-0.00034870274,-0.00027502596,0.00040339003,-0.0074954014,0.000105367275,0.0002328141
797,1,-0.00079660845,-0.00043398608,0.00042016534,-0.005615876,-7.35524e-05,0.00018151864
798,1,-0.0008227397,0.00024519645,0.0004480032,-0.0022457063,-0.00021649974,7.141477e-05
799,1,0.0005944871,0.0020771432,0.00048818983,-0.0014777504,0.0012804868,0.00012497051
800,1,0.00041572438,-0.0020384172,0.00046051122,-0.011997877,0.0009882372,0.00024504587
801,1,0.00091170304,-0.0014317144,0.0004285542,-0.008731403,0.0006632731,0.00027576837
802,1,-1.809932e-05,-0.0014449888,0.0004181682,-0.009446802,0.00040779554,0.00030654445
803,1,-0.00034780995,-0.00025854819,0.00039747645,-0.0076075043,0.00018428851,0.00028135118
804,1,-0.0007963186,-0.00042856054,0.00038995658,-0.0056946166,-2.6930831e-05,0.00020674874
805,1,-0.00080626586,0.0002783535,0.00040044458,-0.002274451,-0.00030294494,8.628817e-05
806,1,0.00082406425,0.002006198,0.00048378966,-0.001487798,0.0023450726,-5.7124116e-06
807,1,0.00051154837,-0.0020917854,0.00044148322,-0.012058551,0.0014713069,0.00010536152
808,1,0.000940342,-0.0014612785,0.0004783901,-0.008922345,0.0009539742,0.0002859778
809,1,-2.0873906e-06,-0.0014229995,0.00042168357,-0.009664819,0.0005584088,0.00029885676
810,1,-0.00034892547,-0.00026823085,0.00040143143,-0.0078480905,0.00029854756,0.0002389943
811,1,-0.000803727,-0.00039566995,0.00037676518,-0.0058557806,3.421874e-05,0.00020263808
812,1,-0.00080587337,0.00029569125,0.00029408673,-0.0023316215,-0.00024253955,7.598e-05
813,1,0.0008617406,0.0020817532,-0.0003648402,-0.0022113603,0.001201597,-0.00027333727
814,1,0.0005973147,-0.0020460966,0.00040786617,-0.012715528,0.0010286054,-5.635739e-05
815,1,0.0010346475,-0.0014710595,0.00042291445,-0.0096454,0.00055422395,0.00019378088
816,1,5.4265412e-05,-0.0014065288,0.00041548332,-0.010202013,0.0003361689,7.448053e-05
817,1,-0.00032567792,-0.00030449923,0.00040776638,-0.008387838,0.00016221995,0.00014203662
818,1,-0.0008193981,-0.00034956957,0.000345392,-0.0062910635,7.9207995e-05,6.695923e-05
819,1,-0.0008284289,0.00028442938,0.00032785613,-0.002544539,-0.0001430999,2.930128e-05
820,1,0.0018318271,-0.0023170584,-0.00028359517,-0.0038686243,-0.00040380147,-6.911588e-05
821,1,0.00089118053,0.0006315754,-0.00024083871,-0.00642272,-0.00039152338,8.2748404e-05
822,1,0.00051368296,-0.0010697836,6.68864e-05,-0.012358537,-0.00044066703,4.7977344e-05
823,1,7.342015e-05,-9.056484e-05,0.00021358297,-0.00967386,-0.00026697674,-8.410903e-05
824,1,-0.00066453335,-0.00049102097,0.00030953338,-0.010232011,-0.00017940551,-1.3550004e-05
825,1,-0.0011432699,0.0005265391,0.00040077898,-0.0067412797,-1.3009994e-05,-7.041953e-05
826,1,-0.0013305024,0.00016556459,0.00033966152,-0.002984668,0.00010723817,-2.3690649e-05
827,1,0.001959984,-0.002526913,-0.0003633474,-0.0037675402,-0.0013712223,9.114923e-05
828,1,0.00097120827,0.0005776557,-1.7014087e-05,-0.0056494316,-0.0010768281,7.087547e-05
829,1,0.00054243044,-0.0011499991,0.00013296051,-0.011787562,-0.0008108373,-4.8852075e-05
830,1,9.693455e-05,-8.961063e-05,0.00025414609,-0.008969426,-0.0005294919,-0.00011066076
831,1,-0.00063223875,-0.0005562353,0.0003344877,-0.009716536,-0.0002726409,-0.00014319298
832,1,-0.0011042029,0.0005512497,0.00038525526,-0.006200232,-4.8194022e-05,-0.000108114305
833,1,-0.0012857375,8.628606e-05,0.00045775116,-0.0027491632,0.00036415042,-4.8799226e-05
834,1,0.0018691827,-0.0026114825,-6.931522e-06,-0.0035708142,-0.0015241252,-1.3671325e-05
835,1,0.0008754366,0.0005926333,7.697981e-05,-0.0053009763,-0.0010203427,-5.5125205e-05
836,1,0.00048826385,-0.0011514503,0.00020129062,-0.011507543,-0.00067810965,-0.00011505866
837,1,7.857566e-05,-7.7700395e-05,0.00028329584,-0.008648599,-0.00042790655,-0.0001632071
838,1,-0.0006328879,-0.0005828068,0.00035826408,-0.009451408,-0.0001875328,-0.00016086349
839,1,-0.0010938722,0.00055144564,0.0004268262,-0.0059824106,7.234751e-05,-0.00013742899
840,1,-0.001281819,4.6233967e-05,0.00046942243,-0.0026893588,0.00029147355,-5.3758053e-05
841,1,0.0018168528,-0.002607588,-1.6672344e-06,-0.0035730407,-0.00089869794,-4.3565986e-05
842,1,0.00087744073,0.00059663836,0.00010530079,-0.0052340357,-0.0007074277,-9.2707865e-05
843,1,0.00048463306,-0.0011427351,0.00020180111,-0.011350015,-0.00049640273,-0.00011929401
844,1,7.245624e-05,-8.066433e-05,0.0002958157,-0.008501948,-0.0002863619,-0.00014620739
845,1,-0.0006337505,-0.00058120553,0.00037560053,-0.009307202,-9.8671095e-05,-0.000150911
846,1,-0.0010977963,0.0005299248,0.00045605347,-0.0058900863,8.1926024e-05,-0.000119544056
847,1,-0.0012812723,3.1903928e-05,0.00054866757,-0.0026497785,0.0003168899,-4.8687853e-05
848,1,0.0018677677,-0.0025948081,-2.8302753e-05,-0.0035259633,-0.0006734396,-1.2849962e-05
849,1,0.00086632965,0.00058878073,0.00010312846,-0.005169068,-0.0004695892,-6.341578e-05
850,1,0.00047525633,-0.001131024,0.00020619534,-0.011271143,-0.00031184094,-9.5087744e-05
851,1,6.770623e-05,-8.2262086e-05,0.00029993156,-0.008430935,-0.00017888725,-0.000107632215
852,1,-0.0006420264,-0.0005805661,0.0003925347,-0.009230146,-4.3643387e-05,-0.00010873986
853,1,-0.0011005009,0.0005189627,0.00048427974,-0.0058476413,8.793072e-05,-8.660957e-05
854,1,-0.0013035474,1.8492688e-05,0.0005886583,-0.0026323595,0.00019199283,-3.367728e-05
855,1,0.0018143723,-0.0025833389,-1.663079e-05,-0.0035175039,-0.00028831584,-1.7290646e-05
856,1,0.0008726461,0.0005969389,8.9789035e-05,-0.005154029,-0.00022079819,-3.561635e-05
857,1,0.00047525283,-0.0011285465,0.00020136512,-0.011225893,-0.00015057856,-4.6894933e-05
858,1,6.2776104e-05,-8.114748e-05,0.00030300158,-0.00839952,-8.0750804e-05,-5.6880494e-05
859,1,-0.00064481003,-0.00057841267,0.00040006795,-0.009194398,-1.6412772e-05,-5.6010398e-05
860,1,-0.0011094912,0.00050940714,0.00050463976,-0.005828146,4.6071567e-05,-4.4968958e-05
861,1,-0.001299519,1.2736758e-05,0.00061977527,-0.0026257015,0.00011976954,-1.7961334e-05
862,1,0.0018675117,-0.0025804476,-5.076606e-05,-0.003511742,-1.5628343e-07,-6.808719e-08
863,1,0.0008669745,0.0005928933,9.092619e-05,-0.0051398007,-1.3805604e-07,1.2479407e-08
864,1,0.00047313204,-0.0011234687,0.00019954013,-0.0112150945,-7.7238575e-08,-9.909974e-08
865,1,6.291461e-05,-8.159335e-05,0.0003028488,-0.0083882315,-4.752064e-09,-2.3370392e-08
866,1,-0.0006479328,-0.000578918,0.00040454205,-0.0091843745,4.8406363e-08,-8.011579e-08
867,1,-0.001107475,0.00050943135,0.0005081499,-0.0058223694,1.1115293e-07,-3.4801148e-10
868,1,-0.0013145566,8.314191e-06,0.00063173095,-0.0026218204,1.7719529e-07,-5.1317453e-08
869,1,0.0018143825,-0.0025835154,-1.6622223e-05,-0.0035175546,0.00028790307,1.7230554e-05
870,1,0.0008726247,0.0005970602,8.979378e-05,-0.005153917,0.00022053314,3.5611887e-05
871,1,0.0004752603,-0.0011286426,0.00020136978,-0.011226019,0.00015042667,4.6722736e-05
872,1,6.278261e-05,-8.112828e-05,0.00030300373,-0.008399361,8.0740625e-05,5.681256e-05
873,1,-0.0006448043,-0.00057845155,0.00040006923,-0.009194426,1.6509292e-05,5.587622e-05
874,1,-0.001109482,0.0005094076,0.00050463935,-0.0058280514,-4.584874e-05,4.4949207e-05
875,1,-0.001299509,1.274504e-05,0.0006197748,-0.0026257061,-0.000119392214,1.7894672e-05
876,1,0.0018677884,-0.0025951483,-2.8285169e-05,-0.0035260546,0.00067314255,1.2793505e-05
877,1,0.0008662826,0.0005890128,0.00010314382,-0.0051688333,0.00046932235,6.337083e-05
878,1,0.0004752703,-0.0011312137,0.00020620719,-0.011271401,0.0003116842,9.4967654e-05
879,1,6.771877e-05,-8.222558e-05,0.00029993837,-0.008430617,0.00017888499,0.00010752958
880,1,-0.0006420158,-0.00058064534,0.0003925375,-0.009230199,4.3736192e-05,0.000108655935
881,1,-0.0011004836,0.00051896693,0.00048428008,-0.0058474536,-8.77097e-05,8.655442e-05
882,1,-0.0013035301,1.850388e-05,0.0005886618,-0.0026323688,-0.00019164634,3.3641703e-05
883,1,0.0018168818,-0.0026081053,-1.6358391e-06,-0.0035732216,0.0008982976,4.3545882e-05
884,1,0.000877376,0.00059698115,0.000105333165,-0.0052336985,0.00070717436,9.266516e-05
885,1,0.000484654,-0.001143024,0.00020182268,-0.0113504,0.0004962662,0.00011919078
886,1,7.2473325e-05,-8.061111e-05,0.00029583048,-0.008501465,0.00028635742,0.00014611338
887,1,-0.0006337357,-0.0005813263,0.00037560725,-0.009307282,9.8764736e-05,0.00015085019
888,1,-0.0010977737,0.0005299334,0.0004560544,-0.005889797,-8.171504e-05,0.00011949547
889,1,-0.0012812456,3.1919866e-05,0.0005486669,-0.002649796,-0.00031653472,4.8674825e-05
890,1,0.001869205,-0.00261221,-6.8339605e-06,-0.00357101,0.0015239075,1.3658229e-05
891,1,0.00087532884,0.0005931214,7.703629e-05,-0.005300504,0.0010201221,5.5117627e-05
892,1,0.0004882946,-0.0011518666,0.00020133238,-0.01150809,0.0006779793,0.000114971335
893,1,7.859523e-05,-7.761513e-05,0.00028332125,-0.0086479075,0.0004279162,0.00016314331
894,1,-0.0006328703,-0.0005829802,0.00035827546,-0.00945153,0.0001876099,0.0001608195
895,1,-0.0010938457,0.00055146543,0.0004268307,-0.0059820004,-7.2155926e-05,0.00013739851
896,1,-0.0012817913,4.625705e-05,0.00046942575,-0.002689382,-0.00029117242,5.37361e-05
897,1,0.0019600627,-0.0025278965,-0.0003633197,-0.0037678673,0.0013711435,-9.120316e-05
898,1,0.00097109104,0.0005782956,-1.6926448e-05,-0.005648779,0.0010767633,-7.087974e-05
899,1,0.0005424725,-0.0011505516,0.00013302139,-0.01178824,0.0008107832,4.880164e-05
900,1,9.696101e-05,-8.950224e-05,0.00025418287,-0.008968513,0.0005295162,0.00011062057
901,1,-0.0006322234,-0.00055644294,0.0003345087,-0.009716664,0.00027270537,0.00014317958
902,1,-0.0011041703,0.00055125734,0.00038525875,-0.0061996947,4.8334965e-05,0.00010809967
903,1,-0.0012857083,8.634485e-05,0.00045775154,-0.0027491928,-0.0003638926,4.880129e-05
904,1,0.0018319124,-0.0023181355,-0.00028356406,-0.0038689298,0.00040366533,6.913347e-05
905,1,0.00089106156,0.0006322939,-0.00024081104,-0.0064220345,0.00039153616,-8.27714e-05
906,1,0.0005137539,-0.0010704206,6.696555e-05,-0.012359217,0.00044069136,-4.799808e-05
907,1,7.346076e-05,-9.047273e-05,0.00021363006,-0.009672795,0.00026698734,8.412514e-05
908,1,-0.00066451536,-0.00049122446,0.00030955457,-0.010232049,0.0001794409,1.3535033e-05
909,1,-0.0011432304,0.0005265039,0.00040079377,-0.0067406218,1.30618e-05,7.043813e-05
910,1,-0.0013304818,0.00016568672,0.00033964336,-0.002984648,-0.00010711476,2.3684725e-05
911,1,0.002001131,0.000702681,-0.00061872555,-0.002324946,-0.0005638291,6.8531066e-05
912,1,0.0013845961,-0.0013876624,-0.0002744929,-0.00907116,-0.00023173894,-9.101608e-06
913,1,0.00056598114,0.0003846311,-0.0001373516,-0.008899978,-0.0001872867,3.7381125e-07
914,1,-0.00010505975,-0.0005573313,9.144651e-05,-0.012249931,-0.00018847392,3.8059254e-05
915,1,-0.0008847224,0.0006660285,0.00027875896,-0.008902537,-6.5612825e-05,-4.8535818e-05
916,1,-0.001430916,-5.8812842e-05,0.0004041072,-0.008237376,-6.26838e-05,5.6176887e-06
917,1,-0.00196903,0.0008678434,0.0006047488,-0.0026754641,0.0002790866,-6.420533e-06
918,1,0.0020778156,0.00073102454,-0.0004515361,-0.0019936126,-0.0009953246,-1.3002923e-05
919,1,0.0014883311,-0.0015022501,-0.00030984945,-0.008706993,-0.0006931335,3.1702646e-05
920,1,0.0006566837,0.0003560355,-6.934166e-05,-0.008183422,-0.00052022416,2.4129828e-05
921,1,-3.0522577e-05,-0.000651298,0.00012242711,-0.011745903,-0.00036835636,-2.5948566e-05
922,1,-0.00081934006,0.0006772955,0.00028965145,-0.008243921,-0.00018873466,-4.207692e-05
923,1,-0.0013589776,-0.00015706319,0.00044363507,-0.0077659283,6.452547e-05,-5.4336087e-05
924,1,-0.0019093865,0.00090208754,0.0005243968,-0.0023993868,0.00033436436,-2.3230152e-05
925,1,0.002058073,0.00070999167,-0.00043441917,-0.0019349507,-0.0011286812,2.8690787e-05
926,1,0.0014775826,-0.0015618644,-0.00018171233,-0.008444524,-0.00083093403,2.1967311e-05
927,1,0.0006333326,0.00034449817,4.1979315e-06,-0.0077758897,-0.00057202025,-2.5081272e-05
928,1,-3.6102458e-05,-0.00068381435,0.00017648736,-0.011428927,-0.0003295627,-5.0270668e-05
929,1,-0.0008133734,0.00067822286,0.00032914896,-0.00789263,-0.000118351796,-7.869351e-05
930,1,-0.0013417369,-0.00019654023,0.00046454242,-0.0075516873,0.00010703811,-6.482174e-05
931,1,-0.0018878448,0.0008931075,0.0006112978,-0.0023176633,0.00044529352,-3.1159143e-05
932,1,0.002031749,0.0006760384,-0.0002891701,-0.0018452834,-0.000936708,-1.0208369e-05
933,1,0.001442117,-0.0015676287,-0.00012625707,-0.0082884645,-0.0006418814,-2.0121348e-05
934,1,0.00061983016,0.00033501827,5.0403087e-05,-0.007622699,-0.00041794014,-3.8674672e-05
935,1,-4.498165e-05,-0.00068464957,0.0002110142,-0.011225016,-0.00023547286,-6.391104e-05
936,1,-0.00081818964,0.0006615847,0.0003617499,-0.00773909,-4.2433094e-05,-7.2449504e-05
937,1,-0.0013408279,-0.0002004564,0.00050463085,-0.0074276174,0.0001558331,-6.496904e-05
938,1,-0.0019010571,0.00086613826,0.00064073753,-0.0022686778,0.00032048568,-2.6107758e-05
939,1,0.0020085075,0.0006609542,-0.00027166188,-0.001852197,-0.0005690368,-1.23917835e-05
940,1,0.0014458171,-0.001570177,-9.4014424e-05,-0.0082269,-0.00043284462,-2.4851379e-05
941,1,0.00061098894,0.00032693474,7.46594e-05,-0.00753303,-0.00028684,-3.9036207e-05
942,1,-5.5226454e-05,-0.00068251294,0.00023517734,-0.0111260405,-0.00013896261,-4.975398e-05
943,1,-0.0008253172,0.0006530218,0.0003867892,-0.007661555,-1.1841092e-05,-5.712195e-05
944,1,-0.001353736,-0.00020493128,0.0005374082,-0.0073598786,0.000118697295,-4.7471407e-05
945,1,-0.0018977267,0.0008469104,0.00068908057,-0.002255441,0.00027683922,-2.1713087e-05
946,1,0.0020257575,0.0006524011,-0.0002555721,-0.0018247357,-0.00030956054,-4.2874062e-06
947,1,0.0014298179,-0.0015725798,-7.535062e-05,-0.008182248,-0.0002134151,-1.4159698e-05
948,1,0.0006051315,0.00032426318,8.944101e-05,-0.00750552,-0.00013620607,-2.2706354e-05
949,1,-6.070476e-05,-0.0006813558,0.0002482621,-0.011073655,-6.852838e-05,-2.7900727e-05
950,1,-0.0008323923,0.00064737006,0.00040344798,-0.0076285345,2.0355028e-06,-3.0179846e-05
951,1,-0.0013559391,-0.00020504725,0.00055486243,-0.007329282,6.949126e-05,-2.479831e-05
952,1,-0.00191879,0.000834641,0.00071834755,-0.002240022,0.000122876,-9.631102e-06
953,1,0.0019978932,0.0006518274,-0.0002454223,-0.0018350288,-1.9227137e-07,5.4065005e-08
954,1,0.0014380448,-0.0015704366,-7.618352e-05,-0.0081792865,-1.09022295e-07,-8.6711744e-08
955,1,0.0006039684,0.0003222212,9.288894e-05,-0.0074887057,-6.550142e-08,6.183293e-09
956,1,-6.3320105e-05,-0.00068107416,0.00025296188,-0.011063002,-1.620322e-08,-1.00724556e-07
957,1,-0.00083337614,0.00064697384,0.00040756687,-0.007616767,3.8415802e-08,-6.0957794e-09
958,1,-0.0013623429,-0.0002079749,0.0005650686,-0.0073204176,9.798122e-08,-7.945178e-08
959,1,-0.0019065496,0.00083237473,0.0007220417,-0.0022438476,1.7722476e-07,3.2543703e-08
960,1,0.0020257288,0.00065254385,-0.00025556752,-0.0018246904,0.00030927532,4.3223486e-06
961,1,0.0014298202,-0.0015726897,-7.534394e-05,-0.008182324,0.00021318023,1.4032757e-05
962,1,0.0006051237,0.00032433003,8.944363e-05,-0.00750537,0.00013607582,2.2682992e-05
963,1,-6.069878e-05,-0.0006814106,0.00024826505,-0.011073728,6.849831e-05,2.7738506e-05
964,1,-0.0008323869,0.00064739236,0.00040344693,-0.007628398,-1.9564084e-06,3.0138244e-05
965,1,-0.001355928,-0.00020507046,0.0005548621,-0.0073293196,-6.929586e-05,2.4671639e-05
966,1,-0.001918776,0.0008346333,0.000718349,-0.0022399882,-0.00012255357,9.652181e-06
967,1,0.0020084537,0.00066122535,-0.00027164855,-0.0018521083,0.00056867785,1.2397781e-05
968,1,0.0014458244,-0.0015703933,-9.4002346e-05,-0.008227063,0.00043263278,2.4782152e-05
969,1,0.00061097107,0.00032706565,7.466949e-05,-0.007532726,0.00028672698,3.8969847e-05
970,1,-5.521417e-05,-0.00068262283,0.00023518172,-0.011126185,0.00013892938,4.9653434e-05
971,1,-0.00082530786,0.00065306673,0.00038679029,-0.007661285,1.1927659e-05,5.704054e-05
972,1,-0.0013537151,-0.00020497972,0.0005374064,-0.007359951,-0.00011850502,4.7404294e-05
973,1,-0.0018976991,0.00084690016,0.0006890789,-0.0022553722,-0.00027648848,2.1701884e-05
974,1,0.0020316625,0.0006764435,-0.00028914213,-0.001845129,0.0009364492,1.0203616e-05
975,1,0.0014421224,-0.0015679502,-0.0001262348,-0.008288712,0.00064167613,2.0073792e-05
976,1,0.0006198051,0.00033521137,5.0419854e-05,-0.0076222424,0.0004178301,3.8614362e-05
977,1,-4.49645e-05,-0.0006848168,0.00021102438,-0.011225235,0.00023545536,6.3836924e-05
978,1,-0.00081817794,0.0006616535,0.00036175232,-0.0077386783,4.2517917e-05,7.237661e-05
979,1,-0.0013407988,-0.00020053133,0.00050463027,-0.0074277287,-0.00015564344,6.4920496e-05
980,1,-0.0019010211,0.000866128,0.0006407412,-0.0022685686,-0.0003201732,2.6080845e-05
981,1,0.0020579614,0.00071056443,-0.00043440083,-0.0019347679,0.0011284353,-2.8695655e-05
982,1,0.0014775974,-0.0015623311,-0.00018167737,-0.008444872,0.00083078875,-2.2016307e-05
983,1,0.0006332928,0.0003447774,4.225449e-06,-0.0077752434,0.0005719493,2.5050815e-05
984,1,-3.607831e-05,-0.0006840588,0.00017650366,-0.011429241,0.00032954704,5.021157e-05
985,1,-0.00081336347,0.0006783284,0.0003291567,-0.007892048,0.000118436394,7.864785e-05
986,1,-0.0013417021,-0.00019664955,0.00046454158,-0.0075518466,-0.00010686831,6.478752e-05
987,1,-0.001887801,0.00089310086,0.0006112946,-0.0023175126,-0.00044498226,3.11572e-05
988,1,0.0020776745,0.00073180115,-0.00045150722,-0.0019933456,0.000995128,1.30253875e-05
989,1,0.0014883649,-0.001502872,-0.0003098294,-0.008707457,0.00069303944,-3.1740215e-05
990,1,0.00065664446,0.00035640152,-6.931149e-05,-0.008182585,0.0005201966,-2.4146973e-05
991,1,-3.049135e-05,-0.0006516129,0.0001224497,-0.011746272,0.00036836087,2.5914433e-05
992,1,-0.00081932725,0.0006774171,0.00028966198,-0.008243173,0.00018880297,4.2053496e-05
993,1,-0.001358943,-0.00015717806,0.00044363743,-0.007766105,-6.439554e-05,5.432363e-05
994,1,-0.001909336,0.00090205576,0.0005243944,-0.0023991866,-0.00033413174,2.3219696e-05
995,1,0.0020009836,0.000703537,-0.00061869645,-0.002324654,0.0005638245,-6.8538284e-05
996,1,0.0013846392,-0.0013883576,-0.00027445675,-0.009071571,0.00023167372,9.114545e-06
997,1,0.00056594145,0.00038502968,-0.00013733917,-0.008899051,0.00018727551,-3.728649e-07
998,1,-0.00010502072,-0.0005576667,9.147187e-05,-0.012250231,0.00018849019,-3.807425e-05
999,1,-0.00088470476,0.000666125,0.00027877267,-0.008901685,6.563824e-05,4.8551014e-05
1000,1,-0.0014308888,-5.888646e-05,0.00040410506,-0.008237466,6.27457e-05,-5.6240006e-06
1001,1,-0.0019689735,0.0008677532,0.0006047413,-0.002675223,-0.00027900861,6.4354185e-06
1002,1,0.0027886012,-0.001743696,-0.0007135045,-0.003339407,-0.00021224287,-2.8751818e-05
1003,1,0.0015694903,0.00037660848,-0.00048882235,-0.0064553693,-0.00023187649,3.8731967e-05
1004,1,0.0007646522,-0.0008261612,-0.00018035009,-0.011764547,-0.00012216163,2.0113283e-05
1005,1,-0.00022326103,0.0006557839,3.7144484e-05,-0.009554453,-6.821786e-05,-1.4863359e-05
1006,1,-0.0009941787,-0.00024458533,0.0002770155,-0.011300072,-6.909622e-05,3.5253954e-05
1007,1,-0.0018918802,0.0011498578,0.0005181327,-0.0066543794,9.547337e-05,-2.3453222e-05
1008,1,-0.0024342933,0.0001639271,0.0006468055,-0.0032628807,8.5316104e-05,-1.3175821e-06
1009,1,0.0029066573,-0.0018719692,-0.00074487756,-0.0031766708,-0.00088504475,4.351225e-05
1010,1,0.0016664435,0.0003736621,-0.0004219164,-0.0058252453,-0.0004890597,3.2116845e-05
1011,1,0.000865476,-0.0009219363,-0.00018845013,-0.011350919,-0.00033506064,2.6237954e-05
1012,1,-0.00012916364,0.0006503134,5.9343125e-05,-0.00884749,-0.00019528484,1.9199031e-05
1013,1,-0.0008980394,-0.00035906612,0.0002883618,-0.010856461,-5.27533e-05,-4.2978972e-06
1014,1,-0.0018166977,0.0011887933,0.00049367285,-0.0060638958,9.120094e-05,-1.0303396e-05
1015,1,-0.0023500698,4.730652e-05,0.00072704104,-0.0030503473,0.0005317945,-6.660289e-06
1016,1,0.0029049672,-0.0019221619,-0.00059711444,-0.003065654,-0.00091045327,3.635729e-06
1017,1,0.0016694802,0.00035649704,-0.00037735933,-0.0055496525,-0.0006255938,2.7724542e-05
1018,1,0.000881347,-0.0009734744,-0.00012269405,-0.011037764,-0.00038509903,3.1629806e-05
1019,1,-0.00012052526,0.0006370013,0.0001105689,-0.008444777,-0.0002053074,1.7547421e-06
1020,1,-0.00087713765,-0.00040711978,0.00032770733,-0.010547797,-8.156334e-06,-1.0719944e-05
1021,1,-0.0017923982,0.0011875414,0.00053417106,-0.0057893638,0.00023259598,-2.5951818e-05
1022,1,-0.0023206382,2.440975e-06,0.00071171415,-0.0029674978,0.00043185582,-8.878666e-06
1023,1,0.0028809907,-0.0019414208,-0.0005585956,-0.0030350364,-0.0007662975,2.0140556e-05
1024,1,0.0016570684,0.00032603764,-0.00029772322,-0.005425648,-0.0005273048,2.3171651e-05
1025,1,0.00086239894,-0.0009863797,-6.449416e-05,-0.010828278,-0.0003248519,1.3574129e-05
1026,1,-0.00012965761,0.00061567576,0.00015786906,-0.008263202,-0.00012893045,-4.5447756e-08
1027,1,-0.00088518125,-0.0004111785,0.00037043612,-0.010351414,4.3178858e-05,-1.6343794e-05
1028,1,-0.0017977048,0.0011605853,0.00057353365,-0.005665851,0.00021724455,-2.2231017e-05
1029,1,-0.0023143417,-6.357011e-06,0.00077345094,-0.0029167458,0.00047706792,-1.22923475e-05
1030,1,0.002870069,-0.0019570582,-0.00047853577,-0.0029855457,-0.00052594574,3.1357565e-06
1031,1,0.0016391203,0.00031083272,-0.00025518524,-0.0053574154,-0.0003572229,7.4157906e-06
1032,1,0.00085444655,-0.0009916888,-2.7874847e-05,-0.010731781,-0.00021128025,9.189133e-06
1033,1,-0.00014103865,0.00060378446,0.00019326589,-0.00816683,-8.424361e-05,-3.8258822e-06
1034,1,-0.0008968588,-0.00041348703,0.0004035186,-0.010249255,5.1382234e-05,-1.2214104e-05
1035,1,-0.0018026687,0.0011457136,0.00060585793,-0.0056026336,0.00018299429,-1.5547485e-05
1036,1,-0.0023372457,-1.0239977e-05,0.00081023574,-0.002879077,0.0002907911,-4.0544605e-06
1037,1,0.0028526494,-0.0019629395,-0.00045897602,-0.002988745,-0.00025710004,2.4921962e-06
1038,1,0.0016393682,0.00030044254,-0.00022864096,-0.005336838,-0.0001837649,2.7024628e-06
1039,1,0.0008450648,-0.0009946497,-4.0100927e-06,-0.010674027,-0.00010963212,2.074234e-06
1040,1,-0.00014793921,0.0005978253,0.00021260488,-0.008131048,-3.6064295e-05,-2.166474e-06
1041,1,-0.0009047118,-0.00041288455,0.00042344705,-0.01019653,2.8806326e-05,-6.1264764e-06
1042,1,-0.0018128138,0.0011346388,0.0006308933,-0.00557459,9.33567e-05,-8.3857285e-06
1043,1,-0.002329827,-1.3461059e-05,0.00082819303,-0.0028732852,0.00017311837,-4.544486e-06
1044,1,0.0028586267,-0.001966128,-0.00044224123,-0.002970483,-1.2300812e-07,-8.810446e-08
1045,1,0.0016294731,0.0002972164,-0.00021782416,-0.0053229383,-1.0891124e-07,3.6315328e-08
1046,1,0.0008443361,-0.000995576,2.3922187e-06,-0.010667767,-5.31381e-08,-1.135212e-07
1047,1,-0.00015072148,0.00059629395,0.0002200852,-0.00811416,-1.7516191e-08,5.537203e-09
1048,1,-0.0009073889,-0.0004142123,0.00043027714,-0.010185923,3.302578e-08,-1.0643115e-07
1049,1,-0.0018111521,0.0011341504,0.0006339328,-0.00556383,8.409155e-08,1.4603434e-08
1050,1,-0.0023466237,-1.5397687e-05,0.00084467145,-0.0028594374,1.3948406e-07,-7.19808e-08
1051,1,0.002852652,-0.0019630506,-0.00045897093,-0.0029887583,0.0002567796,-2.5836327e-06
1052,1,0.0016393497,0.0003005344,-0.00022864045,-0.005336728,0.00018357643,-2.6877237e-06
1053,1,0.00084506744,-0.0009947176,-4.0059895e-06,-0.010674097,0.00010952384,-2.2443369e-06
1054,1,-0.00014793969,0.0005978698,0.0002126027,-0.008130886,3.6034857e-05,2.1348008e-06
1055,1,-0.00090470177,-0.00041292343,0.0004234465,-0.010196588,-2.8742335e-05,5.960163e-06
1056,1,-0.0018128038,0.0011346601,0.0006308897,-0.00557449,-9.318566e-05,8.379966e-06
1057,1,-0.0023298098,-1.3481365e-05,0.00082819135,-0.0028733036,-0.00017280474,4.458271e-06
1058,1,0.0028700726,-0.0019572666,-0.00047853476,-0.0029855836,0.0005257082,-3.1681736e-06
1059,1,0.0016390805,0.0003110131,-0.00025517665,-0.0053571844,0.0003570326,-7.4598743e-06
1060,1,0.00085445464,-0.0009918252,-2.7871576e-05,-0.010731924,0.00021117274,-9.281967e-06
1061,1,-0.00014104218,0.0006038732,0.00019326722,-0.008166512,8.423075e-05,3.7425214e-06
1062,1,-0.00089683867,-0.0004135653,0.00040351466,-0.010249365,-5.131871e-05,1.2123484e-05
1063,1,-0.0018026507,0.0011457576,0.0006058535,-0.005602437,-0.00018281554,1.5486874e-05
1064,1,-0.0023372127,-1.0283763e-05,0.0008102374,-0.0028791132,-0.00029051348,4.015871e-06
1065,1,0.002880996,-0.0019417318,-0.00055858406,-0.0030351046,0.00076603144,-2.0162779e-05
1066,1,0.00165701,0.00032630135,-0.00029771184,-0.005425298,0.0005271412,-2.321018e-05
1067,1,0.0008624079,-0.0009865833,-6.4484506e-05,-0.010828498,0.00032476638,-1.3641373e-05
1068,1,-0.00012966331,0.0006158076,0.00015787168,-0.00826272,0.00012892051,-2.6809063e-08
1069,1,-0.00088515395,-0.00041129836,0.00037043355,-0.010351586,-4.3106185e-05,1.6280066e-05
1070,1,-0.0017976821,0.0011606553,0.0005735275,-0.00566555,-0.00021706765,2.2179642e-05
1071,1,-0.0023142942,-6.425412e-06,0.0007734446,-0.0029168066,-0.0004767639,1.2282857e-05
1072,1,0.002904978,-0.0019226082,-0.00059710286,-0.0030657381,0.00091024855,-3.6474814e-06
1073,1,0.0016693994,0.00035687938,-0.00037734388,-0.005549174,0.00062545645,-2.7740976e-05
1074,1,0.0008813652,-0.00097377494,-0.00012268088,-0.0110380845,0.0003850316,-3.1686177e-05
1075,1,-0.00012053818,0.00063719635,0.00011057602,-0.008444097,0.0002053164,-1.7952357e-06
1076,1,-0.0008771031,-0.0004072983,0.00032770657,-0.010548049,8.2232555e-06,1.0673319e-05
1077,1,-0.0017923765,0.0011876497,0.00053416577,-0.0057889437,-0.00023242726,2.5923222e-05
1078,1,-0.0023205823,2.3427115e-06,0.00071171636,-0.0029675767,-0.00043160105,8.85415e-06
1079,1,0.002906691,-0.0018725824,-0.00074485637,-0.00317679,0.0008849055,-4.352907e-05
1080,1,0.0016663456,0.0003741738,-0.00042189742,-0.005824622,0.0004889574,-3.210966e-05
1081,1,0.0008655047,-0.00092233345,-0.0001884385,-0.011351304,0.00033501463,-2.627041e-05
1082,1,-0.00012917712,0.00065056054,5.9351336e-05,-0.008846642,0.00019529663,-1.9215902e-05
1083,1,-0.00089800236,-0.00035927963,0.00028836326,-0.010856738,5.28072e-05,4.2733504e-06
1084,1,-0.0018166746,0.0011889058,0.0004936684,-0.00606337,-9.107867e-05,1.029569e-05
1085,1,-0.0023500118,4.72209e-05,0.00072702713,-0.003050441,-0.00053157983,6.667022e-06
1086,1,0.0027886478,-0.0017443747,-0.0007135146,-0.0033394857,0.00021211326,2.8759536e-05
1087,1,0.0015693876,0.00037717077,-0.00048880733,-0.0064546815,0.0002318652,-3.8734666e-05
1088,1,0.0007646903,-0.0008265982,-0.00018033007,-0.0117648505,0.00012213417,-2.0110489e-05
1089,1,-0.00022327356,0.0006560324,3.7146856e-05,-0.0095535265,6.822032e-05,1.48723275e-05
1090,1,-0.0009941453,-0.00024477695,0.00027701913,-0.011300251,6.912427e-05,-3.5262612e-05
1091,1,-0.001891854,0.0011499221,0.00051812804,-0.0066537913,-9.5436546e-05,2.3468652e-05
1092,1,-0.00243425,0.00016390963,0.0006468051,-0.003262929,-8.520204e-05,1.3046424e-06
1093,1,0.0031199213,-0.00016735234,-0.0009035529,-0.00250313,-0.00041570558,2.9587396e-05
1094,1,0.0020761124,-0.0011827167,-0.0005560022,-0.008748665,-6.082272e-05,-1.5017683e-06
1095,1,0.0008045378,0.00043815695,-0.00027810564,-0.00880461,-9.9296e-05,1.8941573e-05
1096,1,-0.00015197793,-0.0004837368,4.1761952e-05,-0.012559542,-3.5401423e-05,3.663349e-05
1097,1,-0.0013022324,0.001110638,0.00031355873,-0.008666798,4.4165066e-05,-1.8779481e-05
1098,1,-0.0020808254,-0.000113961,0.00057559554,-0.008490723,-2.41681e-05,2.6978876e-05
1099,1,-0.0031740335,0.0016710476,0.00090614805,-0.002478435,0.00037726987,-6.0462976e-06
1100,1,0.003205875,-0.00015806605,-0.00086157565,-0.0022148998,-0.00061384664,-1.137508e-07
1101,1,0.0021828688,-0.0012782677,-0.00056862034,-0.008378494,-0.0003791515,4.852146e-05
1102,1,0.00090880966,0.00042707528,-0.0002508607,-0.008106452,-0.0001801853,4.806613e-05
1103,1,-4.4024844e-05,-0.0005938344,3.5899586e-05,-0.012154433,-6.916226e-05,4.130088e-05
1104,1,-0.0012067232,0.0011338253,0.00031961504,-0.007986992,5.005289e-05,2.3098713e-05
1105,1,-0.0019720278,-0.0002604799,0.00059182395,-0.008109369,0.00025201557,2.443502e-06
1106,1,-0.003089735,0.0017481543,0.0008212199,-0.0022073542,0.00041851908,-3.02255e-06
1107,1,0.0032285058,-0.00019053469,-0.00082875893,-0.002133791,-0.00078106445,3.436732e-05
1108,1,0.002206207,-0.0013283992,-0.00049408124,-0.008139451,-0.00044656714,6.0293885e-05
1109,1,0.0009256826,0.00040567163,-0.00020045662,-0.007722109,-0.00023429126,5.6020905e-05
1110,1,-1.6393571e-05,-0.00064968294,8.5150175e-05,-0.0118472865,-4.088448e-05,5.258831e-05
1111,1,-0.0011869204,0.0011273535,0.00035916243,-0.0076067136,0.00012724714,2.3872195e-05
1112,1,-0.0019420439,-0.00031611475,0.00062118634,-0.00787692,0.0003124585,8.509092e-06
1113,1,-0.0030500726,0.0017483619,0.00088211463,-0.0021157735,0.00066469854,-8.697148e-06
1114,1,0.0032062759,-0.00022245619,-0.0007147158,-0.002069977,-0.0006150716,1.4109419e-05
1115,1,0.0021900262,-0.0013472632,-0.0004333414,-0.008000877,-0.0003989313,5.323328e-05
1116,1,0.00091757247,0.0003767659,-0.00014033749,-0.007567014,-0.00019489312,6.106077e-05
1117,1,-3.1751555e-05,-0.00066187937,0.0001425073,-0.0116205895,-2.163434e-05,4.89838e-05
1118,1,-0.0011954722,0.0010976997,0.0004101168,-0.007445691,0.00015717492,2.7601789e-05
1119,1,-0.0019479879,-0.00031817795,0.00066552724,-0.0077267196,0.00034086782,1.1096124e-05
1120,1,-0.0030622967,0.0017164382,0.000919282,-0.0020522412,0.00048457322,4.2166444e-06
1121,1,0.0031882643,-0.00024387377,-0.0006705681,-0.0020663328,-0.0004289189,1.870878e-05
1122,1,0.00217962,-0.0013633074,-0.00037695467,-0.007930822,-0.0002768512,4.2887717e-05
1123,1,0.00090269104,0.00036035554,-9.330049e-05,-0.0074806456,-0.00013693464,4.4130036e-05
1124,1,-4.3370783e-05,-0.0006676252,0.00018077248,-0.011516478,4.8084945e-07,4.114369e-05
1125,1,-0.0012097752,0.0010827446,0.0004491589,-0.007358326,0.00012146475,2.5128023e-05
1126,1,-0.0019642871,-0.0003217229,0.00070750405,-0.0076429313,0.00024590406,1.1756137e-05
1127,1,-0.0030549483,0.0016946514,0.0009487028,-0.0020409161,0.000406169,-2.158439e-06
1128,1,0.00317807,-0.0002585377,-0.0006163298,-0.0020417296,-0.0002143833,6.4784754e-06
1129,1,0.0021676803,-0.0013703117,-0.00034599035,-0.007893029,-0.00014003823,2.1004122e-05
1130,1,0.0008975295,0.00035125902,-6.85267e-05,-0.0074536176,-6.801885e-05,2.530627e-05
1131,1,-5.3730655e-05,-0.0006700486,0.00020726513,-0.011458135,-7.607176e-07,2.2306886e-05
1132,1,-0.0012170054,0.0010736771,0.0004715076,-0.0073264358,6.793804e-05,1.41266255e-05
1133,1,-0.0019694478,-0.00031998585,0.00072508515,-0.00760077,0.00013201375,8.927404e-06
1134,1,-0.0030744649,0.0016813886,0.00098173,-0.0020130556,0.00018220143,3.8503276e-06
1135,1,0.0031715187,-0.00026278122,-0.00061284844,-0.002053044,-1.5126768e-07,8.1029256e-08
1136,1,0.0021681567,-0.0013736343,-0.0003345399,-0.007887897,-7.212754e-08,-1.3043125e-07
1137,1,0.0008925844,0.00034851136,-5.7365418e-05,-0.007437308,-5.9377154e-08,2.5193717e-08
1138,1,-5.5336037e-05,-0.0006709078,0.00021318962,-0.0114493845,-8.24651e-09,-1.3693219e-07
1139,1,-0.0012210234,0.0010722433,0.0004797657,-0.0073105367,1.5236944e-08,1.1950792e-08
1140,1,-0.0019747203,-0.00032327007,0.0007373349,-0.0075918958,7.1886774e-08,-1.0542416e-07
1141,1,-0.0030599544,0.0016795197,0.00097428856,-0.002024442,1.4125952e-07,5.3949485e-08
1142,1,0.0031780466,-0.00025843948,-0.00061633805,-0.0020416973,0.00021415931,-6.423675e-06
1143,1,0.0021676787,-0.0013703826,-0.0003459859,-0.007893059,0.00013986803,-2.117702e-05
1144,1,0.0008975218,0.0003513187,-6.853168e-05,-0.007453469,6.791782e-05,-2.5322803e-05
1145,1,-5.3725136e-05,-0.00067009387,0.00020726513,-0.011458199,7.374509e-07,-2.251363e-05
1146,1,-0.0012169989,0.0010737156,0.00047150007,-0.007326277,-6.7895744e-05,-1.4151752e-05
1147,1,-0.0019694294,-0.00032002575,0.00072508166,-0.0076008183,-0.00013187167,-9.085648e-06
1148,1,-0.003074451,0.0016814135,0.0009817291,-0.002013018,-0.00018195389,-3.8118612e-06
1149,1,0.003188215,-0.00024369327,-0.0006705613,-0.0020662409,0.00042865312,-1.8729388e-05
1150,1,0.00217962,-0.0013634483,-0.0003769576,-0.007930897,0.00027670045,-4.2963093e-05
1151,1,0.0009026709,0.0003604762,-9.3299364e-05,-0.0074803513,0.00013685192,-4.4217584e-05
1152,1,-4.3357242e-05,-0.00066771766,0.00018076619,-0.011516593,-5.05862e-07,-4.12525e-05
1153,1,-0.0012097652,0.0010828209,0.00044915054,-0.0073580234,-0.000121405836,-2.5217807e-05
1154,1,-0.0019642513,-0.00032180184,0.0007074938,-0.0076430207,-0.00024576182,-1.1824793e-05
1155,1,-0.0030549215,0.001694704,0.000948695,-0.0020408425,-0.0004058805,2.147337e-06
1156,1,0.003206203,-0.00022218972,-0.00071472395,-0.0020698395,0.00061485945,-1.412201e-05
1157,1,0.0021900225,-0.0013474699,-0.00043333374,-0.008000998,0.00039879605,-5.3290907e-05
1158,1,0.0009175437,0.00037694164,-0.00014033707,-0.0075665666,0.00019481809,-6.113207e-05
1159,1,-3.173426e-05,-0.00066201854,0.00014250261,-0.011620774,2.1629317e-05,-4.9062033e-05
1160,1,-0.00119546,0.0010978149,0.0004101059,-0.0074452325,-0.00015710846,-2.7674716e-05
1161,1,-0.0019479393,-0.00031829916,0.00066551485,-0.007726864,-0.00034071459,-1.1143238e-05
1162,1,-0.0030622627,0.0017165242,0.0009192815,-0.002052124,-0.000484316,-4.248285e-06
1163,1,0.0032284076,-0.0001901552,-0.00082874234,-0.0021336034,0.00078087376,-3.4376644e-05
1164,1,0.0022062087,-0.0013287057,-0.00049407454,-0.008139627,0.00044645308,-6.0334387e-05
1165,1,0.00092564005,0.00040593074,-0.00020045222,-0.0077214865,0.00023424068,-5.6058023e-05
1166,1,-1.636863e-05,-0.00064989494,8.514763e-05,-0.011847563,4.0885814e-05,-5.2645664e-05
1167,1,-0.0011869136,0.0011275281,0.00035915285,-0.007606078,-0.0001271722,-2.3911896e-05
1168,1,-0.0019419853,-0.0003162947,0.0006211748,-0.007877129,-0.00031231556,-8.541036e-06
1169,1,-0.003050038,0.0017484954,0.0008820989,-0.0021156177,-0.00066442747,8.703195e-06
1170,1,0.003205755,-0.00015754778,-0.0008615821,-0.0022146637,0.0006136649,1.2031173e-07
1171,1,0.0021828823,-0.0012786895,-0.00056860654,-0.008378706,0.00037907562,-4.854605e-05
1172,1,0.0009087575,0.00042741737,-0.00025085354,-0.0081056785,0.00018014798,-4.807651e-05
1173,1,-4.3994456e-05,-0.000594107,3.589866e-05,-0.012154738,6.9164074e-05,-4.133304e-05
1174,1,-0.0012067187,0.0011340297,0.00031960948,-0.007986227,-4.9998802e-05,-2.3107765e-05
1175,1,-0.0019719703,-0.00026067244,0.00059181114,-0.008109595,-0.0002519042,-2.4568317e-06
1176,1,-0.0030897008,0.0017482849,0.00082122366,-0.0022071633,-0.0004183253,3.0079234e-06
1177,1,0.003119795,-0.00016678368,-0.00090350915,-0.0025028656,0.00041567298,-2.9587354e-05
1178,1,0.0020761392,-0.0011831884,-0.0005559965,-0.0087487865,6.0758975e-05,1.5130602e-06
1179,1,0.00080448494,0.0004385215,-0.00027810232,-0.008803789,9.929119e-05,-1.8940007e-05
1180,1,-0.00015194363,-0.00048401277,4.176706e-05,-0.0125597315,3.539702e-05,-3.66356e-05
1181,1,-0.0013022256,0.0011108126,0.00031354994,-0.008665998,-4.4145527e-05,1.8793731e-05
1182,1,-0.0020807805,-0.00011409326,0.00057559,-0.00849084,2.4222696e-05,-2.6982694e-05
1183,1,-0.003173992,0.0016711049,0.00090612,-0.0024782296,-0.00037720785,6.0693997e-06
1184,1,0.0038192805,-0.0015255684,-0.0010471642,-0.0034325756,-0.00014389976,-1.2980962e-05
1185,1,0.0023080995,-0.00011409841,-0.0006744452,-0.00666254,-0.00015414458,3.2147283e-05
1186,1,0.0010677171,-0.000753756,-0.0003019174,-0.011740774,1.0378505e-05,2.468923e-05
1187,1,-0.00027704908,0.00077857793,2.2894317e-05,-0.0093158875,3.5809235e-06,1.1466497e-05
1188,1,-0.0013201681,-0.00032858894,0.00037500964,-0.011609641,2.3553812e-05,4.4230368e-05
1189,1,-0.0026414578,0.001721299,0.0007029797,-0.0061696894,0.00019444391,-2.4996456e-05
1190,1,-0.0034833418,-6.867626e-05,0.00096128613,-0.0032075779,5.3209955e-05,5.840687e-06
1191,1,0.0039156456,-0.0016032853,-0.0010401662,-0.0032415453,-0.0006308605,3.5169043e-05
1192,1,0.0024050071,-0.00012843672,-0.0006523703,-0.0060329265,-0.00020837624,5.159831e-05
1193,1,0.0011768256,-0.0008536903,-0.00030041754,-0.011354032,-6.941603e-05,8.283956e-05
1194,1,-0.0001672932,0.0007738995,4.515489e-05,-0.008581703,7.672487e-05,6.187188e-05
1195,1,-0.0011993739,-0.0004791213,0.00036989228,-0.011265084,0.00018952244,4.8558788e-05
1196,1,-0.0025458606,0.001792944,0.0006944873,-0.005565463,0.00028520246,9.102932e-06
1197,1,-0.0033549767,-0.00026672147,0.0010228116,-0.0030481855,0.0007225838,-5.287771e-06
1198,1,0.003932921,-0.0016416236,-0.00095793407,-0.0031584154,-0.00054924475,3.4091587e-05
1199,1,0.0024280222,-0.00016245057,-0.0005967684,-0.0057662395,-0.00031203785,8.9976355e-05
1200,1,0.0012038758,-0.0009086487,-0.00024118912,-0.011066431,-6.234637e-05,0.00011107309
1201,1,-0.0001528022,0.0007566621,0.00010049544,-0.008184943,0.000112856294,9.5235184e-05
1202,1,-0.0011733603,-0.00054564426,0.0004256788,-0.010976312,0.00029292802,6.30909e-05
1203,1,-0.0025240642,0.0017970295,0.0007334294,-0.0052905213,0.00049939554,2.3742603e-05
1204,1,-0.003322543,-0.0003302609,0.0010418574,-0.0029548937,0.00063944445,1.5230562e-05
1205,1,0.003919058,-0.0016727565,-0.00088442734,-0.003118156,-0.000504164,4.607727e-05
1206,1,0.0024176014,-0.00019401235,-0.00052106,-0.005661451,-0.0002623372,9.42324e-05
1207,1,0.0011895105,-0.0009284336,-0.00017359773,-0.01087948,-7.113564e-05,0.00011516523
1208,1,-0.00016476141,0.0007259422,0.00016037848,-0.00803165,0.00011897059,0.00010098886
1209,1,-0.0011961261,-0.0005494774,0.0004849858,-0.010773765,0.00028576315,7.847946e-05
1210,1,-0.002539504,0.0017581064,0.0007981097,-0.0051695188,0.00044935968,3.6149384e-05
1211,1,-0.003319141,-0.00033182444,0.0010875202,-0.0029097914,0.0007000868,4.68284e-06
1212,1,0.0038940762,-0.0016971976,-0.000791912,-0.0030843697,-0.00032386425,2.8917708e-05
1213,1,0.0024025263,-0.00021269036,-0.00046446908,-0.005615433,-0.00019073348,7.3566895e-05
1214,1,0.0011778374,-0.00094078144,-0.00012652203,-0.0107996175,-4.8426704e-05,9.5033414e-05
1215,1,-0.0001825949,0.00070973916,0.00020940346,-0.007953442,8.298305e-05,8.583144e-05
1216,1,-0.0012115095,-0.0005536997,0.000528073,-0.010682368,0.00021521651,6.5468856e-05
1217,1,-0.0025531014,0.0017408131,0.0008331178,-0.0051107733,0.00033543818,4.0605722e-05
1218,1,-0.0033438702,-0.00032976537,0.0011404699,-0.0028566418,0.00042948086,2.049678e-05
1219,1,0.0038822014,-0.0017109397,-0.000755359,-0.0030856477,-0.00016622918,1.874032e-05
1220,1,0.002394032,-0.00022653812,-0.00042579605,-0.0056022736,-9.572714e-05,4.16906e-05
1221,1,0.0011675004,-0.0009462348,-9.413365e-05,-0.010757016,-2.536381e-05,5.2126623e-05
1222,1,-0.00018979667,0.0007010654,0.00023314831,-0.007932407,4.5593533e-05,4.8257585e-05
1223,1,-0.0012247324,-0.0005530558,0.0005544196,-0.0106309615,0.000109981294,4.0118808e-05
1224,1,-0.0025612381,0.0017264987,0.0008620866,-0.0050892346,0.0001713143,2.2850178e-05
1225,1,-0.0033328438,-0.00032804382,0.0011392755,-0.0028612043,0.00024215916,6.290144e-06
1226,1,0.0038748658,-0.0017165472,-0.0007268276,-0.0030722125,-8.530709e-08,-1.4876967e-07
1227,1,0.002389904,-0.00022937314,-0.0004143735,-0.005594596,-9.124098e-08,6.112042e-08
1228,1,0.0011657707,-0.0009487068,-8.598686e-05,-0.010753598,-2.9130318e-08,-1.7690557e-07
1229,1,-0.00019502912,0.00069906405,0.00024481022,-0.007918457,-3.7472432e-08,1.781631e-08
1230,1,-0.0012258026,-0.0005547669,0.0005616238,-0.010626368,1.9877586e-08,-1.5173627e-07
1231,1,-0.00256361,0.0017263055,0.000864562,-0.005076407,4.162061e-08,2.9954744e-08
1232,1,-0.0033478222,-0.00032915376,0.0011622686,-0.0028355494,9.908677e-08,-9.9871095e-08
1233,1,0.0038821932,-0.0017110045,-0.0007553535,-0.0030856354,0.00016599093,-1.8883853e-05
1234,1,0.002394019,-0.00022647301,-0.0004258076,-0.005602171,9.55901e-05,-4.1681255e-05
1235,1,0.0011674996,-0.0009462785,-9.413173e-05,-0.010757062,2.528319e-05,-5.2377665e-05
1236,1,-0.00018979557,0.000701113,0.00023313562,-0.00793223,-4.5642737e-05,-4.829529e-05
1237,1,-0.0012247192,-0.00055309647,0.00055441406,-0.010631017,-0.00010995397,-4.034688e-05
1238,1,-0.0025612235,0.0017265447,0.0008620746,-0.005089102,-0.00017121746,-2.2846887e-05
1239,1,-0.0033328177,-0.00032810055,0.0011392701,-0.0028612255,-0.00024192514,-6.400747e-06
1240,1,0.003894063,-0.0016973099,-0.0007919352,-0.0030843914,0.00032368553,-2.8948938e-05
1241,1,0.0024024919,-0.00021256034,-0.00046446593,-0.005615214,0.0001906053,-7.365917e-05
1242,1,0.0011778413,-0.0009408742,-0.00012653244,-0.0107997,4.8345642e-05,-9.5155316e-05
1243,1,-0.00018259797,0.00070983457,0.00020939199,-0.007953113,-8.300537e-05,-8.5953405e-05
1244,1,-0.0012114819,-0.00055377913,0.0005280545,-0.01068246,-0.0002151872,-6.557816e-05
1245,1,-0.0025530753,0.0017409015,0.00083310093,-0.005110527,-0.00033531964,-4.0683746e-05
1246,1,-0.003343819,-0.00032987745,0.0011404646,-0.0028566786,-0.00042927993,-2.0537576e-05
1247,1,0.0039190315,-0.0016729253,-0.00088441576,-0.003118179,0.0005039883,-4.6112236e-05
1248,1,0.0024175528,-0.00019382563,-0.00052106736,-0.0056611164,0.0002622215,-9.429598e-05
1249,1,0.0011895128,-0.0009285698,-0.00017360372,-0.010879616,7.108132e-05,-0.00011525863
1250,1,-0.00016476588,0.0007260803,0.00016036311,-0.008031151,-0.00011898188,-0.00010108271
1251,1,-0.00119609,-0.00054959836,0.00048496397,-0.010773922,-0.0002857107,-7.8556885e-05
1252,1,-0.00253947,0.0017582431,0.00079808687,-0.0051691444,-0.00044922633,-3.6208075e-05
1253,1,-0.0033190688,-0.00033199682,0.0010874993,-0.0029098594,-0.00069983804,-4.684978e-06
1254,1,0.0039328947,-0.0016418762,-0.0009579512,-0.0031584592,0.0005490809,-3.4107623e-05
1255,1,0.0024279538,-0.00016217843,-0.00059676083,-0.0057657794,0.00031195028,-9.001373e-05
1256,1,0.0012038825,-0.0009088604,-0.00024119396,-0.0110666435,6.23059e-05,-0.00011113882
1257,1,-0.00015281557,0.0007568701,0.00010048132,-0.00818425,-0.0001128455,-9.5288124e-05
1258,1,-0.0011733158,-0.00054583495,0.00042565897,-0.010976561,-0.0002928674,-6.314186e-05
1259,1,-0.0025240362,0.001797238,0.0007334053,-0.005290016,-0.00049924594,-2.3769153e-05
1260,1,-0.0033224595,-0.0003305098,0.0010418558,-0.0029549845,-0.0006392305,-1.5261501e-05
1261,1,0.0039156238,-0.0016036571,-0.0010401326,-0.0032415935,0.0006307522,-3.5179757e-05
1262,1,0.0024049222,-0.00012806429,-0.00065236876,-0.0060323635,0.00020829937,-5.160564e-05
1263,1,0.0011768397,-0.0008539821,-0.00030041754,-0.011354264,6.939023e-05,-8.287425e-05
1264,1,-0.00016731507,0.00077416294,4.5146957e-05,-0.008580884,-7.6711556e-05,-6.1889696e-05
1265,1,-0.0011993296,-0.00047934926,0.00036987575,-0.011265338,-0.0001894713,-4.858628e-05
1266,1,-0.0025458375,0.0017931674,0.0006944743,-0.005564884,-0.00028509684,-9.101709e-06
1267,1,-0.0033548935,-0.00026697206,0.0010227798,-0.0030482856,-0.0007223872,5.3052504e-06
1268,1,0.0038192782,-0.0015259961,-0.001047184,-0.0034325786,0.0001437976,1.2987548e-05
1269,1,0.0023080134,-0.000113690636,-0.0006744261,-0.0066619436,0.00015413637,-3.2150136e-05
1270,1,0.0010677422,-0.00075407437,-0.0003019156,-0.011740885,-1.0407012e-05,-2.468473e-05
1271,1,-0.00027707015,0.00077883573,2.2884578e-05,-0.00931506,-3.567995e-06,-1.1462443e-05
1272,1,-0.0013201279,-0.00032877908,0.0003750032,-0.011609747,-2.3536333e-05,-4.4234064e-05
1273,1,-0.0026414292,0.0017214514,0.0007029573,-0.0061691185,-0.00019440947,2.5017256e-05
1274,1,-0.0034832817,-6.882819e-05,0.00096129783,-0.0032076195,-5.3107415e-05,-5.862306e-06
1275,1,0.0043178396,-0.00097260857,-0.0011984822,-0.0026877054,-0.00033605983,2.3740666e-05
1276,1,0.0027306282,-0.0010657862,-0.00076424395,-0.008901198,3.5670986e-05,1.7021594e-05
1277,1,0.0011499973,0.00017805521,-0.00034385658,-0.008665655,-1.8680419e-05,5.45425e-05
1278,1,-0.00015490617,-0.0005366721,6.479788e-05,-0.012677483,0.000109548484,4.5345052e-05
1279,1,-0.0016538381,0.0013633124,0.00041608475,-0.008232627,0.00013423775,-9.990482e-06
1280,1,-0.0027453802,-0.0003664157,0.00080800505,-0.008636141,4.228442e-05,4.1487325e-05
1281,1,-0.0043211174,0.0026028263,0.0012132035,-0.0021723323,0.0005107193,-2.6290005e-05
1282,1,0.0044016126,-0.0010033186,-0.0011868633,-0.0023773976,-0.00039494026,3.178876e-05
1283,1,0.002825998,-0.0011484153,-0.00072980695,-0.008495665,-0.00013221957,0.000108497254
1284,1,0.0012584785,0.00014994197,-0.00031703178,-0.007944801,0.00010425791,0.00011730971
1285,1,-4.0437397e-05,-0.0006694898,7.772814e-05,-0.0123182,0.00023236914,0.00012456712
1286,1,-0.0015386349,0.0013817863,0.00046125764,-0.0074927057,0.00036272334,5.4864417e-05
1287,1,-0.002601929,-0.000590809,0.0008084419,-0.008377184,0.00052594196,1.7448645e-05
1288,1,-0.004217702,0.0027464558,0.0011703065,-0.0018893048,0.0005820606,9.655002e-07
1289,1,0.0044190763,-0.0010541533,-0.0010972952,-0.0022987514,-0.00046329215,6.282477e-05
1290,1,0.00284293,-0.0011923981,-0.0006590895,-0.008293435,-0.00013394289,0.00015315783
1291,1,0.0012697815,0.000115351904,-0.00024113333,-0.0075836224,9.62345e-05,0.00018028311
1292,1,-2.7126309e-05,-0.0007340482,0.00015103696,-0.012057939,0.00031604627,0.0001673402
1293,1,-0.0015455692,0.0013780725,0.00052890956,-0.007121134,0.0004939208,0.000117074735
1294,1,-0.0025908146,-0.00067097787,0.0008972127,-0.008148193,0.00067130075,4.8470116e-05
1295,1,-0.0041853827,0.0027495264,0.0012290225,-0.0018101415,0.0009918612,-1.0721967e-05
1296,1,0.0043944507,-0.0010894274,-0.0009858778,-0.002258006,-0.00032728232,5.970884e-05
1297,1,0.002833089,-0.0012209568,-0.0005788358,-0.008189345,-0.00014261542,0.00016115303
1298,1,0.0012560752,8.538742e-05,-0.00017226407,-0.0074776504,6.805767e-05,0.00019175274
1299,1,-5.2855354e-05,-0.0007491625,0.0002264331,-0.011865322,0.00026278308,0.000186106
1300,1,-0.0015700535,0.001343616,0.00060209446,-0.007014269,0.0004506438,0.00013116337
1301,1,-0.0026251224,-0.0006610291,0.0009560495,-0.008002101,0.00061965664,8.45545e-05
1302,1,-0.0042186775,0.0026994618,0.0013297225,-0.001735833,0.00073777244,3.3476354e-05
1303,1,0.0043755155,-0.0011177189,-0.00090279325,-0.0022620733,-0.00023534583,5.2254265e-05
1304,1,0.002816861,-0.0012420245,-0.00051191205,-0.008150431,-9.8931196e-05,0.00013116162
1305,1,0.001240996,6.859229e-05,-0.00011617809,-0.0074352156,4.1368825e-05,0.00015647191
1306,1,-6.810446e-05,-0.00075575145,0.00027126755,-0.011801936,0.00018319716,0.00015401936
1307,1,-0.001595013,0.001327881,0.0006510569,-0.0069594113,0.00031272776,0.00012242811
1308,1,-0.0026436986,-0.0006620475,0.0010101334,-0.007936508,0.00043472488,7.619872e-05
1309,1,-0.004208415,0.002674232,0.0013320373,-0.0017494215,0.00055623776,1.7597455e-05
1310,1,0.004352817,-0.0011368546,-0.0008305509,-0.0022523801,-0.00010928667,2.6551186e-05
1311,1,0.002807903,-0.0012525836,-0.00047081473,-0.008139486,-5.1131898e-05,7.126671e-05
1312,1,0.0012314442,5.8901536e-05,-8.543452e-05,-0.0074345223,2.0349455e-05,8.853213e-05
1313,1,-8.04892e-05,-0.00075887115,0.00030303057,-0.011768839,9.413993e-05,8.808862e-05
1314,1,-0.0016025092,0.0013185963,0.0006756101,-0.0069597634,0.00016350298,6.9547474e-05
1315,1,-0.002657291,-0.0006560061,0.0010279083,-0.007900367,0.0002213279,4.9735012e-05
1316,1,-0.0042207735,0.0026575304,0.001369792,-0.0017119395,0.00026281519,1.930694e-05
1317,1,0.0043529337,-0.0011432939,-0.0008205357,-0.0022629073,-1.1505828e-07,1.4485028e-07
1318,1,0.0028029315,-0.00125774,-0.0004546478,-0.008140004,-3.039734e-08,-2.2748776e-07
1319,1,0.0012280587,5.6241857e-05,-7.2511204e-05,-0.007430322,-7.496357e-08,4.111024e-08
1320,1,-8.310398e-05,-0.00075997104,0.00031007736,-0.011771286,-4.373051e-09,-2.1689064e-07
1321,1,-0.0016105372,0.0013169298,0.0006865166,-0.0069484664,-3.9224084e-08,1.501052e-08
1322,1,-0.0026574256,-0.0006586108,0.0010394593,-0.007901196,3.125404e-08,-1.4941482e-07
1323,1,-0.0042092986,0.0026570393,0.0013519846,-0.0017386411,8.719319e-08,7.494408e-08
1324,1,0.0043527964,-0.0011367861,-0.00083057844,-0.0022523664,0.00010914992,-2.6481193e-05
1325,1,0.0028078952,-0.0012526218,-0.00047080714,-0.008139492,5.101774e-05,-7.154898e-05
1326,1,0.0012314421,5.895169e-05,-8.545535e-05,-0.007434379,-2.0447727e-05,-8.857225e-05
1327,1,-8.0488826e-05,-0.0007588948,0.00030302574,-0.01176889,-9.4178926e-05,-8.8407694e-05
1328,1,-0.0016024974,0.0013186507,0.0006755864,-0.0069595505,-0.00016354394,-6.959493e-05
1329,1,-0.0026572624,-0.00065606687,0.0010278968,-0.007900415,-0.00022127754,-4.995111e-05
1330,1,-0.004220757,0.0026576004,0.001369783,-0.0017118771,-0.00026266664,-1.9259942e-05
1331,1,0.0043754615,-0.0011176055,-0.00090278056,-0.002261971,0.00023518947,-5.2319752e-05
1332,1,0.0028168552,-0.0012421054,-0.0005119342,-0.008150458,9.8827375e-05,-0.00013127203
1333,1,0.0012409808,6.869707e-05,-0.000116188974,-0.007434952,-4.142961e-05,-0.00015663146
1334,1,-6.8098314e-05,-0.00075580075,0.00027124083,-0.011802002,-0.00018324303,-0.00015417796
1335,1,-0.001594995,0.0013279818,0.000651027,-0.00695903,-0.00031272965,-0.00012257157
1336,1,-0.002643641,-0.00066216016,0.0010101009,-0.007936583,-0.0004346665,-7.628154e-05
1337,1,-0.0042083836,0.002674366,0.0013320151,-0.0017493104,-0.000556035,-1.7617926e-05
1338,1,0.0043943785,-0.0010892594,-0.0009859144,-0.002257877,0.0003271391,-5.9733225e-05
1339,1,0.0028330723,-0.0012210747,-0.00057883625,-0.008189392,0.0001425458,-0.00016125408
1340,1,0.0012560551,8.553473e-05,-0.00017228443,-0.007477247,-6.811335e-05,-0.00019186578
1341,1,-5.2849973e-05,-0.0007492357,0.00022640212,-0.011865444,-0.0002627937,-0.00018622781
1342,1,-0.0015700278,0.001343762,0.000602054,-0.0070136967,-0.00045061827,-0.00013126538
1343,1,-0.0026250456,-0.00066120265,0.0009560089,-0.008002246,-0.0006195574,-8.460914e-05
1344,1,-0.004218637,0.0026996739,0.001329704,-0.0017356552,-0.0007375799,-3.3520057e-05
1345,1,0.004418972,-0.0010539177,-0.0010972741,-0.0022985614,0.00046319832,-6.2851184e-05
1346,1,0.0028429134,-0.0011925813,-0.0006591019,-0.008293525,0.00013387608,-0.00015322027
1347,1,0.0012697498,0.00011557008,-0.00024114863,-0.0075830566,-9.625699e-05,-0.00018035114
1348,1,-2.7117938e-05,-0.0007341843,0.0001510072,-0.012058153,-0.00031603363,-0.00016741907
1349,1,-0.0015455509,0.0013782955,0.0005288687,-0.0071203657,-0.00049385574,-0.000117129755
1350,1,-0.0025907238,-0.0006712433,0.00089717493,-0.008148422,-0.0006711808,-4.8503494e-05
1351,1,-0.004185351,0.0027498421,0.0012289803,-0.0018099191,-0.000991605,1.0740262e-05
1352,1,0.004401488,-0.0010029791,-0.0011868823,-0.0023771792,0.00039482058,-3.1790365e-05
1353,1,0.0028259866,-0.0011486877,-0.0007297965,-0.008495763,0.00013218982,-0.00010852685
1354,1,0.0012584317,0.00015023579,-0.00031704418,-0.007944126,-0.000104265884,-0.00011734274
1355,1,-4.0427312e-05,-0.0006696848,7.7706885e-05,-0.012318417,-0.00023234992,-0.00012460761
1356,1,-0.0015386284,0.0013820484,0.00046122895,-0.007491852,-0.00036266062,-5.4873122e-05
1357,1,-0.002601846,-0.00059109344,0.0008084053,-0.008377407,-0.00052582077,-1.7463288e-05
1358,1,-0.0042176843,0.002746778,0.001170313,-0.0018890593,-0.00058188726,-9.875355e-07
1359,1,0.0043177083,-0.0009722261,-0.0011984258,-0.0026874735,0.00033604115,-2.3742841e-05
1360,1,0.0027306345,-0.0010661033,-0.00076425227,-0.008901191,-3.571e-05,-1.701208e-05
1361,1,0.0011499494,0.0001783654,-0.0003438606,-0.008664989,1.8691286e-05,-5.4551172e-05
1362,1,-0.00015489102,-0.0005368605,6.478371e-05,-0.012677537,-0.000109553635,-4.5345e-05
1363,1,-0.0016538302,0.0013635291,0.00041605646,-0.008231829,-0.00013419926,1.000469e-05
1364,1,-0.0027453133,-0.00036660885,0.0008079944,-0.008636203,-4.2232816e-05,-4.149582e-05
1365,1,-0.004321085,0.002603024,0.0012131559,-0.0021721132,-0.00051066134,2.6328331e-05
1366,1,0.004946666,-0.0014007828,-0.0013931695,-0.003577872,-7.066824e-05,1.4296703e-05
1367,1,0.0030327414,-0.0006700875,-0.0008089549,-0.0067642704,-2.8601873e-05,7.869139e-05
1368,1,0.0013658531,-0.00078356225,-0.00034984676,-0.011497192,0.00016981702,5.3511703e-05
1369,1,-0.00017797934,0.0005377195,9.123255e-05,-0.008885918,0.00013865107,7.3917e-05
1370,1,-0.0016176584,-0.0005602891,0.0005514045,-0.012083699,0.00024064608,6.1018538e-05
1371,1,-0.0033924894,0.0023324052,0.00091339374,-0.0055954843,0.0003682021,-6.9339556e-05
1372,1,-0.0044241957,-0.00057956827,0.0012806715,-0.003309347,5.3128446e-05,1.95417e-05
1373,1,0.0050138705,-0.0014508803,-0.0013025814,-0.003360843,-0.00036997886,7.447113e-05
1374,1,0.0031194955,-0.0007099356,-0.0007861329,-0.006100749,6.306384e-05,0.0001693993
1375,1,0.0014565331,-0.0008924997,-0.00028959828,-0.011078313,0.00027651864,0.00022913501
1376,1,-6.450472e-05,0.00049424864,0.0001542147,-0.008100438,0.00048643403,0.00017536707
1377,1,-0.0014967049,-0.00076233613,0.00057440717,-0.011822171,0.0006278363,0.00014014398
1378,1,-0.0032779085,0.0024192363,0.0010060787,-0.0048862137,0.00072796526,-1.4397388e-06
1379,1,-0.00423649,-0.0009380071,0.001351334,-0.0032404182,0.0011174027,-3.606958e-05
1380,1,0.005012179,-0.0014862277,-0.001208937,-0.0033043758,-0.0002491869,0.00010523775
1381,1,0.003128114,-0.0007597681,-0.00068553095,-0.005874668,-8.116758e-06,0.00025645006
1382,1,0.001451939,-0.0009436179,-0.00020449836,-0.010854797,0.000291626,0.00031155298
1383,1,-9.065424e-05,0.00046568923,0.0002630559,-0.0077390485,0.00053836347,0.00028698306
1384,1,-0.0015181781,-0.0008453824,0.0006915571,-0.011601852,0.00077049417,0.00019219301
1385,1,-0.003319274,0.002440252,0.0010823968,-0.0046213996,0.000963487,9.755119e-05
1386,1,-0.0042600795,-0.0010407353,0.0015315214,-0.0031052108,0.0010887218,4.5739056e-05
1387,1,0.0049960613,-0.0015386405,-0.0010741327,-0.0032866038,-0.00021713645,0.00010946228
1388,1,0.0031115424,-0.0007921809,-0.0005992295,-0.0058397986,-9.597511e-06,0.00026027305
1389,1,0.0014362539,-0.0009664684,-0.0001241046,-0.010745052,0.00020379179,0.0003276013
1390,1,-0.000118452605,0.00044020143,0.0003336596,-0.007677127,0.0004224347,0.00030066632
1391,1,-0.0015694386,-0.00084497174,0.0007741004,-0.011443489,0.00062930293,0.0002492059
1392,1,-0.0033604025,0.0023881628,0.0011920374,-0.0045661554,0.0008116917,0.00013346126
1393,1,-0.004284451,-0.0010209195,0.0015575106,-0.0030938222,0.0009802032,3.417199e-05
1394,1,0.0049617365,-0.0015792701,-0.0009538986,-0.0032834257,-0.00012272895,8.2756604e-05
1395,1,0.003098741,-0.00081415934,-0.0005251666,-0.005850077,-1.6799517e-05,0.00020762473
1396,1,0.0014202147,-0.0009807196,-7.103374e-05,-0.010730884,0.00013460887,0.00026268195
1397,1,-0.00013717129,0.00042614422,0.00038450406,-0.0076685715,0.00028884606,0.0002547052
1398,1,-0.0015870077,-0.00084482256,0.0008175674,-0.011423915,0.0004308543,0.00020983235
1399,1,-0.0033906363,0.0023733045,0.0012258774,-0.004550544,0.0005391246,0.00014101742
1400,1,-0.004298957,-0.0010094186,0.0016237561,-0.0030234344,0.00062270876,5.862981e-05
1401,1,0.0049533797,-0.0016041304,-0.00088910817,-0.0032963064,-6.271551e-05,4.723974e-05
1402,1,0.0030844533,-0.00083099003,-0.00047528115,-0.0058729765,-7.250276e-06,0.00011465305
1403,1,0.0014112683,-0.0009873513,-3.515939e-05,-0.010735277,6.668518e-05,0.00014572096
1404,1,-0.00014945128,0.00041746517,0.0004118673,-0.0076977503,0.0001437864,0.0001423115
1405,1,-0.00160513,-0.0008434464,0.00084448064,-0.011410025,0.00021957548,0.0001245541
1406,1,-0.003390922,0.0023602406,0.0012473734,-0.0045750295,0.00028133183,8.2232196e-05
1407,1,-0.0042953696,-0.0009954578,0.0015996967,-0.003054924,0.00031380804,2.9521467e-05
1408,1,0.0049376325,-0.0016135807,-0.0008516004,-0.0032941024,-8.403755e-09,-2.840011e-07
1409,1,0.0030839231,-0.0008342878,-0.0004608423,-0.0058803903,-9.107708e-08,1.0863981e-07
1410,1,0.0014066192,-0.0009912453,-2.4241344e-05,-0.010745572,4.568077e-09,-3.0738485e-07
1411,1,-0.0001522738,0.00041573448,0.00042170176,-0.0077000596,-9.872068e-08,1.48567985e-08
1412,1,-0.0016059817,-0.0008449525,0.0008516906,-0.01142759,-8.554095e-09,-2.407115e-07
1413,1,-0.003406328,0.0023593807,0.0012539338,-0.004570432,-5.567476e-08,2.2369434e-08
1414,1,-0.0042962944,-0.0009936356,0.0016146075,-0.0030190798,3.505228e-08,-1.339655e-07
1415,1,0.0049533574,-0.0016041596,-0.0008890872,-0.00329626,6.259078e-05,-4.747091e-05
1416,1,0.0030844496,-0.00083093904,-0.0004753168,-0.0058728997,7.170864e-06,-0.00011466687
1417,1,0.0014112585,-0.0009873597,-3.5155666e-05,-0.01073531,-6.6746165e-05,-0.00014614417
1418,1,-0.00014944526,0.00041752393,0.0004118283,-0.0076975543,-0.00014391285,-0.00014240593
1419,1,-0.0016051226,-0.00084346137,0.00084446225,-0.011410062,-0.00021963134,-0.00012491293
1420,1,-0.0033908936,0.0023603258,0.0012473377,-0.004574782,-0.0002813917,-8.226923e-05
1421,1,-0.0042953272,-0.0009955697,0.0015996818,-0.0030549532,-0.00031371487,-2.9662926e-05
1422,1,0.0049617076,-0.0015793008,-0.0009539558,-0.0032834474,0.00012265216,-8.278377e-05
1423,1,0.0030987104,-0.0008140523,-0.00052516395,-0.0058499053,1.6757898e-05,-0.00020781936
1424,1,0.0014202095,-0.0009807468,-7.106992e-05,-0.010730904,-0.00013469157,-0.00026288323
1425,1,-0.00013716886,0.0004262523,0.00038446442,-0.0076682516,-0.0002889036,-0.00025492514
1426,1,-0.0015869898,-0.0008448419,0.00081751164,-0.011423941,-0.00043090785,-0.000210006
1427,1,-0.0033905867,0.0023734556,0.0012258267,-0.004550105,-0.0005391379,-0.0001411564
1428,1,-0.0042988714,-0.0010096254,0.0016237224,-0.0030234705,-0.00062263367,-5.8675458e-05
1429,1,0.0049959966,-0.0015386966,-0.0010741119,-0.0032865957,0.00021710561,-0.00010953429
1430,1,0.0031115038,-0.00079202914,-0.00059925945,-0.005839538,9.538243e-06,-0.0002603886
1431,1,0.0014362395,-0.0009665088,-0.00012413572,-0.010745095,-0.0002038231,-0.0003277717
1432,1,-0.00011844602,0.00044034494,0.0003336055,-0.0076766475,-0.0004224748,-0.0003008134
1433,1,-0.0015694196,-0.0008450027,0.00077402976,-0.011443581,-0.00062930404,-0.00024933243
1434,1,-0.003360329,0.0023883916,0.0011919613,-0.004565491,-0.0008116461,-0.0001335525
1435,1,-0.0042843283,-0.0010212442,0.0015574509,-0.0030939158,-0.000980036,-3.416504e-05
1436,1,0.0050121085,-0.0014863192,-0.0012089745,-0.0033043956,0.00024910097,-0.00010525943
1437,1,0.003128057,-0.00075955654,-0.0006855337,-0.005874297,8.103481e-06,-0.00025652657
1438,1,0.0014519236,-0.00094370777,-0.00020453619,-0.010854908,-0.0002916387,-0.00031165857
1439,1,-9.065187e-05,0.00046590524,0.00026299682,-0.007738387,-0.00053835235,-0.0002870717
1440,1,-0.0015181542,-0.0008454788,0.0006914831,-0.011602054,-0.000770439,-0.00019226258
1441,1,-0.0033192104,0.0024405923,0.0010823194,-0.0046205516,-0.0009633461,-9.758447e-05
1442,1,-0.004259939,-0.0010412015,0.0015314856,-0.0031053382,-0.0010885379,-4.5781115e-05
1443,1,0.0050137914,-0.0014510639,-0.001302546,-0.0033608617,0.00036996987,-7.449025e-05
1444,1,0.0031194212,-0.00070963975,-0.00078614993,-0.00610031,-6.308432e-05,-0.00016943007
1445,1,0.0014565213,-0.000892655,-0.00028962537,-0.011078445,-0.00027649748,-0.00022917964
1446,1,-6.4524924e-05,0.00049453403,0.00015416431,-0.008099685,-0.00048637757,-0.0001754119
1447,1,-0.0014966883,-0.00076248136,0.0005743512,-0.011822349,-0.00062775734,-0.0001401784
1448,1,-0.0032778655,0.0024196003,0.0010060313,-0.0048853434,-0.00072783686,1.4524481e-06
1449,1,-0.0042363657,-0.00093847234,0.0013512596,-0.0032405462,-0.0011171588,3.6102876e-05
1450,1,0.0049466076,-0.0014010305,-0.0013931895,-0.0035778477,7.061224e-05,-1.428858e-05
1451,1,0.0030326627,-0.0006697545,-0.00080894347,-0.0067638443,2.8612982e-05,-7.870266e-05
1452,1,0.0013658496,-0.000783738,-0.00034987435,-0.0114971865,-0.00016981646,-5.3506195e-05
1453,1,-0.00017800894,0.0005379987,9.119786e-05,-0.008885229,-0.00013860289,-7.3929645e-05
1454,1,-0.001617646,-0.00056038285,0.000551369,-0.012083656,-0.00024062904,-6.1021445e-05
1455,1,-0.003392442,0.0023326532,0.0009133359,-0.005594737,-0.0003681331,6.9376554e-05
1456,1,-0.0044241105,-0.00057986734,0.0012806911,-0.0033093768,-5.3004165e-05,-1.9584691e-05
1457,1,0.0056012957,-0.0018381382,-0.0014650377,-0.0027350753,-0.00019931632,4.2583695e-05
1458,1,0.0033434024,-0.0011624527,-0.00087753346,-0.00845748,0.00015753233,8.809456e-05
1459,1,0.0015932693,-0.0004895883,-0.00027096074,-0.008160906,0.0002035876,0.00019178481
1460,1,-5.1675284e-05,-0.00085785857,0.00021251837,-0.01240204,0.00044583794,8.2601575e-05
1461,1,-0.0017698536,0.0010977597,0.0006258871,-0.007901614,0.00037774775,3.7219736e-05
1462,1,-0.0034208335,-0.00091637124,0.0011801183,-0.009805303,0.0003610511,6.8080044e-05
1463,1,-0.0054068193,0.003819281,0.0015143487,-0.0018342524,0.00089966104,-0.000116422394
1464,1,0.0056598433,-0.0019034544,-0.0014594992,-0.0024204259,-0.00016790236,0.000121876765
1465,1,0.0033939856,-0.0012292668,-0.0007791963,-0.008001181,0.0001740481,0.0003263581
1466,1,0.0016610499,-0.0005417734,-0.00021407481,-0.007434026,0.0005187441,0.00039125595
1467,1,-1.800544e-06,-0.0010110536,0.00032466947,-0.011988181,0.0008259653,0.00036816942
1468,1,-0.0016650583,0.0010376053,0.0007940715,-0.0070177107,0.0010629896,0.00016690203
1469,1,-0.0032793044,-0.0012545359,0.0011795354,-0.009708968,0.0011935371,5.7268775e-05
1470,1,-0.0053110714,0.0040394235,0.0017077853,-0.0014133849,0.0012119601,-2.2989166e-06
1471,1,0.005658168,-0.001990674,-0.0012780459,-0.0023815457,-0.00014412696,0.00017220873
1472,1,0.0033842344,-0.0012735102,-0.000688087,-0.007899074,0.00014380884,0.00042707802
1473,1,0.001638142,-0.00058372325,-0.00010627623,-0.0071894852,0.00044382762,0.0005274945
1474,1,-5.9062626e-05,-0.0010607514,0.0004334336,-0.011852031,0.00077172753,0.0005080958
1475,1,-0.0017732297,0.0010356506,0.0009458233,-0.006677662,0.0010944448,0.00037301367
1476,1,-0.0033648682,-0.0013736333,0.001414691,-0.009515002,0.0013668647,0.00015574066
1477,1,-0.0053741136,0.004057107,0.0017879534,-0.0013836011,0.0015536958,3.4138097e-06
1478,1,0.0056199394,-0.0020429443,-0.0011211643,-0.0023821164,-7.2115e-05,0.0001645419
1479,1,0.003376634,-0.0013141963,-0.000585649,-0.007896622,8.751189e-05,0.0004206032
1480,1,0.0016168121,-0.0006151527,-4.002895e-05,-0.0071954713,0.00032073195,0.000519248
1481,1,-7.8276644e-05,-0.0010835947,0.00050006545,-0.0118014105,0.0005785612,0.00052917877
1482,1,-0.001817918,0.0010228859,0.0010100019,-0.006756165,0.0008078344,0.00041527464
1483,1,-0.0034528128,-0.0013355345,0.0014826485,-0.009404301,0.0009930377,0.00028173416
1484,1,-0.005428601,0.003971392,0.0019789776,-0.0013062131,0.0011373989,0.000100453355
1485,1,0.0056055402,-0.0020876145,-0.0009889697,-0.0024119632,-4.5961522e-05,0.00013071996
1486,1,0.0033577543,-0.0013474409,-0.00050399586,-0.007938037,5.842248e-05,0.0003268256
1487,1,0.0016031427,-0.0006372082,1.5754542e-05,-0.0072440812,0.000210603,0.0004098377
1488,1,-9.579215e-05,-0.0010985371,0.00053947396,-0.011851177,0.00038073346,0.00042001484
1489,1,-0.0018441206,0.001008089,0.0010427977,-0.0068252822,0.0005519012,0.00035549118
1490,1,-0.003455603,-0.001320308,0.0015053214,-0.0094402125,0.000673215,0.0002448619
1491,1,-0.0054239556,0.003953882,0.0019178027,-0.00139012,0.0006616297,8.5313426e-05
1492,1,0.005575129,-0.0021186026,-0.00088853703,-0.002428338,-1.39771755e-05,6.857586e-05
1493,1,0.0033520977,-0.0013651248,-0.00045247586,-0.007979062,2.755425e-05,0.00017654832
1494,1,0.0015906193,-0.00065298285,4.898744e-05,-0.0072962763,0.00010188215,0.00022379587
1495,1,-0.00010113608,-0.0011089927,0.0005620173,-0.011890535,0.00018979925,0.00023195676
1496,1,-0.0018577068,0.001000116,0.0010599281,-0.006915396,0.00026594228,0.00019830429
1497,1,-0.0034900948,-0.0013095961,0.0015138594,-0.009446239,0.00032132116,0.00013885926
1498,1,-0.005398201,0.0039450005,0.0018973183,-0.0013630337,0.0003572859,4.7776382e-05
1499,1,0.005581975,-0.0021285024,-0.0008691053,-0.0024396619,-7.6908044e-08,3.0533224e-07
1500,1,0.003344202,-0.001373994,-0.0004314547,-0.007994361,6.95547e-08,-4.1763246e-07
1501,1,0.0015901295,-0.0006566624,5.9981892e-05,-0.0073134443,-1.2190566e-07,5.924693e-08
1502,1,-0.00010649016,-0.0011132271,0.00057032757,-0.011915126,1.5481119e-08,-3.8356956e-07
1503,1,-0.0018603829,0.0009966766,0.0010617839,-0.0069276523,-1.6664487e-07,-3.3133055e-08
1504,1,-0.003473885,-0.0013042666,0.0015022545,-0.009473907,-5.2270426e-08,-2.2841049e-07
1505,1,-0.0054232697,0.003948815,0.0018878897,-0.0014093524,-3.2499276e-08,6.762407e-08
1506,1,0.0055751204,-0.0021185488,-0.0008886063,-0.0024284043,1.4028219e-05,-6.847303e-05
1507,1,0.003352076,-0.0013651232,-0.0004524445,-0.007979073,-2.7558921e-05,-0.00017702754
1508,1,0.0015906263,-0.000652906,4.8929945e-05,-0.0072961836,-0.00010199316,-0.00022391394
1509,1,-0.000101160884,-0.0011089435,0.0005620085,-0.011890558,-0.00018986028,-0.00023252371
1510,1,-0.0018576874,0.001000205,0.0010598641,-0.0069150473,-0.0002661889,-0.00019848564
1511,1,-0.0034900573,-0.0013096496,0.001513822,-0.009446269,-0.0003214803,-0.00013919148
1512,1,-0.005398167,0.0039451635,0.0018972812,-0.0013628444,-0.00035731512,-4.7766986e-05
1513,1,0.0056054746,-0.0020875444,-0.0009889185,-0.0024119155,4.6010216e-05,-0.00013088343
1514,1,0.0033577378,-0.0013474504,-0.0005040469,-0.007938039,-5.8461734e-05,-0.00032699833
1515,1,0.0016031367,-0.00063706405,1.5727823e-05,-0.0072439746,-0.00021061678,-0.00041015423
1516,1,-9.5830386e-05,-0.0010984285,0.0005394017,-0.011851128,-0.00038084833,-0.00042032165
1517,1,-0.0018440856,0.0010082311,0.0010427103,-0.0068246825,-0.0005520435,-0.00035577719
1518,1,-0.0034555225,-0.0013203915,0.0015052236,-0.009440226,-0.0006733318,-0.0002450035
1519,1,-0.0054239025,0.003954175,0.0019177474,-0.0013898056,-0.00066160836,-8.537648e-05
1520,1,0.0056198644,-0.0020428249,-0.0011212268,-0.0023820975,7.207639e-05,-0.00016457237
1521,1,0.003376591,-0.0013142215,-0.0005856508,-0.007896605,-8.7474895e-05,-0.0004207928
1522,1,0.0016168124,-0.00061496143,-4.00848e-05,-0.0071953014,-0.0003207692,-0.0005194464
1523,1,-7.834086e-05,-0.0010834367,0.0004999764,-0.011801377,-0.00057860324,-0.00052942487
1524,1,-0.0018178624,0.0010230639,0.0010098832,-0.0067552743,-0.0008079206,-0.00041544053
1525,1,-0.0034527122,-0.0013356736,0.001482526,-0.009404438,-0.0009930746,-0.0002818083
1526,1,-0.005428513,0.003971869,0.0019788754,-0.0013057027,-0.0011373396,-0.000100528436
1527,1,0.0056580547,-0.0019905241,-0.0012780209,-0.0023814817,0.00014420472,-0.00017226956
1528,1,0.0033841867,-0.0012735648,-0.00068812014,-0.0078990925,-0.00014381985,-0.0004271822
1529,1,0.0016381375,-0.0005834658,-0.000106326144,-0.007189209,-0.00044381912,-0.0005276165
1530,1,-5.913558e-05,-0.0010606188,0.00043333223,-0.011852078,-0.0007717292,-0.00050821825
1531,1,-0.0017731657,0.0010359162,0.00094568665,-0.0066765477,-0.0010944273,-0.0003730895
1532,1,-0.0033647406,-0.0013738779,0.0014145416,-0.009515289,-0.0013667697,-0.00015576312
1533,1,-0.005374044,0.004057783,0.0017878183,-0.0013830013,-0.0015533959,-3.3737215e-06
1534,1,0.0056597088,-0.0019032218,-0.001459518,-0.002420336,0.00016787057,-0.00012187735
1535,1,0.0033939418,-0.0012293867,-0.00077920395,-0.008001243,-0.0001740017,-0.00032639803
1536,1,0.0016610228,-0.00054143317,-0.00021413334,-0.007433671,-0.0005187113,-0.00039132024
1537,1,-1.8677999e-06,-0.0010109826,0.00032457738,-0.011988274,-0.0008259021,-0.00036819562
1538,1,-0.0016650328,0.0010379582,0.00079394,-0.0070165675,-0.0010628366,-0.00016691505
1539,1,-0.0032792098,-0.001254812,0.0011794175,-0.009709193,-0.0011933121,-5.7289977e-05
1540,1,-0.005311051,0.004040086,0.0017077586,-0.001412799,-0.0012117269,2.2725096e-06
1541,1,0.0056011463,-0.0018378434,-0.0014649847,-0.002735003,0.0001993386,-4.2585925e-05
1542,1,0.0033433721,-0.0011626174,-0.00087756565,-0.008457472,-0.00015753173,-8.807848e-05
1543,1,0.00159322,-0.0004892125,-0.00027100826,-0.008160626,-0.00020354893,-0.00019180906
1544,1,-5.1754065e-05,-0.0008577698,0.00021243321,-0.0124019375,-0.0004457978,-8.258257e-05
1545,1,-0.0017698582,0.0010980599,0.0006257989,-0.007900616,-0.00037760776,-3.721197e-05
1546,1,-0.0034207655,-0.00091651815,0.0011800737,-0.009805231,-0.00036097725,-6.811095e-05
1547,1,-0.005406779,0.0038197082,0.0015142408,-0.0018337857,-0.00089956913,0.000116500014
1548,1,0.0060854447,-0.0014432453,-0.0017165802,-0.0028978777,-2.7165966e-05,8.595839e-05
1549,1,0.0037641113,-0.0015135695,-0.00079354027,-0.006014933,0.00015531351,0.00024588362
1550,1,0.0016840495,-0.0014522356,-0.00014796079,-0.009372528,0.00038962593,0.00021530817
1551,1,0.00042691588,-0.0010481899,0.00049829716,-0.0080456305,0.00055566913,0.0003521709
1552,1,-0.001648644,-0.0014336447,0.0010208769,-0.013775162,0.0009918722,0.00010169064
1553,1,-0.0040078214,0.002531982,0.0012534066,-0.0057094954,0.00088633236,-0.000193213
1554,1,-0.005264439,-0.0018728421,0.0018071132,-0.0046211067,0.00037884252,8.2157094e-05
1555,1,0.006100499,-0.0014860232,-0.0015063173,-0.0026676953,-8.437347e-05,0.00021292959
1556,1,0.0037919625,-0.0015505055,-0.00076567905,-0.005496354,0.00029993523,0.00052031974
1557,1,0.0016441277,-0.0015160083,-5.2460036e-05,-0.008905187,0.0006557503,0.0006935081
1558,1,0.00041052766,-0.001134331,0.00059965893,-0.0072686384,0.0011038207,0.0007082707
1559,1,-0.0017222676,-0.0016444565,0.0012014454,-0.013417916,0.0016716599,0.00052832585
1560,1,-0.003954858,0.0025159668,0.0017133883,-0.004540182,0.00204041,2.5196744e-07
1561,1,-0.005057957,-0.0025432678,0.0019077436,-0.004757039,0.0022492805,-0.00011852688
1562,1,0.006064873,-0.0015347408,-0.0013468714,-0.0026661458,-1.1173973e-05,0.00025868998
1563,1,0.0037882281,-0.0016199626,-0.00064598233,-0.0054162554,0.00019573263,0.0006523793
1564,1,0.0016075257,-0.0015799376,1.7545086e-05,-0.008842858,0.00052717613,0.0008393147
1565,1,0.00035703924,-0.0011905287,0.00068188726,-0.0071620066,0.00088035024,0.0008894713
1566,1,-0.0018646248,-0.0016807641,0.0013092213,-0.013552202,0.0013017601,0.00077041215
1567,1,-0.004229478,0.0026197196,0.0018736444,-0.0043005934,0.0017256547,0.00046410534
1568,1,-0.005298223,-0.0027339293,0.002545157,-0.004498125,0.0021127136,0.00014421568
1569,1,0.00605346,-0.001618021,-0.0011472572,-0.0026897457,-1.5433797e-06,0.0002489118
1570,1,0.003769949,-0.001675466,-0.0005483613,-0.0054649124,0.00015069386,0.00061323977
1571,1,0.0016051133,-0.001635944,7.9008445e-05,-0.008900833,0.00037805343,0.00079758634
1572,1,0.0003346535,-0.001244693,0.0007082095,-0.0072702053,0.0006360922,0.00083593995
1573,1,-0.0018659234,-0.0017273686,0.0013102938,-0.013687082,0.0009470449,0.00077802246
1574,1,-0.0042518806,0.0026065565,0.0018816735,-0.004668142,0.001155407,0.00053409865
1575,1,-0.0053509185,-0.0025953748,0.0024031105,-0.0045909313,0.0010166339,0.00020052186
1576,1,0.0060165287,-0.0016847645,-0.0009798998,-0.0027337184,2.3794835e-05,0.00018353274
1577,1,0.0037603264,-0.0017152207,-0.0004621955,-0.0055359523,9.1492635e-05,0.00046642573
1578,1,0.001593437,-0.001680188,0.00012483765,-0.008993206,0.00024172758,0.000604502
1579,1,0.0003283887,-0.0012914996,0.0007270859,-0.007385572,0.00041283478,0.0006431405
1580,1,-0.0018798851,-0.0017658004,0.0013176973,-0.013874845,0.0006003764,0.0006010074
1581,1,-0.004306266,0.0025891573,0.0018520561,-0.0048629786,0.00074432616,0.00040780928
1582,1,-0.0052644266,-0.0025138634,0.0022681362,-0.0045541744,0.0008011567,0.00013317846
1583,1,0.0060163527,-0.0017256278,-0.0008856586,-0.0027567423,9.625389e-06,0.00010019946
1584,1,0.0037463275,-0.0017454718,-0.00040293328,-0.005594079,4.754613e-05,0.00024887727
1585,1,0.0015927817,-0.0017044167,0.0001518074,-0.009059813,0.00011805517,0.00032410797
1586,1,0.0003202248,-0.0013222097,0.0007398783,-0.007479229,0.0001992554,0.00034462597
1587,1,-0.001873178,-0.0017908532,0.0013011983,-0.013977065,0.0002899412,0.0003162235
1588,1,-0.004298904,0.002596257,0.0018005036,-0.0050277645,0.00033946606,0.00021691315
1589,1,-0.0053481604,-0.0024584727,0.002227907,-0.0046133157,0.000285991,8.11257e-05
1590,1,0.005997388,-0.0017409155,-0.00083828735,-0.0027715107,1.9971193e-07,-5.942481e-07
1591,1,0.0037474514,-0.0017523726,-0.0003861692,-0.005612806,-1.3189269e-07,2.6823125e-07
1592,1,0.0015875369,-0.0017157858,0.00016397524,-0.009086802,1.5308015e-07,-5.076304e-07
1593,1,0.00032353392,-0.0013305534,0.0007392697,-0.007506243,-1.6673422e-07,-3.7302723e-08
1594,1,-0.0018777122,-0.0017963437,0.001300568,-0.014023162,-8.2492635e-09,-4.7146804e-07
1595,1,-0.0043163993,0.0025925534,0.0017919437,-0.0050522303,-2.7105122e-07,-9.9519845e-08
1596,1,-0.0052498705,-0.0024397154,0.0021380705,-0.0045894394,-9.33295e-08,-1.5541005e-07
1597,1,0.006016317,-0.001725654,-0.00088554964,-0.0027566594,-9.542352e-06,-0.00010059334
1598,1,0.0037463433,-0.001745404,-0.00040302862,-0.0055941804,-4.753089e-05,-0.00024885734
1599,1,0.001592742,-0.0017043599,0.000151844,-0.009059896,-0.00011795667,-0.00032475544
1600,1,0.00032023407,-0.0013220476,0.00073978887,-0.0074791783,-0.00019942061,-0.00034492218
1601,1,-0.0018732491,-0.0017906502,0.0013011668,-0.013977002,-0.0002900633,-0.0003169877
1602,1,-0.0042988453,0.0025964144,0.0018004426,-0.0050270054,-0.00033993056,-0.00021726587
1603,1,-0.0053480696,-0.002458723,0.002227872,-0.00461338,-0.00028628443,-8.1326696e-05
1604,1,0.0060165063,-0.0016847702,-0.0009800022,-0.0027337566,-2.3706209e-05,-0.00018350079
1605,1,0.0037603003,-0.0017150955,-0.00046216094,-0.0055361763,-9.133913e-05,-0.00046676566
1606,1,0.0015933847,-0.0016800615,0.00012477062,-0.00899319,-0.0002417814,-0.0006048041
1607,1,0.00032840323,-0.0012912387,0.0007270105,-0.0073856316,-0.00041284083,-0.0006435907
1608,1,-0.0018800319,-0.0017653398,0.0013175677,-0.013874589,-0.0006005682,-0.0006015286
1609,1,-0.00430613,0.002589437,0.0018519148,-0.004861475,-0.00074474816,-0.00040824784
1610,1,-0.005264226,-0.0025143032,0.0022680245,-0.004554187,-0.00080134434,-0.00013327149
1611,1,0.0060533723,-0.0016180606,-0.001147188,-0.0026897087,1.7755581e-06,-0.00024906275
1612,1,0.0037699223,-0.001675277,-0.0005484009,-0.0054651997,-0.00015067351,-0.00061342114
1613,1,0.0016050297,-0.0016357809,7.8964054e-05,-0.008900773,-0.00037802523,-0.0007978804
1614,1,0.0003346912,-0.0012443678,0.000708097,-0.0072702914,-0.0006361302,-0.0008362033
1615,1,-0.0018661534,-0.0017266908,0.0013101076,-0.013686783,-0.0009471448,-0.0007783942
1616,1,-0.0042516626,0.00260694,0.0018814367,-0.0046658507,-0.0011556434,-0.00053431676
1617,1,-0.0053506633,-0.0025961192,0.002402976,-0.0045911446,-0.0010167857,-0.00020046842
1618,1,0.0060647824,-0.0015347832,-0.0013468981,-0.002666102,1.1166496e-05,-0.0002587172
1619,1,0.003788189,-0.0016197303,-0.00064597867,-0.005416535,-0.00019564759,-0.00065251504
1620,1,0.001607427,-0.0015797829,1.747575e-05,-0.0088428315,-0.0005271768,-0.0008394799
1621,1,0.00035708505,-0.0011901248,0.0006817695,-0.007162031,-0.00088037795,-0.0008896185
1622,1,-0.0018648852,-0.0016800585,0.0013090038,-0.013551985,-0.0013018029,-0.00077048724
1623,1,-0.0042292294,0.0026202318,0.0018733785,-0.004297937,-0.0017256684,-0.00046407824
1624,1,-0.0052978545,-0.0027349098,0.0025448806,-0.0044984925,-0.002112672,-0.00014421699
1625,1,0.0061003948,-0.0014861156,-0.001506294,-0.0026677109,8.452075e-05,-0.00021296182
1626,1,0.0037919097,-0.0015501988,-0.00076570926,-0.00549656,-0.00029993043,-0.000520365
1627,1,0.0016440428,-0.001515905,-5.2530588e-05,-0.008905299,-0.0006557096,-0.0006935611
1628,1,0.00041054242,-0.0011338233,0.0005995194,-0.0072685573,-0.001103794,-0.0007083248
1629,1,-0.0017224905,-0.0016438686,0.0012012407,-0.013417814,-0.0016715863,-0.0005282138
1630,1,-0.003954668,0.0025166029,0.0017130886,-0.0045377533,-0.0020400726,-1.1424594e-07
1631,1,-0.005057691,-0.0025441565,0.0019074249,-0.0047573247,-0.002248622,0.00011857833
1632,1,0.0060853544,-0.0014434272,-0.0017165777,-0.0028978959,2.7167061e-05,-8.595134e-05
1633,1,0.0037640352,-0.0015131972,-0.0007935612,-0.0060152076,-0.00015528634,-0.0002459072
1634,1,0.0016839645,-0.0014521495,-0.00014805007,-0.009372582,-0.0003896145,-0.00021528444
1635,1,0.00042686335,-0.0010476365,0.000498155,-0.008045716,-0.00055561296,-0.00035218842
1636,1,-0.0016489162,-0.0014329882,0.001020664,-0.013774747,-0.000991797,-0.00010160159
1637,1,-0.004007713,0.0025324407,0.0012531747,-0.0057073887,-0.0008859517,0.00019331467
1638,1,-0.0052642897,-0.0018734644,0.0018071401,-0.0046211435,-0.00037849176,-8.227458e-05
1639,1,0.0067054494,-0.0024774875,-0.0016581914,-0.0021912635,2.1733753e-05,0.00011087703
1640,1,0.0038136474,-0.0017760914,-0.00078057044,-0.004213845,0.00016066445,0.00026206268
1641,1,0.0023703743,-0.0022517494,9.926656e-05,-0.0060725594,0.00033300483,0.00050948124
1642,1,0.00019512927,-0.0026193548,0.00087180163,-0.008009783,0.0006360677,0.00041274208
1643,1,-0.0002848128,-0.0030945183,0.0016899949,-0.007504394,0.0010210158,0.00071396126
1644,1,-0.0039331126,-0.0034321607,0.0025687227,-0.017962147,0.0021060216,0.00017653029
1645,1,-0.0066481032,0.0056648836,0.0020874501,-0.0029414634,0.0027172556,-0.0005532637
1646,1,0.006705979,-0.0025471172,-0.0016076947,-0.002065734,-8.525054e-06,0.0002797685
1647,1,0.00376539,-0.0017948962,-0.00069244474,-0.003816141,0.0002584477,0.00075502397
1648,1,0.0022827964,-0.002284843,0.000118718664,-0.005694146,0.00059343525,0.0010148338
1649,1,-4.0957486e-05,-0.0026771848,0.0009302217,-0.0075794477,0.0010158302,0.0012223667
1650,1,-0.00053089083,-0.0032586122,0.0018114721,-0.006762303,0.0017239166,0.0013144134
1651,1,-0.004328861,-0.003673665,0.002567818,-0.017813623,0.0027814314,0.00082740997
1652,1,-0.006924531,0.0058699176,0.0036126794,-0.0015420571,0.0038095145,8.945779e-05
1653,1,0.006694454,-0.0026627919,-0.0013677733,-0.0020802992,1.4297753e-05,0.00035612896
1654,1,0.003752188,-0.0018729591,-0.0006075249,-0.003781098,0.00019091838,0.0008793037
1655,1,0.0022848654,-0.0023839176,0.00015652133,-0.0057083033,0.00042145574,0.0011854017
1656,1,-9.229649e-05,-0.0028170613,0.00093200215,-0.0076538115,0.00074826553,0.0013706557
1657,1,-0.00054156146,-0.0034172067,0.0017218202,-0.00699336,0.0011153644,0.0013774876
1658,1,-0.004511643,-0.0037464283,0.0025006488,-0.01869128,0.0016064834,0.0012124499
1659,1,-0.0073454822,0.0061662095,0.003323827,-0.001976142,0.0014477483,0.0005523063
1660,1,0.0066575436,-0.0027571712,-0.0011475882,-0.002108959,4.9757316e-05,0.00031898974
1661,1,0.0037455983,-0.0019451417,-0.00050298416,-0.0038564862,0.00013327965,0.000811581
1662,1,0.0022818358,-0.002488406,0.00019673268,-0.0057775076,0.00030687588,0.0010741788
1663,1,-7.88781e-05,-0.0029421882,0.0009192508,-0.0078121447,0.00054067816,0.0012073354
1664,1,-0.000533962,-0.0035533141,0.0016381935,-0.007252633,0.0007946851,0.0012298325
1665,1,-0.004469083,-0.003927133,0.0023296173,-0.019110853,0.001121215,0.0010178714
1666,1,-0.007076353,0.0060752956,0.0028477565,-0.0025238101,0.0010983599,0.0003771982
1667,1,0.0066508893,-0.0028264103,-0.0009743135,-0.002134939,2.5069538e-05,0.00024042946
1668,1,0.0037320864,-0.0020108148,-0.00041344992,-0.003928467,8.899645e-05,0.00060399703
1669,1,0.0022864942,-0.0025599564,0.00023034276,-0.005871529,0.00019463361,0.0007945324
1670,1,-7.6905184e-05,-0.0030296582,0.00090773386,-0.007946252,0.00033228687,0.00088634173
1671,1,-0.0005071018,-0.0036831982,0.0015801891,-0.007458006,0.00048005534,0.0008826191
1672,1,-0.0044604638,-0.004005844,0.0021904605,-0.019478584,0.00063417654,0.00070472335
1673,1,-0.0072512385,0.00605014,0.0026943204,-0.0028802818,0.00054048037,0.00027926036
1674,1,0.0066278703,-0.0028775113,-0.0008502343,-0.0021629604,2.585984e-05,0.00012489996
1675,1,0.0037285464,-0.0020448472,-0.00035707778,-0.00398483,4.2005897e-05,0.00031850414
1676,1,0.002283209,-0.0026065982,0.000253329,-0.005929157,9.348074e-05,0.00041924205
1677,1,-6.4126114e-05,-0.003084494,0.00089735194,-0.008035802,0.00016271578,0.00046631182
1678,1,-0.0004965778,-0.0037431263,0.0015368068,-0.007580299,0.00023137832,0.00045001908
1679,1,-0.0044419477,-0.004056889,0.002086362,-0.019658148,0.0003021964,0.00033813328
1680,1,-0.007085988,0.0060606776,0.0024229165,-0.0030655728,0.00026212895,0.00011913302
1681,1,0.0066352384,-0.0028913121,-0.0008196521,-0.0021647448,-1.3636088e-07,8.177683e-07
1682,1,0.003722536,-0.0020611805,-0.00033419087,-0.0040017134,4.0863335e-07,-7.228782e-07
1683,1,0.0022867243,-0.002618359,0.00025838273,-0.0059535033,-2.3616239e-07,1.907681e-07
1684,1,-6.706991e-05,-0.0031040448,0.00089904584,-0.008064545,2.2097203e-07,-4.6449912e-07
1685,1,-0.00048708942,-0.0037625567,0.001514237,-0.0076244953,-8.842988e-08,-1.7075408e-07
1686,1,-0.0044350773,-0.004055251,0.0020462126,-0.019715678,-5.0988934e-08,-5.958477e-07
1687,1,-0.0072167013,0.006050048,0.0024689282,-0.0031137976,-2.8172386e-07,-1.8097151e-07
1688,1,0.006627928,-0.0028774599,-0.0008504437,-0.0021632465,-2.5414594e-05,-0.00012454136
1689,1,0.0037285122,-0.0020448528,-0.00035690767,-0.0039851046,-4.1641288e-05,-0.00031921067
1690,1,0.0022831874,-0.0026064068,0.0002531892,-0.005929325,-9.361514e-05,-0.00041937418
1691,1,-6.415217e-05,-0.0030843702,0.0008973659,-0.008035933,-0.00016251534,-0.00046690597
1692,1,-0.0004966137,-0.0037428255,0.0015367208,-0.007580563,-0.00023140317,-0.00045058382
1693,1,-0.004442093,-0.004056336,0.0020863444,-0.019657983,-0.0003023726,-0.00033918847
1694,1,-0.007085882,0.0060613095,0.0024228804,-0.0030642482,-0.0002625955,-0.000119622615
1695,1,0.006650808,-0.0028263377,-0.0009740725,-0.0021351941,-2.4495514e-05,-0.00024083011
1696,1,0.0037320694,-0.0020107822,-0.0004135053,-0.0039285864,-8.894526e-05,-0.00060422637
1697,1,0.0022864537,-0.0025597368,0.00023034871,-0.005872089,-0.00019447686,-0.0007949859
1698,1,-7.696861e-05,-0.003029349,0.00090762845,-0.007946275,-0.00033233347,-0.0008866622
1699,1,-0.0005071422,-0.0036826772,0.0015800628,-0.0074587287,-0.00047992612,-0.0008832313
1700,1,-0.004460813,-0.004004549,0.0021903422,-0.019478094,-0.0006344804,-0.0007057818
1701,1,-0.0072509735,0.0060513536,0.0026942345,-0.0028775262,-0.00054111157,-0.00027995245
1702,1,0.0066574505,-0.00275701,-0.0011475715,-0.0021091888,-4.973603e-05,-0.00031901553
1703,1,0.0037455703,-0.0019451709,-0.00050291215,-0.0038565297,-0.00013308892,-0.0008118858
1704,1,0.0022817834,-0.0024881128,0.00019667043,-0.00577825,-0.0003068512,-0.001074435
1705,1,-7.89615e-05,-0.0029418091,0.00091917795,-0.0078121372,-0.00054069754,-0.0012076721
1706,1,-0.0005340065,-0.0035526464,0.0016380103,-0.0072537516,-0.00079461717,-0.0012300949
1707,1,-0.0044695884,-0.0039250744,0.0023292503,-0.019110113,-0.001121495,-0.0010186114
1708,1,-0.007075947,0.006077331,0.0028474994,-0.0025191775,-0.0010986975,-0.00037784892
1709,1,0.006694348,-0.0026625793,-0.0013677225,-0.0020806452,-1.4049012e-05,-0.0003562042
1710,1,0.003752157,-0.0018730027,-0.0006075292,-0.003781118,-0.00019092463,-0.00087942794
1711,1,0.0022848097,-0.0023835758,0.00015649237,-0.0057091736,-0.0004214229,-0.0011855705
1712,1,-9.2401955e-05,-0.002816641,0.00093188096,-0.0076538045,-0.0007482989,-0.0013708482
1713,1,-0.0005416017,-0.0034164726,0.001721678,-0.0069946013,-0.001115525,-0.0013776224
1714,1,-0.004512234,-0.0037442155,0.0025002123,-0.018690677,-0.0016065288,-0.0012122157
1715,1,-0.007345033,0.0061687045,0.003323456,-0.0019707677,-0.0014480068,-0.0005520276
1716,1,0.0067058546,-0.0025468685,-0.0016076802,-0.0020660101,8.536478e-06,-0.00027977795
1717,1,0.0037653612,-0.0017949608,-0.00069245533,-0.0038163327,-0.00025836343,-0.0007550977
1718,1,0.0022827438,-0.0022844295,0.00011865464,-0.005694905,-0.00059349876,-0.0010148997
1719,1,-4.10629e-05,-0.002676808,0.00093008776,-0.0075797453,-0.0010158509,-0.0012224009
1720,1,-0.0005309245,-0.0032577033,0.001811222,-0.0067631863,-0.0017241221,-0.0013144488
1721,1,-0.004329331,-0.00367191,0.0025675637,-0.01781344,-0.002781528,-0.00082685373
1722,1,-0.0069240793,0.0058723064,0.0036120056,-0.0015377678,-0.0038091152,-8.895959e-05
1723,1,0.0067053097,-0.002477135,-0.0016581927,-0.0021915731,-2.1678881e-05,-0.000110876914
1724,1,0.003813632,-0.0017762133,-0.00078059983,-0.004214147,-0.00016068274,-0.00026204166
1725,1,0.0023702611,-0.0022512467,9.918468e-05,-0.0060734223,-0.0003330045,-0.000509533
1726,1,0.00019502676,-0.0026189724,0.00087163295,-0.008010046,-0.0006361289,-0.00041268574
1727,1,-0.00028500412,-0.0030935481,0.0016897058,-0.0075056385,-0.0010210067,-0.00071392185
1728,1,-0.0039336653,-0.003430165,0.0025682445,-0.017961277,-0.002106199,-0.00017638694
1729,1,-0.006647892,0.005666887,0.002086537,-0.0029375476,-0.0027163532,0.0005535721
1730,1,0.0068679764,-0.0020353107,-0.0018119321,-6.034635e-05,-0.00010235041,0.00014300601
1731,1,0.004150535,-0.0022222635,-0.0006847665,-0.002834963,8.647479e-05,0.00041252718
1732,1,0.0021873114,-0.002724038,0.00021068737,-0.0010198008,0.00012537747,0.00050181686
1733,1,0.0011599642,-0.0039222324,0.0012488504,-0.0038715494,0.00029746318,0.0008094613
1734,1,-0.0008260382,-0.0051744212,0.0022445032,-0.0032563847,0.00046808706,0.0007861188
1735,1,-0.0010249319,-0.0079781,0.003853138,-0.0059927087,0.001022742,0.0015463379
1736,1,-0.0065626306,-0.013264286,0.0067193173,-0.019823596,0.0033590018,0.0013914126
1737,1,0.0068418044,-0.0020857407,-0.0016167905,9.086009e-05,5.0220115e-06,0.00036258393
1738,1,0.0040898663,-0.002229998,-0.00066517765,-0.0028271193,0.0001056361,0.0008677812
1739,1,0.0019980934,-0.0027302592,0.00025037533,-0.00076825026,0.00022985761,0.0013202026
1740,1,0.00085728266,-0.0039686607,0.0011790979,-0.0037550114,0.0004524218,0.0015449311
1741,1,-0.0013555387,-0.005288356,0.0021991534,-0.003058462,0.00067947846,0.002038044
1742,1,-0.0017689888,-0.008308907,0.0036367555,-0.005464384,0.001575587,0.002428609
1743,1,-0.007633855,-0.014183781,0.0051684575,-0.021292232,0.0020395417,0.0012055248
1744,1,0.006806788,-0.0021927517,-0.0013820744,9.369372e-05,2.8956441e-05,0.00039396138
1745,1,0.0040921536,-0.0023174183,-0.0005773769,-0.0028864404,6.940453e-05,0.0010645081
1746,1,0.002000324,-0.0028762817,0.00025152942,-0.0007178232,0.00017364747,0.0013762219
1747,1,0.00089015043,-0.0041568796,0.0010757264,-0.0038761387,0.00027413006,0.0017415922
1748,1,-0.0013190346,-0.0056633726,0.00205118,-0.0031414037,0.00049442094,0.001962202
1749,1,-0.0015147341,-0.008813291,0.002960259,-0.0061276075,0.00060499244,0.0017322485
1750,1,-0.007155854,-0.014275454,0.0037372683,-0.022395568,0.00035565704,0.0008265327
1751,1,0.006790407,-0.0022762367,-0.0011557904,9.1382375e-05,4.9215255e-06,0.00037965438
1752,1,0.0040828376,-0.00242953,-0.00046466567,-0.0029090217,5.8700545e-05,0.0009177365
1753,1,0.0020094956,-0.00298788,0.00026059625,-0.00075990125,0.00011623664,0.0012721543
1754,1,0.0009095844,-0.004378176,0.0010738395,-0.0039472766,0.0002227912,0.0014810311
1755,1,-0.0012813758,-0.0059027327,0.0018497093,-0.0032792687,0.00030348168,0.0014955347
1756,1,-0.0014492491,-0.009036868,0.0026396916,-0.006347964,0.0004983607,0.0015596555
1757,1,-0.007285639,-0.01496489,0.00334091,-0.022462232,0.00065944507,0.00080302753
1758,1,0.0067705377,-0.0023907376,-0.0009497761,6.38258e-05,2.9366789e-05,0.00026722424
1759,1,0.0040771887,-0.00248122,-0.00038993845,-0.0029366855,3.0144281e-05,0.00069563586
1760,1,0.0020158703,-0.0031003617,0.00030350522,-0.0007938623,8.0475016e-05,0.00091890804
1761,1,0.00093962334,-0.0045072944,0.001015406,-0.004033094,0.00011964955,0.0010260408
1762,1,-0.0012409771,-0.006038084,0.0017398226,-0.0033107218,0.00019812201,0.0011336892
1763,1,-0.0013482381,-0.009395191,0.0024467332,-0.0066366205,0.00025004486,0.0009194672
1764,1,-0.0071165357,-0.015084091,0.0028002656,-0.022765854,7.0846836e-05,0.00033433666
1765,1,0.006766261,-0.0024126624,-0.0008459622,6.08513e-05,2.5748325e-06,0.00014424796
1766,1,0.004070035,-0.0025451458,-0.0003188273,-0.0029513906,1.9648167e-05,0.0003594609
1767,1,0.0020217453,-0.0031501567,0.0003099693,-0.0008300624,3.426609e-05,0.00047727508
1768,1,0.0009517976,-0.0045691174,0.0009955942,-0.0040521906,6.588229e-05,0.0005580249
1769,1,-0.0012137727,-0.006187383,0.0016926156,-0.003390052,8.721881e-05,0.00052398845
1770,1,-0.0013062466,-0.009404588,0.0022435263,-0.006716574,0.00012398146,0.00045881546
1771,1,-0.007182855,-0.015269368,0.002682096,-0.022735275,0.00017076921,0.00022757798
1772,1,0.0067591546,-0.0024635638,-0.00078743853,5.099212e-05,1.2628126e-06,-1.681493e-06
1773,1,0.0040694247,-0.0025430417,-0.00030799562,-0.00296359,-5.6937085e-07,6.479103e-07
1774,1,0.0020213665,-0.0031690504,0.00031890674,-0.0008278873,4.5988102e-07,-4.90755e-07
1775,1,0.0009597755,-0.004619563,0.0009984539,-0.0040871897,-1.5551616e-07,2.1087209e-07
1776,1,-0.0012066908,-0.0061541894,0.0016319006,-0.0033742448,3.24478e-07,-3.2988913e-07
1777,1,-0.0012890968,-0.00951413,0.0022393954,-0.00677836,1.1397285e-07,-2.6936263e-07
1778,1,-0.0071002217,-0.015254384,0.002532073,-0.022860786,-2.2810546e-08,-3.3478537e-07
1779,1,0.0067662196,-0.0024128063,-0.0008450565,6.03369e-05,-1.2727583e-06,-0.00014573433
1780,1,0.0040699625,-0.0025447772,-0.0003191853,-0.0029516185,-2.0013164e-05,-0.00035970288
1781,1,0.002021776,-0.0031502023,0.00031009168,-0.00083025766,-3.3832373e-05,-0.0004773381
1782,1,0.00095173134,-0.004568924,0.000995493,-0.004052584,-6.591434e-05,-0.0005583187
1783,1,-0.0012137335,-0.0061873235,0.0016926415,-0.003390511,-8.679014e-05,-0.0005241758
1784,1,-0.0013064046,-0.0094041275,0.0022433957,-0.006717575,-0.00012354368,-0.00045935437
1785,1,-0.0071828566,-0.015268205,0.002682089,-0.022736464,-0.00017092122,-0.00022827063
1786,1,0.006770469,-0.0023909875,-0.00094955426,6.3861014e-05,-2.9383034e-05,-0.0002672361
1787,1,0.0040771393,-0.0024810885,-0.0003897447,-0.0029372217,-2.9734467e-05,-0.0006963228
1788,1,0.0020158784,-0.003100268,0.00030338723,-0.00079416856,-8.0595564e-05,-0.00091907644
1789,1,0.0009395297,-0.0045070983,0.0010154201,-0.0040339273,-0.00011934904,-0.0010261666
1790,1,-0.0012409101,-0.0060377857,0.0017397171,-0.003311441,-0.00019805663,-0.0011340044
1791,1,-0.0013485574,-0.0093947,0.0024467579,-0.006639124,-0.0002493996,-0.0009199688
1792,1,-0.0071165846,-0.01508148,0.002800177,-0.022768512,-7.099879e-05,-0.0003346382
1793,1,0.006790411,-0.002276419,-0.0011556639,9.1190166e-05,-4.6245277e-06,-0.00037978453
1794,1,0.004082742,-0.0024294208,-0.0004645869,-0.0029095386,-5.875234e-05,-0.0009178426
1795,1,0.0020095594,-0.0029878851,0.00026061188,-0.00076035684,-0.0001160894,-0.0012724516
1796,1,0.0009094065,-0.004377887,0.0010738301,-0.0039484575,-0.00022280026,-0.0014812715
1797,1,-0.0012812169,-0.0059024733,0.0018496271,-0.0032802,-0.0003033969,-0.0014954284
1798,1,-0.001449754,-0.009035866,0.002639491,-0.0063516204,-0.00049816084,-0.0015603345
1799,1,-0.0072856355,-0.01496102,0.0033408266,-0.022466622,-0.00065973785,-0.0008039083
1800,1,0.006806762,-0.0021930079,-0.0013820151,9.3590264e-05,-2.8918339e-05,-0.00039400152
1801,1,0.0040920796,-0.0023171743,-0.000577354,-0.0028871903,-6.930075e-05,-0.0010646855
1802,1,0.0020003768,-0.002876382,0.00025156388,-0.0007183032,-0.00017370022,-0.0013762913
1803,1,0.00088996935,-0.0041564545,0.001075634,-0.0038775303,-0.00027414807,-0.0017418116
1804,1,-0.0013188948,-0.0056631747,0.0020512748,-0.0031424956,-0.00049455336,-0.0019624454
1805,1,-0.0015152488,-0.008812386,0.002959956,-0.006131743,-0.0006052439,-0.001731825
1806,1,-0.0071560033,-0.014270231,0.003736816,-0.022400396,-0.00035589273,-0.000826233
1807,1,0.0068417946,-0.002085953,-0.0016167786,9.067743e-05,-4.865934e-06,-0.0003626067
1808,1,0.0040897867,-0.002229751,-0.0006651663,-0.0028278998,-0.00010565419,-0.0008677669
1809,1,0.0019981344,-0.0027303027,0.00025034754,-0.0007688641,-0.00022991307,-0.0013204443
1810,1,0.00085714064,-0.003968262,0.0011790569,-0.0037564205,-0.00045259553,-0.0015448305
1811,1,-0.001355455,-0.005287953,0.002198981,-0.0030597555,-0.0006798179,-0.0020384658
1812,1,-0.0017694084,-0.008307921,0.0036367793,-0.0054678377,-0.0015764162,-0.002428475
1813,1,-0.007633725,-0.014181036,0.0051683486,-0.021297645,-0.002040518,-0.001204469
1814,1,0.006867964,-0.002035619,-0.0018118807,-6.0649974e-05,0.00010238175,-0.00014301643
1815,1,0.0041504405,-0.0022219236,-0.0006847794,-0.0028357538,-8.650116e-05,-0.00041258094
1816,1,0.0021873629,-0.0027241255,0.0002106116,-0.0010206735,-0.00012538755,-0.0005017709
1817,1,0.0011597533,-0.003921712,0.0012488416,-0.0038730274,-0.00029767174,-0.0008096415
1818,1,-0.0008259411,-0.005173965,0.0022441286,-0.0032578278,-0.0004681855,-0.0007859071
1819,1,-0.0010255364,-0.007976929,0.0038531795,-0.0059965267,-0.0010235109,-0.001546763
1820,1,-0.006562787,-0.013259087,0.0067175156,-0.01982715,-0.003359889,-0.0013922649
1821,1,0.0068679904,-0.0020356318,-0.0018118891,6.0654776e-05,0.00010238681,0.00014301567
1822,1,0.004150455,-0.0022219268,-0.00068479124,0.0028359755,-8.647577e-05,0.0004125048
1823,1,0.0021873733,-0.0027241919,0.0002106659,0.0010207589,-0.00012546763,0.0005018093
1824,1,0.0011597713,-0.0039217486,0.0012487711,0.0038733399,-0.00029755675,0.0008094418
1825,1,-0.0008259442,-0.005174171,0.002244354,0.0032580884,-0.00046845444,0.00078596466
1826,1,-0.0010254926,-0.007977117,0.0038529972,0.0059970026,-0.0010232271,0.001546126
1827,1,-0.006562785,-0.013260009,0.0067181345,0.019828765,-0.0033603148,0.0013913515
1828,1,0.0068418263,-0.0020860133,-0.0016168236,-9.059015e-05,-4.8844945e-06,0.00036256027
1829,1,0.0040897913,-0.0022297176,-0.000665177,0.0028279559,-0.00010565967,0.0008677819
1830,1,0.001998164,-0.0027303577,0.0002503251,0.0007690761,-0.00022990406,0.0013202146
1831,1,0.00085711404,-0.003968249,0.0011790672,0.0037565737,-0.00045266666,0.001544823
1832,1,-0.0013553968,-0.005288025,0.0021989804,0.0030600105,-0.0006797942,0.0020380483
1833,1,-0.0017694979,-0.008307776,0.0036366023,0.0054686093,-0.0015765522,0.0024279875
1834,1,-0.007633784,-0.0141797615,0.005168279,0.02129709,-0.0020406872,0.0012048716
1835,1,0.0068067918,-0.0021930095,-0.0013820288,-9.356693e-05,-2.8865907e-05,0.00039402017
1836,1,0.0040920805,-0.002317175,-0.00057740643,0.0028873286,-6.9347734e-05,0.0010644732
1837,1,0.002000412,-0.0028763653,0.00025152616,0.0007183803,-0.00017367903,0.0013762946
1838,1,0.0008899319,-0.0041564475,0.0010756325,0.003877815,-0.00027420445,0.0017415702
1839,1,-0.0013188389,-0.005663054,0.0020511413,0.00314259,-0.00049450225,0.0019622878
1840,1,-0.0015153907,-0.008812095,0.0029599331,0.006132353,-0.0006053595,0.0017321325
1841,1,-0.0071559898,-0.014269769,0.0037370042,0.022401214,-0.00035595254,0.00082604034
1842,1,0.006790449,-0.0022764513,-0.0011558655,-9.116192e-05,-4.7411063e-06,0.00037959035
1843,1,0.0040827584,-0.0024293375,-0.00046463677,0.002909667,-5.869466e-05,0.00091787445
1844,1,0.0020095743,-0.0029879212,0.0002605591,0.0007604413,-0.00011619966,0.0012721549
1845,1,0.0009094022,-0.0043778317,0.0010737926,0.0039486308,-0.00022271684,0.0014812361
1846,1,-0.0012812158,-0.0059024054,0.0018496339,0.0032803728,-0.00030352094,0.0014955592
1847,1,-0.0014498064,-0.00903581,0.0026394608,0.0063520567,-0.0004979789,0.0015602984
1848,1,-0.007285674,-0.014960161,0.0033407365,0.022467047,-0.00065988005,0.00080418214
1849,1,0.006770486,-0.0023908445,-0.0009496238,-6.3822874e-05,-2.93738e-05,0.0002674283
1850,1,0.0040771784,-0.0024810946,-0.0003900063,0.0029372103,-3.0021833e-05,0.0006956566
1851,1,0.0020158861,-0.0031003605,0.00030350382,0.0007942452,-8.045796e-05,0.00091904687
1852,1,0.0009395298,-0.004507069,0.0010153877,0.004034061,-0.000119471646,0.0010262138
1853,1,-0.0012409189,-0.0060378173,0.0017397319,0.0033116555,-0.0001979644,0.0011339071
1854,1,-0.0013485778,-0.009394504,0.0024467588,0.006639309,-0.0002494875,0.00092036184
1855,1,-0.007116614,-0.015081657,0.0028003287,0.022768848,-7.10056e-05,0.0003349281
1856,1,0.0067663644,-0.0024127192,-0.00084625074,-6.0609997e-05,-2.2650415e-06,0.0001439447
1857,1,0.0040699635,-0.0025450687,-0.0003187104,0.002951552,-1.9727333e-05,0.00035970542
1858,1,0.0020217912,-0.0031501844,0.0003099189,0.00083035947,-3.4075463e-05,0.00047730218
1859,1,0.00095172506,-0.004568956,0.0009955803,0.0040527117,-6.574185e-05,0.0005582976
1860,1,-0.0012137323,-0.0061872564,0.0016926051,0.0033906312,-8.691204e-05,0.0005242543
1861,1,-0.001306425,-0.0094043035,0.0022435572,0.006717968,-0.00012354337,0.00045933912
1862,1,-0.007182873,-0.015267946,0.0026820519,0.022736898,-0.00017098861,0.00022800616
1863,1,0.0067589935,-0.0024636397,-0.0007870145,-5.1250983e-05,-1.4895636e-06,-1.0323705e-06
1864,1,0.004069515,-0.0025430326,-0.0003082137,0.0029637818,8.9463686e-07,2.2714418e-07
1865,1,0.002021315,-0.0031690607,0.00031903244,0.000827895,-5.051698e-07,1.9912557e-08
1866,1,0.0009597922,-0.004619527,0.0009983924,0.004087383,4.8271437e-07,1.5598944e-07
1867,1,-0.0012066966,-0.006154184,0.0016319307,0.003374341,-9.041712e-08,1.4705851e-07
1868,1,-0.0012891373,-0.00951398,0.0022393428,0.006778787,3.7328314e-07,7.426964e-08
1869,1,-0.0071002417,-0.015254028,0.0025321043,0.022861257,-1.0293248e-07,2.2033616e-07
1870,1,0.0067662126,-0.0024127895,-0.0008454311,-6.0671508e-05,1.6729105e-06,-0.00014496909
1871,1,0.0040699826,-0.0025448415,-0.00031895647,0.0029516404,1.9999592e-05,-0.0003601291
1872,1,0.0020217516,-0.0031501825,0.00030997652,0.00083010877,3.397927e-05,-0.00047683937
1873,1,0.0009517768,-0.0045690294,0.0009955745,0.004052394,6.61e-05,-0.0005583826
1874,1,-0.0012137616,-0.0061873933,0.0016926468,0.0033901946,8.705731e-05,-0.0005237373
1875,1,-0.001306287,-0.009404376,0.0022433675,0.0067168176,0.00012412295,-0.00045870795
1876,1,-0.007182869,-0.015268701,0.002682022,0.022735706,0.00017071675,-0.00022765473
1877,1,0.006770457,-0.0023908836,-0.0009493163,-6.373761e-05,2.9456853e-05,-0.00026750716
1878,1,0.0040771505,-0.0024811658,-0.00038985026,0.0029368165,2.9854933e-05,-0.00069603894
1879,1,0.0020158587,-0.003100274,0.000303457,0.0007940626,8.06013e-05,-0.000919118
1880,1,0.0009396144,-0.004507278,0.001015432,0.0040332093,0.00011956313,-0.0010258722
1881,1,-0.00124099,-0.006037993,0.0017397816,0.003310948,0.0001981561,-0.0011339238
1882,1,-0.0013482433,-0.009395268,0.0024468603,0.006636883,0.00024999332,-0.000919183
1883,1,-0.0071165473,-0.015084043,0.0028002413,0.022766016,7.0874696e-05,-0.00033355088
1884,1,0.006790387,-0.0022762637,-0.0011557868,-9.134845e-05,4.7346443e-06,-0.00037965967
1885,1,0.0040828125,-0.0024295717,-0.0004645262,0.0029091467,5.8734786e-05,-0.00091785216
1886,1,0.002009482,-0.0029878516,0.00026060236,0.0007600297,0.000116163195,-0.0012723313
1887,1,0.000909567,-0.0043781647,0.0010738992,0.00394748,0.00022281369,-0.0014812007
1888,1,-0.0012813619,-0.005902717,0.0018496611,0.0032794664,0.00030348197,-0.0014952997
1889,1,-0.0014492979,-0.009036708,0.0026397386,0.006348421,0.000498238,-0.0015600447
1890,1,-0.0072856043,-0.014965005,0.0033410103,0.022462755,0.0006594742,-0.00080389105
1891,1,0.0068067606,-0.0021928186,-0.0013819614,-9.366637e-05,2.897815e-05,-0.00039399072
1892,1,0.0040921173,-0.0023173573,-0.00057737425,0.0028865887,6.934195e-05,-0.0010646441
1893,1,0.0020003375,-0.0028763318,0.00025160005,0.0007178922,0.00017366456,-0.0013762454
1894,1,0.00089009653,-0.0041567604,0.0010756636,0.0038763932,0.0002741177,-0.0017418234
1895,1,-0.0013189916,-0.0056634466,0.0020513705,0.0031415164,0.0004944891,-0.001962344
1896,1,-0.0015148156,-0.008813268,0.002960071,0.0061283996,0.0006049265,-0.0017321144
1897,1,-0.0071558557,-0.014273818,0.0037368971,0.022396304,0.00035569986,-0.00082646933
1898,1,0.006841776,-0.0020857484,-0.0016167965,-9.0884e-05,4.9757655e-06,-0.00036263044
1899,1,0.004089849,-0.0022299774,-0.0006651534,0.0028273151,0.00010562439,-0.0008677725
1900,1,0.001998078,-0.0027302064,0.00025036812,0.0007682614,0.00022986945,-0.0013204427
1901,1,0.0008572669,-0.003968609,0.0011791078,0.0037552814,0.0004524331,-0.0015448357
1902,1,-0.0013555465,-0.005288177,0.0021990675,0.003058574,0.0006795589,-0.0020385694
1903,1,-0.0017690508,-0.008308726,0.003636893,0.005464753,0.0015758291,-0.002428657
1904,1,-0.007633746,-0.014184135,0.0051685343,0.021293812,0.0020395597,-0.0012046731
1905,1,0.0068679485,-0.002035329,-0.0018119137,6.0434242e-05,-0.000102367645,-0.00014299051
1906,1,0.004150504,-0.002222215,-0.0006847557,0.002835001,8.650092e-05,-0.00041259127
1907,1,0.0021873103,-0.002723984,0.00021063765,0.0010199933,0.00012531327,-0.0005017683
1908,1,0.0011599116,-0.0039221114,0.0012488958,0.0038716628,0.0002976029,-0.0008096813
1909,1,-0.0008260271,-0.0051741456,0.0022442404,0.003256565,0.00046793418,-0.00078594574
1910,1,-0.0010250701,-0.007977791,0.0038533523,0.0059930165,0.0010232041,-0.0015468718
1911,1,-0.00656264,-0.013262768,0.006718541,0.019822732,0.0033587757,-0.0013923126
1912,1,0.0067053256,-0.002477151,-0.0016581945,0.0021916523,-2.1697966e-05,0.000110863686
1913,1,0.0038136356,-0.0017762195,-0.0007806177,0.0042142337,-0.00016068913,0.0002620576
1914,1,0.002370281,-0.0022512556,9.919557e-05,0.0060736164,-0.00033300114,0.0005094381
1915,1,0.00019499526,-0.002618991,0.0008716386,0.008010273,-0.00063614524,0.000412699
1916,1,-0.000284965,-0.0030935802,0.0016897075,0.0075057987,-0.001021007,0.0007136831
1917,1,-0.0039337645,-0.0034302543,0.0025683213,0.017961979,-0.0021060482,0.00017623063
1918,1,-0.0066478834,0.005667384,0.0020864026,0.0029371176,-0.0027164363,-0.0005533239
1919,1,0.0067058573,-0.0025468136,-0.0016076742,0.0020660697,8.57403e-06,0.0002797584
1920,1,0.0037653814,-0.0017949962,-0.00069246744,0.0038164142,-0.00025840398,0.00075503415
1921,1,0.00228273,-0.0022843906,0.000118632306,0.005695097,-0.00059351214,0.0010148138
1922,1,-4.1038358e-05,-0.0026768188,0.000930092,0.0075797886,-0.0010158574,0.0012222587
1923,1,-0.00053095556,-0.0032576276,0.0018111563,0.0067636315,-0.0017241379,0.001314225
1924,1,-0.004329372,-0.0036715448,0.0025674815,0.01781309,-0.0027813786,0.00082658144
1925,1,-0.0069239945,0.0058721323,0.0036121055,0.0015376349,-0.0038092865,8.876411e-05
1926,1,0.0066943574,-0.0026625358,-0.0013678123,0.0020807025,-1.4137715e-05,0.00035614998
1927,1,0.003752171,-0.0018729941,-0.00060754496,0.0037811329,-0.00019091774,0.0008793646
1928,1,0.0022848088,-0.002383557,0.00015646222,0.0057093673,-0.00042146342,0.001185468
1929,1,-9.240328e-05,-0.0028165642,0.0009318451,0.0076538045,-0.00074830354,0.0013707145
1930,1,-0.0005416142,-0.0034163748,0.0017216251,0.006994867,-0.0011155094,0.0013775906
1931,1,-0.0045123124,-0.0037438,0.0025001015,0.018690417,-0.0016066373,0.0012122084
1932,1,-0.007344978,0.00616902,0.0033234495,0.0019698173,-0.001448093,0.00055191416
1933,1,0.006657449,-0.0027569756,-0.0011475268,0.0021092433,-4.975424e-05,0.0003190685
1934,1,0.0037455827,-0.0019451721,-0.00050301064,0.0038565446,-0.00013320688,0.0008116919
1935,1,0.0022817862,-0.0024880753,0.00019668503,0.0057783574,-0.00030687128,0.0010743882
1936,1,-7.897515e-05,-0.0029417647,0.00091913244,0.0078121605,-0.0005407446,0.0012076186
1937,1,-0.00053400506,-0.003552534,0.0016379949,0.007253868,-0.00079461787,0.0012301337
1938,1,-0.004469669,-0.00392484,0.0023292124,0.019110076,-0.0011216073,0.0010188572
1939,1,-0.0070758956,0.0060776677,0.0028475046,0.002518521,-0.0010988927,0.00037815273
1940,1,0.00665084,-0.0028262837,-0.0009743892,0.002135179,-2.47834e-05,0.00024042727
1941,1,0.0037320603,-0.0020108111,-0.00041339174,0.003928554,-8.9097535e-05,0.0006043215
1942,1,0.002286461,-0.0025597096,0.00023026126,0.00587205,-0.00019455128,0.000794791
1943,1,-7.697642e-05,-0.0030293395,0.0009076816,0.007946376,-0.0003323167,0.00088675274
1944,1,-0.00050715683,-0.0036825931,0.0015800272,0.0074587725,-0.00047996672,0.00088323996
1945,1,-0.004460841,-0.0040044817,0.0021904244,0.019478131,-0.0006345644,0.0007060005
1946,1,-0.0072509837,0.0060514063,0.002694302,0.0028774529,-0.0005412198,0.000280008
1947,1,0.0066277976,-0.0028774608,-0.0008499555,0.0021629427,-2.6279125e-05,0.00012535954
1948,1,0.0037285516,-0.002044824,-0.00035721474,0.0039848434,-4.1852378e-05,0.00031855548
1949,1,0.0022831704,-0.0026064476,0.0002533906,0.0059294077,-9.35183e-05,0.00041973268
1950,1,-6.416019e-05,-0.0030843057,0.0008972456,0.008035943,-0.00016262147,0.00046668205
1951,1,-0.00049661705,-0.0037428003,0.0015368055,0.00758067,-0.00023135969,0.0004507757
1952,1,-0.0044421433,-0.004056259,0.002086373,0.01965806,-0.00030242265,0.00033896894
1953,1,-0.007085859,0.006061438,0.002422877,0.0030640357,-0.00026254758,0.000119637145
1954,1,0.0066352924,-0.0028912406,-0.00082012085,0.002164713,4.5419648e-07,2.6161485e-08
1955,1,0.0037224917,-0.0020612697,-0.0003338724,0.004001536,-7.1032036e-07,1.0326552e-07
1956,1,0.0022867417,-0.0026182556,0.00025818334,0.005953686,5.5619773e-07,1.5183102e-07
1957,1,-6.709292e-05,-0.0031040567,0.00089917117,0.008064513,-3.3019398e-07,2.4913948e-07
1958,1,-0.0004870841,-0.0037624831,0.0015141607,0.007624701,2.4928667e-07,3.4250806e-07
1959,1,-0.004435133,-0.004055015,0.0020461935,0.019715566,-2.0809419e-07,3.5356194e-07
1960,1,-0.007216663,0.006050227,0.0024689191,0.003113391,-2.5663485e-07,1.9102373e-07
1961,1,0.0066278004,-0.0028775136,-0.00084992166,0.0021632311,2.5676463e-05,-0.00012527619
1962,1,0.0037285485,-0.002044843,-0.00035718977,0.0039850483,4.1454095e-05,-0.00031837565
1963,1,0.0022831918,-0.002606555,0.00025341372,0.005929305,9.3856186e-05,-0.00041941987
1964,1,-6.413869e-05,-0.0030844524,0.00089729356,0.008035851,0.00016244124,-0.00046625407
1965,1,-0.0004965845,-0.003743067,0.0015368548,0.00758045,0.00023156928,-0.00045006466
1966,1,-0.004441986,-0.0040567126,0.0020862794,0.019658137,0.00030202416,-0.0003378968
1967,1,-0.0070859576,0.0060609966,0.0024228625,0.003064951,0.000262124,-0.00011907539
1968,1,0.0066508693,-0.0028264078,-0.0009743585,0.0021350863,2.4349398e-05,-0.00024036701
1969,1,0.003732069,-0.0020108158,-0.00041335935,0.0039287624,8.901469e-05,-0.0006041734
1970,1,0.002286481,-0.0025599261,0.00023032547,0.0058716405,0.0001944974,-0.0007945632
1971,1,-7.691321e-05,-0.0030296177,0.0009077548,0.007946402,0.00033233914,-0.00088638347
1972,1,-0.0005071155,-0.0036831207,0.0015801686,0.0074580694,0.00048002406,-0.0008826735
1973,1,-0.0044604824,-0.0040058107,0.0021905536,0.019478645,0.00063414534,-0.00070465443
1974,1,-0.007251218,0.006050097,0.0026943337,0.0028804133,0.00054038863,-0.00027896688
1975,1,0.006657508,-0.002757148,-0.0011474905,0.002108974,4.98039e-05,-0.00031904186
1976,1,0.0037455803,-0.0019451672,-0.00050296873,0.0038565649,0.00013307176,-0.0008116116
1977,1,0.0022818197,-0.002488351,0.00019675304,0.0057776617,0.00030687038,-0.0010742858
1978,1,-7.8889636e-05,-0.0029421817,0.0009192761,0.007812233,0.00054069253,-0.001207408
1979,1,-0.00053397793,-0.0035532098,0.001638172,0.0072528133,0.0007946063,-0.001229831
1980,1,-0.0044691195,-0.0039269724,0.0023296496,0.019110791,0.001121314,-0.0010181898
1981,1,-0.0070763156,0.0060753794,0.0028477348,0.0025236204,0.0010985311,-0.00037769368
1982,1,0.006694416,-0.0026627672,-0.0013677813,0.002080392,1.4167025e-05,-0.0003561581
1983,1,0.003752175,-0.0018729498,-0.00060750253,0.003781053,0.00019093283,-0.0008793828
1984,1,0.0022848486,-0.0023838922,0.00015653712,0.005708522,0.00042139075,-0.0011854515
1985,1,-9.231645e-05,-0.0028169686,0.0009319837,0.007653732,0.00074828573,-0.0013707931
1986,1,-0.0005415533,-0.0034171888,0.0017218686,0.006993658,0.0011153988,-0.0013775384
1987,1,-0.0045117517,-0.0037459903,0.0025004745,0.018691251,0.0016064567,-0.0012125899
1988,1,-0.0073453425,0.0061668213,0.0033236542,0.0019748774,0.0014477703,-0.0005523575
1989,1,0.0067059444,-0.0025471032,-0.0016076583,0.0020657873,-8.527372e-06,-0.00027976473
1990,1,0.003765361,-0.0017948807,-0.0006924383,0.0038161327,0.0002583898,-0.0007550675
1991,1,0.0022827967,-0.0022847801,0.00011870981,0.0056942576,0.0005934683,-0.0010149122
1992,1,-4.099913e-05,-0.0026770998,0.00093020534,0.0075794808,0.0010157932,-0.0012224114
1993,1,-0.0005308696,-0.0032584397,0.001811417,0.0067622783,0.0017240294,-0.0013146242
1994,1,-0.004328947,-0.0036734352,0.0025677904,0.017813714,0.0027814845,-0.00082716637
1995,1,-0.0069244583,0.0058705574,0.0036124946,0.0015411152,0.0038091708,-8.9187975e-05
1996,1,0.0067054043,-0.0024774298,-0.001658195,0.0021912782,2.1718763e-05,-0.00011090239
1997,1,0.0038136393,-0.0017760779,-0.0007805811,0.004213894,0.00016065603,-0.0002620426
1998,1,0.0023703333,-0.002251664,9.925571e-05,0.0060726325,0.00033299607,-0.0005095505
1999,1,0.00019513402,-0.0026192374,0.0008717552,0.00800974,0.0006360806,-0.00041273236
2000,1,-0.00028488907,-0.0030943083,0.0016899193,0.007504531,0.0010210029,-0.00071403326
2001,1,-0.0039331205,-0.003431801,0.0025686438,0.017961476,0.0021061604,-0.00017650708
2002,1,-0.0066480534,0.005664711,0.0020874473,0.0029413225,0.0027170167,0.0005535409
2003,1,0.0060853534,-0.0014434166,-0.0017165743,0.002897953,2.7190765e-05,8.5963e-05
2004,1,0.0037640436,-0.0015131872,-0.0007935505,0.0060152854,-0.00015530756,0.00024585787
2005,1,0.0016839507,-0.0014521495,-0.00014807281,0.009372771,-0.00038960623,0.00021530846
2006,1,0.00042687674,-0.0010476144,0.00049816567,0.008045748,-0.0005556273,0.0003520786
2007,1,-0.001648952,-0.0014330131,0.0010206589,0.013775096,-0.0009917234,0.000101588106
2008,1,-0.004007724,0.0025326053,0.001253141,0.005707127,-0.0008859506,-0.00019330754
2009,1,-0.005264238,-0.0018737608,0.0018071665,0.0046213185,-0.00037847803,8.214009e-05
2010,1,0.006100407,-0.0014861515,-0.0015063245,0.0026676978,8.446745e-05,0.00021293695
2011,1,0.0037919083,-0.0015501592,-0.0007657248,0.005496702,-0.00029991154,0.00052033825
2012,1,0.0016440477,-0.001515916,-5.2521766e-05,0.008905321,-0.0006557327,0.0006934646
2013,1,0.00041053793,-0.0011337906,0.00059948716,0.007268778,-0.0011037851,0.00070829096
2014,1,-0.001722509,-0.0016437486,0.00120121,0.013417722,-0.0016715357,0.0005280536
2015,1,-0.0039546485,0.0025165323,0.0017130836,0.0045377533,-0.0020400295,1.226589e-07
2016,1,-0.005057665,-0.0025440187,0.0019073746,0.0047571817,-0.0022487123,-0.00011853727
2017,1,0.0060647777,-0.0015347996,-0.0013468536,0.0026661346,1.1204779e-05,0.000258729
2018,1,0.0037881944,-0.0016197254,-0.00064599124,0.005416644,-0.00019571341,0.0006524343
2019,1,0.00160742,-0.0015797304,1.7451559e-05,0.00884282,-0.0005271843,0.00083947874
2020,1,0.0003570956,-0.0011901045,0.0006817525,0.007162158,-0.00088038394,0.0008894807
2021,1,-0.0018649246,-0.0016799215,0.0013089641,0.013551914,-0.0013018355,0.0007705469
2022,1,-0.0042291814,0.0026202616,0.001873327,0.0042976188,-0.0017256796,0.00046396276
2023,1,-0.005297819,-0.0027350434,0.0025449155,0.0044985996,-0.0021127895,0.00014426738
2024,1,0.006053379,-0.0016180564,-0.0011472831,0.002689665,1.6700094e-06,0.0002489557
2025,1,0.0037699197,-0.0016752258,-0.0005483793,0.005465223,-0.00015071075,0.0006134839
2026,1,0.0016050179,-0.0016357973,7.8953344e-05,0.00890081,-0.00037806833,0.0007977108
2027,1,0.00033469836,-0.0012443026,0.0007080951,0.0072702775,-0.00063615304,0.0008363453
2028,1,-0.001866187,-0.001726611,0.0013100643,0.013686812,-0.0009471716,0.00077830226
2029,1,-0.004251636,0.0026070082,0.0018814357,0.004665499,-0.0011557739,0.00053448457
2030,1,-0.005350636,-0.0025962591,0.0024029776,0.004591184,-0.0010168605,0.0002004058
2031,1,0.00601646,-0.0016847966,-0.0009797899,0.0027337617,-2.3915472e-05,0.00018373162
2032,1,0.003760296,-0.0017151244,-0.0004621833,0.005536145,-9.14042e-05,0.00046652468
2033,1,0.0015933743,-0.0016800218,0.00012482687,0.008993188,-0.0002418526,0.0006051421
2034,1,0.00032839936,-0.001291164,0.0007269335,0.0073856097,-0.00041284872,0.0006433503
2035,1,-0.0018800426,-0.0017653267,0.0013176213,0.013874598,-0.00060061977,0.0006017624
2036,1,-0.0043061324,0.0025895115,0.0018518901,0.004861355,-0.00074482645,0.00040816457
2037,1,-0.0052641993,-0.002514363,0.0022680366,0.004554141,-0.00080143695,0.00013335921
2038,1,0.006016296,-0.0017257503,-0.00088558375,0.0027567241,-9.317365e-06,0.000100148
2039,1,0.0037462818,-0.001745299,-0.0004027832,0.0055940617,-4.786373e-05,0.00024982626
2040,1,0.0015927489,-0.001704273,0.00015161156,0.0090598585,-0.00011790376,0.00032416865
2041,1,0.0003202211,-0.001322067,0.0007399477,0.007479219,-0.00019944819,0.00034533153
2042,1,-0.0018732635,-0.0017905558,0.001301064,0.013976974,-0.00029010247,0.00031670454
2043,1,-0.0042988416,0.0025963967,0.0018005151,0.0050269077,-0.0003399365,0.00021747847
2044,1,-0.0053480556,-0.002458708,0.0022278412,0.00461339,-0.0002863443,8.119475e-05
2045,1,0.0059972773,-0.001740945,-0.00083744986,0.002771171,-1.4309962e-06,1.0630362e-06
2046,1,0.0037474504,-0.0017521065,-0.0003866662,0.0056128097,7.674824e-07,-2.630705e-08
2047,1,0.0015875226,-0.0017158993,0.00016426922,0.009086819,-5.479031e-07,1.8708707e-07
2048,1,0.00032353858,-0.0013304189,0.00073908,0.0075062676,3.0441586e-07,2.4969134e-07
2049,1,-0.0018777364,-0.0017963503,0.0013006809,0.014023172,-3.427939e-07,2.952787e-07
2050,1,-0.004316374,0.0025926407,0.0017918602,0.0050520394,-9.9721134e-08,2.4488787e-07
2051,1,-0.005249841,-0.0024398458,0.0021380926,0.004589423,-1.9385932e-07,1.5531748e-08
2052,1,0.006016385,-0.0017256353,-0.00088635157,0.0027569437,8.4434005e-06,-9.897549e-05
2053,1,0.0037463247,-0.0017456793,-0.00040249573,0.005594196,4.8146703e-05,-0.000249157
2054,1,0.0015927628,-0.0017043175,0.00015158755,0.009059814,0.000117583,-0.0003240838
2055,1,0.00032023047,-0.001322257,0.00074003154,0.0074793245,0.00019955746,-0.0003446769
2056,1,-0.0018732056,-0.0017907565,0.0013011025,0.013977049,0.00028973533,-0.00031620928
2057,1,-0.004298877,0.0025962517,0.0018005536,0.0050275885,0.00033951036,-0.00021690114
2058,1,-0.005348132,-0.0024585503,0.002227867,0.004613464,0.00028590107,-8.109498e-05
2059,1,0.0060165445,-0.0016846681,-0.0009800425,0.0027338169,2.3939572e-05,-0.0001835511
2060,1,0.0037603285,-0.0017152791,-0.00046229217,0.00553608,9.110835e-05,-0.00046586513
2061,1,0.0015934337,-0.0016802575,0.00012499401,0.008993304,0.00024191296,-0.0006047946
2062,1,0.0003283782,-0.0012914103,0.00072698714,0.0073855887,0.00041269333,-0.00064302987
2063,1,-0.0018798849,-0.0017658242,0.0013177792,0.013874868,0.0006004438,-0.00060111744
2064,1,-0.0043062633,0.0025892267,0.0018520103,0.0048629288,0.0007442671,-0.00040774586
2065,1,-0.005264399,-0.0025138808,0.002268126,0.004554102,0.0008011595,-0.00013331996
2066,1,0.006053432,-0.0016180353,-0.0011472987,0.0026897164,-1.7488726e-06,-0.0002488866
2067,1,0.0037699386,-0.0016753658,-0.00054840266,0.005464977,0.00015072057,-0.00061338226
2068,1,0.0016051043,-0.0016359738,7.8992496e-05,0.008900891,0.0003779503,-0.00079736125
2069,1,0.00033464708,-0.001244672,0.0007082568,0.0072702565,0.0006361258,-0.000836152
2070,1,-0.0018659409,-0.0017272859,0.0013102576,0.013687042,0.00094701455,-0.0007779763
2071,1,-0.0042518596,0.0026065395,0.0018816825,0.0046680123,0.0011554601,-0.0005342605
2072,1,-0.0053508705,-0.002595326,0.0024030318,0.0045908806,0.0010166017,-0.00020035771
2073,1,0.006064843,-0.001534716,-0.001346865,0.0026661558,-1.1166543e-05,-0.00025869726
2074,1,0.003788216,-0.0016199733,-0.0006459679,0.0054163327,0.00019567278,-0.0006523312
2075,1,0.0016075008,-0.0015798699,1.7526254e-05,0.008842815,0.0005271736,-0.0008394929
2076,1,0.00035705877,-0.0011905081,0.0006818802,0.007162043,0.0008803401,-0.00088934595
2077,1,-0.0018646758,-0.0016806494,0.0013091959,0.013552204,0.0013017617,-0.0007706105
2078,1,-0.004229419,0.0026198335,0.0018735885,0.0043000695,0.0017256857,-0.00046405822
2079,1,-0.005298138,-0.0027342252,0.0025451118,0.004498309,0.0021126578,-0.00014430945
2080,1,0.0061004576,-0.0014859947,-0.0015063289,0.0026676704,-8.439891e-05,-0.00021295257
2081,1,0.0037919523,-0.0015504591,-0.0007656951,0.005496367,0.00029990947,-0.0005203661
2082,1,0.0016440989,-0.0015159905,-5.245635e-05,0.008905198,0.0006557323,-0.0006934602
2083,1,0.00041054122,-0.0011342476,0.0005996332,0.007268535,0.0011038135,-0.00070843525
2084,1,-0.0017223089,-0.0016443823,0.0012014145,0.013417955,0.0016716685,-0.00052819616
2085,1,-0.0039548064,0.0025161407,0.0017133006,0.004539595,0.0020403052,-3.0465029e-07
2086,1,-0.005057882,-0.0025435477,0.0019076983,0.0047571273,0.0022490902,0.00011856612
2087,1,0.0060854126,-0.0014432647,-0.0017165627,0.0028978616,-2.7186285e-05,-8.593949e-05
2088,1,0.0037640852,-0.0015135328,-0.00079352676,0.0060149645,0.00015531466,-0.00024591878
2089,1,0.0016840436,-0.0014521739,-0.00014800318,0.009372425,0.00038961324,-0.00021530926
2090,1,0.00042688925,-0.0010481178,0.00049828313,0.008045684,0.0005556577,-0.0003521873
2091,1,-0.0016486585,-0.0014334901,0.0010208288,0.013774804,0.000991891,-0.0001017052
2092,1,-0.0040077944,0.0025319213,0.0012533766,0.005709406,0.0008862136,0.00019332813
2093,1,-0.0052644275,-0.0018726753,0.0018070866,0.004620944,0.00037877486,-8.2255494e-05
2094,1,0.005601146,-0.001837831,-0.001465013,0.0027350015,0.00019932527,4.255082e-05
2095,1,0.0033433689,-0.0011626449,-0.00087754894,0.008457617,-0.00015752134,8.809541e-05
2096,1,0.0015932198,-0.0004891646,-0.00027102442,0.008160624,-0.00020356168,0.00019178235
2097,1,-5.1763855e-05,-0.0008578072,0.00021243995,0.012402176,-0.00044576862,8.255928e-05
2098,1,-0.0017698624,0.0010981383,0.0006257915,0.007900505,-0.0003776229,3.7228878e-05
2099,1,-0.003420757,-0.0009166438,0.0011800778,0.00980546,-0.00036093447,6.805882e-05
2100,1,-0.0054067774,0.0038198978,0.0015142343,0.0018336925,-0.0008996248,-0.00011642138
2101,1,0.0056596952,-0.0019031918,-0.0014594814,0.0024203958,0.00016791256,0.00012189944
2102,1,0.0033939471,-0.001229387,-0.0007792201,0.008001248,-0.000174025,0.00032638243
2103,1,0.0016610204,-0.0005414308,-0.00021412953,0.007433805,-0.00051869795,0.00039124212
2104,1,-1.8713279e-06,-0.0010109337,0.0003245617,0.011988265,-0.0008258955,0.00036823028
2105,1,-0.0016650327,0.0010379319,0.0007939295,0.007016669,-0.0010628139,0.00016682733
2106,1,-0.0032792033,-0.00125473,0.001179391,0.009709109,-0.0011933214,5.7336205e-05
2107,1,-0.005311019,0.004039989,0.0017077625,0.001412831,-0.001211759,-2.3245432e-06
2108,1,0.0056580594,-0.0019905171,-0.0012780626,0.0023814742,0.00014418624,0.00017223074
2109,1,0.0033841794,-0.0012735934,-0.0006880891,0.007899103,-0.0001438068,0.00042712255
2110,1,0.001638141,-0.00058342516,-0.0001063409,0.007189282,-0.00044383697,0.00052769185
2111,1,-5.9148213e-05,-0.0010605947,0.00043331966,0.01185208,-0.00077173876,0.00050807797
2112,1,-0.0017731523,0.0010359226,0.00094567426,0.0066765063,-0.00109443,0.0003731839
2113,1,-0.0033647309,-0.0013738672,0.0014145261,0.009515326,-0.0013668196,0.00015570868
2114,1,-0.005374027,0.004057828,0.0017878134,0.0013829144,-0.001553503,3.4163832e-06
2115,1,0.0056198314,-0.002042825,-0.0011211188,0.0023821257,7.2067116e-05,0.00016460563
2116,1,0.0033765894,-0.0013141903,-0.0005856706,0.007896635,-8.7492575e-05,0.00042088467
2117,1,0.0016168116,-0.0006149623,-4.0071358e-05,0.007195266,-0.00032078306,0.00051929435
2118,1,-7.835084e-05,-0.0010834078,0.0004999771,0.011801449,-0.0005786119,0.0005296111
2119,1,-0.001817855,0.0010231198,0.001009847,0.0067551355,-0.00080796774,0.0004153015
2120,1,-0.003452696,-0.0013357423,0.0014825372,0.009404517,-0.0009931129,0.00028191062
2121,1,-0.005428509,0.0039719907,0.0019788633,0.0013056383,-0.0011374262,0.000100497375
2122,1,0.005605474,-0.0020875242,-0.0009889511,0.0024118815,4.612908e-05,0.0001308924
2123,1,0.0033577136,-0.0013475355,-0.0005039544,0.007938039,-5.853679e-05,0.00032691698
2124,1,0.0016031263,-0.0006369899,1.5747928e-05,0.0072439658,-0.00021059185,0.00041044434
2125,1,-9.583351e-05,-0.0010984038,0.0005393459,0.01185115,-0.0003808963,0.000420146
2126,1,-0.0018440892,0.0010082449,0.0010427454,0.006824619,-0.0005520713,0.00035593435
2127,1,-0.0034555101,-0.0013203693,0.0015051801,0.009440215,-0.00067340175,0.0002449196
2128,1,-0.0054238955,0.003954148,0.001917774,0.0013897873,-0.00066166546,8.5421285e-05
2129,1,0.0055750385,-0.0021186303,-0.0008883362,0.0024283358,1.3696478e-05,6.8593064e-05
2130,1,0.0033520611,-0.0013650616,-0.0004523619,0.007979156,-2.7284757e-05,0.00017747123
2131,1,0.0015906116,-0.0006527939,4.8804373e-05,0.00729618,-0.000102142825,0.00022380627
2132,1,-0.000101162186,-0.0011089706,0.0005620913,0.011890545,-0.00018982937,0.00023256478
2133,1,-0.0018576883,0.0010002779,0.001059795,0.0069150277,-0.00026622982,0.00019849664
2134,1,-0.0034900475,-0.0013097011,0.0015138586,0.009446254,-0.00032152908,0.00013917705
2135,1,-0.005398153,0.0039452547,0.0018972327,0.0013628092,-0.00035738322,4.7830297e-05
2136,1,0.005581894,-0.0021285024,-0.00086842175,0.0024399497,1.3375426e-06,1.7211295e-06
2137,1,0.0033441875,-0.0013737789,-0.0004318952,0.007994379,-7.3653e-07,-5.3332445e-07
2138,1,0.0015901211,-0.0006567544,6.025221e-05,0.0073134066,4.0110103e-07,5.3715314e-07
2139,1,-0.0001064988,-0.0011131235,0.00057014974,0.011915175,-3.8000235e-07,-6.198703e-08
2140,1,-0.0018603782,0.0009966238,0.0010618909,0.0069275694,6.43164e-08,3.347209e-07
2141,1,-0.003473873,-0.0013042276,0.0015021857,0.009473958,-2.47492e-07,-4.415161e-09
2142,1,-0.00542326,0.003948777,0.0018879275,0.0014093515,-4.5994252e-08,1.4354045e-07
2143,1,0.0055751647,-0.002118555,-0.0008892462,0.0024281214,-1.28160855e-05,-6.703818e-05
2144,1,0.0033520758,-0.0013653655,-0.00045197445,0.007979008,2.6920514e-05,-0.00017715144
2145,1,0.0015906265,-0.00065283716,4.869307e-05,0.0072963233,0.00010227967,-0.00022346637
2146,1,-0.000101148245,-0.0011091004,0.0005622242,0.011890515,0.00018950895,-0.00023221808
2147,1,-0.0018576954,0.0010002161,0.0010598006,0.006915358,0.00026609492,-0.00019815365
2148,1,-0.0034900839,-0.0013097026,0.0015139304,0.009446287,0.00032119523,-0.00013899423
2149,1,-0.005398187,0.003945175,0.0018972466,0.0013629525,0.00035727042,-4.772623e-05
2150,1,0.0056055365,-0.002087491,-0.0009891001,0.0024119082,-4.6163434e-05,-0.00013088268
2151,1,0.003357768,-0.001347536,-0.00050413655,0.007937991,5.8731293e-05,-0.000326114
2152,1,0.0016031276,-0.00063726294,1.5936299e-05,0.007244067,0.00021038993,-0.00041021532
2153,1,-9.578806e-05,-0.0010985062,0.00053936004,0.011851197,0.00038085482,-0.0004197795
2154,1,-0.0018441225,0.0010080545,0.0010428826,0.006825234,0.00055180665,-0.00035568903
2155,1,-0.0034555842,-0.0013202621,0.00150525,0.009440195,0.0006732256,-0.000244771
2156,1,-0.0054239323,0.003953811,0.001917817,0.0013901269,0.00066156493,-8.531061e-05
2157,1,0.005619911,-0.0020428945,-0.0011212275,0.002382171,-7.19849e-05,-0.0001644337
2158,1,0.0033766285,-0.00131414,-0.00058568415,0.007896626,8.742011e-05,-0.00042075553
2159,1,0.001616811,-0.0006151639,-4.007054e-05,0.0071954494,0.00032080297,-0.0005189296
2160,1,-7.8281846e-05,-0.0010836041,0.00050012616,0.01180139,0.00057849876,-0.00052943255
2161,1,-0.00181791,0.0010229137,0.0010099461,0.0067561134,0.0008078589,-0.00041511588
2162,1,-0.0034527937,-0.0013355503,0.0014826645,0.009404255,0.0009929881,-0.00028185
2163,1,-0.005428563,0.0039714267,0.0019789198,0.0013061889,0.001137347,-0.00010048487
2164,1,0.005658145,-0.0019906678,-0.001278073,0.0023815003,-0.00014415462,-0.0001722233
2165,1,0.0033842146,-0.0012735315,-0.0006880938,0.007899065,0.00014382806,-0.00042700086
2166,1,0.0016381434,-0.00058367325,-0.000106285566,0.007189445,0.0004438094,-0.000527629
2167,1,-5.9078906e-05,-0.001060743,0.00043340828,0.011852036,0.00077172887,-0.00050794915
2168,1,-0.0017732113,0.0010356773,0.00094583136,0.006677442,0.0010944345,-0.00037317164
2169,1,-0.0033648391,-0.0013736994,0.001414644,0.009515114,0.0013668261,-0.00015563618
2170,1,-0.0053740917,0.0040572737,0.0017879314,0.0013834538,0.0015535649,-3.412785e-06
2171,1,0.0056598065,-0.0019034412,-0.0014594855,0.0024204154,-0.00016789832,-0.00012188655
2172,1,0.0033939662,-0.0012292389,-0.0007792182,0.008001178,0.00017404558,-0.0003263788
2173,1,0.0016610487,-0.0005417519,-0.00021407311,0.007433906,0.0005187243,-0.0003912102
2174,1,-1.8151553e-06,-0.001011032,0.00032465297,0.011988211,0.0008259586,-0.0003682599
2175,1,-0.0016650445,0.0010376797,0.0007940395,0.007017417,0.0010629472,-0.00016682134
2176,1,-0.0032792732,-0.001254649,0.0011795324,0.009709067,0.0011934828,-5.734961e-05
2177,1,-0.0053110607,0.0040396214,0.001707763,0.0014132574,0.001211899,2.289449e-06
2178,1,0.0056012613,-0.0018380951,-0.0014650599,0.0027350679,-0.000199303,-4.2590815e-05
2179,1,0.0033433894,-0.0011624594,-0.00087751006,0.008457372,0.0001575177,-8.8077395e-05
2180,1,0.001593258,-0.000489546,-0.0002709943,0.0081609115,0.00020358516,-0.00019183267
2181,1,-5.168152e-05,-0.00085781066,0.00021252024,0.012401817,0.00044583753,-8.2553575e-05
2182,1,-0.001769848,0.0010977461,0.0006258699,0.007901574,0.00037771073,-3.7252543e-05
2183,1,-0.0034208158,-0.00091627036,0.0011800862,0.009805051,0.00036104542,-6.8098234e-05
2184,1,-0.005406779,0.0038191648,0.0015143303,0.0018342367,0.0008996041,0.000116481315
2185,1,0.0049465974,-0.001401061,-0.0013931493,0.0035779034,7.0623886e-05,1.4321261e-05
2186,1,0.0030326569,-0.0006697098,-0.00080895354,0.0067638257,2.8620228e-05,7.868108e-05
2187,1,0.0013658472,-0.0007837778,-0.00034987222,0.01149738,-0.00016981048,5.351026e-05
2188,1,-0.00017801294,0.0005380551,9.1196736e-05,0.008885169,-0.00013860561,7.392621e-05
2189,1,-0.0016176437,-0.00056044915,0.0005513664,0.012083887,-0.00024061353,6.100671e-05
2190,1,-0.003392445,0.0023327614,0.0009133307,0.0055946326,-0.00036815094,-6.935218e-05
2191,1,-0.0044240756,-0.00058000936,0.0012806747,0.0033094485,-5.300591e-05,1.9544625e-05
2192,1,0.0050137956,-0.0014510782,-0.0013025743,0.0033608605,0.00037000372,7.445679e-05
2193,1,0.0031194142,-0.0007096309,-0.00078613946,0.0061003817,-6.308303e-05,0.0001694193
2194,1,0.0014565221,-0.0008926447,-0.0002896275,0.0110784555,-0.00027648572,0.00022918593
2195,1,-6.452689e-05,0.0004945253,0.00015415886,0.008099798,-0.00048637937,0.00017538932
2196,1,-0.00149669,-0.0007624351,0.0005743427,0.011822328,-0.0006277599,0.00014018524
2197,1,-0.003277851,0.002419552,0.0010060298,0.004885398,-0.00072784215,-1.458213e-06
2198,1,-0.0042363536,-0.00093841087,0.0013512564,0.0032405185,-0.0011172455,-3.607052e-05
2199,1,0.005012088,-0.0014863339,-0.0012089185,0.0033043982,0.00024911112,0.000105286366
2200,1,0.0031280564,-0.00075953314,-0.00068553514,0.0058743246,8.13622e-06,0.00025654322
2201,1,0.0014519192,-0.00094371353,-0.00020453641,0.010854938,-0.0002916423,0.00031162205
2202,1,-9.064929e-05,0.0004659201,0.00026299618,0.0077384105,-0.0005383453,0.00028709977
2203,1,-0.0015181557,-0.00084546546,0.0006914708,0.011602089,-0.000770456,0.00019225
2204,1,-0.0033191934,0.0024406088,0.0010823063,0.0046204976,-0.000963385,9.759089e-05
2205,1,-0.0042599197,-0.0010412387,0.0015314809,0.0031053673,-0.0010885813,4.5768094e-05
2206,1,0.004996003,-0.0015387099,-0.0010741377,0.0032866271,0.0002172231,0.000109524706
2207,1,0.00311149,-0.00079202536,-0.0005992312,0.005839513,9.522464e-06,0.00026035772
2208,1,0.0014362367,-0.00096651,-0.0001241238,0.010745155,-0.00020380628,0.00032784743
2209,1,-0.000118445736,0.00044037492,0.00033358828,0.0076765986,-0.0004224894,0.00030077735
2210,1,-0.0015694152,-0.00084501633,0.00077402836,0.011443657,-0.00062932965,0.0002493736
2211,1,-0.0033603206,0.0023884452,0.0011919492,0.0045654024,-0.0008117085,0.00013354854
2212,1,-0.004284306,-0.0010213141,0.0015574447,0.0030939432,-0.0009801307,3.418511e-05
2213,1,0.004961666,-0.0015793468,-0.000953858,0.0032834162,0.00012252794,8.2784805e-05
2214,1,0.0030986979,-0.0008140167,-0.0005251229,0.005849881,1.6884856e-05,0.00020795736
2215,1,0.0014202053,-0.0009807566,-7.108867e-05,0.010730969,-0.0001347042,0.00026286195
2216,1,-0.00013717428,0.0004262936,0.00038447598,0.007668214,-0.00028891576,0.00025498832
2217,1,-0.0015869848,-0.00084484724,0.0008174893,0.011423972,-0.00043093695,0.00020998088
2218,1,-0.0033905804,0.0023734774,0.0012258296,0.004550069,-0.000539189,0.00014118369
2219,1,-0.0042988574,-0.0010096428,0.0016237131,0.003023472,-0.0006227104,5.8662394e-05
2220,1,0.004953345,-0.0016041946,-0.000888961,0.0032963844,6.314507e-05,4.762904e-05
2221,1,0.0030844302,-0.00083088176,-0.00047536445,0.005872952,7.0824385e-06,0.000114729664
2222,1,0.0014112544,-0.0009873644,-3.511513e-05,0.010735329,-6.6686276e-05,0.00014615286
2223,1,-0.00014944893,0.00041756645,0.0004117873,0.0076975473,-0.00014394883,0.00014245888
2224,1,-0.001605118,-0.00084346917,0.0008444754,0.0114100715,-0.00021966388,0.00012484622
2225,1,-0.0033908847,0.0023603472,0.0012473199,0.004574755,-0.00028144175,8.234565e-05
2226,1,-0.0042953123,-0.0009955945,0.0015996804,0.0030549653,-0.00031378228,2.9592047e-05
2227,1,0.004937672,-0.0016135777,-0.0008518958,0.0032941767,-2.5055755e-07,-8.0352044e-07
2228,1,0.0030838815,-0.00083431206,-0.000460599,0.005880437,3.7033328e-07,7.1962614e-07
2229,1,0.0014066214,-0.0009911912,-2.4397923e-05,0.010745572,-3.3605048e-07,-2.346226e-07
2230,1,-0.00015227897,0.00041571882,0.00042179698,0.0077000414,1.3928832e-07,3.5583534e-07
2231,1,-0.0016059779,-0.0008449374,0.00085163186,0.011427607,-2.1760559e-07,-5.3781687e-08
2232,1,-0.0034063198,0.002359391,0.0012539555,0.0045703966,8.774839e-09,1.9915693e-07
2233,1,-0.0042962735,-0.000993652,0.0016145796,0.0030190719,-6.066022e-08,-8.6845e-08
2234,1,0.0049532866,-0.0016041615,-0.0008887586,0.0032961736,-6.278908e-05,-4.8008955e-05
2235,1,0.0030844721,-0.00083092164,-0.00047553255,0.005872896,-6.881998e-06,-0.00011406906
2236,1,0.001411251,-0.0009874357,-3.4976052e-05,0.010735292,6.641718e-05,-0.00014608155
2237,1,-0.00014944436,0.0004175221,0.00041175916,0.007697692,0.00014396971,-0.00014209143
2238,1,-0.0016051285,-0.00084349717,0.00084454584,0.011410066,0.00021941836,-0.00012474177
2239,1,-0.0033909085,0.0023602974,0.0012473278,0.0045749517,0.00028135834,-8.210771e-05
2240,1,-0.0042953445,-0.0009955415,0.001599696,0.0030549713,0.00031371036,-2.9608824e-05
2241,1,0.0049617235,-0.0015792688,-0.0009540729,0.0032833659,-0.0001222476,-8.240477e-05
2242,1,0.003098715,-0.00081415253,-0.000525064,0.0058499416,-1.6888229e-05,-0.00020777446
2243,1,0.0014202213,-0.0009807552,-7.109447e-05,0.0107308775,0.000134716,-0.00026248893
2244,1,-0.00013717898,0.00042614524,0.00038456212,0.007668521,0.00028876678,-0.0002548405
2245,1,-0.0015869981,-0.0008448295,0.0008175329,0.011423901,0.00043087365,-0.00020976384
2246,1,-0.003390625,0.0023733014,0.0012258894,0.004550517,0.00053906237,-0.00014107586
2247,1,-0.004298934,-0.00100941,0.001623732,0.0030234214,0.0006226453,-5.864236e-05
2248,1,0.0049960464,-0.001538635,-0.0010741411,0.0032866022,-0.00021721472,-0.00010951938
2249,1,0.0031115331,-0.0007921623,-0.00059929176,0.005839767,-9.443134e-06,-0.0002601057
2250,1,0.0014362488,-0.000966482,-0.0001240718,0.010744991,0.00020376206,-0.00032766274
2251,1,-0.000118450116,0.00044019645,0.0003336393,0.0076770866,0.00042245365,-0.0003005928
2252,1,-0.0015694326,-0.00084496813,0.0007741092,0.011443446,0.0006292678,-0.00024926505
2253,1,-0.0033603813,0.002388156,0.0011920154,0.0045661093,0.00081165996,-0.00013345097
2254,1,-0.0042844233,-0.0010209157,0.0015574939,0.0030938108,0.0009801341,-3.414352e-05
2255,1,0.0050121434,-0.0014862054,-0.0012089569,0.0033043672,-0.0002490638,-0.00010521995
2256,1,0.0031281018,-0.0007597361,-0.00068553374,0.005874583,-8.142236e-06,-0.00025647762
2257,1,0.0014519313,-0.00094363344,-0.00020451705,0.01085481,0.0002916549,-0.00031149623
2258,1,-9.0651076e-05,0.000465718,0.00026306178,0.0077388925,0.0005383509,-0.00028701752
2259,1,-0.0015181715,-0.0008454222,0.00069154304,0.011601908,0.00077046664,-0.00019216268
2260,1,-0.0033192579,0.0024403392,0.0010823869,0.004621206,0.0009634368,-9.7582124e-05
2261,1,-0.0042600324,-0.001040874,0.0015315028,0.0031052504,0.0010886674,-4.5768295e-05
2262,1,0.0050138426,-0.0014508693,-0.0013025906,0.0033608435,-0.00036997028,-7.446382e-05
2263,1,0.0031194792,-0.0007099166,-0.0007861351,0.006100638,6.309836e-05,-0.00016938818
2264,1,0.0014565256,-0.00089250476,-0.00028960366,0.011078315,0.00027651305,-0.00022914946
2265,1,-6.450321e-05,0.00049428584,0.00015420424,0.008100246,0.0004864259,-0.00017535195
2266,1,-0.0014966957,-0.00076238,0.0005744044,0.011822205,0.00062782347,-0.00014016489
2267,1,-0.0032778946,0.0024193318,0.00100606,0.004886004,0.0007279288,1.4588269e-06
2268,1,-0.004236446,-0.0009381431,0.0013513097,0.0032404496,0.0011172843,3.6101286e-05
2269,1,0.004946636,-0.0014007905,-0.0013931413,0.0035778165,-7.0649454e-05,-1.4288333e-05
2270,1,0.0030327288,-0.0006700669,-0.00080896774,0.00676424,-2.8605147e-05,-7.870809e-05
2271,1,0.0013658489,-0.000783548,-0.00034984495,0.011497021,0.0001698218,-5.349112e-05
2272,1,-0.00017797848,0.0005377162,9.122334e-05,0.008885885,0.00013863361,-7.393384e-05
2273,1,-0.0016176514,-0.0005602373,0.0005513921,0.012083471,0.00024065204,-6.1019487e-05
2274,1,-0.0033924596,0.0023323414,0.0009133891,0.0055954554,0.0003681732,6.935863e-05
2275,1,-0.004424182,-0.0005794927,0.0012806793,0.003309278,5.3105614e-05,-1.9589083e-05
2276,1,0.0043176976,-0.00097217003,-0.0011984583,0.0026874614,0.0003360705,2.3710725e-05
2277,1,0.0027306324,-0.0010661536,-0.0007642448,0.008901328,-3.570928e-05,1.7023312e-05
2278,1,0.0011499418,0.00017841911,-0.0003438584,0.008664945,1.869612e-05,5.454537e-05
2279,1,-0.00015488938,-0.0005369111,6.4779284e-05,0.012677756,-0.00010954888,4.534557e-05
2280,1,-0.001653834,0.0013635979,0.0004160562,0.0082317535,-0.00013420796,-9.997307e-06
2281,1,-0.0027452959,-0.00036669322,0.00080798834,0.008636361,-4.2228774e-05,4.148521e-05
2282,1,-0.004321081,0.0026031188,0.0012131656,0.0021720852,-0.0005106966,-2.630097e-05
2283,1,0.0044014733,-0.0010029698,-0.0011868463,0.0023771941,0.0003948284,3.1811953e-05
2284,1,0.0028259868,-0.0011486923,-0.0007297974,0.008495776,0.00013222866,0.00010852891
2285,1,0.0012584272,0.00015023892,-0.00031704575,0.007944209,-0.000104263236,0.00011733842
2286,1,-4.0428487e-05,-0.0006696672,7.770659e-05,0.012318433,-0.00023234545,0.00012460897
2287,1,-0.0015386239,0.0013820286,0.00046122482,0.007491926,-0.00036266152,5.487951e-05
2288,1,-0.002601839,-0.0005910563,0.00080839737,0.0083773965,-0.0005258555,1.7465778e-05
2289,1,-0.004217662,0.0027467306,0.0011702982,0.0018890785,-0.0005819098,9.719025e-07
2290,1,0.0044189696,-0.0010538979,-0.0010972946,0.0022985765,0.0004633091,6.2836414e-05
2291,1,0.0028429083,-0.0011925986,-0.00065909344,0.00829355,0.00013387995,0.00015321134
2292,1,0.0012697489,0.000115584924,-0.00024114315,0.007583079,-9.62364e-05,0.00018036527
2293,1,-2.712016e-05,-0.00073418184,0.0001509999,0.012058198,-0.00031603745,0.00016742336
2294,1,-0.0015455432,0.0013783048,0.000528863,0.007120358,-0.00049387437,0.00011712774
2295,1,-0.002590713,-0.0006712526,0.0008971702,0.008148463,-0.0006712122,4.8522117e-05
2296,1,-0.004185336,0.0027498587,0.0012289758,0.001809907,-0.0009917062,-1.0726287e-05
2297,1,0.004394354,-0.0010892461,-0.0009858706,0.002257841,0.00032710127,5.973579e-05
2298,1,0.0028330695,-0.0012210946,-0.0005788198,0.008189438,0.00014261973,0.00016129186
2299,1,0.0012560488,8.556047e-05,-0.00017228913,0.0074772206,-6.810398e-05,0.00019186232
2300,1,-5.284829e-05,-0.00074924895,0.00022640452,0.011865523,-0.00026279863,0.00018624587
2301,1,-0.0015700257,0.0013437958,0.00060204463,0.0070136352,-0.0004506426,0.00013127325
2302,1,-0.0026250293,-0.00066124025,0.0009560007,0.008002308,-0.000619609,8.4608386e-05
2303,1,-0.00421863,0.0026997188,0.0013296979,0.0017356358,-0.00073764066,3.351208e-05
2304,1,0.0043754457,-0.0011175732,-0.0009027535,0.002262001,0.00023545098,5.2379128e-05
2305,1,0.0028168473,-0.0012421286,-0.00051194197,0.00815051,9.8820936e-05,0.0001312672
2306,1,0.0012409752,6.873013e-05,-0.00011617431,0.0074349213,-4.1399326e-05,0.00015666107
2307,1,-6.8097215e-05,-0.00075581565,0.000271229,0.011802059,-0.00018324831,0.0001541837
2308,1,-0.0015949917,0.00132801,0.0006510243,0.0069589927,-0.00031276714,0.00012257724
2309,1,-0.0026436297,-0.0006621786,0.0010100937,0.007936612,-0.00043471975,7.628807e-05
2310,1,-0.004208372,0.0026743838,0.0013320061,0.0017493055,-0.0005561173,1.7627897e-05
2311,1,0.0043527894,-0.0011367501,-0.00083064823,0.0022523333,0.0001090102,2.6422762e-05
2312,1,0.002807888,-0.0012526625,-0.00047074552,0.008139528,5.118062e-05,7.152774e-05
2313,1,0.0012314315,5.898822e-05,-8.5477855e-05,0.0074343733,-2.0468675e-05,8.8653e-05
2314,1,-8.048614e-05,-0.0007589052,0.00030303383,0.011768915,-9.4179835e-05,8.833235e-05
2315,1,-0.0016024964,0.0013186675,0.00067557784,0.006959526,-0.0001635725,6.9677924e-05
2316,1,-0.0026572514,-0.00065607444,0.0010278906,0.007900434,-0.00022132896,4.986393e-05
2317,1,-0.004220745,0.0026576077,0.0013697738,0.001711866,-0.00026273442,1.933068e-05
2318,1,0.004352875,-0.0011432895,-0.0008203264,0.0022628233,1.6672153e-07,5.56196e-07
2319,1,0.002802946,-0.0012577462,-0.00045477628,0.008140021,-1.7270311e-07,-3.2904234e-07
2320,1,0.00122804,5.6248125e-05,-7.242073e-05,0.007430309,1.3197625e-07,3.9998645e-07
2321,1,-8.3098e-05,-0.00075997104,0.000310022,0.011771293,-1.7633252e-07,-1.2011863e-07
2322,1,-0.0016105354,0.0013169418,0.00068654236,0.0069484375,4.928032e-08,2.3612388e-07
2323,1,-0.0026574116,-0.0006586296,0.0010394376,0.007901208,-9.3473e-08,-7.128237e-08
2324,1,-0.004209286,0.0026570621,0.0013519776,0.0017386427,3.177913e-08,1.3475102e-07
2325,1,0.004352828,-0.0011368016,-0.000830757,0.002252462,-0.000109108565,-2.6062715e-05
2326,1,0.002807864,-0.0012526177,-0.00047065908,0.0081394585,-5.1218354e-05,-7.165675e-05
2327,1,0.0012314515,5.89379e-05,-8.552798e-05,0.0074344506,2.0518952e-05,-8.822742e-05
2328,1,-8.0496546e-05,-0.0007589075,0.00030309564,0.011768877,9.4001465e-05,-8.8319415e-05
2329,1,-0.0016025015,0.0013186277,0.00067557173,0.006959679,0.00016356542,-6.938844e-05
2330,1,-0.0026572787,-0.00065604714,0.0010279219,0.007900413,0.00022122706,-4.988202e-05
2331,1,-0.0042207604,0.0026575779,0.0013697763,0.0017119027,0.00026276513,-1.9210964e-05
2332,1,0.0043754587,-0.0011176857,-0.00090266,0.0022620289,-0.00023541195,-5.246011e-05
2333,1,0.0028168587,-0.0012420432,-0.00051198533,0.008150412,-9.875931e-05,-0.00013103453
2334,1,0.001240984,6.861324e-05,-0.000116134615,0.0074351365,4.1325988e-05,-0.00015654495
2335,1,-6.810021e-05,-0.0007557775,0.00027124924,0.011801924,0.00018323178,-0.00015396604
2336,1,-0.0015950085,0.0013278918,0.00065106654,0.0069593596,0.00031267764,-0.00012247483
2337,1,-0.0026436835,-0.0006620585,0.0010101201,0.007936496,0.00043468928,-7.618663e-05
2338,1,-0.004208394,0.002674231,0.0013320241,0.0017494127,0.000556164,-1.759295e-05
2339,1,0.0043944283,-0.0010893911,-0.0009859386,0.00225796,-0.00032704227,-5.962125e-05
2340,1,0.0028330744,-0.0012209762,-0.0005787979,0.008189288,-0.00014262566,-0.00016118014
2341,1,0.0012560679,8.5396794e-05,-0.00017228088,0.0074775936,6.8109366e-05,-0.00019171629
2342,1,-5.285416e-05,-0.0007491683,0.00022644251,0.011865275,0.00026276478,-0.00018611776
2343,1,-0.0015700466,0.0013436087,0.0006020901,0.00701421,0.0004506261,-0.00013116532
2344,1,-0.0026251066,-0.00066102465,0.00095604244,0.008002071,0.000619612,-8.4552645e-05
2345,1,-0.004218651,0.0026994469,0.0013297115,0.0017358158,0.0007376994,-3.3509707e-05
2346,1,0.004419048,-0.0010541319,-0.0010972803,0.002298725,-0.0004633081,-6.284083e-05
2347,1,0.0028429178,-0.0011924086,-0.00065911125,0.008293435,-0.00013385907,-0.00015312755
2348,1,0.0012697763,0.00011537649,-0.00024112531,0.00758348,9.623888e-05,-0.00018028071
2349,1,-2.712595e-05,-0.0007340796,0.00015103184,0.012057966,0.00031604382,-0.00016733493
2350,1,-0.0015455617,0.0013781199,0.0005289053,0.007120953,0.0004939028,-0.000117078576
2351,1,-0.0025907888,-0.000671058,0.00089720363,0.008148242,0.0006712606,-4.846906e-05
2352,1,-0.0041853683,0.0027496226,0.001229005,0.0018100851,0.000991757,1.0752687e-05
2353,1,0.004401581,-0.0010032931,-0.0011868622,0.0023773387,-0.00039484614,-3.1783107e-05
2354,1,0.0028259852,-0.0011484295,-0.00072980206,0.008495658,-0.0001322147,-0.00010850226
2355,1,0.0012584714,0.00014997178,-0.00031703713,0.007944638,0.00010427139,-0.00011730429
2356,1,-4.0434858e-05,-0.0006695206,7.772873e-05,0.012318204,0.00023236863,-0.00012456361
2357,1,-0.0015386291,0.0013818371,0.00046125005,0.0074925013,0.00036270404,-5.4861153e-05
2358,1,-0.002601902,-0.0005908884,0.0008084356,0.008377213,0.0005258987,-1.7449815e-05
2359,1,-0.00421769,0.0027465469,0.0011703083,0.0018892434,0.00058202614,-9.940945e-07
2360,1,0.004317816,-0.000972595,-0.0011984895,0.0026876864,-0.0003360524,-2.3755465e-05
2361,1,0.0027306175,-0.0010657813,-0.00076424045,0.008901063,3.5688015e-05,-1.7005324e-05
2362,1,0.0011499954,0.00017805121,-0.00034385783,0.008665606,-1.868006e-05,-5.4552984e-05
2363,1,-0.00015490425,-0.00053664704,6.4791835e-05,0.012677284,0.00010955296,-4.534119e-05
2364,1,-0.0016538224,0.0013632792,0.00041608082,0.008232576,0.00013422538,9.997757e-06
2365,1,-0.0027453653,-0.00036637043,0.0008079967,0.00863599,4.2278316e-05,-4.1498424e-05
2366,1,-0.004321084,0.0026027616,0.0012131771,0.0021723218,0.00051067927,2.632642e-05
2367,1,0.0038192733,-0.0015260665,-0.0010471515,0.0034326327,0.00014379996,-1.2957781e-05
2368,1,0.0023079999,-0.00011362284,-0.0006744258,0.006661907,0.00015415462,3.2140146e-05
2369,1,0.0010677432,-0.0007541305,-0.00030191772,0.01174108,-1.0406091e-05,2.469093e-05
2370,1,-0.00027707627,0.00077889295,2.2888054e-05,0.009315005,-3.5674666e-06,1.1463718e-05
2371,1,-0.0013201195,-0.0003288364,0.0003749989,0.0116099445,-2.353594e-05,4.4232285e-05
2372,1,-0.002641427,0.0017215159,0.0007029573,0.0061690724,-0.0001944246,-2.50084e-05
2373,1,-0.0034832554,-6.890151e-05,0.00096127635,0.0032076763,-5.311589e-05,5.8440028e-06
2374,1,0.0039156214,-0.0016036625,-0.0010401536,0.0032416,0.0006308449,3.5163936e-05
2375,1,0.0024049142,-0.00012805579,-0.0006523647,0.006032408,0.0002083066,5.1605286e-05
2376,1,0.0011768388,-0.0008539813,-0.0003004151,0.011354294,6.9407375e-05,8.287733e-05
2377,1,-0.00016731597,0.00077415927,4.5143446e-05,0.008580956,-7.6710385e-05,6.18985e-05
2378,1,-0.0011993268,-0.00047933043,0.0003698727,0.011265361,-0.00018948606,4.8585425e-05
2379,1,-0.0025458245,0.0017931415,0.0006944688,0.005564929,-0.00028511087,9.111194e-06
2380,1,-0.003354882,-0.00026694546,0.001022785,0.0030482886,-0.0007224642,-5.289781e-06
2381,1,0.0039328844,-0.001641901,-0.0009579239,0.0031584608,0.00054907775,3.4114848e-05
2382,1,0.0024279482,-0.00016215885,-0.00059675495,0.005765785,0.0003120093,9.002377e-05
2383,1,0.0012038797,-0.0009088696,-0.00024119654,0.011066691,6.231643e-05,0.00011114339
2384,1,-0.00015281385,0.00075688044,0.00010048132,0.008184262,-0.000112846516,9.528744e-05
2385,1,-0.0011733123,-0.000545837,0.00042565417,0.01097661,-0.00029288078,6.315989e-05
2386,1,-0.002524024,0.0017972443,0.0007333976,0.00529001,-0.00049929594,2.3763256e-05
2387,1,-0.0033224428,-0.0003305219,0.0010418431,0.0029550015,-0.00063927105,1.5255628e-05
2388,1,0.003919026,-0.0016729507,-0.00088441296,0.0031182135,0.000504151,4.6127392e-05
2389,1,0.002417541,-0.0001937953,-0.00052106817,0.005661092,0.00026223707,9.4290466e-05
2390,1,0.001189514,-0.0009285935,-0.00017359722,0.010879686,7.1104e-05,0.00011526843
2391,1,-0.00016476841,0.0007261091,0.00016035783,0.0080311075,-0.00011898287,0.00010109193
2392,1,-0.0011960809,-0.0005496227,0.00048495916,0.010773998,-0.0002857395,7.85556e-05
2393,1,-0.002539464,0.0017582744,0.0007980825,0.0051691066,-0.00044927184,3.622224e-05
2394,1,-0.0033190495,-0.00033203326,0.0010874922,0.0029098839,-0.00069993176,4.695006e-06
2395,1,0.0038940562,-0.0016973487,-0.000791944,0.0030843888,0.00032363174,2.8909804e-05
2396,1,0.0024024798,-0.0002125291,-0.00046444125,0.0056151883,0.00019069563,7.367523e-05
2397,1,0.0011778391,-0.00094089867,-0.00012653794,0.010799754,4.835827e-05,9.516269e-05
2398,1,-0.00018259867,0.00070986204,0.00020939247,0.007953076,-8.3013765e-05,8.595136e-05
2399,1,-0.0012114765,-0.000553797,0.00052805076,0.010682506,-0.00021520983,6.558892e-05
2400,1,-0.0025530662,0.0017409183,0.00083309255,0.0051105055,-0.00033537322,4.0676892e-05
2401,1,-0.0033438047,-0.00032989233,0.0011404571,0.0028566895,-0.0004293484,2.05321e-05
2402,1,0.0038821695,-0.0017110456,-0.0007552679,0.003085656,0.00016621267,1.8902354e-05
2403,1,0.0023940085,-0.00022642915,-0.0004258398,0.0056021414,9.5574156e-05,4.17296e-05
2404,1,0.0011674993,-0.00094630755,-9.411453e-05,0.010757095,2.5329065e-05,5.230702e-05
2405,1,-0.00018979971,0.00070113514,0.00023313149,0.007932197,-4.56545e-05,4.8376674e-05
2406,1,-0.0012247114,-0.0005531067,0.00055440835,0.010631045,-0.000109984074,4.02625e-05
2407,1,-0.002561216,0.001726551,0.00086207164,0.005089081,-0.00017126957,2.2927337e-05
2408,1,-0.0033328023,-0.0003281057,0.0011392595,0.0028612379,-0.00024200865,6.332199e-06
2409,1,0.0038748772,-0.0017165603,-0.0007269457,0.003072277,-1.1717595e-07,-3.2409721e-07
2410,1,0.0023898731,-0.00022934559,-0.00041428438,0.00559455,5.991678e-08,3.3759167e-07
2411,1,0.001165776,-0.00094872754,-8.6032276e-05,0.010753611,-1.1179539e-07,-1.5775464e-07
2412,1,-0.00019503545,0.0006990821,0.0002448396,0.007918421,5.158953e-08,2.5247465e-07
2413,1,-0.0012257944,-0.00055478374,0.0005616058,0.010626383,-8.334049e-08,-8.0242444e-08
2414,1,-0.0025636028,0.001726323,0.0008645641,0.0050763832,3.9543774e-08,1.59085e-07
2415,1,-0.0033478043,-0.00032917736,0.0011622588,0.0028355503,1.5470645e-08,-9.907977e-08
2416,1,0.0038821534,-0.0017109803,-0.0007552094,0.003085565,-0.00016618668,-1.906935e-05
2417,1,0.0023940336,-0.00022650755,-0.0004258795,0.0056022424,-9.5604926e-05,-4.1412997e-05
2418,1,0.0011674867,-0.0009462603,-9.4074974e-05,0.010757034,-2.5423818e-05,-5.2363477e-05
2419,1,-0.00018979271,0.00070108834,0.00023311567,0.007932324,4.5665194e-05,-4.8072237e-05
2420,1,-0.0012247284,-0.00055308256,0.0005544377,0.010631002,0.000109895496,-4.0281862e-05
2421,1,-0.0025612283,0.0017265247,0.00086207123,0.0050891708,0.00017129922,-2.2724487e-05
2422,1,-0.003332823,-0.0003280797,0.0011392671,0.0028612236,0.00024206539,-6.3985326e-06
2423,1,0.0038940762,-0.0016972234,-0.0007920081,0.0030843753,-0.0003236837,-2.8789058e-05
2424,1,0.0024024982,-0.00021265689,-0.00046440982,0.0056153666,-0.0001907478,-7.363246e-05
2425,1,0.001177837,-0.00094081124,-0.00012654075,0.010799608,-4.8362323e-05,-9.499683e-05
2426,1,-0.00018259775,0.00070975977,0.00020941411,0.007953375,8.295492e-05,-8.585796e-05
2427,1,-0.0012115028,-0.0005537179,0.00052806974,0.0106823575,0.00021520529,-6.546144e-05
2428,1,-0.0025530893,0.0017408176,0.0008331137,0.0051107337,0.00033538646,-4.0618717e-05
2429,1,-0.003343851,-0.00032977213,0.0011404647,0.0028566378,0.00042940813,-2.0508503e-05
2430,1,0.0039190273,-0.0016727789,-0.00088436593,0.0031181506,-0.0005041794,-4.6133286e-05
2431,1,0.0024175865,-0.00019398305,-0.0005210864,0.005661391,-0.00026223634,-9.421564e-05
2432,1,0.0011895065,-0.0009284502,-0.00017358403,0.010879442,-7.113293e-05,-0.000115161405
2433,1,-0.00016476313,0.0007259463,0.00016037824,0.008031579,0.000118976386,-0.00010099857
2434,1,-0.0011961178,-0.00054948044,0.00048498227,0.01077373,0.0002857388,-7.846913e-05
2435,1,-0.0025394897,0.0017580973,0.0007981055,0.0051694727,0.00044931108,-3.6166057e-05
2436,1,-0.0033191207,-0.00033182136,0.0010875082,0.002909785,0.000700007,-4.6559576e-06
2437,1,0.003932903,-0.0016416347,-0.0009579573,0.003158398,-0.00054910016,-3.4064527e-05
2438,1,0.002428005,-0.00016242584,-0.0005967485,0.0057661314,-0.00031202298,-8.997786e-05
2439,1,0.001203871,-0.0009086746,-0.00024119276,0.01106644,-6.2320905e-05,-0.000111075096
2440,1,-0.00015280224,0.00075669354,0.000100496494,0.0081847785,0.00011285555,-9.522548e-05
2441,1,-0.0011733492,-0.0005456926,0.0004256783,0.010976339,0.00029290517,-6.30959e-05
2442,1,-0.0025240548,0.0017970868,0.0007334229,0.005290396,0.0004993481,-2.3736986e-05
2443,1,-0.0033225121,-0.00033034026,0.0010418553,0.0029549047,0.00063939276,-1.5257174e-05
2444,1,0.003915623,-0.001603308,-0.0010401504,0.003241551,-0.00063084066,-3.518386e-05
2445,1,0.002404991,-0.0001284013,-0.00065237604,0.0060327984,-0.00020833082,-5.1590476e-05
2446,1,0.0011768237,-0.00085372216,-0.0003004125,0.0113540245,-6.9403046e-05,-8.283466e-05
2447,1,-0.00016729395,0.00077393546,4.5152497e-05,0.008581512,7.672069e-05,-6.187305e-05
2448,1,-0.0011993599,-0.0004791706,0.0003698896,0.011265088,0.00018950996,-4.8554975e-05
2449,1,-0.002545851,0.0017930004,0.000694483,0.005565324,0.0002851774,-9.101134e-06
2450,1,-0.0033549448,-0.00026679886,0.0010227922,0.003048195,0.000722495,5.3138606e-06
2451,1,0.003819258,-0.001525555,-0.0010471581,0.0034325179,-0.000143859,1.3003844e-05
2452,1,0.0023080898,-0.0001141037,-0.0006744391,0.0066624847,-0.00015413587,-3.2163167e-05
2453,1,0.0010677149,-0.00075374224,-0.00030191927,0.0117406,1.0383627e-05,-2.4680518e-05
2454,1,-0.00027704288,0.0007785591,2.2894139e-05,0.00931582,3.5818848e-06,-1.1464723e-05
2455,1,-0.0013201595,-0.00032856298,0.00037500597,0.011609459,2.355067e-05,-4.4235494e-05
2456,1,-0.0026414348,0.0017212571,0.0007029727,0.0061696465,0.00019442917,2.5006366e-05
2457,1,-0.0034833262,-6.864018e-05,0.00096129766,0.0032075262,5.3193973e-05,-5.866986e-06
2458,1,0.0031197772,-0.0001666862,-0.00090352923,0.002502846,0.00041571463,2.955548e-05
2459,1,0.0020761397,-0.0011832669,-0.0005559937,0.008748938,6.0757313e-05,-1.4996392e-06
2460,1,0.0008044738,0.00043858797,-0.0002780982,0.008803737,9.930206e-05,1.8936164e-05
2461,1,-0.00015193957,-0.00048406742,4.1763833e-05,0.012559943,3.5394063e-05,3.6638736e-05
2462,1,-0.0013022266,0.0011108634,0.00031355047,0.00866595,-4.4150158e-05,-1.8787332e-05
2463,1,-0.0020807653,-0.00011414443,0.0005755824,0.008490982,2.4217798e-05,2.6979853e-05
2464,1,-0.003173983,0.0016711465,0.000906131,0.0024782198,-0.0003772392,-6.0536217e-06
2465,1,0.0032057432,-0.00015753978,-0.00086155784,0.0022146772,0.0006136758,-1.05193266e-07
2466,1,0.0021828795,-0.001278695,-0.0005686058,0.008378725,0.00037911927,4.854697e-05
2467,1,0.0009087521,0.0004274229,-0.000250854,0.008105737,0.0001801548,4.80833e-05
2468,1,-4.3993812e-05,-0.00059410196,3.5898716e-05,0.012154779,6.916256e-05,4.133365e-05
2469,1,-0.0012067138,0.0011340191,0.00031960622,0.007986282,-5.0006078e-05,2.3120634e-05
2470,1,-0.0019719622,-0.000260656,0.0005918081,0.008109619,-0.0002519413,2.4571027e-06
2471,1,-0.0030896806,0.0017482592,0.0008212059,0.0022071784,-0.00041835476,-3.015999e-06
2472,1,0.003228397,-0.00019012226,-0.0008287494,0.002133604,0.0007810019,3.437449e-05
2473,1,0.0022062042,-0.0013287269,-0.0004940725,0.008139664,0.00044647453,6.0332823e-05
2474,1,0.00092563755,0.00040594747,-0.00020044993,0.0077214907,0.00023425954,5.6059827e-05
2475,1,-1.6368644e-05,-0.0006499014,8.5144624e-05,0.011847618,4.0886287e-05,5.2659416e-05
2476,1,-0.0011869073,0.001127534,0.0003591485,0.0076060807,-0.00012719638,2.3908207e-05
2477,1,-0.0019419754,-0.0003162993,0.00062116963,0.007877169,-0.00031234676,8.557139e-06
2478,1,-0.003050022,0.0017484955,0.0008820978,0.0021156184,-0.0006645184,-8.693269e-06
2479,1,0.0032061862,-0.00022215275,-0.00071471435,0.002069822,0.0006148558,1.4109616e-05
2480,1,0.0021900206,-0.0013475049,-0.0004333222,0.008001046,0.00039886072,5.32995e-05
2481,1,0.0009175365,0.00037697403,-0.00014033887,0.007566527,0.00019483644,6.113509e-05
2482,1,-3.172952e-05,-0.000662043,0.00014250145,0.01162085,2.162358e-05,4.9061564e-05
2483,1,-0.0011954582,0.0010978408,0.00041010272,0.007445189,-0.00015712915,2.7686672e-05
2484,1,-0.0019479252,-0.00031832498,0.00066550693,0.007726919,-0.0003407668,1.1139934e-05
2485,1,-0.0030622508,0.0017165459,0.0009192711,0.002052113,-0.00048437488,4.24306e-06
2486,1,0.0031881903,-0.00024364472,-0.00067052594,0.002066233,0.00042881985,1.875993e-05
2487,1,0.0021796168,-0.0013634837,-0.00037696605,0.0079309335,0.00027671954,4.295593e-05
2488,1,0.0009026652,0.00036050766,-9.329307e-05,0.007480311,0.00013687724,4.4214932e-05
2489,1,-4.3355518e-05,-0.00066774,0.00018076503,0.011516646,-5.057676e-07,4.125992e-05
2490,1,-0.0012097607,0.0010828393,0.0004491448,0.0073579885,-0.000121437115,2.521183e-05
2491,1,-0.0019642417,-0.0003218151,0.0007074909,0.0076430547,-0.00024581113,1.1833289e-05
2492,1,-0.003054907,0.0016947092,0.00094868627,0.002040838,-0.0004059678,-2.1420528e-06
2493,1,0.0031780368,-0.00025838934,-0.0006163842,0.0020416807,0.00021414272,6.431939e-06
2494,1,0.0021676712,-0.0013704257,-0.00034595144,0.007893095,0.00013995441,2.1127425e-05
2495,1,0.00089751283,0.0003513533,-6.853753e-05,0.0074534225,6.79241e-05,2.538628e-05
2496,1,-5.3721124e-05,-0.00067011523,0.00020726523,0.011458236,7.379846e-07,2.243807e-05
2497,1,-0.001216997,0.0010737278,0.00047150077,0.0073262393,-6.7922294e-05,1.422331e-05
2498,1,-0.001969419,-0.00032003247,0.00072507333,0.0076008434,-0.00013192237,9.008813e-06
2499,1,-0.0030744371,0.001681412,0.0009817226,0.0020130062,-0.00018202217,3.8714643e-06
2500,1,0.0031714775,-0.00026274807,-0.00061275007,0.0020529835,-1.2183053e-08,2.4800886e-07
2501,1,0.0021681606,-0.0013736688,-0.00033458564,0.007887928,-8.335659e-08,-1.666419e-07
2502,1,0.00089257053,0.00034854206,-5.7334262e-05,0.007437258,1.9390281e-08,2.2329715e-07
2503,1,-5.5331286e-05,-0.00067093165,0.00021317533,0.011449406,-6.5164755e-08,-8.779168e-08
2504,1,-0.0012210216,0.0010722606,0.00047977167,0.007310494,3.2977844e-08,1.7347453e-07
2505,1,-0.0019747089,-0.00032328823,0.00073732703,0.007591912,-8.3507254e-09,-6.960202e-08
2506,1,-0.0030599409,0.0016795326,0.00097428076,0.0020244338,6.556015e-08,1.1726959e-07
2507,1,0.0031780656,-0.00025848518,-0.000616418,0.0020417634,-0.00021429185,-6.250706e-06
2508,1,0.0021676586,-0.0013703405,-0.00034592723,0.0078930175,-0.00014003205,-2.1212178e-05
2509,1,0.0008975276,0.000351282,-6.855337e-05,0.0074535483,-6.795071e-05,-2.5133497e-05
2510,1,-5.3732667e-05,-0.0006700711,0.000207285,0.011458167,-8.066762e-07,-2.246732e-05
2511,1,-0.0012170005,0.0010736951,0.00047149678,0.007326359,6.794771e-05,-1.3998062e-05
2512,1,-0.0019694366,-0.00032000963,0.00072508695,0.007600798,0.0001319431,-9.053226e-06
2513,1,-0.0030744513,0.0016814062,0.0009817246,0.0020130342,0.00018213953,-3.751744e-06
2514,1,0.003188221,-0.0002438248,-0.00067048374,0.0020662986,-0.00042889387,-1.878492e-05
2515,1,0.0021796173,-0.0013633452,-0.00037698573,0.007930816,-0.00027675924,-4.2857188e-05
2516,1,0.00090267946,0.0003603863,-9.328275e-05,0.007480573,-0.00013693776,-4.414858e-05
2517,1,-4.336871e-05,-0.0006676503,0.00018077149,0.011516474,4.952862e-07,-4.1142182e-05
2518,1,-0.0012097702,0.0010827549,0.00044915781,0.0073582632,0.000121432415,-2.5133251e-05
2519,1,-0.0019642764,-0.00032173155,0.0007075018,0.0076429276,0.0002458574,-1.1759962e-05
2520,1,-0.0030549306,0.0016946456,0.0009486939,0.0020409017,0.00040608842,2.167575e-06
2521,1,0.00320626,-0.00022241208,-0.0007147624,0.0020699431,-0.0006149241,-1.4071886e-05
2522,1,0.002190013,-0.0013472917,-0.00043331314,0.008000858,-0.00039891538,-5.323406e-05
2523,1,0.0009175634,0.00037678523,-0.00014033918,0.0075669354,-0.00019485736,-6.107371e-05
2524,1,-3.1749194e-05,-0.0006618928,0.00014250904,0.0116205625,-2.1640319e-05,-4.8969032e-05
2525,1,-0.0011954671,0.0010976993,0.00041011942,0.00744562,0.00015715192,-2.7618775e-05
2526,1,-0.001947976,-0.00031817929,0.0006655226,0.0077267,0.00034082407,-1.1082145e-05
2527,1,-0.003062277,0.0017164267,0.0009192805,0.0020522205,0.00048450375,-4.2407755e-06
2528,1,0.0032284758,-0.00019050154,-0.00082872325,0.002133763,-0.00078104076,-3.4393153e-05
2529,1,0.002206198,-0.0013284235,-0.0004940916,0.008139446,-0.00044650305,-6.02945e-05
2530,1,0.0009256748,0.00040569954,-0.00020044946,0.007721971,-0.00023427789,-5.601161e-05
2531,1,-1.639043e-05,-0.0006497179,8.515267e-05,0.011847296,-4.088791e-05,-5.259449e-05
2532,1,-0.0011869163,0.0011273893,0.00035915952,0.0076065655,0.00012722779,-2.3864024e-05
2533,1,-0.0019420251,-0.0003161672,0.0006211845,0.007876934,0.00031241984,-8.511362e-06
2534,1,-0.0030500595,0.0017484087,0.00088210305,0.002115735,0.00066460733,8.719905e-06
2535,1,0.00320585,-0.00015801152,-0.0008615868,0.0022148397,-0.000613754,1.3738001e-07
2536,1,0.0021828604,-0.0012783092,-0.00056860596,0.008378491,-0.00037912783,-4.8527083e-05
2537,1,0.00090880285,0.0004271132,-0.0002508614,0.008106278,-0.00018017419,-4.8065496e-05
2538,1,-4.401884e-05,-0.00059387414,3.5900677e-05,0.012154425,-6.915981e-05,-4.129586e-05
2539,1,-0.0012067185,0.0011338635,0.00031961466,0.007986816,5.0038518e-05,-2.3095192e-05
2540,1,-0.0019720078,-0.00026053248,0.0005918186,0.008109371,0.0002519783,-2.4408166e-06
2541,1,-0.0030897225,0.0017482007,0.0008212261,0.002207306,0.00041848383,3.004509e-06
2542,1,0.0031199027,-0.00016736593,-0.0009035374,0.0025031085,-0.00041568928,-2.9620252e-05
2543,1,0.0020761031,-0.001182699,-0.00055600604,0.008748531,-6.0811988e-05,1.5205873e-06
2544,1,0.00080453744,0.00043814277,-0.0002781036,0.008804537,-9.928585e-05,-1.8947727e-05
2545,1,-0.0001519741,-0.0004837211,4.1760508e-05,0.012559357,-3.5405643e-05,-3.6633508e-05
2546,1,-0.0013022192,0.0011106126,0.00031355425,0.008666727,4.416197e-05,1.8787416e-05
2547,1,-0.0020808126,-0.000113938106,0.0005755942,0.008490595,-2.4177414e-05,-2.6984206e-05
2548,1,-0.003174007,0.0016710118,0.0009061257,0.0024784151,0.0003772391,6.067561e-06
2549,1,0.0027886515,-0.0017444962,-0.0007134915,0.0033395544,0.00021211695,-2.8719502e-05
2550,1,0.0015693681,0.0003772706,-0.0004888057,0.006454627,0.00023188924,3.8717524e-05
2551,1,0.00076469104,-0.0008266709,-0.00018032895,0.011765068,0.00012212628,2.012003e-05
2552,1,-0.00022327705,0.00065608264,3.715012e-05,0.009553478,6.8225854e-05,-1.4866729e-05
2553,1,-0.0009941378,-0.0002448225,0.0002770162,0.011300434,6.9117465e-05,3.526094e-05
2554,1,-0.0018918482,0.0011499553,0.0005181292,0.006653769,-9.544965e-05,-2.3460447e-05
2555,1,-0.0024342288,0.0001638801,0.0006467844,0.003262984,-8.521452e-05,-1.3164746e-06
2556,1,0.002906688,-0.0018725859,-0.00074487086,0.003176787,0.0008850051,4.351005e-05
2557,1,0.001666336,0.00037418245,-0.0004218914,0.005824663,0.00048897276,3.2114498e-05
2558,1,0.00086550345,-0.000922337,-0.00018843838,0.011351345,0.00033502578,2.6272426e-05
2559,1,-0.00012917798,0.0006505592,5.9349986e-05,0.008846699,0.00019529536,1.9230549e-05
2560,1,-0.00089799793,-0.00035927354,0.00028836148,0.010856779,5.2789757e-05,-4.2711367e-06
2561,1,-0.001816663,0.0011888907,0.00049366156,0.006063409,-9.10997e-05,-1.0284082e-05
2562,1,-0.002349998,4.7233414e-05,0.0007270329,0.0030504526,-0.0005316496,-6.6559232e-06
2563,1,0.0029049718,-0.0019226504,-0.00059708307,0.0030657602,0.000910274,3.6509095e-06
2564,1,0.0016693916,0.00035690947,-0.00037734018,0.0055491608,0.0006255087,2.7744449e-05
2565,1,0.00088136294,-0.0009737919,-0.00012268113,0.011038139,0.0003850472,3.1692984e-05
2566,1,-0.00012053651,0.0006372075,0.00011057422,0.008444098,0.00020530973,1.7952351e-06
2567,1,-0.0008770991,-0.000407303,0.00032770322,0.010548099,8.2071465e-06,-1.0655592e-05
2568,1,-0.0017923651,0.0011876498,0.00053416,0.0057889456,-0.00023247549,-2.592354e-05
2569,1,-0.0023205655,2.3407872e-06,0.00071170175,0.002967593,-0.00043164747,-8.857179e-06
2570,1,0.0028809884,-0.001941777,-0.00055857026,0.0030351179,0.0007661656,2.0172974e-05
2571,1,0.0016569973,0.0003263448,-0.00029771164,0.005425265,0.00052717625,2.320251e-05
2572,1,0.00086240994,-0.0009866159,-6.4482156e-05,0.010828566,0.0003247856,1.3642002e-05
2573,1,-0.00012966561,0.00061583484,0.00015786989,0.008262672,0.00012892063,3.3705163e-08
2574,1,-0.0008851457,-0.00041131998,0.00037042785,0.01035165,-4.3134118e-05,-1.6280026e-05
2575,1,-0.0017976752,0.001160673,0.00057352305,0.005665523,-0.00021711098,-2.2168888e-05
2576,1,-0.0023142763,-6.4422343e-06,0.0007734386,0.0029168269,-0.00047685197,-1.227459e-05
2577,1,0.0028700705,-0.0019573248,-0.0004785446,0.0029856027,0.0005257183,3.1433517e-06
2578,1,0.0016390657,0.0003110584,-0.0002551588,0.005357147,0.00035709707,7.4649656e-06
2579,1,0.0008544538,-0.0009918578,-2.787198e-05,0.010731976,0.00021119366,9.279333e-06
2580,1,-0.00014104215,0.0006038971,0.00019326484,0.008166465,8.42248e-05,-3.7475247e-06
2581,1,-0.00089683366,-0.0004135812,0.00040351375,0.010249408,-5.1341227e-05,-1.2118626e-05
2582,1,-0.0018026412,0.0011457652,0.00060584553,0.005602413,-0.0001828664,-1.5491216e-05
2583,1,-0.0023371982,-1.0287438e-05,0.0008102285,0.0028791248,-0.0002905791,-4.020204e-06
2584,1,0.002852635,-0.001963107,-0.00045891706,0.0029887687,0.0002569121,2.561722e-06
2585,1,0.0016393368,0.00030058506,-0.00022865433,0.005336677,0.00018360048,2.72555e-06
2586,1,0.0008450676,-0.0009947537,-3.998062e-06,0.010674145,0.00010955362,2.181617e-06
2587,1,-0.00014794253,0.0005978917,0.00021260395,0.008130831,3.6030953e-05,-2.0782436e-06
2588,1,-0.00090469525,-0.00041293682,0.00042344094,0.0101966215,-2.8768261e-05,-6.027358e-06
2589,1,-0.001812796,0.0011346624,0.00063088816,0.00557446,-9.323579e-05,-8.318639e-06
2590,1,-0.0023297952,-1.348098e-05,0.0008281826,0.0028733169,-0.00017289,-4.51342e-06
2591,1,0.00285863,-0.0019661705,-0.000442295,0.0029705218,-9.208059e-08,-1.5642665e-07
2592,1,0.0016294497,0.00029726158,-0.00021778408,0.0053228806,-3.141032e-08,1.75923e-07
2593,1,0.0008443381,-0.000995612,2.3805383e-06,0.010667801,-6.341271e-08,-9.014576e-08
2594,1,-0.00015072498,0.00059631723,0.0002200941,0.008114102,1.1566606e-08,1.6276388e-07
2595,1,-0.00090738264,-0.0004142324,0.00043027295,0.010185946,-1.776319e-08,-5.772538e-08
2596,1,-0.0018111445,0.0011341611,0.0006339308,0.0055637956,5.268656e-08,1.2541264e-07
2597,1,-0.0023466086,-1.5410484e-05,0.00084466627,0.0028594441,6.719381e-08,-7.8603605e-08
2598,1,0.0028526231,-0.00196299,-0.00045889986,0.0029887166,-0.00025703257,-2.6586156e-06
2599,1,0.0016393597,0.00030048037,-0.00022867094,0.0053367987,-0.0001836941,-2.5598874e-06
2600,1,0.00084505806,-0.0009946772,-3.9883153e-06,0.01067405,-0.000109637105,-2.2172294e-06
2601,1,-0.00014793882,0.0005978422,0.00021259823,0.008130968,-3.603968e-05,2.2822496e-06
2602,1,-0.00090470706,-0.00041290466,0.0004234519,0.010196557,2.8761431e-05,6.008932e-06
2603,1,-0.0018128057,0.0011346505,0.00063088856,0.005574538,9.332088e-05,8.486008e-06
2604,1,-0.002329811,-1.34772345e-05,0.0008281873,0.0028732936,0.00017303026,4.45136e-06
2605,1,0.0028700698,-0.0019571078,-0.0004785894,0.0029855492,-0.0005258364,-3.0969973e-06
2606,1,0.0016390968,0.00031088197,-0.0002551541,0.005357356,-0.00035720156,-7.4320965e-06
2607,1,0.00085444533,-0.0009917252,-2.7877266e-05,0.010731788,-0.00021123991,-9.19383e-06
2608,1,-0.00014104025,0.0006038022,0.00019326992,0.008166754,-8.4254585e-05,3.8256594e-06
2609,1,-0.00089685404,-0.00041350216,0.00040352138,0.010249254,5.1363462e-05,1.2205693e-05
2610,1,-0.0018026583,0.0011457115,0.0006058552,0.0056025865,0.00018294717,1.5550333e-05
2611,1,-0.0023372315,-1.0239031e-05,0.00081023586,0.002879076,0.0002907219,4.0419577e-06
2612,1,0.002880971,-0.0019414657,-0.00055854727,0.003035044,-0.0007662601,-2.0166055e-05
2613,1,0.0016570536,0.00032607708,-0.00029773565,0.0054255757,-0.00052723195,-2.3182318e-05
2614,1,0.0008623955,-0.0009864068,-6.448567e-05,0.01082827,-0.0003248406,-1.3559722e-05
2615,1,-0.00012965903,0.0006156852,0.00015787428,0.008263117,-0.0001289292,2.8765012e-08
2616,1,-0.0008851751,-0.00041118843,0.00037043472,0.010351393,4.3156317e-05,1.6360855e-05
2617,1,-0.001797694,0.0011605793,0.00057353394,0.0056657963,0.00021719698,2.2220705e-05
2618,1,-0.0023143266,-6.3560065e-06,0.00077344454,0.0029167433,0.00047698658,1.2313067e-05
2619,1,0.0029049588,-0.0019221891,-0.00059714256,0.0030656373,-0.00091033697,-3.6113656e-06
2620,1,0.0016694625,0.00035653033,-0.00037734088,0.005549561,-0.00062556623,-2.7722455e-05
2621,1,0.0008813449,-0.00097350654,-0.00012269165,0.011037765,-0.00038507965,-3.163603e-05
2622,1,-0.000120526485,0.00063702714,0.00011057093,0.0084446315,-0.0002053104,-1.7442519e-06
2623,1,-0.0008771281,-0.00040715764,0.00032771076,0.010547797,-8.177561e-06,1.0721748e-05
2624,1,-0.0017923914,0.0011875732,0.0005341683,0.005789266,0.00023255158,2.5959986e-05
2625,1,-0.0023206177,2.3997472e-06,0.0007117174,0.0029674969,0.00043180282,8.864255e-06
2626,1,0.0029066438,-0.0018720352,-0.00074484915,0.0031766882,-0.0008850014,-4.354558e-05
2627,1,0.0016664293,0.00037372042,-0.00042192423,0.005825106,-0.000489026,-3.2110318e-05
2628,1,0.0008654765,-0.00092198193,-0.00018844438,0.011350917,-0.0003350504,-2.6235333e-05
2629,1,-0.00012916296,0.00065034727,5.934476e-05,0.008847302,-0.00019529164,-1.9192525e-05
2630,1,-0.0008980282,-0.00035910594,0.0002883592,0.010856448,-5.2768264e-05,4.302478e-06
2631,1,-0.0018166893,0.0011888257,0.0004936733,0.006063773,9.117543e-05,1.0310243e-05
2632,1,-0.0023500475,4.7265916e-05,0.0007270258,0.003050347,0.0005317211,6.677407e-06
2633,1,0.0027885828,-0.0017436593,-0.00071351865,0.0033393477,-0.00021220901,2.8797685e-05
2634,1,0.0015694838,0.00037658768,-0.0004888111,0.006455314,-0.00023185986,-3.8755865e-05
2635,1,0.0007646525,-0.00082614593,-0.00018035083,0.01176437,-0.0001221689,-2.010459e-05
2636,1,-0.00022325618,0.00065576925,3.7142116e-05,0.009554366,-6.8211004e-05,1.4869893e-05
2637,1,-0.0009941702,-0.00024457098,0.00027701567,0.011299911,-6.9105976e-05,-3.5259025e-05
2638,1,-0.0018918632,0.0011498327,0.0005181256,0.006654318,9.546197e-05,2.3462766e-05
2639,1,-0.0024342788,0.00016394128,0.000646816,0.0032628323,8.529805e-05,1.3015853e-06
2640,1,0.0020009596,0.00070370093,-0.00061871595,0.0023246123,0.0005638765,6.847904e-05
2641,1,0.0013846377,-0.0013884786,-0.00027444444,0.009071784,0.00023165968,-9.086385e-06
2642,1,0.0005659333,0.00038509714,-0.00013733604,0.008898993,0.0001872924,3.7407122e-07
2643,1,-0.00010501879,-0.0005577238,9.147375e-05,0.012250447,0.0001884782,3.8073562e-05
2644,1,-0.0008847007,0.0006661526,0.00027877497,0.008901656,6.563485e-05,-4.8533333e-05
2645,1,-0.0014308778,-5.8915735e-05,0.0004040987,0.008237594,6.273748e-05,5.61993e-06
2646,1,-0.0019689584,0.00086775416,0.0006047523,0.0026752192,-0.00027903687,-6.423535e-06
2647,1,0.002077665,0.0007317965,-0.00045147666,0.0019933772,0.0009951686,-1.2997039e-05
2648,1,0.0014883617,-0.0015028759,-0.00030983426,0.008707471,0.0006930729,3.1736563e-05
2649,1,0.0006566373,0.0003564049,-6.930775e-05,0.008182644,0.0005202014,2.4162448e-05
2650,1,-3.0488543e-05,-0.00065161753,0.00012244984,0.011746323,0.00036835266,-2.5906966e-05
2651,1,-0.0008193228,0.0006774088,0.00028965896,0.008243221,0.00018878825,-4.2032596e-05
2652,1,-0.0013589334,-0.00015717348,0.00044363635,0.0077661364,-6.4428976e-05,-5.4317e-05
2653,1,-0.0019093155,0.000902038,0.00052437634,0.0023992015,-0.00033416873,-2.3223763e-05
2654,1,0.002057945,0.0007106236,-0.00043440086,0.0019347375,0.0011285561,2.8685296e-05
2655,1,0.0014775936,-0.0015623693,-0.00018167034,0.008444927,0.00083082943,2.201307e-05
2656,1,0.0006332906,0.00034480012,4.2244487e-06,0.0077752266,0.0005719577,-2.5048408e-05
2657,1,-3.6078087e-05,-0.0006840703,0.00017650079,0.011429299,0.00032954343,-5.0192728e-05
2658,1,-0.0008133567,0.0006783312,0.00032915172,0.007892045,0.00011841019,-7.8643025e-05
2659,1,-0.001341693,-0.00019665137,0.00046453503,0.0075518833,-0.000106903244,-6.4769105e-05
2660,1,-0.0018877828,0.0008930918,0.00061129313,0.0023175126,-0.00044506288,-3.1146836e-05
2661,1,0.002031643,0.000676495,-0.00028912767,0.0018451308,0.00093648914,-1.02142785e-05
2662,1,0.0014421208,-0.0015679984,-0.00012622417,0.008288761,0.00064172805,-2.0071278e-05
2663,1,0.00061979867,0.00033524676,5.041935e-05,0.0076221908,0.00041785277,-3.861655e-05
2664,1,-4.4959892e-05,-0.0006848408,0.0002110199,0.011225299,0.00023544722,-6.3836014e-05
2665,1,-0.0008181749,0.00066167145,0.00036174862,0.0077386387,4.2495943e-05,-7.2365554e-05
2666,1,-0.0013407869,-0.0002005463,0.0005046225,0.0074277683,-0.00015569213,-6.491779e-05
2667,1,-0.0019010057,0.0008661312,0.0006407289,0.0022685593,-0.00032023186,-2.6082946e-05
2668,1,0.0020084255,0.00066129933,-0.0002716166,0.0018520753,0.0005687957,-1.2379526e-05
2669,1,0.0014458227,-0.0015704472,-9.400473e-05,0.00822711,0.00043267256,-2.4799992e-05
2670,1,0.0006109654,0.00032710176,7.467224e-05,0.007532671,0.00028674732,-3.897483e-05
2671,1,-5.521212e-05,-0.00068264676,0.00023518133,0.011126234,0.0001389308,-4.9656057e-05
2672,1,-0.00082530273,0.000653079,0.0003867838,0.0076612406,1.1900218e-05,-5.704284e-05
2673,1,-0.0013537067,-0.0002049867,0.0005374025,0.0073599787,-0.000118551725,-4.7399706e-05
2674,1,-0.0018976826,0.0008468936,0.0006890703,0.0022553622,-0.00027657233,-2.1696658e-05
2675,1,0.002025713,0.00065261516,-0.00025558934,0.001824674,0.00030930637,-4.3075324e-06
2676,1,0.0014298145,-0.0015727468,-7.532188e-05,0.008182378,0.00021323975,-1.4079259e-05
2677,1,0.00060511637,0.00032436565,8.944399e-05,0.007505302,0.00013609475,-2.2645987e-05
2678,1,-6.069552e-05,-0.0006814351,0.00024826344,0.011073773,6.849722e-05,-2.7797427e-05
2679,1,-0.0008323835,0.0006474007,0.00040344757,0.0076283477,-1.9803301e-06,-3.0090676e-05
2680,1,-0.0013559192,-0.00020507516,0.0005548553,0.0073293406,-6.934361e-05,-2.4729019e-05
2681,1,-0.001918761,0.0008346232,0.0007183423,0.0022399724,-0.00012261762,-9.606786e-06
2682,1,0.0019978595,0.0006518902,-0.0002453677,0.0018349873,-9.304632e-08,1.276349e-07
2683,1,0.0014380448,-0.0015704896,-7.619939e-05,0.008179334,-8.1122415e-08,-8.858543e-08
2684,1,0.000603959,0.00032225603,9.29015e-05,0.007488638,-2.5897817e-08,1.363887e-07
2685,1,-6.331702e-05,-0.0006811032,0.0002529602,0.011063035,-3.40329e-08,-4.9332602e-08
2686,1,-0.000833373,0.00064698583,0.0004075673,0.007616711,2.9362285e-08,1.284319e-07
2687,1,-0.001362334,-0.00020798812,0.00056506565,0.0073204334,4.061515e-08,-4.6313556e-08
2688,1,-0.0019065357,0.00083237386,0.00072203577,0.0022438325,9.748906e-08,8.930951e-08
2689,1,0.0020257444,0.000652469,-0.00025561656,0.0018247339,-0.00030948746,4.398352e-06
2690,1,0.0014298067,-0.001572624,-7.532197e-05,0.008182268,-0.00021338326,1.4041169e-05
2691,1,0.0006051265,0.00032428856,8.94364e-05,0.007505451,-0.00013616614,2.2799453e-05
2692,1,-6.0704006e-05,-0.00068138103,0.00024826973,0.011073683,-6.854425e-05,2.7795595e-05
2693,1,-0.00083238847,0.00064737885,0.00040344722,0.007628464,2.0250598e-06,3.026491e-05
2694,1,-0.0013559302,-0.00020506201,0.0005548624,0.007329297,6.943744e-05,2.4706062e-05
2695,1,-0.001918777,0.0008346403,0.0007183464,0.002240004,0.00012281467,9.708616e-06
2696,1,0.0020084742,0.0006610237,-0.0002716132,0.0018521814,-0.0005689808,1.2372522e-05
2697,1,0.001445815,-0.0015702322,-9.402654e-05,0.008226924,-0.00043277675,2.4841856e-05
2698,1,0.0006109802,0.0003269658,7.466897e-05,0.0075329538,-0.00028682995,3.903636e-05
2699,1,-5.5225228e-05,-0.0006825399,0.00023518273,0.01112605,-0.00013895561,4.9740658e-05
2700,1,-0.00082531234,0.0006530235,0.00038679005,0.0076614865,-1.1866665e-05,5.7128724e-05
2701,1,-0.0013537285,-0.00020493589,0.0005374096,0.0073598763,0.00011865147,4.746497e-05
2702,1,-0.0018977117,0.00084689376,0.0006890771,0.0022554237,0.00027675947,2.1725264e-05
2703,1,0.0020317342,0.00067611167,-0.0002892091,0.001845233,-0.00093659875,1.0221492e-05
2704,1,0.001442108,-0.0015676754,-0.00012623909,0.008288484,-0.00064185285,2.0130848e-05
2705,1,0.00061982265,0.0003350423,5.040812e-05,0.007622611,-0.00041790982,3.865663e-05
2706,1,-4.4979934e-05,-0.00068467326,0.0002110187,0.01122501,-0.00023547887,6.392803e-05
2707,1,-0.00081818487,0.00066158344,0.00036175593,0.0077390093,-4.2455915e-05,7.244299e-05
2708,1,-0.0013408199,-0.00020046104,0.00050463056,0.007427604,0.00015579081,6.498404e-05
2709,1,-0.0019010425,0.0008661241,0.00064074085,0.0022686531,0.00032042214,2.6094429e-05
2710,1,0.0020580487,0.0007100306,-0.0004343854,0.0019349422,-0.0011286252,-2.8719976e-05
2711,1,0.0014775774,-0.001561899,-0.00018172056,0.00844452,-0.0008308773,-2.1973003e-05
2712,1,0.00063332444,0.0003445224,4.206637e-06,0.0077757724,-0.0005720138,2.5091453e-05
2713,1,-3.6098456e-05,-0.0006838481,0.00017649433,0.011428919,-0.000329569,5.027833e-05
2714,1,-0.0008133707,0.0006782436,0.00032914963,0.007892508,-0.00011837338,7.87061e-05
2715,1,-0.0013417241,-0.0001965738,0.00046454475,0.007551676,0.000107000276,6.4831875e-05
2716,1,-0.0018878343,0.0008931256,0.0006112906,0.0023176319,0.00044521372,3.11762e-05
2717,1,0.0020777918,0.0007311322,-0.0004515656,0.0019935342,-0.0009952355,1.3044519e-05
2718,1,0.0014883269,-0.0015023231,-0.00030983024,0.008707027,-0.0006931135,-3.17125e-05
2719,1,0.0006566811,0.00035607995,-6.934076e-05,0.008183232,-0.0005202237,-2.4118981e-05
2720,1,-3.0518542e-05,-0.0006513368,0.00012242861,0.011745888,-0.00036836314,2.5957906e-05
2721,1,-0.0008193344,0.0006773206,0.00028965503,0.008243755,-0.00018875321,4.2094132e-05
2722,1,-0.001358965,-0.00015709418,0.0004436309,0.0077659106,6.449282e-05,5.434442e-05
2723,1,-0.0019093761,0.0009021036,0.0005244049,0.0023993398,0.0003343237,2.3221965e-05
2724,1,0.002001117,0.0007026354,-0.00061869225,0.002324941,-0.00056380074,-6.860059e-05
2725,1,0.0013845932,-0.0013876304,-0.0002745048,0.009071003,-0.000231747,9.133497e-06
2726,1,0.0005659802,0.00038461995,-0.00013735113,0.0088998955,-0.00018727133,-3.742952e-07
2727,1,-0.000105053026,-0.00055732107,9.144663e-05,0.012249753,-0.00018849023,-3.8063074e-05
2728,1,-0.00088471366,0.00066601427,0.00027875396,0.008902441,-6.5615415e-05,4.855535e-05
2729,1,-0.0014309045,-5.880211e-05,0.00040410782,0.008237259,-6.269487e-05,-5.623307e-06
2730,1,-0.0019690113,0.0008678275,0.0006047301,0.002675435,0.00027906042,6.435355e-06
2731,1,0.0018319268,-0.002318365,-0.00028351764,0.003869071,0.00040368014,-6.903812e-05
2732,1,0.0008910383,0.00063242705,-0.00024082052,0.0064219446,0.0003915661,8.274307e-05
2733,1,0.0005137476,-0.0010705154,6.69837e-05,0.0123595195,0.00044066695,4.800437e-05
2734,1,7.347294e-05,-9.046387e-05,0.0002136368,0.009672764,0.00026698786,-8.408723e-05
2735,1,-0.0006645157,-0.00049126655,0.00030955928,0.010232189,0.00017943273,-1.3541711e-05
2736,1,-0.0011432187,0.00052650995,0.0004007965,0.0067406246,1.3049547e-05,-7.041925e-05
2737,1,-0.0013304645,0.00016568885,0.0003396227,0.002984687,-0.00010712982,-2.369188e-05
2738,1,0.001960061,-0.002527876,-0.00036334197,0.003767822,0.0013712598,9.1152826e-05
2739,1,0.0009710764,0.000578293,-1.6905158e-05,0.005648853,0.0010767898,7.089335e-05
2740,1,0.00054247526,-0.0011505664,0.00013301907,0.011788293,0.00081076607,-4.878434e-05
2741,1,9.696071e-05,-8.951097e-05,0.00025418075,0.008968567,0.000529503,-0.00011058117
2742,1,-0.0006322158,-0.00055645395,0.00033450988,0.009716701,0.000272686,-0.0001431568
2743,1,-0.0011041604,0.00055124494,0.00038525223,0.00619972,4.8309346e-05,-0.000108082575
2744,1,-0.0012856917,8.634864e-05,0.00045775683,0.0027492018,-0.00036395082,-4.8787777e-05
2745,1,0.0018691987,-0.0026123074,-6.787105e-06,0.003571082,0.0015239912,-1.3647299e-05
2746,1,0.0008753202,0.00059316977,7.703914e-05,0.0053004567,0.0010201536,-5.511881e-05
2747,1,0.0004882938,-0.0011518929,0.00020132717,0.011508156,0.0006779913,-0.00011495573
2748,1,7.860005e-05,-7.7607896e-05,0.00028331458,0.008647889,0.00042789825,-0.00016313077
2749,1,-0.00063286646,-0.00058298686,0.0003582689,0.009451568,0.00018758854,-0.00016078865
2750,1,-0.0010938337,0.0005514594,0.00042682522,0.0059819934,-7.2199095e-05,-0.00013738712
2751,1,-0.0012817747,4.6262703e-05,0.00046941047,0.0026893942,-0.00029122105,-5.3734533e-05
2752,1,0.0018168708,-0.0026081656,-1.6121179e-06,0.003573207,0.00089839526,-4.3542674e-05
2753,1,0.000877363,0.000597033,0.0001053357,0.0052336534,0.00070722844,-9.268484e-05
2754,1,0.00048465675,-0.0011430589,0.00020181977,0.011350465,0.0004962795,-0.00011919979
2755,1,7.2475195e-05,-8.059258e-05,0.000295824,0.0085014105,0.000286355,-0.00014610626
2756,1,-0.00063372904,-0.00058134284,0.00037559896,0.009307316,9.8737e-05,-0.00015084325
2757,1,-0.001097765,0.0005299411,0.00045604713,0.005889771,-8.175649e-05,-0.000119480224
2758,1,-0.0012812292,3.1917974e-05,0.0005486597,0.0026498043,-0.00031661362,-4.8665774e-05
2759,1,0.0018677904,-0.002595247,-2.828222e-05,0.003526104,0.0006731819,-1.2829465e-05
2760,1,0.0008662639,0.0005890769,0.000103160906,0.0051687807,0.00046937398,-6.337731e-05
2761,1,0.0004752716,-0.0011312586,0.00020620775,0.011271472,0.00031171142,-9.4985e-05
2762,1,6.772242e-05,-8.221031e-05,0.0002999335,0.008430552,0.00017887853,-0.00010753756
2763,1,-0.000642012,-0.0005806592,0.00039253384,0.009230224,4.3714557e-05,-0.00010865424
2764,1,-0.0011004733,0.00051896693,0.00048427205,0.005847417,-8.77562e-05,-8.6554566e-05
2765,1,-0.0013035171,1.8511953e-05,0.00058865093,0.0026323753,-0.0001917059,-3.364468e-05
2766,1,0.0018143711,-0.0025836022,-1.6584665e-05,0.003517577,0.00028800403,-1.724282e-05
2767,1,0.0008726099,0.000597121,8.979096e-05,0.005153855,0.00022057047,-3.5593308e-05
2768,1,0.000475261,-0.0011286882,0.0002013749,0.011226095,0.00015044857,-4.6775924e-05
2769,1,6.278532e-05,-8.1118924e-05,0.00030300516,0.008399289,8.074106e-05,-5.678074e-05
2770,1,-0.0006448002,-0.0005784655,0.00040006396,0.009194442,1.6485244e-05,-5.592735e-05
2771,1,-0.0011094732,0.0005094047,0.0005046363,0.0058280127,-4.5893863e-05,-4.4906858e-05
2772,1,-0.0012994966,1.2754173e-05,0.0006197667,0.0026257113,-0.000119472126,-1.7936054e-05
2773,1,0.0018675138,-0.0025805258,-5.0792027e-05,0.0035117813,-1.1141372e-07,-8.807137e-08
2774,1,0.0008669544,0.0005929519,9.094708e-05,0.005139741,-8.2414495e-08,1.0682729e-07
2775,1,0.00047313402,-0.001123517,0.00019953947,0.011215158,-6.508136e-08,-3.371896e-08
2776,1,6.291661e-05,-8.158248e-05,0.00030285155,0.008388156,3.6876862e-09,1.2362709e-07
2777,1,-0.0006479288,-0.0005789388,0.00040454185,0.009184386,1.8830129e-08,-3.3358692e-08
2778,1,-0.001107467,0.0005094332,0.0005081472,0.0058223237,7.161244e-08,9.299534e-08
2779,1,-0.001314545,8.313897e-06,0.0006317272,0.002621823,1.16408806e-07,-5.2456194e-08
2780,1,0.0018143592,-0.0025834145,-1.6588765e-05,0.0035175178,-0.000288239,1.7213511e-05
2781,1,0.0008726326,0.0005969913,8.9778165e-05,0.0051539876,-0.00022074323,3.568558e-05
2782,1,0.00047525272,-0.0011285901,0.00020137377,0.011225941,-0.0001505672,4.6801837e-05
2783,1,6.277837e-05,-8.1142185e-05,0.00030300353,0.008399438,-8.073928e-05,5.6946345e-05
2784,1,-0.00064480596,-0.0005784336,0.00040007022,0.009194407,-1.6441914e-05,5.5928635e-05
2785,1,-0.0011094837,0.0005094071,0.0005046396,0.0058280933,4.6032495e-05,4.503822e-05
2786,1,-0.0012995076,1.273514e-05,0.0006197727,0.0026257017,0.000119689445,1.7892742e-05
2787,1,0.0018677684,-0.0025948796,-2.8339966e-05,0.0035259665,-0.0006733619,1.2836896e-05
2788,1,0.00086631085,0.0005888384,0.000103143,0.005169013,-0.0004695555,6.341124e-05
2789,1,0.00047525647,-0.0011310723,0.00020620077,0.011271188,-0.00031180444,9.5065414e-05
2790,1,6.770924e-05,-8.226138e-05,0.00029993683,0.008430854,-0.00017889246,0.000107634645
2791,1,-0.0006420238,-0.0005805834,0.00039254132,0.009230136,-4.3661483e-05,0.00010873063
2792,1,-0.001100492,0.0005189525,0.0004842804,0.0058475914,8.788801e-05,8.6617234e-05
2793,1,-0.0013035388,1.8502213e-05,0.0005886622,0.0026323532,0.00019193266,3.3666438e-05
2794,1,0.0018168496,-0.002607678,-1.6411523e-06,0.0035731012,-0.0008986411,4.3556356e-05
2795,1,0.000877425,0.0005966944,0.000105296145,0.005233965,-0.0007073586,9.268489e-05
2796,1,0.0004846321,-0.0011427841,0.00020181175,0.011350057,-0.0004963924,0.00011930317
2797,1,7.2458824e-05,-8.06668e-05,0.00029582792,0.008501853,-0.00028636013,0.00014620236
2798,1,-0.0006337474,-0.00058122334,0.00037560443,0.009307183,-9.869325e-05,0.0001509288
2799,1,-0.0010977874,0.0005299145,0.000456058,0.0058900234,8.188385e-05,0.000119548415
2800,1,-0.0012812638,3.191046e-05,0.00054866594,0.0026497743,0.00031681533,4.8704955e-05
2801,1,0.0018691816,-0.0026115032,-6.9774337e-06,0.0035707692,-0.0015240028,1.3699866e-05
2802,1,0.0008754174,0.0005926656,7.699782e-05,0.005300921,-0.001020323,5.5128596e-05
2803,1,0.00048826388,-0.0011514914,0.00020130232,0.011507557,-0.00067809474,0.00011507099
2804,1,7.857677e-05,-7.7694094e-05,0.00028330387,0.008648478,-0.0004279179,0.00016322831
2805,1,-0.0006328813,-0.00058283954,0.00035827272,0.009451376,-0.00018755377,0.00016088744
2806,1,-0.0010938674,0.00055146136,0.00042682636,0.00598233,7.230872e-05,0.0001374452
2807,1,-0.0012818079,4.621417e-05,0.00046942956,0.002689345,0.00029142268,5.3754866e-05
2808,1,0.00195998,-0.002527059,-0.00036330355,0.0037676212,-0.0013711544,-9.121732e-05
2809,1,0.00097119896,0.0005777434,-1.7028955e-05,0.0056492505,-0.0010768037,-7.086052e-05
2810,1,0.000542429,-0.0011500558,0.00013297104,0.011787581,-0.00081085606,4.886987e-05
2811,1,9.694065e-05,-8.958987e-05,0.0002541539,0.008969232,-0.00052950904,0.000110698
2812,1,-0.000632235,-0.00055625965,0.00033448506,0.009716497,-0.00027265667,0.00014321892
2813,1,-0.0011041946,0.00055126456,0.00038525817,0.006200121,-4.822005e-05,0.00010813033
2814,1,-0.0012857263,8.627521e-05,0.00045773966,0.0027491522,0.00036409113,4.8815622e-05
2815,1,0.00183181,-0.002316968,-0.00028364264,0.003868523,-0.00040376565,6.922217e-05
2816,1,0.0008911778,0.00063154224,-0.00024081772,0.0064226994,-0.00039150222,-8.27862e-05
2817,1,0.0005136954,-0.0010697724,6.68788e-05,0.012358325,-0.00044069963,-4.7973685e-05
2818,1,7.3417206e-05,-9.056119e-05,0.00021358044,0.009673736,-0.00026697596,8.4149855e-05
2819,1,-0.0006645209,-0.0004910119,0.00030953056,0.01023187,-0.0001794156,1.3541491e-05
2820,1,-0.00114326,0.00052652665,0.0004007733,0.006741183,-1.3020832e-05,7.044072e-05
2821,1,-0.0013304922,0.00016556811,0.0003396718,0.0029846262,0.00010721956,2.3681714e-05
2822,1,0.00086170866,0.0020820743,-0.00036490557,0.0022112525,0.001201708,0.00027316436
2823,1,0.0005972847,-0.0020463166,0.00040794985,0.012716081,0.0010285487,5.640593e-05
2824,1,0.001034686,-0.0014711099,0.00042292167,0.0096453745,0.0005542015,-0.00019367893
2825,1,5.4252137e-05,-0.0014066037,0.00041551236,0.010202134,0.0003361725,-7.448636e-05
2826,1,-0.00032565993,-0.00030451006,0.00040776914,0.008387863,0.00016220374,-0.00014199475
2827,1,-0.0008193942,-0.00034959224,0.00034539215,0.0062910924,7.920285e-05,-6.696604e-05
2828,1,-0.0008284103,0.00028440982,0.00032786603,0.0025445558,-0.00014312124,-2.929143e-05
2829,1,0.0008240532,0.0020060972,0.0004839055,0.0014879516,0.0023452383,5.7943416e-06
2830,1,0.00051155343,-0.0020918036,0.00044146588,0.012058557,0.0014712475,-0.00010533786
2831,1,0.0009403393,-0.0014612909,0.00047837893,0.008922402,0.0009539477,-0.00028588186
2832,1,-2.0777538e-06,-0.0014230369,0.00042168822,0.009664852,0.00055839145,-0.00029878857
2833,1,-0.00034892152,-0.00026824497,0.00040143036,0.007848103,0.00029852887,-0.00023896471
2834,1,-0.00080371625,-0.0003956768,0.00037676402,0.005855798,3.41896e-05,-0.00020260927
2835,1,-0.0008058536,0.000295677,0.000294071,0.0023316229,-0.00024257654,-7.5981174e-05
2836,1,0.0005944468,0.0020772726,0.00048821585,0.0014776257,0.0012805731,-0.00012500842
2837,1,0.00041573154,-0.0020384863,0.00046049932,0.011997953,0.0009882959,-0.00024505187
2838,1,0.0009117089,-0.0014316923,0.00042853705,0.008731321,0.00066325464,-0.00027576595
2839,1,-1.8100165e-05,-0.0014449947,0.00041815024,0.0094468305,0.00040778035,-0.00030649247
2840,1,-0.00034779916,-0.000258556,0.00039747145,0.0076074866,0.00018426418,-0.0002813198
2841,1,-0.00079631165,-0.0004285587,0.00038994692,0.0056946194,-2.6965365e-05,-0.00020672228
2842,1,-0.00080624677,0.00027833605,0.00040044216,0.0022744471,-0.00030301072,-8.627152e-05
2843,1,0.00073845213,0.002119026,0.0003000137,0.0014477639,0.0009286715,-3.373499e-05
2844,1,0.00043964334,-0.002026721,0.00036473532,0.011908076,0.00067860365,-0.00014794621
2845,1,0.0009097831,-0.0014141168,0.0003832745,0.00863071,0.0004762977,-0.00023084192
2846,1,-1.5313064e-05,-0.0014375004,0.00038896332,0.009323509,0.00028059995,-0.00024502797
2847,1,-0.00034869526,-0.0002750129,0.00040337796,0.0074953632,0.00010534388,-0.00023279127
2848,1,-0.00079659966,-0.00043399565,0.0004201577,0.005615871,-7.359431e-05,-0.00018150627
2849,1,-0.0008227236,0.00024519296,0.00044798784,0.0022456986,-0.00021655181,-7.141186e-05
2850,1,0.0006666178,0.0021369085,0.00026266335,0.001409119,0.0005817347,-5.5176675e-05
2851,1,0.00044014846,-0.001980764,0.00029752924,0.011834724,0.00041575896,-0.0001063427
2852,1,0.00091097143,-0.0014060482,0.00034119503,0.008581257,0.00028488672,-0.00014128313
2853,1,-1.798051e-05,-0.0014281081,0.0003730698,0.009252159,0.00016451233,-0.00017023599
2854,1,-0.00034982292,-0.0002790202,0.00040305275,0.0074443803,4.9513423e-05,-0.00016080367
2855,1,-0.0008054668,-0.00044323626,0.00044545621,0.005571815,-6.213153e-05,-0.00012616417
2856,1,-0.0008249127,0.00022710767,0.0005091329,0.002235571,-0.00019622482,-5.0399703e-05
2857,1,0.0007430619,0.0021525742,0.00016679919,0.0014257516,0.000268069,-1.2466558e-05
2858,1,0.00044790507,-0.0019718728,0.00025855895,0.011798198,0.00020018566,-4.8406382e-05
2859,1,0.0009119449,-0.0013892764,0.0003113367,0.008544575,0.00013735925,-7.3286494e-05
2860,1,-1.6597858e-05,-0.0014227928,0.00035945536,0.009220718,7.655578e-05,-8.221218e-05
2861,1,-0.00035353427,-0.00028172092,0.00040604538,0.0074140667,1.8267672e-05,-8.209589e-05
2862,1,-0.0008070247,-0.00044382582,0.00045945204,0.005556653,-4.0830157e-05,-6.333904e-05
2863,1,-0.00084138307,0.00021125004,0.00053787604,0.0022288652,-8.575482e-05,-2.5337004e-05
2864,1,0.000690415,0.0021545573,0.00018452381,0.0013962977,-1.3499736e-07,9.9889725e-08
2865,1,0.0004505229,-0.0019576184,0.00024083449,0.0117818955,-1.2747238e-07,1.35886244e-08
2866,1,0.0009124945,-0.001390345,0.00030478282,0.008540661,-1.4535011e-08,1.225256e-07
2867,1,-1.7837694e-05,-0.0014183678,0.00035499883,0.00920606,5.155123e-09,-2.1674966e-08
2868,1,-0.0003532219,-0.00028125764,0.0004051259,0.0074094026,4.7669104e-08,7.604604e-08
2869,1,-0.0008118162,-0.00044747445,0.00046687934,0.0055481982,7.9380975e-08,-3.4940584e-08
2870,1,-0.00083430787,0.00021043375,0.0005495201,0.0022288223,1.2863102e-07,5.517795e-08
2871,1,0.00074309856,0.0021523635,0.0001667782,0.0014257506,-0.00026839375,1.2502106e-05
2872,1,0.00044789637,-0.001971661,0.00025854545,0.011797892,-0.0002003984,4.8505754e-05
2873,1,0.0009119197,-0.0013892726,0.00031132958,0.008544791,-0.00013738914,7.347232e-05
2874,1,-1.6593216e-05,-0.0014227413,0.00035945835,0.00922071,-7.65478e-05,8.2199665e-05
2875,1,-0.00035354937,-0.00028172386,0.00040605047,0.0074141696,-1.8170877e-05,8.222184e-05
2876,1,-0.00080702774,-0.00044381997,0.000459458,0.0055566896,4.098565e-05,6.330004e-05
2877,1,-0.0008413977,0.00021127783,0.0005378849,0.0022288903,8.603489e-05,2.540643e-05
2878,1,0.0006667222,0.0021364738,0.000262639,0.001409172,-0.0005820394,5.522453e-05
2879,1,0.0004401159,-0.0019803331,0.00029750174,0.011834167,-0.00041596225,0.00010646288
2880,1,0.00091092946,-0.0014060618,0.00034118796,0.00858169,-0.0002849309,0.00014136964
2881,1,-1.7974933e-05,-0.0014280013,0.00037308098,0.0092521245,-0.00016449134,0.00017030824
2882,1,-0.00034985025,-0.00027903536,0.0004030614,0.0074446164,-4.9430255e-05,0.0001608577
2883,1,-0.00080547336,-0.0004432149,0.00044546937,0.005571859,6.228782e-05,0.00012620972
2884,1,-0.0008249415,0.00022715087,0.000509143,0.0022356326,0.00019647443,5.041801e-05
2885,1,0.00073855993,0.0021185316,0.00029990266,0.0014476557,-0.0009289236,3.372227e-05
2886,1,0.00043960602,-0.002026143,0.00036471104,0.011907355,-0.000678818,0.00014804755
2887,1,0.0009097204,-0.0014141325,0.00038328324,0.00863134,-0.00047631733,0.00023095391
2888,1,-1.5306588e-05,-0.0014373428,0.00038897205,0.009323484,-0.00028060467,0.00024509706
2889,1,-0.0003487309,-0.00027504278,0.00040339766,0.0074956925,-0.00010526763,0.00023288149
2890,1,-0.0007966117,-0.0004339481,0.00042016598,0.0056159482,7.37396e-05,0.00018155796
2891,1,-0.0008227598,0.0002452439,0.0004480084,0.002245776,0.00021680805,7.1423434e-05
2892,1,0.0005946896,0.0020763443,0.00048812196,0.0014777606,-0.001280999,0.00012495706
2893,1,0.00041565482,-0.002037592,0.00046044783,0.011996822,-0.0009884964,0.00024523813
2894,1,0.00091162056,-0.0014317364,0.00042853833,0.008732253,-0.0006633427,0.0002758923
2895,1,-1.807996e-05,-0.0014447822,0.00041816678,0.009446727,-0.00040780928,0.00030663484
2896,1,-0.00034785614,-0.000258551,0.00039746863,0.0076079355,-0.00018420084,0.00028142004
2897,1,-0.0007963145,-0.00042852634,0.0003899607,0.0056947065,2.7092503e-05,0.00020678279
2898,1,-0.0008063019,0.00027845555,0.0004004409,0.0022745593,0.00030322187,8.6301516e-05
2899,1,0.0008243213,0.002005375,0.00048340863,0.0014876423,-0.0023450267,-5.675451e-06
2900,1,0.00051148253,-0.002090725,0.00044138436,0.012057247,-0.0014715618,0.000105465
2901,1,0.00094024825,-0.001461274,0.00047833164,0.008923381,-0.0009540326,0.00028613303
2902,1,-2.0620485e-06,-0.0014227066,0.00042164518,0.009664747,-0.0005584213,0.00029893147
2903,1,-0.0003489789,-0.00026822466,0.0004014175,0.007848649,-0.0002984942,0.00023904665
2904,1,-0.0008037198,-0.00039562827,0.0003767545,0.0058559086,-3.4099197e-05,0.00020265885
2905,1,-0.00080591586,0.00029583133,0.00029409854,0.0023317598,0.00024275912,7.598178e-05
2906,1,0.0008619704,0.0020804096,-0.00036487696,0.0022113433,-0.0012012852,-0.0002734753
2907,1,0.000597222,-0.0020446398,0.00040755337,0.012713589,-0.0010286313,-5.631004e-05
2908,1,0.0010344739,-0.0014709848,0.00042281288,0.009646741,-0.0005542668,0.00019385654
2909,1,5.430919e-05,-0.0014061708,0.00041541457,0.010201967,-0.00033616,7.449407e-05
2910,1,-0.0003257594,-0.00030447118,0.00040773355,0.008388521,-0.00016220516,0.00014205242
2911,1,-0.00081938034,-0.00034953424,0.00034538857,0.0062913047,-7.9159996e-05,6.695832e-05
2912,1,-0.0008284777,0.00028462274,0.00032782488,0.0025447186,0.00014319368,2.9302704e-05
2913,1,0.0005681175,-0.006414072,0.0020149304,0.012139017,0.002323836,-0.0004048425
2914,1,0.0016916842,-0.004286032,0.0012177943,0.008795601,0.0007504686,-0.0005076455
2915,1,0.0009381084,-0.0032058773,0.00081856333,0.007883155,0.00039891974,-0.00026217735
2916,1,0.00039669918,-0.0016122143,0.00062454445,0.008063113,0.00022006761,-0.00022942093
2917,1,-0.00015097047,-0.0012426644,0.00046680492,0.0064350534,0.00011784468,-0.00015190554
2918,1,-0.00056443637,-5.3373842e-05,0.00035468565,0.0052950718,1.4593092e-05,-0.00012267705
2919,1,-0.00034711318,-0.00020610624,0.00014181623,0.0017462223,-0.00012357668,-5.523216e-05
2920,1,0.00013976026,-0.0064860764,0.0014718721,0.012090489,0.0018146108,-0.0003310537
2921,1,0.0013398138,-0.004256443,0.0011117547,0.008109524,0.0012220654,-0.00071964867
2922,1,0.0007178658,-0.0031671477,0.00075384893,0.007455832,0.00061238796,-0.00059426326
2923,1,0.00025951042,-0.0015401538,0.0005816508,0.007595856,0.00037342633,-0.00043293549
2924,1,-0.00021405441,-0.0012430706,0.00045568027,0.0060741655,0.00017450556,-0.0003702299
2925,1,-0.0005782461,-2.1003905e-05,0.0003397061,0.004958191,1.5944404e-05,-0.00025312376
2926,1,-0.000339995,-0.00025705845,0.00024167984,0.0015791279,-0.0002506113,-0.00010551174
2927,1,0.00030103483,-0.006273046,0.0008653924,0.012311568,0.0007424998,-0.00010465441
2928,1,0.0013928016,-0.0042453674,0.00079481455,0.008208477,0.0006208359,-0.000325504
2929,1,0.00073004543,-0.0032157109,0.0006496671,0.0073046815,0.0004630635,-0.00048683016
2930,1,0.00026213177,-0.0015359174,0.0005082526,0.007410526,0.00025670798,-0.0004423898
2931,1,-0.0002072638,-0.0012686464,0.00042994146,0.00588705,0.00011165495,-0.00035732434
2932,1,-0.0005739617,-2.4552905e-05,0.00036160296,0.004821192,-6.315469e-05,-0.0002779981
2933,1,-0.00034882766,-0.0003020733,0.00029257647,0.0015403368,-0.00021572785,-0.00010582623
2934,1,0.0003011141,-0.00620955,0.00062928355,0.012142993,0.0007963026,-8.630837e-05
2935,1,0.0014004923,-0.004140749,0.00058123743,0.008066644,0.00049676304,-0.00022327334
2936,1,0.0007356415,-0.0031959391,0.00053001597,0.0072422163,0.00031912583,-0.0002907321
2937,1,0.00026582927,-0.00155222,0.0004706433,0.0072935023,0.0001898564,-0.00033331622
2938,1,-0.00020542384,-0.0012721563,0.00041349884,0.0057878057,5.259119e-05,-0.00030288266
2939,1,-0.0005776947,-4.9315626e-05,0.00038485488,0.0047482215,-6.70225e-05,-0.00022041143
2940,1,-0.0003600086,-0.00032096094,0.00038247442,0.0015112994,-0.00023986472,-9.034728e-05
2941,1,0.0003530424,-0.006098905,0.00043716887,0.012175951,0.00034063464,-2.7865932e-05
2942,1,0.001418612,-0.0041182595,0.00046109478,0.008046979,0.00028873418,-0.00011493931
2943,1,0.0007469814,-0.0031534818,0.00044242584,0.0071616177,0.00020067472,-0.00019367575
2944,1,0.0002706288,-0.0015476401,0.00042467398,0.0072462945,0.00010571019,-0.00020615401
2945,1,-0.00020567341,-0.0012764755,0.00041007585,0.005724286,2.2894184e-05,-0.00020061861
2946,1,-0.00058012357,-5.8726404e-05,0.00040389405,0.0047144974,-7.233114e-05,-0.00015632363
2947,1,-0.00037440358,-0.00034466977,0.00042727243,0.0014993534,-0.00014716519,-6.010566e-05
2948,1,0.00035895,-0.006077304,0.0003620123,0.012076303,0.00023901748,-2.1620024e-05
2949,1,0.0014264914,-0.0040630554,0.00037964512,0.008001596,0.00014574177,-5.7262725e-05
2950,1,0.00075091457,-0.0031475846,0.00040140498,0.007144845,9.5615775e-05,-8.403375e-05
2951,1,0.00027314373,-0.0015357633,0.00039892332,0.007202347,5.101564e-05,-0.00010495859
2952,1,-0.00020605561,-0.0012733466,0.00040180568,0.0057025254,5.0031936e-06,-9.9105295e-05
2953,1,-0.0005855465,-7.042736e-05,0.0004198588,0.004690377,-3.7303787e-05,-7.655048e-05
2954,1,-0.00037728995,-0.00034745116,0.0004649752,0.0014941634,-9.497396e-05,-3.066414e-05
2955,1,0.00037357217,-0.006042944,0.00032356867,0.012123006,-1.9122348e-07,3.8324764e-08
2956,1,0.0014290333,-0.0040736836,0.00036772896,0.008001244,-1.0625112e-08,1.4913539e-07
2957,1,0.00075395254,-0.0031256531,0.00037778614,0.007121805,1.5465579e-09,2.6157319e-09
2958,1,0.0002734289,-0.0015394337,0.00039279545,0.0072028358,4.0321932e-08,2.3493982e-09
2959,1,-0.00020667119,-0.0012722394,0.0004013786,0.005686451,4.976902e-08,-1.4488786e-08
2960,1,-0.00058499083,-6.806268e-05,0.00042165094,0.004689666,9.640693e-08,1.02626565e-08
2961,1,-0.00038440747,-0.00035864938,0.00047331603,0.001491004,1.526609e-07,-3.3804646e-08
2962,1,0.00035892817,-0.0060767285,0.00036200907,0.012075999,-0.00023922898,2.1862836e-05
2963,1,0.0014264337,-0.0040629674,0.0003796027,0.008001974,-0.00014579754,5.7498273e-05
2964,1,0.00075093127,-0.003147526,0.0004013996,0.0071449433,-9.557875e-05,8.390647e-05
2965,1,0.0002731252,-0.0015357768,0.0003989358,0.0072024707,-5.0970615e-05,0.00010510267
2966,1,-0.00020605244,-0.0012733273,0.0004018048,0.0057026283,-4.8770603e-06,9.896879e-05
2967,1,-0.00058555556,-7.043522e-05,0.00041987197,0.004690417,3.7480022e-05,7.663969e-05
2968,1,-0.00037729327,-0.00034746478,0.00046497985,0.0014942029,9.525461e-05,3.0600844e-05
2969,1,0.0003529641,-0.0060976804,0.00043710408,0.012175336,-0.00034099823,2.7930051e-05
2970,1,0.001418505,-0.004118248,0.00046108646,0.008047842,-0.00028872394,0.00011495844
2971,1,0.00074701186,-0.003153345,0.00044243818,0.007161771,-0.00020068458,0.00019376223
2972,1,0.00027059307,-0.0015476585,0.00042466645,0.0072465683,-0.00010562862,0.0002060738
2973,1,-0.00020566706,-0.0012764644,0.00041011217,0.0057244836,-2.2801552e-05,0.00020066141
2974,1,-0.00058014074,-5.8724665e-05,0.0004038979,0.00471458,7.251547e-05,0.00015630941
2975,1,-0.00037440946,-0.00034472023,0.00042729944,0.0014994334,0.00014745854,6.011328e-05
2976,1,0.00030106134,-0.0062081013,0.00062928034,0.012142556,-0.00079656806,8.65018e-05
2977,1,0.001400339,-0.0041406145,0.00058121444,0.008067799,-0.00049682293,0.00022344438
2978,1,0.000735687,-0.0031957766,0.00053000473,0.007242519,-0.00031908345,0.000290584
2979,1,0.0002657801,-0.0015523111,0.0004707192,0.0072939303,-0.00018984005,0.00033339657
2980,1,-0.00020541699,-0.0012720872,0.00041349846,0.005788063,-5.248324e-05,0.00030290993
2981,1,-0.000577716,-4.934853e-05,0.00038488465,0.0047483766,6.7182154e-05,0.00022043815
2982,1,-0.0003600194,-0.00032098635,0.00038248108,0.0015114029,0.00024012025,9.037285e-05
2983,1,0.00030087298,-0.006270471,0.0008651667,0.012310302,-0.00074289896,0.00010489075
2984,1,0.0013925784,-0.004245423,0.0007948239,0.008210444,-0.000620818,0.00032537602
2985,1,0.0007301172,-0.0032155665,0.0006498009,0.0073050293,-0.00046314296,0.00048697286
2986,1,0.00026205005,-0.0015359297,0.0005082506,0.007411029,-0.00025668892,0.00044255343
2987,1,-0.00020724263,-0.0012686019,0.0004299749,0.0058874646,-0.0001115792,0.00035735907
2988,1,-0.00057399616,-2.453386e-05,0.00036160863,0.0048213317,6.329071e-05,0.0002780795
2989,1,-0.00034883257,-0.0003021686,0.00029260287,0.0015405049,0.00021598386,0.00010583159
2990,1,0.00013978951,-0.0064835297,0.0014717134,0.012089909,-0.0018151515,0.0003309789
2991,1,0.0013395259,-0.004256382,0.0011118349,0.008111624,-0.0012223489,0.0007201791
2992,1,0.0007179583,-0.0031667463,0.0007538344,0.0074561504,-0.00061256316,0.0005946514
2993,1,0.00025941012,-0.0015401501,0.0005816338,0.007596564,-0.00037341364,0.00043302364
2994,1,-0.00021402455,-0.0012429641,0.00045568263,0.0060746046,-0.00017449586,0.00037035914
2995,1,-0.00057828706,-2.0973068e-05,0.00033970844,0.0049584243,-1.5831392e-05,0.00025313755
2996,1,-0.00033999744,-0.00025717024,0.00024167387,0.0015793014,0.0002507997,0.00010554721
2997,1,0.0005679629,-0.0064090383,0.0020133976,0.012135852,-0.002323674,0.00040548807
2998,1,0.0016912029,-0.004285435,0.0012177023,0.008798052,-0.0007511337,0.0005081993
2999,1,0.00093823136,-0.0032052284,0.00081832433,0.007883704,-0.0003987626,0.00026225238
3000,1,0.00039655634,-0.0016121685,0.0006245425,0.008063812,-0.00022022762,0.00022953011
3001,1,-0.00015092838,-0.0012425018,0.00046675318,0.006435773,-0.00011776862,0.00015191351
3002,1,-0.00056448375,-5.3344087e-05,0.00035468434,0.005295255,-1.4584642e-05,0.00012270095
3003,1,-0.0003471132,-0.00020624195,0.00014185037,0.0017465246,0.0001236502,5.522629e-05
3004,1,0.00025821838,-0.009349774,0.003012922,-0.0052552265,-0.00087777624,-0.00070599635
3005,1,0.0021056512,-0.0056019328,0.0014941732,0.0028119842,-9.642591e-05,-0.00072396133
3006,1,0.0006796337,-0.002968296,0.00093598006,0.0041326564,-5.781803e-05,-0.00026029669
3007,1,0.00065311714,-0.0023906375,0.0006867509,0.0048245345,-1.36366425e-05,-0.000284052
3008,1,-0.00016028692,-0.0008177377,0.00046488788,0.0047004456,-2.041028e-05,-0.00014610968
3009,1,-0.0002537532,-0.00066153274,0.00030165844,0.0030203443,-1.4082217e-05,-0.00015305993
3010,1,-0.00011299294,0.00018384046,8.620291e-05,0.0013377696,-7.7484874e-05,-3.9739178e-05
3011,1,-0.0003143788,-0.009365289,0.0018142511,-0.005584132,-4.742868e-05,-0.0004492257
3012,1,0.0016696949,-0.005603322,0.0013493448,0.0027765234,-0.00013167503,-0.0009320448
3013,1,0.0004163394,-0.0028639338,0.0008447556,0.0038977952,1.2623619e-05,-0.00068289577
3014,1,0.00049598597,-0.0023545558,0.00062281,0.0046369946,-3.7225768e-06,-0.00046761017
3015,1,-0.00024669315,-0.0007606193,0.00045087942,0.0044798343,-1.22133715e-05,-0.00040742828
3016,1,-0.00027270737,-0.00067445455,0.0003055994,0.0028292802,-7.6648124e-05,-0.0002634177
3017,1,-0.00011294915,0.00017689755,0.00013458332,0.0012581865,-0.00018539056,-0.00011963179
3018,1,1.3216841e-05,-0.009088888,0.0010051251,-0.005759829,0.00036439573,-8.114678e-05
3019,1,0.0017815314,-0.0056417,0.0009220577,0.0025443146,0.00018751915,-0.00033713083
3020,1,0.00043026518,-0.0029118778,0.0007282808,0.0037162835,7.3439754e-05,-0.00055058906
3021,1,0.0005078814,-0.002367741,0.00053184055,0.004461639,4.1698546e-05,-0.00047894352
3022,1,-0.00024551593,-0.0007680824,0.000421215,0.0043164203,-1.880488e-05,-0.00037618697
3023,1,-0.00026872868,-0.00069501525,0.0003126003,0.0027164146,-9.17813e-05,-0.00029775754
3024,1,-0.00013445127,0.0001481507,0.0002426659,0.0012143932,-0.00024138193,-0.00010538362
3025,1,-7.172022e-05,-0.009033221,0.0007940249,-0.0057028714,0.00020865288,-0.0001137787
3026,1,0.0017761276,-0.0054916902,0.0006736061,0.0025080957,0.00015827171,-0.00025070077
3027,1,0.00044241166,-0.002901338,0.0005858216,0.0035933298,9.694972e-05,-0.00030203757
3028,1,0.00050697854,-0.0023820107,0.00049211836,0.0043497095,3.0163432e-05,-0.0003605399
3029,1,-0.00024228913,-0.0007757371,0.00039762157,0.0042139157,-2.5024416e-05,-0.00031893636
3030,1,-0.00027359242,-0.0007166225,0.00034342325,0.0026465212,-0.00010725456,-0.00023069339
3031,1,-0.00014531008,0.00012869122,0.0002918077,0.0011897157,-0.00018827614,-9.7101154e-05
3032,1,5.1762592e-05,-0.008898157,0.0005189012,-0.00574456,0.00025342673,-1.226081e-05
3033,1,0.0018023099,-0.005476615,0.00054021354,0.0024494915,0.0001381523,-0.0001151712
3034,1,0.0004541242,-0.0028534215,0.00048595775,0.0035478573,7.205246e-05,-0.0002108706
3035,1,0.000515643,-0.0023712835,0.00043601796,0.0042724116,2.4430774e-05,-0.00021436943
3036,1,-0.0002411077,-0.0007885677,0.00039240942,0.004157584,-2.6956597e-05,-0.00021171577
3037,1,-0.00027846903,-0.00071580074,0.00035470998,0.00259945,-8.010543e-05,-0.00016323842
3038,1,-0.00015665048,9.235252e-05,0.00036597828,0.0011727762,-0.00016879551,-6.190466e-05
3039,1,1.0123848e-05,-0.008878514,0.0004836854,-0.00568831,8.948783e-05,-2.7808459e-05
3040,1,0.0018075459,-0.0054008127,0.00044402742,0.0024371755,7.0509035e-05,-6.0882212e-05
3041,1,0.0004631403,-0.0028556127,0.00044012672,0.0035079254,3.893932e-05,-8.604235e-05
3042,1,0.00051573815,-0.0023538214,0.00040732932,0.0042442656,1.06183015e-05,-0.00011216297
3043,1,-0.00023957771,-0.00078661426,0.00038068846,0.004120119,-1.5572317e-05,-0.00010287394
3044,1,-0.00028158576,-0.0007279253,0.000372527,0.002580006,-4.800559e-05,-8.011162e-05
3045,1,-0.00016325293,9.348622e-05,0.00038122715,0.0011639609,-7.753931e-05,-3.2171298e-05
3046,1,6.9775495e-05,-0.008834718,0.00039654295,-0.005725426,-1.668191e-08,-7.645758e-08
3047,1,0.0018121015,-0.0054212883,0.00043562346,0.0024264571,2.4415343e-08,-6.7948186e-08
3048,1,0.00046390845,-0.0028264704,0.0004129007,0.0035073166,9.763567e-09,1.6950523e-08
3049,1,0.00051890424,-0.0023590862,0.00039940394,0.0042260475,3.5522856e-08,-1.4453784e-07
3050,1,-0.00024029092,-0.000786928,0.00037975825,0.0041154693,6.057354e-08,3.4424698e-08
3051,1,-0.00028343496,-0.00072166434,0.00037167445,0.0025688328,9.2631105e-08,-9.72894e-08
3052,1,-0.00016464436,7.5166194e-05,0.00040708625,0.0011612307,1.3871991e-07,3.2161484e-08
3053,1,1.0144321e-05,-0.008878727,0.00048369577,-0.005687187,-8.976115e-05,2.7976315e-05
3054,1,0.0018075502,-0.0054007447,0.00044398708,0.0024374414,-7.044811e-05,6.0693274e-05
3055,1,0.0004631521,-0.0028556932,0.00044012326,0.003508086,-3.8934268e-05,8.586191e-05
3056,1,0.0005157365,-0.0023538214,0.00040734842,0.004244422,-1.0533955e-05,0.00011211754
3057,1,-0.00023957585,-0.000786636,0.00038068552,0.0041201566,1.5680202e-05,0.000102736136
3058,1,-0.00028158948,-0.00072793826,0.00037254463,0.0025801207,4.819442e-05,8.007035e-05
3059,1,-0.00016325526,9.349978e-05,0.00038123355,0.0011639626,7.784246e-05,3.2161563e-05
3060,1,5.17987e-05,-0.00889846,0.0005188339,-0.005742278,-0.00025347757,1.1908362e-05
3061,1,0.0018023421,-0.005476709,0.0005402193,0.0024499604,-0.0001381348,0.000114892544
3062,1,0.0004541355,-0.0028535349,0.00048597893,0.003548204,-7.2028815e-05,0.00021084471
3063,1,0.000515647,-0.0023712788,0.00043601092,0.004272715,-2.4368514e-05,0.00021413542
3064,1,-0.00024110646,-0.0007886549,0.00039245814,0.0041576666,2.7072438e-05,0.0002117182
3065,1,-0.00027847546,-0.0007157868,0.00035471248,0.002599675,8.028355e-05,0.00016315658
3066,1,-0.00015665386,9.232961e-05,0.00036600814,0.001172781,0.00016906424,6.190469e-05
3067,1,-7.165256e-05,-0.009034231,0.00079409394,-0.005699874,-0.00020899482,0.000113783906
3068,1,0.0017761646,-0.005491621,0.0006735867,0.0025089262,-0.00015823626,0.00025055063
3069,1,0.00044243937,-0.002901608,0.00058582757,0.0035938332,-9.696586e-05,0.00030168076
3070,1,0.00050698116,-0.00238207,0.0004922283,0.0043501477,-3.0094601e-05,0.0003605506
3071,1,-0.00024228673,-0.0007758088,0.00039761965,0.0042140675,2.5119263e-05,0.00031888887
3072,1,-0.00027360083,-0.0007166429,0.0003434641,0.002646837,0.00010742373,0.00023068585
3073,1,-0.00014531513,0.00012871614,0.00029182137,0.0011897311,0.0001885554,9.7093274e-05
3074,1,1.3287634e-05,-0.009089589,0.0010049024,-0.0057550156,-0.00036453104,8.079668e-05
3075,1,0.0017816318,-0.0056420704,0.00092213246,0.0025452883,-0.00018748277,0.00033646278
3076,1,0.00043028223,-0.0029122995,0.0007285121,0.0037169594,-7.348288e-05,0.000550711
3077,1,0.00050788606,-0.0023677081,0.0005318412,0.004462294,-4.163789e-05,0.0004790172
3078,1,-0.0002455126,-0.00076821627,0.00042127588,0.0043165586,1.8873272e-05,0.00037617597
3079,1,-0.00026873825,-0.0006949988,0.0003126087,0.002716894,9.1935195e-05,0.00029781414
3080,1,-0.00013445698,0.00014815346,0.00024268977,0.0012143897,0.00024160361,0.00010537369
3081,1,-0.000314246,-0.009367778,0.0018144826,-0.005578978,4.674463e-05,0.0004487777
3082,1,0.0016697746,-0.0056035253,0.0013497305,0.0027780226,0.00013147881,0.00093256857
3083,1,0.0004163229,-0.0028641862,0.00084478944,0.0038986078,-1.2676998e-05,0.00068332267
3084,1,0.00049601047,-0.002354534,0.0006228527,0.0046378155,3.6947056e-06,0.00046760013
3085,1,-0.00024670624,-0.0007606938,0.00045090207,0.004480038,1.226773e-05,0.00040758122
3086,1,-0.000272707,-0.0006744677,0.00030560733,0.002829869,7.674291e-05,0.00026339092
3087,1,-0.00011296199,0.00017697073,0.0001345954,0.0012581899,0.00018558539,0.0001196564
3088,1,0.00025832394,-0.009349657,0.0030123286,-0.0052471533,0.0008764011,0.0007072931
3089,1,0.002105637,-0.00560164,0.0014944503,0.0028137774,9.654181e-05,0.0007247874
3090,1,0.00067969837,-0.002968466,0.0009358111,0.0041336874,5.7573234e-05,0.0002602338
3091,1,0.0006531011,-0.0023905218,0.0006868456,0.0048256502,1.3709272e-05,0.0002842504
3092,1,-0.00016026823,-0.00081783225,0.0004648479,0.004700625,2.0368227e-05,0.00014605324
3093,1,-0.00025376873,-0.0006615084,0.00030168478,0.0030211846,1.4135033e-05,0.00015312388
3094,1,-0.00011299727,0.00018387224,8.6197215e-05,0.0013377555,7.7593475e-05,3.9731192e-05
3095,1,-0.00017166564,-0.0002738887,0.00074433204,-0.0028906686,-0.001496202,0.00010410348
3096,1,0.00054761616,-0.003153104,0.0010035333,-0.0050548436,-0.00088305486,-0.00019257395
3097,1,0.0009788753,-0.0025855494,0.0007136843,0.002178835,-0.00035976362,-0.0002764574
3098,1,0.00015964113,-0.0013631417,0.0005312982,0.0016717406,-0.00022658912,-0.00013494142
3099,1,0.00012737112,-0.0011493292,0.00038609217,0.0027446726,-0.00010336124,-0.00017421579
3100,1,-0.00027157867,-0.0001249216,0.00022871575,0.0015437123,-8.0057194e-05,-8.142136e-05
3101,1,0.00015128948,-0.00043947555,4.4024593e-05,0.000572638,-5.661221e-05,-5.3750275e-05
3102,1,-0.0004239247,-0.0003115486,0.0012663588,-0.0024965433,-0.001544947,-0.00016766018
3103,1,0.00029650642,-0.0031286725,0.0009282639,-0.004909977,-0.0009600164,-0.00039904093
3104,1,0.00079787645,-0.0025729414,0.00071760936,0.002283382,-0.0005388112,-0.00046447178
3105,1,3.3190838e-05,-0.0013046508,0.0005208315,0.0016342468,-0.00030405904,-0.00039181262
3106,1,6.791544e-05,-0.0011453537,0.00037798367,0.0027002576,-0.00018965248,-0.00031114914
3107,1,-0.00029287633,-0.00010504039,0.00023831466,0.0014912102,-0.00012951017,-0.00024183765
3108,1,0.00014906804,-0.0004724353,9.332203e-05,0.0005476952,-0.00017531846,-8.9685076e-05
3109,1,-0.0005318461,-0.0001635092,0.0009270618,-0.0027318727,-0.000125923,-0.00014744881
3110,1,0.00025581272,-0.0030648077,0.00079287146,-0.0052352347,-0.00027912945,-0.0003252832
3111,1,0.00078658276,-0.0025828169,0.00062361476,0.0020987852,-0.0002399802,-0.00039428353
3112,1,1.33852345e-05,-0.001302054,0.00048055244,0.0014696376,-0.00016537854,-0.00039219626
3113,1,6.483887e-05,-0.0011564755,0.000361208,0.0025807621,-0.00013061336,-0.00033415554
3114,1,-0.000298721,-0.00011201768,0.00026014404,0.0013959499,-0.00014291848,-0.00024775273
3115,1,0.00013840545,-0.0005078816,0.0001557696,0.0005188368,-0.00019058354,-0.000101559686
3116,1,-0.00039744758,-9.685888e-05,0.0006679165,-0.002683763,-0.00017994162,-5.369168e-05
3117,1,0.00027447406,-0.0030214658,0.0006241686,-0.005255974,-0.00012085854,-0.00019280388
3118,1,0.0007831695,-0.0025532562,0.0005355412,0.0019689268,-0.00011972448,-0.00028331677
3119,1,1.7646642e-05,-0.0013063349,0.00043867834,0.0013581043,-0.000110025365,-0.0003000415
3120,1,6.1571765e-05,-0.0011622768,0.00035235027,0.0024824566,-0.00010481766,-0.00027861883
3121,1,-0.0003032012,-0.00012552545,0.00028039623,0.0013294608,-0.0001255259,-0.00020676032
3122,1,0.00011799446,-0.000532089,0.00024050029,0.00048954645,-0.00020685949,-8.17085e-05
3123,1,-0.00045395512,-4.1378466e-05,0.0005749469,-0.00271272,4.817704e-05,-5.936019e-05
3124,1,0.00028699377,-0.0029724622,0.0005148177,-0.0052906154,-1.615976e-05,-0.00012322099
3125,1,0.00079288427,-0.00252971,0.000462623,0.0019075548,-4.5743007e-05,-0.00017346014
3126,1,1.8494646e-05,-0.0012985084,0.00040244713,0.001287691,-5.6406887e-05,-0.00019992645
3127,1,6.238662e-05,-0.0011617956,0.00034471723,0.002414798,-7.351066e-05,-0.0001864266
3128,1,-0.0003077225,-0.00013814113,0.00030105445,0.0012834686,-0.0001009701,-0.00014565657
3129,1,0.000110243294,-0.0005455171,0.0002764516,0.00047304895,-0.00014280021,-5.6735742e-05
3130,1,-0.0003655996,-2.053817e-05,0.0004458322,-0.002703662,-2.9832346e-08,-1.5414955e-05
3131,1,0.0002964302,-0.0029489829,0.00045362138,-0.005285831,-1.811909e-06,-5.6622404e-05
3132,1,0.0007944836,-0.002510178,0.0004203278,0.0018717392,-1.6970056e-05,-8.530798e-05
3133,1,2.4582801e-05,-0.0012922839,0.00037823414,0.0012546083,-2.767579e-05,-9.706399e-05
3134,1,6.0498493e-05,-0.0011596961,0.00033880217,0.0023792393,-3.724049e-05,-9.476807e-05
3135,1,-0.0003101864,-0.00014326425,0.00031145127,0.0012569005,-5.281879e-05,-7.165639e-05
3136,1,0.00010096511,-0.0005558207,0.00031814125,0.00045972443,-8.650927e-05,-2.86494e-05
3137,1,-0.0004233378,-7.4886498e-06,0.0004664696,-0.0027062644,-2.0815604e-07,-1.4849026e-07
3138,1,0.0003017149,-0.0029387686,0.00043047307,-0.005291459,-6.289663e-08,-1.3651736e-07
3139,1,0.00079877354,-0.0025045,0.00040495818,0.0018632744,-9.26068e-09,-1.2959904e-07
3140,1,2.2797465e-05,-0.0012895694,0.0003713448,0.0012429433,8.096445e-09,-8.550565e-08
3141,1,6.171129e-05,-0.0011585478,0.00033686066,0.002367423,5.2495515e-08,-9.085576e-08
3142,1,-0.00031143468,-0.0001453432,0.00031620526,0.0012489138,8.335674e-08,-3.7514496e-08
3143,1,0.00010077585,-0.00055838225,0.00031787195,0.0004586904,1.4696373e-07,-4.4356945e-08
3144,1,-0.0003656134,-2.0966902e-05,0.00044584204,-0.0027042958,-2.0630767e-07,1.510881e-05
3145,1,0.00029651658,-0.00294916,0.00045361166,-0.005285562,1.6664121e-06,5.632608e-05
3146,1,0.0007944635,-0.0025102138,0.0004203334,0.001871766,1.693061e-05,8.502825e-05
3147,1,2.461233e-05,-0.0012923608,0.00037824363,0.0012546754,2.7711427e-05,9.69085e-05
3148,1,6.0487702e-05,-0.0011597028,0.00033881186,0.002379326,3.7329897e-05,9.4579635e-05
3149,1,-0.00031018068,-0.0001432892,0.0003114621,0.0012569027,5.2994328e-05,7.158997e-05
3150,1,0.00010096577,-0.00055581843,0.00031815172,0.0004597618,8.676946e-05,2.8579374e-05
3151,1,-0.00045394385,-4.221572e-05,0.0005749426,-0.002714073,-4.8599763e-05,5.9085858e-05
3152,1,0.00028715146,-0.0029728499,0.00051482755,-0.0052901725,1.5976379e-05,0.00012284481
3153,1,0.0007928556,-0.0025297925,0.00046263478,0.0019076447,4.5730885e-05,0.00017321284
3154,1,1.8548286e-05,-0.0012986654,0.00040247382,0.0012878157,5.641228e-05,0.00019971603
3155,1,6.236778e-05,-0.0011618199,0.00034474485,0.0024149586,7.361521e-05,0.00018630501
3156,1,-0.00030771128,-0.00013818721,0.00030107223,0.0012834923,0.000101131525,0.00014557144
3157,1,0.000110243076,-0.00054552045,0.00027647754,0.00047311516,0.00014308249,5.6701225e-05
3158,1,-0.00039750818,-9.8049946e-05,0.0006679335,-0.0026856402,0.00017965084,5.3422504e-05
3159,1,0.00027472147,-0.0030220896,0.00062417943,-0.0052553616,0.000120698176,0.00019236078
3160,1,0.0007831238,-0.002553418,0.00053560757,0.0019690355,0.00011965173,0.00028302256
3161,1,1.7724946e-05,-0.0013066024,0.00043874487,0.0013582825,0.00011006978,0.0002998969
3162,1,6.154529e-05,-0.0011622979,0.00035238432,0.002482725,0.000104903185,0.00027855273
3163,1,-0.00030318508,-0.00012560016,0.0002804226,0.001329481,0.00012568384,0.00020669687
3164,1,0.00011799809,-0.0005320812,0.00024052284,0.00048966246,0.00020710325,8.1698425e-05
3165,1,-0.00053183053,-0.00016536172,0.0009270898,-0.00273492,0.00012542178,0.0001468909
3166,1,0.00025615562,-0.0030657619,0.0007930022,-0.0052344957,0.00027881894,0.0003247467
3167,1,0.00078651245,-0.0025831016,0.00062378054,0.0020989433,0.000240042,0.000394203
3168,1,1.3496202e-05,-0.0013023621,0.00048061955,0.0014699192,0.00016538434,0.00039217857
3169,1,6.4797954e-05,-0.0011565061,0.0003612505,0.0025811263,0.00013069865,0.00033412743
3170,1,-0.0002986953,-0.00011209522,0.00026016962,0.0013959883,0.00014305473,0.00024774438
3171,1,0.00013840731,-0.00050787727,0.00015579344,0.00051898626,0.00019082171,0.000101551115
3172,1,-0.0004241234,-0.0003138938,0.0012665348,-0.0025004442,0.0015443442,0.00016758312
3173,1,0.00029690895,-0.003130004,0.0009286761,-0.00490899,0.0009601024,0.00039907073
3174,1,0.00079777517,-0.0025731008,0.00071773457,0.0022838765,0.0005388256,0.00046470453
3175,1,3.331201e-05,-0.0013050006,0.00052089914,0.0016345098,0.0003040574,0.0003918287
3176,1,6.787246e-05,-0.0011453654,0.0003780265,0.0027008292,0.00018972269,0.00031119664
3177,1,-0.00029285197,-0.00010511223,0.00023833176,0.0014912138,0.00012959655,0.00024183506
3178,1,0.00014907985,-0.00047244388,9.333546e-05,0.0005479219,0.00017550951,8.969539e-05
3179,1,-0.00017167685,-0.00027699405,0.0007452473,-0.0028946889,0.0014963709,-0.00010405982
3180,1,0.0005482195,-0.0031541141,0.0010037561,-0.0050526257,0.0008832179,0.00019297584
3181,1,0.0009787218,-0.0025856642,0.0007137983,0.0021791814,0.000359709,0.00027657874
3182,1,0.00015984866,-0.0013635304,0.0005313615,0.0016722761,0.00022662051,0.00013495244
3183,1,0.00012729374,-0.0011492975,0.0003861243,0.0027453238,0.00010336653,0.00017426121
3184,1,-0.00027153082,-0.00012503327,0.00022873693,0.0015437905,8.010371e-05,8.140661e-05
3185,1,0.00015128603,-0.0004394104,4.400921e-05,0.00057291373,5.6663182e-05,5.3758347e-05
3186,1,0.00013261744,-0.0006364479,9.9509205e-05,-0.0006948374,-0.0003066777,2.0707454e-05
3187,1,-5.1225343e-05,-9.695737e-05,0.00024563016,-0.00064766884,-0.00048173522,0.00010020119
3188,1,0.0003406936,-0.0011449342,0.00036185444,-0.0015488056,-0.00043181982,-4.968594e-05
3189,1,0.00023589829,-0.0009802317,0.00031909833,0.0016313156,-0.00021680862,-0.00010493432
3190,1,-8.822166e-05,-0.0003836254,0.00024261413,0.00046037757,-0.00015807159,-6.2239356e-05
3191,1,-7.3305506e-05,-0.00039123723,0.00014807218,0.00087666314,-6.457285e-05,-8.8294226e-05
3192,1,0.00011220378,0.00013740748,-1.0023961e-05,-8.414066e-05,-6.9736736e-05,-1.8794895e-05
3193,1,0.00017364441,-0.00082159624,0.00033846853,-0.00064591283,-0.0010449198,8.033576e-05
3194,1,-7.0001675e-05,-0.00014436594,0.00046196798,-0.00030667565,-0.00086172216,1.9515546e-06
3195,1,0.00026857827,-0.0011548742,0.00043151475,-0.0014533253,-0.0006290024,-0.00017066627
3196,1,0.0001913315,-0.0009927854,0.00034972068,0.0017528753,-0.00040083035,-0.00020957946
3197,1,-0.00012289241,-0.00036849428,0.000265817,0.00048826594,-0.0002428756,-0.00020460875
3198,1,-7.38017e-05,-0.0004085933,0.00016381014,0.00092307973,-0.00016124299,-0.00015762624
3199,1,0.000114985196,0.00012704171,3.985904e-05,-6.4588574e-05,-0.00011036388,-6.7032735e-05
3200,1,-5.532107e-06,-0.0008344505,0.0006311598,-0.00055708084,-0.00068527175,-7.559654e-05
3201,1,-0.00019907407,-0.000101233374,0.0005134035,-0.00031589653,-0.0005039095,-0.00016157643
3202,1,0.0002018383,-0.0011180193,0.00044554847,-0.0015739395,-0.00037286422,-0.00020797523
3203,1,0.00015764682,-0.0009945303,0.00036336746,0.0016708742,-0.00027358666,-0.0002490095
3204,1,-0.00014278534,-0.000360428,0.00027380305,0.00040118996,-0.00019066225,-0.00022951976
3205,1,-8.136438e-05,-0.00042458915,0.00019095904,0.0008778291,-0.00014618837,-0.00017815002
3206,1,9.3117196e-05,0.000112492955,0.00011440907,-9.018075e-05,-0.00018012588,-6.933776e-05
3207,1,1.4190256e-05,-0.0008031112,0.0005146251,-0.0006355871,-0.00018851011,-5.204984e-05
3208,1,-0.00018200748,-8.4169034e-05,0.00047675663,-0.00040424365,-0.0002555152,-0.00013845244
3209,1,0.00019852225,-0.0011024671,0.00041242634,-0.0016433853,-0.00023197939,-0.00019073708
3210,1,0.0001503514,-0.0009825741,0.00034613273,0.0015738762,-0.00017951343,-0.00020948805
3211,1,-0.00014588572,-0.00036487545,0.0002787659,0.0003266167,-0.0001482049,-0.00020079542
3212,1,-8.907208e-05,-0.000431383,0.00021632358,0.00081778865,-0.00014218263,-0.00015505932
3213,1,8.199962e-05,9.20168e-05,0.00016077608,-0.000108872526,-0.0001681612,-6.11422e-05
3214,1,3.901098e-05,-0.0007829637,0.00045766335,-0.0006003888,-0.00017807848,-3.1930154e-05
3215,1,-0.00019065503,-6.472395e-05,0.00043209,-0.00041632482,-0.00013171398,-9.657953e-05
3216,1,0.0001949461,-0.0010887844,0.0003856121,-0.0017010489,-0.00011964464,-0.00013261086
3217,1,0.00015034838,-0.0009743356,0.00033068733,0.0015115275,-0.00011266276,-0.00014955475
3218,1,-0.00014924546,-0.00036586085,0.00027859572,0.00027074298,-9.9486475e-05,-0.00014256753
3219,1,-9.360466e-05,-0.00043573178,0.00023422975,0.00077419175,-0.00010435966,-0.00010955149
3220,1,6.8504174e-05,7.536168e-05,0.00021518093,-0.0001278112,-0.00014553379,-4.270035e-05
3221,1,2.2999173e-05,-0.0007612695,0.0004244512,-0.00062764593,-2.2801853e-05,-2.0609485e-05
3222,1,-0.00017523595,-5.2463485e-05,0.0003939101,-0.00044501162,-5.0335926e-05,-4.8803337e-05
3223,1,0.00020052113,-0.001079131,0.00035992,-0.0017165513,-5.416632e-05,-6.678099e-05
3224,1,0.00014885316,-0.00096851337,0.00032005628,0.0014717211,-5.0763436e-05,-7.599552e-05
3225,1,-0.00014849304,-0.0003656427,0.0002779105,0.00024052766,-5.1514984e-05,-7.304242e-05
3226,1,-9.739646e-05,-0.0004388793,0.00024709897,0.0007465602,-5.7831698e-05,-5.643166e-05
3227,1,6.475442e-05,6.597646e-05,0.00023146735,-0.00013575467,-7.418393e-05,-2.2104876e-05
3228,1,5.7080324e-05,-0.00076015183,0.0003898467,-0.0006092011,-1.3357597e-07,1.7382616e-08
3229,1,-0.00018032067,-4.855183e-05,0.00038644567,-0.0004396989,-1.340332e-07,-1.1446725e-07
3230,1,0.00019905287,-0.0010757444,0.00035431975,-0.0017295716,-5.435745e-08,-1.14000635e-07
3231,1,0.00015128804,-0.0009660344,0.00031454692,0.001463185,-1.0179526e-08,-1.14156634e-07
3232,1,-0.00015006843,-0.00036579528,0.0002780638,0.00022967043,3.1444404e-08,-7.814581e-08
3233,1,-9.781729e-05,-0.00043950646,0.00024986087,0.0007384595,7.286647e-08,-7.480177e-08
3234,1,6.0616254e-05,6.256567e-05,0.00024950146,-0.00014097952,1.15248596e-07,-6.03417e-09
3235,1,2.29758e-05,-0.0007610686,0.000424454,-0.00062753604,2.2520355e-05,2.0616508e-05
3236,1,-0.00017525218,-5.256073e-05,0.00039391982,-0.00044542755,5.0054357e-05,4.8569415e-05
3237,1,0.00020056128,-0.0010792108,0.00035992698,-0.001716428,5.4069933e-05,6.656727e-05
3238,1,0.00014883785,-0.0009685333,0.00032006647,0.0014716604,5.0736744e-05,7.575528e-05
3239,1,-0.00014847597,-0.00036568753,0.0002779215,0.00024056887,5.1579962e-05,7.289792e-05
3240,1,-9.740346e-05,-0.0004388816,0.00024710802,0.0007465689,5.797495e-05,5.6287565e-05
3241,1,6.476193e-05,6.594941e-05,0.00023148168,-0.0001357487,7.442994e-05,2.2081445e-05
3242,1,3.8932605e-05,-0.0007825821,0.00045768585,-0.00060012756,0.0001778045,3.193707e-05
3243,1,-0.00019068918,-6.4890446e-05,0.0004321029,-0.0004171252,0.0001314465,9.638571e-05
3244,1,0.00019502635,-0.0010889627,0.0003856367,-0.0017008521,0.000119522265,0.00013233745
3245,1,0.0001503181,-0.0009743805,0.00033071576,0.0015114272,0.00011264842,0.00014937045
3246,1,-0.00014921177,-0.00036595023,0.0002786173,0.00027081507,9.954902e-05,0.00014240928
3247,1,-9.361838e-05,-0.0004357401,0.00023424898,0.00077421835,0.00010450125,0.00010945472
3248,1,6.852133e-05,7.53183e-05,0.00021520033,-0.00012780228,0.00014575818,4.266469e-05
3249,1,1.4123384e-05,-0.0008025819,0.0005146556,-0.0006353055,0.00018828137,5.197313e-05
3250,1,-0.00018206179,-8.443999e-05,0.00047680244,-0.00040546927,0.0002552062,0.00013821371
3251,1,0.00019863714,-0.0011027551,0.00041248862,-0.0016431106,0.00023189619,0.00019050963
3252,1,0.0001503089,-0.0009826428,0.00034618133,0.0015737305,0.00017950348,0.00020933745
3253,1,-0.00014583686,-0.00036501657,0.0002788014,0.00032673363,0.00014827191,0.00020067718
3254,1,-8.909085e-05,-0.00043138542,0.0002163469,0.00081783795,0.0001423166,0.00015499815
3255,1,8.202279e-05,9.194402e-05,0.00016080539,-0.000108858905,0.00016838612,6.1108825e-05
3256,1,-5.704148e-06,-0.00083362806,0.00063121493,-0.00055659766,0.0006849037,7.56835e-05
3257,1,-0.00019917515,-0.00010163836,0.0005135397,-0.00031770515,0.00050365826,0.00016144
3258,1,0.00020200854,-0.0011184079,0.00044564178,-0.001573523,0.00037281154,0.00020780435
3259,1,0.00015757927,-0.0009946277,0.00036344028,0.0016707078,0.00027360654,0.00024894575
3260,1,-0.00014271443,-0.00036059463,0.000273843,0.00040136382,0.00019072297,0.00022946423
3261,1,-8.1390855e-05,-0.00042459936,0.00019098316,0.00087791245,0.00014630776,0.00017811678
3262,1,9.315359e-05,0.000112414105,0.00011442978,-9.015504e-05,0.00018031613,6.932916e-05
3263,1,0.00017345978,-0.00082062517,0.00033874394,-0.0006452323,0.0010449971,-8.0348895e-05
3264,1,-7.0119255e-05,-0.00014483441,0.00046210046,-0.0003088057,0.00086171104,-1.9908268e-06
3265,1,0.00026879448,-0.0011553847,0.00043166088,-0.0014527137,0.0006290799,0.00017062355
3266,1,0.00019124236,-0.0009928489,0.0003497925,0.0017527757,0.00040086664,0.00020962117
3267,1,-0.00012280406,-0.00036869457,0.00026585572,0.0004884687,0.00024292796,0.00020456887
3268,1,-7.383376e-05,-0.0004085982,0.00016383643,0.0009232482,0.00016133775,0.00015764174
3269,1,0.00011502574,0.00012695637,3.9866318e-05,-6.457282e-05,0.000110513516,6.702283e-05
3270,1,0.00013244871,-0.0006350943,9.938593e-05,-0.0006941154,0.00030693144,-2.0713263e-05
3271,1,-5.1273066e-05,-9.7700424e-05,0.000245872,-0.0006502298,0.00048188347,-0.00010029427
3272,1,0.00034097544,-0.001145401,0.00036197493,-0.0015477373,0.00043191508,4.976634e-05
3273,1,0.00023579721,-0.0009803051,0.00031916183,0.0016310588,0.00021681191,0.00010493819
3274,1,-8.810155e-05,-0.0003838574,0.00024266393,0.00046078238,0.00015811411,6.2240004e-05
3275,1,-7.335384e-05,-0.0003912114,0.00014808604,0.00087681576,6.459861e-05,8.830207e-05
3276,1,0.00011225228,0.00013726206,-9.99673e-06,-8.405926e-05,6.980963e-05,1.8791377e-05
3277,1,1.7539693e-05,0.00024350452,4.763168e-05,0.0001665632,-0.00022729683,3.66027e-05
3278,1,9.6937165e-06,-0.0004204487,0.00011199485,-0.0007655144,-0.00012673074,2.780707e-06
3279,1,7.224248e-05,-0.00019453462,0.000111738824,0.00050327316,-0.00016146222,1.956004e-05
3280,1,5.2473843e-05,-0.00031925616,0.00014203168,-0.00035775304,-0.00017780182,-1.1778062e-05
3281,1,-4.127732e-05,-0.00029549337,0.0001258153,0.0007727055,-7.936745e-05,-4.6685644e-05
3282,1,-9.629427e-05,4.2158288e-05,6.889822e-05,-0.0004712971,-7.3521776e-05,-2.1787819e-05
3283,1,0.00014882325,-0.00020245367,-1.9175937e-05,-4.677556e-05,2.6901573e-05,-2.3158387e-05
3284,1,6.2399704e-05,0.00021567073,0.00015405178,0.00021418628,-0.00038454376,5.9650124e-06
3285,1,5.7309644e-05,-0.0004982006,0.00016412413,-0.0007647922,-0.0004357845,3.3525597e-05
3286,1,9.1912174e-05,-0.00023845764,0.00020165744,0.00067552953,-0.00040439214,-1.369794e-05
3287,1,4.7641508e-05,-0.00033581007,0.00019414468,-0.0003012954,-0.00030474362,-7.9945356e-05
3288,1,-3.652036e-05,-0.00031822053,0.0001512378,0.0008775549,-0.00020449857,-9.3972114e-05
3289,1,-9.113363e-05,3.6928486e-05,9.541573e-05,-0.00040163036,-0.00011206346,-8.5368134e-05
3290,1,0.00015778882,-0.00022840414,1.6401213e-05,7.736402e-06,-7.566222e-05,-3.4614215e-05
3291,1,-5.5549012e-06,0.00017231115,0.00026955266,0.0002152365,-0.0005214033,1.3119649e-05
3292,1,-1.2868509e-05,-0.00051383756,0.00029227178,-0.0007085696,-0.0004483218,-2.4218883e-05
3293,1,2.6184518e-05,-0.00023760072,0.00027266023,0.00069443526,-0.00035620955,-8.9215704e-05
3294,1,8.94291e-06,-0.00032497864,0.0002316225,-0.00033964112,-0.00026192356,-0.000117906224
3295,1,-5.713465e-05,-0.00032529677,0.00018439339,0.00085898803,-0.00018443877,-0.00012876022
3296,1,-0.00010363849,3.5863926e-05,0.00012523282,-0.00043138812,-0.00013811444,-0.00010181049
3297,1,0.00014551489,-0.00024907396,5.9897604e-05,-1.157516e-07,-0.00012182921,-4.151158e-05
3298,1,-4.5791363e-05,0.0001615893,0.000364044,0.000236731,-0.00029730404,-3.7444206e-05
3299,1,-4.1158764e-05,-0.0005045159,0.00031624918,-0.0007268948,-0.00026165313,-7.5071686e-05
3300,1,1.37629395e-05,-0.0002266363,0.0002836668,0.0006405031,-0.00022927288,-9.6973854e-05
3301,1,-6.178115e-07,-0.00032172338,0.0002440764,-0.00038553245,-0.000190941,-0.00012198878
3302,1,-6.471572e-05,-0.0003224069,0.00019587758,0.00080407853,-0.00014793183,-0.00012052361
3303,1,-0.00010929056,2.7870337e-05,0.00014901304,-0.0004641654,-0.00012601471,-9.467011e-05
3304,1,0.00013118416,-0.00026046124,0.000111161185,-1.3879105e-05,-0.00015155473,-3.726086e-05
3305,1,-3.3963235e-05,0.00016611748,0.00033321607,0.00020402709,-0.00015295089,-2.0588626e-05
3306,1,-3.340052e-05,-0.0005045231,0.0003167299,-0.0007514766,-0.00016591615,-5.8447367e-05
3307,1,8.364507e-06,-0.00021987494,0.00028393022,0.0006119715,-0.00014813946,-8.469928e-05
3308,1,-5.1376687e-06,-0.0003180313,0.00024550155,-0.00043037962,-0.00012087274,-9.263041e-05
3309,1,-6.788328e-05,-0.0003210874,0.00020507102,0.00076135603,-0.00010570754,-9.1678645e-05
3310,1,-0.000114454975,2.2111732e-05,0.00016821391,-0.0004959902,-0.00010069985,-7.033687e-05
3311,1,0.00012272938,-0.00026999312,0.00013758523,-2.6611546e-05,-0.00011787671,-2.7826458e-05
3312,1,-3.134216e-05,0.00016757565,0.00032814435,0.00022003168,-7.966249e-05,-1.3335598e-05
3313,1,-3.9852694e-05,-0.00049818994,0.0003107022,-0.00075399026,-6.910271e-05,-3.303798e-05
3314,1,8.57836e-06,-0.00021726791,0.00028078357,0.00058024353,-6.548368e-05,-4.4624423e-05
3315,1,-4.7189483e-06,-0.00031569527,0.0002443493,-0.0004514281,-6.0705053e-05,-5.0851097e-05
3316,1,-7.02508e-05,-0.00032046993,0.00020913212,0.0007322976,-5.331448e-05,-4.8394675e-05
3317,1,-0.00011628842,1.846157e-05,0.00017852783,-0.00051452836,-5.4059983e-05,-3.7365648e-05
3318,1,0.00011596068,-0.00027581272,0.00016614457,-3.561308e-05,-7.0543196e-05,-1.4471633e-05
3319,1,-3.1760283e-05,0.00017148706,0.00032054668,0.00020091714,-6.946866e-08,-4.4667e-08
3320,1,-3.1089134e-05,-0.0004975039,0.00030373744,-0.00076406955,-9.070778e-08,-2.9320582e-08
3321,1,9.126637e-06,-0.0002151837,0.0002772033,0.0005802746,-6.932884e-08,-9.231736e-08
3322,1,-5.935479e-06,-0.0003155951,0.0002447391,-0.0004628046,-1.7557097e-08,-8.694163e-08
3323,1,-6.980349e-05,-0.0003199684,0.00021018526,0.0007241235,1.5363803e-08,-9.171854e-08
3324,1,-0.000117630305,1.7213953e-05,0.00018328543,-0.00052107405,5.9167377e-08,-5.234612e-08
3325,1,0.00011515618,-0.00027798975,0.00016604144,-3.77663e-05,9.9990345e-08,-3.700953e-08
3326,1,-3.13364e-05,0.00016745536,0.0003281498,0.00021993816,7.944612e-05,1.32842515e-05
3327,1,-3.9860737e-05,-0.00049813156,0.00031070792,-0.00075385004,6.8939495e-05,3.2985452e-05
3328,1,8.571335e-06,-0.00021729573,0.0002807932,0.0005800372,6.534235e-05,4.4429762e-05
3329,1,-4.7051803e-06,-0.0003157281,0.000244359,-0.00045135344,6.0669186e-05,5.0688326e-05
3330,1,-7.025811e-05,-0.0003204765,0.00020914037,0.0007322297,5.3348736e-05,4.8216014e-05
3331,1,-0.00011628279,1.844252e-05,0.0001785364,-0.0005145009,5.4175584e-05,3.7263617e-05
3332,1,0.000115962386,-0.0002758072,0.00016615505,-3.5632478e-05,7.073595e-05,1.4410031e-05
3333,1,-3.3943557e-05,0.00016589162,0.0003332316,0.00020382382,0.0001528361,2.0518404e-05
3334,1,-3.3418288e-05,-0.0005044327,0.00031675046,-0.00075122464,0.00016574051,5.8358324e-05
3335,1,8.347322e-06,-0.00021992167,0.00028395397,0.00061158475,0.00014801047,8.4555024e-05
3336,1,-5.109237e-06,-0.0003181029,0.00024552253,-0.0004302555,0.000120842415,9.245444e-05
3337,1,-6.789832e-05,-0.00032110082,0.00020508896,0.000761241,0.00010574239,9.1542024e-05
3338,1,-0.00011444311,2.2075894e-05,0.00016822873,-0.00049594545,0.0001008152,7.023021e-05
3339,1,0.00012273176,-0.00026998663,0.00013760747,-2.6641841e-05,0.00011806958,2.7784698e-05
3340,1,-4.577398e-05,0.00016126742,0.00036405356,0.0002364528,0.00029710672,3.743467e-05
3341,1,-4.1186137e-05,-0.0005043822,0.00031629356,-0.0007265436,0.00026151407,7.502351e-05
3342,1,1.3740072e-05,-0.00022671011,0.0002837058,0.00063992076,0.0002291589,9.684129e-05
3343,1,-5.7743136e-07,-0.00032183458,0.0002441118,-0.00038533556,0.00019092599,0.00012185094
3344,1,-6.473627e-05,-0.0003224235,0.0001959033,0.00080391107,0.00014797333,0.00012042139
3345,1,-0.00010927319,2.7812646e-05,0.00014903308,-0.00046408808,0.00012612181,9.458579e-05
3346,1,0.00013119073,-0.00026044194,0.00011118403,-1.3921979e-05,0.0001517324,3.7236987e-05
3347,1,-5.5309893e-06,0.00017180861,0.00026963907,0.00021483557,0.00052138633,-1.3183257e-05
3348,1,-1.29174705e-05,-0.0005136295,0.0002923218,-0.00070800685,0.0004482428,2.4200306e-05
3349,1,2.6145617e-05,-0.00023770842,0.00027272388,0.00069363025,0.0003561402,8.914011e-05
3350,1,9.003846e-06,-0.00032512014,0.00023166878,-0.00033933806,0.00026193523,0.00011781258
3351,1,-5.7165886e-05,-0.0003253227,0.00018442395,0.00085878116,0.00018447977,0.00012869832
3352,1,-0.00010361222,3.5799356e-05,0.00012525405,-0.00043126897,0.00013820974,0.00010175992
3353,1,0.00014552227,-0.0002490522,5.9919294e-05,-1.6639677e-07,0.00012198545,4.149164e-05
3354,1,6.245977e-05,0.00021506507,0.00015399267,0.00021363766,0.00038456995,-5.9802637e-06
3355,1,5.728221e-05,-0.00049796666,0.0001642064,-0.0007640753,0.00043581772,-3.35572e-05
3356,1,9.187749e-05,-0.00023857539,0.0002017163,0.0006745824,0.00040441236,1.3667473e-05
3357,1,4.772218e-05,-0.00033599287,0.00019419524,-0.00030088,0.00030478725,7.9884165e-05
3358,1,-3.6558173e-05,-0.00031823982,0.00015127243,0.00087734614,0.00020454329,9.396614e-05
3359,1,-9.11004e-05,3.6851598e-05,9.542976e-05,-0.00040147494,0.00011213351,8.5333566e-05
3360,1,0.00015780173,-0.00022836818,1.6416103e-05,7.687254e-06,7.577982e-05,3.461736e-05
3361,1,1.7604954e-05,0.0002426992,4.7713474e-05,0.00016595663,0.00022714028,-3.662426e-05
3362,1,9.662339e-06,-0.00042005107,0.00011196438,-0.0007645766,0.00012677397,-2.7670205e-06
3363,1,7.2221e-05,-0.00019473459,0.00011180007,0.00050206855,0.00016149387,-1.961285e-05
3364,1,5.257171e-05,-0.00031943448,0.00014208526,-0.00035710423,0.00017784516,1.1788444e-05
3365,1,-4.1321477e-05,-0.00029551078,0.00012583914,0.0007723805,7.9381956e-05,4.6670655e-05
3366,1,-9.62579e-05,4.2059284e-05,6.892199e-05,-0.00047100114,7.355545e-05,2.1788122e-05
3367,1,0.00014882538,-0.00020237367,-1.918941e-05,-4.6848923e-05,-2.6847467e-05,2.316309e-05
3368,1,5.726014e-05,-0.00019870176,4.4148865e-06,-3.531257e-05,3.915821e-05,-2.1939725e-06
3369,1,-4.7402584e-05,0.00012883754,3.408968e-05,0.00046698528,-7.760017e-05,2.914578e-05
3370,1,2.0833753e-05,-0.00017933635,5.4476644e-05,-0.0004436424,-5.1870007e-05,-5.422462e-07
3371,1,8.958021e-06,-8.898999e-05,4.5941746e-05,0.0006099739,-3.7847778e-05,7.552324e-07
3372,1,-7.079712e-05,2.2444445e-05,4.3968776e-05,-0.00038058564,-5.7281148e-05,7.774804e-07
3373,1,-2.5474592e-05,-8.299268e-05,2.5064908e-05,-8.060881e-05,-5.071101e-07,-1.3960729e-05
3374,1,6.918499e-05,3.6511912e-05,-8.604711e-06,-0.0003571509,-1.12617045e-05,4.3667646e-06
3375,1,0.00010724725,-0.00026351513,5.8100413e-05,-5.5679757e-05,-0.00022335915,2.5793714e-05
3376,1,-1.08017675e-05,0.00010907297,8.4832194e-05,0.00052948395,-0.00017672274,1.7162594e-05
3377,1,4.777479e-05,-0.00021214531,8.232583e-05,-0.00044386872,-0.00018303472,-3.9438038e-07
3378,1,2.9392902e-05,-0.000117774274,8.19625e-05,0.00071063504,-0.0001643059,-1.1606581e-05
3379,1,-6.036188e-05,8.735836e-06,7.140069e-05,-0.00032720942,-0.00011023286,-3.0644773e-05
3380,1,-1.386195e-05,-0.00010233757,4.103276e-05,1.9380484e-05,-7.217853e-05,-2.6465246e-05
3381,1,7.581149e-05,3.4129163e-05,-3.9331826e-06,-0.00031141666,-5.6073907e-07,-1.1162212e-05
3382,1,6.290183e-05,-0.00027857136,0.00016384314,-3.2147276e-05,-0.00026584,-7.2218218e-06
3383,1,-4.3432246e-05,9.045659e-05,0.00014438055,0.00053852884,-0.00027524063,-4.834427e-06
3384,1,1.8595014e-05,-0.00022461092,0.00014371019,-0.00042786924,-0.0002473081,-1.988528e-05
3385,1,2.8883478e-06,-0.0001288384,0.00012953913,0.000726681,-0.00019499505,-4.69664e-05
3386,1,-7.571331e-05,7.878674e-06,0.000100486686,-0.0003317157,-0.00014272826,-5.1358173e-05
3387,1,-2.1433949e-05,-0.000113735055,6.7206434e-05,2.9930618e-05,-9.42909e-05,-4.3604407e-05
3388,1,6.931059e-05,2.7774047e-05,2.8398708e-05,-0.0003148601,-9.3262315e-05,-1.746444e-05
3389,1,4.388992e-05,-0.000292253,0.00020067776,-4.8583996e-05,-0.00024305015,-1.1436568e-06
3390,1,-6.56514e-05,7.9650985e-05,0.00019714105,0.000539958,-0.00022060086,-2.2740222e-05
3391,1,-1.7349986e-06,-0.000226518,0.00017749175,-0.0004350824,-0.00018817719,-4.5037967e-05
3392,1,-7.826253e-06,-0.00012853307,0.00015094661,0.0006953512,-0.00015481225,-5.4362405e-05
3393,1,-8.2601524e-05,3.2606376e-06,0.000121991114,-0.00035457942,-0.000122174,-5.74027e-05
3394,1,-2.7518803e-05,-0.000117377414,8.877551e-05,5.482977e-06,-0.000104716055,-4.4625987e-05
3395,1,5.8814574e-05,1.8311495e-05,5.372092e-05,-0.00031845525,-0.00010424318,-1.6675765e-05
3396,1,3.686097e-05,-0.0003005414,0.00023381863,-3.458195e-05,-0.00014112731,-1.6018006e-05
3397,1,-6.9447044e-05,7.857381e-05,0.00021066831,0.0005293879,-0.00013506656,-3.270881e-05
3398,1,-2.5395334e-06,-0.00022840942,0.00018932865,-0.0004564528,-0.00012592936,-3.98796e-05
3399,1,-1.156169e-05,-0.00012856927,0.00016367674,0.00067136105,-0.000109310204,-4.8997146e-05
3400,1,-8.562149e-05,9.631714e-07,0.00013355936,-0.00038236682,-9.014965e-05,-4.7203528e-05
3401,1,-3.107206e-05,-0.000121156365,0.000104637045,-1.3082663e-05,-8.358811e-05,-3.6668884e-05
3402,1,5.294652e-05,1.067138e-05,8.227193e-05,-0.0003267235,-0.00010218342,-1.4147892e-05
3403,1,4.4001477e-05,-0.00030083093,0.00022926103,-5.2778047e-05,-6.913911e-05,-6.033218e-06
3404,1,-6.722631e-05,7.3803174e-05,0.00021909793,0.00051713845,-6.916387e-05,-1.8561574e-05
3405,1,-5.404593e-06,-0.00022851155,0.00019662593,-0.0004617413,-6.1460414e-05,-2.5845808e-05
3406,1,-1.2924903e-05,-0.0001289828,0.00016958373,0.00064821175,-5.3108823e-05,-2.7576922e-05
3407,1,-8.669126e-05,-6.130614e-07,0.00014131576,-0.00039710756,-4.7589776e-05,-2.6727648e-05
3408,1,-3.2991844e-05,-0.00012350058,0.00011538251,-2.7975128e-05,-4.676908e-05,-2.0327123e-05
3409,1,4.8059257e-05,5.2532246e-06,9.3147304e-05,-0.0003298325,-5.4431242e-05,-7.7859195e-06
3410,1,3.9119896e-05,-0.00030256787,0.00023555952,-3.8189755e-05,-1.0195451e-07,3.4464744e-09
3411,1,-6.9776164e-05,7.455511e-05,0.00022072923,0.00051787874,-5.6501865e-08,-5.898577e-08
3412,1,-4.158827e-06,-0.0002296434,0.00019855241,-0.0004720387,-3.9987743e-08,-5.9836815e-08
3413,1,-1.31399365e-05,-0.00012881467,0.00017169243,0.00064532156,-2.4019124e-08,-8.668034e-08
3414,1,-8.7381006e-05,-1.3337462e-06,0.000143772,-0.00040426763,1.4255119e-08,-7.066102e-08
3415,1,-3.373262e-05,-0.00012440786,0.000118497825,-3.2115968e-05,4.2665867e-08,-6.5491896e-08
3416,1,4.757973e-05,3.6288643e-06,0.00010338584,-0.00033223344,7.985385e-08,-1.4224572e-08
3417,1,4.3991415e-05,-0.000300766,0.00022926423,-5.273499e-05,6.904294e-05,6.0075463e-06
3418,1,-6.722645e-05,7.375179e-05,0.00021910391,0.0005170037,6.9028385e-05,1.844082e-05
3419,1,-5.403658e-06,-0.00022850401,0.00019663291,-0.00046165008,6.138012e-05,2.573782e-05
3420,1,-1.2928729e-05,-0.00012899068,0.00016959042,0.0006481016,5.3069107e-05,2.7407017e-05
3421,1,-8.66873e-05,-6.246624e-07,0.00014132164,-0.00039706597,4.7613696e-05,2.6590578e-05
3422,1,-3.2994485e-05,-0.00012349954,0.00011538826,-2.8029639e-05,4.685847e-05,2.0203814e-05
3423,1,4.8063062e-05,5.2420487e-06,9.315752e-05,-0.00032982524,5.4588923e-05,7.752371e-06
3424,1,3.68444e-05,-0.00030042342,0.0002338158,-3.4496916e-05,0.00014095023,1.601271e-05
3425,1,-6.944711e-05,7.848536e-05,0.00021068113,0.0005291319,0.00013496587,3.262378e-05
3426,1,-2.5364377e-06,-0.00022840401,0.00018934335,-0.00045629166,0.00012586026,3.976012e-05
3427,1,-1.1570578e-05,-0.0001285811,0.00016369083,0.000671163,0.00010927198,4.886311e-05
3428,1,-8.5612905e-05,9.3838634e-07,0.00013357049,-0.00038229785,9.018092e-05,4.706922e-05
3429,1,-3.107757e-05,-0.000121154684,0.00010464829,-1.3177327e-05,8.3672e-05,3.6571964e-05
3430,1,5.295495e-05,1.0651537e-05,8.228875e-05,-0.0003267143,0.00010233726,1.4110582e-05
3431,1,4.386081e-05,-0.0002920846,0.00020069789,-4.846248e-05,0.00024297525,1.1133018e-06
3432,1,-6.565657e-05,7.9519436e-05,0.00019715649,0.0005395864,0.00022049958,2.2662442e-05
3433,1,-1.7325017e-06,-0.00022650948,0.00017751625,-0.0004348404,0.00018812281,4.495103e-05
3434,1,-7.837334e-06,-0.00012855114,0.00015096733,0.00069505663,0.00015479188,5.4253815e-05
3435,1,-8.258933e-05,3.2220364e-06,0.000122006655,-0.0003544634,0.00012220452,5.729399e-05
3436,1,-2.752592e-05,-0.00011737141,8.878957e-05,5.3440467e-06,0.000104798106,4.455243e-05
3437,1,5.882748e-05,1.82797e-05,5.3742475e-05,-0.00031843755,0.000104384526,1.664116e-05
3438,1,6.2867206e-05,-0.00027830843,0.0001638176,-3.1972457e-05,0.0002657551,7.2238877e-06
3439,1,-4.343381e-05,9.025727e-05,0.00014441315,0.00053799234,0.00027519808,4.767165e-06
3440,1,1.8600935e-05,-0.00022459262,0.00014373905,-0.00042750375,0.00024730084,1.9824449e-05
3441,1,2.8714703e-06,-0.00012886563,0.00012956386,0.00072629156,0.00019498718,4.6893718e-05
3442,1,-7.569447e-05,7.832578e-06,0.00010050587,-0.0003315393,0.00014276433,5.128318e-05
3443,1,-2.1443795e-05,-0.0001137313,6.721963e-05,2.975337e-05,9.43592e-05,4.355479e-05
3444,1,6.9329704e-05,2.7740442e-05,2.8418239e-05,-0.00031483133,9.338122e-05,1.7445082e-05
3445,1,0.00010719306,-0.00026318952,5.8147794e-05,-5.544058e-05,0.00022326532,-2.5802034e-05
3446,1,-1.07965325e-05,0.00010883705,8.483229e-05,0.00052880106,0.00017672055,-1.7187762e-05
3447,1,4.779496e-05,-0.00021212622,8.2351165e-05,-0.000443384,0.00018304744,3.5082044e-07
3448,1,2.9376952e-05,-0.000117801625,8.1987266e-05,0.00071017223,0.00016431889,1.1572164e-05
3449,1,-6.033587e-05,8.676434e-06,7.141633e-05,-0.00032696783,0.000110265086,3.059069e-05
3450,1,-1.3872689e-05,-0.00010232892,4.104571e-05,1.9182009e-05,7.222299e-05,2.645146e-05
3451,1,7.58376e-05,3.4089462e-05,-3.9264e-06,-0.00031137164,6.432396e-07,1.1146228e-05
3452,1,5.7206307e-05,-0.0001982726,4.3968766e-06,-3.5021432e-05,-3.9053197e-05,2.2086176e-06
3453,1,-4.738503e-05,0.00012849944,3.4135086e-05,0.0004661811,7.7554556e-05,-2.9159393e-05
3454,1,2.085131e-05,-0.00017926429,5.448193e-05,-0.00044297072,5.1883188e-05,5.502739e-07
3455,1,8.940837e-06,-8.903759e-05,4.5956953e-05,0.0006093639,3.785313e-05,-7.9029206e-07
3456,1,-7.076904e-05,2.238242e-05,4.3989934e-05,-0.0003802034,5.7298745e-05,-7.8021435e-07
3457,1,-2.5494957e-05,-8.296852e-05,2.5067025e-05,-8.0878825e-05,5.220696e-07,1.3950977e-05
3458,1,6.920806e-05,3.6464226e-05,-8.600451e-06,-0.0003570686,1.12774405e-05,-4.370128e-06
3459,1,-9.848475e-07,8.068692e-05,5.711959e-06,0.0001809231,-1.2328938e-05,1.0591377e-05
3460,1,-5.660644e-07,-6.526551e-05,4.0879763e-06,-5.0630086e-05,4.1309224e-05,2.3298274e-07
3461,1,-1.3539767e-05,7.3688396e-05,-4.105813e-06,0.00043840834,-3.0077783e-06,1.1021659e-05
3462,1,-1.1325532e-05,2.036414e-05,-1.6367641e-06,-0.0002520087,-1.259319e-05,6.2757144e-06
3463,1,-2.888467e-05,2.5163647e-05,-4.566655e-06,0.00016244203,1.3309608e-05,3.9983274e-06
3464,1,-2.801256e-05,8.6022104e-05,-1.0522562e-05,-0.00047757546,-1.6875796e-05,7.089311e-06
3465,1,3.9332546e-05,-1.0701078e-05,-2.4604395e-05,-0.00018078499,4.3899658e-05,-2.360683e-06
3466,1,1.7637007e-05,7.314059e-05,2.7078737e-05,0.00017920123,3.524362e-06,8.604479e-07
3467,1,2.307989e-05,-9.330449e-05,2.1543237e-05,-7.824235e-05,-6.583344e-05,1.5895836e-05
3468,1,3.6719714e-06,5.8784794e-05,2.1860693e-05,0.00049546827,-6.341231e-05,1.0661393e-05
3469,1,-1.4594528e-06,7.754689e-06,1.581855e-05,-0.00023739082,-5.61059e-05,5.459659e-06
3470,1,-1.8507297e-05,1.034845e-05,8.282957e-06,0.00023965085,-4.8184247e-05,9.65e-06
3471,1,-2.3246605e-05,7.967222e-05,-7.372359e-07,-0.00040874624,-1.4843981e-05,8.131911e-06
3472,1,4.559059e-05,-1.9345636e-05,-1.3961158e-05,-0.00014177558,3.127683e-06,3.899526e-06
3473,1,1.10382425e-05,5.072099e-05,7.007585e-05,0.00017847806,-0.000177909,9.038659e-06
3474,1,8.502474e-06,-0.00010545116,6.914308e-05,-5.751998e-05,-0.00015004411,4.3778796e-06
3475,1,-1.0124107e-05,4.4913166e-05,5.9542355e-05,0.000506482,-0.00013992791,-2.7048345e-06
3476,1,-1.0450292e-05,-3.1793973e-06,4.8325648e-05,-0.00023220103,-0.000119709795,-3.8963485e-06
3477,1,-2.5601294e-05,-1.9517818e-06,3.4949946e-05,0.00025513326,-8.6711174e-05,-4.5230086e-06
3478,1,-2.6538011e-05,7.5709766e-05,1.6286818e-05,-0.0004063464,-6.0907838e-05,6.302939e-07
3479,1,4.1567735e-05,-2.3805718e-05,-7.0795154e-06,-0.00013779303,-3.7322414e-05,1.5317045e-06
3480,1,-1.2901863e-05,4.0158775e-05,0.00012174314,0.00018992674,-0.00014595852,-7.2311605e-06
3481,1,-3.8605613e-06,-0.000115678726,0.00010205687,-6.0451213e-05,-0.00014563833,-9.430358e-06
3482,1,-1.99977e-05,3.4595054e-05,9.0952046e-05,0.00049718184,-0.00013336475,-1.1963528e-05
3483,1,-1.9983896e-05,-1.16343035e-05,7.5704746e-05,-0.00023988805,-0.00010986369,-1.605958e-05
3484,1,-3.0160632e-05,-8.166832e-06,5.536718e-05,0.00023551524,-8.531749e-05,-1.454582e-05
3485,1,-3.1330244e-05,6.864372e-05,3.3852742e-05,-0.00041453406,-7.015679e-05,-9.964294e-06
3486,1,3.876431e-05,-2.8266148e-05,1.0847581e-05,-0.00014195539,-8.1764134e-05,-3.87392e-06
3487,1,-5.309364e-06,3.0751635e-05,0.00013596554,0.00017719677,-0.00010113896,-3.316058e-06
3488,1,-7.610445e-06,-0.00012617101,0.00012877904,-6.236457e-05,-9.64575e-05,-1.3073095e-05
3489,1,-2.3386967e-05,2.863684e-05,0.00011212502,0.0004907743,-8.656332e-05,-1.8230943e-05
3490,1,-2.0781148e-05,-1.7119313e-05,9.2444025e-05,-0.00025821326,-7.5015145e-05,-1.8342584e-05
3491,1,-3.2633878e-05,-1.2451636e-05,7.17185e-05,0.00022129668,-6.519296e-05,-1.6629649e-05
3492,1,-3.2126693e-05,6.312544e-05,4.908518e-05,-0.00042456202,-5.945925e-05,-1.1476418e-05
3493,1,3.233946e-05,-3.347549e-05,2.5049763e-05,-0.00014432872,-6.77304e-05,-4.4636568e-06
3494,1,-1.4054981e-05,2.4254758e-05,0.00015661173,0.00019036372,-4.6445242e-05,-5.3819126e-06
3495,1,-7.0480505e-06,-0.00013039286,0.00014187246,-6.0992097e-05,-4.4730237e-05,-1.051611e-05
3496,1,-2.3472354e-05,2.3859171e-05,0.0001254402,0.00047779863,-4.2981454e-05,-1.2016017e-05
3497,1,-2.315167e-05,-2.0204276e-05,0.00010505413,-0.00026275648,-3.8535974e-05,-1.2518583e-05
3498,1,-3.338306e-05,-1.5523734e-05,8.242014e-05,0.00020837739,-3.3170127e-05,-1.0815328e-05
3499,1,-3.4617642e-05,5.928411e-05,6.013765e-05,-0.00043034318,-3.315039e-05,-7.676771e-06
3500,1,3.2792148e-05,-3.7657213e-05,4.0003353e-05,-0.00014606061,-4.2791195e-05,-2.9365744e-06
3501,1,-5.2405762e-06,2.2786846e-05,0.00015596578,0.00017592568,-2.0651862e-08,-2.9452186e-08
3502,1,-8.83381e-06,-0.00013306808,0.00014862607,-6.569282e-05,-4.7435698e-08,-4.2718607e-08
3503,1,-2.5096731e-05,2.280437e-05,0.00013035814,0.00048096644,-2.9278748e-08,-7.858734e-08
3504,1,-2.2716928e-05,-2.1663054e-05,0.00010868001,-0.00026959972,-7.0146977e-09,-7.815935e-08
3505,1,-3.433595e-05,-1.6330741e-05,8.6393346e-05,0.0002063954,3.541134e-09,-8.436644e-08
3506,1,-3.388658e-05,5.776758e-05,6.417753e-05,-0.00043221188,3.183706e-08,-5.5995184e-08
3507,1,2.892324e-05,-3.928739e-05,4.2401225e-05,-0.00014708357,5.4676914e-08,-2.72582e-08
3508,1,-1.4050001e-05,2.4224932e-05,0.00015660861,0.00019033742,4.631799e-05,5.3478107e-06
3509,1,-7.0526467e-06,-0.00013036768,0.00014187576,-6.0933344e-05,4.4666143e-05,1.0437018e-05
3510,1,-2.3473527e-05,2.3843726e-05,0.00012544486,0.00047770265,4.2927324e-05,1.18614025e-05
3511,1,-2.3149816e-05,-2.0205198e-05,0.00010505799,-0.0002627061,3.8515464e-05,1.23686405e-05
3512,1,-3.3385375e-05,-1.552411e-05,8.242291e-05,0.0002083204,3.3183973e-05,1.0654063e-05
3513,1,-3.46158e-05,5.9280363e-05,6.0141007e-05,-0.00043033558,3.3208773e-05,7.5672524e-06
3514,1,3.2792206e-05,-3.7660244e-05,4.0010516e-05,-0.00014607387,4.290275e-05,2.8873376e-06
3515,1,-5.3048434e-06,3.0699004e-05,0.00013596531,0.0001771509,0.000101099155,3.274087e-06
3516,1,-7.6178394e-06,-0.00012612854,0.00012878378,-6.225429e-05,9.637455e-05,1.2992026e-05
3517,1,-2.3389899e-05,2.8611976e-05,0.000112133464,0.0004905951,8.6512126e-05,1.8105491e-05
3518,1,-2.0776823e-05,-1.7124581e-05,9.245131e-05,-0.00025812534,7.500649e-05,1.8199891e-05
3519,1,-3.2638516e-05,-1.2451034e-05,7.172363e-05,0.00022119588,6.520396e-05,1.6493808e-05
3520,1,-3.2122927e-05,6.3118074e-05,4.9090508e-05,-0.00042455274,5.95213e-05,1.1372455e-05
3521,1,3.2340093e-05,-3.3480927e-05,2.5062764e-05,-0.00014435132,6.783563e-05,4.4249177e-06
3522,1,-1.2889051e-05,4.0082217e-05,0.00012172991,0.00018985756,0.00014587442,7.213815e-06
3523,1,-3.8741987e-06,-0.00011561531,0.00010206814,-6.029127e-05,0.00014559008,9.3693025e-06
3524,1,-2.0002413e-05,3.455683e-05,9.0963746e-05,0.0004969161,0.00013333095,1.1857281e-05
3525,1,-1.997792e-05,-1.16419305e-05,7.571469e-05,-0.00023975,0.00010985759,1.594503e-05
3526,1,-3.016697e-05,-8.165609e-06,5.537379e-05,0.0002353662,8.533552e-05,1.4437234e-05
3527,1,-3.132455e-05,6.863192e-05,3.38588e-05,-0.0004145143,7.021153e-05,9.879968e-06
3528,1,3.8765338e-05,-2.8271104e-05,1.0863002e-05,-0.00014198819,8.186197e-05,3.84618e-06
3529,1,1.1047139e-05,5.060275e-05,7.008631e-05,0.00017837946,0.00017787317,-9.060777e-06
3530,1,8.485816e-06,-0.00010535247,6.914733e-05,-5.7288406e-05,0.0001500107,-4.4124954e-06
3531,1,-1.0128997e-05,4.4858316e-05,5.9555423e-05,0.0005061129,0.00013991071,2.628729e-06
3532,1,-1.0440274e-05,-3.1870718e-06,4.8336926e-05,-0.00023199365,0.0001197232,3.8123935e-06
3533,1,-2.5609901e-05,-1.9530098e-06,3.495656e-05,0.00025494077,8.672557e-05,4.4454437e-06
3534,1,-2.6529544e-05,7.569718e-05,1.6292728e-05,-0.00040631063,6.095378e-05,-6.8800887e-07
3535,1,4.157116e-05,-2.3814082e-05,-7.0658207e-06,-0.00013783465,3.7400918e-05,-1.5512053e-06
3536,1,1.7660028e-05,7.298917e-05,2.7057788e-05,0.00017906736,-3.4835725e-06,-8.6320426e-07
3537,1,2.3061766e-05,-9.318321e-05,2.1559585e-05,-7.7924844e-05,6.5804204e-05,-1.5913201e-05
3538,1,3.6679978e-06,5.872178e-05,2.1867747e-05,0.0004950085,6.3413994e-05,-1.0701378e-05
3539,1,-1.443965e-06,7.745456e-06,1.582585e-05,-0.00023710844,5.6116172e-05,-5.5176843e-06
3540,1,-1.8516594e-05,1.0347661e-05,8.289632e-06,0.00023942624,4.8189555e-05,-9.691423e-06
3541,1,-2.3235258e-05,7.965527e-05,-7.3443204e-07,-0.00040869144,1.4870142e-05,-8.16818e-06
3542,1,4.559475e-05,-1.935049e-05,-1.3951602e-05,-0.00014182378,-3.093604e-06,-3.9031725e-06
3543,1,-9.6144e-07,8.048653e-05,5.7177367e-06,0.00018076488,1.2234151e-05,-1.0595963e-05
3544,1,-5.864978e-07,-6.509585e-05,4.079217e-06,-5.0235492e-05,-4.1262567e-05,-2.3371959e-07
3545,1,-1.3540146e-05,7.358833e-05,-4.091088e-06,0.00043785115,2.9947373e-06,-1.10455685e-05
3546,1,-1.1310785e-05,2.036757e-05,-1.630565e-06,-0.0002516039,1.2596015e-05,-6.2840004e-06
3547,1,-2.8898097e-05,2.5163698e-05,-4.565413e-06,0.00016214034,-1.3310781e-05,-4.0227756e-06
3548,1,-2.8002796e-05,8.600348e-05,-1.0518016e-05,-0.00047746403,1.6878617e-05,-7.0937676e-06
3549,1,3.933313e-05,-1.0702541e-05,-2.4598625e-05,-0.00018084615,-4.388571e-05,2.359266e-06
3550,1,7.59233e-06,-1.754566e-06,-1.7466316e-05,2.8573764e-05,4.3609372e-05,3.2327293e-06
3551,1,-1.9109584e-05,9.643757e-05,-3.1448933e-05,0.00014982958,-1.1050256e-06,8.362722e-06
3552,1,-4.9294163e-06,0.000104211926,-5.121611e-05,-6.2520274e-05,1.7652872e-05,1.6921631e-06
3553,1,-7.0182305e-06,0.00016066141,-6.371796e-05,0.00016826358,7.288217e-06,1.715787e-05
3554,1,-3.8200873e-05,0.00017564294,-5.9432154e-05,-0.00015473212,-4.7812437e-06,2.7444186e-05
3555,1,7.747687e-06,8.856715e-05,-4.589072e-05,-0.0001190873,1.3788645e-05,2.6826834e-05
3556,1,-6.2141e-07,3.264494e-05,-1.8758743e-05,-8.773419e-05,7.664613e-06,1.4813162e-05
3557,1,2.2108934e-05,-9.223063e-06,-2.688218e-05,1.6630232e-05,-6.235725e-06,1.2572146e-05
3558,1,-1.685223e-05,9.1482245e-05,-3.5812933e-05,0.00015491793,3.636459e-06,1.2650315e-05
3559,1,1.4942142e-06,9.150659e-05,-4.8218873e-05,-6.6422625e-05,-9.548997e-06,1.4526554e-05
3560,1,-1.2412889e-06,0.00015037355,-5.4382133e-05,0.0001947491,-1.2085579e-05,2.8547243e-05
3561,1,-4.0116494e-05,0.00016955571,-5.252993e-05,-0.00013151241,-7.082876e-06,4.1947136e-05
3562,1,1.4309535e-05,8.3409046e-05,-4.814566e-05,-8.310498e-05,-3.8189855e-06,4.3912958e-05
3563,1,-3.9912e-07,4.2249474e-05,-4.323675e-05,-6.86086e-05,1.8728906e-05,2.024054e-05
3564,1,6.720549e-06,-1.354743e-05,2.0166179e-07,2.8954344e-05,-4.2658194e-05,8.780738e-07
3565,1,-1.48367535e-05,7.9854704e-05,-1.47630635e-05,0.00015528775,-5.3680178e-05,9.941537e-06
3566,1,-2.1109443e-06,7.718579e-05,-1.8651015e-05,-6.2456784e-05,-5.1344556e-05,1.2064255e-05
3567,1,-6.8087493e-06,0.00013407305,-2.4681518e-05,0.00020448318,-4.134595e-05,1.5027069e-05
3568,1,-3.869786e-05,0.00015786546,-3.211959e-05,-0.00013395598,-3.114464e-05,2.175452e-05
3569,1,9.834188e-06,7.8503275e-05,-3.9007915e-05,-8.215132e-05,-1.8884755e-05,2.4512974e-05
3570,1,4.318759e-06,4.447429e-05,-5.167103e-05,-7.091712e-05,-1.9076151e-05,1.1380461e-05
3571,1,1.469816e-05,-3.2553427e-05,4.1090778e-05,1.8218272e-05,-6.403125e-05,-2.2164947e-06
3572,1,-2.7273209e-05,6.6687375e-05,3.4584828e-05,0.0001585629,-5.6947498e-05,-5.128653e-06
3573,1,-8.628041e-06,6.566614e-05,2.3198472e-05,-6.094765e-05,-5.021753e-05,-1.8305587e-06
3574,1,-9.615162e-06,0.00012319384,1.0972714e-05,0.00019267251,-4.288461e-05,1.0786433e-06
3575,1,-4.4955475e-05,0.00014781237,-1.974141e-06,-0.00013521408,-3.3741602e-05,6.426038e-06
3576,1,1.0840199e-05,7.039771e-05,-1.9263785e-05,-8.5902e-05,-2.7200198e-05,1.2264298e-05
3577,1,-3.1899804e-06,4.074651e-05,-3.8038885e-05,-7.170019e-05,-2.7572141e-05,8.0201335e-06
3578,1,-4.263073e-06,-4.4954286e-05,8.5633306e-05,3.3110333e-05,-3.536402e-05,-5.9445474e-06
3579,1,-2.5695537e-05,5.4244072e-05,7.014958e-05,0.00015847404,-3.3146174e-05,-9.5209625e-06
3580,1,-1.1051614e-05,5.6596833e-05,5.657541e-05,-6.9409565e-05,-3.2840497e-05,-8.385903e-06
3581,1,-1.4043473e-05,0.000115068855,4.1154584e-05,0.0001914359,-2.801678e-05,-5.7872035e-06
3582,1,-4.4631943e-05,0.00013930244,2.239547e-05,-0.00014400337,-2.3336914e-05,-1.0468796e-06
3583,1,5.780539e-06,6.2891064e-05,4.0839072e-06,-8.841237e-05,-2.2439222e-05,6.202039e-06
3584,1,9.624318e-07,3.1712123e-05,-1.8230376e-05,-7.167895e-05,-2.9127155e-05,4.6477203e-06
3585,1,1.09593375e-05,-5.3822394e-05,9.823727e-05,1.9405972e-05,-1.5804739e-05,-2.400513e-06
3586,1,-3.144174e-05,4.7451755e-05,9.246944e-05,0.00015572844,-1.6726895e-05,-6.3556026e-06
3587,1,-1.3392358e-05,5.0235612e-05,7.673858e-05,-6.5242726e-05,-1.5207908e-05,-6.6300954e-06
3588,1,-1.4285138e-05,0.00011000376,5.8199836e-05,0.00018337766,-1.4089612e-05,-5.058205e-06
3589,1,-4.783946e-05,0.00013394904,3.9749695e-05,-0.00014418867,-1.3068151e-05,-1.8476755e-06
3590,1,7.116903e-06,5.6297078e-05,1.9745035e-05,-9.0653215e-05,-1.23475165e-05,2.2037702e-06
3591,1,-7.213795e-06,2.6138487e-05,-6.5932784e-07,-7.281478e-05,-1.5851381e-05,2.365585e-06
3592,1,-5.5686555e-06,-5.517339e-05,0.000110558925,3.3691387e-05,-2.991865e-08,-2.0803636e-08
3593,1,-2.7985518e-05,4.4450517e-05,9.747579e-05,0.00015916227,-7.3499367e-09,-6.79188e-08
3594,1,-1.3331461e-05,4.8606264e-05,8.269611e-05,-7.089465e-05,-9.622801e-09,-8.604075e-08
3595,1,-1.6128004e-05,0.000108041626,6.500807e-05,0.00018610965,-5.6419185e-09,-1.02655676e-07
3596,1,-4.6733796e-05,0.00013178002,4.492278e-05,-0.00014749455,4.2551287e-09,-9.7733796e-08
3597,1,3.968295e-06,5.4642613e-05,2.6363356e-05,-9.071052e-05,8.927939e-09,-8.1272134e-08
3598,1,-1.0241868e-06,2.2903012e-05,4.456566e-06,-7.201134e-05,2.2452245e-08,-3.208463e-08
3599,1,1.0953214e-05,-5.3811676e-05,9.823704e-05,1.9416555e-05,1.5786869e-05,2.350837e-06
3600,1,-3.143887e-05,4.744363e-05,9.2471935e-05,0.00015570577,1.669563e-05,6.2265376e-06
3601,1,-1.3392518e-05,5.0240982e-05,7.6742224e-05,-6.521729e-05,1.5190997e-05,6.4635474e-06
3602,1,-1.4289586e-05,0.00011000458,5.820226e-05,0.00018334507,1.4080938e-05,4.860187e-06
3603,1,-4.7834303e-05,0.00013394878,3.9749983e-05,-0.00014417907,1.3075156e-05,1.6596218e-06
3604,1,7.1124705e-06,5.6299818e-05,1.9745039e-05,-9.066329e-05,1.2367372e-05,-2.3615096e-06
3605,1,-7.212023e-06,2.6136895e-05,-6.556349e-07,-7.281713e-05,1.5894586e-05,-2.427939e-06
3606,1,-4.258099e-06,-4.4938053e-05,8.562722e-05,3.3119926e-05,3.5311652e-05,5.906227e-06
3607,1,-2.5696585e-05,5.4232045e-05,7.01569e-05,0.00015842986,3.3131924e-05,9.407694e-06
3608,1,-1.105117e-05,5.6604647e-05,5.6582645e-05,-6.936082e-05,3.2823522e-05,8.234953e-06
3609,1,-1.4051134e-05,0.00011507183,4.1158473e-05,0.00019137429,2.8007727e-05,5.613327e-06
3610,1,-4.462287e-05,0.00013930132,2.2395605e-05,-0.00014398659,2.3346442e-05,8.757917e-07
3611,1,5.773319e-06,6.289666e-05,4.0824148e-06,-8.843088e-05,2.2456952e-05,-6.3396524e-06
3612,1,9.648177e-07,3.1710428e-05,-1.822499e-05,-7.1683506e-05,2.9170391e-05,-4.7061776e-06
3613,1,1.4681499e-05,-3.2526033e-05,4.109337e-05,1.8246626e-05,6.401293e-05,2.179719e-06
3614,1,-2.7266002e-05,6.66672e-05,3.459153e-05,0.00015849958,5.6926474e-05,5.037797e-06
3615,1,-8.628458e-06,6.567895e-05,2.3208298e-05,-6.088004e-05,5.020788e-05,1.7091447e-06
3616,1,-9.627413e-06,0.00012319704,1.09774655e-05,0.00019258418,4.2881118e-05,-1.2192584e-06
3617,1,-4.494062e-05,0.00014781111,-1.9764216e-06,-0.00013518776,3.3750435e-05,-6.5643862e-06
3618,1,1.0828172e-05,7.040735e-05,-1.926809e-05,-8.592754e-05,2.7218579e-05,-1.2377335e-05
3619,1,-3.1842687e-06,4.0743522e-05,-3.8034916e-05,-7.170805e-05,2.7610577e-05,-8.068189e-06
3620,1,6.725966e-06,-1.3512622e-05,1.9101577e-07,2.8974631e-05,4.263924e-05,-8.9940465e-07
3621,1,-1.4837046e-05,7.982571e-05,-1.4751355e-05,0.000155197,5.36774e-05,-1.0004421e-05
3622,1,-2.1091332e-06,7.720386e-05,-1.864387e-05,-6.234913e-05,5.134179e-05,-1.214785e-05
3623,1,-6.823939e-06,0.0001340772,-2.4679484e-05,0.00020435927,4.1344872e-05,-1.5129664e-05
3624,1,-3.867772e-05,0.00015786268,-3.212352e-05,-0.00013391151,3.1154468e-05,-2.1852886e-05
3625,1,9.819214e-06,7.8516074e-05,-3.9017174e-05,-8.218522e-05,1.889809e-05,-2.4590512e-05
3626,1,4.3252367e-06,4.4475615e-05,-5.1671104e-05,-7.0926086e-05,1.910463e-05,-1.1415278e-05
3627,1,2.2088394e-05,-9.1726615e-06,-2.6879394e-05,1.667558e-05,6.19814e-06,-1.25797405e-05
3628,1,-1.6839567e-05,9.144622e-05,-3.5813708e-05,0.00015479278,-3.6236875e-06,-1.2682717e-05
3629,1,1.4982262e-06,9.1527945e-05,-4.8214413e-05,-6.628223e-05,9.546653e-06,-1.4576975e-05
3630,1,-1.2630504e-06,0.0001503787,-5.4382806e-05,0.00019460647,1.208524e-05,-2.860661e-05
3631,1,-4.008805e-05,0.00016955214,-5.2535197e-05,-0.00013145365,7.085945e-06,-4.2009873e-05
3632,1,1.4288296e-05,8.342391e-05,-4.81542e-05,-8.3140585e-05,3.8206686e-06,-4.395344e-05
3633,1,-3.8855404e-07,4.224791e-05,-4.323913e-05,-6.8620684e-05,-1.8713203e-05,-2.0257376e-05
3634,1,7.583559e-06,-1.6976969e-06,-1.746935e-05,2.8615084e-05,-4.3568765e-05,-3.2322105e-06
3635,1,-1.9098155e-05,9.638303e-05,-3.144621e-05,0.00014968796,1.0723957e-06,-8.369699e-06
3636,1,-4.9265946e-06,0.00010424129,-5.121666e-05,-6.233099e-05,-1.76371e-05,-1.7096693e-06
3637,1,-7.0407873e-06,0.00016066128,-6.3717336e-05,0.00016807666,-7.29505e-06,-1.7179485e-05
3638,1,-3.816911e-05,0.00017564227,-5.943952e-05,-0.00015463239,4.781895e-06,-2.746247e-05
3639,1,7.7195955e-06,8.858733e-05,-4.589342e-05,-0.00011913773,-1.3790702e-05,-2.6844524e-05
3640,1,-6.1038486e-07,3.2649634e-05,-1.8765302e-05,-8.774407e-05,-7.664522e-06,-1.4812498e-05
