NodeLabel,X_mm,Y_mm,Z_mm,U1_mm,U2_mm,U3_mm
1,-12.0,0.0,8.0,-0.030132033,0.052170195,0.00022713417
2,-12.0,0.5714286,8.0,-0.025922785,0.055460095,3.683794e-05
3,-12.0,1.1428572,8.0,-0.011077149,0.052671824,-6.8662375e-05
4,-12.0,1.7142857,8.0,-0.006802912,0.05472112,1.8748262e-05
5,-12.0,2.2857144,8.0,0.008195043,0.05347504,-0.0001538431
6,-12.0,2.857143,8.0,0.012669327,0.054070324,-6.654475e-05
7,-12.0,3.4285715,8.0,0.027928872,0.0541631,-0.00013118122
8,-12.0,4.0,8.0,0.032458767,0.05338658,-0.00030493186
9,-12.0,0.0,7.3846154,-0.029965557,0.051979918,-2.9012876e-06
10,-12.0,0.5714286,7.3846154,-0.025848025,0.05550703,6.4099e-05
11,-12.0,1.1428572,7.3846154,-0.01073288,0.052563194,5.014498e-05
12,-12.0,1.7142857,7.3846154,-0.006774119,0.05469706,-3.4983415e-05
13,-12.0,2.2857144,7.3846154,0.00850859,0.053423163,-1.0975317e-05
14,-12.0,2.857143,7.3846154,0.0127164675,0.05401398,-7.9368634e-05
15,-12.0,3.4285715,7.3846154,0.02812821,0.054125674,-5.802272e-05
16,-12.0,4.0,7.3846154,0.03255639,0.053364314,2.8731885e-05
17,-12.0,0.0,6.769231,-0.02959312,0.051950097,0.0001658668
18,-12.0,0.5714286,6.769231,-0.025803007,0.05547457,9.317346e-05
19,-12.0,1.1428572,6.769231,-0.010526707,0.052515633,6.638799e-05
20,-12.0,1.7142857,6.769231,-0.006705731,0.054638583,5.6510424e-05
21,-12.0,2.2857144,6.769231,0.008716122,0.053388864,7.5587063e-06
22,-12.0,2.857143,6.769231,0.012729734,0.053899594,2.6149237e-06
23,-12.0,3.4285715,6.769231,0.028365087,0.054121703,-7.8239456e-05
24,-12.0,4.0,6.769231,0.03249231,0.05320784,-0.00022336334
25,-12.0,0.0,6.1538463,-0.029614458,0.05197864,0.00013569868
26,-12.0,0.5714286,6.1538463,-0.025730848,0.05536498,0.00013108445
27,-12.0,1.1428572,6.1538463,-0.010431004,0.052550465,0.00010646341
28,-12.0,1.7142857,6.1538463,-0.006664178,0.054538216,8.23417e-05
29,-12.0,2.2857144,6.1538463,0.00879826,0.053386074,6.21201e-05
30,-12.0,2.857143,6.1538463,0.012794177,0.05381097,1.5383712e-05
31,-12.0,3.4285715,6.1538463,0.028412072,0.054092094,3.4741017e-05
32,-12.0,4.0,6.1538463,0.032612164,0.053141378,6.661547e-05
33,-12.0,0.0,5.5384617,-0.029530833,0.051966805,0.00012899585
34,-12.0,0.5714286,5.5384617,-0.025693988,0.05537687,0.000121059114
35,-12.0,1.1428572,5.5384617,-0.010436171,0.052501064,0.00011828631
36,-12.0,1.7142857,5.5384617,-0.006609772,0.05452395,8.6844455e-05
37,-12.0,2.2857144,5.5384617,0.008803636,0.053342164,7.1412636e-05
38,-12.0,2.857143,5.5384617,0.012835629,0.05377751,5.826978e-05
39,-12.0,3.4285715,5.5384617,0.028436143,0.05404095,-8.858363e-06
40,-12.0,4.0,5.5384617,0.032597687,0.053087417,-0.00010119019
41,-12.0,0.0,4.923077,-0.029573616,0.05195837,0.00012187767
42,-12.0,0.5714286,4.923077,-0.025673142,0.055349655,0.00010242604
43,-12.0,1.1428572,4.923077,-0.01042473,0.052495535,8.174623e-05
44,-12.0,1.7142857,4.923077,-0.0066019227,0.0545047,8.403427e-05
45,-12.0,2.2857144,4.923077,0.008808951,0.053315192,6.586273e-05
46,-12.0,2.857143,4.923077,0.0128488,0.053757932,4.520053e-05
47,-12.0,3.4285715,4.923077,0.028421158,0.05400115,7.96623e-05
48,-12.0,4.0,4.923077,0.032628,0.053064257,0.00011266383
49,-12.0,0.0,4.3076925,-0.029559745,0.05195807,4.3955857e-05
50,-12.0,0.5714286,4.3076925,-0.025668573,0.055352543,5.799518e-05
51,-12.0,1.1428572,4.3076925,-0.010441437,0.052483246,6.8968766e-05
52,-12.0,1.7142857,4.3076925,-0.006594993,0.05449754,4.876722e-05
53,-12.0,2.2857144,4.3076925,0.008791873,0.05330322,5.2875435e-05
54,-12.0,2.857143,4.3076925,0.012848977,0.053745452,5.3572432e-05
55,-12.0,3.4285715,4.3076925,0.028405327,0.05398317,4.1962953e-06
56,-12.0,4.0,4.3076925,0.03260528,0.053045314,-5.1453728e-05
57,-12.0,0.0,3.6923077,-0.029576847,0.051957436,4.1634314e-05
58,-12.0,0.5714286,3.6923077,-0.025686279,0.05535258,2.6848105e-05
59,-12.0,1.1428572,3.6923077,-0.010458496,0.052482724,1.4700637e-05
60,-12.0,1.7142857,3.6923077,-0.0066126925,0.05449746,3.428166e-05
61,-12.0,2.2857144,3.6923077,0.008774774,0.05330281,2.9043553e-05
62,-12.0,2.857143,3.6923077,0.012831249,0.05374527,2.7714943e-05
63,-12.0,3.4285715,3.6923077,0.028388204,0.053982854,7.592609e-05
64,-12.0,4.0,3.6923077,0.032587554,0.05304505,0.00013081671
65,-12.0,0.0,3.0769231,-0.029624704,0.051956516,-3.635011e-05
66,-12.0,0.5714286,3.0769231,-0.02572612,0.055349763,-1.7566139e-05
67,-12.0,1.1428572,3.0769231,-0.010475931,0.052493986,1.9129486e-06
68,-12.0,1.7142857,3.0769231,-0.0066550267,0.054504465,-9.658023e-07
69,-12.0,2.2857144,3.0769231,0.008757665,0.05331397,1.6035094e-05
70,-12.0,2.857143,3.0769231,0.012795611,0.05375738,3.6104655e-05
71,-12.0,3.4285715,3.0769231,0.028369742,0.0540002,4.3862832e-07
72,-12.0,4.0,3.0769231,0.03257468,0.053063452,-3.326617e-05
73,-12.0,0.0,2.4615386,-0.029616127,0.05196372,-4.3414228e-05
74,-12.0,0.5714286,2.4615386,-0.025782377,0.055377062,-3.6153026e-05
75,-12.0,1.1428572,2.4615386,-0.01052151,0.052498497,-3.4650857e-05
76,-12.0,1.7142857,2.4615386,-0.0066982573,0.05452357,-3.747223e-06
77,-12.0,2.2857144,2.4615386,0.0087181395,0.053340156,1.0461951e-05
78,-12.0,2.857143,2.4615386,0.0127470065,0.053776596,2.3047967e-05
79,-12.0,3.4285715,2.4615386,0.02835048,0.0540394,8.892601e-05
80,-12.0,4.0,2.4615386,0.032508947,0.053086087,0.0001805814
81,-12.0,0.0,1.8461539,-0.02973378,0.05197432,-5.019784e-05
82,-12.0,0.5714286,1.8461539,-0.02585455,0.055365313,-4.6193334e-05
83,-12.0,1.1428572,1.8461539,-0.010550454,0.052546877,-2.2802227e-05
84,-12.0,1.7142857,1.8461539,-0.0067881034,0.054537743,7.5492795e-07
85,-12.0,2.2857144,1.8461539,0.008678617,0.053383265,1.9752324e-05
86,-12.0,2.857143,1.8461539,0.012670079,0.053809743,6.592474e-05
87,-12.0,3.4285715,1.8461539,0.02829217,0.054089922,4.5322002e-05
88,-12.0,4.0,1.8461539,0.03248783,0.053139545,1.2815069e-05
89,-12.0,0.0,1.2307693,-0.029746402,0.051944245,-8.033135e-05
90,-12.0,0.5714286,1.2307693,-0.025962347,0.055475343,-8.2211245e-06
91,-12.0,1.1428572,1.2307693,-0.010680116,0.052510817,1.7269429e-05
92,-12.0,1.7142857,1.2307693,-0.006865236,0.054638207,2.6598414e-05
93,-12.0,2.2857144,1.2307693,0.008562488,0.053385176,7.430777e-05
94,-12.0,2.857143,1.2307693,0.012570024,0.053898145,7.86811e-05
95,-12.0,3.4285715,1.2307693,0.028211182,0.054118946,0.00015827524
96,-12.0,4.0,1.2307693,0.032332398,0.053205524,0.00030274247
97,-12.0,0.0,0.61538464,-0.030152952,0.05197267,8.855051e-05
98,-12.0,0.5714286,0.61538464,-0.026042748,0.05550819,2.0795736e-05
99,-12.0,1.1428572,0.61538464,-0.010920346,0.05255727,3.3521843e-05
100,-12.0,1.7142857,0.61538464,-0.0069691213,0.054696746,0.00011811085
101,-12.0,2.2857144,0.61538464,0.008320871,0.05341865,9.2833936e-05
102,-12.0,2.857143,0.61538464,0.012521286,0.054012343,0.0001606668
103,-12.0,3.4285715,0.61538464,0.027940152,0.054122303,0.00013805396
104,-12.0,4.0,0.61538464,0.032360926,0.053361624,5.0708102e-05
105,-12.0,0.0,0.0,-0.03035394,0.052162293,-0.00014183529
106,-12.0,0.5714286,0.0,-0.026152562,0.055461034,4.8181733e-05
107,-12.0,1.1428572,0.0,-0.0112992115,0.052665263,0.00015240572
108,-12.0,1.7142857,0.0,-0.007032868,0.0547206,6.430581e-05
109,-12.0,2.2857144,0.0,0.007972752,0.053469952,0.0002357651
110,-12.0,2.857143,0.0,0.0124391485,0.054068405,0.00014780069
111,-12.0,3.4285715,0.0,0.027706284,0.05415923,0.00021122975
112,-12.0,4.0,0.0,0.03222837,0.053383514,0.0003842845
113,-11.4,0.0,8.0,-0.035317782,0.04573752,9.9737845e-05
114,-11.4,0.5714286,8.0,-0.020986816,0.042310607,0.00022297767
115,-11.4,1.1428572,8.0,-0.016190525,0.045022465,0.00024407131
116,-11.4,1.7142857,8.0,-0.0018551784,0.042927537,6.284643e-05
117,-11.4,2.2857144,8.0,0.003038139,0.044160318,0.00016127698
118,-11.4,2.857143,8.0,0.017630933,0.04358946,2.5832403e-05
119,-11.4,3.4285715,8.0,0.022765687,0.04340945,3.197952e-05
120,-11.4,4.0,8.0,0.037487436,0.044045337,0.00016394723
121,-11.4,0.0,7.3846154,-0.035165403,0.045867514,0.00034679897
122,-11.4,0.5714286,7.3846154,-0.020698018,0.0421662,0.00021725729
123,-11.4,1.1428572,7.3846154,-0.016111258,0.045037773,0.00016960387
124,-11.4,1.7142857,7.3846154,-0.001555545,0.042850967,0.00018203487
125,-11.4,2.2857144,7.3846154,0.003115096,0.04411203,9.340166e-05
126,-11.4,2.857143,7.3846154,0.017881552,0.04355012,9.507037e-05
127,-11.4,3.4285715,7.3846154,0.022811173,0.043339837,6.2762592e-06
128,-11.4,4.0,7.3846154,0.037666883,0.043985464,-0.00017496731
129,-11.4,0.0,6.769231,-0.035152957,0.045800515,0.00020557056
130,-11.4,0.5714286,6.769231,-0.0204588,0.042125892,0.00022081779
131,-11.4,1.1428572,6.769231,-0.016044406,0.044999894,0.00019912171
132,-11.4,1.7142857,6.769231,-0.0013386362,0.042811643,0.00015254224
133,-11.4,2.2857144,6.769231,0.003153082,0.044028558,0.00013597033
134,-11.4,2.857143,6.769231,0.018093979,0.04353451,7.205124e-05
135,-11.4,3.4285715,6.769231,0.022814428,0.043215644,7.844086e-05
136,-11.4,4.0,6.769231,0.037909213,0.044009507,0.00012442005
137,-11.4,0.0,6.1538463,-0.035043817,0.04573675,0.00022145774
138,-11.4,0.5714286,6.1538463,-0.020386228,0.042171724,0.00019921047
139,-11.4,1.1428572,6.1538463,-0.015999418,0.04489413,0.00017899544
140,-11.4,1.7142857,6.1538463,-0.0012625299,0.042828374,0.00015281295
141,-11.4,2.2857144,6.1538463,0.0032090186,0.04393706,0.00011534204
142,-11.4,2.857143,6.1538463,0.018159503,0.043520026,0.00010234617
143,-11.4,3.4285715,6.1538463,0.02288475,0.04313025,1.3589709e-05
144,-11.4,4.0,6.1538463,0.037944034,0.043968607,-9.699608e-05
145,-11.4,0.0,5.5384617,-0.035045747,0.045720004,0.00018852008
146,-11.4,0.5714286,5.5384617,-0.020375248,0.04212575,0.00016857946
147,-11.4,1.1428572,5.5384617,-0.015954522,0.04489379,0.00014066385
148,-11.4,1.7142857,5.5384617,-0.001256313,0.042785317,0.00013226038
149,-11.4,2.2857144,5.5384617,0.0032493412,0.04391405,0.000105637875
150,-11.4,2.857143,5.5384617,0.01817712,0.043475788,6.960188e-05
151,-11.4,3.4285715,5.5384617,0.022910956,0.04309946,9.25384e-05
152,-11.4,4.0,5.5384617,0.037971538,0.043926097,0.00011874334
153,-11.4,0.0,4.923077,-0.034999717,0.045721103,9.892265e-05
154,-11.4,0.5714286,4.923077,-0.020372624,0.04213147,0.0001136673
155,-11.4,1.1428572,4.923077,-0.015944062,0.04487206,0.00011321311
156,-11.4,1.7142857,4.923077,-0.001253123,0.04276857,8.805958e-05
157,-11.4,2.2857144,4.923077,0.0032633466,0.043899085,7.6833574e-05
158,-11.4,2.857143,4.923077,0.018171985,0.04344732,7.250231e-05
159,-11.4,3.4285715,4.923077,0.02292475,0.043081045,5.3644453e-06
160,-11.4,4.0,4.923077,0.037939288,0.04388759,-5.9895192e-05
161,-11.4,0.0,4.3076925,-0.03500752,0.04571435,8.39536e-05
162,-11.4,0.5714286,4.3076925,-0.020382736,0.042120308,5.9246235e-05
163,-11.4,1.1428572,4.3076925,-0.015938535,0.04487078,4.3716547e-05
164,-11.4,1.7142857,4.3076925,-0.001267816,0.04275937,5.3405e-05
165,-11.4,2.2857144,4.3076925,0.0032639278,0.043891016,4.2172982e-05
166,-11.4,2.857143,4.3076925,0.018157141,0.043435354,2.8217342e-05
167,-11.4,3.4285715,4.3076925,0.022916868,0.043071758,7.1690556e-05
168,-11.4,4.0,4.3076925,0.03792358,0.043872654,0.00010903883
169,-11.4,0.0,3.6923077,-0.03502507,0.045714468,-3.2025175e-05
170,-11.4,0.5714286,3.6923077,-0.020399809,0.042119738,-8.507966e-06
171,-11.4,1.1428572,3.6923077,-0.01595618,0.04487078,6.3132447e-06
172,-11.4,1.7142857,3.6923077,-0.0012849411,0.04275892,-4.502343e-06
173,-11.4,2.2857144,3.6923077,0.003246257,0.043890893,6.058017e-06
174,-11.4,2.857143,3.6923077,0.018139984,0.04343501,1.8894525e-05
175,-11.4,3.4285715,3.6923077,0.022899149,0.04307154,-2.530824e-05
176,-11.4,4.0,3.6923077,0.037906356,0.04387239,-6.38648e-05
177,-11.4,0.0,3.0769231,-0.035052627,0.045721382,-4.6928024e-05
178,-11.4,0.5714286,3.0769231,-0.020423952,0.042129785,-6.294187e-05
179,-11.4,1.1428572,3.0769231,-0.015996974,0.04487204,-6.316465e-05
180,-11.4,1.7142857,3.0769231,-0.0013044993,0.042767234,-3.917457e-05
181,-11.4,2.2857144,3.0769231,0.0032103327,0.043898728,-2.8579943e-05
182,-11.4,2.857143,3.0769231,0.018120514,0.043446295,-2.541439e-05
183,-11.4,3.4285715,3.0769231,0.022871643,0.043080416,4.1038544e-05
184,-11.4,4.0,3.0769231,0.037887752,0.043886818,0.000105036765
185,-11.4,0.0,2.4615386,-0.035133764,0.045720514,-0.00013659673
186,-11.4,0.5714286,2.4615386,-0.020460743,0.042122956,-0.00011788451
187,-11.4,1.1428572,2.4615386,-0.016042715,0.04489377,-9.057947e-05
188,-11.4,1.7142857,2.4615386,-0.0013419515,0.042783108,-8.339542e-05
189,-11.4,2.2857144,2.4615386,0.0031610006,0.043913454,-5.7364326e-05
190,-11.4,2.857143,2.4615386,0.01809133,0.043474104,-2.253169e-05
191,-11.4,3.4285715,2.4615386,0.022822434,0.043098398,-4.611228e-05
192,-11.4,4.0,2.4615386,0.037885558,0.04392482,-7.358183e-05
193,-11.4,0.0,1.8461539,-0.03516722,0.045737505,-0.00016944055
194,-11.4,0.5714286,1.8461539,-0.020505972,0.04216781,-0.0001484884
195,-11.4,1.1428572,1.8461539,-0.016122911,0.04489415,-0.00012891715
196,-11.4,1.7142857,1.8461539,-0.001382399,0.042825274,-0.00010393849
197,-11.4,2.2857144,1.8461539,0.0030853215,0.04393628,-6.706594e-05
198,-11.4,2.857143,1.8461539,0.018039435,0.043517668,-5.5281387e-05
199,-11.4,3.4285715,1.8461539,0.022760846,0.043128815,3.2834192e-05
200,-11.4,4.0,1.8461539,0.037823793,0.043966845,0.00014212544
201,-11.4,0.0,1.2307693,-0.03531168,0.045801878,-0.00015362479
202,-11.4,0.5714286,1.2307693,-0.020612575,0.042120595,-0.00017012694
203,-11.4,1.1428572,1.2307693,-0.016203353,0.04500021,-0.0001490182
204,-11.4,1.7142857,1.2307693,-0.001492609,0.042807516,-0.00010366819
205,-11.4,2.2857144,1.2307693,0.0029939068,0.04402771,-8.768876e-05
206,-11.4,2.857143,1.2307693,0.017939785,0.04353145,-2.4981902e-05
207,-11.4,3.4285715,1.2307693,0.02265498,0.04321385,-3.200828e-05
208,-11.4,4.0,1.2307693,0.037754744,0.044007286,-7.921535e-05
209,-11.4,0.0,0.61538464,-0.035359565,0.045869406,-0.0002949279
210,-11.4,0.5714286,0.61538464,-0.020886045,0.042159636,-0.00016649607
211,-11.4,1.1428572,0.61538464,-0.016305547,0.045038313,-0.00011948766
212,-11.4,1.7142857,0.61538464,-0.0017437232,0.04284589,-0.00013315945
213,-11.4,2.2857144,0.61538464,0.00292056,0.044111125,-4.510663e-05
214,-11.4,2.857143,0.61538464,0.017693141,0.043546356,-4.8002847e-05
215,-11.4,3.4285715,0.61538464,0.022616375,0.04333778,4.0155173e-05
216,-11.4,4.0,0.61538464,0.037478246,0.043982755,0.0002201283
217,-11.4,0.0,0.0,-0.035546802,0.045739193,-4.7521447e-05
218,-11.4,0.5714286,0.0,-0.021209378,0.042303417,-0.00017230288
219,-11.4,1.1428572,0.0,-0.016419787,0.04502282,-0.00019401194
220,-11.4,1.7142857,0.0,-0.0020779397,0.042921845,-1.3875938e-05
221,-11.4,2.2857144,0.0,0.00280863,0.04415917,-0.00011302396
222,-11.4,2.857143,0.0,0.01740794,0.043585166,2.1275111e-05
223,-11.4,3.4285715,0.0,0.022535888,0.04340706,1.4457814e-05
224,-11.4,4.0,0.0,0.03726415,0.044042144,-0.00011870544
225,-10.8,0.0,8.0,-0.030844336,0.032013718,0.0005765539
226,-10.8,0.5714286,8.0,-0.025615845,0.035350703,0.0004154092
227,-10.8,1.1428572,8.0,-0.011754054,0.032430645,0.00031821924
228,-10.8,1.7142857,8.0,-0.0065199416,0.0344427,0.00042490946
229,-10.8,2.2857144,8.0,0.0075183725,0.033089615,0.00023893623
230,-10.8,2.857143,8.0,0.012910983,0.033516947,0.00026159722
231,-10.8,3.4285715,8.0,0.027285159,0.033635087,0.0001381387
232,-10.8,4.0,8.0,0.03280931,0.03281225,-0.00014897466
233,-10.8,0.0,7.3846154,-0.030574748,0.0318047,0.00033168844
234,-10.8,0.5714286,7.3846154,-0.025497278,0.03543527,0.0004056122
235,-10.8,1.1428572,7.3846154,-0.011433573,0.032323856,0.00039874561
236,-10.8,1.7142857,7.3846154,-0.006402761,0.03441079,0.00031241498
237,-10.8,2.2857144,7.3846154,0.0077954554,0.03301924,0.00030582177
238,-10.8,2.857143,7.3846154,0.012996239,0.03342372,0.00020407476
239,-10.8,3.4285715,7.3846154,0.027498545,0.033560142,0.00017703866
240,-10.8,4.0,7.3846154,0.032863468,0.032715004,0.0002355163
241,-10.8,0.0,6.769231,-0.030298982,0.031831298,0.00043541632
242,-10.8,0.5714286,6.769231,-0.025427656,0.035403218,0.00038078093
243,-10.8,1.1428572,6.769231,-0.011215045,0.032269876,0.00034714988
244,-10.8,1.7142857,6.769231,-0.006359266,0.034346513,0.0003202596
245,-10.8,2.2857144,6.769231,0.008012894,0.032988824,0.00025372117
246,-10.8,2.857143,6.769231,0.013017883,0.033308763,0.00022174859
247,-10.8,3.4285715,6.769231,0.027702017,0.03355507,0.00011383032
248,-10.8,4.0,6.769231,0.032877177,0.03255384,-4.2034895e-05
249,-10.8,0.0,6.1538463,-0.030264119,0.03183987,0.0003500346
250,-10.8,0.5714286,6.1538463,-0.025389638,0.035292335,0.000325757
251,-10.8,1.1428572,6.1538463,-0.011150734,0.032310363,0.00029739217
252,-10.8,1.7142857,6.1538463,-0.0063118595,0.034249187,0.00026453478
253,-10.8,2.2857144,6.1538463,0.008071757,0.032991357,0.00022874796
254,-10.8,2.857143,6.1538463,0.013076283,0.033225376,0.00016304477
255,-10.8,3.4285715,6.1538463,0.027762558,0.03353527,0.00017169738
256,-10.8,4.0,6.1538463,0.03294036,0.032486655,0.00020105872
257,-10.8,0.0,5.5384617,-0.030233908,0.03183375,0.00023961833
258,-10.8,0.5714286,5.5384617,-0.02535188,0.035307284,0.00024366782
259,-10.8,1.1428572,5.5384617,-0.011142929,0.032263406,0.00023503829
260,-10.8,1.7142857,5.5384617,-0.0062787156,0.03424101,0.0001949654
261,-10.8,2.2857144,5.5384617,0.008090808,0.032955326,0.00016804277
262,-10.8,2.857143,5.5384617,0.0131101515,0.033206932,0.00014716599
263,-10.8,3.4285715,5.5384617,0.02777842,0.033497296,6.639165e-05
264,-10.8,4.0,5.5384617,0.032953106,0.032455135,-1.6978596e-05
265,-10.8,0.0,4.923077,-0.030240841,0.031822156,0.00018787035
266,-10.8,0.5714286,4.923077,-0.025335183,0.035282124,0.00015734608
267,-10.8,1.1428572,4.923077,-0.01114174,0.03226321,0.00013495005
268,-10.8,1.7142857,4.923077,-0.0062619615,0.034228645,0.00013098419
269,-10.8,2.2857144,4.923077,0.00808509,0.032938443,0.000108263004
270,-10.8,2.857143,4.923077,0.013125249,0.03319901,7.754984e-05
271,-10.8,3.4285715,4.923077,0.0277647,0.033474885,0.00011073197
272,-10.8,4.0,4.923077,0.03295895,0.03244883,0.00014502264
273,-10.8,0.0,4.3076925,-0.030242814,0.031826954,3.201283e-05
274,-10.8,0.5714286,4.3076925,-0.025331259,0.035288673,5.6314744e-05
275,-10.8,1.1428572,4.3076925,-0.011153777,0.032254986,6.316198e-05
276,-10.8,1.7142857,4.3076925,-0.0062628025,0.034226634,4.2308555e-05
277,-10.8,2.2857144,4.3076925,0.008072946,0.03293228,4.1666244e-05
278,-10.8,2.857143,4.3076925,0.013121263,0.033195358,4.353607e-05
279,-10.8,3.4285715,4.3076925,0.027747713,0.03346563,-1.1948382e-05
280,-10.8,4.0,4.3076925,0.032943316,0.032442175,-6.17811e-05
281,-10.8,0.0,3.6923077,-0.030260041,0.031826317,-1.4183362e-05
282,-10.8,0.5714286,3.6923077,-0.025348872,0.035288747,-3.9283634e-05
283,-10.8,1.1428572,3.6923077,-0.01117091,0.032254484,-4.7262616e-05
284,-10.8,1.7142857,3.6923077,-0.00628043,0.03422658,-2.7119195e-05
285,-10.8,2.2857144,3.6923077,0.008055772,0.032931905,-2.7559583e-05
286,-10.8,2.857143,3.6923077,0.013103609,0.0331952,-3.014897e-05
287,-10.8,3.4285715,3.6923077,0.027730513,0.033465356,2.421809e-05
288,-10.8,4.0,3.6923077,0.032925658,0.03244194,7.324652e-05
289,-10.8,0.0,3.0769231,-0.030292133,0.03182036,-0.00017011563
290,-10.8,0.5714286,3.0769231,-0.025387935,0.035282332,-0.00014029363
291,-10.8,1.1428572,3.0769231,-0.011193192,0.03226171,-0.00011906523
292,-10.8,1.7142857,3.0769231,-0.00631482,0.03422849,-0.000115769755
293,-10.8,2.2857144,3.0769231,0.00803356,0.03293731,-9.417872e-05
294,-10.8,2.857143,3.0769231,0.0130722895,0.03319854,-6.413553e-05
295,-10.8,3.4285715,3.0769231,0.027713057,0.03347403,-9.848221e-05
296,-10.8,4.0,3.0769231,0.032905858,0.03244812,-0.00013351154
297,-10.8,0.0,2.4615386,-0.030319678,0.031830713,-0.00022178896
298,-10.8,0.5714286,2.4615386,-0.025439855,0.03530764,-0.0002265779
299,-10.8,1.1428572,2.4615386,-0.011228658,0.032260925,-0.00021917786
300,-10.8,1.7142857,2.4615386,-0.006366821,0.034240745,-0.00017971976
301,-10.8,2.2857144,2.4615386,0.008004922,0.032953463,-0.00015397479
302,-10.8,2.857143,2.4615386,0.013021899,0.03320615,-0.00013373059
303,-10.8,3.4285715,2.4615386,0.027692378,0.033495907,-5.4160042e-05
304,-10.8,4.0,2.4615386,0.032864723,0.032453958,2.8489898e-05
305,-10.8,0.0,1.8461539,-0.030383963,0.03183564,-0.00033233216
306,-10.8,0.5714286,1.8461539,-0.02551278,0.03529287,-0.00030867854
307,-10.8,1.1428572,1.8461539,-0.011270782,0.03230688,-0.00028150552
308,-10.8,1.7142857,1.8461539,-0.006435205,0.034248866,-0.00024928708
309,-10.8,2.2857144,1.8461539,0.007951532,0.032988735,-0.00021467157
310,-10.8,2.857143,1.8461539,0.012952731,0.03322432,-0.00014960115
311,-10.8,3.4285715,1.8461539,0.027642107,0.033533312,-0.00015945456
312,-10.8,4.0,1.8461539,0.032816555,0.032485027,-0.0001894827
313,-10.8,0.0,1.2307693,-0.03045322,0.031825513,-0.00041760714
314,-10.8,0.5714286,1.2307693,-0.025586165,0.035404254,-0.0003636587
315,-10.8,1.1428572,1.2307693,-0.011369261,0.032265175,-0.00033127313
316,-10.8,1.7142857,1.2307693,-0.0065179914,0.034346305,-0.0003049872
317,-10.8,2.2857144,1.2307693,0.007858451,0.03298537,-0.00023963998
318,-10.8,2.857143,1.2307693,0.0128589375,0.0333075,-0.00020829873
319,-10.8,3.4285715,1.2307693,0.02754733,0.033552576,-0.00010158526
320,-10.8,4.0,1.2307693,0.032718003,0.032551773,5.3568987e-05
321,-10.8,0.0,0.61538464,-0.030763095,0.03179749,-0.00031386572
322,-10.8,0.5714286,0.61538464,-0.025691003,0.035436723,-0.0003885234
323,-10.8,1.1428572,0.61538464,-0.0116221085,0.03231805,-0.00038284378
324,-10.8,1.7142857,0.61538464,-0.006596738,0.03441067,-0.00029713186
325,-10.8,2.2857144,0.61538464,0.0076067033,0.03301497,-0.0002917236
326,-10.8,2.857143,0.61538464,0.01280202,0.0334223,-0.00019061343
327,-10.8,3.4285715,0.61538464,0.027309524,0.033557057,-0.00016477387
328,-10.8,4.0,0.61538464,0.03266893,0.03271256,-0.00022390028
329,-10.8,0.0,0.0,-0.031067478,0.03200589,-0.0005589944
330,-10.8,0.5714286,0.0,-0.025844553,0.035351958,-0.0003982444
331,-10.8,1.1428572,0.0,-0.011977164,0.03242418,-0.00030222812
332,-10.8,1.7142857,0.0,-0.006748895,0.034442388,-0.00040966325
333,-10.8,2.2857144,0.0,0.007295034,0.033084784,-0.00022479333
334,-10.8,2.857143,0.0,0.012681806,0.03351524,-0.00024813527
335,-10.8,3.4285715,0.0,0.027061563,0.033631515,-0.00012587527
336,-10.8,4.0,0.0,0.032579888,0.032809462,0.0001605448
337,-10.2,0.0,8.0,-0.03507576,0.025649074,0.0005057056
338,-10.2,0.5714286,8.0,-0.0215878,0.02199938,0.00066615094
339,-10.2,1.1428572,8.0,-0.016078625,0.024917351,0.00074957864
340,-10.2,1.7142857,8.0,-0.0023647666,0.022593815,0.0005424524
341,-10.2,2.2857144,8.0,0.0031388388,0.023709463,0.0005897544
342,-10.2,2.857143,8.0,0.017008757,0.02319086,0.0004148662
343,-10.2,3.4285715,8.0,0.022950282,0.022818599,0.00030403378
344,-10.2,4.0,8.0,0.037051123,0.023517106,0.00038188774
345,-10.2,0.0,7.3846154,-0.03485842,0.02590104,0.0007535866
346,-10.2,0.5714286,7.3846154,-0.021201527,0.021848701,0.0006663808
347,-10.2,1.1428572,7.3846154,-0.015900973,0.024926007,0.0006119492
348,-10.2,1.7142857,7.3846154,-0.0020303559,0.022494238,0.0005989211
349,-10.2,2.2857144,7.3846154,0.00328697,0.023613632,0.0004859589
350,-10.2,2.857143,7.3846154,0.01727677,0.023083912,0.00041843456
351,-10.2,3.4285715,7.3846154,0.023019321,0.02267055,0.00026696955
352,-10.2,4.0,7.3846154,0.037261985,0.023388823,1.843643e-05
353,-10.2,0.0,6.769231,-0.03481827,0.025801064,0.0006190765
354,-10.2,0.5714286,6.769231,-0.021001521,0.021792728,0.0006018879
355,-10.2,1.1428572,6.769231,-0.0158599,0.024887025,0.0005718121
356,-10.2,1.7142857,6.769231,-0.0018226159,0.022441415,0.0005113094
357,-10.2,2.2857144,6.769231,0.0032988375,0.023501439,0.0004467566
358,-10.2,2.857143,6.769231,0.01747799,0.023062686,0.000338327
359,-10.2,3.4285715,6.769231,0.023033088,0.022518093,0.00030325216
360,-10.2,4.0,6.769231,0.037470367,0.023390155,0.00033614578
361,-10.2,0.0,6.1538463,-0.0347952,0.025749091,0.00050376623
362,-10.2,0.5714286,6.1538463,-0.020947745,0.021854453,0.0005008347
363,-10.2,1.1428572,6.1538463,-0.01583804,0.024767557,0.00046877866
364,-10.2,1.7142857,6.1538463,-0.0017848674,0.022461811,0.00041134222
365,-10.2,2.2857144,6.1538463,0.003349839,0.023420753,0.00034586593
366,-10.2,2.857143,6.1538463,0.017535325,0.023061996,0.00030190364
367,-10.2,3.4285715,6.1538463,0.023087002,0.02245073,0.00019081676
368,-10.2,4.0,6.1538463,0.03751839,0.023361228,8.088434e-05
369,-10.2,0.0,5.5384617,-0.0347645,0.025731282,0.0004025026
370,-10.2,0.5714286,5.5384617,-0.020949101,0.021798218,0.00036628864
371,-10.2,1.1428572,5.5384617,-0.01580784,0.024781542,0.0003246046
372,-10.2,1.7142857,5.5384617,-0.0017640047,0.022431325,0.00030262602
373,-10.2,2.2857144,5.5384617,0.0033772099,0.023419173,0.00025440525
374,-10.2,2.857143,5.5384617,0.01755551,0.023040215,0.00019916742
375,-10.2,3.4285715,5.5384617,0.023111101,0.022444524,0.00021424903
376,-10.2,4.0,5.5384617,0.03751974,0.023341348,0.00025589296
377,-10.2,0.0,4.923077,-0.0347373,0.025738746,0.0001903346
378,-10.2,0.5714286,4.923077,-0.020939095,0.021820819,0.00021501939
379,-10.2,1.1428572,4.923077,-0.015788535,0.024767699,0.0002075677
380,-10.2,1.7142857,4.923077,-0.0017748245,0.022431867,0.0001715503
381,-10.2,2.2857144,4.923077,0.0033964973,0.023423078,0.00014916854
382,-10.2,2.857143,4.923077,0.017544992,0.023033675,0.00013593571
383,-10.2,3.4285715,4.923077,0.023120563,0.02245019,6.5174056e-05
384,-10.2,4.0,4.923077,0.03749185,0.023324298,6.2033137e-06
385,-10.2,0.0,4.3076925,-0.03473401,0.02573561,9.8944285e-05
386,-10.2,0.5714286,4.3076925,-0.020951943,0.021812689,6.815718e-05
387,-10.2,1.1428572,4.3076925,-0.015789488,0.024775708,5.1552717e-05
388,-10.2,1.7142857,4.3076925,-0.0017835278,0.02243116,5.77605e-05
389,-10.2,2.2857144,4.3076925,0.0033920752,0.023427045,4.3464257e-05
390,-10.2,2.857143,4.3076925,0.017531814,0.0230337,2.5998383e-05
391,-10.2,3.4285715,4.3076925,0.02311113,0.022454366,6.918572e-05
392,-10.2,4.0,4.3076925,0.037467837,0.023323016,0.000114768525
393,-10.2,0.0,3.6923077,-0.034751423,0.025735792,-0.00011494106
394,-10.2,0.5714286,3.6923077,-0.020969085,0.021812119,-8.526814e-05
395,-10.2,1.1428572,3.6923077,-0.015807087,0.02477573,-6.941471e-05
396,-10.2,1.7142857,3.6923077,-0.0018007087,0.022430737,-7.668942e-05
397,-10.2,2.2857144,3.6923077,0.003374464,0.023426946,-6.3110856e-05
398,-10.2,2.857143,3.6923077,0.01751459,0.023033388,-4.667761e-05
399,-10.2,3.4285715,3.6923077,0.023093479,0.022454172,-9.0629415e-05
400,-10.2,4.0,3.6923077,0.037450545,0.023322782,-0.00013731499
401,-10.2,0.0,3.0769231,-0.0347901,0.025739131,-0.00020624379
402,-10.2,0.5714286,3.0769231,-0.020990608,0.0218191,-0.00023214551
403,-10.2,1.1428572,3.0769231,-0.01584125,0.024767775,-0.0002254014
404,-10.2,1.7142857,3.0769231,-0.001826407,0.022430595,-0.00019049965
405,-10.2,2.2857144,3.0769231,0.0033436764,0.023422781,-0.00016878432
406,-10.2,2.857143,3.0769231,0.017493319,0.02303274,-0.00015664024
407,-10.2,3.4285715,3.0769231,0.023067648,0.022449635,-8.6589316e-05
408,-10.2,4.0,3.0769231,0.037440103,0.023323622,-2.8786562e-05
409,-10.2,0.0,2.4615386,-0.03485212,0.025732012,-0.0004184852
410,-10.2,0.5714286,2.4615386,-0.021034913,0.021795379,-0.00038343391
411,-10.2,1.1428572,2.4615386,-0.01589575,0.024781656,-0.00034239073
412,-10.2,1.7142857,2.4615386,-0.0018499546,0.022429226,-0.00032159442
413,-10.2,2.2857144,2.4615386,0.003289175,0.02341867,-0.00027398826
414,-10.2,2.857143,2.4615386,0.017469388,0.023038676,-0.00021988849
415,-10.2,3.4285715,2.4615386,0.023022901,0.022443578,-0.0002356296
416,-10.2,4.0,2.4615386,0.03743341,0.023340221,-0.00027845698
417,-10.2,0.0,1.8461539,-0.034918234,0.025750086,-0.00051957625
418,-10.2,0.5714286,1.8461539,-0.021067936,0.021850452,-0.0005179406
419,-10.2,1.1428572,1.8461539,-0.015961066,0.024767764,-0.00048656698
420,-10.2,1.7142857,1.8461539,-0.0019052278,0.022458844,-0.0004302791
421,-10.2,2.2857144,1.8461539,0.0032266048,0.023420095,-0.00036544554
422,-10.2,2.857143,1.8461539,0.017414765,0.02305983,-0.0003226126
423,-10.2,3.4285715,1.8461539,0.022963561,0.022449452,-0.00021219693
424,-10.2,4.0,1.8461539,0.03739763,0.023359671,-0.00010347886
425,-10.2,0.0,1.2307693,-0.03497625,0.02580279,-0.00063506025
426,-10.2,0.5714286,1.2307693,-0.021155963,0.021787267,-0.0006190067
427,-10.2,1.1428572,1.2307693,-0.01601824,0.02488755,-0.0005895373
428,-10.2,1.7142857,1.2307693,-0.0019772502,0.022437453,-0.0005302483
429,-10.2,2.2857144,1.2307693,0.0031403056,0.023500726,-0.00046630288
430,-10.2,2.857143,1.2307693,0.017323097,0.023059856,-0.00035902995
431,-10.2,3.4285715,1.2307693,0.022874312,0.022516483,-0.00032460882
432,-10.2,4.0,1.2307693,0.03731516,0.023388175,-0.00035866193
433,-10.2,0.0,0.61538464,-0.03505186,0.025903353,-0.0007694372
434,-10.2,0.5714286,0.61538464,-0.021390362,0.021841917,-0.00068344217
435,-10.2,1.1428572,0.61538464,-0.016094454,0.024926802,-0.00062968634
436,-10.2,1.7142857,0.61538464,-0.0022194067,0.022489313,-0.0006178002
437,-10.2,2.2857144,0.61538464,0.0030932492,0.023612885,-0.00050550536
438,-10.2,2.857143,0.61538464,0.017087486,0.023080416,-0.00043910387
439,-10.2,3.4285715,0.61538464,0.022825355,0.022668695,-0.00028833866
440,-10.2,4.0,0.61538464,0.03707244,0.023386393,-4.1005835e-05
441,-10.2,0.0,0.0,-0.03530386,0.025651189,-0.0005214051
442,-10.2,0.5714286,0.0,-0.02181123,0.02199191,-0.00068317354
443,-10.2,1.1428572,0.0,-0.016307099,0.024917992,-0.00076732674
444,-10.2,1.7142857,0.0,-0.002588391,0.022588285,-0.00056129944
445,-10.2,2.2857144,0.0,0.002910163,0.023708478,-0.0006092454
446,-10.2,2.857143,0.0,0.016784878,0.023186844,-0.00043553705
447,-10.2,3.4285715,0.0,0.022721376,0.022816414,-0.00032535582
448,-10.2,4.0,0.0,0.036826905,0.02351419,-0.00040440855
449,-9.6,0.0,8.0,-0.031228518,0.011905357,0.0012269719
450,-9.6,0.5714286,8.0,-0.025657983,0.015674243,0.0011683748
451,-9.6,1.1428572,8.0,-0.0122166695,0.012208751,0.0010011228
452,-9.6,1.7142857,8.0,-0.0064169634,0.014215821,0.001093399
453,-9.6,2.2857144,8.0,0.007039482,0.012688752,0.0008648931
454,-9.6,2.857143,8.0,0.012833027,0.0127606485,0.0007081508
455,-9.6,3.4285715,8.0,0.026814122,0.013042094,0.00049919693
456,-9.6,4.0,8.0,0.033165663,0.01195279,1.8411594e-05
457,-9.6,0.0,7.3846154,-0.03075474,0.011616679,0.0010156003
458,-9.6,0.5714286,7.3846154,-0.02539636,0.015786573,0.0010301988
459,-9.6,1.1428572,7.3846154,-0.011765957,0.012073462,0.0010332215
460,-9.6,1.7142857,7.3846154,-0.006178166,0.014114052,0.0009170074
461,-9.6,2.2857144,7.3846154,0.0073629124,0.012531171,0.00079158513
462,-9.6,2.857143,7.3846154,0.012974368,0.012577408,0.00060645264
463,-9.6,3.4285715,7.3846154,0.027052145,0.012879351,0.000483035
464,-9.6,4.0,7.3846154,0.033234432,0.011745497,0.0004920404
465,-9.6,0.0,6.769231,-0.030589223,0.011672949,0.0009617346
466,-9.6,0.5714286,6.769231,-0.02536075,0.015752388,0.0009418134
467,-9.6,1.1428572,6.769231,-0.011604402,0.011966962,0.00087972905
468,-9.6,1.7142857,6.769231,-0.006224493,0.014006388,0.00076899386
469,-9.6,2.2857144,6.769231,0.00754509,0.012502049,0.00064284186
470,-9.6,2.857143,6.769231,0.01297236,0.012437737,0.00053865375
471,-9.6,3.4285715,6.769231,0.02724295,0.012880266,0.00038133108
472,-9.6,4.0,6.769231,0.033260822,0.011558487,0.00020472906
473,-9.6,0.0,6.1538463,-0.030579317,0.011661837,0.00080780964
474,-9.6,0.5714286,6.1538463,-0.025403114,0.015593912,0.000730928
475,-9.6,1.1428572,6.1538463,-0.011598547,0.012018833,0.0006592629
476,-9.6,1.7142857,6.1538463,-0.0061833127,0.0139269885,0.00059258577
477,-9.6,2.2857144,6.1538463,0.0075886426,0.012527769,0.0005051635
478,-9.6,2.857143,6.1538463,0.013023648,0.012386052,0.00039847515
479,-9.6,3.4285715,6.1538463,0.02730007,0.012887626,0.00038528832
480,-9.6,4.0,6.1538463,0.03328087,0.011518279,0.00043225323
481,-9.6,0.0,5.5384617,-0.030575382,0.011665156,0.0004801244
482,-9.6,0.5714286,5.5384617,-0.025345827,0.015645415,0.0005010242
483,-9.6,1.1428572,5.5384617,-0.01157047,0.011988634,0.00047396353
484,-9.6,1.7142857,5.5384617,-0.0061693056,0.013952827,0.00040297525
485,-9.6,2.2857144,5.5384617,0.0076094884,0.0125279855,0.00034901596
486,-9.6,2.857143,5.5384617,0.0130497245,0.012409556,0.00030594968
487,-9.6,3.4285715,5.5384617,0.027308343,0.012890101,0.00021598302
488,-9.6,4.0,5.5384617,0.033289604,0.011522855,0.00014207837
489,-9.6,0.0,4.923077,-0.030550038,0.011668232,0.00032484272
490,-9.6,0.5714286,4.923077,-0.025335135,0.015627185,0.0002855964
491,-9.6,1.1428572,4.923077,-0.011587788,0.012016839,0.00025598926
492,-9.6,1.7142857,4.923077,-0.0061440393,0.0139670065,0.00023577182
493,-9.6,2.2857144,4.923077,0.0075969505,0.012543343,0.00019993908
494,-9.6,2.857143,4.923077,0.013065274,0.01243624,0.00015745532
495,-9.6,3.4285715,4.923077,0.027290374,0.012899959,0.00018943282
496,-9.6,4.0,4.923077,0.033276983,0.011550278,0.00024553717
497,-9.6,0.0,4.3076925,-0.030565046,0.011673451,4.6956095e-05
498,-9.6,0.5714286,4.3076925,-0.025325995,0.01564457,7.4351265e-05
499,-9.6,1.1428572,4.3076925,-0.011589802,0.012019049,7.628323e-05
500,-9.6,1.7142857,4.3076925,-0.0061500203,0.0139819905,5.5101205e-05
501,-9.6,2.2857144,4.3076925,0.0075871213,0.012553791,4.811936e-05
502,-9.6,2.857143,4.3076925,0.0130585795,0.012451925,4.8071382e-05
503,-9.6,3.4285715,4.3076925,0.027271636,0.012909461,-7.513979e-06
504,-9.6,4.0,4.3076925,0.03325949,0.011561146,-5.977764e-05
505,-9.6,0.0,3.6923077,-0.0305824,0.011672737,-9.707935e-05
506,-9.6,0.5714286,3.6923077,-0.025343554,0.015644688,-0.0001252879
507,-9.6,1.1428572,3.6923077,-0.011606978,0.012018558,-0.0001282931
508,-9.6,1.7142857,3.6923077,-0.0061676013,0.013981944,-0.00010784667
509,-9.6,2.2857144,3.6923077,0.0075698853,0.012553446,-0.0001018203
510,-9.6,2.857143,3.6923077,0.013040987,0.012451794,-0.00010249735
511,-9.6,3.4285715,3.6923077,0.027254365,0.0129092205,-4.7913447e-05
512,-9.6,4.0,3.6923077,0.033241887,0.011560947,3.5327632e-06
513,-9.6,0.0,3.0769231,-0.030601425,0.011666315,-0.0003750382
514,-9.6,0.5714286,3.0769231,-0.02538773,0.01562757,-0.00033649823
515,-9.6,1.1428572,3.0769231,-0.011639406,0.0120153325,-0.00030801818
516,-9.6,1.7142857,3.0769231,-0.006196739,0.013966886,-0.00028848142
517,-9.6,2.2857144,3.0769231,0.007545233,0.0125423055,-0.0002536667
518,-9.6,2.857143,3.0769231,0.013012496,0.012435843,-0.00021184582
519,-9.6,3.4285715,3.0769231,0.027238535,0.012899217,-0.00024488496
520,-9.6,4.0,3.0769231,0.03322406,0.011549646,-0.00030173088
521,-9.6,0.0,2.4615386,-0.030661514,0.011661821,-0.0005302097
522,-9.6,0.5714286,2.4615386,-0.025433544,0.01564601,-0.00055186416
523,-9.6,1.1428572,2.4615386,-0.0116564445,0.01198616,-0.0005260146
524,-9.6,1.7142857,2.4615386,-0.0062571676,0.0139526045,-0.00045563543
525,-9.6,2.2857144,2.4615386,0.0075233,0.0125262765,-0.0004027658
526,-9.6,2.857143,2.4615386,0.012961768,0.012408886,-0.00036030356
527,-9.6,3.4285715,2.4615386,0.02722197,0.012888897,-0.00027146304
528,-9.6,4.0,2.4615386,0.0332015,0.011521818,-0.00019826474
529,-9.6,0.0,1.8461539,-0.030699482,0.011657274,-0.0008580287
530,-9.6,0.5714286,1.8461539,-0.02552586,0.015594799,-0.00078174594
531,-9.6,1.1428572,1.8461539,-0.011718998,0.012015317,-0.00071125175
532,-9.6,1.7142857,1.8461539,-0.006306276,0.01392673,-0.00064524804
533,-9.6,2.2857144,1.8461539,0.0074679586,0.012525346,-0.000558879
534,-9.6,2.857143,1.8461539,0.012900536,0.012385152,-0.00045282848
535,-9.6,3.4285715,1.8461539,0.027179137,0.012885916,-0.0004407423
536,-9.6,4.0,1.8461539,0.033157483,0.011516823,-0.00048838474
537,-9.6,0.0,1.2307693,-0.030744165,0.011666539,-0.0010116084
538,-9.6,0.5714286,1.2307693,-0.025518706,0.015753882,-0.0009925349
539,-9.6,1.1428572,1.2307693,-0.011759147,0.011962223,-0.00093171606
540,-9.6,1.7142857,1.2307693,-0.0063826917,0.014006219,-0.000821581
541,-9.6,2.2857144,1.2307693,0.007390004,0.012498849,-0.0006965585
542,-9.6,2.857143,1.2307693,0.012814039,0.01243666,-0.0005929738
543,-9.6,3.4285715,1.2307693,0.02708757,0.012878078,-0.00043679494
544,-9.6,4.0,1.2307693,0.033102255,0.011556635,-0.00026090426
545,-9.6,0.0,0.61538464,-0.030943774,0.011608744,-0.0010658032
546,-9.6,0.5714286,0.61538464,-0.025589421,0.015788548,-0.0010808853
547,-9.6,1.1428572,0.61538464,-0.011955237,0.01206752,-0.0010850761
548,-9.6,1.7142857,0.61538464,-0.0063714758,0.0141139915,-0.0009696015
549,-9.6,2.2857144,0.61538464,0.0071733375,0.0125271855,-0.00084521447
550,-9.6,2.857143,0.61538464,0.012780935,0.012576197,-0.0006607859
551,-9.6,3.4285715,0.61538464,0.026862267,0.012876626,-0.00053844735
552,-9.6,4.0,0.61538464,0.033040643,0.011743286,-0.0005481394
553,-9.6,0.0,0.0,-0.03145254,0.0118966745,-0.0012769545
554,-9.6,0.5714286,0.0,-0.025885986,0.015676139,-0.001219151
555,-9.6,1.1428572,0.0,-0.01244048,0.012202111,-0.0010529119
556,-9.6,1.7142857,0.0,-0.0066452636,0.014215552,-0.0011458384
557,-9.6,2.2857144,0.0,0.006815302,0.012684227,-0.0009185561
558,-9.6,2.857143,0.0,0.012604673,0.012759181,-0.00076237094
559,-9.6,3.4285715,0.0,0.02658966,0.013038921,-0.00055466424
560,-9.6,4.0,0.0,0.03293707,0.011950266,-7.4555726e-05
561,-9.0,0.0,8.0,-0.03478511,0.0068133604,0.0016276893
562,-9.0,0.5714286,8.0,-0.022280429,0.0023602895,0.0017798713
563,-9.0,1.1428572,8.0,-0.015997875,0.005683178,0.0019746947
564,-9.0,1.7142857,8.0,-0.0024077678,0.002418935,0.0015781817
565,-9.0,2.2857144,8.0,0.003119898,0.002768192,0.001292965
566,-9.0,2.857143,8.0,0.016467122,0.0021671338,0.001030368
567,-9.0,3.4285715,8.0,0.022876684,0.0013019886,0.00069392263
568,-9.0,4.0,8.0,0.037025247,0.002362047,0.00069454586
569,-9.0,0.0,7.3846154,-0.034368835,0.0072576837,0.0017789326
570,-9.0,0.5714286,7.3846154,-0.0215808,0.002120193,0.00176158
571,-9.0,1.1428572,7.3846154,-0.015631126,0.005528646,0.0015859515
572,-9.0,1.7142857,7.3846154,-0.0020631934,0.0021543982,0.0013286944
573,-9.0,2.2857144,7.3846154,0.0032958004,0.0025462338,0.0010795607
574,-9.0,2.857143,7.3846154,0.016734011,0.0019750036,0.00086740503
575,-9.0,3.4285715,7.3846154,0.02299728,0.0010664008,0.0006369991
576,-9.0,4.0,7.3846154,0.0372759,0.002160858,0.000325066
577,-9.0,0.0,6.769231,-0.034451682,0.0070145004,0.0015814145
578,-9.0,0.5714286,6.769231,-0.021592088,0.001897941,0.0013708294
579,-9.0,1.1428572,6.769231,-0.015824078,0.005446941,0.0012046156
580,-9.0,1.7142857,6.769231,-0.0019304976,0.0021340037,0.0010502521
581,-9.0,2.2857144,6.769231,0.003244754,0.0024267265,0.00086606387
582,-9.0,2.857143,6.769231,0.01691528,0.0019911164,0.00068789866
583,-9.0,3.4285715,6.769231,0.023000441,0.000917829,0.00060742424
584,-9.0,4.0,6.769231,0.037434608,0.002191732,0.0006594797
585,-9.0,0.0,6.1538463,-0.034607068,0.006939458,0.00093953667
586,-9.0,0.5714286,6.1538463,-0.021565318,0.002024392,0.000974724
587,-9.0,1.1428572,6.1538463,-0.015769644,0.0053734537,0.00088639394
588,-9.0,1.7142857,6.1538463,-0.0019109899,0.0022085246,0.0007613969
589,-9.0,2.2857144,6.1538463,0.0032907925,0.0024098053,0.0006428171
590,-9.0,2.857143,6.1538463,0.016971499,0.002047739,0.000559979
591,-9.0,3.4285715,6.1538463,0.023040628,0.00090562995,0.00043002563
592,-9.0,4.0,6.1538463,0.03747444,0.0022110834,0.00033559787
593,-9.0,0.0,5.5384617,-0.034418024,0.006957442,0.00068616954
594,-9.0,0.5714286,5.5384617,-0.02153957,0.0019916776,0.0006322654
595,-9.0,1.1428572,5.5384617,-0.015777107,0.0054405737,0.00057284534
596,-9.0,1.7142857,5.5384617,-0.0018875342,0.002235243,0.0005175851
597,-9.0,2.2857144,5.5384617,0.0033107938,0.0024723331,0.00044326694
598,-9.0,2.857143,5.5384617,0.016986316,0.0020861002,0.0003669596
599,-9.0,3.4285715,5.5384617,0.023056593,0.0009623455,0.00038232465
600,-9.0,4.0,5.5384617,0.037445165,0.0022456138,0.00046395836
601,-9.0,0.0,4.923077,-0.034483805,0.0069450997,0.00031644205
602,-9.0,0.5714286,4.923077,-0.021541148,0.0020411734,0.00033956257
603,-9.0,1.1428572,4.923077,-0.01573373,0.0054588625,0.00031855586
604,-9.0,1.7142857,4.923077,-0.0019048261,0.0022791408,0.00027890215
605,-9.0,2.2857144,4.923077,0.0033333092,0.0025226828,0.00024125834
606,-9.0,2.857143,4.923077,0.016972316,0.0021261207,0.00022377534
607,-9.0,3.4285715,4.923077,0.023061473,0.0010157122,0.00015444023
608,-9.0,4.0,4.923077,0.037408967,0.002270669,0.00010653986
609,-9.0,0.0,4.3076925,-0.03442061,0.0069592223,0.00010276919
610,-9.0,0.5714286,4.3076925,-0.021538038,0.0020436945,8.3132625e-05
611,-9.0,1.1428572,4.3076925,-0.015741346,0.0054839766,6.9840724e-05
612,-9.0,1.7142857,4.3076925,-0.0019093215,0.0022985707,6.550946e-05
613,-9.0,2.2857144,4.3076925,0.0033273078,0.002551735,5.252655e-05
614,-9.0,2.857143,4.3076925,0.016958423,0.00215017,3.0994954e-05
615,-9.0,3.4285715,4.3076925,0.023048768,0.0010450999,7.681084e-05
616,-9.0,4.0,4.3076925,0.037376594,0.002292448,0.00013941128
617,-9.0,0.0,3.6923077,-0.03443798,0.0069595287,-0.00018683696
618,-9.0,0.5714286,3.6923077,-0.021555213,0.0020430556,-0.00016827327
619,-9.0,1.1428572,3.6923077,-0.015758898,0.005483974,-0.00015575191
620,-9.0,1.7142857,3.6923077,-0.0019265721,0.0022981972,-0.00015231587
621,-9.0,2.2857144,3.6923077,0.0033097619,0.0025516532,-0.00014002562
622,-9.0,2.857143,3.6923077,0.016941125,0.0021499088,-0.00011937895
623,-9.0,3.4285715,3.6923077,0.02303119,0.0010449471,-0.00016595496
624,-9.0,4.0,3.6923077,0.037359223,0.0022922577,-0.00022953507
625,-9.0,0.0,3.0769231,-0.03453649,0.006945762,-0.0004004242
626,-9.0,0.5714286,3.0769231,-0.021592746,0.002039186,-0.00042471022
627,-9.0,1.1428572,3.0769231,-0.01578633,0.005458935,-0.00040443393
628,-9.0,1.7142857,3.0769231,-0.0019566074,0.0022779673,-0.00036573104
629,-9.0,2.2857144,3.0769231,0.0032806776,0.0025224644,-0.0003287232
630,-9.0,2.857143,3.0769231,0.016920423,0.002125335,-0.00031218625
631,-9.0,3.4285715,3.0769231,0.023008768,0.0010152705,-0.0002435547
632,-9.0,4.0,3.0769231,0.037356965,0.0022701728,-0.00019670474
633,-9.0,0.0,2.4615386,-0.034505412,0.006958713,-0.00077016273
634,-9.0,0.5714286,2.4615386,-0.02162553,0.0019884382,-0.0007174583
635,-9.0,1.1428572,2.4615386,-0.015864817,0.005440623,-0.0006586419
636,-9.0,1.7142857,2.4615386,-0.001973812,0.0022333355,-0.00060445914
637,-9.0,2.2857144,2.4615386,0.0032230653,0.002471938,-0.0005306677
638,-9.0,2.857143,2.4615386,0.016899837,0.0020848105,-0.0004554141
639,-9.0,3.4285715,2.4615386,0.022968736,0.0009615862,-0.00047137612
640,-9.0,4.0,2.4615386,0.037358437,0.0022447521,-0.00055413484
641,-9.0,0.0,1.8461539,-0.034729857,0.0069410047,-0.001023315
642,-9.0,0.5714286,1.8461539,-0.021685759,0.0020197497,-0.001059825
643,-9.0,1.1428572,1.8461539,-0.015892373,0.0053736004,-0.00097221835
644,-9.0,1.7142857,1.8461539,-0.0020318415,0.0022057802,-0.0008481902
645,-9.0,2.2857144,1.8461539,0.0031680153,0.0024093126,-0.0007302459
646,-9.0,2.857143,1.8461539,0.016850406,0.0020459048,-0.0006483834
647,-9.0,3.4285715,1.8461539,0.02291769,0.00090460666,-0.00051911257
648,-9.0,4.0,1.8461539,0.03735308,0.0022099172,-0.00042578
649,-9.0,0.0,1.2307693,-0.034609098,0.0070172194,-0.0016653765
650,-9.0,0.5714286,1.2307693,-0.021746824,0.0018916178,-0.0014558667
651,-9.0,1.1428572,1.2307693,-0.015981983,0.0054472964,-0.0012903028
652,-9.0,1.7142857,1.2307693,-0.002085831,0.0021303687,-0.0011370706
653,-9.0,2.2857144,1.2307693,0.0030868794,0.0024261829,-0.0009534039
654,-9.0,2.857143,1.2307693,0.016759627,0.0019887155,-0.00077633676
655,-9.0,3.4285715,1.2307693,0.02284239,0.00091653975,-0.0006964438
656,-9.0,4.0,1.2307693,0.037278563,0.0021902232,-0.00074962346
657,-9.0,0.0,0.61538464,-0.034561947,0.0072609484,-0.0018620325
658,-9.0,0.5714286,0.61538464,-0.021770153,0.0021122377,-0.0018464223
659,-9.0,1.1428572,0.61538464,-0.015824083,0.0055292984,-0.0016716185
660,-9.0,1.7142857,0.61538464,-0.0022531375,0.0021498213,-0.0014153367
661,-9.0,2.2857144,0.61538464,0.0031029065,0.002545702,-0.0011669641
662,-9.0,2.857143,0.61538464,0.016543766,0.0019720076,-0.00095572404
663,-9.0,3.4285715,0.61538464,0.022804229,0.0010649152,-0.0007260971
664,-9.0,4.0,0.61538464,0.037085295,0.0021590267,-0.00041522738
665,-9.0,0.0,0.0,-0.035012603,0.006816724,-0.0017116133
666,-9.0,0.5714286,0.0,-0.022504274,0.0023513187,-0.0018642475
667,-9.0,1.1428572,0.0,-0.016225915,0.0056835897,-0.0020600406
668,-9.0,1.7142857,0.0,-0.002632361,0.002413784,-0.0016649131
669,-9.0,2.2857144,0.0,0.002892069,0.0027674483,-0.0013801052
670,-9.0,2.857143,0.0,0.01624223,0.002163678,-0.0011188232
671,-9.0,3.4285715,0.0,0.022648774,0.0013002369,-0.00078284147
672,-9.0,4.0,0.0,0.036799952,0.0023598003,-0.0007846847
673,-8.4,0.0,8.0,-0.03136227,-0.0047576735,0.0037082112
674,-8.4,0.5714286,8.0,-0.026227633,-0.00047405626,0.0037444914
675,-8.4,1.1428572,8.0,-0.011304896,-0.0072293426,0.0026544246
676,-8.4,1.7142857,8.0,-0.0059529035,-0.006948356,0.0020322506
677,-8.4,2.2857144,8.0,0.0067688287,-0.0089323465,0.0016892594
678,-8.4,2.857143,8.0,0.012799769,-0.009744748,0.0012162819
679,-8.4,3.4285715,8.0,0.026024828,-0.009186833,0.0010360605
680,-8.4,4.0,8.0,0.033852004,-0.010922018,0.00040327106
681,-8.4,0.0,7.3846154,-0.030288717,-0.0054701706,0.003172811
682,-8.4,0.5714286,7.3846154,-0.025772182,-0.0008179358,0.0024848112
683,-8.4,1.1428572,7.3846154,-0.0111320065,-0.007720239,0.002049774
684,-8.4,1.7142857,7.3846154,-0.0058381753,-0.007236735,0.0016429648
685,-8.4,2.2857144,7.3846154,0.0069552106,-0.009164027,0.0013126328
686,-8.4,2.857143,7.3846154,0.0129126385,-0.0099939825,0.0010672073
687,-8.4,3.4285715,7.3846154,0.026261883,-0.009348073,0.00086274085
688,-8.4,4.0,7.3846154,0.03396611,-0.011159649,0.0009184005
689,-8.4,0.0,6.769231,-0.030951586,-0.0056201625,0.001660486
690,-8.4,0.5714286,6.769231,-0.026181648,-0.0007357158,0.0017060007
691,-8.4,1.1428572,6.769231,-0.011042803,-0.007655299,0.0014848765
692,-8.4,1.7142857,6.769231,-0.0059702876,-0.007299633,0.0012211931
693,-8.4,2.2857144,6.769231,0.0071070865,-0.00910158,0.0010205588
694,-8.4,2.857143,6.769231,0.012904186,-0.010084255,0.00086703274
695,-8.4,3.4285715,6.769231,0.026449185,-0.009275059,0.00071167585
696,-8.4,4.0,6.769231,0.033959027,-0.011302245,0.00054348935
697,-8.4,0.0,6.1538463,-0.0304386,-0.0055059767,0.0011908534
698,-8.4,0.5714286,6.1538463,-0.026059074,-0.00079849776,0.0010943377
699,-8.4,1.1428572,6.1538463,-0.011044275,-0.0075060446,0.000998334
700,-8.4,1.7142857,6.1538463,-0.0059258253,-0.007254346,0.0008846323
701,-8.4,2.2857144,6.1538463,0.0071555623,-0.008981677,0.00075792044
702,-8.4,2.857143,6.1538463,0.01294473,-0.01004695,0.00063853175
703,-8.4,3.4285715,6.1538463,0.026500702,-0.009174244,0.000634272
704,-8.4,4.0,6.1538463,0.033942904,-0.011268822,0.0007542933
705,-8.4,0.0,5.5384617,-0.030680308,-0.0055761575,0.0006810464
706,-8.4,0.5714286,5.5384617,-0.026064271,-0.00072042516,0.00067021063
707,-8.4,1.1428572,5.5384617,-0.011011001,-0.007454899,0.0006449812
708,-8.4,1.7142857,5.5384617,-0.0059140534,-0.0071460614,0.0005645592
709,-8.4,2.2857144,5.5384617,0.0071729873,-0.008896114,0.0005068043
710,-8.4,2.857143,5.5384617,0.012971184,-0.009937967,0.00046129955
711,-8.4,3.4285715,5.5384617,0.026499206,-0.009100238,0.0003928003
712,-8.4,4.0,5.5384617,0.033929847,-0.011182672,0.00034104046
713,-8.4,0.0,4.923077,-0.030482665,-0.005517802,0.00034396126
714,-8.4,0.5714286,4.923077,-0.02599335,-0.0007131796,0.00035278132
715,-8.4,1.1428572,4.923077,-0.011023831,-0.0073887063,0.0003240938
716,-8.4,1.7142857,4.923077,-0.0058807605,-0.007074903,0.00031068258
717,-8.4,2.2857144,4.923077,0.0071631283,-0.008825603,0.00026980042
718,-8.4,2.857143,4.923077,0.01298338,-0.009852057,0.00023948342
719,-8.4,3.4285715,4.923077,0.026474554,-0.009033599,0.0002773187
720,-8.4,4.0,4.923077,0.033904698,-0.011100416,0.00038361677
721,-8.4,0.0,4.3076925,-0.030551815,-0.005531036,8.223054e-05
722,-8.4,0.5714286,4.3076925,-0.025991596,-0.0006874885,6.317085e-05
723,-8.4,1.1428572,4.3076925,-0.011021593,-0.0073643625,7.512638e-05
724,-8.4,1.7142857,4.3076925,-0.0058853393,-0.0070334575,5.1088286e-05
725,-8.4,2.2857144,4.3076925,0.0071533252,-0.008786834,5.343321e-05
726,-8.4,2.857143,4.3076925,0.012975977,-0.009806059,4.6916964e-05
727,-8.4,3.4285715,4.3076925,0.026453042,-0.008996158,6.2526406e-06
728,-8.4,4.0,4.3076925,0.03387939,-0.0110597955,-5.7496774e-05
729,-8.4,0.0,3.6923077,-0.030569071,-0.005532288,-0.00020047299
730,-8.4,0.5714286,3.6923077,-0.026009098,-0.00068727846,-0.00018227917
731,-8.4,1.1428572,3.6923077,-0.011038877,-0.007364861,-0.00019509115
732,-8.4,1.7142857,3.6923077,-0.005902838,-0.007033406,-0.0001717522
733,-8.4,2.2857144,3.6923077,0.0071360013,-0.008787143,-0.00017486863
734,-8.4,2.857143,3.6923077,0.012958462,-0.0098061105,-0.00016908131
735,-8.4,3.4285715,3.6923077,0.02643569,-0.008996352,-0.00012923317
736,-8.4,4.0,3.6923077,0.03386185,-0.011059923,-6.634105e-05
737,-8.4,0.0,3.0769231,-0.030534308,-0.005520703,-0.00046227814
738,-8.4,0.5714286,3.0769231,-0.026045775,-0.0007129293,-0.0004718416
739,-8.4,1.1428572,3.0769231,-0.01107575,-0.0073899166,-0.0004440886
740,-8.4,1.7142857,3.0769231,-0.005933206,-0.007074965,-0.00043129903
741,-8.4,2.2857144,3.0769231,0.007111122,-0.0088263685,-0.0003912818
742,-8.4,2.857143,3.0769231,0.012930871,-0.00985233,-0.00036159303
743,-8.4,3.4285715,3.0769231,0.026422441,-0.009034128,-0.00040034583
744,-8.4,4.0,3.0769231,0.03385203,-0.011100921,-0.0005073839
745,-8.4,0.0,2.4615386,-0.030766478,-0.005581532,-0.0007993028
746,-8.4,0.5714286,2.4615386,-0.026151722,-0.0007197442,-0.000789176
747,-8.4,1.1428572,2.4615386,-0.0110974815,-0.0074570933,-0.00076503295
748,-8.4,1.7142857,2.4615386,-0.0060015116,-0.007146045,-0.00068511924
749,-8.4,2.2857144,2.4615386,0.007086343,-0.008897478,-0.00062831247
750,-8.4,2.857143,2.4615386,0.012883642,-0.009938363,-0.0005833761
751,-8.4,3.4285715,2.4615386,0.026412401,-0.009101131,-0.00051585556
752,-8.4,4.0,2.4615386,0.0338421,-0.011183452,-0.0004648117
753,-8.4,0.0,1.8461539,-0.030559188,-0.005512894,-0.0013091862
754,-8.4,0.5714286,1.8461539,-0.026181417,-0.00079780025,-0.0012133447
755,-8.4,1.1428572,1.8461539,-0.011165444,-0.0075090276,-0.0011183246
756,-8.4,1.7142857,1.8461539,-0.0060482,-0.007254394,-0.0010051854
757,-8.4,2.2857144,1.8461539,0.007034204,-0.00898354,-0.0008794175
758,-8.4,2.857143,1.8461539,0.012822238,-0.010047532,-0.0007605884
759,-8.4,3.4285715,1.8461539,0.026379127,-0.009175493,-0.0007573248
760,-8.4,4.0,1.8461539,0.033820085,-0.011269959,-0.0008779905
761,-8.4,0.0,1.2307693,-0.03110681,-0.005630727,-0.0017783513
762,-8.4,0.5714286,1.2307693,-0.026339008,-0.00073436915,-0.0018250062
763,-8.4,1.1428572,1.2307693,-0.011198638,-0.007659466,-0.0016047845
764,-8.4,1.7142857,1.2307693,-0.006127611,-0.007299461,-0.001341733
765,-8.4,2.2857144,1.2307693,0.006951022,-0.009104142,-0.0011420166
766,-8.4,2.857143,1.2307693,0.012746756,-0.01008488,-0.0009890994
767,-8.4,3.4285715,1.2307693,0.026292881,-0.009276709,-0.0008347037
768,-8.4,4.0,1.2307693,0.03380125,-0.011303661,-0.0006672819
769,-8.4,0.0,0.61538464,-0.03047832,-0.005482631,-0.003291338
770,-8.4,0.5714286,0.61538464,-0.025964456,-0.0008162364,-0.0026033681
771,-8.4,1.1428572,0.61538464,-0.011322594,-0.007725344,-0.00216966
772,-8.4,1.7142857,0.61538464,-0.006030398,-0.0072365,-0.0017634513
773,-8.4,2.2857144,0.61538464,0.0067644124,-0.009167166,-0.0014340519
774,-8.4,2.857143,0.61538464,0.012720333,-0.009994716,-0.0011892514
775,-8.4,3.4285715,0.61538464,0.026070839,-0.009350115,-0.000985758
776,-8.4,4.0,0.61538464,0.03377336,-0.011161388,-0.0010420614
777,-8.4,0.0,0.0,-0.03158709,-0.0047726836,-0.0038235742
778,-8.4,0.5714286,0.0,-0.026455166,-0.00047230796,-0.0038630182
779,-8.4,1.1428572,0.0,-0.01153035,-0.007235259,-0.0027741832
780,-8.4,1.7142857,0.0,-0.0061800713,-0.0069481423,-0.0021525645
781,-8.4,2.2857144,0.0,0.0065432624,-0.008936016,-0.0018107282
782,-8.4,2.857143,0.0,0.012572645,-0.009745588,-0.0013382178
783,-8.4,3.4285715,0.0,0.025799114,-0.009189271,-0.0011591212
784,-8.4,4.0,0.0,0.03362454,-0.01092397,-0.0005270813
785,-7.8,0.0,8.0,-0.035339117,-0.0029491624,0.0065540485
786,-7.8,0.5714286,8.0,-0.020662893,-0.016930284,0.0038365023
787,-7.8,1.1428572,8.0,-0.013996442,-0.016754393,0.0025412596
788,-7.8,1.7142857,8.0,-0.002351534,-0.020471714,0.0023060886
789,-7.8,2.2857144,8.0,0.0038761578,-0.021302877,0.0015772217
790,-7.8,2.857143,8.0,0.015355322,-0.021568904,0.0015917841
791,-7.8,3.4285715,8.0,0.022918059,-0.023000391,0.0010437765
792,-7.8,4.0,8.0,0.036578715,-0.021327928,0.0013187081
793,-7.8,0.0,7.3846154,-0.036071442,-0.0027212221,0.0024818403
794,-7.8,0.5714286,7.3846154,-0.021124598,-0.017891712,0.0027006345
795,-7.8,1.1428572,7.3846154,-0.014257667,-0.016993998,0.0020697797
796,-7.8,1.7142857,7.3846154,-0.0024301927,-0.020730615,0.0015862033
797,-7.8,2.2857144,7.3846154,0.0038321596,-0.021522965,0.0014511246
798,-7.8,2.857143,7.3846154,0.015504345,-0.021623677,0.0011407913
799,-7.8,3.4285715,7.3846154,0.023067193,-0.023226414,0.0010980275
800,-7.8,4.0,7.3846154,0.036824044,-0.02134881,0.00071901287
801,-7.8,0.0,6.769231,-0.035849404,-0.0027396106,0.001712064
802,-7.8,0.5714286,6.769231,-0.020941075,-0.01736107,0.0015597672
803,-7.8,1.1428572,6.769231,-0.014385097,-0.017010352,0.0014353999
804,-7.8,1.7142857,6.769231,-0.0023080192,-0.02057546,0.0012443794
805,-7.8,2.2857144,6.769231,0.0038010024,-0.021520898,0.0010490322
806,-7.8,2.857143,6.769231,0.015682245,-0.02149681,0.00096834195
807,-7.8,3.4285715,6.769231,0.023085063,-0.023223003,0.0008926158
808,-7.8,4.0,6.769231,0.036948107,-0.02126352,0.0011334969
809,-7.8,0.0,6.1538463,-0.035944067,-0.0027540606,0.0010081836
810,-7.8,0.5714286,6.1538463,-0.02093529,-0.017416157,0.0010176954
811,-7.8,1.1428572,6.1538463,-0.014363395,-0.016800286,0.00094674196
812,-7.8,1.7142857,6.1538463,-0.002270705,-0.020396741,0.0008743897
813,-7.8,2.2857144,6.1538463,0.0038271383,-0.021423155,0.00077873876
814,-7.8,2.857143,6.1538463,0.015754538,-0.021297008,0.00073980895
815,-7.8,3.4285715,6.1538463,0.02310304,-0.023171287,0.0006858909
816,-7.8,4.0,6.1538463,0.036953136,-0.021059837,0.0006224141
817,-7.8,0.0,5.5384617,-0.035731282,-0.0027462395,0.0005384234
818,-7.8,0.5714286,5.5384617,-0.020866536,-0.017217714,0.0005899279
819,-7.8,1.1428572,5.5384617,-0.014329308,-0.0167461,0.0005912109
820,-7.8,1.7142857,5.5384617,-0.0022479983,-0.02023833,0.00054727093
821,-7.8,2.2857144,5.5384617,0.003863546,-0.021261146,0.00053279987
822,-7.8,2.857143,5.5384617,0.015761143,-0.021187907,0.0004800562
823,-7.8,3.4285715,5.5384617,0.023113877,-0.022984862,0.0005507584
824,-7.8,4.0,5.5384617,0.036913794,-0.021000281,0.0007108794
825,-7.8,0.0,4.923077,-0.035715997,-0.0027525946,0.0003071583
826,-7.8,0.5714286,4.923077,-0.020855043,-0.017222846,0.00028604563
827,-7.8,1.1428572,4.923077,-0.014289664,-0.016604746,0.00028882892
828,-7.8,1.7142857,4.923077,-0.002248788,-0.020164805,0.00029846636
829,-7.8,2.2857144,4.923077,0.0038800368,-0.02114156,0.00025869368
830,-7.8,2.857143,4.923077,0.015752232,-0.021076262,0.00029310185
831,-7.8,3.4285715,4.923077,0.023107614,-0.022890273,0.00023382939
832,-7.8,4.0,4.923077,0.036857832,-0.020877466,0.0002239858
833,-7.8,0.0,4.3076925,-0.035656188,-0.002745963,-6.133234e-06
834,-7.8,0.5714286,4.3076925,-0.020841338,-0.017160445,4.1495896e-05
835,-7.8,1.1428572,4.3076925,-0.0142852925,-0.016584069,4.794845e-05
836,-7.8,1.7142857,4.3076925,-0.002253322,-0.020100802,2.9536342e-05
837,-7.8,2.2857144,4.3076925,0.0038781066,-0.02108323,5.4504046e-05
838,-7.8,2.857143,4.3076925,0.01573564,-0.02102633,1.3442987e-05
839,-7.8,3.4285715,4.3076925,0.023091383,-0.022817284,9.4940646e-05
840,-7.8,4.0,4.3076925,0.036824256,-0.020845324,0.00016202184
841,-7.8,0.0,3.6923077,-0.03567357,-0.002745285,-0.00014614762
842,-7.8,0.5714286,3.6923077,-0.020858731,-0.01716084,-0.0001945783
843,-7.8,1.1428572,3.6923077,-0.014302685,-0.016583981,-0.00020185023
844,-7.8,1.7142857,3.6923077,-0.0022707128,-0.020101035,-0.00018409487
845,-7.8,2.2857144,3.6923077,0.0038606771,-0.021083243,-0.00020981244
846,-7.8,2.857143,3.6923077,0.015718235,-0.0210265,-0.00016939853
847,-7.8,3.4285715,3.6923077,0.02307391,-0.022817364,-0.00025170748
848,-7.8,4.0,3.6923077,0.036806796,-0.02084545,-0.0003195523
849,-7.8,0.0,3.0769231,-0.03576788,-0.0027509423,-0.00045934186
850,-7.8,0.5714286,3.0769231,-0.020907186,-0.017224139,-0.0004391735
851,-7.8,1.1428572,3.0769231,-0.014341889,-0.01660434,-0.00044267232
852,-7.8,1.7142857,3.0769231,-0.0023009218,-0.020165607,-0.00045308136
853,-7.8,2.2857144,3.0769231,0.0038277123,-0.021141553,-0.00041394384
854,-7.8,2.857143,3.0769231,0.015700044,-0.02107678,-0.00044911072
855,-7.8,3.4285715,3.0769231,0.023055192,-0.022890495,-0.00039054645
856,-7.8,4.0,3.0769231,0.036805518,-0.02087773,-0.000381584
857,-7.8,0.0,2.4615386,-0.03581801,-0.002743257,-0.0006906214
858,-7.8,0.5714286,2.4615386,-0.020953456,-0.017219754,-0.0007431168
859,-7.8,1.1428572,2.4615386,-0.014416339,-0.016745543,-0.00074499025
860,-7.8,1.7142857,2.4615386,-0.0023349049,-0.02023959,-0.0007019393
861,-7.8,2.2857144,2.4615386,0.0037763505,-0.021261187,-0.0006879907
862,-7.8,2.857143,2.4615386,0.015674159,-0.021188745,-0.0006361198
863,-7.8,3.4285715,2.4615386,0.023026502,-0.022985268,-0.00070740527
864,-7.8,4.0,2.4615386,0.036826573,-0.021000782,-0.0008685036
865,-7.8,0.0,1.8461539,-0.036065184,-0.0027500747,-0.0011602406
866,-7.8,0.5714286,1.8461539,-0.021057002,-0.01741919,-0.0011708393
867,-7.8,1.1428572,1.8461539,-0.014485246,-0.016799357,-0.0011005591
868,-7.8,1.7142857,1.8461539,-0.0023923921,-0.020398622,-0.001029014
869,-7.8,2.2857144,1.8461539,0.0037050827,-0.02142314,-0.00093396404
870,-7.8,2.857143,1.8461539,0.015632747,-0.02129823,-0.0008958296
871,-7.8,3.4285715,1.8461539,0.02298077,-0.023171814,-0.0008425835
872,-7.8,4.0,1.8461539,0.036831055,-0.021060482,-0.0007800513
873,-7.8,0.0,1.2307693,-0.036005255,-0.0027338513,-0.0018643953
874,-7.8,0.5714286,1.2307693,-0.021097869,-0.017365098,-0.001712901
875,-7.8,1.1428572,1.2307693,-0.014541587,-0.017009104,-0.0015891682
876,-7.8,1.7142857,1.2307693,-0.0024646688,-0.020577952,-0.001399059
877,-7.8,2.2857144,1.2307693,0.0036442385,-0.021520821,-0.0012041852
878,-7.8,2.857143,1.2307693,0.015525534,-0.021498438,-0.0011244168
879,-7.8,3.4285715,1.2307693,0.022928013,-0.02322366,-0.0010492319
880,-7.8,4.0,1.2307693,0.036791034,-0.021264423,-0.0012911132
881,-7.8,0.0,0.61538464,-0.03626135,-0.0027138642,-0.0026335358
882,-7.8,0.5714286,0.61538464,-0.021316275,-0.0178971,-0.0028538394
883,-7.8,1.1428572,0.61538464,-0.014448958,-0.016992215,-0.0022236549
884,-7.8,1.7142857,0.61538464,-0.0026216833,-0.020733843,-0.0017407342
885,-7.8,2.2857144,0.61538464,0.0036406014,-0.021522757,-0.0016064113
886,-7.8,2.857143,0.61538464,0.015312815,-0.021625748,-0.0012967291
887,-7.8,3.4285715,0.61538464,0.022875367,-0.023227151,-0.0012547615
888,-7.8,4.0,0.61538464,0.036632124,-0.02134987,-0.00087662466
889,-7.8,0.0,0.0,-0.035564717,-0.0029410245,-0.00670783
890,-7.8,0.5714286,0.0,-0.020889996,-0.01693603,-0.0039897943
891,-7.8,1.1428572,0.0,-0.014222553,-0.01675265,-0.0026948974
892,-7.8,1.7142857,0.0,-0.0025780536,-0.020475311,-0.002460922
893,-7.8,2.2857144,0.0,0.0036498806,-0.021302735,-0.0017322232
894,-7.8,2.857143,0.0,0.015128934,-0.021571323,-0.0017479548
895,-7.8,3.4285715,0.0,0.02269158,-0.023001242,-0.0012002699
896,-7.8,4.0,0.0,0.036351994,-0.021329327,-0.0014763214
897,-7.2,0.0,8.0,-0.03435942,-0.035960063,0.0007032956
898,-7.2,0.5714286,8.0,-0.021024609,-0.028749326,0.0021366018
899,-7.2,1.1428572,8.0,-0.0114911515,-0.033792675,0.0019497243
900,-7.2,1.7142857,8.0,-0.0038269567,-0.033758637,0.0015671148
901,-7.2,2.2857144,8.0,0.005698898,-0.034815315,0.0016555188
902,-7.2,2.857143,8.0,0.013112964,-0.036079746,0.0013758192
903,-7.2,3.4285715,8.0,0.024224715,-0.034824166,0.0015480772
904,-7.2,4.0,8.0,0.034531385,-0.036993347,0.0010111511
905,-7.2,0.0,7.3846154,-0.035837796,-0.036160387,0.0019492474
906,-7.2,0.5714286,7.3846154,-0.022177542,-0.028498078,0.0014539706
907,-7.2,1.1428572,7.3846154,-0.011977998,-0.0339285,0.0014476331
908,-7.2,1.7142857,7.3846154,-0.004225743,-0.033775654,0.0013655587
909,-7.2,2.2857144,7.3846154,0.005659486,-0.034747012,0.0012453496
910,-7.2,2.857143,7.3846154,0.013103465,-0.036130957,0.0012556112
911,-7.2,3.4285715,7.3846154,0.024479719,-0.034699585,0.0012123086
912,-7.2,4.0,7.3846154,0.034734935,-0.03706597,0.0015591374
913,-7.2,0.0,6.769231,-0.03505268,-0.03618267,0.0008605649
914,-7.2,0.5714286,6.769231,-0.02204509,-0.028490819,0.001082623
915,-7.2,1.1428572,6.769231,-0.011901803,-0.033646405,0.0010486603
916,-7.2,1.7142857,6.769231,-0.004247403,-0.033692215,0.0010036253
917,-7.2,2.2857144,6.769231,0.005787163,-0.034486853,0.0009943516
918,-7.2,2.857143,6.769231,0.013143037,-0.0360617,0.0010033259
919,-7.2,3.4285715,6.769231,0.024666648,-0.03444529,0.0010283199
920,-7.2,4.0,6.769231,0.034652725,-0.037017334,0.0009461676
921,-7.2,0.0,6.1538463,-0.03522097,-0.0358841,0.0005688367
922,-7.2,0.5714286,6.1538463,-0.022097314,-0.028298322,0.0006445796
923,-7.2,1.1428572,6.1538463,-0.011837932,-0.033417653,0.0007027467
924,-7.2,1.7142857,6.1538463,-0.004266655,-0.033506658,0.00071866665
925,-7.2,2.2857144,6.1538463,0.005873442,-0.034230623,0.00073935784
926,-7.2,2.857143,6.1538463,0.013161005,-0.035900395,0.00074477104
927,-7.2,3.4285715,6.1538463,0.02472281,-0.03419263,0.0008596898
928,-7.2,4.0,6.1538463,0.03463885,-0.036886334,0.0011247745
929,-7.2,0.0,5.5384617,-0.034905814,-0.035833053,0.00031011275
930,-7.2,0.5714286,5.5384617,-0.021985255,-0.028167374,0.00037188863
931,-7.2,1.1428572,5.5384617,-0.011812371,-0.033232503,0.00042984544
932,-7.2,1.7142857,5.5384617,-0.004206506,-0.033309083,0.0004578208
933,-7.2,2.2857144,5.5384617,0.0058788,-0.03405289,0.0004823832
934,-7.2,2.857143,5.5384617,0.01319978,-0.03568285,0.0005356994
935,-7.2,3.4285715,5.5384617,0.024709523,-0.03403837,0.0005467635
936,-7.2,4.0,5.5384617,0.034579877,-0.036669806,0.00055842154
937,-7.2,0.0,4.923077,-0.034930095,-0.035681456,7.2314375e-05
938,-7.2,0.5714286,4.923077,-0.02194972,-0.028049143,0.00016351519
939,-7.2,1.1428572,4.923077,-0.011786061,-0.033122085,0.00019656116
940,-7.2,1.7142857,4.923077,-0.0041923784,-0.033160497,0.00022664892
941,-7.2,2.2857144,4.923077,0.005886276,-0.033920627,0.00025280626
942,-7.2,2.857143,4.923077,0.013200274,-0.035533942,0.00026399005
943,-7.2,3.4285715,4.923077,0.024681091,-0.0339013,0.00036151626
944,-7.2,4.0,4.923077,0.03455658,-0.03653913,0.0005187331
945,-7.2,0.0,4.3076925,-0.03484584,-0.03565199,2.2294114e-06
946,-7.2,0.5714286,4.3076925,-0.021925101,-0.027999653,-1.8076375e-05
947,-7.2,1.1428572,4.3076925,-0.011785545,-0.033053383,3.5128978e-06
948,-7.2,1.7142857,4.3076925,-0.0041850414,-0.033089943,9.5829855e-06
949,-7.2,2.2857144,4.3076925,0.005873172,-0.033849906,1.756144e-05
950,-7.2,2.857143,4.3076925,0.013194172,-0.035452947,4.0536204e-05
951,-7.2,3.4285715,4.3076925,0.024655705,-0.033836894,5.457687e-06
952,-7.2,4.0,4.3076925,0.034515742,-0.036456075,-4.2493124e-05
953,-7.2,0.0,3.6923077,-0.034863066,-0.03565239,-0.00018851868
954,-7.2,0.5714286,3.6923077,-0.021942405,-0.02799933,-0.00016915453
955,-7.2,1.1428572,3.6923077,-0.011802983,-0.033053607,-0.00019125568
956,-7.2,1.7142857,3.6923077,-0.0042024064,-0.033089846,-0.00019816436
957,-7.2,2.2857144,3.6923077,0.0058557405,-0.033850063,-0.00020661677
958,-7.2,2.857143,3.6923077,0.013176759,-0.035452943,-0.00023040338
959,-7.2,3.4285715,3.6923077,0.02463826,-0.033836976,-0.00019586712
960,-7.2,4.0,3.6923077,0.034498278,-0.036456116,-0.00014885652
961,-7.2,0.0,3.0769231,-0.034982316,-0.03568235,-0.0002587356
962,-7.2,0.5714286,3.0769231,-0.022001714,-0.028048147,-0.00035067214
963,-7.2,1.1428572,3.0769231,-0.011838285,-0.033122808,-0.00038438375
964,-7.2,1.7142857,3.0769231,-0.004244525,-0.033160195,-0.00041515124
965,-7.2,2.2857144,3.0769231,0.00583401,-0.033921093,-0.0004419403
966,-7.2,2.857143,3.0769231,0.01314803,-0.035533946,-0.0004537801
967,-7.2,3.4285715,3.0769231,0.024628734,-0.0339016,-0.0005519958
968,-7.2,4.0,3.0769231,0.034504168,-0.03653935,-0.00070999056
969,-7.2,0.0,2.4615386,-0.034992434,-0.035834767,-0.00049647357
970,-7.2,0.5714286,2.4615386,-0.022071881,-0.028165758,-0.00055899733
971,-7.2,1.1428572,2.4615386,-0.011899455,-0.03323366,-0.0006177233
972,-7.2,1.7142857,2.4615386,-0.004293404,-0.03330861,-0.00064627477
973,-7.2,2.2857144,2.4615386,0.005791689,-0.034053646,-0.0006715688
974,-7.2,2.857143,2.4615386,0.013112696,-0.03568288,-0.000725438
975,-7.2,3.4285715,2.4615386,0.024622295,-0.03403881,-0.00073730235
976,-7.2,4.0,2.4615386,0.034492537,-0.036670133,-0.0007496677
977,-7.2,0.0,1.8461539,-0.035342734,-0.035886355,-0.0007554034
978,-7.2,0.5714286,1.8461539,-0.0222186,-0.028295957,-0.00083169754
979,-7.2,1.1428572,1.8461539,-0.011959867,-0.03341936,-0.0008906155
980,-7.2,1.7142857,1.8461539,-0.004388292,-0.033505935,-0.0009071504
981,-7.2,2.2857144,1.8461539,0.005751444,-0.03423175,-0.0009285288
982,-7.2,2.857143,1.8461539,0.013039151,-0.035900395,-0.00093452184
983,-7.2,3.4285715,1.8461539,0.024600636,-0.034193322,-0.0010502046
984,-7.2,4.0,1.8461539,0.034516633,-0.036886826,-0.0013159735
985,-7.2,0.0,1.2307693,-0.035208896,-0.036185827,-0.0010468775
986,-7.2,0.5714286,1.2307693,-0.022200817,-0.028487546,-0.0012697749
987,-7.2,1.1428572,1.2307693,-0.012058836,-0.033648744,-0.001236613
988,-7.2,1.7142857,1.2307693,-0.004403607,-0.033691198,-0.0011920839
989,-7.2,2.2857144,1.2307693,0.005630141,-0.034488387,-0.0011835578
990,-7.2,2.857143,1.2307693,0.012986537,-0.036061652,-0.0011930562
991,-7.2,3.4285715,1.2307693,0.024509463,-0.034446195,-0.0012188604
992,-7.2,4.0,1.2307693,0.03449578,-0.0370179,-0.0011374338
993,-7.2,0.0,0.61538464,-0.03602955,-0.036164567,-0.0021362784
994,-7.2,0.5714286,0.61538464,-0.022367897,-0.028493827,-0.0016413183
995,-7.2,1.1428572,0.61538464,-0.012170038,-0.033931598,-0.0016355627
996,-7.2,1.7142857,0.61538464,-0.004416602,-0.033774275,-0.0015541377
997,-7.2,2.2857144,0.61538464,0.005467492,-0.034749012,-0.0014344938
998,-7.2,2.857143,0.61538464,0.01291233,-0.03613082,-0.0014453976
999,-7.2,3.4285715,0.61538464,0.024287561,-0.034700796,-0.0014027811
1000,-7.2,4.0,0.61538464,0.034543283,-0.037066694,-0.0017503357
1001,-7.2,0.0,0.0,-0.03458564,-0.03596424,-0.0008902436
1002,-7.2,0.5714286,0.0,-0.021249715,-0.028744686,-0.0023244207
1003,-7.2,1.1428572,0.0,-0.011718315,-0.033796024,-0.002137909
1004,-7.2,1.7142857,0.0,-0.0040525175,-0.033757184,-0.0017556119
1005,-7.2,2.2857144,0.0,0.0054719653,-0.034817606,-0.0018448392
1006,-7.2,2.857143,0.0,0.0128871715,-0.0360796,-0.0015654868
1007,-7.2,3.4285715,0.0,0.02399775,-0.034825623,-0.0017386598
1008,-7.2,4.0,0.0,0.034305118,-0.036994062,-0.0012023728
1009,-6.6,0.0,8.0,-0.034503527,-0.045564335,-0.0003714103
1010,-6.6,0.5714286,8.0,-0.020864788,-0.050681304,-0.00012729646
1011,-6.6,1.1428572,8.0,-0.011476716,-0.047705986,0.00065481925
1012,-6.6,1.7142857,8.0,-0.0028859682,-0.049361747,0.0009974632
1013,-6.6,2.2857144,8.0,0.004497592,-0.049901184,0.001207431
1014,-6.6,2.857143,8.0,0.013634455,-0.049022723,0.0014945978
1015,-6.6,3.4285715,8.0,0.022359248,-0.05080788,0.0015548434
1016,-6.6,4.0,8.0,0.03510057,-0.048515186,0.0022444609
1017,-6.6,0.0,7.3846154,-0.03511425,-0.044560507,-0.0003716618
1018,-6.6,0.5714286,7.3846154,-0.021648582,-0.050332393,0.00026771036
1019,-6.6,1.1428572,7.3846154,-0.012203857,-0.04728306,0.00060094404
1020,-6.6,1.7142857,7.3846154,-0.003169909,-0.049054235,0.0008364707
1021,-6.6,2.2857144,7.3846154,0.0042803967,-0.049686845,0.0010325942
1022,-6.6,2.857143,7.3846154,0.013751372,-0.048678912,0.0012440002
1023,-6.6,3.4285715,7.3846154,0.022541756,-0.050671794,0.0014291366
1024,-6.6,4.0,7.3846154,0.03536118,-0.048183136,0.0013594185
1025,-6.6,0.0,6.769231,-0.035453252,-0.04433269,0.00011406699
1026,-6.6,0.5714286,6.769231,-0.021671817,-0.05005524,0.00023481998
1027,-6.6,1.1428572,6.769231,-0.012267543,-0.047083646,0.00046387498
1028,-6.6,1.7142857,6.769231,-0.003112923,-0.04864984,0.0006715015
1029,-6.6,2.2857144,6.769231,0.0042809513,-0.0495075,0.00084817817
1030,-6.6,2.857143,6.769231,0.013930971,-0.048251964,0.0009858262
1031,-6.6,3.4285715,6.769231,0.022585778,-0.050518606,0.0012186154
1032,-6.6,4.0,6.769231,0.035501685,-0.04778761,0.0016474368
1033,-6.6,0.0,6.1538463,-0.035023883,-0.044152576,-0.00011363538
1034,-6.6,0.5714286,6.1538463,-0.021523423,-0.04970039,0.00015645997
1035,-6.6,1.1428572,6.1538463,-0.012312049,-0.04685245,0.00032760843
1036,-6.6,1.7142857,6.1538463,-0.0030215948,-0.048316427,0.00048555082
1037,-6.6,2.2857144,6.1538463,0.004278561,-0.04924871,0.0006166907
1038,-6.6,2.857143,6.1538463,0.014032422,-0.04792616,0.00079839077
1039,-6.6,3.4285715,6.1538463,0.022585737,-0.05026959,0.000898392
1040,-6.6,4.0,6.1538463,0.03546239,-0.047469467,0.0009796296
1041,-6.6,0.0,5.5384617,-0.03508648,-0.04386945,-9.9583296e-05
1042,-6.6,0.5714286,5.5384617,-0.021495704,-0.049489837,5.4212403e-05
1043,-6.6,1.1428572,5.5384617,-0.012222524,-0.046593137,0.00018698472
1044,-6.6,1.7142857,5.5384617,-0.0030247439,-0.048089378,0.00030792912
1045,-6.6,2.2857144,5.5384617,0.0043370547,-0.04898328,0.00042273235
1046,-6.6,2.857143,5.5384617,0.014023771,-0.04769859,0.00051327574
1047,-6.6,3.4285715,5.5384617,0.022594888,-0.050003197,0.00070168654
1048,-6.6,4.0,5.5384617,0.035426397,-0.04726735,0.0009671972
1049,-6.6,0.0,4.923077,-0.034839366,-0.043755416,-0.00011833515
1050,-6.6,0.5714286,4.923077,-0.021428073,-0.049316812,-2.1085192e-05
1051,-6.6,1.1428572,4.923077,-0.012205161,-0.046423707,6.164073e-05
1052,-6.6,1.7142857,4.923077,-0.0029987036,-0.047921676,0.00013691549
1053,-6.6,2.2857144,4.923077,0.004339705,-0.04879605,0.00020118334
1054,-6.6,2.857143,4.923077,0.014021613,-0.047534075,0.0002926916
1055,-6.6,3.4285715,4.923077,0.022576174,-0.049816716,0.0003168695
1056,-6.6,4.0,4.923077,0.035342406,-0.047103103,0.00034564242
1057,-6.6,0.0,4.3076925,-0.034861337,-0.043658372,-0.00012685618
1058,-6.6,0.5714286,4.3076925,-0.021419877,-0.049236625,-8.241778e-05
1059,-6.6,1.1428572,4.3076925,-0.012184971,-0.04633396,-5.4750573e-05
1060,-6.6,1.7142857,4.3076925,-0.0030097277,-0.047835708,-2.929343e-05
1061,-6.6,2.2857144,4.3076925,0.0043428345,-0.04870072,-3.1837913e-06
1062,-6.6,2.857143,4.3076925,0.013999992,-0.047447108,6.1703145e-06
1063,-6.6,3.4285715,4.3076925,0.02255657,-0.049720127,8.921086e-05
1064,-6.6,4.0,4.3076925,0.035311293,-0.04702549,0.00019397926
1065,-6.6,0.0,3.6923077,-0.034878783,-0.043658033,-9.381008e-05
1066,-6.6,0.5714286,3.6923077,-0.021437287,-0.049236875,-0.00013872667
1067,-6.6,1.1428572,3.6923077,-0.012202283,-0.046333764,-0.00016722712
1068,-6.6,1.7142857,3.6923077,-0.0030271723,-0.047835857,-0.00019301818
1069,-6.6,2.2857144,3.6923077,0.00432547,-0.048700638,-0.0002199416
1070,-6.6,2.857143,3.6923077,0.013982539,-0.047447193,-0.00022964706
1071,-6.6,3.4285715,3.6923077,0.022539154,-0.049720135,-0.00031355667
1072,-6.6,4.0,3.6923077,0.035293788,-0.04702556,-0.00041881518
1073,-6.6,0.0,3.0769231,-0.0348912,-0.043754645,-0.00010216617
1074,-6.6,0.5714286,3.0769231,-0.021480199,-0.049317535,-0.00020016416
1075,-6.6,1.1428572,3.0769231,-0.012257223,-0.046423126,-0.00028352332
1076,-6.6,1.7142857,3.0769231,-0.0030509664,-0.0479221,-0.00035932712
1077,-6.6,2.2857144,3.0769231,0.004287568,-0.048795838,-0.00042421222
1078,-6.6,2.857143,3.0769231,0.013969265,-0.047534317,-0.00051626394
1079,-6.6,3.4285715,3.0769231,0.022523938,-0.04981669,-0.00054112606
1080,-6.6,4.0,3.0769231,0.03528993,-0.0471032,-0.0005705962
1081,-6.6,0.0,2.4615386,-0.035173245,-0.043868,-0.00012099813
1082,-6.6,0.5714286,2.4615386,-0.021582639,-0.049491063,-0.00027553426
1083,-6.6,1.1428572,2.4615386,-0.012309231,-0.04659217,-0.00040880573
1084,-6.6,1.7142857,2.4615386,-0.003111883,-0.048090085,-0.0005304112
1085,-6.6,2.2857144,2.4615386,0.0042501707,-0.048982937,-0.0006457019
1086,-6.6,2.857143,2.4615386,0.013936534,-0.047698975,-0.00073690887
1087,-6.6,3.4285715,2.4615386,0.022507807,-0.05000323,-0.00092587376
1088,-6.6,4.0,2.4615386,0.035338927,-0.04726755,-0.0011921698
1089,-6.6,0.0,1.8461539,-0.03514496,-0.04415059,-0.000106784275
1090,-6.6,0.5714286,1.8461539,-0.02164516,-0.04970213,-0.00037778262
1091,-6.6,1.1428572,1.8461539,-0.012433453,-0.046851058,-0.000549479
1092,-6.6,1.7142857,1.8461539,-0.0031436267,-0.04831747,-0.0007080216
1093,-6.6,2.2857144,1.8461539,0.0041569727,-0.04924819,-0.00083968154
1094,-6.6,2.857143,1.8461539,0.013910227,-0.047926765,-0.0010220142
1095,-6.6,3.4285715,1.8461539,0.022463916,-0.05026955,-0.0011225984
1096,-6.6,4.0,1.8461539,0.035339896,-0.04746973,-0.0012046676
1097,-6.6,0.0,1.2307693,-0.035609134,-0.044329904,-0.00033481495
1098,-6.6,0.5714286,1.2307693,-0.02182854,-0.050057694,-0.00045623898
1099,-6.6,1.1428572,1.2307693,-0.01242342,-0.047081705,-0.0006857329
1100,-6.6,1.7142857,1.2307693,-0.003270031,-0.048651304,-0.00089402875
1101,-6.6,2.2857144,1.2307693,0.0041248105,-0.04950676,-0.0010711603
1102,-6.6,2.857143,1.2307693,0.01377372,-0.048252802,-0.0012094581
1103,-6.6,3.4285715,1.2307693,0.022429327,-0.050518576,-0.0014428019
1104,-6.6,4.0,1.2307693,0.03534406,-0.04778805,-0.0018723909
1105,-6.6,0.0,0.61538464,-0.03530442,-0.04455678,0.00015112085
1106,-6.6,0.5714286,0.61538464,-0.021840356,-0.05033557,-0.0004891781
1107,-6.6,1.1428572,0.61538464,-0.012394364,-0.047280528,-0.00082294043
1108,-6.6,1.7142857,0.61538464,-0.0033620552,-0.049056176,-0.0010589833
1109,-6.6,2.2857144,0.61538464,0.0040896805,-0.049685843,-0.001255632
1110,-6.6,2.857143,0.61538464,0.013559086,-0.04868006,-0.0014676136
1111,-6.6,3.4285715,0.61538464,0.022350738,-0.05067165,-0.0016533484
1112,-6.6,4.0,0.61538464,0.035168488,-0.04818368,-0.0015844557
1113,-6.6,0.0,0.0,-0.03472865,-0.045560535,0.00015075055
1114,-6.6,0.5714286,0.0,-0.021091457,-0.05068472,-9.420913e-05
1115,-6.6,1.1428572,0.0,-0.011701872,-0.047703225,-0.0008769332
1116,-6.6,1.7142857,0.0,-0.003113086,-0.04936393,-0.0012200946
1117,-6.6,2.2857144,0.0,0.004272231,-0.04990007,-0.0014304554
1118,-6.6,2.857143,0.0,0.013407292,-0.0490241,-0.0017182601
1119,-6.6,3.4285715,0.0,0.022133628,-0.0508077,-0.0017789865
1120,-6.6,4.0,0.0,0.03487303,-0.048516005,-0.0024694204
1121,-6.0,0.0,8.0,-0.03248865,-0.06480037,-0.0015209127
1122,-6.0,0.5714286,8.0,-0.021067312,-0.0623952,-0.0008212552
1123,-6.0,1.1428572,8.0,-0.0107314605,-0.064808436,-0.00037202952
1124,-6.0,1.7142857,8.0,-0.0034978152,-0.064230174,0.0004254078
1125,-6.0,2.2857144,8.0,0.0048298785,-0.06379477,0.0008914744
1126,-6.0,2.857143,8.0,0.012110258,-0.06522798,0.0014684642
1127,-6.0,3.4285715,8.0,0.022156728,-0.06294497,0.0019846915
1128,-6.0,4.0,8.0,0.03326104,-0.06526702,0.0018781017
1129,-6.0,0.0,7.3846154,-0.033200826,-0.06441617,-0.0012717011
1130,-6.0,0.5714286,7.3846154,-0.021730114,-0.061615393,-0.0007388494
1131,-6.0,1.1428572,7.3846154,-0.011121598,-0.06418635,-0.00015034889
1132,-6.0,1.7142857,7.3846154,-0.0038934825,-0.06367779,0.00033923928
1133,-6.0,2.2857144,7.3846154,0.004826509,-0.06318469,0.0008545279
1134,-6.0,2.857143,7.3846154,0.012117184,-0.06483908,0.0012054143
1135,-6.0,3.4285715,7.3846154,0.022501059,-0.062351983,0.0016570598
1136,-6.0,4.0,7.3846154,0.033559114,-0.064961225,0.0023789294
1137,-6.0,0.0,6.769231,-0.033002038,-0.063709915,-0.0010044762
1138,-6.0,0.5714286,6.769231,-0.022017073,-0.061107203,-0.00050935044
1139,-6.0,1.1428572,6.769231,-0.011180424,-0.06363001,-7.21499e-05
1140,-6.0,1.7142857,6.769231,-0.0039847144,-0.06332434,0.00032322164
1141,-6.0,2.2857144,6.769231,0.004945187,-0.06258066,0.0006590578
1142,-6.0,2.857143,6.769231,0.012163965,-0.064553976,0.0010606281
1143,-6.0,3.4285715,6.769231,0.02272811,-0.061741002,0.0013380848
1144,-6.0,4.0,6.769231,0.03343682,-0.06467728,0.0014916471
1145,-6.0,0.0,6.1538463,-0.03293398,-0.06325158,-0.0006808665
1146,-6.0,0.5714286,6.1538463,-0.021957302,-0.06081958,-0.00038233827
1147,-6.0,1.1428572,6.1538463,-0.011074958,-0.06316286,-6.7631154e-05
1148,-6.0,1.7142857,6.1538463,-0.0040135975,-0.062974736,0.00023382255
1149,-6.0,2.2857144,6.1538463,0.0050549163,-0.062153418,0.00053462136
1150,-6.0,2.857143,6.1538463,0.012173439,-0.064188294,0.0007642181
1151,-6.0,3.4285715,6.1538463,0.022795847,-0.061334472,0.0011150059
1152,-6.0,4.0,6.1538463,0.03342603,-0.06434181,0.0015510004
1153,-6.0,0.0,5.5384617,-0.032696154,-0.06296177,-0.0005570568
1154,-6.0,0.5714286,5.5384617,-0.021877103,-0.060450573,-0.00029578822
1155,-6.0,1.1428572,5.5384617,-0.011082572,-0.06288729,-6.534916e-05
1156,-6.0,1.7142857,5.5384617,-0.003945456,-0.062637284,0.00013952647
1157,-6.0,2.2857144,5.5384617,0.0050426517,-0.061859287,0.00033956254
1158,-6.0,2.857143,5.5384617,0.01221871,-0.063859925,0.0005614494
1159,-6.0,3.4285715,5.5384617,0.022769222,-0.061042458,0.00070567185
1160,-6.0,4.0,5.5384617,0.033333976,-0.06400892,0.00083007646
1161,-6.0,0.0,4.923077,-0.032685146,-0.062730014,-0.00036079643
1162,-6.0,0.5714286,4.923077,-0.021808852,-0.06025477,-0.00022636645
1163,-6.0,1.1428572,4.923077,-0.011040074,-0.06266322,-9.230432e-05
1164,-6.0,1.7142857,4.923077,-0.0039362055,-0.062417097,3.8019687e-05
1165,-6.0,2.2857144,4.923077,0.0050528273,-0.061655026,0.00016218048
1166,-6.0,2.857143,4.923077,0.012210459,-0.06362501,0.00026569513
1167,-6.0,3.4285715,4.923077,0.022734132,-0.060849234,0.00045010145
1168,-6.0,4.0,4.923077,0.03331003,-0.06379082,0.0006650174
1169,-6.0,0.0,4.3076925,-0.032602955,-0.06263178,-0.00021576071
1170,-6.0,0.5714286,4.3076925,-0.02178479,-0.060134493,-0.00015941136
1171,-6.0,1.1428572,4.3076925,-0.011045793,-0.06256145,-0.00011313111
1172,-6.0,1.7142857,4.3076925,-0.0039257994,-0.062300794,-7.485934e-05
1173,-6.0,2.2857144,4.3076925,0.0050351094,-0.06154876,-3.264706e-05
1174,-6.0,2.857143,4.3076925,0.012203853,-0.06351079,1.9859945e-05
1175,-6.0,3.4285715,4.3076925,0.022704331,-0.060742997,7.981835e-06
1176,-6.0,4.0,4.3076925,0.03325621,-0.0636739,-1.23737345e-05
1177,-6.0,0.0,3.6923077,-0.032620218,-0.06263201,-3.877236e-05
1178,-6.0,0.5714286,3.6923077,-0.021802092,-0.06013427,-9.608663e-05
1179,-6.0,1.1428572,3.6923077,-0.0110632265,-0.0625616,-0.00014262859
1180,-6.0,1.7142857,3.6923077,-0.003943141,-0.06230065,-0.00018168283
1181,-6.0,2.2857144,3.6923077,0.0050176647,-0.061548837,-0.00022409353
1182,-6.0,2.857143,3.6923077,0.012186468,-0.06351073,-0.0002774127
1183,-6.0,3.4285715,3.6923077,0.022686861,-0.060743004,-0.00026581023
1184,-6.0,4.0,3.6923077,0.03323879,-0.06367384,-0.00024642854
1185,-6.0,0.0,3.0769231,-0.032737333,-0.06273056,0.00010605939
1186,-6.0,0.5714286,3.0769231,-0.021860862,-0.060254138,-2.9003058e-05
1187,-6.0,1.1428572,3.0769231,-0.011092267,-0.062663645,-0.00016358349
1188,-6.0,1.7142857,3.0769231,-0.0039882907,-0.06241671,-0.00029443938
1189,-6.0,2.2857144,3.0769231,0.005000526,-0.06165523,-0.00041904426
1190,-6.0,2.857143,3.0769231,0.012158304,-0.06362484,-0.00052312773
1191,-6.0,3.4285715,3.0769231,0.022681717,-0.060849335,-0.00070804264
1192,-6.0,4.0,3.0769231,0.03325772,-0.063790776,-0.00092367886
1193,-6.0,0.0,2.4615386,-0.032782856,-0.0629628,0.00030237282
1194,-6.0,0.5714286,2.4615386,-0.021963743,-0.060449474,4.0489598e-05
1195,-6.0,1.1428572,2.4615386,-0.011169622,-0.06288803,-0.00019063165
1196,-6.0,1.7142857,2.4615386,-0.00403224,-0.06263663,-0.00039587106
1197,-6.0,2.2857144,2.4615386,0.0049554715,-0.061859626,-0.000596504
1198,-6.0,2.857143,2.4615386,0.012131775,-0.06385967,-0.00081880623
1199,-6.0,3.4285715,2.4615386,0.02268188,-0.061042525,-0.0009636969
1200,-6.0,4.0,2.4615386,0.03324682,-0.06400882,-0.0010887202
1201,-6.0,0.0,1.8461539,-0.033055708,-0.06325301,0.00042600228
1202,-6.0,0.5714286,1.8461539,-0.022078564,-0.06081805,0.00012698742
1203,-6.0,1.1428572,1.8461539,-0.011196864,-0.063163936,-0.00018832502
1204,-6.0,1.7142857,1.8461539,-0.0041350476,-0.06297379,-0.0004902038
1205,-6.0,2.2857144,1.8461539,0.004932795,-0.062153958,-0.00079154724
1206,-6.0,2.857143,1.8461539,0.01205182,-0.06418788,-0.0010215894
1207,-6.0,3.4285715,1.8461539,0.02267349,-0.0613347,-0.0013730046
1208,-6.0,4.0,1.8461539,0.033304073,-0.064341694,-0.0018095821
1209,-6.0,0.0,1.2307693,-0.033158496,-0.063711934,0.0007497971
1210,-6.0,0.5714286,1.2307693,-0.02217282,-0.06110505,0.00025402114
1211,-6.0,1.1428572,1.2307693,-0.011337388,-0.06363154,-0.00018387797
1212,-6.0,1.7142857,1.2307693,-0.0041406807,-0.06332303,-0.0005795908
1213,-6.0,2.2857144,1.2307693,0.0047879983,-0.06258144,-0.000916005
1214,-6.0,2.857143,1.2307693,0.012007773,-0.06455342,-0.0013179936
1215,-6.0,3.4285715,1.2307693,0.022570658,-0.061741292,-0.0015960971
1216,-6.0,4.0,1.2307693,0.033280242,-0.06467703,-0.0017503271
1217,-6.0,0.0,0.61538464,-0.03339249,-0.064418904,0.0010168598
1218,-6.0,0.5714286,0.61538464,-0.021920389,-0.06161261,0.00048344533
1219,-6.0,1.1428572,0.61538464,-0.011313599,-0.06418837,-0.000105666906
1220,-6.0,1.7142857,0.61538464,-0.004083999,-0.063676074,-0.0005956651
1221,-6.0,2.2857144,0.61538464,0.0046342597,-0.063185796,-0.0011114703
1222,-6.0,2.857143,0.61538464,0.011926471,-0.0648383,-0.0014627826
1223,-6.0,3.4285715,0.61538464,0.02230853,-0.06235251,-0.0019150398
1224,-6.0,4.0,0.61538464,0.03336792,-0.06496096,-0.0026375055
1225,-6.0,0.0,0.0,-0.032715056,-0.06480323,0.0012660164
1226,-6.0,0.5714286,0.0,-0.021292273,-0.062392212,0.00056581205
1227,-6.0,1.1428572,0.0,-0.0109584145,-0.064810686,0.000116006806
1228,-6.0,1.7142857,0.0,-0.0037229753,-0.06422827,-0.000681895
1229,-6.0,2.2857144,0.0,0.0046027172,-0.06379608,-0.0011484273
1230,-6.0,2.857143,0.0,0.011884922,-0.06522705,-0.001725851
1231,-6.0,3.4285715,0.0,0.021929346,-0.06294565,-0.002242672
1232,-6.0,4.0,0.0,0.033035282,-0.0652665,-0.0021367103
1233,-5.4,0.0,8.0,-0.032479417,-0.07725391,-0.0029161368
1234,-5.4,0.5714286,8.0,-0.01915789,-0.079198144,-0.0017885498
1235,-5.4,1.1428572,8.0,-0.011360675,-0.07837017,-0.00074971473
1236,-5.4,1.7142857,8.0,-0.0025774555,-0.07861163,-0.00015158873
1237,-5.4,2.2857144,8.0,0.0033698257,-0.0796074,0.0008905292
1238,-5.4,2.857143,8.0,0.012137417,-0.07747801,0.0014700976
1239,-5.4,3.4285715,8.0,0.01999324,-0.07987834,0.0022191084
1240,-5.4,4.0,8.0,0.032706164,-0.076812945,0.0035244494
1241,-5.4,0.0,7.3846154,-0.033049513,-0.076098375,-0.0020695152
1242,-5.4,0.5714286,7.3846154,-0.019641839,-0.07838787,-0.0014141029
1243,-5.4,1.1428572,7.3846154,-0.011812232,-0.07753663,-0.0007154853
1244,-5.4,1.7142857,7.3846154,-0.0026726408,-0.077744424,5.3371063e-05
1245,-5.4,2.2857144,7.3846154,0.0032509193,-0.07893854,0.0006231418
1246,-5.4,2.857143,7.3846154,0.012398776,-0.07660474,0.0013790058
1247,-5.4,3.4285715,7.3846154,0.020254623,-0.0793406,0.001912026
1248,-5.4,4.0,7.3846154,0.033081688,-0.07592353,0.0021608372
1249,-5.4,0.0,6.769231,-0.03328605,-0.07556258,-0.001716321
1250,-5.4,0.5714286,6.769231,-0.019629313,-0.07763567,-0.0011100022
1251,-5.4,1.1428572,6.769231,-0.012051633,-0.07692998,-0.0005198217
1252,-5.4,1.7142857,6.769231,-0.0026072268,-0.07696158,2.193494e-05
1253,-5.4,2.2857144,6.769231,0.0032059664,-0.07847711,0.0006116779
1254,-5.4,2.857143,6.769231,0.012630149,-0.07578948,0.0010457906
1255,-5.4,3.4285715,6.769231,0.020302068,-0.07894996,0.0016291784
1256,-5.4,4.0,6.769231,0.03329393,-0.07517674,0.002349577
1257,-5.4,0.0,6.1538463,-0.03311794,-0.075039014,-0.0013005395
1258,-5.4,0.5714286,6.1538463,-0.019570649,-0.07698631,-0.000842614
1259,-5.4,1.1428572,6.1538463,-0.01207808,-0.07647825,-0.00039539757
1260,-5.4,1.7142857,6.1538463,-0.0025238346,-0.076392524,4.04199e-05
1261,-5.4,2.2857144,6.1538463,0.0032040044,-0.0779942,0.0004267831
1262,-5.4,2.857143,6.1538463,0.012746323,-0.075268276,0.00087866344
1263,-5.4,3.4285715,6.1538463,0.020304829,-0.078464344,0.0011889162
1264,-5.4,4.0,6.1538463,0.03324325,-0.074641176,0.0014483973
1265,-5.4,0.0,5.5384617,-0.033007093,-0.07460851,-0.00092273566
1266,-5.4,0.5714286,5.5384617,-0.01950237,-0.076646574,-0.00061761384
1267,-5.4,1.1428572,5.5384617,-0.012006261,-0.07603717,-0.00030989407
1268,-5.4,1.7142857,5.5384617,-0.0025382575,-0.07602866,3.5867834e-07
1269,-5.4,2.2857144,5.5384617,0.0032610176,-0.07758433,0.00029933424
1270,-5.4,2.857143,5.5384617,0.0127207795,-0.07489583,0.00055847963
1271,-5.4,3.4285715,5.5384617,0.02031439,-0.078070164,0.00090708915
1272,-5.4,4.0,5.5384617,0.033194654,-0.074302375,0.0012922509
1273,-5.4,0.0,4.923077,-0.032862645,-0.07433375,-0.00062124943
1274,-5.4,0.5714286,4.923077,-0.019470872,-0.07635319,-0.0004160903
1275,-5.4,1.1428572,4.923077,-0.011979401,-0.07578083,-0.00022941796
1276,-5.4,1.7142857,4.923077,-0.0025237969,-0.0757692,-5.358281e-05
1277,-5.4,2.2857144,4.923077,0.0032611575,-0.07730563,0.00012124506
1278,-5.4,2.857143,4.923077,0.0127113145,-0.074658714,0.00031028298
1279,-5.4,3.4285715,4.923077,0.02029059,-0.07778135,0.00042019176
1280,-5.4,4.0,4.923077,0.033089932,-0.074055955,0.000524862
1281,-5.4,0.0,4.3076925,-0.032835178,-0.074191004,-0.00028486448
1282,-5.4,0.5714286,4.3076925,-0.0194495,-0.07623233,-0.00023696506
1283,-5.4,1.1428572,4.3076925,-0.011962639,-0.07563607,-0.00017604434
1284,-5.4,1.7142857,4.3076925,-0.0025366775,-0.07564318,-0.00010992311
1285,-5.4,2.2857144,4.3076925,0.0032621191,-0.07716853,-5.466282e-05
1286,-5.4,2.857143,4.3076925,0.012684499,-0.074529305,-8.640969e-06
1287,-5.4,3.4285715,4.3076925,0.020268418,-0.07764943,0.000104346116
1288,-5.4,4.0,4.3076925,0.033055708,-0.073938064,0.00022243004
1289,-5.4,0.0,3.6923077,-0.03285258,-0.07419079,-4.1805138e-06
1290,-5.4,0.5714286,3.6923077,-0.019466907,-0.076232456,-5.2297877e-05
1291,-5.4,1.1428572,3.6923077,-0.011979967,-0.07563589,-0.00011406483
1292,-5.4,1.7142857,3.6923077,-0.0025541019,-0.07564326,-0.0001802594
1293,-5.4,2.2857144,3.6923077,0.0032447514,-0.07716842,-0.00023628904
1294,-5.4,2.857143,3.6923077,0.012667061,-0.07452932,-0.00028240308
1295,-5.4,3.4285715,3.6923077,0.020251011,-0.07764939,-0.00039624242
1296,-5.4,4.0,3.6923077,0.0330382,-0.07393811,-0.0005145672
1297,-5.4,0.0,3.0769231,-0.032914534,-0.07433318,0.00033245387
1298,-5.4,0.5714286,3.0769231,-0.019522985,-0.07635355,0.00012665277
1299,-5.4,1.1428572,3.0769231,-0.012031464,-0.07578033,-6.0529233e-05
1300,-5.4,1.7142857,3.0769231,-0.0025760331,-0.075769395,-0.00023675997
1301,-5.4,2.2857144,3.0769231,0.003209035,-0.077305324,-0.00041204135
1302,-5.4,2.857143,3.0769231,0.012658981,-0.07465875,-0.0006014757
1303,-5.4,3.4285715,3.0769231,0.020238373,-0.07778115,-0.00071194593
1304,-5.4,4.0,3.0769231,0.033037487,-0.0740559,-0.00081717724
1305,-5.4,0.0,2.4615386,-0.033093795,-0.074607484,0.0006338959
1306,-5.4,0.5714286,2.4615386,-0.01958929,-0.076647215,0.0003280792
1307,-5.4,1.1428572,2.4615386,-0.012092995,-0.07603631,2.00452e-05
1308,-5.4,1.7142857,2.4615386,-0.0026253385,-0.07602899,-0.0002908014
1309,-5.4,2.2857144,2.4615386,0.0031741508,-0.07758385,-0.00059003476
1310,-5.4,2.857143,2.4615386,0.012633571,-0.074895844,-0.00084976567
1311,-5.4,3.4285715,2.4615386,0.020227356,-0.07806996,-0.0011987368
1312,-5.4,4.0,2.4615386,0.03310719,-0.07430234,-0.0015846045
1313,-5.4,0.0,1.8461539,-0.03323904,-0.075037576,0.0010118522
1314,-5.4,0.5714286,1.8461539,-0.019692393,-0.07698723,0.0005531181
1315,-5.4,1.1428572,1.8461539,-0.012199452,-0.076477036,0.000105493345
1316,-5.4,1.7142857,1.8461539,-0.0026458334,-0.076393045,-0.00033082982
1317,-5.4,2.2857144,1.8461539,0.0030824784,-0.07799346,-0.0007175145
1318,-5.4,2.857143,1.8461539,0.012624124,-0.0752684,-0.001169918
1319,-5.4,3.4285715,1.8461539,0.02018308,-0.07846391,-0.0014805997
1320,-5.4,4.0,1.8461539,0.03312077,-0.0746411,-0.001740822
1321,-5.4,0.0,1.2307693,-0.033441808,-0.075560614,0.0014274726
1322,-5.4,0.5714286,1.2307693,-0.019786067,-0.077637,0.0008204426
1323,-5.4,1.1428572,1.2307693,-0.012207506,-0.07692832,0.00022995588
1324,-5.4,1.7142857,1.2307693,-0.002764274,-0.076962344,-0.0003123854
1325,-5.4,2.2857144,1.2307693,0.003049897,-0.078476116,-0.0009023892
1326,-5.4,2.857143,1.2307693,0.012472887,-0.075789705,-0.0013370536
1327,-5.4,3.4285715,1.2307693,0.020145724,-0.07894945,-0.001920828
1328,-5.4,4.0,1.2307693,0.03313626,-0.07517681,-0.002641902
1329,-5.4,0.0,0.61538464,-0.0332396,-0.07609578,0.0017807555
1330,-5.4,0.5714286,0.61538464,-0.0198336,-0.07838968,0.0011245913
1331,-5.4,1.1428572,0.61538464,-0.012002628,-0.07753449,0.0004255564
1332,-5.4,1.7142857,0.61538464,-0.0028647494,-0.07774551,-0.0003438053
1333,-5.4,2.2857144,0.61538464,0.0030603355,-0.078937225,-0.00091386976
1334,-5.4,2.857143,0.61538464,0.012206431,-0.07660516,-0.001670258
1335,-5.4,3.4285715,0.61538464,0.020063743,-0.07933984,-0.0022036848
1336,-5.4,4.0,0.61538464,0.03288895,-0.07592362,-0.0024532592
1337,-5.4,0.0,0.0,-0.03270431,-0.07725114,0.002627375
1338,-5.4,0.5714286,0.0,-0.019384634,-0.0792001,0.0014989304
1339,-5.4,1.1428572,0.0,-0.01158572,-0.07836779,0.00045972888
1340,-5.4,1.7142857,0.0,-0.002804501,-0.078612894,-0.00013882102
1341,-5.4,2.2857144,0.0,0.0031446186,-0.07960586,-0.0011813054
1342,-5.4,2.857143,0.0,0.011910184,-0.0774786,-0.0017612948
1343,-5.4,3.4285715,0.0,0.019767776,-0.079877384,-0.002510743
1344,-5.4,4.0,0.0,0.032478478,-0.07681335,-0.0038167597
1345,-4.8,0.0,8.0,-0.028925292,-0.09205476,-0.003195156
1346,-4.8,0.5714286,8.0,-0.019738536,-0.09220852,-0.002424373
1347,-4.8,1.1428572,8.0,-0.009277018,-0.09278367,-0.001438558
1348,-4.8,1.7142857,8.0,-0.0040986496,-0.093440965,-0.00011161587
1349,-4.8,2.2857144,8.0,0.0042769997,-0.091784455,0.0005902255
1350,-4.8,2.857143,8.0,0.009655931,-0.09415645,0.0018551605
1351,-4.8,3.4285715,8.0,0.019849576,-0.09058532,0.0027211106
1352,-4.8,4.0,8.0,0.02946807,-0.09359895,0.0029759866
1353,-4.8,0.0,7.3846154,-0.029266795,-0.09110075,-0.0030783275
1354,-4.8,0.5714286,7.3846154,-0.020255968,-0.091080844,-0.0019809701
1355,-4.8,1.1428572,7.3846154,-0.0094408,-0.09169925,-0.0010569798
1356,-4.8,1.7142857,7.3846154,-0.00433208,-0.09250578,-0.00025934592
1357,-4.8,2.2857144,7.3846154,0.0044873892,-0.0906659,0.0007295041
1358,-4.8,2.857143,7.3846154,0.009755656,-0.093387805,0.0014025748
1359,-4.8,3.4285715,7.3846154,0.020367388,-0.089450315,0.0022985125
1360,-4.8,4.0,7.3846154,0.02984116,-0.09298094,0.003465787
1361,-4.8,0.0,6.769231,-0.029098956,-0.09001843,-0.002256802
1362,-4.8,0.5714286,6.769231,-0.020567032,-0.09029356,-0.0015930379
1363,-4.8,1.1428572,6.769231,-0.009382488,-0.09075769,-0.0008676643
1364,-4.8,1.7142857,6.769231,-0.0044858055,-0.09182503,-0.00011494493
1365,-4.8,2.2857144,6.769231,0.0046888017,-0.08966189,0.00051174447
1366,-4.8,2.857143,6.769231,0.009795335,-0.09284711,0.0012746986
1367,-4.8,3.4285715,6.769231,0.020688487,-0.08842664,0.0018285097
1368,-4.8,4.0,6.769231,0.029732186,-0.09240369,0.0022243278
1369,-4.8,0.0,6.1538463,-0.028977312,-0.08930746,-0.0017924146
1370,-4.8,0.5714286,6.1538463,-0.020538375,-0.08971363,-0.0012142904
1371,-4.8,1.1428572,6.1538463,-0.009341215,-0.090019226,-0.0006566037
1372,-4.8,1.7142857,6.1538463,-0.0045092735,-0.091226816,-0.000114265014
1373,-4.8,2.2857144,6.1538463,0.0047900258,-0.089001246,0.00044951405
1374,-4.8,2.857143,6.1538463,0.009806193,-0.09222836,0.0009119717
1375,-4.8,3.4285715,6.1538463,0.020771375,-0.08781154,0.0014984835
1376,-4.8,4.0,6.1538463,0.02972496,-0.09185042,0.0021384996
1377,-4.8,0.0,5.5384617,-0.028843127,-0.08882432,-0.0012765854
1378,-4.8,0.5714286,5.5384617,-0.020461999,-0.089160234,-0.00088569167
1379,-4.8,1.1428572,5.5384617,-0.009334501,-0.0895817,-0.0004869542
1380,-4.8,1.7142857,5.5384617,-0.0044539548,-0.09071683,-0.0001020662
1381,-4.8,2.2857144,5.5384617,0.0047645257,-0.088550374,0.0002741164
1382,-4.8,2.857143,5.5384617,0.0098525835,-0.09174889,0.00066691946
1383,-4.8,3.4285715,5.5384617,0.02072592,-0.08735567,0.00096050603
1384,-4.8,4.0,5.5384617,0.029629251,-0.09134318,0.0012187667
1385,-4.8,0.0,4.923077,-0.028785735,-0.08850125,-0.00080943474
1386,-4.8,0.5714286,4.923077,-0.020390997,-0.0888568,-0.0005851321
1387,-4.8,1.1428572,4.923077,-0.009322777,-0.08925462,-0.00035431862
1388,-4.8,1.7142857,4.923077,-0.004440808,-0.090395465,-0.00011314323
1389,-4.8,2.2857144,4.923077,0.0047585242,-0.08825703,0.00011053705
1390,-4.8,2.857143,4.923077,0.00983923,-0.0914066,0.00031864163
1391,-4.8,3.4285715,4.923077,0.020682871,-0.087087795,0.0005925823
1392,-4.8,4.0,4.923077,0.02960025,-0.09102896,0.00087148824
1393,-4.8,0.0,4.3076925,-0.028742965,-0.08834128,-0.0003864198
1394,-4.8,0.5714286,4.3076925,-0.02037234,-0.088680215,-0.00029783396
1395,-4.8,1.1428572,4.3076925,-0.009324161,-0.0891079,-0.00021816193
1396,-4.8,1.7142857,4.3076925,-0.0044362512,-0.09023119,-0.00015084785
1397,-4.8,2.2857144,4.3076925,0.0047370545,-0.08810614,-6.76068e-05
1398,-4.8,2.857143,4.3076925,0.0098305065,-0.09125036,1.2074897e-05
1399,-4.8,3.4285715,4.3076925,0.020647485,-0.08693294,3.0042973e-05
1400,-4.8,4.0,4.3076925,0.029543756,-0.09086329,4.5201192e-05
1401,-4.8,0.0,3.6923077,-0.028760243,-0.08834135,6.3666004e-05
1402,-4.8,0.5714286,3.6923077,-0.020389657,-0.08868003,-2.5926074e-05
1403,-4.8,1.1428572,3.6923077,-0.00934156,-0.08910796,-0.000105568826
1404,-4.8,1.7142857,3.6923077,-0.00445362,-0.09023103,-0.0001736835
1405,-4.8,2.2857144,3.6923077,0.0047196425,-0.08810615,-0.0002568445
1406,-4.8,2.857143,3.6923077,0.0098131,-0.09125027,-0.00033731692
1407,-4.8,3.4285715,3.6923077,0.020630041,-0.08693287,-0.00035530183
1408,-4.8,4.0,3.6923077,0.02952634,-0.09086316,-0.000371424
1409,-4.8,0.0,3.0769231,-0.02883784,-0.088501446,0.00048636956
1410,-4.8,0.5714286,3.0769231,-0.020443069,-0.088856265,0.00026160714
1411,-4.8,1.1428572,3.0769231,-0.00937493,-0.08925476,3.0370578e-05
1412,-4.8,1.7142857,3.0769231,-0.0044929218,-0.09039505,-0.00021117953
1413,-4.8,2.2857144,3.0769231,0.0047062766,-0.08825702,-0.0004351849
1414,-4.8,2.857143,3.0769231,0.009787058,-0.09140632,-0.00064369146
1415,-4.8,3.4285715,3.0769231,0.02063052,-0.08708773,-0.0009180185
1416,-4.8,4.0,3.0769231,0.029547917,-0.09102878,-0.0011974962
1417,-4.8,0.0,2.4615386,-0.028929792,-0.08882472,0.00095357397
1418,-4.8,0.5714286,2.4615386,-0.020548716,-0.089159295,0.00056227215
1419,-4.8,1.1428572,2.4615386,-0.009421454,-0.089581974,0.00016288867
1420,-4.8,1.7142857,2.4615386,-0.004540808,-0.09071613,-0.00022213926
1421,-4.8,2.2857144,2.4615386,0.0046774456,-0.08855035,-0.00059887656
1422,-4.8,2.857143,2.4615386,0.009765602,-0.0917485,-0.0009918466
1423,-4.8,3.4285715,2.4615386,0.020638669,-0.0873554,-0.001286067
1424,-4.8,4.0,2.4615386,0.029542103,-0.09134283,-0.0015447321
1425,-4.8,0.0,1.8461539,-0.029098935,-0.089308046,0.001469263
1426,-4.8,0.5714286,1.8461539,-0.020659734,-0.08971232,0.00089082087
1427,-4.8,1.1428572,1.8461539,-0.009463049,-0.09001965,0.00033259188
1428,-4.8,1.7142857,1.8461539,-0.0046307626,-0.09122581,-0.0002099877
1429,-4.8,2.2857144,1.8461539,0.004667993,-0.08900131,-0.00077422755
1430,-4.8,2.857143,1.8461539,0.00968455,-0.092227705,-0.0012369344
1431,-4.8,3.4285715,1.8461539,0.020649115,-0.087811366,-0.0018239855
1432,-4.8,4.0,1.8461539,0.02960299,-0.09184997,-0.0024643994
1433,-4.8,0.0,1.2307693,-0.02925535,-0.0900193,0.0019338116
1434,-4.8,0.5714286,1.2307693,-0.020722868,-0.0902918,0.001269621
1435,-4.8,1.1428572,1.2307693,-0.0095393285,-0.09075835,0.0005435947
1436,-4.8,1.7142857,1.2307693,-0.0046418416,-0.09182368,-0.00020927317
1437,-4.8,2.2857144,1.2307693,0.0045317314,-0.08966204,-0.0008364794
1438,-4.8,2.857143,1.2307693,0.009639098,-0.092846274,-0.0015996314
1439,-4.8,3.4285715,1.2307693,0.020531124,-0.08842641,-0.0021540357
1440,-4.8,4.0,1.2307693,0.029575637,-0.092402935,-0.002550343
1441,-4.8,0.0,0.61538464,-0.029458297,-0.091102004,0.002755229
1442,-4.8,0.5714286,0.61538464,-0.020446343,-0.09107858,0.0016574577
1443,-4.8,1.1428572,0.61538464,-0.00963268,-0.09170021,0.0007329442
1444,-4.8,1.7142857,0.61538464,-0.004522619,-0.092504054,-6.4901375e-05
1445,-4.8,2.2857144,0.61538464,0.004295247,-0.09066625,-0.0010542225
1446,-4.8,2.857143,0.61538464,0.009564919,-0.093386665,-0.0017274929
1447,-4.8,3.4285715,0.61538464,0.020174945,-0.089450255,-0.002624002
1448,-4.8,4.0,0.61538464,0.029649958,-0.09298012,-0.003791658
1449,-4.8,0.0,0.0,-0.02915163,-0.09205611,0.0028720272
1450,-4.8,0.5714286,0.0,-0.019963518,-0.092206016,0.0021009147
1451,-4.8,1.1428572,0.0,-0.009503858,-0.092784755,0.0011145094
1452,-4.8,1.7142857,0.0,-0.0043238215,-0.09343896,-0.00021269095
1453,-4.8,2.2857144,0.0,0.004049932,-0.09178496,-0.0009148743
1454,-4.8,2.857143,0.0,0.009430579,-0.094155036,-0.0021801367
1455,-4.8,3.4285715,0.0,0.019622216,-0.0905854,-0.0030465384
1456,-4.8,4.0,0.0,0.029242357,-0.09359762,-0.0033019625
1457,-4.2,0.0,8.0,-0.029228149,-0.10545941,-0.0046263705
1458,-4.2,0.5714286,8.0,-0.016005443,-0.10577798,-0.002907641
1459,-4.2,1.1428572,8.0,-0.010831227,-0.10657338,-0.001555539
1460,-4.2,1.7142857,8.0,-0.0018970006,-0.1055247,-0.0005685216
1461,-4.2,2.2857144,8.0,0.0015646558,-0.107664436,0.001043691
1462,-4.2,2.857143,8.0,0.010473323,-0.10413073,0.0018709728
1463,-4.2,3.4285715,8.0,0.016145015,-0.10782503,0.0031737927
1464,-4.2,4.0,8.0,0.029028613,-0.1031799,0.0050177854
1465,-4.2,0.0,7.3846154,-0.029734803,-0.10405656,-0.003356351
1466,-4.2,0.5714286,7.3846154,-0.016224992,-0.10450452,-0.0024827395
1467,-4.2,1.1428572,7.3846154,-0.011144852,-0.10536601,-0.0014096065
1468,-4.2,1.7142857,7.3846154,-0.0017663855,-0.10418708,-0.00024068137
1469,-4.2,2.2857144,7.3846154,0.0015625149,-0.10664456,0.0006374181
1470,-4.2,2.857143,7.3846154,0.010964389,-0.1027474,0.0018264708
1471,-4.2,3.4285715,7.3846154,0.016471498,-0.10699221,0.0026687346
1472,-4.2,4.0,7.3846154,0.029590605,-0.101692766,0.003203624
1473,-4.2,0.0,6.769231,-0.029921439,-0.10318819,-0.002931322
1474,-4.2,0.5714286,6.769231,-0.016110426,-0.1033612,-0.0019632378
1475,-4.2,1.1428572,6.769231,-0.011416272,-0.104462795,-0.0010737622
1476,-4.2,1.7142857,6.769231,-0.0015636862,-0.10303066,-0.00026069547
1477,-4.2,2.2857144,6.769231,0.0014973715,-0.10591098,0.0006652586
1478,-4.2,2.857143,6.769231,0.011309916,-0.101509854,0.0013697292
1479,-4.2,3.4285715,6.769231,0.01653687,-0.106377326,0.0022667374
1480,-4.2,4.0,6.769231,0.02993745,-0.10057381,0.0032758988
1481,-4.2,0.0,6.1538463,-0.029831117,-0.10240466,-0.002135131
1482,-4.2,0.5714286,6.1538463,-0.016065683,-0.1024825,-0.0015154947
1483,-4.2,1.1428572,6.1538463,-0.011430248,-0.10375271,-0.0008452619
1484,-4.2,1.7142857,6.1538463,-0.0015173585,-0.10221292,-0.00016100713
1485,-4.2,2.2857144,6.1538463,0.0015030253,-0.1051767,0.00045741608
1486,-4.2,2.857143,6.1538463,0.011422496,-0.10077071,0.0011470784
1487,-4.2,3.4285715,6.1538463,0.016542275,-0.105625674,0.001664309
1488,-4.2,4.0,6.1538463,0.02989643,-0.09978184,0.002118558
1489,-4.2,0.0,5.5384617,-0.02968872,-0.1017964,-0.0015657196
1490,-4.2,0.5714286,5.5384617,-0.016025847,-0.101961575,-0.0011004737
1491,-4.2,1.1428572,5.5384617,-0.011379578,-0.10313701,-0.00062427437
1492,-4.2,1.7142857,5.5384617,-0.0015350829,-0.101687804,-0.00015282707
1493,-4.2,2.2857144,5.5384617,0.0015469225,-0.10459956,0.0003196606
1494,-4.2,2.857143,5.5384617,0.011377017,-0.10023284,0.00074214843
1495,-4.2,3.4285715,5.5384617,0.0165572,-0.105080895,0.0012446878
1496,-4.2,4.0,5.5384617,0.02983133,-0.099305615,0.001744981
1497,-4.2,0.0,4.923077,-0.029586757,-0.10140662,-0.0009875651
1498,-4.2,0.5714286,4.923077,-0.016005434,-0.10157086,-0.00071333227
1499,-4.2,1.1428572,4.923077,-0.011342406,-0.10277438,-0.00043255906
1500,-4.2,1.7142857,4.923077,-0.0015460484,-0.10133127,-0.00015595312
1501,-4.2,2.2857144,4.923077,0.0015482047,-0.10421569,0.00012469964
1502,-4.2,2.857143,4.923077,0.01135214,-0.09991362,0.00040516927
1503,-4.2,3.4285715,4.923077,0.01652792,-0.10467172,0.0006035264
1504,-4.2,4.0,4.923077,0.029720984,-0.09896334,0.0007961102
1505,-4.2,0.0,4.3076925,-0.02955087,-0.101214275,-0.00043870788
1506,-4.2,0.5714286,4.3076925,-0.015993362,-0.10140192,-0.00035998816
1507,-4.2,1.1428572,4.3076925,-0.011335483,-0.102581106,-0.00026511354
1508,-4.2,1.7142857,4.3076925,-0.0015597151,-0.10116026,-0.00016463055
1509,-4.2,2.2857144,4.3076925,0.0015424388,-0.1040324,-7.931553e-05
1510,-4.2,2.857143,4.3076925,0.011319827,-0.0997371,4.475675e-06
1511,-4.2,3.4285715,4.3076925,0.016506482,-0.10450008,0.00014593995
1512,-4.2,4.0,4.3076925,0.029683072,-0.09880528,0.0002705063
1513,-4.2,0.0,3.6923077,-0.029568287,-0.101214126,8.121822e-05
1514,-4.2,0.5714286,3.6923077,-0.01601075,-0.10140194,2.6638206e-06
1515,-4.2,1.1428572,3.6923077,-0.011352851,-0.10258093,-9.314156e-05
1516,-4.2,1.7142857,3.6923077,-0.0015770948,-0.10116026,-0.00019336889
1517,-4.2,2.2857144,3.6923077,0.0015250333,-0.10403226,-0.0002794909
1518,-4.2,2.857143,3.6923077,0.0113024395,-0.09973703,-0.00036307637
1519,-4.2,3.4285715,3.6923077,0.016489053,-0.10450003,-0.0005053968
1520,-4.2,4.0,3.6923077,0.029665593,-0.09880527,-0.00062991306
1521,-4.2,0.0,3.0769231,-0.029638728,-0.10140612,0.000630498
1522,-4.2,0.5714286,3.0769231,-0.016057475,-0.101570904,0.0003556931
1523,-4.2,1.1428572,3.0769231,-0.011394536,-0.10277389,7.459546e-05
1524,-4.2,1.7142857,3.0769231,-0.0015982146,-0.10133123,-0.00020231331
1525,-4.2,2.2857144,3.0769231,0.0014960296,-0.10421532,-0.00048324946
1526,-4.2,2.857143,3.0769231,0.011299887,-0.099913456,-0.0007640035
1527,-4.2,3.4285715,3.0769231,0.016475657,-0.104671404,-0.00096275617
1528,-4.2,4.0,3.0769231,0.029668637,-0.0989631,-0.0011557845
1529,-4.2,0.0,2.4615386,-0.02977552,-0.10179551,0.0012086073
1530,-4.2,0.5714286,2.4615386,-0.016112678,-0.10196172,0.0007427262
1531,-4.2,1.1428572,2.4615386,-0.011466438,-0.10313617,0.00026644982
1532,-4.2,1.7142857,2.4615386,-0.0016220293,-0.101687744,-0.00020557603
1533,-4.2,2.2857144,2.4615386,0.0014599514,-0.10459898,-0.00067806
1534,-4.2,2.857143,2.4615386,0.011289958,-0.10023249,-0.0011011217
1535,-4.2,3.4285715,2.4615386,0.016470099,-0.10508059,-0.0016037537
1536,-4.2,4.0,2.4615386,0.029743992,-0.09930527,-0.002104724
1537,-4.2,0.0,1.8461539,-0.029952353,-0.10240342,0.0017781928
1538,-4.2,0.5714286,1.8461539,-0.016187314,-0.10248273,0.0011578075
1539,-4.2,1.1428572,1.8461539,-0.011551746,-0.10375152,0.00048736698
1540,-4.2,1.7142857,1.8461539,-0.0016392248,-0.10221291,-0.00019732489
1541,-4.2,2.2857144,1.8461539,0.0013813983,-0.105175816,-0.000815871
1542,-4.2,2.857143,1.8461539,0.0113004455,-0.10077039,-0.0015059736
1543,-4.2,3.4285715,1.8461539,0.01642044,-0.105625,-0.0020234433
1544,-4.2,4.0,1.8461539,0.02977412,-0.09978134,-0.00247837
1545,-4.2,0.0,1.2307693,-0.03007733,-0.10318653,0.0025742203
1546,-4.2,0.5714286,1.2307693,-0.016267054,-0.10336159,0.0016054834
1547,-4.2,1.1428572,1.2307693,-0.011572312,-0.10446124,0.0007159293
1548,-4.2,1.7142857,1.2307693,-0.001720549,-0.10303072,-9.768335e-05
1549,-4.2,2.2857144,1.2307693,0.0013411626,-0.10590984,-0.0010236623
1550,-4.2,2.857143,1.2307693,0.011152836,-0.10150948,-0.0017286477
1551,-4.2,3.4285715,1.2307693,0.01638043,-0.10637655,-0.0026258102
1552,-4.2,4.0,1.2307693,0.029779926,-0.10057345,-0.00363558
1553,-4.2,0.0,0.61538464,-0.02992504,-0.10405444,0.0029993765
1554,-4.2,0.5714286,0.61538464,-0.01641657,-0.10450516,0.0021250607
1555,-4.2,1.1428572,0.61538464,-0.011335414,-0.10536402,0.0010517042
1556,-4.2,1.7142857,0.61538464,-0.0019582992,-0.10418731,-0.00011765955
1557,-4.2,2.2857144,0.61538464,0.0013717908,-0.10664308,-0.0009958325
1558,-4.2,2.857143,0.61538464,0.0107722245,-0.10274716,-0.0021853629
1559,-4.2,3.4285715,0.61538464,0.016280482,-0.10699109,-0.003027804
1560,-4.2,4.0,0.61538464,0.029398061,-0.10169226,-0.0035634611
1561,-4.2,0.0,0.0,-0.029453104,-0.105456986,0.0042693
1562,-4.2,0.5714286,0.0,-0.01623206,-0.10577868,0.0025498348
1563,-4.2,1.1428572,0.0,-0.011056384,-0.10657111,0.0011976383
1564,-4.2,1.7142857,0.0,-0.0021238711,-0.10552505,0.00021021435
1565,-4.2,2.2857144,0.0,0.001339335,-0.10766261,-0.0014021572
1566,-4.2,2.857143,0.0,0.010246229,-0.10413064,-0.0022297504
1567,-4.2,3.4285715,0.0,0.015919453,-0.10782356,-0.0035328828
1568,-4.2,4.0,0.0,0.028801005,-0.10317985,-0.0053773774
1569,-3.6,0.0,8.0,-0.02363324,-0.11730731,-0.0045380737
1570,-3.6,0.5714286,8.0,-0.017308077,-0.11883942,-0.0034652061
1571,-3.6,1.1428572,8.0,-0.007031482,-0.118303366,-0.0019634268
1572,-3.6,1.7142857,8.0,-0.0047019967,-0.12015937,-0.00022426818
1573,-3.6,2.2857144,8.0,0.003739712,-0.11721013,0.00082081294
1574,-3.6,2.857143,8.0,0.0063928394,-0.121035196,0.0026347565
1575,-3.6,3.4285715,8.0,0.0167268,-0.11553277,0.0037888442
1576,-3.6,4.0,8.0,0.023802346,-0.12026762,0.0043252986
1577,-3.6,0.0,7.3846154,-0.023721414,-0.11583516,-0.0043015564
1578,-3.6,0.5714286,7.3846154,-0.01774578,-0.11734927,-0.0027833856
1579,-3.6,1.1428572,7.3846154,-0.006953125,-0.11676036,-0.001523349
1580,-3.6,1.7142857,7.3846154,-0.004803888,-0.11886341,-0.00036880223
1581,-3.6,2.2857144,7.3846154,0.004193985,-0.11561506,0.0010049758
1582,-3.6,2.857143,7.3846154,0.006592264,-0.11997384,0.0019829697
1583,-3.6,3.4285715,7.3846154,0.017496971,-0.11385432,0.0032563764
1584,-3.6,4.0,7.3846154,0.024268208,-0.11952404,0.0047918875
1585,-3.6,0.0,6.769231,-0.023464622,-0.114435256,-0.0031635151
1586,-3.6,0.5714286,6.769231,-0.01804606,-0.116262086,-0.0022682196
1587,-3.6,1.1428572,6.769231,-0.0067559457,-0.115453936,-0.0012511117
1588,-3.6,1.7142857,6.769231,-0.004984358,-0.11789996,-0.00018402659
1589,-3.6,2.2857144,6.769231,0.0045386124,-0.11421833,0.00072914694
1590,-3.6,2.857143,6.769231,0.006631262,-0.11922998,0.0017920353
1591,-3.6,3.4285715,6.769231,0.017933203,-0.11238531,0.002594299
1592,-3.6,4.0,6.769231,0.024196811,-0.11870427,0.00324377
1593,-3.6,0.0,6.1538463,-0.023334611,-0.11347654,-0.0025416422
1594,-3.6,0.5714286,6.1538463,-0.018027185,-0.115420155,-0.0017280198
1595,-3.6,1.1428572,6.1538463,-0.006742304,-0.11448816,-0.0009466371
1596,-3.6,1.7142857,6.1538463,-0.004989722,-0.11706364,-0.00017196192
1597,-3.6,2.2857144,6.1538463,0.004603487,-0.11333347,0.0006230503
1598,-3.6,2.857143,6.1538463,0.0066420375,-0.11835003,0.0013148616
1599,-3.6,3.4285715,6.1538463,0.018023806,-0.111577965,0.0021094352
1600,-3.6,4.0,6.1538463,0.024198515,-0.11794245,0.0029223566
1601,-3.6,0.0,5.5384617,-0.023268074,-0.11283428,-0.00175933
1602,-3.6,0.5714286,5.5384617,-0.017955346,-0.11471776,-0.0012524644
1603,-3.6,1.1428572,5.5384617,-0.00674592,-0.113891974,-0.00070508535
1604,-3.6,1.7142857,5.5384617,-0.0049580554,-0.116393395,-0.00014572185
1605,-3.6,2.2857144,5.5384617,0.004565548,-0.11273096,0.00039740335
1606,-3.6,2.857143,5.5384617,0.0066753323,-0.117720775,0.0009446412
1607,-3.6,3.4285715,5.5384617,0.017946098,-0.1109538,0.0013816116
1608,-3.6,4.0,5.5384617,0.024117524,-0.11724962,0.0017863067
1609,-3.6,0.0,4.923077,-0.023215111,-0.11241447,-0.001128719
1610,-3.6,0.5714286,4.923077,-0.017895292,-0.11431105,-0.0008150201
1611,-3.6,1.1428572,4.923077,-0.0067564966,-0.11347769,-0.0004922437
1612,-3.6,1.7142857,4.923077,-0.004938177,-0.11597611,-0.00015064102
1613,-3.6,2.2857144,4.923077,0.004533465,-0.1123541,0.0001674274
1614,-3.6,2.857143,4.923077,0.0066592223,-0.11726997,0.00047988328
1615,-3.6,3.4285715,4.923077,0.017899053,-0.11062387,0.00083432393
1616,-3.6,4.0,4.923077,0.024087973,-0.116839476,0.0011635157
1617,-3.6,0.0,4.3076925,-0.023197649,-0.1122109,-0.0004982718
1618,-3.6,0.5714286,4.3076925,-0.017880779,-0.11409369,-0.0003958915
1619,-3.6,1.1428572,4.3076925,-0.0067606964,-0.113288976,-0.00028809157
1620,-3.6,1.7142857,4.3076925,-0.00494388,-0.11576931,-0.00018690467
1621,-3.6,2.2857144,4.3076925,0.0045090728,-0.11216219,-6.6264336e-05
1622,-3.6,2.857143,4.3076925,0.006644536,-0.117074564,3.7739475e-05
1623,-3.6,3.4285715,4.3076925,0.01785616,-0.11042136,8.616045e-05
1624,-3.6,4.0,4.3076925,0.02404012,-0.11662528,0.0001429596
1625,-3.6,0.0,3.6923077,-0.023214882,-0.11221084,0.0001073657
1626,-3.6,0.5714286,3.6923077,-0.01789813,-0.11409351,3.789769e-06
1627,-3.6,1.1428572,3.6923077,-0.00677805,-0.113288954,-0.00010353523
1628,-3.6,1.7142857,3.6923077,-0.0049613016,-0.11576914,-0.00020566501
1629,-3.6,2.2857144,3.6923077,0.0044917217,-0.11216211,-0.00032585626
1630,-3.6,2.857143,3.6923077,0.006627074,-0.11707447,-0.00043071472
1631,-3.6,3.4285715,3.6923077,0.017838776,-0.11042118,-0.0004788211
1632,-3.6,4.0,3.6923077,0.024022667,-0.116625115,-0.00053660787
1633,-3.6,0.0,3.0769231,-0.023267167,-0.11241439,0.00073726126
1634,-3.6,0.5714286,3.0769231,-0.017947467,-0.114310525,0.00042336094
1635,-3.6,1.1428572,3.0769231,-0.0068085734,-0.11347758,0.00010023226
1636,-3.6,1.7142857,3.0769231,-0.0049903663,-0.11597565,-0.00024157108
1637,-3.6,2.2857144,3.0769231,0.0044813026,-0.112353876,-0.0005598633
1638,-3.6,2.857143,3.0769231,0.006607002,-0.117269605,-0.0008725518
1639,-3.6,3.4285715,3.0769231,0.017846813,-0.1106236,-0.0012272594
1640,-3.6,4.0,3.0769231,0.024035586,-0.11683923,-0.0015568428
1641,-3.6,0.0,2.4615386,-0.02335463,-0.11283424,0.0013679814
1642,-3.6,0.5714286,2.4615386,-0.018042205,-0.11471685,0.00086092524
1643,-3.6,1.1428572,2.4615386,-0.006832744,-0.11389184,0.00031292488
1644,-3.6,1.7142857,2.4615386,-0.0050450526,-0.11639263,-0.0002463128
1645,-3.6,2.2857144,2.4615386,0.004478629,-0.11273056,-0.00079000124
1646,-3.6,2.857143,2.4615386,0.0065882285,-0.117720306,-0.0013371145
1647,-3.6,3.4285715,2.4615386,0.017859027,-0.11095309,-0.001774728
1648,-3.6,4.0,2.4615386,0.024030289,-0.117249176,-0.0021795467
1649,-3.6,0.0,1.8461539,-0.023456153,-0.11347647,0.0021501181
1650,-3.6,0.5714286,1.8461539,-0.018148731,-0.11541889,0.0013364226
1651,-3.6,1.1428572,1.8461539,-0.006863995,-0.114488035,0.00055457355
1652,-3.6,1.7142857,1.8461539,-0.0051113656,-0.11706254,-0.0002201518
1653,-3.6,2.2857144,1.8461539,0.004481624,-0.113333054,-0.0010155432
1654,-3.6,2.857143,1.8461539,0.0065202727,-0.11834921,-0.001707412
1655,-3.6,3.4285715,1.8461539,0.017901754,-0.111577325,-0.00250243
1656,-3.6,4.0,1.8461539,0.024076426,-0.11794188,-0.0033155356
1657,-3.6,0.0,1.2307693,-0.023620868,-0.11443527,0.0027722088
1658,-3.6,0.5714286,1.2307693,-0.018202102,-0.116260454,0.0018766914
1659,-3.6,1.1428572,1.2307693,-0.006912606,-0.11545384,0.00085897185
1660,-3.6,1.7142857,1.2307693,-0.0051405947,-0.11789857,-0.00020801171
1661,-3.6,2.2857144,1.2307693,0.0043817526,-0.11421785,-0.0011216818
1662,-3.6,2.857143,1.2307693,0.0064748493,-0.11922898,-0.0021845077
1663,-3.6,3.4285715,1.2307693,0.017776052,-0.112384476,-0.0029873403
1664,-3.6,4.0,1.2307693,0.024040129,-0.11870322,-0.0036370954
1665,-3.6,0.0,0.61538464,-0.023912765,-0.11583528,0.0039100586
1666,-3.6,0.5714286,0.61538464,-0.01793641,-0.11734721,0.0023917595
1667,-3.6,1.1428572,0.61538464,-0.007144779,-0.11676038,0.0011312796
1668,-3.6,1.7142857,0.61538464,-0.0049946527,-0.11886164,-2.327859e-05
1669,-3.6,2.2857144,0.61538464,0.0040020775,-0.11561466,-0.0013974593
1670,-3.6,2.857143,0.61538464,0.006401321,-0.11997248,-0.0023754316
1671,-3.6,3.4285715,0.61538464,0.017304782,-0.11385359,-0.003649374
1672,-3.6,4.0,0.61538464,0.024076799,-0.119523,-0.005184974
1673,-3.6,0.0,0.0,-0.023859411,-0.11730752,0.0041467003
1674,-3.6,0.5714286,0.0,-0.017533194,-0.11883705,0.0030736558
1675,-3.6,1.1428572,0.0,-0.0072581447,-0.11830345,0.0015713089
1676,-3.6,1.7142857,0.0,-0.0049273274,-0.12015724,-0.00016781839
1677,-3.6,2.2857144,0.0,0.003512827,-0.117209874,-0.0012132184
1678,-3.6,2.857143,0.0,0.006167319,-0.1210334,-0.003027283
1679,-3.6,3.4285715,0.0,0.016499588,-0.115532234,-0.0041817077
1680,-3.6,4.0,0.0,0.023576494,-0.120265715,-0.0047186487
1681,-3.0,0.0,8.0,-0.024291165,-0.12998858,-0.005892675
1682,-3.0,0.5714286,8.0,-0.0116745625,-0.12974615,-0.0036422673
1683,-3.0,1.1428572,8.0,-0.009639254,-0.13149281,-0.0019196593
1684,-3.0,1.7142857,8.0,-0.0009649725,-0.12948796,-0.00042374013
1685,-3.0,2.2857144,8.0,-0.0004655666,-0.13292156,0.0016209921
1686,-3.0,2.857143,8.0,0.008300637,-0.12762313,0.002741238
1687,-3.0,3.4285715,8.0,0.01117259,-0.13343485,0.0045405193
1688,-3.0,4.0,8.0,0.023870911,-0.12602447,0.0068098335
1689,-3.0,0.0,7.3846154,-0.024737062,-0.12821473,-0.00434456
1690,-3.0,0.5714286,7.3846154,-0.011657469,-0.12798923,-0.0031174542
1691,-3.0,1.1428572,7.3846154,-0.009829595,-0.12989917,-0.0016452692
1692,-3.0,1.7142857,7.3846154,-0.00058479456,-0.12767813,-0.00011176019
1693,-3.0,2.2857144,7.3846154,-0.0003117954,-0.1315758,0.0011384194
1694,-3.0,2.857143,7.3846154,0.009079682,-0.12574774,0.0026829792
1695,-3.0,3.4285715,7.3846154,0.011588091,-0.13243882,0.0037865925
1696,-3.0,4.0,7.3846154,0.024719203,-0.12385205,0.004620587
1697,-3.0,0.0,6.769231,-0.0248917,-0.12698784,-0.0037014764
1698,-3.0,0.5714286,6.769231,-0.011440385,-0.12651195,-0.0024494783
1699,-3.0,1.1428572,6.769231,-0.010114703,-0.12870204,-0.0012564686
1700,-3.0,1.7142857,6.769231,-0.00024391148,-0.1261674,-0.00013090408
1701,-3.0,2.2857144,6.769231,-0.0004163539,-0.13060701,0.001095423
1702,-3.0,2.857143,6.769231,0.009550192,-0.12407129,0.0020860003
1703,-3.0,3.4285715,6.769231,0.011687861,-0.13170274,0.0032538993
1704,-3.0,4.0,6.769231,0.025192484,-0.12235985,0.004461781
1705,-3.0,0.0,6.1538463,-0.024844555,-0.12598643,-0.0026731642
1706,-3.0,0.5714286,6.1538463,-0.0114014745,-0.12543018,-0.0018833863
1707,-3.0,1.1428572,6.1538463,-0.01011737,-0.12776472,-0.0009850593
1708,-3.0,1.7142857,6.1538463,-0.00024389419,-0.12513678,-6.116076e-05
1709,-3.0,2.2857144,6.1538463,-0.00040048396,-0.12965068,0.00080812536
1710,-3.0,2.857143,6.1538463,0.0096115675,-0.12314872,0.0017042245
1711,-3.0,3.4285715,6.1538463,0.011663523,-0.1306786,0.002421712
1712,-3.0,4.0,6.1538463,0.025167443,-0.121336974,0.0030864207
1713,-3.0,0.0,5.5384617,-0.024706101,-0.12523264,-0.0019548286
1714,-3.0,0.5714286,5.5384617,-0.011394366,-0.12476325,-0.0013625042
1715,-3.0,1.1428572,5.5384617,-0.010082171,-0.12701993,-0.0007209457
1716,-3.0,1.7142857,5.5384617,-0.00026931523,-0.12448216,-8.738706e-05
1717,-3.0,2.2857144,5.5384617,-0.000391119,-0.12893549,0.00055740174
1718,-3.0,2.857143,5.5384617,0.009544287,-0.12247212,0.0011442472
1719,-3.0,3.4285715,5.5384617,0.011682782,-0.13001351,0.0017854123
1720,-3.0,4.0,5.5384617,0.025068123,-0.12075876,0.0023576454
1721,-3.0,0.0,4.923077,-0.024649302,-0.12476808,-0.0012014889
1722,-3.0,0.5714286,4.923077,-0.011388278,-0.12430785,-0.0008754732
1723,-3.0,1.1428572,4.923077,-0.010047476,-0.12657946,-0.000506549
1724,-3.0,1.7142857,4.923077,-0.00030767205,-0.12405742,-0.00012713663
1725,-3.0,2.2857144,4.923077,-0.00038456474,-0.12847118,0.0002600568
1726,-3.0,2.857143,4.923077,0.009492976,-0.12209745,0.0006267608
1727,-3.0,3.4285715,4.923077,0.011643284,-0.12949514,0.0009102805
1728,-3.0,4.0,4.923077,0.024986664,-0.12035188,0.0011871494
1729,-3.0,0.0,4.3076925,-0.02461821,-0.12453928,-0.00054595753
1730,-3.0,0.5714286,4.3076925,-0.011387634,-0.124104254,-0.0004371187
1731,-3.0,1.1428572,4.3076925,-0.010048398,-0.12635644,-0.0003083765
1732,-3.0,1.7142857,4.3076925,-0.00032370182,-0.12385645,-0.00017819028
1733,-3.0,2.2857144,4.3076925,-0.00040385223,-0.12825686,-5.929161e-05
1734,-3.0,2.857143,4.3076925,0.009456053,-0.12188818,6.090548e-05
1735,-3.0,3.4285715,4.3076925,0.011623963,-0.12929802,0.00022767688
1736,-3.0,4.0,4.3076925,0.024941426,-0.12016732,0.00034795317
1737,-3.0,0.0,3.6923077,-0.02463572,-0.12453917,0.00011987
1738,-3.0,0.5714286,3.6923077,-0.011404988,-0.12410419,1.18498e-05
1739,-3.0,1.1428572,3.6923077,-0.010065821,-0.12635623,-0.00011813124
1740,-3.0,1.7142857,3.6923077,-0.00034101945,-0.12385637,-0.00024755741
1741,-3.0,2.2857144,3.6923077,-0.00042132786,-0.12825671,-0.00036746234
1742,-3.0,2.857143,3.6923077,0.009438759,-0.121888,-0.00048704082
1743,-3.0,3.4285715,3.6923077,0.0116064735,-0.12929802,-0.00065475004
1744,-3.0,4.0,3.6923077,0.024924032,-0.1201672,-0.0007745744
1745,-3.0,0.0,3.0769231,-0.024701335,-0.12476757,0.0007761938
1746,-3.0,0.5714286,3.0769231,-0.011440248,-0.124307655,0.0004496002
1747,-3.0,1.1428572,3.0769231,-0.010099696,-0.12657894,8.057484e-05
1748,-3.0,1.7142857,3.0769231,-0.0003597621,-0.12405716,-0.00029906371
1749,-3.0,2.2857144,3.0769231,-0.0004368143,-0.12847072,-0.0006863873
1750,-3.0,2.857143,3.0769231,0.009440821,-0.12209707,-0.001053256
1751,-3.0,3.4285715,3.0769231,0.011590977,-0.12949473,-0.0013369948
1752,-3.0,4.0,3.0769231,0.024934415,-0.12035135,-0.0016141592
1753,-3.0,0.0,2.4615386,-0.024793118,-0.12523171,0.0015293874
1754,-3.0,0.5714286,2.4615386,-0.01148111,-0.12476302,0.0009365419
1755,-3.0,1.1428572,2.4615386,-0.010169173,-0.12701905,0.00029515437
1756,-3.0,1.7142857,2.4615386,-0.00035612955,-0.12448175,-0.0003389949
1757,-3.0,2.2857144,2.4615386,-0.0004782388,-0.1289348,-0.0009835
1758,-3.0,2.857143,2.4615386,0.00945743,-0.122471325,-0.001570935
1759,-3.0,3.4285715,2.4615386,0.011595582,-0.13001321,-0.0022118783
1760,-3.0,4.0,2.4615386,0.024980968,-0.12075791,-0.0027847753
1761,-3.0,0.0,1.8461539,-0.024965955,-0.12598522,0.002247988
1762,-3.0,0.5714286,1.8461539,-0.011522986,-0.12542988,0.001457501
1763,-3.0,1.1428572,1.8461539,-0.010239054,-0.12776348,0.00055916543
1764,-3.0,1.7142857,1.8461539,-0.00036560238,-0.1251363,-0.00036508378
1765,-3.0,2.2857144,1.8461539,-0.00052228465,-0.12964962,-0.0012343144
1766,-3.0,2.857143,1.8461539,0.009489727,-0.123147905,-0.0021307508
1767,-3.0,3.4285715,1.8461539,0.011541556,-0.13067779,-0.0028482962
1768,-3.0,4.0,1.8461539,0.025045346,-0.12133582,-0.003513589
1769,-3.0,0.0,1.2307693,-0.025047896,-0.12698625,0.0032760536
1770,-3.0,0.5714286,1.2307693,-0.011596888,-0.12651162,0.0020235272
1771,-3.0,1.1428572,1.2307693,-0.010270951,-0.1287005,0.0008306799
1772,-3.0,1.7142857,1.2307693,-0.0004005947,-0.12616682,-0.000295408
1773,-3.0,2.2857144,1.2307693,-0.0005727752,-0.13060573,-0.0015215024
1774,-3.0,2.857143,1.2307693,0.009393346,-0.124070264,-0.0025125765
1775,-3.0,3.4285715,1.2307693,0.011531266,-0.13170183,-0.0036803633
1776,-3.0,4.0,1.2307693,0.02503516,-0.12235891,-0.0048887734
1777,-3.0,0.0,0.61538464,-0.024927549,-0.12821282,0.0039193947
1778,-3.0,0.5714286,0.61538464,-0.011848837,-0.12798895,0.002691576
1779,-3.0,1.1428572,0.61538464,-0.0100204395,-0.12989724,0.0012193985
1780,-3.0,1.7142857,0.61538464,-0.0007764644,-0.12767757,-0.0003144678
1781,-3.0,2.2857144,0.61538464,-0.0005028029,-0.13157415,-0.0015645217
1782,-3.0,2.857143,0.61538464,0.008887788,-0.12574674,-0.0031094826
1783,-3.0,3.4285715,0.61538464,0.011396813,-0.13243754,-0.004213042
1784,-3.0,4.0,0.61538464,0.024526918,-0.12385062,-0.005047838
1785,-3.0,0.0,0.0,-0.02451635,-0.12998624,0.0054672197
1786,-3.0,0.5714286,0.0,-0.011901046,-0.1297459,0.0032162813
1787,-3.0,1.1428572,0.0,-0.009864556,-0.13149051,0.0014938586
1788,-3.0,1.7142857,0.0,-0.0011916885,-0.1294875,-2.4884664e-06
1789,-3.0,2.2857144,0.0,-0.00069106976,-0.13291948,-0.002047086
1790,-3.0,2.857143,0.0,0.008073725,-0.12762235,-0.0031676053
1791,-3.0,3.4285715,0.0,0.010946873,-0.13343297,-0.004967032
1792,-3.0,4.0,0.0,0.023643427,-0.12602392,-0.0072366344
1793,-2.4,0.0,8.0,-0.016689207,-0.1394982,-0.005632446
1794,-2.4,0.5714286,8.0,-0.013550645,-0.14142579,-0.00404652
1795,-2.4,1.1428572,8.0,-0.004301746,-0.14047505,-0.0019450941
1796,-2.4,1.7142857,8.0,-0.004912909,-0.14325662,0.00014315752
1797,-2.4,2.2857144,8.0,0.0030085538,-0.13921085,0.0017219641
1798,-2.4,2.857143,8.0,0.0025921839,-0.14494288,0.0039875
1799,-2.4,3.4285715,8.0,0.0124448575,-0.1365893,0.005321592
1800,-2.4,4.0,8.0,0.016797971,-0.14448525,0.0061287223
1801,-2.4,0.0,7.3846154,-0.016556298,-0.1375072,-0.00507104
1802,-2.4,0.5714286,7.3846154,-0.013890373,-0.13950862,-0.0032014279
1803,-2.4,1.1428572,7.3846154,-0.0039833207,-0.13843265,-0.0015391404
1804,-2.4,1.7142857,7.3846154,-0.004828279,-0.14157715,6.828313e-05
1805,-2.4,2.2857144,7.3846154,0.0037352424,-0.13713188,0.0017878889
1806,-2.4,2.857143,7.3846154,0.0030025006,-0.14363,0.0031384947
1807,-2.4,3.4285715,7.3846154,0.01359584,-0.13435633,0.004746794
1808,-2.4,4.0,7.3846154,0.017391149,-0.14391415,0.0064696902
1809,-2.4,0.0,6.769231,-0.016255133,-0.13584714,-0.003749181
1810,-2.4,0.5714286,6.769231,-0.014186169,-0.13810298,-0.0025734957
1811,-2.4,1.1428572,6.769231,-0.00369724,-0.13679893,-0.0012283174
1812,-2.4,1.7142857,6.769231,-0.0050614774,-0.1403385,0.00016827414
1813,-2.4,2.2857144,6.769231,0.0041918126,-0.13537122,0.001437381
1814,-2.4,2.857143,6.769231,0.0029727397,-0.14275293,0.0027626627
1815,-2.4,3.4285715,6.769231,0.01408957,-0.13236922,0.003803368
1816,-2.4,4.0,6.769231,0.017419914,-0.14295438,0.004767942
1817,-2.4,0.0,6.1538463,-0.016131807,-0.13468316,-0.0029376647
1818,-2.4,0.5714286,6.1538463,-0.014171655,-0.13706557,-0.0019443046
1819,-2.4,1.1428572,6.1538463,-0.0037128988,-0.13566303,-0.0009319889
1820,-2.4,1.7142857,6.1538463,-0.005058553,-0.13931647,0.000115864525
1821,-2.4,2.2857144,6.1538463,0.004162712,-0.13430393,0.0011469786
1822,-2.4,2.857143,6.1538463,0.0029690294,-0.14165464,0.0020994628
1823,-2.4,3.4285715,6.1538463,0.014140827,-0.13144872,0.0030738884
1824,-2.4,4.0,6.1538463,0.01732528,-0.14200772,0.003972765
1825,-2.4,0.0,5.5384617,-0.016140657,-0.13394043,-0.0020018632
1826,-2.4,0.5714286,5.5384617,-0.014110796,-0.1362803,-0.001397806
1827,-2.4,1.1428572,5.5384617,-0.003731424,-0.13496839,-0.0007002698
1828,-2.4,1.7142857,5.5384617,-0.0050549926,-0.1385518,4.9035574e-05
1829,-2.4,2.2857144,5.5384617,0.00412546,-0.13360956,0.00077341415
1830,-2.4,2.857143,5.5384617,0.0029527834,-0.14092599,0.0014801379
1831,-2.4,3.4285715,5.5384617,0.014015266,-0.13070787,0.0020514715
1832,-2.4,4.0,5.5384617,0.017331613,-0.14117768,0.0025920211
1833,-2.4,0.0,4.923077,-0.016105466,-0.13346331,-0.0012899435
1834,-2.4,0.5714286,4.923077,-0.014069384,-0.13582316,-0.0009097543
1835,-2.4,1.1428572,4.923077,-0.003762595,-0.13452101,-0.00049611466
1836,-2.4,1.7142857,4.923077,-0.00503732,-0.13809055,-4.6739504e-05
1837,-2.4,2.2857144,4.923077,0.0040543466,-0.13320094,0.0003762502
1838,-2.4,2.857143,4.923077,0.002941833,-0.14041741,0.0007943645
1839,-2.4,3.4285715,4.923077,0.013970067,-0.13037181,0.0012210715
1840,-2.4,4.0,4.923077,0.017275138,-0.14069884,0.0015713889
1841,-2.4,0.0,4.3076925,-0.016117249,-0.13324322,-0.000555099
1842,-2.4,0.5714286,4.3076925,-0.014061262,-0.13559486,-0.00044897353
1843,-2.4,1.1428572,4.3076925,-0.003772811,-0.13431743,-0.000314366
1844,-2.4,1.7142857,4.3076925,-0.0050541474,-0.13787161,-0.00017376247
1845,-2.4,2.2857144,4.3076925,0.0040302775,-0.13299714,-1.8531771e-05
1846,-2.4,2.857143,4.3076925,0.0029086394,-0.1402117,0.000117241034
1847,-2.4,3.4285715,4.3076925,0.013913922,-0.13015318,0.00019185271
1848,-2.4,4.0,4.3076925,0.0172629,-0.14046511,0.00027986045
1849,-2.4,0.0,3.6923077,-0.016134359,-0.13324304,9.626093e-05
1850,-2.4,0.5714286,3.6923077,-0.014078681,-0.13559468,-1.1643327e-05
1851,-2.4,1.1428572,3.6923077,-0.0037901006,-0.13431734,-0.00014501378
1852,-2.4,1.7142857,3.6923077,-0.0050716545,-0.13787141,-0.00028700908
1853,-2.4,2.2857144,3.6923077,0.00401302,-0.13299696,-0.00044123436
1854,-2.4,2.857143,3.6923077,0.0028910744,-0.14021161,-0.0005780839
1855,-2.4,3.4285715,3.6923077,0.013896668,-0.13015279,-0.0006519094
1856,-2.4,4.0,3.6923077,0.017245328,-0.140465,-0.00074098434
1857,-2.4,0.0,3.0769231,-0.016157597,-0.13346305,0.00083000463
1858,-2.4,0.5714286,3.0769231,-0.014121639,-0.13582264,0.00045001565
1859,-2.4,1.1428572,3.0769231,-0.003814616,-0.1345207,3.6020374e-05
1860,-2.4,1.7142857,3.0769231,-0.0050895815,-0.13809001,-0.0004134
1861,-2.4,2.2857144,3.0769231,0.0040022414,-0.13320053,-0.00083652115
1862,-2.4,2.857143,3.0769231,0.0028895831,-0.14041689,-0.0012547136
1863,-2.4,3.4285715,3.0769231,0.013917946,-0.13037126,-0.0016815464
1864,-2.4,4.0,3.0769231,0.01722273,-0.1406985,-0.0020320483
1865,-2.4,0.0,2.4615386,-0.016227117,-0.13394013,0.0015422516
1866,-2.4,0.5714286,2.4615386,-0.014197792,-0.13627934,0.00093813427
1867,-2.4,1.1428572,2.4615386,-0.0038181692,-0.13496792,0.00024002307
1868,-2.4,1.7142857,2.4615386,-0.0051421216,-0.13855094,-0.0005089289
1869,-2.4,2.2857144,2.4615386,0.004038668,-0.1336088,-0.0012338812
1870,-2.4,2.857143,2.4615386,0.0028655434,-0.14092542,-0.0019401987
1871,-2.4,3.4285715,2.4615386,0.013928445,-0.13070649,-0.00251216
1872,-2.4,4.0,2.4615386,0.017244238,-0.14117728,-0.0030525199
1873,-2.4,0.0,1.8461539,-0.016253432,-0.13468267,0.0024777416
1874,-2.4,0.5714286,1.8461539,-0.014293388,-0.13706431,0.0014845887
1875,-2.4,1.1428572,1.8461539,-0.0038344718,-0.13566247,0.00047189227
1876,-2.4,1.7142857,1.8461539,-0.005180377,-0.13931523,-0.00057586003
1877,-2.4,2.2857144,1.8461539,0.004040998,-0.1343031,-0.0016072628
1878,-2.4,2.857143,1.8461539,0.0028471192,-0.14165358,-0.0025596146
1879,-2.4,3.4285715,1.8461539,0.014019053,-0.13144739,-0.0035343536
1880,-2.4,4.0,1.8461539,0.017203059,-0.14200723,-0.0044332203
1881,-2.4,0.0,1.2307693,-0.016411273,-0.13584663,0.0032896057
1882,-2.4,0.5714286,1.2307693,-0.014342424,-0.13810141,0.002113844
1883,-2.4,1.1428572,1.2307693,-0.0038537877,-0.13679823,0.0007681344
1884,-2.4,1.7142857,1.2307693,-0.005217907,-0.14033704,-0.0006281345
1885,-2.4,2.2857144,1.2307693,0.004035099,-0.13537014,-0.0018977039
1886,-2.4,2.857143,1.2307693,0.0028161365,-0.14275175,-0.0032226574
1887,-2.4,3.4285715,1.2307693,0.01393266,-0.13236758,-0.0042638956
1888,-2.4,4.0,1.2307693,0.017263044,-0.1429531,-0.005228551
1889,-2.4,0.0,0.61538464,-0.01674766,-0.13750656,0.004611118
1890,-2.4,0.5714286,0.61538464,-0.014081305,-0.1395067,0.0027417168
1891,-2.4,1.1428572,0.61538464,-0.0041747526,-0.13843194,0.0010790593
1892,-2.4,1.7142857,0.61538464,-0.0050193635,-0.1415753,-0.00052818
1893,-2.4,2.2857144,0.61538464,0.0035435618,-0.1371308,-0.0022480958
1894,-2.4,2.857143,0.61538464,0.0028112552,-0.14362843,-0.003598493
1895,-2.4,3.4285715,0.61538464,0.013403972,-0.13435464,-0.0052072345
1896,-2.4,4.0,0.61538464,0.017199427,-0.1439133,-0.006929916
1897,-2.4,0.0,0.0,-0.016915271,-0.13949765,0.0051728687
1898,-2.4,0.5714286,0.0,-0.013775893,-0.1414235,0.003586871
1899,-2.4,1.1428572,0.0,-0.004528321,-0.14047433,0.0014849418
1900,-2.4,1.7142857,0.0,-0.0051383856,-0.14325435,-0.00060295366
1901,-2.4,2.2857144,0.0,0.0027817527,-0.13920993,-0.0021821358
1902,-2.4,2.857143,0.0,0.0023664956,-0.14494069,-0.004447474
1903,-2.4,3.4285715,0.0,0.012217805,-0.13658805,-0.0057818387
1904,-2.4,4.0,0.0,0.016571937,-0.14448272,-0.0065893955
1905,-1.8,0.0,8.0,-0.017007524,-0.14939448,-0.006684798
1906,-1.8,0.5714286,8.0,-0.006556506,-0.14962669,-0.003934787
1907,-1.8,1.1428572,8.0,-0.0074469727,-0.15186091,-0.0017407478
1908,-1.8,1.7142857,8.0,-3.2359196e-05,-0.14955771,0.00055677927
1909,-1.8,2.2857144,8.0,-0.0022136657,-0.1543041,0.0028811882
1910,-1.8,2.857143,8.0,0.0053702616,-0.14728615,0.0044705747
1911,-1.8,3.4285715,8.0,0.005260058,-0.15638307,0.0068252124
1912,-1.8,4.0,8.0,0.017077,-0.14441939,0.009171429
1913,-1.8,0.0,7.3846154,-0.017381204,-0.14716695,-0.005024856
1914,-1.8,0.5714286,7.3846154,-0.0063719526,-0.14733997,-0.0033247136
1915,-1.8,1.1428572,7.3846154,-0.0074761617,-0.1497904,-0.0013689979
1916,-1.8,1.7142857,7.3846154,0.0005842208,-0.14720322,0.00061072555
1917,-1.8,2.2857144,7.3846154,-0.0017640116,-0.15259491,0.002408164
1918,-1.8,2.857143,7.3846154,0.00647563,-0.14491573,0.0042462777
1919,-1.8,3.4285715,7.3846154,0.0059109456,-0.15533397,0.0055938964
1920,-1.8,4.0,7.3846154,0.01853086,-0.14139871,0.0069009806
1921,-1.8,0.0,6.769231,-0.01749168,-0.1455599,-0.004061859
1922,-1.8,0.5714286,6.769231,-0.0061247763,-0.14559965,-0.0025846555
1923,-1.8,1.1428572,6.769231,-0.0077852546,-0.14833201,-0.0010503138
1924,-1.8,1.7142857,6.769231,0.0009339883,-0.14538737,0.00050100527
1925,-1.8,2.2857144,6.769231,-0.0020242461,-0.1513726,0.002074256
1926,-1.8,2.857143,6.769231,0.006992433,-0.14281099,0.0034558917
1927,-1.8,3.4285715,6.769231,0.005971696,-0.15463452,0.0048563806
1928,-1.8,4.0,6.769231,0.01885416,-0.13944918,0.006093179
1929,-1.8,0.0,6.1538463,-0.01751727,-0.14443529,-0.002898185
1930,-1.8,0.5714286,6.1538463,-0.006097569,-0.14440463,-0.0019690292
1931,-1.8,1.1428572,6.1538463,-0.0077880602,-0.1472599,-0.00081252836
1932,-1.8,1.7142857,6.1538463,0.00088482356,-0.14424013,0.00038538285
1933,-1.8,2.2857144,6.1538463,-0.0020034134,-0.15029772,0.0015819485
1934,-1.8,2.857143,6.1538463,0.006874302,-0.14175338,0.0026978315
1935,-1.8,3.4285715,6.1538463,0.005841134,-0.15337214,0.0036396792
1936,-1.8,4.0,6.1538463,0.018930571,-0.13830893,0.004508596
1937,-1.8,0.0,5.5384617,-0.017402045,-0.14362219,-0.002091249
1938,-1.8,0.5714286,5.5384617,-0.006115449,-0.1436805,-0.0014140729
1939,-1.8,1.1428572,5.5384617,-0.0077750734,-0.14648983,-0.0006055738
1940,-1.8,1.7142857,5.5384617,0.0008501717,-0.14355451,0.00022564753
1941,-1.8,2.2857144,5.5384617,-0.0020412428,-0.14955518,0.0010786775
1942,-1.8,2.857143,5.5384617,0.006829779,-0.14106204,0.0018452232
1943,-1.8,3.4285715,5.5384617,0.005861547,-0.15266663,0.0026162732
1944,-1.8,4.0,5.5384617,0.01870474,-0.13771866,0.003198156
1945,-1.8,0.0,4.923077,-0.017404001,-0.14315362,-0.0012592614
1946,-1.8,0.5714286,4.923077,-0.0061214673,-0.14322987,-0.00091422285
1947,-1.8,1.1428572,4.923077,-0.0077561205,-0.14604437,-0.0004499325
1948,-1.8,1.7142857,4.923077,0.00079025025,-0.14314468,4.438016e-05
1949,-1.8,2.2857144,4.923077,-0.002034716,-0.14910185,0.00055624096
1950,-1.8,2.857143,4.923077,0.0067134122,-0.14071669,0.0010249631
1951,-1.8,3.4285715,4.923077,0.005804686,-0.15213667,0.0013825091
1952,-1.8,4.0,4.923077,0.018765595,-0.13735883,0.0016840261
1953,-1.8,0.0,4.3076925,-0.01738372,-0.14292285,-0.0006049832
1954,-1.8,0.5714286,4.3076925,-0.0061317943,-0.1430272,-0.00046856017
1955,-1.8,1.1428572,4.3076925,-0.0077656046,-0.14583322,-0.00031104003
1956,-1.8,1.7142857,4.3076925,0.0007708223,-0.14295502,-0.00014462657
1957,-1.8,2.2857144,4.3076925,-0.0020683438,-0.14890455,1.7461974e-05
1958,-1.8,2.857143,4.3076925,0.006685197,-0.14052731,0.00016616602
1959,-1.8,3.4285715,4.3076925,0.0057820072,-0.15194924,0.00035404143
1960,-1.8,4.0,4.3076925,0.018671142,-0.13718061,0.0004815361
1961,-1.8,0.0,3.6923077,-0.017401442,-0.14292279,0.00011001449
1962,-1.8,0.5714286,3.6923077,-0.0061490647,-0.1430271,-2.4320156e-05
1963,-1.8,1.1428572,3.6923077,-0.0077831163,-0.14583303,-0.00018393589
1964,-1.8,1.7142857,3.6923077,0.0007535949,-0.14295486,-0.00034875967
1965,-1.8,2.2857144,3.6923077,-0.0020859388,-0.14890438,-0.00051241805
1966,-1.8,2.857143,3.6923077,0.006668041,-0.14052692,-0.0006599027
1967,-1.8,3.4285715,3.6923077,0.005764409,-0.1519493,-0.00084890233
1968,-1.8,4.0,3.6923077,0.01865394,-0.1371801,-0.00097534637
1969,-1.8,0.0,3.0769231,-0.017455967,-0.14315312,0.0007659568
1970,-1.8,0.5714286,3.0769231,-0.006173463,-0.14322956,0.0004200822
1971,-1.8,1.1428572,3.0769231,-0.0078083836,-0.14604384,-4.400426e-05
1972,-1.8,1.7142857,3.0769231,0.00073817535,-0.14314425,-0.00053857727
1973,-1.8,2.2857144,3.0769231,-0.0020870338,-0.14910117,-0.0010504666
1974,-1.8,2.857143,3.0769231,0.0066613327,-0.14071603,-0.0015192468
1975,-1.8,3.4285715,3.0769231,0.0057524093,-0.15213604,-0.0018767716
1976,-1.8,4.0,3.0769231,0.018713374,-0.13735782,-0.0021784087
1977,-1.8,0.0,2.4615386,-0.017489316,-0.1436212,0.0015973917
1978,-1.8,0.5714286,2.4615386,-0.006202227,-0.14368007,0.0009200065
1979,-1.8,1.1428572,2.4615386,-0.007862116,-0.14648895,0.00011178071
1980,-1.8,1.7142857,2.4615386,0.0007633675,-0.14355381,-0.000719995
1981,-1.8,2.2857144,2.4615386,-0.0021284919,-0.14955424,-0.0015726109
1982,-1.8,2.857143,2.4615386,0.0067431014,-0.14106068,-0.0023396474
1983,-1.8,3.4285715,2.4615386,0.0057742903,-0.15266635,-0.0031102446
1984,-1.8,4.0,2.4615386,0.018617833,-0.13771676,-0.0036926935
1985,-1.8,0.0,1.8461539,-0.01763871,-0.14443414,0.0024048372
1986,-1.8,0.5714286,1.8461539,-0.00621911,-0.14440404,0.0014749729
1987,-1.8,1.1428572,1.8461539,-0.0079098735,-0.14725865,0.00031864963
1988,-1.8,1.7142857,1.8461539,0.0007631857,-0.14423932,-0.00087955705
1989,-1.8,2.2857144,1.8461539,-0.0021254271,-0.1502963,-0.0020759013
1990,-1.8,2.857143,1.8461539,0.0067526717,-0.14175202,-0.003192055
1991,-1.8,3.4285715,1.8461539,0.0057190745,-0.15337123,-0.004133698
1992,-1.8,4.0,1.8461539,0.018808715,-0.13830642,-0.0050030816
1993,-1.8,0.0,1.2307693,-0.017648246,-0.14555837,0.0035680796
1994,-1.8,0.5714286,1.2307693,-0.006281293,-0.1455989,0.0020905987
1995,-1.8,1.1428572,1.2307693,-0.007941608,-0.14833057,0.000556539
1996,-1.8,1.7142857,1.2307693,0.00077731925,-0.14538626,-0.0009952035
1997,-1.8,2.2857144,1.2307693,-0.0021808373,-0.1513711,-0.00256806
1998,-1.8,2.857143,1.2307693,0.006835734,-0.14280921,-0.0039500752
1999,-1.8,3.4285715,1.2307693,0.005815024,-0.15463343,-0.005350189
2000,-1.8,4.0,1.2307693,0.018696997,-0.13944738,-0.006587397
2001,-1.8,0.0,0.61538464,-0.017571894,-0.14716527,0.004531521
2002,-1.8,0.5714286,0.61538464,-0.006563228,-0.14733915,0.0028306623
2003,-1.8,1.1428572,0.61538464,-0.007667293,-0.14978859,0.0008751945
2004,-1.8,1.7142857,0.61538464,0.00039272534,-0.1472021,-0.001104816
2005,-1.8,2.2857144,0.61538464,-0.0019554268,-0.15259302,-0.0029019343
2006,-1.8,2.857143,0.61538464,0.006283996,-0.14491388,-0.004740268
2007,-1.8,3.4285715,0.61538464,0.005719333,-0.15533267,-0.006087687
2008,-1.8,4.0,0.61538464,0.01833881,-0.14139545,-0.0073955436
2009,-1.8,0.0,0.0,-0.017233,-0.14939228,0.0061909347
2010,-1.8,0.5714286,0.0,-0.0067830263,-0.14962584,0.0034407
2011,-1.8,1.1428572,0.0,-0.0076723173,-0.15185875,0.0012470827
2012,-1.8,1.7142857,0.0,-0.00025915532,-0.14955662,-0.0010508865
2013,-1.8,2.2857144,0.0,-0.0024393369,-0.1543016,-0.0033747486
2014,-1.8,2.857143,0.0,0.005143402,-0.14728469,-0.004964531
2015,-1.8,3.4285715,0.0,0.0050342716,-0.15638062,-0.0073189447
2016,-1.8,4.0,0.0,0.016849564,-0.14441831,-0.009665342
2017,-1.2,0.0,8.0,-0.008370124,-0.15645057,-0.006522129
2018,-1.2,0.5714286,8.0,-0.007973782,-0.15793554,-0.0041520754
2019,-1.2,1.1428572,8.0,-0.0015414046,-0.15736993,-0.0012586068
2020,-1.2,1.7142857,8.0,-0.004012896,-0.16118625,0.0012680901
2021,-1.2,2.2857144,8.0,0.0021572432,-0.15742427,0.003989286
2022,-1.2,2.857143,8.0,-0.0012928238,-0.16554166,0.006582169
2023,-1.2,3.4285715,8.0,0.00655829,-0.15350287,0.007873702
2024,-1.2,4.0,8.0,0.009066014,-0.16713169,0.009392194
2025,-1.2,0.0,7.3846154,-0.008151473,-0.15391687,-0.005398073
2026,-1.2,0.5714286,7.3846154,-0.008163146,-0.15553918,-0.0032510476
2027,-1.2,1.1428572,7.3846154,-0.0011582641,-0.1547841,-0.0010881044
2028,-1.2,1.7142857,7.3846154,-0.0037721882,-0.15894766,0.0011491087
2029,-1.2,2.2857144,7.3846154,0.0030390732,-0.1546733,0.0034421529
2030,-1.2,2.857143,7.3846154,-0.00037314623,-0.16388081,0.00547727
2031,-1.2,3.4285715,7.3846154,0.008268636,-0.15069467,0.00742636
2032,-1.2,4.0,7.3846154,0.009757366,-0.1671137,0.008888985
2033,-1.2,0.0,6.769231,-0.007947105,-0.1521435,-0.0039990908
2034,-1.2,0.5714286,6.769231,-0.008409709,-0.15390034,-0.0025667073
2035,-1.2,1.1428572,6.769231,-0.00093352323,-0.15292095,-0.0008578782
2036,-1.2,1.7142857,6.769231,-0.0040732925,-0.15751928,0.00095001404
2037,-1.2,2.2857144,6.769231,0.003362172,-0.15269653,0.0027520151
2038,-1.2,2.857143,6.769231,-0.00084033026,-0.16278768,0.0044940775
2039,-1.2,3.4285715,6.769231,0.008577005,-0.1480139,0.0058861077
2040,-1.2,4.0,6.769231,0.010002399,-0.16625184,0.007346926
2041,-1.2,0.0,6.1538463,-0.007856769,-0.1508759,-0.0030292794
2042,-1.2,0.5714286,6.1538463,-0.008408211,-0.15278038,-0.0019244867
2043,-1.2,1.1428572,6.1538463,-0.00095937954,-0.15175445,-0.0006647566
2044,-1.2,1.7142857,6.1538463,-0.0040718676,-0.15646884,0.0007067465
2045,-1.2,2.2857144,6.1538463,0.0032830248,-0.15162644,0.0020688716
2046,-1.2,2.857143,6.1538463,-0.0007935651,-0.16175584,0.0033687213
2047,-1.2,3.4285715,6.1538463,0.008420875,-0.14711021,0.00455295
2048,-1.2,4.0,6.1538463,0.009438683,-0.16511177,0.0054153227
2049,-1.2,0.0,5.5384617,-0.007912927,-0.15013021,-0.0020321594
2050,-1.2,0.5714286,5.5384617,-0.0083811255,-0.1520227,-0.0013701353
2051,-1.2,1.1428572,5.5384617,-0.0009849439,-0.151072,-0.00052585365
2052,-1.2,1.7142857,5.5384617,-0.0041053244,-0.15576111,0.00044970767
2053,-1.2,2.2857144,5.5384617,0.0032507214,-0.15102014,0.0013903378
2054,-1.2,2.857143,5.5384617,-0.0009070993,-0.16112831,0.0023424444
2055,-1.2,3.4285715,5.5384617,0.00833314,-0.1465583,0.003002075
2056,-1.2,4.0,5.5384617,0.009898206,-0.1643494,0.0035372402
2057,-1.2,0.0,4.923077,-0.007897883,-0.14966157,-0.0013164905
2058,-1.2,0.5714286,4.923077,-0.00836604,-0.1515886,-0.00090509315
2059,-1.2,1.1428572,4.923077,-0.0010212417,-0.15067714,-0.00039616472
2060,-1.2,1.7142857,4.923077,-0.0041011893,-0.1553544,0.00016379377
2061,-1.2,2.2857144,4.923077,0.0031673722,-0.15070051,0.00073378085
2062,-1.2,2.857143,4.923077,-0.0009047789,-0.16074218,0.0012512255
2063,-1.2,3.4285715,4.923077,0.0082071,-0.14633347,0.0017458608
2064,-1.2,4.0,4.923077,0.009633058,-0.1638734,0.002093471
2065,-1.2,0.0,4.3076925,-0.007927654,-0.14945966,-0.0005700557
2066,-1.2,0.5714286,4.3076925,-0.008369718,-0.15138756,-0.00046551498
2067,-1.2,1.1428572,4.3076925,-0.0010365094,-0.15049805,-0.0003112209
2068,-1.2,1.7142857,4.3076925,-0.00412709,-0.15517567,-0.000117370255
2069,-1.2,2.2857144,4.3076925,0.003146647,-0.15054688,6.253932e-05
2070,-1.2,2.857143,4.3076925,-0.0009583032,-0.16059129,0.00026170144
2071,-1.2,3.4285715,4.3076925,0.008171763,-0.14619043,0.00033248283
2072,-1.2,4.0,4.3076925,0.009765705,-0.16368781,0.0003821843
2073,-1.2,0.0,3.6923077,-0.00794448,-0.1494594,4.401285e-05
2074,-1.2,0.5714286,3.6923077,-0.0083872955,-0.15138744,-6.3971056e-05
2075,-1.2,1.1428572,3.6923077,-0.0010536821,-0.15049791,-0.00021551971
2076,-1.2,1.7142857,3.6923077,-0.004144734,-0.15517554,-0.0004118303
2077,-1.2,2.2857144,3.6923077,0.0031294988,-0.15054655,-0.0005899283
2078,-1.2,2.857143,3.6923077,-0.00097602094,-0.16059114,-0.0007908055
2079,-1.2,3.4285715,3.6923077,0.008154707,-0.1461896,-0.00086011743
2080,-1.2,4.0,3.6923077,0.009747874,-0.16368803,-0.0009109406
2081,-1.2,0.0,3.0769231,-0.0079503935,-0.14966135,0.0007878956
2082,-1.2,0.5714286,3.0769231,-0.008418172,-0.15158817,0.00037753544
2083,-1.2,1.1428572,3.0769231,-0.0010733837,-0.15067686,-0.00013205723
2084,-1.2,1.7142857,3.0769231,-0.0041534253,-0.15535381,-0.0006917887
2085,-1.2,2.2857144,3.0769231,0.003115183,-0.15069996,-0.001262061
2086,-1.2,2.857143,3.0769231,-0.00095710135,-0.16074108,-0.0017794629
2087,-1.2,3.4285715,3.0769231,0.008155238,-0.14633216,-0.0022741926
2088,-1.2,4.0,3.0769231,0.009580744,-0.16387269,-0.0026214854
2089,-1.2,0.0,2.4615386,-0.007999464,-0.15012997,0.0015046273
2090,-1.2,0.5714286,2.4615386,-0.008468051,-0.15202197,0.00084224547
2091,-1.2,1.1428572,2.4615386,-0.0010719001,-0.15107146,-2.2905353e-06
2092,-1.2,1.7142857,2.4615386,-0.0041923677,-0.15576026,-0.0009776098
2093,-1.2,2.2857144,2.4615386,0.0031637633,-0.15101911,-0.0019186003
2094,-1.2,2.857143,2.4615386,-0.00099447,-0.16112697,-0.0028704673
2095,-1.2,3.4285715,2.4615386,0.0082468,-0.14655547,-0.0035302937
2096,-1.2,4.0,2.4615386,0.009810576,-0.16434917,-0.0040652035
2097,-1.2,0.0,1.8461539,-0.007978933,-0.15087537,0.0025009625
2098,-1.2,0.5714286,1.8461539,-0.008529851,-0.15277936,0.0013967647
2099,-1.2,1.1428572,1.8461539,-0.0010811235,-0.15175384,0.00013661594
2100,-1.2,1.7142857,1.8461539,-0.004193708,-0.15646754,-0.0012345868
2101,-1.2,2.2857144,1.8461539,0.0031612027,-0.1516254,-0.0025971076
2102,-1.2,2.857143,1.8461539,-0.0009157272,-0.16175386,-0.003896407
2103,-1.2,3.4285715,1.8461539,0.008299641,-0.14710735,-0.0050810897
2104,-1.2,4.0,1.8461539,0.009316338,-0.16511177,-0.005943161
2105,-1.2,0.0,1.2307693,-0.008103327,-0.15214291,0.003471408
2106,-1.2,0.5714286,1.2307693,-0.008565982,-0.15389913,0.0020388474
2107,-1.2,1.1428572,1.2307693,-0.0010902557,-0.15292001,0.00032979358
2108,-1.2,1.7142857,1.2307693,-0.004229722,-0.15751801,-0.0014778463
2109,-1.2,2.2857144,1.2307693,0.003205276,-0.15269497,-0.0032800762
2110,-1.2,2.857143,1.2307693,-0.000997098,-0.16278584,-0.0050217235
2111,-1.2,3.4285715,1.2307693,0.008420464,-0.14801097,-0.0064139664
2112,-1.2,4.0,1.2307693,0.009845417,-0.16624984,-0.007874718
2113,-1.2,0.0,0.61538464,-0.00834327,-0.15391608,0.0048698015
2114,-1.2,0.5714286,0.61538464,-0.008354165,-0.15553766,0.0027232945
2115,-1.2,1.1428572,0.61538464,-0.0013497119,-0.15478322,0.00056001137
2116,-1.2,1.7142857,0.61538464,-0.0039635124,-0.1589459,-0.0016768428
2117,-1.2,2.2857144,0.61538464,0.002847401,-0.15467179,-0.0039701187
2118,-1.2,2.857143,0.61538464,-0.00056487595,-0.16387863,-0.006004829
2119,-1.2,3.4285715,0.61538464,0.0080772145,-0.15069106,-0.007953849
2120,-1.2,4.0,0.61538464,0.009565083,-0.16711387,-0.009416057
2121,-1.2,0.0,0.0,-0.008596297,-0.15644978,0.005994415
2122,-1.2,0.5714286,0.0,-0.008198973,-0.1579338,0.003624306
2123,-1.2,1.1428572,0.0,-0.0017682654,-0.15736888,0.00073048327
2124,-1.2,1.7142857,0.0,-0.004238356,-0.16118418,-0.0017955793
2125,-1.2,2.2857144,0.0,0.0019300092,-0.15742286,-0.004517296
2126,-1.2,2.857143,0.0,-0.0015187564,-0.16553831,-0.007109103
2127,-1.2,3.4285715,0.0,0.0063315164,-0.15350048,-0.008401248
2128,-1.2,4.0,0.0,0.008839739,-0.16712764,-0.009919688
2129,-0.6,0.0,8.0,-0.006328842,-0.16058865,-0.0069788247
2130,-0.6,0.5714286,8.0,-0.0018054573,-0.1618958,-0.0037936182
2131,-0.6,1.1428572,8.0,-0.0030824547,-0.16452049,-0.0012329494
2132,-0.6,1.7142857,8.0,0.0004707015,-0.16314633,0.0022354445
2133,-0.6,2.2857144,8.0,-0.0019927023,-0.16970053,0.0050042192
2134,-0.6,2.857143,8.0,0.0026601453,-0.16477823,0.008614244
2135,-0.6,3.4285715,8.0,-0.0022158124,-0.17974712,0.012168185
2136,-0.6,4.0,8.0,0.008590595,-0.15967445,0.013166127
2137,-0.6,0.0,7.3846154,-0.0065224627,-0.15797766,-0.005327471
2138,-0.6,0.5714286,7.3846154,-0.0016790321,-0.15920556,-0.0032810487
2139,-0.6,1.1428572,7.3846154,-0.0030749706,-0.16194269,-0.00080102036
2140,-0.6,1.7142857,7.3846154,0.00086181954,-0.16023369,0.0016358077
2141,-0.6,2.2857144,7.3846154,-0.001621888,-0.1672904,0.004283629
2142,-0.6,2.857143,7.3846154,0.0035494082,-0.16135941,0.007035085
2143,-0.6,3.4285715,7.3846154,-0.00080224406,-0.17824493,0.009249308
2144,-0.6,4.0,7.3846154,0.011629348,-0.1555043,0.012021755
2145,-0.6,0.0,6.769231,-0.0065602795,-0.15612005,-0.0041582915
2146,-0.6,0.5714286,6.769231,-0.0015796905,-0.15730111,-0.0024973
2147,-0.6,1.1428572,6.769231,-0.0032428107,-0.16037981,-0.0006993703
2148,-0.6,1.7142857,6.769231,0.0009934937,-0.15829355,0.0013274016
2149,-0.6,2.2857144,6.769231,-0.0019036292,-0.1660235,0.0033431754
2150,-0.6,2.857143,6.769231,0.0037066506,-0.15944722,0.0053950506
2151,-0.6,3.4285715,6.769231,-0.0016841956,-0.17765276,0.007305908
2152,-0.6,4.0,6.769231,0.01045356,-0.15241812,0.008470364
2153,-0.6,0.0,6.1538463,-0.006618379,-0.15495339,-0.0028967424
2154,-0.6,0.5714286,6.1538463,-0.0015652316,-0.15613191,-0.0019178803
2155,-0.6,1.1428572,6.1538463,-0.003267849,-0.15928946,-0.00051989895
2156,-0.6,1.7142857,6.1538463,0.0009685526,-0.15722373,0.0009359919
2157,-0.6,2.2857144,6.1538463,-0.0018997492,-0.16512176,0.0025173163
2158,-0.6,2.857143,6.1538463,0.003644979,-0.15857208,0.0039793393
2159,-0.6,3.4285715,6.1538463,-0.0016009883,-0.17699675,0.005243383
2160,-0.6,4.0,6.1538463,0.011352437,-0.15191944,0.005853615
2161,-0.6,0.0,5.5384617,-0.0065722773,-0.15417959,-0.002091633
2162,-0.6,0.5714286,5.5384617,-0.001592912,-0.15542047,-0.0013581129
2163,-0.6,1.1428572,5.5384617,-0.0032745714,-0.15860462,-0.00042751615
2164,-0.6,1.7142857,5.5384617,0.0009378867,-0.15663487,0.0006030065
2165,-0.6,2.2857144,5.5384617,-0.0019655006,-0.16453056,0.0016725938
2166,-0.6,2.857143,5.5384617,0.003619655,-0.15820071,0.0026716415
2167,-0.6,3.4285715,5.5384617,-0.0018110266,-0.17657012,0.0035923107
2168,-0.6,4.0,5.5384617,0.0108227,-0.15187375,0.00409151
2169,-0.6,0.0,4.923077,-0.0066021434,-0.15374388,-0.0012293179
2170,-0.6,0.5714286,4.923077,-0.0016022967,-0.15503336,-0.00090178667
2171,-0.6,1.1428572,4.923077,-0.0032840741,-0.1582078,-0.0003498333
2172,-0.6,1.7142857,4.923077,0.00090045994,-0.15632086,0.00024297964
2173,-0.6,2.2857144,4.923077,-0.001972485,-0.16420847,0.0008822334
2174,-0.6,2.857143,4.923077,0.0035491227,-0.15802243,0.0014785851
2175,-0.6,3.4285715,4.923077,-0.0018240986,-0.17637278,0.0018950516
2176,-0.6,4.0,4.923077,0.011135265,-0.15186672,0.0020001093
2177,-0.6,0.0,4.3076925,-0.0066023804,-0.15353976,-0.0006412663
2178,-0.6,0.5714286,4.3076925,-0.0016200404,-0.15485153,-0.00047627153
2179,-0.6,1.1428572,4.3076925,-0.003298987,-0.15803933,-0.0003058173
2180,-0.6,1.7142857,4.3076925,0.0008809971,-0.15617672,-0.00010108479
2181,-0.6,2.2857144,4.3076925,-0.0020065883,-0.16407825,0.00010491049
2182,-0.6,2.857143,4.3076925,0.0035300395,-0.15794092,0.0002779862
2183,-0.6,3.4285715,4.3076925,-0.0018863431,-0.17627317,0.0004935326
2184,-0.6,4.0,4.3076925,0.010981797,-0.1518487,0.0006781363
2185,-0.6,0.0,3.6923077,-0.006620518,-0.15353988,7.66762e-05
2186,-0.6,0.5714286,3.6923077,-0.0016370654,-0.15485153,-8.324805e-05
2187,-0.6,1.1428572,3.6923077,-0.0033166467,-0.1580392,-0.00025795866
2188,-0.6,1.7142857,3.6923077,0.0008637879,-0.15617675,-0.0004596056
2189,-0.6,2.2857144,3.6923077,-0.0020241695,-0.16407786,-0.00066813885
2190,-0.6,2.857143,3.6923077,0.0035127366,-0.15794086,-0.0008392921
2191,-0.6,3.4285715,3.6923077,-0.001903838,-0.17627262,-0.0010566214
2192,-0.6,4.0,3.6923077,0.0109648695,-0.15184738,-0.0012393051
2193,-0.6,0.0,3.0769231,-0.0066536968,-0.15374365,0.0006687453
2194,-0.6,0.5714286,3.0769231,-0.001654523,-0.15503325,0.00033935625
2195,-0.6,1.1428572,3.0769231,-0.0033362657,-0.15820764,-0.0002118115
2196,-0.6,1.7142857,3.0769231,0.00084824546,-0.1563204,-0.0008052378
2197,-0.6,2.2857144,3.0769231,-0.0020247959,-0.16420822,-0.001444147
2198,-0.6,2.857143,3.0769231,0.0034968068,-0.1580213,-0.0020408707
2199,-0.6,3.4285715,3.0769231,-0.0018764391,-0.17637154,-0.002457298
2200,-0.6,4.0,3.0769231,0.011083323,-0.15186287,-0.0025620405
2201,-0.6,0.0,2.4615386,-0.0066596847,-0.15417902,0.0015292434
2202,-0.6,0.5714286,2.4615386,-0.001680041,-0.1554202,0.00079631637
2203,-0.6,1.1428572,2.4615386,-0.003361244,-0.15860406,-0.00013440785
2204,-0.6,1.7142857,2.4615386,0.0008504582,-0.15663458,-0.0011650719
2205,-0.6,2.2857144,2.4615386,-0.002052211,-0.16452947,-0.0022346014
2206,-0.6,2.857143,2.4615386,0.003531989,-0.15819994,-0.0032335662
2207,-0.6,3.4285715,2.4615386,-0.0018977529,-0.17656724,-0.004154552
2208,-0.6,4.0,2.4615386,0.010736411,-0.15186705,-0.0046534333
2209,-0.6,0.0,1.8461539,-0.006739494,-0.15495266,0.0023351877
2210,-0.6,0.5714286,1.8461539,-0.0016871134,-0.15613148,0.0013558166
2211,-0.6,1.1428572,1.8461539,-0.00338952,-0.15928875,-4.202294e-05
2212,-0.6,1.7142857,1.8461539,0.0008465645,-0.15722308,-0.0014980516
2213,-0.6,2.2857144,1.8461539,-0.0020216045,-0.16512083,-0.0030790844
2214,-0.6,2.857143,1.8461539,0.003522698,-0.15857048,-0.0045415685
2215,-0.6,3.4285715,1.8461539,-0.0017229911,-0.17699464,-0.005804503
2216,-0.6,4.0,1.8461539,0.0112311095,-0.15190996,-0.0064158584
2217,-0.6,0.0,1.2307693,-0.0067170565,-0.15611924,0.0035962835
2218,-0.6,0.5714286,1.2307693,-0.0017365173,-0.15730049,0.0019351258
2219,-0.6,1.1428572,1.2307693,-0.003398916,-0.16037896,0.00013763689
2220,-0.6,1.7142857,1.2307693,0.0008362789,-0.15829274,-0.0018895828
2221,-0.6,2.2857144,1.2307693,-0.0020599023,-0.16602221,-0.003904862
2222,-0.6,2.857143,1.2307693,0.0035490661,-0.15944593,-0.0059571024
2223,-0.6,3.4285715,1.2307693,-0.0018405941,-0.17764947,-0.007866974
2224,-0.6,4.0,1.2307693,0.010297048,-0.15241432,-0.009032463
2225,-0.6,0.0,0.61538464,-0.0067130392,-0.15797654,0.0047655553
2226,-0.6,0.5714286,0.61538464,-0.0018705153,-0.15920493,0.0027192207
2227,-0.6,1.1428572,0.61538464,-0.0032661292,-0.1619416,0.00023885722
2228,-0.6,1.7142857,0.61538464,0.00067013403,-0.16023274,-0.0021974717
2229,-0.6,2.2857144,0.61538464,-0.0018134449,-0.16728914,-0.0048457333
2230,-0.6,2.857143,0.61538464,0.0033574055,-0.161357,-0.0075964304
2231,-0.6,3.4285715,0.61538464,-0.0009941662,-0.17824367,-0.009811245
2232,-0.6,4.0,0.61538464,0.011437699,-0.15549347,-0.012582222
2233,-0.6,0.0,0.0,-0.0065545575,-0.1605876,0.0064170817
2234,-0.6,0.5714286,0.0,-0.0020322541,-0.16189499,0.0032310877
2235,-0.6,1.1428572,0.0,-0.0033076059,-0.16451918,0.0006716802
2236,-0.6,1.7142857,0.0,0.000243195,-0.16314554,-0.0027980588
2237,-0.6,2.2857144,0.0,-0.0022181,-0.16969824,-0.0055648275
2238,-0.6,2.857143,0.0,0.0024317352,-0.16477741,-0.009177099
2239,-0.6,3.4285715,0.0,-0.0024413418,-0.17974055,-0.012727164
2240,-0.6,4.0,0.0,0.008362971,-0.15967047,-0.013726318
2241,0.0,0.0,8.0,0.00012014755,-0.16321264,-0.0067721456
2242,0.0,0.5714286,8.0,0.000119975055,-0.1643964,-0.0043080286
2243,0.0,1.1428572,8.0,0.00012043389,-0.16422918,-0.0005236649
2244,0.0,1.7142857,8.0,0.00012012762,-0.16874824,0.0018775382
2245,0.0,2.2857144,8.0,0.000120890574,-0.16651964,0.0062180012
2246,0.0,2.857143,8.0,0.00012025358,-0.17707573,0.008907991
2247,0.0,3.4285715,8.0,0.000121806945,-0.17107533,0.014352996
2248,0.0,4.0,8.0,0.00012024009,-0.20340142,0.02093394
2249,0.0,0.0,7.3846154,0.00010346547,-0.16058679,-0.0056249895
2250,0.0,0.5714286,7.3846154,0.00010233787,-0.16163117,-0.0030626636
2251,0.0,1.1428572,7.3846154,0.00010328173,-0.1614373,-0.00092346483
2252,0.0,1.7142857,7.3846154,0.00010243515,-0.16606122,0.0020405427
2253,0.0,2.2857144,7.3846154,0.000103547834,-0.1632541,0.0044695735
2254,0.0,2.857143,7.3846154,0.0001025207,-0.1748022,0.007619113
2255,0.0,3.4285715,7.3846154,0.00010391752,-0.16612266,0.010966805
2256,0.0,4.0,7.3846154,0.000101626865,-0.20444342,0.012381342
2257,0.0,0.0,6.769231,8.532298e-05,-0.15863115,-0.003956405
2258,0.0,0.5714286,6.769231,8.535633e-05,-0.16003783,-0.0026162677
2259,0.0,1.1428572,6.769231,8.551992e-05,-0.15943041,-0.00052526174
2260,0.0,1.7142857,6.769231,8.539115e-05,-0.16466764,0.0013483014
2261,0.0,2.2857144,6.769231,8.5786654e-05,-0.16134678,0.0036573664
2262,0.0,2.857143,6.769231,8.5403815e-05,-0.17376006,0.0057981415
2263,0.0,3.4285715,6.769231,8.627779e-05,-0.165216,0.0076701622
2264,0.0,4.0,6.769231,8.498404e-05,-0.2047661,0.008789288
2265,0.0,0.0,6.1538463,6.869213e-05,-0.15751119,-0.0030875932
2266,0.0,0.5714286,6.1538463,6.761389e-05,-0.15881349,-0.0018371069
2267,0.0,1.1428572,6.1538463,6.844742e-05,-0.15837227,-0.0005411197
2268,0.0,1.7142857,6.1538463,6.7666384e-05,-0.16364726,0.0010792685
2269,0.0,2.2857144,6.1538463,6.866016e-05,-0.16038445,0.0026438362
2270,0.0,2.857143,6.1538463,6.76057e-05,-0.17332469,0.004197775
2271,0.0,3.4285715,6.1538463,6.915046e-05,-0.16409898,0.005685857
2272,0.0,4.0,6.1538463,6.654925e-05,-0.20491105,0.006441402
2273,0.0,0.0,5.5384617,5.0314095e-05,-0.15666549,-0.0019948415
2274,0.0,0.5714286,5.5384617,5.0772116e-05,-0.15817952,-0.001360242
2275,0.0,1.1428572,5.5384617,5.0582545e-05,-0.1576882,-0.00041690504
2276,0.0,1.7142857,5.5384617,5.068638e-05,-0.16303565,0.00067416654
2277,0.0,2.2857144,5.5384617,5.084107e-05,-0.16000263,0.0017361854
2278,0.0,2.857143,5.5384617,5.0546354e-05,-0.17266047,0.0028704312
2279,0.0,3.4285715,5.5384617,5.136463e-05,-0.16441129,0.003676194
2280,0.0,4.0,5.5384617,4.9903403e-05,-0.20481233,0.0038100334
2281,0.0,0.0,4.923077,3.3936496e-05,-0.15630552,-0.001327803
2282,0.0,0.5714286,4.923077,3.29004e-05,-0.15772307,-0.00090515474
2283,0.0,1.1428572,4.923077,3.3531483e-05,-0.15737103,-0.0003376582
2284,0.0,1.7142857,4.923077,3.304169e-05,-0.16269657,0.0002581717
2285,0.0,2.2857144,4.923077,3.3518143e-05,-0.15971464,0.00094129343
2286,0.0,2.857143,4.923077,3.310112e-05,-0.17259368,0.001519146
2287,0.0,3.4285715,4.923077,3.363767e-05,-0.16421856,0.0020537572
2288,0.0,4.0,4.923077,3.2544063e-05,-0.2048265,0.0024459483
2289,0.0,0.0,4.3076925,1.5085112e-05,-0.15607777,-0.0005900699
2290,0.0,0.5714286,4.3076925,1.6297876e-05,-0.15757059,-0.00047320046
2291,0.0,1.1428572,4.3076925,1.5578613e-05,-0.15720321,-0.00033808668
2292,0.0,1.7142857,4.3076925,1.6040163e-05,-0.16254734,-8.185254e-05
2293,0.0,2.2857144,4.3076925,1.5774458e-05,-0.15965077,8.271142e-05
2294,0.0,2.857143,4.3076925,1.590993e-05,-0.17243499,0.00032651357
2295,0.0,3.4285715,4.3076925,1.5962263e-05,-0.16429693,0.0004367284
2296,0.0,4.0,4.3076925,1.5790685e-05,-0.20481634,0.00029659405
2297,0.0,0.0,3.6923077,2.7343264e-35,-0.15607792,-1.1181349e-36
2298,0.0,0.5714286,3.6923077,-2.409702e-06,-0.15757084,-0.00012592098
2299,0.0,1.1428572,3.6923077,-8.981699e-07,-0.1572031,-0.00025556536
2300,0.0,1.7142857,3.6923077,-2.063855e-06,-0.16254736,-0.0005158227
2301,0.0,2.2857144,3.6923077,-1.1550501e-06,-0.15965077,-0.0006772186
2302,0.0,2.857143,3.6923077,-1.9286324e-06,-0.17243496,-0.00092349865
2303,0.0,3.4285715,3.6923077,-1.2801174e-06,-0.16429664,-0.001031576
2304,0.0,4.0,3.6923077,-1.9968872e-06,-0.20481634,-0.00089320895
2305,0.0,0.0,3.0769231,-1.9954598e-05,-0.15630548,0.00073020713
2306,0.0,0.5714286,3.0769231,-1.8373717e-05,-0.15772325,0.00031055408
2307,0.0,1.1428572,3.0769231,-1.9324712e-05,-0.15737097,-0.00025897185
2308,0.0,1.7142857,3.0769231,-1.8700004e-05,-0.1626966,-0.00085371255
2309,0.0,2.2857144,3.0769231,-1.9220972e-05,-0.15971445,-0.001537401
2310,0.0,2.857143,3.0769231,-1.881962e-05,-0.17259374,-0.002114841
2311,0.0,3.4285715,3.0769231,-1.9293471e-05,-0.16421834,-0.002649498
2312,0.0,4.0,3.0769231,-1.8396631e-05,-0.20482615,-0.003041692
2313,0.0,0.0,2.4615386,-3.5686808e-05,-0.15666537,0.001399822
2314,0.0,0.5714286,2.4615386,-3.6560366e-05,-0.15817928,0.00076378597
2315,0.0,1.1428572,2.4615386,-3.6280693e-05,-0.15768825,-0.00017867258
2316,0.0,1.7142857,2.4615386,-3.6339974e-05,-0.16303541,-0.0012703452
2317,0.0,2.2857144,2.4615386,-3.661371e-05,-0.16000271,-0.0023318536
2318,0.0,2.857143,2.4615386,-3.6157788e-05,-0.1726601,-0.0034664294
2319,0.0,3.4285715,2.4615386,-3.7153113e-05,-0.1644115,-0.004271749
2320,0.0,4.0,2.4615386,-3.559273e-05,-0.20481211,-0.004405857
2321,0.0,0.0,1.8461539,-5.4526725e-05,-0.15751095,0.002490975
2322,0.0,0.5714286,1.8461539,-5.3323576e-05,-0.15881334,0.0012413829
2323,0.0,1.1428572,1.8461539,-5.404644e-05,-0.15837201,-5.504347e-05
2324,0.0,1.7142857,1.8461539,-5.353513e-05,-0.1636471,-0.0016750128
2325,0.0,2.2857144,1.8461539,-5.4155465e-05,-0.16038424,-0.0032399842
2326,0.0,2.857143,1.8461539,-5.3570202e-05,-0.17332466,-0.0047932756
2327,0.0,3.4285715,1.8461539,-5.4513348e-05,-0.16409872,-0.0062818895
2328,0.0,4.0,1.8461539,-5.283213e-05,-0.2049112,-0.0070368275
2329,0.0,0.0,1.2307693,-7.061148e-05,-0.15863083,0.0033606966
2330,0.0,0.5714286,1.2307693,-7.1238384e-05,-0.1600375,0.0020200775
2331,0.0,1.1428572,1.2307693,-7.1113725e-05,-0.15943012,-7.060238e-05
2332,0.0,1.7142857,1.2307693,-7.119012e-05,-0.16466735,-0.0019444154
2333,0.0,2.2857144,1.2307693,-7.1386654e-05,-0.16134642,-0.004253086
2334,0.0,2.857143,1.2307693,-7.124569e-05,-0.17375974,-0.0063943705
2335,0.0,3.4285715,1.2307693,-7.176603e-05,-0.16521628,-0.008265447
2336,0.0,4.0,1.2307693,-7.109834e-05,-0.20476487,-0.009385073
2337,0.0,0.0,0.61538464,-8.9302375e-05,-0.16058648,0.0050286176
2338,0.0,0.5714286,0.61538464,-8.804712e-05,-0.1616308,0.0024666863
2339,0.0,1.1428572,0.61538464,-8.8904126e-05,-0.16143687,0.00032742464
2340,0.0,1.7142857,0.61538464,-8.826382e-05,-0.16606082,-0.0026364792
2341,0.0,2.2857144,0.61538464,-8.9127316e-05,-0.16325355,-0.0050655184
2342,0.0,2.857143,0.61538464,-8.8369656e-05,-0.17480192,-0.008215067
2343,0.0,3.4285715,0.61538464,-8.950223e-05,-0.16612084,-0.011562625
2344,0.0,4.0,0.61538464,-8.7677414e-05,-0.20444691,-0.012976796
2345,0.0,0.0,0.0,-0.000105531966,-0.16321202,0.0061760535
2346,0.0,0.5714286,0.0,-0.00010576762,-0.16439591,0.0037121258
2347,0.0,1.1428572,0.0,-0.000106116226,-0.16422881,-7.252292e-05
2348,0.0,1.7142857,0.0,-0.00010583197,-0.16874751,-0.002473219
2349,0.0,2.2857144,0.0,-0.00010656445,-0.16651945,-0.0068143676
2350,0.0,2.857143,0.0,-0.000105974745,-0.17707403,-0.009502983
2351,0.0,3.4285715,0.0,-0.00010739269,-0.17107642,-0.014950426
2352,0.0,4.0,0.0,-0.00010608497,-0.20339149,-0.021526169
2353,0.6,0.0,8.0,0.006568883,-0.1605879,-0.0070134248
2354,0.6,0.5714286,8.0,0.0020464056,-0.16189535,-0.0038270925
2355,0.6,1.1428572,8.0,0.0033221592,-0.16451961,-0.0012677048
2356,0.6,1.7142857,8.0,-0.00022921138,-0.1631458,0.002202111
2357,0.6,2.2857144,8.0,0.0022328102,-0.16969895,0.0049688546
2358,0.6,2.857143,8.0,-0.0024178955,-0.16477738,0.008581184
2359,0.6,3.4285715,8.0,0.0024562695,-0.17974253,0.012131362
2360,0.6,4.0,8.0,-0.008349265,-0.1596683,0.013130903
2361,0.6,0.0,7.3846154,0.0067275004,-0.15797678,-0.005361324
2362,0.6,0.5714286,7.3846154,0.001884912,-0.15920526,-0.0033154238
2363,0.6,1.1428572,7.3846154,0.003280252,-0.16194192,-0.0008347191
2364,0.6,1.7142857,7.3846154,-0.0006556124,-0.16023307,0.0016013166
2365,0.6,2.2857144,7.3846154,0.0018274882,-0.1672895,0.0042499965
2366,0.6,2.857143,7.3846154,-0.0033428376,-0.16135739,0.0070002186
2367,0.6,3.4285715,7.3846154,0.0010082339,-0.17824383,0.0092155505
2368,0.6,4.0,7.3846154,-0.011423591,-0.1554943,0.011986698
2369,0.6,0.0,6.769231,0.006731063,-0.15611953,-0.004192694
2370,0.6,0.5714286,6.769231,0.0017510039,-0.15730071,-0.0025310386
2371,0.6,1.1428572,6.769231,0.0034131121,-0.16037914,-0.0007337241
2372,0.6,1.7142857,6.769231,-0.00082190137,-0.15829304,0.0012937215
2373,0.6,2.2857144,6.769231,0.0020740991,-0.16602221,0.003308771
2374,0.6,2.857143,6.769231,-0.00353463,-0.15944633,0.005361357
2375,0.6,3.4285715,6.769231,0.0018545805,-0.17764875,0.0072710444
2376,0.6,4.0,6.769231,-0.010282597,-0.15241413,0.008437077
2377,0.6,0.0,6.1538463,0.0067540365,-0.1549527,-0.0029309306
2378,0.6,0.5714286,6.1538463,0.0017014256,-0.15613163,-0.0019518937
2379,0.6,1.1428572,6.1538463,0.0034037465,-0.15928888,-0.0005539466
2380,0.6,1.7142857,6.1538463,-0.0008321627,-0.15722314,0.0009021132
2381,0.6,2.2857144,6.1538463,0.0020357978,-0.165121,0.002483154
2382,0.6,2.857143,6.1538463,-0.003508343,-0.15857016,0.003945757
2383,0.6,3.4285715,6.1538463,0.0017372557,-0.17699498,0.005208747
2384,0.6,4.0,6.1538463,-0.011217118,-0.15190811,0.005820126
2385,0.6,0.0,5.5384617,0.0066738543,-0.15417911,-0.0021256593
2386,0.6,0.5714286,5.5384617,0.0016943844,-0.15542023,-0.001392157
2387,0.6,1.1428572,5.5384617,0.0033755975,-0.15860409,-0.00046152
2388,0.6,1.7142857,5.5384617,-0.00083622645,-0.15663457,0.00056905753
2389,0.6,2.2857144,5.5384617,0.0020665717,-0.16452946,0.0016388331
2390,0.6,2.857143,5.5384617,-0.0035177425,-0.15819997,0.0026375924
2391,0.6,3.4285715,5.5384617,0.001912023,-0.17656681,0.0035590543
2392,0.6,4.0,5.5384617,-0.0107222255,-0.15186669,0.004057601
2393,0.6,0.0,4.923077,0.006668317,-0.15374365,-0.0012638695
2394,0.6,0.5714286,4.923077,0.0016687769,-0.15503314,-0.0009355825
2395,0.6,1.1428572,4.923077,0.0033506302,-0.1582076,-0.00038397903
2396,0.6,1.7142857,4.923077,-0.00083397405,-0.15632036,0.00020928003
2397,0.6,2.2857144,4.923077,0.002039125,-0.16420819,0.00084818294
2398,0.6,2.857143,4.923077,-0.0034825536,-0.15802112,0.0014451871
2399,0.6,3.4285715,4.923077,0.0018907986,-0.17637165,0.0018613585
2400,0.6,4.0,4.923077,-0.011069241,-0.15186244,0.0019663838
2401,0.6,0.0,4.3076925,0.006634707,-0.15353951,-0.00067469163
2402,0.6,0.5714286,4.3076925,0.0016517612,-0.15485148,-0.0005105742
2403,0.6,1.1428572,4.3076925,0.003330642,-0.15803902,-0.0003396672
2404,0.6,1.7142857,4.3076925,-0.000849185,-0.15617676,-0.00013500158
2405,0.6,2.2857144,4.3076925,0.0020381783,-0.16407765,7.1169576e-05
2406,0.6,2.857143,4.3076925,-0.0034981463,-0.15794088,0.00024437017
2407,0.6,3.4285715,4.3076925,0.0019178432,-0.17627217,0.0004599094
2408,0.6,4.0,4.3076925,-0.01095045,-0.1518467,0.0006445166
2409,0.6,0.0,3.6923077,0.0066163773,-0.1535398,4.107729e-05
2410,0.6,0.5714286,3.6923077,0.001634691,-0.1548514,-0.00011629392
2411,0.6,1.1428572,3.6923077,0.0033130117,-0.15803933,-0.00029260112
2412,0.6,1.7142857,3.6923077,-0.00086644036,-0.15617654,-0.0004929928
2413,0.6,2.2857144,3.6923077,0.0020206452,-0.16407818,-0.00070227
2414,0.6,2.857143,3.6923077,-0.003515507,-0.15794063,-0.0008725915
2415,0.6,3.4285715,3.6923077,0.0019003988,-0.17627287,-0.0010904054
2416,0.6,4.0,3.6923077,-0.010967458,-0.15184754,-0.0012728594
2417,0.6,0.0,3.0769231,0.0066167186,-0.15374376,0.0006351758
2418,0.6,0.5714286,3.0769231,0.0016164425,-0.15503335,0.00030506655
2419,0.6,1.1428572,3.0769231,0.0032984505,-0.15820768,-0.0002457219
2420,0.6,1.7142857,3.0769231,-0.00088620395,-0.15632072,-0.00083909376
2421,0.6,2.2857144,3.0769231,0.0019867984,-0.1642083,-0.0014780317
2422,0.6,2.857143,3.0769231,-0.0035348255,-0.15802214,-0.0020744556
2423,0.6,3.4285715,3.0769231,0.001838363,-0.17637251,-0.0024907005
2424,0.6,4.0,3.0769231,-0.011121055,-0.15186535,-0.0025958363
2425,0.6,0.0,2.4615386,0.0065863803,-0.15417938,0.0014948047
2426,0.6,0.5714286,2.4615386,0.0016072828,-0.1554203,0.00076240057
2427,0.6,1.1428572,2.4615386,0.0032888355,-0.1586044,-0.0001684549
2428,0.6,1.7142857,2.4615386,-0.00092360284,-0.15663472,-0.001199007
2429,0.6,2.2857144,2.4615386,0.0019798188,-0.16453028,-0.002268382
2430,0.6,2.857143,2.4615386,-0.003605398,-0.15820053,-0.003267529
2431,0.6,3.4285715,2.4615386,0.0018253543,-0.17656948,-0.0041879867
2432,0.6,4.0,2.4615386,-0.010808554,-0.15187435,-0.0046873097
2433,0.6,0.0,1.8461539,0.00663284,-0.15495305,0.0023010478
2434,0.6,0.5714286,1.8461539,0.0015795426,-0.15613165,0.001321844
2435,0.6,1.1428572,1.8461539,0.0032820527,-0.15928912,-7.6178716e-05
2436,0.6,1.7142857,1.8461539,-0.0009541502,-0.15722351,-0.0015317949
2437,0.6,2.2857144,1.8461539,0.0019139085,-0.16512139,-0.003113369
2438,0.6,2.857143,1.8461539,-0.0036305208,-0.15857182,-0.0045749582
2439,0.6,3.4285715,1.8461539,0.0016150966,-0.17699638,-0.0058393776
2440,0.6,4.0,1.8461539,-0.011338139,-0.1519174,-0.006449044
2441,0.6,0.0,1.2307693,0.006574277,-0.1561197,0.003561988
2442,0.6,0.5714286,1.2307693,0.0015941467,-0.15730074,0.0019011892
2443,0.6,1.1428572,1.2307693,0.0032569726,-0.16037947,0.00010349725
2444,0.6,1.7142857,1.2307693,-0.000979095,-0.15829308,-0.0019234894
2445,0.6,2.2857144,1.2307693,0.001917792,-0.16602314,-0.003938949
2446,0.6,2.857143,1.2307693,-0.003692241,-0.15944676,-0.005991097
2447,0.6,3.4285715,1.2307693,0.0016984097,-0.17765212,-0.00790127
2448,0.6,4.0,1.2307693,-0.010439483,-0.15241784,-0.009066128
2449,0.6,0.0,0.61538464,0.00653703,-0.1579771,0.00473144
2450,0.6,0.5714286,0.61538464,0.0016932263,-0.15920514,0.0026851161
2451,0.6,1.1428572,0.61538464,0.0030893118,-0.1619422,0.00020486867
2452,0.6,1.7142857,0.61538464,-0.000847604,-0.1602332,-0.0022316033
2453,0.6,2.2857144,0.61538464,0.001636275,-0.16728991,-0.004879705
2454,0.6,2.857143,0.61538464,-0.00353528,-0.16135839,-0.007630741
2455,0.6,3.4285715,0.61538464,0.0008166338,-0.17824495,-0.0098453285
2456,0.6,4.0,0.61538464,-0.011615113,-0.15550104,-0.012616653
2457,0.6,0.0,0.0,0.0063426653,-0.1605883,0.0063828253
2458,0.6,0.5714286,0.0,0.0018200878,-0.16189526,0.0031972516
2459,0.6,1.1428572,0.0,0.0030964077,-0.16451986,0.0006373006
2460,0.6,1.7142857,0.0,-0.00045604422,-0.16314593,-0.0028317883
2461,0.6,2.2857144,0.0,0.0020065252,-0.16969942,-0.005599579
2462,0.6,2.857143,0.0,-0.0026452646,-0.16477829,-0.009210703
2463,0.6,3.4285715,0.0,0.0022293048,-0.17974395,-0.012762985
2464,0.6,4.0,0.0,-0.008575763,-0.15967664,-0.013761923
2465,1.2,0.0,8.0,0.008610585,-0.15645014,-0.006590222
2466,1.2,0.5714286,8.0,0.008213511,-0.15793402,-0.0042204466
2467,1.2,1.1428572,8.0,0.0017822714,-0.15736917,-0.0013264577
2468,1.2,1.7142857,8.0,0.004253021,-0.16118458,0.0011995552
2469,1.2,2.2857144,8.0,-0.0019161155,-0.15742284,0.0039213873
2470,1.2,2.857143,8.0,0.0015335369,-0.16553922,0.0065130843
2471,1.2,3.4285715,8.0,-0.006317682,-0.15349972,0.007805555
2472,1.2,4.0,8.0,-0.008825201,-0.16712962,0.0093236705
2473,1.2,0.0,7.3846154,0.00835753,-0.15391631,-0.005466244
2474,1.2,0.5714286,7.3846154,0.008368445,-0.15553792,-0.0033191761
2475,1.2,1.1428572,7.3846154,0.0013641109,-0.15478341,-0.0011561697
2476,1.2,1.7142857,7.3846154,0.003977673,-0.15894614,0.0010810149
2477,1.2,2.2857144,7.3846154,-0.0028329527,-0.15467201,0.003373976
2478,1.2,2.857143,7.3846154,0.00057902647,-0.16387877,0.005409069
2479,1.2,3.4285715,7.3846154,-0.008062856,-0.15069126,0.0073579242
2480,1.2,4.0,7.3846154,-0.009550991,-0.16711365,0.008820615
2481,1.2,0.0,6.769231,0.008118041,-0.15214312,-0.004067195
2482,1.2,0.5714286,6.769231,0.008580079,-0.1538992,-0.0026350361
2483,1.2,1.1428572,6.769231,0.0011047232,-0.15292028,-0.0009256806
2484,1.2,1.7142857,6.769231,0.0042438786,-0.157518,0.0008817394
2485,1.2,2.2857144,6.769231,-0.0031908515,-0.15269524,0.002684272
2486,1.2,2.857143,6.769231,0.0010112404,-0.16278559,0.0044256877
2487,1.2,3.4285715,6.769231,-0.008406138,-0.14801131,0.0058182576
2488,1.2,4.0,6.769231,-0.009831406,-0.16624977,0.007278883
2489,1.2,0.0,6.1538463,0.007993062,-0.15087548,-0.003097315
2490,1.2,0.5714286,6.1538463,0.008544275,-0.15277949,-0.0019926939
2491,1.2,1.1428572,6.1538463,0.001095376,-0.15175381,-0.0007326702
2492,1.2,1.7142857,6.1538463,0.004208035,-0.15646768,0.00063868624
2493,1.2,2.2857144,6.1538463,-0.003146963,-0.15162525,0.0020011172
2494,1.2,2.857143,6.1538463,0.00093007716,-0.16175406,0.0033006186
2495,1.2,3.4285715,6.1538463,-0.008285597,-0.1471066,0.0044852523
2496,1.2,4.0,6.1538463,-0.009301912,-0.16511235,0.005347566
2497,1.2,0.0,5.5384617,0.008013979,-0.15013002,-0.0021004875
2498,1.2,0.5714286,5.5384617,0.00848234,-0.15202187,-0.0014383123
2499,1.2,1.1428572,5.5384617,0.0010861923,-0.15107152,-0.0005936844
2500,1.2,1.7142857,5.5384617,0.0042067114,-0.15576017,0.00038165043
2501,1.2,2.2857144,5.5384617,-0.0031495302,-0.15101908,0.0013227054
2502,1.2,2.857143,5.5384617,0.0010088062,-0.16112678,0.0022746283
2503,1.2,3.4285715,5.5384617,-0.008232623,-0.14655541,0.002934517
2504,1.2,4.0,5.5384617,-0.009796342,-0.16434905,0.0034693845
2505,1.2,0.0,4.923077,0.007964586,-0.14966121,-0.0013840589
2506,1.2,0.5714286,4.923077,0.00843262,-0.15158822,-0.00097352645
2507,1.2,1.1428572,4.923077,0.0010876472,-0.15067673,-0.0004639733
2508,1.2,1.7142857,4.923077,0.004167756,-0.15535377,9.589039e-05
2509,1.2,2.2857144,4.923077,-0.0031009251,-0.1506998,0.0006661388
2510,1.2,2.857143,4.923077,0.0009714267,-0.160741,0.0011836269
2511,1.2,3.4285715,4.923077,-0.008141063,-0.14633179,0.0016784078
2512,1.2,4.0,4.923077,-0.009566405,-0.1638726,0.0020257866
2513,1.2,0.0,4.3076925,0.007959161,-0.14945963,-0.00063962524
2514,1.2,0.5714286,4.3076925,0.008401443,-0.15138726,-0.00053313194
2515,1.2,1.1428572,4.3076925,0.0010682095,-0.15049793,-0.00037930213
2516,1.2,1.7142857,4.3076925,0.0041588093,-0.1551753,-0.00018521519
2517,1.2,2.2857144,4.3076925,-0.0031149853,-0.1505465,-4.937603e-06
2518,1.2,2.857143,4.3076925,0.0009900929,-0.16059081,0.0001939958
2519,1.2,3.4285715,4.3076925,-0.008140252,-0.14618945,0.00026521698
2520,1.2,4.0,4.3076925,-0.009733869,-0.16368791,0.00031429192
2521,1.2,0.0,3.6923077,0.007942284,-0.14945944,-2.1075608e-05
2522,1.2,0.5714286,3.6923077,0.008383848,-0.1513874,-0.00013414201
2523,1.2,1.1428572,3.6923077,0.0010509738,-0.15049788,-0.00028219912
2524,1.2,1.7142857,3.6923077,0.0041412385,-0.15517552,-0.00048037994
2525,1.2,2.2857144,3.6923077,-0.0031322322,-0.15054661,-0.0006570862
2526,1.2,2.857143,3.6923077,0.00097249885,-0.16059114,-0.0008585987
2527,1.2,3.4285715,3.6923077,-0.008157496,-0.14618981,-0.0009273568
2528,1.2,4.0,3.6923077,-0.009751451,-0.16368778,-0.0009787651
2529,1.2,0.0,3.0769231,0.007911989,-0.14966133,0.0007183867
2530,1.2,0.5714286,3.0769231,0.0083803665,-0.1515884,0.000309858
2531,1.2,1.1428572,3.0769231,0.0010355177,-0.15067688,-0.0002001426
2532,1.2,1.7142857,3.0769231,0.004115476,-0.1553542,-0.0007596714
2533,1.2,2.2857144,3.0769231,-0.003153082,-0.15070024,-0.0013295796
2534,1.2,2.857143,3.0769231,0.00091905874,-0.16074187,-0.0018472123
2535,1.2,3.4285715,3.0769231,-0.008192848,-0.14633308,-0.0023414253
2536,1.2,4.0,3.0769231,-0.009618811,-0.16387352,-0.0026894303
2537,1.2,0.0,2.4615386,0.007927389,-0.15013003,0.0014368523
2538,1.2,0.5714286,2.4615386,0.008395374,-0.1520223,0.0007738903
2539,1.2,1.1428572,2.4615386,0.0009992067,-0.15107183,-7.0237395e-05
2540,1.2,1.7142857,2.4615386,0.004119644,-0.15576072,-0.0010454445
2541,1.2,2.2857144,2.4615386,-0.003236473,-0.1510199,-0.0019864636
2542,1.2,2.857143,2.4615386,0.0009214316,-0.16112792,-0.002938016
2543,1.2,3.4285715,2.4615386,-0.008318948,-0.146558,-0.0035980926
2544,1.2,4.0,2.4615386,-0.009883855,-0.16434844,-0.004132705
2545,1.2,0.0,1.8461539,0.007871,-0.15087558,0.0024328225
2546,1.2,0.5714286,1.8461539,0.008422428,-0.15278012,0.0013283559
2547,1.2,1.1428572,1.8461539,0.0009737606,-0.15175411,6.895841e-05
2548,1.2,1.7142857,1.8461539,0.004086021,-0.15646845,-0.0013029482
2549,1.2,2.2857144,1.8461539,-0.0032686165,-0.15162615,-0.0026644985
2550,1.2,2.857143,1.8461539,0.00080773747,-0.16175528,-0.003964821
2551,1.2,3.4285715,1.8461539,-0.008406529,-0.1471098,-0.0051484094
2552,1.2,4.0,1.8461539,-0.009424562,-0.16511196,-0.0060111936
2553,1.2,0.0,1.2307693,0.007961553,-0.15214318,0.0034031249
2554,1.2,0.5714286,1.2307693,0.008423944,-0.15389983,0.001970782
2555,1.2,1.1428572,1.2307693,0.0009477987,-0.15292056,0.00026167755
2556,1.2,1.7142857,1.2307693,0.004087596,-0.15751888,-0.0015457663
2557,1.2,2.2857144,1.2307693,-0.0033479384,-0.15269595,-0.0033481214
2558,1.2,2.857143,1.2307693,0.0008546887,-0.16278736,-0.005089662
2559,1.2,3.4285715,1.2307693,-0.008562879,-0.148013,-0.0064820857
2560,1.2,4.0,1.2307693,-0.009987999,-0.16625114,-0.007942324
2561,1.2,0.0,0.61538464,0.00816559,-0.15391639,0.004801847
2562,1.2,0.5714286,0.61538464,0.008177475,-0.15553875,0.0026548465
2563,1.2,1.1428572,0.61538464,0.0011725113,-0.15478358,0.0004922546
2564,1.2,1.7142857,0.61538464,0.0037864773,-0.15894714,-0.0017452061
2565,1.2,2.2857144,0.61538464,-0.0030248296,-0.15467267,-0.004037899
2566,1.2,2.857143,0.61538464,0.00038743997,-0.16388027,-0.0060732504
2567,1.2,3.4285715,0.61538464,-0.008254437,-0.15069364,-0.00802175
2568,1.2,4.0,0.61538464,-0.009743015,-0.16711411,-0.009484641
2569,1.2,0.0,0.0,0.008384882,-0.15645003,0.0059259357
2570,1.2,0.5714286,0.0,0.00798768,-0.15793486,0.0035562485
2571,1.2,1.1428572,0.0,0.0015560342,-0.1573695,0.0006623516
2572,1.2,1.7142857,0.0,0.0040267953,-0.1611854,-0.0018637568
2573,1.2,2.2857144,0.0,-0.0021425665,-0.15742397,-0.0045854417
2574,1.2,2.857143,0.0,0.0013066407,-0.1655402,-0.0071776193
2575,1.2,3.4285715,0.0,-0.0065436885,-0.15350318,-0.008469654
2576,1.2,4.0,0.0,-0.009052063,-0.1671289,-0.009987617
2577,1.8,0.0,8.0,0.017247569,-0.14939259,-0.0067870202
2578,1.8,0.5714286,8.0,0.00679706,-0.14962603,-0.0040369797
2579,1.8,1.1428572,8.0,0.0076869237,-0.15185893,-0.0018428066
2580,1.8,1.7142857,8.0,0.00027311954,-0.14955677,0.0004545797
2581,1.8,2.2857144,8.0,0.0024539814,-0.15430199,0.0027791061
2582,1.8,2.857143,8.0,-0.0051294686,-0.1472845,0.0043683397
2583,1.8,3.4285715,8.0,-0.0050196564,-0.15638143,0.0067233513
2584,1.8,4.0,8.0,-0.016835643,-0.14441766,0.009069601
2585,1.8,0.0,7.3846154,0.017586265,-0.14716525,-0.005127713
2586,1.8,0.5714286,7.3846154,0.0065776045,-0.14733933,-0.0034264573
2587,1.8,1.1428572,7.3846154,0.0076815137,-0.1497888,-0.001471504
2588,1.8,1.7142857,7.3846154,-0.00037833245,-0.14720218,0.0005091353
2589,1.8,2.2857144,7.3846154,0.0019696278,-0.15259324,0.0023056727
2590,1.8,2.857143,7.3846154,-0.0062696044,-0.1449139,0.004144688
2591,1.8,3.4285715,7.3846154,-0.0057051782,-0.15533292,0.0054915235
2592,1.8,4.0,7.3846154,-0.018324561,-0.14139558,0.0067999633
2593,1.8,0.0,6.769231,0.017662397,-0.14555852,-0.0041639456
2594,1.8,0.5714286,6.769231,0.006295768,-0.14559907,-0.0026870114
2595,1.8,1.1428572,6.769231,0.007955773,-0.14833048,-0.0011521571
2596,1.8,1.7142857,6.769231,-0.00076290296,-0.14538656,0.00039882114
2597,1.8,2.2857144,6.769231,0.0021950004,-0.15137088,0.0019725193
2598,1.8,2.857143,6.769231,-0.00682136,-0.14280958,0.0033537752
2599,1.8,3.4285715,6.769231,-0.0058009312,-0.15463305,0.004754799
2600,1.8,4.0,6.769231,-0.018682644,-0.13944769,0.0059913304
2601,1.8,0.0,6.1538463,0.017653193,-0.14443399,-0.0030013628
2602,1.8,0.5714286,6.1538463,0.00623334,-0.14440402,-0.002070501
2603,1.8,1.1428572,6.1538463,0.007924253,-0.14725883,-0.0009152107
2604,1.8,1.7142857,6.1538463,-0.0007489684,-0.14423913,0.00028414125
2605,1.8,2.2857144,6.1538463,0.002139799,-0.15029654,0.0014794304
2606,1.8,2.857143,6.1538463,-0.006738517,-0.1417516,0.0025967131
2607,1.8,3.4285715,6.1538463,-0.0057047233,-0.15337181,0.0035373415
2608,1.8,4.0,6.1538463,-0.018794619,-0.13830577,0.0044077868
2609,1.8,0.0,5.5384617,0.017503658,-0.14362133,-0.0021927627
2610,1.8,0.5714286,5.5384617,0.006216529,-0.14368014,-0.0015168446
2611,1.8,1.1428572,5.5384617,0.007876457,-0.14648871,-0.00070701604
2612,1.8,1.7142857,5.5384617,-0.0007491209,-0.14355393,0.00012327098
2613,1.8,2.2857144,5.5384617,0.002142822,-0.14955401,0.0009774206
2614,1.8,2.857143,5.5384617,-0.0067288866,-0.14106074,0.0017430864
2615,1.8,3.4285715,5.5384617,-0.005760021,-0.15266606,0.0025150992
2616,1.8,4.0,5.5384617,-0.018603588,-0.1377168,0.0030963183
2617,1.8,0.0,4.923077,0.017470352,-0.14315286,-0.0013634587
2618,1.8,0.5714286,4.923077,0.006187767,-0.14322937,-0.0010150049
2619,1.8,1.1428572,4.923077,0.007822715,-0.14604397,-0.0005531017
2620,1.8,1.7142857,4.923077,-0.00072389975,-0.143144,-5.6392415e-05
2621,1.8,2.2857144,4.923077,0.0021013387,-0.14910118,0.0004536653
2622,1.8,2.857143,4.923077,-0.0066470816,-0.14071575,0.00092422264
2623,1.8,3.4285715,4.923077,-0.005738117,-0.15213612,0.001280155
2624,1.8,4.0,4.923077,-0.01869917,-0.13735752,0.0015833777
2625,1.8,0.0,4.3076925,0.017415687,-0.1429227,-0.0007044885
2626,1.8,0.5714286,4.3076925,0.0061635445,-0.14302734,-0.0005729828
2627,1.8,1.1428572,4.3076925,0.007797261,-0.1458327,-0.0004114205
2628,1.8,1.7142857,4.3076925,-0.0007391401,-0.14295489,-0.00024752718
2629,1.8,2.2857144,4.3076925,0.0021000602,-0.14890407,-8.330278e-05
2630,1.8,2.857143,4.3076925,-0.006653601,-0.14052688,6.3932566e-05
2631,1.8,3.4285715,4.3076925,-0.005750332,-0.15194899,0.00025318327
2632,1.8,4.0,4.3076925,-0.018639471,-0.13717991,0.00037953866
2633,1.8,0.0,3.6923077,0.01739787,-0.14292265,-1.0443677e-36
2634,1.8,0.5714286,3.6923077,0.006146246,-0.1430271,-0.00012190541
2635,1.8,1.1428572,3.6923077,0.007779777,-0.14583299,-0.000288958
2636,1.8,1.7142857,3.6923077,-0.0007564283,-0.14295484,-0.00044831293
2637,1.8,2.2857144,3.6923077,0.0020825362,-0.14890435,-0.0006157289
2638,1.8,2.857143,3.6923077,-0.006670845,-0.14052697,-0.0007600295
2639,1.8,3.4285715,3.6923077,-0.005767803,-0.15194929,-0.00095162634
2640,1.8,4.0,3.6923077,-0.01865681,-0.13718024,-0.0010756027
2641,1.8,0.0,3.0769231,0.017418386,-0.14315319,0.0006664048
2642,1.8,0.5714286,3.0769231,0.0061357175,-0.14322928,0.00031561544
2643,1.8,1.1428572,3.0769231,0.0077704354,-0.14604431,-0.00014436134
2644,1.8,1.7142857,3.0769231,-0.00077599694,-0.14314426,-0.00064155844
2645,1.8,2.2857144,3.0769231,0.0020490352,-0.14910169,-0.0011512
2646,1.8,2.857143,3.0769231,-0.006699171,-0.14071636,-0.0016215733
2647,1.8,3.4285715,3.0769231,-0.0057903905,-0.15213645,-0.0019776423
2648,1.8,4.0,3.0769231,-0.01875131,-0.13735819,-0.0022804104
2649,1.8,0.0,2.4615386,0.017416272,-0.14362197,0.0014931828
2650,1.8,0.5714286,2.4615386,0.0061297338,-0.14368047,0.0008192029
2651,1.8,1.1428572,2.4615386,0.00778933,-0.14648919,8.554358e-06
2652,1.8,1.7142857,2.4615386,-0.00083587633,-0.14355446,-0.0008207795
2653,1.8,2.2857144,2.4615386,0.0020555004,-0.14955465,-0.0016752771
2654,1.8,2.857143,2.4615386,-0.006815477,-0.14106184,-0.0024404326
2655,1.8,3.4285715,2.4615386,-0.0058472906,-0.15266618,-0.0032126328
2656,1.8,4.0,2.4615386,-0.018690439,-0.13771886,-0.0037932936
2657,1.8,0.0,1.8461539,0.017531507,-0.14443481,0.002303208
2658,1.8,0.5714286,1.8461539,0.0061119157,-0.14440417,0.0013721978
2659,1.8,1.1428572,1.8461539,0.0078022564,-0.1472597,0.00021713777
2660,1.8,1.7142857,1.8461539,-0.0008704791,-0.14423963,-0.0009819373
2661,1.8,2.2857144,1.8461539,0.00201764,-0.15029739,-0.0021772857
2662,1.8,2.857143,1.8461539,-0.0068599735,-0.14175299,-0.0032941997
2663,1.8,3.4285715,1.8461539,-0.0058269077,-0.15337177,-0.0042349366
2664,1.8,4.0,1.8461539,-0.018916229,-0.13830805,-0.005104853
2665,1.8,0.0,1.2307693,0.017505944,-0.1455595,0.0034648795
2666,1.8,0.5714286,1.2307693,0.0061389855,-0.14559937,0.0019891115
2667,1.8,1.1428572,1.2307693,0.007799568,-0.14833142,0.0004538083
2668,1.8,1.7142857,1.2307693,-0.0009197713,-0.14538704,-0.0010964719
2669,1.8,2.2857144,1.2307693,0.0020385692,-0.15137212,-0.0026706427
2670,1.8,2.857143,1.2307693,-0.00697822,-0.1428104,-0.0040512406
2671,1.8,3.4285715,1.2307693,-0.005957363,-0.15463428,-0.0054525733
2672,1.8,4.0,1.2307693,-0.018839903,-0.13944888,-0.0066882777
2673,1.8,0.0,0.61538464,0.017395504,-0.14716642,0.004429405
2674,1.8,0.5714286,0.61538464,0.0063862177,-0.1473394,0.0027281959
2675,1.8,1.1428572,0.61538464,0.0074904347,-0.14979005,0.0007734173
2676,1.8,1.7142857,0.61538464,-0.000569966,-0.14720255,-0.0012071386
2677,1.8,2.2857144,0.61538464,0.0017783132,-0.15259454,-0.003003585
2678,1.8,2.857143,0.61538464,-0.0064614075,-0.144915,-0.004842541
2679,1.8,3.4285715,0.61538464,-0.005896632,-0.15533368,-0.0061892034
2680,1.8,4.0,0.61538464,-0.01851654,-0.14139737,-0.007497232
2681,1.8,0.0,0.0,0.01702141,-0.14939392,0.0060881544
2682,1.8,0.5714286,0.0,0.006571082,-0.14962628,0.003339015
2683,1.8,1.1428572,0.0,0.0074608973,-0.15186009,0.0011444176
2684,1.8,1.7142857,0.0,4.696242e-05,-0.14955747,-0.0011523622
2685,1.8,2.2857144,0.0,0.0022275515,-0.15430301,-0.0034774595
2686,1.8,2.857143,0.0,-0.005355661,-0.14728615,-0.0050659636
2687,1.8,3.4285715,0.0,-0.005246196,-0.15638156,-0.0074213566
2688,1.8,4.0,0.0,-0.01706237,-0.14442015,-0.009766421
2689,2.4,0.0,8.0,0.016929356,-0.13949783,-0.0057686577
2690,2.4,0.5714286,8.0,0.013790465,-0.14142357,-0.0041830204
2691,2.4,1.1428572,8.0,0.0045423633,-0.14047447,-0.0020808906
2692,2.4,1.7142857,8.0,0.005152929,-0.14325458,6.914824e-06
2693,2.4,2.2857144,8.0,-0.0027677026,-0.13920979,0.0015862662
2694,2.4,2.857143,8.0,-0.0023519534,-0.14494126,0.003851476
2695,2.4,3.4285715,8.0,-0.012203756,-0.1365876,0.0051861256
2696,2.4,4.0,8.0,-0.016557515,-0.14448361,0.0059932144
2697,2.4,0.0,7.3846154,0.016762089,-0.13750666,-0.0052074636
2698,2.4,0.5714286,7.3846154,0.014095557,-0.13950679,-0.0033376375
2699,2.4,1.1428572,7.3846154,0.0041891085,-0.13843204,-0.0016751705
2700,2.4,1.7142857,7.3846154,0.0050336043,-0.14157537,-6.77082e-05
2701,2.4,2.2857144,7.3846154,-0.0035292231,-0.13713092,0.0016520564
2702,2.4,2.857143,7.3846154,-0.0027970234,-0.14362846,0.00300268
2703,2.4,3.4285715,7.3846154,-0.013389689,-0.13435476,0.004611282
2704,2.4,4.0,7.3846154,-0.01718525,-0.14391318,0.006334399
2705,2.4,0.0,6.769231,0.016425708,-0.13584681,-0.0038854927
2706,2.4,0.5714286,6.769231,0.014356641,-0.13810131,-0.0027100018
2707,2.4,1.1428572,6.769231,0.003868205,-0.1367984,-0.0013640475
2708,2.4,1.7142857,6.769231,0.0052320748,-0.14033696,3.2058855e-05
2709,2.4,2.2857144,6.769231,-0.004020683,-0.13537028,0.001301867
2710,2.4,2.857143,6.769231,-0.0028020004,-0.14275163,0.0026266656
2711,2.4,3.4285715,6.769231,-0.013918283,-0.13236777,0.0036681322
2712,2.4,4.0,6.769231,-0.01724896,-0.1429531,0.004632545
2713,2.4,0.0,6.1538463,0.016267741,-0.13468264,-0.003073955
2714,2.4,0.5714286,6.1538463,0.01430777,-0.13706437,-0.0020805586
2715,2.4,1.1428572,6.1538463,0.003848688,-0.13566239,-0.0010679956
2716,2.4,1.7142857,6.1538463,0.005194762,-0.13931529,-2.0016336e-05
2717,2.4,2.2857144,6.1538463,-0.004026825,-0.13430296,0.0010112206
2718,2.4,2.857143,6.1538463,-0.0028327468,-0.14165375,0.0019638285
2719,2.4,3.4285715,6.1538463,-0.014004936,-0.13144705,0.0029384182
2720,2.4,4.0,6.1538463,-0.017188707,-0.14200741,0.0038375848
2721,2.4,0.0,5.5384617,0.016241338,-0.13394016,-0.0021384212
2722,2.4,0.5714286,5.5384617,0.014212161,-0.1362792,-0.0015342124
2723,2.4,1.1428572,5.5384617,0.003832441,-0.13496797,-0.00083598564
2724,2.4,1.7142857,5.5384617,0.0051564295,-0.13855083,-8.712067e-05
2725,2.4,2.2857144,5.5384617,-0.0040243976,-0.13360876,0.00063805
2726,2.4,2.857143,5.5384617,-0.0028512676,-0.14092535,0.0013442207
2727,2.4,3.4285715,5.5384617,-0.013914182,-0.13070643,0.0019164071
2728,2.4,4.0,5.5384617,-0.017229995,-0.1411773,0.0024565973
2729,2.4,0.0,4.923077,0.016172027,-0.1334629,-0.0014257054
2730,2.4,0.5714286,4.923077,0.014135939,-0.13582261,-0.0010462662
2731,2.4,1.1428572,4.923077,0.0038289004,-0.13452059,-0.00063204556
2732,2.4,1.7142857,4.923077,0.005103892,-0.13808993,-0.0001825117
2733,2.4,2.2857144,4.923077,-0.0039879833,-0.13320042,0.0002405276
2734,2.4,2.857143,4.923077,-0.0028752831,-0.14041679,0.00065890705
2735,2.4,3.4285715,4.923077,-0.01390372,-0.13037108,0.001085645
2736,2.4,4.0,4.923077,-0.017208422,-0.14069831,0.0014363377
2737,2.4,0.0,4.3076925,0.016148666,-0.1332432,-0.00069303636
2738,2.4,0.5714286,4.3076925,0.014092869,-0.13559446,-0.00058474985
2739,2.4,1.1428572,4.3076925,0.0038045414,-0.13431734,-0.00045039752
2740,2.4,1.7142857,4.3076925,0.0050857877,-0.1378712,-0.000309685
2741,2.4,2.2857144,4.3076925,-0.003998579,-0.13299687,-0.00015389333
2742,2.4,2.857143,4.3076925,-0.0028769553,-0.14021142,-1.8569946e-05
2743,2.4,3.4285715,4.3076925,-0.0138822235,-0.13015267,5.684193e-05
2744,2.4,4.0,4.3076925,-0.017231219,-0.14046496,0.00014441917
2745,2.4,0.0,3.6923077,0.016131684,-0.13324304,-3.669485e-05
2746,2.4,0.5714286,3.6923077,0.014075471,-0.1355946,-0.00015016066
2747,2.4,1.1428572,3.6923077,0.0037871827,-0.1343173,-0.00027959482
2748,2.4,1.7142857,3.6923077,0.0050683552,-0.13787138,-0.00042364118
2749,2.4,2.2857144,3.6923077,-0.004015921,-0.13299693,-0.0005763157
2750,2.4,2.857143,3.6923077,-0.002894425,-0.14021158,-0.00071394444
2751,2.4,3.4285715,3.6923077,-0.013899589,-0.13015278,-0.00078696676
2752,2.4,4.0,3.6923077,-0.017248664,-0.14046496,-0.0008763332
2753,2.4,0.0,3.0769231,0.0161198,-0.13346303,0.0006920574
2754,2.4,0.5714286,3.0769231,0.014083684,-0.1358229,0.00031423196
2755,2.4,1.1428572,3.0769231,0.0037768425,-0.1345207,-0.0001000532
2756,2.4,1.7142857,3.0769231,0.005051636,-0.13809033,-0.00054930046
2757,2.4,2.2857144,3.0769231,-0.004040103,-0.13320068,-0.00097194535
2758,2.4,2.857143,3.0769231,-0.0029275124,-0.14041717,-0.0013905047
2759,2.4,3.4285715,3.0769231,-0.013955807,-0.13037156,-0.0018165793
2760,2.4,4.0,3.0769231,-0.017260807,-0.14069879,-0.0021674484
2761,2.4,0.0,2.4615386,0.016154869,-0.13394025,0.0014064062
2762,2.4,0.5714286,2.4615386,0.014125074,-0.1362798,0.0008015962
2763,2.4,1.1428572,2.4615386,0.0037457303,-0.1349682,0.00010407614
2764,2.4,1.7142857,2.4615386,0.0050692167,-0.13855137,-0.0006447495
2765,2.4,2.2857144,2.4615386,-0.004111113,-0.13360935,-0.0013696066
2766,2.4,2.857143,2.4615386,-0.0029385656,-0.14092562,-0.0020757085
2767,2.4,3.4285715,2.4615386,-0.014000909,-0.13070762,-0.0026475792
2768,2.4,4.0,2.4615386,-0.017317364,-0.14117707,-0.003187539
2769,2.4,0.0,1.8461539,0.016146185,-0.13468285,0.0023412083
2770,2.4,0.5714286,1.8461539,0.014185804,-0.13706526,0.0013481042
2771,2.4,1.1428572,1.8461539,0.0037272274,-0.13566269,0.00033619377
2772,2.4,1.7142857,1.8461539,0.0050727814,-0.13931608,-0.0007120926
2773,2.4,2.2857144,1.8461539,-0.0041484074,-0.13430363,-0.0017426214
2774,2.4,2.857143,1.8461539,-0.0029547613,-0.1416542,-0.0026955747
2775,2.4,3.4285715,1.8461539,-0.014126517,-0.13144846,-0.0036694284
2776,2.4,4.0,1.8461539,-0.017310973,-0.14200756,-0.0045686895
2777,2.4,0.0,1.2307693,0.01626923,-0.13584684,0.003153206
2778,2.4,0.5714286,1.2307693,0.014200538,-0.13810247,0.0019775846
2779,2.4,1.1428572,1.2307693,0.0037114243,-0.13679858,0.00063206983
2780,2.4,1.7142857,1.2307693,0.0050758,-0.14033812,-0.0007640132
2781,2.4,2.2857144,1.2307693,-0.004177575,-0.13537072,-0.0020335128
2782,2.4,2.857143,1.2307693,-0.0029584242,-0.14275272,-0.0033582908
2783,2.4,3.4285715,1.2307693,-0.014075304,-0.1323685,-0.004399378
2784,2.4,4.0,1.2307693,-0.017405557,-0.142954,-0.0053635775
2785,2.4,0.0,0.61538464,0.0165706,-0.13750675,0.004474797
2786,2.4,0.5714286,0.61538464,0.013904551,-0.1395082,0.0026051968
2787,2.4,1.1428572,0.61538464,0.0039976053,-0.13843217,0.0009433082
2788,2.4,1.7142857,0.61538464,0.004842538,-0.14157668,-0.0006644212
2789,2.4,2.2857144,0.61538464,-0.0037209939,-0.13713142,-0.0023836168
2790,2.4,2.857143,0.61538464,-0.0029882079,-0.14362952,-0.003734515
2791,2.4,3.4285715,0.61538464,-0.013581573,-0.13435581,-0.0053423992
2792,2.4,4.0,0.61538464,-0.01737678,-0.14391401,-0.0070653944
2793,2.4,0.0,0.0,0.016703643,-0.13949782,0.005036359
2794,2.4,0.5714286,0.0,0.013564673,-0.14142512,0.0034506232
2795,2.4,1.1428572,0.0,0.004316267,-0.14047468,0.0013488788
2796,2.4,1.7142857,0.0,0.0049268757,-0.14325589,-0.00073893304
2797,2.4,2.2857144,0.0,-0.0029939865,-0.1392106,-0.0023180356
2798,2.4,2.857143,0.0,-0.0025782594,-0.14494194,-0.004583189
2799,2.4,3.4285715,0.0,-0.012430289,-0.13658924,-0.0059174863
2800,2.4,4.0,0.0,-0.01678394,-0.1444839,-0.0067245383
2801,3.0,0.0,8.0,0.024530938,-0.12998626,-0.0060634473
2802,3.0,0.5714286,8.0,0.011915151,-0.12974603,-0.0038122912
2803,3.0,1.1428572,8.0,0.009879027,-0.13149059,-0.0020898546
2804,3.0,1.7142857,8.0,0.0012058037,-0.12948748,-0.0005934971
2805,3.0,2.2857144,8.0,0.0007055346,-0.13291976,0.0014511364
2806,3.0,2.857143,8.0,-0.008059601,-0.12762208,0.0025717083
2807,3.0,3.4285715,8.0,-0.010932446,-0.13343346,0.004371093
2808,3.0,4.0,8.0,-0.023629326,-0.12602347,0.0066410615
2809,3.0,0.0,7.3846154,0.024941795,-0.12821284,-0.004515326
2810,3.0,0.5714286,7.3846154,0.011863207,-0.12798902,-0.0032876327
2811,3.0,1.1428572,7.3846154,0.010034696,-0.12989722,-0.0018153973
2812,3.0,1.7142857,7.3846154,0.0007907935,-0.12767768,-0.00028150558
2813,3.0,2.2857144,7.3846154,0.0005170568,-0.13157412,0.00096857816
2814,3.0,2.857143,7.3846154,-0.00887347,-0.12574685,0.0025135707
2815,3.0,3.4285715,7.3846154,-0.011382589,-0.13243754,0.0036171838
2816,3.0,4.0,7.3846154,-0.024512652,-0.12385081,0.0044518067
2817,3.0,0.0,6.769231,0.025062218,-0.12698612,-0.0038721953
2818,3.0,0.5714286,6.769231,0.011611281,-0.12651174,-0.0026195406
2819,3.0,1.1428572,6.769231,0.010285153,-0.12870042,-0.0014267012
2820,3.0,1.7142857,6.769231,0.00041498852,-0.12616691,-0.0003005493
2821,3.0,2.2857144,6.769231,0.00058695296,-0.13060565,0.0009255409
2822,3.0,2.857143,6.769231,-0.009378975,-0.124070354,0.0019166786
2823,3.0,3.4285715,6.769231,-0.011517123,-0.13170171,0.0030844803
2824,3.0,4.0,6.769231,-0.025020843,-0.12235891,0.0042930697
2825,3.0,0.0,6.1538463,0.024980266,-0.12598523,-0.0028440559
2826,3.0,0.5714286,6.1538463,0.01153725,-0.12542985,-0.002053562
2827,3.0,1.1428572,6.1538463,0.01025342,-0.12776345,-0.0011551301
2828,3.0,1.7142857,6.1538463,0.00037981503,-0.12513626,-0.00023093456
2829,3.0,2.2857144,6.1538463,0.0005366459,-0.12964965,0.0006384257
2830,3.0,2.857143,6.1538463,-0.009475541,-0.12314774,0.0015348066
2831,3.0,3.4285715,6.1538463,-0.011527216,-0.13067795,0.002252456
2832,3.0,4.0,6.1538463,-0.025031164,-0.12133567,0.0029176567
2833,3.0,0.0,5.5384617,0.024807574,-0.12523155,-0.0021253407
2834,3.0,0.5714286,5.5384617,0.011495365,-0.12476301,-0.0015325886
2835,3.0,1.1428572,5.5384617,0.0101834955,-0.12701896,-0.000891221
2836,3.0,1.7142857,5.5384617,0.0003704,-0.124481685,-0.00025690786
2837,3.0,2.2857144,5.5384617,0.000492532,-0.12893474,0.000387497
2838,3.0,2.857143,5.5384617,-0.009443169,-0.12247123,0.00097509305
2839,3.0,3.4285715,5.5384617,-0.0115813175,-0.13001314,0.0016159717
2840,3.0,4.0,5.5384617,-0.024966717,-0.120757736,0.0021890206
2841,3.0,0.0,4.923077,0.024715511,-0.12476754,-0.0013727013
2842,3.0,0.5714286,4.923077,0.011454591,-0.12430762,-0.0010455931
2843,3.0,1.1428572,4.923077,0.010113969,-0.1265788,-0.0006765342
2844,3.0,1.7142857,4.923077,0.0003740589,-0.124057114,-0.00029697962
2845,3.0,2.2857144,4.923077,0.00045109115,-0.12847057,9.052972e-05
2846,3.0,2.857143,4.923077,-0.009426537,-0.122096986,0.00045730988
2847,3.0,3.4285715,4.923077,-0.011576698,-0.12949462,0.0007411657
2848,3.0,4.0,4.923077,-0.024920123,-0.12035135,0.001018284
2849,3.0,0.0,4.3076925,0.024650017,-0.124538794,-0.00071571127
2850,3.0,0.5714286,4.3076925,0.011419351,-0.12410414,-0.00060752424
2851,3.0,1.1428572,4.3076925,0.010080005,-0.12635604,-0.0004785221
2852,3.0,1.7142857,4.3076925,0.0003554234,-0.12385628,-0.00034770294
2853,3.0,2.2857144,4.3076925,0.00043548713,-0.12825653,-0.0002291716
2854,3.0,2.857143,4.3076925,-0.009424347,-0.12188786,-0.000108167274
2855,3.0,3.4285715,4.3076925,-0.011592327,-0.12929782,5.823481e-05
2856,3.0,4.0,4.3076925,-0.024909612,-0.12016695,0.00017940448
2857,3.0,0.0,3.6923077,0.024632387,-0.12453906,-5.3038068e-05
2858,3.0,0.5714286,3.6923077,0.0114019895,-0.12410416,-0.0001570073
2859,3.0,1.1428572,3.6923077,0.010062613,-0.12635618,-0.00028904813
2860,3.0,1.7142857,3.6923077,0.00033805124,-0.123856306,-0.0004167073
2861,3.0,2.2857144,3.6923077,0.0004180718,-0.12825666,-0.0005374677
2862,3.0,2.857143,3.6923077,-0.0094417045,-0.12188793,-0.0006560905
2863,3.0,3.4285715,3.6923077,-0.011609724,-0.12929797,-0.00082415587
2864,3.0,4.0,3.6923077,-0.024927044,-0.12016711,-0.00094314787
2865,3.0,0.0,3.0769231,0.024663538,-0.124767885,0.00060640863
2866,3.0,0.5714286,3.0769231,0.011402584,-0.12430763,0.00027916732
2867,3.0,1.1428572,3.0769231,0.010061755,-0.1265792,-8.9558416e-05
2868,3.0,1.7142857,3.0769231,0.0003219355,-0.1240572,-0.00046861803
2869,3.0,2.2857144,3.0769231,0.00039887306,-0.12847094,-0.0008562414
2870,3.0,2.857143,3.0769231,-0.00947871,-0.12209723,-0.0012223653
2871,3.0,3.4285715,3.0769231,-0.011628966,-0.12949489,-0.0015064128
2872,3.0,4.0,3.0769231,-0.02497237,-0.12035154,-0.0017827115
2873,3.0,0.0,2.4615386,0.024720382,-0.12523219,0.0013581526
2874,3.0,0.5714286,2.4615386,0.011408629,-0.1247631,0.0007664079
2875,3.0,1.1428572,2.4615386,0.010096396,-0.12701955,0.00012513006
2876,3.0,1.7142857,2.4615386,0.0002836539,-0.12448197,-0.0005088257
2877,3.0,2.2857144,2.4615386,0.00040532663,-0.12893514,-0.0011530771
2878,3.0,2.857143,2.4615386,-0.009529914,-0.122471906,-0.0017403584
2879,3.0,3.4285715,2.4615386,-0.011668551,-0.13001323,-0.0023810267
2880,3.0,4.0,2.4615386,-0.025053697,-0.12075869,-0.0029536108
2881,3.0,0.0,1.8461539,0.024858646,-0.12598611,0.0020773844
2882,3.0,0.5714286,1.8461539,0.011415816,-0.1254299,0.0012873997
2883,3.0,1.1428572,1.8461539,0.010131576,-0.12776433,0.00038885366
2884,3.0,1.7142857,1.8461539,0.00025819868,-0.12513654,-0.00053461414
2885,3.0,2.2857144,1.8461539,0.00041474664,-0.12965028,-0.0014042312
2886,3.0,2.857143,1.8461539,-0.0095972605,-0.1231485,-0.0022999353
2887,3.0,3.4285715,1.8461539,-0.011649226,-0.13067815,-0.0030177052
2888,3.0,4.0,1.8461539,-0.025153099,-0.12133659,-0.0036821323
2889,3.0,0.0,1.2307693,0.024906054,-0.12698741,0.0031051238
2890,3.0,0.5714286,1.2307693,0.011454514,-0.12651168,0.001853331
2891,3.0,1.1428572,1.2307693,0.0101290215,-0.12870167,0.00066059176
2892,3.0,1.7142857,1.2307693,0.00025813462,-0.12616698,-0.0004652009
2893,3.0,2.2857144,1.2307693,0.00043066163,-0.13060676,-0.0016912151
2894,3.0,2.857143,1.2307693,-0.009535927,-0.12407074,-0.0026819902
2895,3.0,3.4285715,1.2307693,-0.011673523,-0.13170263,-0.0038496153
2896,3.0,4.0,1.2307693,-0.025178125,-0.12235941,-0.005057545
2897,3.0,0.0,0.61538464,0.02475115,-0.12821433,0.0037486795
2898,3.0,0.5714286,0.61538464,0.011671782,-0.12798883,0.0025214395
2899,3.0,1.1428572,0.61538464,0.009843812,-0.12989871,0.0010491656
2900,3.0,1.7142857,0.61538464,0.00059907354,-0.12767777,-0.0004841259
2901,3.0,2.2857144,0.61538464,0.00032606217,-0.13157535,-0.0017344176
2902,3.0,2.857143,0.61538464,-0.009065404,-0.12574735,-0.0032787772
2903,3.0,3.4285715,0.61538464,-0.011573786,-0.13243838,-0.0043824688
2904,3.0,4.0,0.61538464,-0.024704847,-0.12385147,-0.005216475
2905,3.0,0.0,0.0,0.024305224,-0.12998798,0.005296322
2906,3.0,0.5714286,0.0,0.011688979,-0.12974583,0.0030461713
2907,3.0,1.1428572,0.0,0.009653288,-0.13149224,0.0013237091
2908,3.0,1.7142857,0.0,0.000979468,-0.12948763,-0.00017228475
2909,3.0,2.2857144,0.0,0.00047957088,-0.13292089,-0.002216855
2910,3.0,2.857143,0.0,-0.00828613,-0.12762295,-0.0033371332
2911,3.0,3.4285715,0.0,-0.011158551,-0.13343406,-0.005136337
2912,3.0,4.0,0.0,-0.02385634,-0.12602454,-0.007405393
2913,3.6,0.0,8.0,0.023873545,-0.117307656,-0.0047426075
2914,3.6,0.5714286,8.0,0.01754761,-0.11883699,-0.0036696834
2915,3.6,1.1428572,8.0,0.0072723306,-0.11830351,-0.0021673047
2916,3.6,1.7142857,8.0,0.0049417084,-0.12015732,-0.00042813862
2917,3.6,2.2857144,8.0,-0.003498626,-0.11720974,0.0006172643
2918,3.6,2.857143,8.0,-0.0061529377,-0.12103367,0.0024313547
2919,3.6,3.4285715,8.0,-0.01648538,-0.11553197,0.0035858422
2920,3.6,4.0,8.0,-0.023562163,-0.12026609,0.004122543
2921,3.6,0.0,7.3846154,0.023927212,-0.11583532,-0.004506169
2922,3.6,0.5714286,7.3846154,0.017950684,-0.11734714,-0.002987772
2923,3.6,1.1428572,7.3846154,0.007159098,-0.11676046,-0.001727255
2924,3.6,1.7142857,7.3846154,0.0050089187,-0.11886156,-0.0005727147
2925,3.6,2.2857144,7.3846154,-0.0039877635,-0.11561473,0.0008015332
2926,3.6,2.857143,7.3846154,-0.0063870694,-0.11997242,0.0017794844
2927,3.6,3.4285715,7.3846154,-0.017290493,-0.11385361,0.0030534759
2928,3.6,4.0,7.3846154,-0.024062611,-0.1195229,0.0045892536
2929,3.6,0.0,6.769231,0.023635194,-0.1144354,-0.0033682284
2930,3.6,0.5714286,6.769231,0.018216345,-0.11626035,-0.0024727006
2931,3.6,1.1428572,6.769231,0.006926985,-0.115453884,-0.0014549688
2932,3.6,1.7142857,6.769231,0.005154798,-0.11789848,-0.0003879493
2933,3.6,2.2857144,6.769231,-0.004367384,-0.11421789,0.0005257273
2934,3.6,2.857143,6.769231,-0.0064606573,-0.11922888,0.0015886007
2935,3.6,3.4285715,6.769231,-0.017761711,-0.11238455,0.002391432
2936,3.6,4.0,6.769231,-0.024025947,-0.11870319,0.0030411198
2937,3.6,0.0,6.1538463,0.023470514,-0.1134764,-0.0027461117
2938,3.6,0.5714286,6.1538463,0.018163076,-0.1154188,-0.0019324361
2939,3.6,1.1428572,6.1538463,0.006878237,-0.11448802,-0.0011505905
2940,3.6,1.7142857,6.1538463,0.0051257107,-0.11706248,-0.00037579244
2941,3.6,2.2857144,6.1538463,-0.0044674003,-0.11333298,0.00041957726
2942,3.6,2.857143,6.1538463,-0.006505945,-0.11834924,0.001111505
2943,3.6,3.4285715,6.1538463,-0.017887546,-0.11157712,0.0019065348
2944,3.6,4.0,6.1538463,-0.024062147,-0.11794189,0.002719738
2945,3.6,0.0,5.5384617,0.023368815,-0.11283427,-0.0019641845
2946,3.6,0.5714286,5.5384617,0.018056542,-0.114716746,-0.001456949
2947,3.6,1.1428572,5.5384617,0.0068470184,-0.11389178,-0.00090887037
2948,3.6,1.7142857,5.5384617,0.005059348,-0.11639255,-0.00034970435
2949,3.6,2.2857144,5.5384617,-0.0044643525,-0.11273047,0.00019410485
2950,3.6,2.857143,5.5384617,-0.006573947,-0.11772025,0.0007411712
2951,3.6,3.4285715,5.5384617,-0.017844748,-0.11095302,0.0011788516
2952,3.6,4.0,5.5384617,-0.024015998,-0.117249176,0.0015836343
2953,3.6,0.0,4.923077,0.023281593,-0.11241429,-0.0013329549
2954,3.6,0.5714286,4.923077,0.017961701,-0.114310324,-0.0010194286
2955,3.6,1.1428572,4.923077,0.0068228976,-0.11347758,-0.00069627725
2956,3.6,1.7142857,4.923077,0.005004621,-0.115975454,-0.0003543398
2957,3.6,2.2857144,4.923077,-0.0044669905,-0.11235384,-3.611677e-05
2958,3.6,2.857143,4.923077,-0.0065927464,-0.11726945,0.00027665903
2959,3.6,3.4285715,4.923077,-0.017832508,-0.1106235,0.00063137495
2960,3.6,4.0,4.923077,-0.02402134,-0.11683902,0.00096099643
2961,3.6,0.0,4.3076925,0.023229158,-0.11221093,-0.00070353656
2962,3.6,0.5714286,4.3076925,0.017912341,-0.114093296,-0.0006002189
2963,3.6,1.1428572,4.3076925,0.006792421,-0.11328888,-0.0004918933
2964,3.6,1.7142857,4.3076925,0.0049754856,-0.11576896,-0.0003909038
2965,3.6,2.2857144,4.3076925,-0.00447733,-0.112162,-0.00026948584
2966,3.6,2.857143,4.3076925,-0.0066128955,-0.11707432,-0.00016575794
2967,3.6,3.4285715,4.3076925,-0.017824361,-0.11042107,-0.000116518735
2968,3.6,4.0,4.3076925,-0.024008458,-0.11662507,-5.978369e-05
2969,3.6,0.0,3.6923077,0.023212003,-0.1122108,-9.581978e-05
2970,3.6,0.5714286,3.6923077,0.017894998,-0.11409342,-0.00020145459
2971,3.6,1.1428572,3.6923077,0.0067750295,-0.11328889,-0.0003069184
2972,3.6,1.7142857,3.6923077,0.004958105,-0.115769096,-0.00040986546
2973,3.6,2.2857144,3.6923077,-0.0044947304,-0.11216203,-0.0005289927
2974,3.6,2.857143,3.6923077,-0.0066302973,-0.11707443,-0.0006342441
2975,3.6,3.4285715,3.6923077,-0.017841807,-0.11042109,-0.0006814825
2976,3.6,4.0,3.6923077,-0.024025872,-0.11662512,-0.00073936855
2977,3.6,0.0,3.0769231,0.023229389,-0.11241428,0.0005319853
2978,3.6,0.5714286,3.0769231,0.017909518,-0.1143108,0.00021903006
2979,3.6,1.1428572,3.0769231,0.0067707873,-0.11347755,-0.00010359342
2980,3.6,1.7142857,3.0769231,0.0049524456,-0.11597586,-0.00044555627
2981,3.6,2.2857144,3.0769231,-0.004519175,-0.11235393,-0.00076311105
2982,3.6,2.857143,3.0769231,-0.0066449274,-0.11726975,-0.0010760321
2983,3.6,3.4285715,3.0769231,-0.017884731,-0.11062371,-0.001429954
2984,3.6,4.0,3.0769231,-0.024073623,-0.11683935,-0.0017595631
2985,3.6,0.0,2.4615386,0.023282295,-0.11283422,0.001163693
2986,3.6,0.5714286,2.4615386,0.017969584,-0.114717394,0.0006564838
2987,3.6,1.1428572,2.4615386,0.006760232,-0.113891825,0.00010889291
2988,3.6,1.7142857,2.4615386,0.0049722632,-0.116393074,-0.0004500439
2989,3.6,2.2857144,2.4615386,-0.0045511853,-0.11273079,-0.0009935272
2990,3.6,2.857143,2.4615386,-0.006661111,-0.117720485,-0.0015403704
2991,3.6,3.4285715,2.4615386,-0.017931703,-0.1109536,-0.0019776428
2992,3.6,4.0,2.4615386,-0.02410327,-0.11724923,-0.0023820393
2993,3.6,0.0,1.8461539,0.02334892,-0.11347631,0.0019452504
2994,3.6,0.5714286,1.8461539,0.018041337,-0.11541982,0.001131908
2995,3.6,1.1428572,1.8461539,0.006756608,-0.11448798,0.00035077706
2996,3.6,1.7142857,1.8461539,0.0050039585,-0.11706327,-0.0004241479
2997,3.6,2.2857144,1.8461539,-0.004589177,-0.113333285,-0.0012188583
2998,3.6,2.857143,1.8461539,-0.0066277585,-0.11834967,-0.0019108657
2999,3.6,3.4285715,1.8461539,-0.018009452,-0.1115778,-0.0027052
3000,3.6,4.0,1.8461539,-0.02418415,-0.11794223,-0.0035182089
3001,3.6,0.0,1.2307693,0.02347869,-0.11443503,0.002567699
3002,3.6,0.5714286,1.2307693,0.018060373,-0.11626171,0.0016722317
3003,3.6,1.1428572,1.2307693,0.0067701475,-0.11545364,0.0006550014
3004,3.6,1.7142857,1.2307693,0.0049986555,-0.11789969,-0.00041184932
3005,3.6,2.2857144,1.2307693,-0.0045243544,-0.11421793,-0.0013251614
3006,3.6,2.857143,1.2307693,-0.0066169444,-0.11922982,-0.0023878634
3007,3.6,3.4285715,1.2307693,-0.017918892,-0.1123848,-0.0031902161
3008,3.6,4.0,1.2307693,-0.024182444,-0.11870403,-0.0038396516
3009,3.6,0.0,0.61538464,0.023735695,-0.11583487,0.003705209
3010,3.6,0.5714286,0.61538464,0.017759923,-0.11734887,0.002187317
3011,3.6,1.1428572,0.61538464,0.0069674184,-0.11676009,0.0009274015
3012,3.6,1.7142857,0.61538464,0.004818118,-0.118862994,-0.00022722041
3013,3.6,2.2857144,0.61538464,-0.0041796863,-0.11561477,-0.0016008592
3014,3.6,2.857143,0.61538464,-0.006577999,-0.11997345,-0.0025788976
3015,3.6,3.4285715,0.61538464,-0.01748262,-0.11385403,-0.0038522158
3016,3.6,4.0,0.61538464,-0.024253838,-0.1195238,-0.0053875674
3017,3.6,0.0,0.0,0.023647528,-0.11730705,0.0039422847
3018,3.6,0.5714286,0.0,0.017322183,-0.11883895,0.0028691438
3019,3.6,1.1428572,0.0,0.007045899,-0.11830305,0.0013673905
3020,3.6,1.7142857,0.0,0.004716078,-0.12015888,-0.00037167853
3021,3.6,2.2857144,0.0,-0.003725267,-0.11720991,-0.0014167594
3022,3.6,2.857143,0.0,-0.006378751,-0.12103459,-0.0032306507
3023,3.6,3.4285715,0.0,-0.016712336,-0.11553263,-0.004384662
3024,3.6,4.0,0.0,-0.023788167,-0.12026687,-0.0049213273
3025,4.2,0.0,8.0,0.029467551,-0.10545678,-0.004865406
3026,4.2,0.5714286,8.0,0.016246306,-0.10577881,-0.0031457911
3027,4.2,1.1428572,8.0,0.011070691,-0.10657099,-0.0017936239
3028,4.2,1.7142857,8.0,0.0021381327,-0.10552503,-0.00080618245
3029,4.2,2.2857144,8.0,-0.0013250217,-0.10766267,0.00080620823
3030,4.2,2.857143,8.0,-0.010231954,-0.10413046,0.0016338103
3031,4.2,3.4285715,8.0,-0.015905155,-0.10782372,0.0029369271
3032,4.2,4.0,8.0,-0.028786767,-0.103179604,0.0047816527
3033,4.2,0.0,7.3846154,0.029939273,-0.10405438,-0.0035953324
3034,4.2,0.5714286,7.3846154,0.016430901,-0.10450522,-0.0027210468
3035,4.2,1.1428572,7.3846154,0.011349686,-0.1053639,-0.0016476979
3036,4.2,1.7142857,7.3846154,0.0019726069,-0.104187354,-0.00047828016
3037,4.2,2.2857144,7.3846154,-0.0013575277,-0.10664298,0.00039985552
3038,4.2,2.857143,7.3846154,-0.010757913,-0.10274716,0.0015894509
3039,4.2,3.4285715,7.3846154,-0.016266236,-0.10699104,0.0024318718
3040,4.2,4.0,7.3846154,-0.029383762,-0.10169229,0.0029674186
3041,4.2,0.0,6.769231,0.030091682,-0.10318633,-0.0031702097
3042,4.2,0.5714286,6.769231,0.016281415,-0.10336162,-0.0022014857
3043,4.2,1.1428572,6.769231,0.01158654,-0.10446112,-0.001311897
3044,4.2,1.7142857,6.769231,0.0017349024,-0.103030734,-0.00049829687
3045,4.2,2.2857144,6.769231,-0.0013269412,-0.10590973,0.00042772925
3046,4.2,2.857143,6.769231,-0.0111385,-0.1015095,0.0011326881
3047,4.2,3.4285715,6.769231,-0.016366221,-0.10637642,0.0020299077
3048,4.2,4.0,6.769231,-0.02976565,-0.10057342,0.0030397563
3049,4.2,0.0,6.1538463,0.02996661,-0.10240335,-0.0023742737
3050,4.2,0.5714286,6.1538463,0.016201591,-0.10248275,-0.0017537987
3051,4.2,1.1428572,6.1538463,0.011566072,-0.10375139,-0.0010833293
3052,4.2,1.7142857,6.1538463,0.0016534782,-0.102212876,-0.00039865068
3053,4.2,2.2857144,6.1538463,-0.0013670842,-0.10517576,0.00021993
3054,4.2,2.857143,6.1538463,-0.011286195,-0.100770265,0.00091004424
3055,4.2,3.4285715,6.1538463,-0.01640614,-0.10562505,0.0014275153
3056,4.2,4.0,6.1538463,-0.029759848,-0.09978124,0.0018824141
3057,4.2,0.0,5.5384617,0.029789925,-0.10179534,-0.0018044591
3058,4.2,0.5714286,5.5384617,0.016126947,-0.101961665,-0.0013387208
3059,4.2,1.1428572,5.5384617,0.011480733,-0.10313606,-0.00086246745
3060,4.2,1.7142857,5.5384617,0.0016363133,-0.10168767,-0.0003903534
3061,4.2,2.2857144,5.5384617,-0.0014456671,-0.104598895,8.2089064e-05
3062,4.2,2.857143,5.5384617,-0.011275675,-0.1002324,0.00050520076
3063,4.2,3.4285715,5.5384617,-0.016455824,-0.10508049,0.0010078445
3064,4.2,4.0,5.5384617,-0.029729731,-0.099305145,0.0015088574
3065,4.2,0.0,4.923077,0.029652871,-0.10140596,-0.0012268306
3066,4.2,0.5714286,4.923077,0.016071819,-0.10157095,-0.00095165696
3067,4.2,1.1428572,4.923077,0.011408767,-0.10277366,-0.00067054573
3068,4.2,1.7142857,4.923077,0.0016125479,-0.10133123,-0.00039367718
3069,4.2,2.2857144,4.923077,-0.0014817923,-0.10421514,-0.00011268228
3070,4.2,2.857143,4.923077,-0.01128555,-0.09991341,0.0001680855
3071,4.2,3.4285715,4.923077,-0.016461406,-0.10467128,0.00036682063
3072,4.2,4.0,4.923077,-0.029654263,-0.09896309,0.0005599028
3073,4.2,0.0,4.3076925,0.02958255,-0.101213805,-0.0006772107
3074,4.2,0.5714286,4.3076925,0.016025089,-0.10140192,-0.0005983003
3075,4.2,1.1428572,4.3076925,0.011367049,-0.10258073,-0.00050332304
3076,4.2,1.7142857,4.3076925,0.0015914645,-0.10116019,-0.00040209873
3077,4.2,2.2857144,4.3076925,-0.0015108377,-0.10403211,-0.00031693446
3078,4.2,2.857143,4.3076925,-0.011288051,-0.09973693,-0.00023239126
3079,4.2,3.4285715,4.3076925,-0.01647485,-0.10449989,-9.094853e-05
3080,4.2,4.0,4.3076925,-0.029651202,-0.098805085,3.446104e-05
3081,4.2,0.0,3.6923077,0.029565027,-0.101214044,-0.00015873228
3082,4.2,0.5714286,3.6923077,0.016007673,-0.101401895,-0.00023510428
3083,4.2,1.1428572,3.6923077,0.011349702,-0.10258087,-0.00033158791
3084,4.2,1.7142857,3.6923077,0.001574049,-0.101160176,-0.00043071632
3085,4.2,2.2857144,3.6923077,-0.0015282047,-0.104032226,-0.0005171759
3086,4.2,2.857143,3.6923077,-0.011305474,-0.099736944,-0.00059989037
3087,4.2,3.4285715,3.6923077,-0.016492216,-0.1045,-0.0007423258
3088,4.2,4.0,3.6923077,-0.029668653,-0.09880514,-0.0008658988
3089,4.2,0.0,3.0769231,0.029600963,-0.10140641,0.00039196442
3090,4.2,0.5714286,3.0769231,0.016019734,-0.10157075,0.00011736552
3091,4.2,1.1428572,3.0769231,0.01135664,-0.10277413,-0.00016361201
3092,4.2,1.7142857,3.0769231,0.0015603502,-0.10133117,-0.00043979677
3093,4.2,2.2857144,3.0769231,-0.0015339364,-0.10421547,-0.00072086026
3094,4.2,2.857143,3.0769231,-0.011337816,-0.099913485,-0.001000881
3095,4.2,3.4285715,3.0769231,-0.016513623,-0.10467151,-0.0011996302
3096,4.2,4.0,3.0769231,-0.029706633,-0.09896314,-0.0013918217
3097,4.2,0.0,2.4615386,0.029702894,-0.101796046,0.00096933485
3098,4.2,0.5714286,2.4615386,0.016040118,-0.10196153,0.0005043906
3099,4.2,1.1428572,2.4615386,0.011393773,-0.1031367,2.8440625e-05
3100,4.2,1.7142857,2.4615386,0.0015494312,-0.1016877,-0.00044329488
3101,4.2,2.2857144,2.4615386,-0.0015327154,-0.10459928,-0.0009154618
3102,4.2,2.857143,2.4615386,-0.011362625,-0.10023272,-0.00133819
3103,4.2,3.4285715,2.4615386,-0.016542945,-0.10508066,-0.0018404701
3104,4.2,4.0,2.4615386,-0.029816851,-0.09930557,-0.0023409189
3105,4.2,0.0,1.8461539,0.02984523,-0.10240437,0.0015393777
3106,4.2,0.5714286,1.8461539,0.016079977,-0.10248236,0.0009195385
3107,4.2,1.1428572,1.8461539,0.011444456,-0.10375239,0.00024915533
3108,4.2,1.7142857,1.8461539,0.0015316581,-0.1022128,-0.00043485896
3109,4.2,2.2857144,1.8461539,-0.0014887627,-0.1051764,-0.0010534432
3110,4.2,2.857143,1.8461539,-0.011408163,-0.10077057,-0.0017429288
3111,4.2,3.4285715,1.8461539,-0.016527964,-0.10562537,-0.0022602645
3112,4.2,4.0,1.8461539,-0.02988205,-0.09978161,-0.0027144388
3113,4.2,0.0,1.2307693,0.029935677,-0.10318788,0.0023350252
3114,4.2,0.5714286,1.2307693,0.016124584,-0.103361025,0.0013671697
3115,4.2,1.1428572,1.2307693,0.011430542,-0.10446253,0.00047785128
3116,4.2,1.7142857,1.2307693,0.0015779404,-0.1030304,-0.00033534254
3117,4.2,2.2857144,1.2307693,-0.0014830811,-0.10591079,-0.0012611446
3118,4.2,2.857143,1.2307693,-0.011295611,-0.10150951,-0.0019656876
3119,4.2,3.4285715,1.2307693,-0.016522523,-0.10637724,-0.002862596
3120,4.2,4.0,1.2307693,-0.029923024,-0.100573525,-0.0038716958
3121,4.2,0.0,0.61538464,0.029748872,-0.1040562,0.0027605647
3122,4.2,0.5714286,0.61538464,0.016239285,-0.10450434,0.0018867368
3123,4.2,1.1428572,0.61538464,0.011159046,-0.105365634,0.0008135576
3124,4.2,1.7142857,0.61538464,0.001780691,-0.10418689,-0.0003552464
3125,4.2,2.2857144,0.61538464,-0.0015482748,-0.106644236,-0.0012333943
3126,4.2,2.857143,0.61538464,-0.010950052,-0.10274718,-0.0024223656
3127,4.2,3.4285715,0.61538464,-0.016457206,-0.106991895,-0.0032646246
3128,4.2,4.0,0.61538464,-0.029576192,-0.10169244,-0.0037996194
3129,4.2,0.0,0.0,0.02924224,-0.10545906,0.00403
3130,4.2,0.5714286,0.0,0.016019758,-0.105777726,0.0023116418
3131,4.2,1.1428572,0.0,0.010845364,-0.10657304,0.0009595545
3132,4.2,1.7142857,0.0,0.001911386,-0.10552448,-2.745686e-05
3133,4.2,2.2857144,0.0,-0.0015505137,-0.107664004,-0.0016396275
3134,4.2,2.857143,0.0,-0.010458919,-0.10413062,-0.0024668723
3135,4.2,3.4285715,0.0,-0.016130816,-0.10782455,-0.0037697158
3136,4.2,4.0,0.0,-0.02901411,-0.103179894,-0.005613452
3137,4.8,0.0,8.0,0.029165875,-0.092056364,-0.0034678907
3138,4.8,0.5714286,8.0,0.019977769,-0.09220571,-0.0026969248
3139,4.8,1.1428572,8.0,0.009518177,-0.09278486,-0.0017104462
3140,4.8,1.7142857,8.0,0.004338057,-0.09343882,-0.00038327466
3141,4.8,2.2857144,8.0,-0.004035595,-0.09178487,0.00031891765
3142,4.8,2.857143,8.0,-0.009416327,-0.09415506,0.0015841833
3143,4.8,3.4285715,8.0,-0.019607864,-0.09058522,0.0024506082
3144,4.8,4.0,8.0,-0.029228114,-0.09359771,0.002705854
3145,4.8,0.0,7.3846154,0.029472716,-0.09110197,-0.0033512171
3146,4.8,0.5714286,7.3846154,0.02046063,-0.0910784,-0.0022534218
3147,4.8,1.1428572,7.3846154,0.009646976,-0.09170024,-0.0013288965
3148,4.8,1.7142857,7.3846154,0.00453689,-0.0925039,-0.000531078
3149,4.8,2.2857144,7.3846154,-0.0042809406,-0.090666234,0.00045828614
3150,4.8,2.857143,7.3846154,-0.009550656,-0.09338655,0.0011315183
3151,4.8,3.4285715,7.3846154,-0.020160647,-0.089450195,0.0020280604
3152,4.8,4.0,7.3846154,-0.029635753,-0.09298,0.0031958248
3153,4.8,0.0,6.769231,0.02926963,-0.0900194,-0.0025298162
3154,4.8,0.5714286,6.769231,0.020737125,-0.09029166,-0.0018655738
3155,4.8,1.1428572,6.769231,0.00955367,-0.090758346,-0.0011395672
3156,4.8,1.7142857,6.769231,0.004656079,-0.09182355,-0.00038667116
3157,4.8,2.2857144,6.769231,-0.0045174006,-0.08966203,0.00024050564
3158,4.8,2.857143,6.769231,-0.009624858,-0.09284614,0.0010037048
3159,4.8,3.4285715,6.769231,-0.020516805,-0.08842642,0.0015580709
3160,4.8,4.0,6.769231,-0.029561382,-0.09240285,0.001954331
3161,4.8,0.0,6.1538463,0.029113306,-0.089308016,-0.0020651475
3162,4.8,0.5714286,6.1538463,0.020674039,-0.089712135,-0.0014867925
3163,4.8,1.1428572,6.1538463,0.009477322,-0.090019666,-0.00092856743
3164,4.8,1.7142857,6.1538463,0.0046450635,-0.09122568,-0.0003859664
3165,4.8,2.2857144,6.1538463,-0.0046537197,-0.08900124,0.000178274
3166,4.8,2.857143,6.1538463,-0.0096702585,-0.09222767,0.00064097607
3167,4.8,3.4285715,6.1538463,-0.020634843,-0.08781121,0.00122806
3168,4.8,4.0,6.1538463,-0.029588744,-0.09184992,0.0018685056
3169,4.8,0.0,5.5384617,0.028943984,-0.088824734,-0.0015497078
3170,4.8,0.5714286,5.5384617,0.020563006,-0.08915918,-0.0011582451
3171,4.8,1.1428572,5.5384617,0.009435743,-0.08958193,-0.00075882464
3172,4.8,1.7142857,5.5384617,0.0045550847,-0.09071603,-0.00037384045
3173,4.8,2.2857144,5.5384617,-0.0046631508,-0.088550285,2.9362627e-06
3174,4.8,2.857143,5.5384617,-0.009751324,-0.09174842,0.00039590427
3175,4.8,3.4285715,5.5384617,-0.020624364,-0.08735533,0.00069011626
3176,4.8,4.0,5.5384617,-0.029527789,-0.091342784,0.0009487814
3177,4.8,0.0,4.923077,0.028852245,-0.088501476,-0.0010820832
3178,4.8,0.5714286,4.923077,0.020457275,-0.08885599,-0.00085761596
3179,4.8,1.1428572,4.923077,0.009389269,-0.08925482,-0.00062635116
3180,4.8,1.7142857,4.923077,0.0045071454,-0.09039483,-0.00038477316
3181,4.8,2.2857144,4.923077,-0.0046919286,-0.088257015,-0.0001607571
3182,4.8,2.857143,4.923077,-0.009772825,-0.09140617,4.7722075e-05
3183,4.8,3.4285715,4.923077,-0.020616164,-0.08708766,0.00032212448
3184,4.8,4.0,4.923077,-0.029533692,-0.0910286,0.0006015469
3185,4.8,0.0,4.3076925,0.02877449,-0.08834144,-0.00065965316
3186,4.8,0.5714286,4.3076925,0.020403853,-0.08867981,-0.00057037803
3187,4.8,1.1428572,4.3076925,0.009355909,-0.08910795,-0.00048999983
3188,4.8,1.7142857,4.3076925,0.004467819,-0.09023085,-0.00042267708
3189,4.8,2.2857144,4.3076925,-0.0047052675,-0.08810609,-0.0003387171
3190,4.8,2.857143,4.3076925,-0.009798889,-0.091250144,-0.0002589913
3191,4.8,3.4285715,4.3076925,-0.020615632,-0.08693279,-0.0002402745
3192,4.8,4.0,4.3076925,-0.02951207,-0.09086311,-0.00022484906
3193,4.8,0.0,3.6923077,0.02875729,-0.08834129,-0.00020854257
3194,4.8,0.5714286,3.6923077,0.020386549,-0.08867995,-0.0002988011
3195,4.8,1.1428572,3.6923077,0.009338478,-0.08910789,-0.00037728122
3196,4.8,1.7142857,3.6923077,0.004450478,-0.09023099,-0.0004455897
3197,4.8,2.2857144,3.6923077,-0.004722711,-0.08810606,-0.00052789954
3198,4.8,2.857143,3.6923077,-0.009816254,-0.09125024,-0.00060843694
3199,4.8,3.4285715,3.6923077,-0.020633115,-0.08693278,-0.0006255615
3200,4.8,4.0,3.6923077,-0.02952949,-0.09086316,-0.00064153643
3201,4.8,0.0,3.0769231,0.028799962,-0.0885012,0.00021314481
3202,4.8,0.5714286,3.0769231,0.020405184,-0.088856585,-1.0945037e-05
3203,4.8,1.1428572,3.0769231,0.00933708,-0.08925457,-0.00024147553
3204,4.8,1.7142857,3.0769231,0.0044550463,-0.09039525,-0.00048300947
3205,4.8,2.2857144,3.0769231,-0.0047441963,-0.08825695,-0.00070629927
3206,4.8,2.857143,3.0769231,-0.009824956,-0.09140643,-0.0009147562
3207,4.8,3.4285715,3.0769231,-0.020668494,-0.08708771,-0.0011883365
3208,4.8,4.0,3.0769231,-0.02958589,-0.09102885,-0.0014675411
3209,4.8,0.0,2.4615386,0.028857388,-0.08882436,0.00068085996
3210,4.8,0.5714286,2.4615386,0.020476177,-0.0891599,0.00028977133
3211,4.8,1.1428572,2.4615386,0.009348825,-0.08958169,-0.000109149914
3212,4.8,1.7142857,2.4615386,0.0044681444,-0.09071656,-0.00049377896
3213,4.8,2.2857144,2.4615386,-0.0047501475,-0.08855032,-0.00087017025
3214,4.8,2.857143,2.4615386,-0.009838356,-0.09174866,-0.001262769
3215,4.8,3.4285715,2.4615386,-0.020711496,-0.08735558,-0.0015565121
3216,4.8,4.0,2.4615386,-0.029614983,-0.09134292,-0.0018146433
3217,4.8,0.0,1.8461539,0.028991526,-0.08930741,0.0011961593
3218,4.8,0.5714286,1.8461539,0.020552533,-0.08971338,0.0006182404
3219,4.8,1.1428572,1.8461539,0.009355497,-0.09001917,6.0715793e-05
3220,4.8,1.7142857,1.8461539,0.004523513,-0.09122656,-0.0004817751
3221,4.8,2.2857144,1.8461539,-0.0047757085,-0.089001164,-0.0010454069
3222,4.8,2.857143,1.8461539,-0.009791902,-0.09222813,-0.0015079522
3223,4.8,3.4285715,1.8461539,-0.020756993,-0.08781145,-0.0020943664
3224,4.8,4.0,1.8461539,-0.029710555,-0.09185027,-0.0027343845
3225,4.8,0.0,1.2307693,0.029113078,-0.09001832,0.0016610225
3226,4.8,0.5714286,1.2307693,0.02058127,-0.09029329,0.0009970918
3227,4.8,1.1428572,1.2307693,0.009396722,-0.09075756,0.00027161054
3228,4.8,1.7142857,1.2307693,0.004500068,-0.09182484,-0.0004809692
3229,4.8,2.2857144,1.2307693,-0.0046745045,-0.08966169,-0.001107737
3230,4.8,2.857143,1.2307693,-0.00978103,-0.092847,-0.0018706076
3231,4.8,3.4285715,1.2307693,-0.020674124,-0.08842637,-0.0024244497
3232,4.8,4.0,1.2307693,-0.029717822,-0.092403546,-0.002820305
3233,4.8,0.0,0.61538464,0.02928101,-0.09110073,0.00248207
3234,4.8,0.5714286,0.61538464,0.020270089,-0.09108053,0.0013849478
3235,4.8,1.1428572,0.61538464,0.009455106,-0.091699176,0.0004610428
3236,4.8,1.7142857,0.61538464,0.004346289,-0.0925055,-0.00033665606
3237,4.8,2.2857144,0.61538464,-0.004473052,-0.09066577,-0.0013254317
3238,4.8,2.857143,0.61538464,-0.009741401,-0.09338757,-0.001998521
3239,4.8,3.4285715,0.61538464,-0.02035298,-0.08945017,-0.0028944348
3240,4.8,4.0,0.61538464,-0.029826775,-0.0929808,-0.0040615713
3241,4.8,0.0,0.0,0.028939502,-0.09205452,0.002599453
3242,4.8,0.5714286,0.0,0.019752719,-0.092208326,0.0018283407
3243,4.8,1.1428572,0.0,0.0092913285,-0.09278347,0.00084256876
3244,4.8,1.7142857,0.0,0.004112847,-0.0934407,-0.00048435142
3245,4.8,2.2857144,0.0,-0.004262656,-0.09178436,-0.0011861759
3246,4.8,2.857143,0.0,-0.009641706,-0.0941561,-0.0024511071
3247,4.8,3.4285715,0.0,-0.019835195,-0.09058527,-0.0033169936
3248,4.8,4.0,0.0,-0.029453762,-0.09359853,-0.0035720482
3249,5.4,0.0,8.0,0.032718614,-0.07725053,-0.003223388
3250,5.4,0.5714286,8.0,0.019398998,-0.07920034,-0.002094804
3251,5.4,1.1428572,8.0,0.0115998825,-0.07836743,-0.0010557103
3252,5.4,1.7142857,8.0,0.0028188855,-0.07861292,-0.0004571209
3253,5.4,2.2857144,8.0,-0.0031304269,-0.07960572,0.00058533985
3254,5.4,2.857143,8.0,-0.011895785,-0.07747845,0.001165325
3255,5.4,3.4285715,8.0,-0.019753577,-0.079877354,0.0019147522
3256,5.4,4.0,8.0,-0.032464117,-0.07681313,0.0032209055
3257,5.4,0.0,7.3846154,0.033253837,-0.07609567,-0.0023766796
3258,5.4,0.5714286,7.3846154,0.019847898,-0.0783897,-0.0017205297
3259,5.4,1.1428572,7.3846154,0.012016907,-0.07753428,-0.0010215052
3260,5.4,1.7142857,7.3846154,0.00287904,-0.0777455,-0.00025214322
3261,5.4,2.2857144,7.3846154,-0.003046061,-0.07893706,0.0003178973
3262,5.4,2.857143,7.3846154,-0.0121921245,-0.076605104,0.0010743032
3263,5.4,3.4285715,7.3846154,-0.020049471,-0.079339735,0.001607709
3264,5.4,4.0,7.3846154,-0.03287463,-0.07592356,0.0018571821
3265,5.4,0.0,6.769231,0.033456177,-0.07556034,-0.0020233425
3266,5.4,0.5714286,6.769231,0.019800393,-0.07763699,-0.0014163947
3267,5.4,1.1428572,6.769231,0.012221759,-0.07692816,-0.000825899
3268,5.4,1.7142857,6.769231,0.0027785918,-0.07696232,-0.00028358234
3269,5.4,2.2857144,6.769231,-0.0030356399,-0.07847596,0.00030644157
3270,5.4,2.857143,6.769231,-0.012458576,-0.075789675,0.00074106804
3271,5.4,3.4285715,6.769231,-0.020131467,-0.078949295,0.001324875
3272,5.4,4.0,6.769231,-0.033121996,-0.075176746,0.0020459867
3273,5.4,0.0,6.1538463,0.03325325,-0.07503741,-0.0016078872
3274,5.4,0.5714286,6.1538463,0.019706687,-0.07698731,-0.0011490553
3275,5.4,1.1428572,6.1538463,0.012213738,-0.076476835,-0.00070143427
3276,5.4,1.7142857,6.1538463,0.002660123,-0.07639303,-0.0002651267
3277,5.4,2.2857144,6.1538463,-0.0030681978,-0.077993356,0.0001215501
3278,5.4,2.857143,6.1538463,-0.012609827,-0.0752683,0.0005739689
3279,5.4,3.4285715,6.1538463,-0.020168798,-0.07846389,0.0008846166
3280,5.4,4.0,6.1538463,-0.03310644,-0.074641004,0.0011448183
3281,5.4,0.0,5.5384617,0.033108152,-0.074607305,-0.0012296948
3282,5.4,0.5714286,5.5384617,0.019603567,-0.07664718,-0.00092402555
3283,5.4,1.1428572,5.5384617,0.012107267,-0.07603619,-0.0006160169
3284,5.4,1.7142857,5.5384617,0.0026396364,-0.07602895,-0.000305142
3285,5.4,2.2857144,5.5384617,-0.0031598762,-0.077583745,-5.9254144e-06
3286,5.4,2.857143,5.5384617,-0.012619264,-0.07489578,0.00025379664
3287,5.4,3.4285715,5.5384617,-0.020213075,-0.07806986,0.0006027933
3288,5.4,4.0,5.5384617,-0.0330929,-0.07430225,0.0009886553
3289,5.4,0.0,4.923077,0.032928642,-0.074332915,-0.0009286457
3290,5.4,0.5714286,4.923077,0.019537326,-0.07635371,-0.0007225733
3291,5.4,1.1428572,4.923077,0.0120456675,-0.075780064,-0.00053542375
3292,5.4,1.7142857,4.923077,0.002590386,-0.07576945,-0.00035918335
3293,5.4,2.2857144,4.923077,-0.003194815,-0.07730515,-0.00018393819
3294,5.4,2.857143,4.923077,-0.012644613,-0.07465874,5.5573637e-06
3295,5.4,3.4285715,4.923077,-0.020224126,-0.07778104,0.000115940675
3296,5.4,4.0,4.923077,-0.03302306,-0.074055895,0.00022125336
3297,5.4,0.0,4.3076925,0.03286683,-0.07419051,-0.0005917984
3298,5.4,0.5714286,4.3076925,0.019481223,-0.0762325,-0.0005433785
3299,5.4,1.1428572,4.3076925,0.011994165,-0.07563569,-0.000482219
3300,5.4,1.7142857,4.3076925,0.0025684566,-0.07564326,-0.00041537292
3301,5.4,2.2857144,4.3076925,-0.0032305364,-0.07716828,-0.00035997666
3302,5.4,2.857143,4.3076925,-0.0126526775,-0.07452926,-0.00031325722
3303,5.4,3.4285715,4.3076925,-0.020236773,-0.07764929,-0.0001999971
3304,5.4,4.0,4.3076925,-0.03302381,-0.07393799,-8.109896e-05
3305,5.4,0.0,3.6923077,0.032849293,-0.074190736,-0.0003118786
3306,5.4,0.5714286,3.6923077,0.019463792,-0.076232426,-0.00035852246
3307,5.4,1.1428572,3.6923077,0.011976847,-0.075635836,-0.00042031004
3308,5.4,1.7142857,3.6923077,0.0025510103,-0.07564318,-0.00048566
3309,5.4,2.2857144,3.6923077,-0.0032478808,-0.07716839,-0.00054164976
3310,5.4,2.857143,3.6923077,-0.012670135,-0.07452923,-0.000586964
3311,5.4,3.4285715,3.6923077,-0.020254133,-0.07764937,-0.00070064
3312,5.4,4.0,3.6923077,-0.033041257,-0.073938,-0.0008180271
3313,5.4,0.0,3.0769231,0.03287685,-0.074333556,2.5479045e-05
3314,5.4,0.5714286,3.0769231,0.019485153,-0.076353185,-0.00017976355
3315,5.4,1.1428572,3.0769231,0.011993611,-0.07578063,-0.0003667092
3316,5.4,1.7142857,3.0769231,0.0025381143,-0.07576919,-0.00054220954
3317,5.4,2.2857144,3.0769231,-0.003246905,-0.07730547,-0.000717361
3318,5.4,2.857143,3.0769231,-0.012696956,-0.07465867,-0.00090608693
3319,5.4,3.4285715,3.0769231,-0.020276295,-0.07778121,-0.0010162882
3320,5.4,4.0,3.0769231,-0.03307554,-0.07405586,-0.001120692
3321,5.4,0.0,2.4615386,0.033021174,-0.074608184,0.0003265411
3322,5.4,0.5714286,2.4615386,0.019516656,-0.07664671,2.1580707e-05
3323,5.4,1.1428572,2.4615386,0.012020424,-0.076036885,-0.00028596676
3324,5.4,1.7142857,2.4615386,0.00255262,-0.07602869,-0.000596409
3325,5.4,2.2857144,2.4615386,-0.0032468163,-0.07758413,-0.00089521654
3326,5.4,2.857143,2.4615386,-0.012706367,-0.074895814,-0.0011544963
3327,5.4,3.4285715,2.4615386,-0.020300122,-0.078070015,-0.0015029804
3328,5.4,4.0,2.4615386,-0.033180133,-0.07430239,-0.0018882151
3329,5.4,0.0,1.8461539,0.03313209,-0.075038776,0.00070478156
3330,5.4,0.5714286,1.8461539,0.019584896,-0.0769863,0.00024670246
3331,5.4,1.1428572,1.8461539,0.012092291,-0.07647804,-0.0002006439
3332,5.4,1.7142857,1.8461539,0.0025381267,-0.07639251,-0.0006363292
3333,5.4,2.2857144,1.8461539,-0.0031897328,-0.07799402,-0.0010227835
3334,5.4,2.857143,1.8461539,-0.012731977,-0.07526823,-0.0014745898
3335,5.4,3.4285715,1.8461539,-0.020290496,-0.07846418,-0.0017848915
3336,5.4,4.0,1.8461539,-0.033228848,-0.07464108,-0.0020443755
3337,5.4,0.0,1.2307693,0.03330018,-0.07556241,0.0011201549
3338,5.4,0.5714286,1.2307693,0.0196435,-0.07763569,0.0005139792
3339,5.4,1.1428572,1.2307693,0.0120658595,-0.076929785,-7.6087104e-05
3340,5.4,1.7142857,1.2307693,0.0026215117,-0.07696151,-0.0006179417
3341,5.4,2.2857144,1.2307693,-0.0031916944,-0.078477,-0.0012076125
3342,5.4,2.857143,1.2307693,-0.012615805,-0.07578935,-0.0016417622
3343,5.4,3.4285715,1.2307693,-0.020287722,-0.078949936,-0.0022251168
3344,5.4,4.0,1.2307693,-0.03327945,-0.07517662,-0.0029454564
3345,5.4,0.0,0.61538464,0.033063583,-0.07609802,0.0014737608
3346,5.4,0.5714286,0.61538464,0.019656127,-0.07838794,0.00081815955
3347,5.4,1.1428572,0.61538464,0.0118264,-0.07753638,0.00011947392
3348,5.4,1.7142857,0.61538464,0.002686977,-0.07774442,-0.000649318
3349,5.4,2.2857144,0.61538464,-0.0032366954,-0.078938365,-0.0012191171
3350,5.4,2.857143,0.61538464,-0.012384394,-0.07660468,-0.0019749587
3351,5.4,3.4285715,0.61538464,-0.020240333,-0.07934046,-0.002507966
3352,5.4,4.0,0.61538464,-0.033067223,-0.07592341,-0.002756885
3353,5.4,0.0,0.0,0.03249354,-0.07725396,0.0023198645
3354,5.4,0.5714286,0.0,0.0191721,-0.07919795,0.0011926087
3355,5.4,1.1428572,0.0,0.01137492,-0.078370094,0.00015373797
3356,5.4,1.7142857,0.0,0.0025917382,-0.078611545,-0.00044437507
3357,5.4,2.2857144,0.0,-0.0033555634,-0.0796072,-0.0014864934
3358,5.4,2.857143,0.0,-0.012123098,-0.077478014,-0.0020660397
3359,5.4,3.4285715,0.0,-0.019978913,-0.079878114,-0.0028150796
3360,5.4,4.0,0.0,-0.03269172,-0.07681301,-0.004120257
3361,6.0,0.0,8.0,0.0327294,-0.06480383,-0.0018618305
3362,6.0,0.5714286,8.0,0.021306377,-0.06239151,-0.0011617687
3363,6.0,1.1428572,8.0,0.010972839,-0.06481087,-0.00071190187
3364,6.0,1.7142857,8.0,0.0037370983,-0.06422791,8.593027e-05
3365,6.0,2.2857144,8.0,-0.004588278,-0.063796006,0.00055245915
3366,6.0,2.857143,8.0,-0.011870758,-0.065226905,0.0011298712
3367,6.0,3.4285715,8.0,-0.021914897,-0.062945455,0.0016466803
3368,6.0,4.0,8.0,-0.03302109,-0.06526646,0.0015405938
3369,6.0,0.0,7.3846154,0.033406883,-0.06441871,-0.0016126978
3370,6.0,0.5714286,7.3846154,0.02193469,-0.061612364,-0.0010793527
3371,6.0,1.1428572,7.3846154,0.011327859,-0.064188346,-0.00049027806
3372,6.0,1.7142857,7.3846154,0.00409829,-0.06367585,-2.8153616e-07
3373,6.0,2.2857144,7.3846154,-0.0046199746,-0.06318573,0.0005154937
3374,6.0,2.857143,7.3846154,-0.011912179,-0.064838134,0.00086679903
3375,6.0,3.4285715,7.3846154,-0.022294238,-0.062352393,0.0013190381
3376,6.0,4.0,7.3846154,-0.03335367,-0.06496081,0.002041577
3377,6.0,0.0,6.769231,0.033172727,-0.06371206,-0.0013457648
3378,6.0,0.5714286,6.769231,0.022187097,-0.061104864,-0.00084991695
3379,6.0,1.1428572,6.769231,0.011351695,-0.063631505,-0.0004120552
3380,6.0,1.7142857,6.769231,0.004154944,-0.06332286,-1.6362845e-05
3381,6.0,2.2857144,6.769231,-0.0047736918,-0.0625814,0.00032002988
3382,6.0,2.857143,6.769231,-0.011993499,-0.06455325,0.00072202284
3383,6.0,3.4285715,6.769231,-0.02255635,-0.061741255,0.0010000936
3384,6.0,4.0,6.769231,-0.033265933,-0.06467692,0.0011542637
3385,6.0,0.0,6.1538463,0.03307009,-0.06325305,-0.0010217897
3386,6.0,0.5714286,6.1538463,0.022092829,-0.060817756,-0.0007229077
3387,6.0,1.1428572,6.1538463,0.011211162,-0.063164,-0.00040761897
3388,6.0,1.7142857,6.1538463,0.004149321,-0.06297362,-0.00010574909
3389,6.0,2.2857144,6.1538463,-0.004918493,-0.06215391,0.00019558458
3390,6.0,2.857143,6.1538463,-0.012037542,-0.064187795,0.00042559888
3391,6.0,3.4285715,6.1538463,-0.022659183,-0.061334576,0.0007770316
3392,6.0,4.0,6.1538463,-0.033289824,-0.064341635,0.0012136094
3393,6.0,0.0,5.5384617,0.03279703,-0.062962845,-0.0008984211
3394,6.0,0.5714286,5.5384617,0.021978013,-0.060449358,-0.0006364147
3395,6.0,1.1428572,5.5384617,0.011183912,-0.062888026,-0.00040528944
3396,6.0,1.7142857,5.5384617,0.004046509,-0.0626365,-0.00020008546
3397,6.0,2.2857144,5.5384617,-0.004941163,-0.061859597,5.387424e-07
3398,6.0,2.857143,5.5384617,-0.012117496,-0.06385958,0.00022284398
3399,6.0,3.4285715,5.5384617,-0.022667551,-0.061042484,0.00036769488
3400,6.0,4.0,5.5384617,-0.033232488,-0.064008765,0.0004927146
3401,6.0,0.0,4.923077,0.03275173,-0.062730774,-0.0007017752
3402,6.0,0.5714286,4.923077,0.02187504,-0.06025378,-0.00056695414
3403,6.0,1.1428572,4.923077,0.011106615,-0.0626638,-0.00043234573
3404,6.0,1.7142857,4.923077,0.0040024985,-0.06241649,-0.00030153283
3405,6.0,2.2857144,4.923077,-0.004986161,-0.061655276,-0.00017688435
3406,6.0,2.857143,4.923077,-0.012144072,-0.0636247,-7.288727e-05
3407,6.0,3.4285715,4.923077,-0.022667333,-0.060849305,0.000112113674
3408,6.0,4.0,4.923077,-0.03324348,-0.063790664,0.00032765567
3409,6.0,0.0,4.3076925,0.03263442,-0.062632136,-0.0005571372
3410,6.0,0.5714286,4.3076925,0.021816285,-0.060134064,-0.0005000878
3411,6.0,1.1428572,4.3076925,0.011077551,-0.06256167,-0.00045304396
3412,6.0,1.7142857,4.3076925,0.003957357,-0.062300492,-0.00041452693
3413,6.0,2.2857144,4.3076925,-0.0050033033,-0.061548844,-0.00037161793
3414,6.0,2.857143,4.3076925,-0.012172227,-0.06351064,-0.0003187927
3415,6.0,3.4285715,4.3076925,-0.022672456,-0.060742978,-0.00032993604
3416,6.0,4.0,4.3076925,-0.03322447,-0.06367382,-0.0003497851
3417,6.0,0.0,3.6923077,0.03261728,-0.062631965,-0.00037957946
3418,6.0,0.5714286,3.6923077,0.021798968,-0.060134187,-0.00043687504
3419,6.0,1.1428572,3.6923077,0.011060108,-0.06256156,-0.00048251209
3420,6.0,1.7142857,3.6923077,0.0039400207,-0.062300622,-0.0005213865
3421,6.0,2.2857144,3.6923077,-0.005020759,-0.061548766,-0.0005630261
3422,6.0,2.857143,3.6923077,-0.012189589,-0.063510716,-0.0006161131
3423,6.0,3.4285715,3.6923077,-0.022689942,-0.060742933,-0.000603675
3424,6.0,4.0,3.6923077,-0.03324192,-0.06367384,-0.0005838961
3425,6.0,0.0,3.0769231,0.032699317,-0.06273007,-0.00023528017
3426,6.0,0.5714286,3.0769231,0.021823034,-0.06025461,-0.00036968922
3427,6.0,1.1428572,3.0769231,0.011054364,-0.06266327,-0.00050349283
3428,6.0,1.7142857,3.0769231,0.003950439,-0.06241694,-0.0006341182
3429,6.0,2.2857144,3.0769231,-0.005038488,-0.061655045,-0.000758006
3430,6.0,2.857143,3.0769231,-0.012196181,-0.0636249,-0.0008617913
3431,6.0,3.4285715,3.0769231,-0.02271973,-0.06084924,-0.0010459507
3432,6.0,4.0,3.0769231,-0.03329565,-0.063790776,-0.001261096
3433,6.0,0.0,2.4615386,0.03271045,-0.06296201,-3.869601e-05
3434,6.0,0.5714286,2.4615386,0.021891229,-0.060450207,-0.00030009157
3435,6.0,1.1428572,2.4615386,0.011096909,-0.06288745,-0.0005306842
3436,6.0,1.7142857,2.4615386,0.003959631,-0.06263707,-0.00073541806
3437,6.0,2.2857144,2.4615386,-0.0050282604,-0.06185935,-0.0009355826
3438,6.0,2.857143,2.4615386,-0.012204476,-0.0638598,-0.0011573745
3439,6.0,3.4285715,2.4615386,-0.022754777,-0.061042465,-0.0013016891
3440,6.0,4.0,2.4615386,-0.033319686,-0.0640088,-0.0014260515
3441,6.0,0.0,1.8461539,0.032948118,-0.06325171,8.476246e-05
3442,6.0,0.5714286,1.8461539,0.021971475,-0.06081944,-0.00021366046
3443,6.0,1.1428572,1.8461539,0.011089213,-0.063162915,-0.00052826246
3444,6.0,1.7142857,1.8461539,0.0040278463,-0.062974595,-0.0008298254
3445,6.0,2.2857144,1.8461539,-0.005040599,-0.06215345,-0.0011305644
3446,6.0,2.857143,1.8461539,-0.0121591315,-0.0641882,-0.0013602067
3447,6.0,3.4285715,1.8461539,-0.022781452,-0.0613345,-0.0017109661
3448,6.0,4.0,1.8461539,-0.033411596,-0.064341776,-0.0021469484
3449,6.0,0.0,1.2307693,0.03301621,-0.06370995,0.00040870576
3450,6.0,0.5714286,1.2307693,0.022031259,-0.061107002,-8.6536136e-05
3451,6.0,1.1428572,1.2307693,0.011194675,-0.06363009,-0.0005238578
3452,6.0,1.7142857,1.2307693,0.0039989613,-0.06332424,-0.00091916596
3453,6.0,2.2857144,1.2307693,-0.0049308683,-0.062580645,-0.0012550437
3454,6.0,2.857143,1.2307693,-0.012149658,-0.06455397,-0.0016565974
3455,6.0,3.4285715,1.2307693,-0.022713719,-0.061740924,-0.0019340634
3456,6.0,4.0,1.2307693,-0.033422437,-0.06467728,-0.002087693
3457,6.0,0.0,0.61538464,0.033214998,-0.06441656,0.00067560223
3458,6.0,0.5714286,0.61538464,0.021744205,-0.061615143,0.0001428672
3459,6.0,1.1428572,0.61538464,0.011135932,-0.064186506,-0.00044558593
3460,6.0,1.7142857,0.61538464,0.003907669,-0.06367765,-0.0009352158
3461,6.0,2.2857144,0.61538464,-0.0048121326,-0.06318476,-0.0014505045
3462,6.0,2.857143,0.61538464,-0.012102938,-0.06483902,-0.00180138
3463,6.0,3.4285715,0.61538464,-0.022486607,-0.062352013,-0.0022530493
3464,6.0,4.0,0.61538464,-0.03354472,-0.064961225,-0.0029748187
3465,6.0,0.0,0.0,0.032502774,-0.0648,0.00092523935
3466,6.0,0.5714286,0.0,0.021081593,-0.062395394,0.0002252849
3467,6.0,1.1428572,0.0,0.010745667,-0.064808354,-0.0002239272
3468,6.0,1.7142857,0.0,0.003512123,-0.06423016,-0.0010213818
3469,6.0,2.2857144,0.0,-0.0048156204,-0.06379483,-0.0014874486
3470,6.0,2.857143,0.0,-0.012095923,-0.06522787,-0.0020644427
3471,6.0,3.4285715,0.0,-0.022142408,-0.06294507,-0.0025806502
3472,6.0,4.0,0.0,-0.033246618,-0.06526686,-0.002474181
3473,6.6,0.0,8.0,0.034742862,-0.045559064,-0.0007465175
3474,6.6,0.5714286,8.0,0.021105897,-0.050685253,-0.0005016459
3475,6.6,1.1428572,8.0,0.011715921,-0.04770253,0.0002810047
3476,6.6,1.7142857,8.0,0.0031275535,-0.049363952,0.00062414014
3477,6.6,2.2857144,8.0,-0.004258095,-0.049899783,0.00083447964
3478,6.6,2.857143,8.0,-0.013392845,-0.049023945,0.0011222626
3479,6.6,3.4285715,8.0,-0.022119448,-0.050807573,0.0011829573
3480,6.6,4.0,8.0,-0.034858625,-0.048515726,0.0018734458
3481,6.6,0.0,7.3846154,0.035318684,-0.044556793,-0.00074702705
3482,6.6,0.5714286,7.3846154,0.021854604,-0.05033547,-0.00010668271
3483,6.6,1.1428572,7.3846154,0.0124086635,-0.047280233,0.00022704697
3484,6.6,1.7142857,7.3846154,0.0033763093,-0.04905611,0.00046298237
3485,6.6,2.2857144,7.3846154,-0.0040753675,-0.049685612,0.0006596801
3486,6.6,2.857143,7.3846154,-0.013544806,-0.04867997,0.0008715933
3487,6.6,3.4285715,7.3846154,-0.022336418,-0.0506715,0.00105735
3488,6.6,4.0,7.3846154,-0.035154175,-0.04818357,0.000988327
3489,6.6,0.0,6.769231,0.03562353,-0.04432947,-0.00026089497
3490,6.6,0.5714286,6.769231,0.021842819,-0.05005767,-0.00013963989
3491,6.6,1.1428572,6.769231,0.012437699,-0.04708151,8.978062e-05
3492,6.6,1.7142857,6.769231,0.0032843244,-0.04865126,0.00029808792
3493,6.6,2.2857144,6.769231,-0.004110529,-0.04950659,0.00047516215
3494,6.6,2.857143,6.769231,-0.0137594165,-0.048252746,0.0006134685
3495,6.6,3.4285715,6.769231,-0.022415038,-0.05051842,0.0008467787
3496,6.6,4.0,6.769231,-0.035329785,-0.047787964,0.0012764088
3497,6.6,0.0,6.1538463,0.035159104,-0.04415033,-0.00048917945
3498,6.6,0.5714286,6.1538463,0.021659471,-0.04970233,-0.00021811547
3499,6.6,1.1428572,6.1538463,0.012447714,-0.046850797,-4.6424404e-05
3500,6.6,1.7142857,6.1538463,0.0031579314,-0.048317503,0.00011205588
3501,6.6,2.2857144,6.1538463,-0.004142694,-0.049248062,0.00024371233
3502,6.6,2.857143,6.1538463,-0.013895919,-0.0479267,0.00042602146
3503,6.6,3.4285715,6.1538463,-0.022449616,-0.050269507,0.00052658224
3504,6.6,4.0,6.1538463,-0.03532554,-0.047469635,0.0006085996
3505,6.6,0.0,5.5384617,0.0351876,-0.04386783,-0.00047476622
3506,6.6,0.5714286,5.5384617,0.02159689,-0.049491066,-0.000320349
3507,6.6,1.1428572,5.5384617,0.012323502,-0.04659204,-0.00018713706
3508,6.6,1.7142857,5.5384617,0.0031261812,-0.048090093,-6.552659e-05
3509,6.6,2.2857144,5.5384617,-0.004235892,-0.04898284,4.9728897e-05
3510,6.6,2.857143,5.5384617,-0.013922215,-0.047698952,0.00014091506
3511,6.6,3.4285715,5.5384617,-0.022493515,-0.050003156,0.0003298787
3512,6.6,4.0,5.5384617,-0.03532461,-0.047267493,0.0005961605
3513,6.6,0.0,4.923077,0.034905273,-0.043754186,-0.00049390795
3514,6.6,0.5714286,4.923077,0.02149454,-0.049317863,-0.0003957231
3515,6.6,1.1428572,4.923077,0.012271405,-0.046422813,-0.00031241274
3516,6.6,1.7142857,4.923077,0.0030653295,-0.047922235,-0.00023659375
3517,6.6,2.2857144,4.923077,-0.004273345,-0.048795685,-0.00017178708
3518,6.6,2.857143,4.923077,-0.013954889,-0.047534358,-7.967763e-05
3519,6.6,3.4285715,4.923077,-0.02250967,-0.04981663,-5.4922104e-05
3520,6.6,4.0,4.923077,-0.035275485,-0.047103204,-2.5386957e-05
3521,6.6,0.0,4.3076925,0.034893047,-0.043657828,-0.0005021129
3522,6.6,0.5714286,4.3076925,0.021451555,-0.04923698,-0.00045698127
3523,6.6,1.1428572,4.3076925,0.012216506,-0.046333585,-0.00042892213
3524,6.6,1.7142857,4.3076925,0.0030414995,-0.047835924,-0.00040271963
3525,6.6,2.2857144,4.3076925,-0.0043112207,-0.048700545,-0.00037622306
3526,6.6,2.857143,4.3076925,-0.013968175,-0.047447216,-0.00036614356
3527,6.6,3.4285715,4.3076925,-0.022524873,-0.049720094,-0.0002826276
3528,6.6,4.0,4.3076925,-0.0352794,-0.047025513,-0.00017700574
3529,6.6,0.0,3.6923077,0.03487541,-0.043657966,-0.00046951932
3530,6.6,0.5714286,3.6923077,0.021434167,-0.049236912,-0.00051323837
3531,6.6,1.1428572,3.6923077,0.012199159,-0.046333708,-0.00054141425
3532,6.6,1.7142857,3.6923077,0.0030240687,-0.04783582,-0.0005664202
3533,6.6,2.2857144,3.6923077,-0.004328592,-0.048700623,-0.00059301377
3534,6.6,2.857143,3.6923077,-0.013985619,-0.047447138,-0.0006019178
3535,6.6,3.4285715,3.6923077,-0.022542266,-0.049720127,-0.0006854377
3536,6.6,4.0,3.6923077,-0.03529683,-0.047025487,-0.0007897471
3537,6.6,0.0,3.0769231,0.034853593,-0.04375529,-0.0004774679
3538,6.6,0.5714286,3.0769231,0.021442305,-0.049316883,-0.00057472684
3539,6.6,1.1428572,3.0769231,0.012219385,-0.046423562,-0.0006577015
3540,6.6,1.7142857,3.0769231,0.0030130085,-0.047921754,-0.0007327466
3541,6.6,2.2857144,3.0769231,-0.0043254374,-0.04879597,-0.0007972627
3542,6.6,2.857143,3.0769231,-0.014007254,-0.047534127,-0.0008885678
3543,6.6,3.4285715,3.0769231,-0.022561856,-0.049816675,-0.00091296923
3544,6.6,4.0,3.0769231,-0.035328,-0.047103107,-0.0009415689
3545,6.6,0.0,2.4615386,0.035100497,-0.04386903,-0.0004964823
3546,6.6,0.5714286,2.4615386,0.021510007,-0.049490202,-0.00065017666
3547,6.6,1.1428572,2.4615386,0.012236658,-0.04659284,-0.00078286376
3548,6.6,1.7142857,2.4615386,0.003039115,-0.048089556,-0.0009039261
3549,6.6,2.2857144,2.4615386,-0.0043228455,-0.048983153,-0.001018671
3550,6.6,2.857143,2.4615386,-0.014009355,-0.04769869,-0.0011092853
3551,6.6,3.4285715,2.4615386,-0.022580594,-0.050003167,-0.0012976589
3552,6.6,4.0,2.4615386,-0.035411872,-0.047267426,-0.0015632012
3553,6.6,0.0,1.8461539,0.0350381,-0.044152364,-0.0004821033
3554,6.6,0.5714286,1.8461539,0.021537615,-0.049700484,-0.00075233396
3555,6.6,1.1428572,1.8461539,0.012326275,-0.046852347,-0.00092358893
3556,6.6,1.7142857,1.8461539,0.0030358753,-0.048316523,-0.0010814997
3557,6.6,2.2857144,1.8461539,-0.0042642737,-0.04924866,-0.0012126734
3558,6.6,2.857143,1.8461539,-0.014018073,-0.04792625,-0.0013943808
3559,6.6,3.4285715,1.8461539,-0.022571381,-0.050269574,-0.001494391
3560,6.6,4.0,1.8461539,-0.03544797,-0.04746951,-0.0015756884
3561,6.6,0.0,1.2307693,0.035467315,-0.044332683,-0.0007100563
3562,6.6,0.5714286,1.2307693,0.021686012,-0.05005548,-0.00083078264
3563,6.6,1.1428572,1.2307693,0.0122817485,-0.047083527,-0.0010598052
3564,6.6,1.7142857,1.2307693,0.0031272122,-0.04864997,-0.0012674737
3565,6.6,2.2857144,1.2307693,-0.0042666644,-0.04950751,-0.0014441739
3566,6.6,2.857143,1.2307693,-0.013916625,-0.048252027,-0.0015818026
3567,6.6,3.4285715,1.2307693,-0.022571402,-0.050518706,-0.0018146307
3568,6.6,4.0,1.2307693,-0.0354872,-0.047787648,-0.0022433868
3569,6.6,0.0,0.61538464,0.035128307,-0.04455994,-0.00022409977
3570,6.6,0.5714286,0.61538464,0.02166288,-0.050332803,-0.00086358
3571,6.6,1.1428572,0.61538464,0.012218005,-0.047282934,-0.0011969088
3572,6.6,1.7142857,0.61538464,0.0031842801,-0.049054444,-0.0014324745
3573,6.6,2.2857144,0.61538464,-0.004266188,-0.04968686,-0.0016285566
3574,6.6,2.857143,0.61538464,-0.013736955,-0.04867904,-0.0018400184
3575,6.6,3.4285715,0.61538464,-0.022527466,-0.050671842,-0.0020251116
3576,6.6,4.0,0.61538464,-0.035346676,-0.0481832,-0.001955524
3577,6.6,0.0,0.0,0.034517698,-0.04556521,-0.00022460961
3578,6.6,0.5714286,0.0,0.020878894,-0.050681077,-0.00046863986
3579,6.6,1.1428572,0.0,0.011491072,-0.04770623,-0.0012507593
3580,6.6,1.7142857,0.0,0.002900168,-0.04936186,-0.0015934542
3581,6.6,2.2857144,0.0,-0.0044832435,-0.049901225,-0.0018034085
3582,6.6,2.857143,0.0,-0.013620176,-0.049022913,-0.0020905836
3583,6.6,3.4285715,0.0,-0.022344848,-0.050807882,-0.0021508548
3584,6.6,4.0,0.0,-0.035086144,-0.04851544,-0.002840399
3585,7.2,0.0,8.0,0.034600068,-0.03596587,0.00029427325
3586,7.2,0.5714286,8.0,0.021263657,-0.028743101,0.0017287774
3587,7.2,1.1428572,8.0,0.011732786,-0.03379618,0.0015418992
3588,7.2,1.7142857,8.0,0.0040666633,-0.0337567,0.0011596815
3589,7.2,2.2857144,8.0,-0.005457567,-0.0348175,0.0012488578
3590,7.2,2.857143,8.0,-0.012872936,-0.036079403,0.00096945814
3591,7.2,3.4285715,8.0,-0.02398336,-0.034825403,0.001142641
3592,7.2,4.0,8.0,-0.034290828,-0.036994036,0.0006062253
3593,7.2,0.0,7.3846154,0.036043953,-0.03616371,0.0015408363
3594,7.2,0.5714286,7.3846154,0.022382205,-0.028493559,0.0010454638
3595,7.2,1.1428572,7.3846154,0.012184249,-0.033931475,0.00103953
3596,7.2,1.7142857,7.3846154,0.0044309413,-0.033773948,0.00095823186
3597,7.2,2.2857144,7.3846154,-0.0054532457,-0.03474896,0.00083843863
3598,7.2,2.857143,7.3846154,-0.012897988,-0.036130596,0.00084943697
3599,7.2,3.4285715,7.3846154,-0.024273297,-0.034700688,0.00080668624
3600,7.2,4.0,7.3846154,-0.034528963,-0.037066527,0.0011543619
3601,7.2,0.0,6.769231,0.035223026,-0.036186207,0.0004510274
3602,7.2,0.5714286,6.769231,0.022215132,-0.028487286,0.0006738643
3603,7.2,1.1428572,6.769231,0.012073123,-0.03364874,0.00064075546
3604,7.2,1.7142857,6.769231,0.0044178837,-0.03369103,0.00059603754
3605,7.2,2.2857144,6.769231,-0.0056158374,-0.03448832,0.0005876233
3606,7.2,2.857143,6.769231,-0.012972244,-0.03606152,0.0005969954
3607,7.2,3.4285715,6.769231,-0.024495147,-0.03444613,0.0006228647
3608,7.2,4.0,6.769231,-0.034481436,-0.037017804,0.000541281
3609,7.2,0.0,6.1538463,0.035357095,-0.03588653,0.0001596375
3610,7.2,0.5714286,6.1538463,0.02223284,-0.028295595,0.00023591222
3611,7.2,1.1428572,6.1538463,0.011974168,-0.033419523,0.0002946347
3612,7.2,1.7142857,6.1538463,0.004402583,-0.03350576,0.00031124684
3613,7.2,2.2857144,6.1538463,-0.0057371603,-0.03423177,0.00033249805
3614,7.2,2.857143,6.1538463,-0.013024833,-0.035900306,0.00033854652
3615,7.2,3.4285715,6.1538463,-0.024586346,-0.034193255,0.00045414572
3616,7.2,4.0,6.1538463,-0.034502313,-0.036886796,0.0007199701
3617,7.2,0.0,5.5384617,0.035006583,-0.035834786,-9.946291e-05
3618,7.2,0.5714286,5.5384617,0.022086138,-0.028165596,-3.692878e-05
3619,7.2,1.1428572,5.5384617,0.011913742,-0.03323371,2.1875945e-05
3620,7.2,1.7142857,5.5384617,0.004307681,-0.033308532,5.028588e-05
3621,7.2,2.2857144,5.5384617,-0.0057773795,-0.034053672,7.562502e-05
3622,7.2,2.857143,5.5384617,-0.013098402,-0.035682835,0.00012941402
3623,7.2,3.4285715,5.5384617,-0.024607955,-0.03403881,0.00014129253
3624,7.2,4.0,5.5384617,-0.034478176,-0.036670126,0.00015357787
3625,7.2,0.0,4.923077,0.034996677,-0.03568288,-0.00033699677
3626,7.2,0.5714286,4.923077,0.022015866,-0.028047608,-0.00024521144
3627,7.2,1.1428572,4.923077,0.011852639,-0.033123087,-0.00021153604
3628,7.2,1.7142857,4.923077,0.004258748,-0.033159994,-0.00018079804
3629,7.2,2.2857144,4.923077,-0.005819663,-0.033921227,-0.00015401522
3630,7.2,2.857143,4.923077,-0.013133757,-0.035533868,-0.0001422405
3631,7.2,3.4285715,4.923077,-0.024614375,-0.03390163,-4.3995424e-05
3632,7.2,4.0,4.923077,-0.034489863,-0.036539342,0.00011393133
3633,7.2,0.0,4.3076925,0.034877233,-0.035652462,-0.00040733558
3634,7.2,0.5714286,4.3076925,0.021956606,-0.02799913,-0.00042692333
3635,7.2,1.1428572,4.3076925,0.011817273,-0.033053726,-0.00040447523
3636,7.2,1.7142857,4.3076925,0.004216667,-0.033089764,-0.00039795367
3637,7.2,2.2857144,4.3076925,-0.005841416,-0.03385015,-0.00038918343
3638,7.2,2.857143,4.3076925,-0.013162465,-0.03545293,-0.00036575118
3639,7.2,3.4285715,4.3076925,-0.024623884,-0.033837024,-0.0003999908
3640,7.2,4.0,4.3076925,-0.0344839,-0.03645617,-0.00044734016
3641,7.2,0.0,3.6923077,0.03486013,-0.035652503,-0.0005977346
3642,7.2,0.5714286,3.6923077,0.021939253,-0.027999202,-0.00057802396
3643,7.2,1.1428572,3.6923077,0.011799873,-0.03305365,-0.00059924496
3644,7.2,1.7142857,3.6923077,0.004199269,-0.033089805,-0.0006057196
3645,7.2,2.2857144,3.6923077,-0.0058588292,-0.03385004,-0.0006133366
3646,7.2,2.857143,3.6923077,-0.013179878,-0.035452936,-0.0006367232
3647,7.2,3.4285715,3.6923077,-0.024641331,-0.033836935,-0.00060127943
3648,7.2,4.0,3.6923077,-0.034501396,-0.036456134,-0.00055374025
3649,7.2,0.0,3.0769231,0.034944225,-0.035681486,-0.00066829496
3650,7.2,0.5714286,3.0769231,0.021963913,-0.028049016,-0.0007594911
3651,7.2,1.1428572,3.0769231,0.011800328,-0.03312221,-0.00079238875
3652,7.2,1.7142857,3.0769231,0.0042066406,-0.033160444,-0.0008226757
3653,7.2,2.2857144,3.0769231,-0.005871954,-0.033920746,-0.00084869826
3654,7.2,2.857143,3.0769231,-0.013185964,-0.03553395,-0.0008600581
3655,7.2,3.4285715,3.0769231,-0.024666699,-0.0339014,-0.0009574558
3656,7.2,4.0,3.0769231,-0.034542162,-0.036539197,-0.0011148244
3657,7.2,0.0,2.4615386,0.034920108,-0.035833605,-0.00090582535
3658,7.2,0.5714286,2.4615386,0.021999342,-0.028166885,-0.0009677767
3659,7.2,1.1428572,2.4615386,0.011826716,-0.033232838,-0.0010257682
3660,7.2,1.7142857,2.4615386,0.0042207018,-0.033308923,-0.001053775
3661,7.2,2.2857144,2.4615386,-0.0058644335,-0.0340531,-0.0010783518
3662,7.2,2.857143,2.4615386,-0.013185496,-0.035682827,-0.0011317063
3663,7.2,3.4285715,2.4615386,-0.024695108,-0.034038495,-0.0011427738
3664,7.2,4.0,2.4615386,-0.03456552,-0.03666986,-0.0011544946
3665,7.2,0.0,1.8461539,0.03523507,-0.03588435,-0.001164859
3666,7.2,0.5714286,1.8461539,0.0221115,-0.02829817,-0.001240447
3667,7.2,1.1428572,1.8461539,0.011852169,-0.033417787,-0.001298696
3668,7.2,1.7142857,1.8461539,0.004280919,-0.033506654,-0.0013145929
3669,7.2,2.2857144,1.8461539,-0.0058591263,-0.034230776,-0.0013353841
3670,7.2,2.857143,1.8461539,-0.013146679,-0.03590046,-0.0013407333
3671,7.2,3.4285715,1.8461539,-0.02470841,-0.034192782,-0.0014557447
3672,7.2,4.0,1.8461539,-0.034624394,-0.036886446,-0.0017207497
3673,7.2,0.0,1.2307693,0.035066895,-0.036182676,-0.0014562374
3674,7.2,0.5714286,1.2307693,0.022059232,-0.028490648,-0.0016785148
3675,7.2,1.1428572,1.2307693,0.011916041,-0.03364665,-0.001644579
3676,7.2,1.7142857,1.2307693,0.0042616907,-0.03369223,-0.0015996667
3677,7.2,2.2857144,1.2307693,-0.0057728803,-0.03448707,-0.0015902894
3678,7.2,2.857143,1.2307693,-0.013128673,-0.036061812,-0.0015993861
3679,7.2,3.4285715,1.2307693,-0.024652291,-0.03444542,-0.0016242942
3680,7.2,4.0,1.2307693,-0.034638274,-0.0370175,-0.0015423072
3681,7.2,0.0,0.61538464,0.035851907,-0.036161713,-0.0025449854
3682,7.2,0.5714286,0.61538464,0.022191616,-0.028497761,-0.002049907
3683,7.2,1.1428572,0.61538464,0.011992367,-0.03392895,-0.0020436547
3684,7.2,1.7142857,0.61538464,0.004239917,-0.033775754,-0.0019614939
3685,7.2,2.2857144,0.61538464,-0.0056450963,-0.034747254,-0.0018413992
3686,7.2,2.857143,0.61538464,-0.013089202,-0.036131117,-0.0018515622
3687,7.2,3.4285715,0.61538464,-0.02446526,-0.034699783,-0.0018083876
3688,7.2,4.0,0.61538464,-0.034720518,-0.03706619,-0.0021550811
3689,7.2,0.0,0.0,0.034373414,-0.035958886,-0.0012991778
3690,7.2,0.5714286,0.0,0.021039031,-0.028750254,-0.0027323128
3691,7.2,1.1428572,0.0,0.011505314,-0.033792842,-0.0025458054
3692,7.2,1.7142857,0.0,0.0038412914,-0.033758864,-0.002163051
3693,7.2,2.2857144,0.0,-0.0056846263,-0.034815613,-0.0022515142
3694,7.2,2.857143,0.0,-0.013098619,-0.036079857,-0.001971838
3695,7.2,3.4285715,0.0,-0.024210364,-0.034824476,-0.0021440769
3696,7.2,4.0,0.0,-0.034516953,-0.036993396,-0.0016072721
3697,7.8,0.0,8.0,0.035579,-0.0029353397,0.0061141485
3698,7.8,0.5714286,8.0,0.02090417,-0.016936883,0.0033930456
3699,7.8,1.1428572,8.0,0.014236952,-0.016751587,0.0020994456
3700,7.8,1.7142857,8.0,0.0025922314,-0.020475429,0.0018646505
3701,7.8,2.2857144,8.0,-0.0036354712,-0.02130235,0.0011364424
3702,7.8,2.857143,8.0,-0.01511472,-0.02157121,0.001151755
3703,7.8,3.4285715,8.0,-0.022677166,-0.023001097,0.0006043696
3704,7.8,4.0,8.0,-0.036337774,-0.021328975,0.0008800955
3705,7.8,0.0,7.3846154,0.036275644,-0.0027151566,0.002037608
3706,7.8,0.5714286,7.3846154,0.02133052,-0.01789641,0.002258031
3707,7.8,1.1428572,7.3846154,0.014463242,-0.016992021,0.0016275499
3708,7.8,1.7142857,7.3846154,0.0026359656,-0.020733707,0.0011448651
3709,7.8,2.2857144,7.3846154,-0.0036262919,-0.021522548,0.0010103044
3710,7.8,2.857143,7.3846154,-0.015298527,-0.021625658,0.0007007951
3711,7.8,3.4285715,7.3846154,-0.022861024,-0.023226993,0.00065861276
3712,7.8,4.0,7.3846154,-0.0366178,-0.0213498,0.0002805775
3713,7.8,0.0,6.769231,0.036019515,-0.0027327586,0.0012687915
3714,7.8,0.5714286,6.769231,0.021112187,-0.017365774,0.0011171642
3715,7.8,1.1428572,6.769231,0.0145558845,-0.017008746,0.0009931528
3716,7.8,1.7142857,6.769231,0.0024789325,-0.02057804,0.0008030729
3717,7.8,2.2857144,6.769231,-0.0036299091,-0.021520637,0.0006082138
3718,7.8,2.857143,6.769231,-0.015511263,-0.02149842,0.0005283395
3719,7.8,3.4285715,6.769231,-0.02291367,-0.02322355,0.00045323258
3720,7.8,4.0,6.769231,-0.036776762,-0.021264313,0.0006949953
3721,7.8,0.0,6.1538463,0.036079463,-0.0027500007,0.0005643406
3722,7.8,0.5714286,6.1538463,0.021071214,-0.017419199,0.0005749144
3723,7.8,1.1428572,6.1538463,0.01449958,-0.016799407,0.0005047507
3724,7.8,1.7142857,6.1538463,0.0024066386,-0.020398626,0.00043300202
3725,7.8,2.2857144,6.1538463,-0.0036907438,-0.021423116,0.00033797853
3726,7.8,2.857143,6.1538463,-0.015618479,-0.021298204,0.00029982522
3727,7.8,3.4285715,6.1538463,-0.022966405,-0.023171803,0.00024650368
3728,7.8,4.0,6.1538463,-0.03681673,-0.021060448,0.00018397193
3729,7.8,0.0,5.5384617,0.03583219,-0.0027427324,9.485036e-05
3730,7.8,0.5714286,5.5384617,0.020967793,-0.017220186,0.00014734922
3731,7.8,1.1428572,5.5384617,0.014430591,-0.016745266,0.00014899955
3732,7.8,1.7142857,5.5384617,0.0023492025,-0.020239847,0.00010605288
3733,7.8,2.2857144,5.5384617,-0.0037620487,-0.021261072,9.197815e-05
3734,7.8,2.857143,5.5384617,-0.015659856,-0.021188842,4.0111045e-05
3735,7.8,3.4285715,5.5384617,-0.023012169,-0.022985248,0.00011137072
3736,7.8,4.0,5.5384617,-0.036812257,-0.021000763,0.00027243252
3737,7.8,0.0,4.923077,0.035782054,-0.002750206,-0.00013664132
3738,7.8,0.5714286,4.923077,0.020921426,-0.01722444,-0.00015671038
3739,7.8,1.1428572,4.923077,0.014356176,-0.016604297,-0.00015320581
3740,7.8,1.7142857,4.923077,0.0023151948,-0.020165708,-0.00014286839
3741,7.8,2.2857144,4.923077,-0.0038133964,-0.021141578,-0.00018204164
3742,7.8,2.857143,4.923077,-0.01568574,-0.021076854,-0.0001468707
3743,7.8,3.4285715,4.923077,-0.023040833,-0.022890538,-0.00020552576
3744,7.8,4.0,4.923077,-0.036791142,-0.020877773,-0.00021445382
3745,7.8,0.0,4.3076925,0.035687726,-0.0027448072,-0.00044971565
3746,7.8,0.5714286,4.3076925,0.020873034,-0.01716126,-0.00040115422
3747,7.8,1.1428572,4.3076925,0.014316929,-0.016583716,-0.000394221
3748,7.8,1.7142857,4.3076925,0.0022850086,-0.020101378,-0.0004116968
3749,7.8,2.2857144,4.3076925,-0.0038463767,-0.02108314,-0.0003863007
3750,7.8,2.857143,4.3076925,-0.015703913,-0.02102668,-0.00042647382
3751,7.8,3.4285715,4.3076925,-0.023059564,-0.02281739,-0.00034445332
3752,7.8,4.0,4.3076925,-0.036792435,-0.0208455,-0.0002763776
3753,7.8,0.0,3.6923077,0.035670333,-0.0027453774,-0.00059002166
3754,7.8,0.5714286,3.6923077,0.020855563,-0.017160792,-0.0006372329
3755,7.8,1.1428572,3.6923077,0.014299565,-0.016584096,-0.0006440135
3756,7.8,1.7142857,3.6923077,0.0022675907,-0.020100908,-0.00062531186
3757,7.8,2.2857144,3.6923077,-0.003863785,-0.021083333,-0.00065063953
3758,7.8,2.857143,3.6923077,-0.015721329,-0.021026421,-0.0006092831
3759,7.8,3.4285715,3.6923077,-0.023077,-0.022817407,-0.00069113047
3760,7.8,4.0,3.6923077,-0.03680985,-0.020845393,-0.0007579141
3761,7.8,0.0,3.0769231,0.0357301,-0.002752283,-0.0009029495
3762,7.8,0.5714286,3.0769231,0.020869333,-0.01722331,-0.00088184985
3763,7.8,1.1428572,3.0769231,0.014303891,-0.016604528,-0.0008847881
3764,7.8,1.7142857,3.0769231,0.0022630822,-0.020165177,-0.00089435896
3765,7.8,2.2857144,3.0769231,-0.0038657358,-0.0211415,-0.00085472147
3766,7.8,2.857143,3.0769231,-0.015737897,-0.021076491,-0.00088904414
3767,7.8,3.4285715,3.0769231,-0.023093252,-0.022890335,-0.00082992937
3768,7.8,4.0,3.0769231,-0.036843438,-0.020877585,-0.00081998657
3769,7.8,0.0,2.4615386,0.035745397,-0.0027456463,-0.0011344263
3770,7.8,0.5714286,2.4615386,0.020880748,-0.017218033,-0.0011857531
3771,7.8,1.1428572,2.4615386,0.014343551,-0.016746132,-0.0011871557
3772,7.8,1.7142857,2.4615386,0.0022622796,-0.02023852,-0.0011431756
3773,7.8,2.2857144,2.4615386,-0.0038492407,-0.021261232,-0.0011287977
3774,7.8,2.857143,2.4615386,-0.015746802,-0.021188105,-0.0010760603
3775,7.8,3.4285715,2.4615386,-0.02309949,-0.022984983,-0.0011467829
3776,7.8,4.0,2.4615386,-0.03689934,-0.021000462,-0.0013069342
3777,7.8,0.0,1.8461539,0.035958152,-0.0027533064,-0.0016038766
3778,7.8,0.5714286,1.8461539,0.020949539,-0.017416757,-0.0016136074
3779,7.8,1.1428572,1.8461539,0.0143776275,-0.016800057,-0.0015425688
3780,7.8,1.7142857,1.8461539,0.0022849727,-0.020397112,-0.0014704043
3781,7.8,2.2857144,1.8461539,-0.0038128174,-0.021423196,-0.0013747104
3782,7.8,2.857143,1.8461539,-0.01574021,-0.021297272,-0.0013358203
3783,7.8,3.4285715,1.8461539,-0.023088643,-0.02317143,-0.0012819446
3784,7.8,4.0,1.8461539,-0.03693873,-0.021059997,-0.0012184911
3785,7.8,0.0,1.2307693,0.03586365,-0.002740044,-0.0023078937
3786,7.8,0.5714286,1.2307693,0.020955179,-0.017360877,-0.0021555491
3787,7.8,1.1428572,1.2307693,0.014399383,-0.017010586,-0.002031396
3788,7.8,1.7142857,1.2307693,0.0023222552,-0.020575706,-0.001840369
3789,7.8,2.2857144,1.2307693,-0.0037866596,-0.021521106,-0.0016450009
3790,7.8,2.857143,1.2307693,-0.015667936,-0.021497054,-0.0015644006
3791,7.8,3.4285715,1.2307693,-0.02307063,-0.02322324,-0.0014886074
3792,7.8,4.0,1.2307693,-0.036933668,-0.021263765,-0.001729585
3793,7.8,0.0,0.61538464,0.036085416,-0.0027189392,-0.0030775778
3794,7.8,0.5714286,0.61538464,0.021138852,-0.017893082,-0.0032964125
3795,7.8,1.1428572,0.61538464,0.014271908,-0.016993955,-0.0026659404
3796,7.8,1.7142857,0.61538464,0.002444458,-0.020731138,-0.0021820527
3797,7.8,2.2857144,0.61538464,-0.0038178447,-0.021523152,-0.0020472389
3798,7.8,2.857143,0.61538464,-0.015490012,-0.021624008,-0.0017367094
3799,7.8,3.4285715,0.61538464,-0.023052804,-0.023226678,-0.0016941626
3800,7.8,4.0,0.61538464,-0.036809612,-0.021348996,-0.0013150364
3801,7.8,0.0,0.0,0.035353206,-0.0029538479,-0.0071481112
3802,7.8,0.5714286,0.0,0.020677278,-0.016930073,-0.0044333264
3803,7.8,1.1428572,0.0,0.014010559,-0.016755208,-0.0031366723
3804,7.8,1.7142857,0.0,0.0023659342,-0.020471998,-0.002902394
3805,7.8,2.2857144,0.0,-0.0038619526,-0.021303212,-0.002172975
3806,7.8,2.857143,0.0,-0.015340899,-0.021569274,-0.0021879824
3807,7.8,3.4285715,0.0,-0.022903753,-0.023000618,-0.0016396473
3808,7.8,4.0,0.0,-0.03656417,-0.021328412,-0.001914906
3809,8.4,0.0,8.0,0.031601015,-0.004773224,0.0032282544
3810,8.4,0.5714286,8.0,0.02646987,-0.0004710532,0.0032669147
3811,8.4,1.1428572,8.0,0.011544274,-0.0072354297,0.0021783824
3812,8.4,1.7142857,8.0,0.0061946814,-0.0069476836,0.0015564784
3813,8.4,2.2857144,8.0,-0.00652923,-0.008935978,0.0012148198
3814,8.4,2.857143,8.0,-0.012558083,-0.009745376,0.00074209354
3815,8.4,3.4285715,8.0,-0.025785008,-0.009189118,0.00056313194
3816,8.4,4.0,8.0,-0.033609957,-0.010923906,-6.915069e-05
3817,8.4,0.0,7.3846154,0.030492362,-0.005483097,0.0026958103
3818,8.4,0.5714286,7.3846154,0.025978813,-0.0008157664,0.0020075303
3819,8.4,1.1428572,7.3846154,0.011336863,-0.007725397,0.0015735502
3820,8.4,1.7142857,7.3846154,0.006044706,-0.007236188,0.0011675844
3821,8.4,2.2857144,7.3846154,-0.0067501343,-0.00916717,0.00083793217
3822,8.4,2.857143,7.3846154,-0.012705992,-0.009994527,0.00059330766
3823,8.4,3.4285715,7.3846154,-0.026056565,-0.009350035,0.00038959578
3824,8.4,4.0,7.3846154,-0.033758998,-0.0111613,0.00044606763
3825,8.4,0.0,6.769231,0.03112111,-0.005631237,0.0011825399
3826,8.4,0.5714286,6.769231,0.026353266,-0.00073451403,0.0012291763
3827,8.4,1.1428572,6.769231,0.011212874,-0.007659486,0.001008872
3828,8.4,1.7142857,6.769231,0.0061419657,-0.007299398,0.0007456897
3829,8.4,2.2857144,6.769231,-0.0069367886,-0.009104122,0.00054607
3830,8.4,2.857143,6.769231,-0.012732381,-0.010084804,0.0003930031
3831,8.4,3.4285715,6.769231,-0.026278617,-0.00927669,0.00023869063
3832,8.4,4.0,6.769231,-0.033786826,-0.011303597,7.108096e-05
3833,8.4,0.0,6.1538463,0.03057325,-0.0055137374,0.0007134615
3834,8.4,0.5714286,6.1538463,0.026195848,-0.0007974573,0.00061749684
3835,8.4,1.1428572,6.1538463,0.011179608,-0.007509439,0.00052241684
3836,8.4,1.7142857,6.1538463,0.0060625807,-0.0072542443,0.00040923234
3837,8.4,2.2857144,6.1538463,-0.007019985,-0.008983674,0.0002833935
3838,8.4,2.857143,6.1538463,-0.012807851,-0.010047484,0.00016458359
3839,8.4,3.4285715,6.1538463,-0.026364883,-0.009175499,0.00016123461
3840,8.4,4.0,6.1538463,-0.03380568,-0.011269998,0.00028193984
3841,8.4,0.0,5.5384617,0.030780679,-0.005582231,0.00020340785
3842,8.4,0.5714286,5.5384617,0.026165986,-0.0007198561,0.00019330197
3843,8.4,1.1428572,5.5384617,0.011111728,-0.007457232,0.00016914534
3844,8.4,1.7142857,5.5384617,0.0060158377,-0.0071461094,8.916515e-05
3845,8.4,2.2857144,5.5384617,-0.007072087,-0.008897572,3.2334134e-05
3846,8.4,2.857143,5.5384617,-0.01286928,-0.009938405,-1.26582545e-05
3847,8.4,3.4285715,5.5384617,-0.026398111,-0.009101197,-8.01901e-05
3848,8.4,4.0,5.5384617,-0.03382767,-0.011183526,-0.00013131584
3849,8.4,0.0,4.923077,0.03054837,-0.0055218167,-0.0001334526
3850,8.4,0.5714286,4.923077,0.026060171,-0.0007125524,-0.00012402021
3851,8.4,1.1428572,4.923077,0.0110899145,-0.0073904432,-0.00015180054
3852,8.4,1.7142857,4.923077,0.00594758,-0.007074822,-0.0001646697
3853,8.4,2.2857144,4.923077,-0.007096897,-0.008826646,-0.00020467132
3854,8.4,2.857143,4.923077,-0.012916478,-0.009852325,-0.00023445337
3855,8.4,3.4285715,4.923077,-0.026408175,-0.009034259,-0.00019567639
3856,8.4,4.0,4.923077,-0.0338376,-0.011101015,-8.871865e-05
3857,8.4,0.0,4.3076925,0.030583207,-0.005533037,-0.00039534958
3858,8.4,0.5714286,4.3076925,0.026023367,-0.0006873319,-0.00041373307
3859,8.4,1.1428572,4.3076925,0.0110531,-0.0073651243,-0.00040068437
3860,8.4,1.7142857,4.3076925,0.0059171673,-0.0070334887,-0.00042430265
3861,8.4,2.2857144,4.3076925,-0.0071217436,-0.008787325,-0.0004209988
3862,8.4,2.857143,4.3076925,-0.012944088,-0.009806213,-0.00042703794
3863,8.4,3.4285715,4.3076925,-0.026421377,-0.00899649,-0.00046670792
3864,8.4,4.0,4.3076925,-0.033847388,-0.011060088,-0.0005298466
3865,8.4,0.0,3.6923077,0.03056586,-0.0055322046,-0.0006778225
3866,8.4,0.5714286,3.6923077,0.026005957,-0.0006872394,-0.00065915484
3867,8.4,1.1428572,3.6923077,0.011035756,-0.0073648957,-0.00067091873
3868,8.4,1.7142857,3.6923077,0.005899704,-0.0070334044,-0.0006471496
3869,8.4,2.2857144,3.6923077,-0.007139093,-0.008787141,-0.0006492816
3870,8.4,2.857143,3.6923077,-0.012961575,-0.0098061375,-0.0006430592
3871,8.4,3.4285715,3.6923077,-0.026438754,-0.008996332,-0.0006021673
3872,8.4,4.0,3.6923077,-0.033864938,-0.011059967,-0.0005387154
3873,8.4,0.0,3.0769231,0.030496804,-0.005518554,-0.0009398636
3874,8.4,0.5714286,3.0769231,0.026007574,-0.0007133582,-0.0009487298
3875,8.4,1.1428572,3.0769231,0.01103806,-0.0073889922,-0.0009199047
3876,8.4,1.7142857,3.0769231,0.005895072,-0.0070750425,-0.00090669043
3877,8.4,2.2857144,3.0769231,-0.007148856,-0.0088258395,-0.00086571375
3878,8.4,2.857143,3.0769231,-0.012969004,-0.009852207,-0.0008355517
3879,8.4,3.4285715,3.0769231,-0.026460214,-0.009033814,-0.0008733082
3880,8.4,4.0,3.0769231,-0.033890218,-0.011100618,-0.0009797332
3881,8.4,0.0,2.4615386,0.03069429,-0.005577444,-0.0012767602
3882,8.4,0.5714286,2.4615386,0.026078634,-0.00072009186,-0.0012660231
3883,8.4,1.1428572,2.4615386,0.01102515,-0.0074555306,-0.0012408902
3884,8.4,1.7142857,2.4615386,0.0059284084,-0.007146006,-0.0011604971
3885,8.4,2.2857144,2.4615386,-0.0071587428,-0.008896511,-0.0011027774
3886,8.4,2.857143,2.4615386,-0.012956782,-0.009938071,-0.0010573294
3887,8.4,3.4285715,2.4615386,-0.026484888,-0.00910051,-0.0009888337
3888,8.4,4.0,2.4615386,-0.033915374,-0.011182886,-0.0009371596
3889,8.4,0.0,1.8461539,0.030452752,-0.005506617,-0.001786807
3890,8.4,0.5714286,1.8461539,0.026073277,-0.0007987063,-0.0016901584
3891,8.4,1.1428572,1.8461539,0.011058485,-0.007506305,-0.0015942372
3892,8.4,1.7142857,1.8461539,0.005940147,-0.0072545535,-0.0014805582
3893,8.4,2.2857144,1.8461539,-0.0071413037,-0.008981972,-0.0013539518
3894,8.4,2.857143,1.8461539,-0.012930334,-0.01004718,-0.0012345074
3895,8.4,3.4285715,1.8461539,-0.026486356,-0.009174535,-0.0012303649
3896,8.4,4.0,1.8461539,-0.03392839,-0.011269084,-0.0013503105
3897,8.4,0.0,1.2307693,0.030965505,-0.005620839,-0.0022560912
3898,8.4,0.5714286,1.2307693,0.02619602,-0.0007355436,-0.0023018054
3899,8.4,1.1428572,1.2307693,0.0110569475,-0.0076558674,-0.0020807895
3900,8.4,1.7142857,1.2307693,0.0059846286,-0.007299777,-0.0018172313
3901,8.4,2.2857144,1.2307693,-0.00709284,-0.009102008,-0.0016164889
3902,8.4,2.857143,1.2307693,-0.012889779,-0.010084508,-0.0014631251
3903,8.4,3.4285715,1.2307693,-0.026434861,-0.009275372,-0.0013076667
3904,8.4,4.0,1.2307693,-0.03394453,-0.011302582,-0.001139678
3905,8.4,0.0,0.61538464,0.030302884,-0.0054714414,-0.0037684839
3906,8.4,0.5714286,0.61538464,0.02578644,-0.0008181624,-0.0030806982
3907,8.4,1.1428572,0.61538464,0.011146124,-0.007720884,-0.0026458225
3908,8.4,1.7142857,0.61538464,0.005852553,-0.0072370665,-0.0022388436
3909,8.4,2.2857144,0.61538464,-0.006940997,-0.009164456,-0.001908723
3910,8.4,2.857143,0.61538464,-0.012898215,-0.009994324,-0.0016631435
3911,8.4,3.4285715,0.61538464,-0.026247555,-0.009348449,-0.0014588778
3912,8.4,4.0,0.61538464,-0.033951566,-0.011160023,-0.0015143745
3913,8.4,0.0,0.0,0.031376567,-0.0047588455,-0.0043030935
3914,8.4,0.5714286,0.0,0.026241567,-0.000475173,-0.0043404666
3915,8.4,1.1428572,0.0,0.011319392,-0.0072298776,-0.0032502739
3916,8.4,1.7142857,0.0,0.0059669716,-0.0069488087,-0.0026282775
3917,8.4,2.2857144,0.0,-0.006754352,-0.008932844,-0.0022851774
3918,8.4,2.857143,0.0,-0.012785575,-0.009745085,-0.0018123717
3919,8.4,3.4285715,0.0,-0.026010323,-0.009187297,-0.0016320429
3920,8.4,4.0,0.0,-0.033837695,-0.0109223435,-0.0009994783
3921,9.0,0.0,8.0,0.035027117,0.0068177986,0.0011157605
3922,9.0,0.5714286,8.0,0.022518259,0.0023507674,0.001268491
3923,9.0,1.1428572,8.0,0.016240539,0.00568428,0.0014640362
3924,9.0,1.7142857,8.0,0.0026463312,0.0024135981,0.0010689603
3925,9.0,2.2857144,8.0,-0.0028774575,0.002767785,0.0007840883
3926,9.0,2.857143,8.0,-0.016228205,0.0021637,0.00052277755
3927,9.0,3.4285715,8.0,-0.022634171,0.0013003938,0.00018676135
3928,9.0,4.0,8.0,-0.036785893,0.00235997,0.00018858783
3929,9.0,0.0,7.3846154,0.034576304,0.0072613256,0.0012662549
3930,9.0,0.5714286,7.3846154,0.02178428,0.0021119982,0.0012505689
3931,9.0,1.1428572,7.3846154,0.015838493,0.0055295695,0.0010756847
3932,9.0,1.7142857,7.3846154,0.002267326,0.0021497807,0.00081934116
3933,9.0,2.2857144,7.3846154,-0.0030885008,0.0025458706,0.00057096174
3934,9.0,2.857143,7.3846154,-0.016529556,0.001972033,0.00035967559
3935,9.0,3.4285715,7.3846154,-0.022789791,0.0010650031,0.00013001572
3936,9.0,4.0,7.3846154,-0.03707104,0.002159117,-0.00018093316
3937,9.0,0.0,6.769231,0.034623418,0.0070174793,0.0010697129
3938,9.0,0.5714286,6.769231,0.021760989,0.001891419,0.0008599892
3939,9.0,1.1428572,6.769231,0.015996344,0.00544736,0.0006943904
3940,9.0,1.7142857,6.769231,0.0021000444,0.0021302812,0.0005410787
3941,9.0,2.2857144,6.769231,-0.0030725054,0.0024262664,0.00035740546
3942,9.0,2.857143,6.769231,-0.016745385,0.0019886813,0.00018028148
3943,9.0,3.4285715,6.769231,-0.022828003,0.00091659866,0.000100378435
3944,9.0,4.0,6.769231,-0.037264302,0.002190237,0.00015351552
3945,9.0,0.0,6.1538463,0.034744278,0.006941228,0.00042742578
3946,9.0,0.5714286,6.1538463,0.021699838,0.0020192512,0.00046399556
3947,9.0,1.1428572,6.1538463,0.01590678,0.0053737126,0.0003762861
3948,9.0,1.7142857,6.1538463,0.0020460011,0.0022055693,0.0002522517
3949,9.0,2.2857144,6.1538463,-0.0031535933,0.0024093357,0.0001342242
3950,9.0,2.857143,6.1538463,-0.016836211,0.0020458263,5.2367504e-05
3951,9.0,3.4285715,6.1538463,-0.022903234,0.0009045664,-7.698227e-05
3952,9.0,4.0,6.1538463,-0.037338827,0.0022099027,-0.00017034276
3953,9.0,0.0,5.5384617,0.03451974,0.006958956,0.00017443446
3954,9.0,0.5714286,5.5384617,0.021639664,0.0019880147,0.0001215975
3955,9.0,1.1428572,5.5384617,0.015879197,0.0054406268,6.274541e-05
3956,9.0,1.7142857,5.5384617,0.0019879923,0.0022330913,8.49538e-06
3957,9.0,2.2857144,5.5384617,-0.003208669,0.0024719152,-6.531094e-05
3958,9.0,2.857143,5.5384617,-0.01688561,0.0020846643,-0.00014063116
3959,9.0,3.4285715,5.5384617,-0.022954317,0.0009615212,-0.00012467636
3960,9.0,4.0,5.5384617,-0.037344176,0.0022446935,-4.1973683e-05
3961,9.0,0.0,4.923077,0.034550864,0.0069460534,-0.00019551802
3962,9.0,0.5714286,4.923077,0.021606805,0.0020385243,-0.00017113367
3963,9.0,1.1428572,4.923077,0.01580073,0.005459026,-0.00019149277
3964,9.0,1.7142857,4.923077,0.001970765,0.0022776148,-0.00023017816
3965,9.0,2.2857144,4.923077,-0.003266257,0.0025224378,-0.0002672993
3966,9.0,2.857143,4.923077,-0.016906217,0.0021251214,-0.0002837987
3967,9.0,3.4285715,4.923077,-0.022994298,0.0010151635,-0.00035254788
3968,9.0,4.0,4.923077,-0.037342682,0.002270042,-0.0003993668
3969,9.0,0.0,4.3076925,0.03445229,0.0069597354,-0.0004089916
3970,9.0,0.5714286,4.3076925,0.021569321,0.002042483,-0.0004274776
3971,9.0,1.1428572,4.3076925,0.015773281,0.005483971,-0.00044025359
3972,9.0,1.7142857,4.3076925,0.0019407354,0.0022978354,-0.00044353382
3973,9.0,2.2857144,4.3076925,-0.003295347,0.002551579,-0.00045604474
3974,9.0,2.857143,4.3076925,-0.016926903,0.0021496662,-0.0004765558
3975,9.0,3.4285715,4.3076925,-0.02301674,0.0010448033,-0.00043019003
3976,9.0,4.0,4.3076925,-0.03734495,0.0022921204,-0.00036647115
3977,9.0,0.0,3.6923077,0.03443495,0.0069594183,-0.0006988041
3978,9.0,0.5714286,3.6923077,0.02155208,0.0020430167,-0.0006789128
3979,9.0,1.1428572,3.6923077,0.01575573,0.0054839565,-0.00066582987
3980,9.0,1.7142857,3.6923077,0.0019234838,0.0022981842,-0.0006613485
3981,9.0,2.2857144,3.6923077,-0.0033128907,0.0025516115,-0.0006486083
3982,9.0,2.857143,3.6923077,-0.016944196,0.0021499074,-0.00062690943
3983,9.0,3.4285715,3.6923077,-0.023034288,0.0010448996,-0.0006729708
3984,9.0,4.0,3.6923077,-0.037362278,0.0022922566,-0.0007353945
3985,9.0,0.0,3.0769231,0.034498066,0.0069451868,-0.0009122297
3986,9.0,0.5714286,3.0769231,0.021555256,0.002040584,-0.0009353269
3987,9.0,1.1428572,3.0769231,0.015748084,0.005458769,-0.0009145344
3988,9.0,1.7142857,3.0769231,0.0019190062,0.0022787307,-0.0008747677
3989,9.0,2.2857144,3.0769231,-0.0033189093,0.0025225412,-0.0008373051
3990,9.0,2.857143,3.0769231,-0.016958065,0.0021258034,-0.00081973034
3991,9.0,3.4285715,3.0769231,-0.023047019,0.001015511,-0.0007505613
3992,9.0,4.0,3.0769231,-0.037394647,0.0022704406,-0.0007025813
3993,9.0,0.0,2.4615386,0.034432348,0.006957663,-0.0012820773
3994,9.0,0.5714286,2.4615386,0.021553593,0.0019908587,-0.0012281622
3995,9.0,1.1428572,2.4615386,0.01579149,0.0054405765,-0.0011686935
3996,9.0,1.7142857,2.4615386,0.0019016862,0.002234746,-0.0011135489
3997,9.0,2.2857144,2.4615386,-0.0032963674,0.0024721862,-0.0010392313
3998,9.0,2.857143,2.4615386,-0.016972085,0.0020857288,-0.0009629954
3999,9.0,3.4285715,2.4615386,-0.02304209,0.00096210453,-0.0009783669
4000,9.0,4.0,2.4615386,-0.037430827,0.002245318,-0.0010600503
4001,9.0,0.0,1.8461539,0.034621276,0.006939455,-0.0015352456
4002,9.0,0.5714286,1.8461539,0.021579444,0.0020238576,-0.0015704973
4003,9.0,1.1428572,1.8461539,0.015783973,0.0053732595,-0.0014823239
4004,9.0,1.7142857,1.8461539,0.0019251815,0.0022080843,-0.0013573278
4005,9.0,2.2857144,1.8461539,-0.0032764054,0.0024095648,-0.0012388177
4006,9.0,2.857143,1.8461539,-0.016957227,0.0020473497,-0.0011559958
4007,9.0,3.4285715,1.8461539,-0.023026172,0.00090534374,-0.0010260971
4008,9.0,4.0,1.8461539,-0.037460085,0.0022107607,-0.000931715
4009,9.0,0.0,1.2307693,0.034465957,0.0070143268,-0.0021772333
4010,9.0,0.5714286,1.2307693,0.021606145,0.0018972316,-0.0019667281
4011,9.0,1.1428572,1.2307693,0.015838435,0.0054467525,-0.0018004862
4012,9.0,1.7142857,1.2307693,0.0019446516,0.002133481,-0.0016462306
4013,9.0,2.2857144,1.2307693,-0.003230334,0.0024264161,-0.0014620495
4014,9.0,2.857143,1.2307693,-0.016901042,0.0019906983,-0.0012839338
4015,9.0,3.4285715,1.2307693,-0.02298593,0.0009174486,-0.0012034778
4016,9.0,4.0,1.2307693,-0.03742025,0.0021913755,-0.0012555625
4017,9.0,0.0,0.61538464,0.034383126,0.0072576804,-0.0023744658
4018,9.0,0.5714286,0.61538464,0.021594882,0.0021193244,-0.0023573507
4019,9.0,1.1428572,0.61538464,0.01564546,0.005528355,-0.0021819002
4020,9.0,1.7142857,0.61538464,0.002077357,0.0021537703,-0.0019246532
4021,9.0,2.2857144,0.61538464,-0.0032814008,0.0025458818,-0.0016755555
4022,9.0,2.857143,0.61538464,-0.016719755,0.0019745065,-0.0014634308
4023,9.0,3.4285715,0.61538464,-0.022982812,0.0010660097,-0.0012330684
4024,9.0,4.0,0.61538464,-0.037261546,0.0021604372,-0.00092120544
4025,9.0,0.0,0.0,0.034799222,0.0068125683,-0.002223662
4026,9.0,0.5714286,0.0,0.022294622,0.002359699,-0.0023756025
4027,9.0,1.1428572,0.0,0.016012,0.005682473,-0.0025706214
4028,9.0,1.7142857,0.0,0.0024221523,0.0024184254,-0.0021741267
4029,9.0,2.2857144,0.0,-0.003105704,0.0027676949,-0.001888942
4030,9.0,2.857143,0.0,-0.016452678,0.002166623,-0.0016264024
4031,9.0,3.4285715,0.0,-0.022862384,0.001301541,-0.0012899743
4032,9.0,4.0,0.0,-0.037010696,0.0023615411,-0.0012906231
4033,9.6,0.0,8.0,0.031466477,0.011896045,0.0006812802
4034,9.6,0.5714286,8.0,0.02590056,0.015676863,0.00062322203
4035,9.6,1.1428572,8.0,0.012454441,0.012201748,0.00045704347
4036,9.6,1.7142857,8.0,0.0066598784,0.014215981,0.0005498458
4037,9.6,2.2857144,8.0,-0.006801316,0.012684115,0.00032255932
4038,9.6,2.857143,8.0,-0.012590044,0.01275939,0.00016632084
4039,9.6,3.4285715,8.0,-0.026575629,0.013038973,-4.142143e-05
4040,9.6,4.0,8.0,-0.032922395,0.011950349,-0.00052161945
4041,9.6,0.0,7.3846154,0.030957852,0.011608498,0.00047002124
4042,9.6,0.5714286,7.3846154,0.025603853,0.015788885,0.00048504432
4043,9.6,1.1428572,7.3846154,0.01196937,0.012067345,0.000489157
4044,9.6,1.7142857,7.3846154,0.0063859243,0.014114186,0.00037362773
4045,9.6,2.2857144,7.3846154,-0.0071591856,0.0125271315,0.00024920746
4046,9.6,2.857143,7.3846154,-0.0127664665,0.012576306,6.473586e-05
4047,9.6,3.4285715,7.3846154,-0.026848098,0.012876653,-5.7636193e-05
4048,9.6,4.0,7.3846154,-0.033026155,0.011743321,-4.7964073e-05
4049,9.6,0.0,6.769231,0.03075831,0.011666259,0.0004157715
4050,9.6,0.5714286,6.769231,0.025533045,0.015753994,0.0003966885
4051,9.6,1.1428572,6.769231,0.011773315,0.0119620785,0.00033579045
4052,9.6,1.7142857,6.769231,0.006397079,0.01400628,0.00022563171
4053,9.6,2.2857144,6.769231,-0.0073757954,0.012498766,0.000100539
4054,9.6,2.857143,6.769231,-0.012799636,0.012436695,-3.0561907e-06
4055,9.6,3.4285715,6.769231,-0.02707332,0.012878037,-0.00015930375
4056,9.6,4.0,6.769231,-0.0330878,0.011556627,-0.00033524205
4057,9.6,0.0,6.1538463,0.030713582,0.011656886,0.0002622986
4058,9.6,0.5714286,6.1538463,0.025540268,0.015595009,0.00018588763
4059,9.6,1.1428572,6.1538463,0.011733116,0.012015004,0.00011535047
4060,9.6,1.7142857,6.1538463,0.0063207066,0.013926779,4.927543e-05
4061,9.6,2.2857144,6.1538463,-0.007453803,0.012525182,-3.710673e-05
4062,9.6,2.857143,6.1538463,-0.012886077,0.012385129,-0.00014322696
4063,9.6,3.4285715,6.1538463,-0.027164955,0.012885842,-0.00015532228
4064,9.6,4.0,6.1538463,-0.033143,0.011516751,-0.00010773656
4065,9.6,0.0,5.5384617,0.03067561,0.011661311,-6.567129e-05
4066,9.6,0.5714286,5.5384617,0.025447914,0.015646104,-4.3999495e-05
4067,9.6,1.1428572,5.5384617,0.01167056,0.011985817,-6.988887e-05
4068,9.6,1.7142857,5.5384617,0.006271591,0.013952595,-0.00014030958
4069,9.6,2.2857144,5.5384617,-0.0075091356,0.012526052,-0.00019323426
4070,9.6,2.857143,5.5384617,-0.012947318,0.012408814,-0.00023572234
4071,9.6,3.4285715,5.5384617,-0.027207753,0.012888755,-0.00032462232
4072,9.6,4.0,5.5384617,-0.03318699,0.011521677,-0.00039786153
4073,9.6,0.0,4.923077,0.030615488,0.01166571,-0.00022067594
4074,9.6,0.5714286,4.923077,0.025402132,0.01562776,-0.00025937252
4075,9.6,1.1428572,4.923077,0.011653505,0.01201486,-0.0002878653
4076,9.6,1.7142857,4.923077,0.0062111737,0.013966883,-0.00030749326
4077,9.6,2.2857144,4.923077,-0.0075310827,0.012541999,-0.00034229193
4078,9.6,2.857143,4.923077,-0.012998022,0.012435749,-0.00038421666
4079,9.6,3.4285715,4.923077,-0.027224345,0.012899017,-0.0003511537
4080,9.6,4.0,4.923077,-0.03320955,0.011549485,-0.000294407
4081,9.6,0.0,4.3076925,0.030596456,0.01167209,-0.0004987472
4082,9.6,0.5714286,4.3076925,0.025357917,0.01564476,-0.00047067067
4083,9.6,1.1428572,4.3076925,0.011621068,0.012018072,-0.00046751814
4084,9.6,1.7142857,4.3076925,0.0061820378,0.01398189,-0.00048817534
4085,9.6,2.2857144,4.3076925,-0.007555735,0.012553104,-0.0004940884
4086,9.6,2.857143,4.3076925,-0.0130265085,0.012451649,-0.00049360393
4087,9.6,3.4285715,4.3076925,-0.027240146,0.012908978,-0.00054807967
4088,9.6,4.0,4.3076925,-0.033227336,0.011560715,-0.00059971755
4089,9.6,0.0,3.6923077,0.030579088,0.0116728,-0.00064259704
4090,9.6,0.5714286,3.6923077,0.025340373,0.01564464,-0.0006702765
4091,9.6,1.1428572,3.6923077,0.011603898,0.012018537,-0.0006721047
4092,9.6,1.7142857,3.6923077,0.0061644437,0.013981876,-0.0006511299
4093,9.6,2.2857144,3.6923077,-0.0075729582,0.01255343,-0.00064401334
4094,9.6,2.857143,3.6923077,-0.013044104,0.012451727,-0.00064418715
4095,9.6,3.4285715,3.6923077,-0.027257416,0.012909195,-0.0005884626
4096,9.6,4.0,3.6923077,-0.03324496,0.011560884,-0.00053642126
4097,9.6,0.0,3.0769231,0.030564085,0.011667553,-0.0009207041
4098,9.6,0.5714286,3.0769231,0.02534946,0.015627146,-0.0008815321
4099,9.6,1.1428572,3.0769231,0.011601889,0.0120163085,-0.0008518164
4100,9.6,1.7142857,3.0769231,0.0061584534,0.013966863,-0.0008317682
4101,9.6,2.2857144,3.0769231,-0.007582776,0.012542928,-0.0007958683
4102,9.6,2.857143,3.0769231,-0.013050804,0.01243602,-0.0007535315
4103,9.6,3.4285715,3.0769231,-0.027276115,0.012899625,-0.00078544527
4104,9.6,4.0,3.0769231,-0.03326242,0.0115499785,-0.0008416837
4105,9.6,0.0,2.4615386,0.030589392,0.011664368,-0.0010758444
4106,9.6,0.5714286,2.4615386,0.025360197,0.015645493,-0.0010968299
4107,9.6,1.1428572,2.4615386,0.011584552,0.011987985,-0.0010698863
4108,9.6,1.7142857,2.4615386,0.0061837346,0.013952693,-0.0009989018
4109,9.6,2.2857144,2.4615386,-0.00759533,0.012527502,-0.0009450101
4110,9.6,2.857143,2.4615386,-0.01303523,0.012409313,-0.0009019683
4111,9.6,3.4285715,2.4615386,-0.027294114,0.012889719,-0.0008120586
4112,9.6,4.0,2.4615386,-0.03327504,0.011522542,-0.00073819514
4113,9.6,0.0,1.8461539,0.030593362,0.011661142,-0.0014036958
4114,9.6,0.5714286,1.8461539,0.025417406,0.015593716,-0.0013268234
4115,9.6,1.1428572,1.8461539,0.0116126705,0.0120182885,-0.0012551266
4116,9.6,1.7142857,1.8461539,0.006197696,0.013926719,-0.0011885442
4117,9.6,2.2857144,1.8461539,-0.00757444,0.012527294,-0.0011011428
4118,9.6,2.857143,1.8461539,-0.013009197,0.012385728,-0.0009945098
4119,9.6,3.4285715,1.8461539,-0.027285771,0.012887206,-0.000981348
4120,9.6,4.0,1.8461539,-0.033266313,0.011517892,-0.0010283492
4121,9.6,0.0,1.2307693,0.030603252,0.01167226,-0.0015573952
4122,9.6,0.5714286,1.2307693,0.025375094,0.015752217,-0.0015375919
4123,9.6,1.1428572,1.2307693,0.011618498,0.011966307,-0.0014756633
4124,9.6,1.7142857,1.2307693,0.006238898,0.014006084,-0.0013649241
4125,9.6,2.2857144,1.2307693,-0.00753092,0.012501519,-0.0012388458
4126,9.6,2.857143,1.2307693,-0.012957873,0.012437348,-0.0011346745
4127,9.6,3.4285715,1.2307693,-0.027228702,0.012879823,-0.0009774123
4128,9.6,4.0,1.2307693,-0.033246256,0.011558047,-0.00080086326
4129,9.6,0.0,0.61538464,0.030768808,0.011615742,-0.0016115156
4130,9.6,0.5714286,0.61538464,0.025410643,0.015786326,-0.0016260617
4131,9.6,1.1428572,0.61538464,0.011780062,0.012072739,-0.0016290906
4132,9.6,1.7142857,0.61538464,0.0061925384,0.01411368,-0.0015129694
4133,9.6,2.2857144,0.61538464,-0.00734871,0.012530575,-0.001387569
4134,9.6,2.857143,0.61538464,-0.012959924,0.012576977,-0.001202487
4135,9.6,3.4285715,0.61538464,-0.027037838,0.012878828,-0.0010790998
4136,9.6,4.0,0.61538464,-0.033219878,0.011745018,-0.0010881252
4137,9.6,0.0,0.0,0.031242711,0.01190484,-0.0018224901
4138,9.6,0.5714286,0.0,0.02567212,0.01567363,-0.0017642512
4139,9.6,1.1428572,0.0,0.012230933,0.012208184,-0.0015969838
4140,9.6,1.7142857,0.0,0.0064311754,0.014215243,-0.0016893604
4141,9.6,2.2857144,0.0,-0.007025124,0.012688189,-0.0014608728
4142,9.6,2.857143,0.0,-0.012818737,0.0127601335,-0.0013041795
4143,9.6,3.4285715,0.0,-0.026799686,0.013041539,-0.0010952672
4144,9.6,4.0,0.0,-0.033151288,0.011952268,-0.00061457005
4145,10.2,0.0,8.0,0.035318434,0.025651915,-7.449619e-05
4146,10.2,0.5714286,8.0,0.021825181,0.021991452,8.7390246e-05
4147,10.2,1.1428572,8.0,0.016321717,0.024918502,0.00017138223
4148,10.2,1.7142857,8.0,0.0026023476,0.022588043,-3.4642777e-05
4149,10.2,2.2857144,8.0,-0.0028955268,0.023708755,1.3230916e-05
4150,10.2,2.857143,8.0,-0.016770892,0.023186794,-0.000160504
4151,10.2,3.4285715,8.0,-0.022706723,0.022816539,-0.00027074013
4152,10.2,4.0,8.0,-0.036812898,0.023514258,-0.00019168315
4153,10.2,0.0,7.3846154,0.03506627,0.025903648,0.00017365681
4154,10.2,0.5714286,7.3846154,0.021404423,0.02184164,8.7571025e-05
4155,10.2,1.1428572,7.3846154,0.016108923,0.024927039,3.3772845e-05
4156,10.2,1.7142857,7.3846154,0.0022335118,0.02248917,2.185267e-05
4157,10.2,2.2857144,7.3846154,-0.0030787548,0.023613013,-9.050795e-05
4158,10.2,2.857143,7.3846154,-0.01707336,0.023080366,-0.00015693318
4159,10.2,3.4285715,7.3846154,-0.022810824,0.022668738,-0.00030775816
4160,10.2,4.0,7.3846154,-0.03705826,0.023386417,-0.0005551573
4161,10.2,0.0,6.769231,0.034990612,0.02580296,3.929003e-05
4162,10.2,0.5714286,6.769231,0.021170117,0.021787079,2.315416e-05
4163,10.2,1.1428572,6.769231,0.016032625,0.024887621,-6.3630378e-06
4164,10.2,1.7142857,6.769231,0.001991427,0.022437321,-6.572513e-05
4165,10.2,2.2857144,6.769231,-0.0031258946,0.023500754,-0.00012968495
4166,10.2,2.857143,6.769231,-0.017308889,0.023059776,-0.00023702855
4167,10.2,3.4285715,6.769231,-0.022859883,0.022516476,-0.00027146505
4168,10.2,4.0,6.769231,-0.03730093,0.023388142,-0.0002374603
4169,10.2,0.0,6.1538463,0.034932613,0.025750237,-7.62762e-05
4170,10.2,0.5714286,6.1538463,0.021082014,0.02185007,-7.792064e-05
4171,10.2,1.1428572,6.1538463,0.015975488,0.02476786,-0.000109342334
4172,10.2,1.7142857,6.1538463,0.0019193512,0.022458604,-0.0001656647
4173,10.2,2.2857144,6.1538463,-0.0032121434,0.023420088,-0.0002305631
4174,10.2,2.857143,6.1538463,-0.01740061,0.023059685,-0.0002734163
4175,10.2,3.4285715,6.1538463,-0.022949057,0.022449376,-0.00038389993
4176,10.2,4.0,6.1538463,-0.03738342,0.023359582,-0.0004926616
4177,10.2,0.0,5.5384617,0.034866523,0.025732176,-0.00017726563
4178,10.2,0.5714286,5.5384617,0.021049,0.021794975,-0.00021241009
4179,10.2,1.1428572,5.5384617,0.01591018,0.024781693,-0.00025351965
4180,10.2,1.7142857,5.5384617,0.0018640677,0.022428924,-0.0002743583
4181,10.2,2.2857144,5.5384617,-0.0032747102,0.023418617,-0.00032200344
4182,10.2,2.857143,5.5384617,-0.017455231,0.023038471,-0.00037615342
4183,10.2,3.4285715,5.5384617,-0.023008406,0.022443455,-0.00036044556
4184,10.2,4.0,5.5384617,-0.037419222,0.023340097,-0.0003176629
4185,10.2,0.0,4.923077,0.03480448,0.025739275,-0.000389663
4186,10.2,0.5714286,4.923077,0.02100465,0.021818537,-0.00036370478
4187,10.2,1.1428572,4.923077,0.015855681,0.024767824,-0.00037051752
4188,10.2,1.7142857,4.923077,0.0018405071,0.022430202,-0.0004054229
4189,10.2,2.2857144,4.923077,-0.0033291958,0.023422705,-0.0004272326
4190,10.2,2.857143,4.923077,-0.017479172,0.02303246,-0.00043936545
4191,10.2,3.4285715,4.923077,-0.02305311,0.022449471,-0.0005095167
4192,10.2,4.0,4.923077,-0.037425887,0.02332342,-0.0005673149
4193,10.2,0.0,4.3076925,0.034765813,0.025735915,-0.00048086618
4194,10.2,0.5714286,4.3076925,0.020983139,0.02181156,-0.0005105007
4195,10.2,1.1428572,4.3076925,0.015821524,0.024775725,-0.00052656577
4196,10.2,1.7142857,4.3076925,0.0018148002,0.022430299,-0.00051918684
4197,10.2,2.2857144,4.3076925,-0.0033599767,0.023426821,-0.00053294457
4198,10.2,2.857143,4.3076925,-0.017500443,0.023033066,-0.00054928835
4199,10.2,3.4285715,4.3076925,-0.023078946,0.022453962,-0.00050551095
4200,10.2,4.0,4.3076925,-0.03743635,0.023322552,-0.00045873545
4201,10.2,0.0,3.6923077,0.034748357,0.025735628,-0.00069492386
4202,10.2,0.5714286,3.6923077,0.020965977,0.021812076,-0.00066395925
4203,10.2,1.1428572,3.6923077,0.015803903,0.024775634,-0.00064752024
4204,10.2,1.7142857,3.6923077,0.0017976349,0.022430707,-0.00065362547
4205,10.2,2.2857144,3.6923077,-0.0033776003,0.023426855,-0.0006395306
4206,10.2,2.857143,3.6923077,-0.017517647,0.023033349,-0.0006219473
4207,10.2,3.4285715,3.6923077,-0.023096584,0.022454092,-0.00066533743
4208,10.2,4.0,3.6923077,-0.037453584,0.023322735,-0.0007108008
4209,10.2,0.0,3.0769231,0.03475165,0.02573875,-0.0007861038
4210,10.2,0.5714286,3.0769231,0.020953152,0.021820206,-0.0008108007
4211,10.2,1.1428572,3.0769231,0.015802944,0.024767583,-0.00080352486
4212,10.2,1.7142857,3.0769231,0.0017889338,0.022431357,-0.00076744636
4213,10.2,2.2857144,3.0769231,-0.0033820253,0.023422861,-0.00074519875
4214,10.2,2.857143,3.0769231,-0.017530812,0.02303326,-0.00073192193
4215,10.2,3.4285715,3.0769231,-0.023106031,0.022449898,-0.00066129095
4216,10.2,4.0,3.0769231,-0.037477616,0.023323966,-0.00060228386
4217,10.2,0.0,2.4615386,0.03477882,0.025731273,-0.0009984039
4218,10.2,0.5714286,2.4615386,0.020963116,0.021797452,-0.00096217723
4219,10.2,1.1428572,2.4615386,0.015822252,0.024781443,-0.0009204815
4220,10.2,1.7142857,2.4615386,0.001778104,0.022430735,-0.00089857547
4221,10.2,2.2857144,2.4615386,-0.003362725,0.023418935,-0.0008503884
4222,10.2,2.857143,2.4615386,-0.01754134,0.023039736,-0.00079519895
4223,10.2,3.4285715,2.4615386,-0.02309653,0.022444192,-0.00081031705
4224,10.2,4.0,2.4615386,-0.03750547,0.02334094,-0.0008519973
4225,10.2,0.0,1.8461539,0.034809496,0.02574893,-0.0010994632
4226,10.2,0.5714286,1.8461539,0.020961821,0.021853825,-0.0010966368
4227,10.2,1.1428572,1.8461539,0.015852412,0.024767285,-0.0010647028
4228,10.2,1.7142857,1.8461539,0.0017990066,0.022461254,-0.0010072747
4229,10.2,2.2857144,1.8461539,-0.003335399,0.023420412,-0.0009418608
4230,10.2,2.857143,1.8461539,-0.017521104,0.023061506,-0.00089792977
4231,10.2,3.4285715,1.8461539,-0.023072489,0.022450333,-0.00078689744
4232,10.2,4.0,1.8461539,-0.0375041,0.023360802,-0.0006770186
4233,10.2,0.0,1.2307693,0.03483257,0.025800798,-0.0012149828
4234,10.2,0.5714286,1.2307693,0.021015553,0.021791978,-0.0011977806
4235,10.2,1.1428572,1.2307693,0.015874285,0.024886739,-0.0011676749
4236,10.2,1.7142857,1.2307693,0.0018367268,0.022440784,-0.0011072728
4237,10.2,2.2857144,1.2307693,-0.0032843712,0.02350105,-0.0010427326
4238,10.2,2.857143,1.2307693,-0.0174638,0.023062145,-0.00093436934
4239,10.2,3.4285715,1.2307693,-0.023018524,0.022517627,-0.00089931505
4240,10.2,4.0,1.2307693,-0.03745607,0.023389675,-0.0009322484
4241,10.2,0.0,0.61538464,0.0348727,0.025900831,-0.0013492267
4242,10.2,0.5714286,0.61538464,0.021215614,0.021847917,-0.0012621942
4243,10.2,1.1428572,0.61538464,0.01591531,0.024925645,-0.0012078704
4244,10.2,1.7142857,0.61538464,0.002044507,0.02249356,-0.0011948507
4245,10.2,2.2857144,0.61538464,-0.0032725558,0.023613185,-0.0010819589
4246,10.2,2.857143,0.61538464,-0.01726253,0.023083318,-0.0010144587
4247,10.2,3.4285715,0.61538464,-0.023004828,0.022670053,-0.000863053
4248,10.2,4.0,0.61538464,-0.03724767,0.023388283,-0.0006145857
4249,10.2,0.0,0.0,0.03508989,0.025648419,-0.0011017104
4250,10.2,0.5714286,0.0,0.02160198,0.021998756,-0.0012619606
4251,10.2,1.1428572,0.0,0.01609282,0.024916751,-0.0013454965
4252,10.2,1.7142857,0.0,0.002379048,0.022593206,-0.0011383754
4253,10.2,2.2857144,0.0,-0.0031245542,0.023708891,-0.001185754
4254,10.2,2.857143,0.0,-0.016994394,0.023190249,-0.0010108886
4255,10.2,3.4285715,0.0,-0.022935897,0.022818029,-0.0009001152
4256,10.2,4.0,0.0,-0.037036654,0.023516519,-0.0009779652
4257,10.8,0.0,8.0,0.031081349,0.03200534,-3.671162e-05
4258,10.8,0.5714286,8.0,0.025859157,0.0353525,-0.00019767728
4259,10.8,1.1428572,8.0,0.011991087,0.03242382,-0.00029365125
4260,10.8,1.7142857,8.0,0.006763548,0.034442738,-0.0001863027
4261,10.8,2.2857144,8.0,-0.0072810897,0.033084624,-0.00037119963
4262,10.8,2.857143,8.0,-0.012667131,0.03351541,-0.0003479152
4263,10.8,3.4285715,8.0,-0.027047578,0.0336315,-0.00047020972
4264,10.8,4.0,8.0,-0.032565158,0.032809515,-0.0007567259
4265,10.8,0.0,7.3846154,0.030777141,0.031797208,-0.00028196207
4266,10.8,0.5714286,7.3846154,0.025705496,0.035437,-0.0002073163
4267,10.8,1.1428572,7.3846154,0.011636166,0.032317817,-0.00021305824
4268,10.8,1.7142857,7.3846154,0.006611253,0.03441083,-0.0002988398
4269,10.8,2.2857144,7.3846154,-0.007592623,0.033014853,-0.0003042636
4270,10.8,2.857143,7.3846154,-0.012787477,0.033422366,-0.00040544354
4271,10.8,3.4285715,7.3846154,-0.027295424,0.033557024,-0.00043130686
4272,10.8,4.0,7.3846154,-0.03265437,0.032712553,-0.00037221378
4273,10.8,0.0,6.769231,0.030467307,0.03182524,-0.00017821419
4274,10.8,0.5714286,6.769231,0.025600536,0.035404325,-0.00023220565
4275,10.8,1.1428572,6.769231,0.011383404,0.032264993,-0.00026464244
4276,10.8,1.7142857,6.769231,0.0065324074,0.03434633,-0.00029095195
4277,10.8,2.2857144,6.769231,-0.007844276,0.032985244,-0.00035637344
4278,10.8,2.857143,6.769231,-0.012844495,0.033307485,-0.00038773083
4279,10.8,3.4285715,6.769231,-0.027533112,0.03355249,-0.0004945165
4280,10.8,4.0,6.769231,-0.032703504,0.032551713,-0.00064971927
4281,10.8,0.0,6.1538463,0.030398048,0.031835277,-0.00026343565
4282,10.8,0.5714286,6.1538463,0.025527215,0.035293,-0.0002871692
4283,10.8,1.1428572,6.1538463,0.011284871,0.032306567,-0.00031440065
4284,10.8,1.7142857,6.1538463,0.0064496673,0.034248885,-0.00034667377
4285,10.8,2.2857144,6.1538463,-0.00793741,0.032988526,-0.00038131786
4286,10.8,2.857143,6.1538463,-0.012938234,0.03322426,-0.00044644932
4287,10.8,3.4285715,6.1538463,-0.027627958,0.03353318,-0.0004366218
4288,10.8,4.0,6.1538463,-0.032802038,0.032484915,-0.00040664373
4289,10.8,0.0,5.5384617,0.03033369,0.03183022,-0.0003740691
4290,10.8,0.5714286,5.5384617,0.025454277,0.035307694,-0.0003692969
4291,10.8,1.1428572,5.5384617,0.011242723,0.03226055,-0.00037671963
4292,10.8,1.7142857,5.5384617,0.006381296,0.03424072,-0.0004162307
4293,10.8,2.2857144,5.5384617,-0.007990816,0.03295319,-0.0004420203
4294,10.8,2.857143,5.5384617,-0.013007386,0.03320604,-0.00046230538
4295,10.8,3.4285715,5.5384617,-0.027678218,0.033495713,-0.00054192706
4296,10.8,4.0,5.5384617,-0.032850143,0.032453775,-0.0006246315
4297,10.8,0.0,4.923077,0.030306168,0.031819798,-0.00042561
4298,10.8,0.5714286,4.923077,0.025402388,0.035282426,-0.0004555696
4299,10.8,1.1428572,4.923077,0.011207242,0.032261234,-0.00047682505
4300,10.8,1.7142857,4.923077,0.006329307,0.034228444,-0.00048020153
4301,10.8,2.2857144,4.923077,-0.008019467,0.032936957,-0.00050179
4302,10.8,2.857143,4.923077,-0.013057754,0.033198398,-0.0005319257
4303,10.8,3.4285715,4.923077,-0.027698923,0.03347377,-0.0004975729
4304,10.8,4.0,4.923077,-0.03289129,0.032447904,-0.0004626354
4305,10.8,0.0,4.3076925,0.030274011,0.031825665,-0.0005816395
4306,10.8,0.5714286,4.3076925,0.025363298,0.035288755,-0.0005566581
4307,10.8,1.1428572,4.3076925,0.011184945,0.032253955,-0.00054856855
4308,10.8,1.7142857,4.3076925,0.006294923,0.034226492,-0.00056888995
4309,10.8,2.2857144,4.3076925,-0.008041683,0.0329315,-0.00056836987
4310,10.8,2.857143,4.3076925,-0.013089064,0.033195,-0.00056594406
4311,10.8,3.4285715,4.3076925,-0.02771636,0.033465043,-0.0006202368
4312,10.8,4.0,4.3076925,-0.032911032,0.032441657,-0.00066943275
4313,10.8,0.0,3.6923077,0.030256832,0.03182633,-0.00062767614
4314,10.8,0.5714286,3.6923077,0.025345683,0.035288632,-0.000652219
4315,10.8,1.1428572,3.6923077,0.011167828,0.032254443,-0.0006590037
4316,10.8,1.7142857,3.6923077,0.0062772757,0.034226462,-0.0006383256
4317,10.8,2.2857144,3.6923077,-0.008058837,0.032931853,-0.00063758274
4318,10.8,2.857143,3.6923077,-0.013106729,0.033195093,-0.0006396418
4319,10.8,3.4285715,3.6923077,-0.02773355,0.03346529,-0.00058405707
4320,10.8,4.0,3.6923077,-0.032928735,0.032441843,-0.00053441664
4321,10.8,0.0,3.0769231,0.030254805,0.031821437,-0.00078372745
4322,10.8,0.5714286,3.0769231,0.025349574,0.03528201,-0.0007532716
4323,10.8,1.1428572,3.0769231,0.011155786,0.032262605,-0.00073079823
4324,10.8,1.7142857,3.0769231,0.0062764324,0.034228444,-0.0007269696
4325,10.8,2.2857144,3.0769231,-0.008070976,0.032937944,-0.00070421293
4326,10.8,2.857143,3.0769231,-0.013110712,0.033198714,-0.0006736192
4327,10.8,3.4285715,3.0769231,-0.027750507,0.033474468,-0.00070676825
4328,10.8,4.0,3.0769231,-0.03294432,0.032448456,-0.0007411745
4329,10.8,0.0,2.4615386,0.030247904,0.03183297,-0.0008353329
4330,10.8,0.5714286,2.4615386,0.025366291,0.03530721,-0.0008394889
4331,10.8,1.1428572,2.4615386,0.01115697,0.03226271,-0.00083095435
4332,10.8,1.7142857,2.4615386,0.00629319,0.03424079,-0.0007909075
4333,10.8,2.2857144,2.4615386,-0.008076699,0.032954756,-0.0007640313
4334,10.8,2.857143,2.4615386,-0.013095602,0.03320661,-0.000743199
4335,10.8,3.4285715,2.4615386,-0.027764244,0.03349682,-0.00066246977
4336,10.8,4.0,2.4615386,-0.0329385,0.032454737,-0.0005791574
4337,10.8,0.0,1.8461539,0.030278105,0.031839125,-0.0009459424
4338,10.8,0.5714286,1.8461539,0.025403982,0.035292048,-0.0009216503
4339,10.8,1.1428572,1.8461539,0.011164811,0.032309726,-0.0008932674
4340,10.8,1.7142857,1.8461539,0.006326289,0.03424884,-0.00086048944
4341,10.8,2.2857144,1.8461539,-0.008057603,0.032990787,-0.0008247318
4342,10.8,2.857143,1.8461539,-0.013061779,0.03322496,-0.00075908104
4343,10.8,3.4285715,1.8461539,-0.027748313,0.03353476,-0.00076776824
4344,10.8,4.0,1.8461539,-0.03292575,0.032486178,-0.0007971665
4345,10.8,0.0,1.2307693,0.030312989,0.03183054,-0.0010311031
4346,10.8,0.5714286,1.2307693,0.025442038,0.035402935,-0.0009765882
4347,10.8,1.1428572,1.2307693,0.011229102,0.032269154,-0.00094308046
4348,10.8,1.7142857,1.2307693,0.006373713,0.03434613,-0.0009161874
4349,10.8,2.2857144,1.2307693,-0.007998765,0.032988198,-0.0008497243
4350,10.8,2.857143,1.2307693,-0.013003351,0.033308294,-0.00081777165
4351,10.8,3.4285715,1.2307693,-0.02768781,0.033554524,-0.00070991996
4352,10.8,4.0,1.2307693,-0.032862574,0.03255332,-0.0005541057
4353,10.8,0.0,0.61538464,0.030588768,0.031803813,-0.0009276301
4354,10.8,0.5714286,0.61538464,0.025511578,0.0354349,-0.001001493
4355,10.8,1.1428572,0.61538464,0.011447673,0.0323231,-0.0009946207
4356,10.8,1.7142857,0.61538464,0.0064171473,0.034410335,-0.0009083757
4357,10.8,2.2857144,0.61538464,-0.0077812704,0.03301857,-0.00090179953
4358,10.8,2.857143,0.61538464,-0.012981771,0.0334232,-0.00080011785
4359,10.8,3.4285715,0.61538464,-0.027484262,0.03355953,-0.0007731078
4360,10.8,4.0,0.61538464,-0.03284889,0.032714434,-0.0008316159
4361,10.8,0.0,0.0,0.030858496,0.0320131,-0.0011721541
4362,10.8,0.5714286,0.0,0.025630044,0.0353501,-0.0010112794
4363,10.8,1.1428572,0.0,0.011768268,0.032429986,-0.0009140983
4364,10.8,1.7142857,0.0,0.006534207,0.034442093,-0.0010208733
4365,10.8,2.2857144,0.0,-0.007504075,0.03308896,-0.0008349117
4366,10.8,2.857143,0.0,-0.012896628,0.033516344,-0.000857642
4367,10.8,3.4285715,0.0,-0.02727078,0.033634447,-0.00073420967
4368,10.8,4.0,0.0,-0.03279488,0.032811627,-0.00044719462
4369,11.4,0.0,8.0,0.03556148,0.0457398,-0.00054838485
4370,11.4,0.5714286,8.0,0.021223256,0.042302977,-0.00042349572
4371,11.4,1.1428572,8.0,0.016434466,0.045023236,-0.00040192172
4372,11.4,1.7142857,8.0,0.0020918346,0.042921573,-0.00058207195
4373,11.4,2.2857144,8.0,-0.002793926,0.0441594,-0.00048298246
4374,11.4,2.857143,8.0,-0.017394023,0.043585066,-0.0006173153
4375,11.4,3.4285715,8.0,-0.022521162,0.04340715,-0.0006105534
4376,11.4,4.0,8.0,-0.03725022,0.044042166,-0.00047739112
4377,11.4,0.0,7.3846154,0.035374023,0.04586966,-0.00030085514
4378,11.4,0.5714286,7.3846154,0.020900037,0.042159326,-0.00042938322
4379,11.4,1.1428572,7.3846154,0.016320081,0.045038506,-0.00047642857
4380,11.4,1.7142857,7.3846154,0.0017577554,0.042845692,-0.00046277844
4381,11.4,2.2857144,7.3846154,-0.0029059951,0.04411122,-0.0005509084
4382,11.4,2.857143,7.3846154,-0.017679084,0.043546256,-0.00054802786
4383,11.4,3.4285715,7.3846154,-0.02260177,0.04333779,-0.0006362554
4384,11.4,4.0,7.3846154,-0.03746413,0.04398273,-0.0008162877
4385,11.4,0.0,6.769231,0.0353261,0.045801993,-0.00044217403
4386,11.4,0.5714286,6.769231,0.020626696,0.042120375,-0.00042572385
4387,11.4,1.1428572,6.769231,0.01621777,0.045000244,-0.00044688355
4388,11.4,1.7142857,6.769231,0.0015067522,0.04280734,-0.00049230165
4389,11.4,2.2857144,6.769231,-0.0029794588,0.044027694,-0.0005082967
4390,11.4,2.857143,6.769231,-0.01792561,0.04353133,-0.0005710743
4391,11.4,3.4285715,6.769231,-0.02264051,0.0432138,-0.0005640679
4392,11.4,4.0,6.769231,-0.03774056,0.044007212,-0.0005169093
4393,11.4,0.0,6.1538463,0.035181616,0.0457376,-0.00042640208
4394,11.4,0.5714286,6.1538463,0.02052001,0.042167425,-0.00044738431
4395,11.4,1.1428572,6.1538463,0.016137378,0.044894196,-0.0004669901
4396,11.4,1.7142857,6.1538463,0.0013964805,0.042825,-0.00049200817
4397,11.4,2.2857144,6.1538463,-0.0030708173,0.043936234,-0.00052893744
4398,11.4,2.857143,6.1538463,-0.01802532,0.043517474,-0.0005407517
4399,11.4,3.4285715,6.1538463,-0.022746297,0.043128703,-0.00062892924
4400,11.4,4.0,6.1538463,-0.037809614,0.04396671,-0.0007382718
4401,11.4,0.0,5.5384617,0.035148248,0.045720626,-0.00045916936
4402,11.4,0.5714286,5.5384617,0.020474775,0.042122524,-0.0004779582
4403,11.4,1.1428572,5.5384617,0.0160572,0.044893775,-0.00050533697
4404,11.4,1.7142857,5.5384617,0.0013560087,0.04278276,-0.0005125556
4405,11.4,2.2857144,5.5384617,-0.003146475,0.04391336,-0.00053863146
4406,11.4,2.857143,5.5384617,-0.018077232,0.04347385,-0.0005735078
4407,11.4,3.4285715,5.5384617,-0.022807874,0.04309823,-0.00054996926
4408,11.4,4.0,5.5384617,-0.03787144,0.04392465,-0.0005225418
4409,11.4,0.0,4.923077,0.035067044,0.045721456,-0.00054896576
4410,11.4,0.5714286,4.923077,0.020437934,0.04212922,-0.0005329164
4411,11.4,1.1428572,4.923077,0.016011473,0.044872034,-0.0005327554
4412,11.4,1.7142857,4.923077,0.0013185355,0.042766802,-0.0005567543
4413,11.4,2.2857144,4.923077,-0.0031957868,0.04389861,-0.00056743517
4414,11.4,2.857143,4.923077,-0.01810643,0.043445963,-0.0005705976
4415,11.4,3.4285715,4.923077,-0.02285704,0.043080203,-0.00063714397
4416,11.4,4.0,4.923077,-0.037873596,0.043886565,-0.00070114987
4417,11.4,0.0,4.3076925,0.03503955,0.045714527,-0.0005637773
4418,11.4,0.5714286,4.3076925,0.020413801,0.042119145,-0.0005872737
4419,11.4,1.1428572,4.3076925,0.015970679,0.04487072,-0.00060228724
4420,11.4,1.7142857,4.3076925,0.0012989698,0.042758428,-0.00059138855
4421,11.4,2.2857144,4.3076925,-0.0032317028,0.043890722,-0.00060210633
4422,11.4,2.857143,4.3076925,-0.018125903,0.043434627,-0.0006148729
4423,11.4,3.4285715,4.3076925,-0.022884546,0.043071274,-0.0005708267
4424,11.4,4.0,4.3076925,-0.03789224,0.0438721,-0.0005322049
4425,11.4,0.0,3.6923077,0.0350219,0.045714278,-0.00067990966
4426,11.4,0.5714286,3.6923077,0.020396713,0.04211967,-0.00065506547
4427,11.4,1.1428572,3.6923077,0.01595301,0.044870634,-0.00063967804
4428,11.4,1.7142857,3.6923077,0.0012818634,0.042758856,-0.00064928574
4429,11.4,2.2857144,3.6923077,-0.0032493912,0.043890763,-0.00063823146
4430,11.4,2.857143,3.6923077,-0.018143034,0.043434933,-0.0006241811
4431,11.4,3.4285715,3.6923077,-0.022902258,0.04307142,-0.0006678349
4432,11.4,4.0,3.6923077,-0.037909385,0.043872308,-0.0007050936
4433,11.4,0.0,3.0769231,0.035014153,0.045721028,-0.00069468986
4434,11.4,0.5714286,3.0769231,0.02038662,0.042130794,-0.00070946047
4435,11.4,1.1428572,3.0769231,0.01595853,0.044871878,-0.00070916675
4436,11.4,1.7142857,3.0769231,0.0012671719,0.042767983,-0.0006839699
4437,11.4,2.2857144,3.0769231,-0.00324881,0.043898802,-0.00067285844
4438,11.4,2.857143,3.0769231,-0.01815787,0.043446828,-0.0006685002
4439,11.4,3.4285715,3.0769231,-0.02291015,0.04308068,-0.00060147844
4440,11.4,4.0,3.0769231,-0.037925124,0.04388718,-0.0005362019
4441,11.4,0.0,2.4615386,0.03506011,0.04571988,-0.0007844258
4442,11.4,0.5714286,2.4615386,0.020389212,0.042124953,-0.0007644693
4443,11.4,1.1428572,2.4615386,0.015968991,0.044893593,-0.00073655386
4444,11.4,1.7142857,2.4615386,0.0012703557,0.042784654,-0.0007282077
4445,11.4,2.2857144,2.4615386,-0.0032347976,0.043913733,-0.00070163
4446,11.4,2.857143,2.4615386,-0.018163005,0.043475226,-0.00066563184
4447,11.4,3.4285715,2.4615386,-0.022896327,0.04309905,-0.00068861543
4448,11.4,4.0,2.4615386,-0.03795732,0.04392561,-0.00071485376
4449,11.4,0.0,1.8461539,0.035058193,0.0457365,-0.00081716396
4450,11.4,0.5714286,1.8461539,0.020400256,0.04217102,-0.0007950298
4451,11.4,1.1428572,1.8461539,0.016013838,0.04489378,-0.0007749205
4452,11.4,1.7142857,1.8461539,0.0012766204,0.04282773,-0.00074875215
4453,11.4,2.2857144,1.8461539,-0.0031945258,0.043936636,-0.000711337
4454,11.4,2.857143,1.8461539,-0.018145334,0.04351945,-0.0006983773
4455,11.4,3.4285715,1.8461539,-0.022870185,0.04312977,-0.00060967327
4456,11.4,4.0,1.8461539,-0.037929803,0.043968093,-0.0004991455
4457,11.4,0.0,1.2307693,0.035167288,0.04580017,-0.00080149435
4458,11.4,0.5714286,1.2307693,0.020472785,0.04212508,-0.00081671565
4459,11.4,1.1428572,1.2307693,0.016058838,0.044999518,-0.0007949957
4460,11.4,1.7142857,1.2307693,0.0013527013,0.042810928,-0.00074850675
4461,11.4,2.2857144,1.2307693,-0.0031385673,0.044028092,-0.0007319491
4462,11.4,2.857143,1.2307693,-0.018079836,0.04353388,-0.0006680963
4463,11.4,3.4285715,1.2307693,-0.022799818,0.0432151,-0.0006745087
4464,11.4,4.0,1.2307693,-0.03789496,0.044008937,-0.00072053063
4465,11.4,0.0,0.61538464,0.03517973,0.045867182,-0.0009424702
4466,11.4,0.5714286,0.61538464,0.020712081,0.04216538,-0.00081308326
4467,11.4,1.1428572,0.61538464,0.016125625,0.045037318,-0.0007655309
4468,11.4,1.7142857,0.61538464,0.0015696711,0.042850222,-0.00077796815
4469,11.4,2.2857144,0.61538464,-0.0031006515,0.0441115,-0.0006894065
4470,11.4,2.857143,0.61538464,-0.01786734,0.04354944,-0.0006910962
4471,11.4,3.4285715,0.61538464,-0.02279665,0.043339252,-0.0006023665
4472,11.4,4.0,0.61538464,-0.037652604,0.043984838,-0.00042118185
4473,11.4,0.0,0.0,0.035331924,0.04573684,-0.0006957379
4474,11.4,0.5714286,0.0,0.021000966,0.042309895,-0.00081882114
4475,11.4,1.1428572,0.0,0.016204765,0.045021825,-0.0008399906
4476,11.4,1.7142857,0.0,0.0018694163,0.04292684,-0.00065877684
4477,11.4,2.2857144,0.0,-0.003023811,0.044159677,-0.0007572839
4478,11.4,2.857143,0.0,-0.01761661,0.043588765,-0.000621857
4479,11.4,3.4285715,0.0,-0.022751257,0.043408796,-0.0006280679
4480,11.4,4.0,0.0,-0.037473004,0.044044662,-0.0007600301
4481,12.0,0.0,8.0,0.030367661,0.052161723,-0.00045388468
4482,12.0,0.5714286,8.0,0.02616728,0.0554615,-0.00064410624
4483,12.0,1.1428572,8.0,0.011313029,0.052664883,-0.00074829493
4484,12.0,1.7142857,8.0,0.007047625,0.054720905,-0.0006602712
4485,12.0,2.2857144,8.0,-0.007958908,0.053469755,-0.00083175977
4486,12.0,2.857143,8.0,-0.012424375,0.05406854,-0.0007438479
4487,12.0,3.4285715,8.0,-0.027692394,0.054159176,-0.00080731715
4488,12.0,4.0,8.0,-0.03221354,0.05338352,-0.000980459
4489,12.0,0.0,7.3846154,0.030166961,0.051972345,-0.0006843929
4490,12.0,0.5714286,7.3846154,0.026057314,0.05550842,-0.0006166408
4491,12.0,1.1428572,7.3846154,0.01093432,0.052557006,-0.00062942755
4492,12.0,1.7142857,7.3846154,0.006983719,0.054696873,-0.0007140868
4493,12.0,2.2857144,7.3846154,-0.008306871,0.053418487,-0.000688819
4494,12.0,2.857143,7.3846154,-0.012506664,0.054012377,-0.00075672526
4495,12.0,3.4285715,7.3846154,-0.027926128,0.054122224,-0.00073413225
4496,12.0,4.0,7.3846154,-0.0323463,0.05336158,-0.0006468255
4497,12.0,0.0,6.769231,0.02976041,0.05194394,-0.0005154913
4498,12.0,0.5714286,6.769231,0.025976762,0.055475377,-0.0005876549
4499,12.0,1.1428572,6.769231,0.010694222,0.052510597,-0.000613189
4500,12.0,1.7142857,6.769231,0.0068796896,0.0546382,-0.00062254095
4501,12.0,2.2857144,6.769231,-0.008548348,0.05338501,-0.00067032146
4502,12.0,2.857143,6.769231,-0.0125555415,0.05389809,-0.000674711
4503,12.0,3.4285715,6.769231,-0.028197002,0.054118823,-0.0007543753
4504,12.0,4.0,6.769231,-0.03231785,0.053205423,-0.0008988919
4505,12.0,0.0,6.1538463,0.02974784,0.051973924,-0.0005455877
4506,12.0,0.5714286,6.1538463,0.025869045,0.05536539,-0.0005496597
4507,12.0,1.1428572,6.1538463,0.010564484,0.052546535,-0.00057311193
4508,12.0,1.7142857,6.1538463,0.006802627,0.05453772,-0.0005967176
4509,12.0,2.2857144,6.1538463,-0.008664552,0.053383015,-0.00061574485
4510,12.0,2.857143,6.1538463,-0.012655525,0.053809647,-0.0006619722
4511,12.0,3.4285715,6.1538463,-0.028278071,0.054089744,-0.00064139825
4512,12.0,4.0,6.1538463,-0.032473266,0.053139392,-0.0006089387
4513,12.0,0.0,5.5384617,0.029630039,0.05196319,-0.0005524453
4514,12.0,0.5714286,5.5384617,0.025796868,0.055377077,-0.00055973395
4515,12.0,1.1428572,5.5384617,0.01053551,0.05249808,-0.0005612521
4516,12.0,1.7142857,5.5384617,0.0067128004,0.0545235,-0.0005922085
4517,12.0,2.2857144,5.5384617,-0.008704099,0.053339835,-0.00060645613
4518,12.0,2.857143,5.5384617,-0.012732424,0.053776443,-0.0006190841
4519,12.0,3.4285715,5.5384617,-0.028336383,0.054039154,-0.0006850076
4520,12.0,4.0,5.5384617,-0.032494295,0.053085856,-0.00077672204
4521,12.0,0.0,4.923077,0.029638682,0.051955916,-0.0005593901
4522,12.0,0.5714286,4.923077,0.025740655,0.055349797,-0.0005783047
4523,12.0,1.1428572,4.923077,0.010489899,0.052493468,-0.0005978119
4524,12.0,1.7142857,4.923077,0.0066695954,0.054504372,-0.00059500785
4525,12.0,2.2857144,4.923077,-0.008743648,0.053313565,-0.00061200635
4526,12.0,2.857143,4.923077,-0.012780999,0.05375719,-0.00063216133
4527,12.0,3.4285715,4.923077,-0.028355682,0.053999886,-0.0005964912
4528,12.0,4.0,4.923077,-0.032560043,0.053063184,-0.00056287623
4529,12.0,0.0,4.3076925,0.029590715,0.051956736,-0.00063746504
4530,12.0,0.5714286,4.3076925,0.025700783,0.05535253,-0.0006227955
4531,12.0,1.1428572,4.3076925,0.010472455,0.052482143,-0.0006105448
4532,12.0,1.7142857,4.3076925,0.006627265,0.05449732,-0.0006302897
4533,12.0,2.2857144,4.3076925,-0.008760762,0.053302344,-0.0006249784
4534,12.0,2.857143,4.3076925,-0.012816626,0.053745016,-0.0006238007
4535,12.0,3.4285715,4.3076925,-0.028374122,0.05398248,-0.00067194423
4536,12.0,4.0,4.3076925,-0.032572847,0.05304471,-0.0007269957
4537,12.0,0.0,3.6923077,0.029573709,0.05195739,-0.00063963677
4538,12.0,0.5714286,3.6923077,0.025683075,0.055352427,-0.0006539028
4539,12.0,1.1428572,3.6923077,0.010455412,0.052482646,-0.00066482346
4540,12.0,1.7142857,3.6923077,0.0066095428,0.054497305,-0.0006447828
4541,12.0,2.2857144,3.6923077,-0.008777836,0.05330272,-0.00064879836
4542,12.0,2.857143,3.6923077,-0.01283437,0.053745124,-0.00064966973
4543,12.0,3.4285715,3.6923077,-0.028391233,0.053982757,-0.000600203
4544,12.0,4.0,3.6923077,-0.032590635,0.053044915,-0.0005447355
4545,12.0,0.0,3.0769231,0.029587487,0.051957585,-0.00071774196
4546,12.0,0.5714286,3.0769231,0.025687603,0.05534947,-0.0006983576
4547,12.0,1.1428572,3.0769231,0.010438707,0.05249486,-0.0006776062
4548,12.0,1.7142857,3.0769231,0.0066164667,0.05450443,-0.00068001956
4549,12.0,2.2857144,3.0769231,-0.008794908,0.05331462,-0.00066181796
4550,12.0,2.857143,3.0769231,-0.012834191,0.053757567,-0.00064126437
4551,12.0,3.4285715,3.0769231,-0.028407032,0.054000657,-0.0006756982
4552,12.0,4.0,3.0769231,-0.032613292,0.053063814,-0.000708811
4553,12.0,0.0,2.4615386,0.029544774,0.051965963,-0.0007247184
4554,12.0,0.5714286,2.4615386,0.02570848,0.055376697,-0.0007168925
4555,12.0,1.1428572,2.4615386,0.010450134,0.052500304,-0.00071420614
4556,12.0,1.7142857,2.4615386,0.006624325,0.05452365,-0.00068279426
4557,12.0,2.2857144,2.4615386,-0.0087896,0.05334152,-0.00066740037
4558,12.0,2.857143,2.4615386,-0.0128210075,0.053777106,-0.0006543046
4559,12.0,3.4285715,2.4615386,-0.028422035,0.05404039,-0.00058721553
4560,12.0,4.0,2.4615386,-0.032583017,0.053086936,-0.00049494643
4561,12.0,0.0,1.8461539,0.029628364,0.05197782,-0.00073161704
4562,12.0,0.5714286,1.8461539,0.025745252,0.055364616,-0.00072698307
4563,12.0,1.1428572,1.8461539,0.010445027,0.05254975,-0.0007023497
4564,12.0,1.7142857,1.8461539,0.006678664,0.05453779,-0.0006782996
4565,12.0,2.2857144,1.8461539,-0.008784161,0.053385425,-0.00065810827
4566,12.0,2.857143,1.8461539,-0.012779616,0.053810474,-0.00061142
4567,12.0,3.4285715,1.8461539,-0.02839788,0.054091502,-0.0006308126
4568,12.0,4.0,1.8461539,-0.03259749,0.053140815,-0.000662724
4569,12.0,0.0,1.2307693,0.029607095,0.051949263,-0.0007615667
4570,12.0,0.5714286,1.2307693,0.025817446,0.055474203,-0.0006889955
4571,12.0,1.1428572,1.2307693,0.010540703,0.052514832,-0.00066232384
4572,12.0,1.7142857,1.2307693,0.0067202416,0.05463812,-0.0006524461
4573,12.0,2.2857144,1.2307693,-0.008702054,0.05338815,-0.0006035651
4574,12.0,2.857143,1.2307693,-0.012715142,0.053899046,-0.00059864105
4575,12.0,3.4285715,1.2307693,-0.028350938,0.054121062,-0.0005178518
4576,12.0,4.0,1.2307693,-0.03247766,0.05320723,-0.00037277842
4577,12.0,0.0,0.61538464,0.029979499,0.051978976,-0.00059305027
4578,12.0,0.5714286,0.61538464,0.025862377,0.05550657,-0.00065999187
4579,12.0,1.1428572,0.61538464,0.010746935,0.052562367,-0.000646031
4580,12.0,1.7142857,0.61538464,0.0067885513,0.05469652,-0.00056098396
4581,12.0,2.2857144,0.61538464,-0.008494445,0.05342241,-0.00058500754
4582,12.0,2.857143,0.61538464,-0.012701958,0.05401337,-0.0005166791
4583,12.0,3.4285715,0.61538464,-0.028113963,0.054124974,-0.0005380487
4584,12.0,4.0,0.61538464,-0.032541767,0.053363655,-0.0006248376
4585,12.0,0.0,0.0,0.0301462,0.052169487,-0.0008227611
4586,12.0,0.5714286,0.0,0.025937006,0.05545943,-0.000632713
4587,12.0,1.1428572,0.0,0.011091342,0.052671082,-0.0005272317
4588,12.0,1.7142857,0.0,0.006817205,0.05472044,-0.0006147206
4589,12.0,2.2857144,0.0,-0.008180772,0.0534743,-0.00044213817
4590,12.0,2.857143,0.0,-0.01265494,0.05406964,-0.0005295057
4591,12.0,3.4285715,0.0,-0.027914528,0.054162372,-0.000464894
4592,12.0,4.0,0.0,-0.032444313,0.053385872,-0.00029123868
